event_hour,total_events,total_events_human,push_events,push_events_human,bot_events,distinct_actors,distinct_actors_human,distinct_repos,distinct_push_repos
2017-01-01T00:00:00Z,14379,14361,7898,7898,18,5597,5596,6405,3960
2017-01-01T01:00:00Z,14645,14636,8054,8054,9,5537,5536,6522,3923
2017-01-01T02:00:00Z,18061,18058,8299,8299,3,5543,5542,6542,3759
2017-01-01T03:00:00Z,13974,13876,7748,7748,98,5482,5481,6427,3648
2017-01-01T04:00:00Z,13354,13351,7679,7679,3,5446,5445,6337,3642
2017-01-01T05:00:00Z,13334,13334,7642,7642,0,5099,5099,6002,3500
2017-01-01T06:00:00Z,12375,12367,6823,6823,8,5008,5007,5832,3286
2017-01-01T07:00:00Z,12717,12715,6793,6793,2,5476,5475,6373,3502
2017-01-01T08:00:00Z,13929,13908,7478,7478,21,5771,5770,6730,3684
2017-01-01T09:00:00Z,14646,14636,8006,8006,10,5805,5804,6885,3980
2017-01-01T10:00:00Z,14363,14362,7742,7742,1,5988,5987,6844,3915
2017-01-01T11:00:00Z,15669,15666,8498,8498,3,6591,6590,7634,4249
2017-01-01T12:00:00Z,18241,18218,9394,9394,23,7274,7273,8498,4826
2017-01-01T13:00:00Z,19214,19207,10109,10109,7,8508,8507,9690,5511
2017-01-01T14:00:00Z,23157,23143,12028,12028,14,9587,9586,10960,6349
2017-01-01T15:00:00Z,24639,24631,13152,13152,8,10099,10098,11374,6770
2017-01-01T16:00:00Z,22881,22873,12582,12582,8,9729,9728,11147,6796
2017-01-01T17:00:00Z,23158,23156,12317,12317,2,9558,9557,10848,6447
2017-01-01T18:00:00Z,21680,21675,11880,11880,5,9396,9395,10390,6262
2017-01-01T19:00:00Z,22025,21994,11763,11763,31,9319,9318,10407,6279
2017-01-01T20:00:00Z,22137,22125,12076,12076,12,9398,9397,10490,6455
2017-01-01T21:00:00Z,21857,21826,12080,12080,31,9314,9313,10550,6493
2017-01-01T22:00:00Z,21271,21261,11805,11805,10,9143,9142,10305,6469
2017-01-01T23:00:00Z,21069,21066,11704,11704,3,8158,8157,9236,5715
2017-01-02T00:00:00Z,19837,19790,11140,11140,47,7747,7746,8785,5394
2017-01-02T01:00:00Z,18485,18475,10162,10162,10,7638,7637,8644,5207
2017-01-02T02:00:00Z,20732,20644,11202,11202,88,8249,8248,9420,5504
2017-01-02T03:00:00Z,19662,19658,10801,10801,4,8188,8187,9303,5370
2017-01-02T04:00:00Z,19322,19317,10595,10595,5,8226,8225,9274,5527
2017-01-02T05:00:00Z,19447,19445,10520,10520,2,8286,8285,9461,5437
2017-01-02T06:00:00Z,21618,21617,11278,11278,1,9086,9085,10310,5622
2017-01-02T07:00:00Z,21217,21192,11048,11048,25,9486,9485,10682,5894
2017-01-02T08:00:00Z,22732,22713,11503,11503,19,10513,10512,11510,6363
2017-01-02T09:00:00Z,27625,27613,13776,13776,12,12286,12285,13551,7637
2017-01-02T10:00:00Z,30602,30593,14873,14873,9,12947,12946,14455,7936
2017-01-02T11:00:00Z,29956,29935,15133,15133,21,13146,13145,14372,8160
2017-01-02T12:00:00Z,33097,33095,16717,16717,2,14357,14356,15647,9086
2017-01-02T13:00:00Z,36059,36049,17979,17979,10,15925,15924,17492,10132
2017-01-02T14:00:00Z,38798,38781,19250,19250,17,17016,17015,18567,10844
2017-01-02T15:00:00Z,39460,39428,20262,20262,32,17359,17358,18989,11258
2017-01-02T16:00:00Z,38616,38580,20150,20150,36,16931,16930,18470,11189
2017-01-02T17:00:00Z,35897,35875,18222,18222,22,15610,15609,17085,10268
2017-01-02T18:00:00Z,35149,35100,18009,18008,49,14851,14849,16182,9805
2017-01-02T19:00:00Z,35738,35694,18857,18857,44,14727,14725,16421,10303
2017-01-02T20:00:00Z,36522,36509,19530,19530,13,14889,14888,16173,10268
2017-01-02T21:00:00Z,35395,35306,18653,18653,89,14604,14603,16026,10163
2017-01-02T22:00:00Z,32594,32568,17475,17475,26,13614,13613,15022,9393
2017-01-02T23:00:00Z,29631,29610,16273,16273,21,12186,12185,13622,8617
2017-01-03T00:00:00Z,27473,27468,15175,15175,5,11618,11617,12907,8007
2017-01-03T01:00:00Z,30417,30407,15058,15058,10,13405,13404,14675,8340
2017-01-03T02:00:00Z,32489,32477,15735,15735,12,14896,14895,15975,8634
2017-01-03T03:00:00Z,31438,31427,15887,15887,11,14277,14276,15425,8367
2017-01-03T04:00:00Z,27199,26959,13976,13976,240,11345,11344,12717,7105
2017-01-03T05:00:00Z,28147,28054,13979,13979,93,12554,12553,13660,7400
2017-01-03T06:00:00Z,32506,32423,15306,15306,83,14453,14452,15710,8086
2017-01-03T07:00:00Z,35270,35254,17412,17412,16,15799,15798,17127,8960
2017-01-03T08:00:00Z,39348,39337,18768,18768,11,17867,17866,18878,10131
2017-01-03T09:00:00Z,43299,43294,20561,20561,5,19599,19598,20643,11252
2017-01-03T10:00:00Z,42819,42804,21525,21525,15,18691,18689,19999,11221
2017-01-03T11:00:00Z,40348,40271,20025,20025,77,17384,17383,19082,10649
2017-01-03T12:00:00Z,40463,40450,20322,20322,13,17770,17769,19324,11173
2017-01-03T13:00:00Z,46049,45963,23091,23091,86,19978,19977,21630,12494
2017-01-03T14:00:00Z,51844,51774,25474,25474,70,22021,22020,24024,13836
2017-01-03T15:00:00Z,54460,54391,26858,26858,69,23220,23219,24857,14836
2017-01-03T16:00:00Z,52586,52512,26142,26142,74,22323,22322,23826,14163
2017-01-03T17:00:00Z,49096,48891,23738,23738,205,20548,20547,22405,13184
2017-01-03T18:00:00Z,47108,46932,22777,22777,176,19391,19390,20713,12218
2017-01-03T19:00:00Z,45622,45577,22019,22019,45,19220,19219,20176,12239
2017-01-03T20:00:00Z,46182,46155,22479,22479,27,18941,18940,20443,12295
2017-01-03T21:00:00Z,47534,47229,23357,23357,305,19164,19163,20598,12298
2017-01-03T22:00:00Z,44298,44195,22278,22278,103,17592,17591,18969,11531
2017-01-03T23:00:00Z,37243,37229,19204,19204,14,14738,14737,16319,9904
2017-01-04T00:00:00Z,34295,34281,17544,17544,14,13626,13625,15059,8934
2017-01-04T01:00:00Z,36076,35950,17795,17795,126,15398,15397,16535,9112
2017-01-04T02:00:00Z,37751,37704,18424,18417,47,16173,16171,17621,9377
2017-01-04T03:00:00Z,34763,34747,17244,17244,16,15508,15507,16898,9218
2017-01-04T04:00:00Z,29920,29917,16028,16028,3,12464,12463,13697,7745
2017-01-04T05:00:00Z,32461,32458,16440,16440,3,13369,13368,14596,8107
2017-01-04T06:00:00Z,36215,36172,17569,17569,43,15307,15306,16690,8872
2017-01-04T07:00:00Z,35824,35805,17255,17255,19,16490,16489,17683,9366
2017-01-04T08:00:00Z,42254,41478,19367,19367,776,18420,18419,19877,10333
2017-01-04T09:00:00Z,45761,45734,22099,22099,27,20554,20553,21886,12027
2017-01-04T10:00:00Z,45153,45002,22554,22554,151,19673,19672,21191,12017
2017-01-04T11:00:00Z,41475,41454,20997,20997,21,17965,17964,19321,11124
2017-01-04T12:00:00Z,43224,43180,21843,21843,44,18711,18710,20345,11725
2017-01-04T13:00:00Z,45927,45921,22807,22807,6,20000,19999,21405,12394
2017-01-04T14:00:00Z,51297,51240,25195,25195,57,22787,22786,24068,14099
2017-01-04T15:00:00Z,56338,56276,27753,27753,62,24418,24417,25640,15292
2017-01-04T16:00:00Z,56679,56335,27876,27712,344,23719,23717,25266,15096
2017-01-04T17:00:00Z,47801,47768,23119,23115,33,20813,20810,21789,12858
2017-01-04T18:00:00Z,47840,47814,23411,23411,26,20067,20065,20995,12604
2017-01-04T19:00:00Z,45731,45691,22491,22491,40,19180,19179,20043,12034
2017-01-04T20:00:00Z,48749,48678,24349,24349,71,19560,19559,20756,12658
2017-01-04T21:00:00Z,46382,46232,23317,23317,150,19342,19341,20531,12608
2017-01-04T22:00:00Z,44051,43923,22731,22731,128,17839,17838,19087,11944
2017-01-04T23:00:00Z,36863,36731,19030,19030,132,14948,14947,16217,9790
2017-01-05T00:00:00Z,31240,31189,15557,15557,51,13292,13291,14438,8482
2017-01-05T01:00:00Z,34515,34446,16871,16867,69,15124,15122,15836,8860
2017-01-05T02:00:00Z,37267,37239,17959,17959,28,16126,16125,17193,9330
2017-01-05T03:00:00Z,35530,35483,17404,17404,47,15374,15372,16801,9052
2017-01-05T04:00:00Z,29310,29307,15288,15288,3,12339,12338,13433,7772
2017-01-05T05:00:00Z,24738,24706,12568,12568,32,11688,11687,12533,6810
2017-01-05T06:00:00Z,34838,34837,16836,16836,1,15422,15421,16474,8726
2017-01-05T07:00:00Z,30905,30889,15336,15336,16,14895,14894,15831,8463
2017-01-05T08:00:00Z,40226,40218,19237,19237,8,18496,18495,19551,10519
2017-01-05T09:00:00Z,36301,36262,17249,17249,39,17979,17978,18732,10207
2017-01-05T10:00:00Z,36519,36509,17664,17664,10,17060,17058,18332,10262
2017-01-05T11:00:00Z,32914,32883,16581,16581,31,15500,15499,16428,9365
2017-01-05T12:00:00Z,39327,39286,20070,20070,41,17616,17615,18597,10743
2017-01-05T13:00:00Z,40413,40221,19782,19782,192,18767,18766,19644,11255
2017-01-05T14:00:00Z,43368,43154,21216,21216,214,20290,20288,21485,12307
2017-01-05T15:00:00Z,51760,51695,25576,25576,65,23060,23059,24154,14441
2017-01-05T16:00:00Z,55800,55754,27198,27198,46,23612,23609,24685,14863
2017-01-05T17:00:00Z,50992,50870,24931,24931,122,21388,21387,22402,13448
2017-01-05T18:00:00Z,48975,48686,23212,23212,289,19685,19684,20740,12370
2017-01-05T19:00:00Z,48610,48540,23323,23323,70,19560,19558,20577,12320
2017-01-05T20:00:00Z,48080,47996,24136,24136,84,19183,19182,20338,12480
2017-01-05T21:00:00Z,45470,45423,23295,23295,47,18562,18561,19931,12381
2017-01-05T22:00:00Z,41745,41674,21254,21254,71,17233,17232,18621,11486
2017-01-05T23:00:00Z,37405,37359,19351,19351,46,14845,14844,16116,9962
2017-01-06T00:00:00Z,33089,33046,17078,17078,43,13368,13367,14373,8585
2017-01-06T01:00:00Z,32212,32191,16171,16166,21,14464,14462,15067,8464
2017-01-06T02:00:00Z,36229,36159,18849,18849,70,15071,15070,16023,8700
2017-01-06T03:00:00Z,34126,34120,17909,17909,6,14661,14660,15946,8726
2017-01-06T04:00:00Z,28454,28439,15193,15193,15,12225,12224,13285,7747
2017-01-06T05:00:00Z,30573,30337,15596,15596,236,13190,13189,14099,7615
2017-01-06T06:00:00Z,32338,32301,16193,16193,37,14849,14848,15904,8591
2017-01-06T07:00:00Z,34842,34827,17047,17047,15,15474,15473,16646,8729
2017-01-06T08:00:00Z,39417,39416,19355,19355,1,17527,17526,18577,10138
2017-01-06T09:00:00Z,45464,45138,21858,21858,326,19800,19798,21509,11692
2017-01-06T10:00:00Z,43342,43216,21776,21776,126,18581,18579,19638,11438
2017-01-06T11:00:00Z,39071,39025,20498,20498,46,16291,16290,17572,10328
2017-01-06T12:00:00Z,37503,37383,19221,19221,120,16264,16263,17693,10288
2017-01-06T13:00:00Z,43469,43420,22309,22309,49,18589,18588,19800,11674
2017-01-06T14:00:00Z,47993,47792,24204,24204,201,20284,20283,21543,12798
2017-01-06T15:00:00Z,53457,53175,26170,26169,282,21959,21956,23413,13923
2017-01-06T16:00:00Z,52397,52274,26051,26051,123,21889,21888,23183,14011
2017-01-06T17:00:00Z,49048,48994,24010,24010,54,20181,20180,21490,12945
2017-01-06T18:00:00Z,46200,45995,22693,22688,205,19166,19164,20139,12170
2017-01-06T19:00:00Z,45400,45371,22838,22838,29,18569,18568,19642,12015
2017-01-06T20:00:00Z,46355,44865,21966,21966,1490,17943,17942,20053,11597
2017-01-06T21:00:00Z,45868,45691,21393,21393,177,17892,17891,20052,11404
2017-01-06T22:00:00Z,41767,41515,20207,20207,252,16475,16474,18373,10868
2017-01-06T23:00:00Z,36657,36485,19105,19104,172,13873,13871,15836,9454
2017-01-07T00:00:00Z,29743,29737,15450,15450,6,11701,11700,13214,8164
2017-01-07T01:00:00Z,26964,26945,14076,14069,19,10704,10702,12328,7453
2017-01-07T02:00:00Z,24665,24646,12787,12787,19,10212,10211,11348,6502
2017-01-07T03:00:00Z,25133,25125,12881,12881,8,9929,9928,11218,6347
2017-01-07T04:00:00Z,22878,22867,12847,12847,11,9031,9030,10310,5982
2017-01-07T05:00:00Z,22547,22543,12256,12256,4,8989,8988,10418,5941
2017-01-07T06:00:00Z,22879,22874,12609,12609,5,9428,9427,10474,6043
2017-01-07T07:00:00Z,22815,22797,12216,12216,18,9542,9541,10793,6022
2017-01-07T08:00:00Z,23805,23796,12713,12713,9,9984,9983,11236,6296
2017-01-07T09:00:00Z,25066,25066,13327,13327,0,10284,10284,11428,6398
2017-01-07T10:00:00Z,25314,25280,13604,13604,34,10511,10510,11901,6967
2017-01-07T11:00:00Z,26556,26531,14402,14402,25,10875,10874,12217,7115
2017-01-07T12:00:00Z,28645,28634,15181,15181,11,11511,11510,12917,7651
2017-01-07T18:00:00Z,34880,34828,19728,19728,52,13849,13848,15734,9985
2017-01-07T20:00:00Z,32871,32839,18088,18088,32,13050,13049,14542,9124
2017-01-07T21:00:00Z,32421,32352,18040,18040,69,12851,12850,14497,9134
2017-01-07T22:00:00Z,29934,29904,16618,16618,30,12269,12268,13680,8639
2017-01-07T23:00:00Z,28367,28360,16080,16080,7,11146,11145,12808,7950
2017-01-08T00:00:00Z,24979,24943,13987,13987,36,9935,9934,11468,7051
2017-01-08T01:00:00Z,23554,23546,12863,12863,8,9421,9420,10798,6418
2017-01-08T02:00:00Z,22851,22843,12708,12708,8,9449,9448,10651,6334
2017-01-08T03:00:00Z,23540,23494,12781,12781,46,9387,9386,10731,6284
2017-01-08T04:00:00Z,23289,23238,13191,13191,51,9103,9102,10391,6193
2017-01-08T05:00:00Z,22780,22777,12386,12386,3,9007,9006,10711,6059
2017-01-08T06:00:00Z,22212,22196,12261,12261,16,8965,8964,10305,5947
2017-01-08T07:00:00Z,22877,22478,11445,11445,399,9153,9152,10650,5890
2017-01-08T08:00:00Z,24094,24066,12713,12713,28,9660,9659,11307,6227
2017-01-08T09:00:00Z,24497,24479,13109,13109,18,10266,10265,11808,6633
2017-01-08T10:00:00Z,25686,25671,13613,13613,15,10832,10831,12338,7076
2017-01-08T11:00:00Z,27762,27745,15043,15043,17,11442,11441,12659,7547
2017-01-08T12:00:00Z,29452,29440,16079,16079,12,12487,12486,13856,8250
2017-01-08T13:00:00Z,33312,33249,17645,17645,63,13975,13974,15598,9187
2017-01-08T14:00:00Z,34540,34527,18461,18461,13,15031,15030,16750,9936
2017-01-08T15:00:00Z,36783,36710,19486,19486,73,15762,15761,17840,10730
2017-01-08T16:00:00Z,35914,35900,19647,19647,14,15393,15392,17203,10443
2017-01-08T17:00:00Z,36567,36346,19956,19956,221,15173,15171,16755,10358
2017-01-08T18:00:00Z,34987,34924,19412,19412,63,14553,14552,15975,10077
2017-01-08T19:00:00Z,37392,37103,20535,20535,289,14646,14645,16395,10023
2017-01-08T20:00:00Z,36923,36890,20076,20076,33,14881,14880,16711,10227
2017-01-08T21:00:00Z,36362,36339,18757,18757,23,14375,14374,17217,10061
2017-01-08T22:00:00Z,33534,33518,18484,18484,16,13694,13693,15043,9565
2017-01-08T23:00:00Z,30243,29849,16127,16127,394,12015,12014,13589,8423
2017-01-09T00:00:00Z,27928,27747,14828,14828,181,11669,11668,13170,7834
2017-01-09T01:00:00Z,30290,30277,15404,15404,13,13227,13226,14602,8397
2017-01-09T02:00:00Z,34262,34200,17122,17122,62,15260,15259,16436,9093
2017-01-09T03:00:00Z,33759,33723,16921,16921,36,14783,14782,15927,8924
2017-01-09T04:00:00Z,31813,31806,15730,15730,7,12009,12008,13937,7810
2017-01-09T05:00:00Z,32017,32015,15731,15731,2,13020,13019,14431,7934
2017-01-09T06:00:00Z,35606,35469,17761,17761,137,15409,15408,16690,8813
2017-01-09T07:00:00Z,38341,38024,18422,18422,317,17009,17008,18385,9581
2017-01-09T08:00:00Z,44317,44125,20808,20808,192,19356,19355,21013,11066
2017-01-09T09:00:00Z,49625,49429,23747,23746,196,21420,21418,22659,12592
2017-01-09T10:00:00Z,47016,46981,22893,22893,35,20594,20593,21773,12461
2017-01-09T11:00:00Z,43473,43410,21791,21791,63,18407,18405,19699,11378
2017-01-09T12:00:00Z,45276,45243,22450,22450,33,19781,19780,20837,12012
2017-01-09T13:00:00Z,49303,49277,24699,24699,26,21652,21651,22744,13197
2017-01-09T14:00:00Z,54977,54913,27152,27152,64,23598,23597,24915,14675
2017-01-09T15:00:00Z,59274,59202,29226,29226,72,25390,25389,26747,15775
2017-01-09T16:00:00Z,58582,58355,28716,28716,227,24874,24873,26248,15825
2017-01-09T17:00:00Z,53908,53736,26233,26233,172,22334,22333,23502,14100
2017-01-09T18:00:00Z,50858,50732,24737,24737,126,21241,21240,22306,13320
2017-01-09T19:00:00Z,51550,51467,25472,25471,83,21116,21114,22508,13728
2017-01-09T20:00:00Z,51475,51263,25585,25585,212,20879,20878,22451,13520
2017-01-09T21:00:00Z,51097,51027,25182,25179,70,20722,20720,22157,13543
2017-01-09T22:00:00Z,51813,50204,23921,23914,1609,19599,19597,22341,12715
2017-01-09T23:00:00Z,43200,42734,21297,21297,466,16484,16482,18957,11058
2017-01-10T00:00:00Z,36208,36152,17739,17739,56,14324,14323,15984,9370
2017-01-10T01:00:00Z,37106,37082,18205,18201,24,15865,15863,17017,9661
2017-01-10T02:00:00Z,37704,37686,17916,17916,18,16681,16679,17446,9519
2017-01-10T03:00:00Z,36483,36458,18370,18370,25,15704,15703,16847,9433
2017-01-10T04:00:00Z,29799,29791,15846,15845,8,12799,12797,14158,8226
2017-01-10T05:00:00Z,30672,30593,15601,15601,79,13617,13616,14773,8212
2017-01-10T06:00:00Z,35249,35216,17160,17160,33,15985,15984,17149,9239
2017-01-10T07:00:00Z,38034,37997,18000,18000,37,17483,17482,18638,10018
2017-01-10T08:00:00Z,41565,41544,19269,19269,21,19442,19441,20423,11002
2017-01-10T09:00:00Z,47745,47721,22546,22546,24,22023,22021,23170,12863
2017-01-10T10:00:00Z,47175,47145,22681,22681,30,21091,21090,22435,12977
2017-01-10T11:00:00Z,43511,43491,21339,21339,20,19157,19156,20549,11815
2017-01-10T12:00:00Z,46164,46128,22505,22505,36,20381,20380,21630,12367
2017-01-10T13:00:00Z,51756,51569,25403,25403,187,22566,22565,23939,14066
2017-01-10T14:00:00Z,58062,57896,27983,27983,166,24869,24868,26227,15376
2017-01-10T15:00:00Z,60436,60403,29681,29681,33,26543,26541,27771,16500
2017-01-10T16:00:00Z,58932,58903,28499,28499,29,25567,25566,26812,16070
2017-01-10T17:00:00Z,52557,52526,25171,25171,31,22848,22845,24068,14422
2017-01-10T18:00:00Z,50776,50676,24556,24556,100,21713,21712,22796,13691
2017-01-10T19:00:00Z,52465,52276,25721,25721,189,21655,21654,22873,13830
2017-01-10T20:00:00Z,51613,51496,25561,25552,117,21177,21174,22430,13659
2017-01-10T21:00:00Z,52481,52377,25886,25882,104,21645,21641,22741,14061
2017-01-10T22:00:00Z,48193,48163,23636,23632,30,19600,19597,20987,13046
2017-01-10T23:00:00Z,42580,42535,21063,21063,45,16727,16726,18295,11098
2017-01-11T00:00:00Z,38422,38395,18386,18386,27,14601,14600,16326,9652
2017-01-11T01:00:00Z,40817,40570,19024,19024,247,16343,16342,17861,9858
2017-01-11T02:00:00Z,38460,38283,18558,18558,177,16611,16610,17906,9636
2017-01-11T03:00:00Z,36700,36675,18172,18172,25,15995,15994,17387,9611
2017-01-11T04:00:00Z,30929,30925,15908,15908,4,13009,13008,14308,8416
2017-01-11T05:00:00Z,32524,32504,16650,16650,20,13745,13744,15253,8744
2017-01-11T06:00:00Z,36172,36154,17519,17519,18,15958,15957,17214,9237
2017-01-11T07:00:00Z,39308,39290,19192,19192,18,17442,17441,18864,10070
2017-01-11T08:00:00Z,44983,44960,20863,20863,23,20157,20156,21444,11315
2017-01-11T09:00:00Z,49568,49518,23758,23758,50,21979,21978,23290,12931
2017-01-11T10:00:00Z,49473,49333,24271,24271,140,21634,21633,22830,13065
2017-01-11T11:00:00Z,46311,46275,22451,22451,36,19292,19291,20504,11670
2017-01-11T12:00:00Z,46651,46625,22675,22675,26,19907,19906,21100,12209
2017-01-11T13:00:00Z,51023,50989,25458,25458,34,22521,22519,23627,13785
2017-01-11T14:00:00Z,58198,58084,28352,28352,114,25050,25048,26360,15454
2017-01-11T15:00:00Z,61107,61006,29705,29704,101,25980,25977,27348,16246
2017-01-11T16:00:00Z,61418,61393,30302,30302,25,25444,25442,26685,16272
2017-01-11T17:00:00Z,54873,54794,27139,27139,79,22930,22929,24199,14597
2017-01-11T18:00:00Z,51522,51509,25468,25468,13,21542,21540,22598,13601
2017-01-11T19:00:00Z,51821,51659,25509,25509,162,21695,21693,22750,13904
2017-01-11T20:00:00Z,52713,52663,26124,26124,50,21758,21756,22843,14077
2017-01-11T21:00:00Z,53018,52724,25886,25886,294,21346,21343,22510,13947
2017-01-11T22:00:00Z,48110,47772,24094,24093,338,19481,19478,20873,13028
2017-01-11T23:00:00Z,40862,40700,20326,20326,162,16332,16329,17853,11081
2017-01-12T00:00:00Z,36811,36399,17776,17776,412,14857,14856,16338,9555
2017-01-12T01:00:00Z,37464,37458,17996,17996,6,16102,16101,17271,9673
2017-01-12T02:00:00Z,37908,37893,18050,18050,15,16876,16875,17850,9782
2017-01-12T03:00:00Z,37562,37552,18371,18371,10,16280,16279,17627,9773
2017-01-12T04:00:00Z,31486,31486,16550,16550,0,13123,13123,14351,8368
2017-01-12T05:00:00Z,32462,32453,15927,15927,9,13844,13843,15229,8490
2017-01-12T06:00:00Z,36767,36742,17881,17880,25,16252,16250,17275,9321
2017-01-12T07:00:00Z,40758,40660,18737,18737,98,17696,17695,19045,10117
2017-01-12T08:00:00Z,37681,37671,17710,17710,10,17617,17616,18538,10108
2017-01-12T09:00:00Z,50929,50911,23815,23815,18,22738,22737,24035,13142
2017-01-12T10:00:00Z,48836,48788,24126,24126,48,21549,21548,23066,13307
2017-01-12T11:00:00Z,43577,43556,21575,21575,21,19279,19278,20695,11738
2017-01-12T12:00:00Z,45518,45418,22576,22574,100,20323,20320,21724,12537
2017-01-12T13:00:00Z,52372,52299,25551,25551,73,22595,22593,23980,13728
2017-01-12T14:00:00Z,58214,58007,28062,28062,207,24810,24809,26057,15152
2017-01-12T15:00:00Z,62167,61864,30419,30419,303,26364,26362,27602,16539
2017-01-12T16:00:00Z,59220,59186,29190,29189,34,25434,25432,26388,16085
2017-01-12T17:00:00Z,53954,53778,26159,26159,176,23289,23288,24290,14645
2017-01-12T18:00:00Z,51606,51474,25401,25401,132,21693,21691,22983,13831
2017-01-12T19:00:00Z,53172,53098,26427,26426,74,21355,21353,22618,13691
2017-01-12T20:00:00Z,54039,54008,26149,26149,31,21168,21167,22412,13637
2017-01-12T21:00:00Z,51850,51774,25752,25748,76,20978,20974,22502,13860
2017-01-12T22:00:00Z,47199,47044,23705,23705,155,19227,19224,20556,12821
2017-01-12T23:00:00Z,39898,39749,20131,20131,149,16292,16290,17610,10759
2017-01-13T00:00:00Z,36093,36063,18505,18505,30,14561,14559,15928,9811
2017-01-13T01:00:00Z,37528,37510,18631,18631,18,16183,16181,17186,9778
2017-01-13T02:00:00Z,37843,37811,18504,18504,32,16474,16473,17882,9786
2017-01-13T03:00:00Z,36068,36061,18209,18209,7,15765,15764,17122,9622
2017-01-13T04:00:00Z,30054,30045,15732,15732,9,12562,12561,13911,8112
2017-01-13T05:00:00Z,31494,31484,16199,16199,10,13433,13432,14673,8208
2017-01-13T06:00:00Z,35318,35312,17551,17551,6,15581,15580,16775,9024
2017-01-13T07:00:00Z,38701,38690,18567,18567,11,17970,17969,19278,10012
2017-01-13T08:00:00Z,43700,43646,21000,21000,54,19569,19568,20815,11198
2017-01-13T09:00:00Z,48606,48575,23867,23867,31,21888,21887,23051,13144
2017-01-13T10:00:00Z,47525,47486,24043,24042,39,20535,20533,21785,12813
2017-01-13T11:00:00Z,41992,41616,21154,21154,376,17887,17886,18873,11047
2017-01-13T12:00:00Z,42774,42721,21406,21406,53,18629,18627,19540,11543
2017-01-13T13:00:00Z,49267,49239,24501,24501,28,20730,20729,21998,13025
2017-01-13T14:00:00Z,53748,53669,26482,26482,79,23087,23086,24201,14430
2017-01-13T15:00:00Z,56267,56199,27940,27940,68,24261,24260,25638,15405
2017-01-13T16:00:00Z,21536,21477,10039,10039,59,12352,12350,12805,7147
2017-01-13T17:00:00Z,52524,52464,25830,25829,60,22135,22131,23589,14290
2017-01-13T18:00:00Z,48965,48930,24413,24413,35,20192,20190,21217,12958
2017-01-13T19:00:00Z,49334,49103,24388,24388,231,19774,19773,21200,12860
2017-01-13T20:00:00Z,46310,46259,23041,23040,51,18624,18622,19983,12273
2017-01-13T21:00:00Z,45172,45134,22659,22659,38,18054,18052,19327,11956
2017-01-13T22:00:00Z,41353,41247,20708,20685,106,16438,16434,17921,11015
2017-01-13T23:00:00Z,35296,35249,18486,18486,47,13693,13692,15128,9368
2017-01-14T00:00:00Z,42728,42509,20954,20954,219,11903,11902,14080,8654
2017-01-14T01:00:00Z,53850,53792,25298,25298,58,10732,10731,13577,8083
2017-01-14T02:00:00Z,51269,51248,24906,24906,21,9957,9955,12460,7278
2017-01-14T03:00:00Z,50845,50828,24169,24169,17,9657,9656,12342,7307
2017-01-14T04:00:00Z,49133,49099,23333,23333,34,8827,8826,11674,7102
2017-01-14T05:00:00Z,48079,48066,22687,22687,13,8539,8537,11412,6770
2017-01-14T06:00:00Z,48039,48023,21905,21905,16,9116,9115,11980,7081
2017-01-14T07:00:00Z,49653,49581,23302,23302,72,9348,9347,12333,7230
2017-01-14T08:00:00Z,35905,35887,17359,17359,18,9715,9714,11808,6761
2017-01-14T09:00:00Z,25975,25965,13613,13613,10,10466,10464,11905,6637
2017-01-14T10:00:00Z,25417,25407,13402,13402,10,10471,10470,11642,6782
2017-01-14T11:00:00Z,27300,27296,14686,14686,4,10817,10816,12078,7117
2017-01-14T12:00:00Z,29114,29087,15022,15022,27,11818,11817,13200,7734
2017-01-14T13:00:00Z,31673,31637,17058,17058,36,12785,12784,14307,8321
2017-01-14T14:00:00Z,34804,34800,18504,18504,4,14075,14074,15397,9191
2017-01-14T15:00:00Z,35322,35317,18313,18312,5,14701,14699,15880,9485
2017-01-14T16:00:00Z,35946,35903,19030,19029,43,14956,14954,16431,9995
2017-01-14T17:00:00Z,36120,36105,19073,19073,15,14605,14604,15935,9761
2017-01-14T18:00:00Z,35404,35365,18596,18577,39,14109,14107,15484,9577
2017-01-14T19:00:00Z,34783,34453,18366,18366,330,13953,13952,15377,9270
2017-01-14T20:00:00Z,33669,33421,17999,17999,248,13506,13505,14971,9177
2017-01-14T21:00:00Z,33090,33049,17897,17897,41,13186,13185,14623,9096
2017-01-14T22:00:00Z,31256,31239,16756,16756,17,12579,12578,14519,8634
2017-01-14T23:00:00Z,31970,31964,15708,15708,6,11114,11113,16374,7789
2017-01-15T00:00:00Z,26984,26957,14209,14209,27,9907,9906,12629,7004
2017-01-15T01:00:00Z,25301,25298,13293,13293,3,9384,9383,11889,6499
2017-01-15T02:00:00Z,25360,25341,12615,12615,19,9320,9319,12249,6205
2017-01-15T03:00:00Z,25158,25146,12517,12517,12,9363,9362,12614,6234
2017-01-15T04:00:00Z,24975,24970,12726,12726,5,9099,9098,12545,6110
2017-01-15T05:00:00Z,27773,27744,13728,13728,29,8834,8833,12719,6260
2017-01-15T06:00:00Z,25898,25883,12852,12852,15,9038,9037,12535,5978
2017-01-15T07:00:00Z,25488,25478,12611,12611,10,9251,9250,12873,6100
2017-01-15T08:00:00Z,26888,26881,12874,12874,7,9786,9785,13419,6311
2017-01-15T09:00:00Z,28164,28133,13729,13729,31,10465,10464,13731,6780
2017-01-15T10:00:00Z,30435,30405,14533,14533,30,11016,11015,14816,7333
2017-01-15T11:00:00Z,28266,28251,15024,15024,15,11717,11716,13137,7647
2017-01-15T12:00:00Z,30302,30291,15942,15942,11,12870,12869,14291,8439
2017-01-15T13:00:00Z,32742,32706,17779,17779,36,14046,14045,15559,9237
2017-01-15T14:00:00Z,35844,35697,19219,19219,147,15205,15204,16881,10235
2017-01-15T15:00:00Z,38135,38049,20559,20559,86,15898,15897,18084,10992
2017-01-15T16:00:00Z,37978,37864,20446,20446,114,15814,15813,17715,10826
2017-01-15T17:00:00Z,36962,36935,20048,20048,27,15496,15495,17049,10659
2017-01-15T18:00:00Z,36289,36252,19882,19882,37,15093,15092,16511,10389
2017-01-15T19:00:00Z,37072,36989,20457,20457,83,15376,15373,16686,10538
2017-01-15T20:00:00Z,37690,37629,21320,21320,61,15535,15533,16885,10764
2017-01-15T21:00:00Z,36691,36633,20266,20266,58,15398,15397,16559,10565
2017-01-15T22:00:00Z,33585,33557,18806,18806,28,13930,13928,15072,9726
2017-01-15T23:00:00Z,30583,30569,17181,17181,14,12288,12287,13631,8759
2017-01-16T00:00:00Z,27192,27163,15332,15332,29,11438,11437,12523,7798
2017-01-16T01:00:00Z,31898,31887,16000,16000,11,13518,13517,14759,8319
2017-01-16T02:00:00Z,35346,35269,18042,18042,77,15097,15096,16430,8957
2017-01-16T03:00:00Z,34872,34855,17938,17938,17,14889,14888,16188,8935
2017-01-16T04:00:00Z,29622,29619,15949,15949,3,12108,12106,13400,7801
2017-01-16T05:00:00Z,30717,30655,15215,15215,62,13282,13281,14343,7947
2017-01-16T06:00:00Z,36390,36373,18047,18047,17,15706,15705,16871,8995
2017-01-16T07:00:00Z,40184,40170,19727,19727,14,17369,17367,18733,10081
2017-01-16T08:00:00Z,43992,43979,21338,21338,13,19850,19849,20889,11449
2017-01-16T09:00:00Z,49413,49338,23667,23666,75,22253,22251,23375,13070
2017-01-16T10:00:00Z,50185,50148,24004,24004,37,21392,21391,22934,13251
2017-01-16T11:00:00Z,44847,44826,22307,22306,21,19303,19301,20392,11782
2017-01-16T12:00:00Z,46856,46847,23095,23095,9,19977,19976,21379,12228
2017-01-16T13:00:00Z,51012,50978,24730,24730,34,21932,21931,23674,13558
2017-01-16T14:00:00Z,54648,54607,27520,27520,41,23956,23955,25390,14861
2017-01-16T15:00:00Z,58698,58471,29075,29071,227,25084,25082,26588,15665
2017-01-16T16:00:00Z,57160,57128,28223,28212,32,23989,23986,25360,15378
2017-01-16T17:00:00Z,51535,51508,26094,26094,27,21333,21332,22645,13830
2017-01-16T18:00:00Z,48538,48495,24988,24987,43,19762,19760,21248,12821
2017-01-16T19:00:00Z,49776,49743,25527,25527,33,20229,20228,22057,13459
2017-01-16T20:00:00Z,49178,49165,25891,25891,13,20257,20256,21660,13386
2017-01-16T21:00:00Z,49977,49947,26623,26621,30,20157,20155,21619,13473
2017-01-16T22:00:00Z,44432,44414,23677,23667,18,18291,18288,19972,12516
2017-01-16T23:00:00Z,38395,38307,20824,20824,88,15408,15407,16979,10668
2017-01-17T00:00:00Z,35655,35601,18275,18275,54,14072,14071,15639,9422
2017-01-17T01:00:00Z,38014,37983,18833,18833,31,15744,15743,17379,9806
2017-01-17T02:00:00Z,40018,39968,19932,19932,50,17209,17208,18562,10414
2017-01-17T03:00:00Z,38168,38157,19311,19311,11,16648,16647,18145,10255
2017-01-17T04:00:00Z,32369,32346,16904,16904,23,13504,13503,15017,8764
2017-01-17T05:00:00Z,33446,33440,16889,16889,6,14569,14568,16109,8846
2017-01-17T06:00:00Z,37626,37598,18557,18557,28,16783,16782,18411,9956
2017-01-17T07:00:00Z,40645,40604,19532,19532,41,18163,18162,19495,10496
2017-01-17T08:00:00Z,46691,46631,22229,22228,60,20935,20933,22121,11968
2017-01-17T09:00:00Z,52530,52496,24959,24959,34,23404,23403,24495,13527
2017-01-17T10:00:00Z,50565,50447,24341,24341,118,22183,22182,23293,13456
2017-01-17T11:00:00Z,47388,47159,23022,23022,229,19900,19899,21430,12175
2017-01-17T12:00:00Z,49396,49364,23298,23298,32,20619,20618,21982,12795
2017-01-17T13:00:00Z,55855,55758,26151,26151,97,23259,23258,24512,14273
2017-01-17T14:00:00Z,61136,60899,29827,29827,237,25725,25724,26915,15836
2017-01-17T15:00:00Z,62813,62747,30025,30025,66,26971,26970,28070,16776
2017-01-17T16:00:00Z,62835,62784,30551,30547,51,26370,26367,27519,16750
2017-01-17T17:00:00Z,57588,57495,28230,28217,93,23958,23955,25235,15271
2017-01-17T18:00:00Z,52902,52809,24633,24633,93,21826,21825,23112,13316
2017-01-17T19:00:00Z,58836,58750,28101,28101,86,23514,23513,24937,15063
2017-01-17T20:00:00Z,51809,51726,24672,24672,83,21733,21732,22932,13676
2017-01-17T21:00:00Z,57902,57723,29377,29371,179,23159,23156,24957,15559
2017-01-17T22:00:00Z,51007,50887,24879,24879,120,20524,20522,22335,13719
2017-01-17T23:00:00Z,42580,42529,21134,21134,51,16968,16967,18529,11320
2017-01-18T00:00:00Z,38630,38569,19329,19329,61,15507,15506,16966,10108
2017-01-18T01:00:00Z,38692,38352,18513,18513,340,16649,16648,18041,9977
2017-01-18T02:00:00Z,41263,40655,18598,18598,608,17520,17519,19735,10289
2017-01-18T03:00:00Z,37797,37485,18118,18118,312,16883,16882,18601,10019
2017-01-18T04:00:00Z,32061,32047,17431,17431,14,13653,13652,15159,8877
2017-01-18T05:00:00Z,34742,33863,17204,17204,879,14440,14439,16498,8790
2017-01-18T06:00:00Z,34929,34809,16701,16701,120,15878,15877,17481,9246
2017-01-18T07:00:00Z,35469,35447,16910,16910,22,16997,16996,18295,9817
2017-01-18T08:00:00Z,39256,39179,18049,18049,77,19279,19278,20199,10762
2017-01-18T09:00:00Z,50236,50112,23266,23265,124,22852,22850,24204,13529
2017-01-18T10:00:00Z,51436,51383,24749,24749,53,22237,22235,23571,13657
2017-01-18T11:00:00Z,46079,46066,22818,22818,13,19876,19875,21114,12222
2017-01-18T12:00:00Z,47760,47741,23551,23550,19,20759,20756,22248,12947
2017-01-18T13:00:00Z,52982,52962,25607,25607,20,23326,23325,24508,14313
2017-01-18T14:00:00Z,59797,59637,28836,28828,160,25848,25844,27293,15901
2017-01-18T15:00:00Z,61198,61164,30095,30091,34,26750,26747,27959,16578
2017-01-18T16:00:00Z,61628,61587,30558,30552,41,26593,26591,27839,16848
2017-01-18T17:00:00Z,57923,57577,28523,28489,346,24141,24138,25571,15452
2017-01-18T18:00:00Z,55334,55123,27192,27192,211,22725,22724,24108,14442
2017-01-18T19:00:00Z,55343,55186,27336,27323,157,22399,22396,23650,14419
2017-01-18T20:00:00Z,55832,55272,28079,27762,560,22370,22367,23725,14475
2017-01-18T21:00:00Z,53701,53560,27318,27294,141,21989,21987,23193,14246
2017-01-18T22:00:00Z,48069,47844,23501,23501,225,20215,20214,21652,13268
2017-01-18T23:00:00Z,40614,40476,20042,20042,138,16769,16768,18613,11209
2017-01-19T00:00:00Z,38913,38677,19712,19706,236,15265,15263,16733,9933
2017-01-19T01:00:00Z,37375,37349,18067,18057,26,16273,16271,17630,9975
2017-01-19T02:00:00Z,37962,37931,18146,18146,31,17025,17024,18534,10161
2017-01-19T03:00:00Z,37607,37602,18270,18270,5,16520,16519,17913,9834
2017-01-19T04:00:00Z,31655,31646,16568,16568,9,13662,13661,14944,8759
2017-01-19T05:00:00Z,32237,32230,16406,16406,7,14125,14124,15353,8641
2017-01-19T06:00:00Z,36285,36243,17214,17214,42,16294,16293,17974,9636
2017-01-19T07:00:00Z,39145,39131,18615,18615,14,18036,18035,19376,10402
2017-01-19T08:00:00Z,44497,44492,20851,20851,5,20558,20557,21925,11933
2017-01-19T09:00:00Z,49743,49721,23570,23570,22,22708,22707,23826,13404
2017-01-19T10:00:00Z,50189,50082,24280,24277,107,21450,21448,23179,13246
2017-01-19T11:00:00Z,45044,44975,22354,22351,69,19387,19385,20713,11917
2017-01-19T12:00:00Z,45419,45345,22916,22911,74,20009,20006,21229,12477
2017-01-19T13:00:00Z,50994,50977,24997,24996,17,22271,22269,23856,13819
2017-01-19T14:00:00Z,58546,58525,29396,29396,21,25032,25031,26387,15762
2017-01-19T15:00:00Z,62741,62458,31857,31857,283,26446,26445,27684,16685
2017-01-19T16:00:00Z,61783,61594,31267,31262,189,25911,25908,27169,16358
2017-01-19T17:00:00Z,56318,56202,28286,28286,116,23487,23486,24509,14754
2017-01-19T18:00:00Z,54091,53994,27061,27061,97,22317,22315,23598,14188
2017-01-19T19:00:00Z,53963,53921,26922,26922,42,22017,22016,23350,14192
2017-01-19T20:00:00Z,53595,53551,26595,26595,44,21521,21519,23078,13969
2017-01-19T21:00:00Z,53659,53578,27280,27280,81,21532,21531,22800,14085
2017-01-19T22:00:00Z,48914,48679,24535,24535,235,19759,19758,21406,13286
2017-01-19T23:00:00Z,42147,42006,21191,21191,141,16671,16670,18355,11271
2017-01-20T00:00:00Z,38666,37078,18672,18660,1588,15098,15096,17349,10098
2017-01-20T01:00:00Z,38669,38549,18419,18419,120,16066,16065,17614,9901
2017-01-20T02:00:00Z,39758,39724,18015,18015,34,17148,17147,19037,9947
2017-01-20T03:00:00Z,39409,38375,17932,17932,1034,16360,16359,18836,9696
2017-01-20T04:00:00Z,32690,32652,16211,16211,38,13383,13382,15177,8289
2017-01-20T05:00:00Z,33875,33790,15745,15745,85,13968,13967,16062,8401
2017-01-20T06:00:00Z,38779,37760,16461,16461,1019,16142,16141,18896,9225
2017-01-20T07:00:00Z,40436,40321,18512,18512,115,17513,17512,19827,10089
2017-01-20T08:00:00Z,43660,43515,20466,20464,145,19979,19977,21640,11546
2017-01-20T09:00:00Z,49192,49141,23559,23548,51,21958,21956,23497,13175
2017-01-20T10:00:00Z,45902,45835,23008,23008,67,20233,20232,21497,12682
2017-01-20T11:00:00Z,40580,40556,20182,20182,24,17651,17650,18634,10836
2017-01-20T12:00:00Z,42313,42287,21346,21346,26,18211,18210,19689,11598
2017-01-20T13:00:00Z,47762,47733,23702,23702,29,20912,20909,22124,13113
2017-01-20T14:00:00Z,53896,53839,26665,26665,57,22996,22995,24009,14427
2017-01-20T15:00:00Z,56755,56685,27501,27494,70,24451,24449,26073,15679
2017-01-20T16:00:00Z,55473,55331,27176,27160,142,23317,23313,24755,14882
2017-01-20T17:00:00Z,49762,49640,24385,24373,122,20733,20730,22318,13428
2017-01-20T18:00:00Z,47709,47583,23044,23044,126,19785,19784,21490,12738
2017-01-20T19:00:00Z,49354,49337,23783,23783,17,19867,19866,21320,12850
2017-01-20T20:00:00Z,47644,47577,23620,23616,67,19135,19133,20964,12570
2017-01-20T21:00:00Z,50591,49371,23872,23872,1220,19069,19067,23123,12305
2017-01-20T22:00:00Z,44610,44468,21926,21926,142,17334,17333,20131,11571
2017-01-20T23:00:00Z,36340,36315,18768,18764,25,14418,14416,15986,9791
2017-01-21T00:00:00Z,30704,30647,15803,15803,57,12499,12498,13873,8389
2017-01-21T01:00:00Z,28242,28199,14546,14546,43,11376,11375,12774,7507
2017-01-21T02:00:00Z,25940,25933,13544,13544,7,11015,11014,12329,7196
2017-01-21T03:00:00Z,25283,25270,13516,13516,13,10615,10613,12206,7344
2017-01-21T04:00:00Z,24140,24130,13376,13376,10,9861,9859,10814,6462
2017-01-21T05:00:00Z,24163,24161,13018,13018,2,9480,9479,10564,6180
2017-01-21T06:00:00Z,22544,22516,11921,11921,28,9724,9723,10852,6231
2017-01-21T07:00:00Z,23293,23255,12101,12101,38,10129,10128,11293,6341
2017-01-21T08:00:00Z,25567,25552,13620,13620,15,10529,10528,11738,6728
2017-01-21T09:00:00Z,27149,27116,14658,14658,33,11350,11349,12508,7203
2017-01-21T10:00:00Z,25955,25934,13750,13750,21,11655,11653,12592,7406
2017-01-21T11:00:00Z,27324,27250,14874,14874,74,11930,11929,12915,7669
2017-01-21T12:00:00Z,28539,28524,15733,15733,15,12709,12708,13652,8171
2017-01-21T13:00:00Z,31608,31576,17219,17219,32,13821,13820,14881,8917
2017-01-21T14:00:00Z,35069,35049,19237,19237,20,14967,14966,16078,9835
2017-01-21T15:00:00Z,36422,36396,19794,19794,26,15764,15763,16815,10433
2017-01-21T16:00:00Z,37670,37605,20611,20611,65,16191,16190,17066,10594
2017-01-21T17:00:00Z,37053,37015,20584,20584,38,15908,15907,16670,10392
2017-01-21T18:00:00Z,36985,36959,19690,19690,26,15563,15561,16255,10146
2017-01-21T19:00:00Z,35833,35816,20094,20094,17,15411,15410,16060,10260
2017-01-21T20:00:00Z,36462,36459,20709,20709,3,15375,15374,15923,10290
2017-01-21T21:00:00Z,35528,35501,20708,20708,27,14853,14852,15642,10044
2017-01-21T22:00:00Z,33927,33888,19059,19059,39,13962,13961,14736,9490
2017-01-21T23:00:00Z,30914,30605,17567,17567,309,12647,12646,13676,8731
2017-01-22T00:00:00Z,27580,27526,16408,16408,54,11867,11866,12484,8086
2017-01-22T01:00:00Z,29434,29405,16964,16964,29,12605,12604,13284,8027
2017-01-22T02:00:00Z,29962,29942,16062,16062,20,13335,13334,14242,8172
2017-01-22T03:00:00Z,30096,30062,15919,15919,34,13100,13098,13951,7923
2017-01-22T04:00:00Z,26160,26155,15240,15240,5,10765,10764,11504,7087
2017-01-22T05:00:00Z,25834,25821,14557,14557,13,10908,10907,11806,6853
2017-01-22T06:00:00Z,27588,27579,14719,14719,9,12132,12131,13128,7429
2017-01-22T07:00:00Z,27618,27602,14336,14336,16,12541,12540,13756,7666
2017-01-22T08:00:00Z,29820,29820,16022,16022,0,12894,12894,14124,7838
2017-01-22T09:00:00Z,32057,32044,17204,17204,13,13940,13939,15275,8696
2017-01-22T10:00:00Z,31010,31003,17118,17118,7,13397,13396,14507,8616
2017-01-22T11:00:00Z,30050,30035,17016,17016,15,13002,13001,13972,8400
2017-01-22T12:00:00Z,32085,32076,18541,18541,9,13577,13576,14538,8881
2017-01-22T13:00:00Z,35344,35275,19688,19688,69,14614,14613,15751,9601
2017-01-22T14:00:00Z,36363,36293,20506,20506,70,15680,15679,16875,10370
2017-01-22T15:00:00Z,36571,36555,20244,20244,16,16012,16011,17269,10790
2017-01-22T16:00:00Z,38639,38612,21259,21259,27,16459,16458,17989,11196
2017-01-22T17:00:00Z,38259,38172,20883,20883,87,16120,16119,17483,10822
2017-01-22T18:00:00Z,37605,37577,20771,20771,28,16275,16274,17511,11020
2017-01-22T19:00:00Z,37023,37005,20604,20604,18,16141,16140,17227,10955
2017-01-22T20:00:00Z,39529,39522,22400,22400,7,16609,16608,17812,11492
2017-01-22T21:00:00Z,39615,39609,22166,22166,6,16257,16256,17758,11506
2017-01-22T22:00:00Z,37014,36819,20251,20251,195,15315,15314,17004,10772
2017-01-22T23:00:00Z,32034,31971,17682,17678,63,13310,13308,14730,9348
2017-01-23T00:00:00Z,29367,29343,16354,16354,24,12367,12366,13616,8469
2017-01-23T01:00:00Z,31660,31637,16948,16948,23,13432,13431,14747,8606
2017-01-23T02:00:00Z,36143,36081,17032,17032,62,14897,14896,16291,9140
2017-01-23T03:00:00Z,33307,33302,17433,17433,5,14779,14778,16378,9286
2017-01-23T04:00:00Z,29965,29863,16221,16221,102,12737,12736,14235,8402
2017-01-23T05:00:00Z,30066,30064,16045,16045,2,13132,13131,14472,8436
2017-01-23T06:00:00Z,33785,33783,16744,16744,2,15036,15035,16553,9059
2017-01-23T07:00:00Z,36940,36886,18019,18019,54,16574,16572,18067,9910
2017-01-23T08:00:00Z,44313,44208,21484,21484,105,19142,19141,20582,11281
2017-01-23T09:00:00Z,47022,47012,22697,22697,10,21236,21235,22555,12661
2017-01-23T10:00:00Z,46872,46853,22141,22141,19,20371,20370,21742,12584
2017-01-23T11:00:00Z,42291,42236,20834,20834,55,18505,18504,19932,11488
2017-01-23T12:00:00Z,45879,45692,22127,22127,187,19348,19347,21056,12259
2017-01-23T13:00:00Z,50999,50942,25372,25372,57,22063,22062,23389,13725
2017-01-23T14:00:00Z,56901,56850,27764,27762,51,24499,24497,25805,15166
2017-01-23T15:00:00Z,60893,60817,30066,30058,76,26061,26058,27335,16444
2017-01-23T16:00:00Z,60245,60192,29186,29179,53,25741,25737,27073,16080
2017-01-23T17:00:00Z,56728,56687,27416,27414,41,23879,23876,25322,15269
2017-01-23T18:00:00Z,54654,54576,26416,26416,78,22963,22962,24175,14571
2017-01-23T19:00:00Z,55197,55156,27070,27064,41,22992,22990,24329,14796
2017-01-23T20:00:00Z,54091,54024,27411,27405,67,22449,22447,23836,14692
2017-01-23T21:00:00Z,55358,55237,27974,27973,121,22670,22668,24352,15059
2017-01-23T22:00:00Z,49772,49751,24571,24571,21,20601,20600,22047,13601
2017-01-23T23:00:00Z,43836,43751,22726,22726,85,17312,17311,18894,11711
2017-01-24T00:00:00Z,38387,38269,19290,19290,118,15529,15528,16790,10173
2017-01-24T01:00:00Z,37384,37331,18733,18733,53,15623,15622,16814,9803
2017-01-24T02:00:00Z,37380,37364,18205,18205,16,15842,15841,17339,9889
2017-01-24T03:00:00Z,35173,35055,17576,17576,118,15318,15316,16880,9541
2017-01-24T04:00:00Z,32130,32128,17453,17453,2,13300,13299,14852,8794
2017-01-24T05:00:00Z,32683,32626,17592,17592,57,13730,13729,15212,8735
2017-01-24T06:00:00Z,34865,34810,17729,17729,55,15070,15069,16657,9207
2017-01-24T07:00:00Z,36781,36765,18313,18313,16,16281,16280,17774,9906
2017-01-24T08:00:00Z,42151,42076,20274,20274,75,18622,18621,19995,11037
2017-01-24T09:00:00Z,48212,48188,24150,24149,24,20898,20896,22307,12783
2017-01-24T10:00:00Z,45707,45693,22576,22576,14,20132,20131,21427,12579
2017-01-24T11:00:00Z,42284,42232,21015,21009,52,18439,18437,19699,11470
2017-01-24T12:00:00Z,45826,45684,23152,23151,142,19715,19713,20881,12176
2017-01-24T13:00:00Z,51737,51576,26137,26135,161,22247,22245,23174,13830
2017-01-24T14:00:00Z,57638,57619,28772,28771,19,24662,24660,25520,15466
2017-01-24T15:00:00Z,61521,61464,30908,30908,57,26541,26539,27659,16800
2017-01-24T16:00:00Z,62517,62443,31169,31169,74,26009,26007,27324,16376
2017-01-24T17:00:00Z,57714,57415,28593,28593,299,23990,23988,25387,15194
2017-01-24T18:00:00Z,55687,55141,26959,26959,546,22861,22857,24417,14473
2017-01-24T19:00:00Z,55317,55223,27395,27395,94,23053,23050,24430,14750
2017-01-24T20:00:00Z,54672,54600,27630,27630,72,22679,22678,24081,14710
2017-01-24T21:00:00Z,55578,55446,28156,28153,132,22774,22771,24085,14755
2017-01-24T22:00:00Z,51115,51062,26199,26192,53,20725,20722,22249,13796
2017-01-24T23:00:00Z,42716,42570,22105,22105,146,17242,17241,18698,11625
2017-01-25T00:00:00Z,38356,38180,19089,19089,176,15398,15397,17260,10084
2017-01-25T01:00:00Z,36301,36224,18476,18476,77,15009,15007,16446,9563
2017-01-25T02:00:00Z,34757,34713,17795,17795,44,14737,14736,16234,9377
2017-01-25T03:00:00Z,33061,33056,17206,17206,5,13917,13916,15417,9026
2017-01-25T04:00:00Z,31548,31183,16799,16799,365,12797,12796,14699,8474
2017-01-25T05:00:00Z,31619,31502,17132,17132,117,12693,12692,14264,8338
2017-01-25T06:00:00Z,33340,33261,16779,16779,79,13557,13556,15506,8488
2017-01-25T07:00:00Z,35205,35031,17460,17460,174,15186,15185,16926,9375
2017-01-25T08:00:00Z,40103,40092,19744,19744,11,17094,17093,18546,10396
2017-01-25T09:00:00Z,45198,45148,22588,22588,50,19341,19340,20713,11891
2017-01-25T10:00:00Z,46231,46148,23081,23081,83,19054,19053,20875,12166
2017-01-25T11:00:00Z,41404,41387,20610,20610,17,17893,17891,19106,11157
2017-01-25T12:00:00Z,44013,43973,22190,22188,40,18811,18808,20219,11954
2017-01-25T13:00:00Z,50639,50554,25637,25635,85,21534,21532,23253,13733
2017-01-25T14:00:00Z,57670,57615,28280,28280,55,24378,24376,25785,15160
2017-01-25T15:00:00Z,60655,60457,29650,29648,198,25911,25909,27163,16308
2017-01-25T16:00:00Z,60874,60813,30497,30494,61,25900,25898,27036,16618
2017-01-25T17:00:00Z,57886,57604,28505,28505,282,23814,23813,25099,15127
2017-01-25T18:00:00Z,55685,54836,26904,26904,849,22791,22789,24923,14445
2017-01-25T19:00:00Z,58656,57649,27286,27286,1007,23435,23433,26154,14739
2017-01-25T20:00:00Z,53572,53478,26869,26869,94,22161,22159,23740,14622
2017-01-25T21:00:00Z,55586,55018,28197,28193,568,22305,22303,23916,14805
2017-01-25T22:00:00Z,51010,50669,24149,24149,341,20536,20535,22217,13535
2017-01-25T23:00:00Z,41488,41275,21207,21207,213,16798,16797,18564,11645
2017-01-26T00:00:00Z,36386,36320,18601,18601,66,14843,14842,16150,9849
2017-01-26T01:00:00Z,34243,34207,17976,17976,36,13917,13916,15464,9312
2017-01-26T02:00:00Z,31551,31530,16559,16559,21,13350,13349,14765,8834
2017-01-26T03:00:00Z,25425,25421,13380,13380,4,11616,11615,12885,7655
2017-01-26T04:00:00Z,28152,28066,14979,14979,86,11781,11780,13303,7962
2017-01-26T05:00:00Z,26548,26478,14306,14306,70,11172,11171,12645,7470
2017-01-26T06:00:00Z,27606,27492,14220,14220,114,11587,11586,13154,7505
2017-01-26T07:00:00Z,30123,30012,15098,15098,111,12975,12974,14417,8254
2017-01-26T08:00:00Z,35107,34845,17110,17110,262,15278,15277,16573,9246
2017-01-26T09:00:00Z,39529,39479,19143,19143,50,17219,17218,18235,10513
2017-01-26T10:00:00Z,41394,41339,20821,20821,55,17615,17614,18789,11084
2017-01-26T11:00:00Z,39053,39038,19931,19931,15,17091,17090,18405,10862
2017-01-26T12:00:00Z,40809,40775,20510,20510,34,18002,18001,19351,11338
2017-01-26T13:00:00Z,48568,48511,24446,24442,57,20626,20623,22019,12942
2017-01-26T14:00:00Z,54976,54652,26972,26971,324,23761,23759,25378,15087
2017-01-26T15:00:00Z,58658,58457,28362,28360,201,25435,25432,26937,16037
2017-01-26T16:00:00Z,58190,57913,28451,28447,277,25260,25255,26392,16113
2017-01-26T17:00:00Z,56170,56063,27401,27401,107,23642,23639,24815,15048
2017-01-26T18:00:00Z,53382,53308,25846,25846,74,22480,22479,23811,14364
2017-01-26T19:00:00Z,54642,54395,26437,26437,247,22529,22527,23928,14470
2017-01-26T20:00:00Z,53633,53442,26698,26698,191,22240,22238,23831,14562
2017-01-26T21:00:00Z,53649,53538,26811,26811,111,22183,22181,23404,14478
2017-01-26T22:00:00Z,48413,48307,24324,24324,106,20068,20065,21482,13376
2017-01-26T23:00:00Z,41535,41460,21087,21087,75,16835,16833,18048,11183
2017-01-27T00:00:00Z,36142,36049,18276,18276,93,14547,14545,15802,9675
2017-01-27T01:00:00Z,31790,31722,16140,16140,68,12985,12982,14157,8632
2017-01-27T02:00:00Z,28742,28703,14620,14620,39,12055,12052,13551,8106
2017-01-27T03:00:00Z,26502,26473,14126,14126,29,11305,11302,12702,7826
2017-01-27T04:00:00Z,26295,26279,14655,14655,16,10722,10720,12032,7382
2017-01-27T05:00:00Z,26056,26041,14527,14527,15,10601,10600,11822,7148
2017-01-27T06:00:00Z,25603,25600,13451,13451,3,10845,10844,12057,6974
2017-01-27T07:00:00Z,28465,28443,14667,14667,22,12228,12227,13286,7700
2017-01-27T08:00:00Z,33831,33794,16545,16545,37,14431,14430,15815,8914
2017-01-27T09:00:00Z,38706,38683,19040,19040,23,16388,16387,17437,10077
2017-01-27T10:00:00Z,40278,40222,20016,20014,56,16849,16847,18052,10552
2017-01-27T11:00:00Z,38917,38481,19545,19545,436,16259,16258,17518,10205
2017-01-27T12:00:00Z,40198,40131,20714,20710,67,17169,17167,18220,10934
2017-01-27T13:00:00Z,46570,46476,23897,23891,94,19375,19373,20986,12302
2017-01-27T14:00:00Z,52735,52583,26615,26611,152,21977,21975,23206,14048
2017-01-27T15:00:00Z,54858,54822,26687,26686,36,23451,23449,24685,14908
2017-01-27T16:00:00Z,54333,54244,26546,26527,89,23218,23216,24578,14765
2017-01-27T17:00:00Z,45092,45026,21782,21733,66,20196,20193,21427,12793
2017-01-27T18:00:00Z,49042,48862,24247,24241,180,20234,20232,21502,13021
2017-01-27T19:00:00Z,50233,50103,24439,24439,130,19919,19918,21242,12664
2017-01-27T20:00:00Z,45974,45786,22812,22809,188,18884,18882,20289,12313
2017-01-27T21:00:00Z,46908,46771,23297,23269,137,18577,18573,20017,12338
2017-01-27T22:00:00Z,40648,40527,20724,20685,121,16804,16799,17973,11147
2017-01-27T23:00:00Z,34451,34203,17587,17480,248,14321,14318,15795,9675
2017-01-28T00:00:00Z,29720,29562,15811,15771,158,11792,11789,13271,8219
2017-01-28T01:00:00Z,24955,24926,13148,13142,29,9895,9893,11144,6788
2017-01-28T02:00:00Z,21731,21599,11178,11177,132,8604,8601,9973,5842
2017-01-28T03:00:00Z,20291,20227,10374,10373,64,8114,8112,9472,5455
2017-01-28T04:00:00Z,20003,19976,10803,10799,27,7964,7962,9169,5375
2017-01-28T05:00:00Z,19273,19266,10610,10608,7,7549,7547,8814,5100
2017-01-28T06:00:00Z,17801,17727,9227,9227,74,7345,7344,8555,4842
2017-01-28T07:00:00Z,18424,18402,9374,9364,22,7695,7693,8779,4978
2017-01-28T08:00:00Z,19269,19250,9777,9772,19,7973,7971,8964,5113
2017-01-28T09:00:00Z,22196,21814,10923,10923,382,8950,8949,10361,5609
2017-01-28T10:00:00Z,23082,23040,11681,11681,42,9698,9697,10860,6188
2017-01-28T11:00:00Z,24537,24448,13036,12979,89,10222,10220,11279,6537
2017-01-28T12:00:00Z,27689,27580,14524,14443,109,10930,10928,12276,7223
2017-01-28T13:00:00Z,29024,28989,15085,15073,35,12009,12007,13617,7843
2017-01-28T14:00:00Z,31517,31495,16191,16183,22,13230,13228,14726,8745
2017-01-28T15:00:00Z,32128,32111,16612,16599,17,13744,13742,15164,9068
2017-01-28T16:00:00Z,34270,34199,18047,18029,71,14319,14315,15566,9566
2017-01-28T17:00:00Z,34721,34616,18518,18500,105,14613,14610,15974,9722
2017-01-28T18:00:00Z,34367,34245,18406,18366,122,14331,14329,15620,9564
2017-01-28T19:00:00Z,33756,33719,18148,18142,37,14194,14192,15434,9604
2017-01-28T20:00:00Z,33083,33016,18214,18205,67,13744,13742,15249,9631
2017-01-28T21:00:00Z,34696,34607,19610,19584,89,13703,13701,15157,9464
2017-01-28T22:00:00Z,32163,31489,16987,16977,674,12991,12989,14813,8916
2017-01-28T23:00:00Z,27851,27830,15210,15209,21,11335,11333,12887,7989
2017-01-29T00:00:00Z,25411,25324,14052,14051,87,10027,10025,11407,6922
2017-01-29T01:00:00Z,23277,23271,12954,12954,6,9072,9071,10244,6365
2017-01-29T02:00:00Z,21661,21593,12187,12187,68,8550,8548,9617,5872
2017-01-29T03:00:00Z,20768,20497,11674,11672,271,8227,8225,9413,5679
2017-01-29T04:00:00Z,19996,19974,11668,11665,22,8030,8028,8971,5469
2017-01-29T05:00:00Z,15424,15405,8781,8779,19,6664,6662,7473,4541
2017-01-29T06:00:00Z,19752,19747,10569,10569,5,7723,7722,8713,5195
2017-01-29T07:00:00Z,18898,18809,10199,10199,89,7910,7909,8923,5246
2017-01-29T08:00:00Z,19487,19390,10695,10695,97,8260,8259,9309,5433
2017-01-29T09:00:00Z,22001,21946,11513,11493,55,9108,9105,10156,5906
2017-01-29T10:00:00Z,23005,22972,11967,11966,33,9881,9879,10905,6424
2017-01-29T11:00:00Z,24644,24565,13020,13018,79,10502,10499,11882,6990
2017-01-29T12:00:00Z,26958,26931,14404,14401,27,11321,11319,12527,7568
2017-01-29T13:00:00Z,30582,30108,15832,15830,474,12432,12430,13954,8207
2017-01-29T14:00:00Z,32560,32527,17474,17472,33,13791,13789,15332,9272
2017-01-29T15:00:00Z,33061,33049,17721,17713,12,14232,14230,15772,9617
2017-01-29T16:00:00Z,35177,35129,18631,18616,48,14695,14693,16110,9996
2017-01-29T17:00:00Z,34640,34443,18811,18811,197,14689,14688,16143,10118
2017-01-29T18:00:00Z,36266,36115,19214,19208,151,15134,15132,16641,10371
2017-01-29T19:00:00Z,37273,37211,19846,19845,62,15604,15602,17192,10708
2017-01-29T20:00:00Z,38826,38774,21335,21329,52,15799,15797,17301,10999
2017-01-29T21:00:00Z,39505,39001,21287,21254,504,15826,15821,17698,11013
2017-01-29T22:00:00Z,33939,33735,18802,18771,204,14679,14675,16094,10179
2017-01-29T23:00:00Z,30017,29932,16550,16542,85,12628,12626,14265,8898
2017-01-30T00:00:00Z,27502,27252,14889,14881,250,11156,11154,12728,7803
2017-01-30T01:00:00Z,26113,26083,14220,14215,30,10808,10804,12120,7486
2017-01-30T02:00:00Z,25930,25912,13942,13937,18,10635,10632,11923,7354
2017-01-30T03:00:00Z,25628,25590,13832,13824,38,10815,10813,12151,7386
2017-01-30T04:00:00Z,26168,26137,14810,14799,31,10657,10655,12142,7515
2017-01-30T05:00:00Z,25287,25276,13981,13977,11,10424,10422,11677,7035
2017-01-30T06:00:00Z,27823,27738,14316,14316,85,11028,11027,13338,7208
2017-01-30T07:00:00Z,28220,28176,14206,14197,44,12248,12246,13725,7772
2017-01-30T08:00:00Z,33306,33251,16213,16197,55,14747,14744,16044,8872
2017-01-30T09:00:00Z,39325,39265,18791,18777,60,16921,16918,18082,10223
2017-01-30T10:00:00Z,41955,41866,20340,20316,89,17811,17809,18925,10939
2017-01-30T11:00:00Z,40319,40200,19525,19504,119,17550,17548,18811,10701
2017-01-30T12:00:00Z,44585,44520,21422,21410,65,18881,18878,20115,11642
2017-01-30T13:00:00Z,51267,51097,24810,24807,170,21341,21338,23107,13283
2017-01-30T14:00:00Z,55328,55247,27217,27217,81,23857,23856,25115,14894
2017-01-30T15:00:00Z,60771,60651,29625,29621,120,25696,25694,26967,16072
2017-01-30T16:00:00Z,59769,59554,29413,29390,215,25543,25541,26701,15959
2017-01-30T17:00:00Z,57895,57781,28190,28185,114,23909,23906,25296,15139
2017-01-30T18:00:00Z,54752,54649,26717,26704,103,22899,22896,24444,14580
2017-01-30T19:00:00Z,54869,54790,26787,26772,79,22709,22706,24345,14582
2017-01-30T20:00:00Z,54637,54418,26805,26771,219,22572,22569,24138,14672
2017-01-30T21:00:00Z,56793,56167,27885,27874,626,22851,22848,24882,15002
2017-01-30T22:00:00Z,49843,49714,25552,25547,129,20477,20474,21921,13796
2017-01-30T23:00:00Z,40884,40803,21225,21224,81,17233,17229,18459,11603
2017-01-31T00:00:00Z,34339,34278,17248,17242,61,14611,14607,15862,9614
2017-01-31T01:00:00Z,32151,32111,16100,16095,40,13458,13455,15003,9184
2017-01-31T02:00:00Z,32452,32250,16850,16787,202,13216,13211,14933,8892
2017-01-31T03:00:00Z,30055,30031,16403,16398,24,12282,12278,13608,8374
2017-01-31T04:00:00Z,30458,30423,16588,16584,35,12155,12151,13767,8364
2017-01-31T05:00:00Z,27662,27649,15101,15097,13,11664,11662,13000,7789
2017-01-31T06:00:00Z,28839,28823,15581,15581,16,12171,12169,13379,7904
2017-01-31T07:00:00Z,30616,30549,15433,15432,67,13456,13454,14763,8368
2017-01-31T08:00:00Z,36104,36048,17784,17774,56,15853,15849,17103,9587
2017-01-31T09:00:00Z,41912,41856,20475,20463,56,17889,17885,19107,10894
2017-01-31T10:00:00Z,44584,44486,22277,22254,98,18559,18554,19526,11425
2017-01-31T11:00:00Z,42539,42332,20809,20804,207,18456,18453,19486,11241
2017-01-31T12:00:00Z,44315,44258,21829,21814,57,19464,19460,20648,12029
2017-01-31T13:00:00Z,50543,50323,24851,24804,220,21941,21937,23018,13554
2017-01-31T14:00:00Z,58600,58474,28780,28725,126,24899,24895,25760,15403
2017-01-31T15:00:00Z,60825,60725,29616,29567,100,25863,25858,26785,16181
2017-01-31T16:00:00Z,61170,60841,29967,29805,329,26222,26219,27210,16329
2017-01-31T17:00:00Z,56999,56922,28468,28437,77,24025,24018,25136,15256
2017-01-31T18:00:00Z,54146,54060,26477,26469,86,22817,22814,24240,14617
2017-01-31T19:00:00Z,56020,55787,27362,27359,233,23069,23065,24238,14656
2017-01-31T20:00:00Z,54582,54473,27684,27667,109,22644,22640,24076,14803
2017-01-31T21:00:00Z,55855,55754,28065,28053,101,22652,22649,24538,14837
2017-01-31T22:00:00Z,49411,49329,25388,25377,82,20781,20778,22114,13791
2017-01-31T23:00:00Z,40748,40667,21213,21184,81,17454,17450,18746,11820
2017-02-01T00:00:00Z,37182,37052,19381,19352,130,14848,14846,16247,9881
2017-02-01T01:00:00Z,33812,33700,17309,17260,112,13983,13979,15340,9189
2017-02-01T02:00:00Z,31607,31456,16268,16243,151,13225,13221,14741,8656
2017-02-01T03:00:00Z,29842,29584,15763,15739,258,12701,12698,14215,8434
2017-02-01T04:00:00Z,29899,29839,16077,16048,60,12170,12166,13519,8100
2017-02-01T05:00:00Z,28086,28041,15420,15393,45,11793,11789,13306,7920
2017-02-01T06:00:00Z,29271,29201,15474,15435,70,12264,12262,13662,7902
2017-02-01T07:00:00Z,31803,31743,15754,15721,60,13492,13490,15143,8493
2017-02-01T08:00:00Z,36279,36101,17382,17321,178,15691,15687,16905,9490
2017-02-01T09:00:00Z,42242,42166,20370,20330,76,18086,18083,19206,10889
2017-02-01T10:00:00Z,43187,43043,20878,20866,144,18641,18638,19812,11191
2017-02-01T11:00:00Z,40954,40867,20237,20196,87,17937,17932,18977,10954
2017-02-01T12:00:00Z,43890,43760,21546,21497,130,19310,19305,20403,11849
2017-02-01T13:00:00Z,49651,49561,24363,24340,90,21678,21676,23009,13432
2017-02-01T14:00:00Z,56806,56697,27524,27484,109,24526,24523,25683,15238
2017-02-01T15:00:00Z,60451,60398,29207,29182,53,26117,26114,27491,16490
2017-02-01T16:00:00Z,60578,60351,29352,29274,227,26116,26113,27256,16364
2017-02-01T17:00:00Z,57539,57407,27369,27336,132,24270,24267,25516,15212
2017-02-01T18:00:00Z,55886,55791,26800,26788,95,23537,23534,24487,14785
2017-02-01T19:00:00Z,55631,55562,26628,26604,69,23339,23335,24165,14766
2017-02-01T20:00:00Z,55821,55653,27122,27108,168,23079,23076,24251,14729
2017-02-01T21:00:00Z,56080,56008,27255,27244,72,22894,22891,24568,15101
2017-02-01T22:00:00Z,52328,52154,26252,26239,174,21215,21212,22494,14114
2017-02-01T23:00:00Z,43918,43801,21618,21610,117,18022,18020,19402,12012
2017-02-02T00:00:00Z,38612,38552,19066,19062,60,15580,15577,17007,10441
2017-02-02T01:00:00Z,35072,35009,17816,17802,63,14401,14399,15556,9463
2017-02-02T02:00:00Z,34191,34127,16950,16909,64,13762,13759,15556,9142
2017-02-02T03:00:00Z,32631,32605,16501,16489,26,13418,13414,15699,8863
2017-02-02T04:00:00Z,31801,31775,16382,16370,26,12745,12741,14554,8414
2017-02-02T05:00:00Z,29453,29431,15859,15845,22,12284,12281,13538,8166
2017-02-02T06:00:00Z,31844,31568,15933,15929,276,12966,12963,14643,8254
2017-02-02T07:00:00Z,32977,32914,16211,16198,63,14064,14061,15491,8703
2017-02-02T08:00:00Z,39399,39345,18960,18921,54,16626,16624,17886,10033
2017-02-02T09:00:00Z,43377,43323,20663,20644,54,19045,19043,19934,11262
2017-02-02T10:00:00Z,45294,45248,21700,21684,46,19352,19349,20146,11692
2017-02-02T11:00:00Z,42555,42485,21094,21074,70,18532,18528,19707,11423
2017-02-02T12:00:00Z,46306,46213,23427,23406,93,19574,19570,20919,12317
2017-02-02T13:00:00Z,54202,53906,26567,26536,296,22170,22166,23659,13626
2017-02-02T14:00:00Z,58303,58171,28226,28176,132,24851,24847,26452,15469
2017-02-02T15:00:00Z,60295,60075,28936,28901,220,26307,26304,27297,16378
2017-02-02T16:00:00Z,64423,63910,30598,30561,513,26505,26502,28484,16645
2017-02-02T17:00:00Z,59525,59378,28356,28324,147,24374,24370,25633,15318
2017-02-02T18:00:00Z,54602,54510,26820,26808,92,22907,22904,24374,14485
2017-02-02T19:00:00Z,57897,57820,28654,28610,77,23174,23171,24473,14920
2017-02-02T20:00:00Z,56796,56717,27771,27755,79,22308,22305,23643,14649
2017-02-02T21:00:00Z,54016,53892,27178,27159,124,22211,22207,23512,14501
2017-02-02T22:00:00Z,50951,50863,26012,25972,88,20758,20755,21821,13740
2017-02-02T23:00:00Z,44899,44542,22882,22882,357,17570,17568,19140,11697
2017-02-03T00:00:00Z,37318,37285,18800,18798,33,15359,15357,16575,10118
2017-02-03T01:00:00Z,35944,35904,17715,17682,40,15230,15227,16423,9653
2017-02-03T02:00:00Z,35550,35499,17773,17748,51,15213,15210,16517,9555
2017-02-03T03:00:00Z,32830,32778,17018,17006,52,14298,14295,15679,9021
2017-02-03T04:00:00Z,30831,30529,16187,16125,302,12694,12690,14151,8357
2017-02-03T05:00:00Z,29610,29536,15286,15252,74,12809,12806,14254,8116
2017-02-03T06:00:00Z,32202,32145,16020,15984,57,14210,14207,15541,8578
2017-02-03T07:00:00Z,35074,34988,17016,16996,86,15312,15309,16886,9115
2017-02-03T08:00:00Z,40691,40636,19704,19694,55,17670,17667,19078,10459
2017-02-03T09:00:00Z,43993,43901,21596,21557,92,19591,19588,20778,11578
2017-02-03T10:00:00Z,45260,45041,22148,22097,219,19623,19620,20753,12008
2017-02-03T11:00:00Z,41635,41560,20630,20618,75,17799,17796,18976,11129
2017-02-03T12:00:00Z,43430,43393,21441,21432,37,19052,19049,20021,11722
2017-02-03T13:00:00Z,50075,49983,25246,25228,92,21652,21649,22996,13641
2017-02-03T14:00:00Z,56602,56560,28509,28504,42,23998,23994,25237,15175
2017-02-03T15:00:00Z,60139,59784,28991,28986,355,25383,25379,26917,15824
2017-02-03T16:00:00Z,59085,58952,29661,29646,133,24805,24801,25925,15773
2017-02-03T17:00:00Z,54811,54668,27436,27429,143,22568,22564,23872,14517
2017-02-03T18:00:00Z,51716,51627,25515,25496,89,20990,20987,22477,13728
2017-02-03T19:00:00Z,50382,50332,24838,24827,50,20547,20542,22007,13489
2017-02-03T20:00:00Z,49137,49076,24354,24353,61,19650,19647,21195,12982
2017-02-03T21:00:00Z,47480,47018,23829,23817,462,19022,19019,20995,12827
2017-02-03T22:00:00Z,47015,44807,21318,21310,2208,17828,17823,21269,11799
2017-02-03T23:00:00Z,39331,39090,19216,19212,241,15050,15046,17187,10293
2017-02-04T00:00:00Z,32364,32207,16653,16653,157,13129,13127,14456,8700
2017-02-04T01:00:00Z,31141,31026,15764,15753,115,12947,12944,14072,8086
2017-02-04T02:00:00Z,31112,30721,15058,15044,391,12865,12863,14189,7516
2017-02-04T03:00:00Z,28649,28600,14568,14557,49,12167,12162,13430,7382
2017-02-04T04:00:00Z,24183,24116,12865,12855,67,10036,10032,11255,6381
2017-02-04T05:00:00Z,24300,24269,12637,12624,31,10347,10344,11471,6334
2017-02-04T06:00:00Z,27131,27032,13202,13182,99,11613,11610,12913,6710
2017-02-04T07:00:00Z,27955,27925,13888,13880,30,11980,11977,13445,7186
2017-02-04T08:00:00Z,29289,29255,14995,14983,34,12370,12368,13768,7338
2017-02-04T09:00:00Z,31060,30986,15768,15761,74,13220,13217,14552,7930
2017-02-04T10:00:00Z,29483,29441,15797,15780,42,12340,12336,13652,7782
2017-02-04T11:00:00Z,29079,28952,15610,15591,127,11564,11560,12794,7210
2017-02-04T12:00:00Z,32371,32210,17803,17800,161,12283,12279,13675,7927
2017-02-04T13:00:00Z,32081,32009,16963,16959,72,13348,13344,14624,8543
2017-02-04T14:00:00Z,35175,35124,18481,18472,51,14733,14729,16367,9483
2017-02-04T15:00:00Z,36472,36376,19613,19608,96,15439,15436,16770,10248
2017-02-04T16:00:00Z,36956,36893,19684,19680,63,15518,15515,16890,10243
2017-02-04T17:00:00Z,37800,37483,20239,20237,317,15523,15519,16943,10284
2017-02-04T18:00:00Z,37122,36920,19689,19688,202,15180,15176,16789,10233
2017-02-04T19:00:00Z,36470,36439,19431,19431,31,14769,14767,16259,10057
2017-02-04T20:00:00Z,37152,37115,20209,20209,37,14775,14773,16186,10172
2017-02-04T21:00:00Z,35656,35621,19852,19851,35,14313,14310,15626,9686
2017-02-04T22:00:00Z,33422,33268,18436,18435,154,13595,13591,14984,9411
2017-02-04T23:00:00Z,30583,30557,17172,17170,26,12186,12183,13365,8389
2017-02-05T00:00:00Z,28628,28444,15906,15906,184,11286,11284,12709,7710
2017-02-05T01:00:00Z,27147,27116,15043,15042,31,10937,10933,12110,7258
2017-02-05T02:00:00Z,26963,26946,14297,14297,17,10875,10871,12098,7053
2017-02-05T03:00:00Z,25875,25840,14146,14133,35,10789,10785,12025,7064
2017-02-05T04:00:00Z,24437,24423,14001,13996,14,9919,9916,10976,6613
2017-02-05T05:00:00Z,25257,25186,13768,13740,71,9674,9671,11488,6393
2017-02-05T06:00:00Z,24954,24940,13055,13051,14,10349,10346,12090,6767
2017-02-05T07:00:00Z,25358,25298,13343,13342,60,10553,10548,12259,6797
2017-02-05T08:00:00Z,26888,26810,14281,14248,78,10943,10941,12681,7063
2017-02-05T09:00:00Z,28483,28434,15344,15317,49,11746,11743,13137,7340
2017-02-05T10:00:00Z,28893,28820,15486,15466,73,11813,11810,13394,7652
2017-02-05T11:00:00Z,29204,29194,15733,15731,10,12274,12271,13579,8096
2017-02-05T12:00:00Z,31647,31580,17137,17130,67,13291,13289,14642,8706
2017-02-05T13:00:00Z,35059,35001,18652,18641,58,14684,14681,16338,9631
2017-02-05T14:00:00Z,36929,36901,20263,20249,28,15654,15650,17083,10401
2017-02-05T15:00:00Z,38333,38275,21151,21130,58,16285,16280,18075,11162
2017-02-05T16:00:00Z,40113,40023,22437,22421,90,16419,16415,18252,11271
2017-02-05T17:00:00Z,39752,39666,22433,22405,86,16104,16101,17758,10992
2017-02-05T18:00:00Z,41229,40835,22615,22588,394,16240,16237,18227,11107
2017-02-05T19:00:00Z,40320,39948,22124,22114,372,16521,16518,18230,11375
2017-02-05T20:00:00Z,43710,42359,23201,23197,1351,16874,16871,19617,11657
2017-02-05T21:00:00Z,43118,42561,23257,23243,557,16861,16856,19491,11665
2017-02-05T22:00:00Z,38179,38000,20719,20717,179,15260,15256,17297,10717
2017-02-05T23:00:00Z,31500,31459,18120,18116,41,12584,12580,14151,9097
2017-02-06T00:00:00Z,29065,29026,15922,15919,39,11495,11493,13340,7951
2017-02-06T01:00:00Z,33225,33183,17460,17444,42,13840,13836,15324,8576
2017-02-06T02:00:00Z,36654,36571,18527,18482,83,15943,15940,17114,9351
2017-02-06T03:00:00Z,34610,34528,17353,17330,82,15387,15384,16587,9007
2017-02-06T04:00:00Z,31911,31861,17850,17817,50,12949,12946,14355,8326
2017-02-06T05:00:00Z,34595,34549,18876,18849,46,14311,14308,15729,8903
2017-02-06T06:00:00Z,39668,39568,20395,20348,100,16884,16881,18360,9855
2017-02-06T07:00:00Z,42198,41791,20558,20548,407,18368,18365,19971,10406
2017-02-06T08:00:00Z,49837,49637,23395,23341,200,21037,21034,23044,11982
2017-02-06T09:00:00Z,52933,52804,25436,25379,129,22807,22804,24427,13258
2017-02-06T10:00:00Z,51079,50894,25368,25334,185,21837,21834,23262,13311
2017-02-06T11:00:00Z,47858,47640,24348,24282,218,19726,19723,21378,12264
2017-02-06T12:00:00Z,49424,49096,25506,25236,328,20320,20316,22207,12882
2017-02-06T13:00:00Z,55161,54997,27691,27646,164,23123,23121,24810,14354
2017-02-06T14:00:00Z,60165,60011,30315,30304,154,25859,25856,27181,16115
2017-02-06T15:00:00Z,64356,64228,32418,32358,128,27319,27314,28938,17295
2017-02-06T16:00:00Z,63218,63150,32771,32746,68,26291,26287,27895,17020
2017-02-06T17:00:00Z,59283,59168,29524,29509,115,24211,24207,25835,15498
2017-02-06T18:00:00Z,56523,56174,27902,27887,349,23140,23136,24524,14645
2017-02-06T19:00:00Z,58619,58234,28448,28342,385,23430,23426,25762,15032
2017-02-06T20:00:00Z,58178,57959,28745,28706,219,23191,23188,25578,15140
2017-02-06T21:00:00Z,59040,58936,31036,30989,104,23292,23289,24967,15519
2017-02-06T22:00:00Z,52498,52077,27439,27422,421,21133,21130,23014,14160
2017-02-06T23:00:00Z,44201,44133,23234,23202,68,17665,17662,19463,12175
2017-02-07T00:00:00Z,41285,40999,21602,21593,286,16130,16127,17771,10691
2017-02-07T01:00:00Z,43971,43817,23253,23249,154,17710,17706,19285,10950
2017-02-07T02:00:00Z,45530,45456,22673,22645,74,18940,18938,20686,11308
2017-02-07T03:00:00Z,43116,42959,22133,22115,157,18044,18041,19759,10929
2017-02-07T04:00:00Z,37098,37036,20285,20281,62,14767,14764,16446,9601
2017-02-07T05:00:00Z,38255,38237,20475,20469,18,15640,15636,17112,9806
2017-02-07T06:00:00Z,41127,41082,20586,20579,45,17971,17968,19655,10675
2017-02-07T07:00:00Z,45697,45628,22199,22182,69,19540,19537,21146,11175
2017-02-07T08:00:00Z,49894,49789,24672,24627,105,22075,22072,23205,12548
2017-02-07T09:00:00Z,56790,56698,27880,27845,92,24361,24358,25775,14212
2017-02-07T10:00:00Z,53713,53593,27126,27083,120,22899,22896,24516,14049
2017-02-07T11:00:00Z,50972,50825,25189,25170,147,20857,20853,22591,12809
2017-02-07T12:00:00Z,52397,52240,26080,26073,157,21861,21858,23287,13416
2017-02-07T13:00:00Z,58245,57990,29205,29103,255,24527,24523,25885,15028
2017-02-07T14:00:00Z,64905,64446,32216,32191,459,27419,27415,28818,17048
2017-02-07T15:00:00Z,67405,67281,33857,33843,124,28681,28676,29917,18071
2017-02-07T16:00:00Z,66401,66275,33113,33072,126,27902,27899,29142,17535
2017-02-07T17:00:00Z,60421,60282,29994,29982,139,24570,24567,26205,15675
2017-02-07T18:00:00Z,58387,58282,29521,29503,105,23722,23716,25167,15150
2017-02-07T19:00:00Z,59203,59111,29821,29777,92,23951,23947,25308,15544
2017-02-07T20:00:00Z,58086,57719,29404,29384,367,23489,23485,25051,15322
2017-02-07T21:00:00Z,60189,60084,30783,30773,105,23776,23773,25357,15639
2017-02-07T22:00:00Z,54060,53885,27192,27165,175,21921,21919,23482,14726
2017-02-07T23:00:00Z,46767,46288,23569,23554,479,18499,18496,20284,12396
2017-02-08T00:00:00Z,41204,40965,20787,20762,239,16632,16629,17947,10773
2017-02-08T01:00:00Z,44396,44226,21794,21720,170,18460,18457,19731,11008
2017-02-08T02:00:00Z,43903,43711,21350,21210,192,18996,18992,20352,11182
2017-02-08T03:00:00Z,41940,41848,21108,21072,92,18419,18415,19813,10973
2017-02-08T04:00:00Z,35987,35909,19519,19503,78,15079,15076,16526,9579
2017-02-08T05:00:00Z,38243,38189,20026,20017,54,15956,15953,17322,9715
2017-02-08T06:00:00Z,43143,43077,21580,21573,66,18320,18317,19561,10512
2017-02-08T07:00:00Z,45534,45366,22265,22259,168,19994,19991,21624,11414
2017-02-08T08:00:00Z,50213,50167,23615,23609,46,22142,22139,23284,12494
2017-02-08T09:00:00Z,57022,56610,26850,26824,412,24409,24405,26509,14293
2017-02-08T10:00:00Z,55475,55390,26372,26360,85,22949,22946,24597,14091
2017-02-08T11:00:00Z,50268,50184,24594,24584,84,21009,21005,22561,12796
2017-02-08T12:00:00Z,50838,50796,25883,25873,42,21521,21518,22876,13365
2017-02-08T13:00:00Z,57588,57439,29100,29076,149,24238,24234,25721,15099
2017-02-08T14:00:00Z,62339,62286,30614,30580,53,26727,26723,28380,16492
2017-02-08T15:00:00Z,66313,66090,32693,32663,223,28521,28517,30032,17989
2017-02-08T16:00:00Z,64870,64774,31686,31658,96,27352,27349,28565,17135
2017-02-08T17:00:00Z,62535,62422,31485,31469,113,25711,25703,27057,16320
2017-02-08T18:00:00Z,58441,58305,28907,28890,136,23884,23880,25271,15255
2017-02-08T19:00:00Z,58115,57944,28574,28548,171,23916,23912,25261,15517
2017-02-08T20:00:00Z,58445,58270,28630,28607,175,23674,23671,25197,15508
2017-02-08T21:00:00Z,58015,57677,29609,29589,338,23541,23538,25187,15470
2017-02-08T22:00:00Z,52893,52803,27113,27104,90,21646,21642,22697,14105
2017-02-08T23:00:00Z,46375,45730,23203,23193,645,18642,18639,20284,12046
2017-02-09T00:00:00Z,41141,41079,20994,20979,62,16572,16568,17684,10692
2017-02-09T01:00:00Z,42458,42426,21286,21276,32,18062,18058,19033,10769
2017-02-09T02:00:00Z,43966,43912,21284,21270,54,19099,19096,20382,11046
2017-02-09T03:00:00Z,42372,42279,21198,21167,93,18240,18237,19974,10889
2017-02-09T04:00:00Z,34154,33802,17524,17493,352,14499,14496,15987,9259
2017-02-09T05:00:00Z,37860,37602,19500,19485,258,15919,15916,17606,9912
2017-02-09T06:00:00Z,41635,41570,20181,20160,65,18277,18274,19736,10571
2017-02-09T07:00:00Z,43872,43536,20971,20929,336,19680,19677,21114,11308
2017-02-09T08:00:00Z,51083,50898,24229,24209,185,22433,22430,23576,12663
2017-02-09T09:00:00Z,55842,55734,27556,27513,108,24738,24735,25784,14203
2017-02-09T10:00:00Z,55381,55257,28328,28281,124,23049,23046,24371,14227
2017-02-09T11:00:00Z,49060,48966,25824,25788,94,20597,20594,22088,12966
2017-02-09T12:00:00Z,50771,50724,26403,26397,47,21181,21177,22505,13112
2017-02-09T13:00:00Z,55907,55767,28889,28868,140,23828,23825,25002,14612
2017-02-09T14:00:00Z,64745,64635,32646,32609,110,26613,26609,28957,16710
2017-02-09T15:00:00Z,68059,67850,33846,33792,209,27907,27902,29404,17688
2017-02-09T16:00:00Z,66982,66703,33334,33293,279,27341,27335,28937,17736
2017-02-09T17:00:00Z,63601,63304,31443,31380,297,24902,24897,26365,15875
2017-02-09T18:00:00Z,61796,61640,29862,29822,156,23493,23490,25215,15346
2017-02-09T19:00:00Z,57808,57699,28631,28617,109,23269,23263,24500,14886
2017-02-09T20:00:00Z,58688,58286,30450,30433,402,22688,22683,24151,14943
2017-02-09T21:00:00Z,56436,56317,28734,28723,119,22319,22317,23781,14746
2017-02-09T22:00:00Z,53093,52971,27718,27704,122,21067,21063,22545,14152
2017-02-09T23:00:00Z,45269,45142,24054,24042,127,17738,17736,19067,11860
2017-02-10T00:00:00Z,41413,41347,22029,22019,66,16242,16240,17652,10630
2017-02-10T01:00:00Z,43530,43334,22246,22234,196,17951,17949,19367,10992
2017-02-10T02:00:00Z,44205,44162,23354,23324,43,18467,18465,20096,11099
2017-02-10T03:00:00Z,40822,40794,21397,21387,28,17551,17549,19403,10839
2017-02-10T04:00:00Z,34802,34765,18968,18959,37,14215,14213,15736,9224
2017-02-10T05:00:00Z,35567,35529,19038,19029,38,14844,14842,16441,9270
2017-02-10T06:00:00Z,40785,40723,20533,20522,62,17354,17352,19285,10223
2017-02-10T07:00:00Z,44477,44412,22437,22430,65,18848,18846,20421,10957
2017-02-10T08:00:00Z,50667,50588,25964,25961,79,21198,21195,22842,12563
2017-02-10T09:00:00Z,47978,47950,23132,23111,28,21541,21537,22837,12489
2017-02-10T10:00:00Z,53275,53201,27776,27760,74,22182,22179,23761,13891
2017-02-10T11:00:00Z,47325,46980,25073,25015,345,19056,19053,20740,12052
2017-02-10T12:00:00Z,48177,48130,25532,25507,47,19799,19796,21285,12263
2017-02-10T13:00:00Z,53919,53750,28246,28130,169,21869,21866,23388,13689
2017-02-10T14:00:00Z,60775,60644,32269,32249,131,24461,24458,26040,15630
2017-02-10T15:00:00Z,63015,62853,33090,32995,162,25428,25424,27452,16519
2017-02-10T16:00:00Z,65047,64839,33938,33885,208,25619,25616,27301,16439
2017-02-10T17:00:00Z,56558,56161,29091,29056,397,22740,22736,24316,14529
2017-02-10T18:00:00Z,53786,53714,27405,27361,72,21356,21353,22912,13866
2017-02-10T19:00:00Z,53747,53080,26507,26495,667,21129,21125,22920,13404
2017-02-10T20:00:00Z,51940,51822,27180,27174,118,20406,20403,21782,13260
2017-02-10T21:00:00Z,52941,52834,26728,26716,107,20063,20060,22318,13206
2017-02-10T22:00:00Z,45669,45490,24026,23989,179,17863,17858,19460,11942
2017-02-10T23:00:00Z,39943,39850,21350,21336,93,15442,15438,16831,10343
2017-02-11T00:00:00Z,36587,36460,20465,20454,127,13545,13541,14873,9108
2017-02-11T01:00:00Z,33519,32968,18862,18845,551,11988,11983,13795,7998
2017-02-11T02:00:00Z,30018,29846,17137,17133,172,11056,11053,12614,7307
2017-02-11T03:00:00Z,27819,27687,16290,16278,132,10484,10480,11878,6888
2017-02-11T04:00:00Z,28071,27937,16869,16862,134,9949,9945,11267,6661
2017-02-11T05:00:00Z,26883,26815,16483,16438,68,9536,9531,10918,6418
2017-02-11T06:00:00Z,27813,27632,16698,16651,181,9820,9816,11249,6421
2017-02-11T07:00:00Z,28012,27907,16551,16504,105,10169,10165,11648,6626
2017-02-11T08:00:00Z,29546,29483,17512,17478,63,10447,10444,11775,6694
2017-02-11T09:00:00Z,30272,30207,17716,17668,65,10968,10965,12427,7104
2017-02-11T10:00:00Z,31279,31179,18113,18064,100,11371,11368,12927,7443
2017-02-11T11:00:00Z,30328,30228,17002,16974,100,11708,11705,13171,7710
2017-02-11T12:00:00Z,32197,32136,18049,18024,61,12372,12369,13962,8097
2017-02-11T13:00:00Z,34517,34484,19350,19331,33,13619,13616,15055,8759
2017-02-11T14:00:00Z,38597,38386,21584,21562,211,14876,14872,16504,9640
2017-02-11T15:00:00Z,40481,40435,23333,23301,46,15658,15654,17123,10343
2017-02-11T16:00:00Z,42314,42249,24341,24324,65,15962,15959,17430,10482
2017-02-11T17:00:00Z,43426,43389,24330,24316,37,16162,16159,17653,10598
2017-02-11T18:00:00Z,39521,39441,22047,22007,80,15554,15548,16871,10174
2017-02-11T19:00:00Z,38836,38624,21578,21559,212,15401,15396,16878,10280
2017-02-11T20:00:00Z,39751,39711,22841,22825,40,14934,14930,16406,10327
2017-02-11T21:00:00Z,39357,39195,22968,22939,162,14636,14632,16099,10208
2017-02-11T22:00:00Z,36990,36910,21639,21625,80,13965,13960,15358,9820
2017-02-11T23:00:00Z,34185,33979,20011,19990,206,12714,12711,14222,9020
2017-02-12T00:00:00Z,30918,30835,17982,17974,83,11169,11166,12665,7976
2017-02-12T01:00:00Z,30330,30277,18372,18365,53,10626,10623,12047,7453
2017-02-12T02:00:00Z,27407,27380,15880,15868,27,10571,10567,11755,7058
2017-02-12T03:00:00Z,27237,27214,15915,15905,23,10207,10204,11574,6935
2017-02-12T04:00:00Z,26317,26297,15826,15819,20,9923,9919,11163,6813
2017-02-12T05:00:00Z,25215,25196,14363,14360,19,9769,9766,11173,6669
2017-02-12T06:00:00Z,24651,24619,13996,13992,32,9782,9779,11147,6477
2017-02-12T07:00:00Z,25870,25830,14512,14495,40,10176,10173,11763,6773
2017-02-12T08:00:00Z,27713,27645,15577,15553,68,10713,10710,12009,7024
2017-02-12T09:00:00Z,28992,28913,16176,16158,79,11372,11368,12754,7481
2017-02-12T10:00:00Z,29501,29467,15949,15935,34,11895,11891,13296,7680
2017-02-12T11:00:00Z,31429,31377,17416,17385,52,12676,12671,14027,8296
2017-02-12T12:00:00Z,33915,33852,18738,18710,63,13552,13548,15315,8931
2017-02-12T13:00:00Z,36119,36033,19809,19798,86,14889,14886,16654,9648
2017-02-12T14:00:00Z,40584,40458,22302,22290,126,16554,16549,18450,10881
2017-02-12T15:00:00Z,42607,42503,23889,23851,104,16857,16852,18640,11306
2017-02-12T16:00:00Z,43576,43482,24749,24732,94,16890,16885,18664,11576
2017-02-12T17:00:00Z,41815,41635,23990,23959,180,16593,16589,18088,11304
2017-02-12T18:00:00Z,42682,42463,24285,24235,219,16678,16675,18323,11420
2017-02-12T19:00:00Z,43405,43230,24444,24384,175,16909,16906,18756,11734
2017-02-12T20:00:00Z,44250,44118,24995,24945,132,17248,17245,18820,11895
2017-02-12T21:00:00Z,44428,44374,25745,25728,54,17052,17049,18730,12018
2017-02-12T22:00:00Z,39657,39534,22943,22906,123,15614,15610,17191,10882
2017-02-12T23:00:00Z,36340,36287,21520,21487,53,13993,13989,15496,9942
2017-02-13T00:00:00Z,34917,34862,20404,20391,55,13348,13345,14977,9281
2017-02-13T01:00:00Z,38378,38329,20993,20978,49,15604,15600,16934,9727
2017-02-13T02:00:00Z,41972,41934,21511,21489,38,17537,17534,18780,10300
2017-02-13T03:00:00Z,40673,40631,21577,21557,42,17011,17008,18628,10516
2017-02-13T04:00:00Z,34263,34182,19180,19129,81,14041,14037,15447,9267
2017-02-13T05:00:00Z,34968,34742,18123,18099,226,15070,15067,16432,9162
2017-02-13T06:00:00Z,40251,40177,20083,20049,74,17267,17264,18560,10171
2017-02-13T07:00:00Z,43964,43648,21635,21578,316,19175,19172,20918,11143
2017-02-13T08:00:00Z,48644,48551,23682,23636,93,21523,21520,22628,12286
2017-02-13T09:00:00Z,57933,57745,26464,26403,188,23793,23790,25207,13793
2017-02-13T10:00:00Z,52600,52500,25621,25587,100,22860,22857,24358,13692
2017-02-13T11:00:00Z,49778,49728,24964,24933,50,21120,21116,22497,12835
2017-02-13T12:00:00Z,52141,52028,26365,26302,113,21964,21960,23930,13884
2017-02-13T13:00:00Z,56270,56163,28278,28228,107,24053,24049,25515,14871
2017-02-13T14:00:00Z,61823,61726,30970,30929,97,26808,26803,28100,16593
2017-02-13T15:00:00Z,66398,66244,32908,32879,154,28343,28339,29995,17926
2017-02-13T16:00:00Z,65481,65365,33105,33066,116,27381,27377,28876,17472
2017-02-13T17:00:00Z,62052,61943,31493,31447,109,25114,25111,26495,16062
2017-02-13T18:00:00Z,58348,58183,28766,28736,165,24273,24269,25518,15149
2017-02-13T19:00:00Z,59210,59020,29286,29248,190,24397,24392,25720,15457
2017-02-13T20:00:00Z,58564,58149,29357,29287,415,23776,23769,25408,15538
2017-02-13T21:00:00Z,58737,58622,30623,30592,115,23596,23591,25103,15597
2017-02-13T22:00:00Z,53663,53573,27818,27765,90,21754,21751,23190,14482
2017-02-13T23:00:00Z,46052,45871,24211,24155,181,18141,18135,19396,12046
2017-02-14T00:00:00Z,42763,42587,22833,22730,176,16892,16886,18075,11037
2017-02-14T01:00:00Z,47462,46106,23538,23486,1356,18544,18540,20333,11341
2017-02-14T02:00:00Z,48669,47693,23308,23270,976,19698,19694,21970,11641
2017-02-14T03:00:00Z,46116,45577,22117,22090,539,18636,18630,21231,11125
2017-02-14T04:00:00Z,38580,38510,20105,20083,70,15042,15038,17301,9661
2017-02-14T05:00:00Z,38053,37949,19868,19850,104,15729,15725,17755,9821
2017-02-14T06:00:00Z,42362,42139,21468,21428,223,18103,18100,19779,10590
2017-02-14T07:00:00Z,44651,44481,22293,22257,170,19489,19486,20942,11090
2017-02-14T08:00:00Z,50647,50584,24855,24831,63,22122,22119,23487,12687
2017-02-14T09:00:00Z,56678,56024,27282,27231,654,24703,24700,26207,14265
2017-02-14T10:00:00Z,52950,52737,26307,26240,213,22892,22886,24540,14044
2017-02-14T11:00:00Z,48906,48713,24751,24730,193,20258,20253,22009,12583
2017-02-14T12:00:00Z,50600,50528,26365,26345,72,21005,21002,22442,13006
2017-02-14T13:00:00Z,55413,55317,28443,28429,96,23603,23599,24909,14642
2017-02-14T14:00:00Z,64055,63965,31662,31625,90,26390,26386,28278,16622
2017-02-14T15:00:00Z,65954,65819,32926,32916,135,27748,27743,29373,17638
2017-02-14T16:00:00Z,65234,65176,32658,32643,58,26729,26725,28371,17127
2017-02-14T17:00:00Z,60508,60390,31037,31027,118,24585,24581,25856,15785
2017-02-14T18:00:00Z,56149,55886,28596,28586,263,22845,22841,24348,14678
2017-02-14T19:00:00Z,57167,56422,29053,29038,745,22683,22677,24368,14673
2017-02-14T20:00:00Z,54888,54720,28343,28330,168,21837,21834,23299,14279
2017-02-14T21:00:00Z,55088,55058,28894,28885,30,21773,21769,23449,14580
2017-02-14T22:00:00Z,51712,51676,27448,27441,36,20222,20216,21906,13722
2017-02-14T23:00:00Z,44297,44123,23781,23771,174,17010,17006,18765,11549
2017-02-15T00:00:00Z,39650,39548,21410,21395,102,15741,15735,17161,10451
2017-02-15T01:00:00Z,41342,41242,21359,21309,100,17308,17304,18581,10429
2017-02-15T02:00:00Z,42178,42074,21285,21200,104,18064,18061,19523,10701
2017-02-15T03:00:00Z,40211,40133,20691,20648,78,17243,17240,18632,10179
2017-02-15T04:00:00Z,34401,34312,19009,18982,89,13970,13966,15352,8999
2017-02-15T05:00:00Z,35658,35576,18928,18874,82,15163,15160,16591,9373
2017-02-15T06:00:00Z,41052,41030,20896,20884,22,17788,17785,19146,10285
2017-02-15T07:00:00Z,44824,44741,22449,22434,83,19639,19636,21238,11422
2017-02-15T08:00:00Z,51153,51027,25350,25315,126,22242,22239,23828,12801
2017-02-15T09:00:00Z,62266,61669,27678,27666,597,24879,24873,26607,14518
2017-02-15T10:00:00Z,58531,58462,28106,28072,69,23405,23400,24622,14314
2017-02-15T11:00:00Z,57146,57055,25974,25938,91,21202,21198,22595,12954
2017-02-15T12:00:00Z,53115,53018,27528,27489,97,22112,22106,23619,13643
2017-02-15T13:00:00Z,58386,58291,29545,29509,95,24544,24540,25966,15267
2017-02-15T14:00:00Z,64996,64806,32335,32303,190,27389,27385,28905,17045
2017-02-15T15:00:00Z,68068,68005,34503,34477,63,28959,28954,29889,18007
2017-02-15T16:00:00Z,67316,67277,33975,33961,39,27992,27986,29411,17806
2017-02-15T17:00:00Z,62400,62237,32139,32091,163,25509,25505,26861,16379
2017-02-15T18:00:00Z,59176,58935,29709,29653,241,24412,24405,25599,15433
2017-02-15T19:00:00Z,60081,59855,30637,30589,226,24122,24119,25523,15582
2017-02-15T20:00:00Z,57698,57532,29728,29670,166,23454,23450,24849,15328
2017-02-15T21:00:00Z,57003,56879,29418,29376,124,23251,23247,24517,15394
2017-02-15T22:00:00Z,53851,53772,28081,28040,79,21769,21765,23022,14447
2017-02-15T23:00:00Z,47595,47380,25294,25279,215,18474,18471,19903,12412
2017-02-16T00:00:00Z,44384,43989,23015,22989,395,17420,17416,19025,11326
2017-02-16T01:00:00Z,45157,44627,23040,23005,530,18929,18925,20190,11354
2017-02-16T02:00:00Z,44980,44871,22850,22823,109,19487,19484,20773,11598
2017-02-16T03:00:00Z,43674,43609,22415,22377,65,18899,18896,20347,11309
2017-02-16T04:00:00Z,37741,37528,20547,20520,213,15618,15615,16987,10071
2017-02-16T05:00:00Z,38790,38739,20620,20596,51,16162,16159,17675,10050
2017-02-16T06:00:00Z,43589,43523,21766,21731,66,18935,18932,20416,11010
2017-02-16T07:00:00Z,46559,46423,22705,22680,136,20332,20329,21810,11787
2017-02-16T08:00:00Z,53295,53127,25783,25759,168,23037,23034,24377,13092
2017-02-16T09:00:00Z,57488,57393,27954,27928,95,25118,25115,26154,14685
2017-02-16T10:00:00Z,56450,55809,27921,27895,641,23668,23665,25321,14518
2017-02-16T11:00:00Z,50808,50738,25828,25797,70,21102,21099,22670,13252
2017-02-16T12:00:00Z,52888,52678,27384,27327,210,22144,22141,23697,14010
2017-02-16T13:00:00Z,58411,58362,29622,29601,49,24694,24689,26295,15355
2017-02-16T14:00:00Z,64812,64557,32633,32590,255,27370,27367,28883,17366
2017-02-16T15:00:00Z,67409,67144,33331,33294,265,28681,28678,30021,17954
2017-02-16T16:00:00Z,68843,68726,33806,33769,117,28143,28139,29664,17983
2017-02-16T17:00:00Z,60760,60662,30800,30777,98,25492,25487,26522,16128
2017-02-16T18:00:00Z,57631,57491,29196,29172,140,23894,23891,25088,15251
2017-02-16T19:00:00Z,58778,58636,30135,30085,142,23943,23940,25142,15590
2017-02-16T20:00:00Z,57238,57070,29694,29679,168,23203,23200,24874,15294
2017-02-16T21:00:00Z,55909,55782,28956,28948,127,22661,22657,24282,15143
2017-02-16T22:00:00Z,51580,51450,27196,27189,130,20986,20980,22518,14165
2017-02-16T23:00:00Z,45266,45082,23523,23515,184,18035,18031,19068,11928
2017-02-17T00:00:00Z,41852,41604,22335,22329,248,16651,16646,17872,10973
2017-02-17T01:00:00Z,46609,46405,24481,24463,204,18581,18578,19894,11308
2017-02-17T02:00:00Z,46915,46829,23745,23709,86,19105,19102,21012,11247
2017-02-17T03:00:00Z,42215,42144,22213,22160,71,17939,17936,19211,10733
2017-02-17T04:00:00Z,36126,36064,19700,19683,62,14870,14867,16252,9521
2017-02-17T05:00:00Z,37944,37859,19885,19858,85,15779,15776,16819,9446
2017-02-17T06:00:00Z,42764,42517,21315,21283,247,18476,18473,19803,10448
2017-02-17T07:00:00Z,45922,45861,23096,23073,61,19789,19786,20914,11284
2017-02-17T08:00:00Z,52509,52275,25676,25581,234,22831,22827,24067,13096
2017-02-17T09:00:00Z,57536,57338,28585,28530,198,24812,24809,25806,14329
2017-02-17T10:00:00Z,53661,53352,27076,27016,309,22779,22774,24250,14013
2017-02-17T11:00:00Z,49124,48960,24845,24803,164,20232,20228,21552,12418
2017-02-17T12:00:00Z,49709,49644,25674,25640,65,20738,20734,22154,13079
2017-02-17T13:00:00Z,54307,54145,28246,28199,162,23046,23043,24301,14423
2017-02-17T14:00:00Z,59327,59269,29467,29451,58,25453,25449,26621,15798
2017-02-17T15:00:00Z,63618,63547,32131,32121,71,26844,26841,28321,16980
2017-02-17T16:00:00Z,65057,64934,32654,32624,123,26386,26381,28067,16918
2017-02-17T17:00:00Z,57762,57650,29363,29333,112,23711,23705,25126,15210
2017-02-17T18:00:00Z,52945,52716,26455,26438,229,21758,21753,22946,13837
2017-02-17T19:00:00Z,53108,52960,26685,26667,148,21462,21458,22967,13787
2017-02-17T20:00:00Z,51904,51780,27543,27535,124,20290,20286,22003,13548
2017-02-17T21:00:00Z,51040,50873,26603,26599,167,19801,19797,21501,13085
2017-02-17T22:00:00Z,46276,46229,24505,24495,47,18007,18003,19370,11983
2017-02-17T23:00:00Z,40008,39921,21676,21668,87,15190,15185,16637,10427
2017-02-18T00:00:00Z,34604,34547,19034,19027,57,13205,13200,14663,8970
2017-02-18T01:00:00Z,31792,31769,17833,17831,23,12267,12264,13663,8187
2017-02-18T02:00:00Z,31315,30795,16564,16553,520,11959,11956,13939,7649
2017-02-18T03:00:00Z,29188,29164,16037,16034,24,11370,11368,12955,7334
2017-02-18T04:00:00Z,27471,27423,15515,15511,48,10593,10590,12139,7045
2017-02-18T05:00:00Z,27275,27228,15615,15594,47,10607,10604,11866,6878
2017-02-18T06:00:00Z,27225,27085,14811,14783,140,10834,10831,12371,6921
2017-02-18T07:00:00Z,29525,29348,16199,16155,177,11421,11418,13139,7400
2017-02-18T08:00:00Z,31235,30909,16438,16413,326,12097,12094,13854,7536
2017-02-18T09:00:00Z,31022,30891,16835,16816,131,12215,12212,13906,7908
2017-02-18T10:00:00Z,31083,30882,16446,16439,201,12230,12227,13920,7890
2017-02-18T11:00:00Z,31453,31384,16780,16775,69,12436,12433,14078,8093
2017-02-18T12:00:00Z,34020,33909,17936,17897,111,13127,13123,14963,8579
2017-02-18T13:00:00Z,35411,35202,19405,19353,209,14254,14250,15947,9242
2017-02-18T14:00:00Z,39219,39096,20573,20544,123,15567,15565,17436,10326
2017-02-18T15:00:00Z,39954,39842,21536,21524,112,16433,16431,18395,10924
2017-02-18T16:00:00Z,40402,40362,22220,22219,40,16300,16298,18165,10841
2017-02-18T17:00:00Z,42874,42018,22569,22567,856,16224,16221,18476,10801
2017-02-18T18:00:00Z,38434,38343,20854,20841,91,15576,15574,17422,10442
2017-02-18T19:00:00Z,36757,36716,20051,20051,41,15310,15308,16758,10415
2017-02-18T20:00:00Z,37059,36998,20934,20910,61,14602,14599,15802,9868
2017-02-18T21:00:00Z,37247,37191,21291,21249,56,14295,14292,15533,9926
2017-02-18T22:00:00Z,36006,34838,19577,19572,1168,13816,13814,15543,9439
2017-02-18T23:00:00Z,31850,31803,18709,18703,47,12281,12279,13584,8669
2017-02-19T00:00:00Z,29297,29219,17320,17312,78,11157,11154,12411,7788
2017-02-19T01:00:00Z,29207,28152,15733,15727,1055,10759,10757,12787,7215
2017-02-19T02:00:00Z,27709,27652,15570,15564,57,10963,10961,12372,7292
2017-02-19T03:00:00Z,27844,27776,15868,15862,68,10924,10922,12299,7280
2017-02-19T04:00:00Z,26860,26846,15665,15662,14,10432,10430,11754,7007
2017-02-19T05:00:00Z,27162,27148,15963,15956,14,10396,10394,11742,6978
2017-02-19T06:00:00Z,26999,26992,15413,15408,7,10450,10448,11845,6957
2017-02-19T07:00:00Z,28288,28254,16265,16260,34,10991,10989,12438,7359
2017-02-19T08:00:00Z,30163,30131,16878,16865,32,11575,11573,13020,7647
2017-02-19T09:00:00Z,30821,30752,17170,17129,69,12077,12075,13464,7780
2017-02-19T10:00:00Z,32257,31796,17328,17314,461,12749,12747,14573,8396
2017-02-19T11:00:00Z,33500,33412,18538,18489,88,13196,13194,14821,8735
2017-02-19T12:00:00Z,35547,35475,19807,19773,72,14241,14239,15928,9423
2017-02-19T13:00:00Z,38956,38820,21458,21447,136,16049,16047,18104,10734
2017-02-19T14:00:00Z,39993,39932,22200,22169,61,16944,16942,18715,11470
2017-02-19T15:00:00Z,41924,41849,23646,23616,75,17457,17455,19478,11982
2017-02-19T16:00:00Z,41583,41483,23445,23424,100,17116,17114,18947,11678
2017-02-19T17:00:00Z,42173,42009,23901,23891,164,16802,16800,18412,11493
2017-02-19T18:00:00Z,40902,40794,23048,23027,108,16452,16450,18189,11374
2017-02-19T19:00:00Z,40944,40865,23028,23004,79,16640,16638,18229,11497
2017-02-19T20:00:00Z,42081,42022,24104,24094,59,16723,16721,18394,11780
2017-02-19T21:00:00Z,42193,42108,24139,24132,85,16364,16361,18115,11715
2017-02-19T22:00:00Z,38857,38422,21663,21646,435,15356,15354,17159,10857
2017-02-19T23:00:00Z,34591,34548,20059,20039,43,13504,13502,15050,9619
2017-02-20T00:00:00Z,33773,33645,19208,19181,128,12826,12823,14709,8898
2017-02-20T01:00:00Z,37359,37212,19899,19886,147,15527,15525,16946,9588
2017-02-20T02:00:00Z,41809,41739,21429,21400,70,17518,17516,18899,10488
2017-02-20T03:00:00Z,40678,40608,21051,21022,70,16895,16893,18438,10355
2017-02-20T04:00:00Z,35607,35569,19658,19641,38,14164,14162,15601,9180
2017-02-20T05:00:00Z,37719,37634,20141,20073,85,15232,15230,16570,9257
2017-02-20T06:00:00Z,42335,42251,21539,21477,84,17586,17584,19117,10360
2017-02-20T07:00:00Z,46166,46059,23290,23232,107,19833,19831,21504,11616
2017-02-20T08:00:00Z,51216,51156,25081,25027,60,22258,22256,23713,12854
2017-02-20T09:00:00Z,57321,57263,27785,27738,58,24844,24841,26227,14481
2017-02-20T10:00:00Z,55220,54725,26920,26892,495,23177,23175,25045,14233
2017-02-20T11:00:00Z,50443,50227,25761,25696,216,20808,20806,22491,12714
2017-02-20T12:00:00Z,54388,53810,27463,27410,578,22130,22127,24025,13532
2017-02-20T13:00:00Z,57790,57617,29073,29016,173,24451,24449,26323,15239
2017-02-20T14:00:00Z,66008,65743,32956,32891,265,27326,27323,29059,17076
2017-02-20T15:00:00Z,66160,65915,33857,33830,245,27758,27754,29530,17762
2017-02-20T16:00:00Z,66239,63908,32209,32134,2331,26440,26434,29922,16914
2017-02-20T17:00:00Z,58420,58215,29993,29985,205,23500,23497,25758,15394
2017-02-20T18:00:00Z,53063,52856,28064,28054,207,21737,21733,23452,14228
2017-02-20T19:00:00Z,54295,54065,28083,28072,230,21945,21939,23787,14509
2017-02-20T20:00:00Z,54852,54767,29288,29265,85,21961,21956,24446,14963
2017-02-20T21:00:00Z,52922,52848,28499,28487,74,21824,21820,23563,14820
2017-02-20T22:00:00Z,49060,48970,27057,27054,90,20020,20017,21814,13821
2017-02-20T23:00:00Z,41992,41780,23237,23227,212,17181,17178,18954,11967
2017-02-21T00:00:00Z,39945,39884,22236,22216,61,16144,16140,18167,11151
2017-02-21T01:00:00Z,43892,43761,22980,22929,131,18524,18521,20110,11375
2017-02-21T02:00:00Z,45668,45615,23658,23630,53,19562,19559,21178,11851
2017-02-21T03:00:00Z,44962,44888,23864,23839,74,18993,18990,20547,11643
2017-02-21T04:00:00Z,38750,38566,20975,20967,184,15586,15583,17570,9993
2017-02-21T05:00:00Z,39540,39491,20793,20779,49,16566,16563,18126,10116
2017-02-21T06:00:00Z,45174,45060,22948,22913,114,19288,19285,20745,11278
2017-02-21T07:00:00Z,48328,48279,23592,23577,49,20678,20675,22942,11896
2017-02-21T08:00:00Z,53977,53897,25781,25744,80,23638,23634,24915,13564
2017-02-21T09:00:00Z,61573,61040,29985,29949,533,26106,26101,27485,15325
2017-02-21T10:00:00Z,57090,57035,28348,28328,55,24276,24272,25661,14736
2017-02-21T11:00:00Z,52191,52114,26197,26181,77,21938,21934,23317,13315
2017-02-21T12:00:00Z,55237,55104,27530,27497,133,23039,23036,24634,14019
2017-02-21T13:00:00Z,59226,59050,29969,29888,176,25835,25832,27032,15745
2017-02-21T14:00:00Z,67261,67052,33621,33534,209,28838,28834,30433,17939
2017-02-21T15:00:00Z,70174,69879,34578,34550,295,29799,29795,31279,18604
2017-02-21T16:00:00Z,70096,69706,34605,34580,390,29012,29007,30621,18341
2017-02-21T17:00:00Z,64535,64082,32610,32587,453,26100,26093,27596,16615
2017-02-21T18:00:00Z,59975,59801,30045,30002,174,24845,24841,26303,15854
2017-02-21T19:00:00Z,61700,61415,30341,30319,285,24637,24633,26226,16030
2017-02-21T20:00:00Z,60603,60404,31324,31265,199,24410,24405,25862,16051
2017-02-21T21:00:00Z,60913,60807,31208,31184,106,23924,23920,25515,15986
2017-02-21T22:00:00Z,56074,55980,29954,29941,94,22613,22609,23682,14970
2017-02-21T23:00:00Z,47566,47553,25308,25301,13,18810,18806,20456,12926
2017-02-22T00:00:00Z,45007,44942,23159,23134,65,17597,17592,18627,11468
2017-02-22T01:00:00Z,46045,45998,23217,23192,47,19250,19246,20353,11712
2017-02-22T02:00:00Z,47012,46961,23957,23930,51,20392,20388,21511,12015
2017-02-22T03:00:00Z,44527,44455,23356,23327,72,19510,19507,20675,11789
2017-02-22T04:00:00Z,38720,38680,21007,20982,40,16098,16095,17417,10270
2017-02-22T05:00:00Z,39842,39810,20796,20775,32,17114,17112,18171,10271
2017-02-22T06:00:00Z,43990,43933,21867,21848,57,19229,19226,20431,11145
2017-02-22T07:00:00Z,48806,48757,24174,24159,49,20872,20868,22471,12134
2017-02-22T08:00:00Z,56061,55885,27565,27533,176,23526,23522,25356,13874
2017-02-22T09:00:00Z,61089,61009,30796,30745,80,25842,25838,27257,15284
2017-02-22T10:00:00Z,57109,57051,28919,28899,58,24270,24267,25352,14694
2017-02-22T11:00:00Z,53254,52638,26932,26919,616,21796,21793,23351,13333
2017-02-22T12:00:00Z,57235,56952,28918,28896,283,23294,23290,25033,14369
2017-02-22T13:00:00Z,62196,62107,30703,30698,89,25928,25924,27578,16042
2017-02-22T14:00:00Z,70710,70528,35766,35752,182,28800,28797,30096,17827
2017-02-22T15:00:00Z,72736,72676,36237,36222,60,30236,30233,31582,18788
2017-02-22T16:00:00Z,70015,69842,34422,34402,173,29215,29211,30800,18502
2017-02-22T17:00:00Z,64931,64211,32379,32338,720,26262,26258,28106,16844
2017-02-22T18:00:00Z,63350,63090,30829,30809,260,24344,24340,25760,15691
2017-02-22T19:00:00Z,62541,62490,30994,30988,51,24110,24106,25310,15618
2017-02-22T20:00:00Z,58763,58570,30534,30534,193,23944,23942,25299,15707
2017-02-22T21:00:00Z,58285,58104,29898,29891,181,23592,23587,25070,15677
2017-02-22T22:00:00Z,58719,56157,28015,27998,2562,22247,22243,25506,14732
2017-02-22T23:00:00Z,51332,51078,24445,24425,254,18620,18616,20510,12461
2017-02-23T00:00:00Z,44424,44315,23929,23920,109,17152,17147,18424,11245
2017-02-23T01:00:00Z,45707,45603,23425,23406,104,18695,18690,20038,11622
2017-02-23T02:00:00Z,46954,46900,23259,23237,54,19752,19748,21201,11701
2017-02-23T03:00:00Z,43975,43900,23204,23177,75,18711,18708,20230,11365
2017-02-23T04:00:00Z,39141,38604,21086,21069,537,15446,15443,17056,9899
2017-02-23T05:00:00Z,41141,41087,21513,21485,54,16993,16989,18260,10317
2017-02-23T06:00:00Z,44572,44502,22596,22566,70,19416,19413,20723,11409
2017-02-23T07:00:00Z,46602,46521,22826,22794,81,20666,20663,22155,11882
2017-02-23T08:00:00Z,54201,54113,26426,26393,88,23190,23187,24274,13044
2017-02-23T09:00:00Z,59211,59051,29346,29324,160,25255,25251,26744,14780
2017-02-23T10:00:00Z,54899,54739,28166,28115,160,23380,23376,24925,14610
2017-02-23T11:00:00Z,49845,49289,25460,25441,556,20690,20687,22414,12804
2017-02-23T12:00:00Z,48774,48666,25017,24985,108,20638,20635,21887,12869
2017-02-23T13:00:00Z,53862,53727,27296,27247,135,22811,22807,24002,14093
2017-02-23T14:00:00Z,63438,63080,31539,31472,358,26209,26206,27677,16107
2017-02-23T15:00:00Z,68904,68716,36426,36396,188,27771,27766,29312,17513
2017-02-23T16:00:00Z,71008,70933,37382,37360,75,27967,27964,29390,17907
2017-02-23T17:00:00Z,65381,65153,35228,35210,228,25529,25524,26829,16690
2017-02-23T18:00:00Z,61855,61677,33063,33037,178,23802,23796,25003,15327
2017-02-23T19:00:00Z,62897,62593,34122,34072,304,24084,24080,25199,15507
2017-02-23T20:00:00Z,60711,60567,33427,33375,144,23633,23628,25029,15679
2017-02-23T21:00:00Z,59940,59634,32578,32564,306,23063,23060,24639,15403
2017-02-23T22:00:00Z,56419,56326,30561,30544,93,21088,21084,22483,14224
2017-02-23T23:00:00Z,49132,48836,27209,27196,296,17961,17956,19726,12280
2017-02-24T00:00:00Z,44193,44099,24889,24875,94,16195,16191,17624,10896
2017-02-24T01:00:00Z,45377,45141,25023,25008,236,17610,17606,19110,11286
2017-02-24T02:00:00Z,44932,44878,24979,24952,54,18281,18277,19488,11268
2017-02-24T03:00:00Z,46105,45314,25096,25079,791,17491,17487,19588,10699
2017-02-24T04:00:00Z,39749,39516,22870,22848,233,15041,15038,16838,9560
2017-02-24T05:00:00Z,40118,40090,22483,22477,28,15519,15516,17207,9711
2017-02-24T06:00:00Z,44638,44573,23369,23348,65,18112,18109,19912,10800
2017-02-24T07:00:00Z,47151,46988,24757,24730,163,19596,19592,21256,11580
2017-02-24T08:00:00Z,55466,55268,29381,29333,198,22151,22147,23576,13074
2017-02-24T09:00:00Z,57932,57804,30808,30779,128,24030,24027,25504,14370
2017-02-24T10:00:00Z,55930,55635,29691,29661,295,22609,22605,24070,14116
2017-02-24T11:00:00Z,50444,50306,27590,27558,138,19778,19774,21322,12628
2017-02-24T12:00:00Z,50965,50891,27077,27047,74,20307,20304,21448,12665
2017-02-24T13:00:00Z,57577,57234,30223,30195,343,22561,22557,24309,14388
2017-02-24T14:00:00Z,62797,62671,32736,32703,126,25302,25298,26925,15960
2017-02-24T15:00:00Z,66562,66288,34706,34622,274,26608,26604,28413,17246
2017-02-24T16:00:00Z,67316,66356,34932,34904,960,25841,25837,27869,16908
2017-02-24T17:00:00Z,60274,59945,31634,31611,329,23251,23246,25067,15276
2017-02-24T18:00:00Z,55940,55537,29508,29486,403,21873,21868,23736,14460
2017-02-24T19:00:00Z,54833,54652,29227,29211,181,20962,20958,22533,13942
2017-02-24T20:00:00Z,53503,52925,28620,28611,578,20495,20490,22508,13734
2017-02-24T21:00:00Z,52596,52258,28438,28432,338,20121,20117,21643,13551
2017-02-24T22:00:00Z,48472,48307,26613,26590,165,18124,18120,19630,12374
2017-02-24T23:00:00Z,42469,42245,23619,23613,224,15309,15304,16983,10477
2017-02-25T00:00:00Z,36823,36649,20736,20731,174,13228,13224,14570,8839
2017-02-25T01:00:00Z,34934,34630,19496,19493,304,12531,12527,14515,8082
2017-02-25T02:00:00Z,32922,32696,18784,18763,226,12200,12196,13757,7985
2017-02-25T03:00:00Z,32082,31958,18281,18275,124,11689,11685,13155,7722
2017-02-25T04:00:00Z,29209,29148,16802,16799,61,10884,10879,12366,7118
2017-02-25T05:00:00Z,28452,28286,16110,16100,166,10666,10663,12049,7026
2017-02-25T06:00:00Z,29785,29592,16999,16987,193,11230,11227,12735,7133
2017-02-25T07:00:00Z,30357,30313,16887,16882,44,11862,11859,13302,7321
2017-02-25T08:00:00Z,33380,33356,17825,17811,24,12164,12161,13819,7654
2017-02-25T09:00:00Z,31945,31901,17857,17852,44,12253,12250,13856,7844
2017-02-25T10:00:00Z,30558,30513,16940,16935,45,12005,12002,13620,7791
2017-02-25T11:00:00Z,32778,32735,18664,18638,43,12336,12333,13994,8069
2017-02-25T12:00:00Z,33545,33488,19029,19003,57,13255,13252,14634,8614
2017-02-25T13:00:00Z,35597,35544,19573,19545,53,14270,14266,15981,9198
2017-02-25T14:00:00Z,40284,40248,21794,21766,36,15840,15836,17787,10387
2017-02-25T15:00:00Z,44579,44540,22644,22626,39,16651,16648,18734,11042
2017-02-25T16:00:00Z,43020,42871,23498,23476,149,16834,16831,18555,11178
2017-02-25T17:00:00Z,41715,41601,23083,23055,114,16234,16231,17779,10938
2017-02-25T18:00:00Z,42067,42001,23107,23078,66,15923,15919,17342,10531
2017-02-25T19:00:00Z,40042,39981,22527,22521,61,15825,15821,17152,10631
2017-02-25T20:00:00Z,39448,39342,22159,22143,106,15448,15445,16762,10549
2017-02-25T21:00:00Z,37831,37760,21578,21566,71,14842,14839,16265,10232
2017-02-25T22:00:00Z,35730,35685,20783,20772,45,14385,14382,15638,10023
2017-02-25T23:00:00Z,33797,33693,20079,20023,104,12696,12693,14306,9074
2017-02-26T00:00:00Z,31308,31210,18998,18993,98,11648,11644,12886,8227
2017-02-26T01:00:00Z,30901,30826,18426,18411,75,11112,11109,12469,7763
2017-02-26T02:00:00Z,30657,30520,17760,17753,137,11349,11346,12611,7629
2017-02-26T03:00:00Z,30111,29904,17288,17278,207,11398,11395,13014,7538
2017-02-26T04:00:00Z,18627,18553,10559,10550,74,8587,8583,9546,5630
2017-02-26T05:00:00Z,25879,25841,15042,15034,38,10025,10022,11645,6795
2017-02-26T06:00:00Z,28258,28245,16399,16392,13,10905,10903,12477,7305
2017-02-26T07:00:00Z,29079,29053,16136,16129,26,11315,11312,13069,7460
2017-02-26T08:00:00Z,30654,30633,17352,17343,21,11763,11760,13520,7713
2017-02-26T09:00:00Z,32324,32227,17954,17948,97,12490,12487,14250,8060
2017-02-26T10:00:00Z,31108,31082,17210,17202,26,12641,12638,14252,8285
2017-02-26T11:00:00Z,33798,33715,19248,19224,83,13307,13303,14757,8775
2017-02-26T12:00:00Z,35859,35802,20001,19987,57,14396,14391,15926,9465
2017-02-26T13:00:00Z,39642,39375,21139,21091,267,16104,16101,17912,10469
2017-02-26T14:00:00Z,42683,42484,23479,23327,199,17660,17657,19516,11579
2017-02-26T15:00:00Z,42686,42585,23694,23641,101,17664,17661,19388,11847
2017-02-26T16:00:00Z,44896,44270,25903,25345,626,17491,17487,19430,11976
2017-02-26T17:00:00Z,42792,42617,24295,24165,175,16942,16939,18734,11744
2017-02-26T18:00:00Z,42689,42574,24242,24199,115,17021,17017,18535,11738
2017-02-26T19:00:00Z,43991,43921,25278,25257,70,17169,17166,18888,11946
2017-02-26T20:00:00Z,45115,45046,26359,26333,69,17436,17432,19100,12177
2017-02-26T21:00:00Z,44053,44011,26241,26212,42,16836,16832,18416,11993
2017-02-26T22:00:00Z,40253,40227,23751,23738,26,15876,15873,17330,11113
2017-02-26T23:00:00Z,36474,36415,21071,21064,59,14127,14124,16023,10021
2017-02-27T00:00:00Z,36066,36012,21070,21058,54,13674,13670,15396,9444
2017-02-27T01:00:00Z,38878,38819,21621,21610,59,16268,16265,17369,10100
2017-02-27T02:00:00Z,42754,42710,22811,22788,44,17757,17755,19378,10775
2017-02-27T03:00:00Z,40970,40903,22155,22132,67,17422,17419,18659,10588
2017-02-27T04:00:00Z,35565,35511,20132,20124,54,14480,14477,15757,9299
2017-02-27T05:00:00Z,37864,37787,20757,20717,77,15543,15540,17025,9593
2017-02-27T06:00:00Z,43386,43333,22053,22011,53,18068,18066,19596,10481
2017-02-27T07:00:00Z,46482,46440,23257,23231,42,19669,19666,21573,11213
2017-02-27T08:00:00Z,51501,50895,24656,24641,606,22331,22328,24200,12668
2017-02-27T09:00:00Z,54982,54560,27200,27171,422,24338,24334,25483,14098
2017-02-27T10:00:00Z,53815,53640,27216,27174,175,22754,22751,24361,13863
2017-02-27T11:00:00Z,49095,48998,25310,25275,97,20690,20687,22326,12799
2017-02-27T12:00:00Z,53176,53126,26253,26232,50,21860,21856,23089,13511
2017-02-27T13:00:00Z,60064,59920,29414,29393,144,24869,24866,26279,15412
2017-02-27T14:00:00Z,66347,66191,32459,32390,156,27499,27495,28956,17016
2017-02-27T15:00:00Z,66942,66866,33355,33329,76,28827,28824,30588,18299
2017-02-27T16:00:00Z,66394,66250,33091,33069,144,27670,27665,29247,17684
2017-02-27T17:00:00Z,62034,61949,31199,31157,85,25319,25316,26661,16152
2017-02-27T18:00:00Z,58302,58112,28901,28875,190,23689,23683,25071,15165
2017-02-27T19:00:00Z,60222,59742,30097,30076,480,23859,23855,25415,15416
2017-02-27T20:00:00Z,58659,58390,29192,29173,269,23548,23545,25377,15541
2017-02-27T21:00:00Z,57165,57030,29314,29234,135,23353,23349,24771,15454
2017-02-27T22:00:00Z,54567,54298,28048,28032,269,21470,21465,23003,14359
2017-02-27T23:00:00Z,46033,45760,24094,24088,273,18092,18087,19660,12287
2017-02-28T00:00:00Z,42917,42849,22921,22907,68,16696,16691,18137,11160
2017-02-28T01:00:00Z,44562,44509,22861,22851,53,18702,18698,19968,11448
2017-02-28T02:00:00Z,45919,45858,23766,23737,61,19703,19699,21187,11880
2017-02-28T03:00:00Z,44367,44265,23180,23162,102,18933,18930,20292,11420
2017-02-28T04:00:00Z,37795,37668,20144,20140,127,15568,15565,17223,9976
2017-02-28T05:00:00Z,37644,37502,19753,19728,142,16508,16505,17778,10069
2017-02-28T06:00:00Z,43239,43173,22031,22019,66,19095,19092,20497,11141
2017-02-28T07:00:00Z,47463,47422,23620,23597,41,20743,20740,21966,12007
2017-02-28T08:00:00Z,52182,52110,25280,25255,72,23356,23353,24475,13260
2017-02-28T09:00:00Z,56181,55992,27441,27412,189,25281,25278,26647,14782
2017-02-28T10:00:00Z,51274,51005,25300,25204,269,23086,23082,24306,13958
2017-02-28T11:00:00Z,49878,49774,25055,25022,104,21224,21221,22675,13192
2017-02-28T12:00:00Z,52249,51960,25963,25955,289,22426,22423,24368,13916
2017-02-28T13:00:00Z,58439,58244,28970,28962,195,25015,25011,26887,15590
2017-02-28T14:00:00Z,62298,62201,30987,30958,97,27474,27471,29002,17067
2017-02-28T15:00:00Z,63553,63467,32007,31954,86,28267,28264,29509,17810
2017-02-28T16:00:00Z,62906,62651,31275,31264,255,27066,27061,28526,17259
2017-02-28T17:00:00Z,58036,57882,28721,28700,154,24558,24553,26420,15677
2017-02-28T18:00:00Z,54416,54199,25790,25766,217,23098,23094,24493,14222
2017-02-28T19:00:00Z,53830,53682,26174,26130,148,22741,22738,24351,14378
2017-02-28T20:00:00Z,52968,52839,26966,26955,129,22390,22386,24210,14709
2017-02-28T21:00:00Z,53380,52977,26737,26711,403,22776,22774,24478,14856
2017-02-28T22:00:00Z,53092,52090,26357,26333,1002,21714,21709,24029,14412
2017-02-28T23:00:00Z,45345,44819,22675,22651,526,18061,18056,20015,12002
2017-03-01T00:00:00Z,40384,40236,20973,20935,148,16599,16595,18283,10936
2017-03-01T01:00:00Z,42250,42025,20832,20820,225,18508,18504,19909,11259
2017-03-01T02:00:00Z,43055,42944,21629,21608,111,19227,19223,20507,11480
2017-03-01T03:00:00Z,43416,43132,21687,21666,284,18837,18834,20719,11348
2017-03-01T04:00:00Z,35874,35755,18613,18601,119,15308,15305,17197,9978
2017-03-01T05:00:00Z,36615,36545,18385,18360,70,16372,16369,17987,9954
2017-03-01T06:00:00Z,43233,43194,21227,21215,39,19318,19315,20911,11263
2017-03-01T07:00:00Z,45781,45323,21780,21768,458,20681,20678,22451,11890
2017-03-01T08:00:00Z,52057,51819,24731,24688,238,23182,23179,25066,13537
2017-03-01T09:00:00Z,56135,56052,27006,26975,83,25172,25169,26558,14898
2017-03-01T10:00:00Z,54146,54035,26260,26225,111,23578,23574,24936,14427
2017-03-01T11:00:00Z,49454,49337,24378,24362,117,21373,21368,22626,13012
2017-03-01T12:00:00Z,51881,51772,25443,25406,109,22505,22502,24004,13784
2017-03-01T13:00:00Z,57482,57074,28484,28461,408,25370,25366,26962,15765
2017-03-01T14:00:00Z,61927,61809,30028,29997,118,27661,27656,29212,16983
2017-03-01T15:00:00Z,62973,62883,30806,30774,90,28529,28521,29781,17775
2017-03-01T16:00:00Z,65706,65275,31372,31346,431,28433,28425,30192,17960
2017-03-01T17:00:00Z,59885,59510,29431,29390,375,25184,25179,26889,16127
2017-03-01T18:00:00Z,58524,58296,29229,29199,228,24142,24136,25726,15644
2017-03-01T19:00:00Z,57732,57644,28700,28681,88,24314,24309,25700,15702
2017-03-01T20:00:00Z,57285,56908,28136,28121,377,23915,23910,25744,15668
2017-03-01T21:00:00Z,56672,56541,28751,28742,131,23649,23645,25088,15810
2017-03-01T22:00:00Z,53138,52543,26780,26759,595,22097,22093,23659,14774
2017-03-01T23:00:00Z,46105,45982,23609,23586,123,18553,18549,19611,12210
2017-03-02T00:00:00Z,41733,41509,21271,21264,224,17192,17187,18604,11281
2017-03-02T01:00:00Z,43494,43397,21170,21151,97,18835,18831,20130,11300
2017-03-02T02:00:00Z,44412,44237,21919,21891,175,20132,20128,21410,11759
2017-03-02T03:00:00Z,43860,43189,21522,21490,671,19191,19188,21108,11542
2017-03-02T04:00:00Z,36255,36140,18508,18472,115,15906,15902,17388,10048
2017-03-02T05:00:00Z,38444,38337,19724,19697,107,17035,17031,18530,10541
2017-03-02T06:00:00Z,43029,42964,20533,20515,65,19494,19490,20910,11240
2017-03-02T07:00:00Z,48073,47415,22723,22677,658,21153,21150,23139,12255
2017-03-02T08:00:00Z,54301,54215,25655,25632,86,24004,24001,25406,13690
2017-03-02T09:00:00Z,58941,58831,27954,27928,110,26086,26083,27368,15200
2017-03-02T10:00:00Z,54553,54439,26937,26909,114,24344,24341,25059,14607
2017-03-02T11:00:00Z,50631,50461,25134,25120,170,22142,22137,23328,13404
2017-03-02T12:00:00Z,52721,52584,25973,25964,137,23219,23215,24535,14069
2017-03-02T13:00:00Z,57908,57773,28643,28617,135,25811,25808,27392,16020
2017-03-02T14:00:00Z,64347,64002,31524,31483,345,28455,28451,29971,17538
2017-03-02T15:00:00Z,62971,62786,30936,30854,185,28448,28444,29630,17797
2017-03-02T16:00:00Z,66796,66437,31655,31592,359,27627,27623,29391,17345
2017-03-02T17:00:00Z,64390,64050,31520,31501,340,25443,25439,27183,16200
2017-03-02T18:00:00Z,59107,58849,29227,29196,258,24140,24134,25263,15397
2017-03-02T19:00:00Z,58790,58374,29735,29725,416,23971,23966,25297,15448
2017-03-02T20:00:00Z,58315,57540,29722,29720,775,23682,23677,25707,15631
2017-03-02T21:00:00Z,58967,58192,29789,29780,775,23389,23383,25026,15528
2017-03-02T22:00:00Z,52661,52558,27306,27294,103,21345,21339,22806,14336
2017-03-02T23:00:00Z,45357,45243,24360,24355,114,18071,18066,19455,12173
2017-03-03T00:00:00Z,42648,42616,23220,23214,32,16960,16956,18262,11112
2017-03-03T01:00:00Z,44450,44392,22365,22355,58,18802,18799,19849,11195
2017-03-03T02:00:00Z,47978,47905,22664,22637,73,19682,19677,20876,11452
2017-03-03T03:00:00Z,43054,42895,22163,22151,159,18466,18461,20072,11107
2017-03-03T04:00:00Z,36190,36078,19649,19642,112,15064,15060,16545,9656
2017-03-03T05:00:00Z,38406,38372,19919,19913,34,16195,16191,17508,9734
2017-03-03T06:00:00Z,42138,42072,20644,20627,66,18818,18815,20145,10639
2017-03-03T07:00:00Z,46545,46471,22626,22595,74,20272,20269,22055,11806
2017-03-03T08:00:00Z,51936,51856,25595,25556,80,22747,22744,24108,13273
2017-03-03T09:00:00Z,57838,57693,28998,28925,145,24743,24739,25865,14658
2017-03-03T10:00:00Z,54253,54112,28077,27962,141,23304,23301,24511,14481
2017-03-03T11:00:00Z,48278,48195,24715,24669,83,20086,20081,21464,12483
2017-03-03T12:00:00Z,49581,49494,25682,25626,87,20715,20711,22049,12792
2017-03-03T13:00:00Z,55890,55776,28381,28336,114,23408,23402,25337,14824
2017-03-03T14:00:00Z,63830,63668,32057,32017,162,26277,26273,28060,16378
2017-03-03T15:00:00Z,65177,65060,32534,32513,117,26984,26979,28521,17110
2017-03-03T16:00:00Z,64845,64737,32949,32918,108,26502,26495,27880,16918
2017-03-03T17:00:00Z,56950,56767,29445,29422,183,23324,23318,24746,14933
2017-03-03T18:00:00Z,53780,53388,26737,26701,392,21803,21799,23372,13901
2017-03-03T19:00:00Z,53349,53190,26608,26599,159,21616,21612,23255,13837
2017-03-03T20:00:00Z,51427,51321,26537,26519,106,20686,20682,22049,13710
2017-03-03T21:00:00Z,50987,50863,26467,26454,124,20310,20303,22040,13567
2017-03-03T22:00:00Z,48652,48051,24218,24210,601,18910,18905,21459,12553
2017-03-03T23:00:00Z,39859,39051,20454,20451,808,15296,15290,17793,10305
2017-03-04T00:00:00Z,35354,34444,18853,18839,910,13240,13234,15286,9002
2017-03-04T01:00:00Z,32988,32080,17552,17541,908,12296,12292,14351,8086
2017-03-04T02:00:00Z,31673,30850,17033,17014,823,11867,11862,13997,7818
2017-03-04T03:00:00Z,30223,30147,17261,17217,76,11562,11559,12889,7455
2017-03-04T04:00:00Z,28110,27898,15858,15804,212,10751,10748,12251,6932
2017-03-04T05:00:00Z,28819,28355,15266,15257,464,10739,10736,13032,7061
2017-03-04T06:00:00Z,29415,29391,15471,15466,24,11203,11200,13518,7148
2017-03-04T07:00:00Z,30927,30875,16026,16002,52,11590,11587,14048,7396
2017-03-04T08:00:00Z,31137,31105,17179,17165,32,12211,12207,13800,7712
2017-03-04T09:00:00Z,31756,31690,17460,17446,66,12502,12499,14012,7883
2017-03-04T10:00:00Z,30658,30594,16725,16725,64,12578,12576,14006,8124
2017-03-04T11:00:00Z,31472,31439,17362,17350,33,12554,12551,14072,8165
2017-03-04T12:00:00Z,33404,33359,18159,18135,45,13368,13365,14903,8675
2017-03-04T13:00:00Z,36226,36131,19971,19949,95,14660,14655,16521,9569
2017-03-04T14:00:00Z,38184,38126,20888,20872,58,15864,15861,17592,10216
2017-03-04T15:00:00Z,41347,40840,21732,21719,507,16868,16864,19002,10956
2017-03-04T16:00:00Z,41891,40771,22330,22297,1120,16673,16668,18818,10991
2017-03-04T17:00:00Z,40244,40038,22604,22572,206,15851,15847,17766,10793
2017-03-04T18:00:00Z,39037,38864,21303,21274,173,15531,15527,17352,10454
2017-03-04T19:00:00Z,38658,38601,21755,21742,57,15488,15484,17074,10525
2017-03-04T20:00:00Z,38272,38233,21907,21896,39,14960,14956,16467,10340
2017-03-04T21:00:00Z,37608,37515,21734,21705,93,14696,14693,15979,10055
2017-03-04T22:00:00Z,35540,35507,20946,20943,33,13999,13996,15171,9637
2017-03-04T23:00:00Z,32729,32685,19450,19436,44,12536,12533,13770,8788
2017-03-05T00:00:00Z,30489,30458,18291,18276,31,11468,11464,12620,7938
2017-03-05T01:00:00Z,29883,29533,17441,17431,350,11000,10996,12510,7581
2017-03-05T02:00:00Z,29169,29115,17162,17152,54,11119,11115,12528,7447
2017-03-05T03:00:00Z,30181,30123,17161,17155,58,11091,11088,12746,7390
2017-03-05T04:00:00Z,27831,27694,16497,16489,137,10704,10700,12004,7162
2017-03-05T05:00:00Z,26462,26371,15177,15165,91,10383,10380,11750,6876
2017-03-05T06:00:00Z,27612,27583,15551,15537,29,10971,10968,12314,7152
2017-03-05T07:00:00Z,29201,29014,16377,16342,187,11564,11560,13730,7666
2017-03-05T08:00:00Z,31399,31245,17895,17864,154,12181,12177,13805,7839
2017-03-05T09:00:00Z,31993,31432,17764,17714,561,12445,12441,14252,8057
2017-03-05T10:00:00Z,31230,31131,17549,17533,99,12994,12989,14450,8470
2017-03-05T11:00:00Z,33504,33400,18462,18434,104,13450,13446,14897,8891
2017-03-05T12:00:00Z,35544,35452,19618,19569,92,14594,14590,16358,9637
2017-03-05T13:00:00Z,39391,39329,21349,21323,62,16367,16364,18282,10771
2017-03-05T14:00:00Z,43416,43328,23598,23574,88,18026,18022,20042,12010
2017-03-05T15:00:00Z,45608,45510,24424,24398,98,18617,18612,21175,12610
2017-03-05T16:00:00Z,43782,43613,24724,24677,169,17517,17511,19554,11892
2017-03-05T17:00:00Z,42146,42056,24045,24015,90,17141,17135,18702,11727
2017-03-05T18:00:00Z,41491,41254,23579,23563,237,17022,17018,18551,11680
2017-03-05T19:00:00Z,42728,42007,23561,23548,721,17417,17413,19416,12033
2017-03-05T20:00:00Z,44477,43400,24482,24440,1077,17515,17511,19542,12165
2017-03-05T21:00:00Z,42095,41823,23920,23887,272,16977,16974,18595,11950
2017-03-05T22:00:00Z,38915,38499,22237,22232,416,16070,16066,17682,11235
2017-03-05T23:00:00Z,35811,35781,20525,20522,30,14549,14544,15914,10086
2017-03-06T00:00:00Z,35296,35171,20428,20415,125,14129,14124,15318,9636
2017-03-06T01:00:00Z,39430,39272,21455,21431,158,16575,16571,18062,10424
2017-03-06T02:00:00Z,42860,42766,22620,22595,94,18383,18379,19816,11143
2017-03-06T03:00:00Z,42858,42782,23087,23036,76,18107,18101,19693,11021
2017-03-06T04:00:00Z,35406,35368,19761,19746,38,14865,14860,16200,9523
2017-03-06T05:00:00Z,38137,38041,20521,20461,96,16016,16010,17612,9871
2017-03-06T06:00:00Z,42908,42812,21989,21910,96,18478,18475,19904,10831
2017-03-06T07:00:00Z,45617,45471,22814,22730,146,20194,20191,21525,11473
2017-03-06T08:00:00Z,52298,52192,25336,25285,106,23199,23195,24594,13181
2017-03-06T09:00:00Z,57441,57272,28390,28354,169,25197,25194,26401,14699
2017-03-06T10:00:00Z,56453,56279,28782,28761,174,24057,24053,25477,14625
2017-03-06T11:00:00Z,53850,53585,27878,27782,265,22004,22000,23814,13647
2017-03-06T12:00:00Z,55360,54839,27906,27893,521,23125,23121,25089,14248
2017-03-06T13:00:00Z,61825,61270,30890,30780,555,26077,26072,28077,16018
2017-03-06T14:00:00Z,68272,67633,33642,33607,639,28902,28899,30802,17935
2017-03-06T15:00:00Z,69563,69263,34759,34720,300,29733,29729,31354,18752
2017-03-06T16:00:00Z,68583,68244,35000,34961,339,28193,28188,29888,18109
2017-03-06T17:00:00Z,64708,64536,33276,33241,172,25938,25932,27536,16750
2017-03-06T18:00:00Z,59507,59331,30067,30023,176,24221,24218,25582,15648
2017-03-06T19:00:00Z,60738,60373,30360,30350,365,24518,24514,26033,15762
2017-03-06T20:00:00Z,60199,59604,30425,30368,595,24256,24251,25856,15927
2017-03-06T21:00:00Z,59465,58716,30369,30291,749,23865,23861,25764,15940
2017-03-06T22:00:00Z,54585,54465,28420,28368,120,21653,21648,23418,14613
2017-03-06T23:00:00Z,46953,46427,24718,24714,526,18571,18567,20513,12720
2017-03-07T00:00:00Z,44657,43848,23641,23636,809,17448,17443,19294,11433
2017-03-07T01:00:00Z,47495,46674,24172,24150,821,19611,19607,21475,11950
2017-03-07T02:00:00Z,48297,47534,24443,24382,763,20524,20521,22401,12165
2017-03-07T03:00:00Z,47674,47343,23737,23460,331,19609,19604,21422,11895
2017-03-07T04:00:00Z,40829,40780,20539,20525,49,15956,15952,17780,10281
2017-03-07T05:00:00Z,42464,42419,20541,20528,45,16860,16857,18692,10382
2017-03-07T06:00:00Z,48620,48555,23037,23024,65,19613,19610,21376,11570
2017-03-07T07:00:00Z,52980,52860,24653,24628,120,21700,21696,23665,12590
2017-03-07T08:00:00Z,59961,59781,27395,27274,180,23989,23986,25751,13766
2017-03-07T09:00:00Z,63109,62867,29563,29524,242,26189,26186,27867,15365
2017-03-07T10:00:00Z,57243,57176,28917,28894,67,24526,24522,26054,15151
2017-03-07T11:00:00Z,51455,51131,24783,24747,324,22578,22574,24148,13883
2017-03-07T12:00:00Z,55250,54890,26842,26815,360,23927,23923,25362,14809
2017-03-07T13:00:00Z,59365,59262,28845,28801,103,26218,26213,27780,16175
2017-03-07T14:00:00Z,65962,65883,32228,32196,79,29245,29240,30746,18183
2017-03-07T15:00:00Z,69083,68908,33624,33596,175,30018,30014,31574,18978
2017-03-07T16:00:00Z,68440,68176,33697,33684,264,28922,28917,30451,18460
2017-03-07T17:00:00Z,60170,60052,29734,29712,118,25542,25536,27039,16401
2017-03-07T18:00:00Z,56751,56453,28180,28154,298,24173,24166,25663,15729
2017-03-07T19:00:00Z,57771,57612,28544,28511,159,24237,24232,25871,15794
2017-03-07T20:00:00Z,56844,56285,28105,28073,559,23686,23682,25545,15776
2017-03-07T21:00:00Z,56060,55974,28297,28266,86,23498,23491,25203,15878
2017-03-07T22:00:00Z,52472,52167,26968,26951,305,21904,21899,23454,14736
2017-03-07T23:00:00Z,44199,44106,23224,23221,93,18493,18489,19761,12504
2017-03-08T00:00:00Z,40874,40762,21469,21457,112,17227,17222,18612,11420
2017-03-08T01:00:00Z,44516,44214,21778,21752,302,19334,19331,20488,11666
2017-03-08T02:00:00Z,45592,45452,22222,22208,140,20239,20235,21425,12064
2017-03-08T03:00:00Z,43900,43683,22023,21961,217,19675,19672,20742,11651
2017-03-08T04:00:00Z,36698,36654,18508,18502,44,15689,15686,17804,9907
2017-03-08T05:00:00Z,36402,36333,18476,18451,69,16361,16358,17446,9940
2017-03-08T06:00:00Z,41808,41761,19755,19722,47,19148,19145,20416,11016
2017-03-08T07:00:00Z,44534,44425,21309,21251,109,20551,20548,21925,11912
2017-03-08T08:00:00Z,52508,52108,25126,25104,400,23049,23045,25039,13723
2017-03-08T09:00:00Z,56907,56794,27606,27580,113,25488,25485,26591,14817
2017-03-08T10:00:00Z,53422,53286,26501,26475,136,23766,23760,25082,14413
2017-03-08T11:00:00Z,47681,47632,23974,23958,49,21112,21107,22063,12849
2017-03-08T12:00:00Z,51070,50790,24875,24847,280,22613,22607,23815,13744
2017-03-08T13:00:00Z,57479,57320,28024,28003,159,25051,25044,26650,15506
2017-03-08T14:00:00Z,67288,66809,32043,31996,479,28480,28474,30258,17806
2017-03-08T15:00:00Z,68431,68174,33008,32945,257,29286,29280,30644,18327
2017-03-08T16:00:00Z,67600,67115,33553,33521,485,28148,28141,29846,17862
2017-03-08T17:00:00Z,59963,59805,29538,29505,158,25423,25417,26852,16130
2017-03-08T18:00:00Z,57540,57462,27826,27807,78,23650,23644,25115,15249
2017-03-08T19:00:00Z,56354,56046,27632,27619,308,23657,23654,24971,15333
2017-03-08T20:00:00Z,55118,54934,27508,27497,184,23200,23196,24533,15228
2017-03-08T21:00:00Z,54484,54326,27310,27297,158,22734,22730,24399,15214
2017-03-08T22:00:00Z,51239,50915,25809,25791,324,21561,21557,22932,14246
2017-03-08T23:00:00Z,44590,44299,22923,22916,291,18582,18578,19878,12374
2017-03-09T00:00:00Z,42267,41758,22670,22658,509,17155,17150,18533,11444
2017-03-09T01:00:00Z,45862,45604,22323,22318,258,19422,19419,20715,11570
2017-03-09T02:00:00Z,45927,45826,23233,23210,101,20354,20350,21624,12038
2017-03-09T03:00:00Z,44473,44430,22829,22801,43,19465,19461,21011,11833
2017-03-09T04:00:00Z,37841,37727,20522,20513,114,15864,15859,17336,10229
2017-03-09T05:00:00Z,39390,39332,20852,20837,58,17066,17063,18313,10562
2017-03-09T06:00:00Z,45011,44857,22863,22852,154,19612,19609,21149,11671
2017-03-09T07:00:00Z,47531,47479,23394,23379,52,21101,21098,22519,12290
2017-03-09T08:00:00Z,54203,54121,26792,26755,82,23804,23800,25187,13690
2017-03-09T09:00:00Z,60177,59896,30556,30501,281,26238,26232,27803,15661
2017-03-09T10:00:00Z,57550,57150,29098,29030,400,24555,24550,26101,15178
2017-03-09T11:00:00Z,52150,52025,26328,26268,125,22188,22184,23703,13677
2017-03-09T12:00:00Z,55053,54954,27825,27774,99,23365,23362,24821,14408
2017-03-09T13:00:00Z,60749,60676,30440,30411,73,26239,26235,27522,16003
2017-03-09T14:00:00Z,69205,69108,33475,33440,97,29285,29280,30490,18187
2017-03-09T15:00:00Z,70696,70584,35602,35566,112,30333,30328,31683,19186
2017-03-09T16:00:00Z,73206,72521,35394,35361,685,29241,29235,31665,18722
2017-03-09T17:00:00Z,63892,63634,32679,32669,258,26059,26055,27441,16668
2017-03-09T18:00:00Z,59789,59655,29863,29848,134,24037,24031,25384,15416
2017-03-09T19:00:00Z,60223,60005,30205,30190,218,24068,24064,25858,15811
2017-03-09T20:00:00Z,58901,58817,30328,30302,84,23674,23670,25168,15646
2017-03-09T21:00:00Z,58004,57780,30205,30182,224,23346,23340,24705,15451
2017-03-09T22:00:00Z,52480,52157,27561,27531,323,21280,21274,22533,14094
2017-03-09T23:00:00Z,45329,45127,24120,24107,202,18160,18156,19470,12161
2017-03-10T00:00:00Z,41882,41780,22223,22195,102,16821,16815,18199,10954
2017-03-10T01:00:00Z,44077,43994,22637,22618,83,18669,18664,19850,11188
2017-03-10T02:00:00Z,46014,45490,23377,23350,524,19597,19594,20959,11404
2017-03-10T03:00:00Z,42801,42470,21925,21906,331,18574,18571,19814,11068
2017-03-10T04:00:00Z,36059,36006,19601,19583,53,15034,15031,16448,9680
2017-03-10T05:00:00Z,39009,38692,20129,20116,317,16125,16122,17861,9902
2017-03-10T06:00:00Z,43137,42412,20881,20832,725,18827,18824,20480,10843
2017-03-10T07:00:00Z,46381,46215,22616,22575,166,20704,20701,22033,12152
2017-03-10T08:00:00Z,54877,54336,27041,27023,541,23687,23683,25035,13717
2017-03-10T09:00:00Z,58646,58233,29165,29142,413,25809,25805,27111,15325
2017-03-10T10:00:00Z,54041,53937,27083,27067,104,23780,23775,25086,14762
2017-03-10T11:00:00Z,47968,47891,23853,23829,77,20750,20746,22160,12967
2017-03-10T12:00:00Z,48574,48423,23894,23859,151,21190,21186,22739,13257
2017-03-10T13:00:00Z,53859,53766,26826,26774,93,23461,23455,24642,14576
2017-03-10T14:00:00Z,59925,59599,29504,29472,326,26261,26257,27992,16469
2017-03-10T15:00:00Z,61127,60912,30051,30017,215,27057,27052,28299,17086
2017-03-10T16:00:00Z,61342,61150,30564,30536,192,26254,26248,27661,16661
2017-03-10T17:00:00Z,55903,55709,28075,28052,194,23363,23357,25007,15050
2017-03-10T18:00:00Z,52686,52489,25742,25720,197,21890,21884,23463,14049
2017-03-10T19:00:00Z,52792,52445,25419,25388,347,21572,21566,23390,13858
2017-03-10T20:00:00Z,50091,49544,25077,25057,547,20425,20421,22268,13581
2017-03-10T21:00:00Z,47766,47625,24079,24045,141,19579,19574,20734,12886
2017-03-10T22:00:00Z,44038,43835,22590,22571,203,18097,18092,19297,12025
2017-03-10T23:00:00Z,38604,38044,19745,19743,560,15395,15392,17086,10322
2017-03-11T00:00:00Z,33545,33126,17352,17347,419,12903,12898,14571,8684
2017-03-11T01:00:00Z,29677,29277,15633,15630,400,12225,12222,13767,8102
2017-03-11T02:00:00Z,29809,29754,15497,15487,55,12030,12027,13602,7889
2017-03-11T03:00:00Z,28592,28279,14775,14753,313,11775,11772,13959,7815
2017-03-11T04:00:00Z,24987,24964,13186,13176,23,10744,10741,11919,6981
2017-03-11T05:00:00Z,25142,25052,12974,12911,90,10723,10720,12101,6899
2017-03-11T06:00:00Z,27289,27110,14086,14074,179,11390,11387,12839,7269
2017-03-11T07:00:00Z,27778,27706,14238,14218,72,11725,11722,13245,7444
2017-03-11T08:00:00Z,30307,30228,16159,16144,79,12291,12288,13869,7729
2017-03-11T09:00:00Z,31113,31042,16578,16564,71,12853,12850,14348,8138
2017-03-11T10:00:00Z,31580,31492,17050,17024,88,12864,12861,14471,8395
2017-03-11T11:00:00Z,31585,31380,17239,17227,205,12857,12854,14374,8165
2017-03-11T12:00:00Z,32783,32744,18239,18221,39,13654,13649,14939,8704
2017-03-11T13:00:00Z,35912,35875,19654,19645,37,14803,14800,16494,9655
2017-03-11T14:00:00Z,39622,39556,21733,21690,66,16435,16432,18224,10826
2017-03-11T15:00:00Z,39946,39848,22482,22438,98,16655,16652,18341,11038
2017-03-11T16:00:00Z,40592,40525,22716,22708,67,16563,16560,18278,10916
2017-03-11T17:00:00Z,39986,39856,22486,22467,130,16076,16073,17528,10725
2017-03-11T18:00:00Z,39582,39177,21950,21943,405,15577,15573,17217,10691
2017-03-11T19:00:00Z,37774,37711,21320,21314,63,15078,15075,16502,10493
2017-03-11T20:00:00Z,37991,37849,21244,21244,142,14751,14749,16359,10364
2017-03-11T21:00:00Z,37128,36954,21067,21067,174,14466,14462,16182,10294
2017-03-11T22:00:00Z,35021,34929,19641,19641,92,13746,13744,15047,9527
2017-03-11T23:00:00Z,31617,31526,18430,18420,91,12173,12170,13420,8559
2017-03-12T00:00:00Z,29906,29871,17784,17775,35,11312,11309,12495,7839
2017-03-12T01:00:00Z,29266,29188,16774,16770,78,10926,10923,12312,7308
2017-03-12T02:00:00Z,29978,29963,16972,16968,15,11437,11434,12740,7618
2017-03-12T03:00:00Z,29182,29160,16671,16661,22,11205,11202,12791,7726
2017-03-12T04:00:00Z,27308,27234,15723,15702,74,10814,10812,12099,7196
2017-03-12T05:00:00Z,27214,27168,16032,16022,46,10891,10888,12099,7265
2017-03-12T06:00:00Z,28095,28062,16187,16166,33,11317,11314,12599,7445
2017-03-12T07:00:00Z,28861,28826,16106,16090,35,11654,11652,13278,7610
2017-03-12T08:00:00Z,30664,30642,17361,17346,22,12315,12312,13896,7978
2017-03-12T09:00:00Z,31508,31425,17745,17733,83,12869,12866,14361,8317
2017-03-12T10:00:00Z,32552,32521,18276,18267,31,13164,13161,14629,8651
2017-03-12T11:00:00Z,34353,34308,19528,19511,45,13464,13460,14884,8789
2017-03-12T12:00:00Z,37199,37053,21334,21310,146,14972,14968,16604,9844
2017-03-12T13:00:00Z,40117,40069,22034,22008,48,16726,16723,18480,11010
2017-03-12T14:00:00Z,42096,42067,22535,22523,29,18217,18213,19868,12046
2017-03-12T15:00:00Z,41526,41432,22373,22292,94,18317,18314,20082,12392
2017-03-12T16:00:00Z,42202,41984,23462,23417,218,17451,17448,19213,11854
2017-03-12T17:00:00Z,41522,41410,23118,23041,112,17148,17144,18937,11876
2017-03-12T18:00:00Z,41495,41038,22698,22632,457,17309,17305,19101,11872
2017-03-12T19:00:00Z,43024,42647,23681,23636,377,17094,17090,18968,11847
2017-03-12T20:00:00Z,43048,42772,23941,23910,276,17632,17628,19231,12143
2017-03-12T21:00:00Z,41029,40836,23252,23230,193,16851,16847,18547,12090
2017-03-12T22:00:00Z,39512,39260,22524,22509,252,15786,15783,17587,11437
2017-03-12T23:00:00Z,34332,34272,20008,19988,60,13911,13908,15445,9950
2017-03-13T00:00:00Z,35743,35681,21216,21198,62,13587,13583,15468,9702
2017-03-13T01:00:00Z,39181,39130,21602,21588,51,16501,16498,17832,10265
2017-03-13T02:00:00Z,44134,43850,23078,23058,284,18441,18438,20367,11207
2017-03-13T03:00:00Z,45257,44484,22166,22150,773,18573,18570,20969,11030
2017-03-13T04:00:00Z,37097,36325,19581,19572,772,14964,14961,17089,9526
2017-03-13T05:00:00Z,36639,35808,18367,18348,831,15251,15248,16843,8993
2017-03-13T06:00:00Z,42420,41520,20956,20868,900,18252,18248,19785,10330
2017-03-13T07:00:00Z,47409,46685,23295,23257,724,20153,20149,21633,11417
2017-03-13T08:00:00Z,54010,53786,26317,26279,224,23226,23222,24242,13046
2017-03-13T09:00:00Z,60005,59766,30027,29996,239,25516,25513,26844,14960
2017-03-13T10:00:00Z,55670,55606,28100,28078,64,24440,24437,25603,14888
2017-03-13T11:00:00Z,52079,51989,26575,26542,90,22056,22052,23454,13667
2017-03-13T12:00:00Z,54689,54526,27579,27546,163,23815,23812,25017,14530
2017-03-13T13:00:00Z,64545,64302,32028,31995,243,28008,28004,29312,17097
2017-03-13T14:00:00Z,70629,69907,34530,34500,722,30345,30340,32057,18873
2017-03-13T15:00:00Z,73068,72846,36424,36392,222,31405,31401,32999,19953
2017-03-13T16:00:00Z,69124,68762,34251,34211,362,29109,29106,31117,18873
2017-03-13T17:00:00Z,65633,65416,32731,32699,217,26978,26974,28768,17687
2017-03-13T18:00:00Z,60998,60924,30624,30604,74,25182,25178,26429,16306
2017-03-13T19:00:00Z,59971,59614,30909,30894,357,24450,24445,25826,15931
2017-03-13T20:00:00Z,60162,60070,30861,30854,92,24647,24643,26453,16686
2017-03-13T21:00:00Z,58121,58078,29658,29656,43,23349,23345,25441,16266
2017-03-13T22:00:00Z,50521,50428,26133,26114,93,20798,20794,22192,13909
2017-03-13T23:00:00Z,45109,44882,23816,23807,227,18078,18074,19971,12569
2017-03-14T00:00:00Z,42123,42046,22650,22630,77,16778,16771,18484,11515
2017-03-14T01:00:00Z,45935,45801,23273,23243,134,19025,19022,20453,11750
2017-03-14T02:00:00Z,47431,47346,23893,23866,85,20329,20326,22125,12308
2017-03-14T03:00:00Z,44284,44202,23101,23046,82,19575,19571,20900,11664
2017-03-14T04:00:00Z,37035,36479,19906,19890,556,15424,15420,17165,9974
2017-03-14T05:00:00Z,37158,37122,19311,19288,36,16443,16439,17506,9849
2017-03-14T06:00:00Z,43590,43528,21546,21523,62,19299,19296,20901,11124
2017-03-14T07:00:00Z,47937,47895,23467,23438,42,21259,21256,22684,12224
2017-03-14T08:00:00Z,53798,53705,26019,25974,93,23975,23972,25161,13549
2017-03-14T09:00:00Z,62686,62351,31195,31171,335,26767,26763,28024,15638
2017-03-14T10:00:00Z,58669,58183,29817,29791,486,25121,25117,26465,15339
2017-03-14T11:00:00Z,54803,54713,28528,28493,90,22946,22943,24291,14111
2017-03-14T12:00:00Z,56466,56382,29082,29071,84,24629,24625,25955,15270
2017-03-14T13:00:00Z,63344,63173,31980,31945,171,27623,27619,28708,17028
2017-03-14T14:00:00Z,72069,71792,36345,36301,277,31029,31025,32563,19427
2017-03-14T15:00:00Z,74054,73849,37676,37630,205,31748,31743,33119,20125
2017-03-14T16:00:00Z,72981,72548,36533,36498,433,30070,30064,32021,19234
2017-03-14T17:00:00Z,67128,66962,34500,34466,166,27342,27338,28761,17562
2017-03-14T18:00:00Z,62393,62274,31830,31789,119,25392,25386,26634,16387
2017-03-14T19:00:00Z,60114,59983,30552,30529,131,24066,24062,25645,15811
2017-03-14T20:00:00Z,61918,61768,31312,31259,150,24543,24538,25768,16037
2017-03-14T21:00:00Z,63043,62844,31155,31143,199,23803,23796,25302,16169
2017-03-14T22:00:00Z,54146,53904,28181,28170,242,21617,21612,23332,14579
2017-03-14T23:00:00Z,46065,45638,24508,24497,427,18422,18416,20021,12374
2017-03-15T00:00:00Z,42842,42721,23136,23120,121,17035,17030,18506,11258
2017-03-15T01:00:00Z,43952,43809,22307,22280,143,18754,18749,19927,11283
2017-03-15T02:00:00Z,46665,46557,23572,23530,108,20042,20038,21588,11862
2017-03-15T03:00:00Z,44018,43886,22583,22554,132,19028,19022,20772,11547
2017-03-15T04:00:00Z,36149,35777,19049,19033,372,15041,15036,16789,9519
2017-03-15T05:00:00Z,37503,37033,19180,19156,470,16194,16190,17698,9682
2017-03-15T06:00:00Z,43438,42926,21117,21106,512,18798,18794,20437,10659
2017-03-15T07:00:00Z,47646,47084,23229,23205,562,20703,20699,22274,11654
2017-03-15T08:00:00Z,53573,53480,25769,25740,93,23873,23870,25034,13415
2017-03-15T09:00:00Z,59952,59745,29441,29407,207,26366,26363,27754,15709
2017-03-15T10:00:00Z,57787,57564,29069,29035,223,24995,24991,26240,15295
2017-03-15T11:00:00Z,53714,53602,26790,26764,112,22699,22696,24109,13974
2017-03-15T12:00:00Z,56310,55899,28393,28373,411,24095,24091,25784,14859
2017-03-15T13:00:00Z,65337,65141,33167,33133,196,27560,27557,29275,17326
2017-03-15T14:00:00Z,73537,73359,36222,36186,178,30947,30942,32398,19283
2017-03-15T15:00:00Z,73706,73570,36652,36621,136,31853,31846,33441,20130
2017-03-15T16:00:00Z,70087,69933,34456,34444,154,29567,29561,30803,18983
2017-03-15T17:00:00Z,66408,66077,32717,32677,331,27079,27073,28733,17392
2017-03-15T18:00:00Z,61637,61557,30771,30729,80,25190,25185,26685,16269
2017-03-15T19:00:00Z,59027,58887,30191,30160,140,23979,23971,25555,15693
2017-03-15T20:00:00Z,32390,32162,16635,16630,228,16523,16518,17418,10521
2017-03-15T21:00:00Z,49503,49277,25472,25460,226,21118,21113,22531,13975
2017-03-15T22:00:00Z,50842,50743,26185,26181,99,20483,20479,22315,13879
2017-03-15T23:00:00Z,45883,45415,24088,24085,468,18036,18031,19959,12146
2017-03-16T00:00:00Z,40024,39872,21481,21463,152,16347,16342,17920,10864
2017-03-16T01:00:00Z,43977,43868,22635,22607,109,18576,18571,19865,11383
2017-03-16T02:00:00Z,46577,46547,24424,24412,30,19867,19864,21500,11769
2017-03-16T03:00:00Z,44772,44731,23152,23147,41,19210,19205,20846,11573
2017-03-16T04:00:00Z,37396,37191,20442,20429,205,15194,15188,17179,9798
2017-03-16T05:00:00Z,38092,37813,19889,19875,279,16157,16153,17849,9753
2017-03-16T06:00:00Z,43000,42748,21226,21204,252,18972,18969,20646,11014
2017-03-16T07:00:00Z,46780,46637,22876,22846,143,20689,20686,22238,12010
2017-03-16T08:00:00Z,54108,53974,26597,26544,134,23754,23751,25107,13706
2017-03-16T09:00:00Z,63490,63370,30293,30269,120,26351,26347,27845,15398
2017-03-16T10:00:00Z,58716,58564,29329,29277,152,24691,24686,26217,15288
2017-03-16T11:00:00Z,54096,53139,27245,27216,957,22782,22776,24838,14249
2017-03-16T12:00:00Z,57030,56456,28551,28532,574,24320,24315,25796,15020
2017-03-16T13:00:00Z,65059,64958,32425,32397,101,27913,27909,29364,17428
2017-03-16T14:00:00Z,71948,71523,35865,35844,425,30913,30907,32328,19511
2017-03-16T15:00:00Z,71559,71324,35660,35630,235,30903,30897,32419,19628
2017-03-16T16:00:00Z,69046,68921,34825,34801,125,29149,29143,30675,18512
2017-03-16T17:00:00Z,64022,63852,32303,32280,170,26868,26862,28150,17173
2017-03-16T18:00:00Z,59840,59697,30354,30346,143,24831,24827,26060,16071
2017-03-16T19:00:00Z,57734,56960,29121,29113,774,23405,23401,25291,15346
2017-03-16T20:00:00Z,56204,56051,29137,29124,153,23425,23421,24934,15554
2017-03-16T21:00:00Z,54702,54349,28032,28017,353,22476,22473,23966,14911
2017-03-16T22:00:00Z,48204,47977,25735,25726,227,19826,19821,21239,13488
2017-03-16T23:00:00Z,41783,41689,22335,22330,94,16985,16981,18201,11318
2017-03-17T00:00:00Z,40141,39962,21475,21454,179,15952,15948,17442,10443
2017-03-17T01:00:00Z,41765,41680,21624,21586,85,17872,17869,18799,10687
2017-03-17T02:00:00Z,44081,43718,22282,22247,363,19098,19095,20374,11192
2017-03-17T03:00:00Z,43520,43061,22673,22651,459,18336,18333,19782,11142
2017-03-17T04:00:00Z,34733,34661,18730,18718,72,14308,14304,15515,9156
2017-03-17T05:00:00Z,34627,34571,17900,17870,56,15366,15362,16426,9115
2017-03-17T06:00:00Z,41164,41103,20777,20741,61,18312,18309,19528,10441
2017-03-17T07:00:00Z,44609,44522,22339,22300,87,20191,20187,21200,11644
2017-03-17T08:00:00Z,51782,51713,25753,25723,69,22903,22900,24158,13140
2017-03-17T09:00:00Z,58619,58524,29047,29007,95,25717,25714,27015,15237
2017-03-17T10:00:00Z,55023,54956,28230,28191,67,23931,23927,25017,14681
2017-03-17T11:00:00Z,49201,49080,25292,25269,121,21072,21067,22408,12915
2017-03-17T12:00:00Z,52762,52521,27216,27146,241,22361,22358,23872,13967
2017-03-17T13:00:00Z,60031,59835,30427,30378,196,25790,25785,27080,16059
2017-03-17T14:00:00Z,65798,65678,32945,32927,120,28268,28264,29423,17415
2017-03-17T15:00:00Z,67682,67494,34133,34100,188,28998,28991,30076,18178
2017-03-17T16:00:00Z,65447,65006,33302,33263,441,27118,27111,28405,17323
2017-03-17T17:00:00Z,59378,59291,30270,30254,87,24614,24609,25859,15735
2017-03-17T18:00:00Z,55752,55564,28594,28542,188,22714,22709,23852,14647
2017-03-17T19:00:00Z,53853,53263,26468,26465,590,20816,20813,22490,13534
2017-03-17T20:00:00Z,50839,50793,26596,26583,46,20472,20469,21932,13595
2017-03-17T21:00:00Z,48202,48057,25009,25001,145,19012,19006,20550,12778
2017-03-17T22:00:00Z,42425,41870,21474,21458,555,16596,16591,18922,10982
2017-03-17T23:00:00Z,35814,35229,19460,19457,585,13838,13834,15655,9609
2017-03-18T00:00:00Z,31956,31309,17572,17558,647,11858,11852,13616,8174
2017-03-18T01:00:00Z,30747,29965,15640,15620,782,11468,11465,13445,7343
2017-03-18T02:00:00Z,28679,27792,15375,15362,887,11141,11138,12864,7086
2017-03-18T03:00:00Z,28770,27881,15912,15883,889,11271,11266,13437,7470
2017-03-18T04:00:00Z,26019,25072,14153,14121,947,10178,10174,12162,6779
2017-03-18T05:00:00Z,26316,25520,14401,14386,796,10112,10108,11650,6570
2017-03-18T06:00:00Z,26720,26579,15027,15000,141,10831,10828,12181,6901
2017-03-18T07:00:00Z,27837,27762,15382,15359,75,11393,11390,12736,7113
2017-03-18T08:00:00Z,30547,30412,17153,17131,135,11913,11910,13911,7993
2017-03-18T09:00:00Z,31360,31278,17198,17165,82,12792,12789,14744,8525
2017-03-18T10:00:00Z,32565,32152,17060,17045,413,12876,12873,14787,8275
2017-03-18T11:00:00Z,32930,32667,18228,18218,263,13069,13066,14540,8398
2017-03-18T12:00:00Z,34966,34648,18630,18603,318,14233,14228,16037,9264
2017-03-18T13:00:00Z,37758,37701,20427,20402,57,15856,15853,17362,10105
2017-03-18T14:00:00Z,40581,40441,22262,22236,140,17185,17181,18861,11135
2017-03-18T15:00:00Z,41611,41500,23046,23027,111,17869,17866,19551,11854
2017-03-18T16:00:00Z,42644,42505,23868,23855,139,17392,17389,19164,11679
2017-03-18T17:00:00Z,42164,42083,23230,23225,81,16645,16641,18291,11248
2017-03-18T18:00:00Z,40535,40481,22360,22347,54,16189,16185,17891,11124
2017-03-18T19:00:00Z,38359,38246,21689,21676,113,15429,15426,17028,10594
2017-03-18T20:00:00Z,38499,38273,21770,21761,226,15003,15000,16559,10389
2017-03-18T21:00:00Z,36763,36380,20458,20447,383,14458,14455,16114,10090
2017-03-18T22:00:00Z,34477,34456,19791,19788,21,13293,13290,14777,9375
2017-03-18T23:00:00Z,31096,31065,18354,18348,31,11950,11947,13079,8327
2017-03-19T00:00:00Z,30097,30045,16882,16876,52,11005,11001,12530,7665
2017-03-19T01:00:00Z,27028,26969,15614,15609,59,10600,10597,11882,7130
2017-03-19T02:00:00Z,27347,27316,15718,15712,31,10984,10981,12236,7409
2017-03-19T03:00:00Z,26881,26825,15545,15532,56,10958,10955,12248,7380
2017-03-19T04:00:00Z,25771,25738,14692,14677,33,10559,10556,11827,7105
2017-03-19T05:00:00Z,25322,25221,14567,14520,101,10299,10296,11458,6909
2017-03-19T06:00:00Z,26339,26226,14678,14647,113,10855,10852,12058,7111
2017-03-19T07:00:00Z,27167,27111,15210,15171,56,11279,11276,12423,7270
2017-03-19T08:00:00Z,31030,30700,17233,17186,330,12206,12202,13946,7920
2017-03-19T09:00:00Z,31489,31439,18035,18011,50,12992,12989,14107,8248
2017-03-19T10:00:00Z,33584,33417,18891,18869,167,13491,13488,15095,9071
2017-03-19T11:00:00Z,35073,35021,20026,19994,52,14305,14302,15831,9531
2017-03-19T12:00:00Z,36745,36717,20261,20251,28,15469,15466,17037,10057
2017-03-19T13:00:00Z,40395,40368,22483,22476,27,17176,17172,18781,11316
2017-03-19T14:00:00Z,44938,44886,24661,24647,52,19110,19106,20975,12703
2017-03-19T15:00:00Z,46649,46568,25871,25858,81,20007,20003,21967,13553
2017-03-19T16:00:00Z,44612,44533,24990,24964,79,18640,18637,20373,12621
2017-03-19T17:00:00Z,45283,44905,25183,25175,378,18204,18201,20061,12378
2017-03-19T18:00:00Z,42356,41894,23970,23963,462,17555,17550,19404,12182
2017-03-19T19:00:00Z,43416,43295,24205,24189,121,17519,17515,19054,12228
2017-03-19T20:00:00Z,44673,44607,24621,24605,66,17356,17353,19115,12408
2017-03-19T21:00:00Z,43594,43511,23499,23491,83,17050,17047,18950,12158
2017-03-19T22:00:00Z,39339,38729,21419,21397,610,15641,15637,17767,11041
2017-03-19T23:00:00Z,34577,34509,19473,19453,68,13862,13859,15423,9675
2017-03-20T00:00:00Z,33062,33005,19047,19030,57,13497,13493,15105,9267
2017-03-20T01:00:00Z,38029,37971,20335,20315,58,16311,16307,17334,10126
2017-03-20T02:00:00Z,42499,42175,22086,22056,324,18249,18246,19613,10969
2017-03-20T03:00:00Z,39422,39337,20790,20756,85,17233,17229,18444,10389
2017-03-20T04:00:00Z,32150,32068,17609,17580,82,13939,13936,15002,8926
2017-03-20T05:00:00Z,33108,32992,17020,17004,116,14706,14702,15796,8777
2017-03-20T06:00:00Z,39050,38930,19319,19307,120,17678,17674,18946,10124
2017-03-20T07:00:00Z,42620,42561,20850,20833,59,19635,19631,20906,11371
2017-03-20T08:00:00Z,51615,51508,24705,24674,107,22870,22866,24158,13273
2017-03-20T09:00:00Z,56525,56419,27334,27308,106,25312,25307,26540,14834
2017-03-20T10:00:00Z,56219,55990,27290,27265,229,24529,24523,25521,14726
2017-03-20T11:00:00Z,52165,52065,26080,26053,100,22949,22944,24036,13965
2017-03-20T12:00:00Z,55628,55554,28063,28038,74,24485,24482,25760,15056
2017-03-20T13:00:00Z,63258,63181,31310,31288,77,28215,28212,29325,17208
2017-03-20T14:00:00Z,72604,72406,36465,36424,198,31744,31741,33037,19874
2017-03-20T15:00:00Z,74182,73979,37266,37215,203,31834,31829,33409,20382
2017-03-20T16:00:00Z,74748,74465,37444,37401,283,30090,30085,31898,19384
2017-03-20T17:00:00Z,70162,69358,34763,34756,804,27714,27710,29776,17953
2017-03-20T18:00:00Z,64264,64036,31364,31355,228,25784,25780,27458,16573
2017-03-20T19:00:00Z,60468,60067,30495,30473,401,24961,24958,26388,16318
2017-03-20T20:00:00Z,65859,65693,30493,30483,166,24653,24649,27367,16396
2017-03-20T21:00:00Z,57763,57605,30718,30711,158,23798,23795,25251,15896
2017-03-20T22:00:00Z,54551,53874,27990,27988,677,21188,21184,23485,14178
2017-03-20T23:00:00Z,47069,46391,24924,24916,678,18239,18235,20784,12497
2017-03-21T00:00:00Z,43416,42714,23479,23471,702,16802,16797,18645,11166
2017-03-21T01:00:00Z,46074,45277,24028,23989,797,18903,18899,20399,11616
2017-03-21T02:00:00Z,49568,48867,25476,25378,701,20382,20379,22258,12383
2017-03-21T03:00:00Z,45833,45374,24261,24113,459,19222,19219,20718,11777
2017-03-21T04:00:00Z,37583,37477,21212,21169,106,15196,15193,16683,10013
2017-03-21T05:00:00Z,38882,38569,21374,21296,313,15941,15938,17467,9787
2017-03-21T06:00:00Z,45275,45125,24221,24185,150,18474,18471,19911,10690
2017-03-21T07:00:00Z,48791,48523,25282,25257,268,20258,20254,21561,11600
2017-03-21T08:00:00Z,56172,55942,27973,27945,230,24035,24032,25374,13833
2017-03-21T09:00:00Z,63152,62951,32329,32259,201,26675,26671,27916,15756
2017-03-21T10:00:00Z,61863,61514,31790,31781,349,25783,25779,27156,15691
2017-03-21T11:00:00Z,56001,55533,29410,29392,468,23495,23491,24732,14303
2017-03-21T12:00:00Z,60208,59909,31201,31112,299,25496,25491,26842,15669
2017-03-21T13:00:00Z,70627,70411,36188,36124,216,29348,29343,30596,18274
2017-03-21T14:00:00Z,76474,76301,39508,39489,173,32181,32178,33396,20250
2017-03-21T15:00:00Z,79933,79586,39542,39504,347,33012,33007,35129,20785
2017-03-21T16:00:00Z,75025,74737,38227,38158,288,30723,30720,32596,19893
2017-03-21T17:00:00Z,69832,69708,36033,36019,124,27887,27883,29327,18062
2017-03-21T18:00:00Z,63816,63729,33069,33059,87,26108,26103,27423,16768
2017-03-21T19:00:00Z,61411,61332,32901,32894,79,24823,24819,26038,16323
2017-03-21T20:00:00Z,63959,63647,34089,34031,312,25336,25332,26860,16859
2017-03-21T21:00:00Z,62147,61500,32712,32685,647,24217,24213,26207,16314
2017-03-21T22:00:00Z,54560,54359,28652,28644,201,21564,21560,23318,14506
2017-03-21T23:00:00Z,48312,47577,25805,25802,735,18404,18400,20432,12457
2017-03-22T00:00:00Z,44989,44348,24379,24361,641,17023,17019,18880,11285
2017-03-22T01:00:00Z,45373,44666,23844,23827,707,18736,18733,20198,11494
2017-03-22T02:00:00Z,48052,47408,25048,25010,644,20006,20003,21677,12057
2017-03-22T03:00:00Z,43696,43567,22476,22468,129,19179,19175,20786,11561
2017-03-22T04:00:00Z,35368,35294,19332,19315,74,15043,15039,16413,9807
2017-03-22T05:00:00Z,38591,38510,20684,20625,81,16106,16102,17545,9899
2017-03-22T06:00:00Z,43006,42890,21921,21896,116,18608,18604,19916,10787
2017-03-22T07:00:00Z,48463,48401,24038,24018,62,20676,20672,22286,11866
2017-03-22T08:00:00Z,54355,54059,26673,26642,296,23732,23729,25526,13788
2017-03-22T09:00:00Z,59307,59222,29492,29464,85,26426,26423,27848,15772
2017-03-22T10:00:00Z,58462,58363,29473,29451,99,25350,25347,26709,15541
2017-03-22T11:00:00Z,55447,55237,28664,28662,210,23212,23207,24535,14267
2017-03-22T12:00:00Z,58734,58585,30106,30097,149,25717,25712,27089,15912
2017-03-22T13:00:00Z,68387,68180,34239,34220,207,29566,29562,30741,18223
2017-03-22T14:00:00Z,76010,75416,37678,37646,594,32787,32782,34123,20231
2017-03-22T15:00:00Z,79172,78147,39222,39191,1025,33327,33320,35529,21084
2017-03-22T16:00:00Z,73204,72825,37660,37651,379,30421,30415,32076,19803
2017-03-22T17:00:00Z,67377,67277,34234,34225,100,27522,27519,28950,17832
2017-03-22T18:00:00Z,62257,61986,31550,31525,271,25682,25679,26957,16585
2017-03-22T19:00:00Z,60052,59933,30860,30852,119,24672,24668,26105,16040
2017-03-22T20:00:00Z,61816,61713,32217,32208,103,24878,24875,26374,16552
2017-03-22T21:00:00Z,58530,58394,30658,30657,136,23740,23736,25258,15976
2017-03-22T22:00:00Z,50475,50290,27135,27125,185,20887,20884,22268,14133
2017-03-22T23:00:00Z,45579,44863,24722,24693,716,17982,17979,19557,12265
2017-03-23T00:00:00Z,42227,42037,23830,23809,190,16875,16871,18166,11340
2017-03-23T01:00:00Z,44419,44271,23613,23517,148,18545,18541,20015,11338
2017-03-23T02:00:00Z,47176,47012,24463,24327,164,20050,20047,21641,11893
2017-03-23T03:00:00Z,45449,45377,24407,24362,72,19017,19014,20794,11768
2017-03-23T04:00:00Z,36339,36294,20484,20465,45,14930,14927,16545,9841
2017-03-23T05:00:00Z,37526,37277,19977,19812,249,15830,15827,17165,9587
2017-03-23T06:00:00Z,42656,42439,21144,21118,217,18566,18563,20241,10776
2017-03-23T07:00:00Z,47211,46851,23503,23450,360,20441,20438,21970,11934
2017-03-23T08:00:00Z,54916,54830,27042,27004,86,23582,23578,24984,13637
2017-03-23T09:00:00Z,59635,59565,30133,30108,70,26374,26371,27858,15825
2017-03-23T10:00:00Z,58617,58497,29588,29565,120,25249,25245,26608,15596
2017-03-23T11:00:00Z,53701,53623,27547,27519,78,23188,23185,24668,14492
2017-03-23T12:00:00Z,58159,58033,29852,29819,126,24953,24948,26053,15316
2017-03-23T13:00:00Z,66370,66043,33411,33346,327,28313,28309,29796,17620
2017-03-23T14:00:00Z,75099,74927,37479,37457,172,31947,31943,33332,20063
2017-03-23T15:00:00Z,75801,75712,38674,38641,89,32395,32391,33585,20786
2017-03-23T16:00:00Z,70736,70597,36922,36888,139,29763,29758,31151,19353
2017-03-23T17:00:00Z,66870,66681,33206,33192,189,27087,27082,28580,17405
2017-03-23T18:00:00Z,63335,62705,31386,31361,630,25711,25707,27569,16503
2017-03-23T19:00:00Z,58841,58095,29711,29668,746,24154,24149,25841,15683
2017-03-23T20:00:00Z,59888,59676,30756,30733,212,24044,24039,25657,15884
2017-03-23T21:00:00Z,57274,57145,29906,29876,129,22885,22882,24569,15719
2017-03-23T22:00:00Z,49112,49018,25576,25541,94,20046,20041,21368,13437
2017-03-23T23:00:00Z,43477,43367,22959,22922,110,17383,17379,18498,11604
2017-03-24T00:00:00Z,39569,39239,21483,21443,330,15899,15895,17290,10424
2017-03-24T02:00:00Z,44577,44319,22698,22682,258,19096,19093,20504,11256
2017-03-24T04:00:00Z,35230,35102,19366,19354,128,14399,14396,15815,9201
2017-03-24T05:00:00Z,38448,38373,19124,19097,75,15307,15303,16627,9323
2017-03-24T06:00:00Z,42496,42446,21628,21595,50,17891,17888,19253,10474
2017-03-24T07:00:00Z,47384,47275,24594,24503,109,20022,20019,21422,11608
2017-03-24T08:00:00Z,54651,54462,28451,28362,189,22821,22817,24003,13392
2017-03-24T09:00:00Z,59730,59546,31211,31119,184,25383,25380,26828,15268
2017-03-24T10:00:00Z,58194,58144,29574,29553,50,23919,23915,26157,15209
2017-03-24T11:00:00Z,49801,49616,25665,25640,185,20931,20927,22230,13157
2017-03-24T12:00:00Z,54009,53471,27698,27674,538,22438,22435,24098,14124
2017-03-24T13:00:00Z,61128,60881,31551,31534,247,25753,25748,27207,16146
2017-03-24T14:00:00Z,67102,67002,34149,34101,100,28285,28281,29467,17687
2017-03-24T15:00:00Z,68545,68179,35253,35191,366,28781,28778,30250,18448
2017-03-24T16:00:00Z,66486,65986,34597,34545,500,26878,26873,29152,17885
2017-03-24T17:00:00Z,60256,59933,31369,31339,323,24575,24570,25994,15884
2017-03-24T18:00:00Z,57443,57096,30306,30265,347,22740,22736,24336,14783
2017-03-24T19:00:00Z,55356,55253,29518,29494,103,21097,21094,22611,14116
2017-03-24T20:00:00Z,53317,52926,28607,28593,391,20594,20591,22168,13794
2017-03-24T21:00:00Z,50926,50783,27521,27505,143,19261,19257,20704,12990
2017-03-24T22:00:00Z,43532,43460,24322,24317,72,16689,16685,18266,11530
2017-03-24T23:00:00Z,37594,37456,20943,20940,138,14159,14156,15603,9754
2017-03-25T00:00:00Z,35442,34649,19872,19841,793,12634,12628,14428,8338
2017-03-25T01:00:00Z,32324,31465,18065,18038,859,11564,11561,13426,7625
2017-03-25T02:00:00Z,30645,30400,17225,17215,245,11529,11526,12899,7402
2017-03-25T03:00:00Z,30551,30314,17189,17181,237,11479,11476,12903,7401
2017-03-25T04:00:00Z,27198,27163,16213,16203,35,10280,10277,11624,6946
2017-03-25T05:00:00Z,26552,26495,15566,15550,57,9954,9951,11225,6588
2017-03-25T06:00:00Z,28360,28246,16531,16505,114,10535,10532,11930,6837
2017-03-25T07:00:00Z,29052,28967,16614,16606,85,11233,11229,12726,7148
2017-03-25T08:00:00Z,30383,30305,17184,17179,78,11849,11846,13392,7549
2017-03-25T09:00:00Z,31889,31840,17630,17622,49,12443,12439,13888,7914
2017-03-25T10:00:00Z,31649,31603,18111,18087,46,12655,12651,14027,8387
2017-03-25T11:00:00Z,32459,32411,18274,18250,48,12654,12651,14322,8504
2017-03-25T12:00:00Z,36195,36009,19721,19557,186,13772,13769,15635,9248
2017-03-25T13:00:00Z,38122,38006,20680,20660,116,15098,15095,16927,9968
2017-03-25T14:00:00Z,41594,41490,21124,21120,104,16920,16915,18640,11104
2017-03-25T15:00:00Z,44641,44575,23999,23967,66,17402,17397,19256,11625
2017-03-25T16:00:00Z,44443,44153,25179,25157,290,17341,17337,19317,11761
2017-03-25T17:00:00Z,43364,43094,24560,24540,270,16636,16633,18458,11408
2017-03-25T18:00:00Z,40413,40361,22747,22726,52,16291,16288,17815,10998
2017-03-25T19:00:00Z,38556,38519,21759,21752,37,15434,15431,16872,10521
2017-03-25T20:00:00Z,40092,39624,22195,22176,468,15203,15198,17166,10451
2017-03-25T21:00:00Z,37298,36835,21107,21102,463,14612,14609,16264,10175
2017-03-25T22:00:00Z,34178,34022,19319,19294,156,13217,13213,14415,9100
2017-03-25T23:00:00Z,31042,31003,18072,18066,39,11648,11644,12961,8281
2017-03-26T00:00:00Z,28575,28538,17323,17305,37,10772,10768,12164,7609
2017-03-26T01:00:00Z,28487,28462,16939,16938,25,10544,10541,11956,7382
2017-03-26T02:00:00Z,28361,27917,16263,16259,444,10850,10847,12210,7253
2017-03-26T03:00:00Z,28580,28551,16548,16540,29,10990,10987,12867,7409
2017-03-26T04:00:00Z,26707,26670,15710,15700,37,10330,10327,11645,6957
2017-03-26T05:00:00Z,25743,25671,15120,15116,72,10074,10071,11175,6635
2017-03-26T06:00:00Z,27254,27195,15352,15340,59,10591,10588,11980,6910
2017-03-26T07:00:00Z,28589,28561,16112,16101,28,11257,11254,12656,7276
2017-03-26T08:00:00Z,31113,31072,18030,18018,41,11957,11954,13529,7874
2017-03-26T09:00:00Z,31310,31272,17987,17976,38,12597,12594,14189,8339
2017-03-26T10:00:00Z,32416,32376,18765,18746,40,12913,12910,14471,8583
2017-03-26T11:00:00Z,33129,33080,18989,18974,49,13292,13289,14798,8980
2017-03-26T12:00:00Z,35544,35478,20148,20104,66,14733,14730,16220,9785
2017-03-26T13:00:00Z,40433,40227,22409,22406,206,16669,16665,18505,11045
2017-03-26T14:00:00Z,44204,44144,24997,24972,60,18499,18495,20372,12365
2017-03-26T15:00:00Z,44561,44501,25328,25310,60,19026,19023,20776,13059
2017-03-26T16:00:00Z,43718,43651,25051,25032,67,17756,17753,19410,12288
2017-03-26T17:00:00Z,64239,64175,42805,42770,64,17618,17615,19323,12407
2017-03-26T18:00:00Z,94278,94190,69206,69167,88,17705,17702,19398,12306
2017-03-26T19:00:00Z,86372,86301,66837,66827,71,17003,17000,18535,11950
2017-03-26T20:00:00Z,72739,72617,54332,54323,122,17325,17322,18993,12441
2017-03-26T21:00:00Z,68440,68354,51301,51290,86,16576,16573,18196,11855
2017-03-26T22:00:00Z,59333,59133,44001,43988,200,14421,14418,15906,10259
2017-03-26T23:00:00Z,54570,54392,39607,39603,178,12566,12563,13938,8830
2017-03-27T00:00:00Z,53041,52865,37380,37369,176,12992,12987,14425,8948
2017-03-27T01:00:00Z,56859,56782,38305,38295,77,15964,15959,17464,10069
2017-03-27T02:00:00Z,57813,57608,37993,37973,205,18158,18154,19559,10920
2017-03-27T03:00:00Z,67999,67930,49121,49100,69,17638,17634,19214,10765
2017-03-27T04:00:00Z,66982,66876,51969,51945,106,14135,14131,15546,9199
2017-03-27T05:00:00Z,48933,48849,31904,31866,84,15507,15503,16883,9437
2017-03-27T06:00:00Z,57303,57196,35010,34963,107,19793,19787,21121,11553
2017-03-27T07:00:00Z,67689,67555,41023,40977,134,22846,22841,23791,12968
2017-03-27T08:00:00Z,97704,97564,67662,67596,140,25666,25662,26776,14793
2017-03-27T09:00:00Z,76991,76824,45950,45903,167,26947,26943,28513,15933
2017-03-27T10:00:00Z,69181,69049,43036,43010,132,23958,23954,24999,14797
2017-03-27T11:00:00Z,93001,92826,66309,66272,175,23477,23474,24598,14352
2017-03-27T12:00:00Z,81710,81590,52551,52505,120,26055,26050,27050,15970
2017-03-27T13:00:00Z,90742,90605,57307,57274,137,29153,29150,30073,17720
2017-03-27T14:00:00Z,100604,100365,65295,65261,239,31780,31776,32604,19777
2017-03-27T15:00:00Z,92889,92705,58214,58156,184,31392,31388,32470,19932
2017-03-27T16:00:00Z,67325,67165,35115,35085,160,27775,27769,29157,17762
2017-03-27T17:00:00Z,62306,62116,30918,30902,190,26320,26315,27565,16723
2017-03-27T18:00:00Z,62475,61587,30307,30287,888,25876,25871,27297,16428
2017-03-27T19:00:00Z,62391,62267,32254,32231,124,25799,25796,27104,16957
2017-03-27T20:00:00Z,67645,67485,38441,38393,160,25482,25479,26576,16781
2017-03-27T21:00:00Z,57132,57013,30695,30687,119,22837,22833,23922,15145
2017-03-27T22:00:00Z,47615,47468,25316,25306,147,19401,19397,20588,13004
2017-03-27T23:00:00Z,42154,41752,22687,22685,402,16581,16577,17917,11065
2017-03-28T00:00:00Z,40540,40428,22108,22092,112,16062,16057,17485,10612
2017-03-28T01:00:00Z,45070,45009,24276,24258,61,18637,18632,19845,11187
2017-03-28T02:00:00Z,47472,47367,25008,24982,105,19869,19865,21331,11861
2017-03-28T03:00:00Z,49562,49498,25695,25667,64,19481,19477,21126,11898
2017-03-28T04:00:00Z,37127,37063,20672,20666,64,15296,15292,16741,9688
2017-03-28T05:00:00Z,43743,42963,23203,23179,780,16832,16828,18896,10095
2017-03-28T06:00:00Z,49904,49263,25514,25482,641,20672,20669,22564,12067
2017-03-28T07:00:00Z,55175,55027,27769,27672,148,23542,23537,24682,13425
2017-03-28T08:00:00Z,61641,61523,30583,30546,118,26358,26354,27361,15267
2017-03-28T09:00:00Z,64694,64587,33613,33577,107,27229,27224,28593,16397
2017-03-28T10:00:00Z,57262,57108,30661,30635,154,24116,24110,25459,14954
2017-03-28T11:00:00Z,56083,55724,28874,28838,359,23369,23364,24835,14493
2017-03-28T12:00:00Z,59889,59799,30317,30293,90,25816,25810,26873,15884
2017-03-28T13:00:00Z,68458,67961,33523,33497,497,29117,29111,30514,17914
2017-03-28T14:00:00Z,72859,72538,36638,36606,321,31668,31664,33149,19943
2017-03-28T15:00:00Z,73972,73863,38127,38110,109,31459,31455,33191,20430
2017-03-28T16:00:00Z,73250,72811,41010,40885,439,28045,28040,29474,17983
2017-03-28T17:00:00Z,70260,69694,38984,38942,566,25839,25833,27560,16402
2017-03-28T18:00:00Z,70146,69808,39362,39352,338,25299,25294,26711,16353
2017-03-28T19:00:00Z,66105,65941,37066,36983,164,24910,24907,26149,16394
2017-03-28T20:00:00Z,69318,68985,39435,39424,333,25000,24995,26862,16804
2017-03-28T21:00:00Z,63087,62940,36652,36616,147,22943,22940,24402,15604
2017-03-28T22:00:00Z,55342,55203,33369,33361,139,19111,19108,20459,12865
2017-03-28T23:00:00Z,41437,41142,21375,21342,295,16286,16281,18456,11141
2017-03-29T00:00:00Z,40061,39971,22306,22277,90,15711,15706,17074,10557
2017-03-29T01:00:00Z,47706,47513,25004,24991,193,18641,18638,20107,11190
2017-03-29T02:00:00Z,44894,44843,23409,23375,51,19444,19441,21048,11662
2017-03-29T03:00:00Z,44594,44527,23378,23340,67,18999,18996,20438,11409
2017-03-29T04:00:00Z,35697,35671,19279,19277,26,14942,14939,16467,9515
2017-03-29T05:00:00Z,38697,38433,19674,19625,264,16582,16578,18007,9990
2017-03-29T06:00:00Z,47973,47595,23686,23668,378,20676,20672,22465,12187
2017-03-29T07:00:00Z,54069,53886,26932,26901,183,23490,23487,24599,13474
2017-03-29T08:00:00Z,61999,61873,31745,31710,126,26071,26068,27156,15142
2017-03-29T09:00:00Z,64768,64688,33563,33538,80,27302,27298,28568,16459
2017-03-29T10:00:00Z,57382,57316,30258,30239,66,24334,24330,25700,15143
2017-03-29T11:00:00Z,54589,54505,28391,28383,84,23263,23260,24347,14389
2017-03-29T12:00:00Z,61556,61447,32133,32127,109,26155,26152,27458,16308
2017-03-29T13:00:00Z,69234,69125,34919,34897,109,29854,29851,31091,18399
2017-03-29T14:00:00Z,74468,74353,37873,37834,115,31855,31851,33194,19909
2017-03-29T15:00:00Z,72791,72604,37182,37161,187,31204,31200,32895,20162
2017-03-29T16:00:00Z,66790,66731,34659,34644,59,27732,27728,29302,18103
2017-03-29T17:00:00Z,63368,63012,32122,32110,356,25974,25971,27402,16838
2017-03-29T18:00:00Z,63340,62676,31126,31116,664,25543,25540,27306,16422
2017-03-29T19:00:00Z,59800,59200,31171,31157,600,24870,24865,26456,16355
2017-03-29T20:00:00Z,59825,59414,30684,30640,411,24936,24932,26718,16553
2017-03-29T21:00:00Z,56717,56502,29621,29609,215,22492,22488,24229,15275
2017-03-29T22:00:00Z,48289,48204,26021,26007,85,19037,19032,20363,13031
2017-03-29T23:00:00Z,42134,41788,23153,23146,346,15983,15979,17483,11038
2017-03-30T00:00:00Z,41829,40890,23367,23353,939,15789,15785,17235,10522
2017-03-30T01:00:00Z,44940,44827,24704,24686,113,18218,18214,19763,11310
2017-03-30T02:00:00Z,46355,46270,24460,24434,85,19621,19617,21020,11780
2017-03-30T03:00:00Z,44969,44805,23910,23899,164,19220,19217,20899,11604
2017-03-30T04:00:00Z,36649,36570,20450,20407,79,15243,15240,16540,9725
2017-03-30T05:00:00Z,39148,39115,20408,20399,33,16710,16705,18299,10053
2017-03-30T06:00:00Z,48412,48177,23684,23661,235,20952,20948,22410,11954
2017-03-30T07:00:00Z,55131,54543,27153,27135,588,23918,23915,25227,13758
2017-03-30T08:00:00Z,59095,58998,29681,29643,97,26217,26214,27108,15061
2017-03-30T09:00:00Z,63210,63025,31374,31347,185,27325,27321,28501,16138
2017-03-30T10:00:00Z,55785,55650,28359,28334,135,24046,24042,25382,15016
2017-03-30T11:00:00Z,53816,53680,27611,27588,136,23092,23087,24697,14432
2017-03-30T12:00:00Z,60165,60118,30846,30842,47,25702,25698,27041,16060
2017-03-30T13:00:00Z,67450,67348,34121,34117,102,28911,28908,30127,18233
2017-03-30T14:00:00Z,76681,76543,38290,38279,138,31211,31207,32628,19586
2017-03-30T15:00:00Z,76543,76458,37958,37950,85,30878,30874,32237,19741
2017-03-30T16:00:00Z,68428,67791,34576,34562,637,27484,27480,29652,17394
2017-03-30T17:00:00Z,64677,63734,32110,32087,943,25412,25408,27079,16368
2017-03-30T18:00:00Z,63935,63140,32144,32126,795,25138,25135,26679,16397
2017-03-30T19:00:00Z,61403,61192,31803,31786,211,24382,24379,26146,16230
2017-03-30T20:00:00Z,60844,60446,31371,31332,398,24329,24326,25910,16285
2017-03-30T21:00:00Z,55689,55131,29573,29548,558,22139,22136,23532,14862
2017-03-30T22:00:00Z,46513,46428,25209,25187,85,18557,18552,20013,12725
2017-03-30T23:00:00Z,39869,39416,21428,21426,453,15579,15576,16946,10412
2017-03-31T00:00:00Z,38867,38673,21432,21424,194,14948,14943,16470,9882
2017-03-31T01:00:00Z,42748,42557,23008,23002,191,17541,17538,18915,10599
2017-03-31T02:00:00Z,45731,45198,23246,23146,533,19018,19014,20817,11305
2017-03-31T03:00:00Z,42523,42417,22201,22165,106,18276,18271,19775,10975
2017-03-31T04:00:00Z,34380,34295,18569,18548,85,14555,14550,15934,9299
2017-03-31T05:00:00Z,37643,37206,18994,18975,437,15997,15992,17674,9608
2017-03-31T06:00:00Z,47174,47078,23816,23773,96,20241,20236,21618,11883
2017-03-31T07:00:00Z,52391,52335,26326,26316,56,22719,22716,24145,13265
2017-03-31T08:00:00Z,57757,57411,28817,28806,346,25096,25092,26795,14904
2017-03-31T09:00:00Z,60258,59967,30221,30194,291,25920,25917,27931,15659
2017-03-31T10:00:00Z,53466,52744,27413,27396,722,22836,22832,24399,14277
2017-03-31T11:00:00Z,50267,50121,26199,26153,146,21295,21292,22484,13409
2017-03-31T12:00:00Z,54866,54780,27705,27691,86,23813,23810,25298,14896
2017-03-31T13:00:00Z,60483,60384,30330,30309,99,26580,26576,27844,16659
2017-03-31T14:00:00Z,65269,65125,33154,33145,144,28447,28444,29847,17932
2017-03-31T15:00:00Z,65545,65412,34183,34178,133,27721,27716,29324,18030
2017-03-31T16:00:00Z,60686,60367,31213,31209,319,24920,24916,26611,16215
2017-03-31T17:00:00Z,55872,55615,28776,28755,257,22537,22533,23823,14578
2017-03-31T18:00:00Z,55051,54868,28313,28292,183,21761,21756,23158,14279
2017-03-31T19:00:00Z,52998,52688,27508,27495,310,20826,20821,22482,13961
2017-03-31T20:00:00Z,54264,54141,26715,26712,123,20790,20786,23021,13664
2017-03-31T21:00:00Z,47217,46290,24760,24756,927,18375,18372,20530,12421
2017-03-31T22:00:00Z,40740,39926,21846,21845,814,15460,15457,17640,10687
2017-03-31T23:00:00Z,34800,33887,19130,19128,913,12995,12990,14954,8956
2017-04-01T00:00:00Z,32021,31341,17774,17770,680,11788,11782,13584,8112
2017-04-01T01:00:00Z,34095,34002,18852,18850,93,13098,13094,14415,7952
2017-04-01T02:00:00Z,35862,35596,18572,18569,266,14380,14377,16109,8429
2017-04-01T03:00:00Z,34626,34548,18588,18583,78,14249,14246,15873,8610
2017-04-01T04:00:00Z,27908,27666,15862,15844,242,10727,10723,12259,6922
2017-04-01T05:00:00Z,29235,29002,16014,15992,233,11742,11739,13084,7117
2017-04-01T06:00:00Z,35191,35080,18495,18464,111,14214,14211,15852,8250
2017-04-01T07:00:00Z,36550,36467,19719,19679,83,14967,14964,16732,9005
2017-04-01T08:00:00Z,41644,41373,20525,20496,271,15861,15859,17666,9408
2017-04-01T09:00:00Z,40072,39890,21400,21360,182,16789,16787,18734,10387
2017-04-01T10:00:00Z,34415,34357,19365,19328,58,14640,14637,16350,9543
2017-04-01T11:00:00Z,31952,31825,17284,17272,127,12778,12775,14401,8450
2017-04-01T12:00:00Z,34783,34263,17943,17936,520,13375,13371,15149,8739
2017-04-01T13:00:00Z,38161,38074,20087,20068,87,14532,14528,16120,9543
2017-04-01T14:00:00Z,39844,39747,22138,22123,97,16087,16082,17679,10626
2017-04-01T15:00:00Z,41563,41418,22941,22909,145,16610,16606,18455,10979
2017-04-01T16:00:00Z,42242,41998,23680,23665,244,16300,16296,17913,10947
2017-04-01T17:00:00Z,40895,40752,23335,23325,143,15715,15712,17067,10564
2017-04-01T18:00:00Z,40328,40291,22714,22710,37,15588,15584,16856,10507
2017-04-01T19:00:00Z,40190,40131,23017,23007,59,15005,15001,16595,10362
2017-04-01T20:00:00Z,38424,38354,22276,22262,70,14782,14778,16220,10246
2017-04-01T21:00:00Z,35493,35347,20609,20604,146,13826,13822,15152,9701
2017-04-01T22:00:00Z,32356,32307,18908,18897,49,12257,12253,13800,8693
2017-04-01T23:00:00Z,29353,29288,16987,16971,65,10762,10758,12346,7611
2017-04-02T00:00:00Z,27346,27329,16234,16229,17,9825,9821,11560,6931
2017-04-02T01:00:00Z,27589,27557,16645,16644,32,9744,9741,11434,6646
2017-04-02T02:00:00Z,27198,27155,15903,15888,43,10057,10052,11883,6827
2017-04-02T03:00:00Z,27190,27133,16001,15995,57,10268,10265,11847,6925
2017-04-02T04:00:00Z,25871,25836,15063,15059,35,9393,9390,11272,6449
2017-04-02T05:00:00Z,26027,25972,15146,15136,55,9571,9567,11150,6427
2017-04-02T06:00:00Z,27121,27060,15785,15775,61,10038,10035,11388,6822
2017-04-02T07:00:00Z,29063,28853,16517,16506,210,10888,10885,12612,7253
2017-04-02T08:00:00Z,30842,30732,17933,17905,110,11430,11427,12961,7520
2017-04-02T09:00:00Z,33214,33123,19528,19507,91,12405,12402,14104,8190
2017-04-02T10:00:00Z,34123,33746,19785,19754,377,12641,12638,14530,8509
2017-04-02T11:00:00Z,32699,32545,18912,18874,154,12632,12630,14188,8591
2017-04-02T12:00:00Z,35085,34952,20417,20371,133,13488,13485,15007,9145
2017-04-02T13:00:00Z,38161,37936,21347,21323,225,15204,15201,16978,10199
2017-04-02T14:00:00Z,40037,39976,22471,22459,61,16570,16566,18259,11175
2017-04-02T15:00:00Z,41146,41069,23589,23547,77,17285,17281,19133,11904
2017-04-02T16:00:00Z,41122,40856,23352,23345,266,16769,16764,18659,11426
2017-04-02T17:00:00Z,41987,41934,24412,24406,53,16879,16874,18509,11739
2017-04-02T18:00:00Z,41609,41547,23823,23820,62,16853,16850,18573,11836
2017-04-02T19:00:00Z,42108,42003,24528,24517,105,17068,17065,18656,12186
2017-04-02T20:00:00Z,42085,42024,24501,24460,61,16839,16836,18325,11934
2017-04-02T21:00:00Z,38237,38166,22221,22219,71,15612,15608,17148,11147
2017-04-02T22:00:00Z,34100,33927,20171,20171,173,13538,13536,14835,9657
2017-04-02T23:00:00Z,32083,31532,18618,18614,551,12223,12220,13967,8731
2017-04-03T00:00:00Z,32334,32282,19270,19259,52,11900,11896,13540,8474
2017-04-03T01:00:00Z,33453,33365,19711,19696,88,12828,12825,14335,8687
2017-04-03T02:00:00Z,34709,34670,20177,20155,39,13510,13505,15246,9294
2017-04-03T03:00:00Z,33469,33390,19401,19394,79,13323,13318,14789,9058
2017-04-03T04:00:00Z,31507,31452,18088,18048,55,12665,12662,14066,8563
2017-04-03T05:00:00Z,32029,31916,17798,17762,113,12935,12931,14813,8595
2017-04-03T06:00:00Z,36068,35990,19121,19077,78,15037,15034,16740,9436
2017-04-03T07:00:00Z,42799,42678,21489,21424,121,18277,18274,19869,11082
2017-04-03T08:00:00Z,49807,48863,24293,24254,944,20244,20241,22252,12303
2017-04-03T09:00:00Z,51544,51289,26015,26001,255,20908,20905,22679,13150
2017-04-03T10:00:00Z,47018,46848,24479,24442,170,19567,19562,20979,12421
2017-04-03T11:00:00Z,46980,46839,24289,24259,141,19909,19906,21448,12556
2017-04-03T12:00:00Z,56253,56146,28839,28801,107,22881,22877,24592,14715
2017-04-03T13:00:00Z,65389,65318,33161,33148,71,27089,27086,28147,16925
2017-04-03T14:00:00Z,67886,67824,34345,34327,62,29336,29333,30582,18559
2017-04-03T15:00:00Z,66842,66502,33293,33277,340,28939,28935,30337,18597
2017-04-03T16:00:00Z,62499,62275,31003,30993,224,26406,26402,27682,16829
2017-04-03T17:00:00Z,60611,60358,30465,30455,253,25215,25212,26385,15976
2017-04-03T18:00:00Z,61774,61660,30705,30695,114,24617,24613,25761,15830
2017-04-03T19:00:00Z,58889,58686,30019,29995,203,24177,24172,25651,15979
2017-04-03T20:00:00Z,59822,59402,30453,30433,420,24608,24603,26036,16318
2017-04-03T21:00:00Z,54759,54661,28610,28597,98,22031,22027,23556,14958
2017-04-03T22:00:00Z,46598,46321,24794,24775,277,18461,18456,20259,12661
2017-04-03T23:00:00Z,40172,39584,21430,21389,588,15856,15852,17299,10651
2017-04-04T00:00:00Z,37207,37152,20265,20258,55,14648,14643,16038,9926
2017-04-04T01:00:00Z,36858,36844,20429,20425,14,14493,14490,15990,9606
2017-04-04T02:00:00Z,37534,37500,20467,20466,34,14928,14924,16389,9804
2017-04-04T03:00:00Z,35128,35093,19653,19645,35,14387,14384,15904,9580
2017-04-04T04:00:00Z,34093,34047,18736,18715,46,14271,14268,15725,9458
2017-04-04T05:00:00Z,34486,34423,18462,18438,63,14290,14287,15833,9320
2017-04-04T06:00:00Z,39492,39337,20670,20637,155,16404,16400,18293,10561
2017-04-04T07:00:00Z,46709,46619,24252,24206,90,19618,19614,21122,11971
2017-04-04T08:00:00Z,51306,51169,26282,26239,137,21406,21402,22929,13343
2017-04-04T09:00:00Z,54204,54123,27712,27682,81,22191,22188,23680,13834
2017-04-04T10:00:00Z,50700,50433,26123,26118,267,21283,21280,22735,13429
2017-04-04T11:00:00Z,50857,50743,25750,25727,114,21731,21727,22995,13411
2017-04-04T12:00:00Z,56394,56298,28491,28474,96,24857,24854,26021,15611
2017-04-04T13:00:00Z,65607,65398,31918,31902,209,28563,28559,30278,17669
2017-04-04T14:00:00Z,68121,67959,33906,33887,162,30662,30659,31884,19278
2017-04-04T15:00:00Z,71338,70952,35542,35496,386,30654,30650,32716,19564
2017-04-04T16:00:00Z,67277,66921,34159,34125,356,27620,27617,29362,17791
2017-04-04T17:00:00Z,63893,63708,32424,32406,185,25555,25548,27269,16584
2017-04-04T18:00:00Z,63131,63047,32504,32492,84,25500,25495,27105,16911
2017-04-04T19:00:00Z,61928,61676,31346,31326,252,24894,24891,26309,16322
2017-04-04T21:00:00Z,57394,56835,30224,30186,559,22951,22947,24828,15606
2017-04-04T22:00:00Z,47426,46825,25023,24999,601,19098,19095,20479,12781
2017-04-04T23:00:00Z,41513,41384,22211,22194,129,16455,16452,17910,11019
2017-04-05T00:00:00Z,41766,40841,21686,21680,925,15985,15981,17878,10456
2017-04-05T01:00:00Z,45914,45148,23171,23155,766,18535,18532,20398,11253
2017-04-05T02:00:00Z,45512,44912,22897,22886,600,19564,19561,21291,11677
2017-04-05T03:00:00Z,43837,43274,22684,22671,563,18854,18851,20825,11549
2017-04-05T04:00:00Z,39661,39122,21059,21031,539,15288,15284,17131,9799
2017-04-05T05:00:00Z,40640,40387,20923,20899,253,16788,16785,18269,10148
2017-04-05T06:00:00Z,48111,47973,23834,23800,138,20618,20615,22223,11883
2017-04-05T07:00:00Z,55691,55611,27327,27310,80,23639,23636,24718,13596
2017-04-05T08:00:00Z,64005,63858,29060,29042,147,25520,25514,26810,15068
2017-04-05T09:00:00Z,62651,62523,31871,31837,128,27027,27023,28100,16378
2017-04-05T10:00:00Z,54662,54554,28419,28404,108,23634,23631,24949,14777
2017-04-05T11:00:00Z,52135,52089,27182,27164,46,22845,22841,23778,14150
2017-04-05T12:00:00Z,60734,60495,30633,30583,239,25871,25867,27283,15940
2017-04-05T13:00:00Z,68143,67982,34547,34504,161,29128,29125,30485,18312
2017-04-05T14:00:00Z,73353,73128,37097,37041,225,31734,31731,33080,19964
2017-04-05T15:00:00Z,74514,74035,37579,37545,479,31336,31330,33120,20208
2017-04-05T16:00:00Z,69375,68766,34101,34080,609,27625,27621,29490,17711
2017-04-05T17:00:00Z,63193,62392,31832,31789,801,25376,25373,26972,16288
2017-04-05T18:00:00Z,62598,62342,31313,31239,256,25361,25358,26723,16354
2017-04-05T19:00:00Z,60660,60473,31741,31665,187,24522,24519,26117,16288
2017-04-05T20:00:00Z,58872,58756,30808,30792,116,23853,23850,25171,15934
2017-04-05T21:00:00Z,54632,54553,28648,28632,79,22633,22630,24197,15515
2017-04-05T22:00:00Z,46396,46170,24117,24116,226,18555,18552,19774,12550
2017-04-05T23:00:00Z,40045,39918,20906,20900,127,16152,16149,17247,10894
2017-04-06T00:00:00Z,39561,39386,21329,21321,175,15778,15774,17127,10643
2017-04-06T01:00:00Z,44831,44774,23665,23656,57,18603,18599,19949,11466
2017-04-06T02:00:00Z,45834,45788,23366,23347,46,19895,19892,21179,11963
2017-04-06T03:00:00Z,43562,43492,22895,22881,70,18938,18935,20351,11531
2017-04-06T04:00:00Z,35946,35906,19941,19938,40,15057,15054,16415,9823
2017-04-06T05:00:00Z,39677,39455,20515,20498,222,16714,16711,17944,10046
2017-04-06T06:00:00Z,47330,47207,23479,23436,123,20671,20668,22174,11946
2017-04-06T07:00:00Z,54568,54504,27101,27078,64,23980,23977,25347,13934
2017-04-06T08:00:00Z,60462,60403,29453,29440,59,25809,25806,27323,14870
2017-04-06T09:00:00Z,62800,62704,31169,31153,96,27015,27009,28405,16106
2017-04-06T10:00:00Z,55416,55369,28202,28195,47,23696,23693,25162,14904
2017-04-06T11:00:00Z,53748,53477,27078,27052,271,22656,22651,23893,14068
2017-04-06T12:00:00Z,60647,60540,30393,30359,107,25639,25630,26982,16066
2017-04-06T13:00:00Z,67236,67099,33967,33925,137,28946,28942,30032,18229
2017-04-06T14:00:00Z,70036,69856,35568,35518,180,30771,30767,32223,19518
2017-04-06T15:00:00Z,71115,70676,36012,35986,439,30748,30744,32357,19732
2017-04-06T16:00:00Z,64435,64160,32797,32780,275,27230,27226,28589,17279
2017-04-06T17:00:00Z,63367,62925,30992,30970,442,24949,24945,26883,16434
2017-04-06T18:00:00Z,62044,61185,30359,30318,859,24409,24404,26319,16044
2017-04-06T19:00:00Z,59894,59193,30187,30157,701,23961,23957,25505,15818
2017-04-06T20:00:00Z,59300,58999,30918,30882,301,24187,24184,25397,16122
2017-04-06T21:00:00Z,54243,54085,28824,28801,158,21835,21832,23182,14726
2017-04-06T22:00:00Z,48500,47579,25066,25024,921,18506,18501,20662,12620
2017-04-06T23:00:00Z,41748,40864,22281,22280,884,15668,15665,17541,10687
2017-04-07T00:00:00Z,39934,39183,21545,21540,751,15139,15135,16910,10089
2017-04-07T01:00:00Z,42983,42834,23271,23251,149,17568,17564,18755,10796
2017-04-07T02:00:00Z,45083,45041,22970,22958,42,18901,18897,20391,11363
2017-04-07T03:00:00Z,44642,44544,22855,22836,98,18016,18013,19936,11519
2017-04-07T04:00:00Z,36900,36831,19867,19849,69,14628,14625,16176,9302
2017-04-07T05:00:00Z,38526,38437,20136,20118,89,16261,16257,17876,9853
2017-04-07T06:00:00Z,46804,46692,23686,23653,112,20071,20068,21754,11650
2017-04-07T07:00:00Z,52627,52505,26002,25970,122,22762,22759,24326,13209
2017-04-07T08:00:00Z,60686,60532,30078,30049,154,24866,24862,26455,14820
2017-04-07T09:00:00Z,62421,62298,32122,32106,123,26171,26167,27868,16232
2017-04-07T10:00:00Z,51408,51349,26924,26914,59,22348,22344,24077,14426
2017-04-07T11:00:00Z,48929,48857,25570,25556,72,20740,20736,22105,13235
2017-04-07T12:00:00Z,53301,53251,28105,28091,50,22704,22701,23983,14392
2017-04-07T13:00:00Z,61568,61394,31196,31154,174,25906,25901,27330,16386
2017-04-07T14:00:00Z,66095,66007,33116,33091,88,27912,27908,29391,17653
2017-04-07T15:00:00Z,65291,65181,33055,33039,110,27393,27389,28589,17410
2017-04-07T16:00:00Z,62825,62149,30575,30572,676,24871,24867,27090,15710
2017-04-07T17:00:00Z,65259,64455,34364,34349,804,23259,23254,25700,14907
2017-04-07T18:00:00Z,65612,64900,36826,36821,712,22382,22378,24831,14495
2017-04-07T19:00:00Z,60478,59766,34090,34065,712,21489,21485,23201,14050
2017-04-07T20:00:00Z,60555,59837,35440,35418,718,20758,20754,22580,14105
2017-04-07T21:00:00Z,55351,54688,32243,32224,663,18931,18926,20765,12745
2017-04-07T22:00:00Z,49851,49281,29290,29252,570,15459,15455,17852,10837
2017-04-07T23:00:00Z,37929,37553,22998,22984,376,12981,12978,14606,8933
2017-04-08T00:00:00Z,41619,41507,28895,28892,112,11278,11274,12494,7713
2017-04-08T01:00:00Z,37853,37758,24928,24927,95,11097,11094,12586,7241
2017-04-08T02:00:00Z,39056,38958,25500,25495,98,11727,11723,13218,7432
2017-04-08T03:00:00Z,35102,34943,22022,22008,159,11550,11547,13211,7467
2017-04-08T04:00:00Z,35613,35049,22688,22670,564,10792,10789,12522,6982
2017-04-08T05:00:00Z,34370,33775,22292,22260,595,10508,10505,12643,7157
2017-04-08T06:00:00Z,36331,35844,22788,22730,487,11417,11414,13499,7232
2017-04-08T07:00:00Z,39259,38811,25476,25417,448,12127,12124,13968,7559
2017-04-08T08:00:00Z,42642,42127,27401,27357,515,13179,13175,14769,8287
2017-04-08T09:00:00Z,43056,42679,28051,28030,377,13426,13423,14947,8693
2017-04-08T10:00:00Z,39729,39412,23877,23868,317,13107,13104,14635,8623
2017-04-08T11:00:00Z,41382,40791,24550,24527,591,13133,13130,14876,8488
2017-04-08T12:00:00Z,43851,43280,26414,26410,571,14173,14170,15991,9220
2017-04-08T13:00:00Z,44015,43442,26728,26723,573,15485,15482,17282,10012
2017-04-08T14:00:00Z,48583,48145,29400,29397,438,16867,16864,18866,10919
2017-04-08T15:00:00Z,52079,51670,33097,33093,409,17250,17247,19138,11347
2017-04-08T16:00:00Z,48655,48229,29876,29874,426,16648,16645,18332,11162
2017-04-08T17:00:00Z,40593,40091,23201,23198,502,15758,15755,17272,10562
2017-04-08T18:00:00Z,46838,46432,29207,29201,406,15677,15674,17431,10496
2017-04-08T19:00:00Z,48473,47811,31337,31335,662,15262,15258,16737,10243
2017-04-08T20:00:00Z,47613,46895,31159,31139,718,14833,14829,16109,10199
2017-04-08T21:00:00Z,46870,46089,31512,31510,781,13811,13808,15262,9705
2017-04-08T22:00:00Z,43159,42360,29345,29345,799,12171,12169,13384,8496
2017-04-08T23:00:00Z,36199,35348,24427,24424,851,10529,10525,11622,7313
2017-04-09T00:00:00Z,38006,37777,27475,27470,229,10116,10112,11126,6973
2017-04-09T01:00:00Z,36904,36743,25869,25866,161,10217,10213,11395,7000
2017-04-09T02:00:00Z,36006,35960,24121,24118,46,10901,10898,12162,7262
2017-04-09T03:00:00Z,37280,36853,24999,24991,427,10951,10948,12271,7219
2017-04-09T04:00:00Z,36943,36567,24479,24474,376,10510,10507,11993,7023
2017-04-09T05:00:00Z,31715,31667,20343,20322,48,10567,10564,11818,7026
2017-04-09T06:00:00Z,35914,35614,22396,22364,300,11286,11282,12966,7468
2017-04-09T07:00:00Z,36796,36413,22809,22785,383,12018,12014,13515,7679
2017-04-09T08:00:00Z,35622,35447,19119,19098,175,12887,12884,14649,8712
2017-04-09T09:00:00Z,34551,34475,19451,19434,76,13396,13393,14847,8884
2017-04-09T10:00:00Z,32666,32555,18565,18542,111,13058,13055,14391,8629
2017-04-09T11:00:00Z,35400,35257,19224,19214,143,13525,13522,14776,8905
2017-04-09T12:00:00Z,36612,36548,20469,20435,64,15010,15007,16426,9931
2017-04-09T13:00:00Z,39834,39705,22160,22136,129,16531,16528,18354,10861
2017-04-09T14:00:00Z,43048,42830,24254,24234,218,18177,18173,19782,12049
2017-04-09T15:00:00Z,43599,43434,25017,24999,165,18201,18198,19874,12385
2017-04-09T16:00:00Z,42010,41932,24285,24264,78,17153,17150,18721,11663
2017-04-09T17:00:00Z,41032,40959,23419,23404,73,16586,16583,17828,11095
2017-04-09T18:00:00Z,40732,40645,22689,22667,87,16604,16601,18376,11334
2017-04-09T19:00:00Z,42118,41895,23822,23793,223,16664,16661,17934,11376
2017-04-09T20:00:00Z,40981,40769,23996,23982,212,16439,16435,17814,11611
2017-04-09T21:00:00Z,38099,38037,22426,22414,62,15367,15364,16863,10964
2017-04-09T22:00:00Z,35811,35772,19907,19889,39,13003,13000,15665,9334
2017-04-09T23:00:00Z,31568,31506,18747,18736,62,11980,11977,13251,8451
2017-04-10T00:00:00Z,34077,34001,19547,19525,76,12804,12800,13946,8737
2017-04-10T01:00:00Z,40779,40720,21856,21820,59,16607,16604,17594,10044
2017-04-10T02:00:00Z,44364,44275,22702,22635,89,18652,18649,19722,11048
2017-04-10T03:00:00Z,44172,44084,22759,22740,88,18098,18095,19492,11163
2017-04-10T04:00:00Z,36328,36239,19931,19925,89,14634,14630,15963,9473
2017-04-10T05:00:00Z,38519,38432,19579,19558,87,16147,16144,17217,9559
2017-04-10T06:00:00Z,45456,45369,22208,22175,87,20158,20155,21411,11407
2017-04-10T07:00:00Z,51789,51712,24385,24348,77,22903,22900,23907,12696
2017-04-10T08:00:00Z,58296,57859,27233,27192,437,24957,24954,26922,14109
2017-04-10T09:00:00Z,61496,60715,30070,30039,781,26162,26158,27991,15405
2017-04-10T10:00:00Z,51692,51608,26623,26590,84,22976,22971,24140,14159
2017-04-10T11:00:00Z,51945,51797,26844,26817,148,22313,22310,23357,13752
2017-04-10T12:00:00Z,58149,58013,29712,29672,136,24744,24740,25996,15338
2017-04-10T13:00:00Z,66531,66387,33339,33312,144,28411,28407,30003,17608
2017-04-10T14:00:00Z,71601,71313,36190,36163,288,30647,30643,32203,19200
2017-04-10T15:00:00Z,70287,70148,36072,36042,139,30179,30174,31299,19238
2017-04-10T16:00:00Z,63384,63196,32591,32541,188,26694,26690,27919,16978
2017-04-10T17:00:00Z,61973,61343,31446,31418,630,24713,24709,26336,15773
2017-04-10T18:00:00Z,61316,60966,30950,30933,350,24428,24423,26125,15900
2017-04-10T19:00:00Z,60055,59566,31149,31142,489,24161,24157,26095,15727
2017-04-10T20:00:00Z,60814,59944,31708,31686,870,24355,24351,26555,16338
2017-04-10T21:00:00Z,55026,54443,28594,28570,583,21664,21659,23428,14738
2017-04-10T22:00:00Z,46041,45899,25125,25090,142,18004,17999,19626,12405
2017-04-10T23:00:00Z,39378,39319,21682,21664,59,15685,15680,16874,10587
2017-04-11T00:00:00Z,40811,40753,21398,21384,58,15697,15692,16984,10348
2017-04-11T01:00:00Z,44460,44421,23532,23523,39,18587,18584,19639,11083
2017-04-11T02:00:00Z,52053,51989,25721,25699,64,19912,19909,21669,12018
2017-04-11T03:00:00Z,45978,45903,25066,25048,75,19106,19101,20620,11632
2017-04-11T04:00:00Z,36713,36658,20335,20329,55,15023,15020,16574,9762
2017-04-11T05:00:00Z,40375,40275,20535,20505,100,16453,16450,18969,10045
2017-04-11T06:00:00Z,48130,47970,23748,23717,160,20464,20461,22548,12000
2017-04-11T07:00:00Z,53797,53775,26458,26445,22,23381,23379,24961,13500
2017-04-11T08:00:00Z,63515,63478,30098,30071,37,25518,25515,27459,15249
2017-04-11T09:00:00Z,62459,62418,31226,31200,41,26516,26512,28077,15948
2017-04-11T10:00:00Z,55350,55302,28084,28056,48,23506,23501,25708,14888
2017-04-11T11:00:00Z,52521,52471,26908,26872,50,22477,22473,23926,14130
2017-04-11T12:00:00Z,58755,58708,29573,29540,47,25309,25306,26601,15659
2017-04-11T13:00:00Z,66607,66538,33658,33630,69,28618,28615,30132,17870
2017-04-11T14:00:00Z,68639,68570,34643,34624,69,30476,30472,31846,19255
2017-04-11T15:00:00Z,69228,69133,34709,34647,95,30304,30298,31872,19508
2017-04-11T16:00:00Z,61816,61537,31516,31269,279,26582,26579,27848,17147
2017-04-11T17:00:00Z,60064,60022,29843,29815,42,24404,24400,25907,15651
2017-04-11T18:00:00Z,56575,56542,28948,28928,33,23783,23778,25098,15531
2017-04-11T19:00:00Z,59832,59319,30693,30684,513,23790,23786,25641,15696
2017-04-11T20:00:00Z,57876,57259,30046,30009,617,23521,23517,25234,15668
2017-04-11T21:00:00Z,56099,55406,28850,28820,693,21931,21927,23955,14922
2017-04-11T22:00:00Z,46376,45710,24381,24357,666,18363,18359,20231,12680
2017-04-11T23:00:00Z,41109,40413,21715,21708,696,15790,15786,17390,10801
2017-04-12T00:00:00Z,39587,38719,21009,20994,868,15322,15316,16716,10016
2017-04-12T01:00:00Z,44127,43615,22582,22553,512,18015,18012,19833,10801
2017-04-12T02:00:00Z,44980,44885,23133,23086,95,19363,19360,20760,11546
2017-04-12T03:00:00Z,43268,43227,22786,22774,41,18797,18794,20349,11431
2017-04-12T04:00:00Z,35124,35057,19106,19070,67,14953,14950,16306,9602
2017-04-12T05:00:00Z,37005,36903,19307,19279,102,15987,15984,17312,9675
2017-04-12T06:00:00Z,45882,45726,22631,22631,156,20124,20122,21659,11680
2017-04-12T07:00:00Z,50672,50538,24514,24491,134,22655,22652,23813,12882
2017-04-12T08:00:00Z,56832,56756,28178,28157,76,24971,24968,26439,14553
2017-04-12T09:00:00Z,59555,59435,30017,29948,120,26048,26045,27337,15676
2017-04-12T10:00:00Z,52644,52599,27635,27630,45,22817,22813,24293,14224
2017-04-12T11:00:00Z,50922,50822,26557,26545,100,21870,21865,23342,13685
2017-04-12T12:00:00Z,57105,57045,29401,29385,60,24624,24619,26330,15480
2017-04-12T13:00:00Z,66145,66038,33286,33274,107,27981,27977,29579,17638
2017-04-12T14:00:00Z,71011,70897,36132,36113,114,30512,30509,32174,19673
2017-04-12T15:00:00Z,71420,71302,35062,35012,118,29923,29918,31354,19256
2017-04-12T16:00:00Z,64551,63956,32422,32348,595,26513,26509,28378,16766
2017-04-12T17:00:00Z,59826,59016,30334,30309,810,24215,24210,25915,15644
2017-04-12T18:00:00Z,60429,59851,30252,30236,578,23832,23828,25473,15571
2017-04-12T19:00:00Z,59233,58740,29636,29612,493,23154,23150,24877,15247
2017-04-12T20:00:00Z,56580,56434,29496,29490,146,22980,22976,24477,15521
2017-04-12T21:00:00Z,52430,52314,27458,27444,116,21274,21270,22634,14387
2017-04-12T22:00:00Z,44878,44793,23847,23837,85,17802,17798,19614,12113
2017-04-12T23:00:00Z,38770,38519,20831,20828,251,15253,15250,16624,10372
2017-04-13T00:00:00Z,36910,36548,20324,20293,362,14834,14829,16262,9851
2017-04-13T01:00:00Z,41673,41621,21990,21970,52,17483,17480,18729,10514
2017-04-13T02:00:00Z,43503,43459,22396,22372,44,18820,18817,20455,11264
2017-04-13T03:00:00Z,42336,42256,22173,22157,80,18252,18249,19979,11127
2017-04-13T04:00:00Z,34821,34764,19271,19252,57,14308,14304,15733,9158
2017-04-13T05:00:00Z,37300,37120,19520,19398,180,16002,15999,17526,9604
2017-04-13T06:00:00Z,44529,44385,22188,22158,144,19389,19385,21147,11367
2017-04-13T07:00:00Z,50114,49975,24896,24859,139,22166,22162,23440,12819
2017-04-13T08:00:00Z,55280,55189,27199,27190,91,23756,23752,25143,13686
2017-04-13T09:00:00Z,58213,58115,29450,29409,98,25169,25164,26528,15077
2017-04-13T10:00:00Z,50242,50057,25428,25405,185,21916,21912,23270,13568
2017-04-13T11:00:00Z,48932,48722,24831,24818,210,20916,20912,22521,13064
2017-04-13T12:00:00Z,53219,52899,27003,26995,320,23164,23159,24717,14403
2017-04-13T13:00:00Z,61132,60875,30498,30487,257,26598,26594,28030,16456
2017-04-13T14:00:00Z,66163,65954,33119,33104,209,28716,28711,30266,18201
2017-04-13T15:00:00Z,64922,64736,32658,32632,186,28029,28024,29346,17829
2017-04-13T16:00:00Z,60502,59812,30920,30907,690,24831,24824,26550,16157
2017-04-13T17:00:00Z,55988,55576,29079,29065,412,22776,22771,23954,14610
2017-04-13T18:00:00Z,55397,55175,28438,28419,222,22340,22332,23550,14544
2017-04-13T19:00:00Z,53356,53219,27883,27863,137,22063,22056,23218,14448
2017-04-13T20:00:00Z,53734,53435,27534,27502,299,21962,21958,23371,14591
2017-04-13T21:00:00Z,49013,48684,25586,25553,329,19998,19993,21611,13549
2017-04-13T22:00:00Z,41966,41488,21378,21349,478,16624,16621,18161,11334
2017-04-13T23:00:00Z,36072,35913,18798,18793,159,14324,14321,15739,9700
2017-04-14T00:00:00Z,33530,33396,17895,17880,134,13817,13813,15135,9075
2017-04-14T01:00:00Z,38171,37886,20051,20034,285,16241,16237,17527,9744
2017-04-14T02:00:00Z,40611,40397,19840,19827,214,17450,17445,19017,10165
2017-04-14T03:00:00Z,38718,38645,19799,19793,73,17056,17051,18563,10169
2017-04-14T04:00:00Z,30575,30501,17180,17169,74,12891,12887,14225,8402
2017-04-14T05:00:00Z,33100,33011,17180,17169,89,14145,14142,15553,8635
2017-04-14T06:00:00Z,38045,38013,19132,19120,32,17031,17028,18425,9791
2017-04-14T07:00:00Z,43490,43433,21488,21475,57,18663,18660,20153,10789
2017-04-14T08:00:00Z,46442,46390,23481,23476,52,20213,20210,21795,11906
2017-04-14T09:00:00Z,48265,48123,24798,24782,142,21284,21280,23035,13131
2017-04-14T10:00:00Z,40891,40681,21680,21675,210,18364,18360,19921,11810
2017-04-14T11:00:00Z,37567,37456,19756,19732,111,16473,16469,17820,10443
2017-04-14T12:00:00Z,42566,41583,22311,22298,983,17515,17511,19600,11490
2017-04-14T13:00:00Z,46020,45827,23848,23843,193,19960,19956,21875,12822
2017-04-14T14:00:00Z,52083,51016,26053,25983,1067,21894,21890,24188,14240
2017-04-14T15:00:00Z,53326,52884,27424,27398,442,22673,22669,24450,14795
2017-04-14T16:00:00Z,50037,49432,25728,25680,605,20838,20832,22471,13706
2017-04-14T17:00:00Z,49810,48970,25015,24986,840,19754,19750,22391,13237
2017-04-14T18:00:00Z,48210,47200,24255,24233,1010,19235,19229,21241,12617
2017-04-14T19:00:00Z,46162,45401,24089,24060,761,18483,18478,20478,12435
2017-04-14T20:00:00Z,48255,48169,24627,24607,86,18386,18382,20436,12352
2017-04-14T21:00:00Z,42978,42912,23646,23642,66,17007,17004,18307,11606
2017-04-14T22:00:00Z,38230,38080,21586,21552,150,14606,14602,16124,10206
2017-04-14T23:00:00Z,31971,31932,17867,17857,39,12245,12240,13774,8413
2017-04-15T00:00:00Z,27761,27730,15703,15694,31,10977,10973,12111,7538
2017-04-15T01:00:00Z,26985,26950,15292,15286,35,10725,10722,12004,7040
2017-04-15T02:00:00Z,26696,26676,14595,14581,20,11213,11210,12287,7213
2017-04-15T03:00:00Z,26555,26512,14570,14559,43,11224,11220,12422,7273
2017-04-15T04:00:00Z,23944,23843,13423,13397,101,9842,9840,11148,6691
2017-04-15T05:00:00Z,23496,23413,12958,12949,83,9920,9917,11098,6325
2017-04-15T06:00:00Z,25101,25075,13600,13590,26,10440,10437,11873,6589
2017-04-15T07:00:00Z,27838,27816,15259,15250,22,11339,11336,12764,7214
2017-04-15T08:00:00Z,29345,29203,16275,16265,142,11768,11765,13052,7409
2017-04-15T09:00:00Z,34043,33985,16238,16226,58,12233,12230,13803,7828
2017-04-15T10:00:00Z,28503,28424,15653,15646,79,11956,11953,13320,7775
2017-04-15T11:00:00Z,28485,28322,15507,15493,163,11713,11710,12953,7682
2017-04-15T12:00:00Z,31189,31065,16550,16541,124,12672,12668,14454,8677
2017-04-15T13:00:00Z,42056,41930,17725,17719,126,14292,14289,15937,9378
2017-04-15T14:00:00Z,36874,36800,19607,19566,74,15760,15756,17465,10431
2017-04-15T15:00:00Z,38558,38516,21071,21051,42,16442,16439,18149,11034
2017-04-15T16:00:00Z,38709,38645,21626,21610,64,15579,15574,16855,10407
2017-04-15T17:00:00Z,38230,38184,22240,22218,46,15005,15001,16262,10230
2017-04-15T18:00:00Z,36529,36418,20668,20663,111,14616,14613,16056,10004
2017-04-15T19:00:00Z,34184,34139,19846,19843,45,14096,14093,15425,9894
2017-04-15T20:00:00Z,33196,33179,18951,18950,17,13440,13436,14719,9381
2017-04-15T21:00:00Z,32077,32037,18788,18774,40,12969,12965,14458,9289
2017-04-15T22:00:00Z,29363,29273,17359,17344,90,11423,11418,12856,8225
2017-04-15T23:00:00Z,24459,24416,14494,14480,43,9909,9904,10947,6980
2017-04-16T00:00:00Z,23982,23954,14185,14171,28,9436,9431,10585,6547
2017-04-16T01:00:00Z,24649,24621,14538,14532,28,9621,9617,10748,6514
2017-04-16T02:00:00Z,25233,25213,14815,14810,20,10143,10139,11300,6749
2017-04-16T03:00:00Z,25741,25716,15260,15247,25,10265,10261,11553,6923
2017-04-16T04:00:00Z,24420,24356,14732,14711,64,9634,9630,10798,6559
2017-04-16T05:00:00Z,23754,23682,13968,13911,72,9515,9511,10675,6423
2017-04-16T06:00:00Z,25187,25120,14707,14657,67,10101,10098,11467,6740
2017-04-16T07:00:00Z,26522,26474,15066,15043,48,10471,10468,11992,6977
2017-04-16T08:00:00Z,29343,29322,17123,17113,21,11294,11291,13053,7743
2017-04-16T09:00:00Z,29569,29428,17086,17057,141,11696,11693,13218,7770
2017-04-16T10:00:00Z,28381,28340,16160,16137,41,11347,11344,13118,7518
2017-04-16T11:00:00Z,29186,29155,16678,16669,31,11708,11705,13091,7764
2017-04-16T12:00:00Z,31450,31371,17646,17602,79,12784,12781,14486,8541
2017-04-16T13:00:00Z,36105,36059,20177,20170,46,14925,14922,16867,9838
2017-04-16T14:00:00Z,40520,40450,23562,23536,70,16180,16176,17927,10886
2017-04-16T15:00:00Z,41868,41828,23358,23352,40,16318,16315,19927,11298
2017-04-16T16:00:00Z,38893,38802,22861,22817,91,15473,15469,17222,10664
2017-04-16T17:00:00Z,37124,37071,22410,22406,53,14495,14490,16084,10051
2017-04-16T18:00:00Z,36092,36059,21376,21367,33,14397,14393,15980,9983
2017-04-16T19:00:00Z,36775,36760,22189,22185,15,13974,13971,16066,10136
2017-04-16T20:00:00Z,36786,36684,22068,22065,102,13970,13967,15952,10081
2017-04-16T21:00:00Z,34296,34249,20658,20653,47,13531,13528,14938,9656
2017-04-16T22:00:00Z,32891,32864,20598,20587,27,12183,12180,13509,8800
2017-04-16T23:00:00Z,31008,30987,19263,19254,21,11363,11360,12971,8397
2017-04-17T00:00:00Z,32568,32526,19658,19653,42,12333,12329,14056,8777
2017-04-17T01:00:00Z,38072,37929,21692,21628,143,15566,15562,16792,9728
2017-04-17T02:00:00Z,43343,43235,22979,22880,108,17719,17716,19212,10777
2017-04-17T03:00:00Z,41528,41466,22925,22901,62,17272,17268,18919,10639
2017-04-17T04:00:00Z,36219,35997,19451,19380,222,13446,13442,17142,8809
2017-04-17T05:00:00Z,35377,35265,18947,18881,112,14392,14389,16415,8886
2017-04-17T06:00:00Z,38222,38013,19690,19552,209,16601,16597,18117,9775
2017-04-17T07:00:00Z,41221,41116,20783,20699,105,17630,17627,19525,10717
2017-04-17T08:00:00Z,46051,45948,23559,23482,103,18925,18921,21456,12081
2017-04-17T09:00:00Z,48293,48232,25352,25315,61,20331,20328,22468,12937
2017-04-17T10:00:00Z,42973,42933,23420,23402,40,18598,18594,20450,12149
2017-04-17T11:00:00Z,43900,43801,22882,22797,99,17572,17570,20173,12206
2017-04-17T12:00:00Z,44283,44245,23284,23263,38,19227,19224,20733,12230
2017-04-17T13:00:00Z,51284,51273,26339,26334,11,22130,22128,23977,14130
2017-04-17T14:00:00Z,61992,61948,29890,29862,44,24629,24626,26762,16181
2017-04-17T15:00:00Z,61118,60971,31307,31180,147,25170,25167,27133,16494
2017-04-17T16:00:00Z,57666,57607,30227,30187,59,23820,23816,26050,15930
2017-04-17T17:00:00Z,58681,58646,30477,30462,35,23756,23752,25579,15901
2017-04-17T18:00:00Z,59534,59513,30657,30648,21,23948,23944,26042,16355
2017-04-17T19:00:00Z,58251,58219,30411,30396,32,23260,23256,25638,16387
2017-04-17T20:00:00Z,57949,57903,30524,30494,46,23450,23446,25080,16272
2017-04-17T21:00:00Z,52226,52199,28278,28264,27,21384,21382,22784,14668
2017-04-17T22:00:00Z,45030,45010,24705,24693,20,18153,18151,19633,12599
2017-04-17T23:00:00Z,40171,40150,21892,21889,21,15818,15814,17517,11137
2017-04-18T00:00:00Z,43167,43145,22705,22701,22,15855,15852,18072,11532
2017-04-18T01:00:00Z,44430,44383,23388,23351,47,18522,18519,20094,11560
2017-04-18T02:00:00Z,46740,46715,24237,24221,25,20105,20103,21749,12419
2017-04-18T03:00:00Z,44735,44711,23807,23790,24,19028,19026,20657,11912
2017-04-18T04:00:00Z,37838,37792,20938,20900,46,15520,15515,17225,10343
2017-04-18T05:00:00Z,39150,39116,20412,20379,34,16590,16588,18362,10331
2017-04-18T06:00:00Z,45938,45889,22575,22539,49,20241,20239,22050,11886
2017-04-18T07:00:00Z,52908,52865,25329,25308,43,23080,23076,24691,13366
2017-04-18T08:00:00Z,63424,63277,30332,30271,147,25324,25321,27959,15836
2017-04-18T09:00:00Z,61947,61752,31385,31210,195,25854,25851,28810,16290
2017-04-18T10:00:00Z,53565,53399,27513,27452,166,23089,23086,25041,14634
2017-04-18T11:00:00Z,52112,52035,27076,27031,77,22350,22347,23934,14118
2017-04-18T12:00:00Z,57366,57265,29209,29141,101,24995,24992,26438,15510
2017-04-18T13:00:00Z,66873,66771,33902,33881,102,28307,28303,29896,17675
2017-04-18T14:00:00Z,72075,71849,36416,36396,226,30728,30721,32443,19507
2017-04-18T15:00:00Z,77057,76415,37147,37137,642,30513,30508,33902,21252
2017-04-18T16:00:00Z,64509,64243,33228,33209,266,27262,27259,28696,17621
2017-04-18T17:00:00Z,62705,62354,31869,31860,351,25407,25401,27013,16555
2017-04-18T18:00:00Z,62307,62155,31915,31908,152,25257,25251,26869,16772
2017-04-18T19:00:00Z,61463,61231,31361,31347,232,24685,24678,26190,16409
2017-04-18T20:00:00Z,60334,60024,31132,31108,310,24365,24359,25966,16286
2017-04-18T21:00:00Z,56320,56130,30687,30680,190,22401,22397,24531,16229
2017-04-18T22:00:00Z,49552,49498,26837,26831,54,18737,18732,21629,14490
2017-04-18T23:00:00Z,40761,40611,21933,21910,150,16202,16198,17808,11208
2017-04-19T00:00:00Z,40384,40305,22265,22256,79,16057,16053,17455,10774
2017-04-19T01:00:00Z,44818,44766,23922,23905,52,18909,18906,20120,11509
2017-04-19T02:00:00Z,46941,46855,24253,24217,86,20463,20460,21916,12293
2017-04-19T03:00:00Z,45121,45025,23562,23542,96,19392,19388,21007,11881
2017-04-19T04:00:00Z,36778,36733,19530,19517,45,15644,15641,17791,10076
2017-04-19T05:00:00Z,39423,39318,20177,20156,105,16809,16806,18709,10157
2017-04-19T06:00:00Z,47217,47114,23495,23466,103,20934,20931,22622,12052
2017-04-19T07:00:00Z,55658,55392,27021,26996,266,23558,23555,25294,13932
2017-04-19T08:00:00Z,59204,59124,29228,29182,80,25990,25986,27214,15020
2017-04-19T09:00:00Z,61864,61776,31118,31069,88,26567,26563,28356,16098
2017-04-19T10:00:00Z,55521,55323,29543,29365,198,23501,23498,26139,16000
2017-04-19T11:00:00Z,51791,51677,26894,26823,114,22483,22479,23822,14090
2017-04-19T12:00:00Z,61499,61354,30249,30225,145,25664,25659,27220,15972
2017-04-19T13:00:00Z,71617,71461,32362,32296,156,28951,28946,30136,18181
2017-04-19T14:00:00Z,73204,72747,35968,35934,457,31510,31506,32974,19916
2017-04-19T15:00:00Z,72554,72250,37119,37043,304,31243,31235,32617,20209
2017-04-19T16:00:00Z,65851,65584,34430,34327,267,27675,27670,29202,17987
2017-04-19T17:00:00Z,63740,63620,33043,33039,120,25849,25844,27370,16998
2017-04-19T18:00:00Z,62279,61969,31909,31893,310,25238,25234,26857,16604
2017-04-19T19:00:00Z,61723,61442,31760,31743,281,24934,24929,26604,16500
2017-04-19T20:00:00Z,59797,59589,30622,30617,208,24405,24400,25883,16393
2017-04-19T21:00:00Z,53465,53346,28357,28331,119,22497,22493,23770,15272
2017-04-19T22:00:00Z,46816,46699,24594,24569,117,19325,19321,20273,12996
2017-04-19T23:00:00Z,41041,40986,22494,22468,55,16206,16202,17513,10930
2017-04-20T00:00:00Z,39747,39645,22331,22310,102,15884,15879,17143,10707
2017-04-20T01:00:00Z,44879,44819,24228,24208,60,18551,18548,19854,11440
2017-04-20T02:00:00Z,46328,46254,24806,24780,74,20003,19999,21547,12357
2017-04-20T03:00:00Z,44486,44277,23711,23566,209,19282,19279,20833,11899
2017-04-20T04:00:00Z,37174,37096,20547,20540,78,15557,15554,16977,10061
2017-04-20T05:00:00Z,40013,39949,21689,21672,64,16760,16757,18275,10188
2017-04-20T06:00:00Z,48605,48484,24118,24098,121,20944,20938,22763,12036
2017-04-20T07:00:00Z,53476,53343,26482,26430,133,23566,23561,25039,13463
2017-04-20T08:00:00Z,59731,59586,29575,29525,145,25856,25852,27078,14829
2017-04-20T09:00:00Z,62930,62815,31562,31495,115,26733,26727,29320,16125
2017-04-20T10:00:00Z,55013,54930,28949,28918,83,23714,23709,25853,15312
2017-04-20T11:00:00Z,52369,52112,26918,26859,257,22434,22429,23798,14032
2017-04-20T12:00:00Z,57681,57569,29437,29382,112,25223,25218,26482,15651
2017-04-20T13:00:00Z,68437,68283,33809,33772,154,28631,28626,30768,18285
2017-04-20T14:00:00Z,73566,73352,36904,36857,214,30783,30778,32756,19773
2017-04-20T15:00:00Z,71883,71676,36741,36725,207,30469,30464,32188,19707
2017-04-20T16:00:00Z,64466,64321,33890,33864,145,27045,27040,28675,17714
2017-04-20T17:00:00Z,60864,60773,31742,31716,91,24923,24919,26407,16392
2017-04-20T18:00:00Z,62992,62240,31858,31824,752,25006,25000,26808,16370
2017-04-20T19:00:00Z,59422,59201,31067,31053,221,23939,23935,25586,16014
2017-04-20T20:00:00Z,59448,59356,31553,31528,92,23997,23992,25229,16187
2017-04-20T21:00:00Z,52914,52720,28369,28308,194,21527,21523,22804,14627
2017-04-20T22:00:00Z,45844,45636,24690,24681,208,18105,18101,19592,12480
2017-04-20T23:00:00Z,39534,39312,21350,21321,222,15617,15613,16901,10539
2017-04-21T00:00:00Z,38026,37927,21032,21021,99,14902,14896,16326,9968
2017-04-21T01:00:00Z,42247,42213,23117,23106,34,17421,17418,18549,10585
2017-04-21T02:00:00Z,43645,43580,22761,22738,65,18687,18684,20091,11211
2017-04-21T03:00:00Z,42886,42821,22515,22490,65,18080,18077,20187,10930
2017-04-21T04:00:00Z,35954,35920,19867,19851,34,14227,14223,16420,9209
2017-04-21T05:00:00Z,39378,38553,20041,20027,825,15799,15795,18021,9579
2017-04-21T06:00:00Z,53101,52712,24365,24350,389,19813,19810,23780,12513
2017-04-21T07:00:00Z,51045,50968,26005,25981,77,22584,22581,24261,13224
2017-04-21T08:00:00Z,57923,57813,29094,29027,110,24783,24779,26874,14694
2017-04-21T09:00:00Z,61062,60977,31333,31273,85,25850,25845,28046,16199
2017-04-21T10:00:00Z,53090,53034,28130,28128,56,22668,22663,24366,14683
2017-04-21T11:00:00Z,49112,49057,25978,25975,55,20747,20741,22564,13483
2017-04-21T12:00:00Z,55495,55431,28482,28476,64,22740,22737,24191,14519
2017-04-21T13:00:00Z,66715,66650,33124,33115,65,25593,25587,27897,16946
2017-04-21T14:00:00Z,67210,67070,34537,34507,140,27753,27747,29264,17845
2017-04-21T15:00:00Z,67810,67668,33892,33880,142,27601,27596,29280,17916
2017-04-21T16:00:00Z,61074,60771,31695,31680,303,24482,24477,26106,16066
2017-04-21T17:00:00Z,56328,56249,29621,29599,79,22240,22237,23910,14628
2017-04-21T18:00:00Z,56712,56527,29721,29716,185,21970,21964,23614,14665
2017-04-21T19:00:00Z,52756,52683,28469,28437,73,20688,20684,22008,13918
2017-04-21T20:00:00Z,52222,51565,27597,27554,657,20273,20270,22054,13624
2017-04-21T21:00:00Z,49434,48837,26323,26278,597,18720,18715,21051,12773
2017-04-21T22:00:00Z,41320,40539,22677,22669,781,15530,15526,17430,10702
2017-04-21T23:00:00Z,38538,37703,20075,20065,835,12959,12955,15556,9826
2017-04-22T00:00:00Z,31743,31533,18300,18295,210,11562,11558,13043,8079
2017-04-22T01:00:00Z,29957,29879,17773,17737,78,11161,11158,12651,7587
2017-04-22T02:00:00Z,29468,29385,16887,16864,83,11512,11509,13175,7674
2017-04-22T03:00:00Z,28568,28500,16458,16433,68,11324,11321,12779,7451
2017-04-22T04:00:00Z,26492,26415,15863,15814,77,10410,10406,11640,6968
2017-04-22T05:00:00Z,27053,26967,15384,15353,86,10430,10427,11904,6880
2017-04-22T06:00:00Z,29914,29872,17211,17196,42,11309,11306,13635,8022
2017-04-22T07:00:00Z,31105,31055,17521,17500,50,12275,12272,13766,7957
2017-04-22T08:00:00Z,33987,33908,19616,19608,79,12919,12914,14878,8661
2017-04-22T09:00:00Z,34039,34006,19455,19438,33,13422,13419,15127,8815
2017-04-22T10:00:00Z,34423,33750,18870,18855,673,13133,13130,15269,8636
2017-04-22T11:00:00Z,34189,34084,19524,19493,105,13137,13134,15196,8720
2017-04-22T12:00:00Z,37575,37165,20976,20961,410,14465,14462,16435,9884
2017-04-22T13:00:00Z,39532,39225,22215,22203,307,15905,15901,17816,10816
2017-04-22T14:00:00Z,42951,42895,23831,23822,56,17486,17482,19379,11800
2017-04-22T15:00:00Z,44625,44565,24670,24657,60,18144,18141,19705,12334
2017-04-22T16:00:00Z,43731,43662,25550,25532,69,17301,17297,19043,12096
2017-04-22T17:00:00Z,42369,42318,24517,24499,51,16671,16668,18336,11505
2017-04-22T18:00:00Z,40792,40709,23469,23441,83,16226,16223,17781,11261
2017-04-22T19:00:00Z,40654,40490,23407,23372,164,15878,15875,17083,11041
2017-04-22T20:00:00Z,38903,38831,22758,22709,72,15524,15520,16967,10803
2017-04-22T21:00:00Z,35668,35473,21258,21249,195,14526,14523,15633,10247
2017-04-22T22:00:00Z,32327,32253,19141,19123,74,12858,12855,14074,9102
2017-04-22T23:00:00Z,28937,28859,17294,17246,78,11319,11315,12479,8068
2017-04-23T00:00:00Z,28277,28066,16831,16764,211,10700,10696,11866,7474
2017-04-23T01:00:00Z,27730,27708,16845,16835,22,10579,10576,11644,7289
2017-04-23T02:00:00Z,27930,27899,16476,16463,31,11143,11140,12388,7657
2017-04-23T03:00:00Z,27138,27014,16136,16041,124,11042,11040,12147,7527
2017-04-23T04:00:00Z,26310,26284,15721,15704,26,10402,10400,11581,7168
2017-04-23T05:00:00Z,27214,27043,15945,15934,171,10350,10346,11947,7305
2017-04-23T06:00:00Z,26565,26523,15322,15298,42,10930,10927,12248,7265
2017-04-23T07:00:00Z,29020,28895,16301,16281,125,11706,11702,13284,7822
2017-04-23T08:00:00Z,31826,31767,17800,17773,59,12933,12929,14606,8468
2017-04-23T09:00:00Z,32743,32514,18569,18532,229,13506,13502,15060,8966
2017-04-23T10:00:00Z,32544,32460,18883,18848,84,13535,13532,14837,9132
2017-04-23T11:00:00Z,35279,34912,19934,19927,367,14135,14131,15806,9401
2017-04-23T12:00:00Z,37461,37079,21044,21039,382,15310,15306,16998,10278
2017-04-23T13:00:00Z,41525,41059,23112,23072,466,17136,17133,19382,11671
2017-04-23T14:00:00Z,45044,44924,25313,25259,120,18879,18876,20820,12896
2017-04-23T15:00:00Z,43610,43542,24465,24439,68,19325,19321,21082,13220
2017-04-23T16:00:00Z,42208,42118,23629,23624,90,18236,18232,19751,12401
2017-04-23T17:00:00Z,42305,42239,24507,24488,66,17615,17612,19191,12348
2017-04-23T18:00:00Z,41783,41693,23979,23960,90,17267,17264,18752,12157
2017-04-23T19:00:00Z,40740,40695,23438,23426,45,17059,17056,18727,12001
2017-04-23T20:00:00Z,41636,41549,24551,24538,87,17179,17176,18616,12431
2017-04-23T21:00:00Z,37961,37924,22665,22653,37,15995,15992,17118,11427
2017-04-23T22:00:00Z,36170,36146,21665,21662,24,14502,14498,15873,10571
2017-04-23T23:00:00Z,33889,33846,20504,20493,43,13030,13026,14213,9268
2017-04-24T00:00:00Z,34468,34427,20532,20517,41,13463,13459,14793,9304
2017-04-24T01:00:00Z,42044,41951,23555,23539,93,17012,17008,18050,10596
2017-04-24T02:00:00Z,43914,43712,23572,23563,202,18682,18678,19766,11194
2017-04-24T03:00:00Z,41804,41762,23387,23369,42,17855,17851,19265,11026
2017-04-24T04:00:00Z,34671,34656,20254,20245,15,14584,14580,15724,9611
2017-04-24T05:00:00Z,37818,37791,20806,20801,27,16221,16218,17406,10037
2017-04-24T06:00:00Z,46239,45932,23490,23471,307,20013,20007,21522,11583
2017-04-24T07:00:00Z,50432,50349,25133,25110,83,22524,22520,23799,13062
2017-04-24T08:00:00Z,57987,57898,29278,29256,89,24955,24950,26244,14475
2017-04-24T09:00:00Z,65433,64963,32862,32811,470,26759,26754,30086,15977
2017-04-24T10:00:00Z,55756,54838,28825,28783,918,23234,23227,25790,14562
2017-04-24T11:00:00Z,53062,52321,27497,27471,741,22406,22400,24173,13982
2017-04-24T12:00:00Z,60716,59927,31046,31030,789,25090,25084,27204,15702
2017-04-24T13:00:00Z,68171,67276,34206,34145,895,28544,28537,30784,17965
2017-04-24T14:00:00Z,74497,73584,37088,37047,913,31314,31306,33570,19927
2017-04-24T15:00:00Z,73220,72856,37618,37564,364,30945,30940,32455,19881
2017-04-24T16:00:00Z,66497,66375,34574,34559,122,27844,27840,29028,17944
2017-04-24T17:00:00Z,64743,64316,34045,34039,427,25762,25755,27575,17095
2017-04-24T18:00:00Z,63732,63568,33442,33440,164,25384,25378,26962,16698
2017-04-24T19:00:00Z,60931,60872,32361,32346,59,24722,24717,26284,16545
2017-04-24T20:00:00Z,61853,61587,32900,32884,266,24920,24917,26584,16884
2017-04-24T21:00:00Z,55130,54810,29358,29354,320,22475,22471,23937,15260
2017-04-24T22:00:00Z,46730,46644,25595,25578,86,18666,18663,19868,12737
2017-04-24T23:00:00Z,40887,40812,22926,22891,75,16281,16278,17371,11124
2017-04-25T00:00:00Z,41937,41824,23399,23381,113,16587,16582,17880,11012
2017-04-25T01:00:00Z,46054,45981,25135,25097,73,18988,18984,20267,11773
2017-04-25T02:00:00Z,47910,47884,25776,25761,26,20337,20334,21850,12462
2017-04-25T03:00:00Z,46357,46248,25406,25392,109,19359,19354,21913,12993
2017-04-25T04:00:00Z,36639,36606,20696,20695,33,15393,15390,16970,10206
2017-04-25T05:00:00Z,39678,39634,21393,21382,44,16914,16911,18402,10513
2017-04-25T06:00:00Z,48219,48117,24243,24191,102,20974,20971,22924,12536
2017-04-25T07:00:00Z,54560,54276,27194,27045,284,23613,23607,25174,13807
2017-04-25T08:00:00Z,59191,59046,29661,29594,145,25723,25720,26953,15018
2017-04-25T09:00:00Z,64917,64826,33288,33260,91,27021,27016,29422,17285
2017-04-25T10:00:00Z,55977,55905,29029,28992,72,23741,23734,26367,14950
2017-04-25T11:00:00Z,53823,53729,28517,28488,94,22795,22791,24322,14550
2017-04-25T12:00:00Z,61244,61128,31879,31818,116,25966,25959,27441,16372
2017-04-25T13:00:00Z,68477,68286,35042,34973,191,29299,29295,30752,18466
2017-04-25T14:00:00Z,75217,75086,38189,38155,131,31780,31775,33397,20485
2017-04-25T15:00:00Z,74163,74004,38155,38122,159,31222,31218,32956,20413
2017-04-25T16:00:00Z,67716,67263,34958,34926,453,28104,28100,29924,18274
2017-04-25T17:00:00Z,64270,63976,33379,33355,294,25803,25797,27683,17243
2017-04-25T18:00:00Z,66776,66642,34948,34890,134,26114,26107,28500,17849
2017-04-25T19:00:00Z,62360,62254,32800,32766,106,25543,25538,27434,17163
2017-04-25T20:00:00Z,63950,63622,34045,34025,328,25700,25694,27752,17460
2017-04-25T21:00:00Z,57930,57813,30569,30562,117,23156,23149,24504,15813
2017-04-25T22:00:00Z,48062,47832,26268,26266,230,19413,19406,20762,13202
2017-04-25T23:00:00Z,42009,41958,23342,23327,51,16691,16685,17855,11295
2017-04-26T00:00:00Z,42005,41950,23238,23217,55,16545,16538,17968,10920
2017-04-26T01:00:00Z,47168,47105,25858,25850,63,19240,19236,21506,12722
2017-04-26T02:00:00Z,47699,47649,25230,25202,50,20461,20458,21906,12446
2017-04-26T03:00:00Z,46372,46310,24903,24871,62,19973,19968,21679,12373
2017-04-26T04:00:00Z,38287,38243,21439,21430,44,15902,15899,17753,10743
2017-04-26T05:00:00Z,40305,40268,21594,21571,37,17333,17329,18939,10822
2017-04-26T06:00:00Z,49876,49788,25506,25489,88,21430,21426,22729,12601
2017-04-26T07:00:00Z,57586,57486,29412,29354,100,24387,24383,25696,14321
2017-04-26T08:00:00Z,61100,60931,30583,30530,169,26352,26347,27753,15240
2017-04-26T09:00:00Z,63869,63814,33106,33075,55,27516,27513,28548,16371
2017-04-26T10:00:00Z,57239,57155,29429,29429,84,24182,24180,26288,14954
2017-04-26T11:00:00Z,54746,54610,28424,28405,136,23063,23059,24088,14221
2017-04-26T12:00:00Z,60770,60618,31252,31231,152,25927,25921,26969,16088
2017-04-26T13:00:00Z,68956,68436,34478,34451,520,29581,29574,31151,18460
2017-04-26T14:00:00Z,74218,73995,38208,38172,223,32049,32045,33079,20269
2017-04-26T15:00:00Z,73800,73615,37453,37436,185,31483,31475,32780,20185
2017-04-26T16:00:00Z,67005,66239,34570,34554,766,27856,27851,29238,18110
2017-04-26T17:00:00Z,63771,62839,32976,32955,932,25719,25711,26999,16706
2017-04-26T18:00:00Z,63266,62782,32392,32387,484,25258,25253,26477,16433
2017-04-26T19:00:00Z,60357,60126,31704,31681,231,24954,24948,26038,16471
2017-04-26T20:00:00Z,60937,60820,32157,32143,117,24828,24820,26743,16738
2017-04-26T21:00:00Z,55718,55329,29374,29365,389,22526,22521,23807,15126
2017-04-26T22:00:00Z,47753,47711,26292,26285,42,18864,18859,20408,13067
2017-04-26T23:00:00Z,40699,40669,22591,22587,30,16146,16143,17370,10981
2017-04-27T00:00:00Z,39605,39523,22502,22441,82,15695,15690,17062,10439
2017-04-27T01:00:00Z,44253,44220,24188,24168,33,18613,18610,19763,11300
2017-04-27T02:00:00Z,46270,46247,24552,24537,23,19697,19694,21247,11919
2017-04-27T03:00:00Z,44334,44280,23583,23565,54,19159,19156,20698,11611
2017-04-27T04:00:00Z,35736,35708,20058,20045,28,15274,15271,16564,9955
2017-04-27T05:00:00Z,37893,37876,19910,19907,17,16761,16758,17971,9953
2017-04-27T06:00:00Z,46628,46566,23634,23608,62,20790,20787,22075,12079
2017-04-27T07:00:00Z,53345,53262,26464,26423,83,23405,23401,25460,13636
2017-04-27T08:00:00Z,59469,59407,29512,29470,62,25655,25651,26744,14848
2017-04-27T09:00:00Z,63472,63395,31853,31825,77,26370,26365,28822,15909
2017-04-27T10:00:00Z,53582,53534,28223,28206,48,23294,23289,24554,14668
2017-04-27T11:00:00Z,51360,51309,26867,26843,51,22045,22040,23353,13708
2017-04-27T12:00:00Z,57763,57699,29737,29691,64,24712,24706,25942,15468
2017-04-27T13:00:00Z,65250,65173,33561,33535,77,27872,27867,29030,17521
2017-04-27T14:00:00Z,71735,71670,37023,37006,65,30364,30358,31607,19246
2017-04-27T15:00:00Z,70009,69963,36297,36283,46,30191,30186,31128,19478
2017-04-27T16:00:00Z,66691,66615,35093,35056,76,27392,27384,29663,18704
2017-04-27T17:00:00Z,62060,61996,32339,32325,64,25048,25043,26734,16489
2017-04-27T18:00:00Z,62457,61851,32023,32013,606,24408,24403,27278,16327
2017-04-27T19:00:00Z,60192,59544,31057,31047,648,23688,23684,26284,15845
2017-04-27T20:00:00Z,60546,60107,31257,31248,439,23929,23925,26519,16182
2017-04-27T21:00:00Z,55039,54368,29412,29395,671,21414,21408,23327,14757
2017-04-27T22:00:00Z,45711,45149,24278,24260,562,18071,18067,20014,12561
2017-04-27T23:00:00Z,39252,38730,21007,21000,522,15633,15629,17400,10704
2017-04-28T00:00:00Z,37235,36702,20311,20304,533,14922,14918,16624,10086
2017-04-28T01:00:00Z,41098,40574,22042,22026,524,17200,17197,18790,10548
2017-04-28T02:00:00Z,42825,42106,22049,22025,719,18332,18329,20157,11169
2017-04-28T03:00:00Z,42305,41476,22570,22553,829,17747,17742,19592,11044
2017-04-28T04:00:00Z,34132,33443,19130,19115,689,14151,14147,15770,9298
2017-04-28T05:00:00Z,37894,37051,20351,20326,843,15571,15568,17348,9641
2017-04-28T06:00:00Z,46952,46720,24100,24066,232,19817,19814,21540,11669
2017-04-28T07:00:00Z,53068,52948,26858,26822,120,22473,22468,24269,13247
2017-04-28T08:00:00Z,56500,56389,28582,28557,111,24393,24387,25615,14467
2017-04-28T09:00:00Z,57936,57841,29987,29951,95,24984,24979,26446,15385
2017-04-28T10:00:00Z,50606,50473,27569,27501,133,21568,21564,22984,13950
2017-04-28T11:00:00Z,48668,48580,26189,26174,88,20077,20071,21410,12843
2017-04-28T12:00:00Z,51387,51001,26777,26751,386,21704,21698,23029,13815
2017-04-28T13:00:00Z,60326,60035,30644,30634,291,24933,24928,26460,15887
2017-04-28T14:00:00Z,66224,65916,33281,33269,308,27139,27132,28784,17511
2017-04-28T15:00:00Z,72203,71932,32506,32487,271,26480,26475,28612,17124
2017-04-28T16:00:00Z,70640,70510,29664,29644,130,23621,23616,25602,15294
2017-04-28T17:00:00Z,58459,58367,28451,28444,92,22188,22184,23740,14427
2017-04-28T18:00:00Z,57462,57300,27959,27955,162,21587,21583,23652,14171
2017-04-28T19:00:00Z,53830,53713,27636,27631,117,20677,20669,22406,13775
2017-04-28T20:00:00Z,58637,58361,27017,27011,276,20064,20058,22128,13522
2017-04-28T21:00:00Z,57435,57166,24396,24384,269,18056,18048,20081,12424
2017-04-28T22:00:00Z,46603,45996,22283,22275,607,15292,15286,17240,10377
2017-04-28T23:00:00Z,33653,33131,18119,18116,522,12764,12759,14569,8826
2017-04-29T00:00:00Z,29349,29241,16748,16744,108,11034,11029,12577,7595
2017-04-29T01:00:00Z,26631,26594,15983,15978,37,10098,10095,11298,6766
2017-04-29T02:00:00Z,26761,26590,15081,15077,171,10377,10373,11655,6867
2017-04-29T03:00:00Z,25752,25728,15100,15094,24,10069,10066,11222,6701
2017-04-29T04:00:00Z,25031,24974,14748,14743,57,9353,9350,10694,6411
2017-04-29T05:00:00Z,25049,24779,14282,14280,270,9321,9318,10724,6253
2017-04-29T06:00:00Z,24825,24793,14497,14488,32,9773,9770,11018,6530
2017-04-29T07:00:00Z,28232,27425,14949,14942,807,10464,10461,12521,6799
2017-04-29T08:00:00Z,29418,28619,16352,16337,799,10921,10918,12735,7121
2017-04-29T09:00:00Z,30540,30443,17364,17356,97,11486,11483,13152,7553
2017-04-29T10:00:00Z,29823,29764,16726,16720,59,11463,11459,13222,7655
2017-04-29T11:00:00Z,28448,28408,15889,15889,40,11437,11435,12798,7671
2017-04-29T12:00:00Z,31110,30838,17238,17224,272,12536,12533,14090,8333
2017-04-29T13:00:00Z,35444,35295,19381,19357,149,13810,13807,16088,9245
2017-04-29T14:00:00Z,37822,37717,20644,20620,105,15336,15333,17137,10254
2017-04-29T15:00:00Z,38343,38046,21302,21268,297,15772,15768,17530,10696
2017-04-29T16:00:00Z,39293,39082,21663,21638,211,15629,15626,17539,10612
2017-04-29T17:00:00Z,38583,38264,21127,21121,319,15022,15018,16987,10441
2017-04-29T18:00:00Z,37808,37538,21186,21184,270,14914,14911,16239,10017
2017-04-29T19:00:00Z,37861,37789,21091,21079,72,14359,14354,15918,10056
2017-04-29T20:00:00Z,37575,37365,21156,21145,210,14245,14240,16276,9979
2017-04-29T21:00:00Z,34321,34169,20044,20024,152,13115,13111,14667,9356
2017-04-29T22:00:00Z,32445,32410,20313,20298,35,11992,11989,13075,8509
2017-04-29T23:00:00Z,28754,28259,17117,17104,495,10651,10648,12033,7480
2017-04-30T00:00:00Z,25847,25731,15799,15787,116,9753,9749,11012,6984
2017-04-30T01:00:00Z,25875,25835,16335,16327,40,9599,9596,10577,6705
2017-04-30T02:00:00Z,26127,26077,14404,14391,50,9950,9947,11080,6823
2017-04-30T03:00:00Z,24532,24494,14765,14748,38,9988,9986,11203,6852
2017-04-30T04:00:00Z,24525,24468,14314,14291,57,9280,9277,10583,6398
2017-04-30T05:00:00Z,24506,24440,13587,13579,66,9230,9227,10666,6317
2017-04-30T06:00:00Z,25683,25645,13988,13972,38,9701,9698,11265,6536
2017-04-30T07:00:00Z,26040,25995,14542,14526,45,10368,10365,11754,6745
2017-04-30T08:00:00Z,28651,28530,16466,16430,121,11036,11033,12635,7304
2017-04-30T09:00:00Z,29138,29080,16895,16887,58,11421,11418,12705,7573
2017-04-30T10:00:00Z,28886,28840,16677,16661,46,11643,11639,12986,7845
2017-04-30T11:00:00Z,29627,29483,16300,16288,144,11741,11738,13454,7834
2017-04-30T12:00:00Z,30061,29953,16724,16719,108,12528,12524,14063,8490
2017-04-30T13:00:00Z,32624,32552,17943,17926,72,13778,13775,15672,9208
2017-04-30T14:00:00Z,35685,35646,20002,19987,39,15210,15207,16670,10255
2017-04-30T15:00:00Z,37451,37243,21227,21214,208,15944,15940,17559,10898
2017-04-30T16:00:00Z,37782,37605,21676,21658,177,15423,15420,17099,10815
2017-04-30T17:00:00Z,37501,37395,21136,21111,106,15356,15353,17335,10559
2017-04-30T18:00:00Z,37396,37266,20708,20679,130,15089,15085,17731,10576
2017-04-30T19:00:00Z,37497,37395,21759,21752,102,15207,15202,16895,10914
2017-04-30T20:00:00Z,38135,38008,22388,22323,127,15169,15164,16715,10697
2017-04-30T21:00:00Z,36232,36081,21226,21218,151,14377,14373,15835,10245
2017-04-30T22:00:00Z,33314,33117,20002,19937,197,13125,13120,14408,9531
2017-04-30T23:00:00Z,30382,30233,18056,18052,149,12005,12002,13239,8630
2017-05-01T00:00:00Z,29575,29519,17426,17398,56,11842,11838,13371,8408
2017-05-01T01:00:00Z,31300,31253,18968,18954,47,12226,12222,13680,8452
2017-05-01T02:00:00Z,31815,31623,18252,18235,192,12922,12919,14247,8800
2017-05-01T03:00:00Z,31386,30739,17665,17652,647,12687,12684,14283,8652
2017-05-01T04:00:00Z,29276,29212,17131,17129,64,11829,11826,13051,8260
2017-05-01T05:00:00Z,29983,29805,16424,16377,178,11304,11301,12790,7712
2017-05-01T06:00:00Z,29243,29184,15850,15829,59,12042,12037,13584,7961
2017-05-01T07:00:00Z,30711,30626,16573,16542,85,12840,12837,14164,8450
2017-05-01T08:00:00Z,33949,33707,18887,18843,242,13834,13831,15265,9116
2017-05-01T09:00:00Z,36427,36316,19837,19814,111,14578,14574,16011,9496
2017-05-01T10:00:00Z,36195,36037,19349,19267,158,14553,14549,16885,9626
2017-05-01T11:00:00Z,35741,35649,19581,19529,92,14941,14937,16318,9962
2017-05-01T12:00:00Z,39767,39689,21208,21187,78,17071,17067,18931,11324
2017-05-01T13:00:00Z,47089,47030,24377,24367,59,20216,20213,22773,13134
2017-05-01T14:00:00Z,53888,53817,28181,28153,71,23068,23064,24669,14923
2017-05-01T15:00:00Z,57938,57677,30453,30400,261,24207,24201,25994,16258
2017-05-01T16:00:00Z,56673,56433,30641,30564,240,22948,22943,24385,15245
2017-05-01T17:00:00Z,56825,56520,30375,30344,305,22869,22864,24493,15254
2017-05-01T18:00:00Z,59230,58999,30834,30803,231,23358,23353,25012,15623
2017-05-01T19:00:00Z,57024,56399,29611,29598,625,22676,22672,24490,15342
2017-05-01T20:00:00Z,54880,54656,28721,28689,224,22631,22626,24813,15458
2017-05-01T21:00:00Z,50782,50234,26818,26798,548,20902,20897,22470,14237
2017-05-01T22:00:00Z,43511,43300,23686,23673,211,17588,17581,18800,12198
2017-05-01T23:00:00Z,39151,38946,21177,21164,205,15425,15420,16916,10772
2017-05-02T00:00:00Z,36676,36372,19962,19942,304,15127,15120,16677,10344
2017-05-02T01:00:00Z,41432,41377,21852,21840,55,17528,17524,19136,11051
2017-05-02T02:00:00Z,41840,41757,21836,21811,83,18808,18804,20432,11600
2017-05-02T03:00:00Z,41968,41889,22356,22352,79,18275,18272,19997,11374
2017-05-02T04:00:00Z,34631,34511,19779,19771,120,14558,14555,16021,9645
2017-05-02T05:00:00Z,36845,36786,18936,18930,59,15754,15751,17319,9954
2017-05-02T06:00:00Z,45189,45048,22069,22032,141,19626,19622,21350,11552
2017-05-02T07:00:00Z,49829,49351,24162,24136,478,22065,22060,23729,12806
2017-05-02T08:00:00Z,54127,53269,25809,25769,858,24222,24217,26130,13947
2017-05-02T09:00:00Z,58271,57584,28580,28554,687,25347,25344,27528,15228
2017-05-02T10:00:00Z,51358,51006,25043,24962,352,22034,22030,25363,13662
2017-05-02T11:00:00Z,49379,49210,24417,24351,169,21592,21588,23520,13657
2017-05-02T12:00:00Z,54587,54461,27579,27558,126,24004,24001,25522,15009
2017-05-02T13:00:00Z,63203,63076,31126,31086,127,27465,27462,29621,17044
2017-05-02T14:00:00Z,69415,69029,33920,33903,386,29689,29684,32121,18602
2017-05-02T15:00:00Z,68760,68376,33869,33785,384,29304,29298,30776,18868
2017-05-02T16:00:00Z,63670,63544,32036,32009,126,26548,26545,27735,17106
2017-05-02T17:00:00Z,60313,59775,30242,30212,538,24918,24914,26272,15969
2017-05-02T18:00:00Z,60901,60525,30059,30018,376,24689,24684,26120,15999
2017-05-02T19:00:00Z,57442,57248,29655,29626,194,24069,24064,25533,16015
2017-05-02T20:00:00Z,58503,58082,30507,30504,421,24111,24108,25490,16173
2017-05-02T21:00:00Z,57089,56357,29863,29862,732,22259,22253,24204,15342
2017-05-02T22:00:00Z,47297,47028,25745,25730,269,18404,18400,19834,12601
2017-05-02T23:00:00Z,40680,40526,21851,21839,154,15944,15940,17415,10922
2017-05-03T00:00:00Z,38359,38308,20660,20651,51,15496,15492,16793,10412
2017-05-03T01:00:00Z,45414,45310,22528,22494,104,17921,17916,19189,10967
2017-05-03T02:00:00Z,43961,43833,23137,23106,128,19140,19135,20581,11565
2017-05-03T03:00:00Z,42483,42401,22255,22236,82,18631,18627,20002,11357
2017-05-03T04:00:00Z,34163,34111,18251,18242,52,14915,14911,16070,9574
2017-05-03T05:00:00Z,37185,37053,19127,19107,132,16099,16094,17423,9668
2017-05-03T06:00:00Z,45317,45186,22685,22662,131,19705,19702,20958,11434
2017-05-03T07:00:00Z,52492,52402,26811,26792,90,22912,22907,24016,13179
2017-05-03T08:00:00Z,57320,57177,28638,28618,143,25035,25031,25990,14436
2017-05-03T09:00:00Z,57999,57934,28824,28798,65,26189,26184,27149,15556
2017-05-03T10:00:00Z,52588,52508,26905,26889,80,23307,23303,24632,14574
2017-05-03T11:00:00Z,51773,51544,26941,26932,229,22605,22601,23824,14169
2017-05-03T12:00:00Z,59127,59009,29928,29900,118,25627,25621,27042,15928
2017-05-03T13:00:00Z,66396,66261,33424,33386,135,28858,28853,30026,18094
2017-05-03T14:00:00Z,71536,71363,36178,36153,173,31215,31209,32566,19471
2017-05-03T15:00:00Z,71872,71223,36310,36293,649,30585,30577,32434,19855
2017-05-03T16:00:00Z,64464,64308,32788,32771,156,27358,27349,28877,17701
2017-05-03T17:00:00Z,60349,60133,30078,30044,216,25391,25385,26295,16100
2017-05-03T18:00:00Z,60274,59924,30174,30165,350,25128,25122,26439,16289
2017-05-03T19:00:00Z,58481,57950,30616,30554,531,24126,24119,25267,15781
2017-05-03T20:00:00Z,60372,59299,31934,31916,1073,24083,24076,25782,16256
2017-05-03T21:00:00Z,56146,55229,30167,30030,917,21869,21865,23590,14855
2017-05-03T22:00:00Z,46998,46512,25493,25269,486,18144,18138,19506,12523
2017-05-03T23:00:00Z,40339,40129,22354,22215,210,15904,15899,17267,11008
2017-05-04T00:00:00Z,36745,36670,19855,19841,75,15121,15117,16438,10073
2017-05-04T01:00:00Z,41642,41621,22406,22402,21,17600,17597,18528,10536
2017-05-04T02:00:00Z,44066,43969,22288,22281,97,19421,19416,20826,11570
2017-05-04T03:00:00Z,43080,43009,22568,22528,71,18698,18694,19970,11308
2017-05-04T04:00:00Z,36656,36606,20638,20629,50,15227,15223,16449,9803
2017-05-04T05:00:00Z,40407,40322,21000,20984,85,16325,16320,19037,9803
2017-05-04T06:00:00Z,45550,45436,22098,22079,114,20525,20522,22618,11850
2017-05-04T07:00:00Z,52121,52008,26075,26005,113,23116,23111,24779,13419
2017-05-04T08:00:00Z,56890,56832,27909,27894,58,25341,25338,27058,14721
2017-05-04T09:00:00Z,61682,61523,31394,31362,159,26668,26663,27930,16073
2017-05-04T10:00:00Z,53938,53239,27758,27729,699,23676,23671,25275,14729
2017-05-04T11:00:00Z,54478,53636,27723,27682,842,22940,22935,24627,14242
2017-05-04T12:00:00Z,59346,59122,30150,30080,224,25597,25589,27031,16138
2017-05-04T13:00:00Z,68011,67742,34501,34441,269,28691,28687,30460,18108
2017-05-04T14:00:00Z,72158,72022,37024,36991,136,31200,31196,32445,19728
2017-05-04T15:00:00Z,72501,72374,37110,37074,127,30775,30767,32570,19768
2017-05-04T16:00:00Z,63126,62935,32309,32271,191,26670,26663,28017,17233
2017-05-04T17:00:00Z,60653,60354,31015,30990,299,24689,24683,26513,16165
2017-05-04T18:00:00Z,60316,60155,30944,30927,161,24376,24370,26503,15935
2017-05-04T19:00:00Z,58186,57881,30030,30011,305,23900,23895,25644,15947
2017-05-04T20:00:00Z,56898,56675,29605,29588,223,23679,23674,24965,15857
2017-05-04T21:00:00Z,53635,53087,28054,28045,548,21711,21704,22975,14565
2017-05-04T22:00:00Z,47053,45893,24474,24470,1160,18173,18164,19829,12421
2017-05-04T23:00:00Z,39226,38752,21162,21149,474,15284,15279,16802,10443
2017-05-05T00:00:00Z,37511,36886,20719,20713,625,14678,14670,16509,10062
2017-05-05T01:00:00Z,42488,41655,22388,22351,833,16850,16845,18554,10556
2017-05-05T02:00:00Z,42221,42116,21336,21300,105,18257,18253,19876,11143
2017-05-05T03:00:00Z,41942,41893,22530,22508,49,17691,17687,19396,11035
2017-05-05T04:00:00Z,32194,32144,17509,17500,50,14013,14009,15235,9135
2017-05-05T05:00:00Z,34624,34590,17950,17940,34,15342,15338,16498,9238
2017-05-05T06:00:00Z,43661,43495,21639,21585,166,19633,19628,20898,11403
2017-05-05T07:00:00Z,50488,50260,24891,24781,228,22402,22397,23649,13057
2017-05-05T08:00:00Z,54924,54625,27605,27529,299,24208,24204,25475,14307
2017-05-05T09:00:00Z,59147,59022,30749,30700,125,25667,25662,27029,15711
2017-05-05T10:00:00Z,51845,51730,28029,27974,115,22559,22555,24082,14707
2017-05-05T11:00:00Z,48119,48035,25271,25247,84,21061,21056,22341,13297
2017-05-05T12:00:00Z,54032,53923,27461,27437,109,23212,23208,24666,14649
2017-05-05T13:00:00Z,60954,60816,31204,31170,138,25743,25737,27553,16540
2017-05-05T14:00:00Z,67300,67153,33593,33564,147,27878,27873,29698,17699
2017-05-05T15:00:00Z,64999,64904,33065,33047,95,27425,27420,29291,17630
2017-05-05T16:00:00Z,58485,57980,29585,29565,505,24410,24405,26459,15954
2017-05-05T17:00:00Z,56306,55917,28401,28383,389,22592,22587,24336,14666
2017-05-05T18:00:00Z,55272,54467,27214,27205,805,22306,22302,24236,14362
2017-05-05T19:00:00Z,52212,51094,27346,27336,1118,20748,20743,22829,13811
2017-05-05T20:00:00Z,50211,49667,26959,26947,544,20175,20170,22005,13821
2017-05-05T21:00:00Z,46428,46318,25299,25280,110,18402,18398,19827,12743
2017-05-05T22:00:00Z,39877,39803,21492,21483,74,15069,15066,16705,10572
2017-05-05T23:00:00Z,31854,31751,17439,17407,103,12761,12755,14106,8824
2017-05-06T00:00:00Z,29779,29255,16374,16370,524,11351,11347,13210,7716
2017-05-06T01:00:00Z,28575,28255,16290,16282,320,10930,10927,12380,7112
2017-05-06T02:00:00Z,27394,27354,15448,15435,40,11108,11104,12505,7211
2017-05-06T03:00:00Z,27025,26987,15245,15238,38,11040,11037,12414,7181
2017-05-06T04:00:00Z,24501,24469,13722,13716,32,9999,9996,11222,6584
2017-05-06T05:00:00Z,25010,24968,13933,13925,42,9930,9926,11316,6502
2017-05-06T06:00:00Z,27112,27065,15213,15202,47,11046,11041,12609,7142
2017-05-06T07:00:00Z,28664,28614,15301,15279,50,11968,11964,13521,7541
2017-05-06T08:00:00Z,31567,31544,17256,17255,23,12547,12544,14335,8119
2017-05-06T09:00:00Z,33925,33308,17982,17969,617,13116,13112,15292,8611
2017-05-06T10:00:00Z,30587,30529,17161,17153,58,12538,12535,14001,8364
2017-05-06T11:00:00Z,30427,30159,16786,16767,268,12600,12597,14205,8291
2017-05-06T12:00:00Z,33291,32878,17879,17876,413,13697,13694,15424,8843
2017-05-06T13:00:00Z,37486,36893,20022,19993,593,15344,15340,17257,10085
2017-05-06T14:00:00Z,40228,39569,21834,21819,659,16683,16679,18706,11142
2017-05-06T15:00:00Z,39812,39326,21556,21534,486,17026,17023,19092,11465
2017-05-06T16:00:00Z,40662,40109,21748,21733,553,16328,16323,18322,10990
2017-05-06T17:00:00Z,38044,37764,21042,21024,280,15392,15389,17015,10370
2017-05-06T18:00:00Z,36166,35654,20449,20417,512,14699,14695,16442,10131
2017-05-06T19:00:00Z,37166,36926,21747,21724,240,14440,14436,16089,10034
2017-05-06T20:00:00Z,36078,35238,20166,20156,840,14090,14086,16070,9771
2017-05-06T21:00:00Z,32603,32074,18720,18709,529,13178,13174,14750,9233
2017-05-06T22:00:00Z,30476,30447,18144,18135,29,11773,11770,13097,8399
2017-05-06T23:00:00Z,27261,27160,15854,15797,101,10318,10314,11620,7332
2017-05-07T00:00:00Z,25570,25464,15505,15493,106,9723,9718,10770,6706
2017-05-07T01:00:00Z,26149,26080,15910,15905,69,9842,9837,11035,6688
2017-05-07T02:00:00Z,26261,26116,15130,15118,145,10491,10488,11890,7085
2017-05-07T03:00:00Z,26217,26154,15015,14994,63,10431,10427,11852,7020
2017-05-07T04:00:00Z,24692,24634,14658,14641,58,9837,9833,11060,6655
2017-05-07T05:00:00Z,25246,25226,15078,15071,20,9717,9714,11024,6573
2017-05-07T06:00:00Z,26641,26337,15120,15110,304,10467,10463,12005,6986
2017-05-07T07:00:00Z,28440,28358,16369,16366,82,11436,11432,12939,7571
2017-05-07T08:00:00Z,30941,30850,17463,17428,91,12482,12479,14120,8071
2017-05-07T09:00:00Z,32514,32406,18367,18355,108,13036,13033,14662,8695
2017-05-07T10:00:00Z,31243,31038,17514,17509,205,13072,13069,14740,8760
2017-05-07T11:00:00Z,31784,31561,17190,17182,223,13110,13106,14545,8662
2017-05-07T12:00:00Z,33438,33391,18555,18545,47,14519,14516,16034,9709
2017-05-07T13:00:00Z,38210,38171,20866,20845,39,16435,16432,18292,10958
2017-05-07T14:00:00Z,42183,42132,23304,23290,51,18104,18100,20106,12291
2017-05-07T15:00:00Z,42569,42465,23919,23877,104,18439,18434,20308,12677
2017-05-07T16:00:00Z,41707,41358,23703,23686,349,17547,17544,19420,12071
2017-05-07T17:00:00Z,40512,40267,23332,23265,245,16508,16503,18374,11466
2017-05-07T18:00:00Z,38835,38263,22305,22257,572,16014,16011,17906,11253
2017-05-07T19:00:00Z,39207,39033,22887,22883,174,16428,16425,18118,11625
2017-05-07T20:00:00Z,40618,40511,23532,23527,107,16317,16313,17962,11652
2017-05-07T21:00:00Z,36865,36834,21454,21454,31,15021,15018,16519,10869
2017-05-07T22:00:00Z,33553,33474,20116,20106,79,13403,13399,14764,9643
2017-05-07T23:00:00Z,30319,30262,18087,18080,57,12077,12074,13387,8642
2017-05-08T00:00:00Z,30669,30603,18027,17991,66,12568,12564,13994,8625
2017-05-08T01:00:00Z,39310,39099,21356,21341,211,16219,16216,17768,9912
2017-05-08T02:00:00Z,40976,40922,21199,21183,54,18069,18065,19423,10861
2017-05-08T03:00:00Z,39752,39382,21149,21121,370,17431,17428,18906,10690
2017-05-08T04:00:00Z,32954,32847,17755,17721,107,14018,14015,15365,8925
2017-05-08T05:00:00Z,36343,36056,19051,18992,287,15441,15438,16765,9316
2017-05-08T06:00:00Z,43331,43159,21409,21343,172,19054,19051,20606,11054
2017-05-08T07:00:00Z,48537,48452,23549,23537,85,21760,21756,23336,12572
2017-05-08T08:00:00Z,54500,54038,26657,26544,462,23848,23844,25585,13821
2017-05-08T09:00:00Z,58191,57865,28848,28826,326,25313,25308,27022,15191
2017-05-08T10:00:00Z,52967,52710,28415,28280,257,22416,22411,24088,14205
2017-05-08T11:00:00Z,52713,52603,27809,27742,110,22079,22076,23817,13923
2017-05-08T12:00:00Z,55731,55448,28903,28825,283,24076,24072,25634,15139
2017-05-08T13:00:00Z,63286,62848,31916,31595,438,27319,27313,28715,17115
2017-05-08T14:00:00Z,67755,67074,34374,33959,681,29744,29740,30989,18648
2017-05-08T15:00:00Z,70134,69740,35704,35668,394,29541,29534,31430,19080
2017-05-08T16:00:00Z,62343,62177,32616,32549,166,26524,26520,27907,17392
2017-05-08T17:00:00Z,60047,59833,31377,31330,214,24909,24903,26146,16161
2017-05-08T18:00:00Z,60324,60156,31230,31208,168,24796,24792,26058,16276
2017-05-08T19:00:00Z,57561,57402,29938,29916,159,24104,24101,25371,15864
2017-05-08T20:00:00Z,57869,57756,30608,30584,113,23796,23793,25109,16056
2017-05-08T21:00:00Z,53351,53163,28012,27988,188,21880,21874,23210,14684
2017-05-08T22:00:00Z,45385,45283,24740,24699,102,18273,18270,19443,12460
2017-05-08T23:00:00Z,39628,38990,20740,20719,638,15813,15810,17417,10648
2017-05-09T00:00:00Z,38169,38079,21227,21175,90,15460,15455,16717,10246
2017-05-09T01:00:00Z,42217,42161,22058,22048,56,17986,17982,19530,10966
2017-05-09T02:00:00Z,44457,44191,23022,23016,266,19551,19547,21656,12247
2017-05-09T03:00:00Z,42857,42709,22384,22368,148,18723,18720,20403,11548
2017-05-09T04:00:00Z,35376,35336,19396,19381,40,14646,14643,15976,9449
2017-05-09T05:00:00Z,37614,37529,19612,19602,85,16358,16354,17670,9791
2017-05-09T06:00:00Z,44742,44691,21925,21914,51,20522,20519,21745,11757
2017-05-09T07:00:00Z,53020,52847,25897,25874,173,23617,23614,25007,13439
2017-05-09T08:00:00Z,57419,57332,28050,28007,87,25570,25565,26657,14705
2017-05-09T09:00:00Z,60185,59818,30059,29726,367,27088,27084,28295,16025
2017-05-09T10:00:00Z,52825,52666,27599,27512,159,23479,23474,24895,14817
2017-05-09T11:00:00Z,52059,51738,27071,27031,321,22650,22645,24065,14167
2017-05-09T12:00:00Z,57685,57554,29820,29763,131,25013,25008,26280,15562
2017-05-09T13:00:00Z,67333,67083,33856,33782,250,28434,28429,29580,17763
2017-05-09T14:00:00Z,69901,69524,35205,35154,377,30904,30897,32125,19360
2017-05-09T15:00:00Z,70942,70495,36815,36779,447,30834,30826,32198,19939
2017-05-09T16:00:00Z,65018,64402,33507,33290,616,27415,27409,28758,17699
2017-05-09T17:00:00Z,64109,63838,32183,32178,271,25905,25900,27245,16551
2017-05-09T18:00:00Z,62713,62533,32525,32502,180,25190,25184,26536,16496
2017-05-09T19:00:00Z,61217,60889,32035,32014,328,24505,24501,26242,16391
2017-05-09T20:00:00Z,60512,60020,31960,31940,492,24575,24570,26090,16418
2017-05-09T21:00:00Z,56837,56135,29743,29723,702,22435,22429,23955,15200
2017-05-09T22:00:00Z,44918,44856,23932,23931,62,18297,18294,19521,12353
2017-05-09T23:00:00Z,38975,38583,20902,20808,392,15648,15645,17174,10754
2017-05-10T00:00:00Z,37197,37107,20311,20293,90,15449,15443,16729,10191
2017-05-10T01:00:00Z,42630,42084,21927,21896,546,18160,18157,19648,10978
2017-05-10T02:00:00Z,43000,42922,22175,22165,78,19015,19012,20825,11668
2017-05-10T03:00:00Z,42390,42331,22455,22448,59,18636,18633,20360,11635
2017-05-10T04:00:00Z,36001,35864,19638,19630,137,15068,15063,16505,9669
2017-05-10T05:00:00Z,39125,38766,19999,19983,359,16560,16556,18891,10117
2017-05-10T06:00:00Z,47213,47094,23035,22964,119,20649,20644,23110,12093
2017-05-10T07:00:00Z,53908,53766,26181,26146,142,23783,23779,25195,13728
2017-05-10T08:00:00Z,60770,60658,29667,29640,112,26621,26618,28170,15744
2017-05-10T09:00:00Z,63604,63220,31506,31459,384,27449,27443,28982,16593
2017-05-10T10:00:00Z,55273,55105,28188,28156,168,24155,24148,25644,15121
2017-05-10T11:00:00Z,42418,42238,21234,21228,180,20069,20064,21121,12510
2017-05-10T12:00:00Z,60190,59605,30040,29960,585,25764,25759,27167,16106
2017-05-10T13:00:00Z,66138,66014,32668,32656,124,28661,28654,29880,17776
2017-05-10T14:00:00Z,74590,74432,38355,38298,158,32338,32331,33752,20819
2017-05-10T15:00:00Z,72230,71453,35921,35805,777,30760,30754,32366,19797
2017-05-10T16:00:00Z,63343,63075,32052,32026,268,26970,26963,28361,17280
2017-05-10T17:00:00Z,61374,61009,31150,31120,365,25016,25011,26626,16251
2017-05-10T18:00:00Z,60708,60546,30923,30887,162,24697,24693,26017,16166
2017-05-10T19:00:00Z,59579,59378,32317,32254,201,23877,23873,25136,16005
2017-05-10T20:00:00Z,62892,62785,34649,34636,107,23735,23731,25079,15899
2017-05-10T21:00:00Z,56128,55921,31013,30971,207,21548,21541,22945,14587
2017-05-10T22:00:00Z,45397,45308,25041,25020,89,17783,17778,19074,12278
2017-05-10T23:00:00Z,42024,40944,23336,23321,1080,15475,15470,16968,10733
2017-05-11T00:00:00Z,40749,40431,23493,23486,318,14897,14892,16556,10265
2017-05-11T01:00:00Z,44034,43975,24786,24774,59,17572,17569,18891,10603
2017-05-11T02:00:00Z,44242,44186,22396,22373,56,18778,18774,20583,11187
2017-05-11T03:00:00Z,45101,45047,24835,24824,54,18414,18411,20300,11374
2017-05-11T04:00:00Z,35243,35207,19495,19492,36,14758,14755,16291,9597
2017-05-11T05:00:00Z,37115,37094,19164,19156,21,16264,16261,17684,9826
2017-05-11T06:00:00Z,45279,45232,22285,22269,47,20236,20233,21877,12018
2017-05-11T07:00:00Z,51433,51310,24610,24551,123,23429,23424,24544,13494
2017-05-11T08:00:00Z,57186,57036,28482,28404,150,25671,25668,26874,15208
2017-05-11T09:00:00Z,59861,59526,29911,29862,335,27158,27152,28373,16458
2017-05-11T10:00:00Z,52660,52533,26959,26896,127,23563,23557,24786,14709
2017-05-11T11:00:00Z,52435,51358,26303,26273,1077,22908,22903,24096,13967
2017-05-11T12:00:00Z,59157,58933,30008,29941,224,25542,25537,26689,15965
2017-05-11T13:00:00Z,66331,66164,33460,33394,167,28881,28875,29936,17972
2017-05-11T14:00:00Z,71120,70967,36601,36574,153,30938,30930,31939,19444
2017-05-11T15:00:00Z,70319,70079,35251,35200,240,30471,30466,31965,19348
2017-05-11T16:00:00Z,62667,62533,31415,31401,134,26705,26697,27823,17010
2017-05-11T17:00:00Z,60341,59583,28792,28764,758,24412,24407,26234,15743
2017-05-11T18:00:00Z,56052,55708,28755,28680,344,23579,23574,24685,15334
2017-05-11T19:00:00Z,56347,56108,28897,28855,239,22908,22899,24335,15322
2017-05-11T20:00:00Z,58193,57761,30068,29923,432,23232,23226,24707,15580
2017-05-11T21:00:00Z,54528,54292,29718,29624,236,20916,20909,22641,14454
2017-05-11T22:00:00Z,46605,45905,25792,25774,700,17420,17415,19003,12045
2017-05-11T23:00:00Z,38557,38242,21371,21347,315,15040,15035,16279,10323
2017-05-12T00:00:00Z,38352,38275,21696,21635,77,14517,14511,15831,9822
2017-05-12T01:00:00Z,41315,41135,21831,21759,180,17302,17299,18394,10512
2017-05-12T02:00:00Z,41932,41830,21566,21538,102,18482,18476,20156,11099
2017-05-12T03:00:00Z,40204,40137,20903,20864,67,17755,17749,19192,10750
2017-05-12T04:00:00Z,33659,33598,17941,17919,61,14156,14151,15705,9065
2017-05-12T05:00:00Z,35849,35735,18920,18896,114,15437,15434,16797,9360
2017-05-12T06:00:00Z,43577,43461,21747,21731,116,19581,19578,21191,11574
2017-05-12T07:00:00Z,50591,50495,24650,24629,96,22316,22313,23853,13055
2017-05-12T08:00:00Z,56103,56004,27968,27946,99,25120,25117,26151,14780
2017-05-12T09:00:00Z,57849,57770,29273,29253,79,26128,26125,27571,15972
2017-05-12T10:00:00Z,51213,51137,26799,26787,76,22971,22968,24614,14638
2017-05-12T11:00:00Z,48216,48111,25614,25602,105,20843,20840,22381,13243
2017-05-12T12:00:00Z,54124,53555,27207,27169,569,23060,23057,24739,14595
2017-05-12T13:00:00Z,60789,60605,31320,31257,184,25950,25946,27400,16562
2017-05-12T14:00:00Z,65122,64657,33533,33442,465,28003,27996,29387,17975
2017-05-12T15:00:00Z,62896,62600,32252,32226,296,27031,27023,28580,17794
2017-05-12T16:00:00Z,58569,58489,30505,30493,80,24177,24171,25749,15885
2017-05-12T17:00:00Z,54954,54830,29145,29122,124,22293,22289,23699,14583
2017-05-12T18:00:00Z,54500,54373,28978,28957,127,21273,21269,22664,14085
2017-05-12T19:00:00Z,50373,50027,25966,25958,346,20276,20272,21815,13373
2017-05-12T20:00:00Z,50375,50224,26778,26775,151,19725,19722,21077,13328
2017-05-12T21:00:00Z,46034,45829,24364,24357,205,17753,17748,19242,12231
2017-05-12T22:00:00Z,38316,38244,20591,20583,72,15039,15034,16583,10416
2017-05-12T23:00:00Z,31585,31364,16988,16980,221,12519,12516,14052,8500
2017-05-13T00:00:00Z,28097,28017,15696,15691,80,11119,11114,12302,7604
2017-05-13T01:00:00Z,26751,26667,15178,15126,84,10655,10650,11964,7045
2017-05-13T02:00:00Z,27755,27652,16104,16019,103,10843,10837,12218,7128
2017-05-13T03:00:00Z,27275,26990,15391,15200,285,10963,10959,12300,7084
2017-05-13T04:00:00Z,23485,23433,13500,13467,52,9955,9951,11304,6745
2017-05-13T05:00:00Z,24471,24442,13712,13705,29,9850,9847,11286,6568
2017-05-13T06:00:00Z,26271,26246,14097,14090,25,11034,11031,12375,7071
2017-05-13T07:00:00Z,28110,27912,15134,15124,198,11728,11723,13099,7477
2017-05-13T08:00:00Z,29623,29539,15965,15961,84,12503,12500,13863,7956
2017-05-13T09:00:00Z,30514,30474,16606,16604,40,12814,12811,14200,8384
2017-05-13T10:00:00Z,31579,31137,17338,17313,442,12607,12604,14382,8340
2017-05-13T11:00:00Z,30967,30917,17745,17741,50,12657,12653,14003,8426
2017-05-13T12:00:00Z,32761,32719,18257,18253,42,13659,13656,15159,8997
2017-05-13T13:00:00Z,37080,37016,20613,20602,64,15192,15188,16817,10220
2017-05-13T14:00:00Z,39460,39365,22061,22048,95,16482,16478,18243,11031
2017-05-13T15:00:00Z,40662,40563,22899,22892,99,17164,17160,18660,11489
2017-05-13T16:00:00Z,40519,40439,22841,22827,80,16548,16544,18365,11171
2017-05-13T17:00:00Z,38565,38500,21679,21674,65,15407,15403,17101,10445
2017-05-13T18:00:00Z,37782,37388,20610,20584,394,15080,15077,16745,10218
2017-05-13T19:00:00Z,36097,35514,20276,20263,583,14294,14290,15943,9891
2017-05-13T20:00:00Z,34511,34487,20017,20005,24,13587,13584,14846,9542
2017-05-13T21:00:00Z,32471,32395,18939,18896,76,12817,12813,14137,9114
2017-05-13T22:00:00Z,29646,29564,17826,17772,82,11532,11529,12753,8273
2017-05-13T23:00:00Z,26595,26334,16124,16062,261,10099,10096,11333,7204
2017-05-14T00:00:00Z,24355,24313,14529,14515,42,9589,9584,10805,6770
2017-05-14T01:00:00Z,25590,25565,15227,15220,25,9719,9715,10912,6633
2017-05-14T02:00:00Z,25210,25182,14683,14660,28,10114,10110,11430,6877
2017-05-14T03:00:00Z,25188,25046,14289,14278,142,10436,10431,11932,7121
2017-05-14T04:00:00Z,23556,23523,13475,13475,33,9593,9590,10964,6576
2017-05-14T05:00:00Z,23628,23604,13565,13557,24,9774,9771,11059,6555
2017-05-14T06:00:00Z,24790,24766,14123,14120,24,10384,10382,11573,6924
2017-05-14T07:00:00Z,27294,27266,15039,15034,28,11249,11246,12560,7361
2017-05-14T08:00:00Z,29095,28989,15732,15713,106,12124,12121,13715,8019
2017-05-14T09:00:00Z,31480,31374,17810,17773,106,12938,12935,14479,8619
2017-05-14T10:00:00Z,30863,30672,17511,17459,191,12975,12971,14476,8819
2017-05-14T11:00:00Z,31360,31100,17686,17674,260,13412,13409,14830,9096
2017-05-14T12:00:00Z,34048,33890,19330,19213,158,14315,14312,15930,9515
2017-05-14T13:00:00Z,37093,37048,20927,20899,45,15969,15966,17694,10965
2017-05-14T14:00:00Z,39861,39790,22281,22260,71,17341,17338,19032,11952
2017-05-14T15:00:00Z,40192,39971,22308,22271,221,17773,17770,19697,12246
2017-05-14T16:00:00Z,38752,38699,21797,21786,53,16875,16870,18614,11703
2017-05-14T17:00:00Z,38017,37953,20757,20734,64,15937,15932,17674,11023
2017-05-14T18:00:00Z,38472,37546,20121,20082,926,15683,15678,18404,10682
2017-05-14T19:00:00Z,38842,38138,20528,20478,704,15822,15816,18425,10939
2017-05-14T20:00:00Z,38031,37291,20702,20688,740,15524,15521,17984,11133
2017-05-14T21:00:00Z,35194,34131,19567,19476,1063,14459,14453,16860,10382
2017-05-14T22:00:00Z,31774,30688,17660,17592,1086,12466,12463,14657,9096
2017-05-14T23:00:00Z,28867,27800,15966,15962,1067,11119,11115,13347,8043
2017-05-15T00:00:00Z,29773,28734,16084,16068,1039,11675,11669,13791,8003
2017-05-15T01:00:00Z,35077,34048,18014,17978,1029,14569,14564,16661,9179
2017-05-15T02:00:00Z,39590,38326,20007,19987,1264,16628,16623,19034,10246
2017-05-15T03:00:00Z,38629,37394,19394,19342,1235,16586,16581,18907,10294
2017-05-15T04:00:00Z,32144,30870,16775,16698,1274,13400,13396,15496,8678
2017-05-15T05:00:00Z,35967,34723,18405,18254,1244,15169,15166,16910,9426
2017-05-15T06:00:00Z,43851,43647,21881,21811,204,19133,19129,20644,11184
2017-05-15T07:00:00Z,50078,49998,23924,23904,80,22937,22933,24342,13539
2017-05-15T08:00:00Z,54897,54660,26251,26225,237,25083,25079,26382,14453
2017-05-15T09:00:00Z,63211,62977,31665,31560,234,26550,26546,27787,15955
2017-05-15T10:00:00Z,52716,52617,27500,27453,99,23455,23449,24860,14912
2017-05-15T11:00:00Z,50459,50248,25932,25904,211,22618,22612,24048,14256
2017-05-15T12:00:00Z,58115,57677,29108,29094,438,25185,25181,26582,15627
2017-05-15T13:00:00Z,65171,64901,32622,32576,270,28719,28715,30248,18195
2017-05-15T14:00:00Z,68053,67800,34237,34188,253,30317,30313,31678,19308
2017-05-15T15:00:00Z,67924,67709,34844,34819,215,29813,29810,31424,19169
2017-05-15T16:00:00Z,61713,61570,30890,30878,143,26690,26685,27931,17076
2017-05-15T17:00:00Z,58578,58335,29289,29235,243,24565,24561,26183,15875
2017-05-15T18:00:00Z,58083,57818,29389,29319,265,24256,24251,25753,15875
2017-05-15T19:00:00Z,56884,56670,28994,28945,214,24091,24087,25402,15794
2017-05-15T20:00:00Z,57997,57876,30139,30124,121,24237,24232,25642,16345
2017-05-15T21:00:00Z,52139,51909,27245,27239,230,21716,21712,23262,14870
2017-05-15T22:00:00Z,43916,43636,23391,23385,280,17895,17889,19244,12243
2017-05-15T23:00:00Z,37336,37175,20220,20212,161,15078,15073,16482,10427
2017-05-16T00:00:00Z,36920,36843,19515,19507,77,15234,15227,16643,10165
2017-05-16T01:00:00Z,40219,39780,20244,20225,439,17860,17856,19213,10778
2017-05-16T02:00:00Z,43222,43085,21795,21758,137,19338,19335,20871,11626
2017-05-16T03:00:00Z,42595,42511,21859,21829,84,18557,18554,20210,11471
2017-05-16T04:00:00Z,34265,34165,18592,18568,100,14606,14603,16014,9500
2017-05-16T05:00:00Z,38393,38034,19374,19368,359,16760,16757,18871,10112
2017-05-16T06:00:00Z,46565,46463,22825,22782,102,20468,20464,22991,11959
2017-05-16T07:00:00Z,53625,53464,25923,25819,161,23854,23851,25460,13765
2017-05-16T08:00:00Z,58673,58530,28914,28872,143,26178,26175,27385,15250
2017-05-16T09:00:00Z,60395,60326,30254,30223,69,27266,27262,28358,16415
2017-05-16T10:00:00Z,54508,54430,27666,27642,78,23830,23825,25326,15018
2017-05-16T11:00:00Z,50907,50707,25804,25756,200,22941,22937,24125,14307
2017-05-16T12:00:00Z,57972,57838,29480,29464,134,25760,25756,26959,16097
2017-05-16T13:00:00Z,64581,64440,32909,32865,141,28917,28912,29964,17989
2017-05-16T14:00:00Z,69162,68918,34591,34534,244,30851,30848,32055,19468
2017-05-16T15:00:00Z,71927,71426,35901,35875,501,30737,30732,32310,19797
2017-05-16T16:00:00Z,63049,62892,31733,31647,157,27148,27142,28599,17601
2017-05-16T17:00:00Z,60188,59769,29524,29514,419,24973,24968,27148,16485
2017-05-16T18:00:00Z,58759,58112,29523,29503,647,24408,24403,26207,16068
2017-05-16T19:00:00Z,57515,57310,29351,29332,205,23908,23902,25868,16429
2017-05-16T20:00:00Z,58384,57587,29788,29718,797,24142,24138,26127,16231
2017-05-16T21:00:00Z,54139,53922,28381,28369,217,21959,21954,23970,15152
2017-05-16T22:00:00Z,44384,44168,23057,23055,216,17960,17954,20198,12477
2017-05-16T23:00:00Z,36077,36038,18463,18459,39,14869,14863,16412,9936
2017-05-17T00:00:00Z,37621,37547,19618,19607,74,15335,15328,17561,10298
2017-05-17T01:00:00Z,40592,40459,20790,20774,133,17481,17475,19094,10714
2017-05-17T02:00:00Z,42469,42360,21409,21324,109,19035,19032,20583,11616
2017-05-17T03:00:00Z,41542,41375,21228,21116,167,18222,18218,19784,11275
2017-05-17T04:00:00Z,34950,34577,18411,18382,373,14756,14752,16624,9645
2017-05-17T05:00:00Z,38688,38190,19567,19515,498,16576,16573,18464,10132
2017-05-17T06:00:00Z,44731,44678,22291,22271,53,20506,20502,21937,12001
2017-05-17T07:00:00Z,51736,51525,25226,25207,211,23587,23583,24832,13528
2017-05-17T08:00:00Z,58691,58332,28289,28163,359,26302,26298,27529,15460
2017-05-17T09:00:00Z,60099,59727,29479,29394,372,27126,27123,28333,16361
2017-05-17T10:00:00Z,51714,51629,26551,26518,85,23622,23616,24751,14787
2017-05-17T11:00:00Z,51773,50913,26112,26067,860,22761,22756,24245,14374
2017-05-17T12:00:00Z,59237,58244,29114,29057,993,25703,25696,27328,16028
2017-05-17T13:00:00Z,65152,64171,32402,32324,981,28760,28755,29961,17919
2017-05-17T14:00:00Z,71940,71528,36429,36357,412,30872,30869,32480,19584
2017-05-17T15:00:00Z,68340,67952,34260,34232,388,29862,29858,31589,19395
2017-05-17T16:00:00Z,60756,60555,30620,30557,201,26540,26535,27960,17202
2017-05-17T17:00:00Z,58191,57971,28903,28866,220,24268,24262,25923,16063
2017-05-17T18:00:00Z,58572,58406,29867,29838,166,23933,23928,25398,15747
2017-05-17T19:00:00Z,56202,56092,29425,29363,110,23224,23219,24435,15265
2017-05-17T20:00:00Z,56738,56462,29395,29356,276,23269,23265,24687,15746
2017-05-17T21:00:00Z,51590,51198,27063,27045,392,21225,21220,22602,14269
2017-05-17T22:00:00Z,42769,42522,22360,22319,247,17643,17639,19157,11963
2017-05-17T23:00:00Z,37138,36285,19645,19610,853,15047,15042,16299,10161
2017-05-18T00:00:00Z,35296,34226,18029,18020,1070,14672,14667,15964,9533
2017-05-18T01:00:00Z,38116,38069,19188,19175,47,17090,17086,18101,10118
2017-05-18T02:00:00Z,40478,40424,20238,20207,54,18523,18518,19746,11018
2017-05-18T03:00:00Z,40779,40607,20920,20840,172,18185,18181,19520,10846
2017-05-18T04:00:00Z,35596,35290,19108,19097,306,14711,14708,16226,9281
2017-05-18T05:00:00Z,39351,38652,19441,19437,699,16167,16163,18036,9712
2017-05-18T06:00:00Z,46553,46298,22824,22791,255,20324,20321,22262,12099
2017-05-18T07:00:00Z,52187,51673,25137,25106,514,23569,23564,25014,13574
2017-05-18T08:00:00Z,58497,58390,27853,27818,107,26194,26189,27034,15056
2017-05-18T09:00:00Z,64106,63841,31289,31227,265,27041,27035,28393,16289
2017-05-18T10:00:00Z,54864,54726,27800,27730,138,23696,23692,25186,15155
2017-05-18T11:00:00Z,51649,51553,26625,26599,96,22452,22449,23854,14142
2017-05-18T12:00:00Z,56681,56538,29470,29392,143,25023,25017,26498,16002
2017-05-18T13:00:00Z,63801,63571,32241,32212,230,28319,28313,29686,17721
2017-05-18T14:00:00Z,69192,69046,34962,34911,146,30442,30437,31707,19161
2017-05-18T15:00:00Z,68534,68328,34732,34702,206,29991,29987,32004,19571
2017-05-18T16:00:00Z,61745,61451,31261,31220,294,26494,26485,27664,16845
2017-05-18T17:00:00Z,57698,57587,28908,28901,111,24180,24173,25770,15518
2017-05-18T18:00:00Z,56953,56785,29096,29077,168,23511,23503,24866,15313
2017-05-18T19:00:00Z,55352,54778,28531,28482,574,22997,22992,24855,15318
2017-05-18T20:00:00Z,55518,54813,28435,28342,705,22851,22847,24739,15267
2017-05-18T21:00:00Z,51698,51255,26658,26644,443,20967,20963,22528,14136
2017-05-18T22:00:00Z,44320,44204,22728,22710,116,17624,17619,19165,11880
2017-05-18T23:00:00Z,36986,36836,19461,19451,150,14944,14941,16394,10091
2017-05-19T00:00:00Z,34433,34378,18212,18201,55,14502,14498,15808,9551
2017-05-19T01:00:00Z,37795,37719,18992,18938,76,16782,16778,17970,10031
2017-05-19T02:00:00Z,40605,40523,20266,20234,82,18063,18060,19492,10717
2017-05-19T03:00:00Z,41109,41015,21223,21198,94,17903,17899,19376,10851
2017-05-19T04:00:00Z,31551,31337,16351,16337,214,13932,13929,15327,8881
2017-05-19T05:00:00Z,33995,33930,17315,17302,65,15357,15354,16721,9305
2017-05-19T06:00:00Z,43264,43221,21340,21327,43,19632,19629,21030,11586
2017-05-19T07:00:00Z,53350,53177,26928,26905,173,23199,23194,24409,13654
2017-05-19T08:00:00Z,55996,55919,27665,27622,77,25201,25198,26157,14728
2017-05-19T09:00:00Z,60454,59948,30109,30018,506,26450,26444,28096,16227
2017-05-19T10:00:00Z,51096,50951,26702,26672,145,22947,22942,23917,14516
2017-05-19T11:00:00Z,47546,47336,25044,25040,210,20823,20820,21953,13206
2017-05-19T12:00:00Z,51976,51863,27005,26988,113,22803,22798,23899,14409
2017-05-19T13:00:00Z,60061,59816,30633,30605,245,25933,25929,27126,16331
2017-05-19T14:00:00Z,63498,63328,32685,32635,170,27506,27499,29008,17777
2017-05-19T15:00:00Z,61225,61011,30573,30530,214,27004,26998,28319,17359
2017-05-19T16:00:00Z,56192,55996,28257,28238,196,23716,23712,25126,15345
2017-05-19T17:00:00Z,52021,51974,26580,26566,47,21919,21911,23213,14179
2017-05-19T18:00:00Z,50774,50609,25251,25232,165,20984,20978,22375,13576
2017-05-19T19:00:00Z,47895,47664,24759,24746,231,19803,19797,21160,13126
2017-05-19T20:00:00Z,47451,47186,23672,23669,265,19601,19597,21314,13135
2017-05-19T21:00:00Z,42364,42249,21948,21936,115,17439,17435,18747,11897
2017-05-19T22:00:00Z,35947,35727,19005,19000,220,14802,14798,16132,10052
2017-05-19T23:00:00Z,30924,30714,16300,16293,210,12270,12265,13839,8484
2017-05-20T00:00:00Z,27986,26858,14458,14444,1128,10826,10820,12347,7453
2017-05-20T01:00:00Z,27711,27518,15924,15915,193,10439,10435,11651,6912
2017-05-20T02:00:00Z,25647,25511,13791,13774,136,10757,10753,11950,6813
2017-05-20T03:00:00Z,26695,26638,15051,15028,57,10736,10732,11901,6844
2017-05-20T04:00:00Z,22802,22738,12358,12352,64,9681,9677,10943,6318
2017-05-20T05:00:00Z,23888,23838,13452,13431,50,9797,9794,11040,6383
2017-05-20T06:00:00Z,24460,24345,13074,13058,115,10628,10625,11760,6717
2017-05-20T07:00:00Z,28058,27904,14983,14974,154,11803,11799,13236,7449
2017-05-20T08:00:00Z,29226,29157,15442,15393,69,12370,12366,13782,8017
2017-05-20T09:00:00Z,29483,29419,15735,15716,64,12914,12910,14174,8297
2017-05-20T10:00:00Z,29486,29347,15954,15881,139,12694,12691,13789,8252
2017-05-20T11:00:00Z,30018,29848,16328,16302,170,12539,12536,13873,8228
2017-05-20T12:00:00Z,31887,31426,16799,16783,461,13398,13394,14987,8749
2017-05-20T13:00:00Z,35413,35336,19446,19415,77,14908,14904,16263,9939
2017-05-20T14:00:00Z,38370,38308,21231,21219,62,16306,16303,17723,10798
2017-05-20T15:00:00Z,39353,39213,21468,21388,140,16705,16702,18359,11243
2017-05-20T16:00:00Z,39510,39043,21773,21383,467,16094,16090,17655,10929
2017-05-20T17:00:00Z,37526,37274,20921,20745,252,15027,15024,16314,10212
2017-05-20T18:00:00Z,35414,35121,19529,19496,293,14490,14486,15940,9810
2017-05-20T19:00:00Z,34655,34190,19046,19018,465,14019,14016,15692,9545
2017-05-20T20:00:00Z,34688,34015,19730,19714,673,13561,13557,15240,9464
2017-05-20T21:00:00Z,30605,30422,17571,17557,183,12599,12595,14027,8806
2017-05-20T22:00:00Z,28150,27822,16045,16039,328,11321,11318,12704,8026
2017-05-20T23:00:00Z,25576,25498,14764,14757,78,9829,9825,11227,6946
2017-05-21T00:00:00Z,22755,22717,13528,13525,38,9244,9240,10345,6586
2017-05-21T01:00:00Z,23931,23867,13871,13849,64,9476,9472,10567,6343
2017-05-21T02:00:00Z,24815,24785,14192,14180,30,9899,9896,11171,6591
2017-05-21T03:00:00Z,24314,24261,13905,13873,53,10092,10088,11438,6751
2017-05-21T04:00:00Z,23822,23784,13920,13900,38,9531,9528,10816,6510
2017-05-21T05:00:00Z,24231,24166,13525,13495,65,9666,9662,10760,6302
2017-05-21T06:00:00Z,26008,25890,13715,13684,118,10331,10327,11653,6686
2017-05-21T07:00:00Z,27945,27829,15206,15162,116,11339,11335,12665,7474
2017-05-21T08:00:00Z,30100,30025,16699,16679,75,12191,12188,13582,8040
2017-05-21T09:00:00Z,31338,31157,17047,17036,181,12915,12912,14676,8659
2017-05-21T10:00:00Z,30740,30680,16706,16688,60,13045,13042,14460,8677
2017-05-21T11:00:00Z,31529,31277,17613,17583,252,13099,13096,14691,8827
2017-05-21T12:00:00Z,34392,34116,18762,18739,276,14612,14609,16709,10036
2017-05-21T13:00:00Z,38235,38143,21198,21141,92,16368,16363,18616,11321
2017-05-21T14:00:00Z,41398,41255,23163,23113,143,17808,17804,19922,12318
2017-05-21T15:00:00Z,41365,41262,23206,23162,103,18116,18111,20119,12509
2017-05-21T16:00:00Z,40923,40840,23454,23418,83,16839,16835,19048,11847
2017-05-21T17:00:00Z,38706,38636,22151,22134,70,15989,15984,18287,11378
2017-05-21T18:00:00Z,38150,37916,22169,22146,234,15668,15664,17296,10928
2017-05-21T19:00:00Z,38745,38654,22177,22156,91,15637,15633,17332,11089
2017-05-21T20:00:00Z,38696,38433,22274,22270,263,15841,15835,17935,11478
2017-05-21T21:00:00Z,35908,35751,20771,20768,157,14618,14613,16118,10474
2017-05-21T22:00:00Z,31889,31763,18796,18778,126,12666,12662,14230,9226
2017-05-21T23:00:00Z,27860,27513,16097,16089,347,11227,11221,12826,7961
2017-05-22T00:00:00Z,27321,27251,15261,15250,70,11946,11942,13134,8071
2017-05-22T01:00:00Z,34490,34453,18353,18331,37,14950,14946,16204,9237
2017-05-22T02:00:00Z,38570,38348,19898,19889,222,16859,16856,18272,10208
2017-05-22T03:00:00Z,37613,37537,19703,19672,76,16634,16630,18064,10178
2017-05-22T04:00:00Z,34656,34077,18911,18880,579,13851,13848,15772,8792
2017-05-22T05:00:00Z,37570,37498,20357,20352,72,15389,15386,16832,9291
2017-05-22T06:00:00Z,46097,45999,23345,23312,98,19700,19697,21211,11357
2017-05-22T07:00:00Z,53099,52199,26271,26220,900,22900,22896,24490,13338
2017-05-22T08:00:00Z,57793,57323,28465,28402,470,25394,25389,26495,14780
2017-05-22T09:00:00Z,59729,59473,29988,29918,256,26475,26469,27578,15861
2017-05-22T10:00:00Z,54005,53277,27619,27519,728,23478,23472,25268,14479
2017-05-22T11:00:00Z,52450,51676,26614,26599,774,22344,22338,24143,14091
2017-05-22T12:00:00Z,57343,56724,29311,29153,619,24716,24712,26367,15606
2017-05-22T13:00:00Z,64842,64502,33115,32870,340,28092,28086,29747,17707
2017-05-22T14:00:00Z,69453,68861,35417,35355,592,30126,30120,31750,19212
2017-05-22T15:00:00Z,69484,69193,35641,35577,291,29856,29853,31671,19426
2017-05-22T16:00:00Z,61869,61604,31374,31338,265,26401,26397,27728,16956
2017-05-22T17:00:00Z,58299,58071,29507,29456,228,23831,23828,25642,15450
2017-05-22T18:00:00Z,59095,58919,29268,29220,176,23533,23529,25713,15351
2017-05-22T19:00:00Z,55161,55023,27820,27798,138,23294,23290,24816,15287
2017-05-22T20:00:00Z,56889,56475,29367,29333,414,23534,23530,25289,15609
2017-05-22T21:00:00Z,51465,50772,26736,26729,693,21076,21071,22995,14209
2017-05-22T22:00:00Z,43900,43204,23067,23054,696,17716,17711,19605,12282
2017-05-22T23:00:00Z,38742,37946,19798,19787,796,15172,15167,17089,10302
2017-05-23T00:00:00Z,38068,37231,19953,19930,837,15077,15070,16901,10018
2017-05-23T01:00:00Z,41403,40469,20928,20873,934,17673,17669,19114,10604
2017-05-23T02:00:00Z,44337,43782,22049,22006,555,18859,18854,20963,11306
2017-05-23T03:00:00Z,42605,41653,21187,21178,952,18070,18066,20418,10977
2017-05-23T04:00:00Z,34084,33906,17950,17942,178,14566,14562,16339,9430
2017-05-23T05:00:00Z,37059,36825,18824,18815,234,16442,16439,18027,9974
2017-05-23T06:00:00Z,45288,45209,22301,22292,79,20743,20740,22075,12071
2017-05-23T07:00:00Z,51702,51479,25511,25435,223,23397,23392,24524,13512
2017-05-23T08:00:00Z,59311,59006,29015,28952,305,26450,26445,27751,15303
2017-05-23T09:00:00Z,62065,61091,30469,30446,974,27332,27325,28903,16212
2017-05-23T10:00:00Z,54949,54449,27802,27770,500,24052,24048,25889,15158
2017-05-23T11:00:00Z,53270,53106,27117,27069,164,23067,23064,24494,14432
2017-05-23T12:00:00Z,58038,57792,29270,29155,246,25930,25927,27075,15962
2017-05-23T13:00:00Z,66589,66450,32741,32690,139,29198,29194,30238,18074
2017-05-23T14:00:00Z,68284,67656,33473,33422,628,30812,30808,32177,19434
2017-05-23T15:00:00Z,70234,69733,34641,34584,501,30749,30741,32317,19417
2017-05-23T16:00:00Z,63168,62969,31645,31591,199,27135,27128,28579,17471
2017-05-23T17:00:00Z,60113,59867,30011,29955,246,24742,24735,26352,15949
2017-05-23T18:00:00Z,58962,58769,29706,29667,193,24428,24423,26003,15911
2017-05-23T19:00:00Z,57918,57365,28969,28942,553,23733,23727,25206,15569
2017-05-23T20:00:00Z,58243,57990,29087,29059,253,24330,24324,25696,16165
2017-05-23T21:00:00Z,52122,51782,26733,26617,340,21874,21867,23091,14671
2017-05-23T22:00:00Z,44857,44667,23313,23303,190,18156,18150,19298,12220
2017-05-23T23:00:00Z,38713,38631,20245,20238,82,15602,15596,16710,10344
2017-05-24T00:00:00Z,38147,38120,20556,20551,27,15221,15215,16478,9943
2017-05-24T01:00:00Z,41669,41621,22198,22188,48,17376,17372,18672,10600
2017-05-24T02:00:00Z,43445,43190,21962,21942,255,18902,18898,20485,11291
2017-05-24T03:00:00Z,40524,40476,20862,20850,48,18271,18266,20033,11206
2017-05-24T04:00:00Z,35412,35287,19276,19250,125,14925,14921,16617,9741
2017-05-24T05:00:00Z,38440,38369,19879,19859,71,16495,16492,18085,10423
2017-05-24T06:00:00Z,46288,46226,22960,22931,62,20740,20737,22277,12097
2017-05-24T07:00:00Z,54651,54484,26637,26602,167,23860,23854,25720,14028
2017-05-24T08:00:00Z,59383,59192,29870,29782,191,26009,26005,27324,15449
2017-05-24T09:00:00Z,59840,59771,30452,30441,69,26855,26851,28280,16272
2017-05-24T10:00:00Z,53511,53405,27654,27594,106,23876,23872,25281,15054
2017-05-24T11:00:00Z,53511,52196,27339,27098,1315,22676,22671,24665,14421
2017-05-24T12:00:00Z,59031,58344,30230,30165,687,25606,25603,26787,16012
2017-05-24T13:00:00Z,64796,64526,32568,32423,270,28245,28241,29541,17620
2017-05-24T14:00:00Z,72788,71941,36628,36494,847,30855,30852,32816,19579
2017-05-24T15:00:00Z,67798,67442,34400,34360,356,29812,29807,31242,19212
2017-05-24T16:00:00Z,65745,65024,31451,31359,721,26803,26797,29289,17054
2017-05-24T17:00:00Z,59384,58412,29139,29053,972,23796,23791,26204,15401
2017-05-24T18:00:00Z,59603,58549,29972,29883,1054,23512,23506,25985,15307
2017-05-24T19:00:00Z,56946,56005,29711,29573,941,22593,22587,24731,14872
2017-05-24T20:00:00Z,57176,56255,29239,29215,921,22795,22791,24983,15421
2017-05-24T21:00:00Z,52161,51284,26399,26380,877,20721,20715,22892,14081
2017-05-24T22:00:00Z,43984,43427,22994,22961,557,17453,17448,19247,11889
2017-05-24T23:00:00Z,37617,37527,20272,20259,90,15058,15054,16437,10204
2017-05-25T00:00:00Z,36429,36383,19935,19922,46,14713,14707,16180,9731
2017-05-25T01:00:00Z,40151,40100,20942,20930,51,17165,17161,18439,10362
2017-05-25T02:00:00Z,41716,41643,21273,21241,73,18541,18538,19907,11145
2017-05-25T03:00:00Z,40535,40440,20873,20844,95,17820,17813,19359,10909
2017-05-25T04:00:00Z,33700,33663,17950,17929,37,14207,14202,15670,9158
2017-05-25T05:00:00Z,37019,36968,19703,19688,51,15546,15542,17022,9448
2017-05-25T06:00:00Z,42676,42613,21459,21443,63,18958,18954,20638,11303
2017-05-25T07:00:00Z,45226,44996,22844,22822,230,20274,20268,21890,11938
2017-05-25T08:00:00Z,49491,49338,25299,25225,153,22140,22135,23520,13100
2017-05-25T09:00:00Z,55663,55488,27994,27878,175,23476,23470,25039,14219
2017-05-25T10:00:00Z,49158,49074,25905,25875,84,21313,21307,23012,13636
2017-05-25T11:00:00Z,47449,46772,24661,24540,677,20154,20150,22251,12873
2017-05-25T12:00:00Z,49579,48596,25183,25122,983,21446,21440,23369,13491
2017-05-25T13:00:00Z,57183,57092,29274,29256,91,24559,24554,26117,15623
2017-05-25T14:00:00Z,59661,59500,30479,30458,161,26266,26259,27725,16781
2017-05-25T15:00:00Z,62746,62635,31811,31776,111,27157,27151,28667,17489
2017-05-25T16:00:00Z,59156,59020,29863,29852,136,25006,25001,26472,16260
2017-05-25T17:00:00Z,56401,56166,29288,29220,235,23289,23284,24704,15388
2017-05-25T18:00:00Z,54350,53976,27859,27812,374,22381,22377,23855,14720
2017-05-25T19:00:00Z,54822,54627,28517,28505,195,22093,22090,23723,14711
2017-05-25T20:00:00Z,55734,55341,28217,28193,393,22418,22414,24171,15069
2017-05-25T21:00:00Z,51141,50389,26476,26409,752,20415,20407,22222,13848
2017-05-25T22:00:00Z,43861,43480,23773,23773,381,17316,17313,18832,11861
2017-05-25T23:00:00Z,37109,36767,19773,19768,342,14900,14894,16309,10151
2017-05-26T00:00:00Z,33973,33931,18542,18534,42,14032,14024,15413,9390
2017-05-26T01:00:00Z,39091,39010,20203,20171,81,16534,16530,18148,10101
2017-05-26T02:00:00Z,40158,40051,20583,20531,107,17903,17897,19257,10571
2017-05-26T03:00:00Z,39936,39874,21116,21090,62,17289,17283,18990,10576
2017-05-26T04:00:00Z,33029,32961,18036,18018,68,13811,13807,15424,8936
2017-05-26T05:00:00Z,36274,36220,19429,19405,54,15093,15089,16530,9403
2017-05-26T06:00:00Z,44633,44570,23099,23082,63,18835,18832,20536,10923
2017-05-26T07:00:00Z,48585,48458,24578,24549,127,20800,20796,23028,12766
2017-05-26T08:00:00Z,52703,52516,25842,25821,187,23307,23302,24997,13704
2017-05-26T09:00:00Z,54277,54219,27248,27230,58,24079,24075,25685,14759
2017-05-26T10:00:00Z,50742,50594,26062,26036,148,21775,21772,23944,14018
2017-05-26T11:00:00Z,47219,46185,24305,24029,1034,19617,19612,22114,12670
2017-05-26T12:00:00Z,50572,50058,25986,25880,514,21469,21465,23325,13807
2017-05-26T13:00:00Z,57199,56739,29047,28908,460,24400,24392,26027,15485
2017-05-26T14:00:00Z,61456,61030,30930,30817,426,26137,26130,27800,16798
2017-05-26T15:00:00Z,61253,60969,30643,30599,284,25936,25930,27807,16808
2017-05-26T16:00:00Z,55192,54816,28143,28115,376,23168,23161,24891,15177
2017-05-26T17:00:00Z,52992,52554,27805,27754,438,20977,20970,22917,14024
2017-05-26T18:00:00Z,51484,51145,26387,26339,339,20304,20298,21927,13507
2017-05-26T19:00:00Z,48408,48047,25221,25200,361,19122,19116,20744,12662
2017-05-26T20:00:00Z,46820,46503,24969,24943,317,18997,18989,20527,12899
2017-05-26T21:00:00Z,43921,43629,23882,23876,292,17263,17259,18715,11934
2017-05-26T22:00:00Z,37996,37677,20715,20701,319,14538,14531,16201,10236
2017-05-26T23:00:00Z,32518,32286,18710,18691,232,12058,12053,13579,8471
2017-05-27T00:00:00Z,28774,28547,16308,16290,227,11262,11257,12727,7707
2017-05-27T01:00:00Z,30341,30130,16238,16224,211,12680,12675,14066,7803
2017-05-27T02:00:00Z,32954,32719,17400,17386,235,13766,13760,15197,8276
2017-05-27T03:00:00Z,31767,31553,16623,16615,214,13428,13421,14894,8053
2017-05-27T04:00:00Z,25987,25692,14014,14007,295,10317,10310,11568,6682
2017-05-27T05:00:00Z,27383,27134,14431,14427,249,11267,11263,12530,6936
2017-05-27T06:00:00Z,32214,31959,17015,16993,255,13774,13769,15251,8138
2017-05-27T07:00:00Z,34585,34338,18228,18213,247,14692,14688,16183,8717
2017-05-27T08:00:00Z,37090,36842,19774,19756,248,15645,15640,17216,9318
2017-05-27T09:00:00Z,36899,36616,20358,20293,283,16209,16205,17679,10116
2017-05-27T10:00:00Z,32818,32655,18927,18896,163,14034,14028,15513,9462
2017-05-27T11:00:00Z,30450,30348,17646,17632,102,12113,12110,13630,8100
2017-05-27T12:00:00Z,30555,30402,17069,17045,153,12658,12655,14145,8381
2017-05-27T13:00:00Z,34257,34159,19334,19302,98,13814,13811,15403,9181
2017-05-27T14:00:00Z,36728,36646,21027,21006,82,15132,15128,16660,10205
2017-05-27T15:00:00Z,37605,37506,21146,21114,99,15386,15383,17176,10652
2017-05-27T16:00:00Z,37142,37068,21304,21292,74,14793,14789,16379,10155
2017-05-27T17:00:00Z,35978,35932,20611,20600,46,13749,13746,15480,9523
2017-05-27T18:00:00Z,33884,33825,19450,19450,59,13297,13292,14848,9239
2017-05-27T19:00:00Z,32821,32773,18517,18512,48,12828,12824,14234,8955
2017-05-27T20:00:00Z,33208,33157,19184,19154,51,12641,12637,14594,9103
2017-05-27T21:00:00Z,30611,30539,18499,18463,72,11741,11735,13102,8348
2017-05-27T22:00:00Z,29402,29295,18001,17934,107,10575,10570,11885,7617
2017-05-27T23:00:00Z,24468,24421,15035,15007,47,9387,9383,10555,6711
2017-05-28T00:00:00Z,23489,23431,14397,14371,58,8844,8840,10141,6209
2017-05-28T01:00:00Z,24860,24824,14986,14960,36,8776,8772,10577,6080
2017-05-28T02:00:00Z,24406,24349,14802,14792,57,9248,9245,10396,6193
2017-05-28T03:00:00Z,24124,24112,14528,14522,12,9458,9455,10626,6374
2017-05-28T04:00:00Z,23066,23035,13927,13920,31,8802,8799,9918,6065
2017-05-28T05:00:00Z,22926,22881,13749,13727,45,8886,8882,9999,6027
2017-05-28T06:00:00Z,24845,24813,14203,14187,32,9604,9600,11112,6526
2017-05-28T07:00:00Z,26161,26074,15253,15212,87,10329,10324,11716,6823
2017-05-28T08:00:00Z,30505,30470,18224,18207,35,11311,11306,12697,7560
2017-05-28T09:00:00Z,30585,30393,18054,18050,192,11936,11933,13449,8009
2017-05-28T10:00:00Z,30930,30886,18959,18942,44,11982,11978,13438,8170
2017-05-28T11:00:00Z,31030,30999,18462,18454,31,12204,12201,13551,8317
2017-05-28T12:00:00Z,33199,33161,19613,19599,38,13170,13165,14444,8984
2017-05-28T13:00:00Z,36886,36837,22017,21994,49,14420,14417,15945,9714
2017-05-28T14:00:00Z,39468,39415,23354,23332,53,15982,15978,17542,10820
2017-05-28T15:00:00Z,39763,39725,23715,23707,38,16394,16390,18002,11249
2017-05-28T16:00:00Z,38961,38917,23443,23413,44,15463,15460,16935,10773
2017-05-28T17:00:00Z,39294,39257,24198,24185,37,15186,15181,16554,10547
2017-05-28T18:00:00Z,37933,37904,23205,23191,29,14788,14785,16074,10314
2017-05-28T19:00:00Z,37779,37743,22570,22554,36,14733,14730,16347,10534
2017-05-28T20:00:00Z,38543,38513,22825,22808,30,14497,14493,16310,10449
2017-05-28T21:00:00Z,36368,36351,22488,22480,17,13713,13709,15095,9770
2017-05-28T22:00:00Z,31856,31831,19524,19507,25,11709,11706,13354,8569
2017-05-28T23:00:00Z,27940,27922,17203,17202,18,10313,10308,11675,7314
2017-05-29T00:00:00Z,27499,27471,17039,17032,28,10220,10216,11539,7217
2017-05-29T01:00:00Z,29819,29800,18637,18628,19,10976,10972,12267,7471
2017-05-29T02:00:00Z,31343,31310,18453,18429,33,11925,11921,13233,7899
2017-05-29T03:00:00Z,30614,30594,18168,18160,20,11889,11886,13375,7977
2017-05-29T04:00:00Z,31090,31063,18165,18152,27,11951,11946,13398,7953
2017-05-29T05:00:00Z,31812,31791,18215,18200,21,12428,12423,13992,8156
2017-05-29T06:00:00Z,36909,36883,20167,20161,26,15072,15068,16579,9495
2017-05-29T07:00:00Z,43833,43478,23423,23151,355,17892,17885,19534,11247
2017-05-29T08:00:00Z,50573,49931,27221,27208,642,20139,20132,22201,12664
2017-05-29T09:00:00Z,51594,50943,27697,27665,651,20747,20741,22423,13291
2017-05-29T10:00:00Z,47291,46595,25837,25795,696,18997,18992,20804,12303
2017-05-29T11:00:00Z,48882,48146,26496,26458,736,19502,19498,21341,12642
2017-05-29T12:00:00Z,53038,52312,28351,28330,726,21251,21247,23013,13675
2017-05-29T13:00:00Z,57450,56664,30949,30903,786,23198,23193,25052,14917
2017-05-29T14:00:00Z,58804,58168,31416,31398,636,24423,24419,26237,15894
2017-05-29T15:00:00Z,56956,56076,31364,31311,880,23356,23352,25514,15653
2017-05-29T16:00:00Z,51082,50629,27633,27611,453,20888,20881,22765,13909
2017-05-29T17:00:00Z,48142,48045,27407,27385,97,19101,19097,20787,12968
2017-05-29T18:00:00Z,49064,48960,28312,28296,104,18929,18926,20650,12952
2017-05-29T19:00:00Z,47322,47008,27053,27038,314,18843,18837,20633,13054
2017-05-29T20:00:00Z,46592,46444,26702,26632,148,18729,18723,20521,13354
2017-05-29T21:00:00Z,42108,41920,24703,24645,188,16857,16853,18448,11843
2017-05-29T22:00:00Z,36559,36462,22082,22073,97,14260,14255,16000,10482
2017-05-29T23:00:00Z,31123,31017,18301,18283,106,12301,12297,13968,8680
2017-05-30T00:00:00Z,30875,30839,17797,17789,36,12048,12042,13615,8441
2017-05-30T01:00:00Z,33976,33381,19891,19878,595,12751,12748,14649,8613
2017-05-30T02:00:00Z,34768,34717,20374,20353,51,13587,13583,15383,9123
2017-05-30T03:00:00Z,33757,33689,19729,19702,68,13387,13383,15203,9138
2017-05-30T04:00:00Z,33899,33828,19892,19857,71,13156,13151,14758,8967
2017-05-30T05:00:00Z,32396,32295,18281,18246,101,13410,13405,14962,8878
2017-05-30T06:00:00Z,38171,37962,20527,20501,209,15717,15714,17325,10006
2017-05-30T07:00:00Z,45987,45543,23831,23816,444,19071,19067,20440,11736
2017-05-30T08:00:00Z,50569,50418,25957,25914,151,21255,21250,22598,13164
2017-05-30T09:00:00Z,54074,53878,28268,28236,196,22044,22037,23470,13882
2017-05-30T10:00:00Z,50882,50738,26881,26834,144,20461,20454,22380,13228
2017-05-30T11:00:00Z,50201,50085,26689,26640,116,21011,21006,22375,13395
2017-05-30T12:00:00Z,56501,56301,29397,29287,200,23801,23796,25105,15120
2017-05-30T13:00:00Z,65196,64859,33469,33337,337,27709,27703,28883,17529
2017-05-30T14:00:00Z,69691,69228,36058,35823,463,29725,29717,30933,18814
2017-05-30T15:00:00Z,70338,69552,36315,36157,786,29492,29482,31027,19008
2017-05-30T16:00:00Z,62535,62182,32143,31932,353,26129,26123,27581,16915
2017-05-30T17:00:00Z,59528,59192,30871,30611,336,24251,24243,25647,15746
2017-05-30T18:00:00Z,61057,60888,31524,31500,169,23930,23919,25661,15714
2017-05-30T19:00:00Z,59219,59002,32305,32257,217,23480,23470,24899,15417
2017-05-30T20:00:00Z,58026,57807,31033,31019,219,23709,23705,25397,16006
2017-05-30T21:00:00Z,54666,53797,29291,29282,869,21662,21656,23637,14808
2017-05-30T22:00:00Z,46758,46199,25711,25707,559,17796,17790,19490,12249
2017-05-30T23:00:00Z,38399,38347,20996,20991,52,15351,15347,16627,10490
2017-05-31T00:00:00Z,37317,37171,20545,20541,146,14893,14887,16152,9886
2017-05-31T01:00:00Z,41639,41490,22047,21995,149,17384,17379,18615,10647
2017-05-31T02:00:00Z,43267,43155,22684,22666,112,18518,18513,19961,11113
2017-05-31T03:00:00Z,41362,41296,21844,21819,66,18008,18004,19502,10858
2017-05-31T04:00:00Z,35241,35159,19674,19651,82,14635,14632,16099,9485
2017-05-31T05:00:00Z,38930,38687,20498,20480,243,16306,16302,18011,10176
2017-05-31T06:00:00Z,46512,46399,23454,23402,113,20289,20284,22161,12053
2017-05-31T07:00:00Z,53366,52998,26593,26515,368,23099,23093,24740,13579
2017-05-31T08:00:00Z,59923,59813,29869,29809,110,25637,25631,27376,15256
2017-05-31T09:00:00Z,62289,61736,31446,31383,553,26704,26695,28375,16169
2017-05-31T10:00:00Z,55574,55468,28789,28767,106,23506,23499,24979,14748
2017-05-31T11:00:00Z,53881,53783,28812,28780,98,22062,22055,23858,13972
2017-05-31T12:00:00Z,42262,42170,23830,23809,92,20370,20364,21267,13322
2017-05-31T13:00:00Z,51649,51593,25462,25438,56,24504,24500,25749,14855
2017-05-31T14:00:00Z,59411,59295,29693,29673,116,27518,27511,28857,17233
2017-05-31T15:00:00Z,68778,68578,35320,35300,200,29444,29438,31229,19319
2017-05-31T16:00:00Z,61458,61294,31339,31322,164,26127,26120,27675,17114
2017-05-31T17:00:00Z,57708,57561,29222,29168,147,23691,23685,25416,15404
2017-05-31T18:00:00Z,58426,58131,29725,29655,295,23610,23607,25036,15398
2017-05-31T19:00:00Z,57925,57648,30661,30640,277,23220,23215,24668,15507
2017-05-31T20:00:00Z,59947,59752,31734,31696,195,23436,23431,25250,16087
2017-05-31T21:00:00Z,54425,53685,27971,27892,740,21624,21619,23915,14495
2017-05-31T22:00:00Z,46031,45551,23812,23712,480,17826,17822,19763,12378
2017-05-31T23:00:00Z,38455,37922,20621,20556,533,15086,15081,16972,10404
2017-06-01T00:00:00Z,37302,36999,20382,20344,303,14770,14763,16488,9993
2017-06-01T01:00:00Z,40774,40356,21479,21449,418,17104,17101,18825,10328
2017-06-01T02:00:00Z,43331,42916,22664,22602,415,18363,18360,20326,11198
2017-06-01T03:00:00Z,41608,41317,21961,21917,291,17662,17658,19561,10949
2017-06-01T04:00:00Z,34927,34812,19773,19759,115,14116,14111,15876,9253
2017-06-01T05:00:00Z,37695,37509,20083,20038,186,15962,15959,17338,9581
2017-06-01T06:00:00Z,46645,46558,24274,24227,87,19871,19867,21448,11812
2017-06-01T07:00:00Z,53352,52968,26388,26349,384,23162,23157,25017,13475
2017-06-01T08:00:00Z,60151,59935,30650,30614,216,25553,25548,26800,14932
2017-06-01T09:00:00Z,61389,61192,31212,31172,197,26515,26507,27834,16087
2017-06-01T10:00:00Z,54634,54459,27869,27791,175,23219,23213,24716,14620
2017-06-01T11:00:00Z,52883,52634,27427,27245,249,21809,21805,23168,13941
2017-06-01T12:00:00Z,57179,56993,29463,29402,186,24470,24465,25891,15452
2017-06-01T13:00:00Z,65044,64803,32379,32342,241,27639,27633,28996,17283
2017-06-01T14:00:00Z,70095,69830,35493,35445,265,29837,29830,31159,18861
2017-06-01T15:00:00Z,68388,68253,34314,34276,135,28890,28884,30455,18810
2017-06-01T16:00:00Z,63150,63070,31972,31939,80,25685,25677,27425,16687
2017-06-01T17:00:00Z,59018,58883,29986,29941,135,23557,23552,25003,15379
2017-06-01T18:00:00Z,58652,58199,29292,29272,453,23157,23152,24799,15136
2017-06-01T19:00:00Z,55781,55303,28753,28743,478,22411,22407,24049,14817
2017-06-01T20:00:00Z,55934,55814,29409,29402,120,22289,22285,24012,15180
2017-06-01T21:00:00Z,52504,52243,27716,27710,261,20720,20715,22609,14382
2017-06-01T22:00:00Z,43144,42978,23204,23158,166,17174,17171,18841,11984
2017-06-01T23:00:00Z,37214,37121,20391,20376,93,14674,14671,16055,10015
2017-06-02T00:00:00Z,37280,37205,21063,21058,75,14501,14496,15819,9739
2017-06-02T01:00:00Z,41647,41145,21998,21963,502,16670,16667,18255,10144
2017-06-02T02:00:00Z,42929,42457,22478,22432,472,17839,17835,19827,10757
2017-06-02T03:00:00Z,42386,41663,22289,22232,723,17458,17455,19732,10915
2017-06-02T04:00:00Z,35062,34358,18967,18958,704,14042,14039,16031,9162
2017-06-02T05:00:00Z,37130,36338,18951,18937,792,15473,15470,17523,9550
2017-06-02T06:00:00Z,44633,43846,22687,22652,787,19271,19268,21223,11326
2017-06-02T07:00:00Z,52351,51478,25617,25593,873,22017,22011,24244,12985
2017-06-02T08:00:00Z,57808,56936,28357,28287,872,24647,24642,26628,14615
2017-06-02T09:00:00Z,61294,60420,31057,30958,874,25614,25609,27522,15828
2017-06-02T10:00:00Z,54183,53306,28654,28602,877,22281,22273,24718,14662
2017-06-02T11:00:00Z,49175,48260,25461,25383,915,20341,20335,22323,13065
2017-06-02T12:00:00Z,53977,53659,28651,28615,318,22343,22336,23976,14375
2017-06-02T13:00:00Z,61176,60443,31213,31173,733,24949,24942,26790,15850
2017-06-02T14:00:00Z,66937,65999,34204,34171,938,26738,26731,29142,17352
2017-06-02T15:00:00Z,63842,62842,32795,32741,1000,26088,26081,28070,16807
2017-06-02T16:00:00Z,59196,58077,30967,30924,1119,23289,23282,25626,15274
2017-06-02T17:00:00Z,55052,53898,29036,28955,1154,21154,21148,23081,13691
2017-06-02T18:00:00Z,54026,52960,27897,27783,1066,20850,20844,22777,13639
2017-06-02T19:00:00Z,53168,52757,27858,27817,411,20076,20072,21954,13363
2017-06-02T20:00:00Z,50345,50040,26657,26558,305,19331,19323,20978,13067
2017-06-02T21:00:00Z,46538,46387,25270,25258,151,17518,17512,19292,12121
2017-06-02T22:00:00Z,39415,39273,21739,21712,142,14661,14656,16287,10188
2017-06-02T23:00:00Z,34002,33604,18960,18953,398,12479,12475,13800,8572
2017-06-03T00:00:00Z,31612,30571,17690,17674,1041,10805,10800,12740,7447
2017-06-03T01:00:00Z,30649,29825,17495,17480,824,10397,10392,12248,6791
2017-06-03T02:00:00Z,30465,29726,17231,17168,739,10796,10792,12709,7043
2017-06-03T03:00:00Z,30004,29943,17046,17032,61,11026,11023,12660,7250
2017-06-03T04:00:00Z,26303,26192,15480,15456,111,9997,9992,11552,6688
2017-06-03T05:00:00Z,26936,26888,15733,15717,48,10063,10060,11433,6518
2017-06-03T06:00:00Z,28992,28940,16550,16534,52,10950,10946,12530,6990
2017-06-03T07:00:00Z,30792,30559,17325,17285,233,11912,11906,13364,7490
2017-06-03T08:00:00Z,32170,32041,18187,18154,129,12626,12620,14224,7974
2017-06-03T09:00:00Z,33143,33017,18809,18783,126,12924,12920,14547,8361
2017-06-03T10:00:00Z,31787,31696,18362,18345,91,12420,12416,14110,8338
2017-06-03T11:00:00Z,30855,30791,17884,17869,64,12003,11998,13374,7922
2017-06-03T12:00:00Z,33143,32940,18658,18640,203,12959,12956,14680,8501
2017-06-03T13:00:00Z,35593,35491,19410,19392,102,14299,14296,15768,9441
2017-06-03T14:00:00Z,38793,38657,20933,20904,136,15752,15749,17466,10436
2017-06-03T15:00:00Z,39057,38871,21271,21219,186,15991,15988,17774,10713
2017-06-03T16:00:00Z,39904,39566,22009,21976,338,15764,15758,17546,10448
2017-06-03T17:00:00Z,37384,37276,21462,21450,108,14631,14625,16182,10013
2017-06-03T18:00:00Z,35199,35033,19586,19561,166,13742,13738,15318,9384
2017-06-03T19:00:00Z,33366,32495,18461,18435,871,12834,12829,14449,8842
2017-06-03T20:00:00Z,32666,32423,18594,18584,243,12455,12451,13886,8750
2017-06-03T21:00:00Z,31026,30840,17954,17941,186,12023,12019,13349,8446
2017-06-03T22:00:00Z,28079,28014,16375,16371,65,10836,10833,12135,7798
2017-06-03T23:00:00Z,25177,25129,15061,15046,48,9529,9525,10741,6817
2017-06-04T00:00:00Z,24713,24686,14971,14959,27,8940,8936,10318,6403
2017-06-04T01:00:00Z,25008,24881,15282,15200,127,9001,8998,10116,6110
2017-06-04T02:00:00Z,25763,25719,15079,15074,44,9954,9951,11302,6700
2017-06-04T03:00:00Z,25525,25469,15121,15108,56,10011,10007,11276,6714
2017-06-04T04:00:00Z,24608,24501,14840,14810,107,9350,9346,10590,6379
2017-06-04T05:00:00Z,26760,26707,16748,16727,53,9396,9392,10817,6452
2017-06-04T06:00:00Z,28289,28239,17734,17712,50,9971,9968,11425,6823
2017-06-04T07:00:00Z,30703,30485,18203,18175,218,11298,11293,12902,7435
2017-06-04T08:00:00Z,32477,32311,19135,19026,166,12359,12356,13838,8131
2017-06-04T09:00:00Z,31653,31546,18447,18410,107,12573,12570,14147,8378
2017-06-04T10:00:00Z,31103,31029,17847,17817,74,12521,12518,13833,8374
2017-06-04T11:00:00Z,32140,32075,18712,18685,65,12911,12908,14432,8698
2017-06-04T12:00:00Z,33207,33154,18893,18875,53,13930,13926,15724,9545
2017-06-04T13:00:00Z,36696,36643,20977,20949,53,15507,15504,17294,10544
2017-06-04T14:00:00Z,40446,40388,23493,23479,58,16966,16962,18809,11597
2017-06-04T15:00:00Z,41682,41573,23617,23596,109,17471,17466,19563,11997
2017-06-04T16:00:00Z,41039,40959,23343,23330,80,16664,16660,18604,11476
2017-06-04T17:00:00Z,38988,38822,22328,22306,166,15400,15395,17113,10608
2017-06-04T18:00:00Z,37644,37511,21465,21450,133,15061,15058,16664,10510
2017-06-04T19:00:00Z,37957,37868,22585,22574,89,14896,14893,16291,10410
2017-06-04T20:00:00Z,37424,37354,21712,21681,70,15000,14995,16308,10584
2017-06-04T21:00:00Z,37496,37432,22660,22619,64,14220,14217,15588,10217
2017-06-04T22:00:00Z,33332,33275,19895,19862,57,12828,12823,14398,9384
2017-06-04T23:00:00Z,31568,31531,18874,18862,37,11604,11599,12942,8282
2017-06-05T00:00:00Z,30846,30808,18885,18876,38,11788,11784,12972,8216
2017-06-05T01:00:00Z,36947,36882,21003,20970,65,15202,15198,16698,9474
2017-06-05T02:00:00Z,39947,39919,21270,21265,28,17044,17040,18361,10296
2017-06-05T03:00:00Z,40851,40533,22344,22287,318,16986,16982,18350,10272
2017-06-05T04:00:00Z,33150,33033,18714,18660,117,13602,13599,14966,8854
2017-06-05T05:00:00Z,34822,34770,18870,18862,52,14680,14676,15882,8990
2017-06-05T06:00:00Z,42407,42323,21332,21309,84,18267,18263,19525,10596
2017-06-05T07:00:00Z,47376,46924,23554,23514,452,20308,20304,21865,11705
2017-06-05T08:00:00Z,52733,51769,26634,26583,964,21952,21947,24112,12911
2017-06-05T09:00:00Z,55238,55046,28754,28718,192,23424,23420,25245,14361
2017-06-05T10:00:00Z,49834,49679,26211,26170,155,21097,21090,22791,13599
2017-06-05T11:00:00Z,46801,46708,24689,24673,93,20019,20014,21635,12712
2017-06-05T12:00:00Z,51716,51634,26824,26792,82,22035,22030,23765,14042
2017-06-05T13:00:00Z,59240,59115,30115,30075,125,24781,24778,26495,15737
2017-06-05T14:00:00Z,65814,65702,33794,33741,112,27272,27267,28812,17487
2017-06-05T15:00:00Z,65260,64956,33217,33161,304,27489,27481,29061,17833
2017-06-05T16:00:00Z,62776,62674,32582,32546,102,25810,25804,27196,16710
2017-06-05T17:00:00Z,57913,57420,30371,30217,493,23092,23086,24671,15015
2017-06-05T18:00:00Z,53033,52890,27143,27059,143,21619,21613,22795,14012
2017-06-05T19:00:00Z,50815,50675,27072,27009,140,20998,20993,22194,13897
2017-06-05T20:00:00Z,57511,56647,29600,29559,864,22474,22469,24909,15313
2017-06-05T21:00:00Z,52728,52045,28065,28040,683,20874,20868,22951,14279
2017-06-05T22:00:00Z,45824,45164,24834,24814,660,17744,17736,19852,12362
2017-06-05T23:00:00Z,39286,38350,21099,21055,936,15286,15281,17112,10545
2017-06-06T00:00:00Z,37496,37414,20541,20526,82,14671,14666,16237,9773
2017-06-06T02:00:00Z,42568,42516,22210,22196,52,18638,18634,20198,11207
2017-06-06T03:00:00Z,41718,41613,21682,21672,105,18135,18132,19786,11027
2017-06-06T04:00:00Z,34882,34832,19384,19369,50,14554,14550,16089,9389
2017-06-06T05:00:00Z,37033,36967,19550,19540,66,15911,15907,17414,9820
2017-06-06T06:00:00Z,45466,45232,23125,23106,234,19934,19929,21438,11661
2017-06-06T07:00:00Z,51667,51479,25046,25009,188,22898,22894,24419,13323
2017-06-06T08:00:00Z,59201,58977,29717,29680,224,25329,25325,26891,15115
2017-06-06T09:00:00Z,59061,58916,30299,30238,145,26205,26202,27723,15870
2017-06-06T10:00:00Z,53874,53489,28011,27906,385,23371,23365,24881,14917
2017-06-06T11:00:00Z,51149,51006,26300,26227,143,22316,22312,23686,13927
2017-06-06T12:00:00Z,57548,57366,29472,29393,182,25217,25214,26676,15617
2017-06-06T13:00:00Z,65725,65350,33370,33274,375,28252,28248,29845,17845
2017-06-06T14:00:00Z,69978,69206,35193,35083,772,30099,30093,31637,19090
2017-06-06T15:00:00Z,72749,72082,35622,35594,667,30342,30337,32037,19459
2017-06-06T16:00:00Z,64904,64306,32372,32357,598,27203,27197,28663,17323
2017-06-06T17:00:00Z,61097,60469,30797,30771,628,24951,24944,26329,16066
2017-06-06T18:00:00Z,60885,60352,30292,30286,533,24540,24534,26133,15618
2017-06-06T19:00:00Z,59019,58934,29857,29852,85,24189,24183,25468,15575
2017-06-06T20:00:00Z,59072,58855,30744,30739,217,24292,24287,25623,16262
2017-06-06T21:00:00Z,53929,53765,28639,28616,164,21731,21727,23276,14896
2017-06-06T22:00:00Z,46708,46577,25250,25249,131,18221,18216,19679,12444
2017-06-06T23:00:00Z,27082,26965,14879,14805,117,11869,11866,12580,8000
2017-06-07T00:00:00Z,37246,36928,19633,19498,318,15428,15424,16615,10175
2017-06-07T01:00:00Z,40039,39991,19942,19933,48,17800,17795,19143,10741
2017-06-07T02:00:00Z,42095,41926,20529,20495,169,18971,18967,20476,11182
2017-06-07T03:00:00Z,41806,41610,21333,21324,196,18645,18642,20183,11321
2017-06-07T04:00:00Z,35932,35694,19703,19688,238,14724,14719,16124,9597
2017-06-07T05:00:00Z,38246,38190,20412,20379,56,16630,16627,17680,9852
2017-06-07T06:00:00Z,46928,46830,23535,23512,98,20676,20672,21998,11926
2017-06-07T07:00:00Z,53598,53469,26944,26918,129,23682,23676,24998,13906
2017-06-07T08:00:00Z,60486,60169,31014,30956,317,26007,25999,27620,15586
2017-06-07T09:00:00Z,62354,62273,31899,31869,81,26993,26985,28690,16724
2017-06-07T10:00:00Z,54934,54803,28980,28951,131,23756,23751,25684,15207
2017-06-07T11:00:00Z,53427,53015,28026,27989,412,22713,22709,24534,14438
2017-06-07T12:00:00Z,59130,58408,30179,30135,722,25311,25306,27049,15983
2017-06-07T13:00:00Z,64237,64109,32057,32038,128,28139,28134,29015,17259
2017-06-07T14:00:00Z,71719,71107,35868,35853,612,31021,31015,32384,19577
2017-06-07T15:00:00Z,72934,72515,36903,36881,419,30820,30814,32269,19828
2017-06-07T16:00:00Z,65788,65363,33139,33106,425,26599,26592,28123,17126
2017-06-07T17:00:00Z,61743,61221,30927,30909,522,24660,24656,26301,16011
2017-06-07T18:00:00Z,60229,60136,30611,30608,93,24230,24225,25647,15904
2017-06-07T19:00:00Z,58397,58288,30780,30771,109,23437,23433,24954,15464
2017-06-07T20:00:00Z,57653,57342,29927,29918,311,23602,23597,24990,15663
2017-06-07T21:00:00Z,53710,53188,28609,28599,522,21563,21556,23113,14658
2017-06-07T22:00:00Z,46427,46016,25514,25512,411,17476,17472,19054,12160
2017-06-07T23:00:00Z,39985,39470,21387,21374,515,14900,14893,16848,10599
2017-06-08T00:00:00Z,36167,36070,19695,19690,97,14655,14649,15959,9688
2017-06-08T01:00:00Z,41003,40925,20865,20833,78,16964,16961,18185,10314
2017-06-08T02:00:00Z,43098,42544,21868,21853,554,18379,18375,20125,11090
2017-06-08T03:00:00Z,40720,40472,21322,21284,248,17445,17440,19187,10757
2017-06-08T04:00:00Z,34501,34315,18910,18889,186,14307,14301,15805,9128
2017-06-08T05:00:00Z,38516,37995,20156,20101,521,15864,15859,17516,9724
2017-06-08T06:00:00Z,46508,46451,23891,23862,57,20313,20310,21680,11834
2017-06-08T07:00:00Z,52272,51598,25941,25928,674,23114,23110,24756,13455
2017-06-08T08:00:00Z,57560,57434,28548,28529,126,25475,25469,26699,14946
2017-06-08T09:00:00Z,61185,61060,31021,30988,125,26614,26608,28150,16137
2017-06-08T10:00:00Z,54986,54869,28323,28312,117,23428,23421,24947,14713
2017-06-08T11:00:00Z,52493,52417,27181,27152,76,22145,22141,23911,14095
2017-06-08T12:00:00Z,58038,57962,29257,29238,76,24327,24323,26025,15228
2017-06-08T13:00:00Z,65848,65669,33164,33157,179,27799,27794,29354,17458
2017-06-08T14:00:00Z,70428,70042,35675,35642,386,29528,29520,31397,18915
2017-06-08T15:00:00Z,68370,68169,35799,35727,201,28728,28722,30608,19117
2017-06-08T16:00:00Z,61579,61244,32043,31899,335,25268,25263,27023,16688
2017-06-08T17:00:00Z,57654,57469,29990,29909,185,23193,23189,24681,15138
2017-06-08T18:00:00Z,59510,59392,30113,30094,118,23208,23203,24725,15287
2017-06-08T19:00:00Z,56325,56208,29605,29588,117,22614,22611,24112,14861
2017-06-08T20:00:00Z,56151,55620,29930,29853,531,22620,22616,24231,15230
2017-06-08T21:00:00Z,50574,50371,27483,27455,203,20447,20443,22221,14291
2017-06-08T22:00:00Z,43919,42640,23291,23275,1279,16863,16857,19171,11784
2017-06-08T23:00:00Z,37669,37132,20285,20279,537,14539,14535,16117,9926
2017-06-09T00:00:00Z,37038,36869,19136,19106,169,14141,14135,15562,9431
2017-06-09T01:00:00Z,38846,38773,20318,20296,73,16645,16640,17836,10064
2017-06-09T02:00:00Z,41725,41638,22080,22050,87,17988,17984,19446,10869
2017-06-09T03:00:00Z,41474,41439,22268,22244,35,17504,17501,19044,10730
2017-06-09T04:00:00Z,33328,33291,18988,18970,37,13693,13690,15185,8953
2017-06-09T05:00:00Z,36379,36318,19690,19666,61,15373,15370,16789,9290
2017-06-09T06:00:00Z,45419,45313,23412,23392,106,19627,19624,21139,11443
2017-06-09T07:00:00Z,51798,51653,26597,26583,145,22277,22273,23843,13042
2017-06-09T08:00:00Z,57139,56916,28722,28591,223,24666,24661,26105,14622
2017-06-09T09:00:00Z,59686,59549,31029,31006,137,25831,25827,27155,15948
2017-06-09T10:00:00Z,54424,54289,27498,27486,135,22132,22126,24055,14336
2017-06-09T11:00:00Z,48521,48394,25563,25548,127,20463,20459,21999,13151
2017-06-09T12:00:00Z,52404,52302,26805,26791,102,22218,22215,23675,14241
2017-06-09T13:00:00Z,59554,59245,29900,29889,309,24907,24902,26602,15788
2017-06-09T14:00:00Z,64153,63771,32316,32280,382,26621,26614,28697,17236
2017-06-09T15:00:00Z,62422,61877,32006,31961,545,25637,25631,27485,16545
2017-06-09T16:00:00Z,55586,55407,28877,28817,179,23105,23099,24471,14967
2017-06-09T17:00:00Z,53341,52929,27742,27606,412,21405,21397,23016,13975
2017-06-09T18:00:00Z,52064,51732,26903,26883,332,20878,20872,22271,13608
2017-06-09T19:00:00Z,48967,48864,25748,25717,103,19636,19632,21071,12942
2017-06-09T20:00:00Z,47997,47866,25314,25297,131,19341,19336,20615,13023
2017-06-09T21:00:00Z,44605,44432,23781,23765,173,17709,17703,19102,12087
2017-06-09T22:00:00Z,38618,38411,20446,20441,207,14618,14610,16147,9895
2017-06-09T23:00:00Z,31771,31684,17550,17548,87,12156,12149,13524,8378
2017-06-10T00:00:00Z,27366,27355,15686,15679,11,10516,10512,11827,7262
2017-06-10T01:00:00Z,25624,25535,14673,14649,89,9879,9874,11222,6537
2017-06-10T02:00:00Z,26840,26823,15059,15058,17,10374,10370,11684,6688
2017-06-10T03:00:00Z,25996,25955,15020,15010,41,10175,10172,11592,6766
2017-06-10T04:00:00Z,23940,23770,13676,13676,170,9551,9548,10733,6275
2017-06-10T05:00:00Z,24568,24485,13867,13867,83,9809,9807,11017,6368
2017-06-10T06:00:00Z,26521,26475,14963,14958,46,10722,10719,12115,6917
2017-06-10T07:00:00Z,29222,29074,16080,16074,148,11466,11462,12946,7221
2017-06-10T08:00:00Z,31896,31654,17680,17669,242,12021,12018,13567,7628
2017-06-10T09:00:00Z,31243,30469,17151,17125,774,12539,12535,14538,8052
2017-06-10T10:00:00Z,31816,30620,17478,17463,1196,12207,12203,14291,8101
2017-06-10T11:00:00Z,32146,31161,17770,17762,985,12087,12083,13792,7934
2017-06-10T12:00:00Z,31834,31790,18100,18098,44,12987,12984,14232,8482
2017-06-10T13:00:00Z,35001,34918,18987,18969,83,14412,14408,16092,9381
2017-06-10T14:00:00Z,37872,37795,20949,20936,77,15680,15677,17574,10394
2017-06-10T15:00:00Z,38557,38405,21604,21554,152,15953,15949,17777,10764
2017-06-10T16:00:00Z,37475,37357,20644,20635,118,15150,15145,16793,10311
2017-06-10T17:00:00Z,35417,35311,20021,19995,106,14219,14211,15735,9679
2017-06-10T18:00:00Z,34013,33955,19772,19750,58,13396,13392,14688,9157
2017-06-10T19:00:00Z,34142,34096,20620,20619,46,12864,12860,14221,8983
2017-06-10T20:00:00Z,33103,33008,19163,19160,95,12600,12597,13996,8864
2017-06-10T21:00:00Z,30643,30601,17355,17340,42,11880,11876,13201,8252
2017-06-10T22:00:00Z,27536,27480,16880,16856,56,10525,10521,11856,7605
2017-06-10T23:00:00Z,25702,25650,15765,15746,52,9528,9522,10755,6762
2017-06-11T00:00:00Z,24148,24106,14918,14906,42,8891,8884,10180,6488
2017-06-11T01:00:00Z,24376,24336,14691,14672,40,9082,9077,10350,6271
2017-06-11T02:00:00Z,25075,25050,14899,14889,25,9765,9761,10981,6601
2017-06-11T03:00:00Z,25815,25743,15437,15413,72,10017,10012,11299,6895
2017-06-11T04:00:00Z,24510,24471,14668,14655,39,9369,9366,10545,6455
2017-06-11T05:00:00Z,25004,24544,14378,14368,460,9374,9371,10865,6364
2017-06-11T06:00:00Z,25216,25139,14659,14631,77,9962,9959,11306,6626
2017-06-11T07:00:00Z,27421,27368,15396,15364,53,11080,11075,12521,7302
2017-06-11T08:00:00Z,30258,30163,17327,17322,95,12137,12132,13493,7995
2017-06-11T09:00:00Z,29796,29769,17143,17129,27,12450,12447,13689,8249
2017-06-11T10:00:00Z,30247,30219,17446,17436,28,12320,12317,13804,8270
2017-06-11T11:00:00Z,32014,31963,18190,18174,51,12537,12532,14254,8748
2017-06-11T12:00:00Z,33317,33265,19120,19110,52,13745,13741,15372,9365
2017-06-11T13:00:00Z,37208,37155,21118,21105,53,15476,15473,17044,10453
2017-06-11T14:00:00Z,40232,40117,22848,22835,115,16934,16930,18557,11525
2017-06-11T15:00:00Z,40419,40320,23612,23594,99,16950,16947,18890,11814
2017-06-11T16:00:00Z,38702,38636,22000,21963,66,16172,16169,17913,11304
2017-06-11T17:00:00Z,36780,36664,21013,20957,116,15121,15117,16891,10715
2017-06-11T18:00:00Z,35806,35735,20702,20683,71,14703,14698,16591,10783
2017-06-11T19:00:00Z,36746,36540,21501,21489,206,15009,15005,16717,10620
2017-06-11T20:00:00Z,37368,37053,22156,22141,315,14826,14822,16608,10702
2017-06-11T21:00:00Z,35334,35265,20892,20882,69,13858,13853,15603,10151
2017-06-11T22:00:00Z,31337,31300,18934,18925,37,12050,12045,13670,8931
2017-06-11T23:00:00Z,28301,28245,17271,17253,56,10700,10696,12145,7757
2017-06-12T00:00:00Z,29334,29268,17760,17747,66,11602,11597,12935,8090
2017-06-12T01:00:00Z,34999,34951,18909,18896,48,14828,14821,16096,9174
2017-06-12T02:00:00Z,39767,39073,20698,20652,694,16820,16816,18885,10130
2017-06-12T03:00:00Z,39429,39183,21082,21059,246,16562,16556,18327,10093
2017-06-12T04:00:00Z,31906,31767,17818,17794,139,13087,13082,14517,8547
2017-06-12T05:00:00Z,35323,35247,19090,19065,76,14558,14553,16016,9046
2017-06-12T06:00:00Z,43227,43195,21551,21535,32,18974,18969,20377,11001
2017-06-12T07:00:00Z,50415,50273,24858,24785,142,22104,22100,23366,12555
2017-06-12T08:00:00Z,57194,57160,28412,28397,34,24163,24159,25603,14108
2017-06-12T09:00:00Z,59930,59855,30284,30238,75,25787,25783,27237,15584
2017-06-12T10:00:00Z,52096,52048,27148,27136,48,22371,22367,23973,14392
2017-06-12T11:00:00Z,50368,50319,26484,26456,49,21512,21507,23241,13727
2017-06-12T12:00:00Z,55852,55784,28742,28703,68,24001,23995,25607,15167
2017-06-12T13:00:00Z,63660,63591,32571,32535,69,27126,27122,28741,17382
2017-06-12T14:00:00Z,68864,68779,35722,35670,85,29319,29313,30989,18866
2017-06-12T15:00:00Z,68818,68755,35295,35260,63,29146,29139,30854,18848
2017-06-12T16:00:00Z,61709,61662,32694,32668,47,26065,26058,27532,17016
2017-06-12T17:00:00Z,58369,58251,30494,30417,118,23429,23422,24997,15312
2017-06-12T18:00:00Z,59331,59217,31600,31528,114,23311,23302,24972,15294
2017-06-12T19:00:00Z,57453,57371,30843,30815,82,22996,22992,24567,15552
2017-06-12T20:00:00Z,56408,56352,30085,30065,56,22737,22731,24413,15415
2017-06-12T21:00:00Z,52466,52428,27931,27918,38,21063,21059,22670,14318
2017-06-12T22:00:00Z,45422,45388,25427,25421,34,17664,17659,19192,12205
2017-06-12T23:00:00Z,38306,38291,21711,21708,15,14787,14784,16230,10287
2017-06-13T00:00:00Z,36713,36668,20879,20857,45,14388,14384,15793,9626
2017-06-13T01:00:00Z,40926,40861,22500,22481,65,16832,16825,18188,10377
2017-06-13T02:00:00Z,43481,43425,23534,23491,56,18549,18546,19814,11067
2017-06-13T03:00:00Z,43124,43085,22986,22957,39,17796,17793,19472,10887
2017-06-13T04:00:00Z,37326,37244,20285,20215,82,14563,14559,16334,9260
2017-06-13T05:00:00Z,38951,38923,19923,19900,28,15983,15981,18049,9603
2017-06-13T06:00:00Z,50886,50860,23562,23546,26,20655,20652,22472,11872
2017-06-13T07:00:00Z,56232,56014,27399,27362,218,23821,23815,25795,13898
2017-06-13T08:00:00Z,59417,59297,29825,29725,120,25784,25777,26996,15066
2017-06-13T09:00:00Z,63395,63303,32517,32451,92,27046,27042,28482,16399
2017-06-13T10:00:00Z,55795,55728,29231,29195,67,23747,23741,25344,15018
2017-06-13T11:00:00Z,52114,52071,27232,27211,43,22379,22375,23881,14159
2017-06-13T12:00:00Z,58998,58945,30341,30317,53,25335,25331,26769,15903
2017-06-13T13:00:00Z,66420,66360,33923,33894,60,28342,28334,29549,17922
2017-06-13T14:00:00Z,75415,75361,39042,39028,54,30784,30774,32067,19386
2017-06-13T15:00:00Z,72742,72635,38401,38352,107,29907,29897,31313,19527
2017-06-13T16:00:00Z,66591,66542,35070,35050,49,26130,26122,28333,17072
2017-06-13T17:00:00Z,60372,60310,30465,30434,62,23918,23912,25700,15507
2017-06-13T18:00:00Z,59325,59279,29711,29689,46,23438,23434,25430,15244
2017-06-13T19:00:00Z,59288,59239,30844,30821,49,22673,22668,24565,15226
2017-06-13T20:00:00Z,59996,59958,31049,31034,38,23000,22996,25549,15709
2017-06-13T21:00:00Z,54797,54759,29135,29121,38,20888,20882,23162,14349
2017-06-13T22:00:00Z,46586,46415,24633,24481,171,17464,17461,19678,12133
2017-06-13T23:00:00Z,39545,39499,21596,21563,46,14961,14956,16852,10294
2017-06-14T00:00:00Z,40366,40348,22150,22143,18,14898,14895,16643,9856
2017-06-14T01:00:00Z,44056,44009,23164,23157,47,17588,17584,19215,10569
2017-06-14T02:00:00Z,45169,45135,23273,23246,34,18607,18602,20871,11250
2017-06-14T03:00:00Z,43435,43389,22462,22423,46,18168,18165,19878,10945
2017-06-14T04:00:00Z,36689,36642,20216,20174,47,14470,14467,16346,9294
2017-06-14T05:00:00Z,39174,39130,20147,20116,44,16151,16148,18094,10003
2017-06-14T06:00:00Z,49464,49405,24312,24267,59,20443,20439,22428,11961
2017-06-14T07:00:00Z,54165,54022,27079,27040,143,23588,23582,25121,13646
2017-06-14T08:00:00Z,59219,59160,29430,29396,59,25580,25575,27019,14903
2017-06-14T09:00:00Z,61718,61597,31774,31699,121,26443,26435,27775,15893
2017-06-14T10:00:00Z,53175,53099,28371,28326,76,23430,23425,24995,15020
2017-06-14T11:00:00Z,52061,52022,27267,27246,39,22335,22329,23964,14129
2017-06-14T12:00:00Z,59109,58479,29879,29841,630,24713,24709,26744,15511
2017-06-14T13:00:00Z,65358,64790,32757,32662,568,27667,27661,29627,17359
2017-06-14T14:00:00Z,69496,69147,35378,35321,349,29859,29852,31524,18813
2017-06-14T15:00:00Z,69517,68842,35254,35204,675,29396,29391,31227,18980
2017-06-14T16:00:00Z,63778,63249,31069,31051,529,25601,25596,27701,16654
2017-06-14T17:00:00Z,57232,56701,28717,28689,531,23190,23184,25040,15071
2017-06-14T18:00:00Z,58894,58382,28590,28580,512,22684,22677,24453,14835
2017-06-14T19:00:00Z,55411,54887,28606,28589,524,22006,21997,23853,14674
2017-06-14T20:00:00Z,56403,55804,29497,29479,599,22558,22549,24288,15106
2017-06-14T21:00:00Z,50550,49988,26828,26785,562,20290,20283,22175,14017
2017-06-14T22:00:00Z,42682,42102,22831,22796,580,16955,16948,18893,11754
2017-06-14T23:00:00Z,37220,36659,20121,20099,561,14455,14451,16235,9966
2017-06-15T00:00:00Z,36112,35750,19589,19586,362,14050,14045,15629,9283
2017-06-15T01:00:00Z,40813,40211,21334,21317,602,16546,16538,18349,9882
2017-06-15T02:00:00Z,43263,42589,22469,22453,674,18143,18138,20067,10854
2017-06-15T03:00:00Z,43069,42567,22599,22582,502,17709,17704,20310,11421
2017-06-15T04:00:00Z,35922,35248,19531,19503,674,14369,14363,16180,9195
2017-06-15T05:00:00Z,39132,38548,20941,20929,584,15743,15736,17669,9613
2017-06-15T06:00:00Z,46105,45519,23729,23719,586,19615,19609,21355,11223
2017-06-15T07:00:00Z,53133,52405,26954,26921,728,22216,22211,23927,12975
2017-06-15T08:00:00Z,58737,58086,29666,29622,651,24755,24747,26603,14638
2017-06-15T09:00:00Z,59060,58408,29600,29550,652,25844,25836,27480,15677
2017-06-15T10:00:00Z,52205,51556,27223,27168,649,22655,22647,24605,14665
2017-06-15T11:00:00Z,50947,50364,25563,25546,583,21193,21185,22819,13337
2017-06-15T12:00:00Z,53828,52960,27926,27909,868,22955,22947,24885,14628
2017-06-15T13:00:00Z,61067,60234,31505,31365,833,26021,26014,28082,16714
2017-06-15T14:00:00Z,66960,66699,34761,34651,261,28434,28426,29882,18234
2017-06-15T15:00:00Z,65176,64900,33722,33626,276,28116,28108,29688,18091
2017-06-15T16:00:00Z,60108,59933,31418,31399,175,24817,24810,26300,16159
2017-06-15T17:00:00Z,56904,56482,29893,29884,422,22586,22580,24211,14711
2017-06-15T18:00:00Z,55411,55201,29378,29315,210,22035,22029,23511,14506
2017-06-15T19:00:00Z,52477,52171,27576,27488,306,21164,21157,22737,14011
2017-06-15T20:00:00Z,54658,54020,29480,29361,638,21419,21412,23119,14287
2017-06-15T21:00:00Z,50354,49889,27548,27513,465,19883,19874,21661,13680
2017-06-15T22:00:00Z,43561,43105,23634,23626,456,16685,16676,18313,11580
2017-06-15T23:00:00Z,38008,37871,21255,21239,137,14324,14317,16582,10576
2017-06-16T00:00:00Z,36775,36692,20200,20196,83,14110,14102,15759,9476
2017-06-16T01:00:00Z,38965,38864,20591,20580,101,16365,16360,17458,9561
2017-06-16T02:00:00Z,41719,41549,21869,21767,170,17791,17784,19119,10485
2017-06-16T03:00:00Z,40590,40492,21522,21475,98,17127,17122,18774,10380
2017-06-16T04:00:00Z,34170,34104,18864,18830,66,13671,13665,15178,8796
2017-06-16T05:00:00Z,36774,36678,19629,19600,96,15150,15144,17095,9300
2017-06-16T06:00:00Z,44910,44838,22580,22545,72,19590,19584,21064,11451
2017-06-16T07:00:00Z,51422,51142,25610,25565,280,22220,22213,24124,13188
2017-06-16T08:00:00Z,56680,56507,28254,28179,173,24326,24320,26026,14497
2017-06-16T09:00:00Z,59588,59386,30333,30245,202,25704,25697,27298,15867
2017-06-16T10:00:00Z,50668,50557,27246,27185,111,21801,21796,23904,14544
2017-06-16T11:00:00Z,46278,46063,24222,24082,215,19449,19443,21199,12484
2017-06-16T12:00:00Z,50762,50642,26644,26587,120,21636,21631,23059,13726
2017-06-16T13:00:00Z,57784,57617,30320,30289,167,24127,24122,25717,15522
2017-06-16T14:00:00Z,61159,60999,31418,31359,160,26200,26193,27614,16703
2017-06-16T15:00:00Z,59159,59036,30129,30098,123,25497,25491,27103,16470
2017-06-16T16:00:00Z,56149,55594,28475,28415,555,22463,22456,25056,15107
2017-06-16T17:00:00Z,52346,51543,26377,26347,803,20609,20605,22332,13292
2017-06-16T18:00:00Z,51237,50279,26309,26297,958,20130,20122,21768,13346
2017-06-16T19:00:00Z,48903,48000,25177,25120,903,19094,19088,20725,12661
2017-06-16T20:00:00Z,46983,46600,24571,24558,383,18673,18669,20250,12538
2017-06-16T21:00:00Z,44670,44538,23312,23304,132,17370,17364,18779,11904
2017-06-16T22:00:00Z,38502,38468,20769,20766,34,14344,14338,15899,9942
2017-06-16T23:00:00Z,32561,32428,17769,17766,133,11915,11910,13287,8226
2017-06-17T00:00:00Z,28764,28665,16808,16793,99,10484,10478,11775,7161
2017-06-17T01:00:00Z,26791,26747,15819,15816,44,9929,9923,11426,6572
2017-06-17T02:00:00Z,28889,28661,16822,16811,228,10264,10257,11925,6720
2017-06-17T03:00:00Z,27257,27050,15552,15542,207,10218,10213,11597,6562
2017-06-17T04:00:00Z,25032,24991,14599,14593,41,9512,9509,10593,6217
2017-06-17T05:00:00Z,25216,25174,14395,14387,42,9676,9671,11045,6272
2017-06-17T06:00:00Z,26980,26943,15021,15011,37,10355,10351,11906,6618
2017-06-17T07:00:00Z,28254,28101,16027,16017,153,10996,10992,12575,7054
2017-06-17T08:00:00Z,30098,30077,17617,17610,21,11637,11634,13056,7554
2017-06-17T09:00:00Z,32275,32037,18562,18533,238,12429,12425,13853,8076
2017-06-17T10:00:00Z,30481,30418,17768,17763,63,12030,12025,13592,7947
2017-06-17T11:00:00Z,31137,31092,17896,17886,45,11758,11755,13249,7852
2017-06-17T12:00:00Z,31559,31493,18176,18157,66,12531,12526,14022,8304
2017-06-17T13:00:00Z,35183,35119,20418,20410,64,13930,13925,15450,9282
2017-06-17T14:00:00Z,37338,37239,21268,21253,99,15381,15378,16933,10253
2017-06-17T15:00:00Z,39505,39344,22600,22564,161,15602,15597,17448,10615
2017-06-17T16:00:00Z,38385,38302,22111,22086,83,14922,14917,16680,10265
2017-06-17T17:00:00Z,36440,36282,21222,21200,158,14053,14048,15604,9610
2017-06-17T18:00:00Z,34957,34874,21151,21121,83,13559,13554,15166,9578
2017-06-17T19:00:00Z,34780,34651,20699,20624,129,12951,12945,14483,9099
2017-06-17T20:00:00Z,33373,33316,19625,19603,57,12537,12532,14073,8921
2017-06-17T21:00:00Z,31440,31342,18868,18859,98,11973,11969,13358,8425
2017-06-17T22:00:00Z,28992,28956,17809,17797,36,10690,10686,12058,7683
2017-06-17T23:00:00Z,26288,26163,16250,16244,125,9322,9317,10693,6721
2017-06-18T00:00:00Z,25662,25636,15938,15933,26,8724,8721,10693,6269
2017-06-18T01:00:00Z,25687,25662,16452,16446,25,8881,8876,10117,6254
2017-06-18T02:00:00Z,25921,25893,16138,16129,28,9299,9292,10667,6417
2017-06-18T03:00:00Z,26171,26141,16077,16070,30,9558,9550,10850,6544
2017-06-18T04:00:00Z,24628,24422,15226,15215,206,9178,9174,10677,6473
2017-06-18T05:00:00Z,24728,24365,14692,14690,363,8984,8981,10546,6234
2017-06-18T06:00:00Z,25814,25691,15198,15187,123,9766,9762,11366,6635
2017-06-18T07:00:00Z,27986,27932,15772,15764,54,10617,10611,12562,6968
2017-06-18T08:00:00Z,29745,29408,17665,17661,337,11389,11385,12897,7436
2017-06-18T09:00:00Z,31552,31523,19072,19053,29,12065,12061,13580,8128
2017-06-18T10:00:00Z,30888,30792,18361,18348,96,11811,11806,13386,8162
2017-06-18T11:00:00Z,31073,31010,17714,17707,63,11848,11842,13460,8154
2017-06-18T12:00:00Z,32752,32684,18749,18732,68,12892,12887,14617,8783
2017-06-18T13:00:00Z,36177,35969,20902,20879,208,14842,14838,16679,10157
2017-06-18T14:00:00Z,39008,38954,22569,22551,54,16181,16175,18067,11265
2017-06-18T15:00:00Z,40399,39823,23312,23305,576,16450,16444,18659,11574
2017-06-18T16:00:00Z,38316,38027,22285,22274,289,15146,15140,17032,10734
2017-06-18T17:00:00Z,37182,37048,22346,22339,134,14274,14270,15890,10010
2017-06-18T18:00:00Z,36044,35950,21178,21143,94,14191,14186,16069,10099
2017-06-18T19:00:00Z,35337,35249,20765,20718,88,13815,13812,15582,9812
2017-06-18T20:00:00Z,37342,37291,22578,22568,51,14139,14133,16072,10316
2017-06-18T21:00:00Z,34882,34741,21248,21223,141,13297,13292,14959,9700
2017-06-18T22:00:00Z,31584,31539,18966,18955,45,11744,11739,13419,8741
2017-06-18T23:00:00Z,28226,28003,17221,17221,223,10503,10501,12008,7585
2017-06-19T00:00:00Z,30381,30335,18445,18430,46,11208,11204,12744,7816
2017-06-19T01:00:00Z,36465,36417,20473,20446,48,14842,14836,16115,9124
2017-06-19T02:00:00Z,41548,41481,22001,21965,67,16908,16903,18493,10074
2017-06-19T03:00:00Z,39453,39373,21419,21396,80,16358,16353,17738,10005
2017-06-19T04:00:00Z,33427,33366,18624,18606,61,13091,13084,14392,8411
2017-06-19T05:00:00Z,38070,38007,20523,20502,63,14949,14944,16420,9278
2017-06-19T06:00:00Z,44531,44422,22525,22465,109,19205,19201,20803,11161
2017-06-19T07:00:00Z,53283,53128,26216,26167,155,22477,22470,24186,13103
2017-06-19T08:00:00Z,56713,56507,28654,28556,206,24412,24407,25688,14283
2017-06-19T09:00:00Z,60934,60805,31234,31172,129,25847,25839,27325,15556
2017-06-19T10:00:00Z,54328,54191,28589,28541,137,22688,22679,24351,14321
2017-06-19T11:00:00Z,53171,52960,27338,27309,211,21675,21664,23013,13512
2017-06-19T12:00:00Z,55480,55341,28635,28630,139,23974,23967,25556,15030
2017-06-19T13:00:00Z,63840,63689,32657,32644,151,27151,27143,28531,17012
2017-06-19T14:00:00Z,70019,69358,34999,34976,661,29556,29545,31487,18764
2017-06-19T15:00:00Z,67428,66661,33876,33832,767,28795,28787,31022,18833
2017-06-19T16:00:00Z,60919,60011,30923,30878,908,25379,25368,27478,16469
2017-06-19T17:00:00Z,57893,57263,28901,28864,630,23154,23148,25171,14919
2017-06-19T18:00:00Z,57838,57250,29373,29349,588,23070,23063,25060,15261
2017-06-19T19:00:00Z,55194,54798,28414,28408,396,22264,22257,24050,14703
2017-06-19T20:00:00Z,56156,56054,29397,29380,102,23093,23088,24582,15313
2017-06-19T21:00:00Z,50763,50511,27086,27064,252,20808,20802,22347,14265
2017-06-19T22:00:00Z,43468,43165,23236,23213,303,17376,17371,18895,11960
2017-06-19T23:00:00Z,37747,37557,20057,20040,190,14888,14881,16346,10286
2017-06-20T00:00:00Z,36962,36826,20241,20235,136,14715,14710,16322,9859
2017-06-20T01:00:00Z,41596,41497,21951,21912,99,17268,17262,18990,10581
2017-06-20T02:00:00Z,42692,42565,21951,21925,127,18468,18462,19978,11139
2017-06-20T03:00:00Z,42186,42131,21974,21943,55,18149,18145,19794,10979
2017-06-20T04:00:00Z,34213,34078,18551,18529,135,14430,14423,15914,9235
2017-06-20T05:00:00Z,37595,37526,20127,20099,69,15959,15951,17475,9813
2017-06-20T06:00:00Z,46916,46358,22765,22704,558,20359,20354,22255,11741
2017-06-20T07:00:00Z,53105,52720,25961,25925,385,23356,23348,24857,13520
2017-06-20T08:00:00Z,61870,60751,29848,29800,1119,25957,25950,27661,15019
2017-06-20T09:00:00Z,63153,62830,31411,31381,323,27004,26999,28570,16172
2017-06-20T10:00:00Z,55901,55509,27855,27829,392,23396,23388,27025,14736
2017-06-20T11:00:00Z,54738,54004,27213,27189,734,22144,22138,24366,14008
2017-06-20T12:00:00Z,57636,57540,30319,30289,96,24379,24372,26016,15443
2017-06-20T13:00:00Z,65223,65090,33343,33290,133,27894,27885,29254,17505
2017-06-20T14:00:00Z,69091,68878,35060,35041,213,29854,29845,31438,18968
2017-06-20T15:00:00Z,69507,69334,35161,35117,173,29674,29666,31294,19307
2017-06-20T16:00:00Z,62923,62264,32273,32239,659,26002,25995,27890,16930
2017-06-20T17:00:00Z,59947,59052,30069,30033,895,23812,23807,25734,15344
2017-06-20T18:00:00Z,59675,59489,30568,30540,186,23272,23268,25272,15456
2017-06-20T19:00:00Z,57200,56874,29454,29445,326,22506,22501,24463,15200
2017-06-20T20:00:00Z,56861,56551,29599,29589,310,22790,22784,24749,15685
2017-06-20T21:00:00Z,53245,52179,28098,28070,1066,20972,20966,23196,14486
2017-06-20T22:00:00Z,44882,44585,23624,23614,297,17560,17553,19223,11942
2017-06-20T23:00:00Z,38586,38474,20268,20264,112,14990,14985,16587,10308
2017-06-21T00:00:00Z,40174,40053,22949,22911,121,14859,14854,16481,9981
2017-06-21T01:00:00Z,44969,44664,24345,24339,305,17436,17429,18967,10716
2017-06-21T02:00:00Z,45924,45851,24885,24867,73,18808,18803,20093,11199
2017-06-21T03:00:00Z,43024,42944,22947,22919,80,18227,18219,19568,11077
2017-06-21T04:00:00Z,35812,35707,19842,19824,105,14333,14326,16001,9351
2017-06-21T05:00:00Z,38330,38235,20398,20379,95,16212,16206,17713,9950
2017-06-21T06:00:00Z,46589,46394,23428,23391,195,20204,20198,21873,11828
2017-06-21T07:00:00Z,54450,54099,26896,26746,351,23245,23239,24854,13540
2017-06-21T08:00:00Z,60490,60260,29995,29885,230,25378,25371,26690,14920
2017-06-21T09:00:00Z,63189,62910,32752,32624,279,26704,26696,28352,16280
2017-06-21T10:00:00Z,53048,52916,27703,27663,132,23143,23132,24931,14828
2017-06-21T11:00:00Z,50940,50875,26142,26114,65,21382,21377,23154,13777
2017-06-21T12:00:00Z,57807,57501,29652,29498,306,24163,24158,25760,15339
2017-06-21T13:00:00Z,64566,64365,32969,32902,201,27604,27594,29112,17484
2017-06-21T14:00:00Z,72012,71634,36912,36864,378,30371,30360,31920,19364
2017-06-21T15:00:00Z,70176,70018,37018,36995,158,29582,29572,31055,19351
2017-06-21T16:00:00Z,60701,60536,31449,31409,165,25585,25576,27128,16555
2017-06-21T17:00:00Z,58137,57966,29571,29560,171,23739,23733,25701,15594
2017-06-21T18:00:00Z,58007,57905,29824,29817,102,23119,23112,24696,15207
2017-06-21T19:00:00Z,54141,53825,28924,28891,316,22005,22000,23538,14699
2017-06-21T20:00:00Z,56242,55872,29391,29376,370,22762,22752,24675,15467
2017-06-21T21:00:00Z,52033,51532,27238,27204,501,20390,20382,22409,14000
2017-06-21T22:00:00Z,45095,44576,24189,24188,519,17069,17065,19021,11860
2017-06-21T23:00:00Z,37730,37628,20430,20427,102,14537,14532,16318,9989
2017-06-22T00:00:00Z,36780,35993,19703,19682,787,14082,14076,15624,9330
2017-06-22T01:00:00Z,41133,40410,21359,21296,723,16895,16888,18542,10278
2017-06-22T02:00:00Z,42232,41915,22015,21950,317,18380,18374,20186,11049
2017-06-22T03:00:00Z,40697,40543,21742,21718,154,17703,17697,19522,10910
2017-06-22T04:00:00Z,34000,33801,19220,19213,199,13920,13915,15753,9185
2017-06-22T05:00:00Z,37652,37551,19920,19866,101,15835,15831,17779,9870
2017-06-22T06:00:00Z,46099,45985,23777,23766,114,19964,19959,21712,11952
2017-06-22T07:00:00Z,52395,52174,26114,26091,221,22994,22988,24545,13416
2017-06-22T08:00:00Z,59274,58894,30187,30154,380,25131,25126,26747,15050
2017-06-22T09:00:00Z,60885,60551,31756,31577,334,25992,25984,27884,15999
2017-06-22T10:00:00Z,52706,52573,28134,28114,133,22914,22905,24900,14842
2017-06-22T11:00:00Z,52431,51322,27297,27154,1109,21681,21673,23700,13814
2017-06-22T12:00:00Z,57599,57052,29743,29637,547,24023,24015,25898,15272
2017-06-22T13:00:00Z,63834,63665,33064,33030,169,27004,26994,28452,17005
2017-06-22T14:00:00Z,67564,67390,35358,35330,174,28911,28905,30350,18491
2017-06-22T15:00:00Z,67883,67664,35531,35496,219,28837,28830,30330,18872
2017-06-22T16:00:00Z,64827,64684,34090,34070,143,25395,25388,27205,16727
2017-06-22T17:00:00Z,58449,58209,30250,30242,240,22898,22888,24685,15019
2017-06-22T18:00:00Z,56500,55751,29287,29282,749,22182,22172,24082,14512
2017-06-22T19:00:00Z,58615,57588,32039,31976,1027,21472,21465,23543,14540
2017-06-22T20:00:00Z,56207,55132,28876,28866,1075,21819,21811,23923,14866
2017-06-22T21:00:00Z,50751,50319,26296,26279,432,20083,20075,21929,13929
2017-06-22T22:00:00Z,43729,43130,23174,23160,599,16532,16526,18766,11584
2017-06-22T23:00:00Z,36384,35919,19936,19931,465,14084,14078,15594,9746
2017-06-23T00:00:00Z,36075,35865,19648,19642,210,13599,13595,15216,9096
2017-06-23T01:00:00Z,38929,38777,20605,20584,152,16160,16154,18029,9982
2017-06-23T02:00:00Z,42769,42040,22072,22054,729,17609,17604,19914,11047
2017-06-23T03:00:00Z,39926,39156,20923,20907,770,16670,16666,18527,10262
2017-06-23T04:00:00Z,32303,32152,17830,17822,151,13189,13184,14971,8731
2017-06-23T05:00:00Z,35567,35402,18485,18448,165,14599,14594,16368,8958
2017-06-23T06:00:00Z,45067,44959,23081,23048,108,18945,18939,21050,11119
2017-06-23T07:00:00Z,50717,50315,25757,25611,402,21915,21908,23486,13010
2017-06-23T08:00:00Z,56218,56005,28935,28821,213,23710,23702,25414,14168
2017-06-23T09:00:00Z,58789,58297,30843,30790,492,24714,24705,26496,15093
2017-06-23T10:00:00Z,50338,49648,26809,26775,690,21396,21391,23485,14048
2017-06-23T11:00:00Z,48022,47157,25834,25787,865,19206,19199,21219,12546
2017-06-23T12:00:00Z,52458,52219,27767,27751,239,21162,21154,23199,13765
2017-06-23T13:00:00Z,58397,58053,29938,29894,344,23778,23771,25490,15173
2017-06-23T14:00:00Z,62501,61434,31566,31555,1067,25564,25556,27449,16407
2017-06-23T15:00:00Z,59804,59533,31300,31284,271,24790,24785,26534,16233
2017-06-23T16:00:00Z,53234,53141,27213,27199,93,21906,21900,23575,14148
2017-06-23T17:00:00Z,51683,51300,26997,26969,383,20185,20178,21922,13296
2017-06-23T18:00:00Z,52603,51689,27176,27162,914,19871,19863,21974,13332
2017-06-23T19:00:00Z,49288,48852,26178,26126,436,18940,18931,20797,12777
2017-06-23T20:00:00Z,48573,48300,25971,25938,273,18707,18696,20534,12875
2017-06-23T21:00:00Z,43629,43471,23799,23783,158,16811,16804,18491,11680
2017-06-23T22:00:00Z,37236,37138,20666,20637,98,14100,14094,15974,10014
2017-06-23T23:00:00Z,31119,31006,17501,17439,113,11727,11721,13314,8388
2017-06-24T00:00:00Z,28971,28245,16211,16174,726,10403,10398,12478,7196
2017-06-24T01:00:00Z,26302,25796,15089,15056,506,9901,9894,11649,6501
2017-06-24T02:00:00Z,28277,27039,15250,15220,1238,10263,10258,12597,6770
2017-06-24T03:00:00Z,27245,26689,15312,15270,556,10264,10259,12367,6933
2017-06-24T04:00:00Z,25530,24632,14500,14444,898,9200,9195,11324,6374
2017-06-24T05:00:00Z,26040,25222,14519,14481,818,9330,9326,11124,6246
2017-06-24T06:00:00Z,27461,26478,15175,15127,983,10107,10101,12015,6556
2017-06-24T07:00:00Z,28223,27879,15434,15408,344,10678,10672,12547,6991
2017-06-24T08:00:00Z,30783,30664,17324,17278,119,11649,11644,13421,7647
2017-06-24T09:00:00Z,29418,29381,16755,16753,37,11807,11801,13403,7781
2017-06-24T10:00:00Z,29093,28924,16589,16535,169,11376,11371,12983,7703
2017-06-24T11:00:00Z,29619,29540,16825,16820,79,11410,11405,12828,7704
2017-06-24T12:00:00Z,31012,30938,17401,17387,74,12163,12157,13801,8259
2017-06-24T13:00:00Z,33800,33592,19058,19031,208,13377,13372,15140,9033
2017-06-24T14:00:00Z,37366,37249,21207,21200,117,14992,14987,16849,10262
2017-06-24T15:00:00Z,36557,36492,20415,20399,65,15277,15271,17056,10439
2017-06-24T16:00:00Z,37776,37242,21264,21250,534,14645,14640,16427,9848
2017-06-24T17:00:00Z,35562,35191,20238,20231,371,13747,13741,15272,9379
2017-06-24T18:00:00Z,33515,33351,18937,18915,164,13277,13270,14769,9241
2017-06-24T19:00:00Z,33205,33150,19221,19211,55,12814,12808,14320,8948
2017-06-24T20:00:00Z,32867,32810,18659,18659,57,12449,12445,14210,8868
2017-06-24T21:00:00Z,30147,30050,17111,17099,97,11692,11687,13201,8378
2017-06-24T22:00:00Z,27472,27139,16070,16037,333,10306,10302,11819,7553
2017-06-24T23:00:00Z,24630,24605,14879,14877,25,9157,9153,10430,6605
2017-06-25T00:00:00Z,23850,23834,14661,14659,16,8606,8603,9850,6152
2017-06-25T01:00:00Z,23551,23437,14510,14507,114,8539,8534,9918,5962
2017-06-25T02:00:00Z,25690,25603,15160,15159,87,9381,9377,11020,6511
2017-06-25T03:00:00Z,24459,24422,14466,14458,37,9634,9630,11040,6557
2017-06-25T04:00:00Z,23428,23381,13967,13966,47,9010,9005,10250,6221
2017-06-25T05:00:00Z,23998,23954,14303,14276,44,9025,9021,10349,6288
2017-06-25T06:00:00Z,25414,25250,14935,14925,164,9759,9754,11155,6731
2017-06-25T07:00:00Z,26865,26352,15299,15294,513,10346,10339,12185,6921
2017-06-25T08:00:00Z,28876,28480,16815,16807,396,11183,11177,12741,7407
2017-06-25T09:00:00Z,29843,29621,17322,17307,222,11802,11798,13303,8096
2017-06-25T10:00:00Z,29261,29209,16921,16902,52,11452,11448,12960,7742
2017-06-25T11:00:00Z,30817,30711,17859,17798,106,11889,11884,13550,8169
2017-06-25T12:00:00Z,31981,31948,18413,18404,33,13022,13018,14721,8875
2017-06-25T13:00:00Z,34493,34328,20030,19919,165,14413,14408,16127,9765
2017-06-25T14:00:00Z,39524,39433,22660,22634,91,16118,16111,18080,11080
2017-06-25T15:00:00Z,41590,41381,24289,24272,209,16511,16505,18552,11348
2017-06-25T16:00:00Z,37492,37299,21639,21582,193,15198,15192,17073,10579
2017-06-25T17:00:00Z,37739,37600,22208,22192,139,14415,14410,16216,10154
2017-06-25T18:00:00Z,36633,36508,21407,21397,125,14467,14461,16329,10220
2017-06-25T19:00:00Z,36082,35997,21181,21169,85,14129,14122,16471,10584
2017-06-25T20:00:00Z,37585,37049,22399,22387,536,14140,14132,16029,10185
2017-06-25T21:00:00Z,34056,33778,19733,19714,278,13262,13257,15081,9694
2017-06-25T22:00:00Z,30874,30749,18298,18278,125,11676,11671,13210,8549
2017-06-25T23:00:00Z,29444,29041,18239,18185,403,10654,10649,12186,7700
2017-06-26T00:00:00Z,28926,28545,17507,17488,381,11151,11148,12821,7755
2017-06-26T01:00:00Z,35857,35058,19571,19536,799,14806,14798,16709,9134
2017-06-26T02:00:00Z,42252,41000,22229,22197,1252,16636,16631,19218,10139
2017-06-26T03:00:00Z,40582,39463,22134,22096,1119,15981,15976,18477,9913
2017-06-26T04:00:00Z,31157,30130,16846,16835,1027,12483,12479,14590,8208
2017-06-26T05:00:00Z,33975,33497,18206,18192,478,13848,13843,15600,8670
2017-06-26T06:00:00Z,42210,42066,21400,21378,144,18327,18319,19975,10856
2017-06-26T07:00:00Z,47580,47340,23562,23478,240,20847,20837,22271,12068
2017-06-26T08:00:00Z,54728,54614,27395,27368,114,23205,23196,24764,13719
2017-06-26T09:00:00Z,56722,56484,28390,28314,238,24510,24501,25946,14785
2017-06-26T10:00:00Z,49479,49369,26053,26013,110,21334,21327,22674,13600
2017-06-26T11:00:00Z,47033,46879,24690,24669,154,20040,20027,21651,12950
2017-06-26T12:00:00Z,53260,53040,27138,27110,220,22941,22934,24721,14478
2017-06-26T13:00:00Z,61742,61452,30563,30524,290,25809,25800,27376,16292
2017-06-26T14:00:00Z,70241,69286,34080,33967,955,28479,28468,30609,18236
2017-06-26T15:00:00Z,67559,66574,33448,33440,985,28133,28124,30408,18293
2017-06-26T16:00:00Z,58165,57171,28429,28390,994,23937,23927,25912,15242
2017-06-26T17:00:00Z,36820,36490,13492,13482,330,17642,17635,18337,7987
2017-06-26T18:00:00Z,80735,80541,46466,46458,194,29794,29785,32365,21783
2017-06-26T19:00:00Z,58193,58053,30621,30607,140,22294,22288,24067,14921
2017-06-26T20:00:00Z,59026,58884,31575,31561,142,22745,22737,24372,15299
2017-06-26T21:00:00Z,55012,54519,29792,29765,493,20609,20601,22636,14319
2017-06-26T22:00:00Z,43753,43623,24006,23952,130,17303,17294,18830,11874
2017-06-26T23:00:00Z,38745,38574,20562,20553,171,14723,14717,16538,10178
2017-06-27T00:00:00Z,37583,36587,20141,20132,996,14564,14560,16593,9742
2017-06-27T01:00:00Z,40894,40336,21240,21228,558,17172,17165,18889,10611
2017-06-27T02:00:00Z,42657,42165,21744,21734,492,18568,18561,20316,11165
2017-06-27T03:00:00Z,41730,41592,22023,21988,138,17819,17812,19700,10823
2017-06-27T04:00:00Z,33175,33083,18383,18328,92,13765,13760,15219,8829
2017-06-27T05:00:00Z,36715,36620,19874,19833,95,15438,15433,16968,9465
2017-06-27T06:00:00Z,47246,47173,24158,24137,73,19825,19821,21433,11596
2017-06-27T07:00:00Z,53635,53346,26949,26854,289,22969,22963,24443,13318
2017-06-27T08:00:00Z,60077,59937,31038,30959,140,24690,24679,26101,14500
2017-06-27T09:00:00Z,62747,62435,32854,32836,312,26010,26000,27682,15767
2017-06-27T10:00:00Z,55300,55116,29804,29777,184,22882,22870,24410,14479
2017-06-27T11:00:00Z,51840,51611,27682,27662,229,21403,21393,23079,13610
2017-06-27T12:00:00Z,58896,58641,31253,31140,255,23946,23937,25728,15228
2017-06-27T13:00:00Z,66396,66191,35175,35082,205,26981,26970,29087,17427
2017-06-27T14:00:00Z,71806,70914,36962,36937,892,28970,28962,31815,18514
2017-06-27T15:00:00Z,71379,71073,38068,38053,306,29020,29012,30672,18729
2017-06-27T16:00:00Z,67626,67549,37147,37137,77,26076,26071,27822,17123
2017-06-27T17:00:00Z,63209,62237,33905,33897,972,23484,23477,25416,15388
2017-06-27T18:00:00Z,60171,59577,31363,31351,594,22977,22968,25200,15181
2017-06-27T19:00:00Z,58574,58509,31743,31733,65,22308,22303,23983,14785
2017-06-27T20:00:00Z,59319,58999,31100,31083,320,23125,23116,24816,15398
2017-06-27T21:00:00Z,52838,52654,28345,28326,184,20935,20925,22586,14210
2017-06-27T22:00:00Z,46706,46605,25655,25640,101,17532,17524,19145,12245
2017-06-27T23:00:00Z,39010,38871,21704,21687,139,14985,14980,16407,10244
2017-06-28T00:00:00Z,39004,38418,21636,21595,586,14584,14578,16243,9715
2017-06-28T01:00:00Z,45970,45620,25447,25431,350,17267,17261,18841,10227
2017-06-28T02:00:00Z,46587,46478,25382,25369,109,19030,19026,20510,11295
2017-06-28T03:00:00Z,42164,41898,22519,22485,266,17752,17748,19244,10798
2017-06-28T04:00:00Z,36359,36331,21319,21315,28,14089,14083,15595,9073
2017-06-28T05:00:00Z,39912,39872,22254,22239,40,15625,15620,17207,9569
2017-06-28T06:00:00Z,47959,47891,24187,24152,68,20248,20243,21721,11767
2017-06-28T07:00:00Z,53363,53062,27253,27196,301,22835,22829,24075,13261
2017-06-28T08:00:00Z,59223,59055,29964,29922,168,24825,24818,26320,14610
2017-06-28T09:00:00Z,61794,61649,32663,32614,145,26056,26046,27501,15910
2017-06-28T10:00:00Z,53713,53615,28598,28561,98,22452,22444,23906,14252
2017-06-28T11:00:00Z,53027,52911,27372,27343,116,21160,21149,23290,13858
2017-06-28T12:00:00Z,58434,58215,30156,30132,219,23814,23806,25513,14844
2017-06-28T13:00:00Z,65297,65161,34019,33960,136,26712,26705,28489,17015
2017-06-28T14:00:00Z,74210,73418,37424,37390,792,29684,29676,32116,19419
2017-06-28T15:00:00Z,73113,72246,38351,38298,867,29299,29289,31217,18969
2017-06-28T16:00:00Z,64952,63998,34815,34799,954,25438,25431,27480,16492
2017-06-28T17:00:00Z,62050,61178,32795,32786,872,23572,23562,25246,15361
2017-06-28T18:00:00Z,61507,60760,32546,32539,747,22985,22978,24949,15030
2017-06-28T19:00:00Z,59645,58705,31639,31628,940,22574,22567,24687,15115
2017-06-28T20:00:00Z,58836,58262,31446,31398,574,22459,22445,24621,15272
2017-06-28T21:00:00Z,53851,53535,29014,28977,316,20553,20541,22554,14286
2017-06-28T22:00:00Z,43438,43347,23545,23527,91,16944,16937,18809,11893
2017-06-28T23:00:00Z,39837,39293,22509,22451,544,14556,14550,16330,10062
2017-06-29T00:00:00Z,36561,36436,20368,20362,125,14167,14161,15584,9463
2017-06-29T01:00:00Z,40490,39984,21525,21501,506,16611,16604,18226,10112
2017-06-29T02:00:00Z,42500,42319,22079,22055,181,18287,18283,19945,10964
2017-06-29T03:00:00Z,44118,43873,21624,21593,245,17435,17429,19292,10764
2017-06-29T04:00:00Z,34408,34261,19099,19083,147,13558,13552,15403,8867
2017-06-29T05:00:00Z,36641,36565,19529,19483,76,15409,15405,16965,9514
2017-06-29T06:00:00Z,45987,45900,23276,23250,87,19683,19679,21423,11638
2017-06-29T07:00:00Z,51987,51614,26071,26020,373,22410,22400,23959,13189
2017-06-29T08:00:00Z,58190,58038,29239,29202,152,24711,24705,26602,14726
2017-06-29T09:00:00Z,60925,60774,31022,30974,151,25727,25718,27566,15728
2017-06-29T10:00:00Z,52733,52438,27500,27460,295,22380,22370,24167,14454
2017-06-29T11:00:00Z,51289,50197,26014,25943,1092,21069,21057,23154,13272
2017-06-29T12:00:00Z,55986,55445,28579,28523,541,23640,23629,25499,15145
2017-06-29T13:00:00Z,62480,62199,31528,31413,281,26812,26802,28247,16954
2017-06-29T14:00:00Z,67519,67068,34654,34363,451,28544,28534,30359,18440
2017-06-29T15:00:00Z,67467,66765,34744,34648,702,28391,28382,30510,18625
2017-06-29T16:00:00Z,62529,62102,31985,31882,427,25239,25230,27443,16762
2017-06-29T17:00:00Z,59319,58979,30316,30181,340,23212,23203,25220,15156
2017-06-29T18:00:00Z,57421,57123,28823,28693,298,22346,22338,24699,14836
2017-06-29T19:00:00Z,54840,54439,28149,28024,401,21315,21306,23451,14439
2017-06-29T20:00:00Z,53841,53689,27992,27977,152,21555,21547,23622,14752
2017-06-29T21:00:00Z,51272,50988,26114,26101,284,19665,19658,22050,13580
2017-06-29T22:00:00Z,44662,44571,23791,23778,91,16580,16574,18860,11760
2017-06-29T23:00:00Z,36802,36739,19547,19536,63,13879,13872,15706,9656
2017-06-30T00:00:00Z,37332,36386,19492,19478,946,13721,13713,16064,9307
2017-06-30T01:00:00Z,41685,40617,21134,21105,1068,16330,16325,18227,10174
2017-06-30T02:00:00Z,43219,42640,21675,21662,579,17533,17528,19544,10572
2017-06-30T03:00:00Z,42622,41649,20882,20855,973,17421,17417,19455,10308
2017-06-30T04:00:00Z,34377,33969,18168,18162,408,13381,13376,15309,8660
2017-06-30T05:00:00Z,38766,38274,20232,20202,492,15187,15183,17113,9502
2017-06-30T06:00:00Z,44602,44474,22029,21991,128,19198,19190,20951,11259
2017-06-30T07:00:00Z,52187,51924,25129,25093,263,21696,21687,23917,12866
2017-06-30T08:00:00Z,56099,55953,27485,27448,146,23524,23516,25666,14118
2017-06-30T09:00:00Z,58062,57941,28898,28869,121,24468,24458,26564,15073
2017-06-30T10:00:00Z,50942,50832,26455,26420,110,21316,21308,23185,13980
2017-06-30T11:00:00Z,48241,47988,24846,24822,253,19102,19095,21753,13302
2017-06-30T12:00:00Z,50485,50241,25671,25602,244,20961,20948,22872,13485
2017-06-30T13:00:00Z,57125,56983,29043,28999,142,23375,23366,25663,15080
2017-06-30T14:00:00Z,62003,61691,31568,31377,312,25589,25578,27360,16498
2017-06-30T15:00:00Z,61074,60724,31727,31683,350,25146,25140,26889,16441
2017-06-30T16:00:00Z,54640,54376,28897,28883,264,22247,22236,24087,14863
2017-06-30T17:00:00Z,51050,50689,26772,26742,361,20318,20308,21808,13211
2017-06-30T18:00:00Z,50312,50087,26037,26017,225,19772,19764,21479,13070
2017-06-30T19:00:00Z,48269,48074,25229,25224,195,18746,18739,20614,12533
2017-06-30T20:00:00Z,47274,46960,25357,25352,314,18288,18282,20329,12504
2017-06-30T21:00:00Z,43236,42971,23287,23276,265,16542,16535,18666,11618
2017-06-30T22:00:00Z,37907,37121,20612,20597,786,14042,14035,16253,9894
2017-06-30T23:00:00Z,31680,30989,18488,18472,691,11490,11482,13314,8267
2017-07-01T00:00:00Z,27327,27113,15940,15933,214,10033,10027,11570,6966
2017-07-01T01:00:00Z,24664,24591,14364,14358,73,9596,9592,11053,6387
2017-07-01T02:00:00Z,26317,26285,15644,15633,32,9949,9945,11383,6597
2017-07-01T03:00:00Z,25559,25509,14787,14775,50,9886,9881,11531,6664
2017-07-01T04:00:00Z,23520,23478,13618,13604,42,9006,9000,10498,6089
2017-07-01T05:00:00Z,24325,24259,13476,13465,66,9026,9018,10587,6010
2017-07-01T06:00:00Z,26280,26234,14362,14331,46,10050,10044,11740,6507
2017-07-01T07:00:00Z,28593,28495,15565,15524,98,10934,10927,12561,7032
2017-07-01T08:00:00Z,29606,29516,16743,16704,90,11596,11588,13220,7530
2017-07-01T09:00:00Z,29990,29942,16814,16804,48,11618,11613,13120,7605
2017-07-01T10:00:00Z,29412,29366,17093,17085,46,11346,11341,13043,7677
2017-07-01T11:00:00Z,28967,28898,16415,16401,69,11236,11228,12919,7628
2017-07-01T12:00:00Z,30248,30208,16940,16921,40,12052,12049,13601,8073
2017-07-01T13:00:00Z,32364,32334,18038,18024,30,13239,13234,14970,8881
2017-07-01T14:00:00Z,36551,36498,20948,20934,53,14400,14393,16192,9659
2017-07-01T15:00:00Z,36748,36703,21238,21221,45,14701,14696,16887,10481
2017-07-01T16:00:00Z,35128,35064,19802,19776,64,14065,14056,15704,9574
2017-07-01T17:00:00Z,33627,33540,19440,19402,87,13185,13176,14702,9055
2017-07-01T18:00:00Z,32226,32127,18818,18788,99,12550,12543,14147,8793
2017-07-01T19:00:00Z,30623,30562,17920,17903,61,11944,11939,13455,8500
2017-07-01T20:00:00Z,29564,29447,17460,17442,117,11379,11374,12939,8280
2017-07-01T21:00:00Z,28332,28155,16638,16623,177,10939,10933,12429,7860
2017-07-01T22:00:00Z,26243,26208,15344,15336,35,9743,9737,11179,7068
2017-07-01T23:00:00Z,23905,23861,14397,14395,44,8610,8605,10209,6387
2017-07-02T00:00:00Z,23886,23810,15077,15076,76,8119,8115,9521,5999
2017-07-02T01:00:00Z,23309,23272,14841,14828,37,8150,8144,9341,5714
2017-07-02T02:00:00Z,23493,23354,13850,13840,139,8893,8890,10270,6089
2017-07-02T03:00:00Z,23386,23353,13654,13636,33,9105,9102,10578,6156
2017-07-02T04:00:00Z,23128,23081,14015,13989,47,8574,8567,10058,6105
2017-07-02T05:00:00Z,23159,23100,13347,13328,59,8551,8546,9928,5835
2017-07-02T06:00:00Z,24261,24225,13957,13938,36,9211,9205,10638,6123
2017-07-02T07:00:00Z,26229,26129,15170,15143,100,10003,9995,11594,6756
2017-07-02T08:00:00Z,27342,27137,15555,15537,205,10897,10893,12405,7283
2017-07-02T09:00:00Z,28927,28706,16462,16335,221,11496,11491,12769,7726
2017-07-02T10:00:00Z,29417,29038,16202,16194,379,11396,11390,13065,7673
2017-07-02T11:00:00Z,30379,30357,16501,16497,22,11923,11919,13619,8082
2017-07-02T12:00:00Z,33566,33490,19621,19572,76,12931,12925,14577,8701
2017-07-02T13:00:00Z,34882,34681,19793,19727,201,14521,14513,16201,9797
2017-07-02T14:00:00Z,38540,38435,21801,21773,105,15866,15860,17699,11010
2017-07-02T15:00:00Z,39246,38970,21594,21572,276,16026,16019,18275,11224
2017-07-02T16:00:00Z,36941,36542,20922,20913,399,14983,14976,16863,10442
2017-07-02T17:00:00Z,34906,34400,19955,19940,506,13709,13705,15719,9729
2017-07-02T18:00:00Z,34211,33781,19317,19313,430,13491,13485,15291,9630
2017-07-02T19:00:00Z,34074,34008,19527,19525,66,13161,13157,14945,9474
2017-07-02T20:00:00Z,35043,35004,20210,20205,39,13446,13443,15250,9791
2017-07-02T21:00:00Z,31714,31625,18090,18087,89,12462,12458,14173,8996
2017-07-02T22:00:00Z,29443,29368,17205,17192,75,11017,11013,12629,8168
2017-07-02T23:00:00Z,27009,26934,16416,16410,75,9773,9767,11189,7174
2017-07-03T00:00:00Z,27685,27457,16736,16728,228,10434,10428,12012,7321
2017-07-03T01:00:00Z,33117,33072,18438,18413,45,13810,13805,15017,8385
2017-07-03T02:00:00Z,38098,37828,20252,20232,270,16088,16082,17352,9472
2017-07-03T03:00:00Z,36245,36127,19119,19086,118,15719,15711,17147,9471
2017-07-03T04:00:00Z,30142,30074,16673,16647,68,12418,12411,13811,7937
2017-07-03T05:00:00Z,35120,35021,19243,19212,99,14368,14361,15795,8797
2017-07-03T06:00:00Z,44759,44419,22259,22233,340,18924,18920,20348,10797
2017-07-03T07:00:00Z,50746,50553,25194,25140,193,21686,21680,23315,12237
2017-07-03T08:00:00Z,56558,56369,27846,27792,189,24014,24007,25720,13980
2017-07-03T09:00:00Z,61236,61024,30786,30720,212,25305,25298,27437,15287
2017-07-03T10:00:00Z,52206,51691,26622,26546,515,21921,21914,23745,13853
2017-07-03T11:00:00Z,49012,48738,24984,24968,274,20501,20495,22110,12892
2017-07-03T12:00:00Z,54195,54070,28094,28071,125,22487,22480,24160,14094
2017-07-03T13:00:00Z,59948,59483,30450,30416,465,24876,24867,26628,15797
2017-07-03T14:00:00Z,62697,62423,32111,32068,274,26601,26592,28735,17396
2017-07-03T15:00:00Z,63160,62975,33071,33050,185,25922,25915,28002,17035
2017-07-03T16:00:00Z,53750,53510,28305,28267,240,21960,21951,24108,14592
2017-07-03T17:00:00Z,48193,48120,25359,25335,73,19686,19680,21558,13124
2017-07-03T18:00:00Z,47654,47541,24679,24663,113,19363,19357,21218,12788
2017-07-03T19:00:00Z,48074,47813,25317,25309,261,19087,19079,21523,12939
2017-07-03T20:00:00Z,47588,47126,25489,25463,462,18989,18980,21126,13139
2017-07-03T21:00:00Z,43568,43286,23736,23721,282,17122,17114,19209,12170
2017-07-03T22:00:00Z,36008,35807,20140,20114,201,14226,14216,15960,10108
2017-07-03T23:00:00Z,29925,29772,17245,17214,153,12051,12044,13550,8426
2017-07-04T00:00:00Z,30924,30882,17621,17608,42,12225,12219,13716,8180
2017-07-04T01:00:00Z,35285,35196,19149,19133,89,15187,15181,16360,9145
2017-07-04T02:00:00Z,39486,39434,20803,20792,52,16819,16814,18309,9914
2017-07-04T03:00:00Z,38601,38482,20153,20110,119,16858,16854,18375,10020
2017-07-04T04:00:00Z,32898,32843,17931,17912,55,13339,13331,15025,8524
2017-07-04T05:00:00Z,35775,35679,18748,18727,96,15514,15509,16952,9286
2017-07-04T06:00:00Z,45603,45478,22568,22521,125,20314,20307,21669,11510
2017-07-04T07:00:00Z,52464,52276,25271,25218,188,23367,23359,24657,13318
2017-07-04T08:00:00Z,58450,58341,29020,28983,109,25618,25608,26947,14906
2017-07-04T09:00:00Z,60875,60755,30459,30392,120,26070,26060,27787,15810
2017-07-04T10:00:00Z,52306,52195,26855,26818,111,22633,22626,24064,14005
2017-07-04T11:00:00Z,49516,49397,25296,25244,119,21155,21148,22762,13202
2017-07-04T12:00:00Z,56129,55914,27730,27681,215,23268,23258,25515,14561
2017-07-04T13:00:00Z,57591,57396,29834,29785,195,24658,24651,26364,15986
2017-07-04T14:00:00Z,60225,59953,31214,31109,272,25743,25732,27831,16923
2017-07-04T15:00:00Z,57404,56935,29270,29246,469,24539,24530,26531,16097
2017-07-04T16:00:00Z,49013,48920,25890,25871,93,20535,20529,22547,13861
2017-07-04T17:00:00Z,43580,43448,24164,24136,132,17804,17794,19717,12001
2017-07-04T18:00:00Z,41832,41640,22596,22539,192,16846,16839,18415,11419
2017-07-04T19:00:00Z,40345,40000,22098,22079,345,16583,16574,18358,11409
2017-07-04T20:00:00Z,40215,40016,22011,21994,199,16492,16485,18304,11406
2017-07-04T21:00:00Z,36911,36631,20406,20397,280,14880,14875,16650,10545
2017-07-04T22:00:00Z,31616,31505,17831,17830,111,12516,12512,14066,8942
2017-07-04T23:00:00Z,27833,27764,16366,16362,69,10810,10803,12443,7781
2017-07-05T00:00:00Z,29310,28891,16939,16936,419,11229,11226,12861,7567
2017-07-05T01:00:00Z,35821,35646,19048,19037,175,14989,14984,16162,8959
2017-07-05T02:00:00Z,39382,39309,20316,20294,73,16981,16977,18372,9955
2017-07-05T03:00:00Z,37061,37034,19128,19110,27,16567,16563,17886,9763
2017-07-05T04:00:00Z,31111,31040,17237,17226,71,13021,13017,14384,8212
2017-07-05T05:00:00Z,36576,36499,19564,19551,77,15189,15184,16677,9070
2017-07-05T06:00:00Z,45361,45295,22328,22305,66,20069,20063,21395,11325
2017-07-05T07:00:00Z,53107,52932,26282,26207,175,22962,22953,24597,13058
2017-07-05T08:00:00Z,59498,59413,29097,29051,85,25456,25447,27165,14737
2017-07-05T09:00:00Z,61057,60942,31330,31281,115,26156,26149,27718,15510
2017-07-05T10:00:00Z,53826,53694,27806,27790,132,22888,22877,24724,14327
2017-07-05T11:00:00Z,51440,50817,26057,26037,623,21316,21306,23377,13387
2017-07-05T12:00:00Z,55304,55224,27779,27774,80,23749,23742,25071,14610
2017-07-05T13:00:00Z,62775,62533,31847,31833,242,27057,27050,28688,16780
2017-07-05T14:00:00Z,68275,67858,33897,33872,417,29108,29097,30697,18336
2017-07-05T15:00:00Z,67277,67017,34037,33985,260,28164,28156,29841,18213
2017-07-05T16:00:00Z,59931,59594,29880,29856,337,24775,24765,26686,16154
2017-07-05T17:00:00Z,55390,55139,27816,27786,251,22663,22652,24389,14640
2017-07-05T18:00:00Z,57188,57007,28860,28838,181,22187,22177,24060,14422
2017-07-05T19:00:00Z,55705,54538,28622,28559,1167,21862,21852,23978,14445
2017-07-05T20:00:00Z,55789,55249,28713,28694,540,21841,21834,23928,14736
2017-07-05T21:00:00Z,50801,50282,26227,26197,519,20153,20145,22077,13730
2017-07-05T22:00:00Z,42816,42685,22989,22976,131,16782,16776,18591,11695
2017-07-05T23:00:00Z,35751,35658,19090,19083,93,14325,14316,15970,9795
2017-07-06T00:00:00Z,35253,35196,19255,19223,57,14103,14097,15692,9401
2017-07-06T01:00:00Z,40585,40520,21197,21179,65,17169,17162,18715,10484
2017-07-06T02:00:00Z,43846,43658,23062,23007,188,18859,18853,20370,11188
2017-07-06T03:00:00Z,44012,43876,24025,23949,136,18080,18072,19911,10974
2017-07-06T04:00:00Z,33081,33050,18047,18035,31,14023,14018,15736,9038
2017-07-06T05:00:00Z,37481,37378,19399,19383,103,15900,15895,17456,9566
2017-07-06T06:00:00Z,46715,46493,23206,23194,222,20334,20326,21980,11778
2017-07-06T07:00:00Z,52468,52247,25718,25669,221,23018,23008,24672,13364
2017-07-06T08:00:00Z,56394,56278,27605,27569,116,24701,24693,26294,14510
2017-07-06T09:00:00Z,60343,60088,29938,29858,255,26331,26321,28003,16006
2017-07-06T10:00:00Z,52418,52236,27074,27007,182,22641,22629,24384,14348
2017-07-06T11:00:00Z,49735,48884,25950,25908,851,21081,21068,22907,13266
2017-07-06T12:00:00Z,57327,56694,29755,29661,633,23524,23515,25302,14839
2017-07-06T13:00:00Z,64039,63598,32479,32354,441,26910,26897,28848,17036
2017-07-06T14:00:00Z,68281,67433,34623,34457,848,28845,28835,30938,18509
2017-07-06T15:00:00Z,66032,65719,33443,33425,313,28273,28265,30141,18346
2017-07-06T16:00:00Z,61527,61344,30972,30961,183,24968,24963,27300,16616
2017-07-06T17:00:00Z,56592,56378,28848,28791,214,23013,23005,24788,14954
2017-07-06T18:00:00Z,55234,55058,27729,27690,176,22057,22050,23887,14408
2017-07-06T19:00:00Z,53551,53288,27418,27212,263,21240,21236,23009,14140
2017-07-06T20:00:00Z,54673,54250,27920,27800,423,21703,21695,23530,14385
2017-07-06T21:00:00Z,50711,50604,26108,26097,107,19941,19933,21869,13623
2017-07-06T22:00:00Z,45215,44279,22974,22954,936,16758,16750,19398,11768
2017-07-06T23:00:00Z,37971,37386,19754,19730,585,14193,14186,16315,9724
2017-07-07T00:00:00Z,35870,35589,18707,18677,281,14010,14002,15816,9240
2017-07-07T01:00:00Z,40845,40549,20304,20262,296,16997,16989,18305,10121
2017-07-07T02:00:00Z,42772,42606,21596,21569,166,18209,18203,19849,10783
2017-07-07T03:00:00Z,41923,41866,21602,21591,57,17767,17760,19465,10729
2017-07-07T04:00:00Z,34037,33961,18345,18311,76,13702,13695,15719,9098
2017-07-07T05:00:00Z,36147,36083,18629,18599,64,15290,15284,17000,9342
2017-07-07T06:00:00Z,45920,45473,22609,22583,447,19647,19641,21471,11495
2017-07-07T07:00:00Z,51151,50979,25304,25255,172,22201,22193,23793,12829
2017-07-07T08:00:00Z,56135,56034,28103,28082,101,24305,24295,26037,14599
2017-07-07T09:00:00Z,59852,59659,30395,30352,193,25510,25501,27849,15713
2017-07-07T10:00:00Z,52188,52084,27628,27597,104,21754,21746,23289,13874
2017-07-07T11:00:00Z,47092,46990,24593,24570,102,19360,19353,20863,12235
2017-07-07T12:00:00Z,50382,50273,25468,25429,109,21376,21369,22883,13356
2017-07-07T13:00:00Z,57437,57142,29107,29051,295,24138,24130,25924,15340
2017-07-07T14:00:00Z,64121,63974,31456,31402,147,26347,26338,27765,16670
2017-07-07T15:00:00Z,65200,64885,30633,30475,315,25598,25591,27266,16243
2017-07-07T16:00:00Z,56366,55999,29255,29225,367,22789,22782,24411,14693
2017-07-07T17:00:00Z,54301,54137,26804,26779,164,20810,20798,22353,13349
2017-07-07T18:00:00Z,53825,53727,26924,26908,98,20654,20646,22954,13457
2017-07-07T19:00:00Z,48715,48548,24824,24819,167,19307,19299,20920,12807
2017-07-07T20:00:00Z,47589,47399,24629,24602,190,19084,19075,20528,12843
2017-07-07T21:00:00Z,45989,45227,23884,23869,762,17410,17403,19435,11899
2017-07-07T22:00:00Z,38012,37951,20441,20427,61,14400,14390,16184,10072
2017-07-07T23:00:00Z,31874,31613,17200,17190,261,11961,11953,13577,8244
2017-07-08T00:00:00Z,28104,28049,16194,16173,55,10534,10527,11989,7343
2017-07-08T01:00:00Z,27190,27056,15329,15305,134,10224,10217,11717,6751
2017-07-08T02:00:00Z,26658,26589,15253,15221,69,10310,10304,11738,6774
2017-07-08T03:00:00Z,27274,27197,15490,15460,77,10680,10673,12083,7049
2017-07-08T04:00:00Z,25747,25637,14699,14655,110,9491,9485,10942,6409
2017-07-08T05:00:00Z,25749,24649,13671,13598,1100,9510,9504,10899,6206
2017-07-08T06:00:00Z,26918,26524,14909,14878,394,10369,10364,12032,6760
2017-07-08T07:00:00Z,27515,27032,14780,14753,483,11080,11074,12685,6936
2017-07-08T08:00:00Z,29137,28941,16232,16189,196,11559,11551,13147,7387
2017-07-08T09:00:00Z,29113,28983,16337,16312,130,11777,11770,13280,7613
2017-07-08T10:00:00Z,29094,29007,16060,16018,87,11358,11349,12978,7560
2017-07-08T11:00:00Z,29359,29219,16685,16626,140,11364,11355,12930,7690
2017-07-08T12:00:00Z,30362,30258,16918,16899,104,11985,11979,13661,8027
2017-07-08T13:00:00Z,32114,31980,18231,18133,134,13148,13142,14752,8806
2017-07-08T14:00:00Z,35228,35102,19324,19234,126,14461,14452,16231,9585
2017-07-08T15:00:00Z,36170,36035,20020,19982,135,14991,14981,16799,10102
2017-07-08T16:00:00Z,36647,36433,20812,20766,214,14373,14367,16088,9699
2017-07-08T17:00:00Z,34714,34597,19215,19188,117,13756,13747,15431,9395
2017-07-08T18:00:00Z,33061,32764,18461,18416,297,13174,13162,14670,9113
2017-07-08T19:00:00Z,31858,31734,18035,18001,124,12498,12490,13888,8557
2017-07-08T20:00:00Z,33124,32899,19136,19096,225,12213,12207,13930,8687
2017-07-08T21:00:00Z,30220,30068,17515,17455,152,11355,11349,12986,8059
2017-07-08T22:00:00Z,28018,27877,16581,16509,141,10432,10425,11713,7366
2017-07-08T23:00:00Z,24798,24675,14428,14381,123,9268,9261,10571,6505
2017-07-09T00:00:00Z,24504,24394,14731,14689,110,8908,8901,10158,6265
2017-07-09T01:00:00Z,25279,25221,14812,14784,58,9204,9196,10498,6218
2017-07-09T02:00:00Z,25754,25116,14437,14411,638,9641,9636,11541,6449
2017-07-09T03:00:00Z,25533,24355,14151,14099,1178,9733,9728,11728,6426
2017-07-09T04:00:00Z,24680,23588,13574,13544,1092,9207,9201,11066,6189
2017-07-09T05:00:00Z,25734,24722,14085,14056,1012,9343,9337,11316,6258
2017-07-09T06:00:00Z,25212,25081,14273,14247,131,10051,10043,11408,6632
2017-07-09T07:00:00Z,27237,27124,15315,15279,113,10617,10611,12026,6961
2017-07-09T08:00:00Z,29880,29602,16478,16446,278,11492,11484,13122,7423
2017-07-09T09:00:00Z,30340,30195,16983,16932,145,11941,11935,13477,7921
2017-07-09T10:00:00Z,30008,29938,16456,16414,70,11790,11784,13231,7812
2017-07-09T11:00:00Z,29949,29857,16615,16576,92,11908,11901,13341,7954
2017-07-09T12:00:00Z,31214,31140,17528,17487,74,12676,12670,14161,8548
2017-07-09T13:00:00Z,35001,34795,19531,19487,206,14486,14478,15988,9638
2017-07-09T14:00:00Z,37530,37424,20821,20777,106,15854,15847,17455,10660
2017-07-09T15:00:00Z,38145,38059,21582,21564,86,16353,16346,18057,11095
2017-07-09T16:00:00Z,36604,36529,20868,20857,75,14983,14977,16707,10358
2017-07-09T17:00:00Z,36095,35973,20105,20090,122,14317,14310,15991,9960
2017-07-09T18:00:00Z,34932,34770,19488,19463,162,14106,14099,15846,9950
2017-07-09T19:00:00Z,35210,35111,19835,19806,99,14261,14254,15970,10151
2017-07-09T20:00:00Z,34865,34772,19637,19604,93,14043,14036,15719,9848
2017-07-09T21:00:00Z,34345,34219,19679,19657,126,13509,13500,15152,9740
2017-07-09T22:00:00Z,30019,29937,17088,17059,82,11819,11811,13389,8556
2017-07-09T23:00:00Z,27781,27264,15971,15962,517,10496,10493,12363,7575
2017-07-10T00:00:00Z,28661,28524,16937,16930,137,11350,11343,12821,7854
2017-07-10T01:00:00Z,37306,36911,19467,19443,395,15339,15331,17422,9218
2017-07-10T02:00:00Z,40658,39567,20730,20701,1091,17220,17212,19122,10238
2017-07-10T03:00:00Z,38274,37922,20249,20219,352,16825,16819,18284,10172
2017-07-10T04:00:00Z,32084,31801,17385,17363,283,13395,13389,14715,8581
2017-07-10T05:00:00Z,36812,36746,18483,18468,66,15054,15048,16530,9137
2017-07-10T06:00:00Z,48476,48373,22278,22245,103,19508,19498,21503,11855
2017-07-10T07:00:00Z,51970,51476,25209,25141,494,22562,22553,24591,13335
2017-07-10T08:00:00Z,56266,56041,26796,26664,225,24308,24301,25330,13707
2017-07-10T09:00:00Z,57025,56876,28728,28687,149,25213,25208,26452,14893
2017-07-10T10:00:00Z,50320,50168,25396,25358,152,22176,22167,23826,13841
2017-07-10T11:00:00Z,49281,49079,24835,24787,202,21170,21163,22658,13032
2017-07-10T12:00:00Z,55664,55419,27336,27278,245,23500,23493,25025,14586
2017-07-10T13:00:00Z,63123,62405,31289,31231,718,26796,26788,28476,16591
2017-07-10T14:00:00Z,69178,68247,34514,34472,931,29225,29217,30998,18443
2017-07-10T15:00:00Z,67100,66452,33563,33521,648,28634,28626,30342,18430
2017-07-10T16:00:00Z,61285,61078,30027,29999,207,25478,25471,27043,16291
2017-07-10T17:00:00Z,58668,58497,28885,28860,171,23464,23449,25122,15121
2017-07-10T18:00:00Z,59571,59053,30405,30389,518,23174,23165,24974,15198
2017-07-10T19:00:00Z,55935,55684,29005,28991,251,22335,22329,23936,14672
2017-07-10T20:00:00Z,56480,56295,29035,29016,185,22461,22452,24112,15133
2017-07-10T21:00:00Z,54408,53603,27869,27853,805,20937,20928,22825,14106
2017-07-10T22:00:00Z,44425,44213,23764,23745,212,17295,17286,19098,11888
2017-07-10T23:00:00Z,37026,36937,19902,19897,89,14691,14685,16270,10086
2017-07-11T00:00:00Z,37233,36593,20082,20068,640,14474,14467,16161,9446
2017-07-11T01:00:00Z,41709,41559,21696,21670,150,17609,17600,18978,10520
2017-07-11T02:00:00Z,44075,43957,22726,22651,118,19197,19192,20623,11368
2017-07-11T03:00:00Z,42311,42090,22219,22091,221,18359,18351,20000,11077
2017-07-11T04:00:00Z,35170,35024,18936,18899,146,14669,14658,16187,9512
2017-07-11T05:00:00Z,38111,38024,19167,19126,87,16163,16156,17559,9659
2017-07-11T06:00:00Z,46535,46181,22650,22604,354,20560,20554,22054,11772
2017-07-11T07:00:00Z,52107,51854,24706,24647,253,23056,23046,24730,13247
2017-07-11T08:00:00Z,58007,57926,28664,28641,81,25059,25052,26152,14470
2017-07-11T09:00:00Z,61068,60956,30756,30693,112,26144,26139,27815,15952
2017-07-11T10:00:00Z,53534,53416,27275,27241,118,22989,22983,24999,14579
2017-07-11T11:00:00Z,51876,51693,25797,25761,183,21591,21583,23263,13391
2017-07-11T12:00:00Z,57656,57379,28734,28711,277,24091,24081,25862,14956
2017-07-11T13:00:00Z,66056,65643,32526,32465,413,27581,27570,29297,17184
2017-07-11T14:00:00Z,72546,72205,36006,35976,341,29952,29943,31542,18895
2017-07-11T15:00:00Z,69179,68844,35413,35388,335,29635,29624,31217,19008
2017-07-11T16:00:00Z,64374,64123,31549,31494,251,26010,26002,27520,16833
2017-07-11T17:00:00Z,59736,59574,30124,30088,162,23866,23858,25400,15281
2017-07-11T18:00:00Z,58535,58303,29880,29808,232,23523,23515,25142,15422
2017-07-11T19:00:00Z,58648,58413,28768,28671,235,22561,22553,24973,15060
2017-07-11T20:00:00Z,55952,55213,28946,28891,739,22732,22723,24652,15115
2017-07-11T21:00:00Z,51728,50863,26473,26463,865,20765,20756,22771,13995
2017-07-11T22:00:00Z,42861,42555,22559,22537,306,17013,17003,19028,11538
2017-07-11T23:00:00Z,38971,38905,20900,20876,66,14675,14667,16350,10209
2017-07-12T00:00:00Z,37973,37519,20056,20022,454,14516,14506,16279,9375
2017-07-12T01:00:00Z,42604,41423,21148,21105,1181,17762,17754,19819,10618
2017-07-12T02:00:00Z,43225,42188,21561,21531,1037,19000,18992,20762,11154
2017-07-12T03:00:00Z,41787,41293,21293,21247,494,18164,18157,19918,10952
2017-07-12T04:00:00Z,34872,34820,18732,18714,52,14539,14530,16068,9319
2017-07-12T05:00:00Z,36763,36675,19310,19293,88,16111,16100,17542,9838
2017-07-12T06:00:00Z,45444,45307,22256,22177,137,20751,20742,22152,11898
2017-07-12T07:00:00Z,53457,53244,26940,26872,213,23579,23571,24772,13520
2017-07-12T08:00:00Z,61376,61107,28117,28013,269,25517,25509,26744,14694
2017-07-12T09:00:00Z,59071,58913,29494,29436,158,26259,26250,27501,15554
2017-07-12T10:00:00Z,53129,52990,26803,26734,139,23428,23421,24836,14345
2017-07-12T11:00:00Z,50784,50611,26244,26200,173,21716,21709,23197,13694
2017-07-12T12:00:00Z,58932,58720,29783,29689,212,24095,24088,26403,15747
2017-07-12T13:00:00Z,64766,64531,32059,31954,235,27312,27303,29079,17259
2017-07-12T14:00:00Z,69993,69774,35308,35225,219,29857,29846,31475,18986
2017-07-12T15:00:00Z,70735,70531,35674,35599,204,29541,29529,31181,19013
2017-07-12T16:00:00Z,63230,63088,31696,31631,142,25902,25896,27865,16700
2017-07-12T17:00:00Z,58093,57976,29412,29377,117,23639,23629,25238,15204
2017-07-12T18:00:00Z,56703,56124,28770,28620,579,23172,23159,24737,15134
2017-07-12T19:00:00Z,54629,54488,28572,28509,141,22321,22312,23880,14850
2017-07-12T20:00:00Z,54608,54340,28287,28257,268,22234,22224,23726,14752
2017-07-12T21:00:00Z,52063,51280,27128,27042,783,20847,20835,22656,13956
2017-07-12T22:00:00Z,43169,42646,22877,22675,523,16860,16849,18786,11847
2017-07-12T23:00:00Z,36715,36635,19896,19878,80,14314,14306,15938,9954
2017-07-13T00:00:00Z,35571,35169,18893,18888,402,14176,14170,15780,9416
2017-07-13T01:00:00Z,41417,41351,21254,21220,66,17368,17359,18729,10398
2017-07-13T02:00:00Z,44909,44257,22685,22606,652,19194,19187,20856,11363
2017-07-13T03:00:00Z,41513,41254,21988,21907,259,18289,18282,19955,11209
2017-07-13T04:00:00Z,35048,34942,18789,18753,106,14536,14528,16298,9582
2017-07-13T05:00:00Z,37349,37115,19331,19171,234,16239,16234,17657,9936
2017-07-13T06:00:00Z,46749,46585,22956,22930,164,20864,20857,22434,12045
2017-07-13T07:00:00Z,53278,53064,25892,25865,214,23519,23512,25001,13554
2017-07-13T08:00:00Z,59790,59064,29015,28993,726,25540,25533,27016,14761
2017-07-13T09:00:00Z,62814,62044,30865,30825,770,26667,26655,28424,15853
2017-07-13T10:00:00Z,53211,52861,27383,27365,350,23040,23030,24692,14528
2017-07-13T11:00:00Z,52576,52286,25793,25772,290,21550,21543,23240,13528
2017-07-13T12:00:00Z,60408,60312,28792,28763,96,23718,23711,26419,14835
2017-07-13T13:00:00Z,63872,63711,32390,32350,161,27272,27265,28953,17226
2017-07-13T14:00:00Z,72349,71750,35243,35212,599,29693,29681,32130,18978
2017-07-13T15:00:00Z,70003,69011,34973,34936,992,28959,28948,31385,18654
2017-07-13T16:00:00Z,62372,61387,31347,31298,985,25242,25228,27421,16372
2017-07-13T17:00:00Z,56669,56320,29340,29316,349,22895,22885,24450,14687
2017-07-13T18:00:00Z,56889,56632,29785,29730,257,22678,22669,24121,15026
2017-07-13T19:00:00Z,53907,53666,27879,27842,241,21742,21735,23472,14440
2017-07-13T20:00:00Z,53790,53142,28000,27981,648,21647,21639,23586,14556
2017-07-13T21:00:00Z,49114,48912,26366,26347,202,19649,19641,21395,13569
2017-07-13T22:00:00Z,42033,41899,22565,22544,134,16412,16404,18106,11269
2017-07-13T23:00:00Z,36741,36662,19803,19790,79,14194,14187,16135,9853
2017-07-14T00:00:00Z,35682,35630,19403,19379,52,14086,14079,16100,9471
2017-07-14T01:00:00Z,39299,39256,20455,20435,43,16743,16734,18387,10087
2017-07-14T02:00:00Z,42749,42553,21644,21588,196,18358,18352,20565,11041
2017-07-14T03:00:00Z,41415,41070,21290,21245,345,17832,17827,19939,10804
2017-07-14T04:00:00Z,33116,33055,18124,18115,61,13943,13936,15631,9058
2017-07-14T05:00:00Z,35802,35723,18666,18635,79,15301,15296,17182,9314
2017-07-14T06:00:00Z,44871,44769,22332,22297,102,19842,19834,21860,11478
2017-07-14T07:00:00Z,50530,50379,25510,25491,151,21543,21533,23580,12578
2017-07-14T08:00:00Z,55037,54945,26972,26939,92,23380,23372,25092,13586
2017-07-14T09:00:00Z,56826,56701,28525,28493,125,24537,24524,26415,14998
2017-07-14T10:00:00Z,51622,51489,26749,26700,133,21317,21307,23682,13763
2017-07-14T11:00:00Z,46662,46563,23757,23740,99,19245,19238,21338,12122
2017-07-14T12:00:00Z,50223,50034,26273,26217,189,20620,20614,22599,13276
2017-07-14T13:00:00Z,57443,57319,29078,29043,124,23503,23495,25852,15030
2017-07-14T14:00:00Z,62827,62090,31690,31669,737,25604,25595,27730,16299
2017-07-14T15:00:00Z,61928,61600,31041,31010,328,25509,25498,27365,16420
2017-07-14T16:00:00Z,56494,56378,29572,29530,116,22897,22886,24581,14763
2017-07-14T17:00:00Z,55303,55070,27321,27286,233,20983,20974,22697,13677
2017-07-14T18:00:00Z,54653,54230,26699,26672,423,20605,20592,22420,13542
2017-07-14T19:00:00Z,48185,48056,25235,25199,129,19445,19438,20825,12796
2017-07-14T20:00:00Z,47627,47056,24921,24895,571,18898,18887,20609,12771
2017-07-14T21:00:00Z,43973,42870,22748,22721,1103,17335,17326,18844,11856
2017-07-14T22:00:00Z,38400,37934,20856,20839,466,14352,14346,16200,10060
2017-07-14T23:00:00Z,30741,30395,16839,16811,346,11648,11639,13385,8231
2017-07-15T00:00:00Z,27998,27915,16318,16292,83,10198,10192,12002,7196
2017-07-15T01:00:00Z,26915,26794,15667,15638,121,10238,10229,11483,6615
2017-07-15T02:00:00Z,26381,26285,14983,14958,96,10595,10586,11941,6814
2017-07-15T03:00:00Z,27001,26943,15158,15147,58,10717,10710,11879,6899
2017-07-15T04:00:00Z,25655,25622,14977,14959,33,9506,9500,10961,6437
2017-07-15T05:00:00Z,23944,23875,13523,13496,69,9478,9471,10798,6095
2017-07-15T06:00:00Z,26729,26698,13993,13980,31,10428,10422,11818,6618
2017-07-15T07:00:00Z,29700,29615,15819,15800,85,11355,11347,12874,7228
2017-07-15T08:00:00Z,31028,30977,17365,17342,51,12148,12142,13571,7640
2017-07-15T09:00:00Z,31517,31199,17448,17433,318,12296,12286,13794,7829
2017-07-15T10:00:00Z,30340,30227,16694,16684,113,11960,11954,13502,7839
2017-07-15T11:00:00Z,29062,28996,16326,16305,66,11516,11510,12944,7460
2017-07-15T12:00:00Z,31043,30827,17419,17413,216,12407,12401,14032,8244
2017-07-15T13:00:00Z,33312,33183,18321,18278,129,13662,13653,15129,9015
2017-07-15T14:00:00Z,36839,35762,19868,19836,1077,14921,14913,16936,9820
2017-07-15T15:00:00Z,37053,36953,20459,20435,100,15234,15224,16849,10027
2017-07-15T16:00:00Z,36390,36309,19570,19553,81,14629,14619,16626,9746
2017-07-15T17:00:00Z,36234,36142,19908,19875,92,14075,14064,15693,9522
2017-07-15T18:00:00Z,34357,34270,19356,19316,87,13352,13344,14790,9074
2017-07-15T19:00:00Z,33547,33388,18980,18936,159,12866,12856,14431,8930
2017-07-15T20:00:00Z,33063,32996,18870,18838,67,12490,12483,14338,8757
2017-07-15T21:00:00Z,30472,30385,17609,17600,87,11540,11531,13363,8274
2017-07-15T22:00:00Z,28131,28057,16018,15998,74,10391,10382,12210,7266
2017-07-15T23:00:00Z,25306,25222,15103,15073,84,9174,9168,10761,6508
2017-07-16T00:00:00Z,24225,24190,14964,14946,35,8551,8545,10058,6023
2017-07-16T01:00:00Z,27247,27200,16850,16841,47,9023,9016,10664,6154
2017-07-16T02:00:00Z,25723,25649,14864,14849,74,9637,9632,11419,6437
2017-07-16T03:00:00Z,25625,25556,15021,14997,69,9797,9793,11402,6555
2017-07-16T04:00:00Z,24565,24216,14173,14147,349,9248,9241,10946,6331
2017-07-16T05:00:00Z,24323,24236,13897,13877,87,9194,9185,10746,6135
2017-07-16T06:00:00Z,25740,25669,14497,14467,71,10015,10007,11752,6534
2017-07-16T07:00:00Z,27957,27883,16006,15962,74,10831,10824,12577,7091
2017-07-16T08:00:00Z,31250,31186,17977,17940,64,11649,11641,13065,7575
2017-07-16T09:00:00Z,30306,30242,17444,17417,64,11865,11856,13221,7843
2017-07-16T10:00:00Z,29994,29867,17053,17023,127,11966,11958,13603,8022
2017-07-16T11:00:00Z,30040,29972,17105,17069,68,11961,11954,13454,8098
2017-07-16T12:00:00Z,32892,32357,18125,18107,535,13150,13141,15026,8819
2017-07-16T13:00:00Z,35424,35299,19450,19387,125,14624,14616,16510,9723
2017-07-16T14:00:00Z,38848,38689,21529,21421,159,16235,16229,18228,11103
2017-07-16T15:00:00Z,38146,38070,21442,21410,76,16056,16050,17824,11065
2017-07-16T16:00:00Z,39116,39012,22758,22716,104,15291,15282,17174,10690
2017-07-16T17:00:00Z,37028,36883,21333,21274,145,14562,14552,16299,10021
2017-07-16T18:00:00Z,36585,36466,20674,20653,119,14146,14137,15963,9773
2017-07-16T19:00:00Z,36797,36686,20727,20702,111,14548,14539,16307,10115
2017-07-16T20:00:00Z,37047,36920,21143,21117,127,14131,14124,16081,9997
2017-07-16T21:00:00Z,33564,33449,19280,19264,115,13328,13321,15165,9552
2017-07-16T22:00:00Z,31326,31268,18267,18250,58,11688,11679,13285,8529
2017-07-16T23:00:00Z,28618,28086,16444,16425,532,10533,10527,12195,7501
2017-07-17T00:00:00Z,30013,29887,17782,17760,126,11496,11490,13003,7865
2017-07-17T01:00:00Z,35326,35191,19467,19416,135,14775,14763,15867,8914
2017-07-17T02:00:00Z,39960,39889,20750,20710,71,17022,17013,18420,9978
2017-07-17T03:00:00Z,39334,39234,20306,20254,100,16712,16704,18973,10062
2017-07-17T04:00:00Z,31651,31591,17798,17754,60,13177,13170,14733,8539
2017-07-17T05:00:00Z,34024,33970,18137,18101,54,14716,14711,16027,8869
2017-07-17T06:00:00Z,43356,43214,21563,21497,142,19219,19209,20866,11068
2017-07-17T07:00:00Z,50280,49661,24484,24408,619,21975,21966,23700,12434
2017-07-17T08:00:00Z,55149,54797,26619,26556,352,24219,24207,25772,13900
2017-07-17T09:00:00Z,56206,56040,27199,27130,166,25274,25260,26705,14763
2017-07-17T10:00:00Z,50382,49866,25536,25502,516,22082,22070,23645,13697
2017-07-17T11:00:00Z,50670,50447,24529,24489,223,20874,20865,22767,13036
2017-07-17T12:00:00Z,55950,55786,27992,27962,164,23286,23276,25200,14627
2017-07-17T13:00:00Z,63543,63349,31409,31375,194,26451,26439,28751,16756
2017-07-17T14:00:00Z,66943,66810,33794,33751,133,28809,28797,30627,18464
2017-07-17T15:00:00Z,66606,66348,34030,33997,258,28356,28346,30288,18277
2017-07-17T16:00:00Z,62111,61889,30565,30538,222,25714,25704,28148,16432
2017-07-17T17:00:00Z,61227,61028,30480,30452,199,24070,24061,25609,15365
2017-07-17T18:00:00Z,59443,59044,29598,29569,399,23156,23144,25151,15015
2017-07-17T19:00:00Z,57310,56642,29196,29166,668,22485,22473,24782,15065
2017-07-17T20:00:00Z,57728,57401,29408,29362,327,22413,22403,24646,15195
2017-07-17T21:00:00Z,51435,51165,26489,26447,270,20524,20512,22421,14012
2017-07-17T22:00:00Z,43527,43327,22544,22531,200,17020,17015,18907,11657
2017-07-17T23:00:00Z,37526,37306,19676,19650,220,14630,14624,16449,10000
2017-07-18T00:00:00Z,36864,36702,19805,19778,162,14543,14536,16217,9561
2017-07-18T01:00:00Z,43205,43114,22073,22030,91,18098,18090,19744,10833
2017-07-18T02:00:00Z,45181,44855,22769,22749,326,19563,19556,21314,11591
2017-07-18T03:00:00Z,43130,42841,21892,21832,289,18810,18800,20749,11412
2017-07-18T04:00:00Z,35254,35106,18740,18684,148,15021,15012,16694,9495
2017-07-18T05:00:00Z,37495,37410,19727,19679,85,16298,16290,17776,9816
2017-07-18T06:00:00Z,46752,46690,22700,22673,62,20679,20672,22778,11820
2017-07-18T07:00:00Z,54626,54491,26229,26193,135,23580,23571,25639,13371
2017-07-18T08:00:00Z,61815,61673,30741,30664,142,25682,25675,27720,14783
2017-07-18T09:00:00Z,61540,61358,30972,30875,182,26618,26605,28344,15946
2017-07-18T10:00:00Z,54048,53917,27909,27877,131,23312,23301,25320,14563
2017-07-18T11:00:00Z,52082,51932,26586,26566,150,21780,21766,23485,13440
2017-07-18T12:00:00Z,58138,57958,28331,28299,180,24754,24742,26758,15314
2017-07-18T13:00:00Z,66673,66480,32765,32684,193,27901,27893,29934,17352
2017-07-18T14:00:00Z,74108,73896,37066,37035,212,30583,30572,32534,19258
2017-07-18T15:00:00Z,71416,71276,36426,36385,140,29704,29695,31752,19082
2017-07-18T16:00:00Z,62338,62206,32402,32376,132,26013,25999,27793,16977
2017-07-18T17:00:00Z,59001,58741,30855,30823,260,23651,23638,25336,15433
2017-07-18T18:00:00Z,58648,58357,30011,29981,291,23253,23241,25169,15180
2017-07-18T19:00:00Z,57461,57166,30574,30546,295,22749,22736,24961,15212
2017-07-18T20:00:00Z,58514,58210,30794,30742,304,22980,22971,24873,15301
2017-07-18T21:00:00Z,53988,53813,28706,28601,175,21070,21059,23004,14480
2017-07-18T22:00:00Z,43242,43148,23287,23249,94,17227,17220,18912,11678
2017-07-18T23:00:00Z,36196,36045,19590,19563,151,14595,14586,15948,10022
2017-07-19T00:00:00Z,37411,37064,19927,19906,347,14701,14690,16583,9744
2017-07-19T01:00:00Z,41785,41672,21373,21348,113,17983,17975,19196,10655
2017-07-19T02:00:00Z,45300,45190,23068,23018,110,19456,19449,21228,11728
2017-07-19T03:00:00Z,42796,42626,22160,22126,170,18674,18667,20232,11255
2017-07-19T04:00:00Z,35146,35067,19308,19289,79,14730,14721,16073,9467
2017-07-19T05:00:00Z,37670,37547,19620,19599,123,16467,16460,17800,9776
2017-07-19T06:00:00Z,46477,46335,22689,22607,142,20684,20676,22082,11610
2017-07-19T07:00:00Z,53757,53510,25930,25847,247,23691,23682,25533,13528
2017-07-19T08:00:00Z,58877,58782,28120,28072,95,26198,26189,27465,14978
2017-07-19T09:00:00Z,60268,60155,29832,29778,113,26585,26576,28265,15947
2017-07-19T10:00:00Z,54100,54001,27975,27943,99,23427,23418,24984,14645
2017-07-19T11:00:00Z,50662,50480,25112,25096,182,21829,21822,23512,13499
2017-07-19T12:00:00Z,56133,55994,28719,28692,139,24016,24007,25635,15125
2017-07-19T13:00:00Z,65592,65441,32362,32336,151,27331,27317,29259,17077
2017-07-19T14:00:00Z,71091,70937,35423,35382,154,30106,30096,32231,19083
2017-07-19T15:00:00Z,70488,70347,35580,35498,141,29436,29425,31593,19053
2017-07-19T16:00:00Z,61920,61652,32020,31942,268,25944,25931,27550,16773
2017-07-19T17:00:00Z,61084,61006,31288,31278,78,23901,23894,25416,15434
2017-07-19T18:00:00Z,59573,59377,31060,30976,196,23330,23323,25244,15285
2017-07-19T19:00:00Z,57584,57458,29778,29742,126,22436,22427,24136,14902
2017-07-19T20:00:00Z,56508,55590,29123,29092,918,22207,22200,24358,15159
2017-07-19T21:00:00Z,53072,51991,27294,27213,1081,20660,20651,22747,14091
2017-07-19T22:00:00Z,44551,43837,23553,23521,714,17206,17198,19194,11734
2017-07-19T23:00:00Z,39057,38968,21636,21602,89,14651,14645,16388,10065
2017-07-20T00:00:00Z,38036,37993,21272,21269,43,14726,14720,16276,9682
2017-07-20T01:00:00Z,40903,40844,21594,21571,59,17441,17436,19098,10584
2017-07-20T02:00:00Z,45628,45542,23814,23763,86,19373,19366,20872,11415
2017-07-20T03:00:00Z,42259,42100,22420,22400,159,18266,18261,19927,11050
2017-07-20T04:00:00Z,35349,35310,19714,19701,39,14687,14682,16156,9595
2017-07-20T05:00:00Z,38228,38168,20212,20196,60,16070,16062,17848,9841
2017-07-20T06:00:00Z,48018,47910,24143,24092,108,21115,21107,22667,11986
2017-07-20T07:00:00Z,55643,55445,27573,27537,198,23776,23769,25464,13334
2017-07-20T08:00:00Z,60659,60076,29531,29303,583,25746,25737,27276,14640
2017-07-20T09:00:00Z,61592,61264,30832,30706,328,26773,26763,28395,16074
2017-07-20T10:00:00Z,53830,53699,27993,27956,131,23370,23362,25077,14892
2017-07-20T11:00:00Z,51574,51429,26441,26432,145,21642,21634,23551,13473
2017-07-20T12:00:00Z,57754,57538,29630,29606,216,24235,24221,26066,15185
2017-07-20T13:00:00Z,65663,65525,32971,32950,138,27074,27062,28862,16961
2017-07-20T14:00:00Z,72387,72243,35632,35616,144,29778,29767,31774,19047
2017-07-20T15:00:00Z,67603,67394,34571,34523,209,28842,28827,30525,18740
2017-07-20T16:00:00Z,60845,60360,31077,31051,485,24941,24929,26902,16378
2017-07-20T17:00:00Z,58442,58308,30017,29953,134,23065,23057,24633,15036
2017-07-20T18:00:00Z,56796,56638,29057,29034,158,22423,22414,24172,14503
2017-07-20T19:00:00Z,53414,53087,27680,27665,327,21385,21377,23002,14131
2017-07-20T20:00:00Z,53665,53468,27815,27789,197,21572,21563,23450,14366
2017-07-20T21:00:00Z,49739,48882,25982,25941,857,19715,19707,21502,13328
2017-07-20T22:00:00Z,44482,44230,23913,23901,252,16692,16683,18375,11506
2017-07-20T23:00:00Z,36896,36735,20171,20132,161,14191,14182,15665,9769
2017-07-21T00:00:00Z,35754,35691,19908,19898,63,13897,13891,15468,9444
2017-07-21T01:00:00Z,41088,41017,21521,21492,71,17238,17231,18430,10240
2017-07-21T02:00:00Z,43221,43125,22671,22629,96,18575,18570,20168,10864
2017-07-21T03:00:00Z,41718,41651,21929,21909,67,17668,17663,19454,10746
2017-07-21T04:00:00Z,33065,32762,18320,18307,303,13921,13916,15163,8843
2017-07-21T05:00:00Z,36754,36696,19229,19200,58,15507,15500,17165,9492
2017-07-21T06:00:00Z,46234,46040,23236,23221,194,19875,19866,21806,11637
2017-07-21T07:00:00Z,50627,50474,25271,25250,153,22183,22175,23752,12905
2017-07-21T08:00:00Z,57461,57346,28717,28683,115,24550,24544,26110,14416
2017-07-21T09:00:00Z,58946,58717,30424,30337,229,25749,25735,27230,15664
2017-07-21T10:00:00Z,53366,53191,27378,27355,175,22621,22609,24208,14209
2017-07-21T11:00:00Z,48767,48584,24685,24657,183,20238,20232,21561,12376
2017-07-21T12:00:00Z,52244,52068,27574,27553,176,21551,21539,23354,13779
2017-07-21T13:00:00Z,58828,58465,29394,29349,363,24947,24931,25973,15316
2017-07-21T14:00:00Z,63260,63024,31718,31641,236,25985,25973,28446,16754
2017-07-21T15:00:00Z,62699,62416,32885,32831,283,25288,25279,27511,16637
2017-07-21T16:00:00Z,56617,56324,29580,29500,293,22496,22484,24573,14488
2017-07-21T17:00:00Z,56002,54546,28625,28554,1456,20981,20969,23055,13600
2017-07-21T18:00:00Z,53994,52962,28058,28009,1032,20328,20317,22389,13281
2017-07-21T19:00:00Z,51291,50232,26565,26529,1059,19110,19105,21367,12756
2017-07-21T20:00:00Z,49004,48186,26098,26042,818,18556,18551,20804,12671
2017-07-21T21:00:00Z,44292,44158,23536,23516,134,17011,17003,18942,11460
2017-07-21T22:00:00Z,38021,37709,20798,20789,312,13959,13952,15756,9579
2017-07-21T23:00:00Z,31982,31896,17942,17939,86,11704,11696,13650,8261
2017-07-22T00:00:00Z,29994,29358,16896,16886,636,10638,10632,12576,7207
2017-07-22T01:00:00Z,27224,27192,15731,15726,32,10135,10127,11818,6773
2017-07-22T02:00:00Z,27701,27659,15463,15449,42,10717,10712,12212,6882
2017-07-22T03:00:00Z,29926,29646,17477,17460,280,10734,10729,12713,7058
2017-07-22T04:00:00Z,25490,25372,14888,14861,118,9644,9638,11410,6507
2017-07-22T05:00:00Z,25530,25466,14619,14604,64,9651,9643,11389,6365
2017-07-22T06:00:00Z,27099,27032,15388,15358,67,10785,10780,12548,6882
2017-07-22T07:00:00Z,29199,29037,16121,16068,162,11405,11397,13164,7164
2017-07-22T08:00:00Z,31438,31399,17753,17738,39,12056,12051,13772,7684
2017-07-22T09:00:00Z,30852,30673,17528,17524,179,12173,12167,13818,7769
2017-07-22T10:00:00Z,30104,29930,17195,17189,174,11864,11857,13549,7733
2017-07-22T11:00:00Z,29836,29737,16894,16888,99,11474,11469,12982,7579
2017-07-22T12:00:00Z,30717,30665,17501,17480,52,12206,12202,13871,8104
2017-07-22T13:00:00Z,34143,34092,19270,19252,51,13508,13503,15200,8887
2017-07-22T14:00:00Z,36846,36673,20606,20588,173,14881,14875,16775,9990
2017-07-22T15:00:00Z,37099,36680,20454,20426,419,15259,15254,17594,10325
2017-07-22T16:00:00Z,35907,35817,19877,19855,90,14257,14250,16204,9696
2017-07-22T17:00:00Z,35351,35319,19937,19926,32,13571,13568,15717,9273
2017-07-22T18:00:00Z,34860,34774,20116,20095,86,13118,13112,14969,8986
2017-07-22T19:00:00Z,35258,34530,20083,20064,728,12595,12589,14595,8812
2017-07-22T20:00:00Z,32727,32376,18505,18499,351,12013,12008,13963,8463
2017-07-22T21:00:00Z,29719,29606,17076,17066,113,11486,11481,13315,8094
2017-07-22T22:00:00Z,27216,27069,16040,16011,147,10187,10181,11899,7414
2017-07-22T23:00:00Z,25158,24888,14895,14842,270,9107,9101,10655,6468
2017-07-23T00:00:00Z,24538,24429,15262,15242,109,8559,8554,9945,6128
2017-07-23T01:00:00Z,26640,26615,16627,16620,25,8916,8911,10589,6144
2017-07-23T02:00:00Z,25283,25203,14998,14989,80,9536,9533,10935,6402
2017-07-23T03:00:00Z,25576,25529,15353,15342,47,9900,9895,11321,6687
2017-07-23T04:00:00Z,24386,24315,14350,14336,71,9335,9330,10718,6325
2017-07-23T05:00:00Z,25529,25504,14850,14841,25,9418,9412,10891,6412
2017-07-23T06:00:00Z,26379,26207,15190,15167,172,10127,10122,11574,6703
2017-07-23T07:00:00Z,28652,28232,16192,16186,420,11120,11113,12736,7317
2017-07-23T08:00:00Z,30885,30788,17761,17746,97,11887,11882,13583,7820
2017-07-23T09:00:00Z,31363,31310,18538,18522,53,12330,12324,13789,8089
2017-07-23T10:00:00Z,30616,30181,17233,17206,435,12079,12073,13747,8037
2017-07-23T11:00:00Z,30604,30534,17250,17234,70,12252,12244,13767,8114
2017-07-23T12:00:00Z,33111,33000,18764,18748,111,13256,13251,14991,8955
2017-07-23T13:00:00Z,37168,36938,21063,20925,230,15004,14997,16773,10071
2017-07-23T14:00:00Z,40159,39875,22650,22615,284,16551,16544,18564,11191
2017-07-23T15:00:00Z,40548,40294,22391,22360,254,16743,16736,18731,11467
2017-07-23T16:00:00Z,39415,39287,23380,23362,128,15334,15324,17167,10675
2017-07-23T17:00:00Z,37540,37315,21820,21818,225,14597,14589,16419,10120
2017-07-23T18:00:00Z,37135,37011,21675,21660,124,14246,14240,16026,9934
2017-07-23T19:00:00Z,35345,35280,20459,20424,65,13974,13967,15666,9797
2017-07-23T20:00:00Z,35708,35618,20783,20777,90,13889,13884,15619,9873
2017-07-23T21:00:00Z,34661,34592,20519,20503,69,13009,12999,15027,9298
2017-07-23T22:00:00Z,31414,31352,18867,18848,62,11572,11565,13241,8317
2017-07-23T23:00:00Z,28830,28763,17549,17524,67,10679,10671,12212,7538
2017-07-24T00:00:00Z,30471,30428,18670,18657,43,11407,11401,12895,7908
2017-07-24T01:00:00Z,36055,36009,20665,20638,46,14769,14761,16015,9001
2017-07-24T02:00:00Z,40138,40039,21709,21678,99,17255,17247,18599,10100
2017-07-24T03:00:00Z,38540,38494,21041,21015,46,16593,16587,18130,10003
2017-07-24T04:00:00Z,31751,31602,18198,18171,149,13276,13269,14774,8593
2017-07-24T05:00:00Z,35346,34990,18464,18437,356,15057,15051,16722,8953
2017-07-24T06:00:00Z,45045,44850,22515,22478,195,19813,19805,21410,11329
2017-07-24T07:00:00Z,50048,49600,23815,23772,448,22109,22099,23966,12394
2017-07-24T08:00:00Z,55356,55013,27048,26993,343,24247,24239,25690,13839
2017-07-24T09:00:00Z,59403,59018,29367,29313,385,25703,25692,27222,15217
2017-07-24T10:00:00Z,52443,52262,27383,27336,181,22476,22466,24212,13958
2017-07-24T11:00:00Z,50573,50399,26358,26267,174,21074,21064,22916,13248
2017-07-24T12:00:00Z,54204,54052,27173,27117,152,23149,23143,24802,14259
2017-07-24T13:00:00Z,62474,62315,31347,31309,159,26418,26408,28187,16432
2017-07-24T14:00:00Z,68610,68299,35222,35149,311,28524,28509,30743,18290
2017-07-24T15:00:00Z,69052,68888,35205,35179,164,28688,28680,30693,18625
2017-07-24T16:00:00Z,62680,62199,32566,32501,481,25323,25311,27186,16468
2017-07-24T17:00:00Z,63635,63004,30977,30957,631,23649,23639,25796,15118
2017-07-24T18:00:00Z,60594,59492,30413,30388,1102,23386,23376,25500,15014
2017-07-24T19:00:00Z,58022,57091,30113,30067,931,22400,22389,24542,14744
2017-07-24T20:00:00Z,59127,58666,30840,30800,461,22522,22513,24345,14906
2017-07-24T21:00:00Z,51943,51583,27761,27701,360,20525,20513,22195,13998
2017-07-24T22:00:00Z,43733,43366,23533,23478,367,17045,17033,18913,11784
2017-07-24T23:00:00Z,37272,37148,20359,20315,124,14687,14675,16380,10093
2017-07-25T00:00:00Z,37393,37308,20771,20745,85,14779,14770,16151,9729
2017-07-25T01:00:00Z,42812,42694,22973,22943,118,18085,18074,19258,10878
2017-07-25T02:00:00Z,47430,47147,25524,25477,283,19498,19490,21048,11490
2017-07-25T03:00:00Z,43182,43061,22944,22910,121,18618,18609,20121,11267
2017-07-25T04:00:00Z,35409,35249,19453,19370,160,14850,14839,16419,9574
2017-07-25T05:00:00Z,39217,39158,21382,21365,59,16132,16128,17728,9733
2017-07-25T06:00:00Z,47655,47532,22944,22917,123,20668,20659,21799,11715
2017-07-25T07:00:00Z,54230,54077,26973,26946,153,23372,23362,24699,13359
2017-07-25T08:00:00Z,57777,57540,28943,28903,237,25401,25389,26698,14822
2017-07-25T09:00:00Z,61005,60893,31304,31270,112,26520,26511,27807,15765
2017-07-25T10:00:00Z,53229,53122,27798,27772,107,23159,23149,24793,14712
2017-07-25T11:00:00Z,50571,50446,25171,25144,125,21766,21755,23141,13396
2017-07-25T12:00:00Z,56086,55894,28372,28302,192,24202,24193,25872,15124
2017-07-25T13:00:00Z,64913,64802,32695,32653,111,27486,27476,29114,16947
2017-07-25T14:00:00Z,69832,69364,34713,34664,468,29913,29899,31670,18692
2017-07-25T15:00:00Z,71196,70362,35360,35319,834,29939,29926,32447,19387
2017-07-25T16:00:00Z,61763,61651,32406,32377,112,25796,25787,27847,17052
2017-07-25T17:00:00Z,59297,59161,30078,30049,136,24027,24019,25740,15438
2017-07-25T18:00:00Z,59946,59696,31313,31291,250,23604,23595,25256,15671
2017-07-25T19:00:00Z,57663,57467,29824,29787,196,23011,23003,24562,15194
2017-07-25T20:00:00Z,57986,57646,30570,30559,340,22852,22840,24559,15361
2017-07-25T21:00:00Z,56118,55952,31008,31004,166,20902,20893,22661,14344
2017-07-25T22:00:00Z,44929,44707,24705,24684,222,17236,17230,18922,11899
2017-07-25T23:00:00Z,40057,39985,22481,22465,72,15017,15011,16828,10489
2017-07-26T00:00:00Z,39505,39385,22509,22482,120,14791,14783,16606,10027
2017-07-26T01:00:00Z,42557,42372,22243,22193,185,17437,17427,19102,10337
2017-07-26T02:00:00Z,46208,46058,23742,23671,150,19696,19689,21475,11612
2017-07-26T03:00:00Z,44600,44528,23318,23281,72,19029,19021,20779,11338
2017-07-26T04:00:00Z,36972,36908,20353,20345,64,14997,14989,16790,9649
2017-07-26T05:00:00Z,37284,37070,19073,19057,214,16285,16276,17819,9802
2017-07-26T06:00:00Z,48425,47795,23212,23148,630,20966,20958,23161,12031
2017-07-26T07:00:00Z,54431,53793,26392,26362,638,23344,23334,25355,13414
2017-07-26T08:00:00Z,58762,58599,28730,28690,163,25741,25734,27330,14916
2017-07-26T09:00:00Z,63505,62423,30416,30380,1082,27106,27098,29211,16206
2017-07-26T10:00:00Z,53520,53392,27578,27564,128,23285,23278,24834,14672
2017-07-26T11:00:00Z,50235,50136,25456,25436,99,21798,21789,23398,13735
2017-07-26T12:00:00Z,56990,56845,29043,28983,145,24237,24231,25743,15070
2017-07-26T13:00:00Z,63634,63453,31893,31860,181,27191,27178,28615,16948
2017-07-26T14:00:00Z,71017,70321,35615,35535,696,30095,30085,31838,18847
2017-07-26T15:00:00Z,70213,69189,34833,34803,1024,29719,29708,31592,18990
2017-07-26T16:00:00Z,62881,62386,32544,32512,495,25890,25882,27425,16832
2017-07-26T17:00:00Z,61672,61462,31952,31927,210,24028,24020,25575,15664
2017-07-26T18:00:00Z,58853,58669,30167,30133,184,23181,23167,24779,15125
2017-07-26T19:00:00Z,56295,56140,29495,29458,155,22456,22447,23953,14944
2017-07-26T20:00:00Z,56709,56369,29346,29304,340,22807,22799,24054,15114
2017-07-26T22:00:00Z,44368,43347,23418,23383,1021,17428,17418,19085,11858
2017-07-26T23:00:00Z,39286,38756,20802,20792,530,14821,14814,16314,9963
2017-07-27T00:00:00Z,36689,36531,20070,20068,158,14518,14512,15826,9452
2017-07-27T01:00:00Z,42321,42199,21968,21942,122,17956,17950,18939,10610
2017-07-27T02:00:00Z,44604,44552,22921,22898,52,19321,19316,20645,11297
2017-07-27T03:00:00Z,42541,42474,22220,22188,67,18356,18352,19974,11066
2017-07-27T04:00:00Z,35064,35027,18953,18941,37,14606,14599,16276,9510
2017-07-27T05:00:00Z,36992,36892,19533,19482,100,16066,16059,17188,9610
2017-07-27T06:00:00Z,47485,47209,23219,23175,276,20765,20758,22187,11792
2017-07-27T07:00:00Z,53571,53406,25971,25907,165,23540,23530,24909,13374
2017-07-27T08:00:00Z,57550,57307,27991,27930,243,25430,25422,26664,14527
2017-07-27T09:00:00Z,63125,62885,32243,32189,240,26663,26656,27939,15860
2017-07-27T10:00:00Z,52428,52204,27163,27134,224,22969,22959,24434,14476
2017-07-27T11:00:00Z,52121,52008,26965,26941,113,21367,21360,22805,13076
2017-07-27T12:00:00Z,56549,56404,28495,28433,145,23785,23775,25028,14697
2017-07-27T13:00:00Z,64945,64687,31918,31883,258,27200,27189,28626,16753
2017-07-27T14:00:00Z,69789,69574,35115,35073,215,29498,29487,30975,18503
2017-07-27T15:00:00Z,70445,70223,35606,35569,222,29173,29161,30734,18570
2017-07-27T16:00:00Z,62044,61905,31777,31727,139,25577,25564,27300,16367
2017-07-27T17:00:00Z,59073,58734,30983,30957,339,23389,23376,25081,14953
2017-07-27T18:00:00Z,56825,56398,29785,29743,427,22361,22347,24099,14496
2017-07-27T19:00:00Z,53867,53557,28361,28329,310,21532,21520,23225,14285
2017-07-27T20:00:00Z,56373,56167,30250,30242,206,21660,21650,23255,14684
2017-07-27T21:00:00Z,53168,52487,28708,28678,681,19925,19914,21468,13642
2017-07-27T22:00:00Z,45148,43982,24060,24053,1166,16667,16659,18433,11569
2017-07-27T23:00:00Z,37032,36582,20296,20279,450,13928,13919,15622,9774
2017-07-28T00:00:00Z,36288,36222,20056,20046,66,14187,14179,15586,9362
2017-07-28T01:00:00Z,43250,43168,23011,22969,82,17277,17269,18974,10189
2017-07-28T02:00:00Z,44288,44098,22457,22418,190,18805,18799,20271,10869
2017-07-28T03:00:00Z,43201,43038,22083,22031,163,18332,18323,20091,10961
2017-07-28T04:00:00Z,36066,35914,20488,20474,152,14064,14056,15747,9107
2017-07-28T05:00:00Z,36605,36510,19504,19495,95,15693,15685,17095,9479
2017-07-28T06:00:00Z,47278,47131,24134,24115,147,20064,20058,21563,11434
2017-07-28T07:00:00Z,52968,52859,25572,25550,109,22473,22466,23971,12799
2017-07-28T08:00:00Z,57001,56864,29023,28992,137,24683,24672,25987,14469
2017-07-28T09:00:00Z,59922,59751,30077,30009,171,25829,25818,27221,15532
2017-07-28T10:00:00Z,52259,52134,26753,26698,125,21791,21781,23692,14076
2017-07-28T11:00:00Z,46480,46321,24515,24454,159,19516,19508,21187,12449
2017-07-28T12:00:00Z,50867,50742,25940,25877,125,21345,21336,22715,13218
2017-07-28T13:00:00Z,58266,57979,29729,29670,287,24254,24244,25793,15400
2017-07-28T14:00:00Z,62632,62293,31745,31692,339,26010,25999,27338,16379
2017-07-28T15:00:00Z,62836,62589,31774,31646,247,25948,25937,27560,16664
2017-07-28T16:00:00Z,57369,56647,29880,29845,722,22690,22679,24544,14757
2017-07-28T17:00:00Z,53541,53285,27745,27713,256,20941,20928,22874,13572
2017-07-28T18:00:00Z,52239,52087,26560,26537,152,19859,19846,22010,12949
2017-07-28T19:00:00Z,48299,48176,25423,25382,123,18868,18855,20593,12389
2017-07-28T20:00:00Z,48592,48447,25370,25360,145,18602,18594,20902,12392
2017-07-28T21:00:00Z,44895,44799,24637,24625,96,16913,16905,18567,11497
2017-07-28T22:00:00Z,38451,38369,20952,20941,82,14218,14211,15856,9684
2017-07-28T23:00:00Z,32304,32159,18113,18083,145,11698,11691,13390,8144
2017-07-29T00:00:00Z,28701,28618,16438,16416,83,10520,10511,12117,7171
2017-07-29T01:00:00Z,27924,27855,16612,16594,69,10264,10258,11650,6721
2017-07-29T02:00:00Z,29468,29423,17144,17125,45,10799,10794,12400,7053
2017-07-29T03:00:00Z,28588,28481,16854,16797,107,10714,10709,12277,6972
2017-07-29T04:00:00Z,27553,27485,17098,17075,68,9993,9988,11371,6682
2017-07-29T05:00:00Z,26397,26347,15254,15238,50,9946,9942,11269,6413
2017-07-29T06:00:00Z,28551,28452,15616,15609,99,11033,11028,12373,6955
2017-07-29T07:00:00Z,30124,30049,16429,16419,75,11878,11871,13197,7344
2017-07-29T08:00:00Z,31181,31120,17343,17330,61,12450,12444,13978,7937
2017-07-29T09:00:00Z,30820,30732,17787,17750,88,12500,12492,13934,7973
2017-07-29T10:00:00Z,29491,29428,16765,16720,63,11930,11924,13260,7782
2017-07-29T11:00:00Z,29166,29135,16401,16385,31,11802,11797,13031,7566
2017-07-29T12:00:00Z,31233,31148,17300,17280,85,12300,12293,13728,7974
2017-07-29T13:00:00Z,34976,34908,18511,18491,68,13333,13328,14768,8733
2017-07-29T14:00:00Z,37941,37461,20368,20348,480,14905,14899,16753,9830
2017-07-29T15:00:00Z,38779,38680,21478,21454,99,15495,15486,17160,10344
2017-07-29T16:00:00Z,38107,37934,20819,20800,173,14776,14770,16546,9788
2017-07-29T17:00:00Z,37074,36998,20748,20723,76,14016,14009,15601,9453
2017-07-29T18:00:00Z,35351,34988,19793,19791,363,13364,13360,14961,9026
2017-07-29T19:00:00Z,34286,34180,19754,19747,106,12909,12901,14239,8929
2017-07-29T20:00:00Z,33901,33525,19029,19012,376,12488,12479,14111,8704
2017-07-29T21:00:00Z,32058,30936,17894,17880,1122,11651,11644,13384,8080
2017-07-29T22:00:00Z,29114,28589,17085,17054,525,10621,10615,11903,7441
2017-07-29T23:00:00Z,26404,26329,16200,16196,75,9357,9353,10542,6673
2017-07-30T00:00:00Z,25579,25519,15889,15879,60,8922,8916,10031,6273
2017-07-30T01:00:00Z,26150,26120,15931,15919,30,9290,9282,10667,6406
2017-07-30T02:00:00Z,27442,27368,16512,16496,74,9970,9964,11419,6732
2017-07-30T03:00:00Z,26220,26080,15479,15458,140,10026,10019,11355,6775
2017-07-30T04:00:00Z,25110,24910,15293,15284,200,9604,9599,10738,6465
2017-07-30T05:00:00Z,25174,25072,15053,15035,102,9616,9608,10683,6370
2017-07-30T06:00:00Z,25887,25824,15365,15347,63,10289,10283,11711,6972
2017-07-30T07:00:00Z,28774,28506,16451,16437,268,11362,11353,12846,7345
2017-07-30T08:00:00Z,30440,30291,17567,17529,149,11832,11822,13200,7738
2017-07-30T09:00:00Z,31563,31456,18571,18536,107,12055,12049,13697,8024
2017-07-30T10:00:00Z,30768,30675,18149,18103,93,12100,12092,13507,8094
2017-07-30T11:00:00Z,30877,30786,17485,17415,91,12019,12014,13510,8023
2017-07-30T12:00:00Z,32624,32585,18228,18203,39,13196,13191,14771,8851
2017-07-30T13:00:00Z,35895,35842,20080,20051,53,14730,14723,16476,9829
2017-07-30T14:00:00Z,39420,39360,22217,22208,60,16419,16412,18118,11034
2017-07-30T15:00:00Z,39737,39647,22558,22530,90,16815,16807,18732,11457
2017-07-30T16:00:00Z,39204,39141,22837,22820,63,15611,15603,17454,10672
2017-07-30T17:00:00Z,38734,38650,23007,22988,84,14707,14700,16410,10086
2017-07-30T18:00:00Z,36634,36526,21449,21425,108,14294,14286,16033,9988
2017-07-30T19:00:00Z,36836,36658,21961,21951,178,13976,13969,15497,9786
2017-07-30T20:00:00Z,36381,36256,20985,20949,125,13777,13769,15595,9700
2017-07-30T21:00:00Z,33423,33378,19662,19643,45,13109,13102,14617,9337
2017-07-30T22:00:00Z,30692,30597,18395,18375,95,11713,11707,13237,8382
2017-07-30T23:00:00Z,28126,28096,17013,16998,30,10640,10634,12097,7656
2017-07-31T00:00:00Z,29610,29564,17753,17750,46,11394,11387,12745,7664
2017-07-31T01:00:00Z,36405,36303,20471,20449,102,14870,14862,16215,9139
2017-07-31T02:00:00Z,40401,40311,21282,21227,90,17133,17127,18619,10031
2017-07-31T03:00:00Z,39566,39496,21711,21671,70,16812,16803,18365,10010
2017-07-31T04:00:00Z,31614,31575,17591,17574,39,12863,12857,14236,8160
2017-07-31T05:00:00Z,36300,36266,19268,19256,34,14952,14947,16592,9000
2017-07-31T06:00:00Z,45317,45205,22875,22861,112,19586,19582,21096,11178
2017-07-31T07:00:00Z,49989,49841,24753,24722,148,21869,21860,23077,12271
2017-07-31T08:00:00Z,55096,54987,27150,27081,109,23828,23819,25024,13638
2017-07-31T09:00:00Z,57906,57468,28583,28529,438,25140,25126,26597,14899
2017-07-31T10:00:00Z,51271,51044,26385,26336,227,22059,22050,23484,13678
2017-07-31T11:00:00Z,48804,48628,25333,25274,176,20642,20633,22464,13028
2017-07-31T12:00:00Z,54955,54702,28061,27981,253,23117,23106,24855,14340
2017-07-31T13:00:00Z,61119,60852,30938,30867,267,26112,26101,27742,16383
2017-07-31T14:00:00Z,68008,67535,34122,34064,473,28209,28200,30308,17834
2017-07-31T15:00:00Z,67454,67018,34577,34539,436,28116,28102,29835,18052
2017-07-31T16:00:00Z,45360,45238,25268,25230,122,20776,20767,21754,13780
2017-07-31T17:00:00Z,50036,49857,26005,25991,179,21239,21227,22492,13440
2017-07-31T18:00:00Z,57413,56969,29006,28973,444,22654,22645,24391,14593
2017-07-31T19:00:00Z,55010,54852,28523,28498,158,21678,21667,23452,14266
2017-07-31T20:00:00Z,55953,55838,29244,29234,115,22076,22066,23955,14642
2017-07-31T21:00:00Z,53296,52019,27415,27388,1277,20178,20163,22646,13601
2017-07-31T22:00:00Z,47890,46856,25424,25406,1034,17042,17033,19468,11613
2017-07-31T23:00:00Z,40889,39982,22309,22285,907,14571,14563,16940,10016
2017-08-01T00:00:00Z,40068,39087,21363,21347,981,14371,14362,16853,9555
2017-08-01T01:00:00Z,42779,41802,22155,22122,977,17592,17583,19822,10454
2017-08-01T02:00:00Z,46305,45317,23675,23629,988,19107,19102,21204,11338
2017-08-01T03:00:00Z,42315,42084,21960,21880,231,18388,18383,20050,10985
2017-08-01T04:00:00Z,34792,34714,18656,18607,78,14314,14305,16016,9012
2017-08-01T05:00:00Z,38246,38051,19923,19843,195,15977,15971,17708,9755
2017-08-01T06:00:00Z,47263,47141,23794,23750,122,20502,20493,22348,11663
2017-08-01T07:00:00Z,53342,53069,26472,26383,273,22994,22984,24379,13160
2017-08-01T08:00:00Z,58027,57895,28350,28286,132,25051,25041,26492,14358
2017-08-01T09:00:00Z,59691,59514,30026,29951,177,25777,25770,27440,15336
2017-08-01T10:00:00Z,52315,52228,27527,27495,87,22410,22401,24379,14310
2017-08-01T11:00:00Z,50468,50386,25842,25826,82,21249,21238,22682,13106
2017-08-01T12:00:00Z,56129,56042,28432,28420,87,23907,23899,25538,14821
2017-08-01T13:00:00Z,63059,62932,31968,31926,127,26795,26786,28375,16740
2017-08-01T14:00:00Z,69640,68755,34876,34832,885,29004,28995,30949,18440
2017-08-01T15:00:00Z,68988,68682,35400,35347,306,28741,28730,30263,18294
2017-08-01T16:00:00Z,62561,61859,32217,32154,702,25296,25286,27179,16251
2017-08-01T17:00:00Z,58951,58567,30041,29992,384,23495,23484,25003,15147
2017-08-01T18:00:00Z,57278,56484,29288,29210,794,22500,22488,24118,14690
2017-08-01T19:00:00Z,56263,55604,29172,29098,659,22184,22176,23736,14427
2017-08-01T20:00:00Z,57160,56689,30371,30330,471,22208,22199,23893,14849
2017-08-01T21:00:00Z,52688,52198,28329,28311,490,20263,20252,22087,13716
2017-08-01T22:00:00Z,44098,44009,23832,23827,89,16689,16680,18314,11508
2017-08-01T23:00:00Z,38709,38656,20852,20842,53,14478,14470,16118,9873
2017-08-02T00:00:00Z,37547,37476,20718,20707,71,14369,14362,15877,9521
2017-08-02T01:00:00Z,41241,41138,21352,21301,103,17463,17454,19047,10447
2017-08-02T02:00:00Z,45198,45104,23794,23732,94,18908,18902,20520,11054
2017-08-02T03:00:00Z,43113,42986,22869,22773,127,18460,18452,19862,10785
2017-08-02T04:00:00Z,36406,36352,20193,20154,54,14608,14604,16191,9107
2017-08-02T05:00:00Z,39260,39166,20133,20069,94,16398,16392,17864,9614
2017-08-02T06:00:00Z,48567,48429,23692,23628,138,20726,20718,22266,11810
2017-08-02T07:00:00Z,53915,53683,26294,26239,232,23331,23322,24910,13251
2017-08-02T08:00:00Z,58658,58440,29112,29014,218,25072,25066,26439,14460
2017-08-02T09:00:00Z,62587,62364,31270,31158,223,26404,26396,28245,15880
2017-08-02T10:00:00Z,53619,53451,26941,26890,168,22782,22772,24968,14298
2017-08-02T11:00:00Z,50778,50623,24972,24943,155,21154,21146,23166,13171
2017-08-02T12:00:00Z,57404,57149,28933,28813,255,23877,23866,25481,14819
2017-08-02T13:00:00Z,64334,64051,32629,32518,283,27101,27086,28624,16886
2017-08-02T14:00:00Z,71763,71455,35596,35507,308,29940,29929,31499,18585
2017-08-02T15:00:00Z,68789,68528,34567,34482,261,29348,29336,31105,18595
2017-08-02T16:00:00Z,62779,62546,31495,31454,233,25827,25815,27683,16478
2017-08-02T17:00:00Z,59166,59056,30548,30543,110,23521,23513,24934,15045
2017-08-02T18:00:00Z,57967,57814,30140,30112,153,22961,22952,24374,14782
2017-08-02T19:00:00Z,55681,55534,29047,28981,147,21860,21849,23692,14551
2017-08-02T20:00:00Z,57238,56457,29631,29592,781,22127,22114,23806,14746
2017-08-02T21:00:00Z,51873,50889,27251,27237,984,19846,19836,21715,13678
2017-08-02T22:00:00Z,44782,44126,24058,24046,656,16735,16730,18619,11635
2017-08-02T23:00:00Z,38542,38423,20673,20654,119,14493,14484,16097,9762
2017-08-03T00:00:00Z,38321,38202,20945,20923,119,14384,14376,16224,9418
2017-08-03T01:00:00Z,41388,41296,21412,21380,92,17444,17435,18826,10260
2017-08-03T02:00:00Z,45426,45322,23511,23459,104,19279,19273,20822,11192
2017-08-03T03:00:00Z,44154,43958,23522,23455,196,18575,18569,20042,11012
2017-08-03T04:00:00Z,36404,36320,20254,20190,84,14579,14576,16416,9386
2017-08-03T05:00:00Z,38034,37965,20342,20315,69,15902,15896,17496,9390
2017-08-03T06:00:00Z,47885,47744,24123,24073,141,20626,20622,22097,11651
2017-08-03T07:00:00Z,54039,53792,26387,26309,247,23341,23330,24834,13319
2017-08-03T08:00:00Z,58115,57935,28951,28861,180,24936,24926,26782,14571
2017-08-03T09:00:00Z,61233,61068,31109,31016,165,26110,26099,27685,15677
2017-08-03T10:00:00Z,52483,52340,27599,27543,143,22638,22627,24357,14248
2017-08-03T11:00:00Z,49721,49465,25558,25528,256,20714,20702,22551,12872
2017-08-03T12:00:00Z,54332,54207,27988,27943,125,23615,23608,25011,14773
2017-08-03T13:00:00Z,62738,62222,31894,31868,516,26542,26532,28019,16442
2017-08-03T14:00:00Z,68679,67818,34390,34348,861,28766,28755,30900,18059
2017-08-03T15:00:00Z,70439,69427,35926,35867,1012,28362,28348,30922,18589
2017-08-03T16:00:00Z,63438,62613,32329,32299,825,25003,24991,27270,16293
2017-08-03T17:00:00Z,58607,58381,29812,29785,226,22931,22920,25051,14994
2017-08-03T18:00:00Z,55625,55514,28779,28767,111,22193,22181,24092,14617
2017-08-03T19:00:00Z,54462,54190,28847,28812,272,21479,21469,23282,14207
2017-08-03T20:00:00Z,53499,53226,28079,28040,273,21054,21041,23096,14137
2017-08-03T21:00:00Z,50455,50217,27495,27469,238,19649,19638,21533,13465
2017-08-03T22:00:00Z,42103,41988,23122,23109,115,16567,16558,18340,11646
2017-08-03T23:00:00Z,36795,36739,19956,19941,56,14237,14230,15865,9790
2017-08-04T00:00:00Z,34947,34691,18819,18781,256,14014,14005,15363,9097
2017-08-04T01:00:00Z,41610,41490,21858,21790,120,17370,17360,18352,10166
2017-08-04T02:00:00Z,44126,43951,22796,22722,175,18808,18799,20405,11176
2017-08-04T03:00:00Z,42026,41932,22004,21953,94,17899,17894,19561,10777
2017-08-04T04:00:00Z,33328,33109,18242,18193,219,13842,13836,15633,8937
2017-08-04T05:00:00Z,36413,36055,18707,18672,358,15312,15303,17094,9167
2017-08-04T06:00:00Z,46185,46033,22599,22551,152,19814,19807,21954,11418
2017-08-04T07:00:00Z,50289,50071,24331,24289,218,22034,22023,23848,12405
2017-08-04T08:00:00Z,55891,55709,27715,27639,182,24373,24362,25899,14274
2017-08-04T09:00:00Z,58928,58592,30028,29938,336,25606,25590,27358,15594
2017-08-04T10:00:00Z,50293,50061,26658,26589,232,21639,21626,23719,14197
2017-08-04T11:00:00Z,46109,45973,23914,23861,136,19269,19261,21175,12451
2017-08-04T12:00:00Z,49523,49238,25465,25439,285,21058,21052,22604,13220
2017-08-04T13:00:00Z,57041,56904,29103,29065,137,24059,24053,25900,15204
2017-08-04T14:00:00Z,58934,58777,30484,30432,157,25036,25027,26773,16007
2017-08-04T15:00:00Z,61357,61110,31757,31680,247,25168,25160,26939,16532
2017-08-04T16:00:00Z,53873,53703,27535,27509,170,22501,22492,24175,14547
2017-08-04T17:00:00Z,50945,50805,26182,26146,140,20686,20671,22200,13322
2017-08-04T18:00:00Z,50494,50316,25839,25809,178,19950,19938,21488,12943
2017-08-04T19:00:00Z,46605,46428,24847,24829,177,18647,18642,20111,12469
2017-08-04T20:00:00Z,46432,46294,24989,24980,138,18314,18307,19803,12252
2017-08-04T21:00:00Z,43142,42982,23714,23701,160,16682,16672,18220,11469
2017-08-04T22:00:00Z,37163,36897,20823,20808,266,13934,13925,15667,9759
2017-08-04T23:00:00Z,32398,32316,18622,18593,82,11738,11729,13233,8184
2017-08-05T00:00:00Z,27656,27521,16235,16226,135,10353,10347,11602,6999
2017-08-05T01:00:00Z,26226,26168,15099,15086,58,10117,10111,11566,6722
2017-08-05T02:00:00Z,28205,28131,16707,16663,74,10685,10680,12072,6902
2017-08-05T03:00:00Z,26898,26825,15134,15100,73,10752,10745,12394,6920
2017-08-05T04:00:00Z,25490,25424,14448,14429,66,9789,9782,11353,6618
2017-08-05T05:00:00Z,25533,25493,14679,14660,40,9799,9794,11244,6553
2017-08-05T06:00:00Z,27447,27398,15237,15226,49,10647,10639,12100,6741
2017-08-05T07:00:00Z,28259,28102,15504,15487,157,11273,11265,12804,7131
2017-08-05T08:00:00Z,31520,30187,16351,16329,1333,11989,11983,14419,7627
2017-08-05T09:00:00Z,31110,30114,16719,16706,996,12267,12262,14360,7814
2017-08-05T10:00:00Z,30602,30143,16456,16452,459,11809,11802,13737,7823
2017-08-05T11:00:00Z,29253,29156,16574,16562,97,11524,11517,12973,7573
2017-08-05T12:00:00Z,29534,29438,16859,16830,96,12041,12035,13561,7982
2017-08-05T13:00:00Z,32542,32485,18158,18147,57,13340,13335,14895,8738
2017-08-05T14:00:00Z,35773,35732,19857,19836,41,14859,14852,16507,9854
2017-08-05T15:00:00Z,36703,36648,20452,20421,55,15061,15056,16948,10141
2017-08-05T16:00:00Z,36092,35998,20293,20250,94,14425,14418,16201,9673
2017-08-05T17:00:00Z,35893,35409,20078,20069,484,13441,13436,15684,9006
2017-08-05T18:00:00Z,33982,32759,18824,18810,1223,12816,12809,15217,8751
2017-08-05T19:00:00Z,34051,32940,19464,19453,1111,12453,12446,14380,8567
2017-08-05T20:00:00Z,32058,31101,18305,18297,957,11827,11819,13817,8347
2017-08-05T21:00:00Z,30269,30037,18204,18196,232,11135,11131,12667,7812
2017-08-05T22:00:00Z,27781,27734,16192,16187,47,9986,9979,11848,7122
2017-08-05T23:00:00Z,24437,24418,14641,14636,19,9026,9019,10452,6441
2017-08-06T00:00:00Z,23605,23538,14560,14538,67,8528,8525,9861,5999
2017-08-06T01:00:00Z,23761,23725,14465,14456,36,8897,8893,9994,6003
2017-08-06T02:00:00Z,26234,26082,15818,15794,152,9861,9855,11289,6540
2017-08-06T03:00:00Z,24703,24564,14611,14573,139,9881,9875,11269,6678
2017-08-06T04:00:00Z,23235,23178,14024,13993,57,9203,9199,10534,6279
2017-08-06T05:00:00Z,24199,24082,14634,14617,117,9195,9190,10535,6216
2017-08-06T06:00:00Z,25666,25605,15156,15128,61,9812,9806,11224,6455
2017-08-06T07:00:00Z,28432,28196,16381,16365,236,10943,10938,12364,7024
2017-08-06T08:00:00Z,29814,29787,17301,17289,27,11473,11470,12959,7525
2017-08-06T09:00:00Z,31179,31166,18043,18041,13,11948,11941,13406,7857
2017-08-06T10:00:00Z,30826,30397,17693,17685,429,11833,11828,13418,7795
2017-08-06T11:00:00Z,31048,30980,17855,17831,68,12070,12065,13639,8010
2017-08-06T12:00:00Z,33048,32968,19000,18981,80,13127,13119,14638,8737
2017-08-06T13:00:00Z,35898,35865,20752,20739,33,14846,14840,16462,9848
2017-08-06T14:00:00Z,39692,39381,22513,22481,311,16084,16076,18117,10862
2017-08-06T15:00:00Z,40440,40369,23504,23484,71,16211,16206,18236,11187
2017-08-06T16:00:00Z,38863,38809,22606,22581,54,15240,15232,17092,10504
2017-08-06T17:00:00Z,37813,37728,22698,22687,85,14302,14295,15950,9902
2017-08-06T18:00:00Z,37820,37401,22997,22964,419,13753,13744,15676,9671
2017-08-06T19:00:00Z,37433,36352,21670,21635,1081,13765,13758,16242,9951
2017-08-06T20:00:00Z,37956,37149,22703,22636,807,13539,13532,15827,9757
2017-08-06T21:00:00Z,34125,33994,20700,20648,131,12647,12642,14237,9037
2017-08-06T22:00:00Z,30063,30011,18077,18053,52,11343,11335,12845,8111
2017-08-06T23:00:00Z,27954,27926,16982,16972,28,10442,10436,11839,7451
2017-08-07T00:00:00Z,30586,30420,18431,18383,166,11469,11461,13129,7895
2017-08-07T01:00:00Z,35779,35703,19438,19396,76,14988,14981,16185,8876
2017-08-07T02:00:00Z,41516,41400,22374,22325,116,17360,17353,18804,10354
2017-08-07T03:00:00Z,40540,40477,22331,22293,63,16747,16739,18167,10104
2017-08-07T04:00:00Z,32886,32226,17876,17839,660,13094,13089,14707,8509
2017-08-07T05:00:00Z,34546,34433,18379,18349,113,14475,14468,15856,8804
2017-08-07T06:00:00Z,42546,42439,21428,21383,107,18863,18856,20080,10630
2017-08-07T07:00:00Z,49033,48829,24074,24012,204,21588,21579,22848,12198
2017-08-07T08:00:00Z,55197,55065,27726,27679,132,23709,23703,25017,13725
2017-08-07T09:00:00Z,60695,60579,29288,29236,116,24530,24521,26652,14671
2017-08-07T10:00:00Z,52131,52026,27500,27453,105,21419,21411,23412,13555
2017-08-07T11:00:00Z,49139,49034,25112,25074,105,20212,20204,22194,12709
2017-08-07T12:00:00Z,53423,53319,27026,26994,104,22558,22549,24152,14056
2017-08-07T13:00:00Z,60510,60396,31078,31047,114,25506,25500,26990,15889
2017-08-07T14:00:00Z,66030,65721,34195,34151,309,27827,27818,29882,17749
2017-08-07T15:00:00Z,64653,64508,33918,33880,145,27042,27031,28831,17576
2017-08-07T16:00:00Z,60649,60121,31662,31621,528,24130,24119,26319,15778
2017-08-07T17:00:00Z,59861,58619,31646,31625,1242,22253,22243,24949,14576
2017-08-07T18:00:00Z,57415,56260,29536,29504,1155,21871,21862,24380,14291
2017-08-07T19:00:00Z,54766,53400,28974,28559,1366,21066,21056,23476,14118
2017-08-07T20:00:00Z,58256,57504,31277,31212,752,21447,21437,24097,14589
2017-08-07T21:00:00Z,52087,51401,28288,28277,686,19414,19404,21470,13205
2017-08-07T22:00:00Z,44834,44241,24319,24292,593,16138,16125,18397,11105
2017-08-07T23:00:00Z,39325,38872,21292,21280,453,14226,14215,16369,9733
2017-08-08T00:00:00Z,37178,37074,20594,20582,104,14413,14404,16079,9644
2017-08-08T01:00:00Z,42343,42212,22443,22390,131,17800,17786,19193,10925
2017-08-08T02:00:00Z,47629,47547,25657,25621,82,19312,19303,20932,11412
2017-08-08T03:00:00Z,45365,45283,24485,24457,82,18762,18755,20428,11286
2017-08-08T04:00:00Z,36980,36882,20541,20520,98,14632,14625,16239,9400
2017-08-08T05:00:00Z,39289,39004,20518,20510,285,15941,15928,17430,9617
2017-08-08T06:00:00Z,47361,47055,24015,23994,306,20598,20588,22285,11854
2017-08-08T07:00:00Z,54937,53502,26577,26549,1435,23095,23083,25038,13097
2017-08-08T08:00:00Z,58768,58441,29101,29067,327,25259,25249,26450,14502
2017-08-08T09:00:00Z,61816,60732,30695,30650,1084,26145,26135,28308,15549
2017-08-08T10:00:00Z,53625,53340,28196,28105,285,22687,22677,24233,14246
2017-08-08T11:00:00Z,53487,52971,27392,27353,516,21353,21342,23311,13305
2017-08-08T12:00:00Z,63527,62430,31067,31024,1097,24049,24041,26336,15180
2017-08-08T13:00:00Z,65099,64710,33377,33326,389,27145,27133,28641,16868
2017-08-08T14:00:00Z,69756,69438,35719,35590,318,28881,28865,30532,18380
2017-08-08T15:00:00Z,69554,69429,36494,36468,125,28775,28763,30332,18634
2017-08-08T16:00:00Z,64313,64091,33916,33869,222,25567,25556,27690,16573
2017-08-08T17:00:00Z,61119,60982,32381,32342,137,23560,23550,25487,15123
2017-08-08T18:00:00Z,56323,55640,29352,29324,683,21952,21944,23781,14333
2017-08-08T19:00:00Z,56097,55690,29590,29552,407,21569,21561,23647,14289
2017-08-08T20:00:00Z,56748,56338,30430,30399,410,21586,21577,24033,14927
2017-08-08T21:00:00Z,51043,50777,27220,27169,266,19901,19890,21710,13579
2017-08-08T22:00:00Z,44212,43320,23767,23730,892,16673,16666,18948,11516
2017-08-08T23:00:00Z,40279,39455,20972,20947,824,14461,14455,16533,9938
2017-08-09T00:00:00Z,38254,38153,21330,21307,101,14441,14435,16075,9564
2017-08-09T01:00:00Z,41702,41571,21717,21680,131,17408,17395,18859,10348
2017-08-09T02:00:00Z,45788,45630,23836,23808,158,19146,19133,20544,11064
2017-08-09T03:00:00Z,42809,42568,22597,22549,241,18272,18264,20001,11039
2017-08-09T04:00:00Z,35663,35614,19818,19813,49,14322,14312,15905,9230
2017-08-09T05:00:00Z,38644,38590,20746,20734,54,15928,15920,17380,9685
2017-08-09T06:00:00Z,47918,47667,24167,24157,251,20567,20554,22115,11769
2017-08-09T07:00:00Z,53542,53301,26742,26720,241,23090,23079,24641,13111
2017-08-09T08:00:00Z,58479,58377,28627,28583,102,24834,24824,26547,14321
2017-08-09T09:00:00Z,61540,61412,30721,30672,128,25978,25970,27932,15441
2017-08-09T10:00:00Z,54895,54686,28829,28747,209,22890,22878,24841,14511
2017-08-09T11:00:00Z,53184,52108,27095,27080,1076,21273,21263,23427,13447
2017-08-09T12:00:00Z,57035,56787,29236,29166,248,23636,23627,25620,15016
2017-08-09T13:00:00Z,63652,63363,32841,32775,289,26585,26572,28411,16780
2017-08-09T14:00:00Z,69447,69075,35385,35304,372,28814,28796,30583,18235
2017-08-09T15:00:00Z,69984,69721,36549,36481,263,28593,28583,30796,18747
2017-08-09T16:00:00Z,63173,62959,32603,32557,214,25126,25118,27241,16389
2017-08-09T17:00:00Z,59763,59568,30979,30952,195,23049,23041,25040,14978
2017-08-09T18:00:00Z,59196,59078,30122,30100,118,22456,22445,24350,14588
2017-08-09T19:00:00Z,54968,54708,28866,28826,260,21887,21877,23524,14427
2017-08-09T20:00:00Z,55261,55021,29250,29221,240,22070,22059,24040,15067
2017-08-09T21:00:00Z,50865,50673,27344,27321,192,19662,19652,21715,13522
2017-08-09T22:00:00Z,43536,42628,23260,23220,908,16412,16404,18463,11533
2017-08-09T23:00:00Z,38179,37978,20800,20781,201,14297,14289,15869,9854
2017-08-10T00:00:00Z,37257,37182,20133,20107,75,14021,14014,15448,9051
2017-08-10T01:00:00Z,43862,43782,24230,24179,80,17450,17440,18949,10411
2017-08-10T02:00:00Z,46105,46011,24033,23989,94,19034,19027,20566,11244
2017-08-10T03:00:00Z,43571,43483,23405,23357,88,18282,18276,19954,11065
2017-08-10T04:00:00Z,36116,36014,20506,20473,102,14380,14370,16280,9501
2017-08-10T05:00:00Z,38714,38605,20822,20801,109,15679,15670,17691,9555
2017-08-10T06:00:00Z,46884,46745,23728,23651,139,20032,20025,21709,11608
2017-08-10T07:00:00Z,52538,52355,25826,25784,183,22834,22826,24292,12991
2017-08-10T08:00:00Z,57245,57073,28502,28429,172,24820,24810,26276,14248
2017-08-10T09:00:00Z,61778,61563,30777,30709,215,26098,26087,27583,15409
2017-08-10T10:00:00Z,53563,53412,27733,27665,151,22552,22543,24347,14149
2017-08-10T11:00:00Z,50276,50132,26275,26218,144,21240,21229,22882,13261
2017-08-10T12:00:00Z,55564,55442,28418,28375,122,23425,23418,25371,14587
2017-08-10T13:00:00Z,63685,63557,32864,32819,128,26283,26272,28365,16681
2017-08-10T14:00:00Z,70189,69104,35618,35600,1085,28634,28620,30786,18086
2017-08-10T15:00:00Z,70168,68967,35531,35410,1201,28524,28513,30824,18287
2017-08-10T16:00:00Z,64652,63960,32467,32426,692,24957,24943,27090,16276
2017-08-10T17:00:00Z,60225,59975,31972,31931,250,22898,22887,24274,14543
2017-08-10T18:00:00Z,56795,56270,30061,30054,525,22099,22090,23506,14368
2017-08-10T19:00:00Z,54604,53688,28960,28922,916,20950,20939,22552,13815
2017-08-10T20:00:00Z,53027,52730,28676,28640,297,20881,20871,22431,14094
2017-08-10T21:00:00Z,48667,48474,26267,26210,193,19163,19151,20955,13055
2017-08-10T22:00:00Z,41564,41384,22809,22754,180,15957,15950,17919,11355
2017-08-10T23:00:00Z,37011,36655,20551,20540,356,13921,13912,15620,9548
2017-08-11T00:00:00Z,35354,35272,19674,19665,82,13704,13697,15146,9122
2017-08-11T01:00:00Z,39813,39721,20761,20723,92,16845,16836,18181,10057
2017-08-11T02:00:00Z,42696,42642,22804,22777,54,17983,17977,19501,10750
2017-08-11T03:00:00Z,40774,40702,21515,21479,72,17418,17412,18880,10375
2017-08-11T04:00:00Z,33722,33677,19232,19219,45,13649,13645,15183,8922
2017-08-11T05:00:00Z,37383,37318,20255,20236,65,15011,15002,16649,9273
2017-08-11T06:00:00Z,46432,46313,22971,22898,119,19598,19592,21936,11442
2017-08-11T07:00:00Z,51402,51217,26160,26136,185,21835,21826,23715,12738
2017-08-11T08:00:00Z,54050,53940,26645,26606,110,23531,23524,25319,13895
2017-08-11T09:00:00Z,55932,55803,28531,28481,129,24576,24569,26242,14859
2017-08-11T10:00:00Z,48762,48542,25821,25782,220,20975,20968,22832,13538
2017-08-11T11:00:00Z,49550,49270,26527,26415,280,19136,19130,20993,12284
2017-08-11T12:00:00Z,54067,53937,28531,28507,130,20839,20828,23010,13424
2017-08-11T13:00:00Z,61734,61366,31981,31942,368,23668,23660,26406,15524
2017-08-11T14:00:00Z,64047,63242,32048,32019,805,25724,25714,28198,16485
2017-08-11T15:00:00Z,61648,61395,31391,31348,253,25027,25016,27176,16427
2017-08-11T16:00:00Z,56125,55955,28996,28942,170,22319,22310,24162,14598
2017-08-11T17:00:00Z,55030,54322,28203,28154,708,20551,20542,22783,13502
2017-08-11T18:00:00Z,51845,51509,27000,26977,336,19936,19923,21720,13076
2017-08-11T19:00:00Z,48132,47874,25267,25222,258,18815,18804,20475,12530
2017-08-11T20:00:00Z,46249,45418,24149,24095,831,18087,18078,20104,12101
2017-08-11T21:00:00Z,42933,42589,23191,23160,344,16544,16534,18275,11332
2017-08-11T22:00:00Z,36714,36585,20149,20128,129,13796,13784,15450,9520
2017-08-11T23:00:00Z,32559,32463,18613,18576,96,11592,11586,13294,8230
2017-08-12T00:00:00Z,28820,28747,17180,17151,73,10268,10261,11793,7058
2017-08-12T01:00:00Z,28388,28015,16847,16824,373,9892,9884,11565,6613
2017-08-12T02:00:00Z,30403,30080,17678,17665,323,10472,10465,12053,6660
2017-08-12T03:00:00Z,27908,27172,15882,15874,736,10453,10446,11966,6828
2017-08-12T04:00:00Z,25430,25349,15312,15301,81,9689,9684,11184,6660
2017-08-12T05:00:00Z,26252,26228,15171,15168,24,9654,9648,11009,6259
2017-08-12T06:00:00Z,29249,29214,16617,16596,35,10908,10903,12424,6939
2017-08-12T07:00:00Z,28769,28609,15972,15961,160,11216,11211,12804,6957
2017-08-12T08:00:00Z,30961,30864,17798,17795,97,11824,11819,13060,7317
2017-08-12T09:00:00Z,31321,31146,17527,17500,175,12355,12349,13895,7874
2017-08-12T10:00:00Z,30165,29197,16481,16470,968,11729,11722,13625,7650
2017-08-12T11:00:00Z,30682,30541,16839,16792,141,11661,11656,13159,7663
2017-08-12T12:00:00Z,30695,30657,17161,17159,38,12344,12339,13769,8034
2017-08-12T13:00:00Z,34967,34348,19395,19386,619,13701,13694,15591,9096
2017-08-12T14:00:00Z,38869,37838,21555,21545,1031,14779,14771,16616,9798
2017-08-12T15:00:00Z,38430,38232,21939,21925,198,15184,15177,16924,10253
2017-08-12T16:00:00Z,37800,37709,21739,21719,91,14820,14808,16404,9975
2017-08-12T17:00:00Z,36782,36612,21646,21603,170,13870,13859,15474,9401
2017-08-12T18:00:00Z,35555,35426,21163,21139,129,13103,13093,14653,8851
2017-08-12T19:00:00Z,34133,33974,20261,20246,159,12601,12592,14027,8625
2017-08-12T20:00:00Z,33272,32814,19463,19440,458,11916,11911,13664,8413
2017-08-12T21:00:00Z,30229,29907,17756,17741,322,11130,11122,12720,7840
2017-08-12T22:00:00Z,27323,27236,16122,16120,87,10112,10104,11350,7205
2017-08-12T23:00:00Z,26330,26215,16526,16518,115,8916,8906,10149,6321
2017-08-13T00:00:00Z,23353,23279,14287,14284,74,8459,8452,9620,5820
2017-08-13T01:00:00Z,24703,24676,15175,15170,27,8855,8849,10087,5997
2017-08-13T02:00:00Z,27298,27272,16664,16654,26,9494,9489,11028,6489
2017-08-13T03:00:00Z,28383,28207,17433,17390,176,10078,10073,11630,6817
2017-08-13T04:00:00Z,25712,25698,15578,15571,14,9244,9239,10803,6468
2017-08-13T05:00:00Z,25261,25241,15201,15193,20,9172,9166,10444,6143
2017-08-13T06:00:00Z,26657,26636,16015,16011,21,9962,9955,11413,6624
2017-08-13T07:00:00Z,28962,28850,16295,16283,112,10508,10501,11827,6847
2017-08-13T08:00:00Z,30357,30300,17628,17614,57,11653,11645,13049,7506
2017-08-13T09:00:00Z,30747,30689,18200,18171,58,12010,12004,13397,7951
2017-08-13T10:00:00Z,31305,31251,18696,18676,54,11682,11675,13106,7841
2017-08-13T11:00:00Z,30977,30907,18010,17988,70,11994,11986,13551,8028
2017-08-13T12:00:00Z,33240,33105,18723,18689,135,13151,13145,14909,8827
2017-08-13T13:00:00Z,37274,37143,20825,20802,131,14553,14543,16502,9613
2017-08-13T14:00:00Z,40015,39809,22791,22774,206,16051,16044,18179,10914
2017-08-13T15:00:00Z,40068,39998,23015,22990,70,16354,16349,18296,11328
2017-08-13T16:00:00Z,39024,38947,22576,22557,77,14961,14953,16781,10267
2017-08-13T17:00:00Z,38495,38302,22376,22363,193,14258,14250,15967,9778
2017-08-13T18:00:00Z,37234,36634,21282,21273,600,13828,13822,16009,9758
2017-08-13T19:00:00Z,38322,37733,22037,22025,589,14029,14021,15874,9794
2017-08-13T20:00:00Z,36571,36235,21397,21371,336,13314,13307,14852,9285
2017-08-13T21:00:00Z,34045,33973,20258,20242,72,12634,12626,14141,8987
2017-08-13T22:00:00Z,29740,29704,17484,17481,36,11408,11399,12911,8121
2017-08-13T23:00:00Z,28017,27945,17051,17041,72,10553,10546,11906,7501
2017-08-14T00:00:00Z,29679,29630,17541,17534,49,11362,11354,12995,7650
2017-08-14T01:00:00Z,36093,35999,20101,20064,94,14520,14510,15715,8799
2017-08-14T02:00:00Z,42548,42505,23230,23207,43,17000,16995,18437,9987
2017-08-14T03:00:00Z,40365,40035,22016,21969,330,16655,16648,18184,9897
2017-08-14T04:00:00Z,32921,32808,18843,18822,113,12954,12947,14564,8584
2017-08-14T05:00:00Z,34812,34711,18724,18674,101,14492,14486,16052,8844
2017-08-14T06:00:00Z,43935,43761,22789,22751,174,18576,18567,20022,10706
2017-08-14T07:00:00Z,47793,47578,24345,24308,215,20658,20645,22133,12026
2017-08-14T08:00:00Z,51981,51846,25477,25424,135,22427,22417,23953,12932
2017-08-14T09:00:00Z,57042,56910,28675,28617,132,23878,23867,25323,14193
2017-08-14T10:00:00Z,51266,51114,26738,26698,152,20967,20955,22724,13173
2017-08-14T11:00:00Z,49687,49503,25562,25530,184,19734,19722,22064,12557
2017-08-14T12:00:00Z,55375,54632,27560,27518,743,22139,22133,24501,13923
2017-08-14T13:00:00Z,61426,61297,30211,30184,129,24633,24624,26607,15243
2017-08-14T14:00:00Z,66840,66389,34118,34095,451,26792,26782,28832,17067
2017-08-14T15:00:00Z,67006,66633,33950,33942,373,26484,26473,28526,17217
2017-08-14T16:00:00Z,59393,59112,30255,30223,281,23354,23340,25181,15128
2017-08-14T17:00:00Z,57481,57154,29624,29599,327,22049,22040,23819,14082
2017-08-14T18:00:00Z,54232,53734,27893,27872,498,20973,20961,22884,13654
2017-08-14T19:00:00Z,55257,55074,29743,29726,183,21015,21006,22508,13880
2017-08-14T20:00:00Z,55738,54724,29724,29710,1014,21111,21100,23103,14404
2017-08-14T21:00:00Z,50679,50013,28019,27968,666,18710,18701,20488,12843
2017-08-14T22:00:00Z,42467,42256,23131,23112,211,16123,16117,17600,10784
2017-08-14T23:00:00Z,38223,38093,20997,20967,130,14330,14322,16280,9877
2017-08-15T00:00:00Z,36610,36526,20184,20171,84,14208,14201,16039,9500
2017-08-15T01:00:00Z,42053,41904,22033,22001,149,17307,17298,18956,10326
2017-08-15T02:00:00Z,45302,45196,23558,23514,106,18876,18865,20640,11120
2017-08-15T03:00:00Z,42986,42873,22652,22598,113,18183,18175,20322,11133
2017-08-15T04:00:00Z,34117,34055,18934,18902,62,13583,13579,15450,8891
2017-08-15T05:00:00Z,35314,35254,18752,18743,60,14764,14755,16448,9003
2017-08-15T06:00:00Z,43505,43339,22259,22246,166,18855,18848,20589,10875
2017-08-15T07:00:00Z,49382,48864,24981,24927,518,20847,20837,22740,12170
2017-08-15T08:00:00Z,55253,54275,26915,26873,978,22712,22703,24728,13185
2017-08-15T09:00:00Z,56582,55713,28894,28815,869,23712,23704,25674,14375
2017-08-15T10:00:00Z,49794,49652,26610,26569,142,20857,20844,22927,13327
2017-08-15T11:00:00Z,47437,47226,24583,24494,211,19267,19259,21081,12218
2017-08-15T12:00:00Z,52088,51901,27267,27204,187,21449,21438,23306,13544
2017-08-15T13:00:00Z,60151,59864,31084,31063,287,24645,24635,26730,15742
2017-08-15T14:00:00Z,65377,64990,33898,33827,387,27094,27081,28660,17253
2017-08-15T15:00:00Z,66174,65950,34525,34480,224,27010,26997,29050,17577
2017-08-15T16:00:00Z,61105,60955,32438,32420,150,24316,24304,26029,15925
2017-08-15T17:00:00Z,59198,58545,31598,31567,653,22756,22745,24552,14936
2017-08-15T18:00:00Z,55096,54704,28532,28524,392,21703,21693,23477,14089
2017-08-15T19:00:00Z,56937,56538,30043,30033,399,21391,21380,24988,14424
2017-08-15T20:00:00Z,56663,56082,30730,30710,581,21540,21527,23637,14499
2017-08-15T21:00:00Z,48961,48729,26071,26058,232,19408,19394,20980,13139
2017-08-15T22:00:00Z,42003,41870,22466,22443,133,16355,16342,17902,11170
2017-08-15T23:00:00Z,38635,38466,20780,20725,169,14301,14290,16135,9944
2017-08-16T00:00:00Z,36560,36457,19838,19810,103,14388,14382,16098,9525
2017-08-16T01:00:00Z,41034,40950,21468,21432,84,17481,17474,18616,10267
2017-08-16T02:00:00Z,44716,44611,23607,23576,105,18778,18771,20499,11248
2017-08-16T03:00:00Z,43066,42957,23276,23266,109,18310,18302,19955,11178
2017-08-16T04:00:00Z,35696,35612,20412,20402,84,14353,14346,15835,9209
2017-08-16T05:00:00Z,38250,37692,20051,20042,558,15806,15799,17847,9693
2017-08-16T06:00:00Z,47850,47067,23869,23859,783,20283,20272,22366,11714
2017-08-16T07:00:00Z,52819,52413,26346,26303,406,22777,22768,24458,13037
2017-08-16T08:00:00Z,58687,57887,28925,28844,800,25047,25038,26974,14577
2017-08-16T09:00:00Z,59605,59346,29806,29747,259,25625,25612,27326,15236
2017-08-16T10:00:00Z,51532,51388,27226,27201,144,22190,22181,23713,14170
2017-08-16T11:00:00Z,50326,50230,26121,26110,96,20916,20912,22652,13062
2017-08-16T12:00:00Z,58035,57888,30129,30120,147,23508,23501,25775,14950
2017-08-16T13:00:00Z,64093,63962,33059,33035,131,26611,26602,28232,16777
2017-08-16T14:00:00Z,68487,68261,35669,35653,226,28796,28785,30230,18316
2017-08-16T15:00:00Z,69756,68999,34955,34938,757,28710,28693,30681,18193
2017-08-16T16:00:00Z,61017,60632,30775,30759,385,25169,25158,26805,15974
2017-08-16T17:00:00Z,57391,56541,28755,28712,850,22949,22934,24880,14560
2017-08-16T18:00:00Z,56757,55962,28037,27987,795,22517,22499,24391,14509
2017-08-16T19:00:00Z,57112,56234,29444,29377,878,22218,22206,24398,14744
2017-08-16T20:00:00Z,55705,54842,28938,28913,863,21746,21731,23817,14376
2017-08-16T21:00:00Z,51288,50498,26293,26286,790,19837,19822,21705,13148
2017-08-16T22:00:00Z,43897,43185,22854,22846,712,16855,16846,18577,11276
2017-08-16T23:00:00Z,39451,38673,21218,21211,778,14742,14734,16357,9999
2017-08-17T00:00:00Z,37880,36962,20481,20457,918,14563,14553,16243,9415
2017-08-17T01:00:00Z,42633,41607,21797,21748,1026,17437,17430,18992,10274
2017-08-17T02:00:00Z,46615,45627,24013,23957,988,19254,19245,21025,11262
2017-08-17T03:00:00Z,44207,43408,22989,22954,799,18296,18287,20175,10885
2017-08-17T04:00:00Z,35766,35405,19811,19779,361,14297,14290,15861,9047
2017-08-17T05:00:00Z,37993,37858,19883,19856,135,15879,15874,17418,9553
2017-08-17T06:00:00Z,46814,46728,23533,23504,86,20489,20480,22157,11664
2017-08-17T07:00:00Z,53152,52870,26394,26388,282,22959,22949,24622,13342
2017-08-17T08:00:00Z,58798,58248,28674,28614,550,25057,25048,26590,14284
2017-08-17T09:00:00Z,60250,60156,30499,30456,94,26209,26201,27816,15686
2017-08-17T10:00:00Z,53924,53591,28240,28222,333,22889,22872,24533,14428
2017-08-17T11:00:00Z,51508,51367,26405,26365,141,21679,21670,23196,13603
2017-08-17T12:00:00Z,56316,55921,28450,28412,395,23964,23952,25626,14943
2017-08-17T13:00:00Z,64622,64390,31873,31820,232,26783,26772,29064,16805
2017-08-17T14:00:00Z,67056,66497,34529,34469,559,28447,28439,30525,18241
2017-08-17T15:00:00Z,68542,67677,34961,34916,865,28346,28332,30588,18164
2017-08-17T16:00:00Z,61401,60646,31442,31366,755,24612,24599,26600,16075
2017-08-17T17:00:00Z,56178,55740,29088,29055,438,22540,22528,24364,14696
2017-08-17T18:00:00Z,57867,57715,29959,29941,152,22339,22329,23756,14381
2017-08-17T19:00:00Z,54816,54673,28901,28879,143,21631,21622,23161,14213
2017-08-17T20:00:00Z,53696,53429,27681,27651,267,21414,21405,23202,14332
2017-08-17T21:00:00Z,50021,49321,26382,26360,700,19407,19398,21058,13114
2017-08-17T22:00:00Z,41594,41437,22157,22148,157,16116,16108,17769,10891
2017-08-17T23:00:00Z,38069,37962,20311,20297,107,14117,14110,15545,9519
2017-08-18T00:00:00Z,35397,35349,19142,19130,48,13919,13912,15445,9257
2017-08-18T01:00:00Z,39932,39697,20772,20745,235,16849,16842,18100,10080
2017-08-18T02:00:00Z,43111,43020,22382,22341,91,18432,18423,19730,10712
2017-08-18T03:00:00Z,41574,41514,22477,22450,60,17519,17514,19200,10735
2017-08-18T04:00:00Z,34131,34058,19240,19212,73,13695,13691,15107,8794
2017-08-18T05:00:00Z,36828,36737,19679,19663,91,15186,15178,16607,9136
2017-08-18T06:00:00Z,46925,46841,23716,23691,84,20041,20030,21541,11601
2017-08-18T07:00:00Z,51696,51431,25755,25722,265,22316,22307,23593,12715
2017-08-18T08:00:00Z,57918,57755,28351,28266,163,24298,24286,26542,14094
2017-08-18T09:00:00Z,59012,58842,30109,30056,170,25391,25379,27090,15388
2017-08-18T10:00:00Z,53795,53646,27264,27217,149,22064,22051,23655,14098
2017-08-18T11:00:00Z,48708,48499,24583,24555,209,19720,19710,21478,12487
2017-08-18T12:00:00Z,54012,53672,26049,25999,340,21489,21477,23347,13645
2017-08-18T13:00:00Z,58742,57633,29033,28979,1109,24185,24172,26492,15233
2017-08-18T14:00:00Z,63584,63182,32022,31987,402,25984,25971,27839,16604
2017-08-18T15:00:00Z,62332,62141,31838,31796,191,25222,25207,27208,16222
2017-08-18T16:00:00Z,56534,56358,28824,28802,176,22271,22258,24407,14535
2017-08-18T17:00:00Z,52313,52150,27481,27455,163,20767,20753,22314,13400
2017-08-18T18:00:00Z,53738,53604,28043,28022,134,19961,19949,21584,13038
2017-08-18T19:00:00Z,51737,51572,27464,27459,165,19301,19288,21006,12723
2017-08-18T20:00:00Z,49677,49564,26531,26520,113,18603,18593,20245,12524
2017-08-18T21:00:00Z,46348,46237,25050,25032,111,16741,16732,18278,11371
2017-08-18T22:00:00Z,38577,38454,20776,20754,123,13872,13866,15476,9393
2017-08-18T23:00:00Z,32540,31785,17032,17022,755,11723,11715,13687,8138
2017-08-19T00:00:00Z,28849,28799,16014,16012,50,10486,10480,12065,7193
2017-08-19T01:00:00Z,27899,27803,15606,15591,96,10182,10178,11692,6731
2017-08-19T02:00:00Z,28059,27981,15556,15524,78,10629,10625,12098,6856
2017-08-19T03:00:00Z,28263,27420,15146,15115,843,10783,10775,12990,7132
2017-08-19T04:00:00Z,26380,25236,13814,13787,1144,9663,9654,11914,6376
2017-08-19T05:00:00Z,27231,26221,14795,14786,1010,9869,9861,11737,6296
2017-08-19T06:00:00Z,28977,28362,15668,15658,615,10766,10759,12504,6885
2017-08-19T07:00:00Z,30986,30775,16231,16216,211,11678,11673,13366,7309
2017-08-19T08:00:00Z,32476,32352,17742,17726,124,12189,12183,14012,7803
2017-08-19T09:00:00Z,31622,31500,17558,17540,122,12497,12487,13967,7988
2017-08-19T10:00:00Z,31697,31613,18219,18193,84,12154,12147,13667,8063
2017-08-19T11:00:00Z,31096,31015,17632,17614,81,11751,11746,13306,7737
2017-08-19T12:00:00Z,32540,32492,18347,18338,48,12686,12678,14094,8375
2017-08-19T13:00:00Z,34957,34819,19026,19007,138,14108,14101,15851,9356
2017-08-19T14:00:00Z,38235,38152,21112,21085,83,15530,15520,17216,10181
2017-08-19T15:00:00Z,37977,37861,20955,20913,116,15677,15669,17402,10533
2017-08-19T16:00:00Z,38769,38704,22134,22102,65,15012,15001,16645,10084
2017-08-19T17:00:00Z,39835,39515,22977,22958,320,14189,14182,16171,9521
2017-08-19T18:00:00Z,35660,35478,20132,20124,182,13306,13297,15193,9201
2017-08-19T19:00:00Z,33665,33525,18759,18749,140,12877,12870,14459,8803
2017-08-19T20:00:00Z,32217,32156,18825,18799,61,12243,12237,13707,8620
2017-08-19T21:00:00Z,29396,29342,16949,16929,54,11273,11267,12817,7946
2017-08-19T22:00:00Z,32531,32504,16065,16054,27,10307,10303,11793,7259
2017-08-19T23:00:00Z,25351,25274,15089,15084,77,9011,9001,10283,6315
2017-08-20T00:00:00Z,23369,23310,14138,14135,59,8586,8582,9890,5972
2017-08-20T01:00:00Z,24026,23990,14483,14470,36,8932,8928,10228,6080
2017-08-20T02:00:00Z,26337,26298,16056,16047,39,9776,9770,11212,6714
2017-08-20T03:00:00Z,26530,26492,15819,15814,38,10113,10107,11493,6837
2017-08-20T04:00:00Z,25638,25578,15732,15726,60,9539,9535,10989,6683
2017-08-20T05:00:00Z,25647,25618,14987,14982,29,9589,9584,11135,6519
2017-08-20T06:00:00Z,26398,26328,15500,15483,70,10040,10036,11369,6716
2017-08-20T07:00:00Z,28696,28629,16766,16737,67,11319,11311,12654,7365
2017-08-20T08:00:00Z,29873,29797,16876,16867,76,11989,11983,13428,7808
2017-08-20T09:00:00Z,30736,30719,17372,17363,17,12205,12199,13712,8056
2017-08-20T10:00:00Z,31608,31585,17607,17596,23,12475,12471,13983,8331
2017-08-20T11:00:00Z,32096,32052,17911,17903,44,12657,12650,14217,8403
2017-08-20T12:00:00Z,33208,33118,18560,18547,90,13593,13587,15142,8975
2017-08-20T13:00:00Z,36707,36610,20233,20207,97,15297,15288,16968,10074
2017-08-20T14:00:00Z,41787,40945,23177,23168,842,16738,16730,18735,11341
2017-08-20T15:00:00Z,41648,40914,23362,23355,734,16931,16924,18896,11558
2017-08-20T16:00:00Z,41402,40682,23036,23027,720,15710,15700,17865,10817
2017-08-20T17:00:00Z,40028,39775,23317,23306,253,14835,14827,16662,10193
2017-08-20T18:00:00Z,36996,36891,21354,21353,105,14475,14467,16151,10101
2017-08-20T19:00:00Z,36740,36674,21234,21224,66,14278,14271,15781,10031
2017-08-20T20:00:00Z,37034,36978,21397,21394,56,14100,14094,15673,10017
2017-08-20T21:00:00Z,33097,33034,18572,18555,63,12779,12771,14210,9042
2017-08-20T22:00:00Z,30724,30613,17808,17796,111,11549,11539,12907,8225
2017-08-20T23:00:00Z,28291,28169,16873,16860,122,10507,10501,11933,7428
2017-08-21T00:00:00Z,29592,29462,17434,17375,130,11345,11338,12684,7771
2017-08-21T01:00:00Z,35086,35000,19197,19178,86,14747,14739,15933,8847
2017-08-21T02:00:00Z,40415,40298,21528,21467,117,16902,16896,18179,9747
2017-08-21T03:00:00Z,39013,38932,21370,21330,81,16414,16409,17874,9720
2017-08-21T04:00:00Z,31794,31760,17965,17955,34,12874,12865,14445,8324
2017-08-21T05:00:00Z,35180,35131,19050,19030,49,14703,14694,16093,8864
2017-08-21T06:00:00Z,43706,43631,22307,22280,75,19072,19066,20363,10844
2017-08-21T07:00:00Z,50585,50431,24867,24833,154,21878,21868,23242,12208
2017-08-21T08:00:00Z,54703,54573,26465,26429,130,23992,23982,25288,13576
2017-08-21T09:00:00Z,58982,58615,28615,28578,367,25115,25105,26595,14772
2017-08-21T10:00:00Z,52465,52361,26980,26957,104,22144,22129,23538,13782
2017-08-21T11:00:00Z,48841,48609,25219,25176,232,20649,20636,22246,12918
2017-08-21T12:00:00Z,54007,53818,27492,27465,189,23043,23027,24510,14193
2017-08-21T13:00:00Z,28409,28383,14301,14293,26,15769,15762,16484,9228
2017-08-21T14:00:00Z,52049,51978,26131,26116,71,24318,24309,25526,15159
2017-08-21T15:00:00Z,64867,64696,32440,32417,171,27348,27334,29197,17641
2017-08-21T16:00:00Z,56512,56141,29388,29363,371,23124,23111,24783,14838
2017-08-21T17:00:00Z,49442,49239,26337,26243,203,19888,19877,21632,13043
2017-08-21T18:00:00Z,50269,50008,26807,26779,261,19001,18990,20945,12353
2017-08-21T19:00:00Z,51960,51775,27221,27207,185,20122,20113,21981,13264
2017-08-21T20:00:00Z,53154,52475,27497,27481,679,20438,20427,22777,13823
2017-08-21T21:00:00Z,47266,47036,24928,24882,230,18421,18413,20480,12817
2017-08-21T22:00:00Z,41593,40690,22424,22412,903,15324,15315,17205,10551
2017-08-21T23:00:00Z,35764,35304,19445,19422,460,13325,13319,14872,9072
2017-08-22T00:00:00Z,35004,34862,19189,19166,142,13981,13971,15456,9222
2017-08-22T01:00:00Z,42585,42516,22875,22851,69,17293,17287,18602,10232
2017-08-22T02:00:00Z,46280,46186,24294,24250,94,19078,19071,20719,11403
2017-08-22T03:00:00Z,43101,42985,22754,22706,116,18104,18095,19832,10893
2017-08-22T04:00:00Z,34266,34200,19042,19033,66,14306,14299,15730,9253
2017-08-22T05:00:00Z,37841,37760,20471,20439,81,15894,15885,17579,9862
2017-08-22T06:00:00Z,46476,46389,23935,23897,87,20472,20459,22233,11941
2017-08-22T07:00:00Z,53685,53448,26437,26399,237,23223,23211,24695,13224
2017-08-22T08:00:00Z,59731,59563,29930,29867,168,25226,25213,26671,14709
2017-08-22T09:00:00Z,62440,62219,31719,31681,221,26482,26471,27575,15705
2017-08-22T10:00:00Z,53764,53594,27985,27964,170,22964,22955,24764,14493
2017-08-22T11:00:00Z,50685,50509,26613,26575,176,21502,21493,22847,13459
2017-08-22T12:00:00Z,57919,57604,30044,30012,315,23934,23924,25676,15093
2017-08-22T13:00:00Z,66535,66143,33657,33632,392,27799,27788,29446,17427
2017-08-22T14:00:00Z,72773,72620,37595,37565,153,29793,29779,31335,18967
2017-08-22T15:00:00Z,68742,68567,35052,35019,175,29002,28992,30565,18332
2017-08-22T16:00:00Z,61745,61491,31420,31378,254,25326,25314,27052,16344
2017-08-22T17:00:00Z,58854,58391,29225,29206,463,23354,23343,25616,14958
2017-08-22T18:00:00Z,55697,55292,28715,28703,405,22146,22132,24051,14618
2017-08-22T19:00:00Z,54846,54705,28782,28767,141,21793,21787,23560,14421
2017-08-22T20:00:00Z,55473,55245,28393,28355,228,22022,22010,23742,14621
2017-08-22T21:00:00Z,51355,51123,26736,26726,232,20147,20136,22085,13740
2017-08-22T22:00:00Z,42186,42025,22294,22274,161,16678,16670,18434,11167
2017-08-22T23:00:00Z,39428,38985,21466,21455,443,14451,14444,16058,9828
2017-08-23T00:00:00Z,37403,37270,20281,20229,133,14778,14773,16228,9759
2017-08-23T01:00:00Z,41675,41595,21537,21523,80,17786,17777,19262,10662
2017-08-23T02:00:00Z,45252,45174,23298,23261,78,19066,19057,20812,11228
2017-08-23T03:00:00Z,42656,42514,22506,22475,142,18333,18328,20343,11352
2017-08-23T04:00:00Z,35899,35827,19644,19638,72,14498,14490,16027,9123
2017-08-23T05:00:00Z,38431,38307,20159,20123,124,16068,16058,17615,9671
2017-08-23T06:00:00Z,47530,47471,24069,24048,59,20596,20589,22046,11768
2017-08-23T07:00:00Z,53017,52700,26261,26227,317,22922,22913,24638,13418
2017-08-23T08:00:00Z,58893,58702,28763,28725,191,25176,25165,26835,14460
2017-08-23T09:00:00Z,59895,59769,30146,30093,126,25989,25980,27331,15413
2017-08-23T10:00:00Z,54271,54078,28092,28008,193,23188,23176,24968,14628
2017-08-23T11:00:00Z,52655,52467,27082,27035,188,21754,21747,23736,13580
2017-08-23T12:00:00Z,57040,56897,28953,28896,143,24288,24280,25706,14984
2017-08-23T13:00:00Z,64786,64655,33007,32974,131,27540,27533,29056,17017
2017-08-23T14:00:00Z,73504,72798,37446,37374,706,29732,29719,31569,18646
2017-08-23T15:00:00Z,70127,69722,36640,36543,405,28917,28904,30665,18549
2017-08-23T16:00:00Z,65073,64813,34799,34741,260,25559,25543,27459,16598
2017-08-23T17:00:00Z,61909,61681,32804,32780,228,23543,23531,24934,15147
2017-08-23T18:00:00Z,59804,59240,32386,32321,564,22862,22849,24223,14663
2017-08-23T19:00:00Z,58466,58165,31131,31094,301,22021,22011,23430,14355
2017-08-23T20:00:00Z,58450,58093,31383,31355,357,22059,22046,23539,14603
2017-08-23T21:00:00Z,55532,54774,28921,28894,758,19882,19866,21470,13392
2017-08-23T22:00:00Z,45431,44822,24762,24717,609,16775,16764,18471,11407
2017-08-23T23:00:00Z,38230,38134,21517,21512,96,14481,14471,15886,9779
2017-08-24T00:00:00Z,37614,37564,20739,20721,50,14630,14622,15997,9515
2017-08-24T01:00:00Z,42710,42378,22490,22428,332,17794,17783,19210,10606
2017-08-24T02:00:00Z,44969,44697,23336,23304,272,19170,19162,20801,11373
2017-08-24T03:00:00Z,43127,42937,22499,22482,190,18412,18405,20158,11127
2017-08-24T04:00:00Z,33841,33742,18500,18496,99,14462,14455,15822,9162
2017-08-24T05:00:00Z,37462,37139,19162,19115,323,15913,15907,17633,9485
2017-08-24T06:00:00Z,45945,45725,23022,22983,220,20197,20190,21758,11539
2017-08-24T07:00:00Z,52799,52583,26350,26257,216,23071,23063,24706,13359
2017-08-24T08:00:00Z,57116,56961,27813,27750,155,24887,24876,26374,14554
2017-08-24T09:00:00Z,61059,60952,30488,30432,107,26146,26134,27884,15621
2017-08-24T10:00:00Z,52281,52124,26715,26676,157,22575,22563,24211,14127
2017-08-24T11:00:00Z,50039,49862,25696,25621,177,21118,21109,22886,13242
2017-08-24T12:00:00Z,54663,54546,27688,27634,117,23450,23439,25263,14724
2017-08-24T13:00:00Z,63133,62803,31854,31819,330,26835,26825,28518,16691
2017-08-24T14:00:00Z,67012,66761,34307,34276,251,28759,28750,30410,18173
2017-08-24T15:00:00Z,66027,65735,33539,33473,292,28259,28242,29737,18166
2017-08-24T16:00:00Z,60203,60022,30924,30895,181,25076,25062,26764,16144
2017-08-24T17:00:00Z,55012,54290,27072,27049,722,22677,22667,24507,14317
2017-08-24T18:00:00Z,53966,53663,27429,27414,303,21999,21990,23639,14388
2017-08-24T19:00:00Z,53767,53065,26600,26586,702,21710,21693,23628,14435
2017-08-24T20:00:00Z,57396,56413,27892,27880,983,21265,21250,23079,14263
2017-08-24T21:00:00Z,49922,49659,26504,26477,263,19390,19379,21039,13203
2017-08-24T22:00:00Z,41785,41628,21944,21922,157,16504,16492,18012,11211
2017-08-24T23:00:00Z,37511,37409,20539,20529,102,14337,14330,15873,9852
2017-08-25T00:00:00Z,35514,35372,18760,18740,142,13909,13903,15374,9064
2017-08-25T01:00:00Z,38867,38800,20193,20173,67,16884,16876,18190,9985
2017-08-25T02:00:00Z,42240,42133,21794,21765,107,18244,18236,19633,10562
2017-08-25T03:00:00Z,42718,42622,22195,22162,96,17472,17466,19056,10668
2017-08-25T04:00:00Z,33544,33461,18373,18359,83,13680,13673,15168,8756
2017-08-25T05:00:00Z,35572,35533,18779,18759,39,14992,14986,16611,9095
2017-08-25T06:00:00Z,44157,44049,22656,22629,108,19112,19102,20602,11297
2017-08-25T07:00:00Z,50358,50032,25294,25198,326,21747,21735,23356,12541
2017-08-25T08:00:00Z,53181,53090,26805,26757,91,23290,23284,24907,13811
2017-08-25T09:00:00Z,56707,56508,28668,28577,199,24917,24901,26254,15127
2017-08-25T10:00:00Z,47588,47479,24983,24962,109,21097,21085,22890,13688
2017-08-25T11:00:00Z,45972,45825,23965,23944,147,19161,19148,20738,12236
2017-08-25T12:00:00Z,52047,51765,26650,26620,282,21490,21476,23414,13663
2017-08-25T13:00:00Z,58682,58512,29641,29572,170,24172,24162,25815,15374
2017-08-25T14:00:00Z,63683,63419,32247,32156,264,25960,25946,28126,16887
2017-08-25T15:00:00Z,61343,61179,31007,30926,164,25319,25305,26952,16282
2017-08-25T16:00:00Z,54870,54655,28464,28352,215,22197,22183,23815,14457
2017-08-25T17:00:00Z,51901,51686,26795,26720,215,20610,20596,22250,13367
2017-08-25T18:00:00Z,50234,49996,25989,25903,238,20136,20125,21655,13141
2017-08-25T19:00:00Z,49220,49080,26050,26004,140,19079,19068,20648,12628
2017-08-25T20:00:00Z,47819,47517,25446,25393,302,18690,18678,20449,12655
2017-08-25T21:00:00Z,44028,43695,23764,23720,333,16824,16811,18776,11632
2017-08-25T22:00:00Z,36968,36863,20255,20235,105,14099,14090,15442,9535
2017-08-25T23:00:00Z,32829,32352,17960,17931,477,11866,11859,13551,8211
2017-08-26T00:00:00Z,29196,28744,16743,16715,452,10546,10533,12304,7368
2017-08-26T01:00:00Z,27397,27160,15605,15580,237,10459,10448,12023,6923
2017-08-26T02:00:00Z,28084,28005,16006,15981,79,10812,10803,12255,6988
2017-08-26T03:00:00Z,27647,27480,15458,15447,167,10746,10742,12363,7034
2017-08-26T04:00:00Z,25626,25495,15072,15012,131,9867,9860,11642,6856
2017-08-26T05:00:00Z,25902,25624,14957,14722,278,9668,9663,11114,6291
2017-08-26T06:00:00Z,28614,28174,16137,15772,440,10870,10861,12534,7001
2017-08-26T07:00:00Z,31623,31122,16328,16126,501,11464,11455,14892,7313
2017-08-26T08:00:00Z,31236,30959,17404,17252,277,12098,12088,13941,7800
2017-08-26T09:00:00Z,30802,30729,17364,17348,73,12116,12109,13949,7866
2017-08-26T10:00:00Z,30459,30383,17518,17475,76,11572,11564,13683,7942
2017-08-26T11:00:00Z,28884,28819,16246,16229,65,11396,11390,12820,7550
2017-08-26T12:00:00Z,31977,31908,18181,18156,69,12526,12519,14003,8229
2017-08-26T13:00:00Z,35347,35258,19586,19564,89,14078,14068,15774,9280
2017-08-26T14:00:00Z,38655,38180,21255,21228,475,15077,15067,16852,10007
2017-08-26T15:00:00Z,39717,39621,22203,22178,96,15725,15716,17482,10504
2017-08-26T16:00:00Z,38953,38812,20979,20966,141,15062,15050,16825,10025
2017-08-26T17:00:00Z,38886,38754,22458,22424,132,14162,14152,16109,9585
2017-08-26T18:00:00Z,36189,36031,19983,19946,158,13678,13665,15293,9336
2017-08-26T19:00:00Z,35231,35069,19913,19862,162,13141,13131,15621,9685
2017-08-26T20:00:00Z,35156,34997,20544,20541,159,12823,12817,14693,9215
2017-08-26T21:00:00Z,31169,31101,18461,18449,68,11540,11531,13749,8873
2017-08-26T22:00:00Z,28833,28779,17482,17472,54,10405,10396,12357,7931
2017-08-26T23:00:00Z,26387,26354,15738,15735,33,9438,9433,10769,6675
2017-08-27T00:00:00Z,23549,23504,13927,13895,45,8724,8719,10004,6227
2017-08-27T01:00:00Z,24167,24079,14408,14366,88,9019,9012,10378,6223
2017-08-27T02:00:00Z,25557,25521,15423,15401,36,9622,9618,11071,6493
2017-08-27T03:00:00Z,24428,24376,14556,14547,52,9583,9576,10881,6497
2017-08-27T04:00:00Z,23288,23217,13530,13470,71,8962,8955,10362,6083
2017-08-27T05:00:00Z,24478,24317,14542,14408,161,9260,9254,10561,6310
2017-08-27T06:00:00Z,25153,25097,14541,14523,56,9996,9989,11365,6581
2017-08-27T07:00:00Z,27585,27440,15144,15130,145,10944,10936,12392,7125
2017-08-27T08:00:00Z,30549,30460,17305,17273,89,11721,11712,13388,7653
2017-08-27T09:00:00Z,30829,30794,17142,17128,35,12296,12287,14037,8120
2017-08-27T10:00:00Z,30995,30784,17924,17880,211,11904,11897,13746,8100
2017-08-27T11:00:00Z,32384,32314,18707,18682,70,12297,12288,13907,8290
2017-08-27T12:00:00Z,33077,33019,18862,18850,58,13434,13426,15178,8998
2017-08-27T13:00:00Z,37386,37284,21181,21158,102,15150,15140,17044,10155
2017-08-27T14:00:00Z,40717,40653,23400,23383,64,16535,16528,18547,11385
2017-08-27T15:00:00Z,40245,40189,22720,22703,56,16875,16869,19005,11735
2017-08-27T16:00:00Z,38342,38202,21476,21467,140,15704,15693,17624,10879
2017-08-27T17:00:00Z,36096,35925,20394,20357,171,14602,14594,16566,10201
2017-08-27T18:00:00Z,36413,36239,20594,20566,174,14591,14580,16641,10377
2017-08-27T19:00:00Z,36907,36840,21128,21100,67,14439,14430,16274,10124
2017-08-27T20:00:00Z,36984,36906,21399,21372,78,14183,14175,16141,10289
2017-08-27T21:00:00Z,32970,32609,18949,18905,361,13148,13135,14930,9467
2017-08-27T22:00:00Z,30199,29641,17307,17282,558,11698,11690,13359,8392
2017-08-27T23:00:00Z,28181,28084,16700,16684,97,10741,10733,12187,7674
2017-08-28T00:00:00Z,30714,30429,17297,17276,285,11655,11643,13347,7874
2017-08-28T01:00:00Z,35587,35409,18985,18954,178,14538,14526,16066,8801
2017-08-28T02:00:00Z,39487,39264,20877,20858,223,16420,16411,18016,9809
2017-08-28T03:00:00Z,38044,37954,20479,20427,90,16289,16279,17953,9896
2017-08-28T04:00:00Z,31562,31455,17783,17770,107,12794,12786,14342,8360
2017-08-28T05:00:00Z,34189,33905,18211,18197,284,14429,14421,16025,8837
2017-08-28T06:00:00Z,42187,42108,21526,21499,79,18755,18746,20518,10857
2017-08-28T07:00:00Z,48933,48689,23875,23838,244,21577,21566,23230,12375
2017-08-28T08:00:00Z,53546,53044,25667,25618,502,23323,23314,24934,13475
2017-08-28T09:00:00Z,56590,56402,28467,28426,188,24570,24562,26160,14980
2017-08-28T10:00:00Z,48116,47972,25636,25604,144,21062,21053,22752,13610
2017-08-28T11:00:00Z,48325,47858,24612,24596,467,19841,19833,21628,12430
2017-08-28T12:00:00Z,52177,51698,26461,26426,479,22165,22153,23991,14054
2017-08-28T13:00:00Z,59434,59241,29838,29803,193,25086,25077,26461,15708
2017-08-28T14:00:00Z,66751,65986,33428,33381,765,27258,27245,29419,17606
2017-08-28T15:00:00Z,66131,65949,33272,33225,182,27449,27436,29946,17800
2017-08-28T16:00:00Z,61549,61047,31471,31421,502,24382,24365,26662,15790
2017-08-28T17:00:00Z,57255,57103,29162,29153,152,22674,22663,24329,14682
2017-08-28T18:00:00Z,56932,56791,28702,28678,141,22408,22394,24165,14606
2017-08-28T19:00:00Z,56031,55864,27891,27858,167,21976,21961,23782,14504
2017-08-28T20:00:00Z,56778,56568,28567,28541,210,22135,22121,23970,14542
2017-08-28T21:00:00Z,50271,50066,26173,26129,205,19848,19839,21633,13513
2017-08-28T22:00:00Z,42664,42280,22224,22201,384,16570,16556,18275,11205
2017-08-28T23:00:00Z,36567,36450,19693,19679,117,14554,14546,15992,9900
2017-08-29T00:00:00Z,37449,37277,20077,20054,172,14894,14885,16455,9862
2017-08-29T01:00:00Z,42344,42220,21434,21396,124,18104,18096,19553,10824
2017-08-29T02:00:00Z,45549,45451,23690,23662,98,19241,19232,21015,11354
2017-08-29T03:00:00Z,42830,42769,22416,22385,61,18651,18643,20303,11192
2017-08-29T04:00:00Z,34123,34049,18345,18327,74,14409,14403,15885,9338
2017-08-29T05:00:00Z,36551,36457,18881,18871,94,15759,15752,17465,9531
2017-08-29T06:00:00Z,44961,44852,22243,22201,109,20454,20445,21775,11548
2017-08-29T07:00:00Z,51125,50939,24917,24880,186,22762,22752,24011,12832
2017-08-29T08:00:00Z,58089,57878,28616,28582,211,25367,25354,26870,14637
2017-08-29T09:00:00Z,59301,59060,29018,28982,241,26134,26119,27586,15419
2017-08-29T10:00:00Z,52714,52571,27338,27309,143,22990,22978,24651,14536
2017-08-29T11:00:00Z,50939,50809,25925,25908,130,21798,21790,23262,13463
2017-08-29T12:00:00Z,58344,57462,28854,28826,882,24562,24548,26557,15374
2017-08-29T13:00:00Z,65077,64711,32843,32783,366,27424,27413,29181,17242
2017-08-29T14:00:00Z,70677,70295,34774,34732,382,29726,29715,31573,18734
2017-08-29T15:00:00Z,68689,68383,35037,34985,306,28978,28966,30757,18751
2017-08-29T16:00:00Z,63280,62835,31745,31688,445,25918,25906,27868,16672
2017-08-29T17:00:00Z,62058,61736,32127,32104,322,23677,23665,25774,15557
2017-08-29T18:00:00Z,59124,58609,30339,30280,515,23081,23068,24878,15086
2017-08-29T19:00:00Z,55943,55607,28142,28114,336,22949,22938,24656,15039
2017-08-29T20:00:00Z,58276,58003,30445,30402,273,22854,22837,24479,15159
2017-08-29T21:00:00Z,50945,50409,26000,25961,536,20240,20227,22287,13732
2017-08-29T22:00:00Z,44033,43700,22666,22632,333,17070,17060,18885,11592
2017-08-29T23:00:00Z,40961,40824,21155,21147,137,15039,15027,17077,10285
2017-08-30T00:00:00Z,38518,38333,20666,20648,185,15185,15175,16773,9932
2017-08-30T01:00:00Z,43224,43075,22516,22490,149,18400,18391,19974,10888
2017-08-30T02:00:00Z,46824,46685,23381,23303,139,19646,19636,21041,11556
2017-08-30T03:00:00Z,43840,43723,23046,22990,117,18852,18843,20769,11493
2017-08-30T04:00:00Z,34147,34091,18126,18107,56,14475,14466,16178,9191
2017-08-30T05:00:00Z,36685,36583,18901,18853,102,15905,15897,17564,9701
2017-08-30T06:00:00Z,46225,46067,22818,22769,158,20316,20308,21881,11684
2017-08-30T07:00:00Z,53237,53037,26070,26020,200,23029,23021,24438,13142
2017-08-30T08:00:00Z,59775,59583,29396,29325,192,25584,25577,27552,15075
2017-08-30T09:00:00Z,62674,62525,31006,30946,149,26541,26525,28053,15865
2017-08-30T10:00:00Z,54031,53622,28299,28173,409,22883,22873,24764,14453
2017-08-30T11:00:00Z,51870,51250,25992,25906,620,21651,21638,23614,13484
2017-08-30T12:00:00Z,60171,59966,29694,29613,205,24597,24587,27070,15424
2017-08-30T13:00:00Z,65732,65546,32848,32755,186,27552,27539,29189,17156
2017-08-30T14:00:00Z,70725,70501,35745,35698,224,29998,29985,31684,18935
2017-08-30T15:00:00Z,70258,69882,34484,34422,376,29063,29048,31346,18818
2017-08-30T16:00:00Z,63533,63031,32923,32864,502,25596,25583,27550,16652
2017-08-30T17:00:00Z,60840,60370,30490,30415,470,23614,23598,25555,15242
2017-08-30T18:00:00Z,62019,61828,33334,33262,191,23235,23223,24951,15275
2017-08-30T19:00:00Z,56947,56218,29145,29097,729,22310,22300,23983,14851
2017-08-30T20:00:00Z,57207,56984,30629,30488,223,22271,22263,24053,15063
2017-08-30T21:00:00Z,51892,51358,26857,26821,534,20137,20125,22012,13669
2017-08-30T22:00:00Z,44716,44564,23555,23539,152,17008,16995,18844,11552
2017-08-30T23:00:00Z,38346,38206,20831,20794,140,14757,14750,16267,9921
2017-08-31T00:00:00Z,37715,37614,20524,20509,101,14682,14674,16329,9677
2017-08-31T01:00:00Z,41992,41933,22155,22135,59,17691,17685,19001,10661
2017-08-31T02:00:00Z,43803,43709,22682,22645,94,18766,18757,20352,11026
2017-08-31T03:00:00Z,42385,42304,21731,21697,81,18376,18367,20251,10952
2017-08-31T04:00:00Z,35508,35347,19393,19362,161,14577,14569,16375,9308
2017-08-31T05:00:00Z,37410,37320,19570,19541,90,16006,16000,17755,9748
2017-08-31T06:00:00Z,46597,46500,22793,22754,97,20497,20489,22299,11942
2017-08-31T07:00:00Z,53373,53226,26295,26255,147,23020,23011,24663,13226
2017-08-31T08:00:00Z,58109,57953,28995,28897,156,25089,25083,26804,14837
2017-08-31T09:00:00Z,60305,60176,30185,30107,129,25717,25706,27552,15588
2017-08-31T10:00:00Z,52117,52030,27088,27048,87,22538,22528,24358,14394
2017-08-31T11:00:00Z,51050,50871,26276,26241,179,21269,21256,22696,13294
2017-08-31T12:00:00Z,55789,55608,28523,28477,181,23907,23898,25589,15065
2017-08-31T13:00:00Z,62599,62269,31477,31441,330,26628,26618,28311,16727
2017-08-31T14:00:00Z,69767,69251,34796,34753,516,29241,29224,31000,18674
2017-08-31T15:00:00Z,68354,68210,34922,34897,144,28490,28479,30242,18335
2017-08-31T16:00:00Z,64179,63882,33811,33794,297,25174,25160,27011,16465
2017-08-31T17:00:00Z,58174,57209,28769,28758,965,22913,22902,24990,14876
2017-08-31T18:00:00Z,58295,57654,29753,29714,641,22366,22351,24642,14863
2017-08-31T19:00:00Z,54692,54557,27800,27787,135,21707,21698,23575,14313
2017-08-31T20:00:00Z,53663,53539,27676,27648,124,21369,21358,23101,14267
2017-08-31T21:00:00Z,50861,50731,25937,25896,130,19280,19268,21774,13295
2017-08-31T22:00:00Z,41744,40867,21602,21596,877,16165,16157,18606,11289
2017-08-31T23:00:00Z,36545,35849,19896,19875,696,13812,13805,15655,9533
2017-09-01T00:00:00Z,35506,34793,19069,19047,713,14082,14075,16066,9410
2017-09-01T01:00:00Z,39196,38472,19998,19983,724,16402,16397,18182,9912
2017-09-01T02:00:00Z,42502,42427,22005,21973,75,17841,17833,19483,10525
2017-09-01T03:00:00Z,40957,40553,21653,21627,404,17139,17132,19048,10653
2017-09-01T04:00:00Z,31030,30741,16997,16972,289,13111,13100,14736,8542
2017-09-01T05:00:00Z,34595,34171,17944,17928,424,14887,14877,16556,9093
2017-09-01T06:00:00Z,43793,43353,21238,21202,440,18925,18918,20791,11154
2017-09-01T07:00:00Z,48545,48307,23202,23182,238,21088,21082,22828,12308
2017-09-01T08:00:00Z,55349,55235,27409,27375,114,23636,23627,25643,13834
2017-09-01T09:00:00Z,56795,56601,28825,28788,194,24189,24176,26596,15067
2017-09-01T10:00:00Z,49464,49101,25909,25866,363,21415,21402,23893,14028
2017-09-01T11:00:00Z,45089,44981,22903,22878,108,19245,19237,21030,12304
2017-09-01T12:00:00Z,50020,49560,25538,25496,460,21033,21020,22876,13360
2017-09-01T13:00:00Z,58852,58596,29464,29425,256,24073,24057,26273,15451
2017-09-01T14:00:00Z,60984,60785,30889,30862,199,25592,25579,27558,16396
2017-09-01T15:00:00Z,63342,62948,33975,33943,394,24978,24966,27278,16506
2017-09-01T16:00:00Z,55544,55389,29043,29028,155,22259,22244,24150,14341
2017-09-01T17:00:00Z,51682,51264,26108,26067,418,20422,20411,22284,13199
2017-09-01T18:00:00Z,54966,54726,29239,29209,240,19885,19874,21748,13123
2017-09-01T19:00:00Z,50175,49917,27083,27039,258,18672,18663,20675,12334
2017-09-01T20:00:00Z,49246,48942,26828,26813,304,18111,18103,20128,12280
2017-09-01T21:00:00Z,45560,45414,25488,25476,146,16337,16327,18198,11462
2017-09-01T22:00:00Z,39662,39557,23166,23150,105,13736,13726,15484,9608
2017-09-01T23:00:00Z,33935,33159,19390,19377,776,11397,11389,13599,7897
2017-09-02T00:00:00Z,30559,29559,18046,18022,1000,10167,10156,12781,7125
2017-09-02T01:00:00Z,26963,26008,14868,14831,955,9967,9959,11790,6703
2017-09-02T02:00:00Z,28087,27156,15634,15624,931,10505,10500,12582,6829
2017-09-02T03:00:00Z,26285,26191,14640,14623,94,10341,10335,12017,6808
2017-09-02T04:00:00Z,23859,23688,13395,13382,171,9268,9260,10736,6238
2017-09-02T05:00:00Z,24853,24462,13358,13355,391,9460,9456,11004,6078
2017-09-02T06:00:00Z,25990,25686,14071,14043,304,10136,10129,11881,6663
2017-09-02T07:00:00Z,27883,27696,15493,15478,187,11019,11013,12635,6997
2017-09-02T08:00:00Z,29464,29355,16702,16649,109,11552,11546,13041,7541
2017-09-02T09:00:00Z,29910,29782,16764,16750,128,12005,11998,13753,7798
2017-09-02T10:00:00Z,29738,29595,16757,16736,143,11527,11519,13138,7667
2017-09-02T11:00:00Z,29640,29528,16283,16263,112,11754,11745,13282,7747
2017-09-02T12:00:00Z,32125,31935,17621,17609,190,12778,12771,14567,8416
2017-09-02T13:00:00Z,34768,34696,18980,18957,72,14030,14020,15917,9179
2017-09-02T14:00:00Z,38249,38212,20969,20958,37,15172,15167,16987,10053
2017-09-02T15:00:00Z,37275,37235,20288,20276,40,15388,15379,17343,10488
2017-09-02T16:00:00Z,37756,37645,21064,21041,111,15028,15017,16765,10237
2017-09-02T17:00:00Z,38246,37700,21341,21336,546,14004,13993,16011,9457
2017-09-02T18:00:00Z,35292,35007,20430,20412,285,13314,13307,15132,9250
2017-09-02T19:00:00Z,34322,34238,20137,20107,84,12727,12720,14541,8924
2017-09-02T20:00:00Z,31237,31171,17794,17781,66,12206,12197,13935,8582
2017-09-02T21:00:00Z,29862,29694,17246,17229,168,11318,11309,13102,8153
2017-09-02T22:00:00Z,26960,26822,15391,15385,138,10040,10030,11679,7193
2017-09-02T23:00:00Z,25017,24846,14675,14665,171,9129,9123,10687,6581
2017-09-03T00:00:00Z,24127,23995,14450,14421,132,8665,8658,10251,6131
2017-09-03T01:00:00Z,25131,25050,14509,14476,81,9019,9010,10836,6249
2017-09-03T02:00:00Z,25083,25049,14493,14486,34,9448,9445,11060,6424
2017-09-03T03:00:00Z,25401,25367,14492,14487,34,9894,9887,11464,6741
2017-09-03T04:00:00Z,22989,22971,13531,13523,18,9147,9143,10485,6240
2017-09-03T05:00:00Z,23489,23451,13602,13592,38,8942,8934,10318,6026
2017-09-03T06:00:00Z,24584,24497,14202,14191,87,9571,9567,11305,6478
2017-09-03T07:00:00Z,27563,27427,16000,15990,136,10700,10693,12379,7079
2017-09-03T08:00:00Z,29114,29030,16339,16323,84,11666,11659,13189,7652
2017-09-03T09:00:00Z,30895,30809,17439,17420,86,12242,12237,14010,8193
2017-09-03T10:00:00Z,30231,30110,16847,16834,121,12094,12087,13810,8072
2017-09-03T11:00:00Z,30737,30663,17093,17073,74,12591,12585,14215,8385
2017-09-03T12:00:00Z,34014,33877,19139,19108,137,13625,13619,15472,9114
2017-09-03T13:00:00Z,38364,38237,20138,20110,127,15334,15325,17251,10268
2017-09-03T14:00:00Z,40251,40082,22558,22515,169,16998,16986,19071,11609
2017-09-03T15:00:00Z,39655,39515,22220,22188,140,17121,17111,19292,11798
2017-09-03T16:00:00Z,40147,39973,23250,23235,174,15963,15953,18030,11225
2017-09-03T17:00:00Z,36979,36838,20450,20411,141,15200,15190,17001,10427
2017-09-03T18:00:00Z,36525,36374,20262,20205,151,14719,14705,16773,10286
2017-09-03T19:00:00Z,38029,37807,22535,22492,222,14636,14625,16559,10341
2017-09-03T20:00:00Z,35242,35119,20192,20173,123,13980,13970,15812,9995
2017-09-03T21:00:00Z,34414,34347,19350,19336,67,13141,13133,14968,9450
2017-09-03T22:00:00Z,33076,31752,17393,17326,1324,11507,11499,13811,8266
2017-09-03T23:00:00Z,28671,27708,16184,16123,963,10277,10267,12296,7432
2017-09-04T00:00:00Z,28918,27906,16176,16153,1012,11177,11170,13202,7535
2017-09-04T01:00:00Z,33660,33234,17545,17522,426,14462,14455,15934,8536
2017-09-04T02:00:00Z,39322,39174,20504,20482,148,16694,16686,17959,9576
2017-09-04T03:00:00Z,37326,37119,19854,19825,207,16040,16034,17807,9515
2017-09-04T04:00:00Z,30291,30190,16545,16516,101,12982,12973,14198,8198
2017-09-04T05:00:00Z,33845,33805,17835,17826,40,14573,14567,15925,8707
2017-09-04T06:00:00Z,43706,43549,21255,21239,157,19179,19173,20891,10996
2017-09-04T07:00:00Z,51065,50714,24775,24710,351,21997,21984,23709,12538
2017-09-04T08:00:00Z,55201,54985,26465,26367,216,24253,24244,25721,13783
2017-09-04T09:00:00Z,57971,57722,28752,28667,249,25365,25355,27060,15105
2017-09-04T10:00:00Z,51371,51008,26085,26036,363,21854,21843,24540,13793
2017-09-04T11:00:00Z,48965,48809,24582,24532,156,20754,20744,22574,13086
2017-09-04T12:00:00Z,53017,52860,26713,26673,157,22651,22639,24554,14413
2017-09-04T13:00:00Z,58561,58327,29552,29479,234,24754,24747,26866,15868
2017-09-04T14:00:00Z,60328,59956,31224,31153,372,25890,25882,28148,16921
2017-09-04T15:00:00Z,59633,59078,31167,31113,555,24877,24865,27874,16855
2017-09-04T17:00:00Z,47104,46529,25105,25005,575,18561,18548,21085,12497
2017-09-04T18:00:00Z,47941,46960,25650,25572,981,18004,17993,20791,12441
2017-09-04T19:00:00Z,46031,45274,24809,24779,757,17772,17762,20603,12476
2017-09-04T20:00:00Z,46358,45582,24807,24790,776,17932,17923,20753,12576
2017-09-04T21:00:00Z,42737,42144,23085,23059,593,16032,16022,18602,11446
2017-09-04T22:00:00Z,34920,34702,19300,19274,218,13384,13375,15501,9714
2017-09-04T23:00:00Z,32074,31948,17596,17580,126,12336,12331,14136,8565
2017-09-05T00:00:00Z,33346,33300,17985,17971,46,13486,13478,15304,8941
2017-09-05T01:00:00Z,41689,41590,21086,21062,99,17502,17491,19393,10477
2017-09-05T02:00:00Z,45049,44890,22424,22358,159,19056,19044,21424,11376
2017-09-05T03:00:00Z,44096,43934,22396,22354,162,18266,18260,20850,11259
2017-09-05T04:00:00Z,33873,33801,17983,17955,72,14142,14135,16046,9090
2017-09-05T05:00:00Z,38315,37732,19183,19135,583,16011,16002,17944,9527
2017-09-05T06:00:00Z,48561,47716,23119,23022,845,20708,20698,23086,11901
2017-09-05T07:00:00Z,56481,55682,26499,26441,799,23572,23563,25828,13597
2017-09-05T08:00:00Z,60210,60060,28987,28923,150,25892,25882,27859,15136
2017-09-05T09:00:00Z,63126,62799,31481,31408,327,27380,27365,29232,16507
2017-09-05T10:00:00Z,53447,53284,27511,27468,163,23734,23720,25065,14720
2017-09-05T11:00:00Z,54479,54127,27807,27750,352,23102,23091,24123,14050
2017-09-05T12:00:00Z,59983,59700,30362,30288,283,25522,25511,27031,15514
2017-09-05T13:00:00Z,64454,63998,31589,31489,456,28154,28141,29438,17209
2017-09-05T14:00:00Z,72372,71715,35514,35484,657,30973,30957,32529,19307
2017-09-05T15:00:00Z,71404,71255,36243,36218,149,30279,30265,31515,19122
2017-09-05T16:00:00Z,65607,65362,33450,33438,245,26697,26686,28315,17168
2017-09-05T17:00:00Z,59864,59631,28997,28989,233,24184,24171,26147,15379
2017-09-05T18:00:00Z,57459,56738,29036,29009,721,22630,22616,24488,14747
2017-09-05T19:00:00Z,56954,56566,29357,29342,388,22841,22830,24436,14898
2017-09-05T20:00:00Z,57139,56950,30154,30121,189,22904,22893,24631,15306
2017-09-05T21:00:00Z,52709,52542,28231,28174,167,20568,20559,22161,13957
2017-09-05T22:00:00Z,44909,44747,24239,24224,162,17224,17215,18774,11550
2017-09-05T23:00:00Z,40150,39920,21976,21968,230,14974,14968,16854,10270
2017-09-06T00:00:00Z,39400,39288,21341,21321,112,15536,15524,17315,10207
2017-09-06T01:00:00Z,43486,43276,22530,22474,210,18540,18529,19869,11028
2017-09-06T02:00:00Z,46535,46391,24206,24142,144,19937,19926,21452,11735
2017-09-06T03:00:00Z,45153,45100,23439,23428,53,19151,19144,21120,11641
2017-09-06T04:00:00Z,36731,36574,20095,20087,157,14904,14895,16673,9744
2017-09-06T05:00:00Z,38667,38396,20038,20030,271,16518,16512,18288,9894
2017-09-06T06:00:00Z,49542,48989,24723,24686,553,21391,21381,23201,12418
2017-09-06T07:00:00Z,55515,54356,26559,26474,1159,24083,24071,26117,13661
2017-09-06T08:00:00Z,61159,60821,30225,30178,338,26209,26198,27739,15140
2017-09-06T09:00:00Z,63265,63151,31619,31588,114,27192,27182,28804,16268
2017-09-06T10:00:00Z,55269,55092,29463,29451,177,23396,23387,24888,14607
2017-09-06T11:00:00Z,53064,52962,26904,26869,102,22309,22301,24132,13975
2017-09-06T12:00:00Z,59781,59430,29973,29937,351,25114,25102,26963,15676
2017-09-06T13:00:00Z,67549,67267,34225,34180,282,28327,28315,30422,17867
2017-09-06T14:00:00Z,74851,73684,37928,37894,1167,30604,30589,32797,19286
2017-09-06T15:00:00Z,72994,71648,36697,36639,1346,30275,30262,32686,19414
2017-09-06T16:00:00Z,63519,62446,32002,31963,1073,26072,26055,28378,16799
2017-09-06T17:00:00Z,61342,60434,30528,30488,908,24333,24319,26698,15683
2017-09-06T18:00:00Z,58799,58196,29459,29419,603,23653,23640,25878,15450
2017-09-06T19:00:00Z,57592,57293,29919,29899,299,23152,23138,25122,15405
2017-09-06T20:00:00Z,57300,56997,30019,30001,303,22751,22739,25064,15432
2017-09-06T21:00:00Z,51057,50838,27182,27136,219,20302,20291,22647,13863
2017-09-06T22:00:00Z,43727,43013,23458,23383,714,17064,17051,18941,11614
2017-09-06T23:00:00Z,38674,38484,20865,20831,190,15008,15002,16489,10014
2017-09-07T00:00:00Z,38511,38204,20772,20719,307,15057,15050,16756,9981
2017-09-07T01:00:00Z,43373,43211,22300,22243,162,18208,18200,20292,10947
2017-09-07T02:00:00Z,48583,48467,24870,24823,116,20205,20199,22027,12007
2017-09-07T03:00:00Z,45325,45169,24006,23951,156,18907,18897,20594,11349
2017-09-07T04:00:00Z,36386,36315,19852,19848,71,14937,14929,16456,9584
2017-09-07T05:00:00Z,39530,39221,21149,21134,309,16347,16337,18290,9982
2017-09-07T06:00:00Z,48922,48781,24533,24462,141,21397,21387,22980,12282
2017-09-07T07:00:00Z,56700,56177,28018,27937,523,23888,23878,26086,13865
2017-09-07T08:00:00Z,61685,61422,30069,29995,263,26116,26106,27845,14972
2017-09-07T09:00:00Z,64582,64396,32154,32108,186,27024,27012,28985,16304
2017-09-07T10:00:00Z,55182,54968,29431,29399,214,23549,23539,25098,14826
2017-09-07T11:00:00Z,52461,52304,26661,26586,157,22083,22071,23682,13779
2017-09-07T12:00:00Z,57979,57811,29687,29611,168,24486,24470,26080,15194
2017-09-07T13:00:00Z,66078,65819,33720,33636,259,27703,27686,29731,17707
2017-09-07T14:00:00Z,71329,70966,36084,35951,363,30068,30053,31769,18867
2017-09-07T15:00:00Z,69747,69481,34735,34591,266,29595,29580,31512,18719
2017-09-07T16:00:00Z,63705,63266,32553,32461,439,25995,25982,27802,16614
2017-09-07T17:00:00Z,59826,59437,30191,30133,389,23655,23639,25485,15138
2017-09-07T18:00:00Z,59720,59572,30845,30812,148,23226,23214,24912,15111
2017-09-07T19:00:00Z,57238,57044,29650,29610,194,22593,22581,24390,14921
2017-09-07T20:00:00Z,53459,53334,27583,27568,125,21292,21280,23060,14134
2017-09-07T21:00:00Z,46997,46947,24644,24624,50,19459,19454,20877,12929
2017-09-07T22:00:00Z,43766,43402,22951,22932,364,16976,16957,18795,11556
2017-09-07T23:00:00Z,38395,38243,20438,20412,152,14722,14710,16465,10053
2017-09-08T00:00:00Z,36285,36183,19545,19497,102,14553,14544,16204,9622
2017-09-08T01:00:00Z,41984,41183,21461,21427,801,17609,17600,19193,10636
2017-09-08T02:00:00Z,45109,44994,23358,23325,115,19144,19135,20958,11360
2017-09-08T03:00:00Z,44573,44450,23171,23139,123,18344,18334,20658,11254
2017-09-08T04:00:00Z,35763,35663,19213,19203,100,14417,14407,16350,9507
2017-09-08T05:00:00Z,38305,38107,20133,20101,198,15904,15894,17896,9728
2017-09-08T06:00:00Z,47387,47010,23243,23215,377,20347,20340,22361,11882
2017-09-08T07:00:00Z,55387,55033,27270,27156,354,23524,23513,25324,13749
2017-09-08T08:00:00Z,59956,59821,30553,30496,135,25355,25343,26949,14945
2017-09-08T09:00:00Z,62725,62490,32781,32645,235,26247,26230,28008,16292
2017-09-08T10:00:00Z,54053,53877,29258,29208,176,22685,22670,24576,14726
2017-09-08T11:00:00Z,50857,50655,26439,26404,202,20709,20696,22638,13425
2017-09-08T12:00:00Z,54657,54500,27962,27921,157,22542,22530,24223,14231
2017-09-08T13:00:00Z,61160,60999,31415,31362,161,25285,25270,27019,16177
2017-09-08T14:00:00Z,65172,64912,32742,32696,260,27286,27271,29428,17515
2017-09-08T15:00:00Z,65672,64575,33739,33646,1097,26508,26493,28445,16865
2017-09-08T16:00:00Z,59141,58289,30514,30469,852,23578,23563,25792,15352
2017-09-08T17:00:00Z,53251,52950,27960,27921,301,21127,21111,22988,13849
2017-09-08T18:00:00Z,51314,51126,27269,27252,188,20549,20542,21812,13229
2017-09-08T19:00:00Z,52404,52232,26837,26821,172,20165,20158,21840,13108
2017-09-08T20:00:00Z,50786,50650,27230,27212,136,19329,19317,21124,13006
2017-09-08T21:00:00Z,47566,46742,25343,25294,824,17520,17511,19625,11952
2017-09-08T22:00:00Z,39710,39462,22407,22382,248,14492,14480,16290,10228
2017-09-08T23:00:00Z,32686,32596,18260,18244,90,12220,12212,13706,8439
2017-09-09T00:00:00Z,29796,29733,17293,17276,63,10992,10984,12526,7581
2017-09-09T01:00:00Z,29567,29492,17563,17517,75,10820,10811,12231,7177
2017-09-09T02:00:00Z,30958,30927,18346,18338,31,11615,11609,13145,7764
2017-09-09T03:00:00Z,30211,30149,17883,17869,62,11473,11467,13099,7508
2017-09-09T04:00:00Z,27034,26551,15649,15629,483,10105,10098,11879,6815
2017-09-09T05:00:00Z,26907,26798,15220,15199,109,10283,10276,11772,6668
2017-09-09T06:00:00Z,29225,29155,16530,16505,70,11262,11254,12792,7289
2017-09-09T07:00:00Z,30659,30612,16446,16418,47,12047,12041,13573,7424
2017-09-09T08:00:00Z,34151,34022,18834,18815,129,13097,13088,14599,8084
2017-09-09T09:00:00Z,33892,33812,18353,18331,80,13250,13243,15107,8346
2017-09-09T10:00:00Z,31714,31684,17475,17465,30,12320,12313,14294,8137
2017-09-09T11:00:00Z,31453,31398,17679,17668,55,12196,12189,13874,7969
2017-09-09T12:00:00Z,33669,33608,18614,18605,61,13076,13069,15079,8660
2017-09-09T13:00:00Z,37797,37697,21159,21143,100,14767,14759,16751,9648
2017-09-09T14:00:00Z,41006,40920,23255,23233,86,16159,16150,18117,10773
2017-09-09T15:00:00Z,42243,42099,23305,23289,144,16694,16684,18671,11197
2017-09-09T16:00:00Z,41779,41580,23668,23655,199,15789,15780,17774,10545
2017-09-09T17:00:00Z,40968,40820,23465,23426,148,15324,15314,17008,10431
2017-09-09T18:00:00Z,37601,37504,21706,21696,97,14527,14519,16121,9923
2017-09-09T19:00:00Z,36184,36057,21001,20981,127,13718,13710,15419,9594
2017-09-09T20:00:00Z,35417,35341,20435,20396,76,13250,13242,14998,9497
2017-09-09T21:00:00Z,32671,32586,19244,19227,85,12510,12500,14157,8896
2017-09-09T22:00:00Z,29401,29317,17599,17587,84,11183,11170,12488,8065
2017-09-09T23:00:00Z,27181,27114,16234,16225,67,9938,9927,11277,7086
2017-09-10T00:00:00Z,26464,26384,16494,16451,80,9564,9557,10948,6807
2017-09-10T01:00:00Z,26974,26920,16808,16796,54,9607,9600,10912,6637
2017-09-10T02:00:00Z,28838,28784,17524,17513,54,10507,10498,11945,7077
2017-09-10T03:00:00Z,27488,27394,16089,16066,94,10758,10749,12213,7129
2017-09-10T04:00:00Z,27893,27729,16247,16221,164,10095,10087,11707,6961
2017-09-10T05:00:00Z,27430,27335,15779,15730,95,10178,10168,11552,6809
2017-09-10T06:00:00Z,30319,29254,17705,17665,1065,10865,10856,13212,7373
2017-09-10T07:00:00Z,30335,29587,17396,17390,748,11649,11640,13686,7636
2017-09-10T08:00:00Z,32801,31919,18153,18130,882,12516,12508,14779,8141
2017-09-10T09:00:00Z,34299,33463,19171,19144,836,13175,13167,15285,8758
2017-09-10T10:00:00Z,34049,33251,19104,19081,798,13085,13077,15325,8715
2017-09-10T11:00:00Z,34156,33373,18981,18962,783,13168,13158,15318,8920
2017-09-10T12:00:00Z,36284,36156,20286,20221,128,14543,14535,16478,9743
2017-09-10T13:00:00Z,39863,39660,22194,22167,203,16434,16427,18468,11006
2017-09-10T14:00:00Z,44159,44063,23957,23932,96,18116,18106,20227,12208
2017-09-10T15:00:00Z,44542,44348,25545,25522,194,18073,18062,20098,12454
2017-09-10T16:00:00Z,45233,45016,26286,26251,217,17203,17190,19382,11989
2017-09-10T17:00:00Z,41080,40892,23719,23667,188,15965,15955,17956,11147
2017-09-10T18:00:00Z,41733,41569,24052,24036,164,15682,15670,17808,11078
2017-09-10T19:00:00Z,41813,41622,24616,24594,191,15733,15720,17660,11241
2017-09-10T20:00:00Z,40534,40370,23175,23142,164,15570,15562,17672,11191
2017-09-10T21:00:00Z,37864,37781,22605,22576,83,14460,14450,16422,10432
2017-09-10T22:00:00Z,34392,33492,19977,19957,900,12618,12606,15045,9177
2017-09-10T23:00:00Z,31957,31179,18595,18579,778,11594,11584,13965,8333
2017-09-11T00:00:00Z,32982,31983,18718,18668,999,12476,12465,14883,8561
2017-09-11T01:00:00Z,41166,40204,22395,22306,962,16417,16407,18466,10197
2017-09-11T02:00:00Z,46115,45159,24094,24050,956,18866,18858,21055,11442
2017-09-11T03:00:00Z,42417,42159,22595,22554,258,18159,18153,19982,11129
2017-09-11T04:00:00Z,35077,34884,19465,19441,193,14228,14220,16007,9379
2017-09-11T05:00:00Z,38038,37942,20370,20349,96,15733,15725,17558,9645
2017-09-11T06:00:00Z,46164,46029,23274,23232,135,19959,19949,21804,11620
2017-09-11T07:00:00Z,53776,53165,26546,26497,611,22778,22770,24766,13228
2017-09-11T08:00:00Z,59210,58779,28739,28639,431,25148,25135,26878,14401
2017-09-11T09:00:00Z,62235,62075,31475,31403,160,26412,26400,28334,15835
2017-09-11T10:00:00Z,56844,56161,29568,29464,683,23181,23167,25623,14777
2017-09-11T11:00:00Z,52709,52423,27077,26952,286,21867,21854,23693,13689
2017-09-11T12:00:00Z,59018,58817,30124,30000,201,24864,24854,26877,15631
2017-09-11T13:00:00Z,64948,64726,32680,32622,222,27811,27799,29594,17437
2017-09-11T14:00:00Z,72776,72471,36763,36689,305,30545,30527,32217,19371
2017-09-11T15:00:00Z,71299,70996,36617,36581,303,29528,29512,31858,19053
2017-09-11T16:00:00Z,65304,65176,33514,33460,128,26657,26637,28843,17318
2017-09-11T17:00:00Z,62534,61700,31400,31303,834,24518,24501,26802,15907
2017-09-11T18:00:00Z,62771,61974,31724,31622,797,24593,24580,26520,16047
2017-09-11T19:00:00Z,60168,59856,30717,30667,312,23821,23808,25709,15718
2017-09-11T20:00:00Z,58526,58252,30182,30154,274,23466,23456,25781,15741
2017-09-11T21:00:00Z,53328,53204,28217,28180,124,21115,21101,23234,14364
2017-09-11T22:00:00Z,45871,44997,24189,24172,874,17605,17591,20281,12201
2017-09-11T23:00:00Z,41131,40411,21924,21918,720,15171,15161,17710,10514
2017-09-12T00:00:00Z,42848,41901,22215,22185,947,15924,15917,18753,10741
2017-09-12T01:00:00Z,45649,44692,23201,23159,957,18761,18751,21039,11413
2017-09-12T02:00:00Z,49730,48843,25162,25114,887,20585,20573,23270,12364
2017-09-12T03:00:00Z,47755,47040,24672,24635,715,19768,19759,21851,11800
2017-09-12T04:00:00Z,37370,37152,19813,19798,218,15513,15504,17384,9974
2017-09-12T05:00:00Z,39457,39371,20390,20344,86,16697,16690,18499,10186
2017-09-12T06:00:00Z,49635,49470,24959,24894,165,21701,21690,23592,12701
2017-09-12T07:00:00Z,56623,56325,27808,27769,298,24708,24696,26381,14180
2017-09-12T08:00:00Z,62653,62524,30943,30910,129,26983,26971,28456,15592
2017-09-12T09:00:00Z,65565,65356,32682,32556,209,27906,27892,29916,16714
2017-09-12T10:00:00Z,57849,57609,31649,31582,240,24186,24171,26078,15457
2017-09-12T11:00:00Z,56860,56501,28340,28282,359,23112,23094,24883,14421
2017-09-12T12:00:00Z,65178,64933,32687,32594,245,26310,26295,28106,16341
2017-09-12T13:00:00Z,68561,68329,34965,34903,232,29050,29036,30796,18259
2017-09-12T14:00:00Z,73027,72353,37494,37451,674,30579,30560,33228,19690
2017-09-12T15:00:00Z,73205,72404,36855,36792,801,30400,30384,33195,19757
2017-09-12T16:00:00Z,67394,66651,34718,34646,743,27197,27181,29406,17558
2017-09-12T17:00:00Z,62560,61835,31042,30983,725,23816,23804,26134,15459
2017-09-12T18:00:00Z,56789,55835,28939,28815,954,22108,22093,24205,14679
2017-09-12T19:00:00Z,56064,55164,29162,29126,900,21802,21784,24148,14553
2017-09-12T20:00:00Z,56772,56200,29914,29837,572,22604,22588,24763,15456
2017-09-12T21:00:00Z,53085,52695,28768,28737,390,20870,20856,22807,14365
2017-09-12T22:00:00Z,46008,45696,25208,25199,312,17669,17657,19616,12276
2017-09-12T23:00:00Z,40596,40120,22264,22179,476,15247,15235,16966,10331
2017-09-13T00:00:00Z,41295,41139,23440,23427,156,15575,15568,17487,10459
2017-09-13T01:00:00Z,43642,43559,23705,23661,83,18096,18089,19760,11288
2017-09-13T02:00:00Z,46518,46438,24438,24411,80,19684,19678,21606,12042
2017-09-13T03:00:00Z,45122,45005,23825,23784,117,19008,19002,20994,11932
2017-09-13T04:00:00Z,37500,37361,20505,20496,139,15002,14992,16828,9765
2017-09-13T05:00:00Z,38782,38667,20247,20233,115,16421,16414,18281,10060
2017-09-13T06:00:00Z,49466,49374,24871,24829,92,21337,21331,23322,12526
2017-09-13T07:00:00Z,56287,56088,27754,27719,199,24273,24263,25877,14034
2017-09-13T08:00:00Z,60506,60321,31401,31348,185,25707,25693,27078,15116
2017-09-13T09:00:00Z,65017,64807,33820,33763,210,27242,27225,28848,16646
2017-09-13T10:00:00Z,56918,56738,30777,30749,180,23861,23849,25639,15320
2017-09-13T11:00:00Z,53730,53527,27950,27899,203,22756,22742,24394,14429
2017-09-13T12:00:00Z,62203,61938,32333,32260,265,25576,25561,27335,16129
2017-09-13T13:00:00Z,68273,68078,34804,34758,195,28825,28814,30952,18514
2017-09-13T14:00:00Z,72192,71972,36871,36767,220,30654,30639,32677,19602
2017-09-13T15:00:00Z,73794,73140,38185,38120,654,30386,30371,32898,20248
2017-09-13T16:00:00Z,67285,66818,35345,35230,467,26942,26925,29296,17852
2017-09-13T17:00:00Z,62940,62451,32415,32401,489,24755,24745,27031,16315
2017-09-13T18:00:00Z,61602,61236,31733,31697,366,24056,24045,26050,15910
2017-09-13T19:00:00Z,60118,59492,31272,31258,626,23661,23650,25784,15858
2017-09-13T20:00:00Z,58201,57971,31198,31176,230,23205,23189,25173,15853
2017-09-13T21:00:00Z,53070,52911,28719,28707,159,21071,21061,23073,14620
2017-09-13T22:00:00Z,46227,46072,25230,25224,155,17701,17694,19737,12480
2017-09-13T23:00:00Z,40277,40138,22419,22396,139,15204,15194,17148,10574
2017-09-14T00:00:00Z,39899,39696,22373,22368,203,15728,15719,17582,10617
2017-09-14T01:00:00Z,44803,44714,24414,24374,89,18661,18650,20247,11445
2017-09-14T02:00:00Z,49915,49090,25668,25631,825,20324,20314,22600,12257
2017-09-14T03:00:00Z,47371,46623,25254,25228,748,19452,19440,21803,12125
2017-09-14T04:00:00Z,37416,37356,20878,20857,60,15090,15082,17020,10051
2017-09-14T05:00:00Z,39914,39849,21171,21151,65,16886,16880,18762,10427
2017-09-14T06:00:00Z,49287,49201,25046,25029,86,21452,21444,23347,12720
2017-09-14T07:00:00Z,56617,56402,27569,27516,215,24327,24314,26436,14341
2017-09-14T08:00:00Z,63567,63431,31071,31023,136,26486,26470,28511,15661
2017-09-14T09:00:00Z,64447,64244,32347,32300,203,27859,27843,30000,17121
2017-09-14T10:00:00Z,54839,54590,29185,29152,249,23833,23822,25724,15515
2017-09-14T11:00:00Z,53698,53583,27810,27789,115,22481,22471,24295,14359
2017-09-14T12:00:00Z,60559,60447,31029,31011,112,25454,25443,27317,16146
2017-09-14T13:00:00Z,67287,67151,34745,34721,136,28633,28620,30407,18067
2017-09-14T14:00:00Z,73871,73713,38021,38005,158,31072,31060,32876,19907
2017-09-14T15:00:00Z,71789,71453,37252,37207,336,30171,30156,32026,19730
2017-09-14T16:00:00Z,65357,64822,34082,34030,535,26652,26638,28782,17788
2017-09-14T17:00:00Z,59468,59067,30326,30274,401,24289,24272,26592,15934
2017-09-14T18:00:00Z,59189,59055,30232,30188,134,23493,23484,25416,15536
2017-09-14T19:00:00Z,57799,57317,30548,30543,482,22759,22748,25263,15477
2017-09-14T20:00:00Z,56142,55651,29877,29851,491,22573,22567,24550,15382
2017-09-14T21:00:00Z,51736,51305,27994,27964,431,20539,20530,22896,14411
2017-09-14T22:00:00Z,44060,43913,23515,23496,147,17173,17163,19261,11901
2017-09-14T23:00:00Z,40155,39968,21726,21700,187,14913,14902,16984,10585
2017-09-15T00:00:00Z,38346,38092,21007,20906,254,14819,14812,16916,10192
2017-09-15T01:00:00Z,42671,42611,22481,22464,60,17974,17965,19886,11078
2017-09-15T02:00:00Z,46373,46135,24593,24572,238,18992,18983,21316,11684
2017-09-15T03:00:00Z,44883,44781,24129,24107,102,18583,18573,20715,11763
2017-09-15T04:00:00Z,36495,36303,20370,20341,192,14497,14490,16828,9771
2017-09-15T05:00:00Z,38087,37947,20428,20420,140,15786,15775,17559,9701
2017-09-15T06:00:00Z,47442,47080,23894,23863,362,20610,20603,22908,12352
2017-09-15T07:00:00Z,52893,52440,26135,26089,453,22861,22850,24717,13447
2017-09-15T08:00:00Z,58757,58548,30396,30325,209,24858,24847,26729,15014
2017-09-15T09:00:00Z,65404,64505,34498,34435,899,26548,26533,28758,16534
2017-09-15T10:00:00Z,54364,54031,29726,29699,333,22827,22814,24640,14918
2017-09-15T11:00:00Z,49487,49352,26464,26416,135,20795,20784,22673,13308
2017-09-15T12:00:00Z,56035,55737,29163,29115,298,22903,22891,25251,14708
2017-09-15T13:00:00Z,63732,63263,33160,33136,469,25887,25873,28221,16737
2017-09-15T14:00:00Z,68161,67978,35703,35628,183,27594,27580,29670,18107
2017-09-15T15:00:00Z,65512,65232,33940,33879,280,26800,26786,28707,17274
2017-09-15T16:00:00Z,60466,60258,31585,31542,208,23964,23947,25981,15760
2017-09-15T17:00:00Z,56632,56383,29388,29320,249,22217,22203,24301,14636
2017-09-15T18:00:00Z,56525,56342,29856,29808,183,21761,21747,23543,14482
2017-09-15T19:00:00Z,53219,52856,28307,28281,363,20345,20335,22729,13662
2017-09-15T20:00:00Z,52845,52718,28139,28111,127,19950,19939,22628,13901
2017-09-15T21:00:00Z,48029,46914,25467,25442,1115,17773,17762,20598,12305
2017-09-15T22:00:00Z,41018,40136,22808,22794,882,14718,14711,17542,10530
2017-09-15T23:00:00Z,34745,34022,19305,19290,723,12389,12382,14796,9002
2017-09-16T00:00:00Z,31903,31300,18842,18838,603,11165,11157,13691,8232
2017-09-16T01:00:00Z,31758,31217,18942,18920,541,11142,11132,13564,7886
2017-09-16T02:00:00Z,31872,31081,18275,18259,791,11445,11436,13870,7808
2017-09-16T03:00:00Z,31130,30103,17758,17733,1027,11429,11422,14047,8024
2017-09-16T04:00:00Z,30386,29461,17653,17626,925,10506,10499,13097,7426
2017-09-16T05:00:00Z,30140,29931,18033,18010,209,10462,10456,12487,7095
2017-09-16T06:00:00Z,30196,30124,17364,17351,72,11506,11499,13647,7809
2017-09-16T07:00:00Z,32956,32844,18728,18714,112,12646,12637,14833,8403
2017-09-16T08:00:00Z,33647,33602,19285,19269,45,12914,12905,14747,8657
2017-09-16T09:00:00Z,33282,33206,19295,19277,76,13314,13306,15180,8995
2017-09-16T10:00:00Z,32641,32604,18984,18976,37,12812,12802,14447,8819
2017-09-16T11:00:00Z,32086,31883,18563,18554,203,12496,12487,14451,8569
2017-09-16T12:00:00Z,34420,34337,19655,19622,83,13706,13700,15745,9343
2017-09-16T13:00:00Z,38389,38240,21922,21878,149,15186,15180,17697,10298
2017-09-16T14:00:00Z,43298,42422,23877,23843,876,16912,16902,19648,11422
2017-09-16T15:00:00Z,42407,42254,23966,23937,153,17175,17167,19338,11725
2017-09-16T16:00:00Z,42675,42356,24080,24026,319,16414,16406,18700,11246
2017-09-16T17:00:00Z,41622,41402,23661,23638,220,15673,15664,17927,11157
2017-09-16T18:00:00Z,39705,39607,23030,23001,98,15259,15250,17406,10844
2017-09-16T19:00:00Z,39192,39104,22740,22734,88,14684,14675,16586,10379
2017-09-16T20:00:00Z,38673,38609,23057,23051,64,13879,13872,15835,9964
2017-09-16T21:00:00Z,35319,35271,20860,20857,48,13133,13123,14894,9589
2017-09-16T22:00:00Z,31352,31188,18561,18556,164,11660,11653,13490,8727
2017-09-16T23:00:00Z,29950,29028,17638,17633,922,10337,10327,12455,7782
2017-09-17T00:00:00Z,28474,27939,17785,17772,535,9718,9711,11683,7235
2017-09-17T01:00:00Z,28202,28100,17523,17488,102,10130,10123,11794,7420
2017-09-17T02:00:00Z,31069,31016,18339,18327,53,11001,10993,12919,7715
2017-09-17T03:00:00Z,29743,29667,18165,18151,76,11174,11168,12884,7932
2017-09-17T04:00:00Z,27824,27749,16654,16634,75,10483,10475,12113,7477
2017-09-17T05:00:00Z,28529,28432,17192,17181,97,10389,10384,12167,7325
2017-09-17T06:00:00Z,28188,28078,16652,16614,110,11030,11022,12804,7608
2017-09-17T07:00:00Z,30210,29959,17435,17421,251,11866,11857,13645,8093
2017-09-17T08:00:00Z,33064,32924,19201,19176,140,12804,12796,14704,8818
2017-09-17T09:00:00Z,34465,34380,19812,19780,85,13367,13362,15325,9254
2017-09-17T10:00:00Z,33286,33212,19570,19525,74,13132,13125,15050,9070
2017-09-17T11:00:00Z,33584,33451,19351,19327,133,13371,13365,15157,9225
2017-09-17T12:00:00Z,36883,36745,21047,21024,138,14816,14808,16872,10196
2017-09-17T13:00:00Z,41578,41344,23671,23648,234,16764,16755,19132,11570
2017-09-17T14:00:00Z,45021,44856,25675,25644,165,18370,18358,20792,12832
2017-09-17T15:00:00Z,45279,45086,26505,26480,193,18518,18510,21015,13361
2017-09-17T16:00:00Z,45533,45427,26793,26763,106,17659,17649,20052,12625
2017-09-17T17:00:00Z,44460,44320,26206,26178,140,16657,16646,19046,11935
2017-09-17T18:00:00Z,43609,43518,25981,25949,91,16582,16572,19001,12158
2017-09-17T19:00:00Z,44055,43940,26314,26287,115,16334,16321,18900,12148
2017-09-17T20:00:00Z,42101,41840,25227,25157,261,15686,15677,17982,11744
2017-09-17T21:00:00Z,40142,40028,24357,24325,114,14772,14762,16965,11089
2017-09-17T22:00:00Z,34537,34447,20624,20612,90,12954,12944,15007,9804
2017-09-17T23:00:00Z,32480,32440,19745,19735,40,11835,11830,13858,8961
2017-09-18T00:00:00Z,35023,34304,20870,20840,719,12919,12912,15055,9297
2017-09-18T01:00:00Z,41080,41010,23361,23330,70,16755,16745,18494,10679
2017-09-18T02:00:00Z,45359,45298,24908,24875,61,18721,18712,20821,11628
2017-09-18T03:00:00Z,43658,43555,24100,24062,103,18104,18099,20467,11683
2017-09-18T04:00:00Z,36965,36893,21130,21115,72,14444,14436,16542,9936
2017-09-18T05:00:00Z,40652,40312,21945,21933,340,16145,16138,18266,10202
2017-09-18T06:00:00Z,48233,47857,24877,24848,376,20458,20449,22474,12411
2017-09-18T07:00:00Z,56769,56291,28744,28690,478,23441,23430,25482,13905
2017-09-18T08:00:00Z,62172,62005,31811,31776,167,25791,25775,27950,15514
2017-09-18T09:00:00Z,63912,63760,32552,32474,152,26818,26808,28878,16641
2017-09-18T10:00:00Z,57887,57322,31032,30982,565,23533,23522,26198,15244
2017-09-18T11:00:00Z,57192,56370,30677,30581,822,22723,22714,25169,14538
2017-09-18T12:00:00Z,61560,61382,32438,32370,178,25677,25664,27919,16465
2017-09-18T13:00:00Z,70655,70448,37732,37642,207,28831,28819,30930,18602
2017-09-18T14:00:00Z,76816,76435,40221,40180,381,31578,31563,33740,20378
2017-09-18T15:00:00Z,75080,74787,39391,39287,293,30415,30401,32958,20232
2017-09-18T16:00:00Z,65990,65585,34134,34101,405,26448,26434,28997,17570
2017-09-18T17:00:00Z,58746,58407,30284,30235,339,24201,24190,26068,15798
2017-09-18T18:00:00Z,64463,64228,33091,33047,235,24702,24691,26947,16539
2017-09-18T19:00:00Z,64177,63978,32586,32567,199,24049,24036,26978,16383
2017-09-18T20:00:00Z,63448,63208,33431,33396,240,24201,24185,26748,16731
2017-09-18T21:00:00Z,56664,56584,30770,30746,80,21611,21599,24143,15256
2017-09-18T22:00:00Z,47691,46594,25402,25355,1097,17789,17779,20930,12682
2017-09-18T23:00:00Z,42360,41597,22857,22826,763,15594,15581,18385,11078
2017-09-19T00:00:00Z,42739,41990,23473,23455,749,16227,16214,19388,11278
2017-09-19T01:00:00Z,47642,46967,25409,25364,675,19508,19497,21828,12256
2017-09-19T02:00:00Z,50556,49987,26327,26274,569,21137,21128,23514,12820
2017-09-19T03:00:00Z,49352,48482,25772,25714,870,20175,20164,22887,12794
2017-09-19T04:00:00Z,41224,40398,22502,22463,826,15825,15817,18364,10923
2017-09-19T05:00:00Z,41739,41140,22027,21980,599,17137,17127,19601,10855
2017-09-19T06:00:00Z,50791,50548,25465,25414,243,21909,21899,24192,12956
2017-09-19T07:00:00Z,58501,57949,28906,28801,552,24820,24810,27332,14794
2017-09-19T08:00:00Z,62391,62243,30981,30908,148,26823,26812,28903,16011
2017-09-19T09:00:00Z,67306,66851,34262,34188,455,28012,28002,30366,17445
2017-09-19T10:00:00Z,56434,56329,29847,29839,105,24405,24395,26312,15804
2017-09-19T11:00:00Z,55473,55247,28772,28639,226,23437,23427,25625,15109
2017-09-19T12:00:00Z,59902,59598,30806,30569,304,25902,25889,27934,16536
2017-09-19T13:00:00Z,68934,68352,34716,34455,582,29282,29268,31654,18772
2017-09-19T14:00:00Z,75266,75035,38592,38517,231,31820,31810,33970,20485
2017-09-19T15:00:00Z,71192,71001,36518,36458,191,30640,30626,32928,20111
2017-09-19T16:00:00Z,68706,68263,34890,34850,443,27584,27569,30100,18058
2017-09-19T17:00:00Z,64908,64601,33534,33519,307,25729,25715,27913,17021
2017-09-19T18:00:00Z,66679,66276,32437,32408,403,25284,25272,27606,16489
2017-09-19T19:00:00Z,65298,65005,33748,33715,293,24594,24582,27360,16675
2017-09-19T20:00:00Z,63755,62950,32810,32789,805,24387,24377,27475,16816
2017-09-19T21:00:00Z,57123,56787,30490,30458,336,21738,21728,24663,15471
2017-09-19T22:00:00Z,49154,48873,24646,24630,281,18248,18236,20658,12400
2017-09-19T23:00:00Z,43946,43493,22226,22214,453,16052,16043,18364,11024
2017-09-20T00:00:00Z,42818,42005,22341,22332,813,16015,16006,18059,10515
2017-09-20T01:00:00Z,49036,48553,24836,24808,483,19420,19411,21322,11629
2017-09-20T02:00:00Z,50149,50034,26191,26181,115,20630,20621,22504,12271
2017-09-20T03:00:00Z,48617,48454,25387,25338,163,19628,19619,22016,12170
2017-09-20T04:00:00Z,40895,40849,20274,20267,46,15189,15181,17367,9588
2017-09-20T05:00:00Z,40143,40034,20342,20331,109,16510,16503,18377,9782
2017-09-20T06:00:00Z,49265,49158,24185,24151,107,21258,21249,23272,12191
2017-09-20T07:00:00Z,57983,57762,28313,28262,221,24438,24427,26495,14084
2017-09-20T08:00:00Z,60846,60691,28901,28818,155,26052,26039,28129,15073
2017-09-20T09:00:00Z,65531,65350,31364,31314,181,26791,26780,29003,16330
2017-09-20T10:00:00Z,55026,54875,27827,27788,151,23715,23703,26125,14984
2017-09-20T11:00:00Z,55453,55288,27652,27589,165,22889,22879,24686,14318
2017-09-20T12:00:00Z,60849,60599,30855,30813,250,25489,25477,27507,16100
2017-09-20T13:00:00Z,68288,68105,33947,33907,183,29202,29191,31281,18369
2017-09-20T14:00:00Z,73832,73156,36706,36623,676,31265,31253,33466,19893
2017-09-20T15:00:00Z,72770,72547,36538,36481,223,30954,30938,32720,19915
2017-09-20T16:00:00Z,64352,64108,32859,32822,244,27024,27011,28647,17251
2017-09-20T17:00:00Z,60683,60583,30409,30397,100,24631,24621,26241,15783
2017-09-20T18:00:00Z,59142,59031,30128,30092,111,24031,24021,25610,15462
2017-09-20T19:00:00Z,57571,57349,29617,29583,222,23497,23485,25340,15271
2017-09-20T20:00:00Z,58123,57350,29843,29800,773,23019,23007,25629,15535
2017-09-20T21:00:00Z,54025,53847,28651,28613,178,21191,21178,23260,14506
2017-09-20T22:00:00Z,45228,44939,24164,24142,289,17563,17556,19393,11877
2017-09-20T23:00:00Z,40062,39823,21654,21585,239,15410,15404,16991,10496
2017-09-21T00:00:00Z,39721,39634,21029,20977,87,15400,15390,17513,10347
2017-09-21T01:00:00Z,42754,42584,22227,22167,170,18320,18309,20009,11000
2017-09-21T02:00:00Z,46128,46015,24409,24349,113,19688,19680,21544,11945
2017-09-21T03:00:00Z,45408,45266,23755,23695,142,18960,18952,21065,11667
2017-09-21T04:00:00Z,39313,38907,20409,20330,406,15356,15343,17531,10271
2017-09-21T05:00:00Z,40203,40060,20041,19977,143,16595,16585,18141,10048
2017-09-21T06:00:00Z,47841,47757,23910,23880,84,20994,20985,22544,12097
2017-09-21T07:00:00Z,55212,54849,27157,27086,363,24133,24120,25903,13982
2017-09-21T08:00:00Z,59426,59152,28645,28568,274,26100,26092,27705,15231
2017-09-21T09:00:00Z,63164,63014,31973,31914,150,27359,27346,28846,16410
2017-09-21T10:00:00Z,55022,54842,28450,28375,180,24024,24013,25781,15217
2017-09-21T11:00:00Z,53662,53455,27434,27331,207,22946,22933,24745,14420
2017-09-21T12:00:00Z,60169,59861,30154,29945,308,25640,25629,27414,15891
2017-09-21T13:00:00Z,67156,66999,33535,33501,157,28670,28655,30737,17987
2017-09-21T14:00:00Z,72808,72573,36995,36961,235,30917,30901,32668,19745
2017-09-21T15:00:00Z,70017,69763,35696,35645,254,29931,29915,31705,19196
2017-09-21T16:00:00Z,64378,64217,32765,32731,161,26658,26644,28484,17221
2017-09-21T17:00:00Z,62598,62310,31701,31660,288,24534,24518,26383,15886
2017-09-21T18:00:00Z,60471,59658,30585,30548,813,23973,23959,26272,15678
2017-09-21T19:00:00Z,57668,57321,29420,29338,347,23515,23502,25832,15665
2017-09-21T20:00:00Z,59394,58150,30683,30618,1244,23511,23495,26283,15949
2017-09-21T21:00:00Z,54033,53132,28525,28469,901,21102,21090,23650,14543
2017-09-21T22:00:00Z,44314,43311,23157,23132,1003,17404,17395,19565,11767
2017-09-21T23:00:00Z,39726,38861,21603,21558,865,15118,15112,17564,10504
2017-09-22T00:00:00Z,40361,39359,21817,21805,1002,15307,15299,17806,10319
2017-09-22T01:00:00Z,44003,43107,22474,22424,896,18198,18189,20291,11088
2017-09-22T02:00:00Z,48554,47540,25558,25494,1014,19650,19639,21827,12033
2017-09-22T03:00:00Z,44870,44586,24227,24156,284,18679,18669,20628,11618
2017-09-22T04:00:00Z,36525,36442,20346,20330,83,14925,14917,16605,9543
2017-09-22T05:00:00Z,38475,38326,20286,20246,149,15786,15777,17752,9832
2017-09-22T06:00:00Z,46422,46286,23233,23196,136,20409,20399,22053,11828
2017-09-22T07:00:00Z,53557,53176,26538,26474,381,23163,23151,25127,13777
2017-09-22T08:00:00Z,57415,57008,28500,28425,407,24571,24557,26496,14515
2017-09-22T09:00:00Z,60251,59934,30165,30123,317,26197,26180,28217,16032
2017-09-22T10:00:00Z,52716,52478,28256,28211,238,22740,22724,24545,14713
2017-09-22T11:00:00Z,49629,49401,26088,26029,228,20992,20979,22803,13396
2017-09-22T12:00:00Z,54924,54792,27967,27929,132,22899,22887,24534,14556
2017-09-22T13:00:00Z,64179,63951,32355,32310,228,26125,26114,27966,16622
2017-09-22T14:00:00Z,68518,68038,33570,33490,480,27881,27865,29851,17789
2017-09-22T15:00:00Z,63991,63694,32604,32463,297,26833,26816,28828,17563
2017-09-22T16:00:00Z,57783,57399,29582,29501,384,23792,23771,25853,15694
2017-09-22T17:00:00Z,56551,55969,28434,28381,582,22433,22419,23956,14257
2017-09-22T18:00:00Z,55319,54619,28402,28369,700,21754,21740,23277,14061
2017-09-22T19:00:00Z,55192,54920,28608,28535,272,20867,20855,22919,13832
2017-09-22T20:00:00Z,52913,52636,28497,28445,277,20143,20132,21718,13624
2017-09-22T21:00:00Z,48755,48465,26786,26745,290,18053,18041,20005,12517
2017-09-22T22:00:00Z,40357,40173,22566,22509,184,14872,14860,16717,10335
2017-09-22T23:00:00Z,35259,35086,19981,19943,173,12718,12707,14557,8928
2017-09-23T00:00:00Z,32115,31782,18126,18088,333,11523,11517,13484,8005
2017-09-23T01:00:00Z,29033,28860,16750,16671,173,11018,11010,12640,7285
2017-09-23T02:00:00Z,30715,30661,17353,17325,54,11692,11683,13451,7575
2017-09-23T03:00:00Z,29706,29623,16964,16925,83,11767,11763,13276,7584
2017-09-23T04:00:00Z,27336,27263,16188,16166,73,10370,10364,11720,7117
2017-09-23T05:00:00Z,26481,26401,15002,14984,80,10349,10342,11762,6765
2017-09-23T06:00:00Z,28357,28288,15572,15554,69,11277,11271,12750,7154
2017-09-23T07:00:00Z,31227,31077,17391,17333,150,12219,12210,13612,7664
2017-09-23T08:00:00Z,32627,32395,17558,17475,232,12987,12974,14683,8190
2017-09-23T09:00:00Z,32651,32436,17707,17683,215,13044,13034,14656,8269
2017-09-23T10:00:00Z,31632,31439,17401,17391,193,12546,12534,14084,8264
2017-09-23T11:00:00Z,30955,30815,17372,17348,140,12398,12388,13875,8160
2017-09-23T12:00:00Z,34764,34538,19250,19204,226,13753,13744,15418,8951
2017-09-23T13:00:00Z,37267,37082,20472,20451,185,14951,14940,16688,9861
2017-09-23T14:00:00Z,40832,40499,22498,22475,333,16431,16422,18395,10876
2017-09-23T15:00:00Z,41712,41523,22439,22403,189,17018,17007,19207,11254
2017-09-23T16:00:00Z,43823,43630,24675,24641,193,16296,16284,18367,11020
2017-09-23T17:00:00Z,42408,42284,23674,23657,124,15995,15985,17855,10567
2017-09-23T18:00:00Z,40516,40299,22897,22875,217,15216,15206,16845,10230
2017-09-23T19:00:00Z,38584,38486,21839,21828,98,14513,14500,16244,9986
2017-09-23T20:00:00Z,38325,38145,21934,21922,180,14002,13992,15679,9781
2017-09-23T21:00:00Z,35739,35461,20232,20196,278,12970,12957,14543,9056
2017-09-23T22:00:00Z,33596,33492,20519,20499,104,11506,11495,13124,8424
2017-09-23T23:00:00Z,29137,29066,17166,17152,71,10346,10336,11723,7502
2017-09-24T00:00:00Z,28979,28894,16998,16973,85,9884,9874,11531,7120
2017-09-24T01:00:00Z,28198,28132,16220,16205,66,10077,10069,11574,6934
2017-09-24T02:00:00Z,29893,29837,17106,17072,56,10855,10849,12570,7286
2017-09-24T03:00:00Z,31223,30702,17923,17887,521,11031,11023,12837,7632
2017-09-24T04:00:00Z,28222,28179,16410,16386,43,10227,10222,11639,7069
2017-09-24T05:00:00Z,27543,27506,15482,15466,37,10183,10180,11802,6848
2017-09-24T06:00:00Z,28918,28842,16091,16075,76,10869,10862,12545,7247
2017-09-24T07:00:00Z,31055,30673,16964,16925,382,11860,11851,13520,7692
2017-09-24T08:00:00Z,32455,32278,17786,17762,177,12670,12662,14388,8251
2017-09-24T09:00:00Z,33630,33541,18906,18898,89,13095,13086,14766,8738
2017-09-24T10:00:00Z,33120,33078,19027,19017,42,12937,12930,14689,8875
2017-09-24T11:00:00Z,35756,35667,19517,19508,89,13403,13398,15007,8920
2017-09-24T12:00:00Z,35766,35711,19753,19734,55,14359,14350,16088,9516
2017-09-24T13:00:00Z,41151,41059,23421,23382,92,16484,16476,18406,11162
2017-09-24T14:00:00Z,44905,44782,24510,24440,123,18427,18419,20847,12286
2017-09-24T15:00:00Z,46102,46017,25916,25883,85,18783,18775,21137,13034
2017-09-24T16:00:00Z,44364,44159,25210,25183,205,17277,17266,19358,11966
2017-09-24T17:00:00Z,43887,43444,25136,25106,443,16488,16478,18420,11389
2017-09-24T18:00:00Z,42477,41864,24127,24088,613,16523,16513,18393,11479
2017-09-24T19:00:00Z,42277,41959,24234,24206,318,16449,16442,18397,11572
2017-09-24T20:00:00Z,41386,41295,24105,24067,91,15998,15988,17540,11348
2017-09-24T21:00:00Z,38150,37993,22019,21981,157,14768,14761,16432,10641
2017-09-24T22:00:00Z,34432,34238,20239,20224,194,12805,12799,14482,9162
2017-09-24T23:00:00Z,31708,31632,19032,19012,76,11696,11690,13251,8455
2017-09-25T00:00:00Z,32751,32472,18786,18739,279,12570,12560,14042,8611
2017-09-25T01:00:00Z,39529,39407,21493,21464,122,16551,16542,17852,10184
2017-09-25T02:00:00Z,44938,44768,23870,23822,170,18736,18726,20128,11469
2017-09-25T03:00:00Z,42936,42821,23382,23348,115,18198,18189,19663,11292
2017-09-25T04:00:00Z,35747,35341,20072,20024,406,14294,14285,15879,9257
2017-09-25T05:00:00Z,37972,37656,19599,19582,316,15854,15848,17716,9620
2017-09-25T06:00:00Z,47386,47187,23189,23138,199,20525,20518,22285,11736
2017-09-25T07:00:00Z,53983,53412,26227,26168,571,23231,23223,24768,13378
2017-09-25T08:00:00Z,59141,58937,28329,28244,204,25539,25530,26967,14644
2017-09-25T09:00:00Z,62879,62436,30783,30736,443,26686,26675,28448,15884
2017-09-25T10:00:00Z,55257,55137,28386,28322,120,23717,23709,25452,15056
2017-09-25T11:00:00Z,53942,53820,27514,27463,122,22540,22530,24370,14041
2017-09-25T12:00:00Z,60187,60030,30318,30282,157,25435,25422,27266,15700
2017-09-25T13:00:00Z,68918,68684,34425,34350,234,28952,28939,31147,18368
2017-09-25T14:00:00Z,74664,74449,37353,37260,215,31248,31235,33381,19869
2017-09-25T15:00:00Z,73099,72774,37736,37663,325,30347,30331,32492,19751
2017-09-25T16:00:00Z,67259,66919,34656,34608,340,27069,27053,29083,17531
2017-09-25T17:00:00Z,62658,62422,31829,31766,236,24856,24839,26683,16068
2017-09-25T18:00:00Z,64895,64450,33296,33203,445,25184,25170,27082,16441
2017-09-25T19:00:00Z,63068,62442,32791,32661,626,24553,24542,26888,16541
2017-09-25T20:00:00Z,63216,62749,34175,34066,467,24374,24364,26651,16673
2017-09-25T21:00:00Z,57028,56100,30288,30204,928,21756,21746,23996,14827
2017-09-25T22:00:00Z,48684,48104,25826,25720,580,18150,18139,20281,12542
2017-09-25T23:00:00Z,42036,41736,23043,22976,300,15708,15697,17657,10985
2017-09-26T00:00:00Z,41229,40620,22320,22272,609,16218,16207,18088,10662
2017-09-26T01:00:00Z,47750,46786,25274,25223,964,19340,19329,20909,11664
2017-09-26T02:00:00Z,49896,49102,25323,25253,794,20690,20681,22629,12428
2017-09-26T03:00:00Z,46138,46038,24118,24081,100,19744,19735,21563,12094
2017-09-26T04:00:00Z,39636,39510,22585,22569,126,15565,15558,17539,10582
2017-09-26T05:00:00Z,41658,41403,21941,21897,255,16927,16919,18661,10283
2017-09-26T06:00:00Z,49601,49447,24457,24431,154,21499,21488,23196,12464
2017-09-26T07:00:00Z,58833,58041,28955,28833,792,24968,24958,26751,14473
2017-09-26T08:00:00Z,64145,63413,30791,30725,732,27127,27117,28964,15703
2017-09-26T09:00:00Z,67472,66562,33496,33442,910,27950,27938,30089,16785
2017-09-26T10:00:00Z,58296,57679,29783,29715,617,24468,24455,26401,15357
2017-09-26T11:00:00Z,54575,54353,27371,27296,222,23323,23310,25225,14492
2017-09-26T12:00:00Z,62775,62480,31606,31542,295,26682,26667,28248,16621
2017-09-26T13:00:00Z,71923,71577,36308,36233,346,30085,30069,31640,18837
2017-09-26T14:00:00Z,74773,74511,37917,37846,262,31514,31503,33162,19865
2017-09-26T15:00:00Z,75239,75055,38316,38287,184,31486,31471,33496,20385
2017-09-26T16:00:00Z,69791,69142,35674,35618,649,28035,28020,30588,18208
2017-09-26T17:00:00Z,65298,64580,33115,33063,718,25988,25976,28068,16635
2017-09-26T18:00:00Z,66982,66033,34681,34664,949,25470,25458,27474,16537
2017-09-26T19:00:00Z,64132,63883,33975,33957,249,25017,25006,26599,16375
2017-09-26T20:00:00Z,62585,61738,32513,32475,847,24731,24719,26545,16444
2017-09-26T21:00:00Z,56507,55936,30024,29977,571,22167,22156,24157,15105
2017-09-26T22:00:00Z,49504,48880,25282,25247,624,18690,18677,21022,12690
2017-09-26T23:00:00Z,43925,43000,22693,22662,925,16263,16253,18446,10937
2017-09-27T00:00:00Z,42603,41789,22669,22653,814,16533,16522,18492,10974
2017-09-27T01:00:00Z,47488,46621,24058,24023,867,19361,19351,20956,11687
2017-09-27T02:00:00Z,50025,49237,25192,25167,788,20945,20939,22638,12334
2017-09-27T03:00:00Z,49100,48619,25524,25483,481,20190,20184,22150,12179
2017-09-27T04:00:00Z,38681,37855,20027,20010,826,15647,15640,17727,10086
2017-09-27T05:00:00Z,42064,41215,21326,21268,849,17133,17124,19038,10296
2017-09-27T06:00:00Z,51388,50567,25172,25143,821,21832,21825,23812,12748
2017-09-27T07:00:00Z,57575,56427,27866,27805,1148,24670,24659,26619,14210
2017-09-27T08:00:00Z,61729,61188,30035,30000,541,26738,26727,28352,15633
2017-09-27T09:00:00Z,64670,64145,32093,32060,525,27802,27786,29720,17076
2017-09-27T10:00:00Z,56193,55764,28433,28404,429,23778,23766,25759,15057
2017-09-27T11:00:00Z,56447,56248,29356,29336,199,23249,23236,24913,14508
2017-09-27T12:00:00Z,62251,62037,31711,31676,214,25996,25981,27996,16452
2017-09-27T13:00:00Z,69421,69058,35866,35802,363,29198,29185,30712,18476
2017-09-27T14:00:00Z,75163,74433,37186,37116,730,31235,31218,32682,19649
2017-09-27T15:00:00Z,71017,70731,35889,35790,286,30496,30483,31965,19447
2017-09-27T16:00:00Z,67635,67376,35306,35247,259,27455,27437,29095,17667
2017-09-27T17:00:00Z,64576,64144,33890,33855,432,25459,25443,27191,16662
2017-09-27T18:00:00Z,65618,65052,34768,34719,566,25346,25331,27166,16506
2017-09-27T19:00:00Z,62345,62043,32725,32593,302,24651,24645,26762,16420
2017-09-27T20:00:00Z,59923,59715,31573,31517,208,24104,24090,25701,16049
2017-09-27T21:00:00Z,55482,54793,29130,29045,689,21882,21870,23729,14698
2017-09-27T22:00:00Z,47258,46835,25366,25349,423,18452,18442,20119,12442
2017-09-27T23:00:00Z,41745,40684,22249,22165,1061,15684,15670,17549,10644
2017-09-28T00:00:00Z,40346,39790,22081,22001,556,15822,15811,17640,10532
2017-09-28T01:00:00Z,46221,45684,23810,23733,537,18983,18973,20616,11348
2017-09-28T02:00:00Z,48774,47843,25146,25048,931,20052,20042,22354,12270
2017-09-28T03:00:00Z,46403,45545,24489,24460,858,19598,19591,21733,12106
2017-09-28T04:00:00Z,37440,36939,20344,20317,501,15039,15033,16772,9878
2017-09-28T05:00:00Z,38285,38051,19661,19617,234,16220,16214,17480,9920
2017-09-28T06:00:00Z,48847,48582,23675,23515,265,21106,21097,22762,12431
2017-09-28T07:00:00Z,57020,56386,27115,26905,634,24384,24374,25949,13946
2017-09-28T08:00:00Z,61642,61405,30856,30754,237,26591,26579,27859,15602
2017-09-28T09:00:00Z,63106,62860,32872,32825,246,27142,27131,28762,16657
2017-09-28T10:00:00Z,54582,54466,28961,28938,116,23747,23735,25398,15144
2017-09-28T11:00:00Z,52399,52228,26708,26679,171,22740,22729,24232,14176
2017-09-28T12:00:00Z,60164,59747,29948,29890,417,25022,25010,26838,15594
2017-09-28T13:00:00Z,68992,68506,35278,35209,486,28508,28498,30544,18017
2017-09-28T14:00:00Z,72696,72345,37057,36957,351,30758,30746,32317,19585
2017-09-28T15:00:00Z,73398,73180,37621,37588,218,29858,29847,31569,19113
2017-09-28T16:00:00Z,66978,66218,34686,34646,760,26731,26717,29239,17408
2017-09-28T17:00:00Z,62980,62086,32455,32377,894,24780,24763,26945,16063
2017-09-28T18:00:00Z,63893,63024,32676,32603,869,24664,24652,27204,16158
2017-09-28T19:00:00Z,63619,62843,32331,32309,776,24031,24021,26506,15894
2017-09-28T20:00:00Z,61965,61199,33307,33267,766,23799,23784,25884,16026
2017-09-28T21:00:00Z,54133,53481,28107,28038,652,21492,21479,23321,14497
2017-09-28T22:00:00Z,46599,46086,24706,24685,513,18165,18154,19754,12280
2017-09-28T23:00:00Z,39788,38982,20954,20937,806,15281,15271,17172,10635
2017-09-29T00:00:00Z,37809,36856,20049,20026,953,15068,15057,16933,10181
2017-09-29T01:00:00Z,43222,42354,22290,22219,868,17811,17798,19636,10794
2017-09-29T02:00:00Z,45797,45123,23189,23177,674,19096,19086,21210,11424
2017-09-29T03:00:00Z,43360,42602,21937,21913,758,18421,18411,20363,11247
2017-09-29T04:00:00Z,34039,33680,18365,18314,359,14145,14137,15612,9092
2017-09-29T05:00:00Z,36199,36002,18494,18462,197,15303,15297,16774,9368
2017-09-29T06:00:00Z,44988,44719,22086,21952,269,19888,19878,21818,11594
2017-09-29T07:00:00Z,54331,53508,27361,27105,823,22809,22799,24664,13552
2017-09-29T08:00:00Z,60556,60326,30694,30654,230,25465,25455,27350,15245
2017-09-29T09:00:00Z,61567,61323,31160,31066,244,26350,26333,28402,16113
2017-09-29T10:00:00Z,51869,51616,27531,27486,253,22196,22181,23830,14286
2017-09-29T11:00:00Z,51795,51585,26644,26622,210,20881,20869,22794,13633
2017-09-29T12:00:00Z,54946,54790,28860,28845,156,23077,23063,24551,14656
2017-09-29T13:00:00Z,62322,62093,31729,31710,229,26073,26060,28008,16497
2017-09-29T14:00:00Z,67203,66965,34567,34531,238,27968,27956,30033,17980
2017-09-29T15:00:00Z,68013,67813,34798,34764,200,27491,27477,29549,17970
2017-09-29T16:00:00Z,62492,62202,32849,32837,290,24522,24509,26284,15977
2017-09-29T17:00:00Z,59046,58913,31004,30979,133,22925,22911,24431,14792
2017-09-29T18:00:00Z,56578,56308,29264,29253,270,21706,21696,23682,14340
2017-09-29T19:00:00Z,57157,56627,29589,29563,530,21282,21268,23109,14256
2017-09-29T20:00:00Z,55239,54927,29151,29113,312,20676,20664,22574,13947
2017-09-29T21:00:00Z,52116,51109,28385,28297,1007,18499,18487,20973,12806
2017-09-29T22:00:00Z,44552,43615,24312,24276,937,15516,15505,18032,10832
2017-09-29T23:00:00Z,38128,37200,21356,21339,928,13011,13004,15161,9183
2017-09-30T00:00:00Z,33237,32341,18562,18558,896,11956,11950,14115,8277
2017-09-30T01:00:00Z,35208,34572,19271,19237,636,13401,13395,15207,8221
2017-09-30T02:00:00Z,38004,37500,20718,20705,504,14715,14708,16409,8759
2017-09-30T03:00:00Z,35619,34766,19429,19402,853,14311,14303,15956,8789
2017-09-30T04:00:00Z,28139,28045,17076,17055,94,10594,10585,11817,7166
2017-09-30T05:00:00Z,29517,28874,16467,16459,643,11403,11395,12991,7276
2017-09-30T06:00:00Z,35548,35383,18567,18544,165,13938,13930,15593,8419
2017-09-30T07:00:00Z,36020,35914,19589,19572,106,14789,14782,16454,8910
2017-09-30T08:00:00Z,37271,37189,20059,20025,82,15443,15437,17177,9582
2017-09-30T09:00:00Z,39906,39803,22116,22087,103,15836,15829,18194,10842
2017-09-30T10:00:00Z,34271,34132,19149,19135,139,13272,13264,14898,8775
2017-09-30T11:00:00Z,31993,31678,18446,18422,315,12106,12096,13790,8143
2017-09-30T12:00:00Z,35060,34863,20610,20565,197,13105,13097,14718,8824
2017-09-30T13:00:00Z,37487,37301,21221,21185,186,14469,14461,16157,9644
2017-09-30T14:00:00Z,41012,40689,23629,23528,323,15920,15909,17732,10710
2017-09-30T15:00:00Z,42226,42152,24710,24684,74,16820,16812,18369,11397
2017-09-30T16:00:00Z,44095,43847,25598,25573,248,16339,16328,18106,10987
2017-09-30T17:00:00Z,41653,41498,23940,23897,155,15750,15739,17598,10615
2017-09-30T18:00:00Z,40870,40579,23624,23610,291,15454,15443,17355,10535
2017-09-30T19:00:00Z,39824,39791,23185,23182,33,15050,15042,16751,10369
2017-09-30T20:00:00Z,38368,38273,22805,22798,95,14604,14595,16281,10265
2017-09-30T21:00:00Z,37241,37014,22144,22132,227,13424,13415,15035,9607
2017-09-30T22:00:00Z,32542,32222,19603,19595,320,12122,12114,13668,8633
2017-09-30T23:00:00Z,32096,31564,20350,20349,532,10552,10545,12280,7664
2017-10-01T00:00:00Z,28188,28153,17666,17657,35,9882,9875,11437,7177
2017-10-01T01:00:00Z,27702,27512,17337,17328,190,9770,9764,11301,6844
2017-10-01T02:00:00Z,28761,28725,17771,17763,36,10108,10101,11621,7008
2017-10-01T03:00:00Z,27767,27741,17235,17230,26,10117,10111,11394,7052
2017-10-01T04:00:00Z,25580,25480,15777,15764,100,9330,9323,10665,6553
2017-10-01T05:00:00Z,26466,26246,15338,15281,220,9260,9252,10581,6305
2017-10-01T06:00:00Z,27264,27160,16103,16061,104,9844,9838,11188,6621
2017-10-01T07:00:00Z,28200,28005,16481,16467,195,10389,10378,11872,6924
2017-10-01T08:00:00Z,31807,31716,19263,19231,91,11429,11416,12867,7563
2017-10-01T09:00:00Z,33360,32881,19147,19119,479,11986,11976,13581,8065
2017-10-01T10:00:00Z,32407,32317,18960,18931,90,12265,12252,13706,8172
2017-10-01T11:00:00Z,32363,32287,18497,18469,76,12532,12525,13999,8454
2017-10-01T12:00:00Z,35372,35322,20132,20127,50,13722,13715,15369,9221
2017-10-01T13:00:00Z,38683,38539,21762,21745,144,15131,15121,17225,10202
2017-10-01T14:00:00Z,44895,44690,25964,25875,205,16643,16632,18604,11265
2017-10-01T15:00:00Z,43511,43403,24795,24754,108,17484,17475,19161,11734
2017-10-01T16:00:00Z,44945,44751,25786,25775,194,17283,17272,19321,12023
2017-10-01T17:00:00Z,44076,43913,25480,25421,163,16830,16820,18831,11766
2017-10-01T18:00:00Z,44079,43979,24888,24869,100,17056,17047,19246,11956
2017-10-01T19:00:00Z,44920,44760,25185,25180,160,17000,16992,19133,12083
2017-10-01T20:00:00Z,43932,43859,25832,25821,73,16835,16826,18732,12096
2017-10-01T21:00:00Z,41687,41554,25269,25246,133,15498,15489,17440,11193
2017-10-01T22:00:00Z,35888,35837,21491,21490,51,13625,13618,15343,9912
2017-10-01T23:00:00Z,33218,33146,20385,20383,72,12078,12069,13627,8733
2017-10-02T00:00:00Z,32584,32414,19994,19980,170,12012,12005,13549,8665
2017-10-02T01:00:00Z,33679,33528,20156,20114,151,12731,12721,14193,8838
2017-10-02T02:00:00Z,35945,35862,21184,21154,83,13372,13365,15125,9175
2017-10-02T03:00:00Z,35834,35688,21131,21062,146,13535,13531,15316,9519
2017-10-02T04:00:00Z,32988,32711,18835,18820,277,12553,12545,14318,8691
2017-10-02T05:00:00Z,32242,31842,18529,18517,400,12346,12338,13994,8323
2017-10-02T06:00:00Z,38020,37598,21211,21094,422,14607,14599,16442,9437
2017-10-02T07:00:00Z,44475,43721,23160,23092,754,17441,17435,19247,10970
2017-10-02T08:00:00Z,49439,49058,25084,25032,381,19893,19880,21505,12287
2017-10-02T09:00:00Z,51041,50752,26127,25983,289,20383,20372,22127,12921
2017-10-02T10:00:00Z,47815,47307,25471,25141,508,18840,18828,20695,12107
2017-10-02T11:00:00Z,49286,48514,26368,25867,772,19581,19569,21368,12612
2017-10-02T12:00:00Z,58357,57802,30857,30553,555,22929,22917,24880,14780
2017-10-02T13:00:00Z,64608,64313,32073,32000,295,26363,26352,28249,16639
2017-10-02T14:00:00Z,71688,71318,35957,35881,370,29025,29012,31148,18462
2017-10-02T15:00:00Z,71468,71104,35703,35619,364,29402,29387,31354,19140
2017-10-02T16:00:00Z,67433,67058,34547,34472,375,26961,26947,28935,17640
2017-10-02T17:00:00Z,64581,64215,32520,32488,366,25323,25308,27175,16554
2017-10-02T18:00:00Z,64809,64473,33189,33148,336,25193,25181,26852,16301
2017-10-02T19:00:00Z,66046,65485,34225,34163,561,25303,25289,27584,17110
2017-10-02T20:00:00Z,65296,65089,34418,34397,207,25015,25005,27167,17015
2017-10-02T21:00:00Z,58671,58440,31719,31595,231,22378,22369,24461,15237
2017-10-02T22:00:00Z,51258,50992,28082,28067,266,18775,18765,20627,13010
2017-10-02T23:00:00Z,44596,44516,25278,25277,80,16145,16137,17898,11181
2017-10-03T00:00:00Z,42713,42590,24520,24494,123,14987,14978,17034,10625
2017-10-03T01:00:00Z,38954,38611,21399,21378,343,14740,14733,16884,9951
2017-10-03T02:00:00Z,39726,39520,23110,23073,206,15231,15224,17264,10424
2017-10-03T03:00:00Z,39200,38999,22449,22405,201,15014,15007,17176,10268
2017-10-03T04:00:00Z,35064,34871,20174,20148,193,13533,13524,15340,9290
2017-10-03T05:00:00Z,35438,34327,19216,19204,1111,13401,13392,16057,9000
2017-10-03T06:00:00Z,39630,38596,20576,20545,1034,15358,15348,17929,9887
2017-10-03T07:00:00Z,44964,44241,22674,22600,723,18201,18192,19992,11350
2017-10-03T08:00:00Z,51644,50933,26383,26317,711,20152,20142,22226,12633
2017-10-03T09:00:00Z,53703,52934,27681,27594,769,21343,21328,23681,13772
2017-10-03T10:00:00Z,51586,50761,26132,26016,825,20362,20350,22775,13337
2017-10-03T11:00:00Z,51905,51414,26629,26596,491,20947,20936,22997,13354
2017-10-03T12:00:00Z,58653,57965,29606,29544,688,23721,23709,26233,15528
2017-10-03T13:00:00Z,67644,66854,33281,33254,790,27433,27422,29872,17755
2017-10-03T14:00:00Z,73385,72706,36901,36834,679,30062,30047,32216,19358
2017-10-03T15:00:00Z,75248,74280,37999,37874,968,29954,29940,32211,19253
2017-10-03T16:00:00Z,68974,68127,33904,33819,847,27388,27373,29443,17554
2017-10-03T17:00:00Z,68292,67551,35095,35070,741,26560,26548,28847,17258
2017-10-03T18:00:00Z,68621,67900,35293,35223,721,26374,26360,28698,17289
2017-10-03T19:00:00Z,68074,67298,36510,36472,776,25741,25726,28107,17296
2017-10-03T20:00:00Z,65975,65270,34757,34741,705,25592,25577,27747,17277
2017-10-03T21:00:00Z,60953,60351,32605,32595,602,22820,22809,25021,15679
2017-10-03T22:00:00Z,50660,50015,27210,27194,645,18914,18901,20917,13232
2017-10-03T23:00:00Z,44492,43679,24163,24101,813,16093,16084,18143,11353
2017-10-04T00:00:00Z,39835,39381,21884,21873,454,15144,15137,17405,10577
2017-10-04T01:00:00Z,37810,37323,20640,20628,487,14422,14414,16200,9777
2017-10-04T02:00:00Z,37701,37601,21155,21128,100,14715,14705,16394,10042
2017-10-04T03:00:00Z,36345,36221,20561,20554,124,14220,14216,15916,9959
2017-10-04T04:00:00Z,33710,33627,18616,18596,83,13385,13375,15158,9156
2017-10-04T05:00:00Z,31950,31719,17165,17157,231,13096,13087,14573,8559
2017-10-04T06:00:00Z,38309,38058,20479,20451,251,15192,15178,16926,9714
2017-10-04T07:00:00Z,44336,43765,22027,21988,571,18270,18258,19876,11290
2017-10-04T08:00:00Z,50637,50424,25619,25580,213,20825,20810,22165,12814
2017-10-04T09:00:00Z,54392,53556,27272,27005,836,21528,21515,23628,13479
2017-10-04T10:00:00Z,50542,49645,25365,25268,897,20160,20147,22184,12908
2017-10-04T11:00:00Z,50663,49781,25678,25571,882,21056,21044,22655,13350
2017-10-04T12:00:00Z,58537,58072,28941,28856,465,24050,24034,25842,15329
2017-10-04T13:00:00Z,69353,68957,34416,34208,396,27596,27585,29701,17407
2017-10-04T14:00:00Z,71552,71136,35267,35076,416,29569,29558,31222,18911
2017-10-04T15:00:00Z,69506,69064,34562,34431,442,29401,29385,31089,18918
2017-10-04T16:00:00Z,66461,65569,33132,32983,892,27025,27009,29176,17911
2017-10-04T17:00:00Z,65606,65379,33557,33516,227,25384,25373,27378,16822
2017-10-04T18:00:00Z,66464,65841,34152,34121,623,25644,25632,27810,17209
2017-10-04T19:00:00Z,65318,64990,34585,34557,328,25185,25171,27880,17577
2017-10-04T20:00:00Z,63588,63198,33734,33693,390,24786,24775,26811,16981
2017-10-04T21:00:00Z,58689,58449,30582,30565,240,22427,22410,24593,15320
2017-10-04T22:00:00Z,54643,54442,29524,29514,201,18787,18775,21538,13461
2017-10-04T23:00:00Z,45124,45007,24785,24762,117,15938,15931,18145,11308
2017-10-05T00:00:00Z,41565,41473,23541,23510,92,14623,14615,16874,10361
2017-10-05T01:00:00Z,40134,40057,22705,22689,77,14136,14125,16515,9985
2017-10-05T02:00:00Z,39233,39046,21698,21664,187,14354,14343,16718,9993
2017-10-05T03:00:00Z,39747,39682,22426,22401,65,14396,14385,16822,10103
2017-10-05T04:00:00Z,36990,36841,20565,20547,149,13620,13611,15913,9482
2017-10-05T05:00:00Z,37604,37057,19843,19791,547,13546,13537,16203,9280
2017-10-05T06:00:00Z,40691,40571,21378,21340,120,15601,15591,18089,10276
2017-10-05T07:00:00Z,48979,48235,24143,24053,744,18686,18676,21210,11680
2017-10-05T08:00:00Z,56293,55777,28992,28873,516,21035,21022,23411,13141
2017-10-05T09:00:00Z,55153,54926,28541,28418,227,21696,21685,23908,13865
2017-10-05T10:00:00Z,51946,51744,26828,26730,202,20343,20332,22417,13185
2017-10-05T11:00:00Z,55514,55361,28950,28886,153,21192,21179,23398,13909
2017-10-05T12:00:00Z,62159,61982,32181,32083,177,24188,24173,26460,15784
2017-10-05T13:00:00Z,69617,69323,35685,35562,294,27512,27502,29843,17923
2017-10-05T14:00:00Z,75636,75086,37751,37635,550,30144,30130,32468,19397
2017-10-05T15:00:00Z,74953,74671,37546,37477,282,29975,29954,32039,19384
2017-10-05T16:00:00Z,69854,69501,35958,35935,353,26883,26868,28772,17535
2017-10-05T17:00:00Z,66064,65568,33638,33592,496,25900,25881,27832,16983
2017-10-05T18:00:00Z,67063,66857,35027,34992,206,25382,25370,27489,17135
2017-10-05T19:00:00Z,65655,65220,34705,34640,435,24805,24790,26920,16783
2017-10-05T20:00:00Z,65254,65079,34941,34895,175,24509,24497,26444,16745
2017-10-05T21:00:00Z,58688,58300,31824,31782,388,22073,22060,24110,15334
2017-10-05T22:00:00Z,50917,50625,27554,27527,292,18604,18591,20807,13078
2017-10-05T23:00:00Z,42308,42140,23713,23690,168,15580,15570,17516,10985
2017-10-06T00:00:00Z,38330,38205,21597,21578,125,14167,14156,16046,10057
2017-10-06T01:00:00Z,38268,38176,21820,21788,92,14011,14001,15684,9611
2017-10-06T02:00:00Z,37547,37220,21358,21207,327,13975,13965,15974,9659
2017-10-06T03:00:00Z,37762,37034,21405,21347,728,14067,14060,16583,9698
2017-10-06T04:00:00Z,35836,34645,20126,20115,1191,13099,13092,15674,8976
2017-10-06T05:00:00Z,37352,36524,21298,21284,828,13345,13336,15521,8985
2017-10-06T06:00:00Z,43025,42171,23658,23622,854,15681,15671,17971,10123
2017-10-06T07:00:00Z,47712,46630,24440,24423,1082,18460,18449,20486,11480
2017-10-06T08:00:00Z,53638,52513,27628,27504,1125,20563,20553,22637,12847
2017-10-06T09:00:00Z,57161,56276,29853,29804,885,21778,21766,24380,14116
2017-10-06T10:00:00Z,51729,51137,27292,27253,592,20080,20069,21950,13077
2017-10-06T11:00:00Z,51702,51475,27875,27837,227,20658,20647,22322,13436
2017-10-06T12:00:00Z,57660,57482,30059,30003,178,23387,23374,24980,14957
2017-10-06T13:00:00Z,64895,64759,33195,33152,136,26461,26450,28369,17090
2017-10-06T14:00:00Z,69420,69087,35047,34909,333,28430,28414,30109,18288
2017-10-06T15:00:00Z,68398,68016,35231,35143,382,27948,27933,29963,18148
2017-10-06T16:00:00Z,64463,64208,33545,33513,255,24978,24966,27197,16758
2017-10-06T17:00:00Z,60319,60132,31306,31270,187,23663,23653,25399,15509
2017-10-06T18:00:00Z,60498,60015,31606,31578,483,22878,22866,24914,15129
2017-10-06T19:00:00Z,59088,58380,32347,32321,708,21639,21629,24242,14781
2017-10-06T20:00:00Z,57274,56395,31774,31698,879,20728,20716,23185,14459
2017-10-06T21:00:00Z,51435,50997,28837,28815,438,19101,19089,21329,13461
2017-10-06T22:00:00Z,45228,45059,25297,25278,169,15839,15828,17996,11322
2017-10-06T23:00:00Z,36076,35935,20905,20877,141,12990,12978,14988,9455
2017-10-07T00:00:00Z,31199,31072,18785,18770,127,11266,11256,13205,8479
2017-10-07T01:00:00Z,29917,29855,17604,17582,62,10726,10714,12690,7812
2017-10-07T02:00:00Z,29842,29784,18098,18091,58,10682,10675,12762,7738
2017-10-07T03:00:00Z,30796,30732,18855,18849,64,10881,10873,12993,7966
2017-10-07T04:00:00Z,28030,27915,16874,16842,115,10029,10020,11954,7270
2017-10-07T05:00:00Z,26869,26770,16146,16128,99,9937,9926,11748,7001
2017-10-07T06:00:00Z,29524,29362,17220,17187,162,10681,10675,12585,7427
2017-10-07T07:00:00Z,33921,33766,18200,18174,155,11530,11522,13627,7961
2017-10-07T08:00:00Z,34358,34109,19614,19473,249,12650,12641,14548,8488
2017-10-07T09:00:00Z,35165,34891,20245,20179,274,13259,13252,15361,9086
2017-10-07T10:00:00Z,34735,34490,20177,20116,245,13022,13015,14863,8980
2017-10-07T11:00:00Z,35396,35261,20342,20330,135,13362,13354,15324,9200
2017-10-07T12:00:00Z,38070,37935,21836,21815,135,14682,14672,16678,9967
2017-10-07T13:00:00Z,40231,40098,22801,22788,133,15967,15961,18058,11043
2017-10-07T14:00:00Z,44723,44183,25275,25265,540,17212,17206,19883,12097
2017-10-07T15:00:00Z,46391,46192,26164,26123,199,18004,17995,20434,12525
2017-10-07T16:00:00Z,44611,44485,25343,25317,126,17276,17266,19687,12139
2017-10-07T17:00:00Z,44598,44373,26040,26012,225,16629,16621,18606,11542
2017-10-07T18:00:00Z,43059,42896,24765,24742,163,16184,16175,18260,11456
2017-10-07T19:00:00Z,43664,43518,26416,26390,146,15684,15672,18020,11411
2017-10-07T20:00:00Z,43362,43287,26749,26718,75,15244,15235,17309,11067
2017-10-07T21:00:00Z,40111,39833,24496,24486,278,14166,14159,16470,10550
2017-10-07T22:00:00Z,36956,36769,23557,23502,187,12461,12451,14461,9453
2017-10-07T23:00:00Z,31729,31599,20035,20009,130,10983,10976,12844,8423
2017-10-08T00:00:00Z,31149,31034,19882,19818,115,10581,10573,12558,8071
2017-10-08T01:00:00Z,30775,30715,19755,19724,60,10525,10517,12693,7742
2017-10-08T02:00:00Z,32863,32686,21274,21153,177,11135,11125,12899,7959
2017-10-08T03:00:00Z,31490,31412,19837,19825,78,11382,11375,13271,8278
2017-10-08T04:00:00Z,28972,28939,18619,18610,33,10443,10437,12162,7729
2017-10-08T05:00:00Z,28785,28480,18354,18070,305,10451,10442,12118,7557
2017-10-08T06:00:00Z,30550,30500,19261,19237,50,11060,11053,12828,7846
2017-10-08T07:00:00Z,31916,31868,19063,19044,48,11996,11987,13989,8258
2017-10-08T08:00:00Z,34797,34735,21408,21382,62,12866,12856,14863,8791
2017-10-08T09:00:00Z,36242,36125,21507,21459,117,13798,13789,15817,9593
2017-10-08T10:00:00Z,36495,36410,22061,22028,85,13754,13746,15744,9704
2017-10-08T11:00:00Z,38894,38716,23546,23427,178,14209,14201,16503,9962
2017-10-08T12:00:00Z,38552,38272,22517,22390,280,15078,15070,17231,10405
2017-10-08T13:00:00Z,42596,42271,24150,23984,325,17256,17249,19402,11810
2017-10-08T14:00:00Z,46409,46110,26419,26274,299,18788,18779,21186,12926
2017-10-08T15:00:00Z,47714,47631,27960,27948,83,19013,19007,21460,13486
2017-10-08T16:00:00Z,49904,49537,29841,29787,367,18772,18762,21272,13494
2017-10-08T17:00:00Z,47905,47691,29174,29152,214,17841,17830,20377,13117
2017-10-08T18:00:00Z,46978,46847,28354,28333,131,17980,17973,20212,13148
2017-10-08T19:00:00Z,47235,47135,28272,28246,100,17884,17876,20028,13112
2017-10-08T20:00:00Z,46594,46432,27936,27912,162,17633,17625,19904,13021
2017-10-08T21:00:00Z,42692,42440,26328,26291,252,16014,16008,18138,11940
2017-10-08T22:00:00Z,37116,37050,22827,22795,66,13838,13832,15841,10352
2017-10-08T23:00:00Z,36366,36251,22609,22589,115,12426,12419,14673,9535
2017-10-09T00:00:00Z,35207,34927,22062,22046,280,12781,12775,14978,9493
2017-10-09T01:00:00Z,41719,41595,24159,24142,124,16128,16118,17919,10554
2017-10-09T02:00:00Z,46891,46768,27256,27208,123,18285,18279,20138,11592
2017-10-09T03:00:00Z,47040,46912,27774,27702,128,18312,18306,20370,11619
2017-10-09T04:00:00Z,38185,38092,23134,23107,93,14327,14317,16534,10097
2017-10-09T05:00:00Z,40560,40390,23038,22975,170,15908,15902,18008,10399
2017-10-09T06:00:00Z,49263,48929,26012,25966,334,20327,20317,22479,12358
2017-10-09T07:00:00Z,56568,55908,28377,28342,660,23386,23377,25669,13807
2017-10-09T08:00:00Z,62462,62314,32088,32031,148,26029,26017,27807,15500
2017-10-09T09:00:00Z,67368,67103,34540,34491,265,27471,27456,29555,16860
2017-10-09T10:00:00Z,59124,58859,31932,31855,265,24114,24103,26066,15609
2017-10-09T11:00:00Z,59754,59560,32096,32050,194,23519,23507,26142,15382
2017-10-09T12:00:00Z,65350,64956,34537,34321,394,26170,26160,28481,17072
2017-10-09T13:00:00Z,73169,72966,39107,39004,203,29266,29253,31324,18913
2017-10-09T14:00:00Z,76429,76253,40281,40217,176,31315,31303,33904,20747
2017-10-09T15:00:00Z,74508,74123,39949,39750,385,30258,30244,32681,20304
2017-10-09T16:00:00Z,70588,70127,38142,38019,461,27560,27546,30428,18623
2017-10-09T17:00:00Z,62852,62404,32505,32470,448,24762,24750,27412,16725
2017-10-09T18:00:00Z,63551,63002,32477,32425,549,24975,24961,27400,16778
2017-10-09T19:00:00Z,64584,64289,34393,34281,295,24864,24850,26922,16751
2017-10-09T20:00:00Z,61985,61711,33331,33261,274,24649,24636,27035,17068
2017-10-09T21:00:00Z,57261,57132,31297,31290,129,21920,21910,24551,15587
2017-10-09T22:00:00Z,47518,47395,25625,25621,123,18673,18662,20311,12816
2017-10-09T23:00:00Z,40981,40879,22588,22564,102,16048,16039,17692,11134
2017-10-10T00:00:00Z,41447,41382,22767,22751,65,16323,16315,18294,11070
2017-10-10T01:00:00Z,45519,45200,24287,24266,319,19367,19357,20746,11697
2017-10-10T02:00:00Z,49599,49350,26222,26210,249,20787,20778,22257,12429
2017-10-10T03:00:00Z,48558,48271,25332,25310,287,20287,20278,22350,12488
2017-10-10T04:00:00Z,37989,37954,20759,20745,35,15885,15877,17433,10276
2017-10-10T05:00:00Z,41445,41243,22240,22218,202,17310,17300,19051,10627
2017-10-10T06:00:00Z,49853,49662,24494,24395,191,22031,22025,23800,12765
2017-10-10T07:00:00Z,56704,56441,27103,27061,263,25196,25187,26859,14298
2017-10-10T08:00:00Z,63460,63270,31107,31074,190,27709,27695,29009,15855
2017-10-10T09:00:00Z,66063,65785,33037,32980,278,28734,28721,30260,17054
2017-10-10T10:00:00Z,57971,57270,29666,29624,701,25311,25302,27132,15925
2017-10-10T11:00:00Z,57517,57224,29472,29365,293,24570,24557,26619,15278
2017-10-10T12:00:00Z,64880,64625,32983,32934,255,27440,27429,29393,17396
2017-10-10T13:00:00Z,70750,70605,35677,35627,145,30560,30546,32408,19142
2017-10-10T14:00:00Z,74240,73766,37215,37109,474,32188,32172,33848,20302
2017-10-10T15:00:00Z,76437,76090,38845,38734,347,32389,32377,34280,20937
2017-10-10T16:00:00Z,67592,67265,34691,34659,327,28165,28152,29970,18239
2017-10-10T17:00:00Z,67192,66442,34005,33966,750,26936,26923,28867,17382
2017-10-10T18:00:00Z,60388,60128,31023,31000,260,24438,24423,25935,15841
2017-10-10T19:00:00Z,66793,66500,34809,34788,293,26459,26442,28235,17470
2017-10-10T20:00:00Z,65620,65186,35033,35010,434,25916,25903,28297,17760
2017-10-10T21:00:00Z,61667,61094,32788,32777,573,23539,23528,26130,16558
2017-10-10T22:00:00Z,50449,50325,27800,27782,124,19375,19362,21905,13990
2017-10-10T23:00:00Z,44501,44412,24430,24390,89,16817,16804,19173,12184
2017-10-11T00:00:00Z,43834,43656,24141,24115,178,16307,16299,18635,11557
2017-10-11T01:00:00Z,46777,46707,24865,24852,70,19161,19153,20799,12012
2017-10-11T02:00:00Z,50525,50388,26813,26764,137,20984,20975,23023,13042
2017-10-11T03:00:00Z,48928,48791,25850,25793,137,20451,20441,22565,12902
2017-10-11T04:00:00Z,39178,38993,21587,21560,185,16290,16282,18384,11024
2017-10-11T05:00:00Z,41415,41338,21761,21747,77,17647,17638,19216,11113
2017-10-11T06:00:00Z,50224,50076,25284,25220,148,21999,21991,23887,13290
2017-10-11T07:00:00Z,59725,59431,29512,29456,294,25398,25384,27182,15270
2017-10-11T08:00:00Z,63730,63510,31393,31353,220,27938,27925,29496,16659
2017-10-11T09:00:00Z,69380,69165,34720,34694,215,29488,29475,31651,18255
2017-10-11T10:00:00Z,59667,59500,30773,30719,167,25400,25384,27617,16501
2017-10-11T11:00:00Z,57558,57170,29288,29132,388,24238,24222,26386,15482
2017-10-11T12:00:00Z,66525,66177,32977,32911,348,27818,27803,30263,17896
2017-10-11T13:00:00Z,74634,74413,37446,37367,221,30821,30807,33189,20043
2017-10-11T14:00:00Z,76885,76756,38635,38600,129,32444,32428,34726,21111
2017-10-11T15:00:00Z,75545,75194,38736,38704,351,32153,32141,34886,21284
2017-10-11T16:00:00Z,71865,71644,37524,37466,221,28813,28797,31487,19144
2017-10-11T17:00:00Z,70220,70031,34969,34910,189,27177,27164,29401,17585
2017-10-11T18:00:00Z,70660,70069,36728,36657,591,26905,26893,29612,17674
2017-10-11T19:00:00Z,69940,69193,36097,36010,747,26512,26496,29452,18027
2017-10-11T20:00:00Z,65226,64320,34512,34484,906,24948,24933,27490,17013
2017-10-11T21:00:00Z,64430,63730,33398,33337,700,23951,23941,27078,16645
2017-10-11T22:00:00Z,51119,50660,27632,27596,459,19444,19432,21777,13706
2017-10-11T23:00:00Z,46531,46367,24782,24743,164,17045,17036,19486,12083
2017-10-12T00:00:00Z,44698,44510,23727,23639,188,16752,16743,19791,11588
2017-10-12T01:00:00Z,47577,47272,25722,25620,305,19488,19477,21474,12188
2017-10-12T02:00:00Z,52147,52021,27330,27282,126,21431,21417,23668,13062
2017-10-12T03:00:00Z,49630,49550,26145,26119,80,20829,20820,23203,12965
2017-10-12T04:00:00Z,40790,40697,22448,22420,93,16300,16292,18754,10945
2017-10-12T05:00:00Z,44085,43988,24071,24046,97,17838,17829,19710,11266
2017-10-12T06:00:00Z,52768,52547,26912,26860,221,22207,22198,24520,13507
2017-10-12T07:00:00Z,59070,58723,29088,29056,347,25517,25508,27740,15148
2017-10-12T08:00:00Z,65570,65283,32523,32410,287,27913,27901,29863,16622
2017-10-12T09:00:00Z,70609,70361,36650,36599,248,29211,29198,31905,18456
2017-10-12T10:00:00Z,60095,59933,32236,32217,162,24708,24695,27259,16224
2017-10-12T11:00:00Z,59388,59285,31714,31693,103,23977,23968,26584,15303
2017-10-12T12:00:00Z,66033,65837,33580,33512,196,26655,26639,29601,17144
2017-10-12T13:00:00Z,72614,72390,37358,37252,224,29842,29829,32123,18996
2017-10-12T14:00:00Z,77200,76968,39903,39863,232,32593,32575,34646,20947
2017-10-12T15:00:00Z,77451,77117,40139,40067,334,31674,31657,34480,20788
2017-10-12T16:00:00Z,71349,71048,37396,37365,301,28231,28216,31223,19078
2017-10-12T17:00:00Z,69163,68911,36422,36402,252,26216,26202,28625,17684
2017-10-12T18:00:00Z,69230,68963,37307,37256,267,25638,25623,28411,17693
2017-10-12T19:00:00Z,66459,66062,35560,35501,397,24936,24920,27893,17365
2017-10-12T20:00:00Z,64137,63506,34073,34001,631,24740,24726,27577,17563
2017-10-12T21:00:00Z,60708,59931,32640,32601,777,22896,22880,25635,16416
2017-10-12T22:00:00Z,52060,51203,27858,27834,857,19218,19209,22267,13908
2017-10-12T23:00:00Z,45506,45335,25527,25509,171,16390,16380,18655,11984
2017-10-13T00:00:00Z,44393,44305,25050,25030,88,16325,16317,18570,11544
2017-10-13T01:00:00Z,49028,48953,27252,27229,75,19157,19148,21456,12296
2017-10-13T02:00:00Z,51759,51688,28004,27972,71,20828,20820,23123,13053
2017-10-13T03:00:00Z,50699,50597,27890,27877,102,20070,20062,22884,13131
2017-10-13T04:00:00Z,40710,40649,23521,23515,61,15735,15724,18228,10941
2017-10-13T05:00:00Z,43629,43387,23908,23900,242,17470,17459,20145,11645
2017-10-13T06:00:00Z,52968,52812,28115,28072,156,21679,21667,24148,13391
2017-10-13T07:00:00Z,58976,58677,30558,30520,299,24679,24665,27041,15115
2017-10-13T08:00:00Z,66574,66429,34129,34048,145,27370,27358,30240,16887
2017-10-13T09:00:00Z,67101,66866,35098,35043,235,28481,28469,31087,18220
2017-10-13T10:00:00Z,58511,58286,31006,30960,225,24572,24563,26800,16071
2017-10-13T11:00:00Z,54868,54633,28298,28222,235,22833,22820,24467,14259
2017-10-13T12:00:00Z,61254,61097,30844,30811,157,25078,25065,27427,16417
2017-10-13T13:00:00Z,68740,68565,35078,35049,175,28433,28417,31342,19193
2017-10-13T14:00:00Z,72999,72804,36975,36926,195,30321,30304,32855,20125
2017-10-13T15:00:00Z,70411,70228,35881,35845,183,29219,29204,31680,19033
2017-10-13T16:00:00Z,64381,64162,32966,32949,219,25929,25913,27952,16746
2017-10-13T17:00:00Z,62757,62538,31942,31909,219,24166,24151,26418,15971
2017-10-13T18:00:00Z,61409,60750,31022,30995,659,23579,23565,25905,15603
2017-10-13T19:00:00Z,58424,58058,30691,30656,366,22283,22269,24646,14983
2017-10-13T20:00:00Z,56182,55984,29702,29656,198,21692,21680,23771,14616
2017-10-13T21:00:00Z,52297,51380,26927,26905,917,19341,19333,21407,13299
2017-10-13T22:00:00Z,43318,43217,23442,23427,101,16399,16391,18457,11452
2017-10-13T23:00:00Z,37380,37301,20799,20790,79,13513,13501,15522,9426
2017-10-14T00:00:00Z,34766,34313,19151,19123,453,12193,12186,14215,8348
2017-10-14T01:00:00Z,32832,32373,18471,18449,459,11831,11822,13523,7789
2017-10-14T02:00:00Z,32941,32880,18268,18259,61,12427,12420,14146,7959
2017-10-14T03:00:00Z,32188,32141,18309,18300,47,12663,12655,14411,8276
2017-10-14T04:00:00Z,28704,28654,15848,15843,50,11414,11405,12922,7512
2017-10-14T05:00:00Z,28026,27903,15493,15480,123,11302,11290,12825,7270
2017-10-14T06:00:00Z,30519,30392,16231,16217,127,12069,12061,14249,7673
2017-10-14T07:00:00Z,32562,32451,17562,17537,111,13065,13058,15093,8335
2017-10-14T08:00:00Z,35147,34898,18852,18831,249,14106,14097,15974,8914
2017-10-14T09:00:00Z,35918,35733,19544,19532,185,14586,14577,16384,9446
2017-10-14T10:00:00Z,34045,33831,18755,18739,214,13833,13825,15328,9171
2017-10-14T11:00:00Z,34577,34469,18273,18246,108,13922,13913,15626,9051
2017-10-14T12:00:00Z,35795,35552,19407,19382,243,15034,15023,16962,9827
2017-10-14T13:00:00Z,40111,40002,21614,21592,109,16725,16714,18608,11042
2017-10-14T14:00:00Z,44231,43573,23240,23213,658,18315,18303,20530,12148
2017-10-14T15:00:00Z,46351,45731,25191,25167,620,18689,18675,21036,12403
2017-10-14T16:00:00Z,45391,44882,24279,24263,509,18144,18132,20315,12235
2017-10-14T17:00:00Z,43844,43739,24101,24088,105,17275,17267,19303,11853
2017-10-14T18:00:00Z,43686,43565,24520,24485,121,16618,16607,18572,11384
2017-10-14T19:00:00Z,41911,41447,23234,23158,464,16105,16095,18274,11282
2017-10-14T20:00:00Z,42233,41018,24143,24116,1215,15694,15682,18349,11238
2017-10-14T21:00:00Z,39747,38972,23268,23255,775,14824,14815,16983,10612
2017-10-14T22:00:00Z,36386,35679,20982,20967,707,13170,13162,16042,9551
2017-10-14T23:00:00Z,31319,30501,18366,18362,818,11513,11507,13570,8343
2017-10-15T00:00:00Z,31331,31030,20164,20153,301,10924,10917,12598,8014
2017-10-15T01:00:00Z,29164,29100,17473,17470,64,11014,11009,12533,7567
2017-10-15T02:00:00Z,31363,31253,18507,18501,110,11789,11782,13203,7975
2017-10-15T03:00:00Z,31031,30783,18103,18094,248,12120,12111,13941,8288
2017-10-15T04:00:00Z,28724,28678,16985,16971,46,11235,11227,13016,7760
2017-10-15T05:00:00Z,28251,28159,16309,16302,92,11052,11047,12867,7597
2017-10-15T06:00:00Z,30658,30606,17038,17013,52,11664,11656,13793,7976
2017-10-15T07:00:00Z,31168,31086,17369,17347,82,12395,12387,13987,8048
2017-10-15T08:00:00Z,33336,33135,18499,18468,201,13532,13523,15165,8772
2017-10-15T09:00:00Z,35738,35608,20467,20443,130,14196,14188,16071,9594
2017-10-15T10:00:00Z,36132,36007,20321,20304,125,14265,14259,16334,9696
2017-10-15T11:00:00Z,36119,35992,19989,19971,127,14795,14786,16760,9886
2017-10-15T12:00:00Z,40732,40656,22141,22131,76,16446,16439,18702,11118
2017-10-15T13:00:00Z,43652,43564,23730,23695,88,18504,18494,20733,12413
2017-10-15T14:00:00Z,48172,47666,26239,26191,506,20019,20007,22702,13747
2017-10-15T15:00:00Z,48330,48147,26961,26933,183,19979,19968,22774,14030
2017-10-15T16:00:00Z,46803,46584,25880,25851,219,19103,19096,21649,13434
2017-10-15T17:00:00Z,45688,45427,26001,25954,261,18442,18432,20904,13082
2017-10-15T18:00:00Z,45990,45828,25805,25765,162,18511,18500,21033,13201
2017-10-15T19:00:00Z,47074,46923,26919,26889,151,18596,18587,21139,13510
2017-10-15T20:00:00Z,44320,44152,25446,25429,168,17700,17688,20145,12827
2017-10-15T21:00:00Z,44105,43454,26332,26142,651,16582,16573,18889,12352
2017-10-15T22:00:00Z,38049,37302,22128,22098,747,14438,14430,17034,10635
2017-10-15T23:00:00Z,34170,33402,19953,19936,768,12945,12934,15339,9545
2017-10-16T00:00:00Z,34007,33916,19749,19731,91,13779,13773,15591,9693
2017-10-16T01:00:00Z,41496,41392,22657,22611,104,17786,17777,19226,11067
2017-10-16T02:00:00Z,46085,45953,24170,24128,132,19751,19742,21367,11663
2017-10-16T03:00:00Z,45143,45022,24211,24182,121,19229,19221,20809,11569
2017-10-16T04:00:00Z,38043,37609,21207,21170,434,15322,15313,17224,10143
2017-10-16T05:00:00Z,40329,40156,21377,21356,173,17039,17029,18733,10394
2017-10-16T06:00:00Z,49770,49401,24628,24602,369,21695,21682,23161,12520
2017-10-16T07:00:00Z,58580,57776,28125,28040,804,25063,25049,26754,14396
2017-10-16T08:00:00Z,65296,65045,32600,32516,251,27491,27480,29166,15905
2017-10-16T09:00:00Z,66448,66174,33173,33109,274,28715,28703,30423,17146
2017-10-16T10:00:00Z,59753,59508,31519,31435,245,25179,25167,26913,15756
2017-10-16T11:00:00Z,56702,56481,28970,28926,221,24150,24135,25772,15076
2017-10-16T12:00:00Z,63760,63504,31966,31923,256,27013,27000,28892,17142
2017-10-16T13:00:00Z,71556,71327,35862,35799,229,30671,30658,32372,19354
2017-10-16T14:00:00Z,78577,78077,39081,39001,500,32751,32735,34924,21089
2017-10-16T15:00:00Z,74863,74649,37066,37021,214,32273,32259,34229,20675
2017-10-16T16:00:00Z,69880,68991,35145,35091,889,28632,28618,30986,18731
2017-10-16T17:00:00Z,65429,64534,33057,33020,895,26495,26481,29005,17506
2017-10-16T18:00:00Z,68112,67077,34560,34500,1035,26842,26824,29558,18137
2017-10-16T19:00:00Z,66143,65293,34042,34004,850,26185,26173,29164,18132
2017-10-16T20:00:00Z,67655,66877,35022,34985,778,26264,26253,29189,18069
2017-10-16T21:00:00Z,58346,57595,30106,30085,751,23253,23238,25721,16344
2017-10-16T22:00:00Z,48673,47648,25724,25679,1025,19345,19331,21888,13916
2017-10-16T23:00:00Z,42944,42022,22655,22624,922,16754,16744,19192,11988
2017-10-17T00:00:00Z,42941,42240,23117,23088,701,16954,16943,19504,11988
2017-10-17T01:00:00Z,47620,47322,24277,24249,298,19958,19949,22318,12553
2017-10-17T02:00:00Z,50321,50172,26219,26148,149,21435,21427,23433,13299
2017-10-17T03:00:00Z,47654,47518,24668,24630,136,20840,20830,23154,13154
2017-10-17T04:00:00Z,39038,38954,21373,21360,84,16571,16564,18693,11210
2017-10-17T05:00:00Z,42937,42819,22103,22090,118,18095,18086,20335,11501
2017-10-17T06:00:00Z,51344,51063,24822,24771,281,22898,22888,25081,13603
2017-10-17T07:00:00Z,59418,59051,28661,28633,367,25985,25972,27976,15394
2017-10-17T08:00:00Z,65853,65539,31592,31513,314,28421,28409,30313,16904
2017-10-17T09:00:00Z,67030,66565,33170,33091,465,29110,29096,31653,17914
2017-10-17T10:00:00Z,60515,59571,29804,29771,944,25913,25900,28477,16642
2017-10-17T11:00:00Z,57770,57562,28630,28613,208,25096,25086,27460,15803
2017-10-17T12:00:00Z,64869,64452,31997,31896,417,28076,28061,30377,17727
2017-10-17T13:00:00Z,60174,59661,25824,25766,513,27990,27979,29394,15117
2017-10-17T14:00:00Z,67801,67491,30319,30276,310,32077,32061,33892,17733
2017-10-17T15:00:00Z,76418,76076,37924,37857,342,35373,35358,38190,21852
2017-10-17T16:00:00Z,85190,84189,48189,48132,1001,35228,35207,38625,25138
2017-10-17T17:00:00Z,66028,65096,33954,33910,932,26797,26779,28878,17418
2017-10-17T18:00:00Z,68349,67408,34118,34061,941,27149,27133,29108,17583
2017-10-17T19:00:00Z,67170,66177,34885,34795,993,26316,26298,28647,17611
2017-10-17T20:00:00Z,67192,66608,35674,35631,584,26347,26331,29044,18350
2017-10-17T21:00:00Z,61018,60558,32439,32381,460,23967,23956,26650,16855
2017-10-17T22:00:00Z,50452,50289,27245,27221,163,19729,19717,22101,14084
2017-10-17T23:00:00Z,43953,43829,23923,23889,124,16924,16912,19202,11950
2017-10-18T00:00:00Z,42778,42649,23998,23985,129,16902,16889,19455,11856
2017-10-18T01:00:00Z,47737,47595,25530,25484,142,19607,19596,21828,12470
2017-10-18T02:00:00Z,49893,49776,26214,26182,117,20769,20759,23168,12919
2017-10-18T03:00:00Z,48700,48171,25356,25315,529,20254,20243,22745,12717
2017-10-18T04:00:00Z,39595,39333,21897,21876,262,16113,16103,18482,10973
2017-10-18T05:00:00Z,42392,42204,22855,22797,188,17433,17425,19559,11262
2017-10-18T06:00:00Z,51600,51449,26015,25940,151,22096,22086,24373,13249
2017-10-18T07:00:00Z,58892,58365,28163,28098,527,25477,25464,27954,15116
2017-10-18T08:00:00Z,66410,66112,32563,32420,298,28618,28606,30654,17161
2017-10-18T09:00:00Z,69023,68883,35998,35957,140,29233,29219,31306,18410
2017-10-18T10:00:00Z,60800,60660,31192,31175,140,25942,25931,27874,16570
2017-10-18T11:00:00Z,61055,60868,31537,31513,187,25221,25206,27853,16404
2017-10-18T12:00:00Z,66307,65977,33550,33523,330,27730,27719,30198,17825
2017-10-18T13:00:00Z,76374,75928,39061,38991,446,31619,31602,33486,20090
2017-10-18T14:00:00Z,81636,80959,40400,40341,677,33532,33517,35921,21651
2017-10-18T15:00:00Z,80991,80483,41460,41388,508,33747,33735,36119,22226
2017-10-18T16:00:00Z,73550,73321,38649,38631,229,29718,29699,32369,19836
2017-10-18T17:00:00Z,67361,67139,34868,34799,222,27418,27405,29758,18074
2017-10-18T18:00:00Z,67159,66805,34654,34492,354,26760,26742,29077,17829
2017-10-18T19:00:00Z,65653,65373,34461,34387,280,26281,26262,28474,17778
2017-10-18T20:00:00Z,66203,65556,34280,34211,647,25823,25813,28089,17455
2017-10-18T21:00:00Z,61386,60909,31627,31528,477,23632,23621,26311,16051
2017-10-18T22:00:00Z,51430,51235,27941,27913,195,19826,19814,21566,13655
2017-10-18T23:00:00Z,44972,44784,24209,24143,188,16781,16768,18618,11517
2017-10-19T00:00:00Z,43625,43272,24634,24585,353,16524,16513,18310,10936
2017-10-19T01:00:00Z,46860,46277,24876,24826,583,19238,19232,20899,11820
2017-10-19T02:00:00Z,53139,52279,27240,27165,860,21263,21252,23092,12826
2017-10-19T03:00:00Z,48558,48462,25733,25707,96,20106,20096,21938,12378
2017-10-19T04:00:00Z,39450,39298,22207,22172,152,15635,15624,17271,10144
2017-10-19T05:00:00Z,41697,41486,22419,22367,211,17355,17345,19260,11019
2017-10-19T06:00:00Z,50692,50533,25961,25891,159,21852,21841,24160,13505
2017-10-19T07:00:00Z,59677,59126,28955,28865,551,25512,25503,28263,15687
2017-10-19T08:00:00Z,65735,65559,32180,32137,176,27957,27948,30599,17394
2017-10-19T09:00:00Z,69434,69234,35369,35304,200,28789,28774,31489,18577
2017-10-19T10:00:00Z,61196,60793,32441,32343,403,25414,25398,28290,17495
2017-10-19T11:00:00Z,58979,58100,30506,30467,879,24480,24468,27797,16560
2017-10-19T12:00:00Z,66774,65961,34983,34858,813,27043,27025,30288,18198
2017-10-19T13:00:00Z,73771,73063,37693,37596,708,30804,30788,33863,20399
2017-10-19T14:00:00Z,78374,77878,40566,40427,496,32895,32877,35945,22113
2017-10-19T15:00:00Z,76481,75996,39850,39737,485,32240,32226,35266,22037
2017-10-19T16:00:00Z,65775,65410,35102,34925,365,27240,27227,30134,18848
2017-10-19T17:00:00Z,66357,65977,35050,35031,380,26163,26153,29263,18294
2017-10-19T18:00:00Z,67708,67035,36045,35996,673,26242,26229,29396,18595
2017-10-19T19:00:00Z,65599,65358,34956,34898,241,25820,25808,28549,18072
2017-10-19T20:00:00Z,65109,64648,34801,34715,461,25305,25288,27275,17056
2017-10-19T21:00:00Z,59304,59067,31930,31895,237,23021,23008,25095,16016
2017-10-19T22:00:00Z,49404,49093,26779,26710,311,19106,19096,21210,13311
2017-10-19T23:00:00Z,43834,43477,24260,24144,357,16272,16259,18234,11207
2017-10-20T00:00:00Z,42837,42785,24371,24363,52,16384,16377,18103,11069
2017-10-20T01:00:00Z,45588,45158,23790,23770,430,18658,18647,20605,11405
2017-10-20T02:00:00Z,53940,53798,25600,25512,142,20319,20312,22258,12237
2017-10-20T03:00:00Z,48706,48611,24665,24634,95,19702,19692,21793,12148
2017-10-20T04:00:00Z,38499,38429,20104,20079,70,15001,14991,16734,9712
2017-10-20T05:00:00Z,38745,38557,20668,20636,188,16410,16400,17822,9927
2017-10-20T06:00:00Z,49568,49347,24592,24539,221,20979,20969,22811,12245
2017-10-20T07:00:00Z,56801,56433,28175,28136,368,24432,24421,26215,14391
2017-10-20T08:00:00Z,62887,62618,31861,31777,269,26774,26762,28247,15584
2017-10-20T09:00:00Z,64837,64182,32641,32595,655,27956,27944,29822,17113
2017-10-20T10:00:00Z,56376,55936,29029,28953,440,24311,24298,26404,15670
2017-10-20T11:00:00Z,54618,54355,28167,28140,263,22232,22220,24569,14360
2017-10-20T12:00:00Z,59936,59633,30904,30880,303,24781,24767,26502,15905
2017-10-20T13:00:00Z,65959,65813,33728,33694,146,27822,27806,30036,17948
2017-10-20T14:00:00Z,70543,70348,35918,35861,195,29820,29808,31826,19156
2017-10-20T15:00:00Z,70778,70409,36032,35890,369,29062,29046,31319,18826
2017-10-20T16:00:00Z,67314,66852,34785,34610,462,26504,26491,28739,17108
2017-10-20T17:00:00Z,65173,64719,33917,33695,454,24658,24647,26870,16153
2017-10-20T18:00:00Z,61453,61134,31959,31894,319,23624,23607,25682,15534
2017-10-20T19:00:00Z,59860,59061,31573,31458,799,22624,22609,24999,15084
2017-10-20T20:00:00Z,58063,57316,30875,30726,747,22008,21993,24235,14916
2017-10-20T21:00:00Z,53420,53181,29488,29406,239,20164,20152,22182,14029
2017-10-20T22:00:00Z,45693,45423,25000,24963,270,16788,16778,19032,11898
2017-10-20T23:00:00Z,38211,37978,21408,21399,233,13840,13829,15856,9707
2017-10-21T00:00:00Z,34737,33992,19372,19147,745,12195,12186,14353,8578
2017-10-21T01:00:00Z,32027,31891,18404,18353,136,11902,11895,13677,8003
2017-10-21T02:00:00Z,32433,32368,18661,18643,65,12154,12147,13694,7942
2017-10-21T03:00:00Z,31603,31530,17872,17859,73,12133,12124,13936,8017
2017-10-21T04:00:00Z,27732,27683,16008,16003,49,10859,10851,12345,7245
2017-10-21T05:00:00Z,27273,27200,15776,15768,73,10852,10843,12341,7198
2017-10-21T06:00:00Z,31345,31261,17290,17269,84,12255,12246,14099,8232
2017-10-21T07:00:00Z,32850,32764,18006,17994,86,13087,13081,14987,8779
2017-10-21T08:00:00Z,34388,34360,18832,18821,28,13884,13878,15765,9210
2017-10-21T09:00:00Z,35803,35741,19811,19794,62,14653,14645,16638,9842
2017-10-21T10:00:00Z,34568,34488,19654,19635,80,13928,13920,15969,9733
2017-10-21T11:00:00Z,34156,34057,19254,19210,99,14022,14014,15643,9459
2017-10-21T12:00:00Z,37993,37844,20870,20821,149,15491,15480,17945,10640
2017-10-21T13:00:00Z,42628,42519,23354,23324,109,17427,17418,19649,11807
2017-10-21T14:00:00Z,47759,47325,27327,27193,434,18730,18723,20941,12766
2017-10-21T15:00:00Z,49865,49460,28540,28230,405,19445,19433,21655,13276
2017-10-21T16:00:00Z,47178,46946,26824,26802,232,18878,18865,21130,13319
2017-10-21T17:00:00Z,45733,45623,25549,25527,110,18080,18067,20315,12560
2017-10-21T18:00:00Z,45338,44537,25752,25729,801,17547,17536,19820,12319
2017-10-21T19:00:00Z,43566,43213,25091,25022,353,16774,16765,19292,12169
2017-10-21T20:00:00Z,43395,43304,25882,25851,91,16398,16387,18394,11904
2017-10-21T21:00:00Z,39475,39416,23335,23320,59,15111,15104,17042,11031
2017-10-21T22:00:00Z,35623,35571,21722,21721,52,13585,13577,15595,10139
2017-10-21T23:00:00Z,32359,31798,19489,19486,561,12077,12066,13948,8906
2017-10-22T00:00:00Z,30580,30515,19109,19103,65,11391,11382,13151,8437
2017-10-22T01:00:00Z,30771,30658,19315,19272,113,11244,11238,12902,8294
2017-10-22T02:00:00Z,32722,32605,19535,19471,117,11855,11845,13816,8408
2017-10-22T03:00:00Z,31689,31638,19285,19269,51,12078,12071,13822,8640
2017-10-22T04:00:00Z,30699,30603,18788,18768,96,11478,11469,13410,8370
2017-10-22T05:00:00Z,29968,29854,17968,17940,114,11431,11423,13268,8228
2017-10-22T06:00:00Z,30610,30509,17834,17797,101,12076,12069,13957,8494
2017-10-22T07:00:00Z,32167,32085,18441,18400,82,12889,12881,14764,8805
2017-10-22T08:00:00Z,34649,34566,19533,19484,83,13945,13937,15939,9604
2017-10-22T09:00:00Z,37121,36882,20712,20651,239,14809,14801,16815,10105
2017-10-22T10:00:00Z,37657,37554,21735,21711,103,14877,14870,16965,10386
2017-10-22T11:00:00Z,39292,39183,22189,22163,109,15457,15449,17781,10794
2017-10-22T12:00:00Z,42961,42808,24677,24611,153,16877,16870,19567,11925
2017-10-22T13:00:00Z,49028,48694,28356,28336,334,19149,19140,22200,13581
2017-10-22T14:00:00Z,50082,49913,28245,28156,169,20912,20901,23780,14772
2017-10-22T15:00:00Z,52449,52210,30197,30087,239,21167,21158,24148,15248
2017-10-22T16:00:00Z,50501,50143,29836,29763,358,19889,19880,22750,14745
2017-10-22T17:00:00Z,51287,51026,30650,30624,261,19356,19346,22219,14417
2017-10-22T18:00:00Z,48590,48387,28225,28200,203,19069,19060,22094,14305
2017-10-22T19:00:00Z,48114,47961,28215,28194,153,19141,19131,21886,14433
2017-10-22T20:00:00Z,48702,48485,28655,28637,217,18735,18723,21759,14393
2017-10-22T21:00:00Z,46599,46530,28189,28174,69,17643,17633,20317,13558
2017-10-22T22:00:00Z,40023,39933,24651,24644,90,15189,15179,17860,11881
2017-10-22T23:00:00Z,36770,36632,22369,22363,138,13590,13581,16289,10723
2017-10-23T00:00:00Z,37906,37792,22483,22466,114,14372,14363,17105,10933
2017-10-23T01:00:00Z,44061,43942,24368,24331,119,17905,17894,20296,12055
2017-10-23T02:00:00Z,48077,47955,26272,26223,122,19932,19923,22503,12998
2017-10-23T03:00:00Z,47147,47066,25803,25762,81,19751,19745,22487,13136
2017-10-23T04:00:00Z,38344,38146,21479,21447,198,15600,15588,18349,11273
2017-10-23T05:00:00Z,40690,40563,22066,22024,127,17066,17055,19594,11662
2017-10-23T06:00:00Z,50805,50403,25477,25461,402,21823,21813,24523,13580
2017-10-23T07:00:00Z,59562,58166,29630,29578,1396,24956,24947,27607,15289
2017-10-23T08:00:00Z,67418,66623,34217,34133,795,27858,27847,30478,17174
2017-10-23T09:00:00Z,68008,67655,35380,35314,353,28668,28657,31401,18211
2017-10-23T10:00:00Z,64863,64604,35028,34966,259,26068,26055,28731,17128
2017-10-23T11:00:00Z,60878,60660,32197,32145,218,25582,25568,28323,16945
2017-10-23T12:00:00Z,67513,67275,34902,34861,238,28143,28132,31017,18620
2017-10-23T13:00:00Z,76431,76196,39101,39067,235,31905,31893,34694,20919
2017-10-23T14:00:00Z,82011,81731,42050,42013,280,33686,33670,36609,22599
2017-10-23T15:00:00Z,78489,78210,40487,40431,279,32977,32961,35917,22262
2017-10-23T16:00:00Z,74384,73512,38189,38161,872,30080,30058,33605,20837
2017-10-23T17:00:00Z,69649,69353,35437,35401,296,27987,27978,30966,19182
2017-10-23T18:00:00Z,70944,70461,36076,36011,483,27888,27874,30978,19269
2017-10-23T19:00:00Z,69808,69482,36236,36202,326,27468,27453,30504,19182
2017-10-23T20:00:00Z,71440,70770,38986,38935,670,27355,27341,30540,19466
2017-10-23T21:00:00Z,63896,63617,35657,35619,279,24343,24329,27214,17609
2017-10-23T22:00:00Z,53405,53163,29828,29784,242,20380,20367,23269,15019
2017-10-23T23:00:00Z,45764,45329,25491,25441,435,17713,17701,20496,13194
2017-10-24T00:00:00Z,46266,46146,26287,26257,120,17623,17615,20389,12738
2017-10-24T01:00:00Z,50620,50404,26902,26819,216,20190,20180,23240,13501
2017-10-24T02:00:00Z,52239,51996,28405,28339,243,21114,21102,24025,13934
2017-10-24T03:00:00Z,51700,51207,28013,27959,493,20360,20349,23825,13805
2017-10-24T04:00:00Z,43660,42836,23644,23612,824,16504,16493,19526,11824
2017-10-24T05:00:00Z,44748,44605,23429,23386,143,18001,17986,20964,12122
2017-10-24T06:00:00Z,54737,54471,26517,26465,266,22277,22267,25141,14037
2017-10-24T07:00:00Z,61161,60795,31026,30971,366,25740,25730,28280,15838
2017-10-24T08:00:00Z,67078,66836,34241,34206,242,27992,27977,30581,17302
2017-10-24T09:00:00Z,67633,67378,34203,34173,255,29120,29106,31567,18573
2017-10-24T10:00:00Z,60922,60708,32024,31997,214,25749,25734,28538,17426
2017-10-24T11:00:00Z,62541,62447,33257,33230,94,25660,25646,28588,17336
2017-10-24T12:00:00Z,69220,69072,35903,35854,148,28906,28894,31735,19109
2017-10-24T13:00:00Z,79115,78776,41494,41443,339,32436,32423,35270,21429
2017-10-24T14:00:00Z,83488,83097,43517,43391,391,34786,34772,37716,23271
2017-10-24T15:00:00Z,85050,84543,44249,44177,507,34558,34542,37838,23557
2017-10-24T16:00:00Z,77134,76381,39597,39551,753,30915,30898,34131,21057
2017-10-24T17:00:00Z,71855,71242,36816,36792,613,28312,28295,31359,19354
2017-10-24T18:00:00Z,71096,70260,37100,37068,836,27891,27875,30688,19191
2017-10-24T19:00:00Z,69015,68322,36177,36112,693,27129,27118,30074,18990
2017-10-24T20:00:00Z,68953,68703,36388,36347,250,27262,27249,30096,19230
2017-10-24T21:00:00Z,63774,63626,34492,34480,148,24791,24775,27575,17668
2017-10-24T22:00:00Z,53835,53689,29580,29539,146,20776,20758,23355,15095
2017-10-24T23:00:00Z,47319,47190,26222,26203,129,17951,17941,20519,13319
2017-10-25T00:00:00Z,46969,46653,25569,25537,316,17762,17754,21018,12972
2017-10-25T01:00:00Z,50776,50064,27067,26983,712,20175,20162,23076,13543
2017-10-25T02:00:00Z,53317,52620,28132,27989,697,21380,21365,24467,14059
2017-10-25T03:00:00Z,53115,52804,29406,29283,311,20876,20866,23905,13983
2017-10-25T04:00:00Z,42484,42094,23618,23558,390,16646,16636,19591,11873
2017-10-25T05:00:00Z,43758,43540,23135,23033,218,17861,17851,20835,12125
2017-10-25T06:00:00Z,54281,54067,27839,27730,214,22583,22574,25526,14216
2017-10-25T07:00:00Z,61841,61293,31000,30925,548,25763,25753,28313,15982
2017-10-25T08:00:00Z,67821,67675,34972,34902,146,28097,28086,31057,17630
2017-10-25T09:00:00Z,69684,69473,36422,36343,211,29259,29250,32196,19039
2017-10-25T10:00:00Z,64174,63904,34196,34120,270,26245,26231,29089,17551
2017-10-25T11:00:00Z,61636,61444,32428,32389,192,25393,25381,28277,16912
2017-10-25T12:00:00Z,68803,68442,34708,34667,361,28423,28410,31714,18726
2017-10-25T13:00:00Z,77564,77422,39967,39920,142,32247,32237,35053,21153
2017-10-25T14:00:00Z,81699,81474,42627,42553,225,34258,34241,36819,22662
2017-10-25T15:00:00Z,80221,79984,41266,41184,237,33724,33707,36082,22479
2017-10-25T16:00:00Z,74267,73494,38593,38532,773,30042,30027,33129,20531
2017-10-25T17:00:00Z,71866,71277,37089,36966,589,28341,28323,31282,19320
2017-10-25T18:00:00Z,73263,72316,37911,37831,947,27879,27869,31143,19128
2017-10-25T19:00:00Z,70778,70005,37531,37495,773,27201,27188,30288,18940
2017-10-25T20:00:00Z,69481,68953,36386,36343,528,27038,27026,30013,19006
2017-10-25T21:00:00Z,62396,61749,33376,33335,647,24363,24346,27394,17504
2017-10-25T22:00:00Z,52842,52645,29102,29083,197,20518,20503,23158,15145
2017-10-25T23:00:00Z,46232,46060,25863,25836,172,17712,17699,20429,13230
2017-10-26T00:00:00Z,45762,45669,25746,25715,93,17630,17619,20419,12685
2017-10-26T01:00:00Z,49102,49036,26301,26278,66,19718,19709,22532,13146
2017-10-26T02:00:00Z,52265,52092,28070,28019,173,20747,20738,23511,13655
2017-10-26T03:00:00Z,50805,50587,27376,27349,218,20480,20466,23487,13868
2017-10-26T04:00:00Z,42781,42695,24194,24171,86,16440,16430,19335,11732
2017-10-26T05:00:00Z,44777,44499,23382,23372,278,18173,18165,20975,12123
2017-10-26T06:00:00Z,53003,52880,27105,27068,123,23002,22993,25350,14306
2017-10-26T07:00:00Z,60747,60446,30874,30820,301,25896,25885,28466,16097
2017-10-26T08:00:00Z,66605,66304,33162,33131,301,28556,28544,31484,17997
2017-10-26T09:00:00Z,70168,69999,35288,35234,169,30184,30167,32675,19357
2017-10-26T10:00:00Z,63088,62939,32372,32314,149,26335,26321,28924,17490
2017-10-26T11:00:00Z,61573,61415,31133,31075,158,25530,25517,28184,16876
2017-10-26T12:00:00Z,67791,67562,35051,34988,229,28432,28415,31103,18886
2017-10-26T13:00:00Z,77432,77235,40359,40315,197,31640,31621,34485,21052
2017-10-26T14:00:00Z,76690,76483,39562,39516,207,32825,32801,35111,21474
2017-10-26T15:00:00Z,82275,82068,42149,42122,207,33649,33634,36644,22682
2017-10-26T16:00:00Z,70173,69966,37203,37133,207,29235,29221,31790,19773
2017-10-26T17:00:00Z,68068,67792,35980,35915,276,27530,27515,30331,18768
2017-10-26T18:00:00Z,68800,68363,36395,36339,437,26863,26849,29701,18663
2017-10-26T19:00:00Z,69006,68585,37533,37445,421,26341,26325,29272,18643
2017-10-26T20:00:00Z,67106,66892,36234,36191,214,25962,25949,28808,18507
2017-10-26T21:00:00Z,62451,62038,33924,33902,413,23839,23828,26600,17231
2017-10-26T22:00:00Z,53398,53277,29353,29339,121,20289,20278,23274,14927
2017-10-26T23:00:00Z,45382,45258,25474,25464,124,17393,17381,20105,12894
2017-10-27T00:00:00Z,44808,44667,25339,25306,141,17185,17176,19681,12575
2017-10-27T01:00:00Z,47470,47343,25888,25832,127,19385,19377,21773,12821
2017-10-27T02:00:00Z,51474,51358,28521,28461,116,20825,20813,23368,13597
2017-10-27T03:00:00Z,50779,50693,27677,27633,86,20266,20254,23306,13572
2017-10-27T04:00:00Z,40006,39915,22699,22659,91,15732,15722,18371,11294
2017-10-27T05:00:00Z,43360,43289,23956,23939,71,17494,17485,20385,12094
2017-10-27T06:00:00Z,51733,51569,26769,26738,164,22110,22099,24675,13932
2017-10-27T07:00:00Z,58356,58161,29658,29613,195,24807,24797,27487,15538
2017-10-27T08:00:00Z,65218,64966,33499,33429,252,27266,27254,29965,17196
2017-10-27T09:00:00Z,67364,67187,34501,34441,177,28668,28656,31112,18134
2017-10-27T10:00:00Z,60973,60879,32508,32488,94,25191,25180,27885,17015
2017-10-27T11:00:00Z,58798,58217,30728,30715,581,23346,23335,27013,15952
2017-10-27T12:00:00Z,63157,62774,32925,32890,383,25551,25539,28834,17371
2017-10-27T13:00:00Z,70935,70752,37230,37183,183,28789,28777,31606,19374
2017-10-27T14:00:00Z,75181,75023,39378,39330,158,30593,30578,33433,20812
2017-10-27T15:00:00Z,74904,74562,39989,39967,342,29803,29790,32924,20412
2017-10-27T16:00:00Z,68530,68115,36056,36033,415,26937,26923,29995,18536
2017-10-27T17:00:00Z,66450,66262,34187,34157,188,24908,24896,28086,17348
2017-10-27T18:00:00Z,61944,61661,33411,33354,283,23815,23805,26776,16773
2017-10-27T19:00:00Z,62400,62098,31525,31480,302,22671,22657,26531,15459
2017-10-27T20:00:00Z,58742,58454,31666,31647,288,22305,22293,24871,15871
2017-10-27T21:00:00Z,53309,53137,30189,30133,172,19953,19940,22762,14708
2017-10-27T22:00:00Z,48264,46724,27328,27237,1540,16930,16920,20754,12995
2017-10-27T23:00:00Z,42020,41192,24600,24586,828,14241,14235,17664,11031
2017-10-28T00:00:00Z,36827,35993,22334,22302,834,12457,12446,15459,9633
2017-10-28T01:00:00Z,35775,34826,21092,21037,949,11902,11894,14899,8888
2017-10-28T02:00:00Z,34465,34059,21250,21227,406,12194,12182,14835,8965
2017-10-28T03:00:00Z,34799,34721,21249,21202,78,12395,12389,15132,9133
2017-10-28T04:00:00Z,30973,30879,19485,19470,94,11107,11100,13548,8441
2017-10-28T05:00:00Z,30358,30307,18334,18321,51,11052,11043,13333,8309
2017-10-28T06:00:00Z,31893,31802,18312,18275,91,11989,11979,14578,8716
2017-10-28T07:00:00Z,34947,34807,19471,19448,140,13220,13211,16020,9267
2017-10-28T08:00:00Z,36694,36505,20823,20799,189,14090,14080,16848,10005
2017-10-28T09:00:00Z,37217,37034,21043,20988,183,14460,14452,17309,10334
2017-10-28T10:00:00Z,36566,36492,21031,20997,74,13826,13817,16323,10047
2017-10-28T11:00:00Z,35776,35210,20694,20655,566,14149,14139,16891,10421
2017-10-28T12:00:00Z,39701,39607,22788,22771,94,15483,15476,18012,11198
2017-10-28T13:00:00Z,45199,45045,26009,25976,154,17213,17203,20115,12521
2017-10-28T14:00:00Z,46953,46826,26864,26828,127,18567,18556,21487,13348
2017-10-28T15:00:00Z,48328,48125,27184,27150,203,19125,19113,22059,13769
2017-10-28T16:00:00Z,47790,47688,27929,27906,102,18432,18422,21432,13603
2017-10-28T17:00:00Z,47894,47809,28368,28326,85,17556,17545,20556,12867
2017-10-28T18:00:00Z,45840,45784,27212,27202,56,16982,16971,19770,12585
2017-10-28T19:00:00Z,44438,44336,26424,26405,102,16723,16711,19261,12562
2017-10-28T20:00:00Z,45283,45110,27569,27562,173,16293,16281,18952,12413
2017-10-28T21:00:00Z,41845,41768,25493,25471,77,15130,15120,17613,11598
2017-10-28T22:00:00Z,37258,37157,22858,22831,101,13583,13575,16050,10737
2017-10-28T23:00:00Z,32646,31995,20118,20100,651,11780,11773,14433,9490
2017-10-29T00:00:00Z,31269,31081,20166,20129,188,11101,11092,13274,8898
2017-10-29T01:00:00Z,31445,31326,20008,19956,119,11046,11040,13363,8793
2017-10-29T02:00:00Z,29439,29321,17451,17397,118,11502,11494,13928,8654
2017-10-29T03:00:00Z,30293,30144,18117,18107,149,11838,11831,14198,8956
2017-10-29T04:00:00Z,28663,28506,17350,17331,157,10963,10957,13196,8388
2017-10-29T05:00:00Z,28915,28828,16747,16688,87,10894,10889,13495,8306
2017-10-29T06:00:00Z,31927,31792,18073,17994,135,11571,11561,13957,8649
2017-10-29T07:00:00Z,30710,30649,17010,16985,61,12239,12231,14921,8907
2017-10-29T08:00:00Z,32502,32462,18097,18088,40,13209,13197,15984,9481
2017-10-29T09:00:00Z,40137,40018,23699,23676,119,14406,14398,17021,10339
2017-10-29T10:00:00Z,36081,35636,19823,19781,445,14642,14633,17239,10633
2017-10-29T11:00:00Z,37259,37217,20611,20593,42,15279,15273,18147,11221
2017-10-29T12:00:00Z,42865,42668,23798,23712,197,16858,16849,20268,12204
2017-10-29T13:00:00Z,45882,45792,26520,26508,90,18720,18711,21627,13494
2017-10-29T14:00:00Z,50328,50097,28495,28470,231,20137,20126,23407,14460
2017-10-29T15:00:00Z,51154,51033,28934,28894,121,20621,20613,23907,15115
2017-10-29T16:00:00Z,50131,49931,28918,28886,200,19940,19928,22884,14688
2017-10-29T17:00:00Z,48234,48033,27672,27627,201,19266,19260,22065,14287
2017-10-29T18:00:00Z,49070,48948,28220,28203,122,19215,19206,22230,14452
2017-10-29T19:00:00Z,48780,48603,28825,28812,177,18729,18717,21759,14157
2017-10-29T20:00:00Z,48054,47949,28132,28081,105,18656,18647,21746,14031
2017-10-29T21:00:00Z,47521,47248,27664,27589,273,18203,18191,20975,13701
2017-10-29T22:00:00Z,43602,43483,25780,25726,119,17011,16999,19708,13196
2017-10-29T23:00:00Z,38755,38627,23579,23546,128,14843,14835,17586,11706
2017-10-30T00:00:00Z,40412,40268,24411,24376,144,14979,14967,18144,11545
2017-10-30T01:00:00Z,46365,46144,25590,25564,221,18470,18460,21964,12511
2017-10-30T02:00:00Z,50079,49950,26779,26741,129,20333,20320,24146,13469
2017-10-30T03:00:00Z,49292,49180,27955,27900,112,19817,19812,22852,13550
2017-10-30T04:00:00Z,40126,40003,23574,23538,123,15616,15606,18405,11508
2017-10-30T05:00:00Z,39608,39389,21729,21697,219,16761,16753,19437,11386
2017-10-30T06:00:00Z,48430,48314,26177,26148,116,20008,19998,22835,12759
2017-10-30T07:00:00Z,52687,51632,26637,26583,1055,22029,22019,25030,13805
2017-10-30T08:00:00Z,60376,60136,30106,30054,240,25712,25702,28534,15868
2017-10-30T09:00:00Z,67124,66962,34217,34182,162,28578,28570,31182,18123
2017-10-30T10:00:00Z,65518,65335,34732,34692,183,26789,26779,29594,17644
2017-10-30T11:00:00Z,61315,61126,32570,32520,189,25086,25079,27784,16520
2017-10-30T12:00:00Z,65708,65591,34011,33984,117,26774,26762,29858,17534
2017-10-30T13:00:00Z,74950,74675,38170,38129,275,30540,30529,33481,20372
2017-10-30T14:00:00Z,83473,83219,43288,43246,254,33463,33450,36528,22555
2017-10-30T15:00:00Z,81640,81237,40719,40678,403,33528,33514,36476,22459
2017-10-30T16:00:00Z,79342,79185,41685,41667,157,31964,31952,34572,21831
2017-10-30T17:00:00Z,74770,74436,38789,38764,334,29258,29249,32077,20022
2017-10-30T18:00:00Z,73493,73162,38531,38507,331,27566,27553,30499,18887
2017-10-30T19:00:00Z,68997,68755,36482,36467,242,26530,26517,28929,17950
2017-10-30T20:00:00Z,67895,67673,36269,36257,222,26392,26379,28775,18105
2017-10-30T21:00:00Z,62491,62256,33541,33525,235,24820,24808,26948,16960
2017-10-30T22:00:00Z,56473,56225,31203,31169,248,21798,21786,24109,15322
2017-10-30T23:00:00Z,48660,48538,26969,26953,122,19240,19231,21287,13296
2017-10-31T00:00:00Z,45740,45488,24841,24809,252,18216,18207,20004,12203
2017-10-31T01:00:00Z,50390,50124,26037,25963,266,20811,20802,22320,12694
2017-10-31T02:00:00Z,52966,52649,27266,27207,317,22190,22181,23947,13450
2017-10-31T03:00:00Z,51819,51640,26809,26711,179,21239,21230,23122,12902
2017-10-31T04:00:00Z,41222,41091,22605,22600,131,16294,16286,17942,10591
2017-10-31T05:00:00Z,41764,41584,21535,21516,180,17373,17365,19256,10783
2017-10-31T06:00:00Z,47967,47869,23821,23788,98,20845,20838,22503,12203
2017-10-31T07:00:00Z,52055,51939,25930,25878,116,22317,22310,24285,13111
2017-10-31T08:00:00Z,59513,59347,29744,29702,166,25456,25450,27366,14752
2017-10-31T09:00:00Z,63809,63615,30939,30874,194,28182,28173,30116,16887
2017-10-31T10:00:00Z,62478,62136,30425,30395,342,26618,26604,28600,16520
2017-10-31T11:00:00Z,60939,60672,30976,30951,267,25063,25050,27509,15834
2017-10-31T12:00:00Z,63594,63468,32374,32349,126,26646,26636,29049,16884
2017-10-31T13:00:00Z,74378,74171,36667,36621,207,31054,31042,33282,19988
2017-10-31T14:00:00Z,82083,81823,40723,40684,260,33674,33662,36201,21884
2017-10-31T15:00:00Z,83560,83246,41599,41516,314,33998,33987,37050,22417
2017-10-31T16:00:00Z,73294,72945,36332,36297,349,30287,30272,32496,20057
2017-10-31T17:00:00Z,69100,68403,34092,34067,697,28075,28062,30413,18548
2017-10-31T18:00:00Z,69685,68452,35300,34914,1233,26796,26787,29348,17770
2017-10-31T19:00:00Z,66631,66311,34624,34593,320,25956,25944,28018,17295
2017-10-31T20:00:00Z,63439,63259,32969,32943,180,25361,25352,27134,16982
2017-10-31T21:00:00Z,58549,58301,30504,30481,248,23346,23333,25218,15815
2017-10-31T22:00:00Z,53994,53668,28759,28747,326,20562,20551,22900,14297
2017-10-31T23:00:00Z,45365,45200,24339,24308,165,18131,18117,20067,12497
2017-11-01T00:00:00Z,43478,43341,23883,23864,137,17213,17204,19382,11760
2017-11-01T01:00:00Z,48864,48564,26109,26069,300,19752,19745,21655,12174
2017-11-01T02:00:00Z,50775,50549,26821,26767,226,20817,20807,22550,12460
2017-11-01T03:00:00Z,48994,48789,25740,25716,205,19795,19787,22020,12084
2017-11-01T04:00:00Z,38619,38326,21912,21816,293,15136,15126,17053,9949
2017-11-01T05:00:00Z,41266,41037,22517,22433,229,16426,16416,18340,10345
2017-11-01T06:00:00Z,46439,46249,24445,24383,190,19341,19333,21161,11337
2017-11-01T07:00:00Z,49867,49369,25730,25692,498,20883,20875,23241,12636
2017-11-01T08:00:00Z,56110,55949,29380,29316,161,23502,23495,25876,14536
2017-11-01T09:00:00Z,59841,59635,30873,30810,206,25957,25944,28517,16587
2017-11-01T10:00:00Z,57937,57808,30214,30174,129,24765,24756,27296,16376
2017-11-01T11:00:00Z,56434,56324,29370,29352,110,23529,23515,26326,15838
2017-11-01T12:00:00Z,61375,61245,32193,32152,130,25618,25608,28446,17215
2017-11-01T13:00:00Z,67040,66881,34543,34492,159,28465,28455,30985,18953
2017-11-01T14:00:00Z,75777,75596,39139,39083,181,31315,31302,34312,20946
2017-11-01T15:00:00Z,76500,76214,39827,39738,286,32304,32291,34832,21814
2017-11-01T16:00:00Z,72247,71788,37692,37622,459,29826,29814,32512,20284
2017-11-01T17:00:00Z,71920,71546,36942,36928,374,28333,28319,31406,19620
2017-11-01T18:00:00Z,69799,69216,36685,36650,583,27670,27658,30914,19357
2017-11-01T19:00:00Z,67334,66715,35865,35845,619,26472,26462,29538,18706
2017-11-01T20:00:00Z,68280,67617,35253,35216,663,25780,25765,30426,18232
2017-11-01T21:00:00Z,62584,61881,33856,33787,703,24496,24483,27239,17541
2017-11-01T22:00:00Z,56147,55417,30428,30396,730,21586,21577,24545,15964
2017-11-01T23:00:00Z,49986,49298,28504,28476,688,18903,18896,21841,14244
2017-11-02T00:00:00Z,47406,46513,26670,26657,893,17778,17769,20986,12929
2017-11-02T01:00:00Z,50078,49188,27332,27302,890,20074,20066,22824,13402
2017-11-02T02:00:00Z,53685,52816,28733,28651,869,21524,21514,24175,13785
2017-11-02T03:00:00Z,51258,50539,27992,27961,719,20858,20849,23460,13852
2017-11-02T04:00:00Z,41436,41262,24410,24387,174,16036,16025,18832,11556
2017-11-02T05:00:00Z,42537,42458,24072,24063,79,17029,17021,19944,11634
2017-11-02T06:00:00Z,49557,49141,26406,26388,416,20450,20441,22894,12858
2017-11-02T07:00:00Z,52382,51379,26865,26790,1003,22203,22192,25039,13806
2017-11-02T08:00:00Z,59783,58986,29975,29863,797,25377,25366,28139,15642
2017-11-02T09:00:00Z,67456,67187,35285,35155,269,28307,28294,31031,17987
2017-11-02T10:00:00Z,62897,62698,33471,33425,199,26370,26358,28853,17289
2017-11-02T11:00:00Z,59488,59296,31467,31422,192,24553,24539,27180,16239
2017-11-02T12:00:00Z,64207,64051,34054,34023,156,26740,26730,29477,17683
2017-11-02T13:00:00Z,70336,69905,35764,35699,431,29514,29497,32393,19480
2017-11-02T14:00:00Z,79304,78628,39994,39906,676,32886,32866,36011,22045
2017-11-02T15:00:00Z,75966,75771,39326,39282,195,32781,32770,35486,22066
2017-11-02T16:00:00Z,75007,74748,39738,39671,259,30988,30971,33954,21342
2017-11-02T17:00:00Z,71639,70793,37494,37440,846,28569,28556,31516,19677
2017-11-02T18:00:00Z,70310,69599,38196,38172,711,26623,26610,29967,18901
2017-11-02T19:00:00Z,66739,66327,35936,35893,412,25999,25982,29055,18287
2017-11-02T20:00:00Z,65438,64978,35052,34983,460,25751,25738,28363,18429
2017-11-02T21:00:00Z,61483,61170,33243,33147,313,24058,24043,26761,17519
2017-11-02T22:00:00Z,56949,56746,31637,31603,203,21662,21647,24432,16128
2017-11-02T23:00:00Z,50156,49695,27756,27630,461,18787,18776,21696,14191
2017-11-03T00:00:00Z,45167,44722,25472,25447,445,17428,17418,20096,12926
2017-11-03T01:00:00Z,47978,47844,25610,25571,134,20005,19994,22648,13475
2017-11-03T02:00:00Z,49910,49802,26467,26416,108,21130,21115,23575,13709
2017-11-03T03:00:00Z,48729,48588,26585,26539,141,19974,19964,22912,13541
2017-11-03T04:00:00Z,38971,38867,22925,22885,104,15416,15407,18309,11457
2017-11-03T05:00:00Z,40229,40163,22151,22125,66,16381,16372,19098,11327
2017-11-03T06:00:00Z,45878,45638,24017,23961,240,19312,19303,21998,12212
2017-11-03T07:00:00Z,52707,52076,26917,26843,631,21840,21831,24571,13724
2017-11-03T08:00:00Z,58224,58062,30204,30130,162,24652,24640,27244,15478
2017-11-03T09:00:00Z,65495,64493,34088,33978,1002,27297,27288,30600,17944
2017-11-03T10:00:00Z,61437,60681,32408,32319,756,25810,25798,28662,17429
2017-11-03T11:00:00Z,55401,55174,29329,29279,227,22814,22800,25612,15724
2017-11-03T12:00:00Z,59463,58988,31135,31100,475,24524,24512,27742,16766
2017-11-03T13:00:00Z,67197,66975,35229,35170,222,28130,28118,31039,18965
2017-11-03T14:00:00Z,73110,72758,38049,37958,352,30380,30366,33582,20682
2017-11-03T15:00:00Z,77419,77089,40619,40543,330,31277,31264,34261,21363
2017-11-03T16:00:00Z,73714,73409,39488,39441,305,29231,29219,32202,20151
2017-11-03T17:00:00Z,67031,66720,36288,36244,311,26427,26415,29345,18662
2017-11-03T18:00:00Z,62676,62000,33335,33300,676,24657,24641,27096,16680
2017-11-03T19:00:00Z,60782,60275,32904,32860,507,22828,22815,24676,15293
2017-11-03T20:00:00Z,57798,57423,31311,31265,375,21862,21845,23930,14989
2017-11-03T21:00:00Z,54568,54191,30840,30772,377,20386,20372,23315,15029
2017-11-03T22:00:00Z,49459,49019,27153,27086,440,18248,18238,20733,13503
2017-11-03T23:00:00Z,42157,41575,23956,23912,582,15565,15555,18473,11988
2017-11-04T00:00:00Z,36407,36003,21481,21453,404,13531,13523,16410,10570
2017-11-04T01:00:00Z,32929,32821,19452,19387,108,12460,12451,14902,9526
2017-11-04T02:00:00Z,33855,33740,18755,18703,115,12658,12650,15333,8879
2017-11-04T03:00:00Z,33069,32871,19511,19418,198,12615,12606,15300,9268
2017-11-04T04:00:00Z,30279,30094,17435,17386,185,11121,11113,13890,8214
2017-11-04T05:00:00Z,29060,28876,17057,17003,184,10909,10901,13056,7955
2017-11-04T06:00:00Z,29959,29843,17630,17575,116,11698,11691,14174,8651
2017-11-04T07:00:00Z,33009,32822,19601,19568,187,12217,12206,14928,8877
2017-11-04T08:00:00Z,32363,32082,18412,18392,281,12614,12606,15281,9114
2017-11-04T09:00:00Z,34828,34542,19474,19454,286,13509,13502,16261,9730
2017-11-04T10:00:00Z,35227,35035,20271,20215,192,13888,13879,16490,10151
2017-11-04T11:00:00Z,37408,37280,21470,21441,128,14657,14646,17224,10484
2017-11-04T12:00:00Z,41258,41104,23763,23732,154,15738,15731,18503,11346
2017-11-04T13:00:00Z,42711,42604,23843,23808,107,17226,17215,20023,12259
2017-11-04T14:00:00Z,46378,46249,26107,26049,129,18771,18760,21946,13525
2017-11-04T15:00:00Z,49367,49230,27898,27823,137,19557,19549,22485,14065
2017-11-04T16:00:00Z,49710,49571,28449,28402,139,19219,19208,22745,13956
2017-11-04T17:00:00Z,47941,47827,27800,27773,114,18504,18497,21277,13687
2017-11-04T18:00:00Z,48461,48177,28079,28061,284,18189,18180,20827,13447
2017-11-04T19:00:00Z,45664,45453,27393,27346,211,17103,17094,19811,12780
2017-11-04T20:00:00Z,44190,44030,26849,26812,160,16574,16563,19096,12524
2017-11-04T21:00:00Z,42896,42811,25962,25929,85,16044,16033,18594,12552
2017-11-04T22:00:00Z,40889,40811,25425,25396,78,14941,14931,17688,11827
2017-11-04T23:00:00Z,35087,34938,21380,21352,149,13150,13143,15844,10522
2017-11-05T00:00:00Z,33812,33685,21512,21461,127,12256,12248,14936,10059
2017-11-05T01:00:00Z,32467,32276,20345,20291,191,11964,11956,14646,9568
2017-11-05T02:00:00Z,34002,33914,21506,21479,88,12399,12387,15069,9562
2017-11-05T03:00:00Z,33392,33262,20866,20840,130,12326,12320,15064,9445
2017-11-05T04:00:00Z,31138,31015,19457,19416,123,11409,11399,14148,9132
2017-11-05T05:00:00Z,28955,28893,18184,18157,62,11082,11073,13551,8758
2017-11-05T06:00:00Z,28071,28017,16674,16651,54,11212,11206,13724,8591
2017-11-05T07:00:00Z,30850,30358,18181,18134,492,11818,11811,14550,9023
2017-11-05T08:00:00Z,33857,33802,20633,20630,55,12729,12725,15556,9591
2017-11-05T09:00:00Z,37120,36726,21548,21526,394,14054,14046,16855,10336
2017-11-05T10:00:00Z,36187,36060,21047,21018,127,14434,14427,17325,10730
2017-11-05T11:00:00Z,39296,39192,22592,22576,104,15460,15453,18624,11443
2017-11-05T12:00:00Z,42564,42452,24196,24177,112,16971,16959,20114,12538
2017-11-05T13:00:00Z,46489,46323,26694,26661,166,18844,18833,22534,13921
2017-11-05T14:00:00Z,50298,50171,29032,28976,127,20502,20493,24126,15206
2017-11-05T15:00:00Z,53053,52935,31109,31073,118,21143,21133,24707,15892
2017-11-05T16:00:00Z,53895,53699,32191,32162,196,20430,20419,24108,15352
2017-11-05T17:00:00Z,52545,52093,31807,31734,452,19674,19664,22868,15065
2017-11-05T18:00:00Z,50308,50106,30282,30224,202,18990,18979,22046,14511
2017-11-05T19:00:00Z,48694,48611,29119,29104,83,19191,19182,22224,14775
2017-11-05T20:00:00Z,49167,49037,28825,28796,130,19334,19319,22442,14947
2017-11-05T21:00:00Z,50517,50339,30998,30975,178,19067,19058,22123,14850
2017-11-05T22:00:00Z,46122,46002,28341,28321,120,17830,17820,20844,14093
2017-11-05T23:00:00Z,39586,39516,24659,24646,70,15534,15527,18307,12312
2017-11-06T00:00:00Z,41153,41021,24992,24979,132,15679,15669,18464,12019
2017-11-06T01:00:00Z,45764,45580,25647,25623,184,18912,18901,21725,13123
2017-11-06T02:00:00Z,50628,50519,27895,27846,109,20895,20885,23910,13813
2017-11-06T03:00:00Z,49321,49150,28157,28068,171,20182,20173,22977,13467
2017-11-06T04:00:00Z,40783,40490,23955,23852,293,15889,15880,18833,11640
2017-11-06T05:00:00Z,41977,41855,23884,23870,122,17148,17139,19889,12035
2017-11-06T06:00:00Z,48221,47819,25825,25770,402,20131,20120,23068,13052
2017-11-06T07:00:00Z,52300,51652,26727,26649,648,22093,22083,24930,14134
2017-11-06T08:00:00Z,58099,57905,29194,29121,194,25323,25314,28075,15944
2017-11-06T09:00:00Z,68566,68310,35301,35229,256,28194,28183,32050,18107
2017-11-06T10:00:00Z,64513,64236,33425,33375,277,26971,26958,29563,17800
2017-11-06T11:00:00Z,59929,59815,30970,30939,114,24491,24481,27061,16360
2017-11-06T12:00:00Z,63541,63416,33779,33754,125,26479,26465,29245,17741
2017-11-06T13:00:00Z,71149,70849,37498,37456,300,29483,29472,32641,19842
2017-11-06T14:00:00Z,78879,78309,41343,41272,570,32207,32191,35180,21730
2017-11-06T15:00:00Z,79703,79169,41156,41095,534,33200,33183,36294,22497
2017-11-06T16:00:00Z,78683,78034,41323,41255,649,32146,32131,35061,22014
2017-11-06T17:00:00Z,65594,65280,34450,34353,314,27390,27373,29760,18668
2017-11-06T18:00:00Z,69137,68895,36078,36012,242,27133,27119,30007,18898
2017-11-06T19:00:00Z,74523,73806,41114,41045,717,27729,27712,30851,19599
2017-11-06T20:00:00Z,72289,71469,39123,39017,820,27341,27327,30825,19732
2017-11-06T21:00:00Z,71045,69910,38983,38918,1135,27187,27169,30402,19302
2017-11-06T22:00:00Z,64375,63476,35711,35660,899,24448,24425,27824,18108
2017-11-06T23:00:00Z,55029,54151,31469,31411,878,20648,20636,24144,15582
2017-11-07T00:00:00Z,52432,51656,29964,29942,776,19547,19532,22787,14408
2017-11-07T01:00:00Z,56113,55551,31002,30967,562,22194,22187,25063,15167
2017-11-07T02:00:00Z,57040,56658,31191,31133,382,22912,22901,26169,15077
2017-11-07T03:00:00Z,53273,52540,29430,29375,733,21773,21765,25207,14673
2017-11-07T04:00:00Z,46434,45843,27165,27101,591,17552,17544,20872,12753
2017-11-07T05:00:00Z,45278,45114,25432,25356,164,18392,18383,21587,12772
2017-11-07T06:00:00Z,48911,48751,25959,25883,160,20770,20760,23671,13584
2017-11-07T07:00:00Z,50331,49792,26289,26157,539,21832,21820,24670,13892
2017-11-07T08:00:00Z,63663,63307,33246,33179,356,26878,26867,29635,16912
2017-11-07T09:00:00Z,71084,70909,36198,36123,175,29606,29594,32550,18746
2017-11-07T10:00:00Z,63251,63050,32172,32120,201,26542,26531,28763,17335
2017-11-07T11:00:00Z,61426,61158,32646,32602,268,25773,25763,28814,17503
2017-11-07T12:00:00Z,66131,65454,34962,34935,677,27131,27119,30424,18235
2017-11-07T13:00:00Z,70789,70426,37068,36991,363,30291,30280,33161,20064
2017-11-07T14:00:00Z,78804,78544,41020,40900,260,33194,33180,35977,22102
2017-11-07T15:00:00Z,84638,84268,44840,44763,370,34923,34908,37685,23661
2017-11-07T16:00:00Z,55994,55775,29275,29237,219,26480,26465,27921,17043
2017-11-07T17:00:00Z,74077,73864,40412,40334,213,29630,29614,32147,20224
2017-11-07T18:00:00Z,72812,71743,38610,38527,1069,27928,27911,31016,19331
2017-11-07T19:00:00Z,74974,73998,40393,40312,976,27932,27920,30894,19356
2017-11-07T20:00:00Z,71570,71040,39476,39430,530,27470,27452,30566,19804
2017-11-07T21:00:00Z,72544,71901,40037,39802,643,27523,27507,30378,19624
2017-11-07T22:00:00Z,64282,63722,35706,35530,560,24597,24585,27045,17821
2017-11-07T23:00:00Z,54927,54774,30391,30351,153,21308,21299,24094,15559
2017-11-08T00:00:00Z,50778,50636,28440,28381,142,19903,19897,22326,14083
2017-11-08T02:00:00Z,56362,56309,30759,30738,53,22754,22745,25700,14854
2017-11-08T03:00:00Z,54240,54138,30433,30375,102,21819,21810,24237,14233
2017-11-08T04:00:00Z,45373,44834,26059,25957,539,17519,17510,20093,12391
2017-11-08T05:00:00Z,46038,45544,26019,25901,494,18635,18626,21382,12752
2017-11-08T06:00:00Z,51317,50690,27257,27207,627,21863,21854,24784,14152
2017-11-08T07:00:00Z,57489,56346,29671,29591,1143,23828,23820,27053,15151
2017-11-08T08:00:00Z,62798,62376,32745,32665,422,26955,26945,29627,17037
2017-11-08T09:00:00Z,69630,69316,35945,35856,314,29775,29764,32578,18997
2017-11-08T10:00:00Z,65224,64869,34830,34614,355,27794,27781,30349,18506
2017-11-08T11:00:00Z,61245,60958,32579,32518,287,25849,25836,28740,17285
2017-11-08T12:00:00Z,64984,64043,34318,34295,941,27031,27020,30095,18095
2017-11-08T13:00:00Z,72252,72087,38417,38372,165,30062,30053,32740,20029
2017-11-08T14:00:00Z,78858,78451,41288,41259,407,33120,33105,36045,22278
2017-11-08T15:00:00Z,80990,80757,42478,42448,233,33363,33347,35937,22268
2017-11-08T16:00:00Z,80493,80167,42914,42875,326,32904,32890,36024,22641
2017-11-08T17:00:00Z,73338,72817,39882,39825,521,29294,29281,32237,20333
2017-11-08T18:00:00Z,75508,75142,41101,40982,366,27921,27910,31009,19520
2017-11-08T19:00:00Z,73114,72485,39721,39669,629,27696,27685,30464,19519
2017-11-08T20:00:00Z,71563,70957,39058,39029,606,27108,27096,30040,19287
2017-11-08T21:00:00Z,72254,71265,40290,40043,989,26743,26729,29847,19409
2017-11-08T22:00:00Z,65166,64416,36544,36484,750,24194,24177,27302,17867
2017-11-08T23:00:00Z,53959,53262,29766,29730,697,20551,20542,23568,15286
2017-11-09T00:00:00Z,52472,51653,29345,29310,819,19816,19806,22604,14564
2017-11-09T01:00:00Z,55793,54866,30390,30362,927,21610,21598,24889,14612
2017-11-09T02:00:00Z,57553,57222,31488,31430,331,22863,22851,26257,15268
2017-11-09T03:00:00Z,53295,53157,29768,29679,138,21732,21720,24955,14617
2017-11-09T04:00:00Z,43883,43774,25960,25919,109,17292,17282,20235,12537
2017-11-09T05:00:00Z,45339,45199,25494,25461,140,18359,18350,21442,12804
2017-11-09T06:00:00Z,52407,52234,27987,27942,173,21858,21847,24777,14248
2017-11-09T07:00:00Z,56532,55758,29950,29863,774,23814,23801,26838,15204
2017-11-09T08:00:00Z,61716,61016,31905,31831,700,26377,26364,29282,16636
2017-11-09T09:00:00Z,67336,67040,34435,34362,296,29060,29050,31961,18644
2017-11-09T10:00:00Z,65287,64685,34278,34163,602,27358,27344,30422,18375
2017-11-09T11:00:00Z,61819,61217,32182,32093,602,25245,25231,28459,16865
2017-11-09T12:00:00Z,65574,65233,35129,35005,341,26710,26692,30010,17844
2017-11-09T13:00:00Z,70296,69853,36774,36689,443,29558,29546,32302,19795
2017-11-09T14:00:00Z,76969,76675,40553,40508,294,32335,32319,35022,21747
2017-11-09T15:00:00Z,81812,80953,43650,43558,859,33675,33660,36662,22821
2017-11-09T16:00:00Z,65079,64155,34351,34295,924,27760,27748,30298,18741
2017-11-09T17:00:00Z,72656,71643,38729,38665,1013,28745,28727,31801,20118
2017-11-09T18:00:00Z,71015,70296,38876,38839,719,27115,27102,30073,19178
2017-11-09T19:00:00Z,72106,71515,39774,39701,591,27095,27077,29712,19228
2017-11-09T20:00:00Z,67510,67068,37509,37461,442,26283,26270,29120,18921
2017-11-09T21:00:00Z,66924,66698,37115,37082,226,25647,25630,28664,18545
2017-11-09T22:00:00Z,62098,61799,34296,34258,299,23533,23517,26834,17594
2017-11-09T23:00:00Z,53826,53595,30634,30606,231,20277,20264,22921,14986
2017-11-10T00:00:00Z,50639,50500,29015,28965,139,19128,19117,21981,14082
2017-11-10T01:00:00Z,52097,51996,28531,28502,101,21074,21060,23786,14379
2017-11-10T02:00:00Z,55445,55219,29164,29078,226,21486,21474,26476,14235
2017-11-10T03:00:00Z,51525,51306,29061,28980,219,20618,20610,23439,13968
2017-11-10T04:00:00Z,42579,42449,25225,25185,130,16489,16478,19045,11857
2017-11-10T05:00:00Z,42405,42253,23663,23641,152,17399,17391,20135,12112
2017-11-10T06:00:00Z,50368,50275,27413,27352,93,20702,20694,23263,13471
2017-11-10T07:00:00Z,57616,56328,30164,30085,1288,22550,22540,25818,14608
2017-11-10T08:00:00Z,59800,59582,31837,31779,218,25608,25598,28050,16196
2017-11-10T09:00:00Z,66308,66134,34334,34288,174,28005,27991,31191,18497
2017-11-10T10:00:00Z,63825,63641,35375,35304,184,26297,26286,29194,17969
2017-11-10T11:00:00Z,56058,55791,30314,30260,267,23064,23051,25761,15920
2017-11-10T12:00:00Z,56489,56328,30705,30613,161,23687,23675,26181,16293
2017-11-10T13:00:00Z,64020,63784,33884,33816,236,26262,26248,28948,18010
2017-11-10T14:00:00Z,69433,69180,37463,37423,253,28560,28543,31490,19681
2017-11-10T15:00:00Z,74595,74285,40587,40534,310,29617,29597,32435,20409
2017-11-10T16:00:00Z,73421,72644,40936,40842,777,28366,28352,31469,19819
2017-11-10T17:00:00Z,66438,66180,36747,36676,258,25696,25679,28454,18028
2017-11-10T18:00:00Z,61858,61657,34160,34111,201,23848,23834,26318,16683
2017-11-10T19:00:00Z,62543,62305,35172,35128,238,23257,23246,26040,16727
2017-11-10T20:00:00Z,59041,58717,32801,32774,324,22045,22029,25235,16178
2017-11-10T21:00:00Z,57722,57459,32829,32782,263,21468,21453,24614,16047
2017-11-10T22:00:00Z,54184,53221,31538,31485,963,19220,19208,22738,14752
2017-11-10T23:00:00Z,46456,45351,25973,25877,1105,16774,16760,20632,13082
2017-11-11T00:00:00Z,40091,39225,23378,23349,866,14348,14336,17684,11311
2017-11-11T01:00:00Z,37557,36684,22714,22650,873,13158,13147,16593,10305
2017-11-11T02:00:00Z,36942,36278,22464,22440,664,12974,12965,16197,9821
2017-11-11T03:00:00Z,35102,34895,21157,21113,207,12759,12750,15576,9729
2017-11-11T04:00:00Z,32201,32034,20148,20116,167,11503,11495,14276,9250
2017-11-11T05:00:00Z,31289,30964,19199,19193,325,11615,11607,14252,9044
2017-11-11T06:00:00Z,32281,32100,19061,19003,181,12024,12016,14925,9044
2017-11-11T07:00:00Z,34283,34152,20180,20151,131,12397,12386,15491,9283
2017-11-11T08:00:00Z,36320,35695,21396,21354,625,13146,13136,16368,9631
2017-11-11T09:00:00Z,36568,35982,21437,21407,586,13763,13753,16653,10091
2017-11-11T10:00:00Z,35705,35518,20751,20706,187,13727,13721,16435,10145
2017-11-11T11:00:00Z,36995,36906,21463,21444,89,14186,14176,17287,10604
2017-11-11T12:00:00Z,39635,39151,23165,23115,484,15219,15208,18019,11102
2017-11-11T13:00:00Z,40252,40139,22900,22887,113,16394,16383,18836,11554
2017-11-11T14:00:00Z,42958,42848,24627,24605,110,17640,17628,19700,12085
2017-11-11T15:00:00Z,47375,47164,27402,27373,211,19058,19045,21380,13207
2017-11-11T16:00:00Z,47903,47682,28291,28281,221,18954,18942,21279,13515
2017-11-11T17:00:00Z,48760,48295,28744,28688,465,18896,18887,22232,14424
2017-11-11T18:00:00Z,47803,47685,29170,29130,118,17984,17974,20969,13640
2017-11-11T19:00:00Z,48663,48427,30426,30401,236,17354,17344,20011,13148
2017-11-11T20:00:00Z,44876,44548,27873,27844,328,17038,17028,19773,13107
2017-11-11T21:00:00Z,45125,44805,28586,28483,320,16574,16564,19483,12970
2017-11-11T22:00:00Z,43432,42935,27188,27151,497,15597,15586,18578,12414
2017-11-11T23:00:00Z,38960,37906,23900,23733,1054,14089,14081,17211,11336
2017-11-12T00:00:00Z,36534,35494,23007,22858,1040,12913,12904,15956,10488
2017-11-12T01:00:00Z,34986,34638,21660,21390,348,12218,12210,15632,9915
2017-11-12T02:00:00Z,33146,33081,21048,21038,65,12546,12538,15159,9709
2017-11-12T03:00:00Z,34159,34069,21772,21762,90,12396,12388,15368,9814
2017-11-12T04:00:00Z,31992,31858,20250,20231,134,11847,11842,14315,9381
2017-11-12T05:00:00Z,33093,33017,20898,20875,76,11667,11661,15006,9163
2017-11-12T06:00:00Z,31953,31859,20002,19972,94,12035,12027,14554,9372
2017-11-12T07:00:00Z,33513,33377,20174,20146,136,12700,12693,15463,9789
2017-11-12T08:00:00Z,35678,35547,21973,21947,131,13358,13352,16259,10300
2017-11-12T09:00:00Z,37480,37293,22968,22930,187,14104,14096,16968,10608
2017-11-12T10:00:00Z,38486,38234,22802,22770,252,14784,14775,17759,11070
2017-11-12T11:00:00Z,39807,39665,23851,23774,142,15426,15417,18213,11486
2017-11-12T12:00:00Z,42417,42167,25245,25102,250,16887,16879,19810,12459
2017-11-12T13:00:00Z,45246,45112,26540,26517,134,18240,18229,21165,13253
2017-11-12T14:00:00Z,50173,50013,29832,29797,160,20391,20384,23519,14965
2017-11-12T15:00:00Z,51572,51401,31320,31301,171,21081,21074,24143,16014
2017-11-12T16:00:00Z,50475,50218,30258,30203,257,20358,20345,23490,15356
2017-11-12T17:00:00Z,50716,50472,30850,30775,244,19671,19662,22840,14964
2017-11-12T18:00:00Z,53139,52991,33244,33204,148,19752,19742,22977,15301
2017-11-12T19:00:00Z,51513,51424,31415,31401,89,20055,20047,22913,15416
2017-11-12T20:00:00Z,52053,51734,31533,31516,319,20023,20012,23128,15585
2017-11-12T21:00:00Z,49608,49400,30146,30098,208,19567,19555,22561,15281
2017-11-12T22:00:00Z,47281,46958,29691,29627,323,18321,18310,21021,14359
2017-11-12T23:00:00Z,43156,42993,26847,26770,163,16391,16383,19286,12979
2017-11-13T00:00:00Z,41533,41235,25769,25690,298,15888,15881,18661,12464
2017-11-13T01:00:00Z,47505,47341,27430,27367,164,19348,19337,22044,13469
2017-11-13T02:00:00Z,52023,51881,29907,29844,142,21124,21112,23937,14200
2017-11-13T03:00:00Z,51013,50824,29170,29048,189,20635,20628,23580,14177
2017-11-13T04:00:00Z,42016,41874,25204,25163,142,16589,16580,19411,12357
2017-11-13T05:00:00Z,44162,44107,24778,24755,55,17788,17780,20739,12658
2017-11-13T06:00:00Z,50633,50309,27332,27269,324,21133,21124,24253,13992
2017-11-13T07:00:00Z,56200,55165,29808,29726,1035,23115,23102,26326,15016
2017-11-13T08:00:00Z,63135,62899,33576,33502,236,26482,26471,29261,16915
2017-11-13T09:00:00Z,69433,69175,36539,36471,258,29244,29231,31698,18651
2017-11-13T10:00:00Z,67535,67329,36272,36180,206,27724,27712,30236,18435
2017-11-13T11:00:00Z,61572,61386,33632,33525,186,25060,25046,27879,16979
2017-11-13T12:00:00Z,63969,63818,34612,34529,151,26646,26635,29293,17811
2017-11-13T13:00:00Z,71516,71096,37942,37845,420,29687,29672,33002,19900
2017-11-13T14:00:00Z,76406,76142,39917,39840,264,32015,32002,34984,21615
2017-11-13T15:00:00Z,81636,81399,43399,43321,237,33834,33821,36819,23197
2017-11-13T16:00:00Z,77304,77026,41606,41505,278,31807,31789,34620,22042
2017-11-13T17:00:00Z,71909,71527,38617,38563,382,29049,29035,32151,20202
2017-11-13T18:00:00Z,71145,70084,37981,37898,1061,27903,27880,31095,19426
2017-11-13T19:00:00Z,72477,71459,38866,38816,1018,27688,27667,30552,19183
2017-11-13T20:00:00Z,71820,70934,39787,39731,886,27350,27336,30223,19553
2017-11-13T21:00:00Z,70013,69675,39071,38976,338,27139,27126,29974,19629
2017-11-13T22:00:00Z,66012,65770,37289,37196,242,25037,25022,27842,18363
2017-11-13T23:00:00Z,57452,56963,33287,33169,489,21473,21455,24766,16152
2017-11-14T00:00:00Z,52459,51979,30051,30002,480,20053,20043,23125,14658
2017-11-14T01:00:00Z,54263,53955,30227,30125,308,22022,22013,24721,14908
2017-11-14T02:00:00Z,56849,56624,31494,31383,225,23215,23202,25925,15163
2017-11-14T03:00:00Z,55354,55146,30960,30826,208,22547,22536,25684,15270
2017-11-14T04:00:00Z,44999,44932,26241,26214,67,17914,17904,20913,13008
2017-11-14T05:00:00Z,46198,46104,26232,26204,94,18869,18860,21731,13037
2017-11-14T06:00:00Z,51939,51768,27159,27079,171,21988,21979,25219,14193
2017-11-14T07:00:00Z,56358,55567,29494,29433,791,24102,24090,26926,15123
2017-11-14T08:00:00Z,64564,64353,32648,32561,211,27547,27537,30478,17201
2017-11-14T09:00:00Z,68213,67979,34957,34812,234,29841,29826,32616,18777
2017-11-14T10:00:00Z,66407,66018,35159,34894,389,28247,28233,30960,18710
2017-11-14T11:00:00Z,61428,60921,32553,32298,507,25934,25921,28918,17282
2017-11-14T12:00:00Z,64639,64436,35255,35173,203,26942,26927,29496,17944
2017-11-14T13:00:00Z,70140,69880,36545,36421,260,29714,29698,32751,19947
2017-11-14T14:00:00Z,77787,77589,40663,40559,198,33077,33062,35660,22011
2017-11-14T15:00:00Z,81282,80983,42792,42656,299,34685,34663,37309,23384
2017-11-14T16:00:00Z,77163,76880,41557,41439,283,32257,32240,34799,22143
2017-11-14T17:00:00Z,73184,72869,39759,39594,315,29728,29715,32211,20262
2017-11-14T18:00:00Z,71106,70190,37906,37721,916,28051,28038,30844,19366
2017-11-14T19:00:00Z,70360,69978,37609,37497,382,28141,28123,30487,19445
2017-11-14T20:00:00Z,70973,70519,38829,38660,454,27174,27157,29948,19133
2017-11-14T21:00:00Z,71162,69943,38856,38308,1219,27390,27370,30489,19556
2017-11-14T22:00:00Z,65020,64714,36305,36267,306,24888,24870,27836,18223
2017-11-14T23:00:00Z,55918,55752,31810,31757,166,20943,20928,24076,15631
2017-11-15T00:00:00Z,52837,52609,28879,28822,228,19572,19560,23103,14136
2017-11-15T01:00:00Z,53776,53663,29087,29054,113,21814,21803,24448,14771
2017-11-15T02:00:00Z,56373,56167,30387,30285,206,23047,23032,25811,15287
2017-11-15T03:00:00Z,54087,53885,29456,29369,202,21936,21924,24925,14561
2017-11-15T04:00:00Z,43436,43281,25066,25031,155,17538,17526,20260,12614
2017-11-15T05:00:00Z,46232,46151,25728,25706,81,18889,18879,21636,12954
2017-11-15T06:00:00Z,53409,53304,27763,27744,105,21831,21821,25500,14219
2017-11-15T07:00:00Z,56998,56382,29211,29154,616,23487,23478,26877,14907
2017-11-15T08:00:00Z,62883,62425,31966,31921,458,27126,27114,30046,16938
2017-11-15T09:00:00Z,68419,68059,35257,35216,360,29632,29619,32167,18742
2017-11-15T10:00:00Z,64608,64088,33849,33568,520,27854,27840,30176,18257
2017-11-15T11:00:00Z,58781,58158,30564,30523,623,25000,24987,27802,16567
2017-11-15T12:00:00Z,61253,60990,31765,31713,263,26356,26345,28896,17381
2017-11-15T13:00:00Z,69207,68794,35808,35665,413,29305,29293,32207,19505
2017-11-15T14:00:00Z,76771,76498,39496,39450,273,32509,32494,35094,21797
2017-11-15T15:00:00Z,82436,82099,44113,44067,337,33650,33635,36533,22789
2017-11-15T16:00:00Z,79444,79051,42154,42126,393,32218,32201,34954,22131
2017-11-15T17:00:00Z,70991,70682,38255,38201,309,28731,28714,31194,19848
2017-11-15T18:00:00Z,68167,67788,36648,36604,379,27294,27278,30209,19443
2017-11-15T19:00:00Z,69571,69268,37448,37390,303,27281,27266,30101,19047
2017-11-15T20:00:00Z,69469,69268,38109,38029,201,26889,26875,29669,19271
2017-11-15T21:00:00Z,66061,65778,36004,35915,283,26708,26694,29341,19065
2017-11-15T22:00:00Z,64260,63932,36032,35875,328,24727,24712,27542,18043
2017-11-15T23:00:00Z,53913,53006,30085,29929,907,20999,20981,23992,15693
2017-11-16T00:00:00Z,48739,48363,27137,27004,376,19295,19281,21951,14059
2017-11-16T01:00:00Z,52388,52187,28174,28026,201,21523,21516,24084,14410
2017-11-16T02:00:00Z,53624,53259,28800,28610,365,22571,22559,25213,14555
2017-11-16T03:00:00Z,53451,53108,29227,28993,343,21827,21818,24907,14728
2017-11-16T04:00:00Z,43595,43348,25081,24911,247,17488,17482,20326,12552
2017-11-16T05:00:00Z,45346,45172,25170,25033,174,18874,18868,21632,12912
2017-11-16T06:00:00Z,51349,50881,26958,26767,468,21688,21677,24437,13903
2017-11-16T07:00:00Z,55685,54939,29519,29396,746,23727,23717,26670,15144
2017-11-16T08:00:00Z,63247,62544,32647,32476,703,26986,26976,29758,16692
2017-11-16T09:00:00Z,69679,69148,35905,35739,531,29782,29765,32258,18884
2017-11-16T10:00:00Z,65191,64664,34315,34102,527,27932,27916,30474,18352
2017-11-16T11:00:00Z,60430,60258,32463,32379,172,25460,25443,27622,16813
2017-11-16T12:00:00Z,61770,61572,33019,32959,198,26463,26450,28942,17532
2017-11-16T13:00:00Z,70252,70006,37663,37617,246,29617,29600,31866,19489
2017-11-16T14:00:00Z,74545,74310,39375,39294,235,32397,32380,34557,21286
2017-11-16T15:00:00Z,80649,80486,41954,41905,163,33489,33473,36017,22491
2017-11-16T16:00:00Z,73335,73093,39286,39255,242,30816,30797,33358,21032
2017-11-16T17:00:00Z,70680,70162,37997,37970,518,28873,28861,31253,19815
2017-11-16T18:00:00Z,68568,68309,37148,37100,259,27111,27096,29854,18953
2017-11-16T19:00:00Z,72613,72128,41004,40962,485,27038,27018,29700,18877
2017-11-16T20:00:00Z,68268,67862,38492,38471,406,26331,26316,29109,18848
2017-11-16T21:00:00Z,68781,68328,38959,38938,453,26132,26118,28948,18849
2017-11-16T22:00:00Z,62229,61541,34843,34778,688,24093,24080,27121,17746
2017-11-16T23:00:00Z,52454,51649,29671,29604,805,20287,20272,22674,14837
2017-11-17T00:00:00Z,50390,49353,28738,28711,1037,19165,19156,21782,14083
2017-11-17T01:00:00Z,53048,52343,28719,28706,705,21566,21557,24362,14612
2017-11-17T02:00:00Z,53946,53518,29791,29631,428,22269,22258,24983,14799
2017-11-17T03:00:00Z,53045,52855,29815,29688,190,21135,21124,23941,13877
2017-11-17T04:00:00Z,42433,42122,24379,24267,311,16655,16644,19843,11945
2017-11-17T05:00:00Z,43579,43477,24553,24533,102,17693,17686,20486,12208
2017-11-17T06:00:00Z,50119,49604,26689,26534,515,21196,21186,24212,13705
2017-11-17T07:00:00Z,54851,54020,28469,28393,831,22814,22803,26190,14865
2017-11-17T08:00:00Z,62081,61919,32323,32264,162,26213,26199,28979,16469
2017-11-17T09:00:00Z,67490,67198,35810,35707,292,28548,28533,30954,18341
2017-11-17T10:00:00Z,63514,63012,33423,33310,502,26676,26661,29427,17901
2017-11-17T11:00:00Z,60244,59972,33150,33090,272,23573,23558,26125,16031
2017-11-17T12:00:00Z,58526,58316,31599,31527,210,23896,23881,26400,16254
2017-11-17T13:00:00Z,68473,68028,33898,33747,445,26990,26977,29769,18136
2017-11-17T14:00:00Z,70858,70269,36319,36159,589,29251,29236,31839,19659
2017-11-17T15:00:00Z,74179,73866,38602,38544,313,30285,30273,32837,20291
2017-11-17T16:00:00Z,73204,72862,39457,39397,342,29356,29336,32189,20283
2017-11-17T17:00:00Z,67035,66826,36785,36743,209,26474,26455,29090,18341
2017-11-17T18:00:00Z,64957,64592,35905,35873,365,24571,24559,27330,17265
2017-11-17T19:00:00Z,64796,64560,36634,36585,236,24019,23999,26453,16955
2017-11-17T20:00:00Z,60328,60027,34448,34404,301,22469,22455,25104,16097
2017-11-17T21:00:00Z,58115,57859,32190,32129,256,21940,21930,24887,15988
2017-11-17T22:00:00Z,53368,53079,30609,30586,289,19975,19963,22824,14906
2017-11-17T23:00:00Z,46728,46218,26776,26724,510,16968,16956,19817,12629
2017-11-18T00:00:00Z,40587,40428,23251,23226,159,14841,14831,17345,11480
2017-11-18T01:00:00Z,36210,36073,21572,21559,137,13513,13503,16034,10182
2017-11-18T02:00:00Z,34474,34414,20884,20863,60,12971,12960,15616,9664
2017-11-18T03:00:00Z,33337,33268,19923,19896,69,12622,12615,15325,9400
2017-11-18T04:00:00Z,30068,30013,18396,18355,55,11745,11738,14234,9041
2017-11-18T05:00:00Z,30033,29984,17977,17945,49,11600,11593,13877,8677
2017-11-18T06:00:00Z,31329,31253,18361,18348,76,12162,12153,14598,9028
2017-11-18T07:00:00Z,33325,33242,19653,19638,83,12707,12698,15040,9133
2017-11-18T08:00:00Z,35429,35354,20651,20620,75,13615,13604,16294,9573
2017-11-18T09:00:00Z,37115,37036,22169,22154,79,14183,14172,16724,10254
2017-11-18T10:00:00Z,37229,37081,21868,21846,148,14254,14245,17064,10323
2017-11-18T11:00:00Z,37244,37070,21552,21525,174,14578,14566,17293,10556
2017-11-18T12:00:00Z,39316,39229,22628,22609,87,15539,15527,18474,11335
2017-11-18T13:00:00Z,42400,42339,24242,24218,61,17022,17014,20107,12210
2017-11-18T14:00:00Z,43085,42943,24534,24495,142,18211,18198,20729,12947
2017-11-18T15:00:00Z,44171,44038,24757,24745,133,18958,18946,21622,13587
2017-11-18T16:00:00Z,45641,45149,25471,25442,492,19133,19120,22006,13817
2017-11-18T17:00:00Z,45304,44825,25376,25343,479,18332,18323,21388,13647
2017-11-18T18:00:00Z,43684,42995,24829,24804,689,17674,17663,20401,13158
2017-11-18T19:00:00Z,42197,41975,23846,23811,222,17199,17186,19663,12824
2017-11-18T20:00:00Z,42679,42559,24471,24456,120,16886,16877,19564,12703
2017-11-18T21:00:00Z,41896,41781,24070,24040,115,16301,16291,19035,12396
2017-11-18T22:00:00Z,40722,40604,23980,23964,118,15354,15345,18169,11846
2017-11-18T23:00:00Z,37720,37535,22638,22593,185,14078,14069,16820,10924
2017-11-19T00:00:00Z,33242,33031,19388,19322,211,12608,12600,15253,9948
2017-11-19T01:00:00Z,33530,33425,19688,19666,105,11893,11887,14866,9359
2017-11-19T02:00:00Z,30908,30806,17898,17871,102,11960,11950,14605,9110
2017-11-19T03:00:00Z,32760,32597,18974,18958,163,12243,12236,14984,9260
2017-11-19T04:00:00Z,30526,30437,17483,17461,89,11601,11593,14164,8765
2017-11-19T05:00:00Z,29566,29475,16831,16804,91,11480,11474,14157,8756
2017-11-19T06:00:00Z,30530,30432,17347,17319,98,12040,12033,14761,9024
2017-11-19T07:00:00Z,32560,32388,17753,17720,172,12529,12520,15678,9285
2017-11-19T08:00:00Z,34519,34422,18527,18495,97,13323,13318,16334,9631
2017-11-19T09:00:00Z,36157,36059,20250,20225,98,14062,14052,17076,10201
2017-11-19T10:00:00Z,36250,36036,20592,20571,214,14513,14505,16996,10572
2017-11-19T11:00:00Z,38144,37735,21039,21009,409,15463,15455,18454,11274
2017-11-19T12:00:00Z,42235,41933,23250,23225,302,17085,17075,20344,12173
2017-11-19T13:00:00Z,45103,45021,24414,24391,82,18855,18847,22208,13493
2017-11-19T14:00:00Z,47542,47330,26558,26507,212,20326,20314,23416,14706
2017-11-19T15:00:00Z,48924,48739,27623,27570,185,20921,20909,24391,15259
2017-11-19T16:00:00Z,49846,49691,28275,28249,155,20134,20123,23886,14830
2017-11-19T17:00:00Z,49429,48523,27834,27790,906,19606,19597,23471,14634
2017-11-19T18:00:00Z,47773,46902,27889,27828,871,19163,19153,22456,14633
2017-11-19T19:00:00Z,47230,47021,27588,27560,209,19224,19216,21858,14418
2017-11-19T20:00:00Z,47927,47789,27357,27311,138,19572,19560,22292,14776
2017-11-19T21:00:00Z,48378,48274,27868,27847,104,19245,19235,21858,14613
2017-11-19T22:00:00Z,45940,45856,28016,28003,84,17892,17884,20491,13814
2017-11-19T23:00:00Z,40174,39847,24182,24167,327,16047,16035,19247,12546
2017-11-20T00:00:00Z,39152,39030,23435,23399,122,15371,15361,17954,11725
2017-11-20T01:00:00Z,44750,44629,25220,25172,121,18729,18720,21072,12837
2017-11-20T02:00:00Z,47712,47523,25601,25561,189,20684,20671,22832,13325
2017-11-20T03:00:00Z,46053,45952,25346,25315,101,20237,20227,22614,13364
2017-11-20T04:00:00Z,39613,39540,22510,22500,73,16498,16488,19080,11697
2017-11-20T05:00:00Z,42004,41867,22857,22844,137,17897,17888,20500,12014
2017-11-20T06:00:00Z,47320,47205,24266,24200,115,21046,21037,23695,13263
2017-11-20T07:00:00Z,51041,49893,25475,25409,1148,22862,22850,25338,14260
2017-11-20T08:00:00Z,59845,59708,29922,29863,137,26650,26638,28835,16513
2017-11-20T09:00:00Z,64642,64433,32153,32092,209,29089,29072,31324,18124
2017-11-20T10:00:00Z,62884,62547,32070,32019,337,27617,27602,29874,17821
2017-11-20T11:00:00Z,61101,60784,31902,31770,317,25296,25283,27886,16706
2017-11-20T12:00:00Z,62461,62299,32689,32645,162,26810,26797,29452,17587
2017-11-20T13:00:00Z,69492,69292,35933,35866,200,29430,29416,32166,19465
2017-11-20T14:00:00Z,75611,75406,38742,38682,205,32135,32121,34990,21605
2017-11-20T15:00:00Z,79431,79047,40590,40532,384,33937,33921,36841,22842
2017-11-20T16:00:00Z,76342,75860,39187,39153,482,31744,31729,34456,21703
2017-11-20T17:00:00Z,67927,67468,35292,35254,459,28287,28271,31062,19605
2017-11-20T18:00:00Z,68211,67868,36085,36016,343,26867,26851,29786,18808
2017-11-20T19:00:00Z,70826,70600,36603,36582,226,27044,27029,29660,19159
2017-11-20T20:00:00Z,68643,68175,35701,35648,468,26515,26503,29523,18933
2017-11-20T21:00:00Z,64374,63942,34146,34105,432,25604,25590,28349,18346
2017-11-20T22:00:00Z,60777,60060,33766,33731,717,24082,24072,27048,17752
2017-11-20T23:00:00Z,50261,49926,27912,27876,335,20172,20161,22781,14915
2017-11-21T00:00:00Z,46520,46369,25610,25558,151,18972,18958,21830,13841
2017-11-21T01:00:00Z,49359,49002,26244,26137,357,21224,21208,23647,14063
2017-11-21T02:00:00Z,52590,52460,26998,26939,130,22437,22426,25426,14570
2017-11-21T03:00:00Z,52986,52785,28508,28384,201,21655,21646,25318,14284
2017-11-21T04:00:00Z,43348,43205,24356,24334,143,17556,17544,20845,12521
2017-11-21T05:00:00Z,43537,43349,23733,23710,188,18958,18950,21519,12817
2017-11-21T06:00:00Z,50748,50567,26387,26352,181,21979,21969,24651,13745
2017-11-21T07:00:00Z,55029,53550,27210,27095,1479,23966,23956,26891,14837
2017-11-21T08:00:00Z,63630,63432,32183,32122,198,27623,27611,30218,17148
2017-11-21T09:00:00Z,69740,69564,35683,35623,176,30421,30407,32906,19130
2017-11-21T10:00:00Z,67315,67147,35173,35129,168,28882,28870,31507,19050
2017-11-21T11:00:00Z,62723,62461,32501,32452,262,26718,26705,29263,17753
2017-11-21T12:00:00Z,63553,63251,32706,32515,302,27742,27731,30229,18363
2017-11-21T13:00:00Z,71366,71063,35485,35378,303,30473,30455,34631,20124
2017-11-21T14:00:00Z,75534,75243,39493,39367,291,32860,32841,35323,21952
2017-11-21T15:00:00Z,78510,78083,40945,40755,427,33672,33657,36240,22565
2017-11-21T16:00:00Z,75782,75349,39977,39784,433,31800,31783,34470,21503
2017-11-21T17:00:00Z,69534,69170,36507,36431,364,28796,28784,31628,20056
2017-11-21T18:00:00Z,65537,65163,34418,34382,374,26651,26636,29379,18702
2017-11-21T19:00:00Z,47833,47652,25347,25322,181,21931,21918,23740,14648
2017-11-21T20:00:00Z,64159,63904,34012,33929,255,26276,26260,28889,18420
2017-11-21T21:00:00Z,65637,65288,35534,35451,349,25886,25869,28508,18415
2017-11-21T22:00:00Z,61166,60796,32953,32888,370,23936,23923,26814,17321
2017-11-21T23:00:00Z,51260,51095,27668,27648,165,20070,20057,22809,14730
2017-11-22T00:00:00Z,47806,47664,25634,25614,142,18765,18753,21247,13484
2017-11-22T01:00:00Z,50046,49862,25943,25895,184,20715,20704,23428,13839
2017-11-22T02:00:00Z,52209,52104,27923,27858,105,21976,21968,24469,14352
2017-11-22T03:00:00Z,53295,53156,29653,29583,139,21200,21190,24104,14162
2017-11-22T04:00:00Z,44482,44271,25675,25532,211,16837,16826,19671,12095
2017-11-22T05:00:00Z,44150,44082,24495,24467,68,18052,18043,20753,12173
2017-11-22T06:00:00Z,51702,51577,27403,27349,125,21327,21317,24185,13612
2017-11-22T07:00:00Z,56477,55795,29567,29437,682,23411,23400,26523,14733
2017-11-22T08:00:00Z,63667,63393,32828,32696,274,27190,27177,29906,16937
2017-11-22T09:00:00Z,71144,70800,37006,36852,344,30327,30312,32515,19034
2017-11-22T10:00:00Z,67793,67274,35417,35102,519,28580,28568,31097,18811
2017-11-22T11:00:00Z,63455,63137,33794,33597,318,26001,25988,28701,17409
2017-11-22T12:00:00Z,64141,63834,34168,34099,307,27130,27116,29533,17915
2017-11-22T13:00:00Z,71778,71470,37787,37740,308,29681,29665,32509,19854
2017-11-22T14:00:00Z,76357,76006,40154,40043,351,32085,32072,34733,21514
2017-11-22T15:00:00Z,79590,79204,42035,41914,386,32785,32769,35851,22329
2017-11-22T16:00:00Z,78048,77716,43270,43182,332,31016,30997,33897,21710
2017-11-22T17:00:00Z,68180,67738,36577,36447,442,27610,27595,30277,19143
2017-11-22T18:00:00Z,66385,65958,35311,35268,427,25925,25905,28783,18149
2017-11-22T19:00:00Z,65649,65499,36706,36683,150,25218,25203,27773,18024
2017-11-22T20:00:00Z,61634,61457,34442,34400,177,24134,24119,27070,17712
2017-11-22T21:00:00Z,61989,61147,33304,33253,842,23490,23479,26896,17507
2017-11-22T22:00:00Z,55895,54676,30752,30703,1219,21220,21209,24343,15824
2017-11-22T23:00:00Z,47674,46499,25841,25798,1175,17770,17756,21221,13517
2017-11-23T00:00:00Z,44480,43794,25367,25348,686,16287,16280,19504,12239
2017-11-23T01:00:00Z,47020,46804,25829,25787,216,18373,18363,21008,12369
2017-11-23T02:00:00Z,49516,49158,27190,27033,358,19762,19753,22449,12923
2017-11-23T03:00:00Z,47033,46803,25840,25658,230,19046,19037,22040,12617
2017-11-23T04:00:00Z,39374,39180,22422,22397,194,15187,15178,18138,10801
2017-11-23T05:00:00Z,42275,42154,23148,23114,121,16719,16711,19955,11392
2017-11-23T06:00:00Z,47691,47367,25179,25134,324,20111,20100,23277,12930
2017-11-23T07:00:00Z,55784,55240,28531,28427,544,22967,22956,25855,14460
2017-11-23T08:00:00Z,63416,63210,32553,32461,206,26311,26295,29164,16768
2017-11-23T09:00:00Z,70596,69916,36791,36606,680,29274,29257,32720,18833
2017-11-23T10:00:00Z,67690,66960,36199,36132,730,27827,27809,30648,18559
2017-11-23T11:00:00Z,60401,60175,32011,31895,226,25352,25337,27797,16884
2017-11-23T12:00:00Z,62847,62653,33770,33686,194,26041,26030,28648,17659
2017-11-23T13:00:00Z,65849,65638,34629,34536,211,28149,28132,30739,18734
2017-11-23T14:00:00Z,69748,69480,37390,37292,268,29330,29318,32237,19968
2017-11-23T15:00:00Z,69785,69434,38148,37941,351,28887,28867,31676,19993
2017-11-23T16:00:00Z,66070,65590,37134,36856,480,26803,26791,29436,18919
2017-11-23T17:00:00Z,57153,56932,32484,32406,221,22682,22668,25413,16442
2017-11-23T18:00:00Z,51833,51652,29821,29746,181,19598,19587,22346,14431
2017-11-23T19:00:00Z,50191,49691,29897,29781,500,18647,18630,21395,13930
2017-11-23T20:00:00Z,47657,47575,27397,27367,82,18447,18437,21126,13893
2017-11-23T21:00:00Z,44127,43978,25990,25940,149,17344,17331,19866,13114
2017-11-23T22:00:00Z,40120,39995,24188,24144,125,15631,15619,18212,11960
2017-11-23T23:00:00Z,33492,33432,20184,20171,60,13191,13179,15910,10515
2017-11-24T00:00:00Z,33239,33144,20147,20125,95,12643,12636,14990,9759
2017-11-24T01:00:00Z,36235,36125,20081,20057,110,15312,15304,17731,10315
2017-11-24T02:00:00Z,40257,40147,21512,21485,110,17155,17144,19570,11014
2017-11-24T03:00:00Z,40620,40505,22259,22226,115,17104,17092,19947,11294
2017-11-24T04:00:00Z,34058,33906,19766,19741,152,13158,13151,16102,9614
2017-11-24T05:00:00Z,37020,36950,20352,20337,70,15113,15100,17751,10256
2017-11-24T06:00:00Z,45612,45242,24412,24333,370,18702,18691,21558,11908
2017-11-24T07:00:00Z,49789,49338,25954,25892,451,21406,21394,24087,13427
2017-11-24T08:00:00Z,58605,58292,30962,30781,313,24885,24874,27153,15677
2017-11-24T09:00:00Z,65036,64792,34600,34485,244,27916,27904,30537,18250
2017-11-24T10:00:00Z,64136,63820,35958,35716,316,26429,26419,28836,17859
2017-11-24T11:00:00Z,58095,57966,32512,32451,129,22860,22852,25579,15680
2017-11-24T12:00:00Z,57596,57325,32080,32056,271,23189,23179,26186,16091
2017-11-24T13:00:00Z,60704,60501,32472,32406,203,25117,25105,27706,17319
2017-11-24T14:00:00Z,62796,62593,34251,34190,203,25951,25939,28863,18225
2017-11-24T15:00:00Z,62710,62518,34152,34047,192,25880,25866,28760,18197
2017-11-24T16:00:00Z,57922,57442,32575,32501,480,23544,23529,26303,16980
2017-11-24T17:00:00Z,50472,50334,28735,28678,138,20054,20044,22915,14709
2017-11-24T18:00:00Z,47263,46516,27582,27225,747,18183,18172,21185,13528
2017-11-24T19:00:00Z,44577,44421,25264,25206,156,17212,17198,19727,12846
2017-11-24T20:00:00Z,43744,43559,25124,25106,185,16502,16491,19139,12354
2017-11-24T21:00:00Z,40759,40499,23950,23905,260,15798,15789,18430,12058
2017-11-24T22:00:00Z,39829,39276,24158,24132,553,14769,14761,17286,11438
2017-11-24T23:00:00Z,35999,35845,22068,21994,154,12943,12935,15420,10158
2017-11-25T00:00:00Z,32616,32529,20214,20199,87,11667,11660,14183,9340
2017-11-25T01:00:00Z,31448,31403,19015,19000,45,11474,11463,13796,8803
2017-11-25T02:00:00Z,31453,31208,18461,18406,245,11987,11976,14508,8931
2017-11-25T03:00:00Z,33062,32950,19434,19357,112,12185,12177,14835,9087
2017-11-25T04:00:00Z,30686,30374,18383,18217,312,11461,11452,13853,8747
2017-11-25T05:00:00Z,30797,30682,18189,18169,115,11313,11305,13932,8577
2017-11-25T06:00:00Z,31299,31258,17898,17884,41,11868,11861,14240,8757
2017-11-25T07:00:00Z,32428,32310,18778,18754,118,12486,12477,14901,8942
2017-11-25T08:00:00Z,34535,34433,19833,19780,102,13215,13206,15654,9445
2017-11-25T09:00:00Z,35655,35591,20710,20658,64,13657,13651,16086,9825
2017-11-25T10:00:00Z,37568,37484,21439,21390,84,13820,13813,16307,10172
2017-11-25T11:00:00Z,37223,37080,21901,21857,143,14322,14313,16818,10473
2017-11-25T12:00:00Z,38428,38246,22318,22301,182,15299,15292,17925,10914
2017-11-25T13:00:00Z,41236,41166,24310,24290,70,16533,16523,19168,12005
2017-11-25T14:00:00Z,44389,44271,25290,25262,118,17920,17911,20769,12908
2017-11-25T15:00:00Z,46144,46069,26881,26852,75,18528,18515,21788,13534
2017-11-25T16:00:00Z,47321,47065,27975,27831,256,18383,18374,21418,13649
2017-11-25T17:00:00Z,45945,45797,26827,26788,148,17296,17287,20098,12839
2017-11-25T18:00:00Z,43038,42913,26177,26156,125,16572,16561,19003,12533
2017-11-25T19:00:00Z,42229,41795,25419,25400,434,16059,16049,18683,12272
2017-11-25T20:00:00Z,42674,41868,25998,25963,806,15723,15712,18420,12154
2017-11-25T21:00:00Z,41334,40663,25044,25007,671,15496,15491,18150,12141
2017-11-25T22:00:00Z,39731,39592,24136,24104,139,14587,14578,17201,11445
2017-11-25T23:00:00Z,35155,35013,22149,22097,142,13212,13205,15645,10636
2017-11-26T00:00:00Z,32404,32036,20223,20180,368,11926,11918,14484,9633
2017-11-26T01:00:00Z,31744,31317,19881,19876,427,11637,11631,14414,9435
2017-11-26T02:00:00Z,31747,31696,19414,19403,51,11952,11945,14438,9236
2017-11-26T03:00:00Z,31991,31928,19922,19898,63,11860,11850,14537,9156
2017-11-26T04:00:00Z,32003,30679,19219,19151,1324,11394,11389,14676,8960
2017-11-26T05:00:00Z,30841,29630,17915,17801,1211,11221,11213,14975,8844
2017-11-26T06:00:00Z,31532,30511,18223,18193,1021,11623,11616,14725,8861
2017-11-26T07:00:00Z,31765,30715,18668,18655,1050,12281,12270,15128,9180
2017-11-26T08:00:00Z,34984,34834,21156,21132,150,13158,13151,15891,9912
2017-11-26T09:00:00Z,35180,35047,20978,20903,133,13763,13756,16285,10162
2017-11-26T10:00:00Z,37011,36785,22195,22146,226,14268,14262,16778,10512
2017-11-26T11:00:00Z,38757,37989,22032,21986,768,15374,15366,18318,11259
2017-11-26T12:00:00Z,41496,40974,23782,23696,522,16722,16710,19424,12168
2017-11-26T13:00:00Z,45154,44873,26103,25998,281,18458,18447,21214,13130
2017-11-26T14:00:00Z,47318,47104,27463,27407,214,19607,19596,22751,14280
2017-11-26T15:00:00Z,48854,48731,28129,28093,123,20486,20474,23303,15099
2017-11-26T16:00:00Z,47620,47384,27773,27732,236,19463,19452,22237,14441
2017-11-26T17:00:00Z,46620,46437,27168,27126,183,18863,18855,21718,14257
2017-11-26T18:00:00Z,46291,46165,27428,27408,126,18474,18466,21433,13967
2017-11-26T19:00:00Z,48438,48279,29078,29053,159,18939,18926,21893,14421
2017-11-26T20:00:00Z,48946,48821,29777,29730,125,19100,19092,21845,14674
2017-11-26T21:00:00Z,47989,47867,29350,29310,122,18953,18944,21588,14715
2017-11-26T22:00:00Z,48804,48257,30161,30139,547,18020,18013,20757,14117
2017-11-26T23:00:00Z,41586,41424,25359,25324,162,15947,15940,18667,12682
2017-11-27T00:00:00Z,40737,40644,24659,24644,93,16129,16121,18583,12233
2017-11-27T01:00:00Z,46636,46481,26160,26114,155,19237,19229,21682,13071
2017-11-27T02:00:00Z,51176,51037,27557,27484,139,21196,21186,24104,13938
2017-11-27T03:00:00Z,50381,50228,28317,28283,153,20835,20825,23712,13969
2017-11-27T04:00:00Z,42051,41962,24200,24165,89,16613,16604,20018,12185
2017-11-27T05:00:00Z,45244,45182,24887,24854,62,18125,18115,21352,12469
2017-11-27T06:00:00Z,49767,49656,25921,25889,111,21326,21316,24440,13687
2017-11-27T07:00:00Z,55268,54204,28147,28081,1064,23609,23596,26229,14985
2017-11-27T08:00:00Z,62179,61906,31145,30993,273,26630,26619,29604,16579
2017-11-27T09:00:00Z,70137,69610,36506,36450,527,29616,29605,32408,18832
2017-11-27T10:00:00Z,65289,65042,34131,34031,247,28091,28071,30419,18378
2017-11-27T11:00:00Z,62128,61944,32518,32462,184,25966,25953,28361,17164
2017-11-27T12:00:00Z,65434,65248,34815,34740,186,27312,27297,29898,18306
2017-11-27T13:00:00Z,70538,70071,37133,36882,467,29590,29576,32506,19912
2017-11-27T14:00:00Z,78565,78244,40872,40780,321,33344,33332,35686,21968
2017-11-27T15:00:00Z,77089,76804,40986,40925,285,32938,32923,35078,22044
2017-11-27T16:00:00Z,78040,76967,40782,40745,1073,32399,32383,34847,22070
2017-11-27T17:00:00Z,75798,75210,40389,40306,588,29702,29684,32039,20273
2017-11-27T18:00:00Z,72735,71656,39092,39003,1079,28192,28176,30917,19543
2017-11-27T19:00:00Z,71623,70583,38347,38268,1040,27929,27917,30658,19480
2017-11-27T20:00:00Z,72135,71202,37956,37917,933,27526,27508,31930,19734
2017-11-27T21:00:00Z,70756,69956,39020,38955,800,27739,27720,30160,19770
2017-11-27T22:00:00Z,64176,63871,34858,34764,305,25754,25739,27936,18541
2017-11-27T23:00:00Z,51730,51623,29451,29433,107,21009,20999,23137,15500
2017-11-28T00:00:00Z,53127,52710,30256,30217,417,20373,20362,22919,14706
2017-11-28T01:00:00Z,56296,56074,30447,30399,222,22875,22864,25465,15159
2017-11-28T02:00:00Z,57043,56559,30498,30153,484,23725,23713,26598,15358
2017-11-28T03:00:00Z,56629,56213,30465,30217,416,22920,22911,26017,15030
2017-11-28T04:00:00Z,45982,45663,26591,26342,319,18369,18360,21147,13022
2017-11-28T05:00:00Z,47931,47850,25737,25730,81,19354,19346,22332,13177
2017-11-28T06:00:00Z,51556,51212,27017,26741,344,22368,22360,25032,14109
2017-11-28T07:00:00Z,57102,56214,29792,29707,888,24356,24345,27024,15345
2017-11-28T08:00:00Z,62643,62206,31937,31643,437,27549,27538,30122,17247
2017-11-28T09:00:00Z,70065,69812,36314,36174,253,30242,30231,33032,19469
2017-11-28T10:00:00Z,66977,66727,34812,34703,250,28892,28880,31152,18985
2017-11-28T11:00:00Z,62584,62443,33368,33310,141,26511,26500,28786,17833
2017-11-28T12:00:00Z,64656,64494,33869,33795,162,27506,27489,30142,18223
2017-11-28T13:00:00Z,72620,72413,38700,38633,207,30856,30843,33337,20855
2017-11-28T14:00:00Z,79290,79122,41612,41569,168,33683,33666,36337,22598
2017-11-28T15:00:00Z,84067,83905,44080,44039,162,35189,35178,38003,23891
2017-11-28T16:00:00Z,77445,77120,40308,40265,325,32560,32542,35176,21969
2017-11-28T17:00:00Z,72582,72212,38297,38263,370,29499,29483,32291,20410
2017-11-28T18:00:00Z,71887,71650,38654,38616,237,28207,28187,31041,19785
2017-11-28T19:00:00Z,74717,74560,40242,40216,157,28476,28464,30880,19860
2017-11-28T20:00:00Z,73452,73245,40714,40691,207,28081,28067,30994,20031
2017-11-28T21:00:00Z,71220,70856,39709,39698,364,27863,27851,30873,20112
2017-11-28T22:00:00Z,67709,66548,37314,37282,1161,26022,26011,29142,18821
2017-11-28T23:00:00Z,57079,56115,31698,31627,964,21965,21955,25047,16224
2017-11-29T00:00:00Z,53909,53495,29503,29433,414,20794,20784,23437,15186
2017-11-29T01:00:00Z,57073,56735,30644,30503,338,23048,23038,25667,15392
2017-11-29T02:00:00Z,58119,57839,31219,31161,280,23823,23813,26464,15376
2017-11-29T03:00:00Z,55241,55060,30201,30135,181,22873,22865,25888,15272
2017-11-29T04:00:00Z,46102,46019,25951,25917,83,18248,18243,21591,12938
2017-11-29T05:00:00Z,47361,47188,26076,26012,173,19409,19401,22242,13222
2017-11-29T06:00:00Z,54057,53355,28440,28356,702,22672,22663,25702,14519
2017-11-29T07:00:00Z,57077,56367,29696,29649,710,24332,24319,27434,15528
2017-11-29T08:00:00Z,63697,63579,33068,33004,118,27900,27890,30492,17395
2017-11-29T09:00:00Z,73190,73054,37837,37781,136,30331,30319,33166,19425
2017-11-29T10:00:00Z,70452,70346,36598,36573,106,28930,28916,31748,19236
2017-11-29T11:00:00Z,62383,62106,32441,32412,277,26300,26287,29018,17548
2017-11-29T12:00:00Z,64623,64428,34247,34188,195,27322,27306,29705,18175
2017-11-29T13:00:00Z,71663,71455,37609,37530,208,30394,30377,33272,20321
2017-11-29T14:00:00Z,74837,74234,38980,38918,603,32168,32155,34842,21622
2017-11-29T15:00:00Z,78944,78394,40962,40887,550,33094,33079,36123,22303
2017-11-29T16:00:00Z,74839,74254,40727,40677,585,30581,30562,33038,20824
2017-11-29T17:00:00Z,77274,76700,41403,41378,574,29860,29844,33103,20784
2017-11-29T18:00:00Z,71002,70815,39142,39084,187,28102,28089,31152,19878
2017-11-29T19:00:00Z,70138,69909,38751,38717,229,27869,27860,30508,19851
2017-11-29T20:00:00Z,69909,69663,38387,38352,246,27591,27574,30402,19697
2017-11-29T21:00:00Z,69740,69436,38600,38572,304,27571,27556,30213,19790
2017-11-29T22:00:00Z,64106,63783,35554,35516,323,25310,25299,27814,18471
2017-11-29T23:00:00Z,54202,53985,30793,30721,217,21616,21597,23772,15756
2017-11-30T00:00:00Z,51129,51022,28539,28521,107,20461,20449,22858,14773
2017-11-30T01:00:00Z,55144,55018,30479,30424,126,22188,22174,24658,14835
2017-11-30T02:00:00Z,58018,57773,31533,31485,245,23712,23699,26485,15455
2017-11-30T03:00:00Z,54699,54529,30391,30345,170,22602,22593,25456,14932
2017-11-30T04:00:00Z,45348,45261,26446,26407,87,18131,18123,20769,12932
2017-11-30T05:00:00Z,45412,45221,25257,25197,191,18915,18906,21553,12859
2017-11-30T06:00:00Z,54221,52813,29056,28993,1408,22364,22356,25563,14500
2017-11-30T07:00:00Z,57483,55936,29166,29093,1547,24480,24470,27970,15453
2017-11-30T08:00:00Z,63349,62156,31771,31595,1193,27545,27532,30693,17213
2017-11-30T09:00:00Z,70532,69553,36118,36052,979,30050,30039,33487,19096
2017-11-30T10:00:00Z,67317,66880,35174,35124,437,28302,28289,30966,18914
2017-11-30T11:00:00Z,60776,60661,32246,32208,115,25665,25653,27668,16978
2017-11-30T12:00:00Z,62563,62415,33796,33729,148,26411,26400,28834,17692
2017-11-30T13:00:00Z,70471,70241,37246,37190,230,29745,29735,32446,19986
2017-11-30T14:00:00Z,78642,77622,40842,40776,1020,32389,32374,35211,21658
2017-11-30T15:00:00Z,81526,81044,43431,43379,482,33687,33667,36090,22646
2017-11-30T16:00:00Z,77579,77315,41549,41497,264,32057,32043,34760,21926
2017-11-30T17:00:00Z,74229,73334,40182,40132,895,29064,29050,32051,20351
2017-11-30T18:00:00Z,70055,69366,37518,37464,689,27096,27082,30061,19147
2017-11-30T19:00:00Z,68281,68043,37715,37691,238,26894,26881,29670,19298
2017-11-30T20:00:00Z,70273,70067,39913,39891,206,27004,26990,29973,19809
2017-11-30T21:00:00Z,69071,68862,38200,38180,209,26285,26272,28807,18829
2017-11-30T22:00:00Z,62385,62296,35144,35135,89,24213,24201,27512,18196
2017-11-30T23:00:00Z,53431,52891,29952,29932,540,20798,20786,23650,15698
2017-12-01T00:00:00Z,50592,50363,28592,28571,229,19485,19473,22296,14453
2017-12-01T01:00:00Z,52617,52512,28943,28929,105,21524,21515,23857,14627
2017-12-01T02:00:00Z,53893,53788,29603,29556,105,22320,22310,25184,14655
2017-12-01T03:00:00Z,52721,52577,29984,29939,144,21476,21466,24186,14432
2017-12-01T04:00:00Z,43317,42599,24858,24675,718,16784,16775,20216,12293
2017-12-01T05:00:00Z,46103,45042,25375,25248,1061,18248,18237,21663,12654
2017-12-01T06:00:00Z,52764,51600,28063,27947,1164,21326,21316,24318,13939
2017-12-01T07:00:00Z,56041,54354,28991,28933,1687,23416,23404,26599,14923
2017-12-01T08:00:00Z,63630,62810,33272,33130,820,26177,26164,29246,16894
2017-12-01T09:00:00Z,68135,67933,35854,35746,202,28558,28542,31484,18668
2017-12-01T10:00:00Z,62792,62501,34302,34226,291,26605,26592,29142,18058
2017-12-01T11:00:00Z,56659,56413,30169,30095,246,23329,23315,25935,15873
2017-12-01T12:00:00Z,58112,57715,31127,31050,397,24221,24209,26711,16591
2017-12-01T13:00:00Z,64309,64016,34305,34263,293,26950,26935,29706,18275
2017-12-01T14:00:00Z,72437,72110,38775,38713,327,29377,29360,31993,19946
2017-12-01T15:00:00Z,76266,75318,40921,40876,948,30188,30170,33256,20782
2017-12-01T16:00:00Z,74832,74580,38976,38934,252,29355,29334,32471,20318
2017-12-01T17:00:00Z,68516,68214,35284,35225,302,25971,25956,29289,18269
2017-12-01T18:00:00Z,63744,62851,33927,33906,893,24474,24460,27634,17281
2017-12-01T19:00:00Z,66177,65370,36055,36015,807,24287,24273,27440,17373
2017-12-01T20:00:00Z,61853,61587,34166,34110,266,23216,23205,25994,17004
2017-12-01T21:00:00Z,59290,58845,32626,32589,445,22592,22573,25641,16831
2017-12-01T22:00:00Z,53906,53423,30048,29988,483,20561,20546,23262,15218
2017-12-01T23:00:00Z,48896,47767,27604,27577,1129,17588,17575,20553,13619
2017-12-02T00:00:00Z,41579,40508,23590,23572,1071,15113,15100,18035,11735
2017-12-02T01:00:00Z,37850,36731,21346,21298,1119,13996,13987,16651,10558
2017-12-02T02:00:00Z,37006,36133,21321,21267,873,13547,13540,16114,10125
2017-12-02T03:00:00Z,35498,35404,21173,21162,94,13384,13375,15818,9898
2017-12-02T04:00:00Z,33123,32903,19860,19810,220,12503,12496,15058,9438
2017-12-02T05:00:00Z,33387,33218,20245,20196,169,12361,12354,14893,9438
2017-12-02T06:00:00Z,33307,33205,19351,19320,102,12850,12841,15336,9430
2017-12-02T07:00:00Z,35200,35048,19709,19651,152,13167,13158,16148,9521
2017-12-02T08:00:00Z,36082,35973,20303,20242,109,13682,13672,16709,9861
2017-12-02T09:00:00Z,35965,35851,20552,20524,114,14334,14326,17015,10338
2017-12-02T10:00:00Z,36417,36195,20920,20812,222,14403,14392,16953,10535
2017-12-02T11:00:00Z,39581,39382,22191,22031,199,14897,14889,17464,10868
2017-12-02T12:00:00Z,39565,39183,22711,22531,382,15878,15869,18441,11510
2017-12-02T13:00:00Z,42940,42653,23805,23622,287,17487,17476,20751,12511
2017-12-02T14:00:00Z,45623,45372,25805,25675,251,18808,18797,21743,13464
2017-12-02T15:00:00Z,51193,50832,28728,28571,361,20066,20055,22952,14497
2017-12-02T16:00:00Z,53092,52800,28012,27919,292,19658,19644,22375,14431
2017-12-02T17:00:00Z,49732,49543,28847,28771,189,19066,19055,21804,14016
2017-12-02T18:00:00Z,48203,48020,28046,27932,183,18683,18671,21147,13770
2017-12-02T19:00:00Z,48608,48453,28116,28027,155,18547,18537,20980,13869
2017-12-02T20:00:00Z,52433,52243,28400,28310,190,18232,18223,21312,14128
2017-12-02T21:00:00Z,57176,56981,29250,29135,195,17900,17887,20346,13658
2017-12-02T22:00:00Z,55023,54822,27730,27601,201,17101,17095,19326,13128
2017-12-02T23:00:00Z,49982,49726,25814,25756,256,15765,15756,18676,12608
2017-12-03T00:00:00Z,37667,37576,23132,23115,91,14040,14030,16416,11147
2017-12-03T01:00:00Z,36078,35957,22170,22111,121,13335,13326,16001,10454
2017-12-03T02:00:00Z,34720,34596,20485,20436,124,13151,13140,15946,10030
2017-12-03T03:00:00Z,34805,34662,21726,21643,143,13104,13094,15686,9913
2017-12-03T04:00:00Z,32623,32367,20105,19937,256,12265,12258,15028,9573
2017-12-03T05:00:00Z,33718,33610,20765,20751,108,12295,12288,14893,9502
2017-12-03T06:00:00Z,33698,33617,20004,19985,81,12691,12686,15554,9691
2017-12-03T07:00:00Z,33304,33106,19791,19779,198,12938,12929,15348,9653
2017-12-03T08:00:00Z,36808,36367,21450,21382,441,13806,13801,16912,10152
2017-12-03T09:00:00Z,37570,37489,21174,21157,81,14270,14265,17139,10492
2017-12-03T10:00:00Z,37773,37650,21831,21764,123,14906,14897,17889,11001
2017-12-03T11:00:00Z,40232,40044,23234,23117,188,15889,15880,18575,11741
2017-12-03T12:00:00Z,43428,43232,24592,24516,196,17294,17283,20299,12561
2017-12-03T13:00:00Z,46791,46684,27158,27121,107,18944,18933,22012,13806
2017-12-03T14:00:00Z,51364,51046,29296,29129,318,20653,20644,24038,14927
2017-12-03T15:00:00Z,51738,51485,30309,30239,253,21350,21335,24196,15613
2017-12-03T16:00:00Z,51416,50694,29735,29706,722,20728,20717,23626,15362
2017-12-03T17:00:00Z,51322,50278,29927,29855,1044,20623,20614,23471,15444
2017-12-03T18:00:00Z,51999,51768,31169,31098,231,20338,20327,23099,15465
2017-12-03T19:00:00Z,51782,51578,31640,31574,204,20407,20396,23155,15616
2017-12-03T20:00:00Z,53479,53193,32765,32749,286,20864,20855,23445,15884
2017-12-03T21:00:00Z,51811,51573,31242,31217,238,20840,20830,23458,16035
2017-12-03T22:00:00Z,48674,48419,29339,29297,255,19600,19589,21964,15052
2017-12-03T23:00:00Z,43961,43871,26845,26822,90,17613,17601,20042,13746
2017-12-04T00:00:00Z,42237,42135,25595,25581,102,16920,16910,19113,12947
2017-12-04T01:00:00Z,49765,49478,28120,28096,287,20512,20502,23157,14071
2017-12-04T02:00:00Z,52961,52616,29373,29304,345,22284,22274,24936,14753
2017-12-04T03:00:00Z,52084,51944,29888,29822,140,21447,21437,24227,14347
2017-12-04T04:00:00Z,43308,43105,25960,25904,203,17493,17487,20130,12498
2017-12-04T05:00:00Z,45850,45740,25384,25328,110,19093,19083,22021,13162
2017-12-04T06:00:00Z,51981,51849,27478,27429,132,22174,22164,25502,14341
2017-12-04T07:00:00Z,57787,56087,29414,29351,1700,24236,24221,27437,15286
2017-12-04T08:00:00Z,62300,61952,31431,31366,348,27238,27227,30164,17126
2017-12-04T09:00:00Z,68252,67994,34852,34787,258,29747,29730,32562,19010
2017-12-04T10:00:00Z,67597,67392,36044,35977,205,28593,28577,31410,19032
2017-12-04T11:00:00Z,62554,62273,33848,33785,281,25669,25656,28097,17266
2017-12-04T12:00:00Z,65039,64724,34857,34793,315,27230,27215,30062,18186
2017-12-04T13:00:00Z,70692,70400,37288,37232,292,29925,29913,32691,20084
2017-12-04T14:00:00Z,78680,78466,42049,41982,214,33343,33324,36073,22460
2017-12-04T15:00:00Z,79738,79242,41877,41805,496,34502,34490,36862,23354
2017-12-04T16:00:00Z,79506,79208,42172,42137,298,33139,33126,35587,22636
2017-12-04T17:00:00Z,73324,73106,38781,38749,218,29733,29721,32626,20760
2017-12-04T18:00:00Z,69741,68841,36437,36384,900,28188,28173,30976,19503
2017-12-04T19:00:00Z,72009,71527,38968,38923,482,28357,28343,31379,20039
2017-12-04T20:00:00Z,69908,69381,37574,37543,527,28225,28210,30994,20135
2017-12-04T21:00:00Z,72299,71729,40007,39989,570,27885,27867,30676,20221
2017-12-04T22:00:00Z,64833,64180,35149,35102,653,25459,25442,28271,18823
2017-12-04T23:00:00Z,55540,55128,31571,31543,412,21922,21911,24523,16480
2017-12-05T00:00:00Z,52387,52263,29887,29863,124,20768,20760,23284,15065
2017-12-05T01:00:00Z,57471,57320,32259,32205,151,23339,23327,25868,15858
2017-12-05T02:00:00Z,57805,57689,31629,31601,116,24072,24060,26560,15730
2017-12-05T03:00:00Z,56418,56307,31608,31554,111,22931,22919,25836,15152
2017-12-05T04:00:00Z,48596,48496,27591,27564,100,18433,18421,21955,13307
2017-12-05T05:00:00Z,48474,48407,27172,27149,67,19829,19821,22928,13617
2017-12-05T06:00:00Z,54630,54379,29123,29052,251,22911,22901,25596,14636
2017-12-05T07:00:00Z,58399,57145,29658,29559,1254,25151,25137,27937,15805
2017-12-05T08:00:00Z,67133,66288,34011,33897,845,28470,28458,31382,17952
2017-12-05T09:00:00Z,72507,72231,37653,37586,276,30812,30792,33413,19650
2017-12-05T10:00:00Z,67786,67500,36124,36026,286,29055,29040,31413,19455
2017-12-05T11:00:00Z,63248,62963,33457,33395,285,26420,26404,29231,17642
2017-12-05T12:00:00Z,66595,66265,35913,35852,330,27908,27892,30502,18683
2017-12-05T13:00:00Z,74057,73628,40090,39997,429,30691,30673,33555,20537
2017-12-05T14:00:00Z,78935,78556,41902,41814,379,33483,33468,36177,22619
2017-12-05T15:00:00Z,83419,82784,44422,44344,635,34565,34549,37842,23578
2017-12-05T16:00:00Z,78288,77944,41636,41575,344,32723,32705,35817,22521
2017-12-05T17:00:00Z,73656,72822,38612,38526,834,29843,29831,32705,20816
2017-12-05T18:00:00Z,68806,68179,37219,37151,627,27977,27957,30421,19458
2017-12-05T19:00:00Z,70340,70111,38438,38387,229,27917,27902,30301,19692
2017-12-05T20:00:00Z,66628,66170,37012,36975,458,26944,26931,29477,19337
2017-12-05T21:00:00Z,61685,61316,34249,34195,369,25143,25126,27665,18141
2017-12-05T22:00:00Z,63765,63290,35907,35813,475,25262,25243,27716,18361
2017-12-05T23:00:00Z,58770,58049,34083,34000,721,21763,21749,24537,16094
2017-12-06T00:00:00Z,51802,51443,30007,29929,359,20060,20048,22793,14830
2017-12-06T01:00:00Z,53765,53542,29463,29395,223,22165,22155,24533,14832
2017-12-06T02:00:00Z,57012,56793,31012,30893,219,24080,24063,26440,15630
2017-12-06T03:00:00Z,56320,56036,31211,31092,284,22985,22973,25839,15324
2017-12-06T04:00:00Z,46329,46222,26612,26566,107,18375,18364,20862,13073
2017-12-06T05:00:00Z,48482,48329,26646,26594,153,19547,19539,22708,13389
2017-12-06T06:00:00Z,53680,53446,28557,28499,234,22658,22649,25401,14677
2017-12-06T07:00:00Z,56692,55970,29766,29705,722,24194,24182,27254,15529
2017-12-06T08:00:00Z,63995,63705,33920,33847,290,27209,27195,29701,17239
2017-12-06T09:00:00Z,69866,69611,36555,36495,255,30189,30174,32520,19350
2017-12-06T10:00:00Z,67032,66761,36026,35934,271,28161,28148,30816,18976
2017-12-06T11:00:00Z,63028,62818,33076,33051,210,25785,25770,28620,17238
2017-12-06T12:00:00Z,64990,64643,34957,34893,347,26934,26922,29917,18480
2017-12-06T13:00:00Z,71040,70788,36888,36833,252,29853,29838,33240,19959
2017-12-06T14:00:00Z,75730,75455,40167,40122,275,32135,32120,34521,21695
2017-12-06T15:00:00Z,79421,79161,41851,41773,260,33526,33510,36560,22886
2017-12-06T16:00:00Z,75940,75559,40643,40536,381,31733,31715,34736,21839
2017-12-06T17:00:00Z,70050,69813,37987,37905,237,28794,28775,31202,20022
2017-12-06T18:00:00Z,66267,65756,36611,36502,511,27002,26989,29218,18872
2017-12-06T19:00:00Z,69021,68867,37335,37306,154,27209,27196,29637,19098
2017-12-06T20:00:00Z,67993,67169,36930,36889,824,26734,26717,29626,19162
2017-12-06T21:00:00Z,68090,66858,37724,37642,1232,26353,26338,29168,18981
2017-12-06T22:00:00Z,62857,61769,35079,34997,1088,24266,24253,27088,17813
2017-12-06T23:00:00Z,56424,55394,31447,31332,1030,21282,21271,24403,16057
2017-12-07T00:00:00Z,52220,51211,28765,28726,1009,19969,19955,22906,14759
2017-12-07T01:00:00Z,55534,54933,29853,29801,601,22022,22009,24729,14851
2017-12-07T02:00:00Z,55988,55791,30350,30278,197,23246,23235,25675,14954
2017-12-07T03:00:00Z,55416,55069,29694,29657,347,22171,22162,25713,14589
2017-12-07T04:00:00Z,44385,44179,25327,25293,206,17937,17927,20484,12839
2017-12-07T05:00:00Z,46784,46650,25460,25401,134,19159,19149,21899,13201
2017-12-07T06:00:00Z,53698,53425,27505,27449,273,22489,22478,25224,14521
2017-12-07T07:00:00Z,56079,55307,28551,28475,772,24417,24406,27075,15492
2017-12-07T08:00:00Z,61395,61184,31816,31720,211,27053,27040,29608,17257
2017-12-07T09:00:00Z,69710,69445,35578,35504,265,30066,30055,33340,19255
2017-12-07T10:00:00Z,65655,65427,34958,34861,228,28191,28178,30943,18783
2017-12-07T11:00:00Z,60818,60594,31890,31805,224,25778,25763,28515,17410
2017-12-07T12:00:00Z,62051,61736,32917,32890,315,26540,26529,28849,17769
2017-12-07T13:00:00Z,70625,69903,37744,37661,722,29287,29271,32345,19771
2017-12-07T14:00:00Z,76868,75902,40444,40354,966,31933,31917,35109,21620
2017-12-07T15:00:00Z,80279,79811,42638,42432,468,32942,32923,36768,22723
2017-12-07T16:00:00Z,76743,76490,42030,41976,253,31027,31007,33717,21313
2017-12-07T17:00:00Z,70019,69478,38921,38723,541,27961,27949,30826,19691
2017-12-07T18:00:00Z,65970,65511,35761,35636,459,26579,26563,29159,18632
2017-12-07T19:00:00Z,67167,66741,36980,36848,426,26285,26270,28740,18461
2017-12-07T20:00:00Z,66537,66344,38136,38095,193,25526,25512,28327,18404
2017-12-07T21:00:00Z,66851,66074,37487,37391,777,25507,25495,28772,18749
2017-12-07T22:00:00Z,60337,59913,34509,34458,424,23264,23250,26322,17450
2017-12-07T23:00:00Z,51636,51434,28904,28852,202,20071,20055,22890,15038
2017-12-08T00:00:00Z,49346,49220,29244,29224,126,18603,18591,21302,13667
2017-12-08T01:00:00Z,51199,51068,28483,28442,131,20549,20538,23246,14117
2017-12-08T02:00:00Z,54563,54142,29006,28941,421,21825,21810,25106,14333
2017-12-08T03:00:00Z,51401,51261,28590,28510,140,20894,20884,23881,13929
2017-12-08T04:00:00Z,42795,42614,24772,24618,181,16484,16477,19497,11700
2017-12-08T05:00:00Z,44084,43991,24889,24847,93,18148,18142,20878,12518
2017-12-08T06:00:00Z,49774,49657,27016,26971,117,21074,21065,24262,13822
2017-12-08T07:00:00Z,53786,53109,28535,28415,677,22637,22624,25545,14401
2017-12-08T08:00:00Z,59069,58915,30974,30903,154,25169,25156,27786,16286
2017-12-08T09:00:00Z,65659,65403,34849,34730,256,28196,28178,30805,18398
2017-12-08T10:00:00Z,62422,62063,34452,34278,359,26050,26037,28595,17696
2017-12-08T11:00:00Z,55298,54917,29950,29802,381,22741,22727,25314,15647
2017-12-08T12:00:00Z,56593,56314,30908,30886,279,23350,23335,26056,16127
2017-12-08T13:00:00Z,62461,62303,33631,33587,158,25782,25771,28606,17727
2017-12-08T14:00:00Z,67851,67671,35864,35811,180,28018,28001,31204,19173
2017-12-08T15:00:00Z,71930,71688,38063,37985,242,29077,29062,32601,20042
2017-12-08T16:00:00Z,68125,67907,36552,36500,218,28201,28182,31312,19473
2017-12-08T17:00:00Z,62493,62160,33666,33548,333,25165,25149,28005,17632
2017-12-08T18:00:00Z,60718,60525,33315,33301,193,23838,23824,26413,17026
2017-12-08T19:00:00Z,59747,59396,32526,32411,351,23102,23081,25879,16583
2017-12-08T20:00:00Z,56864,56659,31845,31769,205,22103,22088,24574,15942
2017-12-08T21:00:00Z,55897,55658,31138,31102,239,21777,21765,24416,15975
2017-12-08T22:00:00Z,52417,51604,29431,29355,813,20180,20170,23121,15138
2017-12-08T23:00:00Z,47887,46528,26962,26888,1359,16944,16932,20508,12992
2017-12-09T00:00:00Z,40973,39957,23946,23922,1016,14770,14757,17752,11386
2017-12-09T01:00:00Z,37166,36211,21498,21459,955,13622,13611,16710,10343
2017-12-09T02:00:00Z,36162,35244,21164,21148,918,13420,13410,16521,10039
2017-12-09T03:00:00Z,34908,34446,20884,20874,462,13172,13162,15769,9738
2017-12-09T04:00:00Z,32570,32471,20090,20052,99,12002,11994,14217,9163
2017-12-09T05:00:00Z,32076,31961,19342,19323,115,11993,11985,14364,9051
2017-12-09T06:00:00Z,31926,31841,18939,18912,85,12377,12366,14771,9226
2017-12-09T07:00:00Z,34058,33952,20237,20222,106,13085,13079,15628,9439
2017-12-09T08:00:00Z,36661,36584,21646,21616,77,13558,13550,16248,9736
2017-12-09T09:00:00Z,36905,36728,21158,21056,177,14047,14038,16888,10166
2017-12-09T10:00:00Z,36848,36698,21919,21845,150,13837,13829,16361,10143
2017-12-09T11:00:00Z,37015,36915,21669,21642,100,14251,14243,16900,10515
2017-12-09T12:00:00Z,39339,39015,22204,22148,324,15457,15448,18342,11173
2017-12-09T13:00:00Z,42037,41865,23520,23453,172,16807,16796,19731,12171
2017-12-09T14:00:00Z,44258,44056,26092,25977,202,17939,17928,20762,13099
2017-12-09T15:00:00Z,46385,46253,26964,26933,132,18646,18632,21525,13651
2017-12-09T16:00:00Z,46740,46483,27910,27863,257,18505,18490,21254,13747
2017-12-09T17:00:00Z,47997,47822,26958,26946,175,17987,17974,20952,13486
2017-12-09T18:00:00Z,45852,45736,27594,27551,116,17460,17447,20204,13324
2017-12-09T19:00:00Z,44053,43942,26416,26403,111,16971,16963,19460,12936
2017-12-09T20:00:00Z,42908,42796,25926,25915,112,16491,16483,19073,12763
2017-12-09T21:00:00Z,42986,42869,26358,26345,117,16199,16190,18758,12611
2017-12-09T22:00:00Z,39907,39781,24496,24483,126,15329,15320,17712,12145
2017-12-09T23:00:00Z,36085,35968,22152,22127,117,13795,13786,16537,10946
2017-12-10T00:00:00Z,33790,33660,21431,21389,130,12521,12511,14906,10111
2017-12-10T01:00:00Z,32713,32618,20609,20570,95,11940,11930,14354,9583
2017-12-10T02:00:00Z,32484,32440,20162,20146,44,12112,12102,14801,9467
2017-12-10T03:00:00Z,32383,32279,19992,19969,104,12034,12029,14608,9163
2017-12-10T04:00:00Z,30697,30630,18839,18822,67,11556,11548,13988,8955
2017-12-10T05:00:00Z,30199,30077,18081,18065,122,11394,11384,13813,8789
2017-12-10T06:00:00Z,31364,31281,18744,18700,83,12020,12012,14325,9121
2017-12-10T07:00:00Z,32408,32378,19183,19168,30,12435,12426,14885,9334
2017-12-10T08:00:00Z,33360,33248,19682,19590,112,13103,13098,15815,9698
2017-12-10T09:00:00Z,34806,34728,20469,20439,78,13814,13803,16745,10248
2017-12-10T10:00:00Z,36173,36080,21287,21247,93,14201,14190,16933,10522
2017-12-10T11:00:00Z,39287,39257,23628,23614,30,15232,15226,17923,11254
2017-12-10T12:00:00Z,41738,41641,24385,24336,97,16900,16891,19820,12383
2017-12-10T13:00:00Z,45898,45712,27125,27093,186,18573,18563,21471,13553
2017-12-10T14:00:00Z,49481,49395,29498,29479,86,20553,20542,23790,15528
2017-12-10T15:00:00Z,52994,52838,31718,31649,156,20784,20776,24359,15999
2017-12-10T16:00:00Z,50777,50612,31035,30986,165,19945,19934,22910,15101
2017-12-10T17:00:00Z,48168,47774,28708,28654,394,19152,19142,22005,14567
2017-12-10T18:00:00Z,48420,48144,29146,29135,276,19174,19160,21792,14537
2017-12-10T19:00:00Z,50234,50062,30590,30579,172,19384,19368,21847,14710
2017-12-10T20:00:00Z,48553,48401,29525,29501,152,19539,19529,22183,15232
2017-12-10T21:00:00Z,49828,49741,31342,31330,87,19218,19212,21737,14871
2017-12-10T22:00:00Z,46181,46054,28982,28980,127,17950,17941,20352,14039
2017-12-10T23:00:00Z,41409,40542,25031,25013,867,15941,15931,18645,12527
2017-12-11T00:00:00Z,41320,40033,24877,24837,1287,15543,15534,18635,12173
2017-12-11T01:00:00Z,46405,45682,26178,26127,723,18651,18640,21424,12924
2017-12-11T02:00:00Z,50605,50322,29023,28963,283,20880,20868,23189,13911
2017-12-11T03:00:00Z,49829,49667,27966,27885,162,20440,20432,23610,13554
2017-12-11T04:00:00Z,41620,41470,24222,24151,150,16502,16495,19334,11951
2017-12-11T05:00:00Z,43681,43281,24220,24075,400,17852,17837,20708,12201
2017-12-11T06:00:00Z,49544,49423,26161,26137,121,21289,21283,24345,13648
2017-12-11T07:00:00Z,57463,55849,30043,30012,1614,23285,23274,26110,15106
2017-12-11T08:00:00Z,62519,62012,31899,31846,507,26572,26553,29630,16888
2017-12-11T09:00:00Z,69548,68880,36127,36034,668,29675,29658,32385,18855
2017-12-11T10:00:00Z,66620,66176,34702,34496,444,28639,28627,30212,18467
2017-12-11T11:00:00Z,64367,64044,34250,34102,323,26054,26039,28419,17027
2017-12-11T12:00:00Z,63927,63647,34070,34013,280,27060,27046,29311,17857
2017-12-11T13:00:00Z,69954,69668,36529,36421,286,30185,30169,31817,19598
2017-12-11T14:00:00Z,76512,75967,40417,40274,545,32257,32239,34638,21593
2017-12-11T15:00:00Z,80111,79796,42953,42805,315,33105,33086,35784,22671
2017-12-11T16:00:00Z,76594,76339,41484,41432,255,31604,31589,34112,21582
2017-12-11T17:00:00Z,72483,71649,39213,39099,834,28340,28321,31323,19578
2017-12-11T18:00:00Z,69279,68462,36443,36414,817,26872,26855,29438,18623
2017-12-11T19:00:00Z,69892,68773,37957,37924,1119,26722,26704,29249,18710
2017-12-11T20:00:00Z,69448,68420,38460,38398,1028,26447,26427,28941,18913
2017-12-11T21:00:00Z,66315,65970,35256,35180,345,25486,25471,27900,18205
2017-12-11T22:00:00Z,60176,59796,33283,33209,380,23837,23818,26284,17239
2017-12-11T23:00:00Z,53141,52828,29787,29728,313,20444,20428,23048,15131
2017-12-12T00:00:00Z,51638,49923,28982,28894,1715,19208,19196,22570,14196
2017-12-12T01:00:00Z,52638,51401,28560,28398,1237,20831,20819,23975,14301
2017-12-12T02:00:00Z,55772,54683,29556,29464,1089,22341,22327,25724,14552
2017-12-12T03:00:00Z,54844,53810,29787,29687,1034,21777,21763,24849,14291
2017-12-12T04:00:00Z,46228,45400,26011,25919,828,17471,17461,21137,12887
2017-12-12T05:00:00Z,47216,47002,26083,26049,214,18847,18836,21802,13114
2017-12-12T06:00:00Z,51749,51616,28009,27967,133,22052,22043,24668,14330
2017-12-12T07:00:00Z,55864,54642,28436,28355,1222,23847,23831,26391,14917
2017-12-12T08:00:00Z,63897,63637,32532,32432,260,27449,27434,29885,17196
2017-12-12T09:00:00Z,69023,68820,35750,35677,203,30047,30028,32169,19239
2017-12-12T10:00:00Z,66951,66578,35708,35652,373,28378,28358,30678,18892
2017-12-12T11:00:00Z,63070,62804,33447,33386,266,25950,25929,28396,17519
2017-12-12T12:00:00Z,65334,65126,35035,34965,208,27145,27133,29680,18346
2017-12-12T13:00:00Z,72261,71820,38200,38121,441,29668,29651,32376,19886
2017-12-12T14:00:00Z,75862,75580,39860,39790,282,31890,31873,34639,21590
2017-12-12T15:00:00Z,77585,77201,40950,40832,384,32817,32798,35639,22403
2017-12-12T16:00:00Z,77871,77318,41801,41721,553,31794,31777,34491,22024
2017-12-12T17:00:00Z,72484,72018,40098,40026,466,28410,28393,31136,19928
2017-12-12T18:00:00Z,58161,57837,31048,30990,324,24013,23995,26485,16674
2017-12-12T19:00:00Z,50409,50198,27154,27125,211,22933,22918,24375,15425
2017-12-12T20:00:00Z,65853,65533,36190,36125,320,25885,25867,28704,18681
2017-12-12T21:00:00Z,66835,66583,37094,37047,252,25882,25871,28504,18803
2017-12-12T22:00:00Z,61956,61454,34773,34733,502,23471,23458,26407,17525
2017-12-12T23:00:00Z,53582,53205,29959,29909,377,20296,20279,23012,15089
2017-12-13T00:00:00Z,49095,48944,28469,28432,151,18641,18629,21201,13666
2017-12-13T01:00:00Z,52583,52491,28275,28235,92,21036,21023,23721,13928
2017-12-13T02:00:00Z,55945,55819,30009,29956,126,22386,22373,25614,14531
2017-12-13T03:00:00Z,52724,52550,29151,29099,174,21378,21368,24275,14064
2017-12-13T04:00:00Z,43948,43810,25703,25611,138,17060,17050,19597,11993
2017-12-13T05:00:00Z,45918,45774,25105,25054,144,18598,18592,21421,12712
2017-12-13T06:00:00Z,51964,51858,27484,27435,106,22039,22027,24609,14084
2017-12-13T07:00:00Z,56562,55715,29467,29400,847,23866,23850,26894,15177
2017-12-13T08:00:00Z,62373,62183,31861,31787,190,27198,27185,29476,16737
2017-12-13T09:00:00Z,69448,69225,35250,35182,223,29807,29791,32421,18902
2017-12-13T10:00:00Z,65833,65456,35303,35199,377,28223,28210,30456,18743
2017-12-13T11:00:00Z,61095,60778,32664,32612,317,25712,25695,28025,17012
2017-12-13T12:00:00Z,65430,65275,35792,35744,155,26829,26815,29281,17998
2017-12-13T13:00:00Z,73069,72542,39593,39556,527,29340,29324,32141,19523
2017-12-13T14:00:00Z,75673,75413,39966,39908,260,32008,31994,34510,21195
2017-12-13T15:00:00Z,79083,78338,42535,42449,745,32488,32473,35239,21947
2017-12-13T16:00:00Z,78694,78435,43211,43132,259,31373,31362,34001,21659
2017-12-13T17:00:00Z,69588,69355,38168,38114,233,27738,27721,30029,19272
2017-12-13T18:00:00Z,67502,67302,37122,37102,200,25971,25955,28336,18078
2017-12-13T19:00:00Z,66517,65688,36511,36441,829,25423,25407,28208,18072
2017-12-13T20:00:00Z,66027,64928,36082,35975,1099,25142,25127,28105,18179
2017-12-13T21:00:00Z,66679,65528,36268,36201,1151,24842,24826,27763,18042
2017-12-13T22:00:00Z,61949,60833,35115,35053,1116,22685,22669,25674,16834
2017-12-13T23:00:00Z,53383,52490,30953,30923,893,19271,19257,22259,14521
2017-12-14T00:00:00Z,49324,48256,29307,29224,1068,17245,17233,20205,12811
2017-12-14T01:00:00Z,50502,50081,27260,27215,421,20076,20066,22587,13388
2017-12-14T02:00:00Z,53305,52982,28600,28470,323,21858,21845,24507,14039
2017-12-14T03:00:00Z,53730,53162,29348,29290,568,20941,20932,24221,13805
2017-12-14T04:00:00Z,44180,43549,25273,25144,631,17057,17047,20015,12264
2017-12-14T05:00:00Z,45705,45429,25117,24932,276,18110,18102,21174,12383
2017-12-14T06:00:00Z,52614,52464,27879,27799,150,21888,21876,25051,14026
2017-12-14T07:00:00Z,57030,55893,29077,29002,1137,23802,23790,27075,15035
2017-12-14T08:00:00Z,63881,63628,32298,32149,253,27109,27095,30439,17071
2017-12-14T09:00:00Z,70686,70045,36332,36255,641,29838,29828,32231,18854
2017-12-14T10:00:00Z,77994,77502,34665,34565,492,28004,27992,31274,18533
2017-12-14T11:00:00Z,61101,60790,31837,31737,311,25366,25351,27984,16876
2017-12-14T12:00:00Z,63956,63571,33854,33774,385,26625,26614,29190,17738
2017-12-14T13:00:00Z,68889,68587,35987,35937,302,28762,28748,31391,19228
2017-12-14T14:00:00Z,75451,75159,40213,40147,292,31120,31107,33988,21115
2017-12-14T15:00:00Z,79260,78984,41010,40963,276,32332,32317,35281,22094
2017-12-14T16:00:00Z,75337,75021,40074,40034,316,30299,30283,32750,20863
2017-12-14T17:00:00Z,68737,68547,37196,37142,190,26902,26889,29440,19002
2017-12-14T18:00:00Z,65717,65571,35926,35905,146,24848,24832,27711,17573
2017-12-14T19:00:00Z,62555,62335,33051,33028,220,24146,24129,26446,16954
2017-12-14T20:00:00Z,62924,62553,34605,34566,371,24141,24121,26844,17451
2017-12-14T21:00:00Z,62717,62432,34381,34358,285,23323,23307,26084,16980
2017-12-14T22:00:00Z,56590,56378,31244,31216,212,21402,21392,24282,15811
2017-12-14T23:00:00Z,48154,48028,27526,27517,126,18175,18164,20910,13902
2017-12-15T00:00:00Z,44688,44604,25409,25388,84,16993,16984,19711,12735
2017-12-15T01:00:00Z,49156,48978,26705,26687,178,19346,19339,21917,13014
2017-12-15T02:00:00Z,51428,51288,27427,27360,140,20736,20726,23627,13286
2017-12-15T03:00:00Z,45156,45038,25300,25282,118,18619,18605,21073,12198
2017-12-15T04:00:00Z,42076,41225,24703,24678,851,15933,15924,18789,11689
2017-12-15T05:00:00Z,42939,42723,24384,24361,216,16861,16848,19854,11851
2017-12-15T06:00:00Z,49072,48903,25946,25913,169,20599,20589,23303,13349
2017-12-15T07:00:00Z,54112,53181,28273,28181,931,22425,22414,25185,14368
2017-12-15T08:00:00Z,60152,59723,31019,30921,429,25631,25619,28424,16224
2017-12-15T09:00:00Z,67995,67279,34749,34651,716,28702,28686,32080,18783
2017-12-15T10:00:00Z,63602,63367,32170,32081,235,26358,26346,28769,17517
2017-12-15T11:00:00Z,58464,58265,29530,29510,199,23000,22991,25168,15714
2017-12-15T12:00:00Z,57472,57363,30081,30060,109,23307,23293,26057,15965
2017-12-15T13:00:00Z,62547,62441,32827,32798,106,25851,25838,28671,17726
2017-12-15T14:00:00Z,69502,68803,35507,35434,699,27852,27838,30559,18949
2017-12-15T15:00:00Z,69701,69102,36626,36529,599,28134,28119,30931,19324
2017-12-15T16:00:00Z,67914,67565,36160,36015,349,27147,27130,29861,18944
2017-12-15T17:00:00Z,64488,63779,34150,34055,709,23915,23901,26631,16729
2017-12-15T18:00:00Z,57449,57051,31026,31002,398,22021,22004,24772,15594
2017-12-15T19:00:00Z,56995,56806,30995,30978,189,20889,20875,23412,14950
2017-12-15T20:00:00Z,57409,57041,31943,31914,368,20458,20444,23611,15066
2017-12-15T21:00:00Z,53291,53118,29819,29791,173,19872,19859,22506,14717
2017-12-15T22:00:00Z,50537,50370,28733,28696,167,18075,18063,21225,13981
2017-12-15T23:00:00Z,43671,43488,24556,24547,183,15212,15204,18359,11918
2017-12-16T00:00:00Z,36831,36730,21085,21077,101,13003,12990,15751,10205
2017-12-16T01:00:00Z,34610,34239,20108,20103,371,12056,12048,14587,9079
2017-12-16T02:00:00Z,34317,34010,19510,19488,307,11867,11858,14703,8840
2017-12-16T03:00:00Z,33247,33128,19414,19368,119,11839,11831,14637,8880
2017-12-16T04:00:00Z,30724,30668,18289,18263,56,10952,10945,13687,8320
2017-12-16T05:00:00Z,29884,29827,17855,17851,57,10932,10926,13511,8276
2017-12-16T06:00:00Z,30503,30372,17699,17671,131,11469,11461,14075,8385
2017-12-16T07:00:00Z,33365,32880,18256,18231,485,11930,11922,14438,8619
2017-12-16T08:00:00Z,38123,37963,19774,19741,160,12707,12695,15340,9125
2017-12-16T09:00:00Z,36346,36285,19571,19542,61,13369,13361,15740,9560
2017-12-16T10:00:00Z,41528,41437,19336,19318,91,13284,13274,15561,9614
2017-12-16T11:00:00Z,40633,40520,20529,20524,113,13708,13701,16690,9884
2017-12-16T12:00:00Z,39979,39768,22646,22578,211,14655,14647,17549,10637
2017-12-16T13:00:00Z,40643,40447,22589,22581,196,16181,16172,18960,11704
2017-12-16T14:00:00Z,42763,42629,24154,24110,134,17176,17166,19640,12365
2017-12-16T15:00:00Z,52738,52606,25980,25889,132,17698,17689,20407,12991
2017-12-16T16:00:00Z,52534,52424,27715,27692,110,17331,17323,20059,12906
2017-12-16T17:00:00Z,56346,56234,25938,25905,112,16607,16599,19189,12276
2017-12-16T18:00:00Z,43198,43092,25759,25727,106,15901,15891,18329,11973
2017-12-16T19:00:00Z,40937,40792,24632,24605,145,15054,15046,17552,11383
2017-12-16T20:00:00Z,41675,41489,24662,24649,186,14391,14381,17434,11225
2017-12-16T21:00:00Z,37757,37688,22629,22604,69,13987,13976,16501,10914
2017-12-16T22:00:00Z,35475,35395,21106,21091,80,13149,13141,15488,10240
2017-12-16T23:00:00Z,33687,33435,20166,20155,252,11880,11873,14612,9442
2017-12-17T00:00:00Z,32719,32558,20706,20687,161,10788,10781,13324,8786
2017-12-17T01:00:00Z,29085,28605,17589,17556,480,10267,10260,12801,8062
2017-12-17T02:00:00Z,30492,30113,18220,18191,379,10715,10707,13114,8166
2017-12-17T03:00:00Z,29954,29810,18044,18004,144,10681,10676,13105,8061
2017-12-17T04:00:00Z,32062,31571,19897,19819,491,10654,10648,13193,8230
2017-12-17T05:00:00Z,29855,29798,17829,17807,57,10600,10593,13150,8256
2017-12-17T06:00:00Z,30403,30354,18260,18237,49,11023,11017,13534,8361
2017-12-17T07:00:00Z,30964,30895,18152,18131,69,11452,11444,13851,8528
2017-12-17T08:00:00Z,35280,35242,21153,21135,38,12449,12443,15928,9853
2017-12-17T09:00:00Z,35107,34851,19934,19911,256,13512,13504,16269,10077
2017-12-17T10:00:00Z,35778,35629,20310,20293,149,13952,13941,16502,10293
2017-12-17T11:00:00Z,37652,37467,21664,21608,185,15034,15023,17739,10999
2017-12-17T12:00:00Z,41734,41649,24400,24387,85,16118,16104,18837,11799
2017-12-17T13:00:00Z,45405,45255,25829,25791,150,17990,17977,20959,12982
2017-12-17T14:00:00Z,47499,47413,27315,27285,86,19262,19251,22215,14108
2017-12-17T15:00:00Z,49582,49503,29215,29201,79,19680,19669,22663,14621
2017-12-17T16:00:00Z,47677,47382,27827,27779,295,18660,18649,21401,13883
2017-12-17T17:00:00Z,45820,45641,27236,27194,179,17848,17837,20375,13507
2017-12-17T18:00:00Z,44892,44796,26572,26553,96,17501,17490,19868,13132
2017-12-17T19:00:00Z,46996,46720,27561,27522,276,17407,17400,20101,13281
2017-12-17T20:00:00Z,47185,46907,26994,26938,278,17490,17480,19965,13099
2017-12-17T21:00:00Z,45166,45020,26610,26570,146,17171,17160,20016,13126
2017-12-17T22:00:00Z,41233,41068,24499,24467,165,15936,15924,18369,12327
2017-12-17T23:00:00Z,37890,37732,22809,22791,158,13839,13830,16299,10846
2017-12-18T00:00:00Z,38115,37974,23505,23498,141,13666,13659,16219,10692
2017-12-18T01:00:00Z,41912,41727,22400,22365,185,16894,16885,19402,11367
2017-12-18T02:00:00Z,45920,45773,24590,24520,147,19241,19231,21481,12377
2017-12-18T03:00:00Z,46029,45893,25027,24959,136,18727,18718,21207,12315
2017-12-18T04:00:00Z,37879,37836,21809,21791,43,14934,14924,17052,10467
2017-12-18T05:00:00Z,41383,41290,22266,22247,93,16644,16632,19530,11182
2017-12-18T06:00:00Z,47126,46998,24150,24095,128,20202,20192,22440,12643
2017-12-18T07:00:00Z,52555,51278,26030,25977,1277,22468,22458,25074,14092
2017-12-18T08:00:00Z,59229,58895,29336,29244,334,25659,25648,28023,15830
2017-12-18T09:00:00Z,64692,64500,33101,33018,192,28249,28235,30139,17767
2017-12-18T10:00:00Z,63581,63257,32901,32837,324,26642,26631,29013,17309
2017-12-18T11:00:00Z,60059,59356,30618,30560,703,24552,24544,27721,16194
2017-12-18T12:00:00Z,62079,61097,31881,31808,982,25593,25583,28700,16801
2017-12-18T13:00:00Z,71349,70466,36455,36397,883,28428,28413,31473,18780
2017-12-18T14:00:00Z,74188,73309,37945,37814,879,30928,30912,34025,20799
2017-12-18T15:00:00Z,76799,75751,39563,39317,1048,31502,31483,34233,21326
2017-12-18T16:00:00Z,72843,71909,37973,37892,934,29591,29576,32433,20467
2017-12-18T17:00:00Z,67143,66639,35731,35670,504,26170,26157,28927,18159
2017-12-18T18:00:00Z,61435,61236,32788,32735,199,24257,24241,26779,16821
2017-12-18T19:00:00Z,63954,63612,33941,33913,342,24395,24384,26756,16977
2017-12-18T20:00:00Z,61420,61172,33593,33554,248,23810,23796,26290,17095
2017-12-18T21:00:00Z,62275,60952,33588,33542,1323,23547,23533,27019,17059
2017-12-18T22:00:00Z,57137,55838,30855,30801,1299,21768,21751,25119,15881
2017-12-18T23:00:00Z,48066,47116,26091,26056,950,17882,17872,20589,13226
2017-12-19T00:00:00Z,45745,44876,25394,25363,869,17145,17133,20040,12687
2017-12-19T01:00:00Z,47906,47614,25690,25658,292,19306,19300,21945,12962
2017-12-19T02:00:00Z,51477,51272,26875,26748,205,20809,20794,23720,13200
2017-12-19T03:00:00Z,50106,49966,27389,27339,140,20014,20005,22731,13014
2017-12-19T04:00:00Z,40858,40625,23543,23514,233,15779,15771,18458,11155
2017-12-19T05:00:00Z,44402,44040,24042,24006,362,17535,17527,20346,11670
2017-12-19T06:00:00Z,50240,49981,26474,26366,259,21063,21053,23858,13352
2017-12-19T07:00:00Z,55610,54673,28246,28195,937,23135,23124,26287,14519
2017-12-19T08:00:00Z,63068,62742,31640,31547,326,26372,26358,29342,16428
2017-12-19T09:00:00Z,70545,70234,35737,35643,311,29117,29103,32061,18438
2017-12-19T10:00:00Z,66849,66134,35330,35254,715,27217,27202,30238,18162
2017-12-19T11:00:00Z,62002,61566,32492,32364,436,24658,24642,27217,16590
2017-12-19T12:00:00Z,63303,63089,34141,34079,214,25337,25328,28382,17235
2017-12-19T13:00:00Z,69882,69565,37373,37213,317,27949,27937,31019,18777
2017-12-19T14:00:00Z,76829,75613,39804,39720,1216,30686,30669,34947,20778
2017-12-19T15:00:00Z,78396,77350,41785,41592,1046,31890,31869,34955,21916
2017-12-19T16:00:00Z,78111,76610,42326,42182,1501,29627,29609,33304,20751
2017-12-19T17:00:00Z,67455,66437,36375,36293,1018,26010,25995,29152,18273
2017-12-19T18:00:00Z,63551,62432,33958,33870,1119,23996,23976,27021,16786
2017-12-19T19:00:00Z,64101,63027,34481,34337,1074,23920,23909,26854,16872
2017-12-19T20:00:00Z,61813,60979,34036,33985,834,23206,23195,26064,16653
2017-12-19T21:00:00Z,60627,60262,33589,33521,365,22878,22865,25738,16527
2017-12-19T22:00:00Z,57263,56966,32197,32158,297,20873,20861,23731,15245
2017-12-19T23:00:00Z,49485,49318,28085,28050,167,17941,17927,20820,13485
2017-12-20T00:00:00Z,45724,45657,26343,26335,67,16630,16618,19402,12385
2017-12-20T01:00:00Z,49286,49183,25719,25674,103,18956,18946,21866,12596
2017-12-20T02:00:00Z,52520,52095,28070,28005,425,20570,20561,23951,13371
2017-12-20T03:00:00Z,50154,49998,27649,27594,156,19870,19864,22622,12839
2017-12-20T04:00:00Z,42450,42302,23076,23018,148,15890,15879,19330,11445
2017-12-20T05:00:00Z,44608,44003,24086,24045,605,17387,17379,20493,11857
2017-12-20T06:00:00Z,50783,49653,26211,26127,1130,20840,20827,24511,13378
2017-12-20T07:00:00Z,56477,55160,29166,29087,1317,22901,22888,26076,14412
2017-12-20T08:00:00Z,60464,60252,31229,31117,212,25556,25543,28562,16079
2017-12-20T09:00:00Z,69485,69216,35341,35239,269,28573,28562,32144,18302
2017-12-20T10:00:00Z,63885,63472,33825,33709,413,26507,26491,29315,17827
2017-12-20T11:00:00Z,58749,58018,30722,30503,731,24219,24206,26790,16343
2017-12-20T12:00:00Z,61033,60813,32736,32636,220,25126,25113,27865,16894
2017-12-20T13:00:00Z,67424,67096,35765,35572,328,27304,27294,30051,18425
2017-12-20T14:00:00Z,74967,74237,39283,39142,730,29995,29982,33450,20204
2017-12-20T15:00:00Z,76609,75279,40285,40077,1330,30650,30635,34186,21100
2017-12-20T16:00:00Z,73328,72803,40753,40585,525,28564,28547,31322,19970
2017-12-20T17:00:00Z,66446,65928,36535,36397,518,25186,25168,27863,17634
2017-12-20T18:00:00Z,62468,62230,34206,34134,238,23310,23298,26226,16587
2017-12-20T19:00:00Z,41685,41533,23126,23071,152,17960,17949,19845,12338
2017-12-20T20:00:00Z,58898,58712,32857,32803,186,22338,22325,25143,16145
2017-12-20T21:00:00Z,59840,59369,33314,33287,471,22016,22001,24858,15802
2017-12-20T22:00:00Z,55887,54915,30889,30862,972,20083,20071,22977,14820
2017-12-20T23:00:00Z,48372,47391,27141,27114,981,17062,17051,20289,13069
2017-12-21T00:00:00Z,46390,45538,26214,26188,852,16041,16031,19283,11934
2017-12-21T01:00:00Z,49730,48925,26290,26246,805,18718,18707,22046,12700
2017-12-21T02:00:00Z,52684,51731,27822,27776,953,20263,20251,23750,13097
2017-12-21T03:00:00Z,49998,49448,26918,26890,550,19409,19397,23006,12731
2017-12-21T04:00:00Z,41463,41276,23901,23891,187,15189,15180,18681,10856
2017-12-21T05:00:00Z,42052,41985,23176,23144,67,16535,16527,19336,10963
2017-12-21T06:00:00Z,48684,48581,25562,25520,103,20380,20369,22982,12915
2017-12-21T07:00:00Z,52720,51864,27493,27419,856,22078,22064,24949,14113
2017-12-21T08:00:00Z,58888,58563,30105,29992,325,24902,24891,27300,15667
2017-12-21T09:00:00Z,65153,64751,33971,33854,402,27491,27479,30166,17472
2017-12-21T10:00:00Z,66229,66007,34382,34296,222,25784,25774,29129,17170
2017-12-21T11:00:00Z,58621,58369,30391,30292,252,23342,23329,26243,15522
2017-12-21T12:00:00Z,60908,60742,31678,31627,166,24139,24124,27319,16424
2017-12-21T13:00:00Z,61669,61433,31673,31649,236,25436,25423,28157,16772
2017-12-21T14:00:00Z,69441,69188,35663,35609,253,28281,28264,31180,19071
2017-12-21T15:00:00Z,72847,72558,37078,37011,289,28749,28732,32240,19648
2017-12-21T16:00:00Z,70219,69560,37511,37400,659,27279,27259,30795,19160
2017-12-21T17:00:00Z,65703,64664,34361,34308,1039,23625,23608,27615,16539
2017-12-21T18:00:00Z,59433,58843,31652,31628,590,21848,21835,24894,15518
2017-12-21T19:00:00Z,58066,57288,30650,30618,778,21468,21455,24803,15226
2017-12-21T20:00:00Z,56103,55763,30401,30384,340,20901,20889,24243,15372
2017-12-21T21:00:00Z,55121,54796,29580,29563,325,20227,20217,23738,14975
2017-12-21T22:00:00Z,51527,50493,28160,28143,1034,18606,18591,22205,13872
2017-12-21T23:00:00Z,44081,43300,24243,24222,781,15825,15811,19000,11919
2017-12-22T00:00:00Z,42768,42544,24209,24176,224,14943,14930,17975,11212
2017-12-22T01:00:00Z,44805,44684,23301,23255,121,17291,17280,20734,11572
2017-12-22T02:00:00Z,48826,48658,25597,25566,168,19017,19002,22322,12082
2017-12-22T03:00:00Z,45447,45251,24539,24502,196,18197,18188,21210,11788
2017-12-22T04:00:00Z,36980,36844,20699,20663,136,13997,13986,16983,10024
2017-12-22T05:00:00Z,39089,38968,21148,21119,121,15528,15517,18334,10470
2017-12-22T06:00:00Z,46830,46678,24143,24054,152,18831,18821,22451,11995
2017-12-22T07:00:00Z,50179,49139,25619,25552,1040,20765,20753,23940,13207
2017-12-22T08:00:00Z,54842,54704,28289,28255,138,22991,22978,26404,15030
2017-12-22T09:00:00Z,58316,57987,30140,29969,329,25047,25036,27904,16452
2017-12-22T10:00:00Z,55802,55480,29736,29697,322,23063,23050,25994,15851
2017-12-22T11:00:00Z,51058,49914,27290,27206,1144,19841,19826,23152,13942
2017-12-22T12:00:00Z,52505,51317,27688,27633,1188,19667,19652,23291,13861
2017-12-22T13:00:00Z,55153,54565,28893,28822,588,21418,21406,24724,14858
2017-12-22T14:00:00Z,58080,57927,31448,31407,153,22565,22550,26014,15896
2017-12-22T15:00:00Z,59684,58693,31941,31798,991,23273,23260,26709,16489
2017-12-22T16:00:00Z,57759,56951,30352,30327,808,22078,22064,25334,15569
2017-12-22T17:00:00Z,53284,52924,28360,28327,360,19665,19651,22548,13988
2017-12-22T18:00:00Z,51764,51587,28946,28915,177,18535,18526,21620,13360
2017-12-22T19:00:00Z,48012,47721,27149,27073,291,17573,17563,20114,12850
2017-12-22T20:00:00Z,45397,45206,25443,25406,191,16582,16571,19119,12236
2017-12-22T21:00:00Z,43602,43012,24618,24539,590,15537,15522,18184,11567
2017-12-22T22:00:00Z,40189,39660,22752,22574,529,14489,14479,17053,11236
2017-12-22T23:00:00Z,36025,35748,20368,20354,277,12455,12444,15440,9822
2017-12-23T00:00:00Z,31091,30871,17694,17682,220,10894,10883,13488,8498
2017-12-23T01:00:00Z,28838,28769,16584,16569,69,10356,10347,12927,7861
2017-12-23T02:00:00Z,30627,30369,17689,17657,258,10839,10830,13570,7962
2017-12-23T03:00:00Z,30554,29827,17780,17747,727,10979,10971,13937,8223
2017-12-23T04:00:00Z,27559,27448,16335,16270,111,9924,9914,12334,7425
2017-12-23T05:00:00Z,28548,28160,16343,16334,388,10160,10153,13074,7813
2017-12-23T06:00:00Z,29672,29519,17259,17207,153,10913,10906,13555,8004
2017-12-23T07:00:00Z,31252,31161,18368,18316,91,11525,11514,14162,8370
2017-12-23T08:00:00Z,31280,31149,17657,17619,131,11812,11802,14489,8467
2017-12-23T09:00:00Z,32242,32040,17790,17758,202,12439,12427,15545,8908
2017-12-23T10:00:00Z,30483,30381,17373,17351,102,11756,11745,14636,8756
2017-12-23T11:00:00Z,32628,32487,18972,18911,141,12159,12150,14575,8850
2017-12-23T12:00:00Z,32091,31997,18319,18307,94,12466,12457,15038,9089
2017-12-23T13:00:00Z,35897,35788,20421,20389,109,13557,13546,16551,9909
2017-12-23T14:00:00Z,37628,37417,21461,21372,211,14730,14721,17867,10923
2017-12-23T15:00:00Z,37682,37508,21295,21242,174,15014,15005,17969,11115
2017-12-23T16:00:00Z,38875,38447,22116,22105,428,14850,14840,17755,10978
2017-12-23T17:00:00Z,37280,37078,21748,21677,202,13974,13963,16398,10349
2017-12-23T18:00:00Z,36473,36030,21823,21811,443,13204,13193,15806,10139
2017-12-23T19:00:00Z,34098,33991,20504,20493,107,12857,12848,15467,10100
2017-12-23T20:00:00Z,33549,33449,19998,19982,100,11991,11980,14499,9298
2017-12-23T21:00:00Z,32414,32347,18994,18989,67,11645,11636,14203,9028
2017-12-23T22:00:00Z,31163,31033,18675,18668,130,11206,11196,13734,8734
2017-12-23T23:00:00Z,28854,28030,16966,16935,824,10024,10010,13129,8154
2017-12-24T00:00:00Z,27896,26626,16274,16224,1270,9236,9225,12669,7485
2017-12-24T01:00:00Z,26506,25460,15483,15459,1046,8724,8716,11634,6924
2017-12-24T02:00:00Z,28284,27355,16553,16534,929,9454,9446,12673,7283
2017-12-24T03:00:00Z,28459,28162,17076,17056,297,9647,9638,12500,7357
2017-12-24T04:00:00Z,26787,26698,16145,16118,89,9374,9365,11604,7262
2017-12-24T05:00:00Z,27903,27850,15691,15662,53,9449,9442,11715,7286
2017-12-24T06:00:00Z,27934,27879,16717,16703,55,9811,9799,12273,7574
2017-12-24T07:00:00Z,30036,29166,17883,17833,870,10460,10450,13364,8015
2017-12-24T08:00:00Z,30434,29762,17502,17452,672,11127,11120,13980,8266
2017-12-24T09:00:00Z,30672,30545,18296,18244,127,11404,11395,13931,8553
2017-12-24T10:00:00Z,30744,30584,18229,18205,160,11347,11336,14175,8740
2017-12-24T11:00:00Z,32458,32002,18472,18440,456,11905,11896,14581,8847
2017-12-24T12:00:00Z,35199,34975,21278,21244,224,13000,12991,15619,9748
2017-12-24T13:00:00Z,36922,36482,21379,21357,440,14467,14457,17450,10570
2017-12-24T14:00:00Z,39328,39205,23378,23316,123,15573,15564,18248,11393
2017-12-24T15:00:00Z,38942,38833,22836,22809,109,15219,15209,18094,11409
2017-12-24T16:00:00Z,34837,34644,20682,20651,193,13512,13501,16177,10272
2017-12-24T17:00:00Z,33426,33247,18811,18722,179,12036,12026,14875,9358
2017-12-24T18:00:00Z,31171,31114,18547,18542,57,11314,11304,13736,8908
2017-12-24T19:00:00Z,29308,29211,17577,17568,97,10588,10581,12957,8484
2017-12-24T20:00:00Z,29840,29384,17689,17632,456,10224,10214,12749,8256
2017-12-24T21:00:00Z,28626,28582,16899,16882,44,9747,9740,12201,7862
2017-12-24T22:00:00Z,27116,27054,17334,17306,62,9049,9043,11288,7455
2017-12-24T23:00:00Z,25721,25621,16738,16729,100,8235,8229,10581,6974
2017-12-25T00:00:00Z,24403,24252,14528,14512,151,8477,8465,10663,6750
2017-12-25T01:00:00Z,30822,30735,16665,16638,87,11613,11605,14482,7864
2017-12-25T02:00:00Z,34730,34578,18128,18101,152,13803,13792,16193,8721
2017-12-25T03:00:00Z,33942,33870,18281,18257,72,13599,13588,16014,8654
2017-12-25T04:00:00Z,26606,26531,15552,15530,75,9959,9949,12256,7231
2017-12-25T05:00:00Z,29541,29504,16441,16418,37,11655,11646,13965,8061
2017-12-25T06:00:00Z,35933,35838,18749,18722,95,14832,14825,17493,9474
2017-12-25T07:00:00Z,41040,38325,20138,20092,2715,15983,15971,19307,10241
2017-12-25T08:00:00Z,42181,41308,21559,21486,873,16509,16500,20053,10818
2017-12-25T09:00:00Z,40324,40080,21816,21716,244,17166,17154,19935,11574
2017-12-25T10:00:00Z,35755,35612,20201,20149,143,15057,15046,17623,10731
2017-12-25T11:00:00Z,34417,34343,18799,18777,74,13543,13534,16039,9474
2017-12-25T12:00:00Z,35982,35819,20175,20128,163,14071,14062,16934,9988
2017-12-25T13:00:00Z,39235,39065,22531,22493,170,14608,14598,17467,10496
2017-12-25T14:00:00Z,38707,38592,22088,22041,115,15494,15486,18301,11265
2017-12-25T15:00:00Z,37868,37783,21571,21548,85,15020,15011,17873,11295
2017-12-25T16:00:00Z,34046,33922,19721,19711,124,13190,13180,15643,9919
2017-12-25T17:00:00Z,38875,38702,19624,19596,173,11952,11941,15354,9132
2017-12-25T18:00:00Z,31233,31183,18778,18769,50,11252,11241,13615,8868
2017-12-25T19:00:00Z,31069,30840,18621,18591,229,10993,10983,13578,8691
2017-12-25T20:00:00Z,29884,29762,18152,18130,122,10400,10391,12970,8317
2017-12-25T21:00:00Z,28646,28240,17093,17072,406,10237,10228,12650,8125
2017-12-25T22:00:00Z,27405,27190,16429,16419,215,9783,9774,12005,7898
2017-12-25T23:00:00Z,25932,25884,15323,15314,48,9117,9110,11808,7429
2017-12-26T00:00:00Z,27159,26855,15849,15842,304,9836,9827,12265,7502
2017-12-26T01:00:00Z,33422,33369,17374,17344,53,13196,13190,15812,8483
2017-12-26T02:00:00Z,38776,37786,20021,19895,990,15851,15842,18714,9894
2017-12-26T03:00:00Z,38484,37955,20684,20575,529,15443,15432,18388,10059
2017-12-26T04:00:00Z,30905,30808,18089,18029,97,11619,11610,14274,8403
2017-12-26T05:00:00Z,33750,33684,18512,18469,66,13436,13427,16108,9055
2017-12-26T06:00:00Z,41335,41213,21178,21091,122,16918,16911,19792,10609
2017-12-26T07:00:00Z,44459,43984,23439,23367,475,18279,18268,20970,11521
2017-12-26T08:00:00Z,45859,45663,24841,24767,196,19405,19395,22046,12418
2017-12-26T09:00:00Z,48770,48593,26394,26317,177,20746,20732,24009,13641
2017-12-26T10:00:00Z,44246,44143,24234,24196,103,18666,18654,21372,12776
2017-12-26T11:00:00Z,42034,41942,23208,23164,92,16870,16859,19622,11729
2017-12-26T12:00:00Z,43848,43765,24703,24683,83,17649,17641,20403,12214
2017-12-26T13:00:00Z,44836,44719,24232,24180,117,18403,18393,21183,12665
2017-12-26T14:00:00Z,47303,47178,25620,25590,125,19269,19261,22785,13480
2017-12-26T15:00:00Z,50187,49964,27912,27847,223,19597,19583,23050,13911
2017-12-26T16:00:00Z,46274,46050,24952,24924,224,17728,17719,20865,12811
2017-12-26T17:00:00Z,41833,41551,22771,22732,282,16313,16304,19412,11807
2017-12-26T18:00:00Z,41692,41434,23849,23811,258,15421,15411,17989,11396
2017-12-26T19:00:00Z,40903,40689,23975,23954,214,15139,15128,17757,11333
2017-12-26T20:00:00Z,39126,39034,22809,22788,92,14892,14884,17337,11158
2017-12-26T21:00:00Z,38388,38278,22119,22111,110,14394,14383,16778,10602
2017-12-26T22:00:00Z,36397,36261,21046,21024,136,13488,13477,16179,10407
2017-12-26T23:00:00Z,32773,32636,19204,19178,137,12179,12166,14857,9507
2017-12-27T00:00:00Z,32996,32772,19537,19497,224,12460,12448,15046,9388
2017-12-27T01:00:00Z,38705,38602,20531,20452,103,15626,15617,18086,10040
2017-12-27T02:00:00Z,43486,43358,23034,22977,128,17848,17837,20700,11127
2017-12-27T03:00:00Z,42750,42472,23252,23213,278,17061,17053,20086,11109
2017-12-27T04:00:00Z,34234,34006,19122,19083,228,13273,13261,16134,9438
2017-12-27T05:00:00Z,37109,37040,20317,20279,69,14817,14808,17499,9921
2017-12-27T06:00:00Z,43668,43600,22919,22877,68,18145,18134,21120,11306
2017-12-27T07:00:00Z,45674,45365,23897,23868,309,19533,19518,22054,12178
2017-12-27T08:00:00Z,50355,50156,26032,25959,199,21219,21209,23931,13456
2017-12-27T09:00:00Z,53040,52841,27933,27874,199,22512,22506,25523,14737
2017-12-27T10:00:00Z,47686,47273,25965,25939,413,20413,20404,23059,13726
2017-12-27T11:00:00Z,44990,44810,24249,24223,180,18713,18703,21362,12720
2017-12-27T12:00:00Z,48172,48022,25528,25465,150,19413,19403,22346,13324
2017-12-27T13:00:00Z,49149,48873,25750,25634,276,20505,20493,23385,13877
2017-12-27T14:00:00Z,52303,52028,27979,27864,275,21961,21948,24961,15172
2017-12-27T15:00:00Z,53947,53706,29099,28934,241,22260,22250,25707,15655
2017-12-27T16:00:00Z,52041,51842,28131,28090,199,21018,21006,24090,14811
2017-12-27T17:00:00Z,49637,48871,26794,26719,766,18782,18767,22231,13519
2017-12-27T18:00:00Z,47097,46786,26003,25970,311,17749,17735,20932,12817
2017-12-27T19:00:00Z,46772,46591,26256,26236,181,17552,17540,20246,12763
2017-12-27T20:00:00Z,45341,45215,25094,25071,126,17025,17016,20270,12703
2017-12-27T21:00:00Z,43815,43427,24665,24633,388,16428,16419,19327,12300
2017-12-27T22:00:00Z,40947,40655,22888,22877,292,15491,15482,18312,11759
2017-12-27T23:00:00Z,35977,35811,20651,20608,166,13565,13552,16301,10444
2017-12-28T00:00:00Z,35009,34859,19842,19830,150,13292,13281,15752,9852
2017-12-28T01:00:00Z,39801,39660,20975,20951,141,16113,16104,18380,10152
2017-12-28T02:00:00Z,44383,43864,22829,22758,519,17887,17877,20230,10574
2017-12-28T03:00:00Z,42118,41810,22706,22598,308,17390,17381,19390,10573
2017-12-28T04:00:00Z,35766,35597,21100,21043,169,13413,13401,15300,8751
2017-12-28T05:00:00Z,36598,36492,19758,19728,106,15198,15186,17057,9367
2017-12-28T06:00:00Z,43220,43064,22733,22701,156,18333,18324,19852,10600
2017-12-28T07:00:00Z,45638,45014,23791,23718,624,19251,19237,21130,11216
2017-12-28T08:00:00Z,48286,48053,24813,24729,233,20886,20876,22475,12244
2017-12-28T09:00:00Z,51013,50719,26580,26532,294,22174,22163,24260,13451
2017-12-28T10:00:00Z,48259,48036,24884,24770,223,20362,20347,22137,12922
2017-12-28T11:00:00Z,46451,46324,23316,23275,127,18654,18644,20570,11752
2017-12-28T12:00:00Z,46906,46847,24871,24854,59,19371,19361,21543,12370
2017-12-28T13:00:00Z,49196,48966,25841,25769,230,20667,20652,22765,13205
2017-12-28T14:00:00Z,53011,52782,27942,27856,229,22117,22103,24612,14175
2017-12-28T15:00:00Z,55377,55103,29726,29669,274,22464,22450,24896,14924
2017-12-28T16:00:00Z,53057,52745,28829,28736,312,21212,21198,23625,14155
2017-12-28T17:00:00Z,49163,48790,26682,26618,373,19176,19164,21444,12991
2017-12-28T18:00:00Z,46786,46695,26534,26512,91,18089,18080,19748,11954
2017-12-28T19:00:00Z,46290,45935,25406,25378,355,17717,17705,19892,11924
2017-12-28T20:00:00Z,46954,46042,26287,26245,912,17147,17134,20058,11668
2017-12-28T21:00:00Z,45889,45095,25324,25302,794,16740,16732,19235,11883
2017-12-28T22:00:00Z,41437,40777,23150,23095,660,15592,15580,17830,10802
2017-12-28T23:00:00Z,36592,36270,20584,20548,322,13627,13618,15642,9504
2017-12-29T00:00:00Z,34572,33969,19338,19318,603,13205,13194,15124,9056
2017-12-29T01:00:00Z,39133,39006,21681,21655,127,15392,15384,17234,9511
2017-12-29T02:00:00Z,40434,40274,21196,21161,160,17307,17298,19245,10228
2017-12-29T03:00:00Z,41348,41294,22015,21993,54,17009,17001,19323,10252
2017-12-29T04:00:00Z,32730,32645,18184,18149,85,12795,12783,14957,8393
2017-12-29T05:00:00Z,35467,34291,18098,18055,1176,14015,14006,17238,8755
2017-12-29T06:00:00Z,42203,40939,21100,20989,1264,17372,17360,20234,10335
2017-12-29T07:00:00Z,45151,43279,22562,22505,1872,18413,18404,21376,11191
2017-12-29T08:00:00Z,46521,45398,23327,23254,1123,19683,19673,22008,11799
2017-12-29T09:00:00Z,47973,46933,24830,24724,1040,20789,20776,23264,12868
2017-12-29T10:00:00Z,44880,44586,23863,23800,294,18887,18876,21150,12369
2017-12-29T11:00:00Z,42136,41330,22185,22120,806,16670,16660,18754,10921
2017-12-29T12:00:00Z,41422,41237,22262,22211,185,16746,16735,18904,11109
2017-12-29T13:00:00Z,43213,43010,23455,23377,203,17850,17838,19701,11698
2017-12-29T14:00:00Z,47556,47243,25306,25236,313,19188,19174,21775,12651
2017-12-29T15:00:00Z,48537,48306,26147,26109,231,19660,19652,22177,13039
2017-12-29T16:00:00Z,49017,48783,27028,26980,234,19113,19102,21013,12670
2017-12-29T17:00:00Z,49049,48435,27472,27404,614,17762,17749,19979,11943
2017-12-29T18:00:00Z,44566,44257,24522,24471,309,16645,16632,19076,11392
2017-12-29T19:00:00Z,41902,41544,23107,23088,358,15809,15802,17971,10962
2017-12-29T20:00:00Z,40162,39927,22894,22863,235,15255,15244,17128,10570
2017-12-29T21:00:00Z,39064,38896,22149,22117,168,14719,14706,16800,10437
2017-12-29T22:00:00Z,36936,36518,21102,21084,418,13625,13613,15710,9845
2017-12-29T23:00:00Z,32109,31912,18315,18297,197,12081,12071,14008,8663
2017-12-30T00:00:00Z,28697,28508,16676,16652,189,10873,10863,12772,7829
2017-12-30T01:00:00Z,27154,27024,15484,15468,130,10107,10100,12272,7237
2017-12-30T02:00:00Z,27602,27483,15986,15980,119,10129,10121,11957,6865
2017-12-30T03:00:00Z,26603,26547,15570,15562,56,10058,10049,11776,6930
2017-12-30T04:00:00Z,26608,26513,15974,15963,95,9622,9615,11210,6587
2017-12-30T05:00:00Z,25383,25274,14371,14349,109,9750,9745,11357,6492
2017-12-30T06:00:00Z,26093,26001,14633,14577,92,10022,10017,11560,6320
2017-12-30T07:00:00Z,27433,27370,15117,15091,63,10247,10240,12033,6706
2017-12-30T08:00:00Z,28414,28370,15479,15468,44,10736,10730,12641,6844
2017-12-30T09:00:00Z,27863,27803,15445,15435,60,11011,11005,12655,7221
2017-12-30T10:00:00Z,29438,29380,16739,16718,58,10993,10986,13130,7362
2017-12-30T11:00:00Z,31706,31637,17363,17327,69,11812,11807,14345,7850
2017-12-30T12:00:00Z,32850,32656,17838,17806,194,12394,12386,14215,8251
2017-12-30T13:00:00Z,33648,33453,18323,18281,195,13367,13358,15137,8817
2017-12-30T14:00:00Z,36041,35936,20066,20013,105,14351,14342,16213,9564
2017-12-30T15:00:00Z,36502,36300,20073,20036,202,14798,14787,16723,9863
2017-12-30T16:00:00Z,37429,37234,21226,21178,195,14692,14679,16330,9952
2017-12-30T17:00:00Z,38459,37665,21952,21903,794,14284,14275,16464,9762
2017-12-30T18:00:00Z,37034,36576,21481,21465,458,13687,13678,15725,9413
2017-12-30T19:00:00Z,36195,35934,20681,20615,261,13025,13014,15992,9165
2017-12-30T20:00:00Z,34772,34656,20299,20276,116,12905,12899,14562,9131
2017-12-30T21:00:00Z,32964,32522,18729,18664,442,12443,12433,14225,8796
2017-12-30T22:00:00Z,32250,32039,19091,19074,211,11952,11946,13607,8496
2017-12-30T23:00:00Z,28691,28588,16362,16347,103,10650,10642,12368,7711
2017-12-31T00:00:00Z,25758,25679,15338,15314,79,9690,9681,11241,6951
2017-12-31T01:00:00Z,25816,25729,15201,15186,87,9276,9268,11068,6735
2017-12-31T02:00:00Z,26530,26418,14684,14671,112,9749,9740,11795,6645
2017-12-31T03:00:00Z,26759,26512,14837,14801,247,9770,9760,12182,6750
2017-12-31T04:00:00Z,25320,25169,15174,15107,151,9341,9333,10951,6481
2017-12-31T05:00:00Z,24513,24321,14248,14199,192,9182,9175,10824,6451
2017-12-31T06:00:00Z,26095,25977,14863,14846,118,9274,9267,10779,6396
2017-12-31T07:00:00Z,25328,25214,14471,14453,114,9730,9721,11272,6613
2017-12-31T08:00:00Z,26792,26653,15436,15419,139,9985,9978,11701,6802
2017-12-31T09:00:00Z,26397,26255,14699,14674,142,10343,10336,11801,6763
2017-12-31T10:00:00Z,28052,27926,15652,15632,126,10356,10348,12139,7001
2017-12-31T11:00:00Z,27177,27118,15269,15248,59,10731,10722,12228,7219
2017-12-31T12:00:00Z,29769,29673,17068,17052,96,11468,11456,13057,7649
2017-12-31T13:00:00Z,31871,31778,17542,17526,93,12661,12652,14622,8532
2017-12-31T14:00:00Z,33710,33570,18868,18848,140,13407,13399,15156,9224
2017-12-31T15:00:00Z,34816,34584,19945,19884,232,13823,13815,15658,9509
2017-12-31T16:00:00Z,34033,33876,19289,19251,157,13197,13185,15333,9158
2017-12-31T17:00:00Z,31847,31655,18117,18053,192,12260,12248,14436,8770
2017-12-31T18:00:00Z,29643,29504,16881,16801,139,10930,10920,12863,7823
2017-12-31T19:00:00Z,26982,26886,15938,15884,96,9842,9833,11198,6937
2017-12-31T20:00:00Z,25727,25247,14595,14469,480,9141,9134,10850,6609
2017-12-31T21:00:00Z,26729,26605,16035,16005,124,8870,8860,10537,6555
2017-12-31T22:00:00Z,23702,23622,14025,14010,80,8202,8194,9890,6248
2017-12-31T23:00:00Z,22177,22125,13184,13176,52,7749,7740,9671,6070
2018-01-01T00:00:00Z,20541,20446,12256,12250,95,7431,7423,8716,5465
2018-01-01T01:00:00Z,21443,21327,12994,12979,116,7303,7291,8818,5134
2018-01-01T02:00:00Z,21131,21039,12762,12731,92,7607,7598,8995,5273
2018-01-01T03:00:00Z,22993,22838,14418,14376,155,7770,7764,9113,5292
2018-01-01T04:00:00Z,19906,19828,11261,11235,78,7352,7343,8689,4876
2018-01-01T05:00:00Z,20095,20024,11517,11481,71,7449,7441,8728,4942
2018-01-01T06:00:00Z,22197,22133,12416,12399,64,8005,7998,9945,5335
2018-01-01T07:00:00Z,24400,23093,12689,12665,1307,8485,8476,10571,5556
2018-01-01T08:00:00Z,24047,23347,13420,13409,700,8754,8746,10465,5936
2018-01-01T09:00:00Z,24470,24409,13740,13729,61,9199,9190,10796,6072
2018-01-01T10:00:00Z,25185,25065,14206,14161,120,9687,9677,11101,6511
2018-01-01T11:00:00Z,27423,27301,15654,15591,122,10437,10428,12523,7391
2018-01-01T12:00:00Z,30262,30116,16869,16848,146,11814,11806,13893,7829
2018-01-01T13:00:00Z,33509,33409,18334,18313,100,13305,13294,15412,8989
2018-01-01T14:00:00Z,35294,35155,19707,19681,139,14378,14367,16415,9827
2018-01-01T15:00:00Z,36577,36384,20360,20284,193,14877,14866,16861,10058
2018-01-01T16:00:00Z,36274,35840,20356,20324,434,14282,14268,16357,9733
2018-01-01T17:00:00Z,35927,35760,20980,20935,167,13331,13316,15324,9153
2018-01-01T18:00:00Z,34504,34132,19334,19307,372,13095,13086,15200,9005
2018-01-01T19:00:00Z,35420,35113,20522,20498,307,12895,12885,14982,9086
2018-01-01T20:00:00Z,34644,34575,20034,20019,69,13224,13214,15222,9484
2018-01-01T21:00:00Z,36467,36217,21057,21043,250,12942,12931,14927,9159
2018-01-01T22:00:00Z,33544,33401,19529,19511,143,12460,12448,14646,9116
2018-01-01T23:00:00Z,31051,30894,17548,17525,157,11268,11254,13555,8165
