event_hour,total_events,total_events_human,push_events,push_events_human,bot_events,distinct_actors,distinct_actors_human,distinct_repos,distinct_push_repos
2024-01-01T00:00:00Z,153619,90638,110370,71426,62981,18972,18723,59125,49066
2024-01-01T01:00:00Z,169672,91224,120267,71978,78448,18274,18031,68937,57806
2024-01-01T02:00:00Z,130276,91737,89901,71461,38539,17404,17193,34720,24785
2024-01-01T03:00:00Z,136620,91563,90417,70797,45057,17794,17618,33667,23478
2024-01-01T04:00:00Z,135528,95387,91582,72794,40141,19124,18953,34640,24022
2024-01-01T05:00:00Z,137292,98789,94867,75184,38503,20073,19918,35982,25495
2024-01-01T06:00:00Z,147114,104599,104058,78798,42515,22599,22435,43286,31923
2024-01-01T07:00:00Z,142101,107989,97237,79775,34112,23815,23628,37389,25463
2024-01-01T08:00:00Z,147821,111459,102056,83068,36362,25232,25061,40359,27859
2024-01-01T09:00:00Z,149529,113826,102222,83670,35703,26624,26435,40895,27965
2024-01-01T10:00:00Z,158214,117842,106268,86022,40372,28024,27829,44100,30703
2024-01-01T11:00:00Z,160724,125095,108155,90433,35629,30088,29910,43839,29395
2024-01-01T12:00:00Z,225075,126015,170054,89253,99060,32648,32403,77673,62749
2024-01-01T13:00:00Z,190568,134820,132944,95282,55748,35843,35634,68538,52457
2024-01-01T14:00:00Z,176699,141871,116253,98460,34828,38812,38616,53334,36032
2024-01-01T15:00:00Z,180386,142956,118979,98809,37430,39030,38845,55245,38053
2024-01-01T16:00:00Z,178135,142221,117360,99256,35914,38641,38447,53934,37407
2024-01-01T17:00:00Z,178980,144826,115150,98410,34154,37400,37203,51913,35415
2024-01-01T18:00:00Z,185244,138783,125392,98576,46461,35698,35457,59476,43801
2024-01-01T19:00:00Z,172448,132985,112576,93391,39463,32056,31859,47327,32863
2024-01-01T20:00:00Z,166962,127006,114312,92706,39956,30315,30111,47344,34220
2024-01-01T21:00:00Z,159181,120920,106211,86748,38261,29096,28921,42359,29790
2024-01-01T22:00:00Z,151168,114393,102562,84249,36775,26370,26199,39579,28112
2024-01-01T23:00:00Z,146481,114418,100651,84250,32063,26914,26756,39438,28336
2024-01-02T00:00:00Z,168485,115668,128289,86059,52817,28039,27810,68539,57303
2024-01-02T01:00:00Z,128788,90343,94250,62650,38445,25276,25086,56350,44662
2024-01-02T02:00:00Z,147385,122818,100508,84313,24567,32774,32582,45168,29391
2024-01-02T03:00:00Z,145360,120852,98087,81085,24508,32366,32178,45067,29253
2024-01-02T04:00:00Z,142119,117201,97664,80059,24918,30452,30262,43622,30024
2024-01-02T05:00:00Z,152134,120790,100540,81041,31344,33758,33569,47820,31979
2024-01-02T06:00:00Z,170508,137477,113383,88379,33031,40516,40308,59458,40562
2024-01-02T07:00:00Z,183425,156401,117934,99904,27024,43598,43370,56882,36793
2024-01-02T08:00:00Z,191137,162706,120833,102074,28431,47327,47089,61495,39938
2024-01-02T09:00:00Z,199450,168547,122109,103434,30903,50396,50135,63519,41267
2024-01-02T10:00:00Z,177751,144806,101699,80916,32945,49095,48837,64458,43317
2024-01-02T11:00:00Z,175673,147157,100816,82680,28516,48778,48494,60931,40606
2024-01-02T12:00:00Z,237269,149428,162928,85079,87841,51142,50858,94464,73506
2024-01-02T13:00:00Z,207301,159074,127599,89840,48227,55772,55514,87816,64970
2024-01-02T14:00:00Z,212581,181939,125409,106417,30642,61211,60920,74536,50180
2024-01-02T15:00:00Z,235608,189643,136777,117276,45965,59303,58993,73388,49751
2024-01-02T16:00:00Z,217109,184883,127473,109021,32226,58278,57926,73753,48905
2024-01-02T17:00:00Z,195575,167274,116417,98668,28301,54859,54571,67452,46189
2024-01-02T18:00:00Z,192596,154830,116094,89525,37766,51370,51044,72531,52477
2024-01-02T19:00:00Z,179501,147225,104717,85561,32276,47005,46680,59510,41222
2024-01-02T20:00:00Z,169744,139267,104604,83589,30477,44565,44277,58864,41766
2024-01-02T21:00:00Z,159536,129512,95928,77123,30024,41481,41225,53774,37512
2024-01-02T22:00:00Z,153673,125410,96861,78405,28263,37534,37268,50342,35304
2024-01-02T23:00:00Z,161753,137250,114077,97477,24503,35445,35228,46731,34068
2024-01-03T00:00:00Z,186803,132832,136760,95315,53971,34694,34409,74968,61101
2024-01-03T01:00:00Z,191860,134049,139525,93489,57811,36537,36271,81630,65217
2024-01-03T02:00:00Z,166677,140803,113427,96179,25874,37951,37719,50729,33302
2024-01-03T03:00:00Z,163153,136126,111290,93175,27027,36838,36618,49637,32386
2024-01-03T04:00:00Z,158591,131572,110636,92410,27019,33789,33565,46689,32118
2024-01-03T05:00:00Z,172331,137087,111742,92807,35244,36915,36709,51259,34424
2024-01-03T06:00:00Z,187004,153532,126103,101391,33472,43252,43048,63504,43461
2024-01-03T07:00:00Z,188143,162843,121018,104224,25300,46964,46746,59251,38025
2024-01-03T08:00:00Z,201180,173377,127421,108337,27803,51316,51060,65154,42633
2024-01-03T09:00:00Z,203841,173213,121751,102485,30628,54618,54349,67793,44303
2024-01-03T10:00:00Z,202394,172016,126397,105605,30378,53086,52783,67538,45641
2024-01-03T11:00:00Z,207113,179911,134479,116305,27202,52815,52524,63982,42394
2024-01-03T12:00:00Z,253333,170119,180185,106861,83214,54208,53859,97093,74385
2024-01-03T13:00:00Z,232338,186338,152079,115449,46000,59157,58840,89320,65359
2024-01-03T14:00:00Z,231880,203736,146053,127749,28144,62833,62498,75422,50780
2024-01-03T15:00:00Z,234867,204247,147743,127459,30620,62939,62618,77160,52592
2024-01-03T16:00:00Z,230059,201385,145659,127429,28674,60448,60116,74287,50284
2024-01-03T17:00:00Z,222887,193557,141461,124589,29330,56737,56429,69201,47439
2024-01-03T18:00:00Z,220617,183665,145795,119692,36952,53058,52740,73583,52920
2024-01-03T19:00:00Z,202737,173038,132726,114610,29699,48394,48099,60953,42047
2024-01-03T20:00:00Z,198676,167489,132505,112069,31187,45819,45501,59862,42557
2024-01-03T21:00:00Z,195214,163127,129947,111311,32087,42905,42599,55247,38369
2024-01-03T22:00:00Z,185021,156137,127714,109396,28884,39132,38843,51957,36579
2024-01-03T23:00:00Z,177978,149413,125049,108052,28565,36608,36362,48324,34784
2024-01-04T00:00:00Z,203997,148937,150532,109730,55060,36034,35741,75698,61411
2024-01-04T01:00:00Z,204315,148027,149829,104771,56288,38039,37783,82484,65886
2024-01-04T02:00:00Z,182305,156153,125344,108910,26152,39300,39070,52160,34522
2024-01-04T03:00:00Z,180565,150316,123442,106489,30249,37722,37489,49723,32645
2024-01-04T04:00:00Z,173076,147976,124342,107140,25100,34386,34168,47584,32676
2024-01-04T05:00:00Z,182018,150806,124911,106244,31212,37491,37268,51779,34953
2024-01-04T06:00:00Z,199531,168322,139053,115523,31209,43956,43714,62218,42399
2024-01-04T07:00:00Z,196264,171969,130334,113947,24295,48039,47813,59649,38318
2024-01-04T08:00:00Z,200555,173476,126483,108637,27079,52466,52205,65258,42720
2024-01-04T09:00:00Z,207223,179795,128522,110868,27428,56174,55910,68034,44563
2024-01-04T10:00:00Z,209987,181250,130964,111749,28737,54617,54328,69646,46518
2024-01-04T11:00:00Z,205742,180172,130313,113430,25570,53924,53656,66266,44278
2024-01-04T12:00:00Z,253263,172649,179166,107057,80614,55666,55365,98315,75737
2024-01-04T13:00:00Z,219766,174129,137125,101914,45637,60809,60443,91604,67526
2024-01-04T14:00:00Z,213614,185740,124634,107211,27874,65285,64946,77376,52018
2024-01-04T15:00:00Z,217098,186414,126510,107011,30684,65078,64719,79465,53787
2024-01-04T16:00:00Z,210930,177776,121891,99861,33154,62819,62492,79407,54577
2024-01-04T17:00:00Z,196852,167293,114568,97009,29559,58517,58182,71790,49440
2024-01-04T18:00:00Z,197001,159798,120968,94889,37203,53834,53522,74818,54398
2024-01-04T19:00:00Z,178803,149215,106600,88213,29588,50048,49740,62698,43577
2024-01-04T20:00:00Z,175704,144112,106579,85759,31592,47979,47658,62724,44438
2024-01-04T21:00:00Z,175908,144598,109974,91014,31310,43954,43651,56711,40079
2024-01-04T22:00:00Z,186065,157506,126421,108801,28559,39838,39532,52444,37029
2024-01-04T23:00:00Z,173082,147672,121304,104953,25410,37227,36959,49454,35587
2024-01-05T00:00:00Z,194442,141450,141732,101559,52992,36077,35785,75572,60997
2024-01-05T01:00:00Z,202637,146186,148552,103476,56451,39355,39079,83486,67118
2024-01-05T02:00:00Z,172591,147679,118791,102628,24912,38847,38616,51374,34113
2024-01-05T03:00:00Z,167113,141724,116812,99586,25389,36950,36749,48840,32311
2024-01-05T04:00:00Z,168315,142663,117184,99859,25652,34043,33830,47350,32437
2024-01-05T05:00:00Z,182546,148617,122297,102751,33929,36562,36342,52706,35501
2024-01-05T06:00:00Z,195307,160217,133752,108660,35090,42602,42339,62654,42569
2024-01-05T07:00:00Z,197870,170243,131535,113513,27627,46037,45811,59226,38174
2024-01-05T08:00:00Z,206093,178297,135119,116824,27796,50166,49909,63476,41484
2024-01-05T09:00:00Z,226412,182057,148808,116394,44355,52992,52668,72754,49855
2024-01-05T10:00:00Z,216400,184178,137195,117203,32222,51949,51579,67875,45295
2024-01-05T11:00:00Z,212491,184745,137331,119899,27746,51318,51012,62981,42321
2024-01-05T12:00:00Z,255253,172765,185667,113070,82488,51492,51204,93667,72524
2024-01-05T13:00:00Z,236736,188912,158289,122006,47824,55868,55551,86820,64485
2024-01-05T14:00:00Z,236920,208837,147312,130098,28083,63619,63300,75014,51036
2024-01-05T15:00:00Z,233355,202569,145262,125854,30786,61725,61413,75985,52069
2024-01-05T16:00:00Z,229793,200867,146248,128546,28926,58975,58644,72147,49575
2024-01-05T17:00:00Z,223018,195039,142150,126128,27979,55779,55425,69207,46889
2024-01-05T18:00:00Z,205533,168554,130918,105572,36979,52193,51902,72572,52888
2024-01-05T19:00:00Z,175608,148582,106456,88589,27026,47035,46744,60019,41858
2024-01-05T20:00:00Z,167339,138975,104726,85102,28364,43575,43303,58123,41481
2024-01-05T21:00:00Z,156574,125880,96901,77735,30694,39983,39691,52551,36904
2024-01-05T22:00:00Z,150094,120539,95176,76497,29555,36342,36077,49277,35024
2024-01-05T23:00:00Z,133092,107378,87468,70073,25714,33252,33034,45188,33054
2024-01-06T00:00:00Z,157043,100797,111189,66437,56246,30742,30447,74260,61809
2024-01-06T01:00:00Z,141966,89373,102715,59172,52593,26708,26468,70118,58411
2024-01-06T02:00:00Z,114785,91098,76884,60114,23687,26649,26432,40040,28093
2024-01-06T03:00:00Z,116162,92729,78035,60474,23433,27027,26846,40014,27516
2024-01-06T04:00:00Z,115619,92677,79299,61500,22942,27382,27182,40577,28626
2024-01-06T05:00:00Z,126474,97013,84706,64549,29461,28691,28524,44253,31469
2024-01-06T06:00:00Z,132406,102733,92765,67896,29673,31209,31021,50491,36528
2024-01-06T07:00:00Z,129385,107691,86711,70228,21694,32510,32322,45064,30404
2024-01-06T08:00:00Z,128022,105182,85370,67499,22840,33442,33266,47291,32297
2024-01-06T09:00:00Z,132478,107416,86788,68168,25062,35027,34857,48626,33006
2024-01-06T10:00:00Z,137226,111233,90877,71165,25993,36799,36613,51843,36455
2024-01-06T11:00:00Z,137705,114752,89626,72472,22953,37974,37783,50328,34328
2024-01-06T12:00:00Z,198870,115602,149865,72470,83268,39717,39528,83368,66663
2024-01-06T13:00:00Z,169715,127739,114842,79188,41976,43459,43281,73789,56201
2024-01-06T14:00:00Z,158578,134437,101683,84151,24141,46129,45921,59496,40974
2024-01-06T15:00:00Z,162017,133386,104157,82899,28631,46045,45838,62837,43804
2024-01-06T16:00:00Z,166162,139710,108554,89608,26452,45242,45042,61337,43076
2024-01-06T17:00:00Z,153425,129411,99178,81611,24014,44351,44139,58335,40999
2024-01-06T18:00:00Z,153018,121164,103159,77614,31854,41846,41663,61374,46176
2024-01-06T19:00:00Z,134208,111564,88181,71844,22644,36577,36411,48401,34241
2024-01-06T20:00:00Z,131811,107404,89281,70084,24407,34895,34716,48820,35472
2024-01-06T21:00:00Z,121741,99124,81762,64820,22617,31913,31737,43618,31291
2024-01-06T22:00:00Z,113949,92808,76439,60532,21141,29807,29640,41295,29670
2024-01-06T23:00:00Z,114752,94838,81979,66426,19914,29294,29148,39550,29605
2024-01-07T00:00:00Z,158137,113680,122923,87015,44457,27817,27585,62408,51880
2024-01-07T01:00:00Z,161984,110210,130027,84779,51774,25672,25457,70262,59828
2024-01-07T02:00:00Z,132881,110906,101352,84395,21975,24524,24375,38651,28128
2024-01-07T03:00:00Z,132288,110926,99642,82636,21362,24602,24448,36627,25759
2024-01-07T04:00:00Z,132624,111027,99106,82455,21597,25517,25371,38147,26862
2024-01-07T05:00:00Z,135848,111161,100632,82768,24687,26071,25930,39602,28321
2024-01-07T06:00:00Z,150373,121179,113698,88652,29194,29349,29193,49209,36231
2024-01-07T07:00:00Z,143675,124184,105736,90004,19491,30724,30553,42426,28913
2024-01-07T08:00:00Z,148931,127414,109372,91937,21517,32155,31990,45268,31106
2024-01-07T09:00:00Z,155229,132614,111481,93271,22615,34423,34239,47502,32701
2024-01-07T10:00:00Z,161034,137651,114940,96782,23383,36488,36312,50696,35409
2024-01-07T11:00:00Z,163075,141510,115951,99576,21565,38139,37975,49816,34347
2024-01-07T12:00:00Z,226982,143614,177753,100538,83368,40735,40552,83701,66937
2024-01-07T13:00:00Z,195483,155360,142136,107070,40123,44970,44767,75783,57465
2024-01-07T14:00:00Z,184825,162856,128725,112341,21969,48611,48426,61181,42153
2024-01-07T15:00:00Z,189501,163348,130988,112011,26153,48348,48161,63390,44076
2024-01-07T16:00:00Z,195737,168882,137126,118018,26855,48324,48111,65021,45677
2024-01-07T17:00:00Z,187619,163364,131905,114547,24255,46084,45876,59800,42012
2024-01-07T18:00:00Z,197007,163134,137015,110449,33873,43851,43655,66173,48675
2024-01-07T19:00:00Z,176857,151057,125795,107947,25800,40069,39882,53152,37563
2024-01-07T20:00:00Z,173250,145981,126283,105121,27269,38758,38580,54017,39401
2024-01-07T21:00:00Z,162545,137818,119027,100200,24727,36024,35858,48119,34819
2024-01-07T22:00:00Z,155642,131147,115080,96513,24495,32735,32576,45060,32877
2024-01-07T23:00:00Z,147068,123708,110220,92797,23360,31105,30950,42675,31655
2024-01-08T00:00:00Z,180240,123419,131340,91545,56821,31281,31029,70298,56839
2024-01-08T01:00:00Z,194785,126679,138210,90727,68106,34353,34106,80452,63976
2024-01-08T02:00:00Z,171239,137634,113387,95449,33605,36447,36232,50119,32762
2024-01-08T03:00:00Z,173991,136094,114821,93844,37897,35989,35776,50533,33170
2024-01-08T04:00:00Z,178057,138921,119155,97720,39136,34104,33891,49973,33708
2024-01-08T05:00:00Z,188086,148497,127511,104821,39589,37846,37622,53412,35715
2024-01-08T06:00:00Z,207096,165715,139348,113343,41381,44429,44171,64398,43286
2024-01-08T07:00:00Z,211859,178173,135990,117638,33686,49067,48832,61508,39446
2024-01-08T08:00:00Z,195626,159740,108641,88864,35886,56342,56064,70143,45287
2024-01-08T09:00:00Z,208333,170301,113411,93126,38032,59420,59049,73084,46815
2024-01-08T10:00:00Z,209445,170459,114917,94064,38986,58457,58097,73568,48581
2024-01-08T11:00:00Z,206416,170478,113615,94894,35938,57238,56935,70228,45933
2024-01-08T12:00:00Z,253646,164992,165278,93617,88654,59520,59195,102974,77823
2024-01-08T13:00:00Z,237640,181643,139969,102556,55997,65550,65199,97084,70143
2024-01-08T14:00:00Z,231686,196044,128312,109740,35642,70220,69859,83217,54714
2024-01-08T15:00:00Z,232248,192215,128796,107005,40033,69090,68738,85051,57036
2024-01-08T16:00:00Z,232223,187950,124736,104483,44273,66019,65624,85373,55438
2024-01-08T17:00:00Z,218407,180402,120922,101771,38005,61746,61389,76441,51224
2024-01-08T18:00:00Z,213607,167596,124912,97324,46011,57527,57217,80130,56675
2024-01-08T19:00:00Z,201823,161338,114989,94299,40485,53409,53104,68980,46803
2024-01-08T20:00:00Z,196307,153844,113839,91558,42463,50444,50125,68743,47093
2024-01-08T21:00:00Z,188870,147836,107910,86634,41034,47131,46847,62475,43027
2024-01-08T22:00:00Z,173229,133480,101642,81270,39749,42582,42294,57284,39374
2024-01-08T23:00:00Z,163701,126494,101174,82073,37207,39171,38916,52900,37424
2024-01-09T00:00:00Z,211981,154527,150705,110125,57454,38064,37740,77396,61720
2024-01-09T01:00:00Z,226771,164475,162188,116040,62296,40087,39794,84729,67247
2024-01-09T02:00:00Z,198496,167246,135387,116796,31250,40647,40379,54622,36028
2024-01-09T03:00:00Z,194713,162361,134061,114739,32352,39192,38951,52700,34105
2024-01-09T04:00:00Z,190623,158596,134016,114911,32027,36858,36623,51214,34352
2024-01-09T05:00:00Z,196910,165522,137037,117163,31388,40084,39869,54767,36900
2024-01-09T06:00:00Z,219800,181473,150494,124060,38327,46598,46367,66865,45327
2024-01-09T07:00:00Z,223394,190778,146712,126972,32616,51045,50798,65519,41864
2024-01-09T08:00:00Z,231629,201116,149591,130401,30513,57619,57354,71321,46118
2024-01-09T09:00:00Z,238701,206912,150485,131041,31789,61015,60724,72324,46909
2024-01-09T10:00:00Z,244036,209575,155057,134285,34461,59573,59245,74346,49543
2024-01-09T11:00:00Z,228580,198184,144739,126295,30396,57988,57681,69569,46036
2024-01-09T12:00:00Z,253340,188499,172558,118698,64841,59746,59432,99420,74748
2024-01-09T13:00:00Z,183668,158598,103258,87942,25070,59676,59414,74401,46585
2024-01-09T14:00:00Z,247992,218155,148939,131562,29837,71551,71230,82891,55315
2024-01-09T15:00:00Z,247440,212132,146499,126050,35308,70668,70269,84637,57171
2024-01-09T16:00:00Z,244942,209289,145354,125860,35653,68238,67843,84025,56333
2024-01-09T17:00:00Z,246703,206537,149439,130678,40166,63169,62804,80254,52451
2024-01-09T18:00:00Z,246865,202506,159328,132786,44359,58463,58096,80408,56331
2024-01-09T19:00:00Z,231943,192981,145266,126663,38962,53235,52897,69403,45388
2024-01-09T20:00:00Z,223812,190551,150085,129734,33261,50379,50065,66039,45797
2024-01-09T21:00:00Z,211476,176994,138455,119255,34482,46668,46363,61007,41728
2024-01-09T22:00:00Z,197307,165718,132190,113669,31589,41940,41647,55429,38447
2024-01-09T23:00:00Z,187687,157142,127778,110536,30545,39265,38941,52658,36586
2024-01-10T00:00:00Z,205987,151914,147781,108477,54073,38416,38082,76593,60677
2024-01-10T01:00:00Z,209568,152140,151536,106778,57428,39881,39589,83486,65667
2024-01-10T02:00:00Z,191376,163496,129982,112618,27880,41980,41717,54543,35777
2024-01-10T03:00:00Z,169584,140468,111136,93003,29116,39667,39398,52709,34075
2024-01-10T04:00:00Z,139101,109234,82331,63863,29867,36976,36740,51764,34861
2024-01-10T05:00:00Z,151613,117335,87437,66662,34278,40373,40137,57108,38110
2024-01-10T06:00:00Z,209671,171741,140335,115895,37930,46478,46238,67180,44434
2024-01-10T07:00:00Z,213739,183736,137139,119528,30003,51148,50899,64305,40417
2024-01-10T08:00:00Z,228653,193037,142009,123216,35616,56464,56190,70826,45351
2024-01-10T09:00:00Z,240018,206867,147378,128975,33151,60740,60424,74105,47378
2024-01-10T10:00:00Z,233595,200058,146171,126755,33537,59331,58972,73166,48468
2024-01-10T11:00:00Z,231798,201339,146036,128372,30459,57746,57443,70330,46417
2024-01-10T12:00:00Z,275250,196242,190923,124998,79008,59376,59052,101827,77314
2024-01-10T13:00:00Z,262249,212384,166255,132621,49865,64665,64313,93260,66770
2024-01-10T14:00:00Z,252978,220566,154188,136728,32412,69322,69006,81208,53871
2024-01-10T15:00:00Z,256473,221221,156360,136765,35252,69078,68677,84188,56009
2024-01-10T16:00:00Z,230177,197253,130045,112452,32924,67146,66762,82291,54652
2024-01-10T17:00:00Z,220400,184011,126844,109111,36389,62246,61874,76472,50899
2024-01-10T18:00:00Z,213364,173681,128896,103085,39683,58160,57808,79167,56624
2024-01-10T19:00:00Z,190937,158966,109013,90682,31971,54050,53716,66886,46042
2024-01-10T20:00:00Z,184125,148827,106452,85369,35298,50958,50644,67058,47101
2024-01-10T21:00:00Z,182593,148885,108075,89292,33708,47052,46727,60212,41370
2024-01-10T22:00:00Z,184250,152175,116507,98594,32075,42544,42201,56043,38651
2024-01-10T23:00:00Z,170677,140308,112192,94960,30369,39310,38993,52543,37110
2024-01-11T00:00:00Z,195195,134240,133702,91227,60955,38228,37890,80037,63944
2024-01-11T01:00:00Z,202477,139014,138843,91773,63463,39685,39373,87777,68505
2024-01-11T02:00:00Z,171245,139718,105534,89352,31527,40074,39809,55433,34528
2024-01-11T03:00:00Z,171123,136965,106751,89039,34158,39063,38809,55349,34594
2024-01-11T04:00:00Z,168666,134623,107134,89403,34043,36527,36276,53355,34400
2024-01-11T05:00:00Z,172991,139876,109685,90828,33115,39584,39331,56818,36642
2024-01-11T06:00:00Z,193028,155712,124160,98814,37316,46386,46118,67243,45727
2024-01-11T07:00:00Z,190068,161622,113771,96284,28446,51089,50819,64225,41312
2024-01-11T08:00:00Z,215086,181902,127405,108519,33184,56788,56470,70776,45899
2024-01-11T09:00:00Z,217212,184268,123552,104259,32944,59713,59393,73978,47399
2024-01-11T10:00:00Z,200373,167943,110849,91095,32430,59636,59304,73807,49329
2024-01-11T11:00:00Z,194379,164112,109136,90536,30267,57695,57333,69582,46298
2024-01-11T12:00:00Z,247036,166182,165258,95728,80854,59310,58979,102188,78291
2024-01-11T13:00:00Z,236599,188098,146956,111456,48501,63792,63477,93919,68277
2024-01-11T14:00:00Z,238150,209602,142137,125036,28548,69198,68864,80820,54063
2024-01-11T15:00:00Z,239323,208293,142799,123671,31030,68822,68472,82534,55777
2024-01-11T16:00:00Z,238416,204077,139465,121907,34339,66154,65779,81608,54268
2024-01-11T17:00:00Z,223596,185790,127129,110400,37806,61369,61034,77878,50444
2024-01-11T18:00:00Z,206970,164198,119256,92861,42772,59251,58888,81194,57318
2024-01-11T19:00:00Z,189950,156354,106510,88716,33596,54079,53756,68346,45731
2024-01-11T20:00:00Z,189311,154958,114569,95242,34353,49019,48694,65920,44676
2024-01-11T21:00:00Z,193856,158209,117190,98657,35647,46142,45803,61237,40942
2024-01-11T22:00:00Z,175352,146233,111636,94381,29119,41752,41412,54407,38321
2024-01-11T23:00:00Z,161661,135080,107007,90069,26581,38706,38417,51157,36505
2024-01-12T00:00:00Z,187913,134388,131469,91839,53525,37593,37274,76467,61124
2024-01-12T01:00:00Z,186313,129037,129644,83331,57276,39424,39130,85092,67660
2024-01-12T02:00:00Z,162816,135282,104049,86929,27534,39677,39417,54130,35628
2024-01-12T03:00:00Z,157224,130359,101558,84220,26865,37889,37671,51160,33824
2024-01-12T04:00:00Z,155831,128814,103853,86287,27017,34872,34644,48450,33168
2024-01-12T05:00:00Z,168611,139618,113255,94232,28993,37789,37556,52623,35904
2024-01-12T06:00:00Z,186382,151930,122585,97983,34452,44412,44151,63936,43902
2024-01-12T07:00:00Z,193242,165696,122037,104958,27546,48963,48686,61474,39399
2024-01-12T08:00:00Z,202196,175409,126258,108563,26787,54029,53691,66976,43537
2024-01-12T09:00:00Z,214061,186213,129473,111627,27848,58183,57908,71161,45637
2024-01-12T10:00:00Z,218666,188665,133219,114545,30001,56261,55932,70792,47005
2024-01-12T11:00:00Z,206257,178990,127817,110740,27267,53771,53469,66190,43652
2024-01-12T12:00:00Z,255318,175397,179512,109810,79921,54668,54370,98185,74976
2024-01-12T13:00:00Z,234972,190140,151580,116527,44832,59393,59084,91159,65871
2024-01-12T14:00:00Z,226841,198390,138488,121066,28451,64252,63918,76361,51147
2024-01-12T15:00:00Z,234801,199775,141174,120356,35026,64455,64082,80145,54788
2024-01-12T16:00:00Z,229333,193235,138036,117796,36098,61747,61413,77691,53372
2024-01-12T17:00:00Z,222559,185057,134373,114874,37502,57024,56681,72600,49280
2024-01-12T18:00:00Z,218835,173977,140640,112191,44858,52819,52503,76135,55030
2024-01-12T19:00:00Z,196546,165024,125494,106982,31522,47875,47568,61547,42140
2024-01-12T20:00:00Z,193996,160016,125817,104237,33980,44578,44234,60726,42754
2024-01-12T21:00:00Z,183381,151468,117792,98227,31913,40956,40657,55778,38000
2024-01-12T22:00:00Z,173184,142003,112763,94098,31181,37544,37264,51216,36057
2024-01-12T23:00:00Z,156964,128505,106473,89006,28459,34236,33969,46741,33687
2024-01-13T00:00:00Z,176013,121685,126599,85068,54328,31152,30844,71089,58385
2024-01-13T01:00:00Z,169618,112166,127551,80331,57452,28762,28517,75021,62170
2024-01-13T02:00:00Z,134760,110950,96172,79892,23810,26630,26409,40482,27817
2024-01-13T03:00:00Z,132227,109352,96398,79135,22875,26551,26360,39176,27028
2024-01-13T04:00:00Z,135151,112601,97684,80375,22550,26697,26512,40087,27653
2024-01-13T05:00:00Z,143928,118162,103092,84061,25766,28151,27974,43661,30052
2024-01-13T06:00:00Z,154583,123471,111186,86367,31112,30328,30132,50763,36478
2024-01-13T07:00:00Z,149655,125837,106285,88191,23818,32185,32007,44895,29728
2024-01-13T08:00:00Z,154280,130329,109085,91147,23951,33638,33445,47970,32023
2024-01-13T09:00:00Z,157604,133665,110927,92849,23939,35396,35216,48963,32915
2024-01-13T10:00:00Z,161788,136956,114990,95898,24832,36456,36253,51824,35794
2024-01-13T11:00:00Z,164253,142275,116183,99415,21978,38121,37930,50645,34106
2024-01-13T12:00:00Z,227700,140907,178274,97892,86793,39439,39250,83307,66145
2024-01-13T13:00:00Z,190508,148222,136451,101220,42286,42736,42550,73373,55167
2024-01-13T14:00:00Z,180995,156957,122660,105214,24038,46729,46526,59148,40047
2024-01-13T15:00:00Z,182134,156315,125074,106002,25819,46284,46075,61354,42154
2024-01-13T16:00:00Z,179919,155838,124354,106846,24081,45852,45651,60371,41614
2024-01-13T17:00:00Z,176806,153772,123412,106957,23034,44107,43908,56731,39372
2024-01-13T18:00:00Z,181936,150360,129754,104507,31576,42247,42060,63685,46124
2024-01-13T19:00:00Z,165801,143159,114608,98236,22642,38031,37838,51199,34525
2024-01-13T20:00:00Z,162965,138476,116609,97267,24489,35985,35805,51528,35872
2024-01-13T21:00:00Z,146938,125021,105029,88275,21917,32882,32706,45719,31617
2024-01-13T22:00:00Z,137557,116900,99726,84070,20657,29856,29656,41645,29354
2024-01-13T23:00:00Z,132313,112196,97028,82015,20117,29524,29359,40590,29585
2024-01-14T00:00:00Z,154358,109744,118051,81416,44614,27607,27353,63040,51851
2024-01-14T01:00:00Z,164601,111739,129651,83934,52862,25942,25713,71772,60673
2024-01-14T02:00:00Z,131733,109823,99328,82351,21910,24533,24366,39581,28541
2024-01-14T03:00:00Z,134758,109814,100917,82184,24944,25132,24977,39875,27977
2024-01-14T04:00:00Z,136412,111866,101570,83436,24546,25496,25321,39890,28433
2024-01-14T05:00:00Z,141092,114001,104081,84556,27091,26481,26288,41561,29487
2024-01-14T06:00:00Z,152227,121256,114167,89260,30971,29133,28915,48786,35811
2024-01-14T07:00:00Z,153512,129984,111748,94642,23528,31144,30950,43814,30053
2024-01-14T08:00:00Z,156465,132346,113190,95066,24119,33015,32829,46602,32278
2024-01-14T09:00:00Z,161780,138871,115445,97968,22909,35046,34861,48940,33009
2024-01-14T10:00:00Z,166324,142076,117804,99127,24248,37008,36808,53281,35991
2024-01-14T11:00:00Z,168658,147444,119001,102605,21214,38887,38729,52407,34855
2024-01-14T12:00:00Z,240180,154024,188369,107845,86156,41617,41437,85570,67388
2024-01-14T13:00:00Z,214057,174168,160500,125587,39889,45570,45392,76066,57637
2024-01-14T14:00:00Z,203835,182214,146602,130247,21621,48924,48745,61779,42414
2024-01-14T15:00:00Z,211288,186661,153219,134849,24627,48979,48787,63849,44119
2024-01-14T16:00:00Z,217917,194935,159839,142864,22982,47722,47539,61674,42726
2024-01-14T17:00:00Z,204387,182539,149214,133215,21848,46186,46021,58865,40651
2024-01-14T18:00:00Z,208150,177250,155779,130893,30900,44552,44374,64617,47641
2024-01-14T19:00:00Z,194788,171846,144037,127952,22942,40645,40469,52726,36925
2024-01-14T20:00:00Z,191613,166356,143593,124428,25257,38889,38680,53085,38329
2024-01-14T21:00:00Z,181726,158987,137124,120082,22739,36177,35999,48066,34236
2024-01-14T22:00:00Z,172184,149969,132003,115659,22215,32854,32676,44558,31747
2024-01-14T23:00:00Z,165644,144887,128885,113652,20757,31626,31461,42903,31205
2024-01-15T00:00:00Z,197313,143785,148461,111060,53528,31831,31570,69768,55973
2024-01-15T01:00:00Z,213965,146927,154776,110266,67038,34688,34444,80784,63498
2024-01-15T02:00:00Z,190656,155147,129222,112198,35509,36485,36255,52681,34061
2024-01-15T03:00:00Z,189329,153047,128727,110385,36282,35765,35508,50146,32408
2024-01-15T04:00:00Z,189681,149356,129720,110836,40325,32620,32354,48792,32691
2024-01-15T05:00:00Z,196338,156298,134947,114548,40040,35866,35638,52932,35390
2024-01-15T06:00:00Z,214307,169735,144056,118801,44572,42858,42611,63966,43242
2024-01-15T07:00:00Z,221142,184655,143377,125166,36487,48270,47999,62398,39537
2024-01-15T08:00:00Z,232057,193631,145375,126468,38426,53979,53685,68590,43759
2024-01-15T09:00:00Z,246225,207361,151994,133097,38864,58560,58233,72117,45992
2024-01-15T10:00:00Z,247199,207017,153524,134006,40182,57254,56898,73579,48448
2024-01-15T11:00:00Z,247580,209783,158358,140085,37797,56273,55959,69707,45530
2024-01-15T12:00:00Z,286864,202853,200257,134852,84011,57303,56981,100887,75756
2024-01-15T13:00:00Z,272954,219515,177486,142750,53439,62749,62442,93484,66748
2024-01-15T14:00:00Z,267250,229534,165837,147901,37716,67009,66700,80423,52760
2024-01-15T15:00:00Z,266871,227934,169030,148915,38937,66129,65811,81767,54789
2024-01-15T16:00:00Z,264379,226628,169687,151599,37751,63494,63164,79559,53249
2024-01-15T17:00:00Z,254139,215934,167088,148348,38205,58168,57872,74552,50355
2024-01-15T18:00:00Z,256354,210394,173772,147371,45960,54607,54325,77693,55313
2024-01-15T19:00:00Z,234266,195601,155557,136797,38665,50777,50500,66304,45208
2024-01-15T20:00:00Z,224465,186899,153146,132801,37566,47841,47570,64694,45322
2024-01-15T21:00:00Z,217491,178882,147260,128378,38609,44040,43798,59078,40614
2024-01-15T22:00:00Z,205285,167792,142563,123667,37493,39523,39263,54416,38225
2024-01-15T23:00:00Z,192190,159522,137974,120882,32668,36990,36777,50647,36029
2024-01-16T00:00:00Z,212804,157213,160607,119390,55591,36548,36273,76940,62338
2024-01-16T01:00:00Z,220784,161122,164707,118268,59662,39102,38860,84219,66884
2024-01-16T02:00:00Z,192372,164139,135990,118638,28233,39638,39418,53440,35268
2024-01-16T03:00:00Z,193073,164305,136578,118289,28768,39102,38875,52409,34319
2024-01-16T04:00:00Z,186994,158603,133781,116028,28391,36191,35967,49780,34201
2024-01-16T05:00:00Z,199577,166983,140095,119937,32594,39287,39070,55562,37743
2024-01-16T06:00:00Z,217672,182911,150081,125546,34761,46801,46556,66625,44907
2024-01-16T07:00:00Z,218130,191088,144142,127049,27042,50883,50627,62843,40218
2024-01-16T08:00:00Z,244993,216653,144944,127432,28340,56061,55729,68135,44120
2024-01-16T09:00:00Z,247399,216394,157677,138902,31005,61225,60928,73939,48139
2024-01-16T10:00:00Z,246322,213335,158592,138934,32987,59303,58991,74594,50061
2024-01-16T11:00:00Z,240452,211120,156067,138455,29332,58773,58456,71564,47351
2024-01-16T12:00:00Z,277449,199056,196782,130347,78393,59620,59252,102117,77697
2024-01-16T13:00:00Z,268025,220304,177254,141488,47721,66225,65848,95847,69808
2024-01-16T14:00:00Z,259835,229029,164482,145878,30806,70868,70526,83236,56223
2024-01-16T15:00:00Z,269130,235656,169092,148942,33474,70738,70382,85597,57599
2024-01-16T16:00:00Z,253174,224383,156237,139037,28791,68830,68463,83499,56279
2024-01-16T17:00:00Z,221348,192447,129934,112488,28901,64444,64075,77423,52124
2024-01-16T18:00:00Z,144479,117140,89499,69549,27339,44641,44342,62938,44704
2024-01-16T19:00:00Z,217978,180924,130268,112360,37054,54740,54402,71502,46109
2024-01-16T20:00:00Z,227032,184802,141081,121332,42230,51268,50957,71088,46371
2024-01-16T21:00:00Z,209996,178173,136256,117489,31823,48288,47922,62169,42585
2024-01-16T22:00:00Z,201057,170947,134642,116457,30110,43780,43467,56421,39329
2024-01-16T23:00:00Z,187138,159232,130683,112783,27906,40570,40308,53403,37984
2024-01-17T00:00:00Z,208003,153182,150030,109635,54821,39562,39239,78376,62413
2024-01-17T01:00:00Z,209197,150441,152296,106059,58756,40682,40378,85547,67835
2024-01-17T02:00:00Z,185871,157628,126800,109170,28243,41198,40907,55473,36550
2024-01-17T03:00:00Z,181858,152382,124008,105523,29476,39835,39562,53955,35615
2024-01-17T04:00:00Z,180450,149753,125277,106486,30697,36498,36242,52615,35867
2024-01-17T05:00:00Z,188304,153954,127010,107461,34350,39818,39549,55481,37172
2024-01-17T06:00:00Z,205505,168346,137882,112088,37159,46463,46188,67373,45757
2024-01-17T07:00:00Z,211707,180388,136161,117057,31319,51422,51139,65142,41972
2024-01-17T08:00:00Z,221584,188341,138829,119308,33243,56832,56497,70838,46476
2024-01-17T09:00:00Z,235104,202668,144179,124997,32436,61574,61229,74602,48555
2024-01-17T10:00:00Z,238969,203266,147068,125798,35703,59983,59611,75455,50706
2024-01-17T11:00:00Z,232868,198473,144761,124859,34395,58854,58487,72653,48748
2024-01-17T12:00:00Z,272260,192820,188883,122667,79440,60154,59834,102956,78490
2024-01-17T13:00:00Z,254517,205960,162537,128003,48557,65545,65205,94150,67854
2024-01-17T14:00:00Z,255723,223183,155178,136911,32540,71144,70811,84390,56008
2024-01-17T15:00:00Z,250160,217275,153710,134055,32885,70211,69848,84561,56755
2024-01-17T16:00:00Z,245545,212039,151006,132332,33506,67867,67505,82877,55808
2024-01-17T17:00:00Z,237504,202711,146355,128332,34793,62166,61824,76409,50846
2024-01-17T18:00:00Z,239895,198613,151200,125327,41282,59326,58987,80363,56593
2024-01-17T19:00:00Z,221633,188100,137421,118838,33533,55325,54989,68770,46403
2024-01-17T20:00:00Z,213073,177799,136157,115120,35274,51930,51616,67722,47261
2024-01-17T21:00:00Z,200362,169302,127484,108826,31060,49170,48863,62071,43084
2024-01-17T22:00:00Z,190973,160223,124432,106371,30750,44302,43991,57044,39572
2024-01-17T23:00:00Z,176077,147164,117200,100120,28913,40761,40504,53176,37655
2024-01-18T00:00:00Z,208446,152192,136639,96293,56254,39323,38975,79405,62766
2024-01-18T01:00:00Z,200318,140102,139875,93590,60216,40642,40322,86692,68393
2024-01-18T02:00:00Z,179627,149058,116938,99240,30569,41328,41043,55769,36548
2024-01-18T03:00:00Z,172105,142514,112675,94501,29591,40061,39811,53858,35384
2024-01-18T04:00:00Z,169697,140242,113938,95677,29455,37393,37138,51810,34774
2024-01-18T05:00:00Z,184487,150893,120996,101269,33594,40206,39947,56302,37690
2024-01-18T06:00:00Z,200684,162873,130699,105185,37811,46338,46088,67765,45959
2024-01-18T07:00:00Z,203433,174571,127832,110483,28862,51629,51362,64428,40998
2024-01-18T08:00:00Z,205002,176823,125901,109007,28179,55509,55235,67839,43664
2024-01-18T09:00:00Z,230736,200614,139617,121276,30122,61470,61179,74327,48440
2024-01-18T10:00:00Z,229083,197118,140364,121169,31965,59855,59531,73968,48876
2024-01-18T11:00:00Z,223466,194659,139633,121986,28807,58604,58315,69877,46270
2024-01-18T12:00:00Z,268009,187962,187351,118682,80047,60055,59729,102252,78219
2024-01-18T13:00:00Z,250427,204172,160916,126094,46255,65884,65558,95025,68710
2024-01-18T14:00:00Z,247349,218010,149363,132033,29339,70729,70343,82996,55009
2024-01-18T15:00:00Z,251307,218920,150997,131602,32387,70067,69693,84658,56631
2024-01-18T16:00:00Z,247542,216414,148083,129578,31128,68375,67967,83639,56079
2024-01-18T17:00:00Z,236150,206672,144246,126712,29478,64012,63644,76554,52104
2024-01-18T18:00:00Z,217321,180725,133895,108476,36596,60001,59654,80221,57369
2024-01-18T19:00:00Z,197847,170130,117850,100192,27717,55412,55097,68062,46322
2024-01-18T20:00:00Z,205358,174886,131768,111607,30472,51833,51516,67159,46823
2024-01-18T21:00:00Z,200589,169683,129463,110673,30906,47673,47368,61017,41873
2024-01-18T22:00:00Z,185309,156132,122104,104440,29177,42243,41900,56227,38974
2024-01-18T23:00:00Z,176845,148560,120370,102960,28285,39922,39617,52789,37375
2024-01-19T00:00:00Z,198653,144676,142427,102237,53977,38620,38292,77668,62133
2024-01-19T01:00:00Z,203958,144206,145361,98730,59752,39639,39343,84981,67994
2024-01-19T02:00:00Z,175888,148594,117995,100520,27294,40326,40059,54812,36258
2024-01-19T03:00:00Z,170312,142736,115656,97498,27576,38695,38424,51990,34101
2024-01-19T04:00:00Z,171515,143115,115243,96268,28400,36297,36016,50641,34177
2024-01-19T05:00:00Z,180380,147121,119092,99118,33259,38776,38532,54155,36354
2024-01-19T06:00:00Z,193567,159271,129039,104121,34296,45218,44964,65243,43903
2024-01-19T07:00:00Z,199965,173034,128994,111725,26931,49650,49378,61776,39157
2024-01-19T08:00:00Z,196228,169660,123289,106152,26568,52703,52386,64782,41684
2024-01-19T09:00:00Z,224300,194874,136726,118610,29426,58661,58365,71471,46158
2024-01-19T10:00:00Z,221157,190039,135629,116104,31118,57567,57253,72012,48036
2024-01-19T11:00:00Z,213720,185068,132130,114063,28652,54890,54569,67437,45050
2024-01-19T12:00:00Z,257295,176431,181246,111437,80864,55577,55235,97957,75597
2024-01-19T13:00:00Z,243436,196103,155679,119666,47333,60081,59769,91718,67382
2024-01-19T14:00:00Z,234669,204413,143837,124932,30256,65463,65113,78348,52892
2024-01-19T15:00:00Z,235225,201853,141989,121883,33372,65104,64778,80142,53981
2024-01-19T16:00:00Z,239471,203266,142439,123462,36205,63187,62796,80019,53226
2024-01-19T17:00:00Z,226379,196449,141552,123703,29930,59022,58644,72731,49268
2024-01-19T18:00:00Z,221725,183701,143089,116687,38024,55203,54859,76164,54553
2024-01-19T19:00:00Z,204257,174777,130446,112328,29480,50242,49920,63258,42947
2024-01-19T20:00:00Z,197912,166421,130239,109803,31491,46569,46242,61920,43238
2024-01-19T21:00:00Z,188922,156702,122320,103138,32220,42582,42275,56289,38692
2024-01-19T22:00:00Z,188481,145662,115953,97796,42819,38481,38172,55459,35929
2024-01-19T23:00:00Z,167253,134107,109585,92847,33146,35431,35147,50016,33959
2024-01-20T00:00:00Z,179977,125123,129904,88322,54854,32152,31821,72790,59342
2024-01-20T01:00:00Z,175630,115461,129219,82449,60169,29932,29680,75682,62321
2024-01-20T02:00:00Z,143207,112510,96818,79911,30697,27354,27122,42394,28191
2024-01-20T03:00:00Z,142194,115893,100149,82504,26301,27283,27083,40666,27531
2024-01-20T04:00:00Z,146384,117179,100705,83281,29205,27773,27564,42142,28383
2024-01-20T05:00:00Z,157028,119777,104671,85432,37251,29030,28841,46585,30599
2024-01-20T06:00:00Z,157911,125730,113651,88765,32181,31853,31659,52274,37037
2024-01-20T07:00:00Z,154755,131380,107876,91129,23375,32905,32731,45891,30321
2024-01-20T08:00:00Z,160281,135266,112043,93757,25015,34893,34714,49404,33273
2024-01-20T09:00:00Z,163720,138857,112821,94614,24863,37492,37318,50952,34119
2024-01-20T10:00:00Z,167317,141525,117932,98462,25792,37954,37756,53032,37043
2024-01-20T11:00:00Z,168648,145815,117652,100311,22833,39303,39127,51558,35464
2024-01-20T12:00:00Z,234305,144829,183942,100421,89476,40557,40348,84835,67648
2024-01-20T13:00:00Z,194055,152378,139175,103298,41677,43346,43157,74887,56783
2024-01-20T14:00:00Z,186248,163344,126721,109562,22904,47685,47501,60618,41260
2024-01-20T15:00:00Z,188440,162220,129374,109761,26220,47244,47061,62833,43675
2024-01-20T16:00:00Z,189142,165205,130823,113186,23937,47927,47737,62097,43438
2024-01-20T17:00:00Z,186023,162141,126712,109189,23882,46677,46461,59452,41702
2024-01-20T18:00:00Z,189562,156982,132358,106480,32580,45223,44993,64516,47838
2024-01-20T19:00:00Z,171721,149017,118277,101370,22704,40505,40313,52420,36423
2024-01-20T20:00:00Z,169134,143916,118542,98758,25218,38191,37990,51724,37349
2024-01-20T21:00:00Z,158568,135179,113938,96324,23389,34777,34583,46785,33484
2024-01-20T22:00:00Z,146828,124668,106898,90246,22160,31869,31679,43329,31058
2024-01-20T23:00:00Z,139751,118877,105901,89898,20874,30194,30019,41610,30800
2024-01-21T00:00:00Z,161522,115525,123963,86531,45997,28408,28157,64632,53108
2024-01-21T01:00:00Z,168905,114660,132178,85052,54245,27991,27774,72958,61988
2024-01-21T02:00:00Z,133344,110866,100445,83075,22478,25338,25165,40127,29288
2024-01-21T03:00:00Z,131599,109671,98152,80834,21928,26076,25865,38812,27009
2024-01-21T04:00:00Z,132452,111942,97454,81745,20510,26882,26715,39946,27648
2024-01-21T05:00:00Z,138981,112810,99300,82570,26171,27695,27542,41441,29331
2024-01-21T06:00:00Z,149037,120033,110568,86422,29004,30154,29948,49762,36285
2024-01-21T07:00:00Z,148732,127017,107717,91229,21715,32320,32118,44565,30132
2024-01-21T08:00:00Z,157037,133535,112265,94344,23502,34191,33998,47901,32432
2024-01-21T09:00:00Z,163833,139892,116536,98578,23941,36633,36443,49912,34009
2024-01-21T10:00:00Z,165014,140576,116082,97397,24438,38070,37879,52452,36739
2024-01-21T11:00:00Z,174773,152205,123085,105916,22568,40334,40148,52351,35680
2024-01-21T12:00:00Z,237791,150578,186200,105148,87213,42311,42105,86089,68602
2024-01-21T13:00:00Z,204469,161493,145043,108840,42976,46416,46208,78786,58948
2024-01-21T14:00:00Z,199889,177421,137400,120744,22468,50340,50132,63267,43058
2024-01-21T15:00:00Z,200988,173498,138608,118300,27490,50465,50276,66875,46765
2024-01-21T16:00:00Z,198674,174307,136217,118860,24367,49679,49474,64156,44443
2024-01-21T17:00:00Z,197472,175510,137209,121193,21962,48237,48048,61611,42589
2024-01-21T18:00:00Z,212191,180258,153788,128290,31933,47201,47018,67821,49773
2024-01-21T19:00:00Z,196146,172981,142160,125282,23165,42454,42249,55526,38605
2024-01-21T20:00:00Z,190213,165207,138925,119435,25006,40514,40344,55962,39537
2024-01-21T21:00:00Z,180530,157033,131576,113850,23497,38135,37976,51445,36221
2024-01-21T22:00:00Z,172049,149549,124612,107653,22500,34293,34115,46398,33140
2024-01-21T23:00:00Z,162169,140497,123109,106639,21672,32786,32595,44799,32619
2024-01-22T00:00:00Z,196342,142976,146091,108093,53366,33004,32733,70759,56717
2024-01-22T01:00:00Z,211261,143420,151124,105902,67841,35690,35438,82719,65399
2024-01-22T02:00:00Z,184738,149079,124241,106238,35659,37381,37160,53932,35698
2024-01-22T03:00:00Z,185776,148054,124342,104814,37722,36813,36600,51604,33456
2024-01-22T04:00:00Z,189910,152293,124041,105382,37617,34690,34456,51640,33533
2024-01-22T05:00:00Z,192011,155026,127437,108405,36985,38175,37950,54421,36132
2024-01-22T06:00:00Z,207270,167033,138692,114194,40237,44635,44407,65260,43842
2024-01-22T07:00:00Z,214358,180394,133930,116546,33964,48642,48388,61863,39304
2024-01-22T08:00:00Z,223839,190437,138159,120883,33402,55158,54816,69636,44381
2024-01-22T09:00:00Z,241636,205947,145140,126468,35689,60632,60291,73595,46393
2024-01-22T10:00:00Z,243128,203030,148412,127884,40098,58666,58320,75170,49695
2024-01-22T11:00:00Z,238745,199704,147551,128423,39041,57519,57205,71299,46613
2024-01-22T12:00:00Z,277327,193785,188394,123246,83542,59583,59200,102570,77411
2024-01-22T13:00:00Z,269128,214572,165902,130664,54556,65237,64893,94842,67615
2024-01-22T14:00:00Z,264260,225839,157543,139030,38421,70893,70528,84002,55389
2024-01-22T15:00:00Z,250195,211061,144334,123974,39134,70583,70205,85471,57375
2024-01-22T16:00:00Z,248238,209986,142482,123923,38252,68598,68232,83744,55802
2024-01-22T17:00:00Z,247570,208834,148300,130495,38736,63525,63140,78166,51963
2024-01-22T18:00:00Z,234976,188912,140308,113264,46064,61474,61086,84584,58862
2024-01-22T19:00:00Z,227365,188500,137707,118614,38865,56146,55816,70864,48193
2024-01-22T20:00:00Z,222123,182158,137612,115882,39965,52878,52567,69691,48559
2024-01-22T21:00:00Z,212780,171057,129487,109526,41723,49662,49359,64874,43922
2024-01-22T22:00:00Z,207982,163451,124146,104940,44531,44569,44262,61482,40092
2024-01-22T23:00:00Z,189076,153668,121603,103773,35408,41466,41178,54985,38326
2024-01-23T00:00:00Z,209139,151700,146811,104300,57439,40634,40312,82236,65769
2024-01-23T01:00:00Z,211009,149157,147855,99463,61852,41535,41258,89569,71173
2024-01-23T02:00:00Z,186550,156411,120903,102601,30139,42001,41735,57833,38293
2024-01-23T03:00:00Z,179861,150386,118692,99867,29475,40298,40063,53766,35579
2024-01-23T04:00:00Z,174113,146431,117538,99549,27682,37683,37461,51747,34912
2024-01-23T05:00:00Z,185858,153698,121050,101526,32160,40840,40617,56628,37654
2024-01-23T06:00:00Z,201856,166901,133034,108352,34955,47633,47355,67421,45996
2024-01-23T07:00:00Z,210138,182239,131747,114296,27899,52036,51770,65762,42204
2024-01-23T08:00:00Z,215640,186981,133331,115458,28659,57254,56942,70173,45618
2024-01-23T09:00:00Z,234996,202933,140549,121705,32063,63418,63087,75390,48665
2024-01-23T10:00:00Z,232982,200307,142295,122585,32675,61388,61049,75436,50475
2024-01-23T11:00:00Z,211552,180948,122001,103889,30604,60527,60228,72377,47814
2024-01-23T12:00:00Z,255461,175587,169272,100739,79874,62386,62060,105606,80831
2024-01-23T13:00:00Z,255895,208348,158848,122347,47547,67737,67410,98455,71507
2024-01-23T14:00:00Z,263100,233902,163127,145655,29198,72616,72266,84653,56734
2024-01-23T15:00:00Z,262537,230620,163716,143775,31917,71772,71400,86000,58310
2024-01-23T16:00:00Z,256651,225059,158492,141030,31592,69712,69322,84051,56410
2024-01-23T17:00:00Z,246888,218165,155217,138306,28723,65173,64826,77699,52875
2024-01-23T18:00:00Z,246954,208215,159910,134248,38739,61401,61082,82630,58893
2024-01-23T19:00:00Z,230967,201039,148731,130286,29928,56926,56595,69736,47564
2024-01-23T20:00:00Z,220765,189329,143196,122932,31436,55304,54979,70251,47855
2024-01-23T21:00:00Z,218071,185776,143578,124214,32295,50126,49818,63493,44073
2024-01-23T22:00:00Z,207917,177873,141998,123619,30044,44856,44523,57883,40744
2024-01-23T23:00:00Z,195293,169115,140379,123340,26178,41488,41210,53291,38382
2024-01-24T00:00:00Z,218400,167035,161099,121873,51365,39594,39268,77385,61790
2024-01-24T01:00:00Z,221437,164315,164614,118403,57122,41064,40798,86406,69135
2024-01-24T02:00:00Z,194002,167967,136220,119155,26035,41146,40912,55217,37150
2024-01-24T03:00:00Z,191121,163423,135911,117011,27698,39643,39397,54031,36463
2024-01-24T04:00:00Z,187762,161233,134093,116433,26529,37239,36975,51055,34821
2024-01-24T05:00:00Z,197061,165339,136576,117787,31722,40157,39937,54981,37121
2024-01-24T06:00:00Z,217637,181085,150927,125380,36552,46818,46549,68088,46543
2024-01-24T07:00:00Z,219075,188212,146143,126260,30863,51394,51123,65448,42339
2024-01-24T08:00:00Z,225351,195986,145381,126783,29365,56692,56395,70590,45990
2024-01-24T09:00:00Z,236360,205368,149326,129175,30992,61588,61283,74721,49354
2024-01-24T10:00:00Z,239757,208525,153599,133735,31232,59890,59588,74048,49510
2024-01-24T11:00:00Z,209914,180563,125247,106531,29351,59630,59320,72334,48142
2024-01-24T12:00:00Z,277005,201447,194057,128862,75558,60765,60450,103855,78712
2024-01-24T13:00:00Z,264652,218109,170804,136183,46543,66671,66332,96604,69145
2024-01-24T14:00:00Z,238715,207225,136785,119158,31490,72298,71953,85227,56721
2024-01-24T15:00:00Z,224539,191171,120733,100983,33368,71705,71324,86630,58312
2024-01-24T16:00:00Z,220954,188363,120661,101914,32591,70338,69955,84903,57598
2024-01-24T17:00:00Z,226788,196837,135389,117547,29951,65534,65197,78486,53155
2024-01-24T18:00:00Z,229520,191580,142783,116658,37940,60716,60384,81346,57664
2024-01-24T19:00:00Z,219636,189612,132541,114463,30024,56094,55783,70075,47355
2024-01-24T20:00:00Z,206826,176693,127289,107820,30133,53596,53279,67220,47085
2024-01-24T21:00:00Z,201115,169972,122155,103697,31143,49509,49193,62726,43358
2024-01-24T22:00:00Z,190731,160783,118035,99809,29948,44771,44464,57811,40425
2024-01-24T23:00:00Z,175107,150300,114230,98739,24807,40877,40628,52443,37292
2024-01-25T00:00:00Z,203910,148993,136310,96438,54917,39289,38951,77906,62100
2024-01-25T01:00:00Z,206425,146837,142688,96142,59588,40937,40643,87191,69163
2024-01-25T02:00:00Z,182145,155215,118282,100795,26930,41485,41253,56410,37893
2024-01-25T03:00:00Z,182898,150881,118038,98929,32017,40231,40007,56084,36914
2024-01-25T04:00:00Z,177109,145485,114703,96839,31624,37453,37225,52377,35187
2024-01-25T05:00:00Z,184807,153423,117871,98552,31384,40211,39970,55597,37737
2024-01-25T06:00:00Z,200973,164695,128343,102827,36278,46447,46208,66728,45692
2024-01-25T07:00:00Z,206564,177992,126439,108425,28572,51372,51115,64876,41999
2024-01-25T08:00:00Z,207727,180423,124927,107355,27304,55905,55614,69174,44954
2024-01-25T09:00:00Z,230289,199837,135349,116758,30452,61134,60821,74238,48005
2024-01-25T10:00:00Z,227831,194538,135622,115552,33293,59902,59560,74695,50172
2024-01-25T11:00:00Z,223859,193548,133525,115266,30311,58779,58492,72615,47717
2024-01-25T12:00:00Z,265568,186060,182140,115052,79508,59057,58709,102075,78149
2024-01-25T13:00:00Z,250647,203236,156026,121131,47411,64422,64066,95350,68334
2024-01-25T14:00:00Z,243468,214154,141977,124407,29314,70198,69865,85625,55577
2024-01-25T15:00:00Z,247841,215165,142429,122064,32676,69159,68827,85901,56692
2024-01-25T16:00:00Z,232671,200486,135969,117060,32185,67499,67138,81005,55045
2024-01-25T17:00:00Z,228653,197645,134916,116581,31008,62788,62435,76123,51516
2024-01-25T18:00:00Z,231204,191803,142251,115467,39401,58936,58584,80483,57742
2024-01-25T19:00:00Z,212536,181613,130469,111885,30923,55673,55324,68441,46783
2024-01-25T20:00:00Z,216874,181379,135819,113629,35495,52146,51810,68523,47994
2024-01-25T21:00:00Z,207632,173869,128381,108540,33763,49176,48868,63402,43897
2024-01-25T22:00:00Z,181100,148896,112825,93221,32204,43669,43375,57025,39965
2024-01-25T23:00:00Z,175527,145918,111531,93136,29609,40485,40206,54010,38842
2024-01-26T00:00:00Z,203084,142948,142133,96634,60136,39253,38904,82720,67132
2024-01-26T01:00:00Z,201624,141987,139284,91521,59637,40384,40079,86274,68825
2024-01-26T02:00:00Z,178374,147892,110829,91332,30482,39932,39670,57709,36310
2024-01-26T03:00:00Z,167021,137674,107201,88228,29347,37831,37596,54756,34489
2024-01-26T04:00:00Z,163894,134242,105079,86075,29652,33539,33312,51490,32887
2024-01-26T05:00:00Z,177675,142677,113197,91981,34998,35699,35486,55276,35311
2024-01-26T06:00:00Z,192007,154258,126784,100278,37749,41706,41482,65748,43110
2024-01-26T07:00:00Z,201530,170993,125181,106505,30537,47174,46925,63205,39083
2024-01-26T08:00:00Z,212982,180150,130500,110564,32832,53489,53187,70064,43952
2024-01-26T09:00:00Z,224390,190879,133917,114335,33511,58455,58153,73320,46752
2024-01-26T10:00:00Z,215989,182108,127486,107395,33881,55876,55556,69692,46871
2024-01-26T11:00:00Z,196268,163813,113489,94191,32455,54304,53995,67057,44767
2024-01-26T12:00:00Z,260761,160962,180468,91814,99799,54540,54236,98889,76576
2024-01-26T13:00:00Z,226997,178716,135065,98414,48281,61419,61101,92360,67290
2024-01-26T14:00:00Z,220580,188829,125982,106360,31751,67244,66870,80077,54719
2024-01-26T15:00:00Z,224277,189843,126232,104718,34434,66479,66155,82318,56585
2024-01-26T16:00:00Z,217446,185104,122681,103348,32342,63893,63531,78040,53324
2024-01-26T17:00:00Z,205349,175169,118294,100347,30180,59508,59197,72229,49330
2024-01-26T18:00:00Z,204489,166112,121261,94506,38377,55504,55181,76089,54492
2024-01-26T19:00:00Z,208312,179294,128416,110612,29018,50882,50549,63210,43515
2024-01-26T20:00:00Z,210142,177854,136847,115876,32288,47822,47459,62983,44267
2024-01-26T21:00:00Z,196001,164843,124500,105652,31158,43880,43560,57438,39612
2024-01-26T22:00:00Z,153505,123202,89113,70581,30303,39775,39515,52502,36904
2024-01-26T23:00:00Z,141363,113749,85520,68075,27614,36351,36103,48911,35113
2024-01-27T00:00:00Z,165773,107192,111978,64972,58581,33503,33174,78150,65081
2024-01-27T01:00:00Z,147177,89213,101610,53769,57964,30065,29788,75820,63164
2024-01-27T02:00:00Z,116229,89143,70025,51583,27086,28424,28193,41977,29203
2024-01-27T03:00:00Z,112581,86586,69695,50723,25995,27844,27634,41209,28624
2024-01-27T04:00:00Z,124325,100029,84361,65976,24296,28141,27947,41135,29030
2024-01-27T05:00:00Z,147470,118663,100952,80669,28807,29311,29117,44126,31145
2024-01-27T06:00:00Z,160410,128261,110667,84500,32149,32051,31856,51986,37578
2024-01-27T07:00:00Z,150631,127977,105391,88310,22654,33608,33396,46277,30907
2024-01-27T08:00:00Z,163588,137014,110357,91415,26574,35117,34834,49334,33858
2024-01-27T09:00:00Z,166635,141689,112220,93617,24946,37914,37676,51139,34796
2024-01-27T10:00:00Z,165578,139712,116077,95980,25866,38331,38061,53101,36913
2024-01-27T11:00:00Z,172973,147496,116626,98678,25477,39703,39474,52192,35456
2024-01-27T12:00:00Z,251624,145038,200504,100169,106586,41245,40977,85250,68342
2024-01-27T13:00:00Z,196555,154169,140425,104240,42386,44781,44577,75272,57379
2024-01-27T14:00:00Z,185486,161578,126328,108545,23908,48401,48195,61276,41804
2024-01-27T15:00:00Z,189506,163607,130166,110063,25899,48650,48476,63217,44020
2024-01-27T16:00:00Z,186048,159365,125517,106316,26683,48839,48636,63071,44065
2024-01-27T17:00:00Z,186256,159595,124982,107011,26661,47414,47160,60962,42810
2024-01-27T18:00:00Z,190927,156195,132756,105350,34732,45816,45600,66625,49532
2024-01-27T19:00:00Z,177211,152781,118140,100505,24430,41786,41608,53139,37642
2024-01-27T20:00:00Z,170248,142371,120569,99512,27877,39632,39445,53389,38881
2024-01-27T21:00:00Z,153859,128647,109801,91053,25212,36301,36087,47736,34693
2024-01-27T22:00:00Z,145502,122297,103557,86181,23205,33342,33155,44267,32104
2024-01-27T23:00:00Z,139001,117212,101032,84688,21789,32414,32250,42964,31868
2024-01-28T00:00:00Z,164035,110648,124132,80681,53387,30270,30012,72248,60357
2024-01-28T01:00:00Z,164397,108722,127374,79224,55675,28447,28222,74391,63386
2024-01-28T02:00:00Z,133726,109824,95343,77368,23902,26854,26677,39238,28405
2024-01-28T03:00:00Z,129904,107492,93262,75703,22412,26933,26749,38809,27655
2024-01-28T04:00:00Z,130132,107680,93889,76437,22452,27292,27131,39648,27881
2024-01-28T05:00:00Z,139483,113217,98077,78560,26266,28567,28387,42672,30334
2024-01-28T06:00:00Z,149147,118985,108087,82858,30162,30988,30791,50486,37017
2024-01-28T07:00:00Z,145159,123808,101797,85486,21351,33042,32875,44705,30681
2024-01-28T08:00:00Z,151437,127750,105440,86925,23687,34778,34601,48205,33544
2024-01-28T09:00:00Z,157962,132887,108248,89283,25075,37109,36904,50309,34674
2024-01-28T10:00:00Z,164234,135676,113899,92426,28558,38644,38459,54736,38516
2024-01-28T11:00:00Z,168021,143602,116725,98748,24419,40703,40523,53075,36444
2024-01-28T12:00:00Z,264689,158475,212441,112996,106214,43065,42859,87760,69966
2024-01-28T13:00:00Z,209691,166999,150546,114852,42692,47078,46901,78611,59158
2024-01-28T14:00:00Z,194114,168333,132158,114001,25781,50670,50505,64154,43858
2024-01-28T15:00:00Z,199781,170633,137086,116513,29148,50657,50463,67241,46703
2024-01-28T16:00:00Z,198326,173159,137141,118494,25167,49922,49734,64921,45313
2024-01-28T17:00:00Z,185695,162862,125467,108826,22833,49432,49274,62634,43449
2024-01-28T18:00:00Z,203095,170024,145678,118965,33071,47236,47059,68791,50856
2024-01-28T19:00:00Z,192354,169399,137002,120310,22955,43952,43761,56732,39492
2024-01-28T20:00:00Z,192866,164166,139407,117939,28700,41924,41686,57754,41512
2024-01-28T21:00:00Z,176582,151444,128065,109624,25138,38334,38150,51498,36819
2024-01-28T22:00:00Z,166002,142435,121700,104392,23567,34964,34780,47789,33948
2024-01-28T23:00:00Z,151639,127971,111457,94644,23668,33073,32892,45442,33345
2024-01-29T00:00:00Z,188931,128497,137568,92320,60434,33547,33289,78024,64212
2024-01-29T01:00:00Z,200642,132066,140622,93166,68576,35949,35696,83137,66628
2024-01-29T02:00:00Z,174350,139019,112415,94327,35331,37854,37625,52319,34040
2024-01-29T03:00:00Z,175405,137896,112735,93622,37509,37874,37666,52369,34036
2024-01-29T04:00:00Z,176744,139589,114702,95738,37155,36035,35830,51985,35118
2024-01-29T05:00:00Z,184695,147714,121435,101585,36981,39126,38933,55379,36414
2024-01-29T06:00:00Z,217249,174387,145570,119431,42862,45037,44794,66957,45152
2024-01-29T07:00:00Z,214611,178905,133389,114906,35706,50170,49945,64705,41832
2024-01-29T08:00:00Z,226008,189701,137500,118233,36307,55917,55650,70276,45357
2024-01-29T09:00:00Z,247825,210782,147162,128454,37043,61502,61189,75855,48483
2024-01-29T10:00:00Z,246452,206797,148452,127980,39655,60572,60271,75697,49634
2024-01-29T11:00:00Z,241764,204415,148724,130898,37349,58505,58190,71521,46995
2024-01-29T12:00:00Z,295646,196333,207544,126010,99313,59701,59354,104045,79011
2024-01-29T13:00:00Z,269041,217406,168465,135226,51635,66451,66118,94976,67796
2024-01-29T14:00:00Z,271229,231794,160966,141179,39435,71948,71543,87035,57906
2024-01-29T15:00:00Z,277102,236182,166825,145593,40920,71990,71608,87827,58827
2024-01-29T16:00:00Z,270679,231575,164453,144755,39104,70126,69732,84870,57006
2024-01-29T17:00:00Z,270690,232675,167506,148822,38015,66285,65921,81024,53805
2024-01-29T18:00:00Z,276920,228753,179284,151569,48167,61584,61243,85179,59990
2024-01-29T19:00:00Z,257197,217674,165691,146028,39523,57279,56964,72415,48946
2024-01-29T20:00:00Z,252252,210193,165854,143179,42059,53781,53450,71894,50038
2024-01-29T21:00:00Z,238575,196601,154261,134112,41974,49858,49525,65561,44915
2024-01-29T22:00:00Z,224360,186320,147244,128516,38040,45361,45065,60125,40883
2024-01-29T23:00:00Z,216441,177443,146533,128534,38998,42237,41985,56221,39326
2024-01-30T00:00:00Z,241125,172689,173411,126243,68436,40785,40463,87381,69785
2024-01-30T01:00:00Z,235450,175998,172915,125474,59452,42720,42456,88789,70227
2024-01-30T02:00:00Z,211058,180371,145694,126816,30687,42942,42678,57919,37704
2024-01-30T03:00:00Z,202467,173655,142933,124843,28812,41101,40864,55490,36284
2024-01-30T04:00:00Z,195357,167838,140786,122515,27519,38625,38399,52702,36090
2024-01-30T05:00:00Z,204138,172991,142371,122339,31147,41491,41286,57680,38705
2024-01-30T06:00:00Z,223722,188763,152159,127076,34959,47502,47254,68955,46408
2024-01-30T07:00:00Z,212563,185885,136757,119341,26678,52575,52334,65113,41881
2024-01-30T08:00:00Z,230265,199635,146580,126460,30630,57997,57727,71992,47242
2024-01-30T09:00:00Z,259560,229021,166946,147794,30539,62620,62322,75891,48994
2024-01-30T10:00:00Z,261522,228824,168605,149087,32698,60793,60493,75391,49844
2024-01-30T11:00:00Z,256284,227713,171753,154156,28571,58917,58632,70939,47126
2024-01-30T12:00:00Z,311038,219089,229374,148085,91949,59919,59609,102063,78044
2024-01-30T13:00:00Z,283056,238637,189493,156581,44419,68093,67725,95611,68557
2024-01-30T14:00:00Z,273813,241656,166356,147579,32157,73409,73048,86369,57860
2024-01-30T15:00:00Z,244635,214407,151906,133300,30228,69815,69458,83900,56397
2024-01-30T16:00:00Z,268120,236519,167733,148420,31601,70764,70394,86080,57849
2024-01-30T17:00:00Z,270429,240570,177216,159698,29859,66350,65966,79892,54054
2024-01-30T18:00:00Z,276623,238642,190512,164086,37981,62140,61786,83090,59836
2024-01-30T19:00:00Z,256085,225229,171534,153422,30856,57966,57642,71793,48788
2024-01-30T20:00:00Z,253422,219708,174443,153054,33714,54443,54113,70633,49519
2024-01-30T21:00:00Z,235144,202989,158380,139273,32155,50913,50576,65157,44702
2024-01-30T22:00:00Z,224490,191980,154889,135275,32510,45342,45060,60097,41765
2024-01-30T23:00:00Z,212930,183651,151243,133201,29279,41682,41393,55293,39072
2024-01-31T00:00:00Z,241030,179199,178668,132433,61831,40818,40482,85931,69221
2024-01-31T01:00:00Z,208819,146520,147274,97880,62299,41826,41541,89057,70831
2024-01-31T02:00:00Z,158235,128886,95788,76681,29349,42080,41832,57050,37576
2024-01-31T03:00:00Z,155477,125255,94660,75214,30222,40982,40745,55726,37048
2024-01-31T04:00:00Z,173941,143335,117050,96566,30606,38301,38063,54046,37456
2024-01-31T05:00:00Z,192797,163236,132285,113043,29561,41142,40921,56610,38118
2024-01-31T06:00:00Z,214060,179347,142094,116824,34713,47742,47493,68783,46795
2024-01-31T07:00:00Z,217562,190464,138392,121086,27098,52479,52233,66768,41917
2024-01-31T08:00:00Z,233603,202903,147897,128301,30700,58210,57947,72671,47476
2024-01-31T09:00:00Z,246288,214722,152416,133458,31566,62648,62310,76876,49605
2024-01-31T10:00:00Z,242974,208226,149553,128635,34748,61299,60952,77425,51588
2024-01-31T11:00:00Z,235523,205289,148114,130344,30234,59561,59250,72461,48138
2024-01-31T12:00:00Z,292708,194269,209963,123949,98439,60525,60186,105508,80945
2024-01-31T13:00:00Z,247681,198056,148572,112916,49625,68072,67728,98899,70801
2024-01-31T14:00:00Z,236657,205054,132032,113289,31603,73550,73182,87312,58131
2024-01-31T15:00:00Z,259884,225406,153787,132787,34478,71909,71558,88413,59554
2024-01-31T16:00:00Z,260154,226525,154714,134812,33629,70254,69863,85308,57309
2024-01-31T17:00:00Z,245146,212734,150194,131367,32412,65016,64684,78677,53194
2024-01-31T18:00:00Z,247064,204235,158306,129937,42829,62131,61749,84259,59267
2024-01-31T19:00:00Z,238473,203508,150817,131581,34965,57104,56770,71294,48784
2024-01-31T20:00:00Z,229461,196460,149574,128322,33001,54273,53903,70767,48804
2024-01-31T21:00:00Z,218264,183923,141717,121064,34341,50564,50218,65788,45577
2024-01-31T22:00:00Z,210662,174585,139565,119200,36077,45079,44785,60798,41934
2024-01-31T23:00:00Z,195482,164340,133751,115581,31142,42176,41852,55511,39032
2024-02-01T00:00:00Z,226339,155905,157604,110278,70434,39920,39561,85811,68525
2024-02-01T01:00:00Z,227627,154735,157905,107180,72892,40835,40524,91084,72013
2024-02-01T02:00:00Z,197981,162720,130482,111332,35261,41231,40967,58167,38523
2024-02-01T03:00:00Z,196265,155628,126275,105728,40637,39767,39500,56232,37464
2024-02-01T04:00:00Z,191139,154817,129486,109207,36322,37538,37268,54502,37121
2024-02-01T05:00:00Z,202313,166504,133593,113308,35809,40901,40640,58188,39286
2024-02-01T06:00:00Z,222285,179390,147262,119862,42895,47142,46856,69332,47708
2024-02-01T07:00:00Z,222926,187529,142859,122983,35397,51833,51547,66255,42962
2024-02-01T08:00:00Z,232018,196381,145377,125660,35637,56437,56113,70933,46360
2024-02-01T09:00:00Z,250425,211385,153013,131880,39040,61514,61170,76860,50276
2024-02-01T10:00:00Z,252020,208904,154784,131689,43116,59806,59470,76897,51631
2024-02-01T11:00:00Z,251106,212468,159947,140144,38638,57869,57558,73844,49600
2024-02-01T12:00:00Z,297356,199443,211106,130484,97913,58382,58061,102610,78705
2024-02-01T13:00:00Z,276070,222849,180898,144402,53221,65012,64667,95450,68996
2024-02-01T14:00:00Z,278229,240405,173542,153896,37824,70897,70504,85373,56655
2024-02-01T15:00:00Z,272849,234355,167908,146368,38494,71302,70929,87208,58979
2024-02-01T16:00:00Z,269708,231394,164403,144024,38314,69867,69465,85815,57384
2024-02-01T17:00:00Z,263851,226697,164300,145442,37154,65191,64806,79753,53951
2024-02-01T18:00:00Z,267505,219967,173595,143980,47538,61014,60645,84446,60958
2024-02-01T19:00:00Z,249167,211344,161043,140020,37823,56746,56381,71338,49540
2024-02-01T20:00:00Z,252432,213309,170288,148111,39123,52524,52184,69122,48539
2024-02-01T21:00:00Z,229502,187780,145100,123915,41722,48611,48305,64523,44679
2024-02-01T22:00:00Z,211883,174539,139098,119284,37344,43711,43426,58392,41068
2024-02-01T23:00:00Z,200254,164720,133459,115133,35534,40993,40690,55460,38745
2024-02-02T00:00:00Z,223217,159773,160261,113732,63444,39748,39390,84862,68533
2024-02-02T01:00:00Z,225586,162869,163729,115091,62717,40817,40469,86584,69431
2024-02-02T02:00:00Z,198432,168045,134585,116204,30387,41490,41225,55358,36826
2024-02-02T03:00:00Z,197262,166410,134122,114994,30852,40176,39915,54744,36434
2024-02-02T04:00:00Z,184284,153997,127302,108052,30287,36988,36743,51982,35638
2024-02-02T05:00:00Z,193600,161329,131152,110891,32271,39761,39536,56219,38062
2024-02-02T06:00:00Z,217757,179844,150023,123268,37913,45511,45259,66468,46027
2024-02-02T07:00:00Z,215954,185045,141817,123303,30909,49563,49311,63088,40817
2024-02-02T08:00:00Z,234000,203135,154196,135812,30865,53619,53332,67001,43236
2024-02-02T09:00:00Z,261674,228857,171490,152230,32817,59060,58755,72296,47531
2024-02-02T10:00:00Z,260008,225881,174385,153408,34127,57271,56958,72585,48881
2024-02-02T11:00:00Z,249878,219082,167253,149207,30796,54844,54545,67963,45139
2024-02-02T12:00:00Z,306593,210280,227699,142492,96313,54862,54578,99270,76868
2024-02-02T13:00:00Z,274568,225600,185101,150509,48968,60442,60132,89144,65221
2024-02-02T14:00:00Z,269236,238337,173831,155805,30899,65849,65512,78777,52818
2024-02-02T15:00:00Z,275643,241180,177960,156930,34463,66021,65678,81166,55283
2024-02-02T16:00:00Z,268538,234847,175983,155850,33691,63931,63572,77957,53015
2024-02-02T17:00:00Z,253885,222544,167317,148560,31341,59484,59133,74361,50610
2024-02-02T18:00:00Z,255471,213385,171109,144082,42086,55617,55258,77912,54852
2024-02-02T19:00:00Z,235734,204688,157022,138903,31046,50700,50380,64856,43750
2024-02-02T20:00:00Z,235739,200812,162211,141206,34927,47409,47069,63694,44348
2024-02-02T21:00:00Z,225101,191519,156131,137100,33582,43330,43040,58241,39863
2024-02-02T22:00:00Z,212909,178412,149289,130532,34497,38591,38318,54357,37070
2024-02-02T23:00:00Z,197984,170007,144602,127854,27977,35554,35294,49734,34295
2024-02-03T00:00:00Z,223837,164695,172801,125634,59142,32588,32284,79225,65676
2024-02-03T01:00:00Z,211048,154790,166924,120535,56258,29339,29079,76270,62850
2024-02-03T02:00:00Z,180599,154804,136502,119127,25795,27747,27564,41426,28642
2024-02-03T03:00:00Z,182225,154409,138201,119735,27816,28070,27884,43172,29872
2024-02-03T04:00:00Z,185163,155914,139157,119887,29249,28652,28429,44822,30932
2024-02-03T05:00:00Z,190468,156404,141192,119919,34064,29464,29255,46586,32453
2024-02-03T06:00:00Z,204634,170321,157145,130786,34313,31574,31368,53078,38220
2024-02-03T07:00:00Z,197542,171767,150394,132491,25775,32770,32576,47293,32020
2024-02-03T08:00:00Z,202461,174794,152069,133087,27667,34218,34010,49734,33518
2024-02-03T09:00:00Z,203212,178298,154691,136256,24914,36263,36076,50390,34228
2024-02-03T10:00:00Z,209641,181619,159191,138076,28022,37440,37232,55417,38095
2024-02-03T11:00:00Z,208024,184895,158205,140936,23129,38340,38153,50426,34627
2024-02-03T12:00:00Z,284783,181075,232624,135939,103708,39700,39507,84626,67704
2024-02-03T13:00:00Z,232853,190389,176899,141419,42464,42397,42217,73426,55615
2024-02-03T14:00:00Z,221391,197285,163727,146091,24106,46194,46013,59799,40533
2024-02-03T15:00:00Z,224917,197814,165259,145104,27103,47072,46871,62427,43194
2024-02-03T16:00:00Z,224479,198942,165543,147193,25537,46524,46299,61415,42432
2024-02-03T17:00:00Z,216893,193882,158873,142110,23011,45270,45092,58549,40523
2024-02-03T18:00:00Z,221269,188714,166957,140620,32555,43982,43788,65623,48178
2024-02-03T19:00:00Z,206300,182800,155359,138237,23500,39694,39504,53072,36917
2024-02-03T20:00:00Z,202827,177175,154742,134784,25652,37386,37191,53497,38197
2024-02-03T21:00:00Z,193519,168916,146862,128612,24603,35125,34933,48694,34266
2024-02-03T22:00:00Z,180718,157740,139893,122874,22978,31610,31434,44029,31450
2024-02-03T23:00:00Z,176676,155918,140323,124591,20758,30795,30651,42206,30758
2024-02-04T00:00:00Z,202667,150995,164267,121068,51672,29222,29000,71420,59515
2024-02-04T01:00:00Z,207403,152098,169171,120969,55305,30027,29825,77004,64098
2024-02-04T02:00:00Z,177078,153104,136182,118757,23974,29967,29772,43208,29387
2024-02-04T03:00:00Z,173948,151535,134890,117497,22413,29962,29789,42646,28782
2024-02-04T04:00:00Z,172687,149417,135426,117525,23270,27701,27538,41082,28866
2024-02-04T05:00:00Z,181967,155183,139130,120244,26784,30443,30243,44737,30921
2024-02-04T06:00:00Z,199506,165081,151813,125379,34425,35021,34795,56633,40260
2024-02-04T07:00:00Z,196071,169015,145504,126388,27056,36466,36286,50478,33147
2024-02-04T08:00:00Z,199964,172891,148308,129075,27073,37985,37776,52936,35353
2024-02-04T09:00:00Z,205505,178591,151314,131803,26914,40313,40136,55168,36803
2024-02-04T10:00:00Z,209194,180463,155066,133739,28731,40077,39891,57413,39511
2024-02-04T11:00:00Z,209201,183139,153824,134658,26062,40623,40449,55599,37350
2024-02-04T12:00:00Z,275806,175355,224986,130630,100451,41819,41583,86997,69233
2024-02-04T13:00:00Z,231836,190747,174102,138841,41089,45848,45655,77119,57969
2024-02-04T14:00:00Z,225745,201487,165062,147131,24258,49562,49383,64288,43587
2024-02-04T15:00:00Z,226744,199929,165578,145417,26815,49692,49497,66241,45745
2024-02-04T16:00:00Z,226238,201043,165474,146867,25195,49606,49401,64822,45237
2024-02-04T17:00:00Z,217746,196876,161749,145667,20870,47461,47298,61110,42246
2024-02-04T18:00:00Z,224489,192271,168518,142323,32218,46308,46113,68562,50204
2024-02-04T19:00:00Z,210267,187736,157042,140225,22531,42675,42480,56219,38879
2024-02-04T20:00:00Z,208348,184187,158142,139039,24161,40531,40289,56041,39826
2024-02-04T21:00:00Z,200163,176541,151400,133891,23622,38077,37885,51364,36319
2024-02-04T22:00:00Z,194721,171839,145250,128623,22882,34851,34671,47732,33415
2024-02-04T23:00:00Z,178735,158713,139270,124083,20022,33069,32899,44680,32326
2024-02-05T00:00:00Z,195143,132505,139968,96088,62638,33670,33418,78610,63224
2024-02-05T01:00:00Z,193738,123725,129792,83593,70013,35605,35346,83857,66033
2024-02-05T02:00:00Z,156387,124600,97607,81388,31787,36429,36190,51235,33804
2024-02-05T03:00:00Z,171230,131309,108237,87237,39921,36897,36640,53715,35872
2024-02-05T04:00:00Z,191029,151658,128855,109567,39371,35649,35390,52185,35355
2024-02-05T05:00:00Z,202292,163755,138600,118457,38537,38673,38423,56104,37787
2024-02-05T06:00:00Z,221788,176438,149972,123051,45350,44467,44200,66985,45611
2024-02-05T07:00:00Z,223031,187660,143912,126002,35371,49707,49456,64405,41185
2024-02-05T08:00:00Z,229591,195571,144489,126615,34020,54201,53942,68209,44114
2024-02-05T09:00:00Z,253931,215319,154825,135482,38612,60621,60299,74810,48276
2024-02-05T10:00:00Z,259078,218750,158042,137163,40328,59762,59428,76657,50429
2024-02-05T11:00:00Z,246102,210311,154952,137651,35791,57881,57588,71197,46805
2024-02-05T12:00:00Z,299735,202530,210741,131626,97205,58551,58202,102523,77638
2024-02-05T13:00:00Z,283155,230930,181168,147745,52225,65604,65258,94616,66985
2024-02-05T14:00:00Z,285159,250813,177614,160554,34346,71073,70703,84664,55695
2024-02-05T15:00:00Z,285727,243476,175317,153239,42251,71109,70682,88411,59637
2024-02-05T16:00:00Z,278007,237800,170221,150113,40207,70135,69732,86140,57481
2024-02-05T17:00:00Z,269363,231425,167814,150803,37938,65623,65291,80612,53466
2024-02-05T18:00:00Z,268637,217759,167958,141133,50878,61489,61124,84413,58615
2024-02-05T19:00:00Z,139002,114558,89731,77026,24444,35801,35502,47821,32943
2024-02-05T20:00:00Z,242290,202928,158464,138130,39362,53560,53246,70112,47725
2024-02-05T21:00:00Z,242900,196853,154277,133097,46047,49231,48938,66385,45164
2024-02-05T22:00:00Z,238118,193163,155735,135794,44955,45033,44713,62914,42366
2024-02-05T23:00:00Z,214249,178770,146115,129952,35479,41578,41290,55286,38778
2024-02-06T00:00:00Z,237138,170820,171963,123700,66318,40680,40352,87840,70961
2024-02-06T01:00:00Z,232256,168504,169429,120924,63752,41110,40811,88812,70587
2024-02-06T02:00:00Z,206237,172988,143120,124324,33249,41073,40808,56643,38073
2024-02-06T03:00:00Z,217623,169981,141606,122673,47642,39942,39666,61403,36680
2024-02-06T04:00:00Z,201920,170814,143323,124412,31106,38331,38091,53525,36795
2024-02-06T05:00:00Z,207974,173523,145272,125808,34451,40164,39909,56428,38432
2024-02-06T06:00:00Z,227181,188600,156733,130869,38581,46440,46184,67961,46230
2024-02-06T07:00:00Z,226767,198936,152398,135262,27831,51164,50920,64119,42319
2024-02-06T08:00:00Z,234676,204424,152455,133336,30252,56563,56277,70899,47149
2024-02-06T09:00:00Z,257427,223163,162009,141819,34264,61802,61436,76376,50562
2024-02-06T10:00:00Z,254228,218443,160124,138897,35785,60967,60610,77102,51796
2024-02-06T11:00:00Z,243419,213660,157512,139146,29759,58769,58471,71474,47600
2024-02-06T12:00:00Z,298119,205697,214191,134021,92422,59727,59414,104415,80577
2024-02-06T13:00:00Z,271618,225220,176040,142304,46398,67306,66986,95674,68630
2024-02-06T14:00:00Z,269830,241381,168158,150703,28449,72638,72303,85543,56645
2024-02-06T15:00:00Z,275813,241862,171907,151345,33951,72347,71964,87030,59033
2024-02-06T16:00:00Z,264065,232634,164444,145986,31431,69639,69256,84083,56431
2024-02-06T17:00:00Z,259340,231337,165372,148685,28003,67400,67036,80130,53821
2024-02-06T18:00:00Z,262586,222074,174779,147300,40512,62685,62315,85060,60293
2024-02-06T19:00:00Z,248763,216599,161338,142904,32164,58401,58063,72643,48814
2024-02-06T20:00:00Z,238992,207844,157912,137901,31148,56006,55663,70551,49026
2024-02-06T21:00:00Z,225880,192614,149107,129382,33266,51015,50676,65068,45190
2024-02-06T22:00:00Z,212855,182347,142815,124294,30508,46112,45777,59777,41385
2024-02-06T23:00:00Z,199678,174862,141005,125426,24816,42537,42235,54465,38405
2024-02-07T00:00:00Z,235410,172588,174251,126450,62822,41245,40907,87672,71399
2024-02-07T01:00:00Z,226136,168775,168034,122270,57361,39633,39304,84669,68128
2024-02-07T02:00:00Z,200475,173917,142490,125129,26558,39009,38738,53214,36204
2024-02-07T03:00:00Z,197095,167826,140334,121701,29269,38249,37957,53091,35977
2024-02-07T04:00:00Z,198413,171192,143399,125259,27221,37603,37358,52449,36112
2024-02-07T05:00:00Z,205406,173296,143784,124912,32110,39864,39587,55760,37905
2024-02-07T06:00:00Z,226323,187417,158934,132477,38906,44638,44360,67775,47159
2024-02-07T07:00:00Z,228857,199650,155047,137423,29207,49132,48867,64322,41661
2024-02-07T08:00:00Z,226343,199678,150974,133752,26665,53432,53157,67854,44056
2024-02-07T09:00:00Z,254769,222750,162907,143748,32019,59640,59330,74772,48554
2024-02-07T10:00:00Z,256328,221657,165530,144268,34671,59069,58673,75572,50469
2024-02-07T11:00:00Z,243413,217244,160582,144033,26169,58049,57749,70457,46432
2024-02-07T12:00:00Z,303370,211926,218639,138528,91444,58277,57943,101891,77850
2024-02-07T13:00:00Z,277692,231239,182755,148406,46453,66323,65989,95756,68690
2024-02-07T14:00:00Z,275723,246216,178623,159957,29507,71123,70782,84817,57041
2024-02-07T15:00:00Z,277784,243379,173224,152297,34405,71863,71458,87385,58954
2024-02-07T16:00:00Z,275277,241725,171708,152223,33552,70009,69564,86005,58040
2024-02-07T17:00:00Z,259903,231691,167936,151850,28212,65164,64803,78532,52742
2024-02-07T18:00:00Z,267636,224576,176605,148987,43060,62184,61825,85563,60141
2024-02-07T19:00:00Z,266255,226310,173182,153603,39945,57630,57294,73894,48539
2024-02-07T20:00:00Z,256227,218860,171558,150942,37367,53602,53253,70069,47815
2024-02-07T21:00:00Z,240766,207284,162269,142785,33482,50084,49750,64846,44035
2024-02-07T22:00:00Z,225959,194705,158429,139756,31254,44694,44392,58964,40182
2024-02-07T23:00:00Z,209679,184097,151457,135393,25582,41651,41380,53921,37754
2024-02-08T00:00:00Z,240692,178750,180145,132651,61942,39631,39270,85154,69331
2024-02-08T01:00:00Z,230346,171669,174738,128349,58677,37414,37107,82771,67210
2024-02-08T02:00:00Z,200325,174087,149353,132034,26238,35451,35213,49083,34071
2024-02-08T03:00:00Z,200981,172805,148930,130890,28176,34747,34508,49323,33807
2024-02-08T04:00:00Z,203263,173898,149846,130557,29365,35460,35205,50827,34999
2024-02-08T05:00:00Z,206381,176103,151002,131774,30278,37527,37295,53384,36905
2024-02-08T06:00:00Z,217727,182990,159354,134148,34737,40942,40694,61692,43961
2024-02-08T07:00:00Z,209308,183171,147660,130627,26137,43547,43289,57468,37972
2024-02-08T08:00:00Z,166703,146857,114986,101371,19846,42069,41829,53984,35122
2024-02-08T09:00:00Z,173796,152366,115136,101591,21430,45553,45277,57015,36801
2024-02-08T10:00:00Z,215703,189476,141465,125295,26227,51138,50845,63890,42391
2024-02-08T11:00:00Z,247643,220262,166364,149287,27381,56270,55981,68358,45349
2024-02-08T12:00:00Z,302669,206648,225254,140341,96021,57276,56953,101288,77804
2024-02-08T13:00:00Z,278819,232085,185010,150644,46734,63766,63381,92882,67211
2024-02-08T14:00:00Z,270920,242851,174455,157052,28069,69307,68889,81488,54753
2024-02-08T15:00:00Z,269834,235615,169465,148773,34219,69654,69284,84728,57444
2024-02-08T16:00:00Z,276434,242844,173468,153757,33590,69337,68936,84244,56625
2024-02-08T17:00:00Z,259376,230790,167433,149915,28586,65178,64825,77949,52559
2024-02-08T18:00:00Z,260329,220772,171634,144584,39557,61100,60735,82727,58586
2024-02-08T19:00:00Z,235535,204223,152964,134719,31312,55890,55531,68794,46120
2024-02-08T20:00:00Z,231920,202042,155921,136342,29878,53012,52669,66993,46712
2024-02-08T21:00:00Z,233664,198533,153801,133597,35131,49577,49197,64906,44905
2024-02-08T22:00:00Z,213358,180106,144846,124648,33252,44609,44296,59432,41177
2024-02-08T23:00:00Z,197433,169980,140904,123488,27453,40075,39816,52688,37808
2024-02-09T00:00:00Z,226026,161255,167095,119164,64771,37216,36839,83164,68336
2024-02-09T01:00:00Z,211973,149856,158464,110734,62117,33585,33297,79477,65705
2024-02-09T02:00:00Z,179300,149141,130610,111944,30159,31146,30922,45734,32434
2024-02-09T03:00:00Z,175760,145559,129713,110052,30201,30569,30342,46055,32481
2024-02-09T04:00:00Z,180449,151519,132353,113253,28930,32087,31852,46810,32945
2024-02-09T05:00:00Z,184800,155405,135088,115379,29395,33463,33249,49799,34775
2024-02-09T06:00:00Z,195299,160764,142571,116774,34535,36163,35928,57584,41318
2024-02-09T07:00:00Z,197889,170605,138366,120507,27284,39990,39748,53579,35969
2024-02-09T08:00:00Z,209193,180884,140678,122131,28309,45109,44787,59165,39648
2024-02-09T09:00:00Z,228216,198130,148656,129111,30086,51472,51175,66249,44514
2024-02-09T10:00:00Z,236600,204136,154809,133521,32464,53188,52857,70277,47454
2024-02-09T11:00:00Z,229955,202678,152989,135850,27277,52450,52152,64671,43625
2024-02-09T12:00:00Z,297338,198152,219094,130938,99186,52976,52684,97729,75835
2024-02-09T13:00:00Z,262313,215451,174667,139116,46862,58815,58467,88557,65507
2024-02-09T14:00:00Z,256846,230034,165412,148243,26812,63909,63577,76888,51945
2024-02-09T15:00:00Z,265381,233368,171276,151286,32013,64295,63960,79219,54442
2024-02-09T16:00:00Z,259666,228012,168539,149640,31654,61380,61014,76606,52231
2024-02-09T17:00:00Z,244064,218575,161824,145690,25489,58195,57874,71068,48125
2024-02-09T18:00:00Z,249308,211865,169822,142804,37443,55147,54838,76654,54676
2024-02-09T19:00:00Z,231672,203633,157140,139306,28039,49638,49349,62743,43105
2024-02-09T20:00:00Z,222512,194712,155069,135414,27800,46795,46505,61726,43162
2024-02-09T21:00:00Z,213809,185879,151171,132708,27930,42519,42241,55627,38790
2024-02-09T22:00:00Z,203592,176388,146864,129153,27204,38336,38055,51172,35925
2024-02-09T23:00:00Z,189518,165846,141969,125767,23672,35092,34802,46512,33599
2024-02-10T00:00:00Z,217677,156478,169439,121457,61199,31697,31381,78024,65401
2024-02-10T01:00:00Z,200236,142951,158877,112549,57285,27010,26749,71752,60430
2024-02-10T02:00:00Z,161913,138915,127768,110654,22998,24079,23856,36782,26520
2024-02-10T03:00:00Z,163244,139496,129480,111735,23748,23977,23774,37478,26994
2024-02-10T04:00:00Z,166899,143159,131330,113359,23740,24926,24743,38677,27704
2024-02-10T05:00:00Z,169657,144489,133048,114114,25168,25872,25709,41302,29147
2024-02-10T06:00:00Z,181038,150088,140655,115043,30950,27948,27773,48489,36065
2024-02-10T07:00:00Z,171860,149453,132132,115265,22407,29008,28830,42251,29222
2024-02-10T08:00:00Z,176763,153161,134988,116744,23602,30235,30042,44833,31054
2024-02-10T09:00:00Z,183737,159797,138877,120619,23940,33049,32871,47249,32505
2024-02-10T10:00:00Z,193097,167560,147281,127512,25537,35204,35030,50597,35650
2024-02-10T11:00:00Z,189829,168844,143544,127308,20985,36303,36146,48690,33246
2024-02-10T12:00:00Z,269466,167037,221990,125861,102429,38472,38284,82533,66671
2024-02-10T13:00:00Z,219592,178859,165708,130538,40733,41227,41066,72432,55129
2024-02-10T14:00:00Z,205019,184167,151863,135605,20852,44095,43926,57110,39273
2024-02-10T15:00:00Z,213165,187840,157156,137776,25325,45400,45214,61016,42791
2024-02-10T16:00:00Z,213242,189537,156882,138948,23705,46126,45929,59823,41954
2024-02-10T17:00:00Z,211270,190431,156856,141003,20839,44585,44404,57046,39956
2024-02-10T18:00:00Z,213362,181321,161176,135367,32041,42451,42263,63586,47180
2024-02-10T19:00:00Z,197086,174921,146494,129846,22165,38834,38662,51201,35936
2024-02-10T20:00:00Z,198759,175106,149746,130528,23653,36940,36737,50981,36773
2024-02-10T21:00:00Z,188917,166480,143946,126673,22437,34149,33974,46897,33353
2024-02-10T22:00:00Z,180829,158745,141263,124318,22084,30788,30623,43004,31001
2024-02-10T23:00:00Z,169370,150409,135928,120866,18961,29822,29685,40804,30167
2024-02-11T00:00:00Z,198433,147857,161762,119926,50576,28196,27942,69144,58276
2024-02-11T01:00:00Z,195036,139602,160588,112083,55434,25800,25582,72975,62417
2024-02-11T02:00:00Z,159896,138298,129244,112410,21598,23427,23268,36319,26421
2024-02-11T03:00:00Z,159262,136770,128519,111222,22492,23530,23360,36332,26108
2024-02-11T04:00:00Z,161596,139739,129833,112572,21857,24278,24113,36937,26711
2024-02-11T05:00:00Z,166259,141861,132383,113759,24398,25371,25228,39912,28625
2024-02-11T06:00:00Z,167369,137682,133126,108057,29687,27232,27079,47401,35456
2024-02-11T07:00:00Z,172610,150643,134934,117636,21967,28658,28502,41899,29401
2024-02-11T08:00:00Z,174988,153073,136116,118517,21915,30284,30122,43999,30826
2024-02-11T09:00:00Z,182626,160362,139511,121927,22264,33037,32873,47090,32437
2024-02-11T10:00:00Z,192881,168418,147314,128103,24463,35492,35332,50333,35487
2024-02-11T11:00:00Z,192763,172300,146556,130105,20463,37232,37074,49343,33950
2024-02-11T12:00:00Z,275807,170192,226946,127388,105615,39327,39152,84275,68001
2024-02-11T13:00:00Z,226111,185827,173791,138784,40284,42625,42433,73586,56402
2024-02-11T14:00:00Z,217858,197557,159679,143865,20301,46935,46738,60486,41932
2024-02-11T15:00:00Z,224408,198459,163443,144368,25949,47612,47426,63743,44719
2024-02-11T16:00:00Z,227125,202448,166056,148075,24677,47887,47696,63391,44212
2024-02-11T17:00:00Z,227635,206617,167190,151432,21018,48341,48161,61171,43146
2024-02-11T18:00:00Z,233931,201430,175645,149640,32501,47055,46814,68476,50900
2024-02-11T19:00:00Z,218416,194863,162162,145245,23553,43108,42908,56272,39837
2024-02-11T20:00:00Z,214346,190276,162068,143201,24070,41021,40824,55758,40639
2024-02-11T21:00:00Z,201710,178276,153721,136307,23434,37286,37105,50161,36202
2024-02-11T22:00:00Z,194765,171173,150307,133262,23592,33637,33441,46239,33410
2024-02-11T23:00:00Z,185912,163266,145454,129116,22646,31781,31626,43376,31543
2024-02-12T00:00:00Z,225548,161714,173664,127793,63834,29817,29545,75606,61993
2024-02-12T01:00:00Z,221843,151690,168786,121237,70153,27836,27605,76096,62762
2024-02-12T02:00:00Z,188831,156196,140583,123258,32635,27855,27650,43078,30300
2024-02-12T03:00:00Z,193507,157476,142895,123488,36031,28591,28375,43908,30839
2024-02-12T04:00:00Z,198715,162518,144825,126135,36197,30404,30204,46007,31763
2024-02-12T05:00:00Z,204101,169543,147789,129124,34558,33161,32961,50019,34445
2024-02-12T06:00:00Z,219097,178074,157901,132485,41023,36859,36649,58445,41177
2024-02-12T07:00:00Z,217373,184944,150744,133793,32429,40733,40509,55052,36619
2024-02-12T08:00:00Z,235165,200971,156458,138062,34194,46762,46492,61650,40876
2024-02-12T09:00:00Z,250144,214115,162622,144124,36029,52960,52676,66858,44769
2024-02-12T10:00:00Z,257594,218399,166896,146608,39195,54622,54294,70274,47444
2024-02-12T11:00:00Z,253134,217932,167047,149403,35202,54121,53745,66549,44802
2024-02-12T12:00:00Z,297784,203692,214923,138267,94092,54971,54623,98997,76189
2024-02-12T13:00:00Z,274369,223817,180894,147588,50552,62631,62306,91198,65800
2024-02-12T14:00:00Z,273137,239159,172889,155598,33978,67711,67348,80228,54307
2024-02-12T15:00:00Z,278432,239193,172787,152396,39239,68716,68335,83841,56631
2024-02-12T16:00:00Z,277936,240172,175318,155453,37764,67622,67246,83942,56961
2024-02-12T17:00:00Z,266051,231946,169530,152323,34105,64349,64000,77782,52321
2024-02-12T18:00:00Z,277690,232308,175352,149109,45382,60138,59804,81270,57875
2024-02-12T19:00:00Z,252438,216747,160655,143272,35691,58205,57860,72258,47411
2024-02-12T20:00:00Z,246812,209783,163891,143917,37029,54432,54073,67804,47480
2024-02-12T21:00:00Z,251243,208758,166548,146055,42485,50192,49866,66381,45166
2024-02-12T22:00:00Z,238306,197580,161592,141727,40726,45154,44833,60795,41902
2024-02-12T23:00:00Z,223377,190655,158628,141345,32722,41618,41336,55317,38945
2024-02-13T00:00:00Z,244449,180639,184246,136472,63810,39903,39562,85056,69623
2024-02-13T01:00:00Z,225429,167321,171846,126960,58108,35130,34867,79348,64629
2024-02-13T02:00:00Z,203246,176060,153094,135866,27186,34510,34273,48076,33821
2024-02-13T03:00:00Z,207207,177597,154441,135733,29610,34419,34187,49651,34402
2024-02-13T04:00:00Z,208084,179760,154396,135844,28324,36130,35904,50460,35461
2024-02-13T05:00:00Z,211627,181328,156241,137317,30299,37597,37386,53689,37235
2024-02-13T06:00:00Z,229686,196061,169735,144688,33625,41269,41032,62953,45062
2024-02-13T07:00:00Z,230479,203450,161789,144157,27029,45778,45541,59526,39597
2024-02-13T08:00:00Z,240715,213145,165541,147693,27570,52065,51784,65769,43919
2024-02-13T09:00:00Z,260705,229494,175076,155792,31211,56177,55897,70688,47474
2024-02-13T10:00:00Z,262990,229782,176685,156139,33208,57114,56820,72933,49464
2024-02-13T11:00:00Z,254339,226573,173030,155804,27766,55835,55531,68266,45980
2024-02-13T12:00:00Z,307354,215370,229518,147390,91984,57572,57250,101370,78225
2024-02-13T13:00:00Z,282623,237985,191402,158338,44638,65249,64935,93796,66793
2024-02-13T14:00:00Z,279893,251332,182184,164544,28561,69411,69088,82227,55526
2024-02-13T15:00:00Z,284870,251812,182337,162356,33058,69267,68904,85402,57018
2024-02-13T16:00:00Z,290861,258380,190726,171043,32481,68408,68012,84381,57651
2024-02-13T17:00:00Z,280992,251761,189357,171141,29231,65245,64881,78646,53579
2024-02-13T18:00:00Z,273217,232721,185625,158538,40496,61185,60792,82572,59332
2024-02-13T19:00:00Z,259433,226728,175061,155988,32705,56987,56651,71103,48667
2024-02-13T20:00:00Z,246654,217267,172209,152707,29387,53168,52814,68103,47818
2024-02-13T21:00:00Z,244350,211986,168222,148996,32364,50393,50086,65031,45015
2024-02-13T22:00:00Z,231605,201006,161430,143198,30599,45216,44894,58249,40923
2024-02-13T23:00:00Z,213292,187750,156269,140090,25542,40367,40091,52020,36988
2024-02-14T00:00:00Z,249134,188565,188418,142866,60569,38929,38578,83926,67729
2024-02-14T01:00:00Z,243618,183100,186589,139646,60518,35893,35598,82555,67473
2024-02-14T02:00:00Z,206156,180185,157476,140108,25971,34437,34188,48292,34154
2024-02-14T03:00:00Z,206082,177072,157812,138503,29010,33485,33274,48436,33990
2024-02-14T04:00:00Z,211329,181301,158573,138583,30028,34874,34654,50914,35493
2024-02-14T05:00:00Z,217263,184898,160110,140239,32365,36745,36535,53963,37891
2024-02-14T06:00:00Z,229560,194170,171441,145317,35390,40653,40420,62562,44923
2024-02-14T07:00:00Z,231794,204288,166330,148199,27506,44473,44242,58345,39670
2024-02-14T08:00:00Z,242306,213640,167995,148895,28666,50061,49751,64938,44288
2024-02-14T09:00:00Z,255791,223981,172880,152668,31810,55015,54675,69583,47227
2024-02-14T10:00:00Z,263606,229761,178839,157645,33845,55921,55604,71258,48975
2024-02-14T11:00:00Z,256616,227524,175596,157843,29092,54630,54314,67592,46081
2024-02-14T12:00:00Z,306618,216724,227332,148360,89894,56729,56394,99788,77659
2024-02-14T13:00:00Z,279722,233479,189090,154527,46243,63409,63020,91725,67029
2024-02-14T14:00:00Z,261061,232336,163192,145464,28725,69064,68704,80720,54651
2024-02-14T15:00:00Z,260316,226859,164297,143168,33457,67965,67579,82927,56615
2024-02-14T16:00:00Z,265171,231545,167188,146929,33626,66817,66443,82488,55543
2024-02-14T17:00:00Z,252134,222033,163244,143750,30101,61815,61459,76196,52000
2024-02-14T18:00:00Z,272641,231697,187718,159247,40944,58407,58059,81209,58176
2024-02-14T19:00:00Z,279544,249775,156525,138684,29769,53385,53044,64469,44025
2024-02-14T20:00:00Z,249259,217830,175114,153736,31429,51029,50709,66128,46782
2024-02-14T21:00:00Z,242741,207094,168473,146689,35647,47459,47146,61487,43659
2024-02-14T22:00:00Z,192691,158969,123417,103281,33722,43104,42780,57712,40774
2024-02-14T23:00:00Z,168427,141901,111828,94644,26526,39546,39272,52362,37915
2024-02-15T00:00:00Z,196192,133584,138999,90425,62608,37692,37362,84906,70009
2024-02-15T01:00:00Z,186665,126153,133601,85123,60512,35054,34753,82231,67863
2024-02-15T02:00:00Z,153733,126484,105372,86600,27249,34116,33877,48948,34784
2024-02-15T03:00:00Z,152864,125626,105109,86690,27238,33116,32892,47597,33423
2024-02-15T04:00:00Z,155633,128033,105503,86527,27600,34372,34155,48848,34286
2024-02-15T05:00:00Z,168106,136746,110953,91375,31360,36764,36544,52785,36912
2024-02-15T06:00:00Z,185664,148362,124304,96804,37302,40726,40510,62969,45262
2024-02-15T07:00:00Z,187845,160499,117781,99774,27346,45448,45211,59408,40113
2024-02-15T08:00:00Z,197399,170098,116813,98722,27301,50862,50589,64938,43550
2024-02-15T09:00:00Z,217957,187996,130054,111617,29961,56975,56626,71192,47676
2024-02-15T10:00:00Z,225127,189812,137303,115768,35315,58061,57718,74736,50487
2024-02-15T11:00:00Z,218323,187368,133133,114738,30955,57394,57071,70314,47470
2024-02-15T12:00:00Z,284638,184871,202006,115161,99767,58361,58047,104154,81041
2024-02-15T13:00:00Z,252704,201917,157909,121315,50787,65238,64910,96370,71104
2024-02-15T14:00:00Z,243381,211730,144333,125364,31651,70320,69959,83140,56252
2024-02-15T15:00:00Z,248946,209806,143635,121919,39140,70894,70467,86449,58800
2024-02-15T16:00:00Z,251193,213907,145628,123554,37286,70019,69611,86094,58718
2024-02-15T17:00:00Z,234355,203302,140761,121988,31053,65902,65563,77942,53582
2024-02-15T18:00:00Z,238442,197557,153057,124613,40885,60844,60509,82008,59800
2024-02-15T19:00:00Z,223949,190579,138599,118877,33370,56112,55795,70100,48498
2024-02-15T20:00:00Z,214764,181753,136122,114743,33011,52961,52649,67664,48057
2024-02-15T21:00:00Z,214934,179450,132088,112318,35484,49325,49017,64243,44129
2024-02-15T22:00:00Z,207381,174626,135409,116420,32755,44434,44136,57677,40721
2024-02-15T23:00:00Z,211187,186384,148530,132843,24803,40978,40720,53016,37510
2024-02-16T00:00:00Z,246120,181245,178342,132546,64875,38921,38596,83997,68849
2024-02-16T01:00:00Z,232272,169674,170293,124961,62598,35993,35681,80561,65721
2024-02-16T02:00:00Z,205196,176285,147761,129752,28911,35531,35267,49318,35001
2024-02-16T03:00:00Z,184537,152265,123771,105424,32272,34289,34064,49268,34435
2024-02-16T04:00:00Z,177593,142784,113991,94661,34809,35451,35220,49935,34739
2024-02-16T05:00:00Z,198833,166425,136823,117347,32408,36280,36054,52257,36411
2024-02-16T06:00:00Z,223651,184898,154853,129270,38753,40263,40016,60687,43600
2024-02-16T07:00:00Z,223790,193547,148971,131649,30243,43788,43546,56782,38070
2024-02-16T08:00:00Z,234575,204977,153982,135507,29598,50299,50032,63595,43111
2024-02-16T09:00:00Z,250672,217988,158706,140011,32684,55232,54926,67721,45151
2024-02-16T10:00:00Z,253131,218231,161683,141554,34900,55524,55219,69814,47418
2024-02-16T11:00:00Z,248273,219283,162016,144490,28990,54107,53801,65686,44488
2024-02-16T12:00:00Z,301373,206681,218726,136449,94692,54481,54157,97620,75641
2024-02-16T13:00:00Z,277671,226897,182955,147915,50774,60244,59919,89586,65540
2024-02-16T14:00:00Z,274980,245224,173537,155513,29756,66081,65757,78231,52985
2024-02-16T15:00:00Z,277030,240814,172436,151573,36216,65073,64744,79560,54529
2024-02-16T16:00:00Z,273033,236168,169885,150079,36865,62943,62608,77600,52880
2024-02-16T17:00:00Z,262166,230510,167424,149983,31656,59161,58839,72806,48911
2024-02-16T18:00:00Z,267537,217513,169993,142947,50024,55346,54978,79579,54833
2024-02-16T19:00:00Z,242472,206983,155612,136868,35489,50335,49996,64225,43395
2024-02-16T20:00:00Z,229362,200014,154547,134563,29348,47464,47156,62271,43742
2024-02-16T21:00:00Z,230201,193644,150672,131007,36557,44544,44224,58539,40080
2024-02-16T22:00:00Z,218748,181008,146133,126777,37740,38783,38490,52507,36733
2024-02-16T23:00:00Z,199126,172122,142174,125597,27004,35813,35540,47902,34328
2024-02-17T00:00:00Z,232450,158363,162148,116269,74087,33159,32845,79871,64325
2024-02-17T01:00:00Z,216348,155054,163174,116716,61294,29717,29458,75122,62740
2024-02-17T02:00:00Z,179542,153706,132737,115022,25836,28427,28212,42375,29464
2024-02-17T03:00:00Z,182215,154851,134238,115705,27364,28205,28016,42509,29440
2024-02-17T04:00:00Z,181744,153558,132532,114101,28186,28517,28307,42736,29986
2024-02-17T05:00:00Z,186236,158297,137318,117798,27939,29213,29043,45082,31405
2024-02-17T06:00:00Z,201878,166639,148133,122076,35239,32026,31837,52879,38362
2024-02-17T07:00:00Z,201121,171711,143616,125530,29410,33178,32983,47346,31913
2024-02-17T08:00:00Z,200435,173347,142766,123718,27088,34956,34772,49704,33757
2024-02-17T09:00:00Z,205622,176453,145627,126292,29169,36517,36303,51549,34907
2024-02-17T10:00:00Z,214345,183902,152616,132033,30443,38229,38039,54430,37855
2024-02-17T11:00:00Z,210050,185474,150392,132833,24576,38764,38588,51821,35511
2024-02-17T12:00:00Z,286057,182454,223719,128368,103603,40427,40243,86035,68342
2024-02-17T13:00:00Z,239145,192881,169637,134717,46264,44011,43833,74610,55584
2024-02-17T14:00:00Z,230485,206464,159556,142593,24021,47792,47584,62096,41924
2024-02-17T15:00:00Z,233631,202375,159959,139434,31256,48121,47886,64658,44378
2024-02-17T16:00:00Z,237269,206821,164136,145359,30448,48015,47802,63170,43712
2024-02-17T17:00:00Z,226370,202477,159733,143074,23893,47237,47058,59998,41747
2024-02-17T18:00:00Z,265605,232990,151400,126284,32615,45796,45620,63050,46270
2024-02-17T19:00:00Z,215816,189182,154924,137169,26634,40611,40416,53236,37228
2024-02-17T20:00:00Z,209266,183207,156250,136225,26059,38353,38114,52807,38381
2024-02-17T21:00:00Z,201073,175448,148788,130684,25625,35606,35415,48890,34391
2024-02-17T22:00:00Z,189817,165276,142745,125898,24541,32348,32162,44420,31896
2024-02-17T23:00:00Z,181144,158975,140746,124012,22169,31179,30992,42531,31465
2024-02-18T00:00:00Z,213697,152573,168806,119660,61124,29748,29491,71856,60071
2024-02-18T01:00:00Z,224096,154624,176778,117264,69472,30474,30259,77086,63568
2024-02-18T02:00:00Z,196744,160742,150796,121247,36002,30197,30019,43219,29589
2024-02-18T03:00:00Z,200021,162632,155334,124134,37389,30181,29998,43465,29662
2024-02-18T04:00:00Z,200619,157134,158080,121541,43485,28200,28014,41395,29477
2024-02-18T05:00:00Z,203815,163496,156372,123618,40319,30161,29985,45007,31274
2024-02-18T06:00:00Z,209910,172324,155551,124421,37586,35037,34855,56288,38504
2024-02-18T07:00:00Z,197952,175778,142182,126091,22174,37086,36896,49196,32458
2024-02-18T08:00:00Z,201647,177714,144306,126332,23933,38565,38368,52407,34503
2024-02-18T09:00:00Z,211072,184702,149449,130467,26370,40644,40452,54856,36868
2024-02-18T10:00:00Z,211159,183594,150105,130345,27565,40319,40117,55057,38656
2024-02-18T11:00:00Z,207990,186502,148964,132315,21488,41287,41099,52963,36061
2024-02-18T12:00:00Z,288706,184566,227955,131028,104140,43256,43059,87573,70070
2024-02-18T13:00:00Z,247413,194665,182552,136609,52748,45699,45514,76387,57903
2024-02-18T14:00:00Z,241848,207712,171891,143431,34136,50248,50063,63255,43580
2024-02-18T15:00:00Z,246176,206208,174415,142795,39968,50341,50141,66372,46414
2024-02-18T16:00:00Z,248802,210001,176379,146368,38801,50550,50358,65470,45542
2024-02-18T17:00:00Z,240343,207279,172290,144718,33064,49908,49711,61973,43230
2024-02-18T18:00:00Z,247443,203289,180536,144868,44154,47958,47714,69664,51788
2024-02-18T19:00:00Z,221182,194603,156912,139478,26579,43801,43588,56573,39902
2024-02-18T20:00:00Z,215611,189552,157928,137682,26059,42444,42243,57312,41465
2024-02-18T21:00:00Z,231141,205978,166052,147883,25163,40286,40118,51697,37129
2024-02-18T22:00:00Z,217417,191841,162576,145532,25576,35860,35665,48172,34571
2024-02-18T23:00:00Z,177421,155069,132838,116144,22352,34190,33998,45867,33477
2024-02-19T00:00:00Z,222832,156933,160623,115479,65899,34620,34337,79554,64686
2024-02-19T01:00:00Z,232278,158133,159381,112921,74145,37048,36801,83620,65815
2024-02-19T02:00:00Z,199830,164851,133490,115894,34979,38821,38601,52452,34466
2024-02-19T03:00:00Z,205692,165584,135028,115426,40108,38466,38257,52815,34798
2024-02-19T04:00:00Z,204983,164937,135708,116026,40046,36975,36761,52448,35182
2024-02-19T05:00:00Z,211272,175484,141307,122033,35788,40054,39842,56274,37323
2024-02-19T06:00:00Z,241305,196289,160457,134375,45016,46647,46370,68625,46485
2024-02-19T07:00:00Z,251407,211259,158532,140101,40148,52297,51989,67055,43144
2024-02-19T08:00:00Z,252049,216580,156111,137264,35469,58150,57842,72406,46660
2024-02-19T09:00:00Z,279720,238774,169141,149768,40946,63668,63291,77268,49376
2024-02-19T10:00:00Z,276549,231745,167952,146706,44804,61049,60706,76875,50703
2024-02-19T11:00:00Z,270513,231879,167011,148440,38634,60127,59816,73206,48022
2024-02-19T12:00:00Z,310262,215728,213747,138886,94534,60810,60465,103515,78247
2024-02-19T13:00:00Z,295139,242268,185868,153372,52871,66915,66609,94345,67231
2024-02-19T14:00:00Z,291149,255910,177445,159759,35239,71865,71519,84339,55869
2024-02-19T15:00:00Z,293107,254405,176316,156388,38702,71315,70995,86094,57975
2024-02-19T16:00:00Z,295475,257919,163065,145917,37556,70476,70130,83483,53163
2024-02-19T17:00:00Z,281028,245995,177125,159707,35033,63802,63477,79432,52856
2024-02-19T18:00:00Z,280766,229951,179207,152093,50815,58905,58587,83839,58350
2024-02-19T19:00:00Z,268099,224506,168975,149684,43593,54694,54418,71320,47735
2024-02-19T20:00:00Z,254969,217174,167434,146631,37795,52405,52089,69146,47602
2024-02-19T21:00:00Z,249842,207299,162282,142181,42543,47929,47623,64178,43858
2024-02-19T22:00:00Z,239797,194685,157282,136299,45112,43101,42825,60173,41408
2024-02-19T23:00:00Z,222627,186315,155407,134080,36312,40369,40128,55563,39326
2024-02-20T00:00:00Z,251891,182971,182174,132051,68920,40627,40343,88939,72022
2024-02-20T01:00:00Z,245581,180834,173405,126599,64747,41622,41365,86701,68320
2024-02-20T02:00:00Z,215780,186306,148283,129914,29474,42765,42520,56582,37156
2024-02-20T03:00:00Z,217702,185155,147945,128988,32547,41885,41655,56498,36879
2024-02-20T04:00:00Z,211641,179783,143662,125493,31858,39459,39238,54113,36441
2024-02-20T05:00:00Z,218527,187281,149414,130071,31246,42402,42187,58605,39376
2024-02-20T06:00:00Z,241367,203372,161472,135208,37995,50154,49909,71364,48584
2024-02-20T07:00:00Z,244515,213409,157078,139006,31106,54305,54061,67621,43422
2024-02-20T08:00:00Z,249855,219606,157126,138489,30249,60313,60021,72889,47118
2024-02-20T09:00:00Z,271448,238221,167165,147989,33227,64886,64563,77248,50110
2024-02-20T10:00:00Z,269768,233862,168741,148323,35906,62339,62049,76821,51241
2024-02-20T11:00:00Z,276718,246861,180439,163049,29857,60914,60601,73172,48068
2024-02-20T12:00:00Z,315311,228570,224690,150301,86741,60326,60012,103202,78307
2024-02-20T13:00:00Z,300794,255399,196629,165033,45395,68745,68412,94653,67545
2024-02-20T14:00:00Z,302041,271051,186594,169041,30990,75211,74864,87275,57068
2024-02-20T15:00:00Z,303380,268763,181330,161399,34617,73116,72778,86578,57552
2024-02-20T16:00:00Z,302031,268834,177105,159345,33197,70585,70219,81996,53883
2024-02-20T17:00:00Z,292475,262965,187184,170212,29510,67779,67440,79476,53337
2024-02-20T18:00:00Z,289463,246826,189016,163201,42637,62738,62342,83787,59288
2024-02-20T19:00:00Z,278677,241096,176221,157970,37581,58222,57887,72669,47835
2024-02-20T20:00:00Z,283971,256219,151913,135178,27752,57680,57375,64462,43819
2024-02-20T21:00:00Z,266883,225938,174512,155187,40945,51723,51337,67189,45071
2024-02-20T22:00:00Z,253649,213872,169311,150944,39777,46652,46274,62121,41704
2024-02-20T23:00:00Z,236997,208486,167491,151153,28511,43687,43395,56959,39081
2024-02-21T00:00:00Z,266291,192993,188209,142512,73298,41168,40806,90731,69584
2024-02-21T01:00:00Z,268393,201580,192948,146233,66813,43373,43089,91001,69761
2024-02-21T02:00:00Z,242962,205979,166032,147890,36983,43563,43312,60549,37195
2024-02-21T03:00:00Z,248484,207290,167757,148992,41194,42846,42585,61387,37623
2024-02-21T04:00:00Z,236534,202431,165646,146292,34103,40108,39843,55995,37527
2024-02-21T05:00:00Z,240161,207631,168568,149176,32530,43120,42846,59274,39319
2024-02-21T06:00:00Z,263905,222868,180877,154618,41037,49869,49589,71397,48126
2024-02-21T07:00:00Z,264593,231997,174729,156794,32596,54562,54303,68210,43132
2024-02-21T08:00:00Z,262231,233138,171944,154239,29093,58716,58435,71895,46451
2024-02-21T09:00:00Z,284070,250976,179999,162090,33094,64241,63896,77132,49632
2024-02-21T10:00:00Z,285241,247237,182430,162149,38004,62154,61764,76578,50683
2024-02-21T11:00:00Z,282699,250506,183457,165494,32193,60579,60268,72700,46916
2024-02-21T12:00:00Z,317150,225700,223370,149184,91450,60132,59800,103660,77059
2024-02-21T13:00:00Z,304252,253113,196766,164302,51139,67441,67112,96287,67032
2024-02-21T14:00:00Z,301965,270757,190840,173599,31208,73845,73446,86571,57020
2024-02-21T15:00:00Z,298410,263308,185610,166620,35102,72730,72343,87018,57996
2024-02-21T16:00:00Z,301964,266187,191280,172778,35777,70838,70432,84799,57067
2024-02-21T17:00:00Z,287741,259612,184894,169178,28129,67326,66952,78982,52797
2024-02-21T18:00:00Z,283047,241848,185161,160010,41199,61894,61534,82324,57450
2024-02-21T19:00:00Z,268332,232394,172014,154553,35938,57220,56886,70237,47164
2024-02-21T20:00:00Z,274626,230578,176493,156493,44048,54823,54456,72011,48218
2024-02-21T21:00:00Z,256378,219120,170954,151524,37258,50675,50290,63942,43767
2024-02-21T22:00:00Z,254939,217091,174425,154979,37848,46386,46065,59744,42021
2024-02-21T23:00:00Z,231559,204045,165287,148860,27514,42756,42485,54413,38303
2024-02-22T00:00:00Z,270262,198884,195265,147788,71378,41962,41634,88859,70900
2024-02-22T01:00:00Z,268693,200311,192494,146037,68382,42662,42365,88763,69256
2024-02-22T02:00:00Z,237144,204177,166789,148246,32967,43568,43314,57472,37214
2024-02-22T03:00:00Z,229588,197143,161176,142658,32445,41765,41515,55394,36324
2024-02-22T04:00:00Z,239725,208190,172001,153275,31535,40255,40021,55192,37382
2024-02-22T05:00:00Z,247041,215896,174576,155592,31145,43749,43500,59644,40081
2024-02-22T06:00:00Z,266651,227942,185542,159703,38709,50063,49797,71406,48363
2024-02-22T07:00:00Z,270737,238891,182052,164520,31846,55083,54831,69271,43905
2024-02-22T08:00:00Z,267470,236737,177880,158809,30733,59459,59167,72253,47157
2024-02-22T09:00:00Z,288481,256375,187436,168608,32106,64272,63950,76784,49858
2024-02-22T10:00:00Z,287561,252203,186640,166253,35358,61830,61494,76407,50435
2024-02-22T11:00:00Z,281233,251415,185605,168053,29818,60772,60448,72047,47626
2024-02-22T12:00:00Z,318906,228007,229954,152466,90899,59476,59094,102494,77999
2024-02-22T13:00:00Z,303066,257036,199361,167577,46030,67496,67128,93917,67109
2024-02-22T14:00:00Z,304278,274267,193691,176286,30011,73074,72718,85861,56643
2024-02-22T15:00:00Z,304427,270101,193140,172931,34326,72298,71931,87172,58565
2024-02-22T16:00:00Z,302645,268383,191027,172156,34262,70847,70430,84837,57188
2024-02-22T17:00:00Z,295587,265767,192775,175619,29820,66325,65985,78589,52895
2024-02-22T18:00:00Z,284711,244695,190987,165765,40016,60115,59754,80454,56632
2024-02-22T19:00:00Z,282676,241888,185482,165537,40788,56225,55868,71167,48424
2024-02-22T20:00:00Z,272591,238904,188045,167426,33687,54266,53937,69282,48149
2024-02-22T21:00:00Z,256057,214459,168212,147413,41598,49850,49512,64246,44586
2024-02-22T22:00:00Z,252077,211278,170292,149947,40799,45553,45233,59628,41654
2024-02-22T23:00:00Z,232675,200845,165294,147753,31830,41908,41605,55179,39269
2024-02-23T00:00:00Z,265228,196951,193756,144742,68277,41019,40662,87778,71178
2024-02-23T01:00:00Z,257067,195489,186236,140727,61578,41635,41352,85299,67369
2024-02-23T02:00:00Z,234391,205191,164368,146299,29200,42454,42205,56059,36745
2024-02-23T03:00:00Z,233201,202427,165012,146326,30774,40869,40631,54751,36206
2024-02-23T04:00:00Z,227652,195632,163963,144692,32020,37369,37138,51974,35579
2024-02-23T05:00:00Z,234837,201399,164428,144432,33438,40204,39973,56230,37820
2024-02-23T06:00:00Z,250872,213270,173526,147804,37602,47288,47036,68578,46807
2024-02-23T07:00:00Z,278907,247935,193982,176484,30972,50900,50670,64523,41728
2024-02-23T08:00:00Z,293683,251212,199277,176568,42471,55336,55020,69013,44990
2024-02-23T09:00:00Z,296596,256285,194534,173575,40311,59636,59340,73830,47593
2024-02-23T10:00:00Z,316158,279646,223259,203401,36512,56574,56258,71676,48142
2024-02-23T11:00:00Z,309686,278588,221323,203895,31098,55377,55033,67339,44863
2024-02-23T12:00:00Z,330616,245774,252845,180618,84842,52818,52516,94449,72202
2024-02-23T13:00:00Z,321408,275902,231334,200444,45506,59509,59208,86172,61446
2024-02-23T14:00:00Z,319048,292198,225129,208911,26850,65314,64988,76444,50689
2024-02-23T15:00:00Z,315036,282716,218608,199831,32320,65444,65118,79406,53843
2024-02-23T16:00:00Z,314367,283266,221567,203924,31101,62504,62152,75448,50863
2024-02-23T17:00:00Z,303911,277410,216854,201898,26501,58542,58217,70525,47260
2024-02-23T18:00:00Z,303972,266198,221602,198113,37774,54431,54063,73854,52215
2024-02-23T19:00:00Z,289609,260552,209840,194193,29057,49443,49128,61103,41424
2024-02-23T20:00:00Z,292608,264806,221005,202449,27802,47448,47122,61732,43310
2024-02-23T21:00:00Z,298881,255653,218484,198470,43228,43752,43453,59979,41519
2024-02-23T22:00:00Z,270828,232316,199408,181437,38512,38346,38072,54768,37372
2024-02-23T23:00:00Z,243709,215729,188271,173198,27980,35002,34752,47769,33192
2024-02-24T00:00:00Z,257761,200438,206903,164810,57323,31933,31619,73376,60403
2024-02-24T01:00:00Z,237346,186530,191993,153060,50816,27552,27283,66421,54021
2024-02-24T02:00:00Z,228987,203054,183792,167555,25933,27433,27210,40027,27957
2024-02-24T03:00:00Z,227033,203710,184406,168307,23323,27833,27641,40633,28314
2024-02-24T04:00:00Z,220189,199063,176858,162039,21126,27495,27302,39376,27520
2024-02-24T05:00:00Z,232815,208341,187239,170727,24474,28695,28522,42821,30100
2024-02-24T06:00:00Z,236300,208934,189785,167911,27366,31086,30886,49471,35373
2024-02-24T07:00:00Z,233173,211673,184716,168935,21500,32485,32321,43862,29137
2024-02-24T08:00:00Z,256694,230187,201379,182842,26507,35149,34966,50121,34056
2024-02-24T09:00:00Z,269407,243007,207318,188789,26400,37512,37338,51594,35105
2024-02-24T10:00:00Z,271445,245025,212919,194103,26420,38855,38678,53873,37238
2024-02-24T11:00:00Z,281059,258187,218765,202487,22872,40473,40297,53083,35009
2024-02-24T12:00:00Z,327075,233281,270129,183084,93794,39710,39514,82589,65926
2024-02-24T13:00:00Z,287692,247608,226366,193356,40084,43204,43017,72662,54273
2024-02-24T14:00:00Z,285969,263962,219313,202408,22007,48258,48073,61357,41708
2024-02-24T15:00:00Z,294672,264859,218393,198529,29813,48266,48059,63929,43898
2024-02-24T16:00:00Z,290235,262110,218855,200174,28125,48278,48071,63535,43795
2024-02-24T17:00:00Z,279601,258045,213643,197771,21556,46799,46620,59201,40885
2024-02-24T18:00:00Z,288244,252388,225020,198015,35856,44331,44136,65814,48832
2024-02-24T19:00:00Z,276296,251526,214897,197934,24770,40542,40368,53622,37271
2024-02-24T20:00:00Z,269564,244968,216542,197182,24596,37875,37695,52089,37315
2024-02-24T21:00:00Z,261228,237800,206518,189521,23428,35129,34976,48043,34283
2024-02-24T22:00:00Z,245198,221774,198366,181746,23424,32383,32215,44662,31865
2024-02-24T23:00:00Z,236280,216298,192552,177347,19982,34531,34371,46178,30816
2024-02-25T00:00:00Z,261258,204403,214209,170136,56855,29623,29376,72408,60464
2024-02-25T01:00:00Z,262961,205427,220970,173012,57534,27190,26983,75124,63628
2024-02-25T02:00:00Z,233101,209615,193647,176061,23486,26064,25898,40560,28919
2024-02-25T03:00:00Z,232360,207949,191812,174194,24411,26808,26652,40306,28389
2024-02-25T04:00:00Z,235919,211485,193221,175288,24434,27890,27740,41687,29238
2024-02-25T05:00:00Z,241351,214864,196315,176893,26487,29162,28979,43972,31231
2024-02-25T06:00:00Z,246868,214879,194933,169329,31989,32846,32649,53534,39007
2024-02-25T07:00:00Z,236441,211789,181276,163691,24652,34805,34661,48311,33069
2024-02-25T08:00:00Z,241276,219161,187292,169747,22115,36515,36357,50330,34547
2024-02-25T09:00:00Z,256350,223983,190431,171447,32367,38230,38065,53598,36148
2024-02-25T10:00:00Z,264484,230234,195373,174867,34250,39646,39482,56461,39216
2024-02-25T11:00:00Z,260281,231811,192968,175894,28470,41276,41114,54817,37299
2024-02-25T12:00:00Z,314801,212801,250213,159560,102000,42816,42643,87140,68966
2024-02-25T13:00:00Z,281935,236391,209585,175502,45544,47154,46953,76938,56769
2024-02-25T14:00:00Z,278883,253971,206209,187557,24912,51512,51341,64679,44232
2024-02-25T15:00:00Z,289182,255388,211955,190518,33794,50447,50259,67770,46986
2024-02-25T16:00:00Z,284541,253613,208415,189908,30928,50315,50107,65473,45252
2024-02-25T17:00:00Z,266168,243409,190610,174154,22759,50855,50672,64161,43191
2024-02-25T18:00:00Z,268461,229094,196501,168918,39367,48134,47944,71070,51794
2024-02-25T19:00:00Z,256520,222812,185743,164080,33708,45245,45066,60060,40818
2024-02-25T20:00:00Z,244652,212462,181319,157249,32190,43234,43074,59074,40874
2024-02-25T21:00:00Z,239989,205680,176965,154038,34309,40453,40277,53750,37678
2024-02-25T22:00:00Z,234899,199586,177348,155072,35313,36385,36206,50514,35051
2024-02-25T23:00:00Z,215591,190918,168713,149700,24673,35570,35409,47410,33900
2024-02-26T00:00:00Z,253290,181678,189223,139681,71612,35266,34987,81005,65319
2024-02-26T01:00:00Z,264304,184899,190017,139450,79405,37641,37390,83713,65294
2024-02-26T02:00:00Z,235136,194080,164451,142070,41056,40073,39852,54677,35127
2024-02-26T03:00:00Z,246210,197001,169584,145029,49209,39474,39242,55391,36034
2024-02-26T04:00:00Z,239579,191942,167161,142645,47637,37271,37048,53306,35786
2024-02-26T05:00:00Z,242747,198405,168852,144183,44342,40278,40065,57216,37509
2024-02-26T06:00:00Z,259152,208729,175513,144949,50423,47906,47681,69557,46310
2024-02-26T07:00:00Z,270674,228264,177077,154803,42410,53427,53174,67666,42144
2024-02-26T08:00:00Z,278808,238960,179585,157225,39848,58187,57881,72940,46192
2024-02-26T09:00:00Z,294307,249034,184110,160926,45273,62610,62315,76683,48326
2024-02-26T10:00:00Z,292429,245088,185370,160675,47341,61163,60815,76515,50175
2024-02-26T11:00:00Z,289446,245883,184915,162320,43563,60528,60146,73711,47123
2024-02-26T12:00:00Z,319272,223672,224966,148058,95600,59760,59438,103332,76869
2024-02-26T13:00:00Z,307881,253066,198262,163772,54815,68046,67737,94709,66206
2024-02-26T14:00:00Z,304919,266851,191237,171857,38068,73705,73370,86254,56564
2024-02-26T15:00:00Z,303520,262662,188907,167387,40858,73913,73561,88095,57150
2024-02-26T16:00:00Z,306789,267662,189403,169873,39127,72006,71628,87192,56114
2024-02-26T17:00:00Z,298791,260779,189881,169199,38012,67431,67076,80335,53580
2024-02-26T18:00:00Z,220511,178653,136674,112917,41858,52592,52262,72706,47926
2024-02-26T19:00:00Z,260974,217497,167101,148338,43477,56646,56232,70170,46566
2024-02-26T20:00:00Z,279960,237267,182811,161944,42693,56375,55964,73152,50089
2024-02-26T21:00:00Z,263701,215376,167459,147760,48325,50373,50033,66666,45421
2024-02-26T22:00:00Z,265710,218743,174202,154512,46967,47673,47267,62956,42932
2024-02-26T23:00:00Z,245656,209212,170987,153438,36444,43723,43425,57851,40685
2024-02-27T00:00:00Z,273289,204076,200925,150619,69213,43558,43200,92568,74959
2024-02-27T01:00:00Z,264313,198072,189823,141546,66241,44678,44355,91257,72001
2024-02-27T02:00:00Z,236288,205355,162216,143798,30933,45736,45446,60102,38891
2024-02-27T03:00:00Z,234910,199969,161276,142527,34941,43449,43170,58912,37650
2024-02-27T04:00:00Z,227296,194848,160598,141221,32448,40839,40596,56407,38253
2024-02-27T05:00:00Z,236504,201835,161134,141804,34669,44197,43963,61223,40232
2024-02-27T06:00:00Z,255004,215972,174504,147870,39032,51409,51109,73150,49383
2024-02-27T07:00:00Z,256654,227242,168365,151217,29412,56062,55802,69310,43996
2024-02-27T08:00:00Z,261330,231147,165234,146752,30183,61919,61596,75744,47723
2024-02-27T09:00:00Z,262173,226432,154823,135631,35741,66064,65712,79623,51190
2024-02-27T10:00:00Z,229986,190173,122011,100884,39813,63676,63287,79638,52952
2024-02-27T11:00:00Z,224908,189543,120479,101778,35365,63190,62843,76292,49472
2024-02-27T12:00:00Z,284860,184604,184746,100380,100256,64296,63955,109348,82474
2024-02-27T13:00:00Z,265591,212989,150447,114939,52602,71389,70992,101323,72710
2024-02-27T14:00:00Z,258208,221936,136487,117754,36272,77031,76659,90188,59079
2024-02-27T15:00:00Z,257221,219495,134977,114721,37726,75290,74860,90644,60295
2024-02-27T16:00:00Z,253741,217283,135559,116026,36458,74045,73646,89369,59767
2024-02-27T17:00:00Z,244417,211880,133816,116318,32537,69308,68976,83504,56019
2024-02-27T18:00:00Z,242600,197659,137437,109813,44941,64743,64400,88240,62320
2024-02-27T19:00:00Z,228270,189054,125617,106630,39216,60520,60209,75083,49947
2024-02-27T20:00:00Z,257048,225645,154882,134825,31403,57886,57545,72215,50583
2024-02-27T21:00:00Z,241469,205201,151232,131795,36268,53619,53290,66788,46531
2024-02-27T22:00:00Z,227428,189415,143716,125056,38013,47089,46777,61503,42592
2024-02-27T23:00:00Z,204330,176086,138389,121246,28244,43612,43322,56529,40189
2024-02-28T00:00:00Z,248560,175296,173065,122284,73264,42853,42548,92508,75109
2024-02-28T01:00:00Z,242228,172904,165043,116861,69324,44029,43726,90053,71011
2024-02-28T02:00:00Z,207595,176316,135902,118085,31279,44989,44746,58036,38411
2024-02-28T03:00:00Z,210173,177563,138869,119634,32610,43456,43218,57417,38278
2024-02-28T04:00:00Z,201521,169013,133393,114469,32508,40743,40512,55185,37813
2024-02-28T05:00:00Z,212244,176229,136360,117467,36015,43672,43415,58950,39566
2024-02-28T06:00:00Z,229482,191221,147170,121441,38261,50943,50663,71864,48481
2024-02-28T07:00:00Z,233943,204651,143363,126292,29292,55845,55534,68650,43736
2024-02-28T08:00:00Z,242773,211092,146818,128066,31681,61042,60734,74354,48066
2024-02-28T09:00:00Z,258384,224984,152415,133806,33400,64821,64509,77972,50143
2024-02-28T10:00:00Z,259343,224996,153781,134291,34347,64054,63688,78941,52323
2024-02-28T11:00:00Z,256091,224745,152566,135309,31346,62748,62431,74987,49014
2024-02-28T12:00:00Z,307592,210569,210477,128823,97023,62923,62568,107322,81440
2024-02-28T13:00:00Z,284198,232587,170748,136519,51611,71247,70821,100577,71792
2024-02-28T14:00:00Z,282218,245919,161508,142373,36299,76658,76301,90307,60171
2024-02-28T15:00:00Z,276719,239835,157330,136528,36884,75840,75464,90463,60991
2024-02-28T16:00:00Z,274978,239589,156637,137375,35389,73657,73267,87656,59389
2024-02-28T17:00:00Z,261840,229245,152295,134259,32595,68618,68276,82010,55626
2024-02-28T18:00:00Z,264236,216421,157471,129230,47815,65035,64663,87902,61675
2024-02-28T19:00:00Z,220928,184604,128747,111278,36324,55075,54724,68664,45991
2024-02-28T20:00:00Z,242587,205074,150182,128542,37513,57467,57110,73401,51516
2024-02-28T21:00:00Z,225080,189668,136712,117420,35412,52405,52025,65454,45021
2024-02-28T22:00:00Z,216683,179941,133107,113690,36742,47165,46839,61153,42760
2024-02-28T23:00:00Z,198218,166767,125307,108298,31451,44513,44206,58091,40694
2024-02-29T00:00:00Z,227526,157812,154053,103822,69714,43103,42728,92173,74432
2024-02-29T01:00:00Z,227328,155297,147756,98949,72031,44303,43932,93026,71799
2024-02-29T02:00:00Z,196119,165274,122680,104477,30845,45358,45100,58938,38512
2024-02-29T03:00:00Z,199785,167269,127201,108948,32516,43677,43403,57130,37549
2024-02-29T04:00:00Z,198130,164631,128921,110034,33499,40751,40486,55038,37707
2024-02-29T05:00:00Z,206767,169656,130216,111254,37111,43521,43296,59002,39671
2024-02-29T06:00:00Z,225076,185905,142802,116248,39171,51520,51251,72556,49204
2024-02-29T07:00:00Z,227293,197540,137486,120540,29753,56089,55801,69155,43990
2024-02-29T08:00:00Z,232504,201907,137715,118884,30597,61087,60751,74727,48150
2024-02-29T09:00:00Z,239319,207705,138083,120301,31614,64135,63811,75982,48857
2024-02-29T10:00:00Z,234566,202999,138759,120810,31567,62699,62337,76104,49072
2024-02-29T11:00:00Z,203965,178075,119218,106144,25890,56089,55759,66374,41950
2024-02-29T12:00:00Z,300399,199510,201960,119595,100889,61546,61192,106671,80771
2024-02-29T13:00:00Z,273117,222645,161668,128308,50472,68761,68412,96894,68592
2024-02-29T14:00:00Z,272545,235073,154561,135866,37472,73963,73590,87951,58183
2024-02-29T15:00:00Z,272616,232617,154330,133163,39999,73244,72870,89216,59734
2024-02-29T16:00:00Z,274308,236339,158140,138167,37969,71064,70696,86933,58565
2024-02-29T17:00:00Z,263100,225594,151616,132854,37506,67108,66773,80845,54733
2024-02-29T18:00:00Z,256812,211339,155651,127781,45473,62835,62457,84957,60523
2024-02-29T19:00:00Z,252037,216501,140353,121488,35536,58201,57838,70413,48139
2024-02-29T20:00:00Z,260954,198020,162961,121323,62934,54340,53997,81498,59455
2024-02-29T21:00:00Z,221805,188436,137991,119529,33369,50395,50098,63559,44308
2024-02-29T22:00:00Z,211826,176475,133309,114403,35351,46105,45781,59239,41178
2024-02-29T23:00:00Z,196719,163932,127796,109760,32787,42789,42473,55529,39588
2024-03-01T00:00:00Z,230794,160848,155087,109122,69946,41196,40831,86253,68831
2024-03-01T01:00:00Z,231932,155916,155322,103348,76016,41719,41384,93461,73914
2024-03-01T02:00:00Z,203437,162554,126280,105920,40883,42183,41909,58689,38633
2024-03-01T03:00:00Z,208015,163123,125578,104558,44892,41112,40865,56567,37001
2024-03-01T04:00:00Z,205812,158309,127121,104174,47503,37594,37339,53810,36334
2024-03-01T05:00:00Z,212479,159333,130354,105321,53146,39704,39477,57593,38401
2024-03-01T06:00:00Z,220074,173581,137906,109412,46493,47272,47011,69562,47035
2024-03-01T07:00:00Z,224605,189963,134536,115802,34642,51793,51513,67156,42003
2024-03-01T08:00:00Z,220274,186455,131737,112656,33819,54494,54145,68973,43827
2024-03-01T09:00:00Z,251884,214114,144484,124933,37770,61934,61590,75235,48278
2024-03-01T10:00:00Z,257284,216525,145835,124465,40759,61092,60781,76044,49891
2024-03-01T11:00:00Z,248582,211746,146430,127379,36836,58605,58308,72413,47263
2024-03-01T12:00:00Z,299194,198175,203877,120715,101019,58022,57664,103609,78878
2024-03-01T13:00:00Z,274949,217513,167860,129365,57436,64200,63869,96636,69518
2024-03-01T14:00:00Z,174121,147812,77549,65311,26309,55021,54709,66751,34701
2024-03-01T15:00:00Z,213335,185228,113974,99972,28107,65810,65498,78248,46901
2024-03-01T16:00:00Z,263218,222546,150191,130009,40672,66108,65784,81493,54858
2024-03-01T17:00:00Z,247068,206914,139393,123182,40154,60768,60425,75909,49950
2024-03-01T18:00:00Z,245105,200672,150481,123822,44433,57020,56678,78190,55919
2024-03-01T19:00:00Z,226694,191574,137158,119218,35120,52900,52590,66851,44849
2024-03-01T20:00:00Z,220025,183428,132286,112116,36597,49188,48835,64976,44478
2024-03-01T21:00:00Z,220708,183114,131628,112724,37594,45057,44736,58997,40517
2024-03-01T22:00:00Z,194748,159392,123851,106090,35356,39606,39347,52203,36133
2024-03-01T23:00:00Z,186285,151378,121487,103640,34907,37375,37120,51034,36159
2024-03-02T00:00:00Z,209390,143713,148430,99300,65677,34824,34524,82444,68853
2024-03-02T01:00:00Z,190011,129409,136976,90799,60602,30503,30258,75847,62610
2024-03-02T02:00:00Z,158471,132797,110423,92907,25674,29685,29477,43401,29821
2024-03-02T03:00:00Z,163264,134881,110708,92070,28383,29809,29614,44370,30361
2024-03-02T04:00:00Z,165129,137335,112741,94465,27794,30296,30090,44689,30861
2024-03-02T05:00:00Z,168206,140542,116909,98098,27664,31361,31196,47345,32464
2024-03-02T06:00:00Z,184036,150708,126435,100867,33328,36360,36167,57846,39912
2024-03-02T07:00:00Z,177956,152714,119508,102544,25242,36661,36474,49820,33204
2024-03-02T08:00:00Z,184891,158008,125368,107173,26883,37646,37431,52921,35283
2024-03-02T09:00:00Z,195522,167809,130607,111814,27713,39800,39616,54651,36597
2024-03-02T10:00:00Z,199201,170510,133104,113217,28691,42145,41951,56812,38901
2024-03-02T11:00:00Z,195702,168452,128869,112225,27250,41389,41221,55167,36510
2024-03-02T12:00:00Z,268314,167134,204063,111239,101180,43024,42824,88366,70026
2024-03-02T13:00:00Z,226499,180178,154632,117372,46321,46832,46641,79179,59463
2024-03-02T14:00:00Z,219014,189936,140133,122494,29078,50646,50427,64630,43353
2024-03-02T15:00:00Z,218131,186990,143413,122426,31141,49663,49456,65626,45185
2024-03-02T16:00:00Z,214805,184482,139461,120002,30323,49628,49411,64539,44258
2024-03-02T17:00:00Z,207957,179445,136298,118998,28512,47628,47445,61296,41988
2024-03-02T18:00:00Z,193020,155384,125408,97642,37636,46576,46375,67327,49993
2024-03-02T19:00:00Z,162076,132107,96281,77312,29969,42399,42185,54679,38462
2024-03-02T20:00:00Z,167960,134784,104597,82828,33176,40223,40002,54951,39391
2024-03-02T21:00:00Z,183444,154580,125736,106389,28864,37222,37036,48796,34848
2024-03-02T22:00:00Z,170396,141412,116282,97851,28984,34005,33837,45351,32671
2024-03-02T23:00:00Z,155176,132380,112542,95574,22796,31898,31730,43586,32226
2024-03-03T00:00:00Z,184453,128087,139511,93325,56366,30489,30212,74908,62980
2024-03-03T01:00:00Z,183101,124628,140288,90792,58473,28369,28139,77318,65169
2024-03-03T02:00:00Z,152033,125589,109237,90573,26444,27673,27478,42088,29504
2024-03-03T03:00:00Z,156654,128874,111603,92478,27780,28505,28339,42066,29298
2024-03-03T04:00:00Z,159258,129964,112005,92225,29294,29234,29073,44184,31251
2024-03-03T05:00:00Z,160370,134159,112322,93219,26211,30616,30455,45470,32189
2024-03-03T06:00:00Z,174183,141097,122668,96843,33086,33635,33420,53985,39387
2024-03-03T07:00:00Z,172889,147877,117851,99788,25012,35691,35526,49137,33309
2024-03-03T08:00:00Z,170649,148424,117335,99621,22225,36953,36795,50635,34376
2024-03-03T09:00:00Z,197636,171780,125839,107734,25856,39785,39614,53500,36080
2024-03-03T10:00:00Z,189802,163029,126147,107163,26773,40951,40780,55607,38641
2024-03-03T11:00:00Z,193016,169856,127989,110760,23160,43763,43556,55648,36906
2024-03-03T12:00:00Z,277697,167909,211042,110766,109788,46628,46366,92270,71976
2024-03-03T13:00:00Z,227072,179920,154926,116882,47152,48953,48747,81398,61248
2024-03-03T14:00:00Z,213311,191493,136257,119679,21818,52130,51935,64498,43648
2024-03-03T15:00:00Z,226812,197796,146059,125800,29016,52783,52570,68085,47396
2024-03-03T16:00:00Z,216961,188373,141616,122528,28588,51029,50846,65330,45487
2024-03-03T17:00:00Z,209425,187810,138871,122811,21615,49853,49680,62422,43653
2024-03-03T18:00:00Z,217817,181156,147216,120221,36661,48605,48390,70350,51794
2024-03-03T19:00:00Z,202230,173037,133768,116070,29193,43742,43541,57174,39929
2024-03-03T20:00:00Z,194086,168559,135400,115516,25527,41277,41092,56802,41014
2024-03-03T21:00:00Z,187612,159937,128558,109756,27675,39705,39530,52701,37758
2024-03-03T22:00:00Z,179206,149558,123047,104906,29648,35871,35675,48823,35103
2024-03-03T23:00:00Z,167810,146182,121153,104752,21628,34966,34795,47063,34595
2024-03-04T00:00:00Z,213898,146314,149514,103198,67584,35986,35700,82261,66931
2024-03-04T01:00:00Z,222409,150518,142280,100310,71891,38565,38289,82768,63717
2024-03-04T02:00:00Z,188821,157113,116143,103613,31708,40816,40574,56234,35771
2024-03-04T03:00:00Z,195757,157016,120259,102983,38741,41007,40769,58266,38331
2024-03-04T04:00:00Z,188461,151969,115834,101352,36492,38048,37826,54177,36500
2024-03-04T05:00:00Z,192465,161673,118698,105650,30792,41786,41556,58170,38195
2024-03-04T06:00:00Z,216165,178203,123671,109244,37962,48825,48576,66236,41941
2024-03-04T07:00:00Z,230683,192410,132909,115925,38273,54891,54625,73716,47539
2024-03-04T08:00:00Z,221801,197307,120714,114102,24494,59710,59443,68026,40310
2024-03-04T09:00:00Z,250526,218521,134548,124907,32005,64680,64369,76040,46485
2024-03-04T10:00:00Z,251405,213627,138458,125245,37778,62985,62625,76089,49252
2024-03-04T11:00:00Z,250784,213971,142518,127774,36813,62264,61871,77742,51300
2024-03-04T12:00:00Z,294773,205277,192417,123625,89496,63326,62935,108040,80461
2024-03-04T13:00:00Z,284204,226985,167380,133300,57219,70348,70030,100228,70558
2024-03-04T14:00:00Z,276346,239460,157008,139235,36886,74781,74434,88662,58357
2024-03-04T15:00:00Z,279130,235909,156983,136399,43221,74491,74082,89958,59829
2024-03-04T16:00:00Z,276019,234169,154685,135166,41850,71809,71356,87991,59219
2024-03-04T17:00:00Z,264663,228574,151169,134234,36089,67451,67078,80480,54048
2024-03-04T18:00:00Z,268392,213575,156440,128664,54817,64273,63910,87442,61375
2024-03-04T19:00:00Z,258463,209973,146002,125974,48490,59559,59229,75254,51174
2024-03-04T20:00:00Z,242599,198515,144064,122326,44084,56331,55952,72830,50606
2024-03-04T21:00:00Z,245743,191068,140834,120310,54675,51421,51080,69734,45722
2024-03-04T22:00:00Z,230050,178677,134306,112732,51373,47229,46906,63561,43446
2024-03-04T23:00:00Z,208400,170549,128889,110321,37851,44337,43993,58432,40617
2024-03-05T00:00:00Z,238198,164752,162065,109539,73446,43899,43553,93767,76527
2024-03-05T01:00:00Z,234635,165861,156977,107347,68774,45437,45132,93307,73852
2024-03-05T02:00:00Z,199583,168675,127476,108692,30908,45779,45525,59418,39124
2024-03-05T03:00:00Z,203151,168759,127489,108371,34392,44640,44387,59573,38634
2024-03-05T04:00:00Z,192579,159647,123128,103785,32932,41296,41049,56531,38014
2024-03-05T05:00:00Z,175683,142767,100334,80130,32916,45530,45261,61888,41317
2024-03-05T06:00:00Z,230665,191631,142178,116246,39034,51585,51328,72788,48816
2024-03-05T07:00:00Z,232249,199690,137774,119079,32559,56841,56555,71345,45178
2024-03-05T08:00:00Z,231768,201938,137038,119161,29830,61678,61387,74365,47692
2024-03-05T09:00:00Z,265488,228575,152034,132095,36913,66662,66347,81385,52696
2024-03-05T10:00:00Z,257691,218616,149218,128342,39075,65035,64704,80304,52837
2024-03-05T11:00:00Z,252033,220125,148976,131018,31908,64036,63727,76436,49897
2024-03-05T12:00:00Z,298239,205976,202256,123678,92263,64710,64402,107591,81665
2024-03-05T13:00:00Z,282919,233897,172426,137977,49022,71593,71276,99862,71304
2024-03-05T14:00:00Z,273453,244196,158193,140810,29257,77176,76831,88542,58672
2024-03-05T15:00:00Z,271748,237033,157276,137181,34715,74714,74318,88285,59668
2024-03-05T16:00:00Z,273155,236952,154753,135009,36203,72715,72267,87989,58720
2024-03-05T17:00:00Z,265138,229939,152824,134394,35199,68089,67711,81208,54986
2024-03-05T18:00:00Z,259847,215109,157721,129920,44738,63935,63565,84215,60386
2024-03-05T19:00:00Z,251244,212766,146983,127263,38478,58509,58137,72388,49561
2024-03-05T20:00:00Z,237747,198857,146081,123874,38890,55344,54968,71137,50431
2024-03-05T21:00:00Z,224926,188892,138812,119113,36034,50967,50654,64679,45054
2024-03-05T22:00:00Z,208549,174896,129640,110398,33653,46454,46156,59621,41571
2024-03-05T23:00:00Z,199314,167928,128082,109767,31386,43174,42900,55826,39742
2024-03-06T00:00:00Z,237066,171637,161700,111924,65429,43709,43356,92051,74634
2024-03-06T01:00:00Z,228163,166358,157195,108676,61805,44503,44215,90813,72033
2024-03-06T02:00:00Z,200471,168758,128395,109436,31713,44849,44582,57850,38122
2024-03-06T03:00:00Z,199636,168580,128012,109169,31056,43789,43515,57504,37585
2024-03-06T04:00:00Z,190668,159728,124119,104759,30940,40759,40490,54797,37275
2024-03-06T05:00:00Z,203095,170194,129275,109027,32901,43916,43676,60572,39991
2024-03-06T06:00:00Z,229712,190684,145163,119153,39028,51533,51254,73087,48703
2024-03-06T07:00:00Z,229203,198621,138512,120727,30582,56618,56336,68771,44074
2024-03-06T08:00:00Z,243405,210143,143381,124186,33262,62356,62057,75820,48869
2024-03-06T09:00:00Z,257178,222980,149420,129663,34198,66540,66218,79521,51393
2024-03-06T10:00:00Z,255630,221198,149617,129166,34432,64984,64672,79988,52937
2024-03-06T11:00:00Z,252447,219548,149150,130578,32899,63916,63639,75735,49753
2024-03-06T12:00:00Z,302497,210312,205341,126842,92185,63781,63453,106979,80486
2024-03-06T13:00:00Z,281218,231816,172548,137963,49402,70381,70047,99197,71264
2024-03-06T14:00:00Z,280367,247441,160196,141524,32926,76154,75789,89202,59295
2024-03-06T15:00:00Z,279775,244134,162688,141813,35641,75079,74667,90103,61057
2024-03-06T16:00:00Z,277450,239058,160095,140515,38392,72375,71950,86977,58693
2024-03-06T17:00:00Z,272611,233313,158287,139330,39298,67807,67440,82132,55276
2024-03-06T18:00:00Z,275235,223575,165363,136626,51660,64304,63961,87289,61667
2024-03-06T19:00:00Z,260997,213741,152219,130954,47256,58856,58527,73149,50092
2024-03-06T20:00:00Z,258400,205666,151552,126878,52734,57978,57611,76268,51574
2024-03-06T21:00:00Z,239740,195422,145793,124216,44318,51291,50974,65736,45993
2024-03-06T22:00:00Z,227490,184258,141219,120254,43232,46432,46127,61277,42761
2024-03-06T23:00:00Z,217319,178253,141255,121295,39066,43638,43355,57793,41209
2024-03-07T00:00:00Z,256520,172928,181476,118993,83592,44222,43862,102521,85289
2024-03-07T01:00:00Z,237852,174328,162552,117825,63524,45815,45517,86130,67003
2024-03-07T02:00:00Z,213514,178508,139405,119273,35006,44610,44339,58255,38556
2024-03-07T03:00:00Z,209497,175153,139557,118909,34344,43290,43039,58134,38762
2024-03-07T04:00:00Z,201740,168825,135049,115360,32915,40364,40149,55248,37784
2024-03-07T05:00:00Z,238971,204393,165508,144817,34578,43563,43327,59792,40265
2024-03-07T06:00:00Z,257119,217231,176253,149712,39888,50887,50627,71478,48559
2024-03-07T07:00:00Z,262119,231361,170265,152410,30758,55895,55576,68751,43416
2024-03-07T08:00:00Z,271118,237058,173112,153785,34060,61052,60744,74445,47729
2024-03-07T09:00:00Z,291243,255479,183447,164212,35764,65216,64871,78505,50201
2024-03-07T10:00:00Z,286824,250114,180425,160070,36710,63331,63000,78508,51646
2024-03-07T11:00:00Z,286333,251263,183492,165019,35070,62166,61873,76110,49718
2024-03-07T12:00:00Z,316499,224353,224229,145607,92146,61126,60804,104753,78810
2024-03-07T13:00:00Z,302127,255338,194153,161538,46789,68359,68021,96247,67888
2024-03-07T14:00:00Z,302836,270480,186896,169304,32356,72934,72583,85599,56644
2024-03-07T15:00:00Z,302857,268475,190095,170249,34382,71894,71516,86943,58003
2024-03-07T16:00:00Z,302253,269375,189386,171089,32878,69553,69160,83140,55904
2024-03-07T17:00:00Z,291106,258915,186302,169305,32191,65881,65524,78246,52811
2024-03-07T18:00:00Z,293760,248800,191608,164887,44960,60998,60619,82565,57376
2024-03-07T19:00:00Z,278651,243762,183973,165579,34889,56130,55742,69028,46805
2024-03-07T20:00:00Z,267112,231688,180644,158897,35424,52564,52230,68317,47798
2024-03-07T21:00:00Z,256197,223027,171494,152495,33170,49239,48891,62550,43181
2024-03-07T22:00:00Z,242938,208309,162792,143867,34629,45116,44768,58794,40673
2024-03-07T23:00:00Z,230815,197326,159736,141192,33489,42257,41960,56494,39785
2024-03-08T00:00:00Z,262297,194382,192299,141305,67915,41891,41567,91391,74067
2024-03-08T01:00:00Z,257695,193400,186208,136826,64295,43129,42837,90481,71763
2024-03-08T02:00:00Z,229846,198845,158685,140267,31001,42776,42506,56352,36863
2024-03-08T03:00:00Z,229177,197883,158217,139230,31294,41317,41067,54758,35751
2024-03-08T04:00:00Z,218705,187946,155600,136574,30759,37329,37094,52165,35499
2024-03-08T05:00:00Z,222517,192184,155060,135217,30333,39829,39572,56748,38339
2024-03-08T06:00:00Z,242218,206390,167476,141734,35828,46647,46421,67727,45869
2024-03-08T07:00:00Z,246625,217402,161422,144175,29223,51175,50925,64735,40526
2024-03-08T08:00:00Z,256724,227668,165668,147928,29056,56063,55786,69767,45001
2024-03-08T09:00:00Z,273956,241237,174389,155593,32719,60216,59923,73844,47650
2024-03-08T10:00:00Z,266852,233591,171170,152028,33261,57522,57193,72274,48223
2024-03-08T11:00:00Z,264412,234087,171118,153320,30325,55527,55224,68715,45342
2024-03-08T12:00:00Z,313282,219395,226463,144229,93887,55771,55456,99801,76838
2024-03-08T13:00:00Z,288389,240756,189103,155085,47633,61712,61341,91287,65519
2024-03-08T14:00:00Z,285101,253856,179180,160806,31245,66248,65925,79923,53275
2024-03-08T15:00:00Z,283596,248956,178970,158620,34640,65338,65006,80722,54228
2024-03-08T16:00:00Z,277636,243913,177589,157835,33723,62728,62368,77621,52295
2024-03-08T17:00:00Z,275115,243356,172960,154822,31759,60680,60350,72793,47592
2024-03-08T18:00:00Z,268582,228568,176857,150176,40014,55090,54772,76463,55121
2024-03-08T19:00:00Z,252482,221364,165415,147497,31118,50206,49920,63676,43317
2024-03-08T20:00:00Z,244695,210748,165988,144678,33947,46356,46066,61807,43198
2024-03-08T21:00:00Z,236225,203710,162178,143778,32515,42783,42491,56448,39048
2024-03-08T22:00:00Z,223199,191571,155680,137734,31628,38744,38478,52497,36499
2024-03-08T23:00:00Z,209226,181672,152908,135410,27554,36180,35940,49226,35493
2024-03-09T00:00:00Z,237996,173159,182809,132514,64837,33488,33208,82059,68559
2024-03-09T01:00:00Z,229209,168026,177418,129662,61183,30737,30496,76986,63571
2024-03-09T02:00:00Z,187024,161246,142017,124647,25778,28801,28605,42162,28940
2024-03-09T03:00:00Z,192783,168075,147482,129934,24708,29215,29032,43508,29580
2024-03-09T04:00:00Z,195929,169577,147709,129534,26352,29681,29503,44567,30633
2024-03-09T05:00:00Z,198619,171428,149712,130606,27191,30711,30543,46001,32019
2024-03-09T06:00:00Z,211495,178756,159433,133940,32739,33711,33530,54732,38841
2024-03-09T07:00:00Z,207298,182689,152762,135614,24609,35004,34832,48033,31843
2024-03-09T08:00:00Z,210608,185788,153683,135602,24820,36909,36742,52208,34746
2024-03-09T09:00:00Z,211975,186971,152831,135102,25004,38667,38485,53481,35099
2024-03-09T10:00:00Z,217566,190381,157392,138011,27185,39867,39687,55127,37909
2024-03-09T11:00:00Z,218616,195815,157607,141192,22801,40671,40504,53253,35727
2024-03-09T12:00:00Z,297877,189846,238415,137746,108031,41986,41817,87992,70030
2024-03-09T13:00:00Z,246907,202425,182352,145594,44482,45038,44872,76934,57918
2024-03-09T14:00:00Z,239757,215689,170691,153602,24068,48826,48644,63077,42692
2024-03-09T15:00:00Z,246858,219494,175937,155965,27364,49877,49692,65883,45512
2024-03-09T16:00:00Z,239775,213371,171416,152995,26404,48527,48343,63339,43811
2024-03-09T17:00:00Z,235957,213387,171610,155289,22570,45999,45840,58752,40622
2024-03-09T18:00:00Z,242260,208390,179126,152752,33870,44339,44148,66048,48599
2024-03-09T19:00:00Z,219490,193032,159877,142294,26458,40120,39943,52642,36574
2024-03-09T20:00:00Z,217151,189879,163323,142507,27272,37748,37555,52723,38130
2024-03-09T21:00:00Z,209713,181979,157164,138421,27734,35084,34899,47826,34375
2024-03-09T22:00:00Z,200814,172824,151949,133856,27990,32102,31866,44809,32348
2024-03-09T23:00:00Z,193069,169657,150265,133466,23412,30934,30776,43620,32232
2024-03-10T00:00:00Z,220106,163357,176003,131377,56749,29238,29003,72756,60954
2024-03-10T01:00:00Z,222049,161674,177028,127496,60375,28005,27802,75910,64221
2024-03-10T02:00:00Z,184759,160715,144568,126823,24044,27534,27370,41575,29540
2024-03-10T03:00:00Z,187514,161819,145538,127116,25695,28295,28139,41440,28795
2024-03-10T04:00:00Z,189850,164080,144860,126400,25770,29288,29133,43032,29965
2024-03-10T05:00:00Z,196501,170390,149136,130310,26111,30641,30477,45455,31786
2024-03-10T06:00:00Z,210207,177110,160763,134519,33097,32914,32693,54117,39331
2024-03-10T07:00:00Z,210866,183058,154759,135174,27808,35380,35215,49594,33704
2024-03-10T08:00:00Z,209964,185694,152933,134549,24270,37388,37201,51755,34916
2024-03-10T09:00:00Z,201893,177796,147187,129911,24097,36759,36547,50285,34162
2024-03-10T10:00:00Z,223604,196442,159551,139687,27162,41203,41023,56280,38852
2024-03-10T11:00:00Z,221686,197833,156340,138741,23853,42850,42687,56554,38213
2024-03-10T12:00:00Z,280788,172561,216481,115033,108227,44935,44738,91012,72335
2024-03-10T13:00:00Z,254592,212754,185612,150655,41838,48788,48535,79810,59760
2024-03-10T14:00:00Z,250428,224852,175035,156613,25576,53520,53320,68074,46097
2024-03-10T15:00:00Z,251205,222084,175970,155435,29121,52924,52719,68698,47380
2024-03-10T16:00:00Z,246423,217608,172997,153359,28815,50925,50734,66809,46387
2024-03-10T17:00:00Z,234245,209312,163045,146152,24933,49306,49104,62947,43567
2024-03-10T18:00:00Z,249560,213348,181222,153884,36212,48183,47980,70351,52028
2024-03-10T19:00:00Z,228135,202264,164996,147405,25871,43779,43587,56968,40108
2024-03-10T20:00:00Z,220334,192105,152295,131797,28229,42850,42642,57765,41289
2024-03-10T21:00:00Z,202064,175688,144501,125830,26376,39087,38899,51821,36880
2024-03-10T22:00:00Z,200073,174502,145058,127508,25571,35459,35268,47905,34299
2024-03-10T23:00:00Z,190733,165467,143783,126114,25266,34294,34122,47511,34874
2024-03-11T00:00:00Z,232127,166201,171045,124882,65926,35512,35250,81230,66155
2024-03-11T01:00:00Z,247669,172546,174941,126577,75123,38947,38704,87025,68602
2024-03-11T02:00:00Z,219450,179875,144581,126667,39575,41158,40863,54832,35120
2024-03-11T03:00:00Z,218901,178779,146806,126482,40122,40180,39971,55594,36510
2024-03-11T04:00:00Z,214344,172626,143963,123716,41718,37693,37480,53928,36271
2024-03-11T05:00:00Z,222400,182520,146803,127366,39880,40816,40597,57313,37562
2024-03-11T06:00:00Z,246264,201407,160964,135417,44857,48352,48085,70233,47082
2024-03-11T07:00:00Z,250987,212604,156850,138437,38383,54006,53674,67746,42793
2024-03-11T08:00:00Z,269420,229695,165649,145867,39725,60405,60077,75733,48567
2024-03-11T09:00:00Z,277202,236830,165839,146866,40372,64865,64487,78407,49878
2024-03-11T10:00:00Z,270331,228778,161874,141823,41553,61947,61559,77523,50693
2024-03-11T11:00:00Z,279658,238112,168781,150020,41546,64039,63679,77066,49512
2024-03-11T12:00:00Z,311679,216702,211307,136101,94977,63814,63430,107628,79774
2024-03-11T13:00:00Z,302513,249168,185600,152538,53345,71640,71281,99940,70120
2024-03-11T14:00:00Z,300548,260832,175758,157996,39716,76519,76120,90018,58579
2024-03-11T15:00:00Z,301557,260214,180482,160805,41343,74289,73880,89274,58692
2024-03-11T16:00:00Z,297571,258188,177554,159026,39383,71777,71374,85847,56537
2024-03-11T17:00:00Z,277175,236754,164438,146326,40421,67297,66933,80978,53533
2024-03-11T18:00:00Z,253332,200919,143620,115447,52413,64190,63823,86768,60779
2024-03-11T19:00:00Z,238706,191690,132071,111796,47016,59170,58823,74023,50001
2024-03-11T20:00:00Z,235568,188964,130656,108390,46604,57048,56696,72810,50381
2024-03-11T21:00:00Z,219625,174861,123915,103735,44764,51694,51318,66172,45186
2024-03-11T22:00:00Z,208001,160141,118577,97508,47860,46284,45923,61685,42638
2024-03-11T23:00:00Z,195304,152276,114489,94745,43028,43611,43313,59177,41362
2024-03-12T00:00:00Z,225141,147207,146502,92244,77934,44140,43790,96807,78273
2024-03-12T01:00:00Z,223169,148888,143367,90934,74281,45451,45161,95448,75342
2024-03-12T02:00:00Z,193200,153070,111848,91158,40130,46454,46196,61678,39919
2024-03-12T03:00:00Z,184990,150355,109405,90490,34635,44508,44272,60148,38586
2024-03-12T04:00:00Z,177627,141614,107750,86971,36013,40772,40534,57390,38649
2024-03-12T05:00:00Z,194312,152596,112794,91748,41716,44237,44002,60577,40467
2024-03-12T06:00:00Z,209725,168540,125107,98091,41185,51558,51286,72899,49010
2024-03-12T07:00:00Z,215161,180411,120553,100962,34750,57287,56993,70522,44688
2024-03-12T08:00:00Z,236780,200037,129588,108869,36743,65146,64841,79657,51220
2024-03-12T09:00:00Z,249298,214373,133355,114157,34925,69254,68872,82616,53115
2024-03-12T10:00:00Z,252305,213489,137563,115978,38816,68017,67626,83004,54704
2024-03-12T11:00:00Z,252194,211997,133439,113104,40197,67656,67305,80814,52617
2024-03-12T12:00:00Z,308161,205407,190847,108936,102754,69801,69342,113124,83793
2024-03-12T13:00:00Z,277744,225900,158320,123474,51844,75311,74921,103715,73196
2024-03-12T14:00:00Z,274754,236257,145921,126247,38497,80566,80177,93516,61069
2024-03-12T15:00:00Z,276189,234891,145267,124284,41298,79054,78639,94550,62477
2024-03-12T16:00:00Z,263038,223470,141389,121461,39568,74523,74130,89432,59528
2024-03-12T17:00:00Z,252386,214806,135532,117083,37580,68534,68127,83681,54843
2024-03-12T18:00:00Z,246378,201570,142569,114864,44808,63432,63039,86383,61393
2024-03-12T19:00:00Z,228394,192218,130589,111772,36176,58987,58612,72838,49520
2024-03-12T20:00:00Z,225924,188406,128710,106756,37518,56753,56382,73878,51108
2024-03-12T21:00:00Z,201546,167623,109441,91522,33923,50713,50342,64244,43204
2024-03-12T22:00:00Z,180650,147323,100646,81854,33327,44152,43825,58511,39038
2024-03-12T23:00:00Z,103895,85311,47369,38840,18584,31342,31084,40997,21155
2024-03-13T00:00:00Z,162319,119054,98225,70451,43265,36366,36059,65714,44764
2024-03-13T01:00:00Z,179824,127618,108708,72984,52206,46841,46541,82309,59073
2024-03-13T02:00:00Z,207653,175901,136553,117503,31752,45253,44997,60504,39827
2024-03-13T03:00:00Z,206315,174171,134602,115245,32144,44291,44043,59344,39307
2024-03-13T04:00:00Z,192977,159618,124753,105536,33359,40118,39878,54664,36794
2024-03-13T05:00:00Z,208583,169802,128637,109809,38781,43954,43720,60392,39211
2024-03-13T06:00:00Z,227715,188988,145029,119286,38727,51109,50827,72380,48054
2024-03-13T07:00:00Z,243444,212506,137237,119616,30938,55965,55704,69985,43825
2024-03-13T08:00:00Z,251867,217479,149106,129370,34388,62978,62668,77394,49552
2024-03-13T09:00:00Z,265743,230724,155018,135011,35019,67620,67273,81189,52211
2024-03-13T10:00:00Z,262144,225769,154153,133258,36375,65568,65242,81371,53499
2024-03-13T11:00:00Z,260339,225845,152495,133188,34494,64820,64515,77502,51140
2024-03-13T12:00:00Z,304929,211902,206033,126541,93027,65613,65270,109300,82454
2024-03-13T13:00:00Z,289016,237933,170963,136603,51083,73705,73350,101104,72043
2024-03-13T14:00:00Z,285993,246309,161411,141788,39684,77354,76904,90662,60429
2024-03-13T15:00:00Z,284118,245025,161340,142104,39093,77210,76795,90199,60040
2024-03-13T16:00:00Z,281815,241743,162230,141871,40072,73179,72775,87638,58819
2024-03-13T17:00:00Z,278464,238551,163773,144510,39913,67589,67191,81746,55118
2024-03-13T18:00:00Z,272220,226756,168010,139819,45464,63646,63244,84573,60318
2024-03-13T19:00:00Z,251251,214911,155029,135845,36340,58455,58111,70703,48633
2024-03-13T20:00:00Z,247111,208535,155484,133095,38576,55710,55358,70554,49903
2024-03-13T21:00:00Z,242524,202079,144922,125967,40445,49812,49478,63177,42509
2024-03-13T22:00:00Z,245228,200448,157187,138714,44780,44196,43874,60395,39647
2024-03-13T23:00:00Z,257203,208731,173466,156073,48472,42077,41750,59663,39039
2024-03-14T00:00:00Z,280215,210333,210619,159798,69882,42189,41835,91725,74769
2024-03-14T01:00:00Z,279518,213577,209899,161217,65941,43362,43006,90640,71963
2024-03-14T02:00:00Z,248342,217474,179062,160741,30868,44231,43903,58222,38243
2024-03-14T03:00:00Z,213004,183026,144685,126364,29978,43043,42801,56780,37499
2024-03-14T04:00:00Z,210749,180455,143781,125143,30294,39428,39189,54229,36737
2024-03-14T05:00:00Z,264891,219570,179870,160949,45321,42366,42131,57755,38438
2024-03-14T06:00:00Z,275437,237869,195681,170429,37568,50569,50281,70733,47837
2024-03-14T07:00:00Z,279994,249641,189159,172198,30353,55898,55624,68053,43614
2024-03-14T08:00:00Z,295064,262717,196362,177433,32347,63035,62739,76015,49542
2024-03-14T09:00:00Z,301243,265389,195012,175417,35854,65866,65495,77784,50543
2024-03-14T10:00:00Z,293879,256582,190543,170120,37297,63555,63187,77398,51749
2024-03-14T11:00:00Z,296047,260586,193970,175214,35461,62392,62084,74617,49039
2024-03-14T12:00:00Z,320560,233958,230197,156162,86602,61842,61481,104299,79090
2024-03-14T13:00:00Z,306617,259309,201737,168957,47308,69302,68947,96376,68423
2024-03-14T14:00:00Z,301455,267944,188955,171657,33511,74651,74273,86420,57289
2024-03-14T15:00:00Z,304768,266863,189422,168244,37905,73914,73522,88191,59401
2024-03-14T16:00:00Z,295328,259696,186855,167518,35632,68988,68648,83017,56306
2024-03-14T17:00:00Z,278505,241395,168179,149502,37110,65351,64984,79630,53600
2024-03-14T18:00:00Z,236768,192561,133694,105886,44207,62343,61928,84538,60467
2024-03-14T19:00:00Z,209968,174282,114971,96274,35686,56792,56405,69697,48320
2024-03-14T20:00:00Z,211360,171439,116940,95243,39921,54648,54243,71302,49799
2024-03-14T21:00:00Z,195327,157044,111293,91278,38283,48869,48558,63067,44075
2024-03-14T22:00:00Z,179681,141875,102181,82852,37806,44242,43895,58602,40568
2024-03-14T23:00:00Z,168729,134909,98412,80136,33820,42106,41840,56110,39056
2024-03-15T00:00:00Z,195920,131632,126753,78961,64288,42204,41867,88812,72002
2024-03-15T01:00:00Z,196488,133484,125391,76839,63004,44176,43886,91076,72343
2024-03-15T02:00:00Z,168915,137602,96226,77716,31313,44289,44020,58670,38112
2024-03-15T03:00:00Z,167863,132492,94113,74827,35371,42297,42029,57648,37831
2024-03-15T04:00:00Z,160656,126672,92348,72789,33984,38525,38285,55098,37193
2024-03-15T05:00:00Z,180378,129501,91661,72232,50877,41485,41266,57218,37817
2024-03-15T06:00:00Z,191898,152682,110506,84096,39216,49225,48987,70555,47684
2024-03-15T07:00:00Z,201934,169626,105542,87883,32308,53871,53616,68490,43076
2024-03-15T08:00:00Z,217005,182695,117086,97379,34310,60814,60517,75468,49205
2024-03-15T09:00:00Z,227006,190183,119532,99537,36823,63464,63069,78349,50839
2024-03-15T10:00:00Z,228040,188381,121472,99219,39659,62111,61777,79165,53446
2024-03-15T11:00:00Z,220415,182983,116628,97013,37432,60385,60066,73708,48537
2024-03-15T12:00:00Z,284264,175532,184594,95767,108732,60389,60043,107208,82133
2024-03-15T13:00:00Z,256100,192616,137884,100293,63484,67043,66661,99953,71612
2024-03-15T14:00:00Z,249890,207780,126861,107583,42110,72540,72170,87755,58223
2024-03-15T15:00:00Z,243225,202396,125148,103723,40829,71178,70795,87122,58872
2024-03-15T16:00:00Z,235277,192821,120773,99794,42456,66324,65930,83191,56845
2024-03-15T17:00:00Z,219688,183590,115906,96113,36098,61540,61162,77330,52589
2024-03-15T18:00:00Z,219627,170075,120167,92285,49552,57041,56712,79970,57408
2024-03-15T19:00:00Z,196359,159442,106436,86656,36917,51949,51652,67030,46520
2024-03-15T20:00:00Z,188574,150815,102598,82309,37759,49336,49025,65497,46053
2024-03-15T21:00:00Z,182649,139620,100085,79378,43029,43662,43368,59022,41223
2024-03-15T22:00:00Z,164835,125647,88728,69572,39188,38923,38665,53767,37524
2024-03-15T23:00:00Z,143192,111662,84345,66315,31530,36306,36040,49626,35344
2024-03-16T00:00:00Z,175857,107288,116653,66446,68569,34213,33943,83309,69030
2024-03-16T01:00:00Z,163191,97077,107802,59092,66114,31142,30904,79588,65288
2024-03-16T02:00:00Z,129417,99176,77679,59770,30241,29823,29619,44416,30309
2024-03-16T03:00:00Z,126569,98813,76001,58173,27756,29791,29589,44038,30071
2024-03-16T04:00:00Z,125621,97291,75388,57268,28330,29667,29490,44097,30551
2024-03-16T05:00:00Z,142120,100690,77893,59055,41430,30628,30462,46511,31966
2024-03-16T06:00:00Z,145844,110701,90281,64125,35143,34003,33808,55405,39217
2024-03-16T07:00:00Z,142768,113349,83055,64442,29419,36421,36252,50247,32621
2024-03-16T08:00:00Z,148555,117442,86655,67501,31113,37590,37412,52952,35862
2024-03-16T09:00:00Z,157179,123646,88622,70159,33533,39654,39449,54705,36346
2024-03-16T10:00:00Z,155139,126015,92254,72762,29124,40810,40627,56217,38745
2024-03-16T11:00:00Z,157817,130951,93781,75720,26866,41463,41277,54839,36709
2024-03-16T12:00:00Z,241926,133740,174976,77402,108186,43393,43205,89971,70985
2024-03-16T13:00:00Z,204945,156413,116996,79240,48532,46656,46470,79309,59318
2024-03-16T14:00:00Z,181166,151449,104871,86333,29717,50576,50365,65297,44429
2024-03-16T15:00:00Z,185386,150177,107651,86645,35209,50287,50065,66850,45697
2024-03-16T16:00:00Z,179082,145941,103041,83347,33141,48555,48357,63606,43707
2024-03-16T17:00:00Z,171816,141691,99870,82772,30125,46744,46539,61111,41753
2024-03-16T18:00:00Z,190751,143797,105180,79078,46954,44346,44152,66271,48344
2024-03-16T19:00:00Z,166746,131126,90760,73685,35620,40852,40673,53355,36342
2024-03-16T20:00:00Z,161091,120896,90904,70732,40195,37628,37428,53288,37779
2024-03-16T21:00:00Z,149161,113560,86402,68699,35601,34796,34623,48215,33410
2024-03-16T22:00:00Z,153218,107186,82913,65174,46032,31816,31615,50739,32066
2024-03-16T23:00:00Z,155075,101088,78067,61299,53987,31844,31632,54628,31773
2024-03-17T00:00:00Z,167134,98378,107026,61821,68756,30196,29927,77462,61798
2024-03-17T01:00:00Z,166530,92483,108627,58305,74047,28414,28191,79450,66006
2024-03-17T02:00:00Z,118704,92384,74160,56819,26320,27516,27353,41781,29228
2024-03-17T03:00:00Z,118355,93156,74607,56844,25199,27936,27787,42056,29253
2024-03-17T04:00:00Z,122285,95104,77220,58360,27181,28222,28011,44128,31259
2024-03-17T05:00:00Z,131372,98050,77609,58526,33322,29393,29236,45360,32172
2024-03-17T06:00:00Z,138484,106727,88229,62972,31757,32785,32629,53891,38772
2024-03-17T07:00:00Z,137475,112980,83822,67002,24495,35032,34869,48226,32024
2024-03-17T08:00:00Z,140950,116131,85134,66743,24819,37335,37143,52263,35346
2024-03-17T09:00:00Z,150781,125027,87909,69672,25754,39738,39560,54444,36632
2024-03-17T10:00:00Z,153827,126641,91009,71408,27186,41796,41614,57385,39852
2024-03-17T11:00:00Z,158443,134128,88923,72149,24315,43867,43692,55919,37683
2024-03-17T12:00:00Z,248230,142349,172234,74780,105881,46111,45889,91556,72123
2024-03-17T13:00:00Z,197342,152423,121619,85374,44919,50245,50054,82337,61776
2024-03-17T14:00:00Z,183498,158861,104025,86632,24637,54259,54028,67781,45768
2024-03-17T15:00:00Z,189286,159615,110067,89206,29671,53583,53397,70748,49724
2024-03-17T16:00:00Z,181379,154589,106379,88197,26790,51552,51368,66500,46311
2024-03-17T17:00:00Z,177580,154583,104268,88044,22997,49087,48925,61935,42906
2024-03-17T18:00:00Z,182162,148087,112031,85668,34075,48417,48225,69630,51380
2024-03-17T19:00:00Z,171208,146074,98704,82401,25134,46479,46282,58855,39760
2024-03-17T20:00:00Z,163079,136024,101126,80976,27055,43872,43698,57847,41813
2024-03-17T21:00:00Z,159537,131444,97386,79476,28093,40046,39879,54084,38582
2024-03-17T22:00:00Z,148317,119410,89065,71333,28907,36379,36190,49511,35746
2024-03-17T23:00:00Z,132060,108192,84196,68432,23868,35550,35391,47204,34516
2024-03-18T00:00:00Z,180904,112650,116165,69085,68254,37713,37451,83821,68101
2024-03-18T01:00:00Z,198487,121032,118848,70265,77455,42110,41865,89417,70386
2024-03-18T02:00:00Z,170936,131922,93348,75397,39014,44286,44070,56656,36567
2024-03-18T03:00:00Z,168564,127913,91632,72856,40651,42412,42209,55362,35900
2024-03-18T04:00:00Z,164406,122754,91377,72016,41652,38845,38600,53783,35939
2024-03-18T05:00:00Z,176273,132541,91718,72224,43732,43083,42867,58366,38499
2024-03-18T06:00:00Z,196790,151040,104659,78581,45750,51527,51302,71460,47988
2024-03-18T07:00:00Z,206034,168242,105473,87613,37792,56970,56713,69325,43451
2024-03-18T08:00:00Z,200481,164758,100902,83007,35723,60342,60037,72946,46301
2024-03-18T09:00:00Z,234906,194637,115024,95792,40269,67274,66939,80481,51596
2024-03-18T10:00:00Z,234974,191803,117176,96261,43171,65557,65214,80488,53037
2024-03-18T11:00:00Z,223091,184323,111033,93183,38768,63976,63610,76202,49000
2024-03-18T12:00:00Z,295677,201585,165907,91358,94092,65816,65461,109452,81741
2024-03-18T13:00:00Z,270864,211285,139920,104293,59579,74784,74415,104491,74117
2024-03-18T14:00:00Z,270954,226857,132933,114162,44097,79859,79485,93624,61658
2024-03-18T15:00:00Z,269285,223092,134974,113303,46193,77583,77126,93986,63169
2024-03-18T16:00:00Z,258487,212224,126330,106273,46263,73661,73233,89211,59974
2024-03-18T17:00:00Z,238713,192788,118963,99701,45925,66935,66509,83181,55558
2024-03-18T18:00:00Z,246011,188261,128272,99520,57750,64082,63694,88408,62347
2024-03-18T19:00:00Z,229354,177888,115471,94209,51466,58492,58162,75453,51437
2024-03-18T20:00:00Z,234275,172937,115098,90847,61338,56539,56203,76755,52948
2024-03-18T21:00:00Z,214228,158782,109480,88017,55446,51196,50892,69448,47326
2024-03-18T22:00:00Z,196125,145357,103313,82243,50768,46443,46145,63572,44482
2024-03-18T23:00:00Z,182386,133131,97527,77149,49255,43762,43459,59572,42216
2024-03-19T00:00:00Z,220316,132164,129992,76058,88152,44791,44473,98749,78564
2024-03-19T01:00:00Z,212836,139446,129191,76254,73390,48499,48221,97617,77690
2024-03-19T02:00:00Z,186290,148530,102647,82893,37760,48150,47915,61414,40353
2024-03-19T03:00:00Z,177759,139370,95727,76401,38389,45747,45513,60709,39082
2024-03-19T04:00:00Z,175536,139204,99969,80451,36332,41773,41544,56760,38718
2024-03-19T05:00:00Z,185559,147285,100335,80423,38274,45322,45096,60678,40356
2024-03-19T06:00:00Z,204774,164927,114765,88447,39847,52718,52458,73497,49991
2024-03-19T07:00:00Z,209879,178479,110385,92938,31400,56888,56614,69036,43747
2024-03-19T08:00:00Z,228593,193193,119754,100041,35400,64590,64282,79144,51241
2024-03-19T09:00:00Z,240173,205734,124278,105212,34439,68299,67974,81008,52298
2024-03-19T10:00:00Z,238611,198481,123554,102322,40130,67048,66744,81924,54495
2024-03-19T11:00:00Z,240443,202307,122215,103094,38136,65960,65610,78859,52013
2024-03-19T12:00:00Z,294415,191063,186393,99818,103352,67569,67201,112408,85268
2024-03-19T13:00:00Z,267926,213341,142538,107543,54585,75534,75192,104234,73894
2024-03-19T14:00:00Z,265276,226125,133494,114260,39151,79993,79622,92996,61996
2024-03-19T15:00:00Z,267514,226226,136970,115268,41288,79722,79329,94444,63942
2024-03-19T16:00:00Z,252487,213578,127555,107411,38909,75145,74744,88923,60351
2024-03-19T17:00:00Z,241853,201127,121301,101928,40726,69789,69436,83029,56370
2024-03-19T18:00:00Z,237180,190675,127997,99667,46505,64796,64441,87167,62393
2024-03-19T19:00:00Z,217178,180451,114314,95255,36727,59725,59403,73318,50223
2024-03-19T20:00:00Z,214034,175187,112437,90804,38847,57374,57071,73307,51191
2024-03-19T21:00:00Z,198372,161470,107196,87580,36902,51860,51549,65698,45805
2024-03-19T22:00:00Z,183147,146133,99045,79993,37014,46530,46260,60437,42257
2024-03-19T23:00:00Z,167706,136759,96079,78491,30947,43783,43541,56519,40077
2024-03-20T00:00:00Z,206574,136392,132133,79881,70182,44220,43911,94444,77443
2024-03-20T01:00:00Z,205437,138481,128535,78689,66956,46010,45728,94053,74527
2024-03-20T02:00:00Z,173436,141969,98423,80015,31467,46544,46301,59997,39379
2024-03-20T03:00:00Z,171586,138433,95714,76754,33153,44516,44274,58443,38840
2024-03-20T04:00:00Z,156940,125490,87833,69397,31450,40557,40314,55280,37405
2024-03-20T05:00:00Z,170456,136280,90914,71891,34176,43736,43505,59813,39660
2024-03-20T06:00:00Z,192925,155244,105668,79975,37681,52096,51798,73010,48966
2024-03-20T07:00:00Z,196924,167322,103023,85768,29602,56940,56658,69184,44021
2024-03-20T08:00:00Z,217352,184328,113838,94455,33024,63963,63656,77267,50585
2024-03-20T09:00:00Z,228351,191773,115642,95186,36578,67543,67211,81120,52795
2024-03-20T10:00:00Z,230877,194188,120763,99934,36689,66223,65825,81007,54462
2024-03-20T11:00:00Z,223159,189321,116119,97950,33838,65147,64786,77867,51440
2024-03-20T12:00:00Z,287506,184207,184146,97042,103299,66132,65741,112146,85131
2024-03-20T13:00:00Z,250460,199016,135702,101420,51444,72910,72558,101791,72528
2024-03-20T14:00:00Z,239108,204931,120265,102262,34177,76408,76027,89010,58495
2024-03-20T15:00:00Z,245950,206596,126661,106768,39354,76438,76042,92154,61294
2024-03-20T16:00:00Z,246782,205857,124119,105058,40925,73652,73257,89472,59508
2024-03-20T17:00:00Z,229676,185669,113603,96318,44007,66767,66389,83344,54274
2024-03-20T18:00:00Z,230073,180945,122625,95781,49128,62761,62418,85830,60649
2024-03-20T19:00:00Z,213822,175668,111482,92592,38154,59467,59115,72919,49923
2024-03-20T20:00:00Z,220059,170726,116067,92064,49333,56867,56509,75356,53099
2024-03-20T21:00:00Z,205809,162221,110099,89227,43588,51851,51509,67292,47248
2024-03-20T22:00:00Z,184712,143759,100371,80010,40953,46532,46247,62043,43223
2024-03-20T23:00:00Z,175135,132368,95006,75100,42767,43887,43606,58814,41786
2024-03-21T00:00:00Z,200602,130504,123660,75315,70098,44154,43823,91265,73308
2024-03-21T01:00:00Z,205217,134897,126828,76901,70320,45842,45547,94222,74159
2024-03-21T02:00:00Z,175379,138013,96449,76692,37366,45956,45707,61630,40380
2024-03-21T03:00:00Z,168306,134269,94007,74525,34037,43633,43382,58716,38636
2024-03-21T04:00:00Z,161065,126788,90918,71300,34277,39763,39546,55335,37584
2024-03-21T05:00:00Z,167418,133039,94588,73975,34379,42881,42668,59237,39477
2024-03-21T06:00:00Z,188719,148856,105907,79521,39863,50441,50190,71722,48809
2024-03-21T07:00:00Z,193212,161430,100826,82464,31782,55787,55517,68752,43657
2024-03-21T08:00:00Z,216306,180927,111384,91087,35379,63140,62850,77417,50056
2024-03-21T09:00:00Z,226535,191957,117466,98041,34578,66254,65864,79293,51596
2024-03-21T10:00:00Z,227834,191857,121034,100415,35977,64246,63916,78956,52990
2024-03-21T11:00:00Z,217955,185149,115342,97303,32806,63185,62877,75504,49722
2024-03-21T12:00:00Z,279145,185514,176479,97819,93631,65256,64906,110440,83660
2024-03-21T13:00:00Z,254745,204243,140073,105503,50502,72886,72524,102417,72590
2024-03-21T14:00:00Z,254981,219168,130382,111226,35813,78505,78141,91497,60335
2024-03-21T15:00:00Z,253212,216750,131881,111002,36462,77020,76641,92135,62354
2024-03-21T16:00:00Z,246648,210530,128478,109138,36118,71804,71424,86715,58647
2024-03-21T17:00:00Z,226675,193506,118971,100412,33169,66464,66122,80805,54375
2024-03-21T18:00:00Z,230904,189120,128305,100401,41784,62092,61696,84279,60662
2024-03-21T19:00:00Z,210485,172043,109962,91242,38442,57643,57315,71868,48269
2024-03-21T20:00:00Z,209345,166037,113607,91128,43308,54879,54538,72486,50353
2024-03-21T21:00:00Z,192583,157252,107756,87727,35331,49372,49069,64298,44928
2024-03-21T22:00:00Z,178166,143355,101005,81417,34811,44574,44295,59269,41133
2024-03-21T23:00:00Z,160666,128915,93478,75492,31751,41826,41551,55185,39246
2024-03-22T00:00:00Z,194929,126272,125193,73228,68657,42517,42201,93753,76439
2024-03-22T01:00:00Z,196866,132068,123808,73298,64798,44660,44398,93531,74210
2024-03-22T02:00:00Z,162622,129660,90752,71224,32962,44159,43912,58591,38259
2024-03-22T03:00:00Z,160432,127640,89503,69899,32792,42720,42473,56960,37327
2024-03-22T04:00:00Z,150952,119534,87418,67781,31418,38178,37975,52749,36091
2024-03-22T05:00:00Z,158814,125502,88616,68278,33312,41016,40799,56936,38045
2024-03-22T06:00:00Z,184096,145388,103565,76436,38708,48607,48346,69831,47580
2024-03-22T07:00:00Z,186380,155623,99774,81049,30757,53136,52877,66350,42772
2024-03-22T08:00:00Z,204957,170728,107938,87373,34229,59022,58726,73724,48159
2024-03-22T09:00:00Z,215807,182010,111860,92182,33797,62832,62488,75946,49613
2024-03-22T10:00:00Z,218570,182322,115755,94422,36248,61546,61191,76910,52077
2024-03-22T11:00:00Z,205930,172812,110407,91378,33118,59283,58999,71949,48167
2024-03-22T12:00:00Z,276122,174244,179232,90793,101878,60120,59806,106352,81625
2024-03-22T13:00:00Z,240780,187745,133563,96880,53035,66065,65689,96999,69801
2024-03-22T14:00:00Z,242261,205850,124637,105057,36411,71868,71531,85411,57702
2024-03-22T15:00:00Z,234371,197753,121930,100622,36618,69457,69084,84483,57551
2024-03-22T16:00:00Z,223590,186864,118328,98142,36726,64801,64450,79910,54974
2024-03-22T17:00:00Z,213459,178066,111946,92498,35393,60662,60333,76243,51767
2024-03-22T18:00:00Z,218329,172086,119491,90172,46243,57271,56948,80915,58437
2024-03-22T19:00:00Z,196934,161114,106397,86937,35820,51839,51526,65856,46306
2024-03-22T20:00:00Z,188249,149314,104273,81760,38935,47873,47544,64934,46398
2024-03-22T21:00:00Z,177303,140709,98168,77729,36594,43882,43562,58425,41260
2024-03-22T22:00:00Z,167936,133820,94524,75123,34116,39240,38980,53379,37525
2024-03-22T23:00:00Z,147463,114898,86852,68424,32565,36185,35939,49920,36096
2024-03-23T00:00:00Z,180215,115025,120036,70599,65190,33888,33595,83312,69380
2024-03-23T01:00:00Z,167893,105985,111234,63215,61908,31263,31030,79122,65118
2024-03-23T02:00:00Z,132544,102194,77873,59200,30350,30095,29889,44595,30454
2024-03-23T03:00:00Z,128817,100817,77996,59384,28000,30204,30010,44381,30312
2024-03-23T04:00:00Z,126351,99082,77889,59190,27269,29152,28975,43414,30494
2024-03-23T05:00:00Z,135040,106029,80774,60628,29011,30659,30486,45696,32131
2024-03-23T06:00:00Z,143567,109849,88804,63263,33718,33485,33308,54720,38978
2024-03-23T07:00:00Z,138852,113681,82827,65311,25171,35256,35086,48108,32036
2024-03-23T08:00:00Z,149368,121504,89427,69553,27864,37242,37069,52590,35167
2024-03-23T09:00:00Z,150885,123882,88877,70083,27003,38731,38539,53496,35762
2024-03-23T10:00:00Z,156472,126498,94278,73745,29974,39177,38986,55029,37862
2024-03-23T11:00:00Z,157364,127502,90632,72320,29862,40707,40528,55599,36464
2024-03-23T12:00:00Z,236088,129705,170028,74241,106383,42690,42487,90327,71776
2024-03-23T13:00:00Z,186193,137367,117457,78760,48826,46151,45946,79610,59791
2024-03-23T14:00:00Z,177431,149519,104398,85760,27912,50080,49853,64627,43866
2024-03-23T15:00:00Z,183251,153398,109373,88815,29853,50460,50195,67182,46178
2024-03-23T16:00:00Z,180679,150936,104880,85173,29743,50054,49831,65705,45212
2024-03-23T17:00:00Z,173096,145570,100459,82584,27526,47776,47560,62188,42682
2024-03-23T18:00:00Z,177780,141434,107751,79868,36346,45606,45409,68242,49730
2024-03-23T19:00:00Z,157384,130162,92302,74163,27222,41031,40839,54048,37421
2024-03-23T20:00:00Z,149947,118722,93350,71363,31225,37970,37753,54436,38983
2024-03-23T21:00:00Z,145033,116544,90664,71349,28489,35357,35185,49610,34855
2024-03-23T22:00:00Z,128838,101583,79950,61607,27255,32144,31977,46098,32447
2024-03-23T23:00:00Z,127305,99493,77905,60066,27812,30956,30793,44543,32091
2024-03-24T00:00:00Z,148418,92260,99986,57917,56158,29687,29445,72585,59361
2024-03-24T01:00:00Z,155269,90958,108154,56297,64311,29019,28789,80662,67545
2024-03-24T02:00:00Z,119260,93517,75075,57145,25743,28102,27932,42946,29876
2024-03-24T03:00:00Z,119284,94426,76344,57771,24858,28398,28248,41991,29525
2024-03-24T04:00:00Z,121337,95132,75833,57167,26205,28064,27906,42690,30054
2024-03-24T05:00:00Z,123197,95879,76514,56624,27318,29292,29150,44918,31419
2024-03-24T06:00:00Z,139823,105069,88765,62249,34754,32258,32099,53612,38961
2024-03-24T07:00:00Z,134495,108788,80240,62195,25707,34790,34619,47898,32203
2024-03-24T08:00:00Z,143070,116013,85916,66181,27057,37259,37068,51607,35318
2024-03-24T09:00:00Z,149528,122194,87948,68656,27334,39335,39150,53929,36732
2024-03-24T10:00:00Z,157542,127352,92845,71849,30190,40828,40627,57081,39821
2024-03-24T11:00:00Z,155939,130087,92362,74312,25852,42386,42222,55039,37503
2024-03-24T12:00:00Z,230872,133250,166861,77214,97622,45448,45260,91571,72961
2024-03-24T13:00:00Z,198380,152125,118763,80597,46255,49835,49660,81838,61504
2024-03-24T14:00:00Z,194486,165284,109812,90209,29202,53515,53329,67619,46515
2024-03-24T15:00:00Z,192671,160087,114234,91954,32584,53581,53372,70475,49315
2024-03-24T16:00:00Z,185803,153401,109739,88674,32402,51312,51112,67696,47565
2024-03-24T17:00:00Z,180926,150820,106858,87605,30106,49286,49085,63709,44579
2024-03-24T18:00:00Z,184294,146245,114367,85768,38049,47834,47637,70309,52376
2024-03-24T19:00:00Z,164971,136391,98204,79169,28580,44144,43963,58345,40686
2024-03-24T20:00:00Z,169012,138155,106218,83839,30857,42561,42383,59000,43128
2024-03-24T21:00:00Z,160148,132274,102051,82390,27874,39376,39209,53504,38572
2024-03-24T22:00:00Z,146999,120785,94082,75591,26214,35925,35748,48870,35343
2024-03-24T23:00:00Z,142653,116166,91555,73909,26487,35270,35098,48377,35140
2024-03-25T00:00:00Z,185888,118534,123257,73889,67354,36580,36330,86259,70703
2024-03-25T01:00:00Z,201194,124587,124391,74064,76607,40363,40124,91636,72286
2024-03-25T02:00:00Z,178567,135191,98473,78966,43376,42082,41824,57766,36885
2024-03-25T03:00:00Z,175167,133645,98189,77591,41522,41212,40977,56167,36492
2024-03-25T04:00:00Z,163630,120209,92312,70788,43421,36699,36399,53500,35997
2024-03-25T05:00:00Z,167585,126575,94161,72583,41010,38895,38672,56164,37121
2024-03-25T06:00:00Z,193867,146387,110068,81908,47480,45879,45631,68636,46562
2024-03-25T07:00:00Z,203231,162456,106798,86519,40775,52059,51793,66511,42090
2024-03-25T08:00:00Z,222322,180234,116489,94924,42088,60526,60204,75879,48755
2024-03-25T09:00:00Z,230884,188968,119146,97995,41916,63135,62820,76953,49549
2024-03-25T10:00:00Z,233648,186676,120149,97288,46972,62607,62291,77658,51554
2024-03-25T11:00:00Z,230268,183677,117530,96644,46591,61406,61101,74782,48860
2024-03-25T12:00:00Z,286826,180367,181616,96917,106459,62569,62233,110181,83662
2024-03-25T13:00:00Z,253710,195577,140919,103815,58133,68707,68361,98989,70672
2024-03-25T14:00:00Z,239742,200367,124378,105310,39375,72386,72023,85503,56684
2024-03-25T15:00:00Z,262890,215483,137111,113547,47407,74752,74337,91416,61713
2024-03-25T16:00:00Z,251659,207366,129920,108350,44293,70272,69885,86374,58294
2024-03-25T17:00:00Z,235149,191421,123910,103497,43728,64746,64367,79728,53946
2024-03-25T18:00:00Z,237615,186620,131709,101861,50995,62083,61710,84794,60750
2024-03-25T19:00:00Z,222622,174636,117291,95696,47986,56650,56253,72857,49214
2024-03-25T20:00:00Z,231221,174007,121627,97188,57214,55192,54853,75898,51267
2024-03-25T21:00:00Z,214571,161160,113315,90637,53411,50189,49864,67600,45843
2024-03-25T22:00:00Z,198605,151413,108621,87292,47192,45272,44965,61717,42214
2024-03-25T23:00:00Z,184547,143269,105320,85455,41278,43324,43054,58427,41041
2024-03-26T00:00:00Z,215178,144171,141926,88743,71007,43484,43156,95638,78069
2024-03-26T01:00:00Z,212674,146027,138790,87268,66647,44791,44508,94598,75658
2024-03-26T02:00:00Z,181359,148115,106688,86427,33244,45466,45229,60454,39938
2024-03-26T03:00:00Z,174863,140250,103317,83305,34613,42982,42754,58812,37508
2024-03-26T04:00:00Z,164974,133108,100934,80734,31866,39100,38879,54075,37032
2024-03-26T05:00:00Z,175496,138759,102318,80716,36737,41793,41606,58289,39087
2024-03-26T06:00:00Z,201506,163014,119363,92248,38492,49659,49410,71915,48507
2024-03-26T07:00:00Z,209741,176763,117869,98301,32978,54957,54691,69977,44605
2024-03-26T08:00:00Z,227997,190728,125547,103971,37269,62012,61724,77069,50083
2024-03-26T09:00:00Z,239014,201277,130538,108820,37737,65338,65019,79945,52178
2024-03-26T10:00:00Z,243028,200439,131021,108326,42589,64457,64128,80757,54140
2024-03-26T11:00:00Z,240414,201121,126388,105783,39293,65843,65533,79188,50452
2024-03-26T12:00:00Z,293154,193035,188668,104572,100119,64708,64391,110485,83674
2024-03-26T13:00:00Z,269187,216356,152235,115233,52831,72000,71654,100814,71994
2024-03-26T14:00:00Z,273133,235931,144648,124201,37202,77848,77492,91506,60951
2024-03-26T15:00:00Z,268196,229088,146119,123670,39108,77419,77016,92199,62598
2024-03-26T16:00:00Z,261262,222308,140575,119906,38954,73501,73087,88251,60312
2024-03-26T17:00:00Z,246377,208494,133431,113462,37883,68183,67796,82167,55835
2024-03-26T18:00:00Z,246799,198520,139279,110259,48279,63144,62777,86012,61709
2024-03-26T19:00:00Z,233434,191543,129088,107551,41891,58530,58172,73992,51132
2024-03-26T20:00:00Z,227102,182617,129582,104841,44485,55918,55545,73896,52785
2024-03-26T21:00:00Z,209379,170923,122851,101104,38456,50331,50012,65168,46445
2024-03-26T22:00:00Z,197958,160688,115193,94129,37270,46467,46187,61488,43437
2024-03-26T23:00:00Z,181602,148446,111763,91964,33156,44013,43768,57347,41225
2024-03-27T00:00:00Z,215279,146869,145032,92929,68410,43853,43518,94919,77184
2024-03-27T01:00:00Z,212102,146712,140571,89807,65390,45439,45141,95179,75945
2024-03-27T02:00:00Z,190619,157809,114739,94566,32810,45684,45415,60746,40081
2024-03-27T03:00:00Z,185115,153277,110973,90853,31838,43805,43554,59017,38737
2024-03-27T04:00:00Z,180913,148954,109939,90050,31959,40439,40202,56618,38776
2024-03-27T05:00:00Z,194796,150363,112028,88792,44433,42710,42492,59338,39913
2024-03-27T06:00:00Z,207096,167443,125080,96794,39653,49627,49363,71406,48308
2024-03-27T07:00:00Z,207855,175892,119443,98690,31963,53840,53587,68259,44001
2024-03-27T08:00:00Z,234028,198411,130417,108910,35617,61281,60988,76568,49835
2024-03-27T09:00:00Z,243374,207828,135654,114512,35546,65169,64798,78660,51485
2024-03-27T10:00:00Z,243695,206076,136188,113299,37619,63670,63316,79059,52852
2024-03-27T11:00:00Z,232959,196296,130118,109481,36663,62138,61802,75192,49644
2024-03-27T12:00:00Z,285539,190498,188774,106995,95041,63730,63380,109161,82882
2024-03-27T13:00:00Z,265591,214971,151644,114577,50620,71420,71096,100186,72001
2024-03-27T14:00:00Z,264620,229125,143289,122481,35495,76255,75887,89175,59260
2024-03-27T15:00:00Z,266373,228298,146002,122816,38075,74691,74319,90097,61020
2024-03-27T16:00:00Z,256227,216718,139761,118260,39509,70079,69650,85846,58821
2024-03-27T17:00:00Z,244374,203450,134851,113581,40924,64892,64523,79712,54247
2024-03-27T18:00:00Z,243908,193223,139916,110081,50685,61243,60872,84946,60305
2024-03-27T19:00:00Z,214391,177280,122250,100929,37111,56204,55906,70026,48658
2024-03-27T20:00:00Z,222196,180770,124909,100173,41426,54518,54177,70602,49953
2024-03-27T21:00:00Z,208372,167282,119877,97530,41090,49511,49226,64117,45018
2024-03-27T22:00:00Z,196300,158747,119422,98228,37553,44278,43971,59173,41704
2024-03-27T23:00:00Z,180547,146712,115380,95114,33835,41832,41575,55330,39884
2024-03-28T00:00:00Z,216720,146944,146938,94352,69776,41939,41573,93805,76923
2024-03-28T01:00:00Z,211510,145944,141825,90883,65566,43550,43196,93276,74651
2024-03-28T02:00:00Z,189709,151876,111643,91516,37833,44416,44128,61171,39240
2024-03-28T03:00:00Z,180287,145838,110551,89788,34449,42312,42039,57302,37429
2024-03-28T04:00:00Z,171483,138609,106281,85111,32874,38755,38534,53601,36570
2024-03-28T05:00:00Z,185310,147126,108863,87437,38184,41905,41699,58044,38787
2024-03-28T06:00:00Z,202531,162643,122027,93588,39888,49498,49224,70438,47734
2024-03-28T07:00:00Z,207957,177883,123787,104010,30074,53326,53072,67032,42775
2024-03-28T08:00:00Z,229794,195163,132315,110549,34631,59368,59059,74769,48777
2024-03-28T09:00:00Z,235601,200169,132805,111157,35432,62129,61786,76408,49759
2024-03-28T10:00:00Z,235800,199555,135150,112196,36245,60688,60390,77143,51494
2024-03-28T11:00:00Z,231039,196153,132460,111536,34886,59330,59025,73311,48570
2024-03-28T12:00:00Z,281550,187607,188308,106387,93943,60218,59841,106756,82133
2024-03-28T13:00:00Z,265083,213617,157270,120132,51466,67306,66927,96793,70343
2024-03-28T14:00:00Z,265782,228402,145606,125627,37380,72431,72105,86354,57293
2024-03-28T15:00:00Z,261348,223945,147022,124543,37403,71490,71105,87348,59144
2024-03-28T16:00:00Z,251925,211696,140557,118472,40229,67337,66937,84482,56740
2024-03-28T17:00:00Z,249763,205287,138655,117368,44476,62435,62098,80519,53510
2024-03-28T18:00:00Z,246380,198326,147161,116594,48054,58703,58382,82152,59191
2024-03-28T19:00:00Z,215823,178138,126979,105843,37685,52267,51941,66548,45801
2024-03-28T20:00:00Z,224811,183662,133357,109032,41149,52866,52550,69313,47710
2024-03-28T21:00:00Z,209994,169151,126394,104239,40843,45370,45075,60253,42062
2024-03-28T22:00:00Z,194794,158201,120267,98942,36593,40986,40719,55240,38855
2024-03-28T23:00:00Z,184440,149261,117182,96206,35179,39736,39478,53753,38285
2024-03-29T00:00:00Z,213144,143288,146431,94498,69856,38597,38273,89596,73461
2024-03-29T01:00:00Z,208567,142468,144072,92604,66099,39669,39408,90213,72402
2024-03-29T02:00:00Z,180989,147056,113386,91765,33933,40357,40130,56087,37465
2024-03-29T03:00:00Z,183788,150175,113877,92499,33613,39328,39108,53881,35971
2024-03-29T04:00:00Z,168536,135330,108354,87624,33206,35461,35238,50561,34761
2024-03-29T05:00:00Z,177607,141707,111921,89913,35900,37906,37688,54251,36624
2024-03-29T06:00:00Z,201993,162662,127507,99373,39331,45316,45085,67175,46408
2024-03-29T07:00:00Z,201633,169422,124437,103450,32211,47378,47147,62587,40599
2024-03-29T08:00:00Z,212413,177500,128250,105915,34913,52287,52017,68089,44415
2024-03-29T09:00:00Z,217863,181943,129797,107058,35920,53759,53485,69391,45805
2024-03-29T10:00:00Z,210141,173865,127182,104359,36276,51381,51120,68197,45720
2024-03-29T11:00:00Z,207607,173652,126985,106593,33955,49445,49206,63895,43031
2024-03-29T12:00:00Z,268497,171423,185698,101446,97074,51161,50880,97941,75847
2024-03-29T13:00:00Z,237993,184762,149363,110475,53231,55496,55226,88474,64977
2024-03-29T14:00:00Z,166458,139257,98424,81809,27201,48789,48545,62162,41438
2024-03-29T15:00:00Z,212546,174536,123162,100686,38010,56087,55795,73274,49774
2024-03-29T16:00:00Z,226698,187940,131292,108836,38758,57870,57576,75546,51766
2024-03-29T17:00:00Z,215162,179358,126104,105608,35804,54538,54229,70149,48242
2024-03-29T18:00:00Z,221925,175866,134482,104736,46059,52744,52446,75811,54155
2024-03-29T19:00:00Z,208046,169528,125038,104366,38518,47177,46903,63357,42680
2024-03-29T20:00:00Z,203393,163838,125710,101935,39555,44700,44424,62082,43347
2024-03-29T21:00:00Z,189246,155384,120801,99310,33862,40594,40356,54965,38873
2024-03-29T22:00:00Z,178050,146022,114581,93880,32028,36947,36727,51116,36195
2024-03-29T23:00:00Z,186706,159583,111317,92105,27123,35292,35085,46990,34226
2024-03-30T00:00:00Z,191383,128041,137997,87935,63342,32864,32603,80724,68206
2024-03-30T01:00:00Z,177527,117273,128664,79985,60254,30511,30296,77233,64590
2024-03-30T02:00:00Z,148969,119193,101009,80819,29776,29664,29475,43435,30307
2024-03-30T03:00:00Z,147678,120700,101878,81919,26978,29587,29413,43466,30306
2024-03-30T04:00:00Z,149057,119632,101957,80957,29425,28663,28491,43486,30720
2024-03-30T05:00:00Z,159017,122683,104254,82001,36334,30100,29916,46758,32834
2024-03-30T06:00:00Z,173935,132949,116976,87230,40986,33211,33023,55115,40169
2024-03-30T07:00:00Z,165679,134242,106686,85915,31437,35092,34933,49084,33039
2024-03-30T08:00:00Z,174019,138076,112193,89288,35943,36032,35856,52595,36572
2024-03-30T09:00:00Z,172136,141231,113843,91433,30905,37057,36890,52394,36091
2024-03-30T10:00:00Z,175405,143490,116458,92386,31915,38179,38004,55437,39276
2024-03-30T11:00:00Z,183109,155476,119371,99170,27633,38905,38744,52087,35859
2024-03-30T12:00:00Z,267703,155698,204568,99148,112005,40931,40762,88912,70874
2024-03-30T13:00:00Z,204440,158756,136770,98053,45684,43951,43768,75510,57420
2024-03-30T14:00:00Z,199689,172310,122955,102549,27379,48359,48150,60394,41657
2024-03-30T15:00:00Z,198079,168834,126097,103833,29245,47501,47330,63178,43918
2024-03-30T16:00:00Z,197223,168966,126322,105043,28257,46957,46769,62168,43453
2024-03-30T17:00:00Z,192514,165089,125584,105543,27425,44572,44416,58227,40730
2024-03-30T18:00:00Z,196115,160057,133459,104345,36058,43245,43077,65769,49262
2024-03-30T19:00:00Z,175476,148483,117269,97185,26993,38229,38045,51543,36101
2024-03-30T20:00:00Z,180890,152163,117307,94559,28727,36477,36290,51517,37446
2024-03-30T21:00:00Z,159185,132607,110784,90009,26578,33997,33839,46111,33534
2024-03-30T22:00:00Z,150132,124731,104093,84566,25401,31371,31196,43293,31315
2024-03-30T23:00:00Z,148625,123742,106981,87819,24883,30232,30081,42384,31307
2024-03-31T00:00:00Z,174363,121107,127909,84940,53256,29378,29138,71586,59698
2024-03-31T01:00:00Z,179497,117907,135188,82727,61590,28441,28239,80029,68137
2024-03-31T02:00:00Z,145762,118537,101043,81212,27225,27285,27130,41803,29272
2024-03-31T03:00:00Z,144432,118925,101682,81774,25507,27683,27530,41621,29398
2024-03-31T04:00:00Z,144881,119221,101903,81891,25660,27720,27528,42201,30228
2024-03-31T05:00:00Z,149103,116374,100146,78180,32729,28587,28442,44383,31654
2024-03-31T06:00:00Z,158975,125180,111080,82852,33795,31958,31812,52942,38758
2024-03-31T07:00:00Z,156758,132488,103761,84416,24270,33320,33181,45721,31502
2024-03-31T08:00:00Z,169647,142187,112480,91169,27460,35919,35759,50658,35004
2024-03-31T09:00:00Z,171527,144313,112725,91408,27214,37463,37302,51454,35660
2024-03-31T10:00:00Z,173017,145636,113980,92041,27381,37393,37225,52946,37121
2024-03-31T11:00:00Z,173496,148829,110531,90786,24667,38628,38474,51106,34857
2024-03-31T12:00:00Z,257224,153104,194885,97285,104120,41314,41127,88414,71032
2024-03-31T13:00:00Z,205295,159969,139297,100216,45326,44853,44667,76748,58617
2024-03-31T14:00:00Z,204110,177241,129953,109740,26869,48646,48467,62158,42365
2024-03-31T15:00:00Z,203748,173511,133695,110730,30237,47724,47546,63930,44652
2024-03-31T16:00:00Z,199912,170465,130178,108928,29447,46010,45817,61575,43269
2024-03-31T17:00:00Z,191963,166174,122554,103290,25789,44285,44113,57640,40128
2024-03-31T18:00:00Z,198699,160907,134146,104078,37792,42952,42776,65439,49173
2024-03-31T19:00:00Z,183359,155762,120364,100314,27597,39212,39045,51691,36507
2024-03-31T20:00:00Z,179825,149066,125284,102267,30759,37185,37009,53051,38807
2024-03-31T21:00:00Z,171931,144147,119110,97912,27784,35118,34959,48574,34754
2024-03-31T22:00:00Z,161082,133162,113714,93599,27920,31355,31186,44897,32461
2024-03-31T23:00:00Z,155748,129149,112439,93206,26599,31656,31496,44070,32302
2024-04-01T00:00:00Z,204212,136232,140076,95911,67980,33988,33670,79483,63656
2024-04-01T01:00:00Z,218822,136357,141890,91923,82465,38203,37929,89844,70490
2024-04-01T02:00:00Z,206856,154149,120123,98405,52707,40209,39974,59371,38390
2024-04-01T03:00:00Z,198857,148833,121004,97335,50024,39416,39214,57478,37538
2024-04-01T04:00:00Z,199670,149747,125266,101579,49923,36166,35936,54675,37181
2024-04-01T05:00:00Z,205170,155343,124387,101098,49827,39623,39407,58136,38612
2024-04-01T06:00:00Z,214339,163648,128992,100597,50691,45532,45298,68101,45286
2024-04-01T07:00:00Z,221810,176925,127795,105727,44885,48908,48645,64618,41568
2024-04-01T08:00:00Z,225805,182603,133275,110650,43202,52162,51867,69711,45023
2024-04-01T09:00:00Z,229640,185374,135906,112895,44266,52749,52462,69749,45267
2024-04-01T10:00:00Z,228795,181383,134690,109643,47412,51143,50892,70281,46897
2024-04-01T11:00:00Z,222810,178443,128726,106995,44367,52587,52323,67789,43786
2024-04-01T12:00:00Z,286564,185638,184682,104912,100926,54150,53879,102028,78052
2024-04-01T13:00:00Z,261941,199812,158767,118349,62129,60359,60075,94371,68338
2024-04-01T14:00:00Z,267768,217261,144636,123882,50507,65397,65107,82904,53668
2024-04-01T15:00:00Z,272191,224941,158172,134226,47250,64864,64549,83187,56285
2024-04-01T16:00:00Z,270018,224388,160695,138000,45630,62485,62129,79744,54376
2024-04-01T17:00:00Z,269674,221207,157742,137231,48467,60637,60341,77890,51610
2024-04-01T18:00:00Z,269460,216286,162700,132626,53174,59436,59106,83886,59354
2024-04-01T19:00:00Z,227098,184932,131231,111871,42166,51400,51083,65481,43902
2024-04-01T20:00:00Z,231668,180803,135948,114191,50865,49086,48781,68577,45270
2024-04-01T21:00:00Z,233203,184926,140555,118114,48277,45491,45211,62124,42778
2024-04-01T22:00:00Z,227978,176382,136469,113701,51596,41037,40741,58832,40479
2024-04-01T23:00:00Z,219675,170620,134995,114094,49055,39711,39454,57423,39324
2024-04-02T00:00:00Z,236934,172745,162264,116113,64189,42293,42005,87000,69923
2024-04-02T01:00:00Z,243314,176944,166685,116071,66370,45015,44766,94407,75071
2024-04-02T02:00:00Z,211692,178649,137183,116604,33043,45584,45361,60376,39859
2024-04-02T03:00:00Z,210388,176931,138766,117339,33457,43820,43579,59362,38792
2024-04-02T04:00:00Z,209620,177080,139687,118315,32540,40079,39870,55601,38053
2024-04-02T05:00:00Z,220587,181241,139942,116877,39346,44542,44323,61415,40497
2024-04-02T06:00:00Z,258310,216194,153318,123465,42116,53440,53169,75808,51035
2024-04-02T07:00:00Z,250229,214450,150849,128643,35779,59111,58802,73580,47520
2024-04-02T08:00:00Z,266377,228647,160400,136595,37730,63999,63696,79910,51933
2024-04-02T09:00:00Z,274187,237095,166479,143745,37092,64627,64278,79465,51734
2024-04-02T10:00:00Z,263930,226323,164870,141706,37607,61162,60816,76764,51737
2024-04-02T11:00:00Z,264330,229998,165004,143765,34332,61641,61336,74552,49236
2024-04-02T12:00:00Z,307228,220887,208856,135165,86341,64449,64116,108186,81606
2024-04-02T13:00:00Z,295092,240959,182572,144916,54133,71189,70843,100027,71711
2024-04-02T14:00:00Z,290066,251245,170667,149363,38821,75622,75271,89701,59234
2024-04-02T15:00:00Z,279883,239509,165414,140702,40374,73397,73046,89944,61123
2024-04-02T16:00:00Z,271657,232324,160082,137426,39333,68865,68488,85509,58079
2024-04-02T17:00:00Z,249771,213302,150219,128492,36469,62690,62335,77854,52944
2024-04-02T18:00:00Z,274988,229151,177998,146800,45837,61317,60975,85148,61301
2024-04-02T19:00:00Z,268297,229540,172177,149693,38757,58231,57902,73147,49648
2024-04-02T20:00:00Z,267044,223982,169363,145050,43062,55482,55152,73667,50307
2024-04-02T21:00:00Z,247288,200596,159957,135101,46692,48923,48618,66476,46623
2024-04-02T22:00:00Z,233444,189697,152989,129898,43747,43115,42822,59570,41573
2024-04-02T23:00:00Z,222460,179983,148102,126473,42477,40781,40544,56358,39355
2024-04-03T00:00:00Z,247673,180003,175094,126393,67670,42088,41760,88332,72019
2024-04-03T01:00:00Z,249066,182128,173172,123707,66938,44848,44572,91933,72554
2024-04-03T02:00:00Z,222661,190160,150473,129604,32501,44629,44411,58808,38980
2024-04-03T03:00:00Z,217874,182503,148540,125834,35371,42885,42643,58649,39073
2024-04-03T04:00:00Z,212605,178318,145408,123416,34287,39756,39534,55619,38028
2024-04-03T05:00:00Z,229070,185449,145688,123270,43621,44750,44529,60901,40762
2024-04-03T06:00:00Z,250223,208072,162144,132924,42151,54132,53837,75044,51006
2024-04-03T07:00:00Z,257551,223011,158918,137773,34540,60076,59807,72940,46907
2024-04-03T08:00:00Z,267233,230819,164167,141833,36414,64363,64017,78446,51222
2024-04-03T09:00:00Z,269224,232736,164184,142120,36488,65266,64873,78354,51325
2024-04-03T10:00:00Z,262759,225212,162655,139332,37547,61212,60857,76590,51759
2024-04-03T11:00:00Z,254828,220042,158853,137677,34786,60453,60152,72951,48462
2024-04-03T12:00:00Z,306313,219294,209694,136399,87019,62968,62555,106514,81305
2024-04-03T13:00:00Z,291941,243118,181396,147028,48823,70485,70152,97115,69436
2024-04-03T14:00:00Z,282369,244646,168253,147309,37723,73345,73006,86372,57207
2024-04-03T15:00:00Z,295114,249094,176610,153062,46020,71077,70719,87665,58396
2024-04-03T16:00:00Z,299895,249528,184106,161984,50367,65217,64841,85351,55638
2024-04-03T17:00:00Z,291160,234797,168302,147921,56363,62766,62401,82472,51831
2024-04-03T18:00:00Z,290599,229431,173708,143804,61168,62438,62077,88680,60577
2024-04-03T19:00:00Z,267258,221820,164286,141745,45438,58823,58492,74419,50708
2024-04-03T20:00:00Z,267597,220516,165646,141297,47081,56736,56392,74649,50944
2024-04-03T21:00:00Z,245987,200800,157760,134334,45187,49161,48818,63978,44292
2024-04-03T22:00:00Z,256377,212711,144742,121839,43666,43456,43156,57686,40344
2024-04-03T23:00:00Z,225586,182447,143862,122560,43139,40858,40601,56824,39599
2024-04-04T00:00:00Z,255624,180875,176312,125542,74749,41705,41393,92418,75489
2024-04-04T01:00:00Z,251946,169976,171338,119308,81970,39686,39402,93980,74486
2024-04-04T02:00:00Z,216109,176887,144968,123135,39222,39127,38897,56401,38882
2024-04-04T03:00:00Z,213569,175825,146342,123922,37744,38132,37895,54069,37299
2024-04-04T04:00:00Z,214819,176490,145115,122653,38329,39194,38980,55115,38104
2024-04-04T05:00:00Z,227609,184667,146795,123908,42942,41520,41298,59520,40417
2024-04-04T06:00:00Z,247629,204016,163756,134099,43613,48380,48116,71106,49860
2024-04-04T07:00:00Z,247482,211789,155723,134691,35693,54258,53924,68288,45175
2024-04-04T08:00:00Z,238379,204015,147701,127832,34364,55695,55391,68893,45349
2024-04-04T09:00:00Z,268089,231462,160053,138199,36627,60387,60062,74880,49421
2024-04-04T10:00:00Z,262810,223428,162639,138866,39382,58594,58275,75615,50788
2024-04-04T11:00:00Z,263712,225969,164718,142980,37743,59531,59207,72813,48702
2024-04-04T12:00:00Z,301866,210718,209651,131990,91148,60343,60003,104385,79995
2024-04-04T13:00:00Z,290164,240938,178883,144334,49226,69693,69325,97810,69111
2024-04-04T14:00:00Z,281824,244446,163410,142149,37378,75176,74771,88389,59107
2024-04-04T15:00:00Z,274327,232502,153321,129583,41825,72366,71984,89809,59638
2024-04-04T16:00:00Z,251626,208130,135376,112620,43496,67746,67363,83771,56316
2024-04-04T17:00:00Z,256769,207663,141768,120140,49106,63603,63259,81340,53367
2024-04-04T18:00:00Z,273938,221754,170204,139146,52184,60813,60451,85073,60863
2024-04-04T19:00:00Z,264320,219435,157125,134576,44885,57709,57361,72542,49605
2024-04-04T20:00:00Z,261144,210559,162199,135219,50585,54410,54080,73073,51663
2024-04-04T21:00:00Z,240636,193402,152963,128300,47234,47579,47275,64043,44590
2024-04-04T22:00:00Z,220792,179188,145902,122193,41604,41387,41110,56590,40063
2024-04-04T23:00:00Z,211773,171590,142971,120577,40183,39779,39521,54761,39468
2024-04-05T00:00:00Z,238386,173026,171038,122284,65360,39686,39372,87589,71800
2024-04-05T01:00:00Z,231621,166837,168298,118065,64784,38611,38351,87500,71968
2024-04-05T02:00:00Z,209562,173278,143744,121728,36284,37420,37167,54103,37825
2024-04-05T03:00:00Z,202736,169279,137780,116346,33457,37293,37038,53095,36631
2024-04-05T04:00:00Z,207204,172083,138572,117199,35121,37919,37676,53913,37375
2024-04-05T05:00:00Z,215967,171761,138285,115090,44206,39465,39215,57069,38984
2024-04-05T06:00:00Z,236158,192988,153755,124236,43170,46587,46280,69101,48730
2024-04-05T07:00:00Z,240235,205611,152289,130904,34624,52641,52293,66624,44436
2024-04-05T08:00:00Z,199948,179769,121253,110109,20179,51011,50753,62979,40448
2024-04-05T09:00:00Z,258582,223656,159691,138005,34926,58445,58147,72550,48852
2024-04-05T10:00:00Z,253940,215777,157587,133994,38163,55692,55392,71795,48976
2024-04-05T11:00:00Z,250087,214932,155583,133955,35155,55901,55613,69551,46439
2024-04-05T12:00:00Z,286971,197880,196008,118127,89091,56638,56313,99261,76256
2024-04-05T13:00:00Z,281122,230204,177700,141170,50918,64503,64122,92873,67049
2024-04-05T14:00:00Z,275745,240007,168605,147064,35738,68427,68089,81913,55825
2024-04-05T15:00:00Z,270216,227365,164218,140592,42851,64643,64222,80776,54535
2024-04-05T16:00:00Z,263720,220987,159134,137231,42733,60755,60381,78265,52556
2024-04-05T17:00:00Z,250772,215008,156315,135140,35764,57506,57167,71749,48901
2024-04-05T18:00:00Z,254432,210442,162203,131478,43990,55037,54677,77672,55747
2024-04-05T19:00:00Z,233031,198472,147698,126048,34559,50458,50132,63959,43894
2024-04-05T20:00:00Z,236651,196702,153538,128570,39949,47780,47452,64404,45583
2024-04-05T21:00:00Z,217468,175360,139550,116963,42108,42365,42063,57332,39520
2024-04-05T22:00:00Z,213413,168123,139378,116900,45290,36306,36028,52437,36542
2024-04-05T23:00:00Z,194596,149640,128970,107759,44956,33610,33356,48822,34670
2024-04-06T00:00:00Z,220492,152965,161793,111352,67527,32683,32386,80601,67984
2024-04-06T01:00:00Z,210960,144920,155439,105283,66040,30091,29843,78389,65844
2024-04-06T02:00:00Z,183937,147644,127611,105267,36293,29620,29402,44965,31368
2024-04-06T03:00:00Z,179340,147973,129040,106575,31367,29957,29764,43950,30747
2024-04-06T04:00:00Z,176289,146611,127311,105504,29678,30305,30126,44664,31655
2024-04-06T05:00:00Z,188761,150248,131903,108002,38513,31096,30912,47059,33284
2024-04-06T06:00:00Z,199183,160821,141567,111781,38362,34159,33970,55694,40443
2024-04-06T07:00:00Z,191475,161720,132429,111044,29755,35711,35490,49120,33183
2024-04-06T08:00:00Z,197572,165404,137305,114301,32168,37817,37630,52982,36389
2024-04-06T09:00:00Z,199186,167562,137278,114656,31624,38749,38504,53978,36788
2024-04-06T10:00:00Z,200036,168961,139014,115683,31075,39093,38898,55572,39027
2024-04-06T11:00:00Z,198862,169330,138026,116864,29532,39517,39329,52685,35839
2024-04-06T12:00:00Z,277155,169871,216923,116952,107284,41129,40937,88054,70764
2024-04-06T13:00:00Z,227458,179718,160170,119709,47740,45067,44874,77759,58872
2024-04-06T14:00:00Z,220827,190920,147095,125336,29907,48967,48749,63116,42895
2024-04-06T15:00:00Z,226280,194357,152592,128340,31923,48266,48065,64662,44499
2024-04-06T16:00:00Z,215579,186262,147940,126304,29317,46329,46130,61306,42964
2024-04-06T17:00:00Z,209006,181312,145095,124846,27694,43641,43464,56756,39860
2024-04-06T18:00:00Z,214964,178292,152743,122712,36672,43244,43042,65329,48815
2024-04-06T19:00:00Z,196680,168445,138361,117273,28235,39645,39433,52157,36721
2024-04-06T20:00:00Z,196476,164016,138613,114633,32460,37537,37331,53058,38596
2024-04-06T21:00:00Z,187664,158630,135711,114206,29034,33993,33772,47161,34167
2024-04-06T22:00:00Z,188243,159606,138915,118060,28637,30786,30597,44108,32142
2024-04-06T23:00:00Z,176818,148415,132663,112423,28403,29783,29602,42325,30889
2024-04-07T00:00:00Z,204223,150959,156275,113465,53264,29975,29716,72175,59587
2024-04-07T01:00:00Z,215912,154372,166197,113946,61540,32775,32537,83144,68925
2024-04-07T02:00:00Z,190400,157004,133651,111805,33396,33521,33339,49048,32802
2024-04-07T03:00:00Z,191562,160452,135726,112565,31110,33253,33078,47952,31785
2024-04-07T04:00:00Z,182147,153009,132706,111136,29138,29906,29748,44378,31005
2024-04-07T05:00:00Z,196472,158570,135795,112668,37902,32561,32370,49282,32721
2024-04-07T06:00:00Z,209366,172626,148175,118678,36740,37940,37741,59448,40658
2024-04-07T07:00:00Z,202346,174864,139436,118725,27482,40478,40303,53842,34465
2024-04-07T08:00:00Z,214821,180366,143659,121189,34455,43040,42832,59258,38224
2024-04-07T09:00:00Z,213199,183748,144689,122713,29451,43977,43788,59232,38626
2024-04-07T10:00:00Z,210325,179053,147649,124135,31272,42050,41868,58001,40108
2024-04-07T11:00:00Z,212366,181138,146330,125451,31228,42212,42032,56929,37494
2024-04-07T12:00:00Z,283050,178744,220962,124188,104306,43968,43762,91191,72295
2024-04-07T13:00:00Z,238218,192868,170039,131163,45350,47908,47716,80295,60282
2024-04-07T14:00:00Z,237135,206983,160759,139788,30152,52036,51825,67256,44932
2024-04-07T15:00:00Z,236437,205567,163281,139958,30870,51108,50914,68082,46740
2024-04-07T16:00:00Z,232333,202156,161516,139345,30177,49118,48893,64569,45008
2024-04-07T17:00:00Z,225665,196482,157079,137073,29183,47688,47495,61897,42735
2024-04-07T18:00:00Z,235870,197203,167381,136879,38667,47174,46971,70121,51575
2024-04-07T19:00:00Z,219491,190071,153990,132713,29420,43345,43151,56831,40150
2024-04-07T20:00:00Z,217885,185129,154608,130645,32756,41261,41079,58407,41096
2024-04-07T21:00:00Z,206499,177193,147518,125606,29306,37434,37258,51943,36679
2024-04-07T22:00:00Z,193565,164919,140871,119770,28646,33610,33445,46755,33788
2024-04-07T23:00:00Z,188406,159629,137516,117453,28777,33176,32993,46748,33398
2024-04-08T00:00:00Z,228234,161654,164548,118829,66580,35099,34850,81525,65729
2024-04-08T01:00:00Z,240696,166599,168069,119142,74097,39335,39115,88846,69945
2024-04-08T02:00:00Z,222143,179179,142635,121948,42964,41410,41167,58605,36983
2024-04-08T03:00:00Z,218319,175592,142066,119535,42727,40613,40399,56384,36612
2024-04-08T04:00:00Z,217353,173396,142464,119991,43957,38105,37885,54935,36855
2024-04-08T05:00:00Z,227958,181410,145325,121865,46548,42609,42374,60446,39178
2024-04-08T06:00:00Z,255096,206186,160348,130947,48910,53250,52970,75694,50497
2024-04-08T07:00:00Z,265908,222905,162623,140619,43003,58862,58524,73575,46976
2024-04-08T08:00:00Z,279341,233419,168117,144474,45922,63260,62930,79483,51213
2024-04-08T09:00:00Z,277113,234328,168838,146481,42785,64154,63776,78405,50455
2024-04-08T10:00:00Z,268316,223590,164231,140751,44726,59906,59527,75657,50409
2024-04-08T11:00:00Z,274876,230681,168681,146445,44195,61111,60788,74787,48722
2024-04-08T12:00:00Z,302469,208766,203950,130310,93703,61506,61152,106354,79020
2024-04-08T13:00:00Z,298432,241015,184979,148605,57417,69650,69255,97850,69582
2024-04-08T14:00:00Z,294306,250107,174284,152618,44199,73514,73110,87244,57828
2024-04-08T15:00:00Z,291586,245752,177192,153308,45834,69633,69227,85995,57403
2024-04-08T16:00:00Z,279349,232407,168132,145926,46942,64088,63681,82471,54674
2024-04-08T17:00:00Z,271177,224869,164530,141194,46308,60232,59876,77042,52570
2024-04-08T18:00:00Z,258280,205869,160631,132293,52411,55610,55265,78232,55477
2024-04-08T19:00:00Z,260216,211880,161701,137765,48336,52374,52016,69613,47190
2024-04-08T20:00:00Z,253485,202637,158968,133070,50848,51220,50868,69911,49172
2024-04-08T21:00:00Z,247789,197806,158617,134310,49983,45965,45634,62178,43013
2024-04-08T22:00:00Z,218580,168445,135109,109612,50135,41159,40866,57241,39690
2024-04-08T23:00:00Z,209241,163667,134895,110824,45574,39550,39272,55097,38790
2024-04-09T00:00:00Z,237019,166744,164413,111839,70275,41552,41240,92252,75574
2024-04-09T01:00:00Z,242849,174349,169395,116276,68500,44607,44341,94726,75624
2024-04-09T02:00:00Z,214994,177945,139163,115748,37049,44650,44413,60309,39590
2024-04-09T03:00:00Z,210306,173457,139046,116407,36849,42256,42011,57920,37822
2024-04-09T04:00:00Z,203370,164211,134723,111041,39159,38338,38075,53938,36829
2024-04-09T05:00:00Z,222188,175592,139812,113013,46596,43127,42891,60645,40659
2024-04-09T06:00:00Z,250259,201851,154863,122551,48408,53491,53210,75712,51141
2024-04-09T07:00:00Z,251526,211318,147524,123976,40208,60706,60416,73339,47358
2024-04-09T08:00:00Z,266387,221993,155691,130205,44394,65257,64922,79099,51905
2024-04-09T09:00:00Z,268972,225506,155218,130421,43466,64530,64223,79660,52691
2024-04-09T10:00:00Z,257083,217221,154126,129474,39862,60746,60420,76701,51666
2024-04-09T11:00:00Z,261586,222063,158167,134417,39523,61567,61275,74517,49661
2024-04-09T12:00:00Z,304822,210811,205710,125738,94011,63762,63422,107986,82046
2024-04-09T13:00:00Z,287965,235860,178823,141227,52105,71139,70803,98237,70463
2024-04-09T14:00:00Z,283554,244104,166818,143788,39450,75349,75011,87698,58750
2024-04-09T15:00:00Z,280409,240331,170561,145427,40078,71558,71169,85981,58783
2024-04-09T16:00:00Z,275273,235789,164840,141298,39484,66693,66330,82003,55613
2024-04-09T17:00:00Z,267377,228700,167063,143306,38677,62677,62344,76200,52306
2024-04-09T18:00:00Z,269165,223440,171443,140118,45725,60482,60143,82637,59645
2024-04-09T19:00:00Z,249225,209915,158275,134209,39310,55125,54801,69083,48083
2024-04-09T20:00:00Z,244002,203142,155121,128874,40860,52081,51747,67879,48355
2024-04-09T21:00:00Z,229234,185334,145013,119355,43900,47657,47360,62563,44294
2024-04-09T22:00:00Z,219220,174804,141395,115973,44416,40869,40581,56710,39768
2024-04-09T23:00:00Z,209242,167682,141702,118305,41560,38476,38204,52810,38369
2024-04-10T00:00:00Z,235696,168508,168739,117232,67188,39210,38869,90374,73539
2024-04-10T01:00:00Z,232411,167602,164457,113141,64809,40885,40599,90442,72275
2024-04-10T02:00:00Z,210706,177355,142339,120145,33351,41967,41727,57277,37847
2024-04-10T03:00:00Z,198720,155594,124170,98300,43126,40868,40620,57388,38220
2024-04-10T04:00:00Z,187239,141936,115000,89040,45303,37251,37024,55284,37889
2024-04-10T05:00:00Z,197982,150658,116788,90664,47324,41416,41175,59319,39797
2024-04-10T06:00:00Z,226984,181425,139240,107850,45559,50549,50267,71978,48862
2024-04-10T07:00:00Z,245352,207265,150313,127025,38087,56445,56158,69360,44289
2024-04-10T08:00:00Z,248910,209495,146472,122803,39415,60433,60107,74739,48389
2024-04-10T09:00:00Z,248392,210683,147149,123946,37709,61596,61250,73948,48119
2024-04-10T10:00:00Z,254099,212411,154564,129907,41688,58067,57742,73463,49317
2024-04-10T11:00:00Z,252120,213429,156674,134362,38691,58181,57816,70334,46536
2024-04-10T12:00:00Z,298485,207585,205121,129761,90900,60260,59848,103248,78691
2024-04-10T13:00:00Z,289566,236300,183293,145697,53266,68397,68022,96032,68824
2024-04-10T14:00:00Z,287516,245569,170876,147814,41947,72559,72183,85343,56952
2024-04-10T15:00:00Z,289712,242405,172731,147226,47307,70342,69974,86753,58900
2024-04-10T16:00:00Z,281931,236121,169049,145740,45810,65494,65145,82248,55896
2024-04-10T17:00:00Z,268181,220147,161641,136208,48034,61159,60832,77786,53156
2024-04-10T18:00:00Z,254275,208154,151673,125751,46121,58750,58348,81526,57842
2024-04-10T19:00:00Z,246760,200712,151650,125918,46048,53695,53362,68291,47541
2024-04-10T20:00:00Z,243536,192912,153847,124632,50624,50801,50449,68500,48637
2024-04-10T21:00:00Z,225656,179205,143652,117334,46451,45809,45491,61300,42668
2024-04-10T22:00:00Z,214700,170735,141021,117548,43965,39747,39462,54619,38364
2024-04-10T23:00:00Z,206377,166467,138595,115450,39910,38040,37789,52770,37024
2024-04-11T00:00:00Z,236015,165172,167621,115032,70843,39578,39252,89422,72876
2024-04-11T01:00:00Z,234348,167096,164604,112848,67252,42543,42250,92780,74162
2024-04-11T02:00:00Z,213784,176756,139566,116745,37028,43103,42862,58131,38219
2024-04-11T03:00:00Z,208923,173186,139638,115686,35737,41233,40979,56183,37224
2024-04-11T04:00:00Z,210909,171044,141266,116146,39865,37404,37167,52984,36113
2024-04-11T05:00:00Z,218527,175318,142235,115424,43209,41534,41305,58399,38757
2024-04-11T06:00:00Z,245296,196639,158009,123699,48657,51329,51060,72796,49449
2024-04-11T07:00:00Z,247606,209250,152555,127814,38356,58143,57851,70878,45531
2024-04-11T08:00:00Z,267555,224401,161144,135523,43154,62551,62205,76434,50241
2024-04-11T09:00:00Z,255652,213037,150949,125121,42615,62063,61749,75136,48797
2024-04-11T10:00:00Z,246617,202187,150286,122948,44430,57563,57260,73752,49867
2024-04-11T11:00:00Z,242363,203093,143797,120509,39270,58115,57807,70786,46676
2024-04-11T12:00:00Z,302339,200536,201169,116996,101803,62563,62203,108526,82496
2024-04-11T13:00:00Z,269726,210080,155885,114233,59646,70988,70606,101538,72723
2024-04-11T14:00:00Z,263522,218783,143171,118140,44739,74574,74211,88932,58744
2024-04-11T15:00:00Z,265679,216278,148789,118255,49401,71798,71418,88049,59303
2024-04-11T16:00:00Z,248253,201970,140961,111024,46283,66331,65971,81491,55945
2024-04-11T17:00:00Z,236552,193878,134303,109283,42674,62134,61740,76504,52593
2024-04-11T18:00:00Z,244773,190078,145479,109067,54695,60247,59912,82422,60130
2024-04-11T19:00:00Z,225021,179818,128689,104042,45203,55333,54994,69515,48537
2024-04-11T20:00:00Z,221388,171128,127933,100363,50260,52412,52074,69645,49724
2024-04-11T21:00:00Z,208235,160141,119189,93772,48094,46754,46436,62362,43796
2024-04-11T22:00:00Z,189026,140209,113339,87207,48817,40503,40214,57407,40664
2024-04-11T23:00:00Z,185209,134958,112177,85582,50251,39025,38755,56284,40555
2024-04-12T00:00:00Z,212493,135439,140701,85891,77054,39802,39459,90717,73896
2024-04-12T01:00:00Z,214149,134576,139591,81562,79573,42300,41989,94612,75698
2024-04-12T02:00:00Z,189936,138900,112024,82349,51036,42448,42116,59290,39152
2024-04-12T03:00:00Z,185242,137573,109640,82235,47669,40737,40466,56808,37426
2024-04-12T04:00:00Z,178789,126920,102507,77750,51869,37025,36792,57114,36838
2024-04-12T05:00:00Z,181901,138482,108254,82654,43419,41260,41003,57964,39366
2024-04-12T06:00:00Z,215338,165211,128264,94500,50127,50682,50406,72464,50031
2024-04-12T07:00:00Z,219945,178685,124484,98785,41260,56714,56424,69976,46099
2024-04-12T08:00:00Z,230705,185147,128850,101701,45558,60758,60438,75416,50181
2024-04-12T09:00:00Z,225569,185034,125889,100447,40535,60998,60669,74733,49983
2024-04-12T10:00:00Z,217643,175367,124894,98163,42276,55309,55012,71475,48908
2024-04-12T11:00:00Z,224101,182372,125660,101200,41729,56277,55992,69686,46519
2024-04-12T12:00:00Z,283571,178196,187878,98904,105375,58844,58449,105466,81386
2024-04-12T13:00:00Z,256535,199667,150646,109268,56868,65533,65157,96328,70266
2024-04-12T14:00:00Z,255519,210023,139321,112544,45496,68997,68638,82970,55921
2024-04-12T15:00:00Z,244766,199744,138139,109778,45022,65611,65287,81754,55973
2024-04-12T16:00:00Z,237801,189733,135497,106084,48068,60396,60002,76310,52361
2024-04-12T17:00:00Z,225024,186781,126372,103444,38243,56702,56366,71036,48434
2024-04-12T18:00:00Z,222299,174227,134025,100761,48072,54117,53796,76610,56015
2024-04-12T19:00:00Z,205275,165411,120177,95591,39864,49916,49635,63416,43840
2024-04-12T20:00:00Z,201660,156874,121854,92592,44786,46675,46388,63086,45245
2024-04-12T21:00:00Z,191672,144321,114992,86429,47351,41137,40864,56859,39714
2024-04-12T22:00:00Z,174531,125569,105396,77546,48962,35035,34773,51379,35619
2024-04-12T23:00:00Z,161317,121218,103221,78846,40099,33210,32982,47865,34622
2024-04-13T00:00:00Z,206827,120913,150439,80656,85914,32441,32111,97473,84465
2024-04-13T01:00:00Z,173071,107254,121668,69984,65817,29044,28805,73067,60294
2024-04-13T02:00:00Z,151137,109710,98650,70816,41427,28392,28204,43137,29924
2024-04-13T03:00:00Z,145220,108372,95970,69477,36848,28500,28298,44308,30215
2024-04-13T04:00:00Z,143635,107551,93934,68402,36084,28866,28701,44214,31247
2024-04-13T05:00:00Z,147859,112019,96367,70747,35840,30272,30084,46708,32866
2024-04-13T06:00:00Z,166755,123523,110599,77320,43232,33210,32968,55684,40157
2024-04-13T07:00:00Z,161512,126417,102268,77419,35095,35062,34875,49243,32857
2024-04-13T08:00:00Z,173049,134507,110328,82631,38542,36990,36788,53304,36396
2024-04-13T09:00:00Z,171454,135417,109475,82718,36037,38081,37893,53989,36694
2024-04-13T10:00:00Z,170286,131250,109424,82367,39036,37358,37187,54479,38769
2024-04-13T11:00:00Z,168783,135025,107502,83871,33758,38270,38100,52429,36204
2024-04-13T12:00:00Z,256724,132386,199000,84411,124338,39193,38998,86859,70700
2024-04-13T13:00:00Z,197103,144789,133033,90304,52314,43503,43312,76214,58362
2024-04-13T14:00:00Z,188894,154403,118251,94350,34491,47260,47060,61978,42696
2024-04-13T15:00:00Z,193562,158655,121835,95393,34907,47248,47071,64100,44965
2024-04-13T16:00:00Z,191222,155267,119933,95738,35955,45834,45645,61633,43374
2024-04-13T17:00:00Z,180482,145927,113619,89430,34555,43331,43138,58003,40822
2024-04-13T18:00:00Z,190751,144072,124308,90154,46679,42351,42089,65192,49053
2024-04-13T19:00:00Z,167525,134464,109980,86325,33061,38547,38359,51692,37277
2024-04-13T20:00:00Z,166729,129832,111469,84475,36897,35788,35608,52667,39067
2024-04-13T21:00:00Z,148835,118328,100627,76886,30507,32278,32101,45585,33343
2024-04-13T22:00:00Z,134474,104068,92513,69143,30406,28269,28115,40720,30171
2024-04-13T23:00:00Z,129793,100210,90124,68507,29583,27792,27651,39565,29891
2024-04-14T00:00:00Z,144960,99254,103476,68907,45706,26460,26224,60087,49329
2024-04-14T01:00:00Z,159405,104143,119100,72279,55262,27390,27179,72650,61644
2024-04-14T02:00:00Z,125914,101528,84373,68119,24386,25835,25688,44539,32550
2024-04-14T03:00:00Z,129861,104789,87664,69772,25072,27396,27240,43444,31525
2024-04-14T04:00:00Z,126271,104128,83790,68874,22143,27343,27205,42021,30183
2024-04-14T05:00:00Z,127007,108909,81697,70302,18098,28672,28505,41871,29160
2024-04-14T06:00:00Z,134115,116440,83866,74071,17675,31607,31428,43264,29325
2024-04-14T07:00:00Z,145806,123615,93028,76954,22191,34602,34419,52829,37852
2024-04-14T08:00:00Z,153022,131125,93020,82592,21897,36571,36375,47804,32243
2024-04-14T09:00:00Z,146689,133261,87217,83243,13428,36944,36799,43591,27892
2024-04-14T10:00:00Z,156869,132053,94336,81396,24816,38183,38009,52479,36514
2024-04-14T11:00:00Z,154831,133652,92869,81798,21179,39809,39617,52671,36550
2024-04-14T12:00:00Z,153143,139392,88393,83904,13751,42154,41997,49589,32001
2024-04-14T13:00:00Z,161056,149798,91711,88147,11258,46388,46261,52521,33522
2024-04-14T14:00:00Z,212707,157566,137481,92602,55141,50755,50541,95731,76144
2024-04-14T15:00:00Z,181041,164707,104959,96701,16334,51288,51108,61702,42120
2024-04-14T16:00:00Z,174453,160879,98632,94250,13574,48863,48702,56409,37759
2024-04-14T17:00:00Z,167004,155599,95214,91316,11405,47492,47332,53983,36514
2024-04-14T18:00:00Z,170813,156431,98164,93763,14382,46425,46234,53856,36727
2024-04-14T19:00:00Z,164048,150531,92488,88280,13517,43865,43690,50955,34903
2024-04-14T20:00:00Z,153567,141970,89995,85835,11597,41598,41425,48606,33905
2024-04-14T21:00:00Z,144691,132210,85046,79717,12481,38048,37866,45941,31935
2024-04-14T22:00:00Z,160415,124962,101850,76971,35453,35376,35156,60613,47584
2024-04-14T23:00:00Z,137635,118058,85754,73855,19577,34510,34322,46164,34874
2024-04-15T00:00:00Z,146562,120115,82294,74925,26447,34307,34112,44236,29633
2024-04-15T01:00:00Z,154936,125169,78541,74526,29767,37201,37035,44954,27056
2024-04-15T02:00:00Z,179719,136526,99643,81051,43193,42461,42195,63692,43577
2024-04-15T03:00:00Z,225873,137850,146841,82342,88023,43924,43637,106477,86706
2024-04-15T04:00:00Z,183731,133251,103872,78866,50480,38658,38390,57941,40012
2024-04-15T05:00:00Z,193483,145188,107549,80967,48295,42990,42747,61076,40882
2024-04-15T06:00:00Z,221337,164731,120581,88354,56606,52703,52430,75151,50669
2024-04-15T07:00:00Z,228368,181828,120900,95787,46540,59449,59155,73473,46919
2024-04-15T08:00:00Z,246880,194281,130790,102822,52599,64656,64349,80547,52152
2024-04-15T09:00:00Z,245845,198575,129700,104587,47270,65177,64815,80409,52377
2024-04-15T10:00:00Z,243195,193954,130595,104040,49241,61372,61036,77935,52396
2024-04-15T11:00:00Z,244245,194074,127892,103484,50171,62802,62455,76406,50497
2024-04-15T12:00:00Z,297288,184479,190340,99768,112809,64579,64229,111105,84377
2024-04-15T13:00:00Z,274126,213993,151361,113167,60133,73263,72893,101605,72214
2024-04-15T14:00:00Z,269903,221024,141397,117424,48879,76598,76165,91145,60735
2024-04-15T15:00:00Z,270479,219248,143975,118079,51231,73204,72822,90453,61119
2024-04-15T16:00:00Z,256808,205779,137621,111611,51029,68445,68063,85763,58701
2024-04-15T17:00:00Z,241047,192857,129177,104277,48190,64486,64156,80055,54704
2024-04-15T18:00:00Z,252394,192638,140877,107052,59756,62973,62634,87772,63140
2024-04-15T19:00:00Z,231253,180743,125627,100541,50510,58518,58177,74646,51542
2024-04-15T20:00:00Z,232042,173326,127161,98899,58716,54982,54630,75634,53114
2024-04-15T21:00:00Z,208581,154980,115887,89895,53601,48351,47990,64921,45567
2024-04-15T22:00:00Z,198740,139798,112088,81543,58942,42139,41852,59568,41991
2024-04-15T23:00:00Z,203411,137248,117611,81118,66163,40740,40487,57116,40578
2024-04-16T00:00:00Z,213729,137896,140340,83150,75833,42853,42522,94848,78559
2024-04-16T01:00:00Z,210822,141229,136324,81564,69593,46004,45720,96279,77795
2024-04-16T02:00:00Z,183958,144029,108495,83252,39929,45934,45678,60820,40882
2024-04-16T03:00:00Z,176054,138237,104749,79831,37817,43599,43349,58565,38616
2024-04-16T04:00:00Z,177940,135375,107468,78681,42565,40965,40676,56318,39037
2024-04-16T05:00:00Z,193607,144479,111755,80323,49128,44981,44708,61761,41649
2024-04-16T06:00:00Z,223879,167205,131640,90487,56674,54914,54601,76847,52543
2024-04-16T07:00:00Z,232526,187198,126427,96256,45328,61965,61634,74557,47887
2024-04-16T08:00:00Z,245124,198276,132092,103326,46848,66779,66446,81169,53410
2024-04-16T09:00:00Z,242452,193405,131497,99657,49047,67217,66858,81124,53222
2024-04-16T10:00:00Z,230694,183804,130638,99149,46890,63232,62873,78500,53510
2024-04-16T11:00:00Z,236267,189612,126380,99274,46655,63739,63412,76023,50553
2024-04-16T12:00:00Z,290865,186717,188043,100042,104148,66975,66638,112806,86427
2024-04-16T13:00:00Z,266152,206822,151303,108427,59330,73426,73066,101495,73140
2024-04-16T14:00:00Z,266181,221727,139791,115605,44454,78669,78272,91809,61128
2024-04-16T15:00:00Z,256809,213066,138308,111315,43743,75179,74830,90740,61659
2024-04-16T16:00:00Z,252325,207093,136078,110379,45232,69857,69498,85471,58739
2024-04-16T17:00:00Z,238357,197186,130839,105755,41171,65996,65667,80234,54776
2024-04-16T18:00:00Z,246416,194227,143792,106984,52189,63315,62983,86218,62542
2024-04-16T19:00:00Z,226354,180328,127811,98640,46026,58233,57899,72613,51081
2024-04-16T20:00:00Z,219507,169737,127370,95487,49770,54496,54119,71419,51663
2024-04-16T21:00:00Z,202225,159983,119771,92980,42242,48350,48010,63613,47338
2024-04-16T22:00:00Z,195008,150155,120493,92000,44853,42337,42032,57133,45354
2024-04-16T23:00:00Z,188388,143188,120147,90390,45200,40155,39886,55055,45144
2024-04-17T00:00:00Z,214048,140826,143554,88149,73222,41960,41621,91361,80148
2024-04-17T01:00:00Z,217181,144240,146218,88570,72941,44656,44401,94918,81614
2024-04-17T02:00:00Z,202001,151533,123376,91457,50468,45501,45231,62491,47608
2024-04-17T03:00:00Z,209884,166068,134685,104767,43816,42935,42686,58368,43695
2024-04-17T04:00:00Z,183784,140896,116469,87627,42888,40377,40121,55676,43499
2024-04-17T05:00:00Z,200379,154699,122945,93463,45680,44596,44370,60694,46470
2024-04-17T06:00:00Z,226678,179266,138408,104114,47412,54918,54633,76467,58300
2024-04-17T07:00:00Z,238034,197408,138709,111327,40626,61837,61559,74654,54816
2024-04-17T08:00:00Z,261766,209660,153183,118820,52106,65934,65569,80748,60320
2024-04-17T09:00:00Z,263726,212811,155919,121763,50915,66034,65639,80338,60229
2024-04-17T10:00:00Z,253383,201761,151901,117114,51622,61444,61097,78297,60929
2024-04-17T11:00:00Z,254504,207266,149464,119479,47238,62897,62543,76196,58445
2024-04-17T12:00:00Z,297054,199410,198058,115743,97644,65082,64710,109791,90904
2024-04-17T13:00:00Z,284128,226806,171363,129296,57322,73097,72736,101105,80297
2024-04-17T14:00:00Z,283194,236137,162784,134030,47057,76970,76567,90832,69689
2024-04-17T15:00:00Z,274508,227194,160535,129567,47314,73443,73063,88652,68674
2024-04-17T16:00:00Z,269396,222217,159268,127951,47179,68794,68406,85115,66622
2024-04-17T17:00:00Z,261555,214011,149209,118113,47544,63547,63213,77905,60968
2024-04-17T18:00:00Z,264387,204195,156692,116470,60192,61329,60941,84681,68626
2024-04-17T19:00:00Z,239176,189879,142832,112193,49297,55899,55522,70601,56088
2024-04-17T20:00:00Z,227824,181061,140964,110212,46763,52657,52324,68994,55441
2024-04-17T21:00:00Z,210511,163918,129924,100013,46593,46225,45872,61048,48709
2024-04-17T22:00:00Z,199367,155518,120674,91901,43849,41065,40792,55460,44589
2024-04-17T23:00:00Z,183405,141815,118035,89558,41590,39705,39450,53543,43701
2024-04-18T00:00:00Z,231801,161551,146114,91836,70250,40835,40504,87183,76165
2024-04-18T01:00:00Z,221377,153054,145402,90736,68323,43445,43194,91130,77830
2024-04-18T02:00:00Z,202913,162622,112437,85783,40291,43002,42776,56946,42620
2024-04-18T03:00:00Z,187898,145268,116635,87236,42630,42367,42119,56904,42619
2024-04-18T04:00:00Z,198978,158710,116958,88128,40268,39362,39141,54206,42501
2024-04-18T05:00:00Z,209292,165076,122393,92504,44216,43481,43238,59237,45584
2024-04-18T06:00:00Z,253551,206015,133623,99226,47536,51750,51437,72720,55371
2024-04-18T07:00:00Z,261718,221448,136648,109680,40270,57921,57599,71231,52551
2024-04-18T08:00:00Z,254458,208998,148205,118198,45460,64700,64306,79032,59104
2024-04-18T09:00:00Z,255560,211034,148571,118947,44526,64793,64470,79140,59350
2024-04-18T10:00:00Z,248424,205609,143012,114087,42815,60169,59853,75492,58356
2024-04-18T11:00:00Z,251538,209284,143370,115108,42254,60602,60301,73793,56256
2024-04-18T12:00:00Z,291459,193652,195455,110837,97807,63044,62670,107730,89128
2024-04-18T13:00:00Z,284678,227823,164439,121710,56855,70685,70284,98903,79117
2024-04-18T14:00:00Z,274940,229989,159111,129528,44951,75103,74753,88586,68165
2024-04-18T15:00:00Z,275620,221782,162859,129710,53838,72161,71750,88117,68540
2024-04-18T16:00:00Z,256591,206066,151762,121208,50525,67038,66644,82469,64550
2024-04-18T17:00:00Z,246666,203462,147681,119624,43204,63199,62821,77146,60598
2024-04-18T18:00:00Z,249712,193454,158195,119168,56258,61614,61251,84637,69079
2024-04-18T19:00:00Z,231459,182886,142696,112425,48573,56473,56139,71003,56726
2024-04-18T20:00:00Z,235573,188786,138282,106967,46787,52704,52344,70058,56622
2024-04-18T21:00:00Z,218345,165166,132130,98018,53179,46187,45829,61326,49298
2024-04-18T22:00:00Z,193827,144799,123785,91683,49028,40452,40147,55850,45032
2024-04-18T23:00:00Z,175660,134571,116573,88494,41089,39026,38765,52888,43179
2024-04-19T00:00:00Z,216053,136204,148749,89905,79849,40412,40068,87135,76521
2024-04-19T01:00:00Z,221667,149035,142552,86740,72632,41822,41527,89309,76770
2024-04-19T02:00:00Z,188535,147715,118463,90647,40820,43339,43056,57911,43658
2024-04-19T03:00:00Z,192916,147208,119326,87649,45708,41208,40956,56361,43235
2024-04-19T04:00:00Z,187570,141927,120737,88059,45643,38050,37807,53625,42392
2024-04-19T05:00:00Z,214168,167893,120913,88842,46275,41012,40782,56645,43217
2024-04-19T06:00:00Z,220525,166667,140950,101560,53858,51309,51007,74147,57218
2024-04-19T07:00:00Z,228979,185650,136082,107536,43329,56753,56450,69997,51745
2024-04-19T08:00:00Z,255355,209536,148006,117947,45819,62614,62241,76602,57527
2024-04-19T09:00:00Z,258497,208196,152317,120390,50301,62763,62417,77673,58629
2024-04-19T10:00:00Z,254764,205675,138534,107677,49089,56433,56095,72592,56596
2024-04-19T11:00:00Z,244172,199515,137998,108980,44657,56814,56490,69781,54139
2024-04-19T12:00:00Z,301004,186863,189999,102134,114141,57137,56773,105690,88602
2024-04-19T13:00:00Z,285575,214919,159411,113663,70656,63936,63584,94985,76555
2024-04-19T14:00:00Z,261842,215013,147901,118102,46829,68449,68060,82269,63900
2024-04-19T15:00:00Z,256592,208619,146128,114323,47973,66414,66026,82362,64170
2024-04-19T16:00:00Z,244841,197010,141520,109094,47831,61617,61233,78228,61661
2024-04-19T17:00:00Z,236221,190453,137044,106516,45768,58158,57782,71978,56606
2024-04-19T18:00:00Z,239433,185374,140458,102302,54059,54850,54503,77292,62943
2024-04-19T19:00:00Z,218530,170856,127113,97501,47674,49714,49405,65267,51951
2024-04-19T20:00:00Z,203171,156820,126535,94423,46351,47559,47249,64410,51697
2024-04-19T21:00:00Z,185506,138934,117258,86966,46572,41702,41382,56793,45748
2024-04-19T22:00:00Z,170504,120726,108414,76587,49778,35841,35571,52122,42354
2024-04-19T23:00:00Z,147769,106367,97979,69898,41402,33060,32828,47244,38468
2024-04-20T00:00:00Z,175444,104498,125674,70307,70946,31247,30964,77946,69733
2024-04-20T01:00:00Z,167805,97489,121015,64530,70316,30030,29813,79415,70637
2024-04-20T02:00:00Z,134138,97444,89312,63101,36694,28728,28523,43828,34529
2024-04-20T03:00:00Z,133576,97891,90091,63460,35685,29286,29095,43486,34026
2024-04-20T04:00:00Z,138914,102887,91051,63614,36027,28872,28677,42953,34120
2024-04-20T05:00:00Z,145624,104570,95899,66829,41054,30480,30299,46507,36636
2024-04-20T06:00:00Z,161778,117239,108751,73252,44539,34471,34253,57016,46016
2024-04-20T07:00:00Z,165223,127597,103206,75412,37626,36377,36137,50755,39000
2024-04-20T08:00:00Z,175061,134866,108191,78516,40195,38750,38527,54498,41772
2024-04-20T09:00:00Z,170059,131672,108210,79774,38387,39323,39132,53918,41773
2024-04-20T10:00:00Z,174559,134643,107847,78524,39916,39620,39444,56158,44467
2024-04-20T11:00:00Z,166471,131807,107647,81603,34664,40557,40350,53624,41781
2024-04-20T12:00:00Z,251571,135990,193379,88360,115581,42572,42330,90572,78359
2024-04-20T13:00:00Z,200744,144638,135409,89276,56106,45304,45121,79010,65188
2024-04-20T14:00:00Z,196000,161132,122197,96115,34868,49185,48976,63259,49441
2024-04-20T15:00:00Z,193604,151636,127437,95912,41968,49346,49155,65668,51426
2024-04-20T16:00:00Z,202949,164536,123769,95034,38413,47172,46943,63621,50397
2024-04-20T17:00:00Z,183476,148512,120093,93323,34964,45368,45184,60178,47596
2024-04-20T18:00:00Z,194595,150073,124980,89117,44522,43426,43221,65596,54268
2024-04-20T19:00:00Z,168566,133705,113364,86620,34861,39689,39502,53197,42436
2024-04-20T20:00:00Z,161037,124230,110233,81024,36807,37053,36865,52645,42463
2024-04-20T21:00:00Z,170579,136645,98697,72699,33934,33034,32858,45710,36733
2024-04-20T22:00:00Z,148028,114027,97226,71015,34001,29412,29239,41874,33834
2024-04-20T23:00:00Z,138880,105095,94340,67758,33785,28225,28071,40148,32949
2024-04-21T00:00:00Z,173738,114701,115729,67188,59037,27992,27759,69988,62290
2024-04-21T01:00:00Z,161574,95763,123926,66854,65811,27662,27435,79022,70761
2024-04-21T02:00:00Z,128337,96093,90089,65080,32244,27303,27145,41247,32409
2024-04-21T03:00:00Z,131776,96397,91462,64000,35379,28123,27966,42091,32719
2024-04-21T04:00:00Z,135730,100616,95751,68367,35114,28301,28139,42513,33661
2024-04-21T05:00:00Z,142424,102686,96253,67589,39738,29339,29175,44852,35615
2024-04-21T06:00:00Z,162231,115463,108845,74203,46768,33291,33108,54998,44357
2024-04-21T07:00:00Z,165380,122201,103961,76098,43179,35323,35115,50459,39437
2024-04-21T08:00:00Z,186029,138816,111076,80630,47213,37749,37541,53914,41829
2024-04-21T09:00:00Z,177199,130151,110488,80758,47048,40066,39883,55305,42907
2024-04-21T10:00:00Z,185462,144293,113496,83607,41169,40340,40149,56009,44396
2024-04-21T11:00:00Z,168439,133500,112392,85635,34939,41715,41535,54919,42354
2024-04-21T12:00:00Z,252242,143837,187085,87949,108405,44234,44038,92246,79439
2024-04-21T13:00:00Z,214644,158550,136613,92146,56094,48322,48133,79184,65026
2024-04-21T14:00:00Z,203874,162569,129972,101996,41305,52236,52045,66387,51729
2024-04-21T15:00:00Z,212109,167642,131250,101328,44467,52320,52090,68532,54204
2024-04-21T16:00:00Z,199169,156238,129897,100203,42931,50523,50295,66126,52690
2024-04-21T17:00:00Z,189657,154133,125038,98058,35524,49107,48898,62424,49503
2024-04-21T18:00:00Z,201203,155777,136661,100266,45426,48323,48131,70806,58273
2024-04-21T19:00:00Z,182118,144368,120570,92697,37750,43783,43605,58661,46891
2024-04-21T20:00:00Z,175917,137262,117906,88270,38655,41105,40915,57285,46447
2024-04-21T21:00:00Z,162213,122356,108411,79833,39857,37615,37437,51150,41420
2024-04-21T22:00:00Z,149069,108562,100540,73247,40507,32990,32809,46497,38037
2024-04-21T23:00:00Z,144471,102410,97692,69519,42061,32436,32262,45225,37172
2024-04-22T00:00:00Z,188056,111158,130094,75350,76898,35532,35284,80200,70829
2024-04-22T01:00:00Z,210841,122268,136771,75619,88573,39583,39328,90028,78075
2024-04-22T02:00:00Z,188525,135717,113066,82090,52808,41919,41693,57159,43404
2024-04-22T03:00:00Z,189811,126478,112997,78737,63333,41124,40899,56628,43040
2024-04-22T04:00:00Z,186611,128760,112041,78224,57851,38152,37923,54212,42968
2024-04-22T05:00:00Z,193188,137454,116385,82283,55734,42129,41896,59228,45429
2024-04-22T06:00:00Z,225233,164163,137697,96624,61070,52457,52171,76011,59047
2024-04-22T07:00:00Z,240285,189237,130337,100044,51048,58454,58155,72107,53128
2024-04-22T08:00:00Z,255650,199264,141826,110376,56386,64275,63945,79511,58948
2024-04-22T09:00:00Z,259259,207878,147157,116117,51381,64470,64140,78355,59005
2024-04-22T10:00:00Z,243382,192283,139418,107976,51099,60839,60507,77280,59199
2024-04-22T11:00:00Z,245562,195445,143532,113033,50117,61804,61482,76033,57821
2024-04-22T12:00:00Z,299292,194233,196416,111276,105059,64806,64426,112134,92937
2024-04-22T13:00:00Z,285277,221282,164254,119929,63995,71139,70766,99821,79266
2024-04-22T14:00:00Z,281187,225489,159795,128680,55698,75878,75476,90068,69699
2024-04-22T15:00:00Z,286701,226480,151274,119061,60221,71158,70709,87933,67623
2024-04-22T16:00:00Z,269414,206398,155518,120860,63016,68925,68532,87308,68561
2024-04-22T17:00:00Z,263636,202153,148166,115260,61483,64439,64046,81965,64189
2024-04-22T18:00:00Z,268520,198383,159701,117161,70137,61850,61466,86760,70522
2024-04-22T19:00:00Z,251585,188927,143845,109492,62658,58349,58016,75497,60059
2024-04-22T20:00:00Z,246838,178454,142953,104585,68384,55486,55124,75402,60762
2024-04-22T21:00:00Z,226524,164175,127561,92298,62349,48099,47753,65737,52400
2024-04-22T22:00:00Z,204427,141389,120024,86001,63038,42463,42165,59837,47795
2024-04-22T23:00:00Z,185105,129267,113539,81693,55838,40909,40623,56952,46381
2024-04-23T00:00:00Z,221450,139783,138516,82033,81667,41610,41296,88898,77655
2024-04-23T02:00:00Z,227939,139885,121106,78267,88054,44286,44065,76540,59915
2024-04-23T03:00:00Z,194084,146719,111542,80718,47365,43411,43146,59066,44539
2024-04-23T04:00:00Z,187929,140542,109777,79438,47387,39962,39712,56870,44227
2024-04-23T05:00:00Z,202084,150796,116450,84625,51288,44226,43979,62852,48234
2024-04-23T06:00:00Z,232212,180361,130208,94026,51851,53228,52924,76133,58229
2024-04-23T07:00:00Z,237364,188988,136671,106258,48376,61094,60782,75772,55721
2024-04-23T08:00:00Z,251875,203282,145126,114239,48593,66793,66449,82284,61725
2024-04-23T09:00:00Z,265668,220086,141646,112260,45582,65451,65115,80129,59948
2024-04-23T10:00:00Z,244017,195744,142253,110551,48273,61173,60863,78073,60571
2024-04-23T11:00:00Z,238220,193508,142941,114034,44712,63505,63142,77418,59265
2024-04-23T12:00:00Z,294591,194195,198690,114654,100396,66685,66289,112917,93888
2024-04-23T13:00:00Z,279149,216078,171130,125108,63071,73715,73378,105080,84197
2024-04-23T14:00:00Z,270120,224824,159041,130705,45296,76852,76482,90354,69539
2024-04-23T15:00:00Z,273888,224534,161144,129517,49354,73918,73467,90648,70400
2024-04-23T16:00:00Z,265631,217922,152716,122944,47709,68680,68260,84401,66383
2024-04-23T17:00:00Z,251003,204236,147837,118560,46767,65219,64826,80927,63949
2024-04-23T18:00:00Z,256059,201728,156800,118760,54331,63334,62982,86679,70401
2024-04-23T19:00:00Z,260720,220301,131346,105107,40419,57327,57002,71241,56145
2024-04-23T20:00:00Z,233732,187735,135655,104968,45997,55874,55524,72929,58694
2024-04-23T21:00:00Z,212520,160502,128910,96899,52018,48889,48535,64289,51846
2024-04-23T22:00:00Z,209143,163975,111773,83370,45168,41597,41289,56287,45448
2024-04-23T23:00:00Z,180360,135352,115179,85804,45008,40895,40624,55050,45107
2024-04-24T00:00:00Z,206445,136631,138735,85035,69814,41753,41426,85884,74713
2024-04-24T01:00:00Z,208249,139300,137714,82413,68949,44333,44056,92104,79106
2024-04-24T02:00:00Z,204101,157051,116792,87004,47050,45456,45205,63458,48669
2024-04-24T03:00:00Z,195855,151960,115017,84559,43895,43809,43560,60986,46514
2024-04-24T04:00:00Z,189609,148072,113578,84940,41537,41176,40931,56835,44514
2024-04-24T05:00:00Z,190417,143853,114679,84346,46564,44846,44603,61541,47207
2024-04-24T06:00:00Z,220648,170999,136103,99382,49649,55058,54757,78885,60993
2024-04-24T07:00:00Z,242940,202832,132151,105295,40108,60546,60201,73966,54728
2024-04-24T08:00:00Z,254559,210610,142287,113685,43949,65656,65320,80139,60266
2024-04-24T09:00:00Z,251969,209979,138791,111031,41990,64844,64444,78695,59530
2024-04-24T10:00:00Z,216208,176206,131627,104889,40002,58662,58304,74183,58164
2024-04-24T11:00:00Z,228469,185178,134082,107980,43291,62712,62379,75347,57194
2024-04-24T12:00:00Z,267331,184908,172059,108149,82423,64415,64047,107841,89482
2024-04-24T13:00:00Z,264889,201540,160774,116486,63349,70951,70587,100282,80441
2024-04-24T14:00:00Z,252878,205765,143110,117538,47113,74036,73667,87423,67068
2024-04-24T15:00:00Z,268770,217211,151251,121444,51559,73862,73468,89671,68779
2024-04-24T16:00:00Z,265539,211186,150048,118689,54353,68357,67965,86010,67461
2024-04-24T17:00:00Z,247156,200758,140356,112077,46398,64793,64440,79357,62501
2024-04-24T18:00:00Z,251406,193459,152588,113023,57947,62369,61992,86808,70882
2024-04-24T19:00:00Z,230681,182495,139023,108541,48186,58593,58263,73963,58554
2024-04-24T20:00:00Z,228610,178996,132799,100371,49614,54395,54057,70551,57071
2024-04-24T21:00:00Z,216718,165148,121974,91988,51570,47353,47042,62773,50402
2024-04-24T22:00:00Z,199133,156197,109402,82121,42936,41597,41299,56370,45474
2024-04-24T23:00:00Z,186620,147476,104102,77732,39144,39353,39082,52570,42885
2024-04-25T00:00:00Z,185825,120608,125137,76539,65217,41092,40751,81978,71098
2024-04-25T01:00:00Z,200976,126750,136263,77808,74226,44344,44058,94862,81796
2024-04-25T02:00:00Z,176324,132684,110078,79901,43640,45189,44936,61831,47409
2024-04-25T03:00:00Z,187355,140233,112605,79856,47122,43489,43228,60451,45613
2024-04-25T04:00:00Z,170115,127588,106912,78146,42527,40513,40260,55861,44291
2024-04-25T05:00:00Z,185114,135971,112154,80709,49143,44444,44203,61412,47518
2024-04-25T06:00:00Z,217270,164329,130350,92582,52941,54313,54028,77029,59817
2024-04-25T07:00:00Z,225109,180718,130701,101424,44391,60432,60127,74859,55699
2024-04-25T08:00:00Z,241000,194308,138470,107883,46692,64990,64653,80492,60595
2024-04-25T09:00:00Z,245253,197639,138809,107071,47614,65015,64656,80685,61352
2024-04-25T10:00:00Z,231058,183510,136735,105550,47548,61434,61128,77557,60407
2024-04-25T11:00:00Z,233373,185829,138347,108393,47544,61995,61643,75809,58665
2024-04-25T12:00:00Z,300894,175696,209406,101948,125198,63360,62938,111334,93055
2024-04-25T13:00:00Z,271457,207825,163534,119100,63632,71546,71117,99593,79897
2024-04-25T14:00:00Z,272129,224165,151754,122598,47964,74470,74096,87074,67470
2024-04-25T15:00:00Z,265923,211371,153677,119317,54552,71661,71246,90481,71372
2024-04-25T16:00:00Z,254501,203366,147350,116371,51135,66558,66186,82420,64488
2024-04-25T17:00:00Z,249333,200221,145543,116124,49112,62375,62017,77292,60896
2024-04-25T18:00:00Z,247135,187157,153714,112507,59978,61293,60950,87277,71897
2024-04-25T19:00:00Z,229466,181927,139734,110429,47539,56982,56662,73005,58639
2024-04-25T20:00:00Z,237784,188305,131825,100598,49479,52172,51800,69179,56098
2024-04-25T21:00:00Z,217151,167412,123116,91695,49739,46108,45808,64415,52179
2024-04-25T22:00:00Z,182488,135659,112966,83058,46829,41003,40748,55560,44883
2024-04-25T23:00:00Z,171964,125149,108784,78966,46815,39535,39289,53671,44051
2024-04-26T00:00:00Z,220616,143283,136638,77867,77333,39592,39270,89083,78568
2024-04-26T01:00:00Z,208240,133508,133746,75591,74732,41934,41664,92624,79737
2024-04-26T02:00:00Z,177334,135882,107812,80349,41452,42928,42682,57979,43891
2024-04-26T03:00:00Z,183153,132859,111015,77167,50294,41377,41117,60040,45295
2024-04-26T04:00:00Z,169559,124521,108242,77986,45038,38253,38016,53920,42337
2024-04-26T05:00:00Z,181209,136531,111486,81508,44678,42129,41882,58403,44825
2024-04-26T06:00:00Z,215382,160390,131282,91409,54992,51053,50788,74283,57335
2024-04-26T07:00:00Z,222684,177672,131366,101611,45012,57639,57354,71111,52375
2024-04-26T08:00:00Z,237035,191462,136460,106712,45573,61870,61518,77485,58097
2024-04-26T09:00:00Z,231724,183920,137428,105468,47804,61966,61636,78627,59558
2024-04-26T10:00:00Z,234983,189933,137239,107637,45050,56883,56579,72253,56026
2024-04-26T11:00:00Z,228965,188026,131091,103353,40939,57204,56915,69783,53668
2024-04-26T12:00:00Z,273252,175013,184217,99386,98239,58268,57858,103634,87189
2024-04-26T13:00:00Z,263554,201782,165551,117941,61772,66867,66547,98829,79673
2024-04-26T14:00:00Z,255430,210598,150826,121917,44832,69504,69108,83683,64632
2024-04-26T15:00:00Z,254453,206034,152844,120224,48419,66185,65790,84160,65646
2024-04-26T16:00:00Z,239522,191135,144572,113414,48387,61956,61616,79389,62506
2024-04-26T17:00:00Z,223542,179379,133746,105053,44163,57678,57339,73652,57962
2024-04-26T18:00:00Z,231171,171124,145145,103239,60047,54862,54498,81149,66422
2024-04-26T19:00:00Z,212392,165960,128557,98931,46432,50621,50319,65312,51877
2024-04-26T20:00:00Z,212851,162977,128222,95027,49874,47057,46689,63881,51487
2024-04-26T21:00:00Z,187146,136437,119375,85047,50709,42050,41781,59852,48439
2024-04-26T22:00:00Z,175235,131402,103197,74797,43833,35828,35563,50960,41015
2024-04-26T23:00:00Z,149074,108685,96937,69522,40389,33486,33230,47605,38755
2024-04-27T00:00:00Z,179791,108634,126494,70409,71157,32198,31914,81371,72213
2024-04-27T01:00:00Z,169300,100412,121613,65397,68888,30551,30329,80867,71504
2024-04-27T02:00:00Z,139987,103085,92792,66359,36902,29742,29547,44540,34610
2024-04-27T03:00:00Z,163703,120993,92170,61144,42710,29292,29112,47404,36814
2024-04-27T04:00:00Z,136020,98709,93562,64329,37311,29675,29520,46067,36455
2024-04-27T05:00:00Z,149821,112021,93580,65030,37800,30742,30580,48278,36911
2024-04-27T06:00:00Z,181010,136832,105459,68917,44178,33902,33714,61512,47606
2024-04-27T07:00:00Z,157350,124538,99769,74281,32812,36445,36269,53189,38240
2024-04-27T08:00:00Z,165747,129261,107093,78535,36486,38623,38430,59032,42920
2024-04-27T09:00:00Z,168138,127000,108801,76333,41138,39326,39132,57761,45399
2024-04-27T10:00:00Z,164187,127173,111008,81444,37014,39393,39213,55964,43812
2024-04-27T11:00:00Z,161818,126632,109384,81219,35186,39497,39321,53892,42024
2024-04-27T12:00:00Z,246644,128626,191228,82631,118018,41836,41644,93000,80311
2024-04-27T13:00:00Z,200231,145834,136343,90229,54397,46016,45828,80775,66036
2024-04-27T14:00:00Z,185616,151942,122796,96856,33674,49426,49208,63818,49468
2024-04-27T15:00:00Z,192540,151159,128954,97070,41381,48268,48029,67128,53085
2024-04-27T16:00:00Z,194771,156632,124765,96250,38139,47212,47012,62240,49474
2024-04-27T17:00:00Z,178357,144392,118321,92045,33965,44383,44217,58090,45907
2024-04-27T18:00:00Z,185906,136071,130154,88676,49835,42912,42737,68790,57422
2024-04-27T19:00:00Z,162560,127013,110476,83420,35547,39231,39064,52376,41744
2024-04-27T20:00:00Z,166295,128089,111435,81503,38206,36513,36276,52452,42816
2024-04-27T21:00:00Z,150263,109729,103170,71852,40534,33081,32907,49410,40070
2024-04-27T22:00:00Z,142025,103960,97238,68174,38065,29160,28930,42492,34370
2024-04-27T23:00:00Z,132811,92790,94560,63608,40021,28609,28445,41225,33957
2024-04-28T00:00:00Z,168823,101175,117808,64115,67648,28941,28693,72770,64483
2024-04-28T01:00:00Z,171464,99745,122362,62437,71719,31540,31330,83467,73615
2024-04-28T02:00:00Z,153616,119786,88374,63848,33830,32129,31925,45588,34078
2024-04-28T03:00:00Z,146096,105381,96492,65250,40715,32126,31926,49838,37832
2024-04-28T04:00:00Z,131530,96404,88823,62538,35126,28891,28711,43019,33796
2024-04-28T05:00:00Z,141033,101391,92873,63860,39642,31116,30941,46816,36554
2024-04-28T06:00:00Z,167210,119217,111365,72293,47993,37186,36991,60665,47831
2024-04-28T07:00:00Z,163342,126360,106822,77877,36982,39340,39152,52427,38956
2024-04-28T08:00:00Z,175497,136802,114412,84246,38695,41405,41217,56333,42230
2024-04-28T09:00:00Z,177378,136698,118492,86312,40680,42927,42734,60805,46428
2024-04-28T10:00:00Z,172469,134293,117116,86982,38176,41372,41143,58835,46606
2024-04-28T11:00:00Z,165717,129264,108658,79495,36453,41498,41320,55747,43156
2024-04-28T12:00:00Z,236685,127037,181817,80875,109648,43557,43342,95377,82466
2024-04-28T13:00:00Z,195483,139514,135357,87625,55969,46249,46061,82643,67914
2024-04-28T14:00:00Z,187726,154488,124883,98575,33238,50361,50170,64984,50324
2024-04-28T15:00:00Z,197847,156063,127547,94963,41784,50278,50094,69330,54918
2024-04-28T16:00:00Z,188133,149863,125118,95840,38270,49100,48903,65955,52487
2024-04-28T17:00:00Z,181618,147656,121459,95533,33962,47945,47729,61239,48576
2024-04-28T18:00:00Z,198582,146027,136006,94332,52555,47242,46987,72468,60458
2024-04-28T19:00:00Z,176230,136633,116781,87379,39597,43655,43468,57090,45698
2024-04-28T20:00:00Z,174147,134871,116006,84906,39276,41025,40843,56994,46050
2024-04-28T21:00:00Z,164426,125863,106664,76276,38563,37387,37213,55857,43742
2024-04-28T22:00:00Z,145067,108659,98999,71446,36408,33060,32902,47278,38145
2024-04-28T23:00:00Z,143384,108120,94575,67864,35264,32586,32434,45049,36901
2024-04-29T00:00:00Z,186480,107814,128375,71747,78666,35082,34822,82597,72789
2024-04-29T01:00:00Z,205892,114084,136769,72621,91808,39142,38911,90881,78770
2024-04-29T02:00:00Z,182042,132354,110039,80054,49688,41154,40934,56354,42742
2024-04-29T03:00:00Z,189545,125914,117023,78089,63631,40436,40198,60878,46934
2024-04-29T04:00:00Z,179887,119165,112516,76410,60722,38059,37814,56132,44531
2024-04-29T05:00:00Z,198330,145773,115208,82358,52557,42283,42048,60293,46596
2024-04-29T06:00:00Z,228189,163850,139168,97097,64339,51971,51693,78360,60942
2024-04-29T07:00:00Z,234227,178208,137987,105089,56019,57905,57610,72866,54219
2024-04-29T08:00:00Z,256002,197017,145373,110982,58985,61826,61492,78260,58836
2024-04-29T09:00:00Z,259242,201037,151627,116366,58205,63378,63056,80949,61744
2024-04-29T10:00:00Z,250094,193028,143593,110158,57066,58879,58565,76417,59577
2024-04-29T11:00:00Z,246075,189607,144672,111583,56468,60626,60293,75469,57964
2024-04-29T12:00:00Z,295963,186281,193853,106293,109682,63392,62971,112582,94297
2024-04-29T13:00:00Z,282700,216781,159196,113649,65919,68629,68299,99187,79555
2024-04-29T14:00:00Z,273627,222959,149137,119237,50668,72728,72371,86983,67046
2024-04-29T15:00:00Z,273848,211491,160391,121571,62357,71053,70652,90614,71360
2024-04-29T16:00:00Z,260788,205390,150941,117172,55398,66822,66434,85441,67439
2024-04-29T17:00:00Z,249208,194769,146436,113479,54439,63368,63035,80610,63772
2024-04-29T18:00:00Z,258570,186372,157640,111760,72198,61954,61583,90350,74279
2024-04-29T19:00:00Z,241179,179509,140968,105910,61670,57058,56734,74017,59093
2024-04-29T20:00:00Z,232761,168696,138923,101846,64065,54499,54143,74668,60520
2024-04-29T21:00:00Z,222239,153110,133308,93383,69129,47509,47198,67553,54905
2024-04-29T22:00:00Z,217874,158957,115748,81234,58917,40410,40124,57110,46305
2024-04-29T23:00:00Z,192797,137700,109624,77061,55097,39380,39120,54911,45141
2024-04-30T00:00:00Z,206327,128735,141943,83671,77592,42016,41707,91446,80537
2024-04-30T01:00:00Z,209891,135164,138968,79828,74727,44050,43780,96685,82961
2024-04-30T02:00:00Z,175256,133877,109399,81111,41379,44370,44135,60133,45392
2024-04-30T03:00:00Z,187893,139278,113439,79518,48615,42388,42143,61798,47615
2024-04-30T04:00:00Z,180309,132857,111825,80020,47452,39676,39431,56933,45096
2024-04-30T05:00:00Z,200124,150552,116110,83557,49572,43512,43252,62445,48332
2024-04-30T06:00:00Z,215935,160616,133397,93109,55319,53517,53220,79065,61548
2024-04-30T07:00:00Z,232619,186397,134257,102810,46222,59011,58726,73585,54762
2024-04-30T08:00:00Z,249994,200323,146463,113988,49671,63480,63121,80212,60937
2024-04-30T09:00:00Z,250350,197986,149145,114088,52364,63535,63166,82109,63092
2024-04-30T10:00:00Z,242189,191954,145036,112351,50235,59255,58888,77223,60072
2024-04-30T11:00:00Z,241491,195001,141983,111986,46490,58948,58613,72750,56368
2024-04-30T12:00:00Z,290098,187634,193599,105696,102464,61134,60761,110266,93241
2024-04-30T13:00:00Z,274827,215731,158943,114955,59096,67802,67429,96712,77427
2024-04-30T14:00:00Z,262291,216526,154495,124686,45765,72509,72089,88075,68456
2024-04-30T15:00:00Z,253464,202704,152268,117162,50760,69493,69086,87742,69028
2024-04-30T16:00:00Z,230479,183293,137939,107024,47186,63008,62627,80203,62971
2024-04-30T17:00:00Z,202114,165738,118543,94940,36376,56307,55993,68756,53671
2024-04-30T18:00:00Z,241281,184992,153086,112669,56289,59378,58996,85989,70276
2024-04-30T19:00:00Z,222357,175367,135225,104840,46990,53780,53462,68246,54560
2024-04-30T20:00:00Z,213957,167307,134854,102288,46650,50783,50469,68215,54705
2024-04-30T21:00:00Z,196411,148316,124902,91860,48095,46031,45709,63229,51009
2024-04-30T22:00:00Z,179214,134076,114581,84469,45138,40268,39996,54992,44343
2024-04-30T23:00:00Z,170686,129609,109217,80495,41077,37938,37691,51167,41893
2024-05-01T00:00:00Z,207505,124026,140598,80963,83479,37219,36875,86842,77064
2024-05-01T01:00:00Z,206945,115101,143229,75210,91844,35591,35317,94074,84232
2024-05-01T02:00:00Z,176118,121234,109289,75511,54884,34130,33905,51226,41278
2024-05-01T03:00:00Z,182374,118246,116031,74165,64128,33897,33647,53988,43227
2024-05-01T04:00:00Z,172591,119569,110442,76288,53022,34467,34233,51299,41052
2024-05-01T05:00:00Z,175391,122778,110315,77328,52613,36243,36016,54379,43518
2024-05-01T06:00:00Z,188065,130830,123786,83615,57235,40229,39983,66120,54396
2024-05-01T07:00:00Z,191197,146241,118082,89380,44956,42529,42236,57847,45373
2024-05-01T08:00:00Z,218206,171063,127122,97767,47143,45220,44949,61496,48454
2024-05-01T09:00:00Z,226475,162702,136529,96792,63773,47212,46952,66789,53372
2024-05-01T10:00:00Z,215172,155551,128800,91637,59621,47883,47616,65995,52613
2024-05-01T11:00:00Z,208895,155031,128329,94706,53864,49316,49043,64179,50447
2024-05-01T12:00:00Z,270820,158144,192476,98699,112676,51930,51628,103829,89521
2024-05-01T13:00:00Z,242899,175163,154753,105901,67736,58995,58686,92429,75908
2024-05-01T14:00:00Z,245681,189633,144809,113238,56048,63764,63436,81526,63922
2024-05-01T15:00:00Z,246131,189435,149223,112879,56696,63794,63459,83762,66895
2024-05-01T16:00:00Z,247264,191328,146582,112614,55936,62241,61910,78978,62673
2024-05-01T17:00:00Z,244044,184038,146276,111349,60006,59552,59205,76003,60595
2024-05-01T18:00:00Z,263359,194887,152805,107144,68472,57092,56714,84198,69545
2024-05-01T19:00:00Z,232009,171253,140053,105518,60756,53554,53222,70795,56853
2024-05-01T20:00:00Z,220349,163079,132956,98421,57270,50725,50375,70155,56751
2024-05-01T21:00:00Z,204349,149277,129218,93578,55072,45845,45530,64568,52780
2024-05-01T22:00:00Z,177604,130310,112878,83193,47294,39989,39708,54251,43953
2024-05-01T23:00:00Z,170052,121247,109164,77912,48805,37454,37189,52108,42309
2024-05-02T00:00:00Z,200414,118019,140268,77971,82395,37347,37015,87653,77956
2024-05-02T01:00:00Z,196887,118361,135645,74123,78526,37150,36889,90017,79641
2024-05-02T02:00:00Z,171301,124013,109943,77170,47288,37565,37348,53647,42788
2024-05-02T03:00:00Z,177244,123136,114548,76314,54108,36918,36686,57531,46332
2024-05-02T04:00:00Z,166980,126169,107658,79016,40811,38409,38174,54607,43262
2024-05-02T05:00:00Z,182506,130974,113588,80032,51532,40559,40321,59683,47273
2024-05-02T06:00:00Z,209547,153941,133440,92674,55606,47678,47412,74166,59645
2024-05-02T07:00:00Z,221949,179647,135862,107257,42302,53249,52956,67037,51371
2024-05-02T08:00:00Z,237036,186647,142964,109291,50389,58030,57718,74149,57485
2024-05-02T09:00:00Z,246930,188753,149180,111167,58177,57744,57412,77637,61038
2024-05-02T10:00:00Z,238176,184826,145268,110540,53350,57093,56748,75693,59466
2024-05-02T11:00:00Z,245547,196946,142346,110442,48601,57747,57413,72935,56989
2024-05-02T12:00:00Z,294915,189078,198875,109829,105837,61815,61424,113149,95944
2024-05-02T13:00:00Z,274844,208056,169712,121229,66788,68424,68041,99778,81277
2024-05-02T14:00:00Z,263265,216068,154046,124394,47197,73261,72872,87397,68358
2024-05-02T15:00:00Z,259999,205694,154136,117844,54305,70081,69704,90214,71876
2024-05-02T16:00:00Z,247964,194928,148805,115456,53036,65588,65212,82446,65486
2024-05-02T17:00:00Z,258638,208285,142204,111489,50353,60941,60593,77493,60360
2024-05-02T18:00:00Z,255511,193799,149572,106719,61712,59325,58957,85484,70527
2024-05-02T19:00:00Z,222098,172076,135741,104216,50022,56014,55625,70912,56966
2024-05-02T20:00:00Z,211423,165510,134463,102556,45913,53348,52952,69304,56218
2024-05-02T21:00:00Z,200983,150401,127577,93253,50582,46797,46478,64678,53048
2024-05-02T22:00:00Z,181894,137396,110254,81345,44498,39639,39368,53207,43283
2024-05-02T23:00:00Z,186395,144659,105943,77763,41736,37685,37453,51094,41422
2024-05-03T00:00:00Z,204429,136836,129381,78084,67593,37517,37207,80103,70632
2024-05-03T01:00:00Z,198390,123826,138040,77793,74564,37804,37548,89895,80022
2024-05-03T02:00:00Z,168342,127640,107407,77121,40702,36320,36105,52759,42557
2024-05-03T03:00:00Z,164808,115461,108604,74180,49347,36281,36042,55432,44510
2024-05-03T04:00:00Z,160094,119873,106890,78564,40221,36956,36726,53346,42718
2024-05-03T05:00:00Z,167687,125906,110074,80279,41781,38828,38603,55516,43503
2024-05-03T06:00:00Z,201896,148922,129469,89890,52974,46124,45855,70707,57201
2024-05-03T07:00:00Z,204585,160501,125169,95155,44084,51496,51168,64989,50182
2024-05-03T08:00:00Z,219492,172029,134316,101998,47463,55300,54940,71059,55254
2024-05-03T09:00:00Z,230864,176422,141375,104233,54442,56872,56548,75775,59928
2024-05-03T10:00:00Z,225225,175398,141437,107622,49827,54724,54403,72457,57839
2024-05-03T11:00:00Z,222289,178035,136277,106870,44254,55698,55398,69566,54067
2024-05-03T12:00:00Z,285092,175162,201796,106787,109930,59114,58794,109067,92465
2024-05-03T13:00:00Z,265075,205743,152365,107275,59332,63203,62878,94051,76317
2024-05-03T14:00:00Z,245113,201110,146307,116981,44003,68481,68151,82796,64143
2024-05-03T15:00:00Z,246546,193405,150333,113898,53141,64736,64420,83789,66127
2024-05-03T16:00:00Z,238560,187651,144546,111582,50909,60768,60383,78160,61863
2024-05-03T17:00:00Z,220773,178074,136161,107543,42699,57124,56774,71201,56003
2024-05-03T18:00:00Z,229198,171606,144482,103401,57592,54670,54337,80890,66326
2024-05-03T19:00:00Z,219546,167732,128418,97239,51814,49863,49560,66875,53425
2024-05-03T20:00:00Z,207216,154617,128526,94430,52599,46559,46186,65346,52628
2024-05-03T21:00:00Z,199080,131122,124041,82440,67958,40763,40469,62016,50771
2024-05-03T22:00:00Z,177524,117608,112780,75596,59916,35345,35089,53246,43369
2024-05-03T23:00:00Z,153209,108850,103798,71666,44359,33183,32965,47643,38643
2024-05-04T00:00:00Z,176256,101637,127604,68888,74619,31531,31246,80289,71668
2024-05-04T01:00:00Z,167380,92908,122447,62201,74472,29555,29328,81261,72372
2024-05-04T02:00:00Z,131933,94083,90227,62673,37850,28018,27829,43416,34221
2024-05-04T03:00:00Z,141915,97244,96762,62950,44671,28915,28717,48120,38557
2024-05-04T04:00:00Z,136528,100645,91622,64304,35883,29178,28993,43905,34761
2024-05-04T05:00:00Z,142703,101365,96278,64999,41338,30135,29952,46144,37041
2024-05-04T06:00:00Z,159784,108401,112017,69941,51383,33366,33166,59394,48937
2024-05-04T07:00:00Z,161055,120448,103734,71824,40607,35085,34921,49931,38384
2024-05-04T08:00:00Z,168577,125135,110283,76994,43442,37044,36810,53572,41852
2024-05-04T09:00:00Z,175821,129546,120023,83546,46275,38614,38407,59264,47322
2024-05-04T10:00:00Z,162712,124088,109148,78841,38624,39198,39025,55496,44351
2024-05-04T11:00:00Z,173066,138237,107384,80174,34829,40340,40155,53060,41556
2024-05-04T12:00:00Z,247129,129622,190010,81301,117507,41892,41707,93532,81597
2024-05-04T13:00:00Z,191836,138203,133292,87261,53633,45055,44891,78788,65642
2024-05-04T14:00:00Z,182964,145972,122707,94217,36992,48152,47954,63153,49283
2024-05-04T15:00:00Z,194030,146022,130834,93135,48008,47437,47248,68056,54497
2024-05-04T16:00:00Z,192182,150220,126845,95355,41962,46134,45933,61838,49172
2024-05-04T17:00:00Z,172412,138208,115261,88816,34204,44433,44263,58847,46503
2024-05-04T18:00:00Z,189630,140773,127561,87808,48857,42899,42712,69751,58216
2024-05-04T19:00:00Z,158028,122877,107170,80446,35151,38957,38782,52326,41834
2024-05-04T20:00:00Z,155605,116556,107456,77178,39049,36262,36082,52965,42991
2024-05-04T21:00:00Z,170588,126767,103766,68449,43821,32109,31950,50024,40579
2024-05-04T22:00:00Z,136947,99897,92337,63179,37050,28679,28515,42005,33973
2024-05-04T23:00:00Z,124271,90116,88153,60679,34155,27791,27648,40604,32987
2024-05-05T00:00:00Z,159031,93381,114666,61029,65650,27126,26883,72573,64847
2024-05-05T01:00:00Z,160893,91576,121789,61722,69317,27937,27732,82730,74437
2024-05-05T02:00:00Z,118911,84873,83196,57714,34038,26086,25922,40082,31658
2024-05-05T03:00:00Z,138703,94442,93769,59739,44261,27026,26855,44839,35840
2024-05-05T04:00:00Z,129834,94111,88248,60784,35723,27668,27472,42056,33549
2024-05-05T05:00:00Z,142530,106606,97755,69300,35924,28892,28704,44819,35659
2024-05-05T06:00:00Z,153407,106513,109358,69845,46894,32557,32373,58306,47733
2024-05-05T07:00:00Z,191430,158163,102728,75892,33267,33689,33526,46914,35721
2024-05-05T08:00:00Z,174868,140364,101440,74027,34504,36692,36498,52050,40257
2024-05-05T09:00:00Z,181482,133598,111468,76854,47884,38259,38073,57941,45825
2024-05-05T10:00:00Z,179734,135614,110615,79482,44120,38779,38530,55757,44000
2024-05-05T11:00:00Z,172752,134755,107952,79872,37997,39953,39732,53086,41038
2024-05-05T12:00:00Z,250024,132912,192039,84369,117112,42891,42681,96097,82967
2024-05-05T13:00:00Z,199026,141418,138239,89274,57608,46660,46472,80104,66234
2024-05-05T14:00:00Z,193390,156408,125418,97056,36982,50362,50159,65243,50695
2024-05-05T15:00:00Z,200167,155807,131892,97728,44360,50085,49878,71862,57334
2024-05-05T16:00:00Z,209834,170392,126543,97570,39442,48186,47970,65561,52246
2024-05-05T17:00:00Z,189457,152134,125964,97378,37323,47475,47287,63310,50333
2024-05-05T18:00:00Z,201742,150222,138282,96880,51520,46421,46222,73569,61343
2024-05-05T19:00:00Z,177375,140123,122960,94451,37252,42781,42580,57208,45919
2024-05-05T20:00:00Z,174605,133354,122454,89387,41251,40266,40068,57625,46832
2024-05-05T21:00:00Z,161704,117822,112854,79051,43882,35600,35428,54329,44452
2024-05-05T22:00:00Z,145455,109027,101960,74966,36428,31895,31717,46347,37911
2024-05-05T23:00:00Z,138123,104553,97310,70960,33570,31239,31081,44361,36471
2024-05-06T00:00:00Z,188510,109215,131628,74688,79295,33147,32882,81023,71690
2024-05-06T01:00:00Z,208097,114386,136312,71755,93711,37680,37441,91567,79308
2024-05-06T02:00:00Z,175754,121152,108472,75673,54602,39941,39723,56985,43486
2024-05-06T03:00:00Z,199626,133143,115735,74082,66483,39297,39080,60577,47110
2024-05-06T04:00:00Z,191709,134591,109275,75615,57118,36950,36728,53813,42632
2024-05-06T05:00:00Z,195441,143135,113629,80688,52306,40951,40737,58250,45025
2024-05-06T06:00:00Z,237160,170168,136076,91234,66992,50492,50196,78370,61405
2024-05-06T07:00:00Z,234770,182137,127563,95814,52633,56029,55747,70043,51419
2024-05-06T08:00:00Z,248385,191252,140006,105582,57133,60148,59805,76438,57275
2024-05-06T09:00:00Z,248768,189007,148705,110076,59761,61953,61628,82196,63695
2024-05-06T10:00:00Z,235457,177439,143842,107855,58018,58851,58538,77029,60562
2024-05-06T11:00:00Z,236363,182738,141172,108506,53625,60196,59868,74465,57506
2024-05-06T12:00:00Z,291861,181603,197947,109758,110258,63287,62941,114795,96631
2024-05-06T13:00:00Z,277427,206123,168065,118929,71304,69725,69365,101711,82324
2024-05-06T14:00:00Z,278053,219425,158569,125359,58628,73669,73299,90163,69518
2024-05-06T15:00:00Z,276403,207555,162617,121600,68848,70328,69951,92224,72735
2024-05-06T16:00:00Z,267371,200558,156874,120530,66813,66064,65681,85305,67184
2024-05-06T17:00:00Z,253765,191101,151328,116025,62664,62343,61990,80152,63382
2024-05-06T18:00:00Z,260918,181361,158251,110596,79557,60940,60567,90428,73160
2024-05-06T19:00:00Z,228236,163353,120727,92599,64883,56881,56520,76697,51456
2024-05-06T20:00:00Z,223026,155332,121075,88878,67694,53465,53083,76069,52232
2024-05-06T21:00:00Z,215466,148628,112523,79687,66838,46431,46082,70200,48322
2024-05-06T22:00:00Z,184995,126055,103788,73125,58940,41330,41007,59242,41651
2024-05-06T23:00:00Z,163097,116281,97569,70977,46816,39835,39569,55120,39356
2024-05-07T00:00:00Z,199459,120305,132941,74603,79154,41210,40857,94859,77800
2024-05-07T01:00:00Z,205222,128894,127898,70889,76328,44514,44235,99308,79770
2024-05-07T02:00:00Z,170864,129395,97822,71948,41469,45119,44891,63228,42320
2024-05-07T03:00:00Z,182544,130094,106198,70932,52450,43489,43244,66437,45878
2024-05-07T04:00:00Z,167571,122749,96606,69088,44822,40584,40336,58202,39803
2024-05-07T05:00:00Z,190476,140632,103515,73187,49844,44549,44280,62556,42050
2024-05-07T06:00:00Z,215541,159135,122592,83443,56406,54662,54338,83436,58232
2024-05-07T07:00:00Z,216723,170381,117860,90710,46342,60668,60367,76778,49763
2024-05-07T08:00:00Z,235027,185456,124894,96892,49571,65720,65393,82173,54083
2024-05-07T09:00:00Z,234312,183221,129077,96624,51091,66733,66373,85754,57780
2024-05-07T10:00:00Z,225368,175925,125478,95662,49443,61905,61560,79176,53740
2024-05-07T11:00:00Z,226709,177023,125222,96733,49686,63405,63060,78318,52126
2024-05-07T12:00:00Z,272076,170031,175968,90478,102045,64588,64232,112914,86489
2024-05-07T13:00:00Z,262319,198900,149468,105599,63419,73228,72867,104661,75128
2024-05-07T14:00:00Z,265499,219780,138474,111959,45719,75557,75176,90889,61056
2024-05-07T15:00:00Z,257150,203801,143225,110007,53349,73796,73416,95361,66170
2024-05-07T16:00:00Z,246568,191735,135053,103335,54833,68346,67938,85848,58847
2024-05-07T17:00:00Z,240912,189525,128252,98737,51387,63145,62778,80109,54917
2024-05-07T18:00:00Z,239675,181152,138136,98814,58523,61486,61112,90460,66662
2024-05-07T19:00:00Z,210788,167152,121847,95644,43636,56930,56593,71862,50098
2024-05-07T20:00:00Z,207528,160756,120126,90167,46772,53247,52890,70721,50482
2024-05-07T21:00:00Z,202139,146474,119218,83807,55665,46975,46665,66660,48507
2024-05-07T22:00:00Z,179481,129890,106773,75466,49591,40841,40544,56161,40046
2024-05-07T23:00:00Z,157931,117965,97662,71719,39966,38912,38586,52972,38660
2024-05-08T00:00:00Z,211653,123001,144460,73411,88652,41077,40712,107317,91382
2024-05-08T01:00:00Z,188168,121798,122921,70868,66370,42591,42311,88345,70215
2024-05-08T02:00:00Z,179715,142667,98371,73703,37048,43606,43368,59230,38727
2024-05-08T03:00:00Z,168596,123664,102371,69976,44932,42520,42289,62661,43474
2024-05-08T04:00:00Z,157956,114616,98676,68216,43340,38743,38506,56537,39688
2024-05-08T05:00:00Z,177463,129300,106332,74621,48163,44178,43918,61656,42085
2024-05-08T06:00:00Z,209199,159019,117094,80393,50180,52987,52664,77875,53963
2024-05-08T07:00:00Z,207865,170079,113478,88687,37786,59339,59030,74223,47329
2024-05-08T08:00:00Z,225224,180810,124513,96421,44414,64960,64635,80998,54025
2024-05-08T09:00:00Z,228224,180582,127896,96201,47642,64694,64342,84229,57359
2024-05-08T10:00:00Z,239287,196963,122968,94393,42324,59744,59409,75989,51608
2024-05-08T11:00:00Z,235919,194002,116961,89881,41917,60163,59832,73531,48887
2024-05-08T12:00:00Z,265117,171174,160692,85784,93943,61374,61048,109948,84832
2024-05-08T13:00:00Z,261528,195871,145956,98931,65657,69809,69440,103438,75721
2024-05-08T14:00:00Z,260909,211665,135579,105939,49244,73225,72840,89027,60894
2024-05-08T15:00:00Z,252897,201267,136265,103282,51630,70367,70009,91945,64271
2024-05-08T16:00:00Z,234696,189848,127579,100283,44848,66797,66433,82926,57724
2024-05-08T17:00:00Z,228205,186944,120788,95450,41261,62141,61808,76302,52846
2024-05-08T18:00:00Z,237848,184527,129735,91716,53321,59196,58845,85628,63636
2024-05-08T19:00:00Z,204027,158397,119126,89954,45630,54494,54150,68273,47706
2024-05-08T20:00:00Z,214658,162324,115394,82200,52334,49475,49075,67660,48813
2024-05-08T21:00:00Z,209518,153035,110657,76560,56483,44535,44205,64967,46871
2024-05-08T22:00:00Z,181789,130367,104452,76014,51422,39888,39603,56755,40412
2024-05-08T23:00:00Z,172270,127704,95967,69473,44566,38066,37806,52686,37996
2024-05-09T00:00:00Z,188786,115932,126104,72649,72854,39969,39649,89205,73544
2024-05-09T01:00:00Z,192342,119518,129430,72851,72824,42585,42271,94725,76997
2024-05-09T02:00:00Z,167967,126855,100014,73810,41112,43644,43361,59244,39537
2024-05-09T03:00:00Z,171277,123556,105232,70473,47721,42086,41819,63316,44361
2024-05-09T04:00:00Z,156424,115785,98351,70063,40639,38172,37943,55495,39135
2024-05-09T05:00:00Z,172002,127728,101999,72712,44274,42009,41767,59895,40753
2024-05-09T06:00:00Z,198541,145629,120182,79996,52912,50132,49867,78664,55991
2024-05-09T07:00:00Z,194850,156324,110667,84663,38526,54524,54285,69222,44195
2024-05-09T08:00:00Z,226859,175705,112422,85605,51154,56768,56464,73618,47873
2024-05-09T09:00:00Z,219389,161986,122593,89464,57403,58731,58375,80729,54242
2024-05-09T10:00:00Z,212252,161469,118468,90179,50783,56908,56593,75578,50913
2024-05-09T11:00:00Z,209278,159058,114021,87059,50220,56207,55915,72611,47753
2024-05-09T12:00:00Z,272434,161856,181687,88354,110578,59241,58910,112413,88218
2024-05-09T13:00:00Z,236826,177413,140888,96464,59413,65936,65605,98755,72109
2024-05-09T14:00:00Z,233074,190576,130515,103130,42498,69677,69340,85696,58054
2024-05-09T15:00:00Z,252342,195199,133522,99430,57143,66848,66412,92332,63633
2024-05-09T16:00:00Z,229420,178146,127909,99134,51274,64529,64157,82788,56636
2024-05-09T17:00:00Z,219637,171225,124479,96164,48412,61343,60982,77283,52855
2024-05-09T18:00:00Z,223056,164470,135688,94591,58586,59541,59123,88056,64793
2024-05-09T19:00:00Z,208643,162629,117602,89212,46014,53467,53136,68810,47867
2024-05-09T20:00:00Z,198661,152693,115044,85065,45968,50471,50133,67700,48180
2024-05-09T21:00:00Z,182067,133918,111331,79450,48149,45567,45217,65721,48178
2024-05-09T22:00:00Z,168251,122943,100767,72196,45308,39347,39055,54916,39053
2024-05-09T23:00:00Z,155638,113995,97243,70783,41643,38116,37864,52635,38070
2024-05-10T00:00:00Z,188540,117011,124912,72038,71529,39628,39298,88350,72053
2024-05-10T01:00:00Z,193249,118422,126278,70503,74827,42339,42061,95374,76006
2024-05-10T02:00:00Z,179120,136715,96743,70893,42405,42364,42072,60110,39156
2024-05-10T03:00:00Z,183184,133414,103648,68961,49770,40767,40522,63982,42401
2024-05-10T04:00:00Z,176141,134116,95162,68115,42025,36780,36558,55095,36623
2024-05-10T05:00:00Z,173693,127368,103780,73884,46325,40909,40670,59153,39722
2024-05-10T06:00:00Z,196346,141284,118429,78042,55062,50115,49763,77319,54646
2024-05-10T07:00:00Z,205043,164908,115688,89488,40135,54557,54245,69032,45262
2024-05-10T08:00:00Z,220137,173533,124698,94652,46604,58645,58259,75080,50648
2024-05-10T09:00:00Z,219001,172016,123054,90997,46985,59471,59133,78031,53261
2024-05-10T10:00:00Z,215516,169512,120074,88964,46004,57427,57088,74144,51515
2024-05-10T11:00:00Z,206373,165023,117992,90740,41350,56229,55909,69719,47476
2024-05-10T12:00:00Z,269269,167035,180988,92054,102234,58462,58097,110593,87208
2024-05-10T13:00:00Z,242490,182597,148912,102837,59893,64607,64275,97075,71853
2024-05-10T14:00:00Z,241477,203488,128980,103678,37989,67281,66933,80596,55023
2024-05-10T15:00:00Z,238421,192211,130693,98692,46210,63773,63408,83445,59047
2024-05-10T16:00:00Z,215731,174486,124635,98393,41245,61041,60671,76376,52312
2024-05-10T17:00:00Z,202912,164017,119686,94353,38895,56000,55699,70036,48479
2024-05-10T18:00:00Z,210104,154062,131237,90802,56042,53396,53052,81712,60724
2024-05-10T19:00:00Z,199653,154627,117471,88894,45026,48982,48662,63273,44534
2024-05-10T20:00:00Z,191089,145828,115630,85251,45261,45803,45456,63355,45783
2024-05-10T21:00:00Z,175670,128223,109293,76813,47447,40008,39684,60134,44230
2024-05-10T22:00:00Z,150010,107712,95570,67539,42298,34185,33922,49016,35304
2024-05-10T23:00:00Z,137860,100482,91291,65655,37378,32205,31977,46145,33688
2024-05-11T00:00:00Z,172878,103799,123579,69876,69079,31867,31590,81154,67888
2024-05-11T01:00:00Z,173364,100762,124215,66048,72602,32841,32596,85600,70947
2024-05-11T02:00:00Z,142895,103806,92348,64964,39089,33377,33168,48484,32530
2024-05-11T03:00:00Z,161130,118855,96652,63696,42275,32829,32641,52090,36544
2024-05-11T04:00:00Z,130880,95084,87783,60673,35796,30033,29856,44942,31430
2024-05-11T05:00:00Z,138706,101139,90758,62995,37567,32721,32546,48915,33762
2024-05-11T06:00:00Z,162734,115146,107611,67966,47588,38744,38549,65772,47454
2024-05-11T07:00:00Z,162370,128150,99645,73490,34220,40766,40575,55392,36341
2024-05-11T08:00:00Z,166875,128832,104362,75325,38043,43019,42802,58922,39093
2024-05-11T09:00:00Z,168620,128077,107914,76053,40543,44242,44042,64242,44551
2024-05-11T10:00:00Z,162094,124998,103717,75364,37096,41937,41747,58889,40900
2024-05-11T11:00:00Z,166472,130114,109301,81951,36358,40692,40516,54833,37485
2024-05-11T12:00:00Z,243631,128105,182285,77659,115526,42803,42611,97605,79252
2024-05-11T13:00:00Z,196351,139434,129117,82601,56917,45233,45052,79777,60589
2024-05-11T14:00:00Z,180821,141337,113657,85529,39484,48852,48666,64514,44344
2024-05-11T15:00:00Z,186532,142341,116061,81497,44191,47816,47633,70140,50435
2024-05-11T16:00:00Z,177611,138246,112144,82481,39365,46955,46758,64810,46464
2024-05-11T17:00:00Z,161428,127745,104725,78872,33683,44156,43989,59510,41688
2024-05-11T18:00:00Z,171891,123397,117527,77096,48494,41829,41643,70533,54200
2024-05-11T19:00:00Z,152211,118747,101008,74856,33464,37142,36981,50828,36069
2024-05-11T20:00:00Z,148005,111271,103055,73587,36734,34671,34510,51278,37583
2024-05-11T21:00:00Z,140719,100745,99812,67329,39974,30808,30650,50215,37855
2024-05-11T22:00:00Z,126260,92666,89921,63063,33594,26789,26633,40448,29834
2024-05-11T23:00:00Z,122553,89156,87158,61821,33397,26797,26638,40208,29946
2024-05-12T00:00:00Z,146809,87846,109879,61837,58963,26697,26473,71710,60915
2024-05-12T01:00:00Z,161376,92773,120818,61477,68603,26811,26615,82246,71543
2024-05-12T02:00:00Z,121075,88759,83226,58929,32316,26029,25860,41063,29705
2024-05-12T03:00:00Z,137851,93606,92237,57919,44245,26864,26697,46856,34756
2024-05-12T04:00:00Z,125361,89475,85607,58484,35886,27363,27205,42266,30072
2024-05-12T05:00:00Z,133943,95726,89204,60060,38217,28606,28432,44974,32198
2024-05-12T06:00:00Z,152150,105521,101852,62813,46629,32018,31829,58834,44759
2024-05-12T07:00:00Z,136007,104037,89976,64325,31970,34358,34203,47703,32518
2024-05-12T08:00:00Z,161058,127563,96199,69756,33495,37121,36959,52593,36739
2024-05-12T09:00:00Z,168865,129255,102401,69626,39610,37510,37344,58532,42687
2024-05-12T10:00:00Z,187824,152729,96159,67225,35095,37335,37184,54771,39155
2024-05-12T11:00:00Z,162061,128495,101556,73583,33566,40483,40320,55771,39139
2024-05-12T12:00:00Z,237093,125857,179330,76386,111236,43491,43299,99304,81409
2024-05-12T13:00:00Z,191929,136247,128989,81126,55682,47052,46864,82278,63142
2024-05-12T14:00:00Z,179176,142952,116203,88045,36224,51444,51236,67293,47202
2024-05-12T15:00:00Z,187575,143985,120826,86521,43590,50026,49830,72629,53111
2024-05-12T16:00:00Z,179264,140408,114729,86454,38856,48422,48229,65833,46923
2024-05-12T17:00:00Z,171148,134090,114665,84387,37058,46165,46002,63425,45953
2024-05-12T18:00:00Z,185340,133576,128562,84798,51764,44976,44793,76419,59536
2024-05-12T19:00:00Z,163497,124697,109410,78415,38800,41274,41109,58470,42945
2024-05-12T20:00:00Z,178851,142994,102959,73419,35857,38070,37890,54800,40589
2024-05-12T21:00:00Z,145330,106101,101961,70123,39229,34592,34408,53386,40647
2024-05-12T22:00:00Z,130797,95711,91247,64550,35086,30101,29908,43937,32140
2024-05-12T23:00:00Z,129337,96666,86941,62582,32671,30368,30179,43437,32125
2024-05-13T00:00:00Z,177165,102676,118597,67119,74489,33231,32949,81819,67394
2024-05-13T01:00:00Z,193847,107514,127124,67957,86333,37846,37604,92774,74721
2024-05-13T02:00:00Z,166130,119717,96777,70474,46413,40376,40115,56481,36828
2024-05-13T03:00:00Z,182315,120780,108122,70751,61535,39549,39320,62310,43126
2024-05-13T04:00:00Z,170069,118409,97900,69421,51660,36672,36444,53208,36235
2024-05-13T05:00:00Z,180989,131412,106350,76773,49577,41428,41194,59389,39795
2024-05-13T06:00:00Z,211397,148433,122723,82816,62964,52130,51849,80912,56129
2024-05-13T07:00:00Z,227045,178149,116997,88957,48896,59652,59376,74149,47421
2024-05-13T08:00:00Z,236340,183279,125968,96697,53061,64890,64488,80800,52566
2024-05-13T09:00:00Z,246531,194511,124420,93781,52020,63515,63129,82064,54948
2024-05-13T10:00:00Z,241430,189271,122700,92524,52159,59691,59352,78067,53568
2024-05-13T11:00:00Z,228978,179522,124705,97340,49456,62399,62066,77005,50688
2024-05-13T12:00:00Z,282898,178240,180709,97468,104658,66063,65714,117493,90332
2024-05-13T13:00:00Z,265184,198298,149212,104324,66886,72298,71912,105015,75633
2024-05-13T14:00:00Z,258099,205034,139922,111900,53065,76282,75838,91041,61125
2024-05-13T15:00:00Z,257846,197950,140604,106890,59896,73251,72837,95357,65935
2024-05-13T16:00:00Z,241778,189434,131317,103968,52344,68026,67571,85973,58248
2024-05-13T17:00:00Z,233490,183548,128928,102492,49942,64204,63835,80964,54906
2024-05-13T18:00:00Z,248658,180724,140030,99408,67934,61290,60921,91161,66668
2024-05-13T19:00:00Z,225933,171942,122525,94455,53991,57061,56707,73626,50559
2024-05-13T20:00:00Z,230222,172655,126736,95026,57567,54190,53784,74812,53122
2024-05-13T21:00:00Z,204127,144998,115767,82537,59129,47433,47078,69674,50099
2024-05-13T22:00:00Z,181236,126878,104128,74601,54358,41275,40959,58617,40885
2024-05-13T23:00:00Z,181615,122939,101574,73599,58676,40297,40014,61274,41111
2024-05-14T00:00:00Z,201234,127318,134143,77896,73916,42030,41711,95757,78914
2024-05-14T01:00:00Z,207850,134371,139445,80030,73479,44542,44259,100623,81971
2024-05-14T02:00:00Z,184074,145268,107834,80884,38806,44986,44750,60831,41243
2024-05-14T03:00:00Z,193323,143847,114147,78262,49476,43039,42806,65454,46139
2024-05-14T04:00:00Z,174676,134745,100951,72938,39931,40762,40524,56979,39507
2024-05-14T05:00:00Z,190177,143786,108242,77176,46391,44895,44627,63633,43947
2024-05-14T06:00:00Z,220419,164993,128358,87508,55426,54875,54571,85382,61064
2024-05-14T07:00:00Z,219692,176584,122688,95101,43108,62682,62351,77714,50906
2024-05-14T08:00:00Z,233092,186054,127785,98522,47038,67094,66703,84332,56529
2024-05-14T09:00:00Z,238220,188298,132449,99050,49922,66171,65819,85803,59127
2024-05-14T10:00:00Z,222832,177924,126106,97645,44908,63048,62721,78583,53761
2024-05-14T11:00:00Z,218972,176503,124129,96393,42469,63957,63647,76858,51223
2024-05-14T12:00:00Z,279759,179251,185726,99628,100508,67397,67041,120253,93733
2024-05-14T13:00:00Z,260882,202564,151251,107444,58318,73739,73364,104338,75479
2024-05-14T14:00:00Z,257117,215299,137816,110855,41818,77279,76876,91568,61638
2024-05-14T15:00:00Z,247876,200459,141516,108557,47417,74483,74106,96003,67330
2024-05-14T16:00:00Z,230792,192652,131051,105794,38140,68404,68024,83558,57273
2024-05-14T17:00:00Z,224864,183528,129489,101425,41336,64484,64084,80317,55460
2024-05-14T18:00:00Z,238709,181329,138823,97989,57380,61539,61139,90380,66956
2024-05-14T19:00:00Z,215564,167109,124226,94453,48455,57377,56998,73642,51561
2024-05-14T20:00:00Z,209301,161966,123656,93852,47335,54022,53663,71948,51579
2024-05-14T21:00:00Z,195331,145452,117787,85000,49879,47463,47147,69373,50831
2024-05-14T22:00:00Z,175755,130399,105636,78336,45356,41121,40809,57398,40279
2024-05-14T23:00:00Z,166023,125309,104852,77735,40714,39637,39343,54591,38933
2024-05-15T00:00:00Z,206859,136147,126536,72080,70712,38527,38201,89845,74058
2024-05-15T01:00:00Z,195567,123715,132789,74122,71852,41763,41487,96743,78692
2024-05-15T02:00:00Z,171525,132055,101700,75522,39470,42828,42572,60305,40156
2024-05-15T03:00:00Z,175503,126258,106626,72104,49245,41099,40855,62492,43195
2024-05-15T04:00:00Z,160029,118075,100188,71296,41954,38215,37963,54644,37352
2024-05-15T05:00:00Z,189202,141361,103317,72534,47841,42186,41932,59708,40166
2024-05-15T06:00:00Z,211288,155218,127068,84906,56070,53963,53644,82506,58183
2024-05-15T07:00:00Z,221551,180536,115160,89062,41015,59580,59261,72802,46782
2024-05-15T08:00:00Z,230174,184806,124879,98137,45368,65169,64825,79843,52264
2024-05-15T09:00:00Z,238876,193043,127972,96846,45833,65496,65115,84604,57583
2024-05-15T10:00:00Z,226844,185250,124277,95317,41594,61815,61435,77850,53069
2024-05-15T11:00:00Z,221534,177698,126863,98332,43836,63448,63077,77017,51341
2024-05-15T12:00:00Z,277664,180404,183252,100351,97260,67002,66638,117983,91480
2024-05-15T13:00:00Z,264136,200743,155062,108749,63393,73373,73024,105596,76633
2024-05-15T14:00:00Z,258505,215648,138452,111972,42857,77045,76660,91250,61094
2024-05-15T15:00:00Z,253060,203996,142484,110094,49064,72933,72522,93898,65672
2024-05-15T16:00:00Z,249059,206368,128919,103415,42691,66366,65977,81818,56572
2024-05-15T17:00:00Z,226921,183034,130899,103905,43887,63475,63130,79573,55071
2024-05-15T18:00:00Z,238461,177546,143055,101586,60915,61486,61119,89946,66615
2024-05-15T19:00:00Z,212870,169096,124909,96137,43774,57310,56967,71550,49833
2024-05-15T20:00:00Z,209171,162506,126340,95467,46665,54088,53777,71880,51478
2024-05-15T21:00:00Z,193750,143391,116995,84392,50359,47213,46899,68219,49500
2024-05-15T22:00:00Z,164061,126533,101582,77219,37528,40283,40009,55418,39257
2024-05-15T23:00:00Z,158577,120549,100903,76244,38028,38645,38370,53484,38756
2024-05-16T00:00:00Z,189780,118273,130352,75237,71507,39490,39185,92274,76362
2024-05-16T01:00:00Z,197439,123374,136763,76221,74065,42393,42125,99795,81070
2024-05-16T02:00:00Z,169912,128845,104798,76769,41067,43519,43282,60034,40113
2024-05-16T03:00:00Z,179534,129120,110912,74622,50414,42254,42023,63638,44066
2024-05-16T04:00:00Z,152873,114597,96070,68591,38276,38370,38150,54124,36532
2024-05-16T05:00:00Z,176219,132486,104962,75749,43733,43957,43725,62014,41340
2024-05-16T06:00:00Z,209705,156165,125602,85688,53540,54271,53993,82059,57574
2024-05-16T07:00:00Z,227718,188916,117861,92323,38802,60550,60229,74750,48261
2024-05-16T08:00:00Z,234515,190807,132959,103112,43708,66416,66091,81338,54205
2024-05-16T09:00:00Z,242882,194568,133763,99963,48314,66465,66092,85930,58672
2024-05-16T10:00:00Z,241326,199298,125558,96043,42028,61046,60712,77674,52497
2024-05-16T11:00:00Z,237496,197191,126667,98498,40305,62846,62540,75860,51152
2024-05-16T12:00:00Z,287704,190141,183823,100090,97563,65801,65453,117208,91308
2024-05-16T13:00:00Z,265815,211073,147177,105732,54742,71276,70912,100189,72525
2024-05-16T14:00:00Z,249667,210415,140206,115002,39252,76731,76327,89507,60864
2024-05-16T15:00:00Z,247002,199722,142449,109946,47280,72692,72319,92510,65255
2024-05-16T16:00:00Z,240409,198285,134865,107645,42124,66735,66351,82444,56871
2024-05-16T17:00:00Z,232094,182434,130868,103569,49660,62568,62190,80930,52980
2024-05-16T18:00:00Z,239329,172148,141736,99925,67181,59722,59317,91979,65393
2024-05-16T19:00:00Z,218129,166848,125945,97243,51281,55999,55608,74369,49880
2024-05-16T20:00:00Z,212434,162472,124095,94089,49962,52696,52360,72172,50207
2024-05-16T21:00:00Z,203417,143277,116623,85381,60140,46137,45803,71156,48549
2024-05-16T22:00:00Z,173288,131668,106215,80848,41620,40692,40363,56594,39877
2024-05-16T23:00:00Z,161771,120261,102354,76082,41510,38315,38062,53115,38427
2024-05-17T00:00:00Z,194417,119991,133909,77766,74426,39157,38828,90794,74792
2024-05-17T01:00:00Z,202948,125398,140998,77916,77550,42787,42521,99676,81189
2024-05-17T02:00:00Z,172520,129940,106233,77754,42580,42731,42481,59321,39625
2024-05-17T03:00:00Z,181875,132217,112030,77519,49658,41341,41093,62978,44121
2024-05-17T04:00:00Z,161538,121453,100763,73930,40085,38078,37854,54681,37796
2024-05-17T05:00:00Z,178955,139060,104834,78098,39895,42641,42414,60465,40852
2024-05-17T06:00:00Z,216476,162580,124988,85811,53896,52269,51997,80281,57288
2024-05-17T07:00:00Z,214859,171746,125932,95710,43113,59146,58859,72818,47894
2024-05-17T08:00:00Z,233468,188981,129693,100501,44487,62749,62424,78236,52154
2024-05-17T09:00:00Z,230378,184253,133246,101298,46125,63365,63041,83120,57030
2024-05-17T10:00:00Z,217240,175363,127860,99673,41877,58494,58189,74926,51456
2024-05-17T11:00:00Z,215690,174663,128069,100536,41027,58173,57861,72008,48663
2024-05-17T12:00:00Z,278090,173471,191315,100616,104619,61369,61040,114088,90212
2024-05-17T13:00:00Z,253894,191048,157235,108571,62846,67061,66733,100193,73959
2024-05-17T14:00:00Z,241323,198756,140637,111722,42567,70068,69691,84171,57475
2024-05-17T15:00:00Z,237889,189074,138483,104152,48815,66020,65654,87028,61734
2024-05-17T16:00:00Z,226289,185441,126905,101132,40848,60880,60520,76423,52837
2024-05-17T17:00:00Z,208991,170784,124406,99376,38207,57639,57326,72182,49842
2024-05-17T18:00:00Z,227622,175263,133605,95107,52359,54655,54308,82682,61790
2024-05-17T19:00:00Z,209517,170505,120107,93143,39012,50222,49927,63657,44240
2024-05-17T20:00:00Z,199440,153039,124092,91328,46401,47215,46908,64331,46684
2024-05-17T21:00:00Z,190475,138686,119550,83277,51789,40988,40695,61879,45493
2024-05-17T22:00:00Z,167711,125356,108585,80124,42355,35283,35027,50416,36303
2024-05-17T23:00:00Z,157490,117776,101923,75780,39714,33003,32760,47169,34849
2024-05-18T00:00:00Z,180189,109927,130526,76504,70262,31455,31165,81143,68921
2024-05-18T01:00:00Z,172620,100375,128064,69635,72245,29836,29613,83186,71277
2024-05-18T02:00:00Z,145986,103581,98068,68798,42405,28839,28651,45094,32002
2024-05-18T03:00:00Z,154287,108155,106252,70780,46132,28938,28727,49560,36506
2024-05-18T04:00:00Z,137466,101724,94901,68260,35742,29247,29036,43833,31434
2024-05-18T05:00:00Z,146216,107865,99227,69935,38351,30791,30601,47326,33634
2024-05-18T06:00:00Z,173615,123892,116009,75116,49723,35152,34962,62849,47312
2024-05-18T07:00:00Z,159766,125413,104905,78844,34353,37534,37361,51259,35071
2024-05-18T08:00:00Z,169522,132303,111177,82436,37219,39008,38810,55263,38235
2024-05-18T09:00:00Z,179041,135297,116983,82691,43744,40253,40060,61602,44194
2024-05-18T10:00:00Z,169082,132398,113225,84800,36684,40188,39995,57478,40616
2024-05-18T11:00:00Z,166745,131770,111768,84236,34975,40631,40480,54424,37862
2024-05-18T12:00:00Z,244185,136905,184144,86956,107280,42246,42044,96460,79190
2024-05-18T13:00:00Z,200771,144798,140000,92410,55973,46333,46156,81297,62617
2024-05-18T14:00:00Z,187736,153132,123593,97236,34604,49428,49239,64761,44881
2024-05-18T15:00:00Z,199602,152660,134386,97500,46942,48992,48810,73178,53511
2024-05-18T16:00:00Z,215169,178864,121345,93390,36305,45752,45563,61548,43420
2024-05-18T17:00:00Z,205046,172037,115198,89158,33009,43592,43398,56765,40292
2024-05-18T18:00:00Z,196299,146389,130133,88473,49910,42162,41988,70185,54224
2024-05-18T19:00:00Z,168336,132678,113341,84834,35658,38670,38501,52028,37436
2024-05-18T20:00:00Z,165794,129175,117097,87095,36619,36643,36478,53365,39339
2024-05-18T21:00:00Z,156397,116142,110505,78302,40255,32835,32649,52979,39898
2024-05-18T22:00:00Z,138201,105776,99605,73182,32425,28607,28459,42453,31217
2024-05-18T23:00:00Z,130819,97888,94840,68600,32931,27527,27361,40757,30615
2024-05-19T00:00:00Z,156106,98432,117211,69898,57674,27131,26895,71751,60912
2024-05-19T01:00:00Z,163592,95471,127144,67023,68121,27095,26892,83437,72410
2024-05-19T02:00:00Z,128375,95093,91096,64528,33282,26615,26459,41922,30522
2024-05-19T03:00:00Z,144008,102092,101065,66635,41916,27299,27146,47144,35167
2024-05-19T04:00:00Z,134090,102050,95798,69859,32040,28059,27919,42609,30597
2024-05-19T05:00:00Z,142494,107559,101626,73039,34935,29825,29662,45732,32661
2024-05-19T06:00:00Z,163805,115673,117482,77051,48132,33583,33400,61396,46635
2024-05-19T07:00:00Z,153909,121903,106188,79597,32006,36477,36326,49985,34753
2024-05-19T08:00:00Z,166496,131315,110791,82535,35181,38901,38738,54841,38469
2024-05-19T09:00:00Z,175823,134046,117965,84416,41777,39805,39619,61256,43921
2024-05-19T10:00:00Z,190809,154880,112716,84220,35929,40279,40129,57073,40591
2024-05-19T11:00:00Z,199783,168673,108110,83154,31110,41286,41077,54450,37468
2024-05-19T12:00:00Z,259445,150196,187593,86777,109249,43852,43671,98124,79942
2024-05-19T13:00:00Z,208681,154798,138972,91777,53883,48261,48072,83523,63611
2024-05-19T14:00:00Z,196246,163854,127046,101077,32392,51967,51792,67005,46563
2024-05-19T15:00:00Z,209241,164278,136327,99762,44963,51478,51294,75318,55108
2024-05-19T16:00:00Z,193928,155646,127872,98154,38282,49453,49274,67371,48454
2024-05-19T17:00:00Z,187050,153636,123211,97337,33414,47129,46944,61870,43729
2024-05-19T18:00:00Z,200572,151697,134079,93571,48875,45806,45602,74956,57478
2024-05-19T19:00:00Z,180837,144936,116905,88514,35901,42130,41965,55993,39959
2024-05-19T20:00:00Z,175519,132858,121506,88140,42661,40056,39867,57571,42303
2024-05-19T21:00:00Z,168939,122468,119754,83330,46471,36205,36035,56330,42555
2024-05-19T22:00:00Z,148028,110073,105186,75933,37955,32038,31870,46750,34347
2024-05-19T23:00:00Z,140530,105500,100335,73956,35030,31438,31276,45028,33716
2024-05-20T00:00:00Z,180716,113273,126652,77505,67443,34106,33838,82027,67743
2024-05-20T01:00:00Z,198298,120977,134827,79692,77321,38608,38367,92398,74932
2024-05-20T02:00:00Z,170339,127259,103707,79274,43080,40329,40118,56759,37572
2024-05-20T03:00:00Z,186303,131240,113383,78003,55063,39727,39509,61315,42079
2024-05-20T04:00:00Z,172696,123718,107552,78353,48978,37548,37336,54939,37201
2024-05-20T05:00:00Z,184090,132603,114609,81269,51487,41733,41497,61164,41550
2024-05-20T06:00:00Z,216086,153940,132911,89827,62146,51013,50750,81152,57511
2024-05-20T07:00:00Z,217644,170635,126444,97809,47009,55317,55020,71543,46856
2024-05-20T08:00:00Z,232119,182629,132140,103431,49490,60470,60134,77212,50740
2024-05-20T09:00:00Z,237265,185438,135050,103750,51827,60645,60296,81697,55715
2024-05-20T10:00:00Z,240689,191954,127769,98207,48735,56944,56593,75485,51372
2024-05-20T11:00:00Z,225907,179621,129522,102484,46286,59282,58977,74067,49118
2024-05-20T12:00:00Z,283381,185418,180863,102650,97963,61027,60695,113101,87361
2024-05-20T13:00:00Z,258572,196170,152451,109167,62402,67780,67416,100056,72506
2024-05-20T14:00:00Z,250408,203387,143609,116242,47021,72366,71983,88144,59618
2024-05-20T15:00:00Z,267993,213701,144442,112029,54292,68253,67893,89951,62652
2024-05-20T16:00:00Z,247004,199755,137637,110940,47249,65808,65453,82833,56568
2024-05-20T17:00:00Z,235788,187366,136926,110320,48422,62382,62051,78614,54308
2024-05-20T18:00:00Z,246647,182607,148179,108378,64040,59716,59374,89424,65968
2024-05-20T19:00:00Z,246700,198176,124054,97790,48524,53997,53686,69350,47835
2024-05-20T20:00:00Z,233235,178691,128056,97497,54544,51706,51371,70491,49708
2024-05-20T21:00:00Z,225179,166570,123104,88449,58609,45264,44952,66943,48181
2024-05-20T22:00:00Z,211496,161152,108847,81661,50344,39265,38990,55305,38164
2024-05-20T23:00:00Z,205882,158544,109127,82930,47338,38164,37874,53708,38267
2024-05-21T00:00:00Z,206290,131020,140552,83743,75270,40827,40511,93940,77683
2024-05-21T01:00:00Z,216262,142984,142487,83791,73278,43835,43566,98976,80455
2024-05-21T02:00:00Z,180106,140536,113094,86755,39570,45075,44832,61225,40807
2024-05-21T03:00:00Z,187982,139237,118150,83073,48745,43017,42790,64003,44631
2024-05-21T04:00:00Z,183401,138971,114421,84581,44430,39974,39744,57254,39472
2024-05-21T05:00:00Z,217300,163088,111721,82793,54212,43546,43281,66680,41917
2024-05-21T06:00:00Z,229941,170106,132507,93593,59835,55062,54769,85329,58368
2024-05-21T07:00:00Z,233806,185060,128676,100917,48746,62515,62212,80029,50167
2024-05-21T08:00:00Z,248765,201514,131866,104873,47251,66712,66356,84626,54105
2024-05-21T09:00:00Z,251895,205413,139057,107319,46482,67528,67157,87557,59103
2024-05-21T10:00:00Z,242388,200065,129254,101759,42323,61945,61587,78701,52929
2024-05-21T11:00:00Z,234537,193566,136061,108846,40971,65833,65530,80174,53366
2024-05-21T12:00:00Z,275005,188648,172860,99960,86357,65981,65654,116046,89170
2024-05-21T13:00:00Z,271181,215581,153260,111331,55600,73684,73327,104426,75225
2024-05-21T14:00:00Z,257232,216209,144404,117645,41023,77654,77289,91604,61434
2024-05-21T15:00:00Z,259981,210019,149260,114489,49962,74487,74046,96634,68041
2024-05-21T16:00:00Z,252406,206255,143052,113165,46151,68484,68098,86370,59970
2024-05-21T17:00:00Z,235615,190080,138112,110188,45535,64950,64601,79811,54712
2024-05-21T18:00:00Z,237667,178115,143619,100032,59552,62440,62083,92652,68674
2024-05-21T19:00:00Z,216587,170939,124497,96330,45648,57380,57024,74323,51031
2024-05-21T20:00:00Z,217017,168936,122754,91148,48081,54527,54169,72360,51384
2024-05-21T21:00:00Z,249609,206082,102194,73477,43527,44008,43689,61924,43774
2024-05-21T22:00:00Z,173770,129920,104158,75864,43850,41681,41401,57746,40911
2024-05-21T23:00:00Z,167513,125600,103388,75939,41913,39944,39665,55281,39783
2024-05-22T00:00:00Z,192331,122176,127498,75306,70155,41123,40781,89909,73431
2024-05-22T01:00:00Z,200382,125351,134851,75337,75031,44023,43727,98012,79534
2024-05-22T02:00:00Z,173552,130279,104756,75979,43273,44807,44533,60880,41144
2024-05-22T03:00:00Z,207520,155450,107318,69910,52070,41236,40985,62222,43346
2024-05-22T04:00:00Z,176352,131982,103642,72662,44370,39617,39387,56734,39406
2024-05-22T05:00:00Z,179391,132448,106574,74659,46943,44686,44448,62451,42399
2024-05-22T06:00:00Z,211724,158420,125529,85686,53304,55199,54909,83224,59088
2024-05-22T07:00:00Z,218181,180218,117851,92004,37963,62413,62100,76337,50193
2024-05-22T08:00:00Z,229501,187957,126239,99628,41544,67510,67169,82395,55274
2024-05-22T09:00:00Z,229959,183566,129250,96366,46393,67187,66826,87843,60409
2024-05-22T10:00:00Z,220018,176133,126687,96051,43885,63544,63234,80061,54687
2024-05-22T11:00:00Z,236265,187857,127151,97159,48408,64353,64053,79113,53377
2024-05-22T12:00:00Z,292842,197135,173386,94809,95707,65224,64883,116524,90910
2024-05-22T13:00:00Z,269598,209121,147208,103070,60477,73683,73325,103667,75652
2024-05-22T14:00:00Z,259738,216549,135450,108037,43189,76069,75692,90778,61891
2024-05-22T15:00:00Z,259390,208724,139166,105471,50666,71645,71278,93205,65755
2024-05-22T16:00:00Z,238872,192605,137566,108370,46267,68582,68202,85924,60197
2024-05-22T17:00:00Z,232474,185420,135073,104498,47054,63967,63610,80455,55995
2024-05-22T18:00:00Z,248822,186868,147221,103799,61954,61460,61078,91670,68181
2024-05-22T19:00:00Z,218395,170907,126790,98199,47488,57463,57092,73065,51279
2024-05-22T20:00:00Z,213490,165467,125133,94020,48023,54647,54271,73169,52591
2024-05-22T21:00:00Z,200493,150122,121308,87701,50371,48038,47695,69179,50835
2024-05-22T22:00:00Z,173912,130109,106261,78298,43803,41965,41677,56873,40979
2024-05-22T23:00:00Z,165066,123832,103170,75677,41234,40006,39771,54579,40023
2024-05-23T00:00:00Z,197971,122268,134582,75742,75703,40763,40439,93927,78052
2024-05-23T01:00:00Z,198590,123212,135647,75093,75378,43028,42754,98807,81100
2024-05-23T02:00:00Z,168603,128462,101783,75363,40141,42890,42648,58661,40197
2024-05-23T03:00:00Z,177924,128225,107845,72840,49699,41055,40816,61451,43770
2024-05-23T04:00:00Z,158442,116630,98136,70021,41812,38906,38637,54988,38813
2024-05-23T05:00:00Z,172241,127530,105708,75446,44711,43345,43095,60751,41655
2024-05-23T06:00:00Z,207075,151772,124950,84435,55303,54274,53980,81891,58315
2024-05-23T07:00:00Z,217436,174454,120489,91678,42982,61111,60820,75108,49048
2024-05-23T08:00:00Z,245382,201391,117204,89543,43991,64024,63715,78381,52011
2024-05-23T09:00:00Z,241446,193905,123741,92168,47541,64963,64628,83576,56974
2024-05-23T10:00:00Z,229391,185266,122282,93247,44125,61449,61138,79498,55373
2024-05-23T11:00:00Z,232045,189126,121978,94904,42919,62956,62593,76980,51762
2024-05-23T12:00:00Z,289638,192936,175160,93196,96702,65388,64991,115797,90080
2024-05-23T13:00:00Z,263334,200453,151850,105960,62881,72276,71880,104103,76259
2024-05-23T14:00:00Z,255748,209855,137056,107756,45893,76165,75775,91894,62244
2024-05-23T15:00:00Z,253551,200625,141164,104804,52926,72238,71870,94476,67226
2024-05-23T16:00:00Z,237758,191473,128404,99661,46285,66351,65992,85081,59062
2024-05-23T17:00:00Z,226869,184057,123788,95666,42812,62082,61742,78555,54042
2024-05-23T18:00:00Z,236617,180106,136564,95638,56511,58730,58405,88874,65579
2024-05-23T19:00:00Z,204737,159522,118965,89814,45215,55668,55346,71188,49571
2024-05-23T20:00:00Z,208089,162504,116611,84487,45585,52125,51716,70204,50227
2024-05-23T21:00:00Z,190973,135456,114365,78523,55517,46045,45695,68167,49761
2024-05-23T22:00:00Z,164932,118197,97761,69192,46735,39494,39199,56207,39771
2024-05-23T23:00:00Z,153635,114931,93423,67638,38704,37753,37494,52442,38056
2024-05-24T00:00:00Z,179592,110372,118890,67108,69220,38742,38423,87477,71733
2024-05-24T01:00:00Z,187631,112481,126434,67127,75150,40897,40597,95678,78393
2024-05-24T02:00:00Z,159266,118577,93990,65311,40689,41494,41248,57263,38686
2024-05-24T03:00:00Z,174238,121120,103702,66656,53118,39820,39581,62340,42831
2024-05-24T04:00:00Z,151712,109985,95437,66368,41727,36923,36685,53194,36915
2024-05-24T05:00:00Z,167616,125373,102867,72420,42243,41962,41701,60036,40814
2024-05-24T06:00:00Z,202013,148705,119764,80094,53308,51984,51703,79278,56601
2024-05-24T07:00:00Z,211760,170792,113620,86255,40968,57656,57348,72129,47869
2024-05-24T08:00:00Z,232209,189014,117399,89090,43195,62013,61685,77628,51824
2024-05-24T09:00:00Z,224691,172708,129299,92653,51983,63112,62817,84306,58419
2024-05-24T10:00:00Z,211236,163988,123499,90731,47248,58941,58578,77788,54724
2024-05-24T11:00:00Z,211292,167567,119464,90800,43725,58030,57718,72384,49546
2024-05-24T12:00:00Z,264297,166794,169839,86857,97503,58383,58055,109975,86784
2024-05-24T13:00:00Z,248584,185736,145905,100009,62848,66187,65842,99878,73943
2024-05-24T14:00:00Z,235544,188913,129396,101411,46631,68743,68353,84918,57419
2024-05-24T15:00:00Z,235194,181771,134976,98982,53423,65446,65117,88640,63033
2024-05-24T16:00:00Z,201319,160972,99069,72412,40347,49874,49573,73219,47807
2024-05-24T17:00:00Z,137989,127878,28862,21795,10111,22543,22358,34156,18306
2024-05-24T18:00:00Z,120371,115042,14029,9911,5329,11144,11004,21753,10348
2024-05-24T19:00:00Z,138775,125576,33911,24222,13199,23874,23656,38355,21422
2024-05-24T20:00:00Z,190402,147557,117534,86416,42845,55198,54857,70147,47720
2024-05-24T21:00:00Z,178209,125154,112458,75498,53055,40381,40053,60376,44677
2024-05-24T22:00:00Z,164569,120279,96498,65152,44290,34388,34134,49593,35596
2024-05-24T23:00:00Z,157365,121012,88864,60874,36353,32145,31927,45147,33198
2024-05-25T00:00:00Z,168721,98048,117322,62287,70673,30692,30396,80520,68083
2024-05-25T01:00:00Z,166421,93100,116280,57489,73321,29377,29145,84506,72001
2024-05-25T02:00:00Z,125342,90440,84033,56465,34902,28193,27977,45070,32588
2024-05-25T03:00:00Z,145657,97439,93429,56650,48218,28472,28279,49959,36961
2024-05-25T04:00:00Z,135659,94227,87250,56286,41432,28893,28705,44549,31837
2024-05-25T05:00:00Z,139830,98614,93780,60689,41216,30827,30648,47221,33718
2024-05-25T06:00:00Z,163510,109676,107084,64880,53834,34704,34515,63421,48267
2024-05-25T07:00:00Z,155822,115944,97205,68149,39878,36861,36693,51814,35282
2024-05-25T08:00:00Z,154389,115795,98801,68675,38594,38340,38156,54715,38059
2024-05-25T09:00:00Z,163850,118525,106936,71800,45325,39243,39044,61546,44611
2024-05-25T10:00:00Z,157711,119476,100734,71591,38235,39577,39392,57200,40651
2024-05-25T11:00:00Z,150398,116967,100548,72072,33431,40105,39948,53467,37474
2024-05-25T12:00:00Z,239062,119081,179792,73568,119981,41850,41653,100079,82452
2024-05-25T13:00:00Z,188254,127833,125281,77057,60421,45356,45174,81030,62148
2024-05-25T14:00:00Z,171927,138244,110777,82006,33683,47725,47564,64364,45153
2024-05-25T15:00:00Z,181978,133248,116151,78576,48730,46466,46283,70303,51586
2024-05-25T16:00:00Z,170213,130682,108475,79111,39531,45785,45601,63167,44700
2024-05-25T17:00:00Z,165136,134583,103210,77972,30553,43394,43222,57605,40489
2024-05-25T18:00:00Z,180303,124434,121778,77246,55869,41430,41246,71924,55865
2024-05-25T19:00:00Z,148983,112267,99577,71300,36716,37388,37223,51701,37132
2024-05-25T20:00:00Z,141150,106074,98439,68799,35076,34973,34815,51303,38133
2024-05-25T21:00:00Z,142926,98251,97611,61952,44675,31705,31533,52690,40567
2024-05-25T22:00:00Z,128100,93081,86643,58623,35019,28490,28322,43133,31913
2024-05-25T23:00:00Z,120773,89755,83722,57788,31018,28055,27899,40391,30745
2024-05-26T00:00:00Z,150142,89218,103824,56007,60924,27164,26916,71832,60709
2024-05-26T01:00:00Z,163979,93345,114368,53556,70634,26984,26781,82710,72059
2024-05-26T02:00:00Z,116190,83517,79078,52911,32673,26473,26301,42408,31299
2024-05-26T03:00:00Z,135128,90696,89526,53224,44432,27216,27050,47628,36251
2024-05-26T04:00:00Z,122711,87486,80581,53550,35225,28056,27889,42228,30741
2024-05-26T05:00:00Z,130400,94096,86402,56616,36304,29611,29465,45459,32875
2024-05-26T06:00:00Z,149165,101276,101127,60564,47889,33076,32890,61852,47476
2024-05-26T07:00:00Z,144726,110322,92989,65606,34404,35823,35644,49506,34922
2024-05-26T08:00:00Z,172095,137736,94888,67386,34359,37993,37822,53601,38112
2024-05-26T09:00:00Z,168331,125563,105335,71221,42768,40164,39991,62305,45599
2024-05-26T10:00:00Z,161134,124363,103133,74627,36771,41453,41278,58328,41900
2024-05-26T11:00:00Z,160872,125685,105343,75931,35187,42706,42544,58348,41317
2024-05-26T12:00:00Z,247471,131138,185793,79296,116333,45285,45079,102417,84366
2024-05-26T13:00:00Z,195571,139974,131192,84004,55597,48414,48233,82809,63240
2024-05-26T14:00:00Z,181414,146250,117987,89942,35164,51169,50991,65977,45877
2024-05-26T15:00:00Z,193396,145042,126619,88409,48354,50712,50502,76864,56828
2024-05-26T16:00:00Z,183312,144803,115758,86533,38509,49589,49378,68078,48694
2024-05-26T17:00:00Z,170305,138022,111476,85567,32283,47208,47047,61483,43537
2024-05-26T18:00:00Z,186103,132797,127444,83417,53306,45314,45121,76497,59257
2024-05-26T19:00:00Z,166634,128818,109233,80809,37816,41863,41635,57199,40932
2024-05-26T20:00:00Z,156601,119172,105625,74811,37429,38877,38671,56818,41486
2024-05-26T21:00:00Z,154759,109897,104830,69303,44862,35249,35078,57404,43481
2024-05-26T22:00:00Z,137384,100116,94224,65972,37268,31305,31143,45044,33172
2024-05-26T23:00:00Z,129522,97253,90850,64698,32269,30754,30594,43308,32387
2024-05-27T00:00:00Z,175690,102078,116432,65131,73612,33518,33250,81904,67488
2024-05-27T01:00:00Z,195838,109460,125357,65812,86378,37707,37446,93783,76168
2024-05-27T02:00:00Z,162820,115086,97272,68675,47734,39784,39559,58107,38824
2024-05-27T03:00:00Z,182552,118783,106735,66186,63769,38859,38629,63582,45219
2024-05-27T04:00:00Z,165751,113054,98315,68455,52697,37058,36842,55243,37489
2024-05-27T05:00:00Z,176527,126980,103765,71884,49547,42228,41989,61172,41566
2024-05-27T06:00:00Z,222985,165318,116786,78253,57667,52212,51945,79944,55808
2024-05-27T07:00:00Z,222225,173739,122786,94005,48486,61173,60886,76261,49410
2024-05-27T08:00:00Z,243468,193579,124395,95542,49889,63696,63368,80601,53143
2024-05-27T09:00:00Z,239873,181084,133188,97577,58789,64766,64415,87042,59382
2024-05-27T10:00:00Z,235262,177329,126897,95182,57933,59664,59353,80362,55207
2024-05-27T11:00:00Z,235839,185173,124376,96887,50666,60855,60547,75770,50677
2024-05-27T12:00:00Z,287034,178315,187557,101401,108719,64529,64196,119275,93065
2024-05-27T13:00:00Z,266456,198088,152415,106139,68368,69266,68944,104096,75622
2024-05-27T14:00:00Z,255968,208201,136260,108758,47767,70993,70670,87043,58849
2024-05-27T15:00:00Z,247492,186971,144788,105595,60521,67707,67378,93781,67079
2024-05-27T16:00:00Z,224390,174724,130524,101407,49666,61631,61335,81083,56124
2024-05-27T17:00:00Z,212753,167246,125267,97874,45507,57792,57482,75114,51622
2024-05-27T18:00:00Z,223400,160181,137707,94802,63219,55232,54922,88135,65454
2024-05-27T19:00:00Z,199068,150551,120924,91490,48517,51722,51428,68667,48268
2024-05-27T20:00:00Z,195445,145660,122145,90362,49785,48153,47889,68328,49105
2024-05-27T21:00:00Z,191254,128502,115624,79438,62752,42179,41875,67111,49218
2024-05-27T22:00:00Z,173064,117673,104902,74412,55391,37131,36894,54949,38894
2024-05-27T23:00:00Z,158944,114486,98595,71678,44458,36250,36049,51881,37303
2024-05-28T00:00:00Z,191284,116848,131013,73379,74436,39043,38776,92918,77574
2024-05-28T01:00:00Z,200648,125172,135512,74007,75476,43174,42926,100428,82075
2024-05-28T02:00:00Z,169808,131828,105307,78346,37980,44290,44058,60307,40384
2024-05-28T03:00:00Z,192723,142253,110783,72948,50470,42053,41859,64238,45190
2024-05-28T04:00:00Z,162026,120727,100630,72781,41299,40521,40310,56338,39052
2024-05-28T05:00:00Z,180542,136479,108162,77607,44063,45399,45187,62703,42522
2024-05-28T06:00:00Z,222529,163056,130772,87625,59473,55645,55381,85296,60510
2024-05-28T07:00:00Z,221822,177231,125544,96080,44591,63188,62873,79700,52286
2024-05-28T08:00:00Z,237848,189543,130005,99337,48305,67157,66798,84706,56506
2024-05-28T09:00:00Z,242065,189923,135630,100580,52142,67431,67052,88485,61058
2024-05-28T10:00:00Z,226175,177951,128358,96182,48224,63223,62853,81935,56635
2024-05-28T11:00:00Z,235627,189643,131551,101751,45984,64177,63861,80410,53879
2024-05-28T12:00:00Z,288591,187919,183138,99193,100672,66532,66175,121510,94505
2024-05-28T13:00:00Z,257090,197179,141116,97322,59911,67805,67475,100929,72206
2024-05-28T14:00:00Z,122453,120786,5662,4671,1667,6263,6173,12296,4384
2024-05-28T15:00:00Z,218746,185698,101114,79606,33048,70575,70204,89538,54235
2024-05-28T16:00:00Z,247188,199028,136490,105997,48160,68564,68165,87303,60692
2024-05-28T17:00:00Z,233913,191233,131897,104732,42680,63950,63611,79727,54366
2024-05-28T18:00:00Z,237233,176713,143011,100119,60520,61376,61006,92847,69069
2024-05-28T19:00:00Z,215416,167871,124656,95187,47545,57118,56745,73311,50649
2024-05-28T20:00:00Z,213656,166760,126048,94450,46896,55002,54613,72649,52028
2024-05-28T21:00:00Z,205984,151122,128683,89997,54862,47579,47269,69541,51744
2024-05-28T22:00:00Z,179794,131424,112245,79237,48370,41100,40812,55961,40432
2024-05-28T23:00:00Z,186066,146974,104944,76626,39092,39138,38877,52282,37883
2024-05-29T00:00:00Z,190541,127127,123251,76598,63414,41152,40825,84838,68798
2024-05-29T01:00:00Z,205951,132284,140637,80679,73667,44480,44195,99768,81469
2024-05-29T02:00:00Z,173635,137086,107378,82133,36549,45229,44978,61819,41953
2024-05-29T03:00:00Z,189616,138583,116648,79327,51033,43196,42942,65797,46462
2024-05-29T04:00:00Z,171262,129959,105657,77206,41303,40656,40427,57106,39622
2024-05-29T05:00:00Z,190013,138700,115105,79682,51313,45160,44914,64512,44755
2024-05-29T06:00:00Z,227657,171654,129741,86761,56003,54918,54613,83729,59200
2024-05-29T07:00:00Z,225903,183160,126135,97710,42743,63205,62905,77002,50267
2024-05-29T08:00:00Z,236070,193773,130126,103289,42297,67094,66765,81935,54242
2024-05-29T09:00:00Z,235907,186453,133903,100369,49454,66845,66524,87622,59917
2024-05-29T10:00:00Z,227049,183944,126774,98748,43105,62904,62580,79663,54077
2024-05-29T11:00:00Z,222711,181216,126131,98750,41495,63903,63572,77520,51544
2024-05-29T12:00:00Z,284230,181655,185886,99388,102575,66834,66480,120116,93268
2024-05-29T13:00:00Z,270267,205970,152814,105266,64297,71981,71613,103909,75347
2024-05-29T14:00:00Z,258064,216374,137435,109823,41690,75119,74760,87846,59605
2024-05-29T15:00:00Z,256362,203778,146166,110991,52584,73295,72883,96430,67720
2024-05-29T16:00:00Z,238541,190183,135747,105875,48358,67486,67040,85866,59764
2024-05-29T17:00:00Z,221602,181441,126284,98957,40161,62817,62432,77304,53034
2024-05-29T18:00:00Z,247248,186042,132865,91914,61206,58713,58362,89049,65267
2024-05-29T19:00:00Z,218142,164426,123901,92362,53716,55406,55087,72640,50558
2024-05-29T20:00:00Z,212993,164721,125936,91949,48272,52354,51996,70201,50802
2024-05-29T21:00:00Z,180739,131683,101052,66807,49056,41371,41068,62643,46226
2024-05-29T22:00:00Z,171784,123609,101149,70426,48175,39529,39265,55840,39798
2024-05-29T23:00:00Z,152520,112465,95694,68103,40055,37660,37407,52209,37854
2024-05-30T00:00:00Z,183212,116013,118002,67126,67199,38583,38266,87056,71127
2024-05-30T01:00:00Z,191320,120042,125037,67224,71278,41745,41462,96114,78203
2024-05-30T02:00:00Z,171892,136364,94526,69666,35528,42854,42589,58195,39469
2024-05-30T03:00:00Z,183522,131427,109430,69509,52095,41599,41353,63782,44948
2024-05-30T04:00:00Z,155692,114067,98851,69023,41625,39568,39344,55898,39261
2024-05-30T05:00:00Z,172239,126875,104618,72415,45364,43850,43601,61213,41882
2024-05-30T06:00:00Z,210164,156582,125485,84762,53582,54037,53737,83610,59535
2024-05-30T07:00:00Z,210358,171074,115379,89034,39284,58904,58580,72780,47088
2024-05-30T08:00:00Z,232162,187111,130134,100905,45051,65211,64794,81568,54137
2024-05-30T09:00:00Z,229802,181231,133924,99281,48571,64556,64207,85979,59234
2024-05-30T10:00:00Z,217006,172954,126387,96140,44052,60540,60148,77924,53200
2024-05-30T11:00:00Z,225868,179328,127441,96186,46540,59617,59273,74138,50333
2024-05-30T12:00:00Z,278794,174937,187161,98342,103857,63539,63189,118709,93653
2024-05-30T13:00:00Z,259727,199872,144237,99817,59855,68422,68075,98434,72269
2024-05-30T14:00:00Z,250094,205246,137765,109403,44848,73165,72801,88274,59924
2024-05-30T15:00:00Z,246604,193453,142172,105519,53151,70988,70604,94048,66520
2024-05-30T16:00:00Z,233237,187557,132908,104612,45680,65825,65453,82630,56811
2024-05-30T17:00:00Z,220194,179332,126102,98932,40862,61689,61332,76705,52403
2024-05-30T18:00:00Z,231202,171837,139189,95789,59365,58447,58049,89523,66457
2024-05-30T19:00:00Z,221814,176821,119649,90026,44993,52640,52319,68947,47720
2024-05-30T20:00:00Z,204182,153785,123674,91209,50397,51168,50839,70806,49860
2024-05-30T21:00:00Z,190425,136356,116769,80754,54069,44931,44538,69043,49700
2024-05-30T22:00:00Z,165117,120933,103489,73850,44184,38323,38042,53792,38209
2024-05-30T23:00:00Z,157022,115769,99448,71843,41253,36850,36579,51940,37252
2024-05-31T00:00:00Z,192589,127821,119870,69464,64768,37278,36951,85212,69895
2024-05-31T01:00:00Z,194105,118657,133214,72162,75448,41087,40808,96780,79140
2024-05-31T02:00:00Z,162944,123036,100855,72147,39908,42367,42139,59301,39808
2024-05-31T03:00:00Z,193223,141008,109925,69497,52215,40624,40377,63744,44899
2024-05-31T04:00:00Z,160362,119999,98670,69621,40363,38584,38328,55164,38419
2024-05-31T05:00:00Z,162659,124023,101175,72077,38636,42481,42231,60313,41139
2024-05-31T06:00:00Z,200542,147222,120124,79180,53320,52731,52421,81832,58688
2024-05-31T07:00:00Z,208953,164519,113500,85522,44434,59056,58750,75138,48145
2024-05-31T08:00:00Z,221507,175523,120798,93008,45984,62379,62059,81383,52079
2024-05-31T09:00:00Z,237689,186970,127881,93287,50719,61656,61335,84702,57783
2024-05-31T10:00:00Z,215116,166798,122303,89772,48318,57893,57576,76281,52072
2024-05-31T11:00:00Z,219050,171061,119536,87616,47989,55729,55422,72271,49632
2024-05-31T12:00:00Z,272103,169498,174832,87414,102605,58524,58202,112461,89112
2024-05-31T13:00:00Z,251244,192967,138510,94034,58277,63812,63483,95277,70183
2024-05-31T14:00:00Z,235726,192806,130510,102633,42920,67431,67066,82219,56007
2024-05-31T15:00:00Z,233873,182466,132188,96687,51407,65094,64749,88041,62612
2024-05-31T16:00:00Z,217009,171886,122259,93311,45123,60427,60093,77705,53629
2024-05-31T17:00:00Z,210645,168436,119241,90662,42209,56387,56066,71843,49366
2024-05-31T18:00:00Z,225007,163045,132891,87441,61962,53247,52932,85411,63205
2024-05-31T19:00:00Z,202145,148794,116197,83082,53351,48902,48573,66378,45958
2024-05-31T20:00:00Z,189109,134447,114508,79074,54662,45214,44892,64326,46161
2024-05-31T21:00:00Z,191726,126674,112146,71097,65052,39825,39473,64446,48411
2024-05-31T22:00:00Z,161687,108102,92730,62279,53585,34080,33825,51617,36749
2024-05-31T23:00:00Z,161495,108414,92403,63041,53081,31724,31482,48692,35790
2024-06-01T00:00:00Z,179247,103549,110337,59208,75698,29899,29559,78439,65137
2024-06-01T01:00:00Z,177202,88495,119071,55552,88707,29455,29163,89515,76017
2024-06-01T02:00:00Z,141651,89055,82334,54112,52596,28366,28096,48043,34395
2024-06-01T03:00:00Z,159403,97663,97391,55391,61740,28767,28544,53966,40060
2024-06-01T04:00:00Z,147300,95203,90319,56466,52097,29382,29161,48109,34718
2024-06-01T05:00:00Z,143206,97569,88905,57572,45637,30532,30326,48414,33745
2024-06-01T06:00:00Z,164337,105315,105106,61279,59022,34318,34092,65189,49160
2024-06-01T07:00:00Z,170946,129565,89332,62064,41381,35862,35667,51101,34337
2024-06-01T08:00:00Z,161946,116174,100169,68884,45772,38388,38162,56021,38554
2024-06-01T09:00:00Z,171547,119676,105871,68850,51871,38941,38713,63457,45578
2024-06-01T10:00:00Z,163028,116978,101793,69969,46050,39320,39075,58253,41041
2024-06-01T11:00:00Z,163201,119584,101539,71850,43617,40374,40173,55540,38252
2024-06-01T12:00:00Z,239902,120267,179385,73920,119635,42051,41793,99729,81632
2024-06-01T13:00:00Z,191909,128868,126538,76739,63041,44820,44607,80674,61518
2024-06-01T14:00:00Z,178862,137136,111029,81723,41726,48480,48266,63932,44382
2024-06-01T15:00:00Z,200758,146941,120567,81721,53817,47380,47178,72403,52709
2024-06-01T16:00:00Z,193807,151884,106085,78066,41923,45563,45348,62360,43981
2024-06-01T17:00:00Z,186939,147697,102987,76364,39242,42952,42730,58387,40559
2024-06-01T18:00:00Z,187960,122985,121679,75911,64975,41420,41192,74837,57417
2024-06-01T19:00:00Z,156923,110448,95707,66370,46475,35348,35133,51507,36473
2024-06-01T20:00:00Z,154437,103934,97008,64369,50503,32611,32389,51927,37501
2024-06-01T21:00:00Z,146222,95356,96822,60220,50866,29783,29588,51926,39792
2024-06-01T22:00:00Z,131829,88009,85470,55877,43820,27077,26908,41937,30899
2024-06-01T23:00:00Z,128929,82008,81185,54143,46921,26665,26486,42580,30464
2024-06-02T00:00:00Z,145050,82735,105622,56503,62315,26558,26278,72443,61798
2024-06-02T01:00:00Z,153349,80421,114788,53126,72928,26445,26215,83691,72699
2024-06-02T02:00:00Z,117488,81974,79428,51819,35514,25760,25569,42933,31579
2024-06-02T03:00:00Z,138247,90246,92238,52649,48001,26635,26424,48910,36668
2024-06-02T04:00:00Z,124717,86193,85439,55129,38524,27465,27255,42562,31004
2024-06-02T05:00:00Z,133000,91560,90723,56707,41440,29114,28950,45442,32935
2024-06-02T06:00:00Z,160780,109960,103416,60658,50820,32910,32719,62338,47963
2024-06-02T07:00:00Z,143327,108673,92945,65972,34654,35790,35607,49784,34573
2024-06-02T08:00:00Z,152532,116734,98288,69962,35798,38441,38234,54737,38391
2024-06-02T09:00:00Z,174626,131759,104325,70012,42867,39855,39659,62818,45329
2024-06-02T10:00:00Z,160767,122842,105107,75178,37925,40782,40571,58794,41917
2024-06-02T11:00:00Z,182369,146129,102239,73422,36240,41170,40979,55710,38303
2024-06-02T12:00:00Z,248007,130044,186832,78129,117963,44757,44540,102243,83637
2024-06-02T13:00:00Z,196630,138364,133022,82470,58266,48263,48067,83332,63842
2024-06-02T14:00:00Z,194360,153288,116630,87385,41072,52107,51890,68292,46692
2024-06-02T15:00:00Z,193506,145896,125525,87683,47610,51386,51129,76798,55503
2024-06-02T16:00:00Z,184793,143494,117064,86191,41299,50318,50072,69571,49314
2024-06-02T17:00:00Z,181120,139578,109281,82641,41542,47883,47686,64679,44132
2024-06-02T18:00:00Z,185814,134691,124199,81873,51123,45898,45678,76829,59202
2024-06-02T19:00:00Z,167541,129690,106897,78468,37851,41930,41731,56657,40343
2024-06-02T20:00:00Z,171073,123165,107732,76181,47908,39307,39096,59806,42424
2024-06-02T21:00:00Z,159815,109743,105046,68018,50072,35618,35412,60196,44893
2024-06-02T22:00:00Z,143018,98546,93211,62981,44472,31186,30969,47926,34649
2024-06-02T23:00:00Z,141939,96537,91082,61629,45402,31213,31021,47663,34306
2024-06-03T00:00:00Z,180763,102152,117406,65762,78611,34199,33892,83342,68251
2024-06-03T01:00:00Z,194119,106666,121971,63353,87453,38916,38640,95814,77520
2024-06-03T02:00:00Z,174829,126424,92208,65511,48405,40033,39783,57947,38317
2024-06-03T03:00:00Z,192777,128179,103206,63953,64598,39161,38918,63300,43742
2024-06-03T04:00:00Z,168069,111315,96648,66634,56754,37423,37154,55740,38039
2024-06-03T05:00:00Z,178034,124338,100072,70075,53696,42264,41977,62332,40836
2024-06-03T06:00:00Z,211745,143132,121587,78427,68613,52336,51934,83064,58689
2024-06-03T07:00:00Z,218688,165978,117931,88386,52710,59461,59105,75770,49272
2024-06-03T08:00:00Z,235273,180788,124225,94487,54485,64398,64014,82591,54270
2024-06-03T09:00:00Z,240001,181803,127651,93235,58198,64225,63852,86844,58567
2024-06-03T10:00:00Z,226360,172113,123623,94608,54247,60921,60558,79449,53033
2024-06-03T11:00:00Z,238765,185496,117186,89142,53269,60162,59779,75416,49436
2024-06-03T12:00:00Z,273532,171064,168238,90321,102468,63263,62829,115719,89231
2024-06-03T13:00:00Z,265803,199030,147984,103869,66773,71503,71131,104735,75362
2024-06-03T14:00:00Z,251366,202430,130797,104595,48936,73710,73314,89016,58797
2024-06-03T15:00:00Z,256682,196635,137936,101786,60047,70482,70088,94837,66149
2024-06-03T16:00:00Z,248654,195244,127273,98392,53410,65260,64817,85395,58703
2024-06-03T17:00:00Z,228026,175590,126522,97617,52436,62218,61803,79437,54005
2024-06-03T18:00:00Z,245513,175010,138558,95499,70503,59842,59478,92539,68319
2024-06-03T19:00:00Z,222834,164623,122979,92155,58211,55521,55155,73841,50989
2024-06-03T20:00:00Z,216160,156267,122010,89250,59893,52306,51883,72707,50871
2024-06-03T21:00:00Z,206911,140653,119378,80998,66258,45668,45303,69838,51113
2024-06-03T22:00:00Z,184031,126257,103066,72902,57774,40416,40092,58104,40693
2024-06-03T23:00:00Z,174514,121715,98144,71212,52799,39029,38747,55305,38536
2024-06-04T00:00:00Z,200115,123104,125100,72452,77011,40757,40416,90090,74077
2024-06-04T01:00:00Z,208970,127127,134590,74143,81843,44125,43824,101295,82123
2024-06-04T02:00:00Z,176113,131603,103359,75658,44510,44474,44217,63639,42862
2024-06-04T03:00:00Z,189085,131813,112456,71822,57272,42391,42140,66904,47683
2024-06-04T04:00:00Z,166478,118050,101156,69703,48428,39330,39086,58540,40893
2024-06-04T05:00:00Z,177941,131397,101942,73726,46544,43725,43472,61398,41549
2024-06-04T06:00:00Z,213047,157002,128686,86427,56045,54473,54161,84164,60156
2024-06-04T07:00:00Z,216561,173260,117077,88502,43301,59810,59480,74988,48289
2024-06-04T08:00:00Z,234273,186645,120754,93127,47628,64023,63663,79352,52171
2024-06-04T09:00:00Z,238308,183707,126062,92312,54601,63563,63207,85717,58122
2024-06-04T10:00:00Z,230595,181514,122385,92617,49081,59801,59462,77721,52679
2024-06-04T11:00:00Z,242251,196329,122107,94290,45922,61273,60929,76244,51004
2024-06-04T12:00:00Z,291129,189441,176903,95448,101688,65635,65235,117964,92084
2024-06-04T13:00:00Z,268494,205751,149391,104522,62743,71662,71291,104163,75216
2024-06-04T14:00:00Z,255483,209751,136750,108754,45732,75740,75357,90471,60911
2024-06-04T15:00:00Z,257146,203522,137049,101735,53624,69874,69471,93307,65128
2024-06-04T16:00:00Z,233081,186289,125436,97991,46792,64154,63732,81060,55533
2024-06-04T17:00:00Z,229941,185651,126293,98532,44290,61472,61079,77734,52463
2024-06-04T18:00:00Z,242828,180342,138669,96099,62486,60007,59612,91379,67170
2024-06-04T19:00:00Z,228203,181430,118674,90895,46773,55464,55106,72225,49693
2024-06-04T20:00:00Z,214847,163702,121601,90338,51145,52999,52592,72331,50808
2024-06-04T21:00:00Z,201601,145535,118236,81594,56066,46697,46342,69523,50678
2024-06-04T22:00:00Z,188226,137387,101903,73457,50839,40345,40042,56618,39750
2024-06-04T23:00:00Z,168461,124852,101655,74463,43609,39092,38781,54144,38592
2024-06-05T00:00:00Z,198528,128511,125540,74816,70017,40299,39930,87890,71554
2024-06-05T01:00:00Z,217920,144179,129196,71948,73741,42824,42524,97376,78945
2024-06-05T02:00:00Z,172247,130203,99291,73435,42044,44479,44201,62169,40814
2024-06-05T03:00:00Z,188455,133932,113169,74501,54523,43016,42733,67137,47362
2024-06-05T04:00:00Z,168652,124781,103450,74758,43871,40185,39909,58405,40356
2024-06-05T05:00:00Z,186807,135151,107307,76697,51656,44816,44515,64497,42723
2024-06-05T06:00:00Z,218539,161464,131761,90463,57075,55640,55285,85913,60776
2024-06-05T07:00:00Z,226315,180591,122285,94438,45724,62172,61821,78109,50113
2024-06-05T08:00:00Z,253368,206301,123352,96000,47067,65185,64821,82188,53459
2024-06-05T09:00:00Z,252643,195678,129766,95329,56965,65868,65401,88543,60512
2024-06-05T10:00:00Z,239326,182942,128442,97167,56384,62566,62171,82119,55627
2024-06-05T11:00:00Z,239137,183408,127046,97513,55729,62117,61721,79372,53132
2024-06-05T12:00:00Z,279586,179859,178149,96473,99727,65217,64800,117685,91432
2024-06-05T13:00:00Z,269074,199859,154231,107431,69215,72535,72127,106177,77370
2024-06-05T14:00:00Z,258131,205653,139519,110622,52478,76426,76013,92007,62024
2024-06-05T15:00:00Z,260932,202925,142495,106542,58007,71693,71292,95505,67072
2024-06-05T16:00:00Z,238835,187979,132027,103433,50856,67261,66793,86275,58469
2024-06-05T17:00:00Z,226999,179419,125642,97626,47580,62693,62327,78844,53791
2024-06-05T18:00:00Z,238471,176101,138328,95274,62370,60137,59770,90772,67783
2024-06-05T19:00:00Z,218129,169209,119466,89402,48920,54828,54458,71570,49430
2024-06-05T20:00:00Z,214721,160564,120352,87469,54157,52651,52270,72287,51452
2024-06-05T21:00:00Z,204968,150385,106077,72589,54583,44769,44423,65439,47447
2024-06-05T22:00:00Z,188341,138995,94341,66034,49346,38956,38669,55236,38639
2024-06-05T23:00:00Z,167939,122742,91263,65273,45197,37469,37207,52001,37187
2024-06-06T00:00:00Z,186204,111409,118610,65907,74795,38406,38058,87385,71766
2024-06-06T01:00:00Z,197489,117505,128262,67748,79984,41377,41099,97398,79482
2024-06-06T02:00:00Z,163251,124051,96466,69965,39200,41984,41744,58528,39489
2024-06-06T03:00:00Z,184307,131402,105082,66692,52905,40559,40296,63284,44714
2024-06-06T04:00:00Z,157884,113953,97412,68089,43931,38450,38175,55231,38756
2024-06-06T05:00:00Z,169907,124701,102663,72087,45206,42860,42560,60446,41641
2024-06-06T06:00:00Z,205248,148550,122591,81211,56698,53486,53162,82858,58889
2024-06-06T07:00:00Z,210118,167774,118162,90785,42344,60344,60016,74584,48736
2024-06-06T08:00:00Z,234210,189582,123202,94798,44628,63452,63118,78895,52883
2024-06-06T09:00:00Z,241450,190625,128560,95001,50825,63553,63184,83374,57453
2024-06-06T10:00:00Z,223477,173043,126188,94956,50434,61617,61270,78709,54335
2024-06-06T11:00:00Z,222809,176746,126442,97340,46063,62371,62032,75738,51134
2024-06-06T12:00:00Z,288148,185687,181163,96573,102461,65185,64791,119277,93580
2024-06-06T13:00:00Z,260660,194889,151770,105224,65771,71371,70966,103227,76203
2024-06-06T14:00:00Z,244070,200354,135068,108283,43716,74574,74134,88168,59724
2024-06-06T15:00:00Z,260716,207320,138249,102488,53396,70431,70003,92963,65657
2024-06-06T16:00:00Z,236781,189074,130155,101286,47707,65502,65100,82365,57018
2024-06-06T17:00:00Z,214292,175308,117268,90248,38984,59774,59407,74287,50895
2024-06-06T18:00:00Z,231529,167375,143574,96714,64154,58932,58525,89068,67396
2024-06-06T19:00:00Z,208825,160502,122449,90515,48323,54239,53876,69256,48634
2024-06-06T20:00:00Z,217792,175925,117711,86748,41867,50867,50524,67010,48459
2024-06-06T21:00:00Z,188887,137939,114014,79469,50948,45413,45092,67214,50243
2024-06-06T22:00:00Z,172877,127948,102168,74388,44929,39744,39440,54853,39268
2024-06-06T23:00:00Z,158576,113563,97071,70743,45013,37971,37637,53959,38337
2024-06-07T00:00:00Z,183153,113457,119957,69407,69696,37731,37373,82303,67644
2024-06-07T01:00:00Z,199681,120730,131291,68520,78951,41652,41357,96241,78954
2024-06-07T02:00:00Z,161305,122022,102137,73388,39283,42553,42295,58881,41169
2024-06-07T03:00:00Z,181328,125986,109235,70313,55342,41232,40978,64017,45119
2024-06-07T04:00:00Z,151962,112883,96574,69263,39079,37875,37607,53572,37807
2024-06-07T05:00:00Z,167491,127984,103762,73940,39507,41779,41525,60148,42059
2024-06-07T06:00:00Z,203574,149440,122776,83092,54134,52174,51862,81231,58456
2024-06-07T07:00:00Z,212461,170660,119036,89965,41801,58176,57816,73341,49055
2024-06-07T08:00:00Z,219983,174959,125203,94484,45024,62094,61696,77212,51938
2024-06-07T09:00:00Z,233119,178444,134602,95984,54675,62868,62472,84196,58375
2024-06-07T10:00:00Z,224382,175888,127025,95195,48494,57906,57533,75894,52665
2024-06-07T11:00:00Z,211665,169204,123136,94944,42461,57819,57472,71630,49006
2024-06-07T12:00:00Z,262258,164664,174336,93726,97594,59915,59544,113758,90111
2024-06-07T13:00:00Z,242231,181168,144953,99722,61063,65559,65188,98153,73040
2024-06-07T14:00:00Z,235514,197947,133278,107143,37567,69484,69101,85106,56779
2024-06-07T15:00:00Z,236006,182466,135702,99049,53540,65900,65505,87369,62798
2024-06-07T16:00:00Z,236550,191509,118341,88876,45041,58591,58155,73846,51729
2024-06-07T17:00:00Z,221497,184211,114176,86699,37286,54866,54548,68535,47053
2024-06-07T18:00:00Z,215226,154432,133648,88819,60794,53272,52948,83017,62833
2024-06-07T19:00:00Z,188478,146555,113669,84536,41923,49155,48843,63469,44520
2024-06-07T20:00:00Z,178054,138600,112287,81996,39454,46357,45970,62405,45470
2024-06-07T21:00:00Z,177296,126543,108498,74190,50753,40483,40098,62469,46512
2024-06-07T22:00:00Z,147956,107736,94096,66492,40220,34404,34092,48785,35471
2024-06-07T23:00:00Z,136914,101032,91942,64806,35882,32427,32184,45735,33975
2024-06-08T00:00:00Z,175439,99044,122018,63559,76395,30503,30190,82211,70568
2024-06-08T01:00:00Z,175654,94490,125003,59292,81164,29167,28908,88048,76095
2024-06-08T02:00:00Z,125362,91665,83413,56836,33697,27824,27590,43502,31278
2024-06-08T03:00:00Z,149102,99535,95979,57870,49567,28487,28251,52105,38194
2024-06-08T04:00:00Z,132480,95017,88045,59603,37463,29054,28837,46426,34239
2024-06-08T05:00:00Z,134440,97637,86764,58785,36803,30640,30441,46700,33574
2024-06-08T06:00:00Z,162205,111382,108815,67167,50823,34908,34679,64585,49516
2024-06-08T07:00:00Z,170632,132173,100380,71077,38459,36861,36649,52078,35668
2024-06-08T08:00:00Z,163913,123741,105885,73623,40172,38334,38095,55575,38950
2024-06-08T09:00:00Z,172158,122169,112233,73755,49989,39084,38850,62572,45745
2024-06-08T10:00:00Z,170537,128337,107708,76132,42200,39030,38798,57051,40509
2024-06-08T11:00:00Z,156247,123861,104154,76793,32386,40033,39836,54170,37656
2024-06-08T12:00:00Z,235919,122686,177942,75840,113233,42247,42014,99455,82030
2024-06-08T13:00:00Z,194051,136299,126776,78596,57752,45026,44789,80100,61430
2024-06-08T14:00:00Z,176735,144248,110290,83297,32487,48802,48587,62218,43461
2024-06-08T15:00:00Z,189831,138723,122925,83396,51108,47520,47277,73155,53419
2024-06-08T16:00:00Z,180786,138552,113853,82661,42234,46832,46584,63663,45162
2024-06-08T17:00:00Z,165503,129995,110427,81195,35508,43707,43467,58336,41678
2024-06-08T18:00:00Z,180265,124228,124892,79586,56037,41430,41188,73847,57792
2024-06-08T19:00:00Z,164859,129864,97004,70154,34995,37229,37000,50262,36211
2024-06-08T20:00:00Z,153899,119457,97953,68276,34442,35131,34924,50457,37422
2024-06-08T21:00:00Z,163144,122085,93200,60273,41059,31076,30876,50164,38397
2024-06-08T22:00:00Z,125229,89555,86225,57996,35674,27436,27236,41398,30652
2024-06-08T23:00:00Z,149802,118337,82607,56454,31465,27363,27171,39153,29592
2024-06-09T00:00:00Z,150064,88338,107327,59004,61726,26448,26166,69746,59368
2024-06-09T01:00:00Z,157630,83877,117626,55510,73753,26772,26525,83713,73144
2024-06-09T02:00:00Z,130771,97014,81168,54342,33757,25798,25618,43461,32358
2024-06-09T03:00:00Z,145716,99690,91272,53290,46026,26415,26224,48174,36774
2024-06-09T04:00:00Z,124751,90755,81951,54905,33996,27542,27352,42033,30454
2024-06-09T05:00:00Z,133117,95697,86978,57329,37420,29441,29261,45430,32475
2024-06-09T06:00:00Z,155820,104700,106585,63849,51120,32765,32549,62273,48244
2024-06-09T07:00:00Z,142847,106355,94849,65782,36492,35140,34937,49183,34560
2024-06-09T08:00:00Z,154372,115411,100845,69674,38961,37756,37492,53963,38367
2024-06-09T09:00:00Z,173939,125792,112856,73788,48147,38583,38334,63934,47340
2024-06-09T10:00:00Z,159507,120003,105183,72804,39504,39796,39564,59239,42935
2024-06-09T11:00:00Z,162396,128066,103620,75939,34330,40681,40463,55259,38409
2024-06-09T12:00:00Z,245391,137349,173633,74932,108042,42519,42276,99667,82304
2024-06-09T13:00:00Z,211322,158260,122755,77661,53062,46293,46026,78027,60114
2024-06-09T14:00:00Z,197917,163056,116830,88544,34861,51060,50822,64670,45402
2024-06-09T15:00:00Z,192186,141560,126356,86853,50626,50176,49932,75582,55187
2024-06-09T16:00:00Z,180096,139275,116344,86337,40821,48948,48697,65884,46833
2024-06-09T17:00:00Z,175233,140482,111232,83312,34751,45886,45666,60526,42853
2024-06-09T18:00:00Z,186538,132398,128014,83425,54140,44117,43886,75391,58708
2024-06-09T19:00:00Z,162901,124136,105570,77314,38765,40632,40399,55201,39945
2024-06-09T20:00:00Z,157689,120159,107202,76391,37530,38972,38743,56000,41455
2024-06-09T21:00:00Z,156982,110783,109000,72238,46199,35685,35474,57586,44488
2024-06-09T22:00:00Z,139042,99898,94423,65485,39144,31179,30979,45944,34231
2024-06-09T23:00:00Z,133585,96314,90587,62052,37271,30712,30499,43935,33194
2024-06-10T00:00:00Z,180833,103944,114528,64148,76889,32196,31871,79186,65266
2024-06-10T01:00:00Z,197361,108590,126359,67215,88771,33781,33506,90701,75412
2024-06-10T02:00:00Z,150945,107559,93427,66689,43386,34220,33980,53016,38131
2024-06-10T03:00:00Z,185200,118215,108031,66455,66985,34600,34362,59971,44214
2024-06-10T04:00:00Z,164388,113084,100019,70874,51304,36288,36024,54134,37402
2024-06-10T05:00:00Z,169996,121043,101787,71384,48953,39611,39357,57328,39313
2024-06-10T06:00:00Z,206577,141561,122521,79196,65016,47304,47004,79277,58333
2024-06-10T07:00:00Z,210247,159978,117025,87696,50269,54037,53720,69277,46446
2024-06-10T08:00:00Z,224817,174673,123709,94387,50144,59428,59059,75756,51288
2024-06-10T09:00:00Z,247483,189674,124253,89140,57809,58032,57624,81088,56191
2024-06-10T10:00:00Z,237356,184229,119225,89511,53127,57714,57334,76275,51777
2024-06-10T11:00:00Z,243462,196046,120289,92903,47416,58820,58463,73217,49266
2024-06-10T12:00:00Z,287175,184720,175674,95339,102455,63622,63214,118611,92916
2024-06-10T13:00:00Z,268369,198631,147220,101954,69738,71357,70946,103392,74786
2024-06-10T14:00:00Z,261768,214369,132452,105981,47399,74333,73880,89188,60065
2024-06-10T15:00:00Z,263102,200401,142413,104605,62701,71125,70683,96257,67539
2024-06-10T16:00:00Z,249096,190625,128730,98268,58471,66324,65870,84813,57444
2024-06-10T17:00:00Z,228177,178695,125914,96802,49482,62003,61557,77414,52806
2024-06-10T18:00:00Z,238440,167238,137963,92275,71202,59117,58720,91967,68381
2024-06-10T19:00:00Z,221019,164908,121175,89142,56111,55033,54679,72309,50051
2024-06-10T20:00:00Z,218357,162567,121887,85712,55790,53662,53316,70507,50229
2024-06-10T21:00:00Z,206544,137512,118701,76519,69032,45866,45495,70446,51276
2024-06-10T22:00:00Z,178611,119986,102935,70559,58625,39397,39043,58357,40394
2024-06-10T23:00:00Z,161957,115633,96513,69395,46324,38756,38450,53872,38687
2024-06-11T00:00:00Z,182962,116211,122143,71291,66751,40042,39672,89189,72794
2024-06-11T01:00:00Z,193399,120739,129583,71313,72660,43538,43212,99697,80961
2024-06-11T02:00:00Z,165089,127384,98741,72738,37705,44511,44215,61427,41866
2024-06-11T03:00:00Z,184003,128240,112336,68822,55763,42143,41873,66397,47445
2024-06-11T04:00:00Z,161083,116275,102786,69134,44808,39750,39454,56302,39841
2024-06-11T05:00:00Z,174407,126438,106415,72445,47969,43686,43384,61310,42143
2024-06-11T06:00:00Z,210253,151438,126632,82025,58815,54470,54117,86250,61863
2024-06-11T07:00:00Z,215699,172123,122407,93414,43576,61499,61122,77370,51204
2024-06-11T08:00:00Z,229470,183407,126224,97819,46063,65606,65228,82549,54876
2024-06-11T09:00:00Z,237393,184731,134149,97331,52662,65948,65520,89857,61951
2024-06-11T10:00:00Z,226383,180602,124752,93727,45781,62542,62147,79771,54652
2024-06-11T11:00:00Z,229310,182657,127305,95496,46653,63058,62695,76882,51848
2024-06-11T12:00:00Z,284387,183537,182545,96517,100850,66641,66253,120480,94454
2024-06-11T13:00:00Z,261893,197782,153430,104645,64111,73194,72758,104534,76468
2024-06-11T14:00:00Z,248403,205468,138131,109740,42935,76088,75629,90484,61634
2024-06-11T15:00:00Z,249355,197121,142601,104160,52234,71778,71379,96588,68892
2024-06-11T16:00:00Z,225438,181003,128675,99890,44435,66330,65913,83091,57379
2024-06-11T17:00:00Z,211274,172475,122217,95603,38799,62888,62504,76520,52640
2024-06-11T18:00:00Z,227827,168969,139894,94952,58858,60234,59831,91915,68745
2024-06-11T19:00:00Z,208690,161957,125063,92115,46733,56512,56145,71217,50302
2024-06-11T20:00:00Z,195236,151407,111914,86790,43829,51825,51466,70380,48280
2024-06-11T21:00:00Z,180997,131722,109650,76264,49275,45320,44991,63767,45638
2024-06-11T22:00:00Z,166969,121070,103528,71345,45899,39714,39393,56297,40063
2024-06-11T23:00:00Z,172076,130003,102315,72247,42073,39159,38894,53162,38806
2024-06-12T00:00:00Z,195352,124897,123363,69881,70455,40577,40223,86152,69820
2024-06-12T01:00:00Z,201720,125096,133298,71956,76624,43364,43040,96791,78675
2024-06-12T02:00:00Z,170704,130102,102142,73374,40602,44637,44341,62321,43275
2024-06-12T03:00:00Z,180146,130584,109824,72983,49562,43233,42940,64672,45575
2024-06-12T04:00:00Z,167156,124722,107857,76351,42434,40106,39803,57307,40231
2024-06-12T05:00:00Z,185846,136857,114985,80602,48989,44006,43711,62678,42742
2024-06-12T06:00:00Z,212412,153768,132961,87739,58644,53280,52949,82129,58972
2024-06-12T07:00:00Z,217476,171755,124731,92352,45721,60770,60365,75832,49791
2024-06-12T08:00:00Z,227261,181802,129871,98706,45459,65293,64862,81222,54871
2024-06-12T09:00:00Z,232552,181472,134914,98201,51080,64658,64208,86338,59956
2024-06-12T10:00:00Z,223242,179140,129309,97338,44102,61458,61077,79046,54577
2024-06-12T11:00:00Z,220888,176524,129527,99040,44364,61907,61535,77114,52058
2024-06-12T12:00:00Z,280408,178008,187203,100226,102400,65603,65202,120976,95166
2024-06-12T13:00:00Z,258738,195696,156475,107209,63042,71413,70997,104101,76354
2024-06-12T14:00:00Z,257326,206909,141467,108458,50417,74818,74361,89349,60807
2024-06-12T15:00:00Z,264870,214119,139743,102341,50751,71077,70660,93281,65612
2024-06-12T16:00:00Z,225446,182249,129783,100770,43197,65346,64947,82487,56655
2024-06-12T17:00:00Z,211325,171489,123052,95795,39836,60613,60226,76508,51869
2024-06-12T18:00:00Z,222620,164988,138687,95087,57632,58607,58213,90043,68015
2024-06-12T19:00:00Z,206078,160041,121961,91199,46037,54328,53924,70584,49493
2024-06-12T20:00:00Z,203584,152903,123646,88224,50681,51249,50845,70393,50810
2024-06-12T21:00:00Z,194454,137019,119766,79031,57435,44606,44239,68679,51293
2024-06-12T22:00:00Z,170281,121741,105715,72987,48540,38374,38036,54676,39067
2024-06-12T23:00:00Z,162521,115868,103089,71919,46653,36952,36666,52929,38454
2024-06-13T00:00:00Z,184191,113711,124606,70668,70480,38086,37709,86868,71461
2024-06-13T01:00:00Z,193799,116632,135151,71847,77167,41218,40875,97956,80532
2024-06-13T02:00:00Z,165076,120839,103322,72220,44237,42045,41752,59378,40339
2024-06-13T03:00:00Z,187581,130192,116222,71618,57389,41068,40780,65443,46827
2024-06-13T04:00:00Z,161573,120007,103564,73850,41566,39351,39070,55821,39082
2024-06-13T05:00:00Z,174075,131359,107556,77179,42716,44156,43864,61953,42443
2024-06-13T06:00:00Z,209234,154606,128392,86685,54628,54534,54208,84874,61044
2024-06-13T07:00:00Z,220625,175038,122657,95391,45587,60580,60250,75599,49172
2024-06-13T08:00:00Z,226643,181438,128898,98862,45205,65406,65035,81242,54341
2024-06-13T09:00:00Z,236615,181422,139210,99165,55193,65344,64969,88470,61433
2024-06-13T10:00:00Z,223666,175173,132275,98531,48493,61039,60638,78800,54127
2024-06-13T11:00:00Z,225022,181073,128955,97937,43949,61576,61192,76144,51722
2024-06-13T12:00:00Z,274819,176733,184572,99385,98086,64813,64431,119832,94560
2024-06-13T13:00:00Z,251827,190837,152401,105600,60990,70856,70437,103467,76121
2024-06-13T14:00:00Z,241465,199224,135982,108236,42241,74379,73925,88763,60138
2024-06-13T15:00:00Z,245761,192517,143320,105343,53244,71195,70753,95348,67655
2024-06-13T16:00:00Z,225138,180874,129179,99639,44264,65708,65287,82598,56648
2024-06-13T17:00:00Z,218380,170581,129178,96583,47799,60085,59648,76937,53202
2024-06-13T18:00:00Z,223741,162177,140833,93623,61564,57636,57259,89559,67819
2024-06-13T19:00:00Z,200518,155662,120994,89323,44856,53414,53022,68671,48464
2024-06-13T20:00:00Z,195291,148894,119495,87004,46397,50260,49884,68339,49473
2024-06-13T21:00:00Z,185040,134520,115045,77856,50520,44203,43849,67560,50268
2024-06-13T22:00:00Z,159412,119614,99638,70487,39798,38457,38142,53384,38288
2024-06-13T23:00:00Z,150654,110260,97155,68198,40394,36729,36403,50943,37436
2024-06-14T00:00:00Z,181372,114193,124234,70930,67179,38104,37757,85321,70803
2024-06-14T01:00:00Z,191361,116777,133667,70317,74584,41359,41036,96903,80167
2024-06-14T02:00:00Z,159814,120006,100007,70946,39808,42111,41824,58822,40352
2024-06-14T03:00:00Z,190389,134405,113776,70116,55984,41351,41091,67607,48170
2024-06-14T04:00:00Z,158401,119673,99268,70022,38728,38337,38058,54715,38249
2024-06-14T05:00:00Z,166986,125481,105301,74647,41505,41718,41447,59740,40529
2024-06-14T06:00:00Z,204028,146690,127687,83530,57338,52048,51709,84341,60751
2024-06-14T07:00:00Z,205067,164502,119994,90779,40565,57637,57288,72349,47162
2024-06-14T08:00:00Z,220043,175206,126713,94635,44837,62256,61883,78804,52370
2024-06-14T09:00:00Z,230142,174440,136107,94177,55702,61933,61575,86717,60893
2024-06-14T10:00:00Z,217273,170691,125465,92227,46582,58020,57662,75379,52165
2024-06-14T11:00:00Z,204091,161189,122207,91114,42902,56650,56299,71610,48464
2024-06-14T12:00:00Z,264901,164351,180132,92208,100550,59859,59491,115869,92019
2024-06-14T13:00:00Z,238126,177702,145724,97329,60424,64884,64503,99116,73947
2024-06-14T14:00:00Z,225931,184431,129472,100951,41500,67712,67345,82745,56624
2024-06-14T15:00:00Z,227259,176098,136946,98577,51161,64151,63785,88025,63646
2024-06-14T16:00:00Z,212375,166450,125485,93965,45925,59202,58761,76716,53660
2024-06-14T17:00:00Z,200892,157424,119439,88972,43468,55066,54725,70527,49168
2024-06-14T18:00:00Z,208224,149837,132024,86466,58387,51939,51568,83465,63340
2024-06-14T19:00:00Z,182325,138603,111400,79752,43722,46477,46122,62032,44207
2024-06-14T20:00:00Z,177602,131992,110067,76154,45610,43898,43549,62949,46345
2024-06-14T21:00:00Z,172572,118416,107249,69060,54156,38251,37889,61842,47099
2024-06-14T22:00:00Z,155913,112246,92505,61343,43667,32821,32539,49095,35626
2024-06-14T23:00:00Z,141427,101262,87579,57732,40165,31244,30989,46478,34199
2024-06-15T00:00:00Z,162336,93378,112846,58575,68958,29749,29412,79101,66981
2024-06-15T01:00:00Z,164144,86278,118336,53968,77866,27924,27621,86496,74399
2024-06-15T02:00:00Z,122624,85748,81533,52977,36876,27225,26986,43944,31581
2024-06-15T03:00:00Z,149029,97459,96333,53824,51570,28181,27948,52399,39192
2024-06-15T04:00:00Z,124534,88454,82869,54688,36080,28236,28000,44429,31784
2024-06-15T05:00:00Z,130570,92709,86609,55857,37861,29981,29761,47509,33657
2024-06-15T06:00:00Z,155526,100511,106058,61119,55015,33166,32915,64959,49507
2024-06-15T07:00:00Z,148703,110677,93883,64291,38026,35873,35650,51648,34903
2024-06-15T08:00:00Z,151460,112085,100262,68352,39375,37936,37679,55192,38346
2024-06-15T09:00:00Z,166131,114926,111148,70560,51205,37972,37704,62824,45814
2024-06-15T10:00:00Z,157051,116460,103852,71802,40591,38110,37850,56648,39916
2024-06-15T11:00:00Z,160681,125349,102424,73117,35332,39507,39280,53353,36957
2024-06-15T12:00:00Z,233370,125283,173088,73831,108087,40955,40696,98294,81502
2024-06-15T13:00:00Z,189382,129272,130252,80249,60110,43372,43118,79139,61014
2024-06-15T14:00:00Z,168537,133220,110930,81913,35317,46590,46333,61876,43054
2024-06-15T15:00:00Z,184260,134637,121745,81486,49623,46205,45964,72438,53344
2024-06-15T16:00:00Z,170129,130571,109679,79267,39558,44415,44184,61573,43663
2024-06-15T17:00:00Z,162041,124953,109133,79570,37088,41305,41080,56206,39990
2024-06-15T18:00:00Z,173787,118256,122192,75584,55531,39654,39419,71911,56575
2024-06-15T19:00:00Z,145365,108584,97952,68492,36781,34935,34713,49260,35652
2024-06-15T20:00:00Z,137835,101708,96236,65180,36127,32468,32193,48885,36649
2024-06-15T21:00:00Z,140226,94505,98699,60880,45721,29564,29315,52398,40816
2024-06-15T22:00:00Z,121457,85245,83899,54790,36212,26155,25933,40835,29929
2024-06-15T23:00:00Z,115260,81761,82856,54583,33499,25693,25492,38534,29326
2024-06-16T00:00:00Z,148029,86009,103063,54329,62020,25446,25152,70026,59570
2024-06-16T01:00:00Z,153553,80471,115014,52441,73082,25175,24932,82941,72520
2024-06-16T02:00:00Z,117033,81178,80752,52738,35855,25014,24796,43130,32072
2024-06-16T03:00:00Z,142799,91087,96983,53396,51712,25523,25324,50613,38826
2024-06-16T04:00:00Z,123260,85453,84292,55154,37807,26538,26334,42302,30725
2024-06-16T05:00:00Z,128779,90043,88841,57723,38736,28272,28066,44997,32379
2024-06-16T06:00:00Z,152171,97829,106871,61534,54342,31312,31079,62681,48477
2024-06-16T07:00:00Z,144028,104857,96177,65535,39171,33981,33741,48910,34181
2024-06-16T08:00:00Z,151201,110489,100986,69656,40712,36149,35919,53022,37409
2024-06-16T09:00:00Z,169952,112515,108291,68454,57437,36940,36706,64738,45804
2024-06-16T10:00:00Z,162985,117060,102771,70430,45925,37581,37310,56596,39382
2024-06-16T11:00:00Z,160683,120964,101608,70623,39719,38604,38386,54625,37887
2024-06-16T12:00:00Z,233432,119783,177246,75237,113649,40830,40590,100133,82607
2024-06-16T13:00:00Z,188513,129402,129709,79246,59111,43689,43450,80167,61671
2024-06-16T14:00:00Z,173533,137776,111949,82808,35757,47241,46988,62428,43327
2024-06-16T15:00:00Z,186779,135707,124432,83668,51072,46748,46497,73621,54392
2024-06-16T16:00:00Z,172389,129991,113227,81967,42398,45357,45110,63097,45393
2024-06-16T17:00:00Z,159283,122725,105197,76474,36558,42494,42268,57003,40340
2024-06-16T18:00:00Z,179285,122421,124937,77969,56864,41712,41474,74801,58919
2024-06-16T19:00:00Z,155798,116681,103590,73738,39117,37185,36963,52585,37975
2024-06-16T20:00:00Z,149271,111523,103401,71718,37748,35049,34820,51849,38765
2024-06-16T21:00:00Z,159330,112622,103137,65411,46708,32346,32090,55642,42877
2024-06-16T22:00:00Z,146331,108109,91173,61811,38222,28409,28160,43092,31796
2024-06-16T23:00:00Z,141794,105933,86983,59461,35861,28623,28415,41940,31477
2024-06-17T00:00:00Z,169974,96870,111903,62147,73104,31037,30706,78472,63828
2024-06-17T01:00:00Z,195064,108088,122432,62793,86976,35863,35569,92630,75220
2024-06-17T02:00:00Z,172527,127130,92811,65259,45397,37591,37321,55746,37896
2024-06-17T03:00:00Z,185157,121449,107819,66144,63708,37176,36906,62005,43876
2024-06-17T04:00:00Z,161688,109516,95974,65950,52172,34445,34162,51952,35991
2024-06-17T05:00:00Z,171827,123602,98770,68976,48225,39001,38731,56880,38484
2024-06-17T06:00:00Z,207316,140116,122607,78226,67200,48416,48108,80408,57710
2024-06-17T07:00:00Z,211609,158037,116940,85823,53572,55666,55313,71561,46486
2024-06-17T08:00:00Z,225635,172081,123957,93270,53554,60680,60282,77070,51120
2024-06-17T09:00:00Z,232889,169299,130969,91432,63590,60110,59677,84873,57922
2024-06-17T10:00:00Z,218424,160613,119170,87902,57811,56722,56257,76586,51100
2024-06-17T11:00:00Z,214508,163857,117073,88201,50651,57751,57356,72231,48260
2024-06-17T12:00:00Z,277101,168277,176971,92046,108824,61138,60703,117887,92332
2024-06-17T13:00:00Z,255784,184673,146796,99336,71111,67223,66793,101510,73703
2024-06-17T14:00:00Z,243391,194653,133467,104733,48738,70644,70238,85422,57435
2024-06-17T15:00:00Z,249156,187145,138618,99767,62011,67493,67085,93189,65158
2024-06-17T16:00:00Z,232688,177059,126838,95427,55629,62548,62122,82729,56548
2024-06-17T17:00:00Z,217895,167650,121075,90933,50245,59005,58605,76118,51924
2024-06-17T18:00:00Z,233275,162193,135552,88356,71082,56244,55859,91653,68279
2024-06-17T19:00:00Z,214429,154244,115548,82320,60185,51230,50819,71004,48659
2024-06-17T20:00:00Z,208855,148287,114964,81464,60568,48163,47783,68988,47757
2024-06-17T21:00:00Z,207911,134448,114477,73140,73463,43614,43235,72374,52474
2024-06-17T22:00:00Z,197373,123646,103267,68865,73727,38760,38373,63673,41523
2024-06-17T23:00:00Z,188660,119034,99425,68184,69626,37602,37252,61416,39609
2024-06-18T00:00:00Z,195187,116915,123582,69490,78272,39166,38778,90314,72462
2024-06-18T01:00:00Z,208535,119265,132383,70324,89270,42407,42072,104675,81749
2024-06-18T02:00:00Z,172170,123431,102039,71278,48739,42925,42622,63464,43803
2024-06-18T03:00:00Z,186660,126802,110363,67419,59858,40712,40430,67108,47253
2024-06-18T04:00:00Z,163432,116806,99813,69098,46626,38713,38378,57081,39756
2024-06-18T05:00:00Z,178817,131383,104777,73681,47434,43840,43531,62499,42458
2024-06-18T06:00:00Z,218643,151983,125871,81016,66660,53309,52966,86890,61425
2024-06-18T07:00:00Z,221128,171209,120838,89310,49919,58966,58574,76886,50254
2024-06-18T08:00:00Z,231419,180928,126402,94881,50491,64483,64085,81891,55086
2024-06-18T09:00:00Z,232975,178059,130793,92535,54916,63468,63091,86695,60283
2024-06-18T10:00:00Z,216164,167174,122836,90056,48990,59752,59369,77620,53571
2024-06-18T11:00:00Z,216623,171116,123185,92348,45507,61110,60770,75351,51096
2024-06-18T12:00:00Z,276474,175905,181952,95731,100569,64205,63792,120760,94843
2024-06-18T13:00:00Z,256086,191344,152140,103807,64742,70149,69705,103402,76183
2024-06-18T14:00:00Z,243213,197982,137058,107212,45231,73507,73062,87946,60316
2024-06-18T15:00:00Z,251506,195233,142498,104176,56273,70434,70000,95599,67370
2024-06-18T16:00:00Z,227387,180606,127741,97920,46781,65524,65105,83272,57587
2024-06-18T17:00:00Z,220691,174004,124578,95492,46687,60903,60495,77315,53193
2024-06-18T18:00:00Z,229675,167883,137701,92053,61792,58859,58421,91768,69063
2024-06-18T19:00:00Z,207063,160878,116976,86764,46185,53812,53440,69813,48703
2024-06-18T20:00:00Z,201997,153865,116787,83687,48132,50698,50330,69878,49965
2024-06-18T21:00:00Z,191098,135657,114840,75884,55441,44930,44542,69908,51686
2024-06-18T22:00:00Z,170594,123356,102524,71815,47238,39343,38995,57297,40268
2024-06-18T23:00:00Z,162541,118622,99650,70159,43919,38071,37790,55358,39810
2024-06-19T00:00:00Z,184777,116330,120224,68603,68447,39033,38674,87772,71225
2024-06-19T01:00:00Z,198664,124132,133995,73838,74532,42351,42040,98749,80404
2024-06-19T02:00:00Z,171971,128110,102842,74941,43861,43419,43123,62821,42334
2024-06-19T03:00:00Z,186734,129945,111983,70164,56789,41122,40847,66185,46777
2024-06-19T04:00:00Z,159808,119726,98849,69311,40082,39160,38868,55935,39045
2024-06-19T05:00:00Z,171125,126331,103303,72004,44794,43145,42850,61171,41386
2024-06-19T06:00:00Z,209095,152034,128135,83729,57061,52692,52358,85162,60269
2024-06-19T07:00:00Z,208621,165705,119599,88972,42916,59435,59110,73724,48403
2024-06-19T08:00:00Z,231519,183807,129587,96733,47712,64363,63958,80060,53748
2024-06-19T09:00:00Z,231899,179087,132739,94460,52812,64689,64295,86956,61051
2024-06-19T10:00:00Z,217989,171199,126083,93311,46790,60711,60303,77507,53395
2024-06-19T11:00:00Z,213628,171006,124645,94035,42622,60493,60137,74159,50262
2024-06-19T12:00:00Z,266501,169585,176774,92532,96916,63227,62852,117816,92612
2024-06-19T13:00:00Z,251818,190641,149550,101195,61177,69298,68918,103142,75965
2024-06-19T14:00:00Z,237858,194273,135840,105924,43585,72021,71629,87102,59457
2024-06-19T15:00:00Z,240733,185759,140809,100905,54974,67976,67584,94206,66520
2024-06-19T16:00:00Z,220322,170552,126952,93604,49770,61491,61099,81804,56614
2024-06-19T17:00:00Z,207346,164059,122762,91985,43287,56930,56575,75064,51790
2024-06-19T18:00:00Z,219507,155949,136665,88812,63558,54673,54323,90685,67697
2024-06-19T19:00:00Z,199113,149427,119196,86331,49686,50296,49968,68656,47495
2024-06-19T20:00:00Z,187186,141241,117483,83656,45945,47504,47170,66909,47957
2024-06-19T21:00:00Z,180289,125393,114292,74940,54896,41845,41519,66846,49978
2024-06-19T22:00:00Z,157981,113406,99264,67887,44575,36845,36571,53764,38705
2024-06-19T23:00:00Z,148842,109144,97644,68402,39698,35898,35632,50903,37289
2024-06-20T00:00:00Z,179291,109967,124975,69236,69324,37140,36820,87517,73058
2024-06-20T01:00:00Z,187412,113524,130771,68725,73888,40385,40099,97648,80957
2024-06-20T02:00:00Z,156679,121218,97033,70785,35461,41590,41320,57370,38801
2024-06-20T03:00:00Z,176518,124720,110023,68006,51798,40225,39944,63685,46095
2024-06-20T04:00:00Z,152588,113218,97595,67381,39370,38034,37756,53962,38005
2024-06-20T05:00:00Z,168857,127597,105376,73270,41260,42987,42726,59923,41384
2024-06-20T06:00:00Z,205534,148215,127677,81512,57319,52696,52382,83449,60534
2024-06-20T07:00:00Z,216701,172177,122419,90571,44524,59641,59297,74045,48562
2024-06-20T08:00:00Z,230955,187164,127451,97177,43791,64824,64457,79663,53074
2024-06-20T09:00:00Z,229040,177422,133380,95145,51618,64267,63897,86156,60008
2024-06-20T10:00:00Z,217719,171628,128751,94916,46091,60247,59894,78178,53885
2024-06-20T11:00:00Z,220162,173764,127369,94354,46398,60776,60418,75819,50394
2024-06-20T12:00:00Z,281265,175209,189728,97591,106056,64278,63867,120939,95987
2024-06-20T13:00:00Z,259399,199063,154382,107350,60336,69294,68899,102852,75535
2024-06-20T14:00:00Z,245936,202381,139427,109564,43555,72463,71995,87620,59632
2024-06-20T15:00:00Z,246476,194870,144627,106616,51606,69215,68805,94167,66728
2024-06-20T16:00:00Z,221865,179005,128352,99025,42860,63477,63073,81323,56329
2024-06-20T17:00:00Z,212999,170837,126362,96472,42162,59040,58677,74762,51880
2024-06-20T18:00:00Z,229504,163669,142356,93690,65835,56605,56148,91698,69059
2024-06-20T19:00:00Z,204753,154481,122508,88031,50272,51679,51305,68520,48473
2024-06-20T20:00:00Z,212092,159883,121879,84747,52209,48730,48356,68749,49890
2024-06-20T21:00:00Z,218324,162677,116565,76100,55647,43706,43321,67359,50320
2024-06-20T22:00:00Z,172107,120632,107750,72030,51475,37646,37344,56240,40473
2024-06-20T23:00:00Z,165652,114896,107253,71245,50756,36230,35905,53916,40220
2024-06-21T00:00:00Z,187348,113459,125302,68187,73889,37287,36895,87986,72798
2024-06-21T01:00:00Z,193423,116371,130774,68725,77052,39478,39165,97728,80988
2024-06-21T02:00:00Z,162316,123313,98637,71422,39003,41623,41353,58809,40618
2024-06-21T03:00:00Z,178934,126895,108315,67758,52039,40024,39750,64506,46100
2024-06-21T04:00:00Z,156547,115089,97854,68304,41458,37585,37302,54174,38225
2024-06-21T05:00:00Z,173789,129088,106224,73233,44701,42408,42148,60898,41496
2024-06-21T06:00:00Z,208478,146155,130344,81901,62323,51113,50806,84005,60883
2024-06-21T07:00:00Z,209082,163782,121394,89140,45300,57601,57258,72783,48307
2024-06-21T08:00:00Z,221279,174697,125787,94468,46582,61572,61185,78302,52681
2024-06-21T09:00:00Z,224804,172636,130739,92968,52168,60951,60583,84614,58876
2024-06-21T10:00:00Z,207278,163152,120212,89744,44126,56142,55765,74855,51326
2024-06-21T11:00:00Z,203519,160865,118007,88991,42654,55019,54685,70929,48169
2024-06-21T12:00:00Z,265906,161204,181464,90108,104702,57657,57274,114444,91318
2024-06-21T13:00:00Z,240532,178042,146477,97692,62490,62780,62422,96981,72311
2024-06-21T14:00:00Z,234526,188473,134726,103629,46053,65857,65419,80787,55551
2024-06-21T15:00:00Z,234089,177571,138618,98144,56518,63095,62670,88403,63648
2024-06-21T16:00:00Z,213747,166247,125743,93220,47500,58228,57784,76886,53877
2024-06-21T17:00:00Z,200505,158167,117399,88026,42338,54209,53860,70333,48788
2024-06-21T18:00:00Z,208422,150559,129804,84769,57863,52097,51712,84580,64603
2024-06-21T19:00:00Z,183461,142059,107532,78376,41402,46790,46400,61942,42885
2024-06-21T20:00:00Z,179995,137274,107770,76132,42721,43664,43280,61150,44258
2024-06-21T21:00:00Z,174849,124362,113174,75209,50487,38527,38202,61883,46574
2024-06-21T22:00:00Z,147513,105522,94905,63740,41991,33359,33059,48305,35041
2024-06-21T23:00:00Z,141234,100249,94654,62678,40985,31655,31394,46341,34657
2024-06-22T00:00:00Z,163176,94205,116102,59943,68971,29613,29278,79229,67719
2024-06-22T01:00:00Z,164980,91272,121258,58646,73708,28751,28483,86380,74874
2024-06-22T02:00:00Z,128831,93645,84532,57705,35186,27938,27686,44212,31366
2024-06-22T03:00:00Z,148167,99715,95320,55040,48452,28553,28325,52913,39828
2024-06-22T04:00:00Z,128153,92546,85403,56607,35607,29122,28890,44739,32238
2024-06-22T05:00:00Z,132831,95132,87367,56873,37699,30737,30511,48294,34384
2024-06-22T06:00:00Z,154787,101838,106216,61116,52949,33699,33465,65330,50536
2024-06-22T07:00:00Z,146659,108209,95147,64114,38450,35816,35567,51151,35607
2024-06-22T08:00:00Z,159305,115442,103561,69509,43863,37845,37598,56385,39969
2024-06-22T09:00:00Z,164643,113534,109177,67458,51109,38270,38053,63694,46801
2024-06-22T10:00:00Z,154163,113550,100682,68169,40613,38205,37980,57221,41080
2024-06-22T11:00:00Z,151496,114103,98440,67931,37393,38683,38472,54493,38008
2024-06-22T12:00:00Z,220609,116760,165566,70366,103849,40590,40359,100203,83424
2024-06-22T13:00:00Z,182622,125093,124046,73795,57529,44077,43861,80545,62272
2024-06-22T14:00:00Z,169064,132527,108075,78190,36537,46538,46263,62317,43216
2024-06-22T15:00:00Z,186978,135923,122328,81375,51055,45898,45666,71946,53177
2024-06-22T16:00:00Z,170852,128082,107340,75822,42770,44060,43814,61556,43903
2024-06-22T17:00:00Z,164198,126313,109487,78301,37885,41729,41496,56598,40291
2024-06-22T18:00:00Z,179382,122821,126191,77302,56561,41036,40807,74041,58462
2024-06-22T19:00:00Z,150474,112914,98361,67773,37560,36632,36416,51154,36645
2024-06-22T20:00:00Z,156765,117459,98403,65449,39306,34522,34293,51651,38245
2024-06-22T21:00:00Z,146329,100988,99544,61509,45341,31182,30966,53793,41586
2024-06-22T22:00:00Z,136632,100735,88898,58853,35897,27623,27422,41931,31341
2024-06-22T23:00:00Z,131757,96593,84446,55222,35164,27314,27122,40494,30692
2024-06-23T00:00:00Z,153136,91577,104723,54406,61559,26967,26668,72811,61077
2024-06-23T01:00:00Z,175714,103729,118004,54724,71985,26701,26441,83991,73309
2024-06-23T02:00:00Z,126291,89982,82089,53037,36309,26332,26105,44121,32317
2024-06-23T03:00:00Z,150226,99819,97448,54678,50407,26887,26686,50903,38309
2024-06-23T04:00:00Z,128767,92471,86817,56410,36296,27797,27558,42714,31105
2024-06-23T05:00:00Z,134559,96457,89924,57845,38102,28990,28760,45462,32756
2024-06-23T06:00:00Z,156429,105256,105799,60869,51173,32796,32580,64596,50126
2024-06-23T07:00:00Z,147039,112623,92687,63774,34416,35195,34971,49475,34205
2024-06-23T08:00:00Z,153919,115401,98615,66796,38518,37745,37518,54549,38533
2024-06-23T09:00:00Z,169936,123069,108405,68626,46867,38020,37810,62185,45720
2024-06-23T10:00:00Z,156703,118892,101015,69442,37811,38376,38172,55867,40025
2024-06-23T11:00:00Z,160926,125303,102611,72329,35623,39824,39626,54170,37811
2024-06-23T12:00:00Z,239095,126109,179138,74023,112986,42760,42530,102140,84673
2024-06-23T13:00:00Z,190645,132715,127530,76244,57930,45729,45508,81889,63327
2024-06-23T14:00:00Z,179194,143782,113908,84747,35412,49690,49468,65384,45613
2024-06-23T15:00:00Z,188766,141624,121892,82654,47142,49664,49425,75506,55545
2024-06-23T16:00:00Z,177314,138814,112162,81888,38500,47749,47512,65438,46450
2024-06-23T17:00:00Z,168931,133808,109444,80282,35123,45041,44839,59979,42629
2024-06-23T18:00:00Z,182936,128441,124715,77825,54495,43852,43623,76109,59732
2024-06-23T19:00:00Z,157492,120668,103709,74113,36824,39601,39375,54140,39146
2024-06-23T20:00:00Z,152011,113327,100759,68303,38684,36886,36657,54119,40416
2024-06-23T21:00:00Z,151904,105807,103563,64638,46097,33938,33714,56790,44173
2024-06-23T22:00:00Z,135386,98288,89634,59933,37098,30247,30039,45265,33654
2024-06-23T23:00:00Z,128331,92186,86098,57759,36145,30136,29948,43856,33181
2024-06-24T00:00:00Z,168663,100853,112019,62135,67810,32712,32419,80561,66428
2024-06-24T01:00:00Z,191001,108245,123778,63401,82756,37314,37038,94367,77137
2024-06-24T02:00:00Z,163858,116905,95066,66194,46953,39785,39529,58478,40031
2024-06-24T03:00:00Z,188592,125059,109855,66001,63533,38912,38659,64769,45925
2024-06-24T04:00:00Z,163055,112619,95364,64562,50436,36999,36740,53882,37105
2024-06-24T05:00:00Z,176014,126168,105811,72814,49846,41723,41455,59947,40774
2024-06-24T06:00:00Z,210087,147044,123319,79087,63043,51740,51414,83825,59728
2024-06-24T07:00:00Z,216975,168388,117472,87197,48587,58454,58092,74873,48911
2024-06-24T08:00:00Z,233544,182921,121387,91025,50623,62891,62514,80209,53058
2024-06-24T09:00:00Z,235686,178306,130159,92426,57380,63042,62646,86645,59802
2024-06-24T10:00:00Z,220159,168765,121418,89580,51394,58859,58486,77415,52487
2024-06-24T11:00:00Z,218569,170758,120283,90249,47811,59536,59163,74508,49582
2024-06-24T12:00:00Z,281063,175827,181111,94061,105236,63462,63073,120716,94755
2024-06-24T13:00:00Z,256736,189366,147612,100083,67370,68562,68120,101124,73523
2024-06-24T14:00:00Z,249274,201245,137620,107691,48029,72162,71766,87501,59108
2024-06-24T15:00:00Z,255724,197293,143121,104509,58431,69310,68908,94155,66140
2024-06-24T16:00:00Z,234186,184372,130409,100050,49814,63576,63157,81488,55775
2024-06-24T17:00:00Z,218021,171894,122847,93647,46127,59360,58997,75062,51505
2024-06-24T18:00:00Z,228274,162185,140007,92769,66089,56790,56424,90670,68278
2024-06-24T19:00:00Z,205091,153443,121301,88946,51648,52295,51932,69439,48642
2024-06-24T20:00:00Z,199690,144811,119552,84820,54879,48934,48560,68811,49204
2024-06-24T21:00:00Z,195160,133299,118011,77490,61861,44177,43816,69353,51045
2024-06-24T22:00:00Z,167983,115704,101020,68618,52279,38436,38085,56369,39621
2024-06-24T23:00:00Z,163303,115042,99496,69296,48261,37513,37196,54071,38970
2024-06-25T00:00:00Z,193895,117993,130514,71620,75902,38693,38356,92576,76889
2024-06-25T01:00:00Z,200479,122667,137587,72810,77812,42085,41777,102147,84098
2024-06-25T02:00:00Z,165596,125049,101900,72908,40547,43405,43126,60875,42018
2024-06-25T03:00:00Z,186429,131590,114033,70390,54839,42163,41891,65861,47102
2024-06-25T04:00:00Z,161641,117607,104163,70610,44034,39178,38886,55818,39276
2024-06-25T05:00:00Z,177364,128164,109341,74374,49200,43800,43507,61732,42576
2024-06-25T06:00:00Z,213425,155373,131118,85799,58052,53874,53561,85564,61860
2024-06-25T07:00:00Z,216223,173369,121754,91267,42854,60484,60140,75777,49899
2024-06-25T08:00:00Z,229794,184640,128351,97262,45154,65534,65126,80937,54463
2024-06-25T09:00:00Z,234799,181622,132290,93910,53177,64615,64157,87035,60375
2024-06-25T10:00:00Z,228492,182888,126266,94216,45604,60636,60262,77927,53312
2024-06-25T11:00:00Z,216226,172443,125393,94565,43783,60555,60162,74973,50396
2024-06-25T12:00:00Z,276681,174410,184400,94641,102271,64563,64161,121636,95512
2024-06-25T13:00:00Z,250387,190013,149377,101256,60374,69751,69331,102472,75130
2024-06-25T14:00:00Z,243205,203298,138016,109835,39907,73178,72749,87650,59208
2024-06-25T15:00:00Z,247211,194010,143283,104356,53201,70763,70389,95130,67394
2024-06-25T16:00:00Z,225496,181969,130516,101495,43527,64326,63932,81483,56129
2024-06-25T17:00:00Z,211980,173241,126668,98809,38739,59173,58822,74277,51171
2024-06-25T18:00:00Z,225779,166759,141499,95920,59020,57552,57195,90707,68101
2024-06-25T19:00:00Z,198271,156272,120961,90157,41999,52645,52303,67829,47771
2024-06-25T20:00:00Z,199500,153004,123728,90031,46496,49997,49634,68620,49211
2024-06-25T21:00:00Z,193388,142668,121082,82410,50720,44484,44155,68384,50993
2024-06-25T22:00:00Z,169628,124628,103388,71705,45000,39236,38942,56448,40323
2024-06-25T23:00:00Z,171763,130428,98701,68436,41335,37167,36887,52432,38193
2024-06-26T00:00:00Z,215335,152927,114698,66184,62408,38083,37681,82589,67419
2024-06-26T01:00:00Z,191385,118163,132001,70327,73222,41567,41225,99395,81804
2024-06-26T02:00:00Z,157776,119502,97397,69275,38274,41593,41269,59755,40516
2024-06-26T03:00:00Z,184067,130307,113790,70562,53760,41279,41006,65437,46906
2024-06-26T04:00:00Z,155537,115320,99495,68580,40217,38986,38721,55527,39129
2024-06-26T05:00:00Z,177602,129413,106895,74383,48189,43904,43623,62286,42976
2024-06-26T06:00:00Z,207686,151364,127484,82961,56322,53659,53329,85041,61494
2024-06-26T07:00:00Z,213454,172751,122862,92741,40703,60761,60413,75321,49618
2024-06-26T08:00:00Z,228264,185789,127966,98193,42475,65070,64665,81332,54803
2024-06-26T09:00:00Z,236389,185749,134238,96379,50640,65056,64618,88191,61670
2024-06-26T10:00:00Z,219824,175552,126839,95230,44272,60608,60187,78724,54567
2024-06-26T11:00:00Z,218547,176521,124730,94334,42026,61071,60711,75589,51628
2024-06-26T12:00:00Z,277284,177286,182121,95641,99998,64607,64140,121918,96527
2024-06-26T13:00:00Z,257744,194548,152877,103899,63196,70346,69904,103446,76118
2024-06-26T14:00:00Z,243587,200999,137106,107135,42588,73508,73063,87822,59860
2024-06-26T15:00:00Z,246528,194509,140721,102153,52019,70212,69810,94452,67211
2024-06-26T16:00:00Z,226773,183139,129415,99475,43634,64812,64399,81464,56640
2024-06-26T17:00:00Z,212776,173541,125070,96269,39235,60210,59817,74949,51611
2024-06-26T18:00:00Z,225251,166123,138572,93685,59128,57642,57219,89583,67446
2024-06-26T19:00:00Z,204216,157013,118665,88118,47203,52337,51976,69631,47499
2024-06-26T20:00:00Z,194439,151186,117303,84559,43253,49799,49426,67432,48556
2024-06-26T21:00:00Z,178459,129602,108491,72871,48857,42918,42574,65165,46934
2024-06-26T22:00:00Z,163535,120765,101292,69999,42770,37983,37657,53485,38784
2024-06-26T23:00:00Z,152413,114167,97133,68461,38246,36448,36159,50745,37075
2024-06-27T00:00:00Z,185673,115489,125649,68392,70184,37289,36962,91569,75335
2024-06-27T01:00:00Z,192529,116364,133781,68754,76165,40375,40083,100952,83906
2024-06-27T02:00:00Z,157919,120869,97175,69642,37050,40799,40514,57934,39584
2024-06-27T03:00:00Z,183419,128567,113174,68646,54852,40165,39900,64806,46682
2024-06-27T04:00:00Z,156086,114389,99599,67518,41697,38666,38392,55165,39074
2024-06-27T05:00:00Z,172628,128123,105192,72583,44505,43549,43275,61174,41896
2024-06-27T06:00:00Z,206648,148977,127908,82192,57671,52780,52443,85067,62507
2024-06-27T07:00:00Z,194242,155254,110815,82598,38988,57398,57019,71105,47166
2024-06-27T08:00:00Z,218225,176064,123839,94230,42161,63696,63315,78788,52877
2024-06-27T09:00:00Z,226567,176615,130624,93673,49952,63471,63108,86400,60070
2024-06-27T10:00:00Z,213183,170408,124449,94146,42775,59868,59524,77428,53213
2024-06-27T11:00:00Z,214619,172956,125260,94223,41663,59513,59182,74259,50296
2024-06-27T12:00:00Z,266910,168204,176005,90378,98706,62029,61654,118724,93647
2024-06-27T13:00:00Z,252206,191634,154002,105057,60572,67937,67569,100826,74176
2024-06-27T14:00:00Z,248668,205687,143083,112583,42981,71259,70870,87591,59582
2024-06-27T15:00:00Z,244557,192774,144532,105905,51783,67737,67371,92737,65987
2024-06-27T16:00:00Z,222106,176815,126973,96897,45291,62585,62197,80984,55757
2024-06-27T17:00:00Z,211011,170262,121464,92468,40749,58324,57911,74420,51026
2024-06-27T18:00:00Z,221870,162275,137073,89992,59595,55383,55010,88634,67025
2024-06-27T19:00:00Z,198032,154714,115579,84950,43318,51077,50730,66996,46737
2024-06-27T20:00:00Z,195594,153508,121509,88476,42086,48239,47915,65703,47320
2024-06-27T21:00:00Z,191784,139142,121133,80830,52642,42305,41981,65587,49206
2024-06-27T22:00:00Z,160533,117113,99586,67579,43420,36707,36412,52328,37758
2024-06-27T23:00:00Z,146790,108225,93095,64266,38565,35325,35001,49460,36097
2024-06-28T00:00:00Z,183156,119511,117534,66455,63645,36366,36054,84097,69577
2024-06-28T01:00:00Z,179933,110562,122508,64120,69371,38413,38129,92871,76161
2024-06-28T02:00:00Z,154442,118624,95623,68626,35818,40098,39833,57772,40046
2024-06-28T03:00:00Z,178361,125746,107706,65857,52615,38430,38157,63123,45363
2024-06-28T04:00:00Z,154842,113757,95986,65171,41085,36525,36197,52995,37356
2024-06-28T05:00:00Z,167918,125316,102012,69423,42602,40583,40292,58398,40245
2024-06-28T06:00:00Z,204873,148258,124659,79881,56615,50371,49988,81772,59347
2024-06-28T07:00:00Z,210207,166617,120354,89291,43590,56019,55664,71624,47521
2024-06-28T08:00:00Z,217937,175177,121849,91359,42760,59940,59582,76784,51426
2024-06-28T09:00:00Z,220088,170049,128632,90480,50039,60522,60124,83731,58616
2024-06-28T10:00:00Z,206466,162906,122019,91416,43560,55990,55582,74111,51451
2024-06-28T11:00:00Z,203928,164561,123478,94706,39367,54701,54373,69279,47160
2024-06-28T12:00:00Z,260865,161194,178049,89447,99671,57349,56978,114200,91702
2024-06-28T13:00:00Z,233520,173447,144182,95315,60073,61922,61564,95748,71285
2024-06-28T14:00:00Z,229464,185071,129813,99090,44393,64585,64161,80487,55040
2024-06-28T15:00:00Z,235626,181744,135590,94935,53882,62673,62274,87999,62793
2024-06-28T16:00:00Z,207944,163775,120206,89333,44169,57394,57020,75279,51782
2024-06-28T17:00:00Z,192616,155900,112379,84697,36716,53294,52977,68179,46493
2024-06-28T18:00:00Z,203852,147568,129204,83254,56284,51037,50722,84536,63860
2024-06-28T19:00:00Z,180783,139072,107368,77291,41711,45104,44795,61445,42892
2024-06-28T20:00:00Z,181054,135647,111847,78441,45407,43034,42703,61645,45030
2024-06-28T21:00:00Z,169857,118081,107283,69173,51776,37333,37005,60705,45833
2024-06-28T22:00:00Z,149175,106913,93226,62007,42262,31809,31478,47519,34609
2024-06-28T23:00:00Z,135352,95892,87730,58176,39460,29894,29629,43889,32554
2024-06-29T00:00:00Z,157791,90924,111550,56998,66867,28336,28015,77602,66330
2024-06-29T01:00:00Z,158621,85443,116414,54260,73178,27078,26812,84332,73378
2024-06-29T02:00:00Z,119676,85695,78536,52534,33981,26396,26156,42507,30792
2024-06-29T03:00:00Z,145083,95507,94156,52907,49576,27469,27257,50906,38560
2024-06-29T04:00:00Z,125870,91760,83576,55569,34110,28234,28005,43787,31431
2024-06-29T05:00:00Z,133964,95869,87283,57298,38095,29947,29738,46641,33315
2024-06-29T06:00:00Z,158604,105602,107694,61709,53002,34125,33880,66495,51221
2024-06-29T07:00:00Z,148864,111461,95623,65318,37403,36042,35825,50923,35253
2024-06-29T08:00:00Z,149533,111751,97533,66469,37782,37913,37703,55070,39154
2024-06-29T09:00:00Z,157532,111084,104342,65487,46448,37878,37663,62352,45945
2024-06-29T10:00:00Z,151318,113404,98046,66545,37914,37927,37671,55377,39661
2024-06-29T11:00:00Z,162752,128999,97462,68394,33753,38622,38435,51854,36282
2024-06-29T12:00:00Z,226706,117055,173001,70664,109651,40021,39786,98552,82273
2024-06-29T13:00:00Z,183039,126049,125651,74534,56990,42829,42643,80016,62051
2024-06-29T14:00:00Z,167898,133039,107717,78209,34859,45385,45189,61831,43381
2024-06-29T15:00:00Z,173641,125115,118430,77524,48526,43146,42909,69103,51662
2024-06-29T16:00:00Z,156704,118868,103870,73816,37836,41403,41168,58420,41898
2024-06-29T17:00:00Z,148029,113235,96660,67475,34794,38797,38562,52636,37175
2024-06-29T18:00:00Z,160988,105280,114696,66783,55708,36930,36680,69788,55409
2024-06-29T19:00:00Z,138382,101494,91611,61701,36888,33281,33069,47874,34058
2024-06-29T20:00:00Z,143162,105418,93954,61662,37744,31603,31394,48368,36116
2024-06-29T21:00:00Z,137974,93682,93776,55964,44292,28881,28693,51120,39798
2024-06-29T22:00:00Z,119339,83947,81526,52157,35392,25513,25311,39796,29661
2024-06-29T23:00:00Z,114337,80214,79423,51086,34123,25499,25290,38490,29327
2024-06-30T00:00:00Z,142754,83642,97823,50020,59112,25180,24893,67816,57793
2024-06-30T01:00:00Z,151329,81713,112377,50319,69616,25777,25550,83280,72910
2024-06-30T02:00:00Z,115111,81113,79191,51467,33998,26239,26039,44540,34107
2024-06-30T03:00:00Z,136377,88270,89516,48604,48107,25009,24822,48114,36509
2024-06-30T04:00:00Z,116183,80890,78440,49154,35293,25776,25573,40368,29348
2024-06-30T05:00:00Z,126965,88280,83908,52847,38685,27537,27341,43661,31431
2024-06-30T06:00:00Z,144890,93786,100097,55903,51104,31066,30859,61747,47835
2024-06-30T07:00:00Z,138503,102843,89840,60595,35660,33729,33522,47663,33490
2024-06-30T08:00:00Z,147275,109397,96820,65538,37878,36392,36188,52676,37328
2024-06-30T09:00:00Z,157110,112021,103311,65881,45089,37191,36978,60444,44743
2024-06-30T10:00:00Z,159422,122258,99433,68018,37164,38857,38648,55159,39400
2024-06-30T11:00:00Z,159288,124456,98573,69101,34832,40112,39918,53568,37965
2024-06-30T12:00:00Z,229796,119767,174949,71917,110029,41429,41200,99666,83092
2024-06-30T13:00:00Z,183834,126718,125522,74533,57116,44884,44663,80991,62588
2024-06-30T14:00:00Z,170677,135748,108913,79796,34929,48226,47990,63957,43978
2024-06-30T15:00:00Z,185220,137617,119819,80310,47603,48029,47803,75081,54396
2024-06-30T16:00:00Z,167444,130015,107786,78421,37429,46030,45804,63023,44954
2024-06-30T17:00:00Z,160774,125999,103084,74669,34775,42495,42301,57030,40557
2024-06-30T18:00:00Z,175409,122093,118884,73053,53316,41651,41429,74227,57965
2024-06-30T19:00:00Z,151727,113716,100522,70304,38011,37547,37298,52088,37761
2024-06-30T20:00:00Z,145943,106684,98151,65843,39259,35590,35371,52832,39289
2024-06-30T21:00:00Z,145788,99896,100262,62299,45892,32206,32002,55540,42777
2024-06-30T22:00:00Z,129011,91994,86482,56609,37017,28705,28506,44150,32377
2024-06-30T23:00:00Z,127705,91011,84354,55767,36694,28808,28623,42354,32051
2024-07-01T00:00:00Z,166666,96137,106449,59860,70529,30746,30399,75166,60681
2024-07-01T01:00:00Z,194562,102978,123421,62138,91584,35594,35301,94809,77030
2024-07-01T02:00:00Z,173019,111976,97577,64478,61043,38198,37906,63478,44282
2024-07-01T03:00:00Z,187229,117692,106891,62341,69537,37290,37025,63581,45007
2024-07-01T04:00:00Z,163284,105893,93330,61576,57391,35638,35342,54482,36849
2024-07-01T05:00:00Z,176484,122347,99438,68070,54137,41829,41555,60516,40019
2024-07-01T06:00:00Z,211360,145051,121057,77666,66309,51208,50889,83010,58894
2024-07-01T07:00:00Z,216963,164485,115264,85099,52478,58092,57723,74196,47527
2024-07-01T08:00:00Z,228407,172558,119827,88872,55849,62128,61733,79943,52040
2024-07-01T09:00:00Z,230361,170101,124014,87404,60260,62017,61632,86017,58176
2024-07-01T10:00:00Z,224477,168924,120265,88961,55553,58564,58138,78859,52398
2024-07-01T11:00:00Z,223309,168157,120272,89210,55152,58820,58432,74436,49304
2024-07-01T12:00:00Z,269497,165181,170088,88651,104316,61658,61249,118804,92783
2024-07-01T13:00:00Z,257849,188490,143171,96404,69359,67173,66775,100431,72548
2024-07-01T14:00:00Z,251748,200135,132462,102840,51613,71439,70988,86795,58213
2024-07-01T15:00:00Z,254744,188074,143569,99187,66670,67355,66984,101803,70940
2024-07-01T16:00:00Z,235259,177467,128539,94009,57792,61780,61361,87017,59178
2024-07-01T17:00:00Z,224180,169746,125531,92074,54434,56933,56550,78808,54012
2024-07-01T18:00:00Z,236610,164954,138885,91434,71656,55058,54697,92368,67929
2024-07-01T19:00:00Z,215306,152361,121865,85288,62945,50393,50015,72980,51752
2024-07-01T20:00:00Z,206704,140696,119179,79984,66008,47024,46656,72687,52497
2024-07-01T21:00:00Z,203407,136393,109303,68949,67014,40535,40199,66635,48910
2024-07-01T22:00:00Z,169608,112956,98341,65051,56652,36245,35891,54131,38414
2024-07-01T23:00:00Z,172181,112358,101088,63700,59823,34949,34668,55992,41450
2024-07-02T00:00:00Z,193516,111098,129958,67353,82418,36779,36437,90939,75807
2024-07-02T01:00:00Z,198338,115461,134923,67021,82877,40461,40181,102108,84083
2024-07-02T02:00:00Z,157721,119975,96458,68823,37746,42112,41847,60296,41191
2024-07-02T03:00:00Z,181205,124581,110058,65370,56624,40323,40045,68193,49569
2024-07-02T04:00:00Z,153131,114384,93840,65782,38747,38508,38231,55535,38370
2024-07-02T05:00:00Z,172953,131388,102448,72555,41565,43957,43676,62110,42127
2024-07-02T06:00:00Z,206053,150912,123715,80613,55141,54476,54169,86788,62184
2024-07-02T07:00:00Z,212985,170476,119531,89122,42509,60759,60417,75562,49604
2024-07-02T08:00:00Z,237760,190243,132028,98827,47517,67267,66869,83985,56136
2024-07-02T09:00:00Z,244185,184573,139906,95755,59612,65814,65423,91827,64760
2024-07-02T10:00:00Z,224985,178446,126478,94253,46539,61115,60733,78577,53749
2024-07-02T11:00:00Z,226856,185232,123041,93880,41624,60895,60506,75412,50811
2024-07-02T12:00:00Z,288845,193858,175263,93107,94987,63738,63258,117444,91883
2024-07-02T13:00:00Z,259682,200123,150172,103663,59559,71404,70955,102837,74862
2024-07-02T14:00:00Z,261702,220028,130492,102459,41674,73693,73267,87406,58463
2024-07-02T15:00:00Z,258655,207512,141896,104218,51143,70771,70359,95749,67821
2024-07-02T16:00:00Z,232885,187317,128767,97667,45568,64656,64218,82238,56161
2024-07-02T17:00:00Z,217842,169949,126412,90353,47893,60338,59969,79392,55671
2024-07-02T18:00:00Z,228210,164894,138379,89293,63316,57717,57351,92397,69666
2024-07-02T19:00:00Z,196876,152863,114806,84031,44013,52431,52054,67857,47559
2024-07-02T20:00:00Z,191949,149597,112995,81719,42352,49526,49134,66941,48579
2024-07-02T21:00:00Z,186481,136753,113011,75396,49728,43830,43479,67515,49864
2024-07-02T22:00:00Z,160195,119449,96580,67009,40746,37566,37249,53232,38275
2024-07-02T23:00:00Z,161247,121621,95288,65889,39626,36635,36360,52051,37169
2024-07-03T00:00:00Z,201650,133840,118460,65570,67810,37710,37332,84651,69221
2024-07-03T01:00:00Z,212445,136501,127939,64393,75944,40484,40159,96631,79200
2024-07-03T02:00:00Z,165777,125091,98761,68343,40686,42228,41953,60010,40848
2024-07-03T03:00:00Z,184797,130097,110894,67490,54700,41432,41147,65884,46906
2024-07-03T04:00:00Z,166499,122668,103406,69415,43831,41000,40696,61689,44602
2024-07-03T05:00:00Z,177772,135931,106082,75316,41841,45232,44950,62309,42731
2024-07-03T06:00:00Z,213939,157970,128436,84578,55969,55537,55207,87853,63577
2024-07-03T07:00:00Z,220859,178363,121253,91737,42496,62285,61884,76890,50570
2024-07-03T08:00:00Z,235885,189408,127067,95943,46477,66839,66403,83049,55309
2024-07-03T09:00:00Z,235989,181819,134474,94425,54170,65709,65320,89494,61379
2024-07-03T10:00:00Z,220761,173741,125752,93092,47020,60801,60386,78978,54211
2024-07-03T11:00:00Z,217435,172119,125144,93179,45316,60779,60420,76280,50758
2024-07-03T12:00:00Z,276239,173792,182469,94318,102447,64643,64229,121810,96104
2024-07-03T13:00:00Z,251368,189887,149724,100880,61481,70174,69771,103596,76027
2024-07-03T14:00:00Z,245752,201044,133345,103551,44708,73599,73179,88410,59588
2024-07-03T15:00:00Z,243124,190542,139228,101340,52582,69618,69160,94010,66571
2024-07-03T16:00:00Z,223525,180951,126933,97444,42574,64660,64234,81686,56328
2024-07-03T17:00:00Z,209756,168100,121088,91288,41656,60054,59685,75366,51673
2024-07-03T18:00:00Z,223857,158895,139579,88219,64962,56311,55908,93861,71028
2024-07-03T19:00:00Z,197634,152112,118775,86781,45522,51879,51506,66956,46782
2024-07-03T20:00:00Z,191689,144672,115652,81302,47017,49044,48623,66875,47913
2024-07-03T21:00:00Z,180116,128164,112525,73268,51952,42799,42421,65828,49329
2024-07-03T22:00:00Z,152167,110867,95557,64647,41300,36950,36645,52284,37716
2024-07-03T23:00:00Z,142566,104704,90863,62777,37862,34998,34713,49300,36082
2024-07-04T00:00:00Z,173657,105041,119316,63559,68616,36347,36005,88330,73728
2024-07-04T01:00:00Z,185032,108835,127458,62878,76197,39056,38738,98478,81736
2024-07-04T02:00:00Z,152505,114591,91879,63863,37914,40548,40265,57526,39210
2024-07-04T03:00:00Z,173288,121447,105113,63216,51841,39416,39137,62738,44755
2024-07-04T04:00:00Z,153020,112929,96285,65660,40091,38167,37899,54290,37796
2024-07-04T05:00:00Z,166866,125842,102954,71377,41024,43585,43319,60440,41227
2024-07-04T06:00:00Z,208145,151211,128437,83040,56934,54151,53825,86132,62152
2024-07-04T07:00:00Z,208072,168306,118699,89453,39766,60856,60497,74556,48918
2024-07-04T08:00:00Z,223160,180371,124768,94653,42789,65418,65029,81028,54020
2024-07-04T09:00:00Z,231630,181062,133648,95808,50568,65394,65010,88165,61102
2024-07-04T10:00:00Z,214851,171390,125226,92875,43461,60585,60238,77767,53006
2024-07-04T11:00:00Z,208763,166573,122074,91681,42190,59852,59501,74478,50204
2024-07-04T12:00:00Z,274632,170012,185953,92888,104620,62281,61914,121008,96342
2024-07-04T13:00:00Z,253067,193944,145740,98097,59123,66579,66152,99180,72714
2024-07-04T14:00:00Z,244936,205341,126541,97709,39595,67021,66655,81325,55502
2024-07-04T15:00:00Z,227420,177675,138411,99072,49745,64435,64100,89297,63933
2024-07-04T16:00:00Z,204306,163275,123424,93619,41031,58189,57829,75404,52605
2024-07-04T17:00:00Z,195573,157511,117199,88455,38062,53326,53022,68724,47603
2024-07-04T18:00:00Z,203797,148453,133127,87411,55344,49279,48986,81355,62635
2024-07-04T19:00:00Z,174052,133294,111393,80364,40758,44915,44635,60300,42611
2024-07-04T20:00:00Z,168741,127530,108227,74758,41211,41796,41509,58552,43366
2024-07-04T21:00:00Z,170792,123343,106434,67901,47449,36253,35986,58646,44550
2024-07-04T22:00:00Z,137341,100000,92947,62967,37341,31795,31559,46062,33539
2024-07-04T23:00:00Z,131589,93946,89640,60199,37643,30812,30610,43980,32773
2024-07-05T00:00:00Z,163056,95291,117110,61447,67765,32628,32347,83438,70684
2024-07-05T01:00:00Z,175871,102020,127420,62941,73851,36252,36008,95261,80115
2024-07-05T02:00:00Z,143940,108058,91262,63827,35882,37717,37446,54365,37017
2024-07-05T03:00:00Z,168435,116338,105944,62884,52097,36801,36546,59628,42906
2024-07-05T04:00:00Z,146143,109474,93158,63860,36669,35529,35298,50806,35677
2024-07-05T05:00:00Z,157798,118701,100854,69242,39097,41095,40839,57035,39244
2024-07-05T06:00:00Z,196401,142673,124425,80234,53728,51552,51260,81015,58988
2024-07-05T07:00:00Z,198330,158583,117630,86970,39747,57059,56740,70425,46328
2024-07-05T08:00:00Z,212614,169941,124868,93596,42673,61593,61256,77100,51868
2024-07-05T09:00:00Z,223737,174582,130199,92760,49155,61175,60854,83339,58300
2024-07-05T10:00:00Z,205324,163311,122402,91001,42013,55965,55611,72827,50539
2024-07-05T11:00:00Z,206132,166682,118560,88630,39450,54557,54220,67905,46381
2024-07-05T12:00:00Z,264532,157641,185473,88902,106891,56175,55830,117002,94608
2024-07-05T13:00:00Z,232257,171152,144462,94271,61105,60468,60140,95303,71407
2024-07-05T14:00:00Z,216255,176274,128198,98432,39981,63137,62766,77584,53311
2024-07-05T15:00:00Z,220070,168323,133513,93809,51747,59617,59248,84822,61014
2024-07-05T16:00:00Z,194970,153299,119660,88515,41671,53313,52957,71325,49516
2024-07-05T17:00:00Z,184298,143986,113038,83862,40312,48914,48586,64895,44763
2024-07-05T18:00:00Z,187825,129751,122492,75827,58074,44848,44508,77685,59459
2024-07-05T19:00:00Z,165680,123019,100555,70749,42661,41042,40726,56829,39383
2024-07-05T20:00:00Z,171731,123548,115030,78286,48183,40671,40327,59129,43930
2024-07-05T21:00:00Z,158619,104951,103103,63515,53668,33434,33144,58184,43816
2024-07-05T22:00:00Z,138874,94600,90530,59125,44274,29389,29136,45755,33216
2024-07-05T23:00:00Z,129009,87325,85075,56127,41684,28224,27988,43841,31789
2024-07-06T00:00:00Z,136191,74664,96959,50452,61527,25169,24840,70173,57666
2024-07-06T01:00:00Z,170101,83773,121088,55200,86328,26848,26566,91032,76122
2024-07-06T02:00:00Z,134333,91314,83350,55260,43019,26786,26560,45148,30509
2024-07-06T03:00:00Z,148613,99036,99429,57137,49577,26468,26255,50134,37933
2024-07-06T04:00:00Z,125065,88880,86863,56964,36185,27976,27755,43559,31243
2024-07-06T05:00:00Z,135938,93648,92496,59748,42290,29651,29429,46215,33245
2024-07-06T06:00:00Z,159327,106320,112619,67341,53007,33411,33176,64781,50058
2024-07-06T07:00:00Z,149751,113069,101033,70773,36682,36108,35879,50501,35203
2024-07-06T08:00:00Z,160854,122246,103585,72715,38608,39189,38955,55514,39144
2024-07-06T09:00:00Z,165962,120479,108042,69741,45483,39629,39399,62587,45944
2024-07-06T10:00:00Z,153138,115546,103084,71230,37592,37962,37750,55514,39279
2024-07-06T11:00:00Z,149374,114001,100732,71061,35373,37906,37684,52637,36817
2024-07-06T12:00:00Z,176580,90455,137033,57021,86125,34424,34205,85115,70575
2024-07-06T13:00:00Z,191767,133473,127364,75524,58294,43580,43363,79007,61227
2024-07-06T14:00:00Z,177169,141373,111312,81679,35796,46171,45944,61422,42800
2024-07-06T15:00:00Z,191504,144621,118727,80011,46883,45121,44873,70526,52168
2024-07-06T16:00:00Z,178279,142788,104255,75863,35491,43488,43259,59287,42254
2024-07-06T17:00:00Z,165804,128534,108861,77948,37270,41160,40951,57610,41093
2024-07-06T18:00:00Z,180474,122871,119406,73264,57603,39031,38795,70703,55505
2024-07-06T19:00:00Z,144201,108906,99313,70032,35295,34779,34529,48928,35198
2024-07-06T20:00:00Z,150331,112302,97488,65358,38029,31802,31566,49265,36184
2024-07-06T21:00:00Z,139145,94073,99448,61289,45072,28882,28673,51583,39741
2024-07-06T22:00:00Z,117250,83063,83241,54582,34187,25591,25404,39891,29441
2024-07-06T23:00:00Z,147620,114486,78443,51144,33134,24712,24537,38038,28417
2024-07-07T00:00:00Z,130248,76956,91274,47463,53292,23374,23096,63780,54276
2024-07-07T01:00:00Z,152954,78671,119046,52876,74283,25690,25450,86813,76396
2024-07-07T02:00:00Z,114067,78847,80809,51641,35220,24293,24096,42853,32093
2024-07-07T03:00:00Z,139499,91003,94641,52698,48496,25013,24832,48366,37307
2024-07-07T04:00:00Z,119037,84033,84209,54807,35004,26323,26128,41367,29997
2024-07-07T05:00:00Z,128335,90128,88047,57307,38207,28342,28138,44910,32380
2024-07-07T06:00:00Z,151927,99827,108089,62117,52100,32211,32007,64207,50173
2024-07-07T07:00:00Z,141447,106566,94933,65395,34881,35242,35035,49671,34486
2024-07-07T08:00:00Z,150310,112879,98904,68207,37431,37700,37450,54303,38311
2024-07-07T09:00:00Z,154426,109130,104083,65827,45296,37348,37126,61097,45276
2024-07-07T10:00:00Z,150102,112155,100392,68342,37947,38530,38301,56246,39890
2024-07-07T11:00:00Z,154093,119595,101238,72166,34498,39613,39403,54327,37764
2024-07-07T12:00:00Z,236914,125145,179346,74665,111769,42120,41854,102329,85191
2024-07-07T13:00:00Z,187681,131279,128964,78372,56402,45685,45450,81446,62907
2024-07-07T14:00:00Z,191571,158251,111067,82978,33320,48025,47824,62209,43672
2024-07-07T15:00:00Z,191067,143465,123089,82913,47602,48113,47902,73325,54324
2024-07-07T16:00:00Z,178836,138439,112632,81671,40397,46969,46733,63910,45606
2024-07-07T17:00:00Z,166467,128737,109010,79076,37730,44486,44269,59431,42297
2024-07-07T18:00:00Z,180328,124214,125622,77492,56114,42610,42394,76893,60181
2024-07-07T19:00:00Z,164188,127650,99900,70327,36538,38609,38411,52981,37788
2024-07-07T20:00:00Z,151821,112726,102535,69905,39095,36442,36227,53901,40219
2024-07-07T21:00:00Z,148054,103068,102044,64154,44986,32870,32643,55587,42928
2024-07-07T22:00:00Z,170202,134124,86296,57729,36078,28766,28548,42806,31462
2024-07-07T23:00:00Z,126990,89160,88125,59073,37830,28738,28540,42853,32071
2024-07-08T00:00:00Z,164710,94326,109742,59927,70384,31517,31195,78166,63975
2024-07-08T01:00:00Z,185808,101994,122139,61428,83814,37013,36711,95086,77575
2024-07-08T02:00:00Z,158656,110906,92626,64451,47750,38487,38218,57351,38943
2024-07-08T03:00:00Z,183002,121021,105553,63844,61981,38558,38299,63253,45037
2024-07-08T04:00:00Z,168999,118666,94695,65145,50333,36905,36632,53970,37312
2024-07-08T05:00:00Z,173700,122752,101303,70231,50948,42440,42147,60828,41145
2024-07-08T06:00:00Z,210774,146441,124409,79952,64333,52746,52445,84581,60310
2024-07-08T07:00:00Z,217048,167292,118763,88147,49756,59123,58735,75323,48654
2024-07-08T08:00:00Z,230992,179376,124433,93845,51616,63685,63314,80922,53701
2024-07-08T09:00:00Z,232898,175234,129912,92282,57664,62951,62595,86866,59676
2024-07-08T10:00:00Z,221887,171214,122044,91114,50673,59012,58618,77343,52676
2024-07-08T11:00:00Z,220991,172578,120343,90922,48413,59224,58787,74427,49733
2024-07-08T12:00:00Z,268341,164585,174939,90883,103756,61724,61322,118668,92812
2024-07-08T13:00:00Z,251745,187091,146870,100653,64654,69095,68700,102604,74342
2024-07-08T14:00:00Z,241658,192652,130463,101897,49006,72409,72023,88847,59111
2024-07-08T15:00:00Z,248472,186588,138163,98853,61884,69130,68724,94674,66245
2024-07-08T16:00:00Z,231079,176793,126737,94967,54286,63956,63559,82674,56487
2024-07-08T17:00:00Z,222809,168666,123596,92372,54143,59768,59393,77601,52748
2024-07-08T18:00:00Z,225446,158228,134275,87796,67218,56630,56226,89865,66907
2024-07-08T19:00:00Z,207276,152275,118911,85776,55001,52113,51708,70171,48827
2024-07-08T20:00:00Z,200245,144914,117315,82708,55331,49960,49509,69611,49643
2024-07-08T21:00:00Z,194954,131401,113554,73730,63553,43330,42978,68573,50538
2024-07-08T22:00:00Z,170976,117272,102608,70000,53704,37337,36940,55065,39356
2024-07-08T23:00:00Z,158611,110202,97011,67692,48409,35759,35433,51580,36984
2024-07-09T00:00:00Z,183109,111942,121048,68497,71167,37340,36974,85319,69680
2024-07-09T01:00:00Z,192965,115167,130872,68383,77798,41656,41346,98596,80578
2024-07-09T02:00:00Z,161390,120857,99649,70450,40533,42848,42562,61665,42469
2024-07-09T03:00:00Z,183626,128565,113179,70821,55061,41528,41268,66307,46662
2024-07-09T04:00:00Z,163036,120323,104415,73517,42713,39367,39084,56569,39256
2024-07-09T05:00:00Z,185201,140019,109521,79049,45182,44434,44150,61783,42225
2024-07-09T06:00:00Z,219735,164525,126918,84925,55210,54954,54656,85474,60801
2024-07-09T07:00:00Z,214344,171776,121215,91584,42568,61115,60768,75486,49359
2024-07-09T08:00:00Z,229818,185176,128703,98036,44642,65867,65488,82073,54344
2024-07-09T09:00:00Z,237801,184109,138090,99541,53692,65588,65196,87849,61002
2024-07-09T10:00:00Z,229721,184382,125131,93072,45339,61034,60652,79087,53856
2024-07-09T11:00:00Z,228611,185358,124474,94993,43253,61033,60673,74462,49919
2024-07-09T12:00:00Z,275334,180253,178108,96068,95081,64140,63775,119778,94116
2024-07-09T13:00:00Z,255038,194109,151161,103896,60929,70988,70599,103685,75004
2024-07-09T14:00:00Z,247593,203496,140347,110551,44097,73870,73469,89065,60486
2024-07-09T15:00:00Z,250617,195612,144735,105927,55005,70756,70298,96019,67688
2024-07-09T16:00:00Z,229196,183305,130445,100556,45891,65835,65421,83626,57622
2024-07-09T17:00:00Z,222065,177812,128976,99587,44253,61509,61121,77804,53462
2024-07-09T18:00:00Z,234548,169907,141465,95352,64641,58303,57897,92423,69020
2024-07-09T19:00:00Z,206643,154113,119042,87144,52530,51729,51360,69888,47915
2024-07-09T20:00:00Z,194365,146628,118598,84713,47737,48684,48330,67492,48908
2024-07-09T21:00:00Z,198245,133068,118711,77168,65177,43753,43384,71357,51318
2024-07-09T22:00:00Z,173854,120032,106945,70659,53822,38182,37821,56141,40313
2024-07-09T23:00:00Z,156309,112625,98486,67991,43684,36731,36451,52602,38572
2024-07-10T00:00:00Z,182336,109880,121477,66709,72456,37039,36682,87995,72859
2024-07-10T01:00:00Z,195830,118087,133392,69721,77743,41698,41398,101867,84554
2024-07-10T02:00:00Z,167841,130410,96699,70202,37431,43370,43065,61209,42019
2024-07-10T03:00:00Z,189435,135745,111176,70752,53690,42079,41792,66904,47274
2024-07-10T04:00:00Z,163201,122945,101947,73368,40256,39992,39707,56731,39460
2024-07-10T05:00:00Z,181060,132289,107615,75412,48771,45516,45220,62703,42683
2024-07-10T06:00:00Z,219636,159004,133999,86583,60632,55738,55430,87484,63468
2024-07-10T07:00:00Z,233740,189673,122346,91214,44067,61589,61225,77964,50275
2024-07-10T08:00:00Z,236429,190200,130384,100133,46229,67051,66653,83888,56523
2024-07-10T09:00:00Z,238406,186313,133363,96583,52093,66056,65667,89477,62081
2024-07-10T10:00:00Z,212408,169332,121399,91658,43076,61497,61126,79099,54336
2024-07-10T11:00:00Z,213594,171576,122720,93401,42018,61173,60803,76401,51763
2024-07-10T12:00:00Z,260079,166931,169699,90355,93148,62780,62352,116340,91535
2024-07-10T13:00:00Z,253927,192329,150059,101904,61598,69860,69442,102405,75273
2024-07-10T14:00:00Z,251937,203476,139090,106534,48461,73499,73031,88140,60423
2024-07-10T15:00:00Z,249257,191474,145661,103211,57783,70451,70015,95016,67893
2024-07-10T16:00:00Z,230382,179028,131250,98369,51354,65174,64754,83380,57717
2024-07-10T17:00:00Z,217333,171159,124664,93767,46174,61349,60933,77412,53321
2024-07-10T18:00:00Z,220225,162029,135009,91090,58196,57354,56933,89699,67691
2024-07-10T19:00:00Z,199629,155990,114253,84630,43639,51544,51190,67343,46848
2024-07-10T20:00:00Z,187103,142697,112669,80560,44406,48389,47997,67335,47750
2024-07-10T21:00:00Z,182837,131329,112137,74505,51508,42694,42333,66672,48852
2024-07-10T22:00:00Z,158343,111513,96961,65258,46830,36632,36304,54018,37944
2024-07-10T23:00:00Z,146980,104734,95281,64214,42246,34668,34362,49949,36768
2024-07-11T00:00:00Z,181253,110194,125219,69048,71059,36498,36156,87266,72396
2024-07-11T01:00:00Z,196919,115167,139459,70998,81752,40848,40543,100919,84239
2024-07-11T02:00:00Z,162544,120751,102900,71689,41793,42847,42572,60964,42656
2024-07-11T03:00:00Z,184461,129216,111315,68255,55245,41198,40903,64617,46320
2024-07-11T04:00:00Z,156370,117854,94533,66344,38516,39063,38772,54816,38451
2024-07-11T05:00:00Z,176493,133946,102069,72630,42547,44039,43710,61065,41464
2024-07-11T06:00:00Z,203771,149181,124031,81762,54590,54553,54213,84713,60796
2024-07-11T07:00:00Z,210052,171795,115914,88633,38257,60748,60380,74417,48474
2024-07-11T08:00:00Z,226712,184313,124343,95353,42399,64758,64389,80677,54074
2024-07-11T09:00:00Z,228431,176772,132486,94689,51659,64625,64205,86757,60485
2024-07-11T10:00:00Z,213309,166933,125463,91578,46376,59448,59067,77039,53106
2024-07-11T11:00:00Z,214450,169795,122802,90729,44655,59393,59035,74569,50069
2024-07-11T12:00:00Z,265612,169130,170410,87693,96482,61551,61147,116308,91437
2024-07-11T13:00:00Z,244453,182213,148331,97950,62240,67824,67423,100749,73970
2024-07-11T14:00:00Z,243645,197354,139388,106970,46291,71755,71348,86113,59116
2024-07-11T15:00:00Z,246777,191848,142405,102003,54929,68436,68027,93807,66609
2024-07-11T16:00:00Z,227272,179483,127794,95176,47789,63632,63228,80762,56001
2024-07-11T17:00:00Z,221408,176341,122005,89470,45067,58843,58483,74555,51082
2024-07-11T18:00:00Z,222317,158467,139801,89863,63850,55790,55434,89713,68389
2024-07-11T19:00:00Z,197835,153511,117903,85842,44324,50876,50515,66108,46349
2024-07-11T20:00:00Z,194958,144506,119530,81511,50452,48483,48055,66836,48026
2024-07-11T21:00:00Z,180556,126483,113245,71855,54073,41756,41423,66232,49297
2024-07-11T22:00:00Z,157369,112449,99571,66456,44920,36503,36123,53139,37990
2024-07-11T23:00:00Z,144803,104390,92883,63396,40413,34863,34568,49749,36680
2024-07-12T00:00:00Z,175957,106000,119574,63769,69957,36020,35664,87641,72938
2024-07-12T01:00:00Z,186365,111481,129790,66018,74884,40253,39957,99950,82991
2024-07-12T02:00:00Z,151335,115765,93177,66776,35570,40990,40714,58791,40704
2024-07-12T03:00:00Z,173212,122484,105538,64843,50728,39745,39468,63485,45470
2024-07-12T04:00:00Z,146925,109859,92262,64086,37066,38030,37762,53638,37407
2024-07-12T05:00:00Z,165945,124679,100234,69123,41266,42759,42475,59197,40693
2024-07-12T06:00:00Z,206069,148875,125723,79740,57194,52161,51864,84071,60550
2024-07-12T07:00:00Z,204554,162227,117932,86456,42327,56360,56035,71344,46997
2024-07-12T08:00:00Z,213599,168476,121512,90241,45123,60908,60526,77010,52056
2024-07-12T09:00:00Z,219801,168049,127828,89356,51752,60948,60603,84114,58700
2024-07-12T10:00:00Z,203659,160197,119361,87755,43462,56619,56241,74635,51845
2024-07-12T11:00:00Z,197975,157932,115971,86687,40043,54969,54615,70099,47953
2024-07-12T12:00:00Z,265133,165906,173982,86880,99227,57853,57512,114774,91985
2024-07-12T13:00:00Z,235533,177330,142215,95142,58203,62310,61965,96421,72043
2024-07-12T14:00:00Z,220091,181064,127003,98920,39027,65706,65342,80812,55470
2024-07-12T15:00:00Z,224624,174374,133096,94536,50250,63237,62879,87159,62624
2024-07-12T16:00:00Z,212912,169403,122421,91785,43509,58091,57714,74636,52174
2024-07-12T17:00:00Z,196540,155001,118215,86987,41539,54055,53717,69317,47886
2024-07-12T18:00:00Z,206103,147249,131504,84507,58854,51332,50998,83868,63888
2024-07-12T19:00:00Z,184746,144561,108410,77945,40185,46149,45809,60055,42439
2024-07-12T20:00:00Z,171694,130022,109696,77144,41672,43049,42670,60038,43595
2024-07-12T21:00:00Z,165950,116313,107730,69411,49637,37818,37508,62689,47193
2024-07-12T22:00:00Z,142852,102983,92529,62456,39869,32147,31875,49336,36009
2024-07-12T23:00:00Z,130218,94595,87363,60072,35623,30140,29895,44243,32579
2024-07-13T00:00:00Z,156405,88578,113757,57985,67827,28905,28589,79943,68079
2024-07-13T01:00:00Z,162554,82421,120925,52328,80133,28394,28121,89930,78105
2024-07-13T02:00:00Z,122232,84794,83671,53279,37438,27482,27258,44951,32728
2024-07-13T03:00:00Z,147030,95809,96486,52949,51221,27684,27441,51018,38459
2024-07-13T04:00:00Z,120957,86001,82914,53342,34956,28326,28122,43178,31224
2024-07-13T05:00:00Z,134794,94610,88845,55126,40184,30527,30307,47098,34016
2024-07-13T06:00:00Z,156977,102518,108245,60974,54459,34196,33973,65309,50398
2024-07-13T07:00:00Z,148670,110816,97035,65679,37854,36501,36280,51758,36019
2024-07-13T08:00:00Z,152386,114461,98248,67455,37925,38653,38424,55606,39290
2024-07-13T09:00:00Z,155455,111114,103187,66032,44341,38232,38005,61942,45278
2024-07-13T10:00:00Z,149140,113804,98469,68598,35336,38174,37892,55689,38920
2024-07-13T11:00:00Z,146087,111696,94046,66161,34391,38647,38441,52371,36127
2024-07-13T12:00:00Z,228266,114316,173464,68948,113950,41247,40999,101511,84391
2024-07-13T13:00:00Z,180641,123180,123155,73617,57461,43306,43067,79848,61415
2024-07-13T14:00:00Z,171238,132468,110323,79765,38770,46719,46489,62534,43749
2024-07-13T15:00:00Z,181362,130732,120104,77875,50630,46254,46042,71343,52803
2024-07-13T16:00:00Z,171816,128987,113487,79400,42829,44118,43898,62146,44152
2024-07-13T17:00:00Z,166592,129816,104375,74416,36776,41743,41538,56585,39889
2024-07-13T18:00:00Z,174655,120320,120617,73853,54335,39686,39465,71654,56503
2024-07-13T19:00:00Z,141963,107267,97356,68431,34696,35242,35048,49978,35774
2024-07-13T20:00:00Z,143441,106370,99204,67980,37071,32634,32430,50342,37220
2024-07-13T21:00:00Z,135301,92766,96198,59902,42535,29800,29609,51724,39929
2024-07-13T22:00:00Z,116553,84210,82541,54791,32343,26085,25901,39443,29243
2024-07-13T23:00:00Z,108731,76263,78123,51231,32468,24742,24558,37853,28669
2024-07-14T00:00:00Z,134748,75473,99621,50789,59275,24340,24044,69935,59789
2024-07-14T01:00:00Z,146241,75931,113308,51027,70310,25193,24951,83028,72564
2024-07-14T02:00:00Z,115874,76436,82216,49578,39438,24458,24241,47245,36667
2024-07-14T03:00:00Z,136576,87755,90678,49604,48821,25567,25362,48113,36883
2024-07-14T04:00:00Z,115261,81699,79994,52212,33562,26526,26341,40835,30027
2024-07-14T05:00:00Z,120927,87212,82924,54469,33715,28191,28004,44606,32033
2024-07-14T06:00:00Z,146113,97011,102260,59507,49102,32267,32059,64335,50008
2024-07-14T07:00:00Z,137033,103587,91029,63336,33446,34283,34078,48972,33960
2024-07-14T08:00:00Z,145280,110520,95889,67772,34760,36235,36012,54333,38404
2024-07-14T09:00:00Z,155377,110340,103005,66001,45037,37179,36955,61529,45110
2024-07-14T10:00:00Z,151051,113994,101155,70382,37057,37465,37205,55750,39457
2024-07-14T11:00:00Z,152059,116133,101053,71570,35926,38342,38114,53575,36979
2024-07-14T12:00:00Z,198747,119785,144725,73947,78962,41938,41647,99881,82193
2024-07-14T13:00:00Z,183147,130171,122063,75940,52976,44893,44656,82127,63639
2024-07-14T14:00:00Z,168090,134991,109032,82340,33099,47577,47356,63679,44215
2024-07-14T15:00:00Z,179085,136584,118776,84118,42501,47366,47119,73929,54409
2024-07-14T16:00:00Z,166775,135768,105985,82836,31007,46342,46088,63188,44730
2024-07-14T17:00:00Z,160399,131593,101355,79014,28806,44016,43788,59452,41499
2024-07-14T18:00:00Z,168053,120783,115671,75704,47270,42053,41825,74105,57577
2024-07-14T19:00:00Z,142975,106530,96981,67861,36445,34683,34475,49194,35313
2024-07-14T20:00:00Z,138131,99302,96912,63923,38829,31928,31704,49185,36536
2024-07-14T21:00:00Z,137927,93046,98360,60537,44881,29807,29607,52549,40605
2024-07-14T22:00:00Z,125351,88295,87925,58226,37056,27287,27078,42260,31069
2024-07-14T23:00:00Z,121962,84853,86114,57036,37109,27865,27682,41975,31604
2024-07-15T00:00:00Z,157941,88353,105787,57662,69588,30087,29764,75532,61678
2024-07-15T01:00:00Z,178194,99295,119098,60505,78899,35609,35331,91547,75137
2024-07-15T02:00:00Z,149603,105503,88648,61733,44100,36646,36378,56204,38211
2024-07-15T03:00:00Z,175472,115607,102952,61818,59865,36314,36034,61059,43190
2024-07-15T04:00:00Z,154735,105819,92976,63631,48916,35059,34781,52372,36288
2024-07-15T05:00:00Z,169447,119633,101634,69977,49814,41036,40754,58976,39631
2024-07-15T06:00:00Z,204778,141350,122782,78459,63428,50657,50339,83823,60517
2024-07-15T07:00:00Z,207819,159106,116194,85516,48713,56840,56477,72994,47372
2024-07-15T08:00:00Z,222429,172971,121444,91484,49458,62102,61755,79503,52083
2024-07-15T09:00:00Z,230375,173521,129571,92056,56854,61926,61546,85195,58276
2024-07-15T10:00:00Z,217888,168308,119855,89115,49580,57773,57405,75758,51011
2024-07-15T11:00:00Z,217048,167687,122229,91863,49361,58041,57667,74101,49555
2024-07-15T12:00:00Z,272658,170731,175308,93949,101927,62048,61631,119593,93451
2024-07-15T13:00:00Z,252525,185904,147291,100678,66621,67151,66746,101232,73673
2024-07-15T14:00:00Z,244592,195938,135116,105258,48654,70750,70342,87092,58562
2024-07-15T15:00:00Z,245225,188749,139542,102221,56476,67847,67435,93204,65821
2024-07-15T16:00:00Z,228018,178360,128407,99141,49658,62942,62560,82452,56130
2024-07-15T17:00:00Z,221312,172135,125910,96355,49177,58918,58561,76784,51876
2024-07-15T18:00:00Z,233962,166388,135449,90977,67574,55528,55156,89590,66573
2024-07-15T19:00:00Z,206519,150861,114096,82749,55658,49976,49608,69252,46869
2024-07-15T20:00:00Z,204631,148878,118593,83933,55753,48385,47974,68935,48418
2024-07-15T21:00:00Z,191281,130873,114597,75307,60408,42601,42242,67209,49533
2024-07-15T22:00:00Z,169125,115676,102734,68924,53449,36350,36004,53826,38466
2024-07-15T23:00:00Z,159166,105660,97157,63676,53506,35356,35058,50969,36804
2024-07-16T00:00:00Z,178290,106293,119660,63915,71997,36848,36506,86152,71335
2024-07-16T01:00:00Z,193331,116790,131635,67260,76541,41868,41553,101526,83773
2024-07-16T02:00:00Z,156908,118925,94925,67414,37983,42599,42311,60892,42043
2024-07-16T03:00:00Z,180375,127679,107326,67768,52696,41083,40806,65760,46415
2024-07-16T04:00:00Z,155387,118058,97348,69748,37329,39461,39189,55836,38901
2024-07-16T05:00:00Z,171994,128817,104278,73234,43177,43665,43412,61254,41978
2024-07-16T06:00:00Z,213035,153830,131040,84932,59205,53533,53217,84862,60939
2024-07-16T07:00:00Z,213960,168009,122365,89752,45951,60313,59968,75107,49349
2024-07-16T08:00:00Z,227416,180654,126805,95397,46762,64701,64329,81261,54352
2024-07-16T09:00:00Z,228384,176899,130164,93770,51485,63826,63457,86565,59807
2024-07-16T10:00:00Z,211205,168014,123814,92306,43191,59248,58878,77140,52866
2024-07-16T11:00:00Z,208163,167516,120810,91593,40647,59042,58692,73837,49783
2024-07-16T12:00:00Z,276203,175933,176081,87979,100270,61015,60603,114364,88982
2024-07-16T13:00:00Z,246586,187934,145368,99453,58652,68489,68060,99402,72385
2024-07-16T14:00:00Z,235901,194721,133177,105027,41180,72462,72059,86706,59054
2024-07-16T15:00:00Z,242103,189576,139934,100719,52527,69162,68745,92669,65825
2024-07-16T16:00:00Z,221786,176668,127872,96370,45118,64235,63841,81190,56294
2024-07-16T17:00:00Z,211359,166487,122115,90558,44872,59769,59373,75171,51768
2024-07-16T18:00:00Z,220757,162405,132264,86808,58352,55984,55618,86958,65858
2024-07-16T19:00:00Z,201832,161293,109195,80445,40539,50633,50277,65246,45732
2024-07-16T20:00:00Z,190026,142886,116271,82110,47140,48080,47692,67504,48766
2024-07-16T21:00:00Z,179355,125849,110127,71318,53506,42546,42205,66786,49688
2024-07-16T22:00:00Z,156940,113139,96615,65433,43801,36724,36392,53426,38523
2024-07-16T23:00:00Z,148788,105809,91928,62361,42979,35673,35377,52218,37969
2024-07-17T00:00:00Z,179917,106025,118637,62399,73892,36524,36148,87270,72074
2024-07-17T01:00:00Z,193170,114193,132278,66132,78977,41728,41428,101121,83606
2024-07-17T02:00:00Z,162385,120756,99182,68859,41629,44047,43768,63004,43871
2024-07-17T03:00:00Z,179063,126086,109088,67434,52977,41265,41013,65443,46217
2024-07-17T04:00:00Z,151203,112138,95105,65357,39065,38655,38387,55054,38138
2024-07-17T05:00:00Z,172026,126098,102236,69859,45928,43390,43081,61582,42008
2024-07-17T06:00:00Z,205925,149446,124939,80458,56479,54092,53749,86430,62160
2024-07-17T07:00:00Z,209879,169403,118607,89755,40476,61253,60887,75902,49518
2024-07-17T08:00:00Z,222391,177910,123295,93130,44481,64967,64542,81232,53819
2024-07-17T09:00:00Z,228941,174957,129912,91910,53984,64352,63884,87385,60065
2024-07-17T10:00:00Z,214407,170245,122499,90670,44162,60153,59752,78122,53873
2024-07-17T11:00:00Z,210200,167760,120049,89723,42440,60217,59786,74259,50102
2024-07-17T12:00:00Z,265106,165707,172785,87146,99399,62487,62083,119839,94330
2024-07-17T13:00:00Z,255011,196335,145011,98739,58676,69112,68717,101297,74151
2024-07-17T14:00:00Z,245273,202440,129297,100811,42833,71890,71484,86302,57940
2024-07-17T15:00:00Z,243669,192129,133555,97293,51540,68642,68205,92161,64923
2024-07-17T16:00:00Z,210960,169269,119018,90435,41691,62698,62268,79854,54768
2024-07-17T17:00:00Z,211682,165826,119907,89594,45856,59422,59049,75357,51807
2024-07-17T18:00:00Z,225540,163439,131849,84797,62101,56145,55745,88920,67218
2024-07-17T19:00:00Z,193172,148508,114899,82596,44664,51516,51149,66589,46956
2024-07-17T20:00:00Z,186688,140546,112918,78976,46142,48740,48392,66980,48309
2024-07-17T21:00:00Z,177757,127056,108737,70488,50701,42916,42562,66103,48958
2024-07-17T22:00:00Z,152736,111394,94692,64618,41342,36656,36347,52131,37432
2024-07-17T23:00:00Z,139464,100667,89173,60876,38797,34700,34411,49142,36339
2024-07-18T00:00:00Z,171720,101236,117656,61867,70484,36530,36183,88057,73636
2024-07-18T01:00:00Z,185713,110541,127545,63851,75172,40732,40426,99683,82533
2024-07-18T02:00:00Z,155836,115620,95459,65846,40216,41830,41558,59853,41139
2024-07-18T03:00:00Z,175387,123034,106897,65310,52353,40772,40513,64823,45951
2024-07-18T04:00:00Z,149600,110699,92991,63768,38901,38949,38682,54942,38327
2024-07-18T05:00:00Z,166149,124212,101415,69636,41937,43274,42983,61070,41802
2024-07-18T06:00:00Z,198181,145228,121001,78479,52953,53661,53362,84476,60347
2024-07-18T07:00:00Z,204608,164824,115449,86543,39784,60475,60135,74759,48582
2024-07-18T08:00:00Z,219920,176161,123210,93122,43759,64164,63760,81258,54498
2024-07-18T09:00:00Z,204751,157879,116598,81808,46872,60965,60614,82045,56516
2024-07-18T10:00:00Z,202896,159556,116291,85623,43340,58171,57810,74670,51265
2024-07-18T11:00:00Z,209001,167736,118860,88108,41265,58554,58217,73290,49305
2024-07-18T12:00:00Z,266500,174129,171242,89270,92371,62430,62048,117644,92274
2024-07-18T13:00:00Z,247437,188366,145625,97884,59071,67893,67515,100676,73612
2024-07-18T14:00:00Z,238563,195281,129738,100629,43282,71484,71084,86705,57927
2024-07-18T15:00:00Z,246935,197105,133386,96914,49830,67709,67324,90894,63873
2024-07-18T16:00:00Z,222324,178665,125765,95669,43659,63457,63050,80761,55455
2024-07-18T17:00:00Z,212410,168096,121583,91427,44314,59065,58680,74387,51298
2024-07-18T18:00:00Z,217674,157902,133419,87100,59772,55464,55034,86954,65785
2024-07-18T19:00:00Z,190091,145628,114497,82352,44463,50192,49830,65762,46119
2024-07-18T20:00:00Z,192624,146373,113846,79335,46251,46897,46540,65290,47525
2024-07-18T21:00:00Z,175354,124261,110626,71210,51093,41559,41207,64121,48431
2024-07-18T22:00:00Z,148042,109502,92463,65183,38540,35755,35458,50209,36602
2024-07-18T23:00:00Z,122495,97334,74104,57872,25161,32629,32406,41976,29016
2024-07-19T00:00:00Z,136000,97785,87382,59191,38215,33705,33449,61411,47834
2024-07-19T01:00:00Z,162219,107976,108373,63485,54243,39096,38810,79215,62721
2024-07-19T02:00:00Z,160959,115040,100653,66448,45919,40879,40584,61245,43177
2024-07-19T03:00:00Z,174928,119802,108470,64266,55126,39269,38989,63843,46071
2024-07-19T04:00:00Z,145734,107173,93609,64217,38561,36694,36442,53724,37884
2024-07-19T05:00:00Z,161057,117846,99768,67350,43211,41381,41108,59863,41483
2024-07-19T06:00:00Z,196443,138395,122076,75708,58048,50663,50368,81991,59560
2024-07-19T07:00:00Z,197692,156047,114477,83649,41645,56081,55754,71273,47370
2024-07-19T08:00:00Z,211206,165741,121548,89537,45465,60256,59909,76386,51694
2024-07-19T09:00:00Z,223119,169723,126409,87853,53396,60630,60284,83738,58849
2024-07-19T10:00:00Z,207996,162442,120271,87699,45554,56591,56229,74161,51874
2024-07-19T11:00:00Z,197382,154451,114821,83790,42931,53755,53414,68320,47111
2024-07-19T12:00:00Z,261826,153708,180592,85616,108118,56266,55869,115362,93095
2024-07-19T13:00:00Z,229465,169381,136609,88446,60084,60288,59943,94306,70561
2024-07-19T14:00:00Z,215919,174928,125349,95665,40991,64018,63647,78787,54562
2024-07-19T15:00:00Z,225227,172233,132869,93285,52994,60741,60348,85889,61791
2024-07-19T16:00:00Z,205642,159991,122638,90117,45651,56604,56232,75653,53381
2024-07-19T17:00:00Z,197347,155432,115428,85539,41915,52547,52207,67594,47361
2024-07-19T18:00:00Z,205045,143557,132061,83681,61488,49667,49277,83568,64595
2024-07-19T19:00:00Z,184239,142814,106919,76400,41425,44969,44636,59518,42233
2024-07-19T20:00:00Z,171107,127861,107119,74824,43246,41649,41308,59413,43735
2024-07-19T21:00:00Z,159774,110680,103361,65405,49094,36031,35735,59599,44980
2024-07-19T22:00:00Z,140018,101468,90306,61147,38550,31283,31018,46296,33920
2024-07-19T23:00:00Z,129008,90754,84582,55617,38254,28706,28455,43336,32093
2024-07-20T00:00:00Z,151738,82458,108413,52368,69280,27388,27091,78632,67074
2024-07-20T01:00:00Z,157199,81078,118380,52384,76121,26946,26704,87434,76199
2024-07-20T02:00:00Z,120446,81972,79851,51627,38474,26251,26044,43572,31274
2024-07-20T03:00:00Z,144115,92821,94181,52056,51294,26855,26653,50461,38006
2024-07-20T04:00:00Z,121525,85468,82709,53025,36057,28021,27811,43878,31026
2024-07-20T05:00:00Z,135090,92277,90031,55081,42813,29526,29311,46540,33318
2024-07-20T06:00:00Z,160521,103909,109058,61388,56612,34022,33783,65979,50657
2024-07-20T07:00:00Z,146424,108116,94658,63562,38308,35646,35430,51093,35286
2024-07-20T08:00:00Z,146570,108493,96327,65386,38077,37421,37210,54789,38482
2024-07-20T09:00:00Z,154661,108128,101293,63410,46533,37147,36956,60985,44442
2024-07-20T10:00:00Z,146910,108894,97440,65930,38016,37345,37130,55154,39074
2024-07-20T11:00:00Z,148694,112419,96918,66447,36275,37436,37235,51539,35927
2024-07-20T12:00:00Z,224570,114485,170392,68231,110085,39377,39149,98850,82356
2024-07-20T13:00:00Z,186783,126258,128196,75242,60525,43030,42806,79551,61735
2024-07-20T14:00:00Z,165243,127894,105610,75090,37349,44968,44769,60649,42068
2024-07-20T15:00:00Z,172370,124854,113132,73480,47516,44456,44255,70536,52005
2024-07-20T16:00:00Z,164054,128901,100386,72636,35153,43022,42799,59817,42369
2024-07-20T17:00:00Z,154140,119204,98267,70587,34936,41297,41077,56252,39566
2024-07-20T18:00:00Z,170674,117040,115310,70032,53634,39331,39091,71720,56277
2024-07-20T19:00:00Z,144561,105798,94078,62688,38763,34349,34099,49661,35322
2024-07-20T20:00:00Z,137621,96431,94321,60474,41190,31955,31737,49086,36729
2024-07-20T21:00:00Z,132978,86024,93573,54025,46954,28341,28140,50575,39709
2024-07-20T22:00:00Z,117342,80494,81442,50744,36848,25437,25239,39776,29455
2024-07-20T23:00:00Z,111951,76410,79248,50107,35541,25166,24991,38819,29384
2024-07-21T00:00:00Z,136968,75137,98423,48700,61831,24508,24229,70588,60159
2024-07-21T01:00:00Z,147297,73517,113872,48228,73780,25211,24960,86281,76073
2024-07-21T02:00:00Z,108466,74045,74448,46856,34421,24767,24553,43642,32917
2024-07-21T03:00:00Z,132297,85648,89115,48423,46649,25138,24944,47664,36475
2024-07-21T04:00:00Z,114872,80439,79199,49893,34433,26185,25995,40847,29615
2024-07-21T05:00:00Z,123753,85966,85049,53413,37787,27921,27722,44713,32542
2024-07-21T06:00:00Z,148899,95375,104581,58416,53524,31863,31604,64813,50578
2024-07-21T07:00:00Z,139053,103796,91870,62245,35257,34554,34340,49073,33928
2024-07-21T08:00:00Z,147466,109586,97355,66513,37880,37124,36892,53811,38196
2024-07-21T09:00:00Z,155418,110284,102881,65506,45134,37582,37367,61218,45206
2024-07-21T10:00:00Z,144853,109967,96981,66859,34886,37714,37503,55037,39352
2024-07-21T11:00:00Z,146843,113042,96899,68046,33801,38768,38545,53399,37227
2024-07-21T12:00:00Z,227348,118376,172320,71378,108972,41363,41124,102363,85431
2024-07-21T13:00:00Z,188013,131650,128386,77821,56363,44265,44056,79699,61856
2024-07-21T14:00:00Z,173313,136698,114056,83830,36615,47694,47478,63723,44774
2024-07-21T15:00:00Z,182534,134807,120764,81093,47727,47465,47235,73504,54505
2024-07-21T16:00:00Z,171400,134294,109004,79674,37106,46152,45888,63449,45062
2024-07-21T17:00:00Z,168165,131609,106494,77223,36556,43568,43350,58721,41669
2024-07-21T18:00:00Z,176018,122755,121498,75686,53263,40542,40329,73405,57757
2024-07-21T19:00:00Z,147216,110448,97679,68671,36768,36466,36246,51031,36940
2024-07-21T20:00:00Z,143849,106611,96225,65401,37238,34379,34167,51601,38343
2024-07-21T21:00:00Z,141847,96831,99040,61018,45016,30927,30716,53845,41727
2024-07-21T22:00:00Z,123683,87341,86124,56356,36342,27634,27440,41964,31089
2024-07-21T23:00:00Z,125780,87525,85663,56483,38255,28483,28274,42070,31785
2024-07-22T00:00:00Z,164257,91798,107207,58494,72459,31331,31003,76639,62691
2024-07-22T01:00:00Z,184195,104534,120364,60266,79661,36218,35951,93013,76538
2024-07-22T02:00:00Z,154155,105783,90654,61530,48372,37940,37676,57977,40113
2024-07-22T03:00:00Z,176198,113664,103373,61028,62534,37312,37054,62960,44318
2024-07-22T04:00:00Z,152650,103027,90535,61004,49623,36167,35891,53236,36781
2024-07-22T05:00:00Z,164484,115622,96972,66278,48862,40826,40548,58564,39906
2024-07-22T06:00:00Z,206218,140719,121683,76406,65499,50721,50411,84069,60219
2024-07-22T07:00:00Z,206070,156206,113337,83034,49864,57465,57134,72545,47031
2024-07-22T08:00:00Z,220436,169597,120684,89763,50839,62348,61979,79656,52957
2024-07-22T09:00:00Z,223944,165416,124355,87743,58528,61486,61008,84188,57725
2024-07-22T10:00:00Z,215424,161634,119709,87408,53790,58632,58241,77120,52213
2024-07-22T11:00:00Z,215153,161965,117730,86655,53188,58788,58396,73732,49193
2024-07-22T12:00:00Z,271484,166756,171415,88761,104728,62374,61961,118918,93379
2024-07-22T13:00:00Z,258295,191738,142124,96024,66557,69167,68730,100357,73108
2024-07-22T14:00:00Z,241532,192645,131535,102540,48887,71326,70925,87003,58506
2024-07-22T15:00:00Z,241918,184370,134150,97267,57548,67509,67117,90933,63715
2024-07-22T16:00:00Z,228352,177984,127460,96732,50368,64207,63822,81553,56257
2024-07-22T17:00:00Z,217835,166003,124575,94077,51832,59125,58743,75791,52056
2024-07-22T18:00:00Z,230527,156865,133910,88367,73662,55928,55512,90402,66232
2024-07-22T19:00:00Z,207309,152681,118409,85849,54628,51207,50839,67542,46882
2024-07-22T20:00:00Z,203771,141969,120260,81742,61802,47988,47619,67836,48527
2024-07-22T21:00:00Z,192853,127304,115212,72825,65549,42795,42422,66943,49408
2024-07-22T22:00:00Z,169381,115380,99535,67606,54001,37993,37660,54204,38503
2024-07-22T23:00:00Z,164801,112876,95562,65464,51925,36518,36186,53431,38643
2024-07-23T00:00:00Z,186858,111702,120613,65914,75156,37606,37252,89107,73444
2024-07-23T01:00:00Z,188904,110785,129264,66088,78119,41471,41164,101155,83633
2024-07-23T02:00:00Z,164479,118877,97135,67891,45602,42608,42315,62763,43181
2024-07-23T03:00:00Z,177217,122834,105636,64621,54383,41303,41024,65232,46414
2024-07-23T04:00:00Z,161804,115410,100266,66844,46394,39247,38966,55121,38672
2024-07-23T05:00:00Z,175756,123524,105069,69277,52232,42969,42678,61351,42037
2024-07-23T06:00:00Z,208261,146517,127231,79948,61744,52917,52599,85204,61644
2024-07-23T07:00:00Z,213429,170495,119635,90040,42934,59136,58784,73648,48278
2024-07-23T08:00:00Z,224565,179737,126921,97703,44828,63929,63567,79449,53415
2024-07-23T09:00:00Z,225484,174713,129127,93906,50771,62585,62198,84496,57939
2024-07-23T10:00:00Z,218056,174819,124582,94502,43237,59705,59306,76716,52385
2024-07-23T11:00:00Z,216463,174115,121676,92792,42348,59750,59364,73844,49873
2024-07-23T12:00:00Z,271401,171469,179187,93565,99932,63673,63290,119843,95025
2024-07-23T13:00:00Z,250066,185716,151237,100013,64350,68682,68260,102138,74916
2024-07-23T14:00:00Z,241481,195396,137033,104623,46085,72593,72172,87255,59355
2024-07-23T15:00:00Z,239883,186494,139867,101093,53389,68638,68243,92363,65763
2024-07-23T16:00:00Z,220815,178414,127678,99240,42401,64307,63889,81081,56387
2024-07-23T17:00:00Z,215012,174270,123972,96231,40742,59704,59356,75570,52094
2024-07-23T18:00:00Z,222879,161123,138030,90533,61756,56705,56349,91030,69190
2024-07-23T19:00:00Z,198688,154481,116423,85661,44207,51760,51376,67546,47529
2024-07-23T20:00:00Z,200175,152573,117880,83963,47602,48368,47965,67358,48716
2024-07-23T21:00:00Z,183798,129699,115391,75444,54099,42450,42099,65602,48919
2024-07-23T22:00:00Z,160191,113033,102103,67674,47158,36828,36522,52730,38187
2024-07-23T23:00:00Z,149755,107083,96847,65749,42672,35652,35379,50780,37297
2024-07-24T00:00:00Z,173265,107591,116564,66263,65674,37427,37069,82772,67906
2024-07-24T01:00:00Z,185667,113925,128430,67895,71742,41395,41084,98145,80856
2024-07-24T02:00:00Z,156475,120377,97678,70701,36098,42573,42295,60844,42254
2024-07-24T03:00:00Z,174168,122876,106528,66169,51292,40694,40422,64420,45905
2024-07-24T04:00:00Z,152340,114443,96804,67983,37897,39178,38907,55634,38808
2024-07-24T05:00:00Z,171390,125011,104084,72515,46379,42972,42681,60547,41342
2024-07-24T06:00:00Z,208310,148391,129244,82036,59919,53023,52709,85183,61766
2024-07-24T07:00:00Z,211537,165962,122505,89838,45575,59318,58986,74328,48947
2024-07-24T08:00:00Z,223347,176140,126815,94147,47207,64126,63736,80577,54298
2024-07-24T09:00:00Z,225561,173646,129464,92730,51915,63180,62806,85348,58847
2024-07-24T10:00:00Z,210080,166022,121444,91286,44058,59640,59269,77041,52844
2024-07-24T11:00:00Z,208509,169533,120736,92307,38976,59303,58968,73297,49285
2024-07-24T12:00:00Z,256242,162352,170277,88396,93890,60884,60497,117179,92129
2024-07-24T13:00:00Z,238084,180902,141746,97033,57182,67938,67531,99366,72965
2024-07-24T14:00:00Z,238104,195537,133067,103446,42567,72484,72078,87171,59223
2024-07-24T15:00:00Z,233174,181137,135194,96746,52037,68052,67637,90771,64027
2024-07-24T16:00:00Z,224771,177798,130402,97810,46973,64691,64286,82092,57183
2024-07-24T17:00:00Z,214200,170077,125390,94777,44123,59889,59525,76393,53058
2024-07-24T18:00:00Z,219994,162410,135032,90945,57584,56683,56274,88629,67004
2024-07-24T19:00:00Z,198196,155960,115810,86489,42236,51406,51046,66069,46435
2024-07-24T20:00:00Z,194474,148622,115795,82917,45852,48395,48035,66693,48223
2024-07-24T21:00:00Z,181921,131533,112575,75409,50388,43078,42750,66148,49186
2024-07-24T22:00:00Z,156649,114675,98580,68472,41974,36792,36478,52207,37731
2024-07-24T23:00:00Z,146354,105073,94307,64021,41281,35562,35285,50103,36687
2024-07-25T00:00:00Z,176209,106972,118984,65270,69237,36534,36178,83454,68743
2024-07-25T01:00:00Z,190265,114256,127947,64961,76009,39948,39616,96266,79511
2024-07-25T02:00:00Z,158221,117989,98061,69067,40232,41731,41441,59752,41825
2024-07-25T03:00:00Z,173648,121066,105765,65093,52582,39590,39316,63715,45649
2024-07-25T04:00:00Z,148515,112347,92486,65500,36168,38383,38119,54522,38037
2024-07-25T05:00:00Z,166438,124058,99549,69959,42380,42560,42263,59826,41087
2024-07-25T06:00:00Z,198962,144374,120871,78792,54588,52612,52276,83484,60195
2024-07-25T07:00:00Z,204355,163727,118268,88672,40628,59044,58707,73711,48930
2024-07-25T08:00:00Z,220968,174363,123493,91313,46605,63246,62870,79789,53441
2024-07-25T09:00:00Z,230361,175446,128237,89437,54915,62762,62365,85564,59540
2024-07-25T10:00:00Z,215765,164193,121823,89193,51572,58880,58510,78785,52757
2024-07-25T11:00:00Z,213084,165298,119855,89596,47786,58839,58449,74879,50114
2024-07-25T12:00:00Z,268638,166565,176064,90526,102073,61849,61452,119051,94069
2024-07-25T13:00:00Z,251944,188467,147998,101200,63477,67634,67245,101445,75066
2024-07-25T14:00:00Z,242740,193941,131881,103082,48799,70799,70342,86712,58446
2024-07-25T15:00:00Z,236964,181521,135043,97087,55443,67395,67008,92300,65022
2024-07-25T16:00:00Z,224438,175581,128535,96458,48857,63313,62922,81604,57053
2024-07-25T17:00:00Z,215127,166173,125168,92831,48954,58380,58009,75185,51859
2024-07-25T18:00:00Z,225769,161364,142383,92815,64405,55423,55061,89135,67875
2024-07-25T19:00:00Z,195614,151198,117370,85985,44416,50849,50502,65689,46435
2024-07-25T20:00:00Z,185992,140744,114529,81362,45248,47559,47207,65704,47912
2024-07-25T21:00:00Z,174646,125032,108980,72391,49614,41773,41430,64716,48426
2024-07-25T22:00:00Z,151013,110028,93960,64770,40985,36574,36234,51904,37599
2024-07-25T23:00:00Z,143761,102860,90417,62324,40901,34819,34536,49424,36247
2024-07-26T00:00:00Z,177133,105848,119618,64223,71285,36144,35779,87422,72489
2024-07-26T01:00:00Z,188449,110229,130736,64704,78220,39403,39097,98779,82012
2024-07-26T02:00:00Z,155943,115215,97801,67366,40728,41010,40714,59380,41650
2024-07-26T03:00:00Z,175806,118691,108779,64145,57115,39264,38991,63359,45035
2024-07-26T04:00:00Z,153639,108801,98264,65414,44838,37232,36961,53981,38059
2024-07-26T05:00:00Z,164037,120686,101736,69807,43351,41350,41075,59358,41052
2024-07-26T06:00:00Z,198004,141212,123150,78914,56792,50283,49985,82940,60647
2024-07-26T07:00:00Z,197700,158963,115802,87682,38737,56369,56034,70662,46856
2024-07-26T08:00:00Z,209464,167070,117608,88624,42394,60029,59701,75882,51129
2024-07-26T09:00:00Z,213042,164830,121107,85486,48212,59752,59392,81969,56728
2024-07-26T10:00:00Z,199636,156169,118198,86939,43467,55626,55244,72907,50711
2024-07-26T11:00:00Z,201586,155751,118521,87006,45835,53846,53518,68939,46979
2024-07-26T12:00:00Z,267020,156895,185243,88605,110125,57315,56956,117224,94531
2024-07-26T13:00:00Z,234178,170649,143873,93305,63529,61945,61591,97546,72572
2024-07-26T14:00:00Z,221177,179556,127758,98715,41621,65331,64970,80828,55342
2024-07-26T15:00:00Z,222731,171732,132170,94775,50999,61576,61173,85926,61551
2024-07-26T16:00:00Z,206425,163400,118928,90707,43025,57409,56990,75002,52132
2024-07-26T17:00:00Z,192695,153419,115074,87182,39276,53231,52866,68637,47558
2024-07-26T18:00:00Z,206492,144497,132414,83926,61995,49900,49546,84353,65139
2024-07-26T19:00:00Z,178113,132435,111820,78061,45678,44387,44064,60719,43424
2024-07-26T20:00:00Z,173857,126669,110744,75143,47188,41386,41060,59830,43728
2024-07-26T21:00:00Z,169507,113198,110157,68116,56309,35667,35358,60039,45873
2024-07-26T22:00:00Z,145324,99868,94442,61044,45456,31217,30924,49002,36110
2024-07-26T23:00:00Z,133842,93645,87414,58205,40197,29553,29272,44583,33039
2024-07-27T00:00:00Z,158232,87311,110911,55027,70921,28297,27976,80493,68926
2024-07-27T01:00:00Z,162946,85167,119034,53348,77779,27522,27255,88929,77424
2024-07-27T02:00:00Z,121350,86789,81719,54801,34561,26741,26509,44528,32611
2024-07-27T03:00:00Z,148159,95544,97678,54375,52615,27093,26887,51145,38957
2024-07-27T04:00:00Z,127628,89304,86491,55210,38324,28329,28088,44241,32171
2024-07-27T05:00:00Z,137330,95786,91436,57393,41544,29752,29523,47293,33832
2024-07-27T06:00:00Z,156910,101887,106991,60416,55023,33679,33432,65330,50499
2024-07-27T07:00:00Z,144646,108041,94528,64970,36605,35434,35216,50847,35014
2024-07-27T08:00:00Z,148402,111831,96469,66574,36571,37348,37106,54993,38677
2024-07-27T09:00:00Z,158080,112048,103163,65846,46032,38009,37740,62932,46153
2024-07-27T10:00:00Z,149930,113304,97767,67798,36626,38225,37956,56484,40185
2024-07-27T11:00:00Z,152174,116629,98770,69913,35545,39232,38981,53857,37971
2024-07-27T12:00:00Z,218706,114067,166098,70107,104639,39944,39683,99946,83142
2024-07-27T13:00:00Z,177948,118235,125304,72459,59713,41325,41128,78757,61103
2024-07-27T14:00:00Z,176001,136332,113404,80454,39669,44679,44468,60520,42068
2024-07-27T15:00:00Z,204817,155545,121238,80443,49272,44326,44121,69432,51070
2024-07-27T16:00:00Z,179458,143515,104518,75598,35943,42780,42560,59717,42717
2024-07-27T17:00:00Z,154559,120488,101622,74022,34071,41703,41492,55958,39792
2024-07-27T18:00:00Z,166469,113816,117311,72129,52653,39231,39026,71774,56658
2024-07-27T19:00:00Z,138526,105545,93996,66279,32981,34975,34769,48995,35134
2024-07-27T20:00:00Z,134573,97998,93879,62241,36575,32199,32006,49058,36379
2024-07-27T21:00:00Z,136327,88638,96754,57295,47689,28367,28148,51365,40313
2024-07-27T22:00:00Z,117208,79670,83983,52521,37538,25129,24933,39776,29802
2024-07-27T23:00:00Z,109039,73514,79290,49912,35525,24851,24662,37790,28974
2024-07-28T00:00:00Z,133975,74313,96027,48554,59662,24505,24227,66490,56507
2024-07-28T01:00:00Z,143272,73504,110456,49095,69768,25164,24929,81832,71676
2024-07-28T02:00:00Z,111451,75912,77371,48215,35539,24693,24485,45671,34877
2024-07-28T03:00:00Z,137332,88662,92462,50532,48670,25679,25483,48964,37418
2024-07-28T04:00:00Z,114099,80841,79703,51240,33258,26498,26302,41505,30331
2024-07-28T05:00:00Z,123339,87196,85184,54585,36143,28409,28216,45526,33089
2024-07-28T06:00:00Z,146773,94436,102631,57236,52337,32232,32028,63230,49181
2024-07-28T07:00:00Z,138019,101609,91895,61203,36410,34333,34066,49061,33979
2024-07-28T08:00:00Z,147638,109515,97782,66044,38123,37179,36954,53997,38090
2024-07-28T09:00:00Z,157268,110815,103492,66222,46453,37746,37533,62098,45365
2024-07-28T10:00:00Z,148309,108211,98155,66557,40098,37408,37187,56569,40302
2024-07-28T11:00:00Z,147368,111195,96813,67610,36173,38911,38686,54166,37630
2024-07-28T12:00:00Z,232862,117831,177775,72284,115031,42247,42013,104153,86815
2024-07-28T13:00:00Z,185339,127613,127248,76292,57726,44826,44605,81434,63044
2024-07-28T14:00:00Z,179953,139689,117860,85586,40264,47948,47733,64469,44854
2024-07-28T15:00:00Z,188331,138427,121233,79900,49904,47194,46999,73240,53792
2024-07-28T16:00:00Z,180488,141172,111295,80054,39316,45778,45572,62984,45103
2024-07-28T17:00:00Z,182497,144973,108875,79601,37524,44853,44639,58792,41650
2024-07-28T18:00:00Z,179546,127061,123320,78239,52485,42171,41941,74788,58514
2024-07-28T19:00:00Z,150338,114189,99911,70818,36149,37494,37286,52172,37516
2024-07-28T20:00:00Z,149120,110913,98276,66387,38207,34844,34610,52245,38979
2024-07-28T21:00:00Z,141566,95267,98587,60592,46299,30927,30717,54301,42297
2024-07-28T22:00:00Z,124866,87255,87065,57240,37611,27533,27307,42805,31893
2024-07-28T23:00:00Z,124529,85675,86450,56480,38854,28220,28025,41984,31669
2024-07-29T00:00:00Z,167080,90026,108027,57450,77054,30697,30350,76606,62480
2024-07-29T01:00:00Z,181666,97802,121533,59498,83864,35965,35659,92804,76396
2024-07-29T02:00:00Z,155483,106793,91141,62287,48690,38212,37922,58328,40181
2024-07-29T03:00:00Z,180717,114937,104912,61734,65780,37267,36988,62168,44077
2024-07-29T04:00:00Z,162222,108219,95258,63254,54003,36193,35896,54284,37596
2024-07-29T05:00:00Z,172146,120011,102755,68747,52135,40516,40266,59619,40298
2024-07-29T06:00:00Z,209410,138427,123479,74965,70983,50123,49819,84036,60247
2024-07-29T07:00:00Z,205011,153741,112674,81540,51270,56327,56006,71863,46545
2024-07-29T08:00:00Z,221736,168128,118894,88837,53608,61100,60735,78628,51873
2024-07-29T09:00:00Z,224477,167672,124035,87870,56805,61267,60894,84697,57540
2024-07-29T10:00:00Z,215430,159988,117522,86494,55442,57615,57243,76675,51382
2024-07-29T11:00:00Z,215063,163124,118833,88603,51939,58133,57770,73640,48375
2024-07-29T12:00:00Z,267161,164355,170181,87915,102806,61114,60697,118606,92496
2024-07-29T13:00:00Z,253663,183045,144705,95924,70618,67184,66723,100965,72843
2024-07-29T14:00:00Z,238870,188985,130335,100271,49885,70220,69807,86328,57726
2024-07-29T15:00:00Z,244730,183987,138856,100111,60743,66498,66099,91759,64034
2024-07-29T16:00:00Z,227594,175861,125980,95896,51733,63172,62740,82677,56329
2024-07-29T17:00:00Z,212065,164596,120804,92065,47469,59324,58905,75314,51500
2024-07-29T18:00:00Z,226843,157716,136077,90069,69127,56419,56007,90418,67876
2024-07-29T19:00:00Z,205033,150698,119086,86456,54335,51477,51114,68861,48240
2024-07-29T20:00:00Z,195142,140357,114356,80054,54785,48506,48150,67763,48450
2024-07-29T21:00:00Z,189944,126745,112140,73029,63199,42560,42228,66994,49247
2024-07-29T22:00:00Z,173220,115359,100767,68240,57861,37576,37259,56586,38865
2024-07-29T23:00:00Z,161111,111670,97872,67149,49441,36473,36200,51426,37193
2024-07-30T00:00:00Z,187652,112490,123957,66751,75162,38710,38322,88887,73764
2024-07-30T01:00:00Z,194900,116143,132225,66521,78757,42046,41682,103034,84898
2024-07-30T02:00:00Z,157877,119331,96120,68002,38546,41875,41565,60032,41694
2024-07-30T03:00:00Z,178724,125752,108524,67594,52972,40301,40014,64809,46631
2024-07-30T04:00:00Z,155708,113747,97628,66983,41961,38638,38338,55910,39286
2024-07-30T05:00:00Z,169107,125832,103144,71465,43275,43049,42766,60597,41253
2024-07-30T06:00:00Z,207714,147918,126130,79707,59796,53312,52970,86032,62288
2024-07-30T07:00:00Z,210139,167170,121377,90577,42969,59224,58892,73864,48658
2024-07-30T08:00:00Z,220139,176029,123958,93768,44110,63311,62957,79313,53151
2024-07-30T09:00:00Z,221895,170421,125290,89414,51474,62355,61929,84745,57855
2024-07-30T10:00:00Z,217407,170669,125352,94776,46738,59099,58683,78091,52383
2024-07-30T11:00:00Z,210137,168635,121486,92629,41502,59892,59534,73934,49574
2024-07-30T12:00:00Z,267366,167658,177305,91565,99708,63093,62674,121317,95925
2024-07-30T13:00:00Z,244561,184542,145158,98507,60019,68646,68240,101173,73912
2024-07-30T14:00:00Z,239057,197343,132514,103333,41714,73192,72728,89377,58925
2024-07-30T15:00:00Z,241164,185875,137290,98443,55289,68738,68325,93142,65460
2024-07-30T16:00:00Z,224438,179773,128221,98306,44665,64700,64297,83168,56482
2024-07-30T17:00:00Z,221650,168942,123245,92920,52708,60282,59910,80744,51652
2024-07-30T18:00:00Z,226518,161795,140503,91831,64723,57201,56853,91523,67433
2024-07-30T19:00:00Z,197990,152671,118058,85185,45319,51739,51387,68565,46963
2024-07-30T20:00:00Z,189035,145132,116656,83694,43903,49172,48818,66863,48421
2024-07-30T21:00:00Z,179582,129567,109592,72656,50015,42598,42244,65585,48549
2024-07-30T22:00:00Z,156538,115024,95714,65760,41514,36909,36616,54380,37733
2024-07-30T23:00:00Z,147730,110252,90236,62625,37478,35777,35487,51749,35805
2024-07-31T00:00:00Z,191514,107428,135915,66111,84086,37988,37646,102933,88090
2024-07-31T01:00:00Z,181818,109051,125619,63826,72767,40904,40617,96526,79216
2024-07-31T02:00:00Z,154864,113381,97509,65382,41483,41168,40910,56081,38061
2024-07-31T03:00:00Z,177549,121808,107566,63472,55741,40239,39969,65039,45916
2024-07-31T04:00:00Z,153996,109921,97155,62740,44075,38682,38420,54565,38358
2024-07-31T05:00:00Z,169303,124182,103282,69886,45121,42903,42597,60250,41508
2024-07-31T06:00:00Z,206881,150027,125707,80147,56854,52576,52238,84039,60651
2024-07-31T07:00:00Z,202986,164307,116022,88058,38679,59034,58712,73343,48066
2024-07-31T08:00:00Z,218238,175416,121863,93744,42822,63251,62894,78777,52024
2024-07-31T09:00:00Z,222088,171633,126902,91148,50455,61704,61322,83650,57879
2024-07-31T10:00:00Z,212174,167810,124951,92933,44364,58540,58125,76415,52319
2024-07-31T11:00:00Z,212630,171326,122866,93959,41304,59089,58736,73423,49651
2024-07-31T12:00:00Z,247473,158273,165525,88227,89200,59613,59240,112739,89160
2024-07-31T13:00:00Z,252472,187031,153357,102327,65441,67524,67153,101706,74863
2024-07-31T14:00:00Z,242938,196847,139887,107893,46091,71511,71102,86868,59227
2024-07-31T15:00:00Z,239162,185866,140543,101779,53296,67201,66811,91025,64594
2024-07-31T16:00:00Z,223434,178478,127885,97770,44956,63002,62583,80197,55526
2024-07-31T17:00:00Z,212584,173519,125331,97926,39065,59540,59165,74275,51409
2024-07-31T18:00:00Z,223456,162874,138529,93593,60582,56533,56115,89111,67307
2024-07-31T19:00:00Z,197290,148508,118014,85298,48782,50955,50583,66924,46849
2024-07-31T20:00:00Z,191820,141938,118996,82067,49882,47975,47634,65730,47381
2024-07-31T21:00:00Z,186604,126640,115174,73209,59964,41612,41274,65131,48641
2024-07-31T22:00:00Z,161355,113775,100653,67841,47580,36340,36039,52577,37862
2024-07-31T23:00:00Z,147213,108558,94696,66508,38655,35278,35015,49461,35981
2024-08-01T00:00:00Z,179040,109192,112375,66117,69848,35909,35539,80228,63955
2024-08-01T01:00:00Z,196893,113130,129343,68838,83763,39890,39566,97783,79618
2024-08-01T02:00:00Z,173607,119492,103342,70689,54115,41048,40757,66927,47942
2024-08-01T03:00:00Z,187677,126136,111684,70065,61541,39308,39035,65876,46650
2024-08-01T04:00:00Z,166147,119396,99803,69492,46751,37963,37701,55937,39158
2024-08-01T05:00:00Z,180261,128804,110457,75303,51457,42089,41810,61130,42303
2024-08-01T06:00:00Z,215073,147213,130278,81425,67860,51645,51321,83866,60761
2024-08-01T07:00:00Z,214164,162593,119224,85600,51571,57924,57545,74083,48908
2024-08-01T08:00:00Z,223586,171494,123294,91548,52092,61547,61150,78612,52950
2024-08-01T09:00:00Z,228688,168836,127531,88698,59852,61011,60607,85123,58768
2024-08-01T10:00:00Z,213392,161016,120545,87848,52376,57341,56951,76733,52906
2024-08-01T11:00:00Z,215685,169094,123265,94470,46591,57369,57004,72606,48647
2024-08-01T12:00:00Z,257648,158769,168636,87990,98879,58618,58239,114037,90137
2024-08-01T13:00:00Z,252213,183233,149018,100497,68980,65570,65182,99312,73168
2024-08-01T14:00:00Z,238882,191891,133480,104433,46991,69473,69026,83966,56856
2024-08-01T15:00:00Z,243767,185410,142651,102627,58357,66421,66010,90577,64524
2024-08-01T16:00:00Z,227240,175846,134279,101803,51394,61466,61082,79540,55729
2024-08-01T17:00:00Z,215689,166904,126162,95933,48785,57950,57562,73590,50763
2024-08-01T18:00:00Z,228918,163415,142543,94624,65503,54996,54623,89202,67816
2024-08-01T19:00:00Z,200119,152316,119579,88511,47803,50263,49882,65241,45915
2024-08-01T20:00:00Z,191556,146183,118040,87055,45373,47335,46989,64280,46565
2024-08-01T21:00:00Z,211444,125989,108520,75163,85455,40032,39702,70380,45051
2024-08-01T22:00:00Z,169772,123061,105789,75533,46711,36235,35933,52962,37628
2024-08-01T23:00:00Z,172190,112283,97656,70795,59907,34798,34530,53747,36000
2024-08-02T00:00:00Z,192310,114313,125997,70308,77997,35869,35516,88077,72037
2024-08-02T01:00:00Z,206711,118119,138790,72679,88592,39223,38893,101361,82061
2024-08-02T02:00:00Z,165052,119025,102030,71925,46027,39552,39272,60636,40793
2024-08-02T03:00:00Z,177791,124257,112449,70031,53534,38102,37798,62614,45172
2024-08-02T04:00:00Z,148281,108899,95760,66258,39382,36170,35894,52584,36804
2024-08-02T05:00:00Z,157962,117837,98729,68808,40125,39802,39544,56612,38653
2024-08-02T06:00:00Z,194300,140353,119861,77550,53947,49471,49121,80636,58418
2024-08-02T07:00:00Z,198253,157886,114368,86236,40367,54811,54409,69211,46201
2024-08-02T08:00:00Z,207935,165364,119443,90199,42571,58562,58169,74925,50681
2024-08-02T09:00:00Z,218816,165359,128394,90103,53457,58124,57739,82241,58170
2024-08-02T10:00:00Z,209798,161083,124076,89904,48715,55275,54834,74842,52120
2024-08-02T11:00:00Z,202373,157407,121698,89108,44966,53326,52966,69351,47643
2024-08-02T12:00:00Z,265445,159493,182871,90859,105952,56049,55675,117424,94509
2024-08-02T13:00:00Z,238005,175804,146721,97609,62201,60750,60373,95659,71291
2024-08-02T14:00:00Z,224917,182959,129341,100940,41958,63546,63145,78963,53972
2024-08-02T15:00:00Z,224907,174649,135358,98637,50258,60420,60047,85309,60967
2024-08-02T16:00:00Z,214074,168372,125801,97550,45702,56610,56241,75965,51792
2024-08-02T17:00:00Z,200172,160903,121403,93144,39269,53479,53143,69048,47991
2024-08-02T18:00:00Z,208813,149219,134526,87920,59594,49875,49476,84263,65013
2024-08-02T19:00:00Z,182033,140480,114769,84294,41553,44447,44112,59636,42312
2024-08-02T20:00:00Z,174439,129923,112087,78561,44516,41469,41158,58990,43222
2024-08-02T21:00:00Z,167736,114948,110025,69855,52788,36337,36032,60024,45427
2024-08-02T22:00:00Z,147186,103800,96634,65062,43386,31252,30967,47231,34341
2024-08-02T23:00:00Z,131713,94897,88957,61113,36816,30062,29801,44335,32696
2024-08-03T00:00:00Z,161223,92412,114798,58312,68811,28564,28250,80005,68317
2024-08-03T01:00:00Z,168238,87472,125893,56179,80766,27941,27686,89780,77912
2024-08-03T02:00:00Z,123183,85042,83965,53775,38141,26497,26269,44987,32835
2024-08-03T03:00:00Z,149115,96426,99572,55596,52689,27110,26897,52054,39222
2024-08-03T04:00:00Z,120614,86236,83030,54348,34378,27984,27779,43415,31146
2024-08-03T05:00:00Z,130645,94661,89799,60006,35984,29695,29486,46614,33564
2024-08-03T06:00:00Z,154423,105095,107340,65003,49328,33194,32965,64524,49881
2024-08-03T07:00:00Z,145051,109927,95687,67490,35124,34824,34612,50632,34767
2024-08-03T08:00:00Z,152808,116510,99617,71050,36298,37349,37065,55386,39007
2024-08-03T09:00:00Z,159814,114771,106719,69740,45043,37645,37380,62846,46131
2024-08-03T10:00:00Z,157785,117065,105973,72523,40720,37307,37067,55831,39837
2024-08-03T11:00:00Z,151778,112533,103044,69866,39245,36936,36730,52047,36426
2024-08-03T12:00:00Z,230621,117795,178327,73655,112826,39381,39148,100253,83230
2024-08-03T13:00:00Z,181464,123275,128424,76984,58189,41549,41333,78340,61107
2024-08-03T14:00:00Z,164612,131037,108687,80748,33575,44800,44571,60817,42245
2024-08-03T15:00:00Z,173292,127577,117274,78796,45715,44428,44203,70499,52636
2024-08-03T16:00:00Z,162268,126337,108047,78363,35931,43608,43374,60629,43178
2024-08-03T17:00:00Z,158166,123967,105100,76338,34199,41372,41166,56216,40048
2024-08-03T18:00:00Z,171437,119355,119680,74317,52082,39830,39600,72434,56959
2024-08-03T19:00:00Z,146826,111727,101829,72102,35099,35595,35396,48995,35570
2024-08-03T20:00:00Z,147524,106773,104736,69939,40751,32988,32757,49680,37070
2024-08-03T21:00:00Z,152293,104933,108707,68199,47360,29131,28931,52269,40335
2024-08-03T22:00:00Z,125021,87593,90218,59255,37428,25215,25029,40634,30239
2024-08-03T23:00:00Z,115867,82186,84476,56816,33681,25495,25296,38935,30048
2024-08-04T00:00:00Z,138433,77778,103238,53233,60655,24645,24373,70902,60943
2024-08-04T01:00:00Z,157723,85042,118075,53317,72681,25568,25320,86078,75524
2024-08-04T02:00:00Z,110397,76858,78780,50774,33539,24259,24048,45070,34709
2024-08-04T03:00:00Z,134735,89205,92077,52447,45530,25201,25013,48167,37252
2024-08-04T04:00:00Z,117488,86671,83807,57592,30817,26917,26725,42014,30741
2024-08-04T05:00:00Z,130112,93932,92583,61617,36180,28317,28114,44880,32440
2024-08-04T06:00:00Z,154197,101660,111014,65437,52537,31361,31152,62761,48844
2024-08-04T07:00:00Z,144814,107502,98890,68242,37312,33788,33568,49002,34204
2024-08-04T08:00:00Z,152296,114363,102797,71801,37933,36063,35854,53230,37877
2024-08-04T09:00:00Z,158468,113737,107524,70375,44731,36789,36570,61033,45347
2024-08-04T10:00:00Z,147556,112727,99106,69657,34829,37122,36915,53691,38713
2024-08-04T11:00:00Z,145174,113117,97565,70036,32057,38211,38002,51666,36284
2024-08-04T12:00:00Z,225924,120270,173571,74796,105654,40688,40460,99188,82713
2024-08-04T13:00:00Z,184168,128729,128407,79051,55439,43970,43739,79918,62434
2024-08-04T14:00:00Z,169309,136309,112162,85309,33000,46867,46639,62158,43501
2024-08-04T15:00:00Z,182532,134727,124706,84644,47805,46175,45935,72343,53555
2024-08-04T16:00:00Z,172774,132618,116081,83928,40156,44984,44746,62720,44590
2024-08-04T17:00:00Z,162539,126006,108634,78978,36533,43059,42852,58493,41291
2024-08-04T18:00:00Z,180734,126627,127037,80348,54107,41157,40924,74145,57967
2024-08-04T19:00:00Z,151787,116547,105073,76492,35240,36011,35802,50867,36225
2024-08-04T20:00:00Z,146208,111295,103621,74241,34913,33630,33418,50888,37880
2024-08-04T21:00:00Z,147915,105762,102160,66663,42153,30701,30509,53626,41308
2024-08-04T22:00:00Z,126414,92697,84378,57883,33717,27523,27335,41729,30545
2024-08-04T23:00:00Z,124246,91441,82504,56881,32805,28483,28283,41988,31503
2024-08-05T00:00:00Z,165289,95070,106287,59032,70219,30478,30153,75125,61230
2024-08-05T01:00:00Z,188446,105865,125712,63608,82581,36601,36339,93939,77402
2024-08-05T02:00:00Z,171027,121986,94082,63641,49041,38281,38026,57302,39567
2024-08-05T03:00:00Z,184911,118529,107807,63825,66382,37713,37436,62170,44303
2024-08-05T04:00:00Z,154806,104669,93941,63497,50137,35184,34911,53232,37007
2024-08-05T05:00:00Z,100509,69937,60311,41156,30572,28965,28731,42920,28619
2024-08-05T06:00:00Z,141859,102509,80936,56228,39350,40806,40521,58243,38491
2024-08-05T07:00:00Z,207089,160394,113839,86037,46695,54350,54014,70083,45816
2024-08-05T08:00:00Z,219238,169917,120121,91593,49321,59396,58967,77289,51063
2024-08-05T09:00:00Z,227859,171133,128973,92905,56726,59532,59082,83341,57045
2024-08-05T10:00:00Z,215539,163534,123565,92026,52005,55767,55373,74896,50764
2024-08-05T11:00:00Z,218190,165713,124540,92470,52477,56036,55626,72313,48140
2024-08-05T12:00:00Z,267597,165192,176248,93340,102405,59941,59534,117592,92471
2024-08-05T13:00:00Z,249463,181537,147908,99160,67926,64823,64441,100002,73065
2024-08-05T14:00:00Z,238916,189536,133308,104332,49380,68275,67852,84452,56615
2024-08-05T15:00:00Z,244449,186494,139834,102102,57955,65540,65141,91471,64822
2024-08-05T16:00:00Z,223050,174385,127726,98842,48665,61570,61190,80199,55220
2024-08-05T17:00:00Z,214348,168542,125020,97015,45806,57673,57299,75139,51459
2024-08-05T18:00:00Z,232815,168520,139340,95263,64295,55816,55448,90022,67844
2024-08-05T19:00:00Z,209536,157565,121116,90452,51971,50957,50613,68279,47196
2024-08-05T20:00:00Z,204129,147075,121958,86619,57054,47262,46900,67519,47950
2024-08-05T21:00:00Z,197621,134200,119819,79266,63421,41104,40736,67264,49419
2024-08-05T22:00:00Z,177079,124423,106554,73613,52656,36528,36199,54328,38561
2024-08-05T23:00:00Z,164691,113216,100775,70025,51475,36022,35707,53140,38326
2024-08-06T00:00:00Z,181872,110759,123178,68397,71113,37194,36838,88507,73431
2024-08-06T01:00:00Z,194948,118989,135396,71163,75959,41642,41360,102265,84862
2024-08-06T02:00:00Z,161287,123130,100485,72694,38157,41867,41587,60720,42452
2024-08-06T03:00:00Z,181169,131160,112517,72502,50009,40445,40195,66151,47318
2024-08-06T04:00:00Z,155632,119945,98751,71676,35687,39182,38886,55931,38847
2024-08-06T05:00:00Z,182086,137846,105139,74358,44240,44210,43920,62071,42095
2024-08-06T06:00:00Z,215298,154781,128708,83500,60517,53976,53638,86853,61988
2024-08-06T07:00:00Z,219003,171279,124216,91929,47724,59463,59134,73917,48340
2024-08-06T08:00:00Z,229988,181090,129475,97124,48898,62778,62409,80119,53549
2024-08-06T09:00:00Z,235119,178492,131839,93980,56627,62847,62450,86109,59499
2024-08-06T10:00:00Z,217612,171248,125646,94800,46364,59219,58843,77486,52716
2024-08-06T11:00:00Z,218001,175714,123968,94650,42287,60330,59981,74813,50373
2024-08-06T12:00:00Z,270458,172592,177206,95049,97866,63062,62684,119382,94420
2024-08-06T13:00:00Z,250165,191203,146916,101410,58962,67597,67181,100289,73579
2024-08-06T14:00:00Z,247046,197084,135167,107426,49962,71910,71510,87212,58768
2024-08-06T15:00:00Z,243386,189314,141077,102275,54072,68079,67671,93030,65873
2024-08-06T16:00:00Z,226274,179211,131179,99156,47063,63612,63222,80683,55919
2024-08-06T17:00:00Z,215668,169738,124919,94228,45930,59236,58844,75085,51739
2024-08-06T18:00:00Z,219827,158616,135934,90997,61211,55461,55062,87892,66185
2024-08-06T19:00:00Z,198824,153224,118653,88506,45600,51129,50789,66043,46748
2024-08-06T20:00:00Z,195527,149567,116876,84503,45960,48179,47815,65752,47121
2024-08-06T21:00:00Z,180381,128997,113261,75896,51384,41887,41545,65626,48654
2024-08-06T22:00:00Z,158015,117077,99675,70982,40938,37163,36854,53288,37862
2024-08-06T23:00:00Z,150821,111704,96555,69359,39117,36427,36149,51731,37420
2024-08-07T00:00:00Z,180473,112027,122219,69433,68446,37759,37387,87418,72113
2024-08-07T01:00:00Z,194767,116326,134567,69492,78441,41269,40953,100845,83523
2024-08-07T02:00:00Z,163762,119787,101409,70285,43975,41167,40860,61510,42989
2024-08-07T03:00:00Z,183134,127234,114912,71237,55900,40260,39992,64835,46744
2024-08-07T04:00:00Z,158442,117282,98530,68606,41160,38326,38028,55336,38409
2024-08-07T05:00:00Z,176223,129168,102475,71951,47055,42922,42618,61000,41290
2024-08-07T06:00:00Z,206253,152262,123342,81857,53991,52812,52509,83578,60032
2024-08-07T07:00:00Z,208475,168618,115321,87969,39857,57934,57609,72844,47497
2024-08-07T08:00:00Z,217660,174703,122163,93310,42957,62378,61970,79312,52842
2024-08-07T09:00:00Z,229216,176706,129058,92821,52510,62542,62112,85977,59467
2024-08-07T10:00:00Z,208623,163050,121466,90152,45573,58426,58022,76194,52016
2024-08-07T11:00:00Z,210403,166088,124043,92693,44315,58374,57997,73720,49771
2024-08-07T12:00:00Z,270353,170449,179427,94952,99904,62294,61888,120518,95453
2024-08-07T13:00:00Z,244864,182672,148419,99850,62192,67063,66669,100184,74106
2024-08-07T14:00:00Z,235519,192331,135526,106158,43188,70461,70032,85844,58238
2024-08-07T15:00:00Z,238162,185071,139058,100733,53091,67479,67037,92119,65721
2024-08-07T16:00:00Z,223586,179798,129744,101181,43788,62750,62351,80772,56252
2024-08-07T17:00:00Z,212637,170901,124121,96145,41736,58472,58123,74930,51664
2024-08-07T18:00:00Z,223570,164888,136904,92088,58682,55940,55552,89471,67112
2024-08-07T19:00:00Z,199802,151132,114939,85138,48670,50688,50301,67256,46704
2024-08-07T20:00:00Z,192797,145322,117205,83606,47475,48189,47790,66884,48209
2024-08-07T21:00:00Z,184872,129871,115110,75795,55001,42043,41679,66704,49466
2024-08-07T22:00:00Z,159683,115137,101422,69585,44546,36982,36661,53404,38184
2024-08-07T23:00:00Z,152673,110643,99183,68754,42030,36119,35820,51696,37660
2024-08-08T00:00:00Z,185803,116833,123445,69223,68970,37302,36934,88663,72955
2024-08-08T01:00:00Z,193278,117928,132992,69324,75350,40499,40210,100850,84019
2024-08-08T02:00:00Z,155710,118055,96666,69598,37655,40654,40358,59867,41698
2024-08-08T03:00:00Z,173955,122523,108417,67440,51432,39130,38856,63236,45826
2024-08-08T04:00:00Z,149433,112513,95643,68149,36920,37623,37347,54013,37689
2024-08-08T05:00:00Z,169144,126337,104616,74373,42807,42346,42076,59963,40986
2024-08-08T06:00:00Z,206723,150984,127942,84157,55739,51423,51101,83648,60666
2024-08-08T07:00:00Z,205932,163500,118423,88185,42432,57181,56838,72453,47346
2024-08-08T08:00:00Z,219551,173615,125402,93766,45936,61608,61217,78386,52709
2024-08-08T09:00:00Z,228991,176420,130887,93389,52571,61439,61076,85783,59009
2024-08-08T10:00:00Z,211859,167147,125097,93903,44712,57540,57180,76509,52055
2024-08-08T11:00:00Z,208786,167126,122941,93912,41660,57718,57374,73046,49176
2024-08-08T12:00:00Z,268558,170917,179142,94807,97641,61816,61423,121219,96026
2024-08-08T13:00:00Z,243322,183508,146356,99039,59814,66285,65918,101385,74359
2024-08-08T14:00:00Z,230257,190157,132826,104701,40100,69599,69201,85479,58140
2024-08-08T15:00:00Z,235302,184121,138862,101013,51181,66669,66239,91669,65656
2024-08-08T16:00:00Z,220980,175144,128661,97468,45836,61787,61356,80326,55866
2024-08-08T17:00:00Z,212517,167407,127114,96033,45110,58288,57918,74529,51454
2024-08-08T18:00:00Z,218314,158926,137158,91360,59388,54852,54488,87374,66319
2024-08-08T19:00:00Z,191439,148577,117269,86195,42862,49315,48976,64755,45730
2024-08-08T20:00:00Z,185907,141650,115098,82369,44257,46580,46217,64407,46922
2024-08-08T21:00:00Z,177104,127128,111998,74436,49976,40940,40579,64530,48003
2024-08-08T22:00:00Z,157556,116597,99075,68977,40959,36239,35877,52589,37342
2024-08-08T23:00:00Z,153474,108985,98715,66659,44489,35459,35189,50742,36907
2024-08-09T00:00:00Z,179405,106817,123404,66667,72588,36070,35705,85185,70432
2024-08-09T01:00:00Z,190264,110965,133874,67000,79299,40031,39710,99479,82772
2024-08-09T02:00:00Z,154040,112329,96813,66955,41711,39162,38873,58916,41457
2024-08-09T03:00:00Z,171282,118595,105785,64681,52687,38019,37749,62399,44436
2024-08-09T04:00:00Z,141221,104716,90806,63317,36505,35730,35487,51800,36259
2024-08-09T05:00:00Z,154800,115963,96210,67248,38837,39289,39025,57498,39062
2024-08-09T06:00:00Z,188391,137580,117523,77177,50811,48546,48241,79157,57108
2024-08-09T07:00:00Z,191270,154474,111749,84221,36796,53716,53398,68281,45037
2024-08-09T08:00:00Z,203818,162318,117086,87576,41500,57939,57548,73601,49434
2024-08-09T09:00:00Z,217636,164628,128938,89915,53008,58202,57836,81020,56468
2024-08-09T10:00:00Z,202686,157087,121878,87883,45599,54161,53819,72303,49835
2024-08-09T11:00:00Z,198395,154020,117075,84770,44375,53272,52926,68889,46906
2024-08-09T12:00:00Z,256634,157407,172178,86530,99227,55914,55528,115396,92581
2024-08-09T13:00:00Z,227748,168192,138913,91710,59556,60222,59861,95358,70512
2024-08-09T14:00:00Z,212854,174587,123726,96656,38267,63622,63202,78444,53556
2024-08-09T15:00:00Z,218675,170524,131301,95048,48151,60456,60061,84804,61390
2024-08-09T16:00:00Z,200407,160332,118880,90855,40075,56599,56230,73420,50961
2024-08-09T17:00:00Z,195826,155964,117015,89381,39862,53165,52810,68574,47171
2024-08-09T18:00:00Z,208281,145508,130021,83604,62773,50691,50333,84696,63176
2024-08-09T19:00:00Z,185157,136707,114534,80214,48450,45290,44966,61860,43432
2024-08-09T20:00:00Z,182249,130281,115513,77591,51968,42144,41834,61924,45139
2024-08-09T21:00:00Z,173458,116737,111629,69529,56721,36768,36457,61131,46309
2024-08-09T22:00:00Z,148922,105945,97170,66126,42977,32058,31773,48607,35637
2024-08-09T23:00:00Z,139368,98910,93431,63994,40458,30794,30535,46178,34051
2024-08-10T00:00:00Z,151553,91717,107600,60261,59836,28909,28611,74018,62033
2024-08-10T01:00:00Z,158132,87804,117747,58112,70328,28448,28178,85233,73523
2024-08-10T02:00:00Z,120712,87232,82343,56414,33480,27102,26869,45782,33675
2024-08-10T03:00:00Z,143295,95603,94795,55046,47692,27083,26848,51340,38095
2024-08-10T04:00:00Z,126242,89199,85412,55943,37043,28148,27926,44048,31403
2024-08-10T05:00:00Z,135976,94311,92317,57805,41665,29491,29258,47030,33415
2024-08-10T06:00:00Z,158446,103519,110020,63305,54927,33228,32989,65318,50093
2024-08-10T07:00:00Z,145804,108548,96508,65759,37256,34541,34293,49771,34410
2024-08-10T08:00:00Z,146968,110226,96288,66593,36742,36447,36202,53475,37626
2024-08-10T09:00:00Z,155774,112500,103284,67104,43274,36583,36372,60776,44157
2024-08-10T10:00:00Z,150798,117874,101424,73557,32924,36404,36200,54267,38408
2024-08-10T11:00:00Z,144343,111402,95456,68118,32941,36272,36078,50988,35576
2024-08-10T12:00:00Z,215822,113153,165636,69788,102669,38861,38621,98455,82315
2024-08-10T13:00:00Z,177762,120510,124219,72823,57252,41222,41018,78196,61271
2024-08-10T14:00:00Z,166345,128283,109282,78132,38062,44230,44007,60101,42154
2024-08-10T15:00:00Z,179260,129056,120321,78479,50204,43778,43556,69610,51463
2024-08-10T16:00:00Z,166446,128295,110840,80237,38151,42750,42511,59811,42662
2024-08-10T17:00:00Z,163334,126424,110271,80414,36910,41011,40798,56127,39623
2024-08-10T18:00:00Z,170214,118117,121275,76369,52097,38981,38751,71190,55903
2024-08-10T19:00:00Z,140818,107648,97654,70028,33170,34237,33999,48589,34431
2024-08-10T20:00:00Z,137293,102298,97613,67800,34995,31909,31692,48770,36086
2024-08-10T21:00:00Z,131648,91177,94213,59706,40471,28049,27855,50417,38871
2024-08-10T22:00:00Z,114616,83490,80779,54283,31126,25416,25227,39792,28662
2024-08-10T23:00:00Z,111385,77750,79670,51844,33635,24967,24785,38606,28886
2024-08-11T00:00:00Z,130635,74860,95580,49049,55775,24472,24198,65580,55105
2024-08-11T01:00:00Z,146627,77192,112569,51750,69435,25401,25158,79603,68999
2024-08-11T02:00:00Z,124232,82938,88749,54343,41294,24584,24371,49533,38324
2024-08-11T03:00:00Z,142014,93070,95287,54333,48944,25245,25025,49396,36974
2024-08-11T04:00:00Z,118240,85367,82818,55496,32873,26181,25994,41404,30129
2024-08-11T05:00:00Z,123400,88662,85217,56309,34738,27717,27521,44233,31887
2024-08-11T06:00:00Z,146612,98007,103554,61031,48605,31652,31434,62549,48701
2024-08-11T07:00:00Z,135217,103391,91249,63911,31826,34048,33855,48942,33872
2024-08-11T08:00:00Z,146723,109705,97472,67150,37018,36251,36019,54243,38379
2024-08-11T09:00:00Z,159925,114189,107795,68945,45736,37019,36817,61253,45137
2024-08-11T10:00:00Z,150570,111410,101927,68565,39160,37165,36955,55230,39368
2024-08-11T11:00:00Z,153247,115612,104146,72413,37635,37728,37517,53154,37150
2024-08-11T12:00:00Z,221943,115719,171272,72819,106224,40223,39980,100435,83853
2024-08-11T13:00:00Z,180593,125316,126076,76214,55277,44008,43807,81309,62441
2024-08-11T14:00:00Z,167794,135777,109936,83053,32017,47948,47732,62804,44077
2024-08-11T15:00:00Z,178920,135399,119685,83065,43521,47249,47025,72804,53565
2024-08-11T16:00:00Z,169544,133839,111830,82962,35705,45752,45517,64406,45967
2024-08-11T17:00:00Z,161340,128293,106963,80111,33047,43371,43139,58785,41273
2024-08-11T18:00:00Z,176840,124022,122223,76661,52818,41059,40825,74246,58373
2024-08-11T19:00:00Z,150983,111931,102645,71646,39052,36410,36198,51275,36812
2024-08-11T20:00:00Z,152348,111218,106832,72470,41130,34067,33849,52324,38537
2024-08-11T21:00:00Z,149093,103288,106233,67722,45805,30548,30352,53707,41505
2024-08-11T22:00:00Z,133182,98026,90041,61303,35156,28077,27886,42079,31139
2024-08-11T23:00:00Z,124462,89961,88426,61234,34501,28086,27902,41994,31627
2024-08-12T00:00:00Z,163406,95915,109374,64161,67491,30943,30631,75521,61277
2024-08-12T01:00:00Z,180918,103545,121988,64967,77373,35517,35241,91934,75150
2024-08-12T02:00:00Z,158898,114211,95562,68883,44687,37608,37349,58834,40969
2024-08-12T03:00:00Z,180428,118762,107562,66839,61666,37147,36859,62234,44677
2024-08-12T04:00:00Z,158565,108776,97707,67005,49789,35931,35669,53517,37092
2024-08-12T05:00:00Z,172866,123412,104679,72463,49454,40508,40254,58650,40026
2024-08-12T06:00:00Z,205037,140397,124172,78964,64640,49709,49414,80693,58314
2024-08-12T07:00:00Z,206380,156551,115857,84685,49829,55513,55157,70324,45716
2024-08-12T08:00:00Z,219303,167303,120685,90410,52000,60443,60020,77393,51200
2024-08-12T09:00:00Z,225002,166941,124240,88360,58061,60452,59998,83689,57178
2024-08-12T10:00:00Z,210502,161083,116509,87414,49419,57260,56856,75027,50514
2024-08-12T11:00:00Z,211675,164498,118628,90968,47177,57531,57122,73497,48436
2024-08-12T12:00:00Z,263670,168435,168222,92575,95235,60991,60584,118319,92697
2024-08-12T13:00:00Z,244242,178734,140785,95177,65508,65298,64908,98445,71231
2024-08-12T14:00:00Z,241715,193237,132403,103374,48478,69891,69504,85199,57374
2024-08-12T15:00:00Z,240926,181560,137775,98654,59366,66462,66078,91131,64192
2024-08-12T16:00:00Z,229977,178254,131033,99599,51723,62269,61868,80934,55582
2024-08-12T17:00:00Z,217260,170603,124255,94423,46657,59472,59094,75564,51613
2024-08-12T18:00:00Z,226713,161528,134292,91095,65185,56174,55759,88589,65360
2024-08-12T19:00:00Z,207663,157184,116807,86755,50479,52070,51695,67741,46875
2024-08-12T20:00:00Z,204432,153249,116692,85112,51183,49065,48670,67756,48145
2024-08-12T21:00:00Z,202633,147558,109519,74660,55075,44189,43838,64340,46886
2024-08-12T22:00:00Z,172353,124001,99629,70248,48352,38111,37795,53928,37873
2024-08-12T23:00:00Z,176498,129840,97261,68486,46658,37936,37640,52539,37597
2024-08-13T00:00:00Z,186836,122298,119064,69707,64538,38588,38260,82624,66866
2024-08-13T01:00:00Z,199169,125754,132727,71332,73415,42332,42017,97688,80199
2024-08-13T02:00:00Z,162197,121469,101090,71230,40728,41535,41247,61070,42995
2024-08-13T03:00:00Z,178366,126679,111713,71214,51687,40338,40054,63601,45336
2024-08-13T04:00:00Z,155177,117789,99582,71055,37388,38250,37971,54151,38166
2024-08-13T05:00:00Z,167486,127922,104173,74307,39564,42634,42355,59884,41090
2024-08-13T06:00:00Z,202658,148521,124382,82519,54137,51395,51053,83120,60330
2024-08-13T07:00:00Z,201548,160499,114953,86869,41049,57100,56751,71773,47014
2024-08-13T08:00:00Z,215084,172151,120147,91413,42933,61109,60690,78209,52381
2024-08-13T09:00:00Z,224575,173174,129340,92813,51401,61392,61013,83523,58020
2024-08-13T10:00:00Z,210245,164997,124463,91961,45248,58184,57788,76003,52112
2024-08-13T11:00:00Z,210361,166424,124061,92334,43937,59227,58841,74293,50250
2024-08-13T12:00:00Z,244789,158721,161720,88164,86068,59002,58572,113945,90163
2024-08-13T13:00:00Z,207475,163131,120239,87492,44344,62266,61874,82849,58452
2024-08-13T14:00:00Z,226049,186269,128222,101259,39780,70078,69666,84151,57008
2024-08-13T15:00:00Z,232330,182294,135801,100509,50036,66876,66477,90067,63535
2024-08-13T16:00:00Z,222134,179523,128792,100652,42611,62552,62131,80677,55684
2024-08-13T17:00:00Z,213717,172749,126880,99173,40968,59265,58828,75261,51983
2024-08-13T18:00:00Z,222262,164466,139291,95338,57796,56174,55785,89365,67483
2024-08-13T19:00:00Z,198041,153545,120050,88765,44496,51419,51031,67223,46710
2024-08-13T20:00:00Z,195800,148153,120905,86866,47647,48360,47985,67031,48463
2024-08-13T21:00:00Z,184913,130719,116034,77053,54194,42386,42012,66114,48999
2024-08-13T22:00:00Z,165643,118794,102283,70489,46849,37359,37024,54924,39087
2024-08-13T23:00:00Z,156949,113471,100830,70808,43478,36735,36444,52678,38107
2024-08-14T00:00:00Z,181811,113734,123800,71706,68077,37758,37413,86881,71177
2024-08-14T01:00:00Z,190909,115865,133650,71349,75044,40866,40545,99958,82458
2024-08-14T02:00:00Z,158325,118749,98619,71465,39576,41100,40801,60944,42600
2024-08-14T03:00:00Z,177970,126386,108543,69333,51584,40321,40033,64516,45610
2024-08-14T04:00:00Z,154778,113027,97928,67683,41751,38090,37820,54787,38308
2024-08-14T05:00:00Z,171342,125502,106413,72396,45840,42345,42084,60533,41239
2024-08-14T06:00:00Z,202034,143273,126217,80202,58761,51277,50937,82159,59628
2024-08-14T07:00:00Z,204845,157979,120609,87366,46866,56322,55998,70955,46862
2024-08-14T08:00:00Z,220831,170661,128051,94698,50170,60544,60172,77947,52589
2024-08-14T09:00:00Z,223380,168698,132079,93750,54682,59748,59361,82116,56753
2024-08-14T10:00:00Z,211245,164885,124331,92946,46360,56083,55718,74007,50783
2024-08-14T11:00:00Z,211683,167650,124296,94398,44033,57242,56857,71819,48341
2024-08-14T12:00:00Z,266137,169988,175251,94511,96149,60624,60219,117769,92746
2024-08-14T13:00:00Z,243027,182834,146189,100329,60193,65096,64657,97882,71675
2024-08-14T14:00:00Z,233812,191523,133065,105004,42289,68034,67644,83643,56443
2024-08-14T15:00:00Z,239510,184701,140924,101968,54809,65447,65015,90913,64223
2024-08-14T16:00:00Z,221099,175508,130420,99419,45591,61127,60726,79461,54941
2024-08-14T17:00:00Z,216049,166688,129408,95435,49361,57858,57417,74669,51398
2024-08-14T18:00:00Z,223566,161541,139214,91454,62025,53883,53454,86623,65318
2024-08-14T19:00:00Z,199126,153919,122971,90387,45207,49997,49641,65603,46149
2024-08-14T20:00:00Z,192533,146709,119246,85612,45824,47131,46782,65116,46981
2024-08-14T21:00:00Z,182598,133972,116031,79254,48626,41834,41485,64313,47544
2024-08-14T22:00:00Z,151955,114110,97438,69568,37845,35764,35440,50998,36439
2024-08-14T23:00:00Z,489,435,334,298,54,363,352,411,288
2024-08-15T00:00:00Z,162673,100046,111829,61784,62627,36045,35728,82582,67355
2024-08-15T01:00:00Z,189689,118230,131983,71140,71459,39979,39673,96626,79562
2024-08-15T02:00:00Z,157631,117156,98762,68928,40475,39430,39119,56728,38483
2024-08-15T03:00:00Z,177057,122185,112499,68055,54872,38080,37791,61591,44304
2024-08-15T04:00:00Z,147379,106093,96226,64281,41286,34528,34212,51035,36175
2024-08-15T05:00:00Z,154436,112130,100055,66826,42306,37195,36907,54802,38380
2024-08-15T06:00:00Z,186089,131470,118089,74490,54619,46047,45698,77579,57099
2024-08-15T07:00:00Z,187518,148576,111995,82689,38942,50467,50139,64796,42797
2024-08-15T08:00:00Z,199407,157872,116208,86669,41535,54782,54420,71916,48241
2024-08-15T09:00:00Z,206201,158180,126433,89673,48021,54643,54305,77558,54503
2024-08-15T10:00:00Z,193313,154056,119375,89149,39257,51791,51470,69360,48022
2024-08-15T11:00:00Z,194767,153737,119818,88273,41030,52891,52565,67157,45862
2024-08-15T12:00:00Z,257182,158994,177648,91318,98188,56143,55779,113307,90669
2024-08-15T13:00:00Z,234793,173595,147548,97532,61198,61903,61502,95247,70784
2024-08-15T14:00:00Z,230551,184739,135122,103225,45812,66347,65957,82226,55943
2024-08-15T15:00:00Z,230368,178612,139135,100196,51756,63104,62721,86957,62194
2024-08-15T16:00:00Z,216658,170507,127315,97305,46151,59074,58685,76942,53756
2024-08-15T17:00:00Z,209699,166902,125619,96303,42797,56644,56261,72331,49801
2024-08-15T18:00:00Z,215450,159011,137608,93688,56439,54251,53889,85763,65185
2024-08-15T19:00:00Z,197115,154420,122694,91508,42695,49657,49308,64926,45671
2024-08-15T20:00:00Z,193775,149033,121556,88210,44742,46340,45972,64083,46693
2024-08-15T21:00:00Z,182950,131374,117123,77536,51576,41208,40891,63869,47594
2024-08-15T22:00:00Z,164001,118808,107158,73053,45193,36184,35877,52159,37640
2024-08-15T23:00:00Z,154763,110164,102261,68591,44599,35647,35368,50427,36960
2024-08-16T00:00:00Z,180113,109386,123590,68206,70727,35933,35601,85919,71215
2024-08-16T01:00:00Z,187862,113173,132847,68849,74689,39814,39539,99447,82838
2024-08-16T02:00:00Z,155513,115711,97421,69349,39802,39306,38994,57374,40221
2024-08-16T03:00:00Z,176228,123700,111181,70678,52528,37914,37643,60589,43590
2024-08-16T04:00:00Z,149437,110894,97640,68249,38543,35674,35413,51432,36483
2024-08-16T05:00:00Z,159915,120640,101872,70635,39275,38987,38733,56048,38933
2024-08-16T06:00:00Z,195312,139240,124952,79632,56072,47813,47501,78622,58044
2024-08-16T07:00:00Z,195784,153719,119284,87237,42065,52210,51820,66327,44065
2024-08-16T08:00:00Z,206940,159705,123667,89622,47235,55622,55224,72328,49494
2024-08-16T09:00:00Z,214618,160047,130107,89657,54571,55822,55428,78524,54928
2024-08-16T10:00:00Z,200727,156223,123433,90403,44504,53112,52756,71567,49957
2024-08-16T11:00:00Z,202580,158168,122583,90787,44412,53331,52975,68596,46656
2024-08-16T12:00:00Z,257957,161134,178288,93514,96823,55549,55177,113069,90946
2024-08-16T13:00:00Z,226881,168607,145270,96585,58274,59761,59428,93929,70021
2024-08-16T14:00:00Z,220137,179130,130873,100867,41007,62999,62642,78377,53760
2024-08-16T15:00:00Z,226199,174034,140079,100515,52165,60194,59810,84690,60578
2024-08-16T16:00:00Z,210811,167096,128828,97595,43715,56730,56340,74614,51725
2024-08-16T17:00:00Z,199981,157269,124668,92495,42712,52846,52495,67885,46736
2024-08-16T18:00:00Z,209005,146935,137428,88050,62070,49897,49502,82264,63001
2024-08-16T19:00:00Z,187695,140981,119684,85019,46714,44876,44546,61077,43042
2024-08-16T20:00:00Z,182952,135325,119215,83772,47627,42022,41690,60734,44030
2024-08-16T21:00:00Z,175717,125531,116212,77324,50186,37159,36862,59231,44635
2024-08-16T22:00:00Z,152723,110018,101747,69650,42705,32084,31780,47988,34474
2024-08-16T23:00:00Z,140696,98435,97594,64086,42261,30601,30337,45227,33405
2024-08-17T00:00:00Z,165963,91749,121242,60845,74214,29159,28855,80793,68854
2024-08-17T01:00:00Z,170321,90693,129109,60974,79628,28858,28612,89951,78121
2024-08-17T02:00:00Z,124822,86970,86391,56489,37852,26617,26375,45208,32801
2024-08-17T03:00:00Z,148964,99732,100640,59458,49232,27276,27062,51209,37917
2024-08-17T04:00:00Z,127336,93911,89085,60855,33425,28047,27841,43727,31395
2024-08-17T05:00:00Z,132968,96868,92754,61702,36100,29698,29506,46106,32944
2024-08-17T06:00:00Z,158432,106211,112750,67655,52221,32908,32680,63364,49125
2024-08-17T07:00:00Z,147476,113334,103230,73344,34142,34404,34189,48518,34073
2024-08-17T08:00:00Z,162860,122501,112025,78464,40359,36446,36142,53892,38129
2024-08-17T09:00:00Z,169626,118024,117924,74959,51602,36802,36565,60506,44592
2024-08-17T10:00:00Z,157965,115132,110649,74151,42833,36858,36614,54569,39515
2024-08-17T11:00:00Z,160805,121575,111920,78886,39230,37647,37432,51868,36647
2024-08-17T12:00:00Z,233704,123017,182787,80571,110687,39631,39385,98983,82691
2024-08-17T13:00:00Z,199974,138893,136302,84671,61081,42557,42315,78207,60903
2024-08-17T14:00:00Z,178640,140576,119461,88757,38064,46957,46731,61205,42635
2024-08-17T15:00:00Z,191578,142530,127766,87755,49048,46190,45942,69935,51643
2024-08-17T16:00:00Z,176544,140913,118060,88696,35631,44332,44099,60323,43407
2024-08-17T17:00:00Z,171051,132696,117097,85429,38355,42439,42209,56248,39980
2024-08-17T18:00:00Z,190142,131528,134303,83429,58614,40366,40127,72380,57095
2024-08-17T19:00:00Z,164883,121956,115217,79368,42927,36239,36022,49955,36095
2024-08-17T20:00:00Z,161204,116959,115182,77727,44245,33511,33297,49910,37294
2024-08-17T21:00:00Z,151248,102933,109668,68752,48315,29412,29212,50975,39487
2024-08-17T22:00:00Z,131052,93416,94088,62418,37636,26782,26568,40346,29965
2024-08-17T23:00:00Z,127006,92578,91667,62130,34428,26760,26554,39207,29838
2024-08-18T00:00:00Z,143592,88751,106153,62067,54841,25335,25051,67126,56703
2024-08-18T01:00:00Z,153966,87629,120826,61864,66337,25752,25502,81690,70992
2024-08-18T02:00:00Z,126003,90205,92621,62151,35798,25114,24897,46311,35185
2024-08-18T03:00:00Z,149769,99256,106552,62535,50513,25539,25342,48310,36878
2024-08-18T04:00:00Z,129847,90199,94703,60480,39648,26582,26382,41946,30455
2024-08-18T05:00:00Z,135675,93613,98948,62372,42062,28072,27882,44409,32517
2024-08-18T06:00:00Z,160737,104026,116173,67009,56711,32071,31863,64395,50281
2024-08-18T07:00:00Z,149099,110975,104198,71070,38124,34122,33925,48373,33944
2024-08-18T08:00:00Z,159246,120620,104290,71743,38626,36651,36386,52916,37822
2024-08-18T09:00:00Z,163329,115531,111860,73021,47798,37360,37097,61582,45875
2024-08-18T10:00:00Z,157882,118234,109978,77010,39648,37572,37355,56250,40556
2024-08-18T11:00:00Z,157882,120615,109355,77808,37267,38202,37983,53336,37682
2024-08-18T12:00:00Z,228869,124768,177019,80963,104101,40914,40689,101906,85236
2024-08-18T13:00:00Z,195047,133911,138490,83753,61136,45320,45049,80028,62535
2024-08-18T14:00:00Z,182133,140929,123086,87933,41204,48875,48649,63501,44882
2024-08-18T15:00:00Z,199506,147300,135784,91615,52206,48435,48207,72962,53778
2024-08-18T16:00:00Z,189154,147806,125221,91764,41348,46457,46246,63258,44753
2024-08-18T17:00:00Z,183853,144352,119394,87728,39501,44947,44738,58622,41690
2024-08-18T18:00:00Z,188812,135385,132465,85417,53427,42547,42324,74514,58722
2024-08-18T19:00:00Z,168705,130100,108835,77921,38605,38660,38458,52289,37447
2024-08-18T20:00:00Z,161633,122351,109019,75303,39282,36557,36334,53784,39582
2024-08-18T21:00:00Z,152896,108151,109084,70825,44745,32235,32021,54413,42003
2024-08-18T22:00:00Z,140713,101075,98773,66753,39638,29006,28800,44004,32247
2024-08-18T23:00:00Z,133798,93981,96588,64070,39817,29372,29179,42597,32172
2024-08-19T00:00:00Z,173927,99360,118357,67396,74567,31276,30943,77725,62764
2024-08-19T01:00:00Z,192535,107712,133628,69565,84823,37052,36784,95893,78833
2024-08-19T02:00:00Z,161870,111812,98786,67433,50058,37709,37436,59173,40462
2024-08-19T03:00:00Z,186486,117996,112381,67286,68490,37088,36777,63213,44850
2024-08-19T04:00:00Z,164339,108710,101456,67882,55629,34971,34674,54654,38296
2024-08-19T05:00:00Z,170218,116717,103986,69615,53501,38680,38416,57923,39635
2024-08-19T06:00:00Z,204120,139024,123108,78844,65096,47848,47540,79806,57340
2024-08-19T07:00:00Z,208373,157198,118229,86079,51175,53669,53327,69426,45162
2024-08-19T08:00:00Z,224653,167414,126497,92016,57239,58219,57824,75726,50600
2024-08-19T09:00:00Z,236317,171751,133005,91284,64566,57962,57577,81632,56272
2024-08-19T10:00:00Z,224574,166222,125552,90449,58352,54824,54456,73847,50332
2024-08-19T11:00:00Z,226451,169148,126998,91802,57303,56098,55717,71632,47755
2024-08-19T12:00:00Z,276545,171986,177015,93366,104559,59879,59475,117786,92816
2024-08-19T13:00:00Z,255241,185815,150133,101386,69426,65124,64734,98454,72221
2024-08-19T14:00:00Z,239311,190970,134574,104600,48341,69710,69304,84497,57014
2024-08-19T15:00:00Z,241780,181793,140921,102142,59987,65746,65303,89519,63221
2024-08-19T16:00:00Z,225548,173694,130176,98985,51854,61098,60701,79176,54097
2024-08-19T17:00:00Z,221067,168272,127386,95389,52795,57925,57529,74049,50525
2024-08-19T18:00:00Z,232829,161473,143900,94410,71356,55669,55293,89697,67253
2024-08-19T19:00:00Z,213716,156292,127080,90836,57424,51307,50937,68155,46866
2024-08-19T20:00:00Z,206546,147198,124920,86145,59348,48371,47998,68672,48671
2024-08-19T21:00:00Z,197874,133506,121462,79722,64368,42539,42178,66593,48740
2024-08-19T22:00:00Z,181092,127840,107655,74186,53252,38590,38244,55469,38778
2024-08-19T23:00:00Z,168807,119479,102888,72308,49328,38118,37837,53223,38054
2024-08-20T00:00:00Z,192504,121699,127446,73396,70805,39954,39542,89646,73761
2024-08-20T01:00:00Z,202118,128864,138068,76397,73254,43289,42968,101778,83383
2024-08-20T02:00:00Z,164326,125286,102183,73843,39040,41169,40897,60128,41949
2024-08-20T03:00:00Z,178789,126458,113869,71633,52331,39314,39065,62820,44527
2024-08-20T04:00:00Z,156403,115288,103220,71265,41115,37612,37347,53222,37667
2024-08-20T05:00:00Z,175899,127722,112503,76069,48177,41585,41314,58561,40528
2024-08-20T06:00:00Z,208513,150431,131868,85278,58082,50571,50257,80656,58235
2024-08-20T07:00:00Z,211243,166992,126436,93023,44251,56243,55889,69841,46129
2024-08-20T08:00:00Z,216887,171750,125817,93994,45137,60454,60022,76317,51173
2024-08-20T09:00:00Z,227459,173164,131100,93073,54295,60610,60233,82825,57524
2024-08-20T10:00:00Z,213365,168758,125927,93950,44607,57724,57363,74913,51634
2024-08-20T11:00:00Z,213953,169862,125112,94108,44091,58674,58314,72788,49135
2024-08-20T12:00:00Z,268062,172172,177025,95592,95890,62870,62484,119090,94100
2024-08-20T13:00:00Z,249074,184318,150067,100544,64756,67659,67241,99535,73314
2024-08-20T14:00:00Z,231551,184895,130385,98838,46656,69429,69020,84221,56673
2024-08-20T15:00:00Z,249753,190126,147632,104737,59627,68039,67590,91963,65285
2024-08-20T16:00:00Z,230850,178741,134970,100441,52109,63030,62639,82036,56128
2024-08-20T17:00:00Z,219318,171432,131264,97362,47886,59477,59108,75973,52458
2024-08-20T18:00:00Z,223861,164095,139798,93055,59766,56539,56171,87988,66335
2024-08-20T19:00:00Z,202018,153399,121697,87718,48619,52393,52001,68169,47599
2024-08-20T20:00:00Z,193053,145951,119416,85367,47102,49172,48779,67934,48722
2024-08-20T21:00:00Z,187335,133074,117323,77499,54261,42648,42290,66394,49048
2024-08-20T22:00:00Z,166817,119097,104239,70321,47720,37948,37616,54802,38909
2024-08-20T23:00:00Z,160542,113663,102631,68614,46879,37240,36911,53502,38160
2024-08-21T00:00:00Z,191018,117680,125544,69206,73338,38525,38128,89229,72141
2024-08-21T01:00:00Z,199658,119678,139112,72481,79980,41983,41643,101589,83835
2024-08-21T02:00:00Z,167134,123329,107287,74785,43805,40926,40632,61144,42271
2024-08-21T03:00:00Z,183398,126204,114498,69587,57194,39821,39518,64000,45276
2024-08-21T04:00:00Z,158410,115390,102406,70515,43020,37497,37234,54976,38129
2024-08-21T05:00:00Z,179539,130956,109491,75933,48583,41566,41294,60112,40964
2024-08-21T06:00:00Z,206104,149681,127921,84024,56423,51082,50729,82011,58805
2024-08-21T07:00:00Z,206555,164449,122863,91980,42106,56239,55900,71425,46536
2024-08-21T08:00:00Z,222447,175091,126072,93831,47356,61252,60867,78115,51900
2024-08-21T09:00:00Z,229525,173023,135842,94603,56502,60666,60295,83571,58129
2024-08-21T10:00:00Z,223176,173306,131659,95679,49870,57682,57307,76589,53137
2024-08-21T11:00:00Z,218678,169438,129071,93968,49240,58359,57961,73719,49652
2024-08-21T12:00:00Z,274127,169119,184344,94069,105008,62042,61643,119105,93928
2024-08-21T13:00:00Z,240305,179178,145668,98149,61127,67210,66847,98900,72018
2024-08-21T14:00:00Z,228796,187953,131123,102292,40843,70005,69574,85127,57212
2024-08-21T15:00:00Z,236000,184446,139909,101275,51554,67310,66899,90908,63720
2024-08-21T16:00:00Z,222739,178320,129170,98488,44419,63500,63063,82160,56106
2024-08-21T17:00:00Z,214554,169724,128025,96007,44830,60241,59698,75670,51912
2024-08-21T18:00:00Z,224121,161901,139915,91754,62220,56935,56468,89628,66927
2024-08-21T19:00:00Z,203214,154553,122939,87634,48661,52303,51882,68263,47555
2024-08-21T20:00:00Z,199359,147907,122931,85097,51452,48739,48345,68453,49005
2024-08-21T21:00:00Z,188638,133101,120629,78574,55537,42741,42408,66171,48934
2024-08-21T22:00:00Z,168153,121827,107755,73398,46326,38026,37685,54049,38645
2024-08-21T23:00:00Z,163160,119654,104436,71965,43506,37159,36817,52292,37937
2024-08-22T00:00:00Z,186302,118888,124183,72589,67414,37745,37389,87759,71259
2024-08-22T01:00:00Z,194401,118248,137982,74226,76153,40952,40619,100884,83827
2024-08-22T02:00:00Z,164669,125194,105209,76055,39475,41882,41545,62138,43508
2024-08-22T03:00:00Z,181246,126830,115171,71602,54416,39548,39277,64097,45590
2024-08-22T04:00:00Z,161721,118258,105783,71826,43463,37561,37281,55449,38433
2024-08-22T05:00:00Z,174621,126288,111661,74865,48333,41685,41410,60175,41431
2024-08-22T06:00:00Z,204929,147496,131403,84688,57433,50539,50225,82194,59422
2024-08-22T07:00:00Z,205208,162020,123083,90142,43188,56613,56275,71291,47031
2024-08-22T08:00:00Z,219275,171280,128170,94607,47995,59820,59420,76973,51684
2024-08-22T09:00:00Z,227921,173810,134629,95099,54111,60860,60488,84434,57836
2024-08-22T10:00:00Z,212377,166236,125653,92958,46141,57407,57019,76482,52251
2024-08-22T11:00:00Z,215722,170735,125930,93853,44987,57939,57548,74420,49997
2024-08-22T12:00:00Z,271683,174637,178712,95944,97046,62398,61991,119392,94531
2024-08-22T13:00:00Z,252678,190239,153404,103621,62439,67058,66644,100013,73637
2024-08-22T14:00:00Z,238022,192669,137477,105136,45353,70236,69813,85685,58010
2024-08-22T15:00:00Z,242706,187558,142501,102048,55148,67198,66751,91328,64779
2024-08-22T16:00:00Z,222540,177060,132394,100943,45480,62787,62344,81224,56201
2024-08-22T17:00:00Z,216222,170233,127429,94774,45989,59212,58816,75516,51898
2024-08-22T18:00:00Z,219676,158030,137300,89515,61646,56789,56403,89319,67175
2024-08-22T19:00:00Z,198214,151770,120644,86770,46444,51668,51330,67220,46935
2024-08-22T20:00:00Z,206129,143121,117667,83018,63008,48041,47668,72774,48426
2024-08-22T21:00:00Z,181218,130341,115440,76937,50877,42361,42037,65244,48694
2024-08-22T22:00:00Z,160973,116281,100580,68521,44692,37248,36954,53593,38398
2024-08-22T23:00:00Z,156834,110014,100194,66209,46820,36401,36119,52067,37976
2024-08-23T00:00:00Z,182692,116585,123200,72513,66107,37362,36999,82485,67104
2024-08-23T01:00:00Z,192209,117400,134101,71555,74809,40509,40188,97277,79917
2024-08-23T02:00:00Z,163563,119905,105254,73229,43658,39742,39432,60369,42182
2024-08-23T03:00:00Z,180615,124630,114132,70325,55985,38623,38335,62798,44994
2024-08-23T04:00:00Z,153850,110024,99583,67051,43826,36204,35883,53124,37392
2024-08-23T05:00:00Z,166927,121595,106427,72199,45332,40332,40051,58454,40168
2024-08-23T06:00:00Z,194768,137624,122597,77078,57144,49049,48723,80037,58448
2024-08-23T07:00:00Z,196266,153114,116908,85172,43152,53555,53223,68312,45177
2024-08-23T08:00:00Z,208160,162118,122062,89694,46042,56359,55995,73279,49633
2024-08-23T09:00:00Z,221038,166462,131405,90126,54576,57937,57560,82002,57225
2024-08-23T10:00:00Z,202028,155260,122603,87117,46768,53400,53051,71871,49828
2024-08-23T11:00:00Z,200698,153606,121303,86668,47092,53314,52988,68976,47309
2024-08-23T12:00:00Z,262014,161881,178235,90824,100133,56958,56592,115735,93215
2024-08-23T13:00:00Z,240884,177995,148957,97601,62889,61817,61486,95905,71600
2024-08-23T14:00:00Z,229681,186345,135094,104282,43336,65048,64673,80861,55164
2024-08-23T15:00:00Z,224037,171030,136891,97456,53007,61455,61022,86263,62266
2024-08-23T16:00:00Z,210429,164566,126576,94723,45863,57564,57172,75896,53418
2024-08-23T17:00:00Z,203511,159009,123891,92143,44502,53778,53439,70046,48601
2024-08-23T18:00:00Z,212463,152567,137385,89970,59896,51029,50679,83316,63214
2024-08-23T19:00:00Z,192715,144986,122492,86608,47729,46146,45821,61496,43393
2024-08-23T20:00:00Z,188283,138273,121249,83135,50010,43334,42993,62061,45105
2024-08-23T21:00:00Z,178752,120816,117606,73236,57936,37703,37378,62464,46702
2024-08-23T22:00:00Z,161242,111485,105436,68869,49757,33091,32790,51540,37239
2024-08-23T23:00:00Z,150826,104531,101786,67057,46295,31365,31106,48492,35693
2024-08-24T00:00:00Z,164894,99861,117499,66531,65033,29699,29391,76543,64261
2024-08-24T01:00:00Z,163337,90166,120399,59471,73171,28856,28593,85900,73852
2024-08-24T02:00:00Z,129733,91986,87588,58347,37747,27150,26923,49911,34466
2024-08-24T03:00:00Z,150851,98107,102014,57672,52744,27107,26873,51433,38408
2024-08-24T04:00:00Z,130329,91206,91080,58299,39123,28034,27781,44152,31773
2024-08-24T05:00:00Z,138643,96559,95545,59981,42084,29617,29393,47445,34184
2024-08-24T06:00:00Z,159729,104726,112540,64846,55003,33162,32921,65250,50104
2024-08-24T07:00:00Z,152411,111654,103575,69296,40757,35355,35125,51444,35239
2024-08-24T08:00:00Z,158223,115929,106457,71605,42294,36964,36726,55062,38810
2024-08-24T09:00:00Z,163281,115106,109981,69546,48175,37865,37600,61579,44881
2024-08-24T10:00:00Z,157451,116907,105971,71701,40544,37537,37278,55507,39548
2024-08-24T11:00:00Z,155511,117948,106323,74344,37563,37467,37252,52565,36813
2024-08-24T12:00:00Z,219687,118160,167673,74243,101527,40116,39880,99803,83026
2024-08-24T13:00:00Z,186400,126100,132842,79105,60300,42409,42188,79233,61518
2024-08-24T14:00:00Z,174210,134076,117611,83809,40134,45449,45236,62049,43238
2024-08-24T15:00:00Z,186325,134866,129258,85731,51459,44973,44740,70706,52376
2024-08-24T16:00:00Z,176826,133734,119855,85129,43092,44305,44079,62442,44884
2024-08-24T17:00:00Z,169937,128964,114501,80801,40973,42120,41894,57907,40714
2024-08-24T18:00:00Z,181162,124620,127486,78222,56542,40106,39885,72812,56989
2024-08-24T19:00:00Z,152696,113527,106870,73926,39169,35261,35059,49671,35885
2024-08-24T20:00:00Z,151415,111257,110035,75518,40158,32427,32210,50195,37287
2024-08-24T21:00:00Z,146287,99528,106272,66134,46759,29355,29160,52337,39803
2024-08-24T22:00:00Z,131252,93402,92068,59702,37850,25714,25510,45316,29743
2024-08-24T23:00:00Z,130451,91804,92193,60609,38647,25922,25735,45030,30345
2024-08-25T00:00:00Z,148865,87320,110121,60604,61545,25297,25018,70479,59536
2024-08-25T01:00:00Z,158160,84754,122832,57914,73406,26048,25818,85164,74341
2024-08-25T02:00:00Z,131491,87676,95911,59596,43815,25174,24950,50828,39646
2024-08-25T03:00:00Z,150508,98930,105892,61205,51578,25382,25179,49300,37440
2024-08-25T04:00:00Z,125070,89184,90583,59853,35886,26304,26117,41646,30241
2024-08-25T05:00:00Z,126812,90648,91788,60007,36164,27556,27358,43972,31823
2024-08-25T06:00:00Z,157525,107565,112124,67876,49960,32913,32709,64215,48897
2024-08-25T07:00:00Z,143824,109526,99065,69103,34298,34307,34102,49432,34025
2024-08-25T08:00:00Z,142813,107590,98829,68829,35223,35198,34996,51243,36532
2024-08-25T09:00:00Z,156862,110985,107737,69088,45877,36201,35974,58489,43042
2024-08-25T10:00:00Z,154818,113766,107572,72631,41052,37540,37281,55876,40122
2024-08-25T11:00:00Z,158471,118571,109019,75524,39900,38283,38074,53297,37311
2024-08-25T12:00:00Z,231833,123128,179655,79292,108705,41218,40977,102006,84905
2024-08-25T13:00:00Z,193032,131003,137907,82336,62029,44423,44200,82633,64321
2024-08-25T14:00:00Z,178813,139485,120460,87601,39328,48143,47923,64392,45352
2024-08-25T15:00:00Z,188100,137953,128045,86167,50147,47237,46954,73684,54166
2024-08-25T16:00:00Z,177426,138126,119990,88067,39300,45797,45528,64136,45934
2024-08-25T17:00:00Z,171587,135175,116049,86338,36412,44216,44002,60223,42572
2024-08-25T18:00:00Z,184854,129217,131706,83287,55637,42951,42738,75872,59425
2024-08-25T19:00:00Z,161135,121097,112696,78578,40038,38604,38391,53641,38593
2024-08-25T20:00:00Z,161592,120203,112245,77057,41389,36450,36224,54919,40597
2024-08-25T21:00:00Z,159847,109915,109496,67552,49932,32666,32450,55359,42425
2024-08-25T22:00:00Z,141769,101753,97824,65016,40016,28901,28699,44986,32378
2024-08-25T23:00:00Z,138896,99128,96006,64185,39768,29498,29310,43627,32543
2024-08-26T00:00:00Z,175360,104126,115502,67835,71234,31967,31652,77553,63010
2024-08-26T01:00:00Z,190802,109713,128096,68117,81089,36643,36342,96073,77561
2024-08-26T02:00:00Z,162097,111821,96660,66806,50276,38049,37734,59050,40435
2024-08-26T03:00:00Z,182256,119788,110062,67470,62468,37301,36990,62493,44265
2024-08-26T04:00:00Z,167023,112076,101730,68917,54947,35809,35445,54388,37604
2024-08-26T05:00:00Z,179227,124807,109816,73876,54420,40144,39859,59439,40459
2024-08-26T06:00:00Z,211675,144947,127992,81735,66728,49573,49218,81677,58215
2024-08-26T07:00:00Z,215635,161025,122489,88163,54610,56786,56432,72888,47323
2024-08-26T08:00:00Z,224714,168668,124201,91205,56046,58969,58586,77782,51759
2024-08-26T09:00:00Z,231994,170874,131310,91657,61120,60743,60368,83018,56807
2024-08-26T10:00:00Z,222057,169061,124513,91409,52996,56422,56060,75431,50718
2024-08-26T11:00:00Z,222366,169469,126601,93937,52897,57924,57571,73565,49246
2024-08-26T12:00:00Z,273933,175358,175572,97364,98575,61928,61557,118818,93178
2024-08-26T13:00:00Z,253851,183950,151935,101787,69901,66530,66140,100660,73581
2024-08-26T14:00:00Z,241683,189014,138585,105403,52669,69541,69157,85388,57637
2024-08-26T15:00:00Z,248476,184352,144101,102365,64124,66077,65693,93505,64610
2024-08-26T16:00:00Z,251426,170875,128431,96326,80551,61012,60636,95942,54537
2024-08-26T17:00:00Z,241027,171107,126786,93886,69920,57786,57399,83964,50546
2024-08-26T18:00:00Z,244922,166611,141135,93318,78311,56065,55677,93789,67054
2024-08-26T19:00:00Z,212775,157284,126110,91007,55491,51836,51460,69741,48362
2024-08-26T20:00:00Z,207572,152542,122278,86186,55030,49262,48892,68705,48730
2024-08-26T21:00:00Z,194885,132983,119426,78453,61902,42842,42487,66927,49044
2024-08-26T22:00:00Z,177005,121906,106901,72239,55099,38356,38021,56484,39134
2024-08-26T23:00:00Z,175858,124118,104421,71075,51740,38222,37921,55371,38522
2024-08-27T00:00:00Z,183679,119755,120651,71601,63924,39093,38746,83568,67225
2024-08-27T01:00:00Z,192202,120403,133795,73150,71799,42246,41937,97609,79347
2024-08-27T02:00:00Z,166684,124617,106396,74332,42067,41862,41586,62107,43278
2024-08-27T03:00:00Z,182298,127512,116579,71951,54786,40048,39759,64066,45580
2024-08-27T04:00:00Z,157657,117399,103189,71814,40258,38988,38707,55583,38823
2024-08-27T05:00:00Z,172018,129211,110293,76280,42807,42860,42568,60681,41315
2024-08-27T06:00:00Z,203734,148681,129977,86296,55053,51548,51231,81674,58736
2024-08-27T07:00:00Z,207735,166371,122419,91379,41364,57154,56820,71800,46384
2024-08-27T08:00:00Z,216197,171468,123527,92409,44729,60510,60154,76598,51009
2024-08-27T09:00:00Z,222092,169774,128704,90864,52318,61369,60991,83280,56973
2024-08-27T10:00:00Z,208773,162147,123001,89091,46626,58303,57898,76270,52448
2024-08-27T11:00:00Z,209938,166089,124120,91768,43849,58844,58472,73399,49247
2024-08-27T12:00:00Z,257576,167532,170570,93021,90044,61920,61503,117198,91953
2024-08-27T13:00:00Z,231547,172484,141137,94734,59063,65867,65414,96276,70314
2024-08-27T14:00:00Z,229252,186218,131521,101443,43034,70461,70035,84976,57523
2024-08-27T15:00:00Z,229620,178783,136120,98505,50837,66983,66573,89698,62910
2024-08-27T16:00:00Z,236086,188414,135862,102965,47672,64788,64375,83120,57087
2024-08-27T17:00:00Z,223417,176052,133497,100610,47365,61600,61214,77961,53707
2024-08-27T18:00:00Z,226723,164873,142761,94656,61850,57845,57447,90652,68121
2024-08-27T19:00:00Z,204011,155481,124637,89766,48530,53068,52739,68939,47530
2024-08-27T20:00:00Z,200356,151772,123737,88117,48584,50287,49890,68962,48913
2024-08-27T21:00:00Z,192370,136926,121599,80061,55444,43837,43475,67359,49315
2024-08-27T22:00:00Z,173118,128002,110498,78132,45116,38899,38583,55197,39213
2024-08-27T23:00:00Z,164170,122533,107893,76606,41637,38707,38419,53653,38569
2024-08-28T00:00:00Z,189015,120804,127819,75920,68211,39676,39299,87557,71315
2024-08-28T01:00:00Z,205131,126844,143423,78725,78287,43945,43613,104211,85254
2024-08-28T02:00:00Z,174546,130746,111735,79007,43800,42932,42608,65843,46042
2024-08-28T03:00:00Z,190655,133697,120659,75794,56958,40782,40495,65450,46994
2024-08-28T04:00:00Z,167521,121992,106957,73804,45529,38924,38615,57243,39697
2024-08-28T05:00:00Z,181998,135434,112681,78204,46564,42800,42518,61932,41966
2024-08-28T06:00:00Z,216575,156014,133541,87127,60561,52826,52485,86079,61441
2024-08-28T07:00:00Z,222011,173998,128496,95063,48013,58969,58603,75839,49224
2024-08-28T08:00:00Z,230180,179662,131072,97731,50518,61833,61382,80029,53513
2024-08-28T09:00:00Z,241323,184545,139588,99500,56778,62622,62228,87265,59959
2024-08-28T10:00:00Z,224281,173751,133815,98854,50530,58799,58427,78158,53025
2024-08-28T11:00:00Z,223702,175455,131292,97204,48247,59694,59317,75390,50715
2024-08-28T12:00:00Z,274015,178879,179999,99835,95136,64676,64193,122323,95912
2024-08-28T13:00:00Z,254890,191971,154312,105247,62919,68703,68251,101154,73344
2024-08-28T14:00:00Z,245425,198545,140493,108405,46880,73207,72740,88248,59428
2024-08-28T15:00:00Z,247100,190266,146685,106288,56834,68991,68548,93379,65833
2024-08-28T16:00:00Z,228901,183330,134754,103303,45571,64608,64145,82751,56990
2024-08-28T17:00:00Z,217985,173282,129320,97469,44703,60711,60322,76709,51787
2024-08-28T18:00:00Z,227337,167310,142999,95956,60027,58433,58008,90331,67366
2024-08-28T19:00:00Z,202692,157319,123969,90736,45373,53368,52992,68702,47736
2024-08-28T20:00:00Z,200299,151983,125798,89636,48316,49618,49251,68056,48860
2024-08-28T21:00:00Z,188539,136374,121594,81036,52165,43716,43350,66006,48899
2024-08-28T22:00:00Z,169934,125636,107237,74090,44298,38859,38551,54502,38446
2024-08-28T23:00:00Z,158841,115734,104008,71925,43107,37837,37556,52994,37935
2024-08-29T00:00:00Z,183037,120987,119476,72072,62050,38980,38623,82066,65919
2024-08-29T01:00:00Z,190572,121980,132714,74474,68592,42335,42003,96563,78507
2024-08-29T02:00:00Z,169443,125776,106752,74350,43667,42067,41761,65305,45881
2024-08-29T03:00:00Z,180129,127450,114870,72341,52679,39929,39672,63426,45025
2024-08-29T04:00:00Z,154874,115326,101833,71084,39548,37272,36987,53616,37218
2024-08-29T05:00:00Z,157769,118291,100601,69421,39478,39367,39103,56015,38289
2024-08-29T06:00:00Z,202339,148261,128228,84893,54078,51210,50872,80813,58061
2024-08-29T07:00:00Z,210564,167140,125107,93103,43424,57451,57115,71236,46753
2024-08-29T08:00:00Z,217703,173483,126175,94822,44220,61224,60824,76815,50966
2024-08-29T09:00:00Z,226814,173470,134692,96297,53344,61415,61032,83393,57263
2024-08-29T10:00:00Z,212878,166537,126415,93084,46341,58073,57693,75609,51536
2024-08-29T11:00:00Z,210034,164560,124124,90948,45474,59357,58931,73919,49698
2024-08-29T12:00:00Z,264876,172080,176300,95999,92796,63301,62895,119976,94441
2024-08-29T13:00:00Z,241355,179835,147758,99017,61520,67043,66618,99085,72185
2024-08-29T14:00:00Z,241142,195081,138868,107233,46061,71588,71190,87137,58515
2024-08-29T15:00:00Z,243286,189466,143818,104159,53820,67636,67246,92116,64318
2024-08-29T16:00:00Z,226082,179443,135110,102754,46639,62872,62460,80748,55835
2024-08-29T17:00:00Z,212248,168359,124744,93553,43889,59198,58831,74581,50649
2024-08-29T18:00:00Z,222591,159656,139783,92839,62935,56230,55831,89478,66644
2024-08-29T19:00:00Z,198840,151813,122676,89003,47027,51332,50992,67844,46937
2024-08-29T20:00:00Z,191789,146227,123008,86934,45562,47801,47440,65673,47603
2024-08-29T21:00:00Z,184214,130544,119416,78188,53670,42040,41694,65097,48082
2024-08-29T22:00:00Z,162975,118468,104695,71288,44507,37572,37249,53457,38147
2024-08-29T23:00:00Z,157225,113088,103792,70748,44137,36893,36580,52702,38077
2024-08-30T00:00:00Z,177978,110426,120757,69040,67552,38127,37788,84933,69462
2024-08-30T01:00:00Z,190045,116620,132607,70777,73425,41376,41064,99340,81222
2024-08-30T02:00:00Z,167354,123594,108056,74579,43760,42338,42044,67056,48338
2024-08-30T03:00:00Z,177997,123987,113357,70267,54010,38750,38480,62756,44751
2024-08-30T04:00:00Z,157963,114717,103156,70898,43246,37232,36944,54464,37791
2024-08-30T05:00:00Z,170337,126611,108504,74576,43726,41769,41488,59640,40327
2024-08-30T06:00:00Z,202601,144105,127753,82384,58496,50375,50006,81895,58988
2024-08-30T07:00:00Z,198187,155832,118085,86049,42355,54936,54602,69984,46113
2024-08-30T08:00:00Z,208368,163876,121399,89403,44492,58415,58039,74384,49901
2024-08-30T09:00:00Z,217817,164506,130527,91345,53311,58880,58498,81743,56833
2024-08-30T10:00:00Z,212327,157908,124088,89366,54419,55065,54664,75813,50724
2024-08-30T11:00:00Z,206719,157400,121935,88409,49319,54262,53893,70970,47397
2024-08-30T12:00:00Z,256179,160399,173029,91784,95780,56741,56337,115760,92146
2024-08-30T13:00:00Z,237194,172242,145468,95130,64952,61692,61288,97402,71407
2024-08-30T14:00:00Z,229753,184930,135595,103584,44823,65608,65222,81865,56054
2024-08-30T15:00:00Z,232080,177315,138085,97146,54765,61988,61609,87693,61988
2024-08-30T16:00:00Z,212541,165454,126803,93900,47087,57627,57257,76209,52471
2024-08-30T17:00:00Z,205131,156219,118975,87604,48912,54111,53748,72072,47877
2024-08-30T18:00:00Z,210251,147738,132785,84722,62513,51298,50918,84735,64279
2024-08-30T19:00:00Z,188410,142309,118297,83570,46101,46627,46287,62644,43699
2024-08-30T20:00:00Z,179739,130992,114630,77817,48747,42977,42569,62294,44475
2024-08-30T21:00:00Z,174360,117839,113561,71175,56521,37058,36685,61339,45653
2024-08-30T22:00:00Z,152384,105391,99847,65754,46993,32378,32074,49570,35391
2024-08-30T23:00:00Z,143791,98261,96340,64219,45530,30842,30557,47537,33647
2024-08-31T00:00:00Z,160004,96145,112081,63247,63859,29706,29399,74737,61417
2024-08-31T01:00:00Z,167377,93429,121843,61073,73948,29742,29459,87016,73140
2024-08-31T02:00:00Z,131427,89448,90749,58139,41979,27520,27279,51714,38252
2024-08-31T03:00:00Z,154489,98852,102151,56926,55637,27967,27711,53269,38904
2024-08-31T04:00:00Z,133418,90878,89224,56728,42540,28737,28463,46817,32394
2024-08-31T05:00:00Z,141599,96560,95701,59783,45039,30411,30171,49182,34091
2024-08-31T06:00:00Z,165862,104399,111243,63290,61463,33691,33440,67857,50055
2024-08-31T07:00:00Z,154230,110781,101179,67234,43449,35232,34989,52308,34879
2024-08-31T08:00:00Z,158722,116707,105202,71371,42015,37324,37078,56095,39091
2024-08-31T09:00:00Z,167902,117003,113642,71553,50899,37799,37565,62798,45406
2024-08-31T10:00:00Z,159643,117556,108571,73353,42087,38017,37791,56972,40129
2024-08-31T11:00:00Z,158056,119635,107286,75111,38421,38341,38125,53761,37095
2024-08-31T12:00:00Z,229922,125610,175803,80204,104312,40472,40233,102862,85178
2024-08-31T13:00:00Z,193491,129456,135159,80715,64035,43183,42910,81749,62592
2024-08-31T14:00:00Z,181538,138083,118363,85026,43455,46611,46356,64351,43376
2024-08-31T15:00:00Z,188400,136737,124415,82130,51663,45912,45640,72277,52713
2024-08-31T16:00:00Z,173434,132672,112972,80464,40762,44657,44425,62881,44492
2024-08-31T17:00:00Z,168378,128079,112987,80159,40299,42542,42321,57994,40721
2024-08-31T18:00:00Z,181207,122451,127954,77532,58756,39956,39726,74473,57886
2024-08-31T19:00:00Z,155298,113766,106448,71672,41532,35927,35723,51828,36579
2024-08-31T20:00:00Z,150074,108132,105815,69926,41942,32925,32701,51277,37821
2024-08-31T21:00:00Z,143909,95533,102012,61479,48376,29471,29251,52247,39861
2024-08-31T22:00:00Z,125302,85066,88507,56259,40236,25856,25628,41412,30404
2024-08-31T23:00:00Z,121048,81294,87340,55135,39754,25485,25314,40302,29994
2024-09-01T00:00:00Z,142690,80610,96646,54549,62080,24721,24409,63736,51577
2024-09-01T01:00:00Z,168786,83507,124680,57151,85279,26336,26049,89841,76858
2024-09-01T02:00:00Z,137520,86911,89885,57274,50609,25798,25565,54504,41573
2024-09-01T03:00:00Z,158159,97542,104799,59287,60617,25449,25230,52073,39097
2024-09-01T04:00:00Z,136625,91033,93817,60250,45592,26375,26169,44747,32076
2024-09-01T05:00:00Z,138981,94043,95687,60679,44938,28219,28010,47025,33875
2024-09-01T06:00:00Z,164450,105004,114756,66862,59446,32345,32118,66155,51092
2024-09-01T07:00:00Z,153928,109431,101851,67886,44497,34449,34241,50974,35524
2024-09-01T08:00:00Z,158954,113608,104505,69900,45346,36223,35983,54547,38592
2024-09-01T09:00:00Z,167433,113270,110184,68272,54163,37076,36855,61802,45441
2024-09-01T10:00:00Z,166607,119426,110941,74337,47181,37570,37351,57137,40991
2024-09-01T11:00:00Z,165959,119309,109964,74807,46650,38560,38361,54394,37917
2024-09-01T12:00:00Z,228352,122720,169067,76901,105632,41247,40979,104339,86782
2024-09-01T13:00:00Z,204833,132475,137482,80727,72358,44228,43988,83655,64528
2024-09-01T14:00:00Z,186884,139408,120458,85628,47476,47833,47591,65251,45233
2024-09-01T15:00:00Z,195607,136862,128639,84536,58745,46749,46503,74941,54901
2024-09-01T16:00:00Z,180229,133342,117552,84121,46887,45428,45195,65217,46397
2024-09-01T17:00:00Z,172488,129154,113082,81044,43334,43744,43513,60396,42322
2024-09-01T18:00:00Z,189249,127493,129931,80119,61756,42469,42231,76909,59908
2024-09-01T19:00:00Z,163821,116579,109601,74449,47242,37970,37727,54346,39183
2024-09-01T20:00:00Z,157426,109812,106428,70265,47614,35254,35034,54187,39745
2024-09-01T21:00:00Z,154720,100370,106971,64538,54350,31134,30912,55171,42016
2024-09-01T22:00:00Z,136765,90988,93553,59702,45777,27727,27519,43745,32214
2024-09-01T23:00:00Z,133793,88550,92267,58933,45243,28733,28531,44280,32367
2024-09-02T00:00:00Z,170538,98635,106496,59374,71903,30761,30429,74757,59875
2024-09-02T01:00:00Z,192436,110537,124564,65692,81899,36382,36080,91544,74115
2024-09-02T02:00:00Z,162674,111418,99837,66305,51256,37680,37420,63929,45825
2024-09-02T03:00:00Z,178362,113332,107398,63347,65030,36552,36269,61999,44138
2024-09-02T04:00:00Z,159750,105600,95710,62650,54150,35381,35089,54520,37403
2024-09-02T05:00:00Z,173574,120195,103228,68459,53379,40188,39897,59917,40159
2024-09-02T06:00:00Z,208692,142158,123109,77698,66534,49951,49580,82691,58737
2024-09-02T07:00:00Z,214467,159421,119459,84997,55046,55689,55312,72637,47274
2024-09-02T08:00:00Z,222327,166443,120650,87646,55884,59622,59189,77933,51099
2024-09-02T09:00:00Z,234344,173612,129448,90157,60732,60253,59835,84596,57581
2024-09-02T10:00:00Z,220237,163536,122872,88957,56701,56585,56189,76511,51317
2024-09-02T11:00:00Z,217046,165038,123680,90976,52008,57796,57430,73854,49103
2024-09-02T12:00:00Z,265411,167660,170526,93190,97751,61825,61370,119742,93402
2024-09-02T13:00:00Z,251383,182151,150439,100165,69232,65112,64725,101196,73627
2024-09-02T14:00:00Z,238361,186867,137654,105129,51494,67399,67003,84383,56922
2024-09-02T15:00:00Z,239757,178446,142185,101074,61311,63166,62758,89465,63055
2024-09-02T16:00:00Z,229633,180509,124034,93700,49124,56619,56259,76824,52523
2024-09-02T17:00:00Z,215451,165539,122011,89858,49912,53096,52783,70961,48481
2024-09-02T18:00:00Z,218095,148566,139733,90823,69529,51186,50871,86586,64865
2024-09-02T19:00:00Z,195793,141698,121096,86018,54095,46843,46568,65851,45815
2024-09-02T20:00:00Z,187737,135743,118892,84015,51994,42907,42614,63101,45242
2024-09-02T21:00:00Z,176219,115967,113008,72128,60252,37318,37009,61776,45771
2024-09-02T22:00:00Z,157278,106183,99343,66437,51095,33620,33349,51042,36320
2024-09-02T23:00:00Z,155427,107655,97405,66817,47772,34219,33984,49726,35746
2024-09-03T00:00:00Z,174714,110293,116593,67080,64421,37076,36775,82507,66749
2024-09-03T01:00:00Z,192918,120786,133059,72364,72132,41650,41391,97852,79597
2024-09-03T02:00:00Z,165897,123346,106510,73435,42551,41419,41167,64206,45763
2024-09-03T03:00:00Z,182390,126217,115196,71707,56173,39439,39162,63322,44907
2024-09-03T04:00:00Z,159166,114823,102430,69120,44343,38128,37860,54878,38066
2024-09-03T05:00:00Z,178260,129531,107433,73812,48729,43023,42723,61747,41609
2024-09-03T06:00:00Z,209475,151056,128824,83487,58419,53052,52710,85409,60932
2024-09-03T07:00:00Z,212238,166085,121745,88910,46153,58821,58443,75067,48757
2024-09-03T08:00:00Z,228416,179561,129714,97368,48855,62987,62559,80272,53516
2024-09-03T09:00:00Z,239275,183989,133087,94695,55286,63625,63229,85449,58030
2024-09-03T10:00:00Z,218997,169906,128090,93349,49091,59276,58861,77492,52797
2024-09-03T11:00:00Z,221679,173293,129037,94921,48386,60456,60080,75753,50548
2024-09-03T12:00:00Z,277051,180538,182815,101213,96513,65685,65288,123576,96694
2024-09-03T13:00:00Z,238760,179213,143234,96647,59547,67951,67555,99852,72000
2024-09-03T14:00:00Z,242310,196893,137741,106708,45417,73245,72826,88606,59254
2024-09-03T15:00:00Z,247190,191657,142672,104188,55533,69077,68609,93710,64771
2024-09-03T16:00:00Z,235267,187758,135029,103101,47509,65856,65406,84793,57666
2024-09-03T17:00:00Z,224480,178625,130663,98988,45855,62309,61914,78742,53248
2024-09-03T18:00:00Z,226922,165848,140082,92987,61074,59144,58765,92056,68218
2024-09-03T19:00:00Z,208816,158658,125332,90449,50158,54152,53770,70497,48550
2024-09-03T20:00:00Z,204609,153452,123574,87454,51157,50594,50214,69822,48635
2024-09-03T21:00:00Z,200458,134293,119655,78699,66165,43558,43226,71044,48370
2024-09-03T22:00:00Z,184471,121817,104369,70942,62654,38232,37878,62243,38654
2024-09-03T23:00:00Z,162852,117242,103932,71733,45610,37853,37549,53418,38195
2024-09-04T00:00:00Z,190721,119222,120270,71840,71499,39834,39464,86690,67458
2024-09-04T01:00:00Z,200034,123897,135207,75077,76137,43915,43567,100500,81077
2024-09-04T02:00:00Z,170959,123690,107241,72322,47269,42874,42584,68552,48336
2024-09-04T03:00:00Z,183190,125819,113691,70536,57371,41505,41217,66115,46383
2024-09-04T04:00:00Z,162906,116465,103144,69493,46441,39645,39285,57616,39878
2024-09-04T05:00:00Z,180163,130121,107761,73175,50042,43565,43234,62523,42204
2024-09-04T06:00:00Z,207062,150860,124614,81542,56202,54355,53992,84233,59661
2024-09-04T07:00:00Z,217127,170215,123023,89432,46912,60140,59782,75623,49620
2024-09-04T08:00:00Z,226330,178119,127230,93673,48211,64722,64322,81599,54123
2024-09-04T09:00:00Z,233501,177709,131547,93056,55792,64051,63657,86438,58909
2024-09-04T10:00:00Z,218872,171172,127296,93423,47700,60231,59855,78913,53678
2024-09-04T11:00:00Z,221145,173909,128090,94934,47236,61082,60711,76670,51236
2024-09-04T12:00:00Z,266370,179434,169285,96433,86936,64477,64059,120413,92796
2024-09-04T13:00:00Z,243742,184576,145437,99442,59166,68988,68547,101014,72602
2024-09-04T14:00:00Z,242419,196532,135581,105117,45887,73317,72867,88939,59222
2024-09-04T15:00:00Z,243444,189015,139752,101074,54429,70003,69516,93585,64677
2024-09-04T16:00:00Z,230369,182532,130281,97885,47837,66278,65805,84133,57386
2024-09-04T17:00:00Z,223524,177266,124193,93233,46258,62296,61852,77928,52785
2024-09-04T18:00:00Z,237042,175571,140807,93276,61471,59765,59366,91836,68300
2024-09-04T19:00:00Z,214315,165149,126212,91541,49166,54994,54589,70600,48920
2024-09-04T20:00:00Z,198446,151172,119767,85721,47274,50024,49591,68708,49018
2024-09-04T21:00:00Z,189662,133558,117387,76843,56104,43318,42939,66139,48393
2024-09-04T22:00:00Z,172846,120702,105398,70064,52144,38395,37992,56899,40556
2024-09-04T23:00:00Z,162731,114471,102934,69115,48260,38086,37771,54759,39357
2024-09-05T00:00:00Z,194975,121593,124097,70647,73382,39033,38665,87721,70813
2024-09-05T01:00:00Z,205416,126618,135269,71741,78798,42732,42410,100966,82223
2024-09-05T02:00:00Z,175953,127454,109295,74050,48499,43974,43684,69225,49542
2024-09-05T03:00:00Z,184618,127220,113314,70069,57398,41800,41497,65282,46326
2024-09-05T04:00:00Z,161862,115149,101845,68401,46713,39306,38996,56748,39613
2024-09-05T05:00:00Z,178427,130257,108018,73295,48170,43559,43263,64026,42985
2024-09-05T06:00:00Z,207640,149874,126363,82635,57766,53439,53106,83747,59265
2024-09-05T07:00:00Z,215698,169257,123741,91306,46441,58815,58491,74112,47838
2024-09-05T08:00:00Z,225252,176015,128426,95538,49237,62555,62150,79725,52789
2024-09-05T09:00:00Z,228477,173750,130974,92172,54727,62544,62183,84790,58051
2024-09-05T10:00:00Z,216322,167054,127032,92904,49268,58698,58340,77322,52734
2024-09-05T11:00:00Z,217520,169753,125906,92693,47767,59554,59189,74724,50233
2024-09-05T12:00:00Z,249653,164741,162227,91190,84912,61469,61045,114401,89245
2024-09-05T13:00:00Z,247853,184114,149371,100024,63739,67824,67429,100890,73319
2024-09-05T14:00:00Z,246080,198506,138438,106737,47574,72922,72493,88683,59506
2024-09-05T15:00:00Z,247907,194301,143078,104721,53606,68988,68576,92040,64426
2024-09-05T16:00:00Z,232139,184292,131550,99951,47847,65359,64904,83429,57205
2024-09-05T17:00:00Z,228228,178616,130756,97547,49612,62554,62154,78219,53204
2024-09-05T18:00:00Z,232267,169253,142955,95750,63014,58866,58458,91387,68345
2024-09-05T19:00:00Z,208723,159155,124958,89943,49568,53520,53144,70067,49134
2024-09-05T20:00:00Z,201545,151566,123014,86636,49979,50229,49799,69405,49649
2024-09-05T21:00:00Z,189013,133600,117655,77125,55413,43825,43466,66393,48915
2024-09-05T22:00:00Z,169802,121659,105567,70906,48143,38946,38615,55305,39419
2024-09-05T23:00:00Z,159587,116144,101811,69574,43443,38199,37884,53112,38254
2024-09-06T00:00:00Z,180447,114789,118517,70215,65658,38416,38042,82547,66727
2024-09-06T01:00:00Z,191142,118711,130234,70998,72431,42034,41691,96384,78969
2024-09-06T02:00:00Z,168232,124255,105997,72198,43977,42229,41931,67330,48900
2024-09-06T03:00:00Z,183882,130046,113761,71676,53836,40959,40656,65262,46468
2024-09-06T04:00:00Z,166760,121337,103718,70660,45423,39247,38953,57621,40612
2024-09-06T05:00:00Z,175951,132623,106937,73995,43328,42800,42490,62123,42816
2024-09-06T06:00:00Z,209892,151538,128865,83061,58354,52183,51838,84552,61238
2024-09-06T07:00:00Z,213904,168091,122976,89541,45813,57755,57392,73556,48956
2024-09-06T08:00:00Z,227085,180328,127683,94688,46757,61914,61546,79491,54196
2024-09-06T09:00:00Z,227791,177072,130561,93739,50719,62148,61747,84149,58521
2024-09-06T10:00:00Z,221000,175122,127261,93553,45878,59296,58925,78459,55468
2024-09-06T11:00:00Z,208014,162469,123609,90377,45545,55381,55014,70707,47527
2024-09-06T12:00:00Z,266502,167907,177652,93846,98595,59444,59058,118820,94412
2024-09-06T13:00:00Z,237727,175182,146795,96653,62545,64057,63672,98488,72873
2024-09-06T14:00:00Z,230781,187794,134280,103417,42987,68032,67643,83058,56491
2024-09-06T15:00:00Z,231542,178172,138691,99301,53370,64094,63702,87780,62312
2024-09-06T16:00:00Z,212204,167676,127024,95218,44528,59830,59453,77580,53700
2024-09-06T17:00:00Z,211246,162529,128107,93582,48717,55886,55562,70685,48731
2024-09-06T18:00:00Z,221996,157903,141222,91730,64093,53436,53070,85778,64535
2024-09-06T19:00:00Z,194263,148056,119460,84924,46207,48581,48203,64285,44847
2024-09-06T20:00:00Z,188484,139853,117680,81309,48631,45310,44944,62665,44917
2024-09-06T21:00:00Z,180435,124650,115972,74536,55785,39126,38806,62900,46959
2024-09-06T22:00:00Z,157270,110067,101936,67601,47203,33795,33499,51819,37638
2024-09-06T23:00:00Z,140783,100216,95265,64167,40567,32204,31898,46916,34479
2024-09-07T00:00:00Z,161380,94303,114190,61347,67077,29914,29573,78668,66024
2024-09-07T01:00:00Z,170011,92449,126706,61260,77562,29228,28939,89998,77285
2024-09-07T02:00:00Z,130885,90908,90834,58503,39977,28064,27817,50779,37873
2024-09-07T03:00:00Z,150723,100083,102489,60006,50640,28174,27921,51749,38698
2024-09-07T04:00:00Z,135306,95038,94690,61981,40268,28505,28249,44784,32302
2024-09-07T05:00:00Z,140237,98950,97249,62353,41287,29619,29402,46754,33783
2024-09-07T06:00:00Z,159932,105967,112058,66534,53965,33476,33213,63838,49194
2024-09-07T07:00:00Z,156288,116660,99895,67747,39628,35637,35346,50857,34961
2024-09-07T08:00:00Z,157967,116163,103790,70470,41804,37178,36916,55144,38539
2024-09-07T09:00:00Z,169487,121541,111108,71502,47946,37771,37545,60718,44299
2024-09-07T10:00:00Z,159149,118309,106585,72519,40840,37660,37418,55803,39814
2024-09-07T11:00:00Z,159111,118864,104729,71521,40247,37826,37604,52043,36249
2024-09-07T12:00:00Z,229805,123737,172766,75110,106068,40835,40581,100984,83928
2024-09-07T13:00:00Z,190914,128428,133817,78768,62486,43709,43485,80913,62430
2024-09-07T14:00:00Z,178201,138785,119459,86070,39416,47010,46788,63293,43991
2024-09-07T15:00:00Z,187037,137480,126626,84710,49557,47161,46920,72952,53178
2024-09-07T16:00:00Z,177273,136838,118173,85444,40435,46113,45804,65089,45636
2024-09-07T17:00:00Z,172346,134775,112855,81620,37571,43436,43175,58411,40748
2024-09-07T18:00:00Z,178980,125021,126033,79071,53959,41538,41293,73495,56885
2024-09-07T19:00:00Z,155745,117252,107692,75282,38493,37093,36865,51752,36801
2024-09-07T20:00:00Z,153647,113251,107632,72454,40396,35087,34848,51790,38188
2024-09-07T21:00:00Z,150408,104374,107878,68722,46034,31395,31179,52577,40070
2024-09-07T22:00:00Z,129756,91376,92778,60381,38380,27524,27307,42363,31255
2024-09-07T23:00:00Z,124582,86254,91021,59029,38328,27134,26930,40443,30783
2024-09-08T00:00:00Z,147155,89478,105280,58644,57677,26244,25953,68468,57509
2024-09-08T01:00:00Z,165036,91573,126024,61224,73463,27280,27029,88986,76930
2024-09-08T02:00:00Z,129302,90456,89863,57614,38846,26405,26181,52551,41035
2024-09-08T03:00:00Z,147447,99320,102765,61355,48127,27017,26797,49687,37456
2024-09-08T04:00:00Z,130359,93524,92308,61169,36835,27796,27586,42895,31452
2024-09-08T05:00:00Z,135662,97404,95221,62447,38258,29160,28938,46160,33410
2024-09-08T06:00:00Z,157919,105647,113351,67680,52272,33465,33231,63453,49019
2024-09-08T07:00:00Z,150656,111615,103385,69955,39041,35748,35519,50163,35115
2024-09-08T08:00:00Z,157397,116876,106433,72657,40521,38463,38189,55705,39676
2024-09-08T09:00:00Z,169890,120323,114587,73654,49567,39146,38844,61980,45510
2024-09-08T10:00:00Z,159264,118618,107901,73378,40646,39559,39283,57329,41242
2024-09-08T11:00:00Z,160132,121803,105542,72605,38329,39848,39634,54397,37797
2024-09-08T12:00:00Z,233622,131331,170570,76203,102291,44316,44082,105152,86736
2024-09-08T13:00:00Z,199895,140047,134309,81389,59848,47350,47109,84072,64300
2024-09-08T14:00:00Z,187076,148476,120137,88084,38600,49938,49688,66412,45940
2024-09-08T15:00:00Z,193380,144686,128105,87882,48694,49628,49385,75313,54769
2024-09-08T16:00:00Z,181687,141733,119685,87886,39954,48047,47813,66236,46881
2024-09-08T17:00:00Z,175355,137373,116721,85529,37982,46037,45820,62285,42765
2024-09-08T18:00:00Z,193081,135810,132131,83269,57271,44715,44475,79450,60499
2024-09-08T19:00:00Z,165326,123250,112536,78457,42076,40015,39802,55244,39400
2024-09-08T20:00:00Z,159978,118310,112282,76657,41668,37335,37113,55213,40617
2024-09-08T21:00:00Z,156902,109969,111447,71640,46933,33725,33499,55162,42111
2024-09-08T22:00:00Z,134880,96288,95510,63596,38592,29662,29450,44351,32515
2024-09-08T23:00:00Z,133914,97343,93716,64285,36571,30732,30535,44429,32911
2024-09-09T00:00:00Z,174943,103505,115968,67624,71438,33074,32755,79071,63720
2024-09-09T01:00:00Z,193459,109887,131132,69117,83572,38933,38655,98077,79724
2024-09-09T02:00:00Z,169062,117135,102541,69514,51927,40253,39967,67667,48410
2024-09-09T03:00:00Z,187525,122766,114064,70457,64759,40219,39944,64800,45743
2024-09-09T04:00:00Z,168163,113307,103561,69078,54856,37732,37454,56127,38829
2024-09-09T05:00:00Z,180115,128116,108796,74647,51999,42145,41832,61511,41175
2024-09-09T06:00:00Z,214790,149930,127534,83003,64860,52820,52495,85481,60678
2024-09-09T07:00:00Z,224344,170809,125768,92264,53535,59089,58638,74213,47960
2024-09-09T08:00:00Z,236739,182790,129581,97906,53949,63421,62992,80865,53000
2024-09-09T09:00:00Z,239663,178655,134588,96212,61008,63671,63290,87095,59052
2024-09-09T10:00:00Z,227116,171798,129596,95682,55318,59706,59311,79341,52880
2024-09-09T11:00:00Z,230195,171772,129553,94118,58423,61367,60988,77828,51320
2024-09-09T12:00:00Z,277904,177605,173303,96532,100299,65559,65147,123636,95459
2024-09-09T13:00:00Z,265011,193538,153283,103137,71473,71002,70572,105299,76019
2024-09-09T14:00:00Z,259329,206316,142692,110850,53013,75759,75312,91851,61204
2024-09-09T15:00:00Z,259237,196657,148954,107916,62580,71532,71078,96474,66952
2024-09-09T16:00:00Z,244915,186672,137702,104044,58243,66780,66295,87658,59599
2024-09-09T17:00:00Z,230779,174891,131143,98209,55888,60798,60392,80156,54364
2024-09-09T18:00:00Z,240122,166673,145419,96316,73449,58651,58203,93792,69486
2024-09-09T19:00:00Z,225542,161058,130381,92630,64484,54517,54127,73909,51050
2024-09-09T20:00:00Z,225162,153457,129512,90330,71705,50774,50355,74696,51292
2024-09-09T21:00:00Z,209122,137967,126357,82413,71155,44653,44293,69190,49834
2024-09-09T22:00:00Z,189314,126277,113075,75724,63037,39904,39527,58805,41190
2024-09-09T23:00:00Z,179370,120770,110772,76138,58600,39201,38831,55301,39721
2024-09-10T00:00:00Z,195038,122818,129739,76738,72220,40191,39835,88231,71683
2024-09-10T01:00:00Z,210058,131537,142076,78936,78521,44739,44403,103284,84077
2024-09-10T02:00:00Z,182208,131463,115395,79698,50745,44332,44047,71300,51246
2024-09-10T03:00:00Z,192535,134928,120708,77863,57607,42007,41710,66474,46719
2024-09-10T04:00:00Z,170900,123769,107938,74875,47131,40102,39803,58796,40507
2024-09-10T05:00:00Z,184153,136448,114844,80408,47705,44030,43736,63117,42610
2024-09-10T06:00:00Z,216497,156189,136037,89829,60308,53972,53609,85615,61052
2024-09-10T07:00:00Z,219161,171243,126881,93531,47918,60245,59877,75425,48992
2024-09-10T08:00:00Z,232647,183501,132349,100279,49146,64684,64275,81545,53916
2024-09-10T09:00:00Z,245900,191087,143498,104745,54813,65036,64640,87420,59804
2024-09-10T10:00:00Z,226470,178332,134077,100536,48138,60733,60346,78746,53365
2024-09-10T11:00:00Z,229329,181892,135134,102509,47437,62286,61930,77924,51564
2024-09-10T12:00:00Z,165969,114098,106136,64301,51871,48869,48522,85308,64296
2024-09-10T13:00:00Z,216763,165136,126784,88473,51627,64998,64595,90712,63000
2024-09-10T14:00:00Z,207395,169223,117494,91707,38172,67263,66816,81784,54305
2024-09-10T15:00:00Z,176673,139393,102348,76810,37280,58362,57984,74667,49882
2024-09-10T16:00:00Z,235223,186670,137904,104776,48553,66467,66008,84885,58217
2024-09-10T17:00:00Z,224923,175009,130470,97454,49914,62617,62192,79881,53588
2024-09-10T18:00:00Z,233516,172028,140813,94117,61488,60366,59902,92094,69001
2024-09-10T19:00:00Z,208075,158654,123434,89579,49421,55390,54993,71161,49345
2024-09-10T20:00:00Z,208491,157007,126142,90776,51484,52408,51983,71016,50640
2024-09-10T21:00:00Z,194239,139323,122669,82206,54916,45020,44681,67887,49457
2024-09-10T22:00:00Z,171608,121917,106164,72042,49691,38592,38289,55164,39109
2024-09-10T23:00:00Z,165915,117865,106486,71261,48050,38802,38510,54121,38884
2024-09-11T00:00:00Z,190999,123702,124584,72964,67297,40342,39988,83632,66969
2024-09-11T01:00:00Z,200462,126783,135587,75305,73679,43252,42915,97339,79307
2024-09-11T02:00:00Z,172296,125722,109800,74596,46574,43191,42893,68445,49156
2024-09-11T03:00:00Z,185367,131408,115908,74762,53959,42185,41886,66653,46376
2024-09-11T04:00:00Z,160996,120837,101052,71228,40159,40319,40026,57474,39976
2024-09-11T05:00:00Z,174624,131279,107852,75805,43345,44362,44087,62272,42369
2024-09-11T06:00:00Z,210090,153505,128671,84166,56585,54373,54014,86823,61828
2024-09-11T07:00:00Z,216107,170537,124422,92794,45570,59900,59536,75278,49227
2024-09-11T08:00:00Z,231058,182542,131006,98487,48516,64480,64086,81937,54554
2024-09-11T09:00:00Z,231965,176977,134126,95057,54988,63266,62881,85246,58124
2024-09-11T10:00:00Z,228476,174929,133265,95748,53547,60894,60503,80283,55016
2024-09-11T11:00:00Z,220724,172199,128962,95417,48525,60660,60280,76277,50786
2024-09-11T12:00:00Z,275118,181928,177079,99473,93190,66052,65649,123482,96282
2024-09-11T13:00:00Z,249235,187221,149263,100827,62014,69573,69166,103182,74706
2024-09-11T14:00:00Z,146759,120577,82707,65142,26182,54830,54439,65750,42269
2024-09-11T15:00:00Z,228529,179876,130292,97580,48653,67780,67374,86895,59369
2024-09-11T16:00:00Z,237906,188891,137903,105454,49015,67075,66629,85218,58559
2024-09-11T17:00:00Z,229612,181771,132482,100516,47841,62319,61850,77965,53271
2024-09-11T18:00:00Z,242768,171610,145987,97341,71158,60247,59821,94257,69252
2024-09-11T19:00:00Z,221131,167922,134479,97569,53209,55961,55588,72711,50259
2024-09-11T20:00:00Z,208920,156970,129146,91350,51950,51712,51335,70685,50328
2024-09-11T21:00:00Z,195260,139405,123553,82268,55855,44989,44588,68419,49717
2024-09-11T22:00:00Z,179687,127159,110463,76636,52528,39511,39167,57564,40528
2024-09-11T23:00:00Z,173942,121567,107369,75124,52375,38836,38503,56689,39591
2024-09-12T00:00:00Z,190416,123909,124594,77954,66507,40126,39724,84132,67219
2024-09-12T01:00:00Z,204381,127667,136240,77023,76714,44159,43799,100563,80435
2024-09-12T02:00:00Z,183013,129587,114355,76662,53426,43667,43331,70171,50236
2024-09-12T03:00:00Z,198627,134575,119666,73505,64052,42436,42123,67650,46828
2024-09-12T04:00:00Z,175296,124828,109784,74469,50468,40405,40105,58856,41042
2024-09-12T05:00:00Z,187690,137179,115409,78234,50511,44640,44329,63868,43521
2024-09-12T06:00:00Z,221664,156705,135112,86336,64959,55048,54697,87793,62677
2024-09-12T07:00:00Z,227400,176124,131307,95703,51276,61148,60805,76859,50834
2024-09-12T08:00:00Z,238778,190135,134281,101639,48643,66103,65672,83995,56216
2024-09-12T09:00:00Z,247126,193486,143662,104877,53640,66363,65954,89274,62095
2024-09-12T10:00:00Z,224190,176068,130327,97812,48122,61281,60879,79549,55225
2024-09-12T11:00:00Z,225314,176358,133392,100092,48956,61218,60805,76494,51134
2024-09-12T12:00:00Z,277243,182208,182012,102589,95035,66144,65711,122840,95995
2024-09-12T13:00:00Z,255638,191796,152710,102964,63842,69674,69263,102604,74606
2024-09-12T14:00:00Z,229076,185079,130149,100072,43997,70364,69937,85421,57408
2024-09-12T15:00:00Z,244991,190195,143333,103524,54796,69555,69108,92330,64859
2024-09-12T16:00:00Z,233119,185837,133855,101387,47282,66453,66040,85855,58388
2024-09-12T17:00:00Z,225024,176562,132558,100257,48462,62156,61707,79163,53924
2024-09-12T18:00:00Z,235529,173036,142591,96451,62493,59449,59010,93541,69552
2024-09-12T19:00:00Z,211699,158261,126544,92410,53438,53960,53560,72108,49535
2024-09-12T20:00:00Z,201070,149917,124011,87523,51153,50574,50185,70061,50237
2024-09-12T21:00:00Z,194973,137368,122951,80329,57605,44566,44202,67990,50004
2024-09-12T22:00:00Z,169943,119971,107805,72164,49972,38476,38149,55062,39467
2024-09-12T23:00:00Z,162629,116345,104988,71252,46284,37326,37043,52657,38322
2024-09-13T00:00:00Z,190040,121535,125986,73719,68505,38713,38376,85556,68930
2024-09-13T01:00:00Z,198171,122330,137182,74392,75841,42289,41955,99505,81681
2024-09-13T02:00:00Z,168801,123217,106329,71846,45584,42584,42298,68666,49609
2024-09-13T03:00:00Z,184276,129446,115552,73317,54830,40891,40608,64437,45815
2024-09-13T04:00:00Z,119738,88275,78302,54533,31463,31331,31090,46295,32902
2024-09-13T05:00:00Z,170381,126917,106451,73242,43464,42912,42607,61069,41354
2024-09-13T06:00:00Z,208832,149245,131496,84471,59587,53917,53564,85615,62063
2024-09-13T07:00:00Z,212969,166460,125378,91499,46509,59860,59510,74983,48408
2024-09-13T08:00:00Z,224729,176416,128930,95002,48313,60808,60419,78135,52821
2024-09-13T09:00:00Z,229236,172579,135576,94901,56657,61151,60764,83608,57866
2024-09-13T10:00:00Z,215870,166190,129416,93715,49680,57465,57064,76326,52985
2024-09-13T11:00:00Z,212737,165504,126754,92783,47233,56937,56551,72347,49159
2024-09-13T12:00:00Z,266654,170247,178242,96254,96407,60418,60029,119343,94750
2024-09-13T13:00:00Z,247687,183078,153326,102313,64609,66037,65648,100970,74491
2024-09-13T14:00:00Z,240594,196850,142039,110583,43744,69259,68856,85004,58001
2024-09-13T15:00:00Z,244025,190521,146726,107310,53504,65860,65427,90504,64145
2024-09-13T16:00:00Z,229145,180613,136519,102218,48532,60450,60055,80059,55428
2024-09-13T17:00:00Z,212609,165957,129137,95116,46652,56494,56130,72824,50457
2024-09-13T18:00:00Z,214662,152624,136921,88374,62038,53008,52638,85987,65474
2024-09-13T19:00:00Z,191740,142949,118117,82730,48791,48437,48067,64330,45413
2024-09-13T20:00:00Z,183714,135182,115875,79411,48532,44595,44232,62497,45187
2024-09-13T21:00:00Z,173271,120890,112061,72370,52381,38057,37723,60286,44423
2024-09-13T22:00:00Z,152764,109859,98116,65826,42905,33131,32839,49045,35390
2024-09-13T23:00:00Z,138558,100395,91919,62181,38163,31680,31407,45965,33567
2024-09-14T00:00:00Z,162180,97563,113822,62545,64617,31263,30933,78551,65543
2024-09-14T01:00:00Z,173511,99069,125350,62327,74442,33593,33288,92126,77428
2024-09-14T02:00:00Z,139604,97356,91595,58155,42248,33006,32738,57525,41552
2024-09-14T03:00:00Z,158083,106848,102451,60000,51235,32508,32260,55944,40051
2024-09-14T04:00:00Z,134441,94104,89482,56563,40337,29813,29573,46257,32739
2024-09-14T05:00:00Z,140298,98840,94509,59965,41458,32483,32246,50257,35051
2024-09-14T06:00:00Z,169688,114686,114010,67644,55002,38525,38268,71055,52645
2024-09-14T07:00:00Z,158687,119584,102374,70606,39103,40391,40154,55737,37085
2024-09-14T08:00:00Z,161118,122438,103475,71673,38680,42448,42178,60112,40993
2024-09-14T09:00:00Z,172666,125098,112774,73427,47568,42878,42597,66215,46912
2024-09-14T10:00:00Z,158161,118107,104784,71245,40054,40537,40291,58889,41442
2024-09-14T11:00:00Z,159079,119671,107130,73632,39408,39343,39125,54549,37638
2024-09-14T12:00:00Z,224007,121973,170133,76223,102034,40996,40753,101587,84233
2024-09-14T13:00:00Z,191756,128622,134030,78314,63134,43882,43667,81979,62943
2024-09-14T14:00:00Z,175977,135786,117358,83800,40191,47106,46875,63395,43846
2024-09-14T15:00:00Z,186376,135343,124935,82858,51033,46668,46411,72417,52604
2024-09-14T16:00:00Z,172048,131165,113088,80372,40883,45592,45344,64283,45304
2024-09-14T17:00:00Z,164296,126585,109435,78085,37711,43654,43417,59274,41678
2024-09-14T18:00:00Z,177186,121876,124014,76795,55310,41909,41668,73491,57570
2024-09-14T19:00:00Z,158399,117264,104929,71081,41135,37562,37324,52251,37397
2024-09-14T20:00:00Z,154418,112481,103031,67838,41937,34760,34523,52275,38629
2024-09-14T21:00:00Z,144704,97184,102125,61889,47520,30819,30611,52125,39906
2024-09-14T22:00:00Z,138345,99770,96119,63638,38575,27741,27521,41987,31057
2024-09-14T23:00:00Z,121156,83810,88804,56807,37346,27747,27548,40677,30846
2024-09-15T00:00:00Z,135007,80527,97155,53591,54480,26239,25932,66296,55289
2024-09-15T01:00:00Z,153682,79590,119769,53469,74092,27035,26765,88884,78147
2024-09-15T02:00:00Z,118389,81135,82615,52334,37254,26148,25936,52295,40352
2024-09-15T03:00:00Z,138519,91130,94831,54301,47389,26218,26007,49050,37312
2024-09-15T04:00:00Z,120122,83400,85210,54024,36722,26875,26665,42585,30779
2024-09-15T05:00:00Z,129600,90156,90562,56709,39444,28727,28520,45365,32891
2024-09-15T06:00:00Z,155347,100689,107805,60117,54658,32747,32499,64113,50134
2024-09-15T07:00:00Z,146452,106688,100538,66874,39764,34164,33934,48993,34049
2024-09-15T08:00:00Z,155170,114476,102640,69438,40694,36664,36430,54146,38221
2024-09-15T09:00:00Z,167410,119050,112791,73015,48360,37314,37089,60142,44027
2024-09-15T10:00:00Z,153633,113047,104801,70364,40586,38035,37803,55966,39965
2024-09-15T11:00:00Z,155572,116988,105424,72332,38584,38939,38729,53718,37392
2024-09-15T12:00:00Z,221263,123509,167916,77910,97754,41613,41366,101927,84868
2024-09-15T13:00:00Z,192172,131706,135477,81414,60466,44718,44440,82494,63632
2024-09-15T14:00:00Z,183381,143667,120889,87864,39714,48443,48192,64608,44884
2024-09-15T15:00:00Z,197331,146088,129208,87060,51243,48336,48088,73657,53593
2024-09-15T16:00:00Z,181193,139447,118330,85761,41746,48421,48162,67337,47236
2024-09-15T17:00:00Z,175113,135642,116787,84369,39471,46662,46438,62325,43731
2024-09-15T18:00:00Z,187249,130395,130396,81983,56854,45784,45506,79425,61370
2024-09-15T19:00:00Z,163843,122495,110739,76560,41348,40878,40630,56729,40331
2024-09-15T20:00:00Z,157714,115792,109723,74394,41922,37925,37679,56272,41283
2024-09-15T21:00:00Z,153099,105468,108285,68677,47631,33511,33292,55896,42444
2024-09-15T22:00:00Z,134249,94680,93115,61358,39569,29544,29326,44935,32911
2024-09-15T23:00:00Z,130209,90579,92420,60128,39630,29723,29511,43964,32851
2024-09-16T00:00:00Z,165832,94325,108732,62122,71507,29874,29525,74004,59456
2024-09-16T01:00:00Z,183381,96775,127486,63839,86606,32273,31933,93623,78864
2024-09-16T02:00:00Z,152664,96235,93033,60172,56429,32299,32024,60599,44744
2024-09-16T03:00:00Z,173385,106229,104571,61898,67156,32538,32250,58632,42721
2024-09-16T04:00:00Z,159484,102917,96137,62914,56567,33602,33300,52857,36348
2024-09-16T05:00:00Z,164624,112193,99940,66800,52431,36379,36096,55840,37933
2024-09-16T06:00:00Z,196775,129326,118112,73713,67449,44297,43989,76692,55855
2024-09-16T07:00:00Z,206783,151373,115153,81457,55410,50995,50633,68419,45394
2024-09-16T08:00:00Z,219431,161195,120312,86491,58236,54880,54473,74819,50385
2024-09-16T09:00:00Z,230947,165280,129550,89704,65667,56478,56005,81278,56547
2024-09-16T10:00:00Z,222179,162606,126614,90986,59573,55802,55382,76725,52541
2024-09-16T11:00:00Z,226661,167010,127032,92265,59651,57662,57304,75943,50430
2024-09-16T12:00:00Z,276073,176810,173222,98585,99263,63109,62650,120741,93935
2024-09-16T13:00:00Z,264324,190606,153683,103117,73718,68539,68106,104563,75766
2024-09-16T14:00:00Z,259957,204464,142389,109496,55493,72727,72291,90544,60538
2024-09-16T15:00:00Z,257299,195023,146014,106313,62276,69474,68998,95171,66269
2024-09-16T16:00:00Z,239301,181725,133283,100307,57576,65218,64758,86600,58660
2024-09-16T17:00:00Z,225823,171170,127512,94475,54653,61225,60831,79736,53974
2024-09-16T18:00:00Z,235849,164853,141452,93559,70996,58527,58086,93535,69026
2024-09-16T19:00:00Z,222235,163933,129619,93729,58302,55294,54873,73799,50620
2024-09-16T20:00:00Z,214589,153613,124106,87490,60976,51601,51165,72672,50346
2024-09-16T21:00:00Z,177881,134496,98385,75480,43385,45352,44973,63844,44483
2024-09-16T22:00:00Z,183834,119618,110383,69949,64216,38903,38474,58045,40796
2024-09-16T23:00:00Z,172563,117716,104517,70765,54847,38469,38132,54859,38818
2024-09-17T00:00:00Z,191486,112667,132015,69989,78819,38035,37666,94228,78523
2024-09-17T01:00:00Z,186780,108735,131288,66397,78045,36968,36628,95157,79697
2024-09-17T02:00:00Z,154174,106953,101449,66065,47221,35605,35320,53184,37683
2024-09-17T03:00:00Z,170534,115533,107669,66251,55001,35437,35164,59850,43268
2024-09-17T04:00:00Z,157266,111877,101384,67644,45389,36026,35745,53542,37279
2024-09-17T05:00:00Z,165757,116258,103425,68813,49499,38037,37749,56893,39329
2024-09-17T06:00:00Z,190953,132555,118574,74269,58398,45380,45048,75880,55278
2024-09-17T07:00:00Z,199871,153149,116518,83338,46722,52013,51671,68081,45290
2024-09-17T08:00:00Z,210888,163106,121902,89446,47782,56489,56083,73567,49853
2024-09-17T09:00:00Z,218849,165577,129985,91625,53272,57485,57096,79199,55067
2024-09-17T10:00:00Z,217578,164016,127716,91733,53562,56532,56142,76448,51882
2024-09-17T11:00:00Z,230478,177054,134416,99884,53424,59308,58937,76449,50977
2024-09-17T12:00:00Z,277979,181976,180308,102464,96003,64818,64397,121975,95507
2024-09-17T13:00:00Z,265697,198573,161119,109151,67124,71168,70762,107215,77959
2024-09-17T14:00:00Z,254808,204897,145831,112696,49911,75049,74620,90903,61782
2024-09-17T15:00:00Z,256565,199253,149361,109406,57312,71234,70790,94851,66998
2024-09-17T16:00:00Z,234683,186167,137089,104197,48516,66657,66257,85246,58462
2024-09-17T17:00:00Z,228419,181108,135231,102496,47311,62232,61856,78922,54049
2024-09-17T18:00:00Z,234580,167835,143914,96662,66745,60471,60060,93324,68696
2024-09-17T19:00:00Z,218549,157043,125861,90387,61506,54749,54357,74472,49252
2024-09-17T20:00:00Z,205688,148374,121085,84294,57314,52237,51849,72294,49988
2024-09-17T21:00:00Z,196611,136011,120340,79274,60600,44990,44627,68396,49309
2024-09-17T22:00:00Z,171265,117828,103282,68724,53437,39046,38700,57485,39931
2024-09-17T23:00:00Z,164303,116459,101517,69474,47844,38608,38303,55614,39346
2024-09-18T00:00:00Z,180325,113437,115319,68038,66888,38526,38165,82708,65711
2024-09-18T01:00:00Z,196320,118667,130240,71840,77653,42911,42546,98639,78586
2024-09-18T02:00:00Z,178586,124571,107660,72793,54015,44072,43765,72836,51066
2024-09-18T03:00:00Z,188184,128274,114748,72722,59910,41388,41098,66934,46194
2024-09-18T04:00:00Z,166779,119676,102356,69432,47103,39222,38935,58572,39801
2024-09-18T05:00:00Z,177392,124433,106026,71324,52959,42748,42441,62688,42067
2024-09-18T06:00:00Z,210006,149917,127100,81337,60089,53135,52785,85467,60451
2024-09-18T07:00:00Z,218135,170323,123786,91050,47812,60070,59699,76478,49997
2024-09-18T08:00:00Z,236877,188332,133963,100928,48545,65848,65439,84037,56227
2024-09-18T09:00:00Z,238707,186580,136494,99543,52127,64960,64562,87349,60168
2024-09-18T10:00:00Z,225467,178705,130941,96829,46762,62580,62166,81446,56152
2024-09-18T11:00:00Z,230010,182710,132841,99117,47300,64444,64060,79823,54177
2024-09-18T12:00:00Z,282724,188955,180428,102203,93769,68769,68345,127057,99957
2024-09-18T13:00:00Z,261388,196900,156292,105956,64488,72872,72457,107053,77874
2024-09-18T14:00:00Z,252390,206222,141957,110271,46168,76565,76151,92419,61951
2024-09-18T15:00:00Z,254183,200204,147843,108834,53979,72012,71619,95677,66773
2024-09-18T16:00:00Z,236321,188358,137319,105072,47963,66627,66217,85156,58390
2024-09-18T17:00:00Z,228143,182447,133165,100943,45696,63911,63526,80547,54049
2024-09-18T18:00:00Z,232965,170469,143414,97069,62496,60748,60380,93043,68936
2024-09-18T19:00:00Z,212280,161193,124371,90822,51087,55644,55292,71764,49893
2024-09-18T20:00:00Z,203564,152516,122794,86565,51048,51799,51434,71035,50276
2024-09-18T21:00:00Z,196830,139327,117707,77711,57503,45407,45040,67251,49049
2024-09-18T22:00:00Z,170878,122603,104605,71664,48275,39772,39432,56055,39572
2024-09-18T23:00:00Z,163786,117227,104402,72587,46559,38717,38426,53208,38421
2024-09-19T00:00:00Z,181934,122190,121578,75895,59744,40027,39674,82354,65899
2024-09-19T01:00:00Z,188518,119983,127162,70530,68535,43571,43224,95711,77324
2024-09-19T02:00:00Z,178141,132480,112114,78968,45661,44639,44345,70840,51249
2024-09-19T03:00:00Z,189805,132092,118371,76026,57713,42476,42186,65727,46144
2024-09-19T04:00:00Z,166499,121742,105175,73279,44757,40158,39880,57147,39636
2024-09-19T05:00:00Z,179988,130753,109941,76130,49235,44042,43762,62960,42306
2024-09-19T06:00:00Z,213670,154229,130612,84812,59441,54719,54354,87546,61945
2024-09-19T07:00:00Z,215667,170395,124398,91862,45272,61148,60787,75858,49212
2024-09-19T08:00:00Z,227313,182878,128172,97732,44435,65801,65398,82394,54124
2024-09-19T09:00:00Z,234813,182793,135553,97840,52020,66391,66008,87642,59824
2024-09-19T10:00:00Z,221539,174250,128341,95085,47289,61792,61378,80345,54650
2024-09-19T11:00:00Z,222334,176083,130230,97008,46251,63056,62636,78510,52535
2024-09-19T12:00:00Z,274157,181745,178947,100935,92412,67384,66972,125149,98269
2024-09-19T13:00:00Z,259988,194624,157528,106526,65364,71693,71287,106617,77653
2024-09-19T14:00:00Z,248668,203128,141637,110290,45540,75211,74791,92058,61963
2024-09-19T15:00:00Z,251893,198549,148769,109365,53344,72131,71699,96020,67043
2024-09-19T16:00:00Z,240250,183684,134609,101884,56566,66743,66325,88328,58962
2024-09-19T17:00:00Z,221551,176621,129761,97880,44930,63127,62712,79158,53875
2024-09-19T18:00:00Z,235483,173214,147197,99920,62269,60049,59632,93694,69681
2024-09-19T19:00:00Z,205652,154764,124816,89473,50888,53905,53515,70563,48918
2024-09-19T20:00:00Z,201148,151857,125023,88343,49291,50900,50521,69563,49534
2024-09-19T21:00:00Z,192290,133808,123118,78852,58482,44245,43853,66852,48956
2024-09-19T22:00:00Z,175000,122791,113615,74378,52209,39269,38950,56221,39740
2024-09-19T23:00:00Z,168044,120014,110788,74402,48030,38375,38089,54177,39254
2024-09-20T00:00:00Z,181997,116798,122060,72441,65199,38697,38342,81578,65573
2024-09-20T01:00:00Z,193372,120758,132799,73741,72614,42530,42197,97037,78820
2024-09-20T02:00:00Z,171714,125317,108392,74492,46397,42314,42023,69794,50408
2024-09-20T03:00:00Z,190016,135385,119141,76216,54631,41712,41410,65679,46062
2024-09-20T04:00:00Z,161196,116985,101973,68982,44211,39521,39238,57465,39571
2024-09-20T05:00:00Z,176771,130788,110913,76422,45983,43376,43060,61905,42163
2024-09-20T06:00:00Z,211018,149416,129693,83482,61602,53001,52678,84795,60440
2024-09-20T07:00:00Z,210974,166879,121738,89163,44095,58655,58321,74012,48171
2024-09-20T08:00:00Z,219988,174101,126125,93863,45887,62464,62073,79685,52596
2024-09-20T09:00:00Z,226033,176344,131268,94430,49689,63031,62661,85273,58429
2024-09-20T10:00:00Z,216744,169462,128109,93689,47282,58477,58097,76923,52975
2024-09-20T11:00:00Z,214472,168619,127052,93010,45853,58463,58108,74391,50035
2024-09-20T12:00:00Z,264449,172075,175498,97326,92374,61645,61236,118755,93443
2024-09-20T13:00:00Z,255134,187477,156205,103813,67657,66435,66044,101368,74528
2024-09-20T14:00:00Z,240607,193031,141293,106811,47576,70090,69699,86625,58771
2024-09-20T15:00:00Z,238312,182742,142332,102025,55570,65320,64926,90273,63692
2024-09-20T16:00:00Z,223818,171705,134360,98685,52113,60630,60272,80385,56144
2024-09-20T17:00:00Z,217181,168053,133601,97501,49128,57212,56858,75423,51816
2024-09-20T18:00:00Z,221684,155354,139991,89753,66330,53932,53574,87435,66030
2024-09-20T19:00:00Z,194869,143839,118775,83725,51030,48167,47836,64810,44998
2024-09-20T20:00:00Z,189149,140119,119737,83571,49030,45524,45173,63760,45937
2024-09-20T21:00:00Z,181752,126059,115876,74306,55693,39866,39515,62316,45893
2024-09-20T22:00:00Z,153025,107297,98336,65116,45728,33741,33441,50416,36143
2024-09-20T23:00:00Z,142823,99441,95947,63586,43382,32079,31820,47319,34488
2024-09-21T00:00:00Z,156780,94972,108279,60920,61808,30631,30314,73268,60421
2024-09-21T01:00:00Z,164617,94989,117073,59223,69628,30629,30324,84516,70933
2024-09-21T02:00:00Z,135380,91007,91303,56806,44373,29458,29170,55462,41815
2024-09-21T03:00:00Z,153330,102502,101310,59135,50828,30264,30030,53438,39048
2024-09-21T04:00:00Z,136936,97820,93080,61381,39116,30730,30449,47275,33163
2024-09-21T05:00:00Z,143130,104176,97866,65667,38954,31974,31736,49701,34643
2024-09-21T06:00:00Z,178046,112298,115468,68137,65748,35862,35607,71388,51520
2024-09-21T07:00:00Z,160701,115287,103727,69541,45414,38182,37955,55289,36259
2024-09-21T08:00:00Z,165823,121255,108097,73369,44568,39962,39724,58399,39929
2024-09-21T09:00:00Z,179139,126899,117218,75539,52240,40198,39957,64105,45410
2024-09-21T10:00:00Z,166253,120769,109999,73465,45484,40101,39875,59511,41700
2024-09-21T11:00:00Z,166288,123155,109523,74399,43133,40678,40467,56996,38668
2024-09-21T12:00:00Z,232626,128436,171061,78711,104190,43097,42861,105496,86591
2024-09-21T13:00:00Z,199974,136370,137567,82980,63604,45284,45079,83126,63150
2024-09-21T14:00:00Z,183413,140602,120203,85522,42811,48946,48718,66334,45098
2024-09-21T15:00:00Z,189147,138838,124666,83674,50309,48065,47840,74823,52699
2024-09-21T16:00:00Z,178750,136480,117082,83637,42270,46970,46715,65519,45679
2024-09-21T17:00:00Z,171293,131633,113926,81694,39660,45088,44864,61303,42304
2024-09-21T18:00:00Z,189783,129264,132596,82741,60519,43315,43029,77037,59384
2024-09-21T19:00:00Z,164981,122412,114808,79844,42569,38465,38220,53410,37723
2024-09-21T20:00:00Z,160036,116082,113658,76378,43954,35451,35226,53202,39045
2024-09-21T21:00:00Z,152097,99975,106693,64277,52122,31531,31309,53583,40401
2024-09-21T22:00:00Z,133793,91654,96127,60549,42139,27521,27313,42759,31518
2024-09-21T23:00:00Z,130003,87579,94719,59084,42424,27768,27576,41347,31199
2024-09-22T00:00:00Z,142397,86266,103773,58431,56131,26672,26400,63187,52166
2024-09-22T01:00:00Z,162646,88442,125852,60003,74204,28094,27868,86726,75135
2024-09-22T02:00:00Z,127858,87221,88637,57415,40637,26790,26582,53008,40818
2024-09-22T03:00:00Z,145134,97974,99198,58998,47160,27897,27690,51184,38199
2024-09-22T04:00:00Z,127972,93294,88519,59395,34678,28784,28574,45265,32816
2024-09-22T05:00:00Z,136254,99121,96397,64498,37133,30321,30085,47503,33816
2024-09-22T06:00:00Z,160311,104928,112887,66122,55383,33806,33554,64176,49035
2024-09-22T07:00:00Z,150059,109861,102939,67922,40198,36031,35820,51190,35171
2024-09-22T08:00:00Z,162846,119554,109563,72979,43292,38582,38351,56704,39751
2024-09-22T09:00:00Z,169781,119813,116424,73380,49968,39621,39400,62258,45449
2024-09-22T10:00:00Z,166693,124310,112473,76141,42383,39878,39631,58024,41131
2024-09-22T11:00:00Z,169389,129352,113272,78705,40037,41434,41234,56563,38957
2024-09-22T12:00:00Z,231106,131830,170403,80699,99276,44001,43773,105866,86437
2024-09-22T13:00:00Z,201037,140412,139360,86316,60625,47647,47428,85523,65032
2024-09-22T14:00:00Z,187685,150162,122620,91392,37523,51664,51425,67521,46560
2024-09-22T15:00:00Z,199120,151254,133308,93301,47866,51530,51282,76737,55125
2024-09-22T16:00:00Z,184687,145349,123591,91577,39338,49312,49091,68025,48088
2024-09-22T17:00:00Z,175529,139087,116977,86446,36442,47521,47286,63068,44124
2024-09-22T18:00:00Z,195856,136939,132886,84939,58917,46091,45855,78564,60795
2024-09-22T19:00:00Z,168845,127818,115186,81395,41027,41798,41598,57484,40750
2024-09-22T20:00:00Z,161800,120077,112764,77110,41723,38786,38562,57403,42168
2024-09-22T21:00:00Z,152399,104560,107053,67268,47839,34230,34023,55659,42513
2024-09-22T22:00:00Z,137938,98863,97356,65506,39075,30176,29950,45506,33600
2024-09-22T23:00:00Z,132936,95541,93007,62846,37395,31194,30991,44903,33763
2024-09-23T00:00:00Z,169452,101104,108948,65508,68348,33618,33296,74853,59521
2024-09-23T01:00:00Z,194642,111463,127164,68812,83179,39681,39383,95894,77214
2024-09-23T02:00:00Z,171861,118184,102008,69768,53677,41418,41149,69482,49307
2024-09-23T03:00:00Z,189193,124569,112755,70574,64624,40607,40310,65681,45918
2024-09-23T04:00:00Z,171453,114139,101723,67936,57314,38792,38519,57744,39426
2024-09-23T05:00:00Z,179639,127932,105777,71862,51707,42867,42564,61628,41157
2024-09-23T06:00:00Z,221963,152972,128380,82881,68991,53415,53101,86557,61093
2024-09-23T07:00:00Z,225412,170356,125125,91545,55056,59757,59397,76200,49191
2024-09-23T08:00:00Z,235421,179117,126933,95386,56304,64432,64022,82353,54002
2024-09-23T09:00:00Z,243611,184607,134086,97692,59004,65578,65165,87974,59146
2024-09-23T10:00:00Z,233011,177720,129789,96841,55291,61631,61246,81220,54998
2024-09-23T11:00:00Z,233569,179604,131188,98735,53965,63015,62650,79136,52244
2024-09-23T12:00:00Z,279545,182954,173794,99967,96591,67710,67281,124698,96506
2024-09-23T13:00:00Z,263914,192284,152969,103655,71630,72464,72058,107624,78048
2024-09-23T14:00:00Z,255561,203327,141505,110403,52234,76345,75907,92437,61580
2024-09-23T15:00:00Z,262839,197974,149346,107938,64865,73786,73319,98714,68564
2024-09-23T16:00:00Z,248399,188926,139878,105251,59473,68586,68111,89273,61516
2024-09-23T17:00:00Z,235399,181237,133016,99944,54162,64728,64327,81970,55845
2024-09-23T18:00:00Z,247946,173887,144745,96752,74059,61868,61469,96292,70786
2024-09-23T19:00:00Z,225350,164564,128999,92828,60786,56987,56615,76043,52687
2024-09-23T20:00:00Z,218531,157534,126753,90376,60997,52822,52435,73979,52469
2024-09-23T21:00:00Z,206553,137821,121937,79619,68732,46785,46415,71462,51996
2024-09-23T22:00:00Z,190070,127476,109783,73891,62594,40299,39977,61589,42446
2024-09-23T23:00:00Z,188763,124073,112840,76324,64690,39569,39248,60742,42502
2024-09-24T00:00:00Z,193228,123290,122612,75401,69938,41346,40969,84113,65940
2024-09-24T01:00:00Z,205600,126636,137471,75736,78964,45048,44701,101956,81931
2024-09-24T02:00:00Z,182823,128805,110383,75367,54018,44871,44530,74420,52841
2024-09-24T03:00:00Z,195145,135987,118934,77113,59158,43220,42902,68862,47616
2024-09-24T04:00:00Z,179179,126640,108713,76241,52539,41098,40788,61962,40816
2024-09-24T05:00:00Z,187792,140204,115376,81627,47588,45527,45222,65403,43935
2024-09-24T06:00:00Z,224336,163903,131946,88187,60433,55851,55503,87795,62200
2024-09-24T07:00:00Z,223458,176383,126754,94160,47075,61892,61530,77929,50234
2024-09-24T08:00:00Z,242487,194099,136150,105015,48388,66918,66491,84663,56065
2024-09-24T09:00:00Z,247872,192131,140870,102052,55741,67330,66921,89412,60470
2024-09-24T10:00:00Z,231890,183342,135079,100182,48548,63884,63518,82248,56533
2024-09-24T11:00:00Z,232281,184650,136612,102554,47631,64732,64364,79908,53215
2024-09-24T12:00:00Z,277242,188864,177049,103719,88378,68938,68516,125579,98272
2024-09-24T13:00:00Z,271888,205620,160394,110979,66268,75559,75140,109581,79989
2024-09-24T14:00:00Z,264483,217194,150961,119069,47289,80036,79597,96000,64760
2024-09-24T15:00:00Z,262335,208662,150906,112266,53673,75479,75040,99123,69561
2024-09-24T16:00:00Z,246141,198286,140261,108827,47855,70890,70462,89666,61547
2024-09-24T17:00:00Z,237540,192718,137257,105948,44822,66647,66293,83722,56999
2024-09-24T18:00:00Z,242604,176765,146716,99898,65839,63020,62627,96872,71669
2024-09-24T19:00:00Z,217090,166584,130303,94398,50506,57498,57117,73865,51244
2024-09-24T20:00:00Z,209656,157054,126689,89356,52602,53977,53578,73217,52562
2024-09-24T21:00:00Z,198241,140325,122100,81351,57916,46680,46321,68578,50155
2024-09-24T22:00:00Z,178250,127759,109555,75491,50491,40499,40187,57137,40206
2024-09-24T23:00:00Z,163336,119426,103812,71868,43910,39863,39561,54701,39659
2024-09-25T00:00:00Z,177060,121697,114517,73939,55363,41152,40809,78890,61940
2024-09-25T01:00:00Z,198034,124387,134117,74110,73647,44944,44617,101436,81899
2024-09-25T02:00:00Z,175772,130710,106593,75054,45062,45032,44743,72888,52386
2024-09-25T03:00:00Z,188661,134453,116582,75206,54208,43843,43547,68745,48510
2024-09-25T04:00:00Z,172084,126563,109738,76128,45521,42116,41800,60900,42523
2024-09-25T05:00:00Z,182999,136046,112928,77257,46953,45951,45654,64393,43586
2024-09-25T06:00:00Z,218984,157827,130813,85882,61157,56102,55773,86747,61141
2024-09-25T07:00:00Z,225943,177862,129691,95667,48081,62452,62083,78283,50453
2024-09-25T08:00:00Z,233962,185594,130971,99079,48368,67770,67306,85404,56941
2024-09-25T09:00:00Z,236924,184883,136343,99100,52041,66744,66345,88351,59714
2024-09-25T10:00:00Z,225784,178648,132674,99648,47136,63407,62972,81715,55570
2024-09-25T11:00:00Z,227773,182299,133810,101384,45474,64059,63671,79270,53144
2024-09-25T12:00:00Z,272434,186077,171162,99930,86357,68722,68294,123167,95390
2024-09-25T13:00:00Z,257688,194727,153195,105587,62961,73556,73123,106727,77008
2024-09-25T14:00:00Z,262802,211679,147265,116300,51123,78224,77794,95488,63374
2024-09-25T15:00:00Z,258164,203163,149929,110322,55001,74308,73893,98444,68290
2024-09-25T16:00:00Z,234202,189324,136118,105654,44878,69236,68829,87386,59965
2024-09-25T17:00:00Z,228928,183344,136654,104297,45584,65424,65055,81787,55856
2024-09-25T18:00:00Z,241849,174814,148559,100769,67035,62168,61676,97612,72582
2024-09-25T19:00:00Z,216162,164346,128782,93993,51816,57238,56860,75594,51730
2024-09-25T20:00:00Z,208154,156373,126134,90380,51781,52996,52593,73356,52311
2024-09-25T21:00:00Z,195665,140168,122769,82264,55497,46282,45899,68910,50602
2024-09-25T22:00:00Z,173828,122772,107514,72870,51056,40088,39722,57678,41740
2024-09-25T23:00:00Z,164397,119221,106072,73320,45176,39441,39117,55505,40535
2024-09-26T00:00:00Z,183701,119135,120855,73119,64566,40899,40528,83659,66838
2024-09-26T01:00:00Z,200543,123394,136020,74791,77149,44304,43985,99150,80650
2024-09-26T02:00:00Z,179935,127182,108965,74433,52753,44089,43778,72493,52258
2024-09-26T03:00:00Z,192000,132832,117864,74629,59168,43351,43053,67710,47634
2024-09-26T04:00:00Z,168060,121928,105924,73082,46132,40465,40181,59161,41150
2024-09-26T05:00:00Z,180832,134583,112554,78603,46249,45254,44958,64550,43525
2024-09-26T06:00:00Z,219860,158238,132546,87681,61622,55568,55181,88472,62499
2024-09-26T07:00:00Z,222893,177406,127254,95327,45487,62125,61756,77928,50237
2024-09-26T08:00:00Z,235604,188524,132195,100691,47080,67519,67088,84301,55588
2024-09-26T09:00:00Z,237748,184946,138078,100170,52802,66923,66498,88608,60293
2024-09-26T10:00:00Z,222552,174550,132179,97730,48002,62468,62068,80721,55139
2024-09-26T11:00:00Z,225560,178347,131621,97973,47213,63129,62752,78797,52593
2024-09-26T12:00:00Z,272774,184011,175829,102714,88763,67726,67228,124826,97150
2024-09-26T13:00:00Z,264946,198972,159244,109618,65974,72258,71828,108393,78893
2024-09-26T14:00:00Z,253756,209312,145920,115746,44444,77346,76908,92907,62880
2024-09-26T15:00:00Z,255369,201132,151068,112288,54237,73231,72781,97002,68502
2024-09-26T16:00:00Z,235770,189356,139765,108529,46414,68202,67759,86221,59338
2024-09-26T17:00:00Z,225781,182004,134406,104280,43777,64244,63870,80953,55339
2024-09-26T18:00:00Z,237900,171530,145655,98937,66370,61185,60726,96004,70740
2024-09-26T19:00:00Z,218783,166499,129444,95169,52284,55647,55246,73795,50410
2024-09-26T20:00:00Z,203752,153756,123827,88304,49996,52113,51735,71820,51074
2024-09-26T21:00:00Z,194226,136275,121228,80705,57951,44867,44524,68701,49929
2024-09-26T22:00:00Z,179711,129116,109722,75742,50595,39458,39123,57590,40761
2024-09-26T23:00:00Z,163166,120872,104296,73273,42294,38674,38333,53391,39088
2024-09-27T00:00:00Z,176724,116343,115799,71263,60381,39545,39175,79462,63488
2024-09-27T01:00:00Z,191842,119884,131088,72081,71958,43092,42758,97126,78997
2024-09-27T02:00:00Z,169840,124257,104360,72935,45583,42552,42236,69526,50239
2024-09-27T03:00:00Z,183818,129934,112760,72408,53884,41537,41240,66251,46587
2024-09-27T04:00:00Z,168045,120700,106161,73047,47345,39049,38759,58216,40556
2024-09-27T05:00:00Z,176317,129842,110975,76402,46475,42816,42520,61879,41628
2024-09-27T06:00:00Z,214456,151137,129399,84038,63319,52798,52460,85586,60966
2024-09-27T07:00:00Z,214586,166091,124436,90782,48495,58973,58614,75137,49026
2024-09-27T08:00:00Z,225856,178534,129839,97517,47322,62847,62466,80757,53977
2024-09-27T09:00:00Z,234175,179066,136464,97425,55109,63125,62681,85746,58911
2024-09-27T10:00:00Z,217660,169242,129791,96004,48418,58926,58521,77326,53374
2024-09-27T11:00:00Z,216732,170918,128345,95887,45814,58144,57794,74093,50081
2024-09-27T12:00:00Z,266672,170962,175152,96202,95710,62423,62009,122611,96886
2024-09-27T13:00:00Z,253765,184992,152530,101462,68773,66800,66398,103127,75664
2024-09-27T14:00:00Z,237451,192416,138942,107193,45035,70422,69970,85951,58360
2024-09-27T15:00:00Z,243582,186602,143590,102706,56980,66890,66453,91766,64830
2024-09-27T16:00:00Z,231252,177354,135442,99523,53898,61969,61547,83746,58280
2024-09-27T17:00:00Z,217016,168903,127835,96247,48113,58540,58143,76386,51489
2024-09-27T18:00:00Z,229672,158387,141486,91512,71285,55068,54646,91361,68834
2024-09-27T19:00:00Z,203841,150301,123395,86635,53540,49798,49400,68375,48068
2024-09-27T20:00:00Z,189237,143111,119444,86151,46126,46286,45925,64782,46670
2024-09-27T21:00:00Z,180576,125301,116632,76057,55275,39920,39579,63039,46637
2024-09-27T22:00:00Z,161011,114892,104085,70678,46119,34718,34408,51787,37489
2024-09-27T23:00:00Z,144424,105052,95614,64445,39372,32952,32695,47706,35408
2024-09-28T00:00:00Z,158000,97339,107474,61405,60661,30700,30371,72195,59790
2024-09-28T01:00:00Z,168608,95132,121187,60775,73476,30942,30642,85935,73046
2024-09-28T02:00:00Z,140822,96653,94384,60932,44169,29402,29119,57308,43750
2024-09-28T03:00:00Z,155094,102482,102119,59258,52612,29964,29710,54470,39741
2024-09-28T04:00:00Z,137200,96682,92683,60469,40518,30574,30339,47903,33899
2024-09-28T05:00:00Z,141270,101375,95811,62429,39895,31924,31677,50033,35036
2024-09-28T06:00:00Z,168696,113325,112600,67405,55371,35956,35704,67035,50210
2024-09-28T07:00:00Z,159282,119354,105363,72529,39928,38117,37884,54360,36986
2024-09-28T08:00:00Z,163652,125336,106755,74976,38316,39958,39723,58920,40626
2024-09-28T09:00:00Z,170858,123081,111576,72036,47777,40142,39914,63696,45607
2024-09-28T10:00:00Z,166037,123962,110126,75017,42075,39962,39734,58890,41508
2024-09-28T11:00:00Z,160229,122519,107409,75124,37710,40261,40037,54647,37860
2024-09-28T12:00:00Z,227547,128605,169677,79112,98942,43021,42762,105187,86668
2024-09-28T13:00:00Z,196351,134152,135279,81284,62199,45784,45544,83178,63749
2024-09-28T14:00:00Z,183538,145897,119606,87785,37641,49311,49049,65226,45055
2024-09-28T15:00:00Z,191318,144467,126878,87884,46851,48939,48669,73764,53418
2024-09-28T16:00:00Z,182767,143031,120927,88622,39736,47692,47458,66513,46953
2024-09-28T17:00:00Z,175042,138402,116994,85634,36640,45056,44821,60304,42198
2024-09-28T18:00:00Z,189897,131696,130494,82539,58201,43275,43049,76534,59595
2024-09-28T19:00:00Z,163970,124891,111315,78645,39079,38832,38607,54348,38726
2024-09-28T20:00:00Z,159739,119597,111530,77034,40142,36202,35997,53341,39519
2024-09-28T21:00:00Z,156056,108805,110598,70751,47251,32163,31943,53536,40842
2024-09-28T22:00:00Z,138828,100758,97385,65625,38070,28060,27831,44154,32171
2024-09-28T23:00:00Z,126514,91648,90197,60712,34866,28185,27996,41992,31557
2024-09-29T00:00:00Z,148884,97481,103148,63805,51403,27749,27441,65001,52638
2024-09-29T01:00:00Z,173244,99660,127494,64074,73584,31873,31609,89896,75736
2024-09-29T02:00:00Z,139766,102899,92791,63819,36867,32200,31943,57272,41983
2024-09-29T03:00:00Z,160431,109401,106112,65836,51030,31830,31572,54599,39801
2024-09-29T04:00:00Z,137825,98735,93378,62076,39090,29555,29336,45503,32555
2024-09-29T05:00:00Z,144530,105910,97411,64411,38620,32910,32697,49726,34987
2024-09-29T06:00:00Z,176400,118125,116580,70403,58275,38816,38525,71046,52879
2024-09-29T07:00:00Z,161731,121358,104914,72147,40373,40939,40684,55987,37700
2024-09-29T08:00:00Z,172032,132713,110221,78487,39319,43085,42830,61175,41723
2024-09-29T09:00:00Z,182216,134944,118151,79606,47272,44157,43894,66902,47565
2024-09-29T10:00:00Z,173723,131947,114391,80189,41776,42516,42262,61176,43463
2024-09-29T11:00:00Z,169593,131753,113384,81396,37840,42538,42336,56927,39644
2024-09-29T12:00:00Z,231384,135319,170197,82966,96065,45411,45179,105359,86565
2024-09-29T13:00:00Z,207899,145339,142575,89315,62560,48153,47923,85282,65821
2024-09-29T14:00:00Z,191656,153569,127583,95881,38087,52288,52024,67918,47570
2024-09-29T15:00:00Z,205444,154839,137737,97036,50605,51603,51343,76649,55794
2024-09-29T16:00:00Z,198639,155697,131604,98329,42942,50249,49995,69487,49145
2024-09-29T17:00:00Z,189734,151111,128361,96654,38623,48138,47921,63780,44974
2024-09-29T18:00:00Z,204368,144613,141648,92849,59755,46255,46008,79623,61652
2024-09-29T19:00:00Z,179601,135098,119086,85202,44503,42413,42181,57911,41421
2024-09-29T20:00:00Z,171292,129803,117437,82716,41489,39373,39145,57277,42429
2024-09-29T21:00:00Z,159808,112533,110437,71589,47275,34575,34362,56340,42864
2024-09-29T22:00:00Z,144062,105012,100998,69433,39050,30796,30581,46052,34327
2024-09-29T23:00:00Z,140009,102657,100712,69649,37352,31172,30982,44871,33995
2024-09-30T00:00:00Z,178976,110053,115387,71699,68923,33562,33245,75472,59472
2024-09-30T01:00:00Z,199144,115022,135027,72238,84122,38444,38156,97984,80181
2024-09-30T02:00:00Z,172154,123927,104982,75420,48227,39610,39305,66850,47727
2024-09-30T03:00:00Z,194651,129296,114708,73773,65355,39344,39031,66591,46063
2024-09-30T04:00:00Z,177750,122934,105991,73752,54816,38323,38042,57851,39599
2024-09-30T05:00:00Z,184887,133187,111049,77606,51700,41979,41671,61964,41726
2024-09-30T06:00:00Z,222862,154429,129558,85636,68433,52043,51711,86227,61259
2024-09-30T07:00:00Z,221405,168596,123355,91436,52809,58533,58188,74811,48471
2024-09-30T08:00:00Z,235357,182594,126201,96029,52763,63732,63335,82164,54453
2024-09-30T09:00:00Z,244922,185250,135799,97850,59672,64567,64092,88102,60030
2024-09-30T10:00:00Z,233553,176780,129750,95687,56773,60736,60246,81058,55162
2024-09-30T11:00:00Z,231339,176943,130327,96883,54396,60963,60494,77042,51310
2024-09-30T12:00:00Z,270664,177924,167627,97904,92740,64580,64116,121171,94457
2024-09-30T13:00:00Z,269895,197409,157442,107676,72486,70988,70575,106972,77681
2024-09-30T14:00:00Z,264138,214058,144857,114817,50080,76091,75688,92277,62371
2024-09-30T15:00:00Z,265610,204849,151826,113336,60761,72520,72061,97628,68769
2024-09-30T16:00:00Z,246590,194336,139544,108588,52254,68435,67912,88943,60872
2024-09-30T17:00:00Z,236713,186614,135798,104507,50099,65617,65152,82286,55985
2024-09-30T18:00:00Z,250360,177273,148897,101802,73087,61710,61271,97570,72073
2024-09-30T19:00:00Z,218902,162850,128211,93531,56052,56069,55669,74382,51619
2024-09-30T20:00:00Z,209386,156935,123885,89485,52451,52289,51871,71057,50341
2024-09-30T21:00:00Z,189437,130269,114114,75780,59168,43710,43317,66057,47794
2024-09-30T22:00:00Z,185422,131067,111275,76362,54355,40708,40358,58574,41414
2024-09-30T23:00:00Z,174022,124038,106990,74787,49984,39023,38725,55441,39743
2024-10-01T00:00:00Z,186403,119301,115562,73306,67102,38472,38087,78161,61351
2024-10-01T01:00:00Z,206323,120010,141893,74741,86313,39658,39325,103133,85881
2024-10-01T02:00:00Z,169341,117849,101645,71603,51492,37885,37587,65318,48799
2024-10-01T03:00:00Z,186634,125223,111859,71351,61411,37830,37521,65270,48282
2024-10-01T04:00:00Z,169607,120363,103639,71264,49244,38632,38327,58123,41045
2024-10-01T05:00:00Z,183636,130996,107970,73134,52640,41079,40772,60889,42537
2024-10-01T06:00:00Z,215468,149678,124777,79605,65790,49095,48751,83215,61497
2024-10-01T07:00:00Z,215458,163375,121433,87460,52083,55117,54745,72553,48578
2024-10-01T08:00:00Z,224716,174077,126325,94433,50639,59503,59122,78259,53168
2024-10-01T09:00:00Z,230166,168833,129281,90401,61333,59306,58908,82898,57426
2024-10-01T10:00:00Z,218099,166455,125769,91737,51644,58941,58573,78183,53769
2024-10-01T11:00:00Z,223086,173340,128505,95577,49746,60690,60320,76416,51798
2024-10-01T12:00:00Z,272868,178414,172921,97364,94454,65860,65459,124649,98088
2024-10-01T13:00:00Z,254960,189021,148924,101154,65939,69942,69511,104134,75355
2024-10-01T14:00:00Z,252436,204962,140487,110145,47474,75533,75104,91447,61704
2024-10-01T15:00:00Z,260103,198922,149741,109768,61181,72102,71654,96390,67434
2024-10-01T16:00:00Z,245005,191722,139104,106145,53283,67561,67116,87670,60029
2024-10-01T17:00:00Z,234037,185780,136082,104071,48257,64094,63701,80598,54662
2024-10-01T18:00:00Z,247075,176582,147644,99600,70493,61801,61379,95748,70398
2024-10-01T19:00:00Z,223632,166565,131727,95077,57067,56505,56115,74335,51491
2024-10-01T20:00:00Z,210957,157239,128034,91318,53718,53100,52676,71866,51404
2024-10-01T21:00:00Z,203795,141636,125347,83837,62159,45749,45374,69022,50583
2024-10-01T22:00:00Z,179121,126079,108146,74125,53042,39885,39530,57694,40719
2024-10-01T23:00:00Z,167836,120999,106252,74386,46837,38724,38418,53784,39011
2024-10-02T00:00:00Z,184281,121950,120589,75322,62331,39335,38964,80007,64109
2024-10-02T01:00:00Z,188542,117829,133053,74909,70713,39280,38950,93443,78127
2024-10-02T02:00:00Z,158862,114125,101468,68996,44737,37296,37025,65440,49838
2024-10-02T03:00:00Z,176576,119685,109636,68191,56891,36640,36366,62142,45956
2024-10-02T04:00:00Z,158252,115469,101861,70230,42783,37628,37335,55441,39301
2024-10-02T05:00:00Z,171943,122767,107167,73638,49176,39462,39195,58302,40926
2024-10-02T06:00:00Z,204160,141835,125689,80961,62325,47692,47384,78645,58271
2024-10-02T07:00:00Z,209638,164190,124143,91632,45448,55401,55058,70982,47937
2024-10-02T08:00:00Z,219098,174103,127097,96326,44995,60157,59751,77270,53162
2024-10-02T09:00:00Z,228553,174367,134631,96247,54186,60310,59942,82629,58128
2024-10-02T10:00:00Z,220736,174129,130717,97520,46607,58967,58591,77510,54055
2024-10-02T11:00:00Z,219705,175871,132467,100242,43834,60429,60060,75115,50999
2024-10-02T12:00:00Z,271120,179243,176415,100642,91877,65348,64857,122821,96614
2024-10-02T13:00:00Z,267082,199893,161323,110420,67189,71584,71195,107369,79366
2024-10-02T14:00:00Z,252991,209082,144675,112909,43909,75574,75143,90786,61394
2024-10-02T15:00:00Z,261154,203991,153845,113593,57163,72316,71874,96696,68156
2024-10-02T16:00:00Z,240656,189168,140496,106845,51488,67982,67583,87221,60569
2024-10-02T17:00:00Z,233272,186651,137683,105831,46621,65074,64700,80838,55362
2024-10-02T18:00:00Z,240457,175402,146522,101115,65055,61952,61523,93969,70179
2024-10-02T19:00:00Z,214966,167115,129935,96466,47851,56802,56417,73123,51134
2024-10-02T20:00:00Z,194488,152860,120644,90269,41628,51956,51575,68782,49273
2024-10-02T21:00:00Z,154405,111558,96195,65622,42847,40771,40429,60491,44332
2024-10-02T22:00:00Z,171379,125697,107495,75131,45682,40093,39755,56481,40531
2024-10-02T23:00:00Z,151729,111977,98457,69057,39752,37842,37551,51754,37500
2024-10-03T00:00:00Z,161614,108092,108370,67401,53522,35304,34971,73091,58214
2024-10-03T01:00:00Z,182028,109756,130549,70269,72272,37205,36908,92897,78155
2024-10-03T02:00:00Z,153308,106666,100042,66338,46642,35529,35234,63784,48751
2024-10-03T03:00:00Z,168884,115673,106498,66245,53211,35457,35154,59842,44201
2024-10-03T04:00:00Z,149978,110329,95547,66109,39649,37035,36751,53865,38147
2024-10-03T05:00:00Z,162260,117352,101973,69820,44908,38885,38636,57075,40077
2024-10-03T06:00:00Z,195917,137816,121082,78497,58101,46180,45866,77966,57430
2024-10-03T07:00:00Z,195881,153506,117894,86736,42375,52500,52166,68542,46301
2024-10-03T08:00:00Z,214970,170171,120659,89896,44799,57133,56695,74961,51081
2024-10-03T09:00:00Z,225142,168975,132197,92710,56167,58350,57970,82244,58204
2024-10-03T10:00:00Z,217741,168988,129416,95140,48753,58633,58274,78532,54687
2024-10-03T11:00:00Z,214696,170094,129216,96951,44602,59108,58721,74337,50769
2024-10-03T12:00:00Z,270863,178087,176061,99881,92776,64229,63851,122018,96548
2024-10-03T13:00:00Z,252760,188667,153581,104053,64093,69203,68790,104162,77085
2024-10-03T14:00:00Z,246265,203693,143365,112834,42572,75035,74615,90176,62019
2024-10-03T15:00:00Z,246891,193615,144372,106657,53276,70641,70166,94994,67029
2024-10-03T16:00:00Z,219901,177930,127666,98941,41971,65283,64872,84468,57795
2024-10-03T17:00:00Z,226604,183287,132021,103064,43317,64321,63898,81066,54970
2024-10-03T18:00:00Z,243763,173179,144260,98470,70584,61012,60591,97211,70449
2024-10-03T19:00:00Z,211638,161384,127004,92229,50254,55704,55289,72879,51023
2024-10-03T20:00:00Z,202517,155211,126548,90930,47306,52393,52009,70678,50905
2024-10-03T21:00:00Z,197108,136408,122693,80723,60700,45491,45078,68841,50939
2024-10-03T22:00:00Z,170419,122534,107488,73522,47885,39329,38960,57074,40909
2024-10-03T23:00:00Z,160634,116694,103645,72886,43940,38034,37744,52715,38826
2024-10-04T00:00:00Z,175323,115267,116756,71673,60056,37883,37529,79129,64016
2024-10-04T01:00:00Z,186081,115396,130638,70922,70685,38441,38131,95250,79038
2024-10-04T02:00:00Z,154625,112097,100347,68496,42528,36839,36568,65632,48947
2024-10-04T03:00:00Z,170383,118293,109320,68641,52090,36971,36677,61802,45095
2024-10-04T04:00:00Z,153087,113673,99229,68646,39414,37716,37436,54759,38783
2024-10-04T05:00:00Z,168751,126067,110099,76583,42684,39555,39273,58634,41517
2024-10-04T06:00:00Z,197290,140874,123778,80757,56416,47121,46783,78779,58307
2024-10-04T07:00:00Z,199881,156266,118489,85729,43615,52982,52651,69407,46889
2024-10-04T08:00:00Z,212965,169269,121079,89911,43696,57153,56772,76371,52410
2024-10-04T09:00:00Z,219950,168763,130395,92789,51187,58324,57965,81924,57978
2024-10-04T10:00:00Z,213188,167279,123206,90272,45909,56656,56265,77312,53245
2024-10-04T11:00:00Z,211721,169099,125105,93021,42622,58197,57821,74078,50276
2024-10-04T12:00:00Z,261295,172945,169169,94619,88350,62218,61805,119490,94255
2024-10-04T13:00:00Z,249610,183811,152421,101064,65799,65958,65580,103319,75996
2024-10-04T14:00:00Z,236881,193575,139233,107695,43306,69879,69434,86337,58240
2024-10-04T15:00:00Z,240166,184872,142934,102654,55294,65925,65472,90398,63694
2024-10-04T16:00:00Z,221939,173267,131938,98242,48672,61675,61284,81200,56373
2024-10-04T17:00:00Z,211624,167103,125426,92423,44521,57718,57358,72725,50079
2024-10-04T18:00:00Z,217926,156201,136879,90049,61725,54829,54395,85748,64101
2024-10-04T19:00:00Z,196095,148376,120770,85366,47719,50277,49904,66809,46308
2024-10-04T20:00:00Z,184547,137446,116453,81055,47101,46520,46165,64202,46262
2024-10-04T21:00:00Z,179398,121698,113906,71797,57700,40257,39908,64038,47500
2024-10-04T22:00:00Z,158450,109500,102494,66780,48950,34626,34294,52542,38324
2024-10-04T23:00:00Z,141950,100754,93889,62311,41196,32941,32658,47733,34932
2024-10-05T00:00:00Z,158281,98185,107267,61616,60096,30600,30288,71314,58861
2024-10-05T01:00:00Z,160165,90050,115737,57358,70115,29959,29673,83455,71116
2024-10-05T02:00:00Z,135473,93518,91509,58916,41955,28465,28229,55659,42885
2024-10-05T03:00:00Z,150813,100235,101678,59917,50578,29220,28992,53638,40164
2024-10-05T04:00:00Z,136257,97203,92323,60534,39054,30405,30181,47165,33903
2024-10-05T05:00:00Z,149965,107569,99543,64577,42396,31815,31587,50862,36438
2024-10-05T06:00:00Z,173884,117968,115804,71058,55916,35180,34897,67137,51324
2024-10-05T07:00:00Z,164942,126025,108921,76977,38917,37144,36882,53680,37091
2024-10-05T08:00:00Z,169035,129888,112846,80632,39147,39298,39041,58208,41193
2024-10-05T09:00:00Z,175902,130266,118277,80237,45636,39986,39759,64432,46205
2024-10-05T10:00:00Z,170714,129897,115869,81767,40817,40452,40201,60282,42982
2024-10-05T11:00:00Z,168178,130496,113415,81036,37682,41123,40911,57330,39886
2024-10-05T12:00:00Z,221708,128230,165550,79861,93478,42777,42532,102784,84950
2024-10-05T13:00:00Z,202270,140734,141511,88301,61536,45999,45774,83864,64694
2024-10-05T14:00:00Z,184654,147051,122140,90542,37603,50084,49822,66280,45952
2024-10-05T15:00:00Z,196087,148004,131424,91627,48083,48765,48521,73982,53905
2024-10-05T16:00:00Z,184366,143095,121459,89003,41271,48319,48070,67523,48232
2024-10-05T17:00:00Z,178093,140377,118251,87907,37716,46094,45880,62037,43921
2024-10-05T18:00:00Z,192965,133670,133866,85402,59295,44054,43822,78019,60796
2024-10-05T19:00:00Z,171891,128846,116549,82650,43045,39776,39550,56276,40039
2024-10-05T20:00:00Z,162755,119477,114238,78299,43278,36911,36679,55223,41030
2024-10-05T21:00:00Z,158509,109188,111848,71873,49321,33183,32969,55900,42572
2024-10-05T22:00:00Z,140572,98616,100255,66296,41956,28838,28621,45009,33264
2024-10-05T23:00:00Z,130810,91817,95551,63559,38993,28465,28274,42857,32751
2024-10-06T00:00:00Z,139909,88926,100396,60072,50983,27202,26914,63539,52183
2024-10-06T01:00:00Z,158622,87669,121534,58468,70953,28103,27845,85889,74692
2024-10-06T02:00:00Z,123927,87487,87249,57599,36440,26892,26670,52124,40708
2024-10-06T03:00:00Z,146538,95626,98629,58228,50912,27991,27769,51330,38835
2024-10-06T04:00:00Z,131760,92662,91663,60355,39098,28995,28793,45540,33469
2024-10-06T05:00:00Z,140961,99582,98497,64174,41379,30505,30294,48256,35142
2024-10-06T06:00:00Z,164082,107655,113447,67453,56427,34238,33986,65819,50627
2024-10-06T07:00:00Z,156828,115689,105432,72468,41139,37107,36894,53408,37408
2024-10-06T08:00:00Z,161439,120600,106790,73867,40839,39740,39526,57747,40980
2024-10-06T09:00:00Z,175695,127116,117596,78399,48579,40691,40446,64701,47085
2024-10-06T10:00:00Z,169546,128924,114066,81161,40622,41264,40999,59701,42532
2024-10-06T11:00:00Z,169732,131363,112468,80925,38369,42674,42465,57709,39843
2024-10-06T12:00:00Z,228936,133094,170421,83413,95842,45928,45644,105376,87071
2024-10-06T13:00:00Z,208866,144928,144876,91065,63938,48979,48765,85561,65765
2024-10-06T14:00:00Z,193217,153732,128068,96214,39485,52704,52445,68467,47705
2024-10-06T15:00:00Z,203490,152221,134894,93880,51269,51705,51459,76843,55706
2024-10-06T16:00:00Z,203579,151471,127331,94128,52108,51775,51517,70079,49765
2024-10-06T17:00:00Z,193295,149606,124058,92988,43689,50129,49897,65041,45739
2024-10-06T18:00:00Z,208209,143288,140333,91568,64921,48453,48208,82305,63645
2024-10-06T19:00:00Z,187508,136916,118739,85856,50592,43966,43736,59319,42223
2024-10-06T20:00:00Z,177804,126925,115548,80524,50879,40794,40547,58686,43026
2024-10-06T21:00:00Z,174989,118557,116747,77400,56432,36327,36044,58193,44079
2024-10-06T22:00:00Z,151834,105493,101032,69475,46341,31464,31190,47265,34323
2024-10-06T23:00:00Z,145539,101231,98488,68569,44308,31516,31280,45331,33923
2024-10-07T00:00:00Z,175507,107296,113546,70413,68211,33060,32726,74796,59462
2024-10-07T01:00:00Z,192853,109975,133803,72274,82878,35972,35663,95023,79030
2024-10-07T02:00:00Z,171031,117055,106661,75563,53976,36277,36001,64815,47972
2024-10-07T03:00:00Z,195633,125432,117788,75349,70201,36811,36522,62698,45300
2024-10-07T04:00:00Z,180662,118689,106046,73061,61973,38148,37868,57660,39508
2024-10-07T05:00:00Z,189125,129390,112961,79209,59735,41362,41091,60859,41763
2024-10-07T06:00:00Z,221111,147633,129987,85861,73478,49565,49247,81674,59201
2024-10-07T07:00:00Z,230617,167114,124223,90883,63503,57045,56675,74444,48980
2024-10-07T08:00:00Z,240932,181629,129729,97996,59303,62773,62392,81662,54489
2024-10-07T09:00:00Z,247435,179798,136031,98555,67637,62395,61980,85236,58483
2024-10-07T10:00:00Z,240211,179017,133255,100431,61194,61031,60604,79846,54204
2024-10-07T11:00:00Z,241278,180150,131476,99942,61128,62505,62123,78377,52108
2024-10-07T12:00:00Z,281542,186571,176981,105135,94971,67577,67148,124229,96195
2024-10-07T13:00:00Z,281662,201898,162571,111734,79764,73029,72569,108968,79290
2024-10-07T14:00:00Z,270773,212023,149909,118314,58750,77377,76934,93374,62724
2024-10-07T15:00:00Z,269726,197701,147182,109044,72025,72824,72366,96742,66779
2024-10-07T16:00:00Z,258821,192887,142914,109455,65934,68590,68151,89253,61030
2024-10-07T17:00:00Z,257976,192944,144149,111168,65032,65840,65384,84683,57448
2024-10-07T18:00:00Z,268919,179536,151544,103184,89383,62552,62086,99590,72712
2024-10-07T19:00:00Z,251184,169386,134457,98056,81798,57767,57355,79020,54265
2024-10-07T20:00:00Z,232497,163964,131436,97221,68533,54264,53861,73910,52376
2024-10-07T21:00:00Z,231777,148328,129384,87674,83449,47980,47602,72764,52472
2024-10-07T22:00:00Z,208088,131769,116407,78983,76319,40666,40245,62348,43600
2024-10-07T23:00:00Z,192147,122375,108804,75935,69772,39860,39500,57476,40682
2024-10-08T00:00:00Z,196674,124729,127866,77983,71945,41053,40634,86710,68925
2024-10-08T01:00:00Z,208268,128864,142673,79333,79404,44708,44323,102961,83642
2024-10-08T02:00:00Z,185430,135820,113967,81424,49610,44834,44533,72859,52760
2024-10-08T03:00:00Z,202625,136890,118571,76274,65735,43662,43361,68517,48732
2024-10-08T04:00:00Z,185777,127186,111518,77228,58591,41504,41194,59894,41847
2024-10-08T05:00:00Z,203397,140628,120869,83401,62769,45256,44941,64562,44577
2024-10-08T06:00:00Z,233181,159246,137511,89543,73935,55626,55290,87331,62417
2024-10-08T07:00:00Z,241339,178070,129768,95987,63269,62348,61965,79135,51228
2024-10-08T08:00:00Z,246799,188501,133119,100887,58298,67400,66947,85131,56425
2024-10-08T09:00:00Z,257332,189817,140745,103277,67515,67228,66804,89857,61222
2024-10-08T10:00:00Z,240051,182117,134614,102155,57934,63703,63298,82635,56926
2024-10-08T11:00:00Z,240692,179951,131659,99657,60741,64566,64173,79394,53698
2024-10-08T12:00:00Z,282148,190089,178238,103871,92059,69134,68645,125153,96960
2024-10-08T13:00:00Z,281514,200432,160201,109468,81082,74135,73662,108064,78120
2024-10-08T14:00:00Z,272228,214419,149274,117780,57809,77954,77512,94408,63516
2024-10-08T15:00:00Z,269180,201579,150040,110311,67601,74534,74039,99602,70098
2024-10-08T16:00:00Z,249354,191190,137730,105544,58164,69438,68986,89418,61570
2024-10-08T17:00:00Z,240610,185597,133760,102724,55013,65671,65264,81615,55911
2024-10-08T18:00:00Z,255247,178504,149203,102059,76743,63156,62738,97584,72605
2024-10-08T19:00:00Z,235910,170628,132510,98529,65282,58544,58103,75210,52002
2024-10-08T20:00:00Z,226950,164325,130353,95231,62625,54754,54345,72692,51477
2024-10-08T21:00:00Z,217345,143465,125185,84406,73880,47010,46585,71310,51609
2024-10-08T22:00:00Z,198914,128231,114301,76979,70683,40927,40531,60547,43137
2024-10-08T23:00:00Z,186439,124759,111817,78075,61680,40032,39708,55659,40170
2024-10-09T00:00:00Z,194732,124045,128585,78725,70687,40525,40130,84504,67471
2024-10-09T01:00:00Z,207653,126167,140489,78087,81486,43664,43314,101639,81732
2024-10-09T02:00:00Z,176083,125242,108102,74369,50841,43358,43072,71212,51802
2024-10-09T03:00:00Z,203149,135159,118805,76814,67990,42886,42584,68583,48427
2024-10-09T04:00:00Z,178860,123348,106837,75354,55512,40637,40331,58553,41125
2024-10-09T05:00:00Z,192241,135341,112171,80035,56900,43959,43650,62745,43009
2024-10-09T06:00:00Z,226022,157131,132775,89320,68891,54789,54444,85914,61283
2024-10-09T07:00:00Z,238338,176222,130256,96702,62116,61929,61543,77548,51128
2024-10-09T08:00:00Z,248883,190012,138417,105027,58871,67542,67143,86487,58317
2024-10-09T09:00:00Z,257404,188692,143002,103211,68712,66423,66033,89733,61318
2024-10-09T10:00:00Z,242276,180728,137218,102357,61548,62837,62418,82696,56594
2024-10-09T11:00:00Z,245444,183513,137287,104250,61931,64317,63901,80351,53992
2024-10-09T12:00:00Z,281938,189576,181409,105887,92362,68921,68486,126022,98393
2024-10-09T13:00:00Z,279901,202939,162391,113477,76962,74289,73857,108986,79509
2024-10-09T14:00:00Z,271397,215235,149995,120304,56162,78644,78153,94287,64449
2024-10-09T15:00:00Z,271828,204750,153232,114393,67078,74468,74010,97058,68475
2024-10-09T16:00:00Z,251508,194246,143506,110243,57262,69201,68774,87657,60714
2024-10-09T17:00:00Z,250436,194744,145891,114539,55692,65033,64628,80476,55201
2024-10-09T18:00:00Z,249435,178845,151342,105021,70590,62092,61672,93202,69604
2024-10-09T19:00:00Z,235120,172545,135520,100853,62575,57302,56925,73445,51365
2024-10-09T20:00:00Z,224402,164711,134635,99307,59691,54263,53874,72397,52176
2024-10-09T21:00:00Z,215256,145813,129478,89116,69443,46644,46287,69245,50985
2024-10-09T22:00:00Z,194043,133632,118730,83356,60411,40820,40405,57270,41059
2024-10-09T23:00:00Z,185200,127615,116009,81839,57585,39784,39492,54806,40386
2024-10-10T00:00:00Z,191609,128481,129738,81665,63128,40927,40530,83247,66959
2024-10-10T01:00:00Z,203863,131796,141198,81122,72067,44317,43985,98806,80844
2024-10-10T02:00:00Z,182313,133715,109890,77265,48598,44432,44133,72026,52048
2024-10-10T03:00:00Z,198874,138112,118387,79000,60762,42875,42576,66857,47230
2024-10-10T04:00:00Z,175683,125502,107848,78039,50181,39920,39629,56707,39683
2024-10-10T05:00:00Z,190714,135798,113935,81400,54916,44447,44152,62833,43244
2024-10-10T06:00:00Z,223976,160242,134508,92354,63734,54686,54337,85280,60939
2024-10-10T07:00:00Z,237554,177917,131898,99257,59637,61461,61093,76853,50305
2024-10-10T08:00:00Z,244429,188401,137300,103483,56028,65891,65517,83550,55710
2024-10-10T09:00:00Z,249619,183703,140580,100593,65916,65591,65223,88439,61037
2024-10-10T10:00:00Z,239101,178661,136205,101580,60440,61944,61534,80414,55449
2024-10-10T11:00:00Z,241597,180798,134619,102239,60799,63298,62885,78857,52733
2024-10-10T12:00:00Z,278463,188912,180965,106425,89551,68351,67928,125314,97787
2024-10-10T13:00:00Z,274318,199648,158777,111694,74670,72659,72249,105645,76853
2024-10-10T14:00:00Z,269358,211015,148150,118086,58343,76851,76405,92934,62721
2024-10-10T15:00:00Z,264581,200335,147866,110243,64246,72733,72286,96583,67592
2024-10-10T16:00:00Z,241324,185753,136582,104251,55571,66888,66482,85600,59079
2024-10-10T17:00:00Z,238291,179942,135477,102028,58349,63170,62784,79599,54802
2024-10-10T18:00:00Z,244963,172548,149669,100411,72415,60581,60176,93560,70412
2024-10-10T19:00:00Z,229424,165688,129823,94412,63736,55709,55306,71856,50409
2024-10-10T20:00:00Z,214871,154865,126040,90456,60006,52201,51857,70996,51021
2024-10-10T21:00:00Z,207475,138358,120316,81948,69117,45216,44884,68017,50107
2024-10-10T22:00:00Z,179566,123749,106067,74682,55817,39419,39095,55827,39888
2024-10-10T23:00:00Z,178914,121984,106297,75659,56930,38401,38079,53251,38873
2024-10-11T00:00:00Z,189958,132226,121044,77719,57732,38561,38191,78950,63030
2024-10-11T01:00:00Z,213209,147325,126776,71884,65884,41153,40820,93487,75972
2024-10-11T02:00:00Z,188880,139427,107297,74094,49453,42257,41933,71105,52205
2024-10-11T03:00:00Z,201393,133059,120995,77028,68334,41486,41187,67408,48430
2024-10-11T04:00:00Z,173152,117725,107701,73109,55427,37969,37703,55084,39293
2024-10-11T05:00:00Z,187330,127288,111816,75705,60042,42069,41794,60238,42182
2024-10-11T06:00:00Z,219031,151055,131123,86200,67976,52485,52160,82852,60107
2024-10-11T07:00:00Z,221844,165164,124131,92580,56680,57988,57641,73009,48190
2024-10-11T08:00:00Z,234145,177664,129624,98021,56481,62877,62479,82414,56282
2024-10-11T09:00:00Z,239067,175709,133529,96223,63358,62606,62232,84760,58786
2024-10-11T10:00:00Z,221394,165128,124745,92042,56266,58181,57808,76138,52300
2024-10-11T11:00:00Z,227129,168133,125946,93946,58996,58400,58021,74090,49361
2024-10-11T12:00:00Z,271745,176652,180618,100247,95093,62837,62454,122331,96781
2024-10-11T13:00:00Z,264225,184230,155983,103708,79995,66452,66060,101688,74726
2024-10-11T14:00:00Z,254647,192585,141596,107513,62062,69726,69300,85815,58223
2024-10-11T15:00:00Z,252178,181986,144540,102265,70192,65521,65107,90553,64659
2024-10-11T16:00:00Z,242096,186197,127486,95211,55899,60056,59632,78660,54761
2024-10-11T17:00:00Z,231140,176580,118938,89162,54560,54730,54323,70054,47954
2024-10-11T18:00:00Z,228267,152637,137687,90421,75630,53344,52938,87826,65911
2024-10-11T19:00:00Z,206090,145847,118695,85826,60243,49118,48756,65301,45811
2024-10-11T20:00:00Z,192611,137027,114397,81482,55584,45859,45514,64545,46887
2024-10-11T21:00:00Z,187316,122187,111670,73497,65129,40051,39731,62368,46268
2024-10-11T22:00:00Z,169129,110199,103277,69287,58930,33910,33628,50609,36597
2024-10-11T23:00:00Z,163176,102569,100537,66717,60607,32274,31994,46951,34828
2024-10-12T00:00:00Z,162461,98594,113219,64089,63867,31509,31184,74446,61255
2024-10-12T01:00:00Z,177359,103979,125893,65608,73380,33799,33502,89074,74322
2024-10-12T02:00:00Z,157235,107360,98209,64359,49875,33609,33248,60792,44799
2024-10-12T03:00:00Z,176328,112103,106985,65186,64225,33499,33197,57226,41068
2024-10-12T04:00:00Z,147873,97306,93367,62034,50567,30344,30101,46974,33673
2024-10-12T05:00:00Z,159342,103896,98163,64404,55446,32783,32543,50048,35398
2024-10-12T06:00:00Z,185225,116693,115988,69461,68532,38910,38639,70372,52797
2024-10-12T07:00:00Z,179334,122237,105967,72779,57097,40773,40499,56222,37126
2024-10-12T08:00:00Z,181503,126705,109770,75961,54798,42949,42599,60535,41094
2024-10-12T09:00:00Z,192923,127026,115520,75081,65897,43131,42884,66324,46513
2024-10-12T10:00:00Z,180639,123397,110701,75085,57242,41384,41142,59665,42389
2024-10-12T11:00:00Z,177819,119626,105483,72099,58193,40918,40693,56323,38740
2024-10-12T12:00:00Z,227194,124622,167088,75558,102572,43210,42960,105613,87264
2024-10-12T13:00:00Z,209491,133362,134202,80921,76129,46194,45967,83150,64169
2024-10-12T14:00:00Z,190873,139021,115175,83540,51852,49155,48926,64577,44781
2024-10-12T15:00:00Z,201106,137469,123288,82703,63637,48482,48244,73310,53577
2024-10-12T16:00:00Z,186948,135860,115978,83987,51088,47578,47286,65550,46808
2024-10-12T17:00:00Z,184632,131001,113624,81284,53631,45114,44850,60002,42309
2024-10-12T18:00:00Z,198092,126463,129286,79586,71629,43207,42974,77019,60007
2024-10-12T19:00:00Z,176898,117906,108508,73838,58992,38964,38732,54096,38489
2024-10-12T20:00:00Z,168690,112372,106864,71421,56318,36334,36105,53826,39542
2024-10-12T21:00:00Z,159445,98391,100678,62800,61054,32105,31900,53538,40730
2024-10-12T22:00:00Z,143460,93191,90572,59692,50269,28455,28226,43545,32236
2024-10-12T23:00:00Z,139424,87177,88968,58743,52247,28230,28041,42019,31739
2024-10-13T00:00:00Z,138146,86695,98074,58130,51451,27240,26920,64273,53353
2024-10-13T01:00:00Z,163041,90441,121054,57901,72600,28342,28038,88063,76361
2024-10-13T02:00:00Z,129233,89668,87155,57649,39565,27693,27453,54368,41535
2024-10-13T03:00:00Z,158409,97260,98332,58100,61149,28359,28125,52150,39214
2024-10-13T04:00:00Z,139153,91179,89220,58264,47974,29415,29204,45545,33017
2024-10-13T05:00:00Z,152478,98728,95033,61422,53750,31262,30998,48406,35192
2024-10-13T06:00:00Z,170707,105339,111720,64977,65368,34613,34366,66309,51632
2024-10-13T07:00:00Z,168277,113146,103751,71552,55131,36445,36216,51996,35349
2024-10-13T08:00:00Z,169493,117864,104360,71734,51629,39747,39516,56907,40439
2024-10-13T09:00:00Z,182436,120497,110493,71877,61939,40863,40623,63132,46005
2024-10-13T10:00:00Z,173958,119740,107776,73519,54218,41588,41354,59311,42739
2024-10-13T11:00:00Z,179003,122860,107996,75063,56143,42817,42571,57077,39769
2024-10-13T12:00:00Z,226738,130938,166529,80369,95800,46541,46283,106483,88036
2024-10-13T13:00:00Z,219229,141603,139767,85920,77626,49181,48945,86273,66507
2024-10-13T14:00:00Z,209194,154399,124190,90959,54795,53915,53645,69525,48465
2024-10-13T15:00:00Z,215318,150770,132820,91803,64548,52831,52540,78074,56931
2024-10-13T16:00:00Z,202896,147106,124069,90220,55790,51881,51607,70874,50249
2024-10-13T17:00:00Z,201120,145612,119533,87215,55508,49746,49509,64722,45513
2024-10-13T18:00:00Z,209173,138267,132872,84559,70906,48547,48285,82010,63403
2024-10-13T19:00:00Z,185135,129236,112500,81294,55899,44133,43913,58864,42126
2024-10-13T20:00:00Z,176001,121632,110975,77065,54369,41431,41179,59117,43662
2024-10-13T21:00:00Z,174331,110971,110610,71935,63360,35971,35705,57877,44046
2024-10-13T22:00:00Z,155540,101606,97582,64742,53934,31913,31717,46904,34388
2024-10-13T23:00:00Z,143311,93582,92548,62515,49729,31448,31247,45311,34118
2024-10-14T00:00:00Z,169956,102286,108837,66326,67670,33373,33061,73013,57540
2024-10-14T01:00:00Z,197426,115115,132270,72041,82311,39252,38947,96230,77773
2024-10-14T02:00:00Z,172992,121145,104149,73150,51847,41008,40726,67934,48726
2024-10-14T03:00:00Z,200288,125650,110955,70007,74638,40859,40580,66635,46451
2024-10-14T04:00:00Z,177611,115631,101890,69321,61980,38993,38704,57366,39949
2024-10-14T05:00:00Z,191705,127238,105560,72989,64467,43694,43412,62485,42415
2024-10-14T06:00:00Z,226347,151496,125957,82044,74851,54126,53771,87808,62160
2024-10-14T07:00:00Z,233175,169947,120639,89146,63228,60639,60291,77287,49838
2024-10-14T08:00:00Z,242368,180911,125959,94539,61457,66246,65836,84272,54974
2024-10-14T09:00:00Z,252542,181665,133762,95924,70877,66598,66205,89547,60637
2024-10-14T10:00:00Z,236531,174592,128904,96137,61939,62404,62018,81438,55416
2024-10-14T11:00:00Z,246212,178540,131062,98862,67672,62684,62284,78622,52257
2024-10-14T12:00:00Z,275929,182847,171857,100136,93082,68065,67646,124585,96277
2024-10-14T13:00:00Z,274973,194610,153683,105180,80363,72301,71880,107008,78022
2024-10-14T14:00:00Z,259311,201311,138537,109182,58000,76133,75726,92018,61995
2024-10-14T15:00:00Z,263305,194480,143361,106215,68825,72316,71889,96181,67098
2024-10-14T16:00:00Z,244786,186941,136024,104571,57845,67656,67232,87562,60245
2024-10-14T17:00:00Z,238132,177854,131402,99913,60278,63798,63335,80625,55305
2024-10-14T18:00:00Z,250918,172081,146515,98496,78837,60924,60546,97059,72345
2024-10-14T19:00:00Z,228271,157759,123757,89567,70512,54457,54081,73103,50629
2024-10-14T20:00:00Z,226689,152235,125996,88736,74454,52298,51915,75876,53336
2024-10-14T21:00:00Z,215844,134433,119647,78168,81411,45387,45028,70170,51293
2024-10-14T22:00:00Z,188488,120490,106627,72284,67998,39643,39256,57728,41399
2024-10-14T23:00:00Z,179877,112807,102873,70057,67070,38809,38527,55393,40273
2024-10-15T00:00:00Z,178811,118372,116277,72317,60439,40310,39980,80529,64657
2024-10-15T01:00:00Z,194622,122808,133908,74015,71814,45054,44734,100574,81948
2024-10-15T02:00:00Z,178289,128317,107860,75147,49972,45634,45318,73095,53026
2024-10-15T03:00:00Z,191646,129886,111145,71086,61760,43749,43456,67567,47539
2024-10-15T04:00:00Z,173323,119758,103207,70781,53565,41756,41465,59070,41349
2024-10-15T05:00:00Z,195150,135453,112657,77699,59697,46214,45920,64703,44621
2024-10-15T06:00:00Z,223875,155813,130458,84754,68062,56994,56658,88983,63424
2024-10-15T07:00:00Z,229261,174184,124423,92901,55077,63028,62619,78719,50864
2024-10-15T08:00:00Z,242427,186807,130641,99540,55620,67535,67091,84288,56211
2024-10-15T09:00:00Z,251494,187134,138455,101477,64360,68198,67772,89503,61155
2024-10-15T10:00:00Z,236464,179582,131409,98717,56882,64090,63669,82154,56114
2024-10-15T11:00:00Z,238242,177645,129334,97704,60597,64005,63620,79260,52960
2024-10-15T12:00:00Z,279315,188377,175975,103660,90938,69638,69190,125805,97717
2024-10-15T13:00:00Z,275313,197869,156103,106801,77444,74977,74545,109286,79679
2024-10-15T14:00:00Z,265786,209368,144854,114400,56418,78721,78286,93604,63353
2024-10-15T15:00:00Z,264939,198536,146350,108322,66403,75024,74580,97997,68398
2024-10-15T16:00:00Z,247250,191829,136851,105576,55421,69525,69099,88080,60179
2024-10-15T17:00:00Z,241842,183286,134537,103177,58556,66026,65624,82209,56072
2024-10-15T18:00:00Z,245679,172888,142405,97797,72791,63444,63005,95203,70487
2024-10-15T19:00:00Z,225798,163221,122853,91859,62577,57502,57122,73648,50347
2024-10-15T20:00:00Z,217822,156208,123508,89600,61614,54271,53878,72791,51843
2024-10-15T21:00:00Z,212178,142725,122513,83097,69453,47966,47609,70179,51404
2024-10-15T22:00:00Z,186623,125135,107336,73963,61488,41376,41025,58316,41573
2024-10-15T23:00:00Z,182533,120173,105661,73552,62360,40363,40034,56464,40803
2024-10-16T00:00:00Z,187841,123262,119510,75093,64579,41979,41533,82037,64475
2024-10-16T01:00:00Z,207657,134815,136927,77070,72842,45260,44924,99433,80766
2024-10-16T02:00:00Z,183014,131226,109658,76989,51788,45806,45487,73013,52584
2024-10-16T03:00:00Z,197178,134364,115129,75317,62814,44197,43896,68286,48000
2024-10-16T04:00:00Z,180512,127708,105603,74551,52804,42026,41718,59782,40899
2024-10-16T05:00:00Z,197200,135038,112421,77666,62162,46427,46132,65269,44588
2024-10-16T06:00:00Z,227635,159201,132411,88692,68434,56584,56195,86925,62079
2024-10-16T07:00:00Z,231528,175638,126443,95354,55890,63077,62725,77987,50877
2024-10-16T08:00:00Z,245844,190272,135421,104798,55572,70545,70129,87191,58509
2024-10-16T09:00:00Z,252811,187747,139047,101544,65064,67924,67519,89920,61025
2024-10-16T10:00:00Z,237785,180213,131287,98691,57572,64078,63677,83266,56408
2024-10-16T11:00:00Z,236438,176372,126388,94854,60066,64511,64127,80193,52728
2024-10-16T12:00:00Z,272975,185262,171914,99717,87713,69924,69512,125511,96912
2024-10-16T13:00:00Z,264000,192219,144748,99764,71781,72861,72438,104947,74264
2024-10-16T14:00:00Z,274512,218459,149681,118181,56053,83351,82928,95706,64746
2024-10-16T15:00:00Z,262277,197986,145323,107456,64291,75355,74925,98039,68490
2024-10-16T16:00:00Z,252831,198041,141878,109905,54790,71039,70594,90436,61496
2024-10-16T17:00:00Z,242501,186215,135962,104049,56286,66581,66174,83171,56574
2024-10-16T18:00:00Z,241988,174619,141652,97525,67369,62825,62409,94283,69470
2024-10-16T19:00:00Z,223465,164148,123897,92328,59317,57870,57468,73351,50624
2024-10-16T20:00:00Z,223450,161848,129420,94108,61602,54605,54172,73590,52724
2024-10-16T21:00:00Z,214656,147575,123364,84438,67081,48598,48210,70810,51833
2024-10-16T22:00:00Z,190785,132888,109938,77022,57897,42310,41930,58263,41705
2024-10-16T23:00:00Z,182521,124299,107912,75830,58222,40328,40011,56193,41133
2024-10-17T00:00:00Z,188331,123571,124026,77452,64760,41347,40965,85341,68527
2024-10-17T01:00:00Z,203273,126406,140262,78267,76867,45131,44785,102516,84311
2024-10-17T02:00:00Z,187394,131153,113366,77679,56241,45015,44711,76124,55876
2024-10-17T03:00:00Z,199161,134769,117939,76948,64392,43597,43286,69011,49600
2024-10-17T04:00:00Z,177235,123023,107573,73772,54212,41087,40798,60246,43021
2024-10-17T05:00:00Z,193502,133853,113934,77896,59649,45440,45154,65858,45864
2024-10-17T06:00:00Z,223568,156110,133446,87256,67458,55878,55546,89137,64954
2024-10-17T07:00:00Z,230461,175516,126457,95292,54945,62511,62165,78658,51554
2024-10-17T08:00:00Z,238775,185121,130908,98937,53654,67334,66922,85941,58006
2024-10-17T09:00:00Z,250139,186925,140152,101922,63214,67751,67300,90944,63345
2024-10-17T10:00:00Z,236108,178407,133685,99656,57701,63794,63417,83865,58340
2024-10-17T11:00:00Z,237789,177716,131625,98579,60073,65191,64805,80492,54630
2024-10-17T12:00:00Z,280579,190470,177090,102830,90109,70368,69904,127677,99447
2024-10-17T13:00:00Z,281127,205328,158487,109742,75799,74929,74450,110413,80690
2024-10-17T14:00:00Z,269670,214312,143846,113339,55358,79340,78873,94367,63945
2024-10-17T15:00:00Z,267170,203788,146949,109001,63382,75066,74631,97976,68919
2024-10-17T16:00:00Z,246660,191132,134911,103958,55528,69812,69368,88728,60778
2024-10-17T17:00:00Z,240999,182310,133626,100889,58689,65451,65073,81951,56380
2024-10-17T18:00:00Z,257812,184201,146383,98190,73611,62373,61972,96098,72012
2024-10-17T19:00:00Z,229668,166763,127608,93556,62905,56911,56537,73953,51512
2024-10-17T20:00:00Z,222765,158969,127262,91200,63796,53630,53209,73284,52910
2024-10-17T21:00:00Z,210202,141529,120224,80914,68673,47081,46676,69066,50855
2024-10-17T22:00:00Z,187882,126545,107459,74345,61337,40879,40559,57406,41178
2024-10-17T23:00:00Z,178038,119261,105969,73820,58777,39590,39303,55103,40475
2024-10-18T00:00:00Z,182522,122939,118856,74507,59583,40688,40335,80670,64642
2024-10-18T01:00:00Z,197757,124907,136207,75799,72850,43989,43675,98689,80590
2024-10-18T02:00:00Z,178736,125624,108190,73326,53112,43721,43414,71546,52122
2024-10-18T03:00:00Z,195604,130936,116251,73517,64668,43201,42883,67673,47945
2024-10-18T04:00:00Z,177027,124823,108057,75466,52204,40469,40144,57727,40744
2024-10-18T05:00:00Z,190887,134342,113509,78816,56545,44520,44226,63389,43573
2024-10-18T06:00:00Z,221964,156022,130880,87084,65942,54766,54413,85693,61633
2024-10-18T07:00:00Z,234850,178313,124317,92756,56537,60469,60116,75033,49363
2024-10-18T08:00:00Z,241156,186977,127733,96874,54179,64928,64540,81826,55185
2024-10-18T09:00:00Z,241542,180330,134984,98088,61212,65637,65257,87443,60143
2024-10-18T10:00:00Z,227833,173918,129025,97323,53915,62259,61850,80476,54993
2024-10-18T11:00:00Z,233556,175460,131238,99278,58096,60995,60623,75714,51065
2024-10-18T12:00:00Z,270407,182390,174986,100608,88017,65517,65109,121234,95262
2024-10-18T13:00:00Z,269660,190772,158245,106486,78888,70099,69722,105833,78645
2024-10-18T14:00:00Z,258001,201904,145565,113165,56097,72977,72542,88669,60592
2024-10-18T15:00:00Z,263584,198354,149257,109821,65230,68713,68293,92383,65370
2024-10-18T16:00:00Z,244207,190545,139488,106902,53662,64931,64496,83303,57581
2024-10-18T17:00:00Z,233752,177633,134795,102758,56119,60702,60303,76890,52822
2024-10-18T18:00:00Z,241972,173344,145121,99067,68628,57431,57048,90679,68343
2024-10-18T19:00:00Z,218965,156770,125963,92900,62195,51941,51597,67316,47257
2024-10-18T20:00:00Z,210739,150856,123512,89275,59883,48697,48311,68105,48396
2024-10-18T21:00:00Z,200665,133113,120254,80782,67552,42030,41644,65230,48770
2024-10-18T22:00:00Z,180303,120007,109200,74896,60296,36113,35778,53952,39069
2024-10-18T23:00:00Z,175389,114631,106552,72432,60758,34866,34588,51195,37986
2024-10-19T00:00:00Z,165665,105047,115068,68557,60618,32651,32314,74261,60977
2024-10-19T01:00:00Z,179209,104335,129079,68024,74874,32056,31758,87178,74226
2024-10-19T02:00:00Z,150451,100532,99656,64306,49919,31062,30721,59178,45325
2024-10-19T03:00:00Z,172034,107863,109453,66125,64171,31266,30988,55319,41485
2024-10-19T04:00:00Z,157683,102277,99173,65274,55406,31776,31524,50493,36355
2024-10-19T05:00:00Z,166628,110554,105393,69544,56074,33961,33722,53089,37849
2024-10-19T06:00:00Z,187268,115633,121115,71930,71635,37405,37145,69845,52937
2024-10-19T07:00:00Z,179686,118107,109803,72813,61579,38859,38611,56434,38649
2024-10-19T08:00:00Z,180825,124907,112896,77101,55918,40623,40366,59538,41660
2024-10-19T09:00:00Z,195375,128455,120534,78651,66920,41328,41092,65314,47133
2024-10-19T10:00:00Z,189852,127041,113629,78661,62811,41966,41718,64552,43598
2024-10-19T11:00:00Z,189714,134955,113207,81349,54759,42872,42632,58453,39773
2024-10-19T12:00:00Z,235653,139771,169807,84325,95882,45375,45112,106906,87313
2024-10-19T13:00:00Z,218403,143129,139762,87979,75274,47739,47501,85662,64994
2024-10-19T14:00:00Z,204736,154457,125849,95062,50279,51252,50995,67402,46436
2024-10-19T15:00:00Z,222344,156603,135740,94715,65741,51219,50958,76156,55185
2024-10-19T16:00:00Z,218553,164422,127374,92671,54131,50481,50186,69463,48977
2024-10-19T17:00:00Z,215588,162438,125555,91797,53150,47825,47584,63184,44219
2024-10-19T18:00:00Z,220847,148139,139325,89879,72708,45434,45176,78271,60272
2024-10-19T19:00:00Z,198868,139567,120379,86186,59301,40857,40613,56376,40299
2024-10-19T20:00:00Z,175551,122977,114250,81270,52574,37961,37721,55748,40926
2024-10-19T21:00:00Z,176867,115441,114469,76905,61426,34495,34267,55675,42531
2024-10-19T22:00:00Z,153942,104606,98374,69168,49336,29961,29747,44930,33125
2024-10-19T23:00:00Z,149384,99484,97424,68759,49900,29558,29359,43430,32459
2024-10-20T00:00:00Z,146505,95769,104387,66912,50736,27954,27628,64468,52832
2024-10-20T01:00:00Z,174290,99299,132539,68999,74991,29033,28754,88810,76795
2024-10-20T02:00:00Z,141462,101489,99588,68071,39973,28321,28076,54251,42242
2024-10-20T03:00:00Z,176886,111710,113530,70842,65176,29451,29229,53909,40546
2024-10-20T04:00:00Z,159226,105843,104228,70057,53383,30671,30432,46873,34403
2024-10-20T05:00:00Z,165862,111860,106192,71640,54002,32726,32505,49764,36277
2024-10-20T06:00:00Z,182644,118317,122833,76291,64327,35651,35395,67794,52598
2024-10-20T07:00:00Z,172729,121743,108131,78006,50986,37516,37272,52432,36321
2024-10-20T08:00:00Z,173165,127419,109821,80819,45746,39828,39591,57224,40388
2024-10-20T09:00:00Z,190033,129876,117870,80962,60157,41576,41325,63913,46541
2024-10-20T10:00:00Z,181590,130381,113966,82041,51209,42797,42544,60865,43548
2024-10-20T11:00:00Z,187995,134088,115739,83907,53907,43690,43489,58150,40548
2024-10-20T12:00:00Z,239043,139578,173868,86822,99465,47044,46736,107929,88558
2024-10-20T13:00:00Z,227769,149477,147443,92022,78292,50727,50467,88100,67207
2024-10-20T14:00:00Z,213476,159336,132287,99184,54140,54578,54333,71254,49673
2024-10-20T15:00:00Z,219333,157796,135116,96412,61537,54234,53975,79138,57517
2024-10-20T16:00:00Z,210747,159026,125945,95097,51721,55189,54917,72382,51121
2024-10-20T17:00:00Z,201511,154387,124130,96105,47124,51653,51420,66958,46875
2024-10-20T18:00:00Z,215434,146244,138990,92143,69190,50034,49782,84240,65085
2024-10-20T19:00:00Z,197029,139305,120246,88026,57724,44877,44657,59528,42524
2024-10-20T20:00:00Z,184068,129392,118494,84321,54676,41457,41226,59616,43479
2024-10-20T21:00:00Z,187006,121100,120622,79156,65906,37524,37254,60541,45145
2024-10-20T22:00:00Z,166183,109597,108811,73693,56586,32794,32560,48950,36005
2024-10-20T23:00:00Z,160294,105144,105170,71997,55150,33253,33052,47835,36060
2024-10-21T00:00:00Z,184933,114182,118293,73548,70751,35608,35279,76801,60882
2024-10-21T01:00:00Z,204924,119591,138409,77064,85333,40828,40533,99545,81312
2024-10-21T02:00:00Z,177958,130196,109638,80767,47762,42881,42605,69946,49559
2024-10-21T03:00:00Z,207367,133108,117557,77868,74259,42090,41784,67763,47425
2024-10-21T04:00:00Z,192839,127541,109372,77994,65298,40443,40145,59247,40619
2024-10-21T05:00:00Z,202113,138122,115997,83126,63991,44908,44602,63541,43038
2024-10-21T06:00:00Z,233045,159628,133054,90293,73417,54943,54601,86306,61015
2024-10-21T07:00:00Z,240846,173873,128342,94982,66973,61763,61422,77977,50035
2024-10-21T08:00:00Z,253255,187943,131515,98307,65312,67005,66566,84798,55489
2024-10-21T09:00:00Z,258828,185223,138608,99235,73605,67310,66923,90119,61013
2024-10-21T10:00:00Z,242450,179834,132304,100055,62616,64373,63991,83630,56396
2024-10-21T11:00:00Z,243634,180303,129348,99434,63331,65174,64787,81119,52997
2024-10-21T12:00:00Z,280216,186977,174411,104138,93239,70346,69930,125774,96798
2024-10-21T13:00:00Z,281024,202791,157684,111065,78233,75722,75291,109490,79225
2024-10-21T14:00:00Z,274454,213705,146326,116703,60749,80107,79667,96273,64481
2024-10-21T15:00:00Z,273583,202650,148290,111145,70933,75823,75361,99226,69436
2024-10-21T16:00:00Z,254635,192639,139333,106974,61996,70870,70430,91079,62483
2024-10-21T17:00:00Z,255139,187946,138726,105020,67193,67163,66742,85601,58017
2024-10-21T18:00:00Z,263045,180633,152698,103556,82412,64384,63974,99206,73663
2024-10-21T19:00:00Z,243702,171701,132780,97648,72001,60070,59646,78081,53580
2024-10-21T20:00:00Z,236926,167482,133780,98549,69444,55520,55121,76218,54358
2024-10-21T21:00:00Z,221257,146887,125624,86969,74370,48029,47658,71321,52004
2024-10-21T22:00:00Z,197380,132380,111564,79657,65000,42316,41987,60129,42482
2024-10-21T23:00:00Z,192527,129789,110054,79639,62738,41748,41456,57611,41553
2024-10-22T00:00:00Z,194749,132237,126805,82616,62512,42784,42423,84093,66583
2024-10-22T01:00:00Z,213886,136119,147679,84594,77767,46385,46045,104440,85263
2024-10-22T02:00:00Z,192946,141567,119333,84777,51379,47102,46797,74543,53768
2024-10-22T03:00:00Z,217774,147741,131400,86822,70033,45740,45387,71935,50908
2024-10-22T04:00:00Z,194836,136347,116907,82048,58489,43340,42989,63252,44079
2024-10-22T05:00:00Z,206238,142936,120130,84022,63302,46851,46555,66829,46012
2024-10-22T06:00:00Z,236484,165770,139666,93401,70714,57256,56903,90619,64938
2024-10-22T07:00:00Z,235623,180180,127655,97357,55443,63211,62857,79235,50987
2024-10-22T08:00:00Z,254288,195314,134546,103816,58974,68710,68288,86783,56546
2024-10-22T09:00:00Z,260556,194268,142037,104689,66288,68739,68308,91846,62187
2024-10-22T10:00:00Z,245538,188340,137279,105048,57198,65228,64840,84280,56724
2024-10-22T11:00:00Z,252232,189242,139096,105749,62990,65930,65558,80795,54112
2024-10-22T12:00:00Z,282848,190560,179959,106151,92288,70698,70294,126921,98518
2024-10-22T13:00:00Z,279534,202309,161773,111704,77225,75984,75570,109218,79290
2024-10-22T14:00:00Z,267236,211144,147658,116261,56092,79500,79093,94473,64022
2024-10-22T15:00:00Z,273077,206049,152935,114251,67028,76529,76060,99544,69834
2024-10-22T16:00:00Z,257170,201111,145730,113815,56059,72105,71656,91667,63482
2024-10-22T17:00:00Z,256228,197880,141648,110067,58348,67559,67137,85182,57884
2024-10-22T18:00:00Z,258863,186573,152076,106747,72290,65098,64673,98972,73132
2024-10-22T19:00:00Z,236471,175561,133587,101771,60910,59780,59374,75783,52792
2024-10-22T20:00:00Z,226615,164951,133623,98697,61664,55624,55212,74031,53293
2024-10-22T21:00:00Z,218953,147491,129934,89169,71462,48586,48226,70660,51900
2024-10-22T22:00:00Z,202157,137809,120983,86045,64348,42747,42422,60253,43051
2024-10-22T23:00:00Z,191151,130879,111096,78237,60272,42263,41968,57283,41538
2024-10-23T00:00:00Z,199404,134655,130286,84260,64749,42859,42496,84498,66444
2024-10-23T01:00:00Z,212810,136370,141903,81818,76440,45954,45615,100043,81029
2024-10-23T02:00:00Z,187169,137605,115775,82281,49564,46126,45812,73223,53304
2024-10-23T03:00:00Z,211930,143837,125305,83675,68093,44864,44542,70090,49590
2024-10-23T04:00:00Z,196848,133159,118181,83074,63689,42308,41996,62800,44255
2024-10-23T05:00:00Z,204312,141333,119057,85017,62979,46200,45889,66265,45518
2024-10-23T06:00:00Z,234813,163219,134149,89377,71594,55696,55343,87512,62631
2024-10-23T07:00:00Z,235901,174560,130602,96912,61341,61980,61617,78011,51273
2024-10-23T08:00:00Z,249481,186851,136753,101816,62630,67390,66996,85721,57769
2024-10-23T09:00:00Z,257876,188560,142515,101860,69316,67385,67004,90309,62207
2024-10-23T10:00:00Z,239115,177295,133239,97950,61820,63757,63393,82621,56866
2024-10-23T11:00:00Z,246155,182126,135668,102237,64029,65405,65013,80839,54588
2024-10-23T12:00:00Z,283420,189299,181261,105652,94121,70933,70498,128605,100676
2024-10-23T13:00:00Z,269698,197031,150577,104071,72667,76601,76169,109344,78728
2024-10-23T14:00:00Z,268961,210927,146486,115168,58034,79928,79437,95333,65158
2024-10-23T15:00:00Z,274972,206205,151783,112781,68767,76059,75568,101205,70793
2024-10-23T16:00:00Z,250976,196008,143862,110354,54968,71395,70908,92229,63761
2024-10-23T17:00:00Z,242695,187827,140290,105219,54868,67242,66810,86090,58945
2024-10-23T18:00:00Z,253170,185140,157009,107522,68030,64979,64566,99658,74661
2024-10-23T19:00:00Z,228478,176460,137575,101982,52018,58571,58204,75266,52787
2024-10-23T20:00:00Z,219876,169013,134866,99540,50863,55547,55115,74781,54388
2024-10-23T21:00:00Z,206821,151535,128591,88953,55286,48250,47879,70558,52191
2024-10-23T22:00:00Z,185170,135988,115989,83243,49182,42014,41685,59099,42292
2024-10-23T23:00:00Z,185255,138448,112155,79835,46807,43778,43453,59426,41173
2024-10-24T00:00:00Z,190792,126408,125810,79232,64384,41763,41403,84666,67677
2024-10-24T01:00:00Z,206418,129622,141702,79185,76796,45122,44769,102238,83433
2024-10-24T02:00:00Z,186347,136870,117263,81915,49477,45361,45053,73579,53555
2024-10-24T03:00:00Z,201090,144375,125801,83169,56715,45135,44842,69475,49166
2024-10-24T04:00:00Z,175911,131487,113111,80263,44424,42224,41919,60237,42098
2024-10-24T05:00:00Z,188542,141067,117235,82771,47475,46662,46368,65614,44971
2024-10-24T06:00:00Z,222834,165371,137764,93306,57463,56911,56560,89235,64139
2024-10-24T07:00:00Z,245643,202163,132243,101427,43480,63349,62973,77400,50770
2024-10-24T08:00:00Z,246133,200269,137364,106227,45864,68265,67828,85337,57267
2024-10-24T09:00:00Z,241257,189464,140719,103387,51793,67613,67218,89091,61246
2024-10-24T10:00:00Z,224364,178355,131652,98868,46009,63689,63256,81936,56129
2024-10-24T11:00:00Z,236501,183913,135812,102645,52588,64423,64043,79892,53902
2024-10-24T12:00:00Z,280028,190079,181780,106119,89949,70108,69695,126823,99331
2024-10-24T13:00:00Z,268191,199158,160792,109250,69033,74696,74277,110124,80789
2024-10-24T14:00:00Z,262599,210721,148616,117086,51878,78639,78184,95969,64872
2024-10-24T15:00:00Z,265581,204676,150725,111222,60905,74760,74269,99058,69651
2024-10-24T16:00:00Z,244979,191061,139147,106367,53918,70218,69747,90317,62259
2024-10-24T17:00:00Z,236546,185209,136887,104571,51337,65756,65309,82522,56460
2024-10-24T18:00:00Z,242833,179223,149290,104099,63610,62904,62469,94698,70732
2024-10-24T19:00:00Z,225742,172064,130895,97733,53678,57608,57218,73852,51357
2024-10-24T20:00:00Z,218954,164214,131961,96055,54740,54753,54351,74234,53084
2024-10-24T21:00:00Z,203994,145667,123406,84374,58327,47712,47358,69260,50673
2024-10-24T22:00:00Z,180665,130450,111935,78501,50215,40949,40616,58073,41357
2024-10-24T23:00:00Z,174410,123808,109987,77113,50602,39607,39314,55723,40487
2024-10-25T00:00:00Z,186816,123509,123805,78226,63307,40169,39802,81296,64651
2024-10-25T01:00:00Z,203420,127836,142060,80397,75584,43601,43264,99677,81492
2024-10-25T02:00:00Z,175410,128927,109159,77588,46483,43575,43282,70664,51673
2024-10-25T03:00:00Z,189528,134365,118090,77870,55163,42692,42407,66548,47707
2024-10-25T04:00:00Z,170344,125571,107302,77416,44773,39823,39536,57705,40108
2024-10-25T05:00:00Z,185962,134771,113564,81148,51191,43868,43567,63076,42628
2024-10-25T06:00:00Z,219812,158398,135509,90469,61414,53841,53444,86605,62729
2024-10-25T07:00:00Z,225344,175299,130727,98249,50045,59874,59520,75531,49617
2024-10-25T08:00:00Z,238303,186773,135388,102395,51530,65308,64911,82790,55274
2024-10-25T09:00:00Z,246492,184352,140202,101057,62140,64296,63897,86975,60398
2024-10-25T10:00:00Z,225481,170609,130777,96696,54872,59798,59414,78296,54210
2024-10-25T11:00:00Z,239686,182254,133277,100668,57432,60390,60030,77849,51663
2024-10-25T12:00:00Z,275306,181821,180702,102957,93485,64129,63731,124089,96928
2024-10-25T13:00:00Z,269976,192706,160386,108295,77270,69181,68772,106695,78606
2024-10-25T14:00:00Z,264308,209615,153738,120922,54693,72007,71603,89723,62027
2024-10-25T15:00:00Z,260548,196261,153226,112566,64287,68575,68139,92874,66313
2024-10-25T16:00:00Z,243151,186237,142965,108571,56914,63808,63352,83402,58466
2024-10-25T17:00:00Z,229619,176725,136073,103957,52894,59262,58872,76309,52723
2024-10-25T18:00:00Z,238919,170759,148605,100862,68160,56795,56391,90498,68368
2024-10-25T19:00:00Z,219266,159810,131571,96739,59456,51699,51326,67538,47692
2024-10-25T20:00:00Z,203768,147944,125182,90287,55824,48170,47781,66731,48237
2024-10-25T21:00:00Z,196049,133853,121332,82570,62196,41984,41639,65009,48075
2024-10-25T22:00:00Z,176408,120512,108819,75224,55896,35992,35693,53364,38619
2024-10-25T23:00:00Z,165842,113279,99002,68360,52563,34198,33917,49259,36130
2024-10-26T00:00:00Z,176653,109383,116447,69332,67270,31978,31600,76967,61672
2024-10-26T01:00:00Z,177458,104806,126906,66269,72652,31781,31469,87356,74605
2024-10-26T02:00:00Z,149068,103863,98770,64760,45205,30225,29939,57328,44148
2024-10-26T03:00:00Z,173220,110531,108317,65050,62689,30371,30096,54450,40480
2024-10-26T04:00:00Z,152601,101964,96706,63518,50637,31018,30760,47619,34564
2024-10-26T05:00:00Z,158778,105398,100444,65460,53380,32255,31993,50322,35980
2024-10-26T06:00:00Z,179126,115137,116776,70214,63989,36236,35968,67765,51183
2024-10-26T07:00:00Z,169769,117448,104747,71776,52321,37572,37279,53795,36977
2024-10-26T08:00:00Z,167194,119583,105063,72914,47611,39615,39332,57799,40543
2024-10-26T09:00:00Z,183184,123515,114418,75094,59669,40639,40405,64004,46076
2024-10-26T10:00:00Z,173222,124563,110566,77674,48659,40618,40384,59518,42492
2024-10-26T11:00:00Z,173815,124579,110508,78190,49236,41074,40852,56318,39157
2024-10-26T12:00:00Z,227899,127869,170336,80009,100030,43777,43547,106818,88668
2024-10-26T13:00:00Z,210538,137292,138752,84508,73246,46646,46414,84630,65389
2024-10-26T14:00:00Z,201309,152029,124641,91537,49280,50657,50439,66627,46664
2024-10-26T15:00:00Z,209192,150297,131682,89591,58895,50781,50485,76133,55057
2024-10-26T16:00:00Z,199795,148377,120851,87105,51418,49399,49126,68139,48712
2024-10-26T17:00:00Z,183313,137483,116250,85526,45830,46696,46470,61454,43651
2024-10-26T18:00:00Z,197528,132240,132870,84212,65288,44795,44518,79060,61559
2024-10-26T19:00:00Z,169160,118321,107978,75430,50839,38822,38609,54000,38577
2024-10-26T20:00:00Z,161841,112584,106776,72449,49257,36074,35853,53643,39568
2024-10-26T21:00:00Z,161382,103863,107356,68243,57519,33063,32836,54360,41661
2024-10-26T22:00:00Z,141044,93971,93058,61615,47073,29550,29343,44589,32887
2024-10-26T23:00:00Z,140133,92793,93805,62933,47340,29173,28932,43229,32611
2024-10-27T00:00:00Z,141862,88437,102516,60400,53425,27620,27295,65264,54097
2024-10-27T01:00:00Z,164033,88523,126752,60050,75510,28505,28247,89186,78104
2024-10-27T02:00:00Z,126152,88368,87893,57605,37784,27619,27389,53053,41119
2024-10-27T03:00:00Z,156868,99273,100716,60245,57595,28342,28104,51955,39492
2024-10-27T04:00:00Z,139782,94485,92999,61841,45297,28683,28470,44692,32790
2024-10-27T05:00:00Z,147827,97890,95617,62614,49937,30446,30239,47218,34393
2024-10-27T06:00:00Z,161824,101463,112003,64977,60361,32980,32746,64688,50576
2024-10-27T07:00:00Z,157175,109233,98762,67478,47942,35434,35214,50572,34988
2024-10-27T08:00:00Z,161331,117453,103800,72842,43878,38393,38161,55614,39415
2024-10-27T09:00:00Z,181966,122773,114445,74731,59193,39884,39652,62897,46000
2024-10-27T10:00:00Z,175749,126406,113160,78652,49343,41539,41322,59854,43002
2024-10-27T11:00:00Z,182052,131035,113582,80021,51017,43144,42921,57381,39912
2024-10-27T12:00:00Z,235572,137633,172980,83076,97939,46554,46313,108269,89174
2024-10-27T13:00:00Z,212508,140796,139316,85210,71712,48760,48534,86090,65883
2024-10-27T14:00:00Z,197628,150631,123632,92087,46997,52756,52482,68714,48050
2024-10-27T15:00:00Z,213009,151206,134159,92798,61803,52962,52677,78110,56902
2024-10-27T16:00:00Z,199928,149902,125598,92738,50026,51808,51519,70641,50344
2024-10-27T17:00:00Z,191328,145637,120922,90466,45691,49805,49574,65111,46011
2024-10-27T18:00:00Z,205391,141832,135742,88644,63559,48280,48041,80884,62238
2024-10-27T19:00:00Z,183146,131662,114788,81805,51484,43950,43731,59465,42846
2024-10-27T20:00:00Z,177712,127273,114482,80280,50439,41261,41025,60286,44000
2024-10-27T21:00:00Z,179885,119691,116771,76268,60194,38127,37894,59910,45496
2024-10-27T22:00:00Z,156977,107731,100760,68666,49246,35073,34850,50748,37392
2024-10-27T23:00:00Z,154327,105427,99649,68954,48900,34815,34605,49374,36859
2024-10-28T00:00:00Z,179370,112060,114286,72721,67310,36382,36045,76437,60239
2024-10-28T01:00:00Z,202532,118479,136529,74435,84053,41768,41457,100751,82157
2024-10-28T02:00:00Z,183166,132488,108397,78912,50678,43402,43119,69919,49711
2024-10-28T03:00:00Z,205395,132807,116140,75942,72588,42582,42277,69043,48401
2024-10-28T04:00:00Z,188486,122957,108587,75316,65529,39199,38897,58936,40821
2024-10-28T05:00:00Z,191747,128335,110937,76796,63412,42228,41936,61652,42123
2024-10-28T06:00:00Z,218657,143797,128176,82734,74860,49882,49548,83652,60006
2024-10-28T07:00:00Z,220118,157920,121045,88300,62198,54939,54570,72098,47145
2024-10-28T08:00:00Z,237207,174181,127470,95344,63026,61716,61338,79965,53232
2024-10-28T09:00:00Z,250833,182432,136215,98747,68401,64936,64539,87225,59540
2024-10-28T10:00:00Z,240297,178582,131855,99179,61715,63611,63218,81870,55402
2024-10-28T11:00:00Z,243827,181046,135237,103107,62781,63468,63086,78871,52475
2024-10-28T12:00:00Z,279012,183046,174759,102027,95966,66861,66405,124290,96329
2024-10-28T13:00:00Z,273444,194545,157034,107218,78899,72434,71948,107967,78673
2024-10-28T14:00:00Z,251812,195764,133320,105107,56048,75141,74679,90970,60151
2024-10-28T15:00:00Z,267820,199257,145706,108572,68563,75309,74840,98552,68205
2024-10-28T16:00:00Z,260538,200953,140043,108883,59585,72309,71807,91404,62846
2024-10-28T17:00:00Z,255600,192043,137797,104890,63557,66836,66429,85362,58270
2024-10-28T18:00:00Z,266927,178028,144818,98857,88899,62222,61796,102103,71862
2024-10-28T19:00:00Z,240851,173176,129454,96207,67675,57603,57202,76033,52292
2024-10-28T20:00:00Z,232336,163695,128537,93379,68641,54935,54496,75491,53537
2024-10-28T21:00:00Z,228760,151733,127626,86660,77027,49034,48637,75073,54193
2024-10-28T22:00:00Z,205417,138443,114472,79244,66974,44507,44155,64275,45415
2024-10-28T23:00:00Z,203893,135805,112181,78245,68088,42667,42281,61113,43738
2024-10-29T00:00:00Z,208163,136975,123830,77109,71188,43181,42786,86713,67985
2024-10-29T01:00:00Z,221650,135501,141795,76678,86149,46312,45965,106357,85816
2024-10-29T02:00:00Z,199736,142695,114161,79826,57041,46985,46660,75868,54225
2024-10-29T03:00:00Z,207851,141410,121928,79320,66441,44770,44460,70638,49538
2024-10-29T04:00:00Z,187909,131098,110414,76801,56811,40676,40386,58675,41253
2024-10-29T05:00:00Z,195867,136804,113513,78640,59063,43091,42795,61802,42722
2024-10-29T06:00:00Z,218764,153075,130375,86781,65689,50529,50196,81052,58637
2024-10-29T07:00:00Z,218968,164869,121429,89807,54099,55512,55173,71475,47157
2024-10-29T08:00:00Z,234352,180458,131488,100222,53894,62288,61904,79626,53366
2024-10-29T09:00:00Z,250310,188128,138687,100973,62182,66127,65707,87649,59967
2024-10-29T10:00:00Z,238896,184092,135532,103131,54804,64343,63953,81973,56196
2024-10-29T11:00:00Z,239179,183130,133455,100799,56049,63518,63129,78761,53210
2024-10-29T12:00:00Z,280357,190592,178995,104509,89765,67819,67395,124976,97420
2024-10-29T13:00:00Z,274158,202226,156693,107110,71932,72794,72365,107202,78270
2024-10-29T14:00:00Z,257997,205016,140853,111089,52981,77186,76707,92958,62382
2024-10-29T15:00:00Z,262570,201679,145432,109327,60891,75744,75268,97933,68224
2024-10-29T16:00:00Z,259609,200432,142494,111208,59177,73548,73059,92970,63401
2024-10-29T17:00:00Z,252254,193961,139789,106601,58293,67738,67295,84864,58469
2024-10-29T18:00:00Z,252187,179549,147647,98819,72638,63412,62991,98217,73011
2024-10-29T19:00:00Z,231056,170819,131663,97070,60237,59227,58843,75615,52815
2024-10-29T20:00:00Z,226813,163424,131451,94422,63389,56406,55987,76629,54710
2024-10-29T21:00:00Z,224194,151650,130535,89306,72544,50395,50019,75826,54288
2024-10-29T22:00:00Z,204405,136969,116932,82294,67436,45530,45171,65887,45294
2024-10-29T23:00:00Z,189209,131194,114732,81728,58015,44134,43814,60155,43997
2024-10-30T00:00:00Z,198974,129512,126699,80090,69462,43826,43442,87263,68317
2024-10-30T01:00:00Z,212628,129776,142673,78706,82852,46635,46275,105881,85270
2024-10-30T02:00:00Z,190951,132477,111382,78014,58474,46250,45924,76432,53061
2024-10-30T03:00:00Z,202187,140010,122781,80905,62177,43965,43667,69240,49029
2024-10-30T04:00:00Z,180066,127812,111463,78148,52254,41208,40905,58874,42100
2024-10-30T05:00:00Z,177994,133283,106620,78808,44711,43485,43164,61945,43222
2024-10-30T06:00:00Z,188221,139289,110572,78022,48932,49847,49559,75038,52555
2024-10-30T07:00:00Z,208771,156291,118195,85981,52480,55787,55497,71757,46718
2024-10-30T08:00:00Z,224305,173986,124788,94714,50319,63065,62707,80926,53746
2024-10-30T09:00:00Z,245299,183883,137961,100130,61416,65629,65239,87453,60786
2024-10-30T10:00:00Z,233106,179355,130507,98284,53751,63318,62952,80836,55706
2024-10-30T11:00:00Z,233953,177785,132808,100727,56168,62845,62412,77882,53054
2024-10-30T12:00:00Z,268172,180133,174088,100645,88039,66469,65996,122776,96510
2024-10-30T13:00:00Z,264676,191661,155402,105356,73015,72278,71840,106675,79141
2024-10-30T14:00:00Z,257695,204529,141776,110721,53166,77088,76580,92196,62225
2024-10-30T15:00:00Z,264593,199624,146372,108762,64969,75179,74697,99379,68687
2024-10-30T16:00:00Z,249612,196098,139688,108960,53514,71571,71073,90037,61781
2024-10-30T17:00:00Z,243721,189559,139379,106829,54162,67230,66817,82834,57267
2024-10-30T18:00:00Z,244881,177569,150007,102488,67312,62678,62232,94917,71501
2024-10-30T19:00:00Z,234661,166745,128334,95728,67916,57813,57393,77086,51552
2024-10-30T20:00:00Z,219143,162689,129523,95047,56454,55272,54870,74085,53483
2024-10-30T21:00:00Z,221592,148410,125139,86782,73182,49310,48917,74981,52404
2024-10-30T22:00:00Z,199008,137315,113879,81660,61693,44348,43972,62915,43331
2024-10-30T23:00:00Z,186435,129326,111652,79665,57109,42959,42600,59238,42573
2024-10-31T00:00:00Z,193576,131575,128168,82613,62001,42929,42523,83607,66579
2024-10-31T01:00:00Z,217703,129836,143749,80321,87867,44708,44362,105820,84031
2024-10-31T02:00:00Z,187305,131699,111868,78410,55606,44409,44090,73647,51920
2024-10-31T03:00:00Z,194879,134552,119109,77782,60327,42202,41888,65435,47448
2024-10-31T04:00:00Z,172301,122628,106093,74186,49673,38209,37942,55037,39476
2024-10-31T05:00:00Z,173410,120061,105876,72182,53349,39128,38841,56826,40132
2024-10-31T06:00:00Z,203827,135025,124089,77218,68802,45829,45521,80357,59454
2024-10-31T07:00:00Z,208080,150246,115873,82886,57834,51373,51058,68009,45234
2024-10-31T08:00:00Z,223581,165003,124598,91107,58578,57740,57361,76334,51604
2024-10-31T09:00:00Z,235732,172003,133290,94404,63729,59833,59465,81716,56891
2024-10-31T10:00:00Z,228831,170299,129903,95691,58532,58465,58074,76052,52903
2024-10-31T11:00:00Z,230151,171023,131208,96819,59128,58983,58598,73398,50564
2024-10-31T12:00:00Z,267888,174573,178192,99507,93315,62678,62275,120513,96162
2024-10-31T13:00:00Z,262790,185331,155020,102088,77459,67936,67504,103196,77042
2024-10-31T14:00:00Z,256443,202897,142428,110686,53546,72936,72487,87695,60357
2024-10-31T15:00:00Z,258918,198337,148920,110855,60581,71710,71268,94033,67519
2024-10-31T16:00:00Z,243858,190999,139731,108244,52859,67491,67070,84552,59521
2024-10-31T17:00:00Z,231613,178252,133423,102226,53361,62055,61665,77000,54078
2024-10-31T18:00:00Z,237687,169913,147153,100123,67774,57716,57298,89755,68342
2024-10-31T19:00:00Z,228727,160164,130301,95254,68563,52982,52604,72963,49580
2024-10-31T20:00:00Z,218454,156157,129514,92340,62297,50175,49779,70770,51179
2024-10-31T21:00:00Z,206422,140554,126712,86396,65868,45579,45213,67653,50751
2024-10-31T22:00:00Z,197933,127970,111890,77760,69963,40437,40093,60576,41176
2024-10-31T23:00:00Z,193024,121839,109606,77461,71185,38976,38674,59167,40488
2024-11-01T00:00:00Z,197569,119259,119355,77079,78310,38149,37749,81437,61552
2024-11-01T01:00:00Z,224064,121487,145577,77249,102577,40890,40538,109106,86781
2024-11-01T02:00:00Z,185247,123210,106052,75397,62037,39884,39576,70414,48256
2024-11-01T03:00:00Z,206219,127765,116675,75051,78454,38739,38438,68485,47472
2024-11-01T04:00:00Z,182840,108386,104083,69312,74454,34215,33946,57876,38115
2024-11-01T05:00:00Z,189413,115326,107619,71357,74087,36151,35866,60456,39583
2024-11-01T06:00:00Z,205463,128056,121961,76284,77407,42755,42451,77796,54944
2024-11-01T07:00:00Z,198165,136942,114408,80122,61223,46276,45973,62709,41942
2024-11-01T08:00:00Z,208070,150458,119486,85651,57612,50909,50560,69675,47476
2024-11-01T09:00:00Z,218585,153309,127100,88064,65276,52853,52524,75949,53409
2024-11-01T10:00:00Z,210730,152314,121748,87930,58416,51349,51015,69876,49301
2024-11-01T11:00:00Z,214306,154254,124239,90579,60052,52021,51679,66840,46031
2024-11-01T12:00:00Z,258618,160051,176089,94746,98567,55202,54821,115265,92776
2024-11-01T13:00:00Z,249381,170920,150891,98312,78461,59894,59524,96411,72162
2024-11-01T14:00:00Z,244054,186851,141034,108141,57203,64971,64588,81400,56153
2024-11-01T15:00:00Z,266931,204016,137318,98372,62915,62889,62507,84195,60241
2024-11-01T16:00:00Z,237172,176114,137294,100792,61058,60896,60483,79817,55807
2024-11-01T17:00:00Z,231929,173282,135782,101482,58647,58422,58040,72720,50725
2024-11-01T18:00:00Z,235977,163421,145283,96769,72556,54575,54194,85660,64906
2024-11-01T19:00:00Z,218023,156276,125373,90594,61747,49944,49564,66279,46987
2024-11-01T20:00:00Z,206360,145858,122139,87032,60502,46772,46404,65312,47561
2024-11-01T21:00:00Z,203964,135465,121470,82284,68499,42181,41818,65328,48435
2024-11-01T22:00:00Z,184745,125564,112484,78421,59181,37479,37156,55333,40290
2024-11-01T23:00:00Z,175925,117595,105793,72344,58330,35593,35316,52014,38932
2024-11-02T00:00:00Z,173854,104737,123232,68412,69117,33162,32826,82116,69257
2024-11-02T01:00:00Z,176566,100223,132355,66381,76343,32013,31724,90577,77825
2024-11-02T02:00:00Z,144495,96877,100505,63231,47618,29886,29657,56604,44446
2024-11-02T03:00:00Z,167288,105004,109684,64278,62284,29730,29499,53196,40070
2024-11-02T04:00:00Z,144664,96985,95619,61980,47679,29277,29045,44993,33147
2024-11-02T05:00:00Z,148484,98826,98792,63900,49658,29873,29662,46430,34224
2024-11-02T06:00:00Z,164380,106279,113061,68242,58101,32782,32548,62653,48712
2024-11-02T07:00:00Z,155647,107145,100624,68589,48502,33949,33725,48360,33800
2024-11-02T08:00:00Z,163362,114165,106404,71529,49197,36353,36109,53789,38069
2024-11-02T09:00:00Z,175571,114699,114068,71715,60872,37331,37111,59871,44150
2024-11-02T10:00:00Z,167268,115105,108614,71586,52163,38450,38229,56120,40493
2024-11-02T11:00:00Z,175216,121484,111690,75845,53732,39706,39484,54855,38204
2024-11-02T12:00:00Z,220880,123326,165537,76057,97554,42593,42342,102722,85598
2024-11-02T13:00:00Z,206070,135050,134936,81566,71020,45665,45439,83566,64251
2024-11-02T14:00:00Z,192223,146121,116517,85070,46102,48477,48240,64187,44970
2024-11-02T15:00:00Z,192916,137368,124661,85515,55548,48444,48195,72191,53581
2024-11-02T16:00:00Z,187757,141284,121608,88292,46473,47902,47607,65215,47023
2024-11-02T17:00:00Z,187599,136201,121226,86060,51398,46195,45970,60467,43492
2024-11-02T18:00:00Z,205336,140444,129322,80609,64892,47468,47219,74443,58306
2024-11-02T19:00:00Z,178325,126215,111709,77081,52110,39921,39687,53988,39117
2024-11-02T20:00:00Z,168648,115751,111435,74468,52897,37949,37702,55196,41184
2024-11-02T21:00:00Z,168224,109451,110829,71446,58773,34907,34673,55969,43069
2024-11-02T22:00:00Z,149124,101701,98932,67260,47423,32055,31843,47016,34953
2024-11-02T23:00:00Z,139985,96055,94715,65581,43930,31709,31503,45215,34433
2024-11-03T00:00:00Z,144586,93848,103646,63700,50738,29538,29257,66256,54743
2024-11-03T01:00:00Z,167428,94381,129146,64587,73047,29987,29725,89340,77897
2024-11-03T02:00:00Z,129575,92591,92049,61900,36984,28270,28028,53393,41383
2024-11-03T03:00:00Z,161595,104174,104158,63752,57421,28647,28412,52269,39323
2024-11-03T04:00:00Z,146822,96642,98833,65192,50180,28435,28177,45491,33880
2024-11-03T05:00:00Z,149886,98920,102386,66972,50966,28841,28621,46403,34401
2024-11-03T06:00:00Z,163509,102699,113416,67401,60810,31282,31025,62329,49050
2024-11-03T07:00:00Z,156476,105789,103028,69777,50687,32744,32529,48140,34120
2024-11-03T08:00:00Z,158914,110910,106102,72860,48004,34961,34715,52233,37766
2024-11-03T09:00:00Z,156268,106158,103036,67831,50110,34119,33903,54545,40743
2024-11-03T10:00:00Z,173994,126601,115012,81586,47393,38708,38473,56281,40658
2024-11-03T11:00:00Z,177496,126937,114926,81565,50559,41011,40730,55019,38937
2024-11-03T12:00:00Z,236198,134135,178666,84981,102063,45315,45018,107543,89468
2024-11-03T13:00:00Z,218299,145550,147584,92045,72749,48624,48376,84923,65946
2024-11-03T14:00:00Z,200627,151982,129998,96145,48645,52522,52261,68054,48099
2024-11-03T15:00:00Z,212302,150263,137166,94255,62039,52244,51980,76408,56027
2024-11-03T16:00:00Z,199659,148902,129512,94651,50757,51173,50906,69018,49569
2024-11-03T17:00:00Z,193123,144208,124357,91594,48915,48985,48737,63876,45444
2024-11-03T18:00:00Z,206533,141878,141025,91683,64655,47408,47135,80991,63522
2024-11-03T19:00:00Z,185477,134788,120404,86858,50689,44001,43765,58285,42128
2024-11-03T20:00:00Z,181514,129360,119753,84185,52154,42673,42407,59711,44390
2024-11-03T21:00:00Z,187674,128747,120841,81154,58927,40136,39908,61287,46706
2024-11-03T22:00:00Z,165313,117458,107367,75804,47855,37157,36947,52581,38466
2024-11-03T23:00:00Z,163475,116026,105775,74983,47449,36618,36397,50397,37774
2024-11-04T00:00:00Z,189175,120941,119774,77321,68234,37276,36920,76926,60254
2024-11-04T01:00:00Z,208458,124811,140927,79777,83647,42136,41822,99743,80615
2024-11-04T02:00:00Z,184229,132599,111141,80989,51630,43643,43339,70270,49965
2024-11-04T03:00:00Z,207057,136256,120807,80381,70801,42207,41907,67567,47810
2024-11-04T04:00:00Z,187874,125020,110017,77595,62854,39671,39384,58376,40720
2024-11-04T05:00:00Z,186432,127590,109239,76537,58842,42280,42011,60933,41623
2024-11-04T06:00:00Z,211204,141745,125586,82038,69459,49066,48703,82553,59567
2024-11-04T07:00:00Z,214491,153657,118329,85838,60834,54744,54302,70690,46197
2024-11-04T08:00:00Z,235191,173083,127372,94535,62108,60795,60392,78822,52297
2024-11-04T09:00:00Z,250816,182902,133799,95894,67914,64689,64298,87122,59244
2024-11-04T10:00:00Z,244793,181085,130896,95864,63708,63105,62713,81699,54995
2024-11-04T11:00:00Z,238760,174979,129835,95631,63781,63557,63163,78683,52316
2024-11-04T12:00:00Z,276740,179000,174750,98693,97740,67108,66658,124136,96713
2024-11-04T13:00:00Z,273808,193668,158090,106105,80140,72243,71829,108088,78860
2024-11-04T14:00:00Z,267442,208144,148125,115956,59298,77738,77299,93563,63003
2024-11-04T15:00:00Z,271583,204452,148164,111024,67131,75385,74932,98480,68726
2024-11-04T16:00:00Z,259416,198570,142840,109151,60846,73134,72672,91541,62874
2024-11-04T17:00:00Z,250018,187003,138713,103892,63015,68080,67655,84822,58108
2024-11-04T18:00:00Z,252346,173138,147515,97363,79208,63445,63031,97582,72910
2024-11-04T19:00:00Z,238130,171286,131581,96210,66844,59959,59491,77456,53843
2024-11-04T20:00:00Z,229121,161970,130528,93234,67151,56050,55584,76269,54196
2024-11-04T21:00:00Z,224064,153103,128690,88483,70961,52543,52134,75175,54888
2024-11-04T22:00:00Z,205761,142755,117708,83328,63006,48319,47951,65348,46486
2024-11-04T23:00:00Z,197572,134850,114491,80778,62722,46320,45906,62732,44832
2024-11-05T00:00:00Z,201331,135867,130024,80050,65464,45616,45223,89217,71769
2024-11-05T01:00:00Z,208030,134527,142160,80812,73503,48938,48550,105181,86047
2024-11-05T02:00:00Z,190079,140730,117033,82324,49349,48312,47986,75911,55312
2024-11-05T03:00:00Z,208583,144801,124302,82563,63782,45841,45537,69529,49498
2024-11-05T04:00:00Z,185809,131272,114317,80645,54537,43217,42932,61148,43257
2024-11-05T05:00:00Z,200358,142911,117017,82779,57447,45457,45169,65405,46127
2024-11-05T06:00:00Z,220134,150886,133425,85779,69248,52456,52105,85120,62621
2024-11-05T07:00:00Z,217812,161986,123177,90479,55826,56979,56644,72183,47492
2024-11-05T08:00:00Z,228775,173170,125931,93121,55605,63276,62902,80089,53322
2024-11-05T09:00:00Z,249757,187315,139723,101952,62442,66821,66436,88261,60426
2024-11-05T10:00:00Z,239670,184294,134619,101303,55376,65093,64627,82212,55935
2024-11-05T11:00:00Z,244734,186873,137791,103996,57861,64961,64562,79308,53364
2024-11-05T12:00:00Z,269490,179380,177281,100150,90110,67600,67158,122096,95430
2024-11-05T13:00:00Z,269720,195095,160416,109291,74625,72930,72524,105920,77617
2024-11-05T14:00:00Z,242979,191026,120568,93336,51953,73350,72943,87849,54652
2024-11-05T15:00:00Z,263620,203591,152343,115299,60029,79042,78613,98057,69935
2024-11-05T16:00:00Z,254826,199711,143836,110681,55115,74096,73657,90624,63035
2024-11-05T17:00:00Z,242844,187348,137979,105348,55496,68835,68420,83417,57727
2024-11-05T18:00:00Z,245592,175550,148558,100033,70042,63218,62802,96065,72273
2024-11-05T19:00:00Z,223968,166438,129064,95408,57530,58764,58351,73071,51229
2024-11-05T20:00:00Z,216468,157276,127286,90430,59192,55360,54975,74530,53989
2024-11-05T21:00:00Z,216086,150046,128938,88411,66040,50994,50631,72857,54367
2024-11-05T22:00:00Z,202146,142888,122145,87237,59258,47050,46618,64453,46732
2024-11-05T23:00:00Z,193813,137141,119623,85710,56672,45502,45159,61705,45556
2024-11-06T00:00:00Z,198018,133875,131666,82649,64143,44999,44588,88507,71219
2024-11-06T01:00:00Z,205231,131093,142962,80347,74138,46538,46202,102274,83987
2024-11-06T02:00:00Z,184304,132024,115362,78995,52280,45483,45168,72482,53462
2024-11-06T03:00:00Z,202668,136022,120826,77081,66646,43184,42891,68858,49051
2024-11-06T04:00:00Z,175984,123143,108114,74835,52841,41046,40751,59130,42582
2024-11-06T05:00:00Z,188009,128979,113498,77540,59030,43210,42924,62007,44021
2024-11-06T06:00:00Z,211872,148822,130903,86883,63050,49665,49352,80229,58605
2024-11-06T07:00:00Z,211449,156720,122342,89283,54729,54476,54156,70297,47374
2024-11-06T08:00:00Z,227549,172682,129572,96158,54867,62331,61949,80475,54628
2024-11-06T09:00:00Z,245911,180094,137606,99218,65817,64813,64379,87596,61353
2024-11-06T10:00:00Z,242485,181262,137203,101812,61223,63837,63414,82069,56687
2024-11-06T11:00:00Z,237625,175598,134992,99204,62027,62681,62287,78091,53267
2024-11-06T12:00:00Z,268114,177070,177623,99356,91044,65891,65467,122488,96426
2024-11-06T13:00:00Z,267266,189093,155928,104524,78173,70338,69934,103919,76226
2024-11-06T14:00:00Z,263095,203835,146101,113598,59260,75632,75194,90736,61425
2024-11-06T15:00:00Z,270629,200146,149522,111020,70483,73984,73551,97732,67899
2024-11-06T16:00:00Z,259609,190278,139370,107463,69331,71090,70571,89459,60979
2024-11-06T17:00:00Z,244486,181276,135004,102902,63210,66450,65995,81948,56001
2024-11-06T18:00:00Z,250257,170896,147416,98975,79361,61735,61318,94001,70278
2024-11-06T19:00:00Z,229257,163388,129755,95220,65869,57073,56697,72280,50395
2024-11-06T20:00:00Z,231497,154149,127133,90447,77348,53227,52801,73118,51498
2024-11-06T21:00:00Z,226055,149901,125735,85672,76154,49215,48789,70644,51691
2024-11-06T22:00:00Z,201878,137654,115607,82565,64224,45582,45209,61224,43810
2024-11-06T23:00:00Z,192036,129471,112995,80468,62565,44269,43935,58914,43362
2024-11-07T00:00:00Z,195819,132811,130760,82901,63008,44403,44014,86134,69232
2024-11-07T01:00:00Z,206431,132745,142949,81233,73686,47154,46807,102538,84050
2024-11-07T02:00:00Z,192792,134216,112905,80139,58576,46570,46240,72679,53212
2024-11-07T03:00:00Z,206551,137407,120064,79015,69144,45114,44825,68186,48343
2024-11-07T04:00:00Z,181792,123393,107079,75434,58399,42046,41748,58031,41267
2024-11-07T05:00:00Z,195691,135428,113050,79675,60263,44968,44688,62392,43641
2024-11-07T06:00:00Z,218113,146342,128927,84931,71771,51065,50750,81023,58677
2024-11-07T07:00:00Z,217627,159343,120537,89226,58284,56193,55869,71121,46933
2024-11-07T08:00:00Z,230048,170543,125900,94300,59505,62754,62378,78912,52897
2024-11-07T09:00:00Z,244898,178443,133416,96381,66455,65639,65245,86632,59757
2024-11-07T10:00:00Z,237709,174294,127840,95000,63415,63539,63125,80228,55100
2024-11-07T11:00:00Z,238000,174891,130618,98296,63109,62640,62198,76129,51490
2024-11-07T12:00:00Z,274818,179079,183395,100870,95739,66504,66072,125357,99041
2024-11-07T13:00:00Z,272594,187895,156528,104289,84699,70617,70196,103779,76292
2024-11-07T14:00:00Z,264345,200364,143913,110733,63981,75707,75257,89745,61356
2024-11-07T15:00:00Z,270146,199313,148884,109588,70833,74013,73583,95833,67768
2024-11-07T16:00:00Z,252653,192746,138839,107342,59907,71680,71198,88595,61322
2024-11-07T17:00:00Z,246492,185044,138688,105687,61448,66411,65945,81210,56458
2024-11-07T18:00:00Z,248770,171136,146528,99613,77634,61626,61192,92182,68998
2024-11-07T19:00:00Z,228266,164614,130778,96945,63652,57558,57169,71853,50792
2024-11-07T20:00:00Z,217189,153518,124510,89895,63671,53686,53284,70650,50618
2024-11-07T21:00:00Z,221849,149720,128097,88867,72129,50225,49852,71538,52785
2024-11-07T22:00:00Z,206604,142156,116399,84527,64448,46548,46170,62728,45276
2024-11-07T23:00:00Z,189269,129020,110183,79724,60249,44239,43894,58574,42919
2024-11-08T00:00:00Z,193390,130284,127725,80932,63106,43841,43463,85820,68929
2024-11-08T01:00:00Z,204432,130183,140826,79491,74249,46717,46346,101269,83162
2024-11-08T02:00:00Z,193450,131120,112361,78327,62330,45424,45091,71916,52407
2024-11-08T03:00:00Z,207603,137562,117707,76215,70041,43784,43479,66536,47454
2024-11-08T04:00:00Z,186254,122981,107616,75594,63273,41147,40867,57742,41003
2024-11-08T05:00:00Z,190986,126372,108760,75092,64614,42903,42601,60238,41922
2024-11-08T06:00:00Z,215026,140805,126870,81591,74221,49356,49029,80942,59484
2024-11-08T07:00:00Z,209777,149204,117229,86041,60573,53253,52904,67540,44816
2024-11-08T08:00:00Z,233814,172107,128054,97185,61707,58985,58626,75195,50665
2024-11-08T09:00:00Z,245212,178141,135325,98632,67071,62032,61655,83146,57280
2024-11-08T10:00:00Z,238693,175099,133017,99378,63594,60705,60305,77811,53882
2024-11-08T11:00:00Z,236862,172537,134174,100835,64325,58830,58454,72820,49651
2024-11-08T12:00:00Z,264335,170384,178533,97742,93951,61314,60887,118388,94376
2024-11-08T13:00:00Z,263580,180348,146819,96983,83232,64700,64195,97083,71345
2024-11-08T14:00:00Z,255478,193680,135319,103932,61798,69835,69386,84917,57570
2024-11-08T15:00:00Z,257603,186889,141259,103632,70714,68521,68037,91727,64436
2024-11-08T16:00:00Z,248377,183185,132034,99833,65192,65809,65272,83718,57775
2024-11-08T17:00:00Z,234576,171901,130504,97785,62675,61624,61191,76956,53215
2024-11-08T18:00:00Z,242211,161780,140971,93844,80431,56983,56501,88149,66008
2024-11-08T19:00:00Z,225406,156799,125743,90628,68607,52845,52406,67642,47602
2024-11-08T20:00:00Z,212373,146049,122048,86527,66324,48992,48559,66163,47811
2024-11-08T21:00:00Z,208602,133534,119810,78666,75068,44845,44478,66258,48921
2024-11-08T22:00:00Z,192763,127361,110711,77433,65402,41250,40906,57140,41216
2024-11-08T23:00:00Z,174744,116190,102829,72561,58554,38735,38410,52560,38612
2024-11-09T00:00:00Z,170333,108733,117517,69455,61600,35189,34824,78164,64462
2024-11-09T01:00:00Z,174463,102351,126379,65573,72112,34410,34085,89553,75941
2024-11-09T02:00:00Z,150052,96878,93509,60919,53174,31573,31283,56071,42926
2024-11-09T03:00:00Z,181356,104118,103374,61172,77238,31906,31636,54547,40743
2024-11-09T04:00:00Z,165396,102257,96865,64104,63139,32937,32673,49039,35300
2024-11-09T05:00:00Z,165660,105668,98822,64839,59992,33389,33151,50343,36357
2024-11-09T06:00:00Z,182830,110098,113765,67828,72732,36209,35923,66304,51089
2024-11-09T07:00:00Z,172873,111542,102140,69010,61331,36953,36718,51906,35868
2024-11-09T08:00:00Z,178292,115392,104132,70952,62900,38423,38181,55768,39152
2024-11-09T09:00:00Z,187296,117625,112028,72449,69671,39769,39540,62566,45476
2024-11-09T10:00:00Z,184202,121970,109458,73207,62232,40755,40518,58883,41679
2024-11-09T11:00:00Z,189226,130540,107560,74542,58686,41702,41478,54926,37949
2024-11-09T12:00:00Z,231723,123718,170258,76689,108005,43942,43662,106180,88488
2024-11-09T13:00:00Z,216135,131872,133443,80038,84263,46718,46474,82319,62397
2024-11-09T14:00:00Z,201648,142463,120607,87050,59185,50753,50506,66565,46128
2024-11-09T15:00:00Z,213174,146379,125090,85522,66795,51252,51010,75043,54768
2024-11-09T16:00:00Z,202055,141344,121925,86706,60711,50599,50328,67709,48454
2024-11-09T17:00:00Z,199445,140025,118780,84890,59420,48129,47888,62630,44386
2024-11-09T18:00:00Z,209487,129565,134252,82328,79922,45882,45631,79041,62149
2024-11-09T19:00:00Z,187877,122476,113252,77608,65401,41765,41517,55508,40108
2024-11-09T20:00:00Z,181831,118903,109955,74236,62928,40145,39891,55967,41522
2024-11-09T21:00:00Z,177547,110747,105304,68592,66800,37774,37511,57005,43354
2024-11-09T22:00:00Z,160344,101229,96721,65367,59115,33486,33247,47604,35390
2024-11-09T23:00:00Z,153209,96018,93668,63537,57191,33267,32982,46462,34958
2024-11-10T00:00:00Z,151374,97307,107292,64496,54067,31393,31093,69778,57581
2024-11-10T01:00:00Z,167225,93751,128329,62850,73474,31779,31512,90606,78896
2024-11-10T02:00:00Z,142788,91346,90613,58257,51442,29875,29640,55728,43092
2024-11-10T03:00:00Z,171148,103249,104965,63269,67899,30628,30383,53526,40752
2024-11-10T04:00:00Z,161146,100784,98768,66123,60362,31511,31297,47061,34967
2024-11-10T05:00:00Z,165494,105730,101237,67894,59764,32836,32624,49619,36319
2024-11-10T06:00:00Z,179694,110057,114646,70470,69637,35318,35095,65066,50430
2024-11-10T07:00:00Z,167609,111842,100196,69517,55767,37164,36947,50828,35830
2024-11-10T08:00:00Z,171675,112912,102119,69829,58763,37887,37666,54600,38903
2024-11-10T09:00:00Z,185231,118622,111806,72632,66609,40289,40038,62556,45738
2024-11-10T10:00:00Z,185718,124823,112255,76622,60895,41599,41368,59475,42640
2024-11-10T11:00:00Z,191814,129028,114024,79260,62786,43603,43364,57837,40313
2024-11-10T12:00:00Z,243934,134425,178079,83002,109509,46536,46278,109412,90658
2024-11-10T13:00:00Z,221649,140851,133447,82845,80798,49957,49720,83026,62446
2024-11-10T14:00:00Z,211411,151932,124886,91754,59479,54324,54077,69622,48503
2024-11-10T15:00:00Z,219966,151765,131688,92123,68201,54443,54178,78830,57380
2024-11-10T16:00:00Z,214326,154265,128170,94447,60061,53808,53566,71643,50796
2024-11-10T17:00:00Z,205756,149151,124093,92217,56605,52207,51958,66854,47375
2024-11-10T18:00:00Z,220014,144120,134843,85762,75894,52044,51786,83166,64191
2024-11-10T19:00:00Z,200250,138508,118457,84416,61742,45789,45510,60560,43457
2024-11-10T20:00:00Z,192048,128581,117572,81573,63467,43838,43611,60170,44613
2024-11-10T21:00:00Z,195733,124993,121104,80890,70740,40060,39814,62118,46908
2024-11-10T22:00:00Z,179746,116833,109808,76425,62913,37305,36979,53508,39425
2024-11-10T23:00:00Z,176582,117611,105601,74958,58971,37320,37098,51174,38476
2024-11-11T00:00:00Z,186467,120233,118888,75261,66234,38597,38231,78618,62538
2024-11-11T01:00:00Z,203211,121850,137265,76980,81361,43035,42689,99455,80912
2024-11-11T02:00:00Z,191769,125922,109807,76337,65847,44059,43761,70377,50527
2024-11-11T03:00:00Z,211077,132061,117617,76309,79016,43251,42943,67993,48058
2024-11-11T04:00:00Z,196603,126093,109118,75840,70510,41656,41362,60082,42251
2024-11-11T05:00:00Z,202524,128720,111026,77390,73804,44182,43859,62449,42961
2024-11-11T06:00:00Z,224911,142077,127781,82992,82834,50177,49874,81587,58234
2024-11-11T07:00:00Z,219343,152536,118893,86674,66807,54145,53827,70366,45938
2024-11-11T08:00:00Z,232864,163721,121685,89931,69143,59825,59413,78465,51762
2024-11-11T09:00:00Z,245574,173529,130611,94327,72045,62876,62487,85746,58289
2024-11-11T10:00:00Z,240379,170684,129196,96102,69695,61658,61243,80493,54732
2024-11-11T11:00:00Z,240897,172756,130023,97849,68141,60609,60216,76393,50762
2024-11-11T12:00:00Z,275276,178510,178961,101461,96766,65350,64925,123067,95927
2024-11-11T13:00:00Z,273071,184352,154413,103121,88719,68908,68504,103998,75920
2024-11-11T14:00:00Z,263415,194474,141335,108449,68941,73125,72730,89537,60495
2024-11-11T15:00:00Z,267545,189798,145720,105773,77747,71579,71136,96190,67520
2024-11-11T16:00:00Z,260435,190606,140185,106210,69829,69600,69172,90358,61482
2024-11-11T17:00:00Z,254369,183073,139115,104828,71296,65555,65180,84511,57702
2024-11-11T18:00:00Z,256621,170279,148331,98583,86342,61531,61124,96871,72298
2024-11-11T19:00:00Z,236446,163050,130584,95277,73396,57096,56675,74807,51970
2024-11-11T20:00:00Z,230332,157474,130169,94418,72858,54278,53852,73851,52853
2024-11-11T21:00:00Z,227417,146396,128685,89209,81021,49881,49507,73886,54544
2024-11-11T22:00:00Z,215655,143451,120689,87115,72204,46081,45737,64124,46145
2024-11-11T23:00:00Z,202579,133333,115287,83124,69246,45200,44885,61286,44741
2024-11-12T00:00:00Z,197270,132741,132791,82982,64529,45343,44978,89349,72172
2024-11-12T01:00:00Z,210323,134807,145181,81697,75516,49092,48744,105325,86301
2024-11-12T02:00:00Z,196347,136486,115839,80246,59861,48162,47852,74689,54263
2024-11-12T03:00:00Z,212553,138627,121002,79223,73926,46410,46103,70011,49664
2024-11-12T04:00:00Z,193122,132228,111431,79777,60894,44104,43798,61538,43704
2024-11-12T05:00:00Z,206017,139687,114840,81691,66330,46576,46268,64355,44863
2024-11-12T06:00:00Z,223681,148888,130574,85177,74793,53027,52695,85470,62266
2024-11-12T07:00:00Z,220008,158196,119870,88424,61812,57299,56948,72672,47904
2024-11-12T08:00:00Z,233878,173485,125654,94098,60393,63716,63308,79953,53384
2024-11-12T09:00:00Z,250537,180265,134811,98171,70272,66538,66125,87655,60044
2024-11-12T10:00:00Z,244827,180075,133905,99359,64752,64971,64500,81554,56059
2024-11-12T11:00:00Z,243764,178542,132911,98930,65222,63984,63591,78563,52875
2024-11-12T12:00:00Z,276157,183676,182976,103751,92481,67583,67138,126256,99054
2024-11-12T13:00:00Z,278063,194921,160314,108798,83142,72910,72487,107016,78337
2024-11-12T14:00:00Z,262690,200109,142488,110900,62581,77029,76585,91360,61928
2024-11-12T15:00:00Z,272403,203883,148790,111559,68520,76655,76180,100183,70332
2024-11-12T16:00:00Z,256412,196315,139275,108301,60097,75242,74779,92071,63065
2024-11-12T17:00:00Z,246798,185566,135749,104044,61232,69314,68883,84070,57101
2024-11-12T18:00:00Z,257187,178134,149159,100912,79053,63984,63512,95793,71421
2024-11-12T19:00:00Z,238896,170079,133499,95999,68817,60095,59684,75534,52433
2024-11-12T20:00:00Z,240353,169013,130770,91118,71340,57889,57465,75806,53729
2024-11-12T21:00:00Z,236883,161907,126777,86706,74976,57144,56750,73890,53732
2024-11-12T22:00:00Z,213942,146180,118933,86093,67762,49389,49008,66575,46718
2024-11-12T23:00:00Z,198914,135149,113532,82773,63765,46743,46390,62187,45119
2024-11-13T00:00:00Z,200752,138382,129851,84674,62370,46912,46517,88988,70907
2024-11-13T01:00:00Z,212560,138701,143498,83650,73859,49667,49292,105206,85778
2024-11-13T02:00:00Z,199204,138401,114198,82458,60803,48949,48607,75706,55255
2024-11-13T03:00:00Z,208723,139817,118911,79178,68906,47431,47122,71018,50354
2024-11-13T04:00:00Z,190542,128409,110806,77981,62133,44032,43718,61010,43290
2024-11-13T05:00:00Z,204998,133117,115784,78861,71881,45961,45656,63761,44342
2024-11-13T06:00:00Z,223421,147410,131982,85419,76011,52068,51734,83092,60003
2024-11-13T07:00:00Z,222752,158700,122694,89648,64052,56984,56677,72093,47846
2024-11-13T08:00:00Z,234639,172067,126602,95315,62572,63876,63460,80531,53918
2024-11-13T09:00:00Z,248853,182101,134805,98496,66752,66970,66563,87371,59941
2024-11-13T10:00:00Z,245196,183116,134233,101806,62080,65744,65330,82654,56496
2024-11-13T11:00:00Z,243727,181800,133570,101649,61927,65139,64751,78749,52906
2024-11-13T12:00:00Z,273819,181914,180380,103112,91905,67913,67455,125415,98616
2024-11-13T13:00:00Z,275479,192172,156758,106570,83307,72262,71848,105109,77004
2024-11-13T14:00:00Z,270306,204547,147397,113727,65759,77540,77098,91830,62336
2024-11-13T15:00:00Z,270415,196766,146599,107906,73649,75063,74564,97233,68445
2024-11-13T16:00:00Z,265866,194993,141177,107462,70873,73803,73347,91265,62981
2024-11-13T17:00:00Z,253023,184372,136081,103336,68651,69500,69067,83920,58115
2024-11-13T18:00:00Z,264090,182595,146049,99165,81495,64407,63972,95511,71561
2024-11-13T19:00:00Z,262559,195838,125406,93920,66721,60117,59709,73521,51597
2024-11-13T20:00:00Z,248287,182148,125636,92729,66139,57213,56804,73053,52794
2024-11-13T21:00:00Z,226193,153280,126584,90666,72913,52465,52075,73023,53669
2024-11-13T22:00:00Z,209292,142039,115695,84679,67253,47956,47582,63444,45394
2024-11-13T23:00:00Z,200816,137030,116673,86060,63786,46138,45831,60644,44709
2024-11-14T00:00:00Z,203828,137871,135446,86658,65957,46155,45766,87851,70835
2024-11-14T01:00:00Z,215449,137835,148762,83248,77614,48420,48053,104762,85990
2024-11-14T02:00:00Z,203273,135499,116710,80711,67774,47592,47257,73178,53692
2024-11-14T03:00:00Z,213508,137389,122747,79984,76119,45794,45452,69213,49547
2024-11-14T04:00:00Z,193392,130159,111700,79852,63233,43001,42715,59411,42299
2024-11-14T05:00:00Z,201385,137734,111856,80852,63651,45513,45207,62701,43728
2024-11-14T06:00:00Z,222607,147908,129020,86550,74699,52418,52072,83447,61728
2024-11-14T07:00:00Z,217831,157735,120776,91319,60096,56805,56483,70798,47052
2024-11-14T08:00:00Z,230535,170127,124246,95122,60408,61802,61421,77757,52234
2024-11-14T09:00:00Z,244665,177279,132828,97187,67386,65280,64915,85283,58648
2024-11-14T10:00:00Z,242415,177360,133270,99885,65055,63740,63354,80741,55528
2024-11-14T11:00:00Z,244835,175786,136546,100933,69049,62566,62164,76065,52017
2024-11-14T12:00:00Z,271561,179773,180906,102215,91788,66065,65666,122501,96995
2024-11-14T13:00:00Z,270159,185200,153235,102765,84959,70555,70157,101815,75256
2024-11-14T14:00:00Z,252837,188052,133543,104219,64785,73545,73125,87670,59655
2024-11-14T15:00:00Z,266153,191795,143819,107013,74358,74572,74141,95982,67682
2024-11-14T16:00:00Z,255754,193216,136582,107964,62538,72771,72328,89215,62044
2024-11-14T17:00:00Z,245800,181856,132443,104414,63944,67275,66832,82348,56617
2024-11-14T18:00:00Z,251096,169858,143116,99815,81238,62874,62437,94302,70707
2024-11-14T19:00:00Z,238357,167149,132476,99653,71208,58313,57926,74176,51941
2024-11-14T20:00:00Z,230374,161921,129524,95098,68453,55307,54911,72976,52683
2024-11-14T21:00:00Z,228733,149369,129297,88317,79364,50953,50608,73248,54252
2024-11-14T22:00:00Z,212221,138062,117197,81271,74159,46459,46079,62421,45038
2024-11-14T23:00:00Z,197718,130650,112891,80735,67068,44620,44245,59102,43496
2024-11-15T00:00:00Z,189469,130972,122792,80567,58497,43381,43005,80060,63718
2024-11-15T01:00:00Z,211045,135132,146364,83388,75913,46074,45724,103415,85456
2024-11-15T02:00:00Z,176399,136228,112257,83130,40171,45883,45568,70833,51743
2024-11-15T03:00:00Z,206442,132573,115606,77376,73869,43653,43353,68857,49671
2024-11-15T04:00:00Z,188095,120622,106548,75365,67473,40711,40365,58597,41685
2024-11-15T05:00:00Z,197612,127453,109841,76447,70159,43158,42839,62159,42629
2024-11-15T06:00:00Z,221368,142670,124698,82893,78698,48891,48577,80382,58485
2024-11-15T07:00:00Z,222663,151387,121835,87569,71276,53482,53157,69964,46284
2024-11-15T08:00:00Z,239680,172717,129474,96565,66963,59611,59232,78177,52572
2024-11-15T09:00:00Z,251823,179447,138898,101607,72376,62354,61983,85038,59191
2024-11-15T10:00:00Z,240501,172685,125012,92512,67816,59294,58914,77552,53162
2024-11-15T11:00:00Z,230244,162423,125306,93249,67821,57173,56805,72518,49214
2024-11-15T12:00:00Z,260345,170898,175087,99533,89447,60144,59750,119260,95221
2024-11-15T13:00:00Z,261042,175670,149304,100885,85372,63400,63011,97773,71985
2024-11-15T14:00:00Z,250994,186146,137113,106165,64848,68038,67659,83560,57063
2024-11-15T15:00:00Z,258017,184317,144121,105948,73700,68197,67782,92808,66445
2024-11-15T16:00:00Z,251906,181988,133523,100314,69918,65454,65038,83868,59003
2024-11-15T17:00:00Z,237526,168549,131981,96983,68977,60861,60450,76653,53557
2024-11-15T18:00:00Z,244976,155936,142054,90701,89040,55631,55178,91576,69910
2024-11-15T19:00:00Z,225250,151182,126481,90278,74068,50965,50553,68477,48410
2024-11-15T20:00:00Z,218710,146621,122888,87213,72089,47899,47511,67118,48421
2024-11-15T21:00:00Z,218706,137846,122269,84737,80860,44918,44489,70067,50218
2024-11-15T22:00:00Z,194603,130285,111445,81199,64318,40803,40462,57365,41423
2024-11-15T23:00:00Z,180592,118125,104168,75192,62467,38397,38081,53715,39333
2024-11-16T00:00:00Z,172371,113791,116026,72168,58580,35100,34757,74941,61427
2024-11-16T01:00:00Z,181676,103879,134409,67938,77797,33344,33021,93762,80656
2024-11-16T02:00:00Z,149719,106382,99395,65701,43337,31694,31410,58644,44812
2024-11-16T03:00:00Z,192224,109726,106391,64183,82498,31255,30989,56194,42303
2024-11-16T04:00:00Z,166595,101521,96388,63759,65074,31848,31591,48792,35729
2024-11-16T05:00:00Z,174189,105043,97664,63951,69146,31802,31561,49876,36019
2024-11-16T06:00:00Z,193085,115292,118356,72230,77793,36009,35733,69652,53968
2024-11-16T07:00:00Z,177330,115788,99414,68958,61542,36887,36639,52679,36252
2024-11-16T08:00:00Z,175867,113461,101008,70169,62406,37798,37519,56505,39500
2024-11-16T09:00:00Z,187167,115428,110092,72569,71739,39087,38842,62910,46203
2024-11-16T10:00:00Z,184667,117820,107048,72429,66847,40037,39811,58529,41589
2024-11-16T11:00:00Z,187143,119617,110056,75483,67526,40358,40130,55543,38756
2024-11-16T12:00:00Z,230346,133219,167263,79170,97127,46796,46550,106059,87707
2024-11-16T13:00:00Z,220394,134217,136068,81590,86177,47257,47006,81070,62123
2024-11-16T14:00:00Z,206909,142364,122702,88122,64545,50476,50234,66591,46503
2024-11-16T15:00:00Z,211879,139092,125789,86205,72787,50252,50008,75821,55838
2024-11-16T16:00:00Z,205449,144412,122300,90672,61037,50331,50065,68445,49107
2024-11-16T17:00:00Z,200481,139581,119513,87501,60900,48285,48046,63364,44809
2024-11-16T18:00:00Z,212846,132327,133181,84016,80519,45773,45491,80258,62778
2024-11-16T19:00:00Z,186904,120837,110305,76798,66067,41567,41225,56704,40580
2024-11-16T20:00:00Z,190449,122286,111408,75708,68163,39851,39569,57552,42342
2024-11-16T21:00:00Z,192496,117116,117415,76092,75380,37004,36741,59116,45230
2024-11-16T22:00:00Z,175808,109835,104676,70935,65973,33986,33742,49533,36591
2024-11-16T23:00:00Z,165059,102565,100418,68613,62494,33371,33136,47499,36157
2024-11-17T00:00:00Z,157420,103788,108241,66732,53632,31954,31625,68596,56394
2024-11-17T01:00:00Z,178101,100570,135516,66887,77531,32162,31888,96046,83842
2024-11-17T02:00:00Z,127428,95019,88435,62024,32409,30151,29912,53270,40998
2024-11-17T03:00:00Z,170009,103166,100397,63646,66843,30818,30571,55428,42591
2024-11-17T04:00:00Z,155143,95319,92369,62281,59824,30971,30754,47091,34596
2024-11-17T05:00:00Z,164342,100143,94669,63166,64199,31304,31086,48813,35573
2024-11-17T06:00:00Z,184060,107049,112581,67560,77011,34518,34251,65864,51222
2024-11-17T07:00:00Z,170664,108341,101158,68477,62323,35834,35619,51114,35869
2024-11-17T08:00:00Z,185802,117744,108425,73155,68058,37438,37212,55669,39720
2024-11-17T09:00:00Z,190696,118507,113340,73558,72189,40142,39921,64002,46534
2024-11-17T10:00:00Z,188400,122990,113232,77586,65410,40728,40496,59159,42645
2024-11-17T11:00:00Z,192556,126408,113071,78577,66148,43245,43023,57578,40315
2024-11-17T12:00:00Z,232982,135538,174251,84904,97444,47529,47262,110848,92039
2024-11-17T13:00:00Z,222356,140360,137741,86649,81996,49782,49551,83817,63782
2024-11-17T14:00:00Z,218026,151113,125973,92963,66913,53802,53548,69558,48665
2024-11-17T15:00:00Z,228393,153639,135527,95536,74754,54140,53883,80436,59438
2024-11-17T16:00:00Z,218158,148604,127856,92853,69554,53264,53010,72172,51692
2024-11-17T17:00:00Z,214742,149813,126917,92849,64929,52181,51957,68088,48236
2024-11-17T18:00:00Z,227307,143045,139722,89027,84262,48402,48132,83400,65127
2024-11-17T19:00:00Z,214216,144699,123692,88463,69517,46371,46117,61882,44540
2024-11-17T20:00:00Z,204753,139011,116510,81684,65742,43692,43444,61188,45086
2024-11-17T21:00:00Z,195865,121370,116040,77941,74495,41357,41139,64036,48634
2024-11-17T22:00:00Z,184578,117978,103918,73767,66600,38094,37868,54664,40331
2024-11-17T23:00:00Z,177242,113942,102099,72758,63300,37912,37691,52703,39738
2024-11-18T00:00:00Z,182853,119600,115096,75156,63253,38986,38652,76818,60356
2024-11-18T01:00:00Z,209258,123011,141818,77741,86247,43720,43401,104032,84848
2024-11-18T02:00:00Z,191999,140837,110233,79851,51162,45565,45236,70772,50201
2024-11-18T03:00:00Z,221077,135179,118185,77108,85898,43534,43205,70532,50361
2024-11-18T04:00:00Z,205553,124926,110840,76731,80627,41382,41086,61712,43131
2024-11-18T05:00:00Z,206453,131674,111308,77207,74779,44701,44424,63924,44173
2024-11-18T06:00:00Z,231115,148253,123761,82862,82862,50867,50549,83445,59786
2024-11-18T07:00:00Z,227647,157890,118456,88640,69757,56003,55696,73074,47657
2024-11-18T08:00:00Z,239613,167888,120183,91358,71725,62000,61613,80529,53408
2024-11-18T09:00:00Z,252482,175446,130329,95883,77036,64703,64303,87383,59897
2024-11-18T10:00:00Z,244997,173307,127386,95596,71690,63444,63031,82333,56191
2024-11-18T11:00:00Z,253210,176151,130051,96577,77059,62597,62200,79357,52152
2024-11-18T12:00:00Z,274896,180162,174837,101888,94734,67772,67317,125097,97079
2024-11-18T13:00:00Z,278347,183985,153162,102566,94362,70180,69783,104673,75471
2024-11-18T14:00:00Z,265586,195588,139920,108002,69998,75423,75007,91549,61806
2024-11-18T15:00:00Z,267782,190882,142536,106275,76900,74314,73877,97137,68660
2024-11-18T16:00:00Z,256322,182707,127599,99409,73615,70323,69833,89933,60388
2024-11-18T17:00:00Z,253121,177958,131324,101411,75163,67807,67365,84620,57592
2024-11-18T18:00:00Z,254451,164327,138098,93862,90124,61745,61318,96399,71300
2024-11-18T19:00:00Z,241185,162892,126736,92382,78293,58515,58126,77108,53013
2024-11-18T20:00:00Z,237764,155150,126406,90115,82614,55625,55201,77167,54126
2024-11-18T21:00:00Z,237541,148947,126033,85789,88594,52265,51863,77437,54826
2024-11-18T22:00:00Z,226320,141907,117905,83172,84413,47685,47278,68514,46700
2024-11-18T23:00:00Z,215933,135597,115284,81723,80336,46270,45911,63877,45087
2024-11-19T00:00:00Z,206969,136555,128874,82599,70414,46715,46327,88428,69219
2024-11-19T01:00:00Z,232454,133888,147369,81655,98566,49093,48761,116766,89562
2024-11-19T02:00:00Z,188703,141724,114657,83841,46979,49449,49114,77120,54972
2024-11-19T03:00:00Z,213530,140465,116160,79271,73065,46604,46280,72230,51926
2024-11-19T04:00:00Z,194732,128781,109842,79253,65951,44339,44024,62974,45067
2024-11-19T05:00:00Z,207901,137420,114231,80695,70481,47178,46873,65998,46225
2024-11-19T06:00:00Z,228240,147308,128678,84635,80932,53405,53067,87241,63544
2024-11-19T07:00:00Z,229208,162527,122025,90159,66681,57459,57122,73398,48795
2024-11-19T08:00:00Z,241632,169177,123735,91389,72455,62863,62467,80856,54347
2024-11-19T09:00:00Z,261882,176399,135403,97420,85483,66093,65690,88496,61322
2024-11-19T10:00:00Z,247751,175228,129485,96228,72523,64507,64100,82743,56405
2024-11-19T11:00:00Z,244161,172722,131227,97888,71439,64018,63617,79410,53705
2024-11-19T12:00:00Z,270736,183449,177416,105023,87287,68552,68140,124375,97853
2024-11-19T13:00:00Z,271694,183802,149758,102411,87892,71163,70747,104099,76199
2024-11-19T14:00:00Z,259442,194665,135060,106477,64777,76254,75815,91314,61645
2024-11-19T15:00:00Z,266174,189431,141475,105442,76743,74742,74302,97069,68527
2024-11-19T16:00:00Z,262526,190651,138918,106858,71875,73348,72857,91500,64148
2024-11-19T17:00:00Z,258183,186042,140815,106926,72141,69521,69076,85889,59512
2024-11-19T18:00:00Z,261367,171280,149418,100668,90087,63190,62736,98016,73622
2024-11-19T19:00:00Z,245675,164846,133110,95849,80829,59837,59411,77172,54206
2024-11-19T20:00:00Z,241875,160469,132713,95468,81406,56165,55726,76392,54999
2024-11-19T21:00:00Z,233620,151523,130426,90566,82097,52635,52236,75540,55721
2024-11-19T22:00:00Z,215409,142022,116653,84644,73387,48836,48452,66777,47443
2024-11-19T23:00:00Z,206758,133332,114529,82680,73426,45606,45276,61906,45502
2024-11-20T00:00:00Z,199263,135537,127693,83803,63726,45251,44843,83998,66888
2024-11-20T01:00:00Z,216785,134805,148052,82925,81980,48312,47932,105389,86739
2024-11-20T02:00:00Z,193177,143927,122107,88084,49250,48593,48268,74649,54628
2024-11-20T03:00:00Z,217187,135913,121426,80105,81274,45634,45316,70719,50790
2024-11-20T04:00:00Z,196970,126707,112154,78443,70263,43372,43054,61785,44389
2024-11-20T05:00:00Z,207493,134698,115000,80851,72795,45760,45461,64543,44952
2024-11-20T06:00:00Z,222697,143604,126213,84213,79093,51985,51616,83010,60133
2024-11-20T07:00:00Z,222578,157119,120319,90046,65459,56910,56583,72300,47993
2024-11-20T08:00:00Z,239197,168109,123142,94034,71088,62525,62146,79826,53633
2024-11-20T09:00:00Z,252177,179026,132363,96600,73151,66284,65839,88296,60856
2024-11-20T10:00:00Z,244996,175942,130430,97823,69054,64445,63990,82135,56740
2024-11-20T11:00:00Z,245963,174188,131844,97358,71775,62976,62598,79054,54319
2024-11-20T12:00:00Z,272369,181128,176501,101630,91241,67563,67112,124163,97834
2024-11-20T13:00:00Z,270529,183983,152521,101775,86546,70263,69851,103574,75846
2024-11-20T14:00:00Z,259175,189359,134581,103246,69816,73114,72702,89198,59400
2024-11-20T15:00:00Z,266191,190012,141581,106082,76179,75254,74800,98055,68442
2024-11-20T16:00:00Z,258713,189805,138945,108349,68908,72531,72056,91073,63571
2024-11-20T17:00:00Z,249986,181002,136369,103897,68984,67980,67542,84747,58933
2024-11-20T18:00:00Z,255411,169240,145690,100258,86171,62346,61897,95870,72079
2024-11-20T19:00:00Z,235277,162395,129873,95574,72882,58349,57946,75488,53507
2024-11-20T20:00:00Z,234951,157386,129464,92857,77565,55897,55437,75756,54803
2024-11-20T21:00:00Z,236889,157315,132923,93521,79574,52630,52205,76961,56460
2024-11-20T22:00:00Z,220175,144686,122302,89122,75489,48094,47715,65681,47555
2024-11-20T23:00:00Z,213355,139040,120789,87136,74315,45142,44798,63011,46528
2024-11-21T00:00:00Z,203396,139159,132940,88193,64237,45161,44755,84593,66964
2024-11-21T01:00:00Z,219927,141407,153272,89888,78520,48501,48137,106123,87029
2024-11-21T02:00:00Z,190464,143230,120725,88802,47234,48657,48315,75734,54905
2024-11-21T03:00:00Z,218574,141345,122384,84644,77229,45828,45507,70567,50433
2024-11-21T04:00:00Z,199173,131980,114406,83527,67193,43188,42898,61433,43719
2024-11-21T05:00:00Z,208686,139780,117763,84501,68906,45988,45699,65842,45369
2024-11-21T06:00:00Z,231773,151259,132537,90593,80514,52218,51865,83313,60322
2024-11-21T07:00:00Z,227131,159906,125295,93501,67225,56568,56243,72706,48816
2024-11-21T08:00:00Z,239043,169156,126615,94701,69887,62130,61757,80272,54120
2024-11-21T09:00:00Z,252550,176852,137079,99952,75698,64609,64208,86616,60253
2024-11-21T10:00:00Z,244470,175519,132052,99039,68951,63346,62948,81908,56509
2024-11-21T11:00:00Z,245275,175939,133057,99459,69336,63142,62747,79407,54089
2024-11-21T12:00:00Z,267364,181883,174885,103352,85481,67685,67274,122904,95757
2024-11-21T13:00:00Z,264735,183310,149750,103132,81425,70676,70225,102495,74802
2024-11-21T14:00:00Z,261442,196013,139812,109538,65429,75320,74905,90131,61379
2024-11-21T15:00:00Z,266833,191334,143891,107103,75499,73961,73506,95706,67939
2024-11-21T16:00:00Z,257988,191009,136827,106404,66979,72037,71610,90026,62723
2024-11-21T17:00:00Z,248482,181110,135012,103698,67372,67624,67187,83787,58177
2024-11-21T18:00:00Z,251715,168838,141627,97734,82877,62599,62199,93945,70609
2024-11-21T19:00:00Z,233690,162230,128657,94443,71460,58205,57802,74479,53073
2024-11-21T20:00:00Z,228886,156319,125962,92014,72567,54826,54422,73685,53723
2024-11-21T21:00:00Z,223900,147503,127026,88668,76397,51562,51176,73684,54515
2024-11-21T22:00:00Z,209498,137701,115591,84097,71797,47706,47297,64805,46830
2024-11-21T23:00:00Z,198460,130705,113751,81837,67755,46046,45668,62730,46347
2024-11-22T00:00:00Z,191962,133228,125418,83149,58734,45084,44701,83398,66135
2024-11-22T01:00:00Z,214016,136503,149762,84766,77513,47565,47234,105801,87648
2024-11-22T02:00:00Z,182165,135631,116907,83536,46534,46763,46381,73377,54182
2024-11-22T03:00:00Z,209685,131704,117216,76551,77981,43805,43474,68990,49906
2024-11-22T04:00:00Z,193162,123411,110900,77186,69751,40981,40676,59530,42744
2024-11-22T05:00:00Z,202276,129154,114489,78865,73122,43927,43628,62975,44503
2024-11-22T06:00:00Z,219814,139094,123658,81002,80720,49067,48749,79630,58586
2024-11-22T07:00:00Z,215533,151066,117486,86889,64467,53409,53103,69240,46375
2024-11-22T08:00:00Z,228322,159489,119814,89559,68833,59061,58711,76822,52204
2024-11-22T09:00:00Z,241500,167819,130596,93450,73681,62446,62090,83835,58808
2024-11-22T10:00:00Z,231091,170295,130160,95580,60796,61349,60988,79703,55696
2024-11-22T11:00:00Z,237630,164488,129853,94986,73142,58947,58579,75018,51866
2024-11-22T12:00:00Z,264101,170882,175733,97522,93219,62453,62008,121099,96424
2024-11-22T13:00:00Z,260703,173510,149301,98508,87193,65644,65262,99207,73468
2024-11-22T14:00:00Z,254981,184118,135912,103195,70863,70422,70034,86900,59349
2024-11-22T15:00:00Z,257105,180912,141066,102709,76193,68495,68084,92617,66336
2024-11-22T16:00:00Z,244529,175990,130383,99621,68539,66115,65711,85286,59422
2024-11-22T17:00:00Z,236283,166673,130002,97229,69610,61606,61191,78438,55379
2024-11-22T18:00:00Z,239976,153232,136262,89591,86744,57018,56600,90324,67788
2024-11-22T19:00:00Z,224609,147011,122004,86237,77598,52727,52327,69758,49762
2024-11-22T20:00:00Z,220656,142737,123069,86009,77919,49241,48871,70606,51321
2024-11-22T21:00:00Z,214103,131935,121177,79884,82168,45523,45132,68564,51295
2024-11-22T22:00:00Z,202739,125851,109392,76209,76888,42158,41801,60463,43163
2024-11-22T23:00:00Z,190732,123783,109489,77975,66949,39762,39457,56504,42265
2024-11-23T00:00:00Z,178190,113815,119348,72653,64375,37080,36722,79098,64955
2024-11-23T01:00:00Z,184808,105176,134588,68590,79632,35434,35078,95813,82189
2024-11-23T02:00:00Z,152266,101616,98858,66148,50650,32875,32569,61090,47201
2024-11-23T03:00:00Z,192674,103041,102534,63205,89633,31773,31528,56329,42583
2024-11-23T04:00:00Z,169462,100934,98913,65346,68528,32642,32395,51833,38235
2024-11-23T05:00:00Z,176100,103397,100641,65807,72703,33367,33100,52920,38723
2024-11-23T06:00:00Z,194870,111765,113709,67077,83105,35891,35620,69556,53265
2024-11-23T07:00:00Z,180086,110187,103826,69702,69899,36564,36321,54540,38381
2024-11-23T08:00:00Z,184156,111598,105670,70434,72558,37486,37220,58394,41806
2024-11-23T09:00:00Z,194033,114540,112547,71556,79493,39378,39060,63931,47023
2024-11-23T10:00:00Z,186776,115143,109355,72681,71633,39497,39240,59363,43174
2024-11-23T11:00:00Z,192243,118886,110643,75119,73357,40805,40556,57607,40421
2024-11-23T12:00:00Z,228806,130290,170486,82407,98516,45057,44780,106792,88072
2024-11-23T13:00:00Z,223347,131123,135753,80798,92224,46977,46740,84294,64744
2024-11-23T14:00:00Z,207771,138257,119414,85984,69514,49929,49685,67530,47198
2024-11-23T15:00:00Z,217877,138237,128788,86314,79640,50113,49873,75504,55975
2024-11-23T16:00:00Z,210169,140211,121519,87674,69958,49773,49486,69310,49631
2024-11-23T17:00:00Z,205077,135818,119793,85903,69259,47866,47621,64097,46344
2024-11-23T18:00:00Z,218422,131881,133736,84508,86541,45794,45536,79591,62428
2024-11-23T19:00:00Z,202000,126672,118495,82034,75328,41577,41316,58931,43322
2024-11-23T20:00:00Z,192935,118336,114278,77169,74599,39030,38763,59293,44649
2024-11-23T21:00:00Z,189716,111355,113212,74150,78361,36522,36288,59999,46542
2024-11-23T22:00:00Z,175548,106328,103140,71907,69220,33453,33244,50922,38249
2024-11-23T23:00:00Z,167637,100899,100243,69548,66738,33089,32867,49656,38178
2024-11-24T00:00:00Z,149626,98916,105749,66782,50710,31049,30739,69237,56420
2024-11-24T01:00:00Z,172733,94650,133050,64794,78083,31123,30866,96105,84215
2024-11-24T02:00:00Z,134295,97634,92985,65553,36661,29958,29717,55328,42749
2024-11-24T03:00:00Z,176219,100952,101844,63119,75267,29999,29770,56344,43807
2024-11-24T04:00:00Z,164806,97085,97658,64489,67721,30695,30479,49143,37008
2024-11-24T05:00:00Z,166924,96513,98137,63110,70411,31627,31409,49660,36891
2024-11-24T06:00:00Z,188811,105786,114301,68200,83025,33595,33360,65451,51311
2024-11-24T07:00:00Z,177539,108164,103222,70325,69375,35426,35199,52362,37683
2024-11-24T08:00:00Z,185630,113464,104997,72048,72166,37707,37466,56613,40794
2024-11-24T09:00:00Z,194227,115688,112011,72346,78539,39079,38840,62576,46401
2024-11-24T10:00:00Z,194992,122712,110731,76992,72280,40836,40588,59299,43469
2024-11-24T11:00:00Z,198789,125793,114253,80087,72996,42752,42509,58289,41538
2024-11-24T12:00:00Z,231832,132746,170203,83580,99086,46641,46376,108834,90472
2024-11-24T13:00:00Z,227207,135563,138426,83858,91644,48849,48612,85907,66005
2024-11-24T14:00:00Z,218839,146053,124082,89891,72786,52945,52707,70121,49200
2024-11-24T15:00:00Z,230641,147642,134987,91525,82999,53100,52843,78961,58069
2024-11-24T16:00:00Z,220387,146464,125596,91015,73923,52544,52281,72324,51864
2024-11-24T17:00:00Z,213495,142370,124708,90912,71125,50712,50472,67202,48448
2024-11-24T18:00:00Z,225584,136247,138675,88198,89337,48565,48328,82960,65287
2024-11-24T19:00:00Z,207060,132658,119866,84514,74402,45992,45719,61849,44859
2024-11-24T20:00:00Z,204095,128958,119824,83619,75137,44254,43996,63144,47058
2024-11-24T21:00:00Z,201085,123445,119302,80021,77640,41036,40805,63576,48870
2024-11-24T22:00:00Z,185229,111645,105089,73028,73584,38219,37985,54477,40749
2024-11-24T23:00:00Z,178241,108490,104543,72480,69751,38159,37921,53416,40782
2024-11-25T00:00:00Z,182878,116842,118784,75834,66036,38945,38588,77318,61365
2024-11-25T01:00:00Z,211180,121806,142758,77667,89374,44370,44040,104448,85675
2024-11-25T02:00:00Z,189226,133055,111463,82076,56171,45476,45165,70900,50089
2024-11-25T03:00:00Z,220745,130665,118165,78480,90080,43124,42821,69833,49878
2024-11-25T04:00:00Z,203898,119661,108118,75389,84237,41561,41271,61375,43332
2024-11-25T05:00:00Z,208342,126518,111321,77123,81824,44443,44146,64301,44571
2024-11-25T06:00:00Z,231609,140926,123934,81560,90683,50441,50135,84549,61458
2024-11-25T07:00:00Z,230789,153591,118048,87649,77198,55379,55064,72560,47778
2024-11-25T08:00:00Z,248933,168282,124415,93350,80651,61621,61238,81780,54335
2024-11-25T09:00:00Z,263000,174075,132410,94303,88925,64703,64292,87806,60208
2024-11-25T10:00:00Z,254298,172076,129665,95386,82222,63214,62712,82418,56265
2024-11-25T11:00:00Z,258750,172163,130871,95514,86587,62958,62566,80412,53228
2024-11-25T12:00:00Z,281029,181667,175200,102246,99362,67332,66881,125720,96802
2024-11-25T13:00:00Z,280404,181258,151021,102262,99146,69789,69370,103905,75802
2024-11-25T14:00:00Z,274195,197484,143991,111975,76711,74777,74320,91315,61715
2024-11-25T15:00:00Z,278938,191325,143564,106486,87613,73724,73270,98247,68650
2024-11-25T16:00:00Z,267937,187250,136298,105416,80687,70638,70184,91252,62283
2024-11-25T17:00:00Z,266055,181125,139005,105376,84930,66599,66183,85685,58516
2024-11-25T18:00:00Z,270165,168656,146062,98638,101509,62454,61995,97741,72367
2024-11-25T19:00:00Z,249484,159618,130269,93336,89866,57964,57529,77230,53426
2024-11-25T20:00:00Z,243659,150018,125362,88035,93641,55106,54672,77451,54933
2024-11-25T21:00:00Z,244722,144165,127966,85513,100557,51458,51038,77773,56439
2024-11-25T22:00:00Z,225709,134765,114068,79557,90944,47391,47013,67781,48468
2024-11-25T23:00:00Z,220578,129041,114385,79479,91537,45251,44882,65679,47545
2024-11-26T00:00:00Z,201545,136799,129432,84754,64746,46071,45676,85570,68360
2024-11-26T01:00:00Z,224794,136995,151674,84617,87799,48934,48563,109522,90387
2024-11-26T02:00:00Z,189921,140059,115417,83543,49862,49338,48982,75192,54389
2024-11-26T03:00:00Z,222212,137474,120783,81011,84738,45656,45297,71648,51884
2024-11-26T04:00:00Z,206080,127071,112565,78795,79009,43332,43016,63434,45540
2024-11-26T05:00:00Z,219618,132726,115660,79003,86892,45788,45455,66977,47110
2024-11-26T06:00:00Z,237283,147168,128933,83581,90115,52172,51836,87179,63398
2024-11-26T07:00:00Z,234850,159718,123555,90487,75132,57043,56720,75592,50112
2024-11-26T08:00:00Z,250015,171662,124901,93335,78353,63141,62695,83126,55780
2024-11-26T09:00:00Z,264108,179289,135326,98213,84819,65970,65568,88861,60946
2024-11-26T10:00:00Z,256836,178220,132381,98741,78616,65312,64922,84137,57682
2024-11-26T11:00:00Z,252373,173991,132537,97540,78382,65004,64596,81124,54670
2024-11-26T12:00:00Z,280022,183752,176953,102507,96270,68399,67982,126731,99233
2024-11-26T13:00:00Z,282194,182623,150785,100799,99571,70576,70152,105892,77201
2024-11-26T14:00:00Z,273250,197229,143018,110493,76021,76595,76159,93828,64166
2024-11-26T15:00:00Z,277166,195103,145248,106542,82063,74472,74008,98244,69206
2024-11-26T16:00:00Z,265138,192681,139750,108287,72457,73183,72720,91536,64015
2024-11-26T17:00:00Z,260227,180825,136997,102298,79402,67993,67536,85546,59523
2024-11-26T18:00:00Z,260578,168339,145398,97385,92239,62701,62225,96725,72872
2024-11-26T19:00:00Z,243872,164538,133609,97079,79334,58858,58418,75924,53709
2024-11-26T20:00:00Z,241548,158253,131923,94812,83295,54851,54447,75510,54817
2024-11-26T21:00:00Z,233355,149217,128761,89307,84138,51064,50655,74711,55658
2024-11-26T22:00:00Z,213813,138225,117016,84732,75588,47269,46891,64240,46766
2024-11-26T23:00:00Z,206525,132295,116059,83162,74230,45219,44882,62204,46071
2024-11-27T00:00:00Z,192231,132940,126180,83649,59291,44905,44510,81841,65467
2024-11-27T01:00:00Z,217218,135035,149768,84263,82183,47673,47309,105937,87567
2024-11-27T02:00:00Z,186662,140232,115448,84775,46430,47983,47605,72249,52077
2024-11-27T03:00:00Z,220099,136410,120707,79668,83689,44785,44409,70863,50955
2024-11-27T04:00:00Z,201983,125179,111797,78901,76804,42178,41842,60809,43927
2024-11-27T05:00:00Z,211971,132465,116498,82202,79506,45028,44735,64362,45210
2024-11-27T06:00:00Z,230901,147522,130255,86339,83379,51417,51094,84471,62540
2024-11-27T07:00:00Z,231842,162290,124135,92187,69552,56711,56366,73466,49137
2024-11-27T08:00:00Z,244504,172767,127227,97478,71737,63010,62614,81201,54703
2024-11-27T09:00:00Z,259126,176601,135771,97834,82525,65434,65027,87930,60745
2024-11-27T10:00:00Z,254326,178767,133471,99410,75559,65378,64951,84151,57880
2024-11-27T11:00:00Z,253105,174213,134780,98875,78892,63554,63155,80391,54766
2024-11-27T12:00:00Z,277029,185151,178814,105128,91878,67912,67474,123621,97238
2024-11-27T13:00:00Z,280762,182955,154720,103382,97807,70246,69817,105661,77817
2024-11-27T14:00:00Z,270805,196034,142388,109683,74771,75126,74707,91958,62706
2024-11-27T15:00:00Z,276746,192829,149490,109892,83917,72891,72462,97433,69416
2024-11-27T16:00:00Z,258429,186398,137507,106835,72031,70299,69814,88950,62199
2024-11-27T17:00:00Z,256241,181154,139134,105737,75087,65838,65387,84381,58083
2024-11-27T18:00:00Z,254715,166160,146944,99868,88555,59916,59526,93812,71346
2024-11-27T19:00:00Z,236790,158586,131684,94550,78204,55882,55509,73078,51764
2024-11-27T20:00:00Z,230440,148599,127890,90580,81841,51576,51191,72045,52352
2024-11-27T21:00:00Z,223647,140488,125634,84993,83159,47330,46963,71613,53017
2024-11-27T22:00:00Z,210367,133722,115884,82334,76645,43722,43356,62161,45128
2024-11-27T23:00:00Z,198542,125450,113446,80574,73092,42016,41704,58563,43534
2024-11-28T00:00:00Z,190577,128575,124962,81362,62002,42560,42195,81325,65105
2024-11-28T01:00:00Z,213009,130573,149365,82081,82436,45824,45490,106616,88689
2024-11-28T02:00:00Z,179914,135596,112457,83171,44318,45943,45603,69548,50417
2024-11-28T03:00:00Z,214165,131211,117845,77330,82954,43052,42727,68139,49661
2024-11-28T04:00:00Z,195831,121650,108498,75629,74181,40631,40344,59517,42407
2024-11-28T05:00:00Z,203057,128255,112708,77730,74802,44110,43830,63313,44247
2024-11-28T06:00:00Z,227777,143086,129126,83781,84691,50117,49761,84235,62080
2024-11-28T07:00:00Z,228008,156560,122615,89676,71448,55648,55305,72881,48379
2024-11-28T08:00:00Z,242508,167220,126055,94432,75288,61280,60893,80119,54467
2024-11-28T09:00:00Z,258498,175772,133997,97179,82726,64648,64263,87033,60165
2024-11-28T10:00:00Z,248577,174986,131356,98925,73591,62866,62486,80655,56510
2024-11-28T11:00:00Z,245408,171061,130861,97404,74347,62720,62311,77802,53478
2024-11-28T12:00:00Z,272432,180815,178742,104613,91617,66039,65630,123691,98326
2024-11-28T13:00:00Z,277186,182444,153474,103667,94742,68307,67914,103687,76688
2024-11-28T14:00:00Z,265588,193411,140842,109082,72177,71857,71446,88504,61045
2024-11-28T15:00:00Z,267791,185388,147027,106865,82403,69178,68779,92940,66954
2024-11-28T16:00:00Z,253028,176027,134403,102200,77001,65373,64978,84080,59557
2024-11-28T17:00:00Z,237531,164410,132703,99032,73121,59115,58726,75996,53870
2024-11-28T18:00:00Z,240267,150749,138026,91761,89518,53979,53605,87182,66797
2024-11-28T19:00:00Z,213843,137595,118754,84468,76248,48567,48241,65523,47087
2024-11-28T20:00:00Z,206379,129955,116393,80922,76424,44972,44664,64438,47782
2024-11-28T21:00:00Z,203105,120610,116382,76143,82495,40857,40568,64082,48209
2024-11-28T22:00:00Z,185215,111081,102343,70669,74134,37686,37392,54500,39948
2024-11-28T23:00:00Z,181708,111005,102985,72423,70703,36920,36683,52542,38985
2024-11-29T00:00:00Z,174202,116755,120948,76813,57447,37643,37304,76261,61889
2024-11-29T01:00:00Z,200265,119093,144608,76168,81172,41297,40986,102915,86474
2024-11-29T02:00:00Z,166690,124126,105820,75445,42564,41951,41687,66434,48227
2024-11-29T03:00:00Z,203975,125158,112642,73247,78817,39732,39441,63994,46725
2024-11-29T04:00:00Z,186799,113225,101615,70057,73574,37037,36769,54555,39508
2024-11-29T05:00:00Z,192767,119545,106801,73980,73222,40620,40348,58591,41213
2024-11-29T06:00:00Z,213819,133862,120518,79371,79957,47296,47004,77980,57475
2024-11-29T07:00:00Z,214234,144955,114357,83581,69279,52242,51929,67665,45749
2024-11-29T08:00:00Z,230328,159152,120968,90315,71176,57811,57449,74905,51119
2024-11-29T09:00:00Z,243640,165217,128816,92185,78423,61247,60891,82740,58095
2024-11-29T10:00:00Z,239785,164850,125699,92642,74935,59543,59158,77455,54154
2024-11-29T11:00:00Z,233311,160469,125996,92429,72842,57982,57605,72823,50426
2024-11-29T12:00:00Z,264448,169485,177937,100215,94963,60725,60335,119411,96182
2024-11-29T13:00:00Z,264027,169335,149249,98035,94692,62538,62149,97630,72953
2024-11-29T14:00:00Z,250582,178524,136072,103798,72058,65474,65081,81199,56613
2024-11-29T15:00:00Z,256659,173643,139738,100345,83016,62818,62396,86910,62831
2024-11-29T16:00:00Z,240012,165526,129102,96693,74486,59394,59010,78616,55670
2024-11-29T17:00:00Z,223395,153911,125636,92447,69484,54107,53752,70327,49738
2024-11-29T18:00:00Z,231534,140868,135725,87024,90666,49455,49143,83653,64755
2024-11-29T19:00:00Z,203529,132421,116231,82924,71108,44584,44283,60218,43273
2024-11-29T20:00:00Z,199216,126169,114859,80219,73047,41821,41527,59979,44125
2024-11-29T21:00:00Z,199478,117387,115820,75423,82091,38130,37798,61421,46609
2024-11-29T22:00:00Z,185425,111404,105625,72871,74021,35242,34915,52853,39263
2024-11-29T23:00:00Z,169849,101467,98254,68591,68382,34244,33983,48485,36793
2024-11-30T00:00:00Z,159795,102534,112352,68263,57261,32196,31867,71416,59206
2024-11-30T01:00:00Z,175755,98743,133559,67693,77012,32092,31819,92014,80082
2024-11-30T02:00:00Z,143955,101473,99011,67234,42482,30984,30734,56936,44179
2024-11-30T03:00:00Z,185696,107473,106187,66333,78223,30363,30104,54289,41021
2024-11-30T04:00:00Z,172661,103296,100496,68773,69365,30928,30712,47582,35000
2024-11-30T05:00:00Z,177721,103811,100691,67619,73910,32116,31904,50418,36088
2024-11-30T06:00:00Z,194475,112681,115520,71969,81794,35120,34875,65628,51023
2024-11-30T07:00:00Z,178921,113953,102889,72560,64968,36638,36428,52403,37042
2024-11-30T08:00:00Z,187094,116790,106992,74939,70304,37396,37134,56077,40020
2024-11-30T09:00:00Z,194859,119335,113033,75086,75524,39222,38989,62439,45730
2024-11-30T10:00:00Z,189777,118178,108803,74642,71599,39672,39432,57988,41841
2024-11-30T11:00:00Z,190251,120825,109692,76325,69426,40440,40213,54994,38637
2024-11-30T12:00:00Z,230197,130680,170518,83105,99517,44314,44069,105244,87685
2024-11-30T13:00:00Z,224191,132079,135959,82058,92112,46214,45983,82300,63390
2024-11-30T14:00:00Z,209714,139941,119692,86954,69773,48969,48744,64153,45425
2024-11-30T15:00:00Z,218796,139924,127235,88176,78872,49252,48984,73373,54200
2024-11-30T16:00:00Z,209742,138765,120112,87912,70977,48569,48319,67039,48298
2024-11-30T17:00:00Z,205679,135481,117606,85975,70198,46473,46233,61477,44082
2024-11-30T18:00:00Z,216220,131283,131983,85244,84937,43627,43388,74583,58763
2024-11-30T19:00:00Z,193139,119575,112205,77953,73564,39738,39519,54399,39906
2024-11-30T20:00:00Z,189430,117017,111517,76082,72413,38022,37797,54902,41358
2024-11-30T21:00:00Z,185491,107839,111077,71931,77652,35240,35038,56357,43463
2024-11-30T22:00:00Z,173635,102224,99801,68492,71411,32659,32441,47333,35532
2024-11-30T23:00:00Z,165866,100327,98358,68590,65539,32464,32241,46966,35648
2024-12-01T00:00:00Z,152288,101703,102088,69384,50585,30422,30074,60823,47976
2024-12-01T01:00:00Z,184614,99485,133741,67857,85129,31302,31001,92614,79589
2024-12-01T02:00:00Z,152423,100567,104328,68068,51856,30848,30593,62871,50022
2024-12-01T03:00:00Z,183797,105575,101791,67241,78222,30575,30333,56487,43144
2024-12-01T04:00:00Z,180051,101821,101036,67511,78230,31214,30988,50154,37329
2024-12-01T05:00:00Z,185138,105581,104200,70230,79557,33924,33681,52406,38902
2024-12-01T06:00:00Z,197421,109516,116319,70708,87905,35715,35466,69222,54306
2024-12-01T07:00:00Z,189587,114607,104449,72038,74980,37336,37108,53518,37616
2024-12-01T08:00:00Z,191624,117002,107896,74476,74622,38512,38270,56723,40665
2024-12-01T09:00:00Z,204719,122129,117041,77811,82590,40352,40105,64111,47196
2024-12-01T10:00:00Z,201255,124535,113046,78274,76720,42051,41801,60935,43929
2024-12-01T11:00:00Z,206623,132619,118244,84678,74004,44338,44105,59822,41741
2024-12-01T12:00:00Z,244757,145370,172215,89374,99387,49395,49101,110685,90859
2024-12-01T13:00:00Z,236361,139079,135936,85258,97282,50499,50239,84765,64668
2024-12-01T14:00:00Z,224269,149924,125208,92958,74345,54204,53930,70281,48973
2024-12-01T15:00:00Z,232505,150478,132946,94209,82027,54117,53873,79378,58510
2024-12-01T16:00:00Z,226466,150807,125124,91783,75659,52977,52715,72299,51704
2024-12-01T17:00:00Z,222818,151597,128373,95972,71221,51814,51572,67847,48009
2024-12-01T18:00:00Z,234791,142240,141151,91430,92551,50047,49794,84351,65861
2024-12-01T19:00:00Z,218863,139333,124416,89958,79530,46745,46490,62658,45416
2024-12-01T20:00:00Z,208674,132958,120748,86156,75716,45420,45186,63939,47479
2024-12-01T21:00:00Z,209365,128980,121196,83908,80385,43045,42778,65528,49573
2024-12-01T22:00:00Z,196285,119285,109704,78521,77000,39514,39273,55649,41110
2024-12-01T23:00:00Z,188501,115665,107699,77430,72836,39109,38891,54420,41041
2024-12-02T00:00:00Z,186324,124767,120952,82421,61557,39832,39498,75390,59666
2024-12-02T01:00:00Z,220516,130131,148322,83271,90385,44941,44591,105568,86664
2024-12-02T02:00:00Z,188891,137696,113033,84725,51195,46702,46396,69609,49513
2024-12-02T03:00:00Z,220859,132094,118105,78736,88765,43917,43608,69793,50558
2024-12-02T04:00:00Z,205552,123789,109823,77274,81763,42298,41994,61128,43390
2024-12-02T05:00:00Z,211441,133185,113256,81433,78256,46638,46326,65078,45614
2024-12-02T06:00:00Z,231838,144914,127051,85370,86924,52739,52402,85409,63034
2024-12-02T07:00:00Z,235869,159469,121573,91191,76400,57383,57054,73810,49017
2024-12-02T08:00:00Z,248408,171272,125908,95429,77136,63005,62608,81701,55393
2024-12-02T09:00:00Z,260893,177081,133915,97562,83812,66299,65895,87920,61302
2024-12-02T10:00:00Z,252315,173294,128401,96176,79021,64808,64337,83535,57340
2024-12-02T11:00:00Z,257870,171213,132839,97454,86657,63716,63303,81307,54927
2024-12-02T12:00:00Z,286539,178545,178484,102396,107994,67294,66846,129412,101700
2024-12-02T13:00:00Z,284852,178746,151223,100999,106106,70878,70440,107729,79325
2024-12-02T14:00:00Z,277141,195110,141629,108605,82031,76435,76004,94690,64795
2024-12-02T15:00:00Z,276587,194177,145007,108329,82410,75309,74871,98812,69923
2024-12-02T16:00:00Z,266770,189116,137122,106822,77654,73042,72581,92232,63854
2024-12-02T17:00:00Z,264782,181928,139031,105850,82854,68210,67769,86380,59903
2024-12-02T18:00:00Z,269578,171019,146632,100507,98559,64288,63826,99274,74015
2024-12-02T19:00:00Z,247767,165167,132186,97568,82600,60712,60306,77756,54832
2024-12-02T20:00:00Z,246270,164994,136599,99534,81276,58192,57752,80131,57116
2024-12-02T21:00:00Z,229180,163229,139054,97903,65951,55521,55112,80482,58329
2024-12-02T22:00:00Z,212030,155016,129494,95174,57014,51536,51135,70179,50163
2024-12-02T23:00:00Z,197774,143446,124326,90723,54328,48541,48202,66676,49149
2024-12-03T00:00:00Z,205406,140974,129900,88047,64432,46899,46515,84647,66548
2024-12-03T01:00:00Z,227114,142776,157186,89773,84338,50028,49650,110989,91320
2024-12-03T02:00:00Z,190576,146623,117294,89009,43953,50313,49975,73345,52303
2024-12-03T03:00:00Z,207202,150806,130407,89721,56396,49243,48913,75520,54708
2024-12-03T04:00:00Z,189357,142840,123382,89797,46517,46978,46677,65861,47382
2024-12-03T05:00:00Z,196714,146544,125427,89971,50170,50902,50591,70305,50209
2024-12-03T06:00:00Z,220361,160439,138643,93119,59922,57616,57262,91182,67776
2024-12-03T07:00:00Z,216633,170015,130588,97264,46618,61622,61229,77570,52702
2024-12-03T08:00:00Z,234059,184692,135351,102681,49367,67648,67242,86198,58808
2024-12-03T09:00:00Z,251247,195577,145601,107453,55670,70108,69709,92939,64831
2024-12-03T10:00:00Z,240906,192309,141235,107870,48597,68437,68059,86691,60255
2024-12-03T11:00:00Z,236353,184874,141497,105695,51479,67668,67238,82724,56909
2024-12-03T12:00:00Z,280007,188208,182923,107886,91799,69736,69270,128139,101344
2024-12-03T13:00:00Z,270028,201118,164465,112126,68910,75072,74634,111683,82416
2024-12-03T14:00:00Z,262429,212226,152139,118338,50203,80057,79555,96545,66287
2024-12-03T15:00:00Z,262435,207934,154899,116691,54501,78339,77884,101935,72819
2024-12-03T16:00:00Z,257085,205978,149525,117047,51107,76705,76243,95521,68102
2024-12-03T17:00:00Z,250098,197740,148755,114342,52358,71437,70974,88598,62643
2024-12-03T18:00:00Z,252604,186699,160965,111309,65905,66268,65799,99844,76265
2024-12-03T19:00:00Z,223349,170931,144852,107424,52418,61605,61220,78568,56513
2024-12-03T20:00:00Z,229059,173783,143195,104956,55276,59967,59522,80196,58782
2024-12-03T21:00:00Z,222226,162256,139405,98631,59970,55677,55264,79589,59109
2024-12-03T22:00:00Z,208606,155016,127806,93556,53590,50806,50400,69043,50478
2024-12-03T23:00:00Z,195750,144466,122337,88156,51284,47742,47392,64895,48498
2024-12-04T00:00:00Z,201549,138452,128102,85714,63097,46481,46052,83552,66153
2024-12-04T01:00:00Z,225289,140565,156044,87827,84724,49372,48990,110928,92205
2024-12-04T02:00:00Z,191205,145995,118348,87923,45210,49809,49477,73816,53385
2024-12-04T03:00:00Z,207236,149381,128742,87187,57855,48916,48573,74610,54210
2024-12-04T04:00:00Z,184203,136417,119651,85634,47786,45228,44894,63374,46188
2024-12-04T05:00:00Z,192179,143376,123928,87758,48803,49460,49138,68729,49098
2024-12-04T06:00:00Z,217500,159356,136219,92867,58144,56797,56443,88338,64696
2024-12-04T07:00:00Z,217625,169367,129577,96429,48258,60840,60483,77995,53025
2024-12-04T08:00:00Z,233480,183877,134873,102936,49603,67300,66860,86459,59548
2024-12-04T09:00:00Z,246530,190049,143493,104596,56481,69612,69160,92358,65066
2024-12-04T10:00:00Z,237067,185770,139165,104613,51297,67856,67435,86490,60773
2024-12-04T11:00:00Z,237365,184256,141936,105275,53109,65904,65515,82468,57377
2024-12-04T12:00:00Z,273357,181625,179192,104730,91732,67696,67256,125213,99476
2024-12-04T13:00:00Z,263373,196372,162742,111002,67001,72700,72269,108855,80922
2024-12-04T14:00:00Z,254014,205377,148133,115724,48637,77490,77042,93856,64686
2024-12-04T15:00:00Z,262583,205007,156868,116284,57576,77259,76737,100653,72303
2024-12-04T16:00:00Z,251824,202220,146888,114462,49604,75394,74912,93990,66520
2024-12-04T17:00:00Z,243897,192585,145362,111620,51312,70195,69755,86652,61348
2024-12-04T18:00:00Z,218968,160593,136520,94671,58375,59938,59523,93222,70521
2024-12-04T19:00:00Z,222615,171858,134682,99819,50757,61033,60624,77404,55213
2024-12-04T20:00:00Z,219843,166336,136182,98629,53507,57756,57308,77952,57141
2024-12-04T21:00:00Z,220992,163483,137956,96814,57509,53897,53472,77577,57749
2024-12-04T22:00:00Z,196276,146251,122616,88856,50025,50408,50032,67213,49566
2024-12-04T23:00:00Z,191337,141091,121383,86677,50246,47185,46830,63704,47916
2024-12-05T00:00:00Z,196698,136877,126342,83813,59821,45070,44683,82032,65387
2024-12-05T01:00:00Z,214991,134332,152599,84594,80659,47260,46879,109175,91486
2024-12-05T02:00:00Z,184476,141248,115086,86429,43228,48280,47948,71956,52097
2024-12-05T03:00:00Z,199528,145157,125552,85819,54371,47467,47126,73154,53451
2024-12-05T04:00:00Z,178575,132894,115087,83014,45681,44686,44383,62847,45580
2024-12-05T05:00:00Z,189955,143122,121588,87591,46833,48203,47897,67074,48286
2024-12-05T06:00:00Z,212461,154862,134634,90541,57599,55262,54926,87907,66064
2024-12-05T07:00:00Z,206981,161751,124433,92276,45230,58707,58366,74033,50384
2024-12-05T08:00:00Z,222573,174241,130486,97958,48332,64997,64596,82116,56871
2024-12-05T09:00:00Z,238885,183537,141295,102218,55348,68447,68011,90195,63611
2024-12-05T10:00:00Z,233412,183391,137471,102358,50021,66654,66217,84802,59219
2024-12-05T11:00:00Z,228518,179477,137030,101663,49041,65376,64971,80221,55387
2024-12-05T12:00:00Z,266085,179358,174039,101542,86727,66978,66546,123674,97968
2024-12-05T13:00:00Z,255763,191662,158912,108021,64101,72559,72128,107358,80444
2024-12-05T14:00:00Z,242969,198488,138425,108442,44481,74534,74103,89827,61379
2024-12-05T15:00:00Z,257970,203666,152970,114510,54304,76208,75748,99003,70987
2024-12-05T16:00:00Z,246317,198561,144934,113163,47756,73000,72540,92020,65468
2024-12-05T17:00:00Z,241309,189793,145730,110738,51516,67794,67323,84751,59918
2024-12-05T18:00:00Z,247844,179434,153169,106452,68410,63539,63099,95120,71891
2024-12-05T19:00:00Z,223193,169223,137335,100349,53970,58542,58115,75772,54382
2024-12-05T20:00:00Z,223343,167100,139221,100716,56243,55786,55360,75732,56023
2024-12-05T21:00:00Z,215343,158630,136352,95887,56713,52481,52103,75919,57199
2024-12-05T22:00:00Z,200295,146199,123962,89571,54096,48502,48068,66928,48804
2024-12-05T23:00:00Z,196283,135692,118371,84509,60591,45657,45254,66008,47055
2024-12-06T00:00:00Z,198825,129188,125013,82060,69637,43887,43421,82970,65099
2024-12-06T01:00:00Z,219845,130419,150984,83095,89426,46326,45915,108485,89438
2024-12-06T02:00:00Z,186896,136290,114907,83209,50606,46586,46269,72936,52153
2024-12-06T03:00:00Z,197985,141106,126356,84489,56879,45656,45339,71345,52394
2024-12-06T04:00:00Z,177153,129554,116079,82206,47599,42545,42225,60777,43981
2024-12-06T05:00:00Z,184290,136172,118961,83096,48118,45985,45668,65331,46542
2024-12-06T06:00:00Z,210291,150963,135942,90617,59328,52636,52282,86044,64332
2024-12-06T07:00:00Z,203296,157980,125124,92819,45316,55585,55264,72054,49304
2024-12-06T08:00:00Z,216846,168763,128996,96444,48083,60090,59721,78357,54461
2024-12-06T09:00:00Z,231383,178077,138376,100064,53306,63592,63219,85964,60924
2024-12-06T10:00:00Z,224292,174919,134967,100429,49373,61690,61323,79589,56244
2024-12-06T11:00:00Z,223936,173760,137079,101238,50176,59256,58894,74832,52064
2024-12-06T12:00:00Z,267393,173195,178603,99763,94198,60911,60500,121972,97849
2024-12-06T13:00:00Z,255588,184801,158367,102926,70787,65703,65313,103657,78711
2024-12-06T14:00:00Z,241799,192122,142690,108778,49677,70655,70229,87310,60867
2024-12-06T15:00:00Z,246710,188823,147250,107402,57887,69026,68590,93191,67430
2024-12-06T16:00:00Z,236402,183472,140960,106699,52930,66886,66452,85792,61469
2024-12-06T17:00:00Z,228539,175535,139406,104057,53004,61666,61256,79038,56227
2024-12-06T18:00:00Z,234477,163322,148744,99158,71155,57359,56930,92709,70757
2024-12-06T19:00:00Z,212633,159009,134473,96948,53624,52897,52485,69166,50012
2024-12-06T20:00:00Z,204216,149141,131264,92655,55075,49579,49157,69226,51221
2024-12-06T21:00:00Z,198132,143705,129759,88947,54427,46772,46393,68601,52215
2024-12-06T22:00:00Z,179339,132501,117086,83331,46838,42053,41713,58973,43822
2024-12-06T23:00:00Z,167876,122837,112477,79474,45039,39560,39243,56246,42123
2024-12-07T00:00:00Z,171833,114096,117379,75504,57737,35484,35130,72938,59702
2024-12-07T01:00:00Z,186310,108171,138577,72248,78139,35296,34997,96553,82881
2024-12-07T02:00:00Z,152707,110699,103753,73078,42008,35342,35065,61142,47635
2024-12-07T03:00:00Z,167607,117160,112938,72308,50447,33600,33319,59443,44685
2024-12-07T04:00:00Z,150775,109974,104013,71064,40801,34072,33807,51608,38106
2024-12-07T05:00:00Z,156134,113045,107089,71995,43089,35870,35628,54413,39883
2024-12-07T06:00:00Z,180028,124549,123265,76045,55479,39017,38746,72311,56616
2024-12-07T07:00:00Z,160282,119913,107967,75096,40369,39318,39058,54845,39009
2024-12-07T08:00:00Z,163496,121492,109536,75966,42004,39591,39314,58323,41987
2024-12-07T09:00:00Z,171383,123050,118076,77864,48333,40519,40267,63821,47580
2024-12-07T10:00:00Z,169458,126352,114964,79356,43106,41607,41348,60345,44310
2024-12-07T11:00:00Z,171389,128652,116340,80563,42737,42888,42634,58468,41649
2024-12-07T12:00:00Z,230213,133260,170729,83267,96953,45406,45150,108816,91358
2024-12-07T13:00:00Z,207623,141966,147231,89256,65657,48648,48402,88046,68940
2024-12-07T14:00:00Z,192321,149365,128780,93764,42956,51966,51718,68750,48977
2024-12-07T15:00:00Z,207367,157345,136415,94873,50022,51591,51351,76755,57658
2024-12-07T16:00:00Z,198131,155182,133244,98531,42949,50803,50549,69993,51280
2024-12-07T17:00:00Z,191123,147389,130325,94892,43734,48504,48251,64972,47233
2024-12-07T18:00:00Z,198167,140210,140218,91198,57957,46282,46040,79236,62676
2024-12-07T19:00:00Z,174816,131088,122672,86080,43728,41871,41637,57829,42506
2024-12-07T20:00:00Z,169643,125072,121371,83699,44571,39577,39341,58345,44323
2024-12-07T21:00:00Z,167732,119434,119315,79267,48298,37053,36796,59859,46095
2024-12-07T22:00:00Z,149638,110788,106704,74389,38850,34391,34166,50547,37874
2024-12-07T23:00:00Z,144138,106131,104932,72819,38007,33836,33624,49138,37441
2024-12-08T00:00:00Z,149437,102431,106779,70614,47006,30863,30570,63432,52111
2024-12-08T01:00:00Z,174054,99896,134774,69008,74158,31274,31016,91365,79887
2024-12-08T02:00:00Z,137474,99053,96754,66347,38421,30032,29811,56119,43908
2024-12-08T03:00:00Z,157167,109334,108087,68002,47833,30765,30522,56586,44020
2024-12-08T04:00:00Z,144540,105027,103489,70517,39513,30882,30672,47729,35942
2024-12-08T05:00:00Z,149733,109241,106488,71524,40492,33446,33235,51037,38868
2024-12-08T06:00:00Z,170349,118132,120944,76145,52217,35931,35695,67053,53125
2024-12-08T07:00:00Z,153493,115601,107974,75225,37892,36493,36266,51400,37040
2024-12-08T08:00:00Z,160629,122036,110500,78233,38593,38366,38128,56427,41114
2024-12-08T09:00:00Z,170176,124524,120070,81179,45652,40323,40093,63291,47788
2024-12-08T10:00:00Z,168870,128104,116848,82465,40766,42027,41742,60467,44703
2024-12-08T11:00:00Z,172384,131932,119762,85005,40452,44168,43915,59179,42290
2024-12-08T12:00:00Z,233420,141237,175300,91301,92183,47545,47282,108816,90431
2024-12-08T13:00:00Z,210988,146782,150918,93255,64206,50556,50310,89592,70441
2024-12-08T14:00:00Z,197156,155304,134241,98621,41852,54397,54136,71041,50904
2024-12-08T15:00:00Z,209518,159662,143507,102659,49856,54854,54595,81114,60359
2024-12-08T16:00:00Z,204346,160858,138664,104058,43488,54126,53854,74343,54288
2024-12-08T17:00:00Z,196652,155110,134939,100640,41542,51943,51682,68199,49603
2024-12-08T18:00:00Z,258423,140550,135318,90437,117873,48673,48404,89062,63969
2024-12-08T19:00:00Z,193670,146278,131572,96161,47392,47205,46916,64088,46238
2024-12-08T20:00:00Z,187424,143269,130202,93743,44155,45875,45606,65665,48549
2024-12-08T21:00:00Z,187765,129309,128686,86031,58456,42542,42300,65979,51482
2024-12-08T22:00:00Z,171504,119426,114503,78637,52078,39020,38786,56838,43081
2024-12-08T23:00:00Z,168854,116323,114588,78257,52531,37611,37373,54670,42218
2024-12-09T00:00:00Z,186911,116823,117708,77288,70088,37645,37272,74750,59190
2024-12-09T01:00:00Z,216901,122876,145258,78461,94025,42602,42259,104759,86530
2024-12-09T02:00:00Z,190487,131210,110874,79599,59277,44499,44198,71629,50846
2024-12-09T03:00:00Z,214664,145912,120625,80014,68752,44275,43969,72080,52560
2024-12-09T04:00:00Z,193750,133568,116275,82507,60182,42441,42094,62874,45068
2024-12-09T05:00:00Z,192802,133951,117487,81736,58851,45740,45427,66538,46669
2024-12-09T06:00:00Z,219648,151527,132579,89400,68121,53230,52896,85683,62331
2024-12-09T07:00:00Z,214670,160720,123858,91360,53950,57415,57078,74661,49605
2024-12-09T08:00:00Z,231580,174196,129903,97697,57384,62815,62308,82255,55512
2024-12-09T09:00:00Z,243331,182291,139441,101312,61040,66304,65848,88433,61276
2024-12-09T10:00:00Z,236504,181765,134457,101626,54739,64981,64533,83803,57985
2024-12-09T11:00:00Z,239074,180099,137358,102574,58975,63704,63296,79907,53862
2024-12-09T12:00:00Z,274371,179541,175513,103580,94830,66012,65523,124924,98072
2024-12-09T13:00:00Z,262146,189329,158567,106978,72817,71030,70592,107391,79283
2024-12-09T14:00:00Z,243510,194773,132249,103320,48737,72679,72230,88580,58095
2024-12-09T15:00:00Z,270032,205342,158655,119664,64690,77275,76759,101568,73006
2024-12-09T16:00:00Z,257260,198487,144769,112360,58773,72506,72036,94029,66049
2024-12-09T17:00:00Z,253475,190031,144293,109196,63444,67935,67504,87937,61211
2024-12-09T18:00:00Z,250050,178428,151709,105181,71622,63784,63354,97704,73468
2024-12-09T19:00:00Z,234796,175128,138844,101901,59668,59809,59385,78600,54591
2024-12-09T20:00:00Z,231906,168851,139268,100995,63055,56484,56049,79064,57501
2024-12-09T21:00:00Z,223723,157596,136085,94165,66127,52681,52284,77323,57271
2024-12-09T22:00:00Z,208902,149118,125442,90812,59784,48573,48177,68480,48988
2024-12-09T23:00:00Z,193561,135014,118501,85101,58547,45755,45384,64818,47096
2024-12-10T00:00:00Z,193120,132746,124169,84681,60374,44222,43828,81008,63826
2024-12-10T01:00:00Z,216809,134408,150975,84970,82401,46631,46254,107845,89279
2024-12-10T02:00:00Z,182698,140186,114820,86333,42512,47630,47309,70835,51591
2024-12-10T03:00:00Z,201853,147090,128508,88235,54763,46948,46580,73111,53511
2024-12-10T04:00:00Z,186217,138920,119795,85905,47297,44646,44334,63550,45532
2024-12-10T05:00:00Z,192712,142618,122767,87265,50094,48668,48370,68471,48839
2024-12-10T06:00:00Z,218014,160877,139253,94576,57137,55358,55015,88647,65774
2024-12-10T07:00:00Z,212719,167257,129172,97498,45462,58324,57971,74431,50601
2024-12-10T08:00:00Z,227299,181901,134707,104288,45398,64442,64071,82300,56274
2024-12-10T09:00:00Z,240994,189419,143375,107108,51575,67242,66809,88832,61652
2024-12-10T10:00:00Z,235350,187794,140881,107476,47556,65223,64786,83044,58213
2024-12-10T11:00:00Z,235787,184809,141104,106461,50978,64355,63874,79908,54617
2024-12-10T12:00:00Z,270202,183717,177964,106835,86485,66990,66537,123479,97566
2024-12-10T13:00:00Z,265425,198846,165654,113390,66579,71832,71412,108288,80180
2024-12-10T14:00:00Z,231154,188943,116792,91734,42211,70456,70024,85422,53162
2024-12-10T15:00:00Z,248430,195895,141239,105399,52535,75255,74803,97973,66510
2024-12-10T16:00:00Z,240527,195250,137787,108818,45277,75470,74985,92150,61883
2024-12-10T17:00:00Z,264839,211669,176866,137784,53170,77355,76867,94411,70850
2024-12-10T18:00:00Z,227835,170486,140662,98440,57349,61446,60955,91520,68325
2024-12-10T19:00:00Z,217064,167481,131321,96685,49583,58326,57864,73760,52380
2024-12-10T20:00:00Z,212115,159213,130408,93697,52902,54782,54346,73928,53795
2024-12-10T21:00:00Z,208821,152383,132019,92132,56438,51579,51165,73859,55474
2024-12-10T22:00:00Z,195827,143554,123306,89053,52273,47344,46940,65861,47747
2024-12-10T23:00:00Z,186014,135851,120267,86419,50163,44748,44405,62044,46268
2024-12-11T00:00:00Z,192424,132344,126064,85031,60080,42958,42551,79406,63136
2024-12-11T01:00:00Z,213742,131164,148272,81618,82578,46303,45949,107271,88663
2024-12-11T02:00:00Z,181062,137137,113092,83859,43925,46255,45927,70617,51088
2024-12-11T03:00:00Z,201029,142546,127102,85132,58483,45440,45100,72650,52843
2024-12-11T04:00:00Z,179634,131579,118084,83628,48055,43098,42770,62604,44869
2024-12-11T05:00:00Z,188010,136717,119968,84243,51293,46368,46039,65929,46496
2024-12-11T06:00:00Z,209324,153811,132022,90796,55513,52994,52622,84425,61365
2024-12-11T07:00:00Z,201689,158171,121974,91496,43518,56288,55933,72227,48225
2024-12-11T08:00:00Z,214168,169710,123819,95459,44458,62276,61888,78980,52973
2024-12-11T09:00:00Z,224502,175972,128344,95618,48530,64585,64144,85256,57997
2024-12-11T10:00:00Z,222152,173965,128802,97585,48187,62957,62489,81145,55164
2024-12-11T11:00:00Z,219793,170942,129359,96253,48851,61870,61453,77218,52246
2024-12-11T12:00:00Z,239763,163017,152381,90194,76746,62030,61605,113520,87273
2024-12-11T13:00:00Z,237074,178377,143362,98785,58697,67509,67078,99190,71521
2024-12-11T14:00:00Z,238223,193433,135032,106298,44790,72987,72534,87865,58836
2024-12-11T15:00:00Z,242923,189683,138420,103000,53240,71494,70994,93646,65059
2024-12-11T16:00:00Z,235763,189310,133177,104181,46453,69326,68864,87353,60019
2024-12-11T17:00:00Z,226964,179787,130633,100123,47177,64766,64333,81070,55454
2024-12-11T18:00:00Z,229853,168405,141303,96947,61448,61117,60677,92807,69689
2024-12-11T19:00:00Z,209187,160280,126552,92373,48907,56815,56404,72434,51104
2024-12-11T20:00:00Z,208241,160605,122749,88900,47636,54029,53615,71438,51404
2024-12-11T21:00:00Z,210879,158714,121787,84913,52165,50164,49767,73246,53394
2024-12-11T22:00:00Z,188404,140647,114424,82501,47757,46882,46478,63565,45680
2024-12-11T23:00:00Z,178620,127755,111707,79658,50865,43663,43294,61364,44084
2024-12-12T00:00:00Z,190538,124395,119242,76724,66143,40783,40370,81551,62762
2024-12-12T01:00:00Z,203241,122876,142697,75823,80365,43456,43102,104296,87172
2024-12-12T02:00:00Z,168920,128185,105476,77207,40735,43791,43486,66905,48318
2024-12-12T03:00:00Z,188082,133969,119836,78739,54113,43835,43493,69830,50877
2024-12-12T04:00:00Z,167970,125066,111515,79368,42904,41606,41302,59500,43255
2024-12-12T05:00:00Z,176522,130635,114281,80251,45887,44605,44294,62700,44869
2024-12-12T06:00:00Z,206412,149748,132640,87726,56664,52546,52195,85624,63914
2024-12-12T07:00:00Z,198943,156738,121730,90779,42205,56857,56497,72462,48977
2024-12-12T08:00:00Z,209013,166962,120665,91884,42051,61441,61045,78221,52994
2024-12-12T09:00:00Z,219093,171422,128069,93778,47671,64476,64078,84248,58125
2024-12-12T10:00:00Z,217891,173813,126171,95624,44078,62607,62144,79647,54952
2024-12-12T11:00:00Z,213151,167240,125577,93510,45911,61361,60958,75473,51387
2024-12-12T12:00:00Z,236394,161815,149465,89183,74579,60856,60420,110031,85023
2024-12-12T16:00:00Z,225698,184211,128782,101775,41487,68387,67918,85195,58479
2024-12-12T17:00:00Z,226283,181984,133915,103594,44299,64480,63997,79719,55687
2024-12-12T18:00:00Z,223021,168810,132607,92499,54211,58696,58237,88518,66390
2024-12-12T19:00:00Z,211152,164538,127116,94141,46614,55578,55175,70805,50393
2024-12-12T20:00:00Z,204016,155281,125037,91058,48735,52230,51815,71335,51640
2024-12-12T21:00:00Z,206807,149922,129777,90441,56885,48840,48424,72755,53856
2024-12-12T22:00:00Z,188136,139903,118339,85217,48233,44848,44442,62487,45907
2024-12-12T23:00:00Z,177929,129892,114036,80934,48037,42546,42202,59971,45152
2024-12-13T00:00:00Z,182300,123792,119107,78702,58508,40079,39662,76640,61347
2024-12-13T01:00:00Z,207334,126719,144553,77232,80615,42447,42084,103412,86600
2024-12-13T02:00:00Z,191011,149867,106357,78191,41144,43148,42812,65957,47508
2024-12-13T03:00:00Z,190363,135930,120725,80167,54433,42098,41772,68161,50045
2024-12-13T04:00:00Z,171983,127203,113955,80740,44780,40255,39960,58227,42189
2024-12-13T05:00:00Z,176964,130052,114693,79318,46912,42989,42708,62032,43893
2024-12-13T06:00:00Z,202654,146670,131602,87871,55984,49969,49640,81991,60746
2024-12-13T07:00:00Z,202159,159611,124759,93114,42548,53885,53578,69457,46829
2024-12-13T08:00:00Z,209745,165441,122402,92772,44304,58266,57879,76826,51896
2024-12-13T10:00:00Z,213259,168698,125805,94241,44561,59045,58596,77178,52601
2024-12-13T11:00:00Z,212383,164416,128023,93520,47967,57143,56741,72424,49553
2024-12-13T12:00:00Z,239259,156950,156594,88751,82309,57118,56648,111310,88057
2024-12-13T13:00:00Z,228480,168245,137790,91060,60235,61077,60670,96245,69065
2024-12-13T14:00:00Z,224025,179606,131370,100687,44419,65409,64953,81428,55613
2024-12-13T15:00:00Z,235053,183016,139362,102282,52037,65031,64577,89687,62248
2024-12-13T16:00:00Z,219344,173955,127938,97580,45389,62475,62017,80911,56001
2024-12-13T17:00:00Z,216857,169347,128609,95551,47510,57587,57154,74246,51791
2024-12-13T18:00:00Z,223697,161695,141157,92991,62002,53623,53236,87008,66817
2024-12-13T19:00:00Z,197694,149325,124665,88661,48369,49093,48720,64939,46639
2024-12-13T20:00:00Z,197175,146023,126531,89221,51152,46745,46372,65876,48155
2024-12-13T21:00:00Z,189563,133036,123308,82212,56527,42757,42374,65724,49503
2024-12-13T22:00:00Z,195081,145076,110074,74664,50005,40006,39596,55877,41031
2024-12-13T23:00:00Z,166583,113201,110810,72436,53382,36350,36014,54018,40988
2024-12-14T00:00:00Z,168699,105098,114969,68342,63601,32539,32188,71739,59571
2024-12-14T01:00:00Z,181119,97642,134159,64940,83477,31238,30915,93402,81536
2024-12-14T02:00:00Z,134896,96200,93374,62974,38696,29569,29281,55818,43571
2024-12-14T03:00:00Z,158619,106613,107857,66722,52006,29823,29543,55650,42698
2024-12-14T04:00:00Z,144255,105277,101876,70259,38978,30424,30173,47737,35449
2024-12-14T05:00:00Z,143755,103711,100266,67071,40044,31589,31346,49419,36198
2024-12-14T06:00:00Z,166644,112191,114994,70244,54453,35004,34722,66855,51916
2024-12-14T07:00:00Z,154419,114378,108618,74632,40041,35959,35695,51144,36598
2024-12-14T08:00:00Z,163888,118712,113114,76715,45176,37083,36814,56297,40592
2024-12-14T09:00:00Z,178940,122249,122246,77804,56691,39327,39057,64806,47212
2024-12-14T10:00:00Z,169203,120835,114992,76841,48368,39791,39537,59798,42926
2024-12-14T11:00:00Z,169724,127016,117345,81400,42708,40961,40716,56274,39965
2024-12-14T12:00:00Z,223728,130368,167778,83775,93360,43247,42974,104783,87288
2024-12-14T13:00:00Z,199907,138915,143000,88419,60992,46215,45987,84147,65958
2024-12-14T14:00:00Z,190180,150507,129667,96764,39673,49261,49009,66286,46666
2024-12-14T15:00:00Z,203689,154093,139633,99122,49596,49205,48926,75118,55769
2024-12-14T16:00:00Z,195639,152036,132550,97841,43603,48536,48255,67869,49175
2024-12-14T17:00:00Z,187851,144191,129852,93720,43660,46164,45928,62442,45032
2024-12-14T18:00:00Z,204511,139370,146562,91819,65141,43792,43530,80295,63496
2024-12-14T19:00:00Z,176275,130759,125707,87191,45516,39486,39233,54962,40427
2024-12-14T20:00:00Z,167511,122530,119801,81983,44981,36569,36323,55180,41628
2024-12-14T21:00:00Z,162767,113215,117670,76742,49552,34042,33807,56560,43931
2024-12-14T22:00:00Z,143314,106488,104144,73270,36826,31382,31153,46793,35281
2024-12-14T23:00:00Z,142310,107160,100644,70775,35150,30924,30677,44814,34551
2024-12-15T00:00:00Z,145142,98786,104116,69151,46356,28061,27729,61234,50494
2024-12-15T01:00:00Z,177855,105025,131607,66750,72830,28502,28203,89404,78376
2024-12-15T02:00:00Z,131010,93844,94329,64335,37166,27040,26780,52846,41555
2024-12-15T03:00:00Z,154814,102431,107839,65955,52383,27802,27525,53525,41794
2024-12-15T04:00:00Z,142009,100621,103564,68932,41388,28896,28621,45123,34088
2024-12-15T05:00:00Z,143912,102100,104929,69404,41812,29944,29705,47307,35193
2024-12-15T06:00:00Z,165790,110496,122302,74000,55294,32860,32635,66136,52731
2024-12-15T07:00:00Z,151323,113342,106475,74000,37981,34260,34038,49485,35245
2024-12-15T08:00:00Z,156587,118201,108814,77526,38386,36746,36495,55251,39735
2024-12-15T09:00:00Z,170533,122823,119099,79982,47710,38453,38152,61789,46077
2024-12-15T10:00:00Z,164263,124969,113620,80372,39294,39900,39642,58154,42596
2024-12-15T11:00:00Z,173717,134254,118751,84525,39463,42070,41845,56555,40605
2024-12-15T12:00:00Z,229669,135222,173903,87797,94447,45443,45113,108571,90652
2024-12-15T13:00:00Z,209620,146111,149973,93400,63509,48692,48436,85700,66734
2024-12-15T14:00:00Z,198814,155543,135590,99023,43271,52555,52312,68816,49317
2024-12-15T15:00:00Z,223276,165787,143299,98290,57489,55061,54792,78745,58445
2024-12-15T16:00:00Z,201859,156214,135021,99778,45645,52753,52416,71998,52612
2024-12-15T17:00:00Z,187712,148332,130223,97106,39380,49169,48909,64434,46825
2024-12-15T18:00:00Z,204305,143844,144529,95063,60461,47415,47159,81131,63876
2024-12-15T19:00:00Z,180845,138284,124049,89538,42561,43528,43294,59144,43224
2024-12-15T20:00:00Z,178768,136996,126618,91152,41772,42089,41838,60797,45784
2024-12-15T21:00:00Z,180235,128254,124757,84222,51981,39147,38890,62552,48027
2024-12-15T22:00:00Z,161365,119750,112541,79360,41615,35918,35600,52313,39063
2024-12-15T23:00:00Z,155046,112708,111898,77844,42338,34669,34426,50125,38373
2024-12-16T00:00:00Z,180514,111698,114855,74765,68816,34101,33751,71732,55853
2024-12-16T01:00:00Z,210609,121351,144177,78654,89258,39049,38647,100761,83003
2024-12-16T02:00:00Z,179616,131021,110579,82137,48595,40687,40373,65536,46594
2024-12-16T03:00:00Z,210108,141282,119616,78748,68826,40340,40001,68563,49189
2024-12-16T04:00:00Z,180250,125100,113698,82059,55150,38595,38293,57217,40358
2024-12-16T05:00:00Z,179000,128447,112353,80055,50553,42348,42048,60662,42291
2024-12-16T06:00:00Z,207376,144634,125741,83701,62742,49380,49043,82441,59474
2024-12-16T07:00:00Z,208170,157496,122001,91382,50674,54013,53670,70498,46496
2024-12-16T08:00:00Z,219095,168212,123285,94776,50883,59343,58956,76896,50622
2024-12-16T09:00:00Z,234859,172872,130461,94205,61987,62335,61926,84315,56746
2024-12-16T10:00:00Z,228861,175653,129947,98086,53208,61071,60641,79053,53063
2024-12-16T11:00:00Z,221056,170042,122605,92760,51014,59194,58751,73636,47978
2024-12-16T12:00:00Z,244396,163959,146425,88551,80437,59922,59459,110769,83308
2024-12-16T13:00:00Z,244551,180259,140366,96792,64292,66134,65691,99697,71212
2024-12-16T14:00:00Z,237611,195820,130571,105495,41791,70917,70466,84831,55673
2024-12-16T15:00:00Z,248486,190949,139442,104801,57537,70161,69695,93740,64864
2024-12-16T16:00:00Z,235389,188970,133687,108122,46419,66776,66310,83676,56527
2024-12-16T17:00:00Z,238636,187771,139049,109877,50865,62907,62445,79248,53330
2024-12-16T18:00:00Z,230989,168481,136270,95947,62508,57197,56741,88052,63874
2024-12-16T19:00:00Z,218339,162476,127202,94307,55863,54152,53677,71236,49091
2024-12-16T20:00:00Z,220663,161801,133240,98255,58862,51793,51308,73251,51833
2024-12-16T21:00:00Z,224728,162777,140716,103134,61951,48011,47578,70788,51608
2024-12-16T22:00:00Z,208302,154699,133063,101709,53603,43164,42710,60718,43187
2024-12-16T23:00:00Z,189486,133138,117999,85263,56348,41705,41310,59049,43015
2024-12-17T00:00:00Z,193351,136066,129196,89677,57285,40057,39667,76361,60912
2024-12-17T01:00:00Z,209800,132084,151160,85594,77716,43048,42669,103578,86607
2024-12-17T02:00:00Z,189013,149123,125758,98103,39890,43830,43493,67001,48164
2024-12-17T03:00:00Z,204849,154221,137694,98972,50628,42246,41940,67346,47923
2024-12-17T04:00:00Z,186676,141776,128864,95512,44900,40241,39927,57409,41264
2024-12-17T05:00:00Z,190339,144426,125843,90470,45913,43698,43411,62255,43556
2024-12-17T06:00:00Z,208074,152171,134571,90661,55903,51048,50683,83062,60527
2024-12-17T07:00:00Z,191872,154438,115609,88856,37434,52953,52620,67143,44033
2024-12-17T08:00:00Z,218933,178174,128724,101455,40759,61618,61213,77823,51663
2024-12-17T09:00:00Z,227059,180707,133604,101562,46352,63720,63309,83050,56282
2024-12-17T10:00:00Z,218215,178433,124328,97583,39782,62540,62113,78021,52507
2024-12-17T11:00:00Z,215871,175233,126773,97684,40638,61797,61365,75213,50737
2024-12-17T12:00:00Z,237241,166259,151036,92600,70982,61198,60769,109819,84345
2024-12-17T13:00:00Z,235237,182846,143128,102723,52391,65522,65071,94249,67146
2024-12-17T14:00:00Z,232447,185176,137433,107078,47271,68169,67705,84678,58156
2024-12-17T15:00:00Z,255050,195200,150592,112034,59850,70115,69624,95003,66986
2024-12-17T16:00:00Z,225748,176916,125586,97589,48832,66414,65880,86026,58826
2024-12-17T17:00:00Z,221663,174727,126911,96817,46936,62603,62141,79850,54943
2024-12-17T18:00:00Z,221347,166177,136721,97078,55170,57542,57115,88372,65673
2024-12-17T19:00:00Z,211529,168773,125552,95733,42756,53949,53562,69434,48604
2024-12-17T20:00:00Z,203880,155297,126993,93296,48583,51771,51311,71346,51842
2024-12-17T21:00:00Z,197265,142950,123685,84895,54315,48075,47611,69545,51633
2024-12-17T22:00:00Z,190574,140255,120344,85745,50319,44486,44057,62598,45799
2024-12-17T23:00:00Z,185666,134728,118010,82449,50938,41387,41003,58621,43892
2024-12-18T00:00:00Z,194578,129275,128708,83232,65303,39702,39241,78838,63237
2024-12-18T01:00:00Z,205299,128123,140638,80178,77176,42448,42056,96812,79780
2024-12-18T02:00:00Z,176837,133869,110079,83145,42968,43347,42993,65721,47244
2024-12-18T03:00:00Z,189574,135981,120328,80705,53593,42335,42002,66862,48805
2024-12-18T04:00:00Z,172499,128349,113175,81391,44150,40302,39973,58441,41566
2024-12-18T05:00:00Z,182097,135508,117255,83618,46589,44244,43920,62935,44752
2024-12-18T06:00:00Z,209917,150931,134426,89317,58986,51521,51175,84253,62390
2024-12-18T07:00:00Z,211668,166339,131963,99130,45329,56409,56054,71498,48701
2024-12-18T08:00:00Z,225908,180066,136538,104510,45842,63324,62948,81228,55818
2024-12-18T09:00:00Z,233921,180186,141260,102563,53735,64010,63603,85277,59835
2024-12-18T10:00:00Z,233468,182459,140152,104562,51009,63686,63251,81759,57566
2024-12-18T11:00:00Z,227029,177013,138632,103645,50016,61900,61482,76778,53275
2024-12-18T12:00:00Z,265392,174546,177541,101567,90846,63889,63428,123225,98739
2024-12-18T13:00:00Z,256644,191064,160444,108676,65580,68750,68327,104671,78892
2024-12-18T14:00:00Z,246318,201296,143296,112625,45022,73102,72644,88269,60861
2024-12-18T15:00:00Z,257430,200689,151406,113176,56741,71826,71371,96013,67911
2024-12-18T16:00:00Z,244486,197134,145763,114415,47352,69330,68777,87862,62160
2024-12-18T17:00:00Z,233867,185107,141299,108331,48760,63523,63077,80206,56611
2024-12-18T18:00:00Z,241969,174470,152590,104478,67499,58463,57985,93801,71300
2024-12-18T19:00:00Z,220361,166438,136043,100098,53923,54079,53605,71769,51040
2024-12-18T20:00:00Z,219203,166289,132564,96019,52914,51145,50710,71867,52167
2024-12-18T21:00:00Z,209641,152467,134825,93700,57174,47182,46774,71073,52782
2024-12-18T22:00:00Z,189263,139778,120435,87380,49485,43017,42665,60409,44401
2024-12-18T23:00:00Z,177750,129114,115800,83004,48636,40228,39882,57039,42346
2024-12-19T00:00:00Z,185891,125557,124237,81053,60334,38695,38257,78529,63347
2024-12-19T01:00:00Z,202878,124443,143439,77835,78435,41766,41374,102206,85240
2024-12-19T02:00:00Z,178007,131481,112352,80805,46526,42656,42311,69286,50236
2024-12-19T03:00:00Z,192402,137411,124117,82410,54991,41557,41237,66367,48173
2024-12-19T04:00:00Z,178931,132915,120946,86191,46016,40083,39759,57955,41587
2024-12-19T05:00:00Z,189360,140650,124079,87165,48710,44758,44450,63365,44484
2024-12-19T06:00:00Z,216390,157886,138301,93503,58504,52758,52419,83427,61136
2024-12-19T07:00:00Z,217402,170745,133389,100808,46657,56788,56437,72700,49301
2024-12-19T08:00:00Z,226307,177820,134258,102855,48487,61602,61189,79238,53820
2024-12-19T09:00:00Z,237818,185596,143066,106427,52222,64268,63871,86212,60419
2024-12-19T10:00:00Z,230816,184055,138865,106719,46761,62528,62151,81372,57137
2024-12-19T11:00:00Z,225672,178659,136074,103186,47013,60856,60483,76221,52300
2024-12-19T12:00:00Z,266428,176798,176886,102751,89630,63058,62628,121497,96545
2024-12-19T13:00:00Z,253360,186143,159257,106341,67217,67058,66642,103826,78226
2024-12-19T14:00:00Z,246670,198348,144999,111920,48322,71135,70708,87867,60784
2024-12-19T15:00:00Z,255862,196161,152769,111969,59701,69950,69497,95230,67576
2024-12-19T16:00:00Z,244060,193124,145761,111470,50936,67447,66980,86149,60957
2024-12-19T17:00:00Z,229248,180859,136900,104767,48389,61297,60836,79797,56003
2024-12-19T18:00:00Z,237147,172062,150888,102359,65085,57367,56889,92687,70434
2024-12-19T19:00:00Z,212665,163524,131551,97828,49141,52187,51784,69196,48887
2024-12-19T20:00:00Z,210208,157341,129605,92922,52867,49960,49507,69102,50153
2024-12-19T21:00:00Z,203461,146890,130652,89445,56571,45531,45121,68402,51251
2024-12-19T22:00:00Z,190415,139783,119605,85587,50632,41139,40754,59136,42644
2024-12-19T23:00:00Z,181632,130903,116409,81559,50729,38482,38131,55577,41408
2024-12-20T00:00:00Z,189394,123422,126402,78747,65972,37258,36855,79135,64542
2024-12-20T01:00:00Z,209878,128877,144799,79501,81001,40294,39893,98353,81490
2024-12-20T02:00:00Z,187695,136193,115407,79936,51502,40608,40282,68882,50762
2024-12-20T03:00:00Z,193806,137222,121636,79020,56584,39777,39464,65603,46568
2024-12-20T04:00:00Z,177228,131533,113464,80172,45695,37871,37529,57638,40202
2024-12-20T05:00:00Z,179063,132985,115203,80580,46078,41149,40815,61180,42562
2024-12-20T06:00:00Z,206518,146583,133209,86062,59935,48741,48389,82117,61524
2024-12-20T07:00:00Z,200508,155158,123991,90158,45350,52441,52111,68283,46134
2024-12-20T08:00:00Z,217864,168654,132015,97294,49210,56854,56506,76127,52065
2024-12-20T09:00:00Z,230141,173723,141223,99739,56418,59637,59268,82267,58349
2024-12-20T10:00:00Z,222664,171792,135291,98715,50872,57376,56977,77003,53990
2024-12-20T11:00:00Z,216383,166054,133062,96621,50329,55090,54704,70846,49465
2024-12-20T12:00:00Z,261215,162414,179335,95543,98801,56200,55733,117900,96358
2024-12-20T13:00:00Z,241733,174029,152129,98232,67704,60110,59709,97297,74241
2024-12-20T14:00:00Z,230240,184245,137578,104967,45995,64126,63674,82052,55748
2024-12-20T15:00:00Z,244968,187846,148697,108027,57122,62957,62507,90977,63381
2024-12-20T16:00:00Z,231464,182252,140417,106547,49212,60412,59984,81785,56794
2024-12-20T17:00:00Z,217852,169495,134607,100982,48357,56646,56250,72413,51207
2024-12-20T18:00:00Z,221850,156197,143749,94073,65653,50715,50262,84732,65576
2024-12-20T19:00:00Z,195485,143332,124319,87301,52153,46287,45845,63355,45665
2024-12-20T20:00:00Z,194892,140103,125502,86406,54789,43119,42729,63791,47679
2024-12-20T21:00:00Z,186797,128434,123842,81023,58363,39597,39224,63017,48242
2024-12-20T22:00:00Z,171082,121729,112641,77618,49353,35567,35179,53607,39193
2024-12-20T23:00:00Z,158798,111644,107203,72838,47154,33672,33339,50711,37806
2024-12-21T00:00:00Z,167895,102176,116892,67642,65719,30208,29862,75207,63297
2024-12-21T01:00:00Z,176369,96785,131062,65012,79584,29409,29060,90428,78764
2024-12-21T02:00:00Z,141531,94350,99659,63426,47181,27946,27628,56363,44247
2024-12-21T03:00:00Z,158008,103048,110675,65809,54960,27976,27708,52038,39915
2024-12-21T04:00:00Z,145792,103033,103254,68246,42759,29272,29005,47036,34119
2024-12-21T05:00:00Z,147764,101834,104251,66064,45930,30523,30281,48759,35578
2024-12-21T06:00:00Z,170892,110283,120220,69682,60609,33471,33205,67552,52769
2024-12-21T07:00:00Z,158615,115016,107633,73090,43599,35373,35121,51986,36317
2024-12-21T09:00:00Z,169134,118906,117463,76165,50228,38141,37905,61679,45852
2024-12-21T10:00:00Z,163927,120932,113718,78162,42995,38471,38234,57378,42214
2024-12-21T11:00:00Z,165090,123085,113697,79323,42005,38699,38463,53752,38680
2024-12-21T12:00:00Z,230565,124176,176551,80061,106389,40993,40728,105351,89084
2024-12-21T13:00:00Z,196552,131414,141119,83875,65138,43650,43413,81657,64586
2024-12-21T14:00:00Z,182527,138887,124220,87771,43640,46626,46368,63270,45097
2024-12-21T15:00:00Z,194025,140686,134204,89933,53339,46351,46094,71530,53433
2024-12-21T16:00:00Z,183367,137636,123833,87749,45731,45683,45420,64947,47259
2024-12-21T17:00:00Z,175605,133816,121065,86937,41789,43513,43260,60032,43686
2024-12-21T18:00:00Z,186293,126161,133404,82803,60132,40745,40474,75650,60564
2024-12-21T19:00:00Z,162149,119215,113670,79001,42934,36148,35873,51753,38023
2024-12-21T20:00:00Z,157487,112799,112305,75306,44688,33584,33308,52492,39609
2024-12-21T21:00:00Z,157877,108094,113360,72416,49783,31185,30944,53656,41859
2024-12-21T22:00:00Z,140657,98122,101176,66862,42535,28584,28358,44507,33776
2024-12-21T23:00:00Z,133107,92554,98614,64664,40553,28117,27888,42888,33118
2024-12-22T00:00:00Z,145790,89194,106874,62637,56596,25756,25445,65573,55183
2024-12-22T01:00:00Z,170951,87927,134705,62222,83024,26050,25768,91846,81638
2024-12-22T02:00:00Z,126201,86096,91503,59204,40105,24662,24423,51358,41234
2024-12-22T03:00:00Z,148655,96804,104927,62138,51851,25414,25200,49441,38564
2024-12-22T04:00:00Z,132007,91924,95644,62543,40083,26769,26543,43013,32273
2024-12-22T05:00:00Z,138620,97537,99566,64607,41083,28390,28170,45619,34286
2024-12-22T06:00:00Z,160034,103447,117690,69106,56587,32006,31747,65345,51954
2024-12-22T07:00:00Z,148153,107109,103894,69708,41044,33813,33577,48701,35154
2024-12-22T08:00:00Z,157839,116241,109418,74643,41598,35720,35477,54408,39288
2024-12-22T09:00:00Z,166531,116128,118042,75660,50403,37172,36925,60747,45579
2024-12-22T10:00:00Z,166665,121982,115562,78459,44683,38690,38446,58188,42437
2024-12-22T11:00:00Z,168409,126807,116601,81752,41602,40281,40069,55529,39323
2024-12-22T12:00:00Z,231304,126716,177243,81657,104588,42667,42368,107945,90425
2024-12-22T13:00:00Z,199511,138562,140720,86761,60949,46659,46357,85433,65714
2024-12-22T14:00:00Z,188805,147645,126181,92375,41160,49102,48846,68709,46979
2024-12-22T15:00:00Z,201442,149826,136500,94237,51616,48670,48422,77155,55441
2024-12-22T16:00:00Z,189861,143571,125992,90805,46290,47438,47178,68047,49180
2024-12-22T17:00:00Z,179031,137105,121788,87533,41926,45149,44906,61451,44540
2024-12-22T18:00:00Z,191963,130994,137823,86187,60969,42696,42458,77682,62080
2024-12-22T19:00:00Z,169679,126041,120079,84131,43638,37972,37720,54176,40067
2024-12-22T20:00:00Z,166929,119670,116803,78698,47259,36341,36095,54931,41540
2024-12-22T21:00:00Z,162748,112515,115324,73752,50233,33276,33057,56329,43213
2024-12-22T22:00:00Z,147061,103906,103571,69512,43155,30911,30664,46958,35618
2024-12-22T23:00:00Z,141191,100330,101639,68917,40861,30470,30256,45547,34920
2024-12-23T00:00:00Z,175144,108915,108960,65733,66229,31656,31330,71934,58244
2024-12-23T01:00:00Z,194891,106399,135047,69291,88492,34990,34675,97931,80988
2024-12-23T02:00:00Z,171169,113402,104827,70095,57767,36115,35811,66242,47110
2024-12-23T03:00:00Z,186312,118942,113720,70152,67370,35918,35625,61857,43947
2024-12-23T04:00:00Z,170870,112434,106407,71032,58436,35038,34748,55896,38401
2024-12-23T05:00:00Z,179038,121659,112614,75453,57379,39435,39022,59665,41077
2024-12-23T06:00:00Z,203883,136963,128639,83023,66920,46282,45938,78659,57070
2024-12-23T07:00:00Z,200907,147202,122732,88666,53705,48718,48354,66049,43684
2024-12-23T08:00:00Z,207588,152771,124915,91647,54817,52209,51830,72125,48861
2024-12-23T09:00:00Z,215999,155222,129870,91432,60777,53392,53003,77692,54005
2024-12-23T10:00:00Z,208857,154245,125728,92032,54612,51649,51265,72439,50406
2024-12-23T11:00:00Z,209673,155801,125207,91640,53872,51320,50979,69035,46984
2024-12-23T12:00:00Z,254974,152867,173812,92133,102107,53209,52793,117146,94051
2024-12-23T13:00:00Z,230233,156203,147620,93306,74030,55586,55226,94814,71641
2024-12-23T14:00:00Z,219294,164744,133042,98395,54550,58334,57964,77282,53012
2024-12-23T15:00:00Z,231060,166320,143129,100142,64740,57516,57128,84059,60232
2024-12-23T16:00:00Z,224109,168666,137943,102509,55443,56000,55603,77370,54519
2024-12-23T17:00:00Z,207912,154198,126300,92834,53714,51822,51422,70890,49425
2024-12-23T18:00:00Z,218110,145882,140717,90983,72228,48851,48415,86302,66318
2024-12-23T19:00:00Z,195502,139344,124745,88569,56158,43826,43465,63405,45354
2024-12-23T20:00:00Z,189401,129225,119673,81915,60176,40131,39720,62934,45500
2024-12-23T21:00:00Z,182630,120154,118654,77539,62476,37034,36718,62373,46640
2024-12-23T22:00:00Z,169789,114429,109726,74471,55360,33619,33317,52694,38590
2024-12-23T23:00:00Z,167105,109901,110343,73959,57204,32868,32587,51663,38074
2024-12-24T00:00:00Z,180967,111729,120142,69699,69238,32606,32238,78054,63359
2024-12-24T01:00:00Z,191784,110192,136517,69494,81592,36313,36011,96820,80969
2024-12-24T02:00:00Z,162945,116458,107097,72091,46487,36832,36551,64337,47894
2024-12-24T03:00:00Z,183498,123388,118843,74610,60110,36215,35950,61247,44262
2024-12-24T04:00:00Z,159094,114812,108589,75096,44282,34782,34509,52741,37808
2024-12-24T05:00:00Z,172298,126120,112595,77877,46178,38285,38028,57609,40948
2024-12-24T06:00:00Z,195071,139040,128253,83575,56031,45037,44744,76095,56632
2024-12-24T07:00:00Z,188120,145005,122337,88960,43115,47914,47616,63967,43316
2024-12-24T08:00:00Z,194052,150770,125082,91717,43282,49604,49236,67781,46951
2024-12-24T09:00:00Z,205093,153598,134314,94642,51495,49991,49676,72962,51980
2024-12-24T10:00:00Z,192490,147229,126104,90970,45261,47606,47299,66103,47159
2024-12-24T11:00:00Z,189984,147106,125490,91925,42878,47171,46887,62717,43784
2024-12-24T12:00:00Z,243040,144116,177532,90854,98924,47098,46790,111358,91998
2024-12-24T13:00:00Z,214254,148189,146675,92036,66065,49415,49110,88340,68234
2024-12-24T14:00:00Z,199284,152753,129005,94779,46531,51386,51065,69404,48906
2024-12-24T15:00:00Z,228019,178260,123138,84248,49759,49958,49604,71795,53087
2024-12-24T16:00:00Z,190202,143875,125404,90742,46327,47059,46704,66945,48697
2024-12-24T17:00:00Z,179188,136361,122602,88523,42827,42478,42176,59008,42628
2024-12-24T18:00:00Z,185848,126791,131778,82851,59057,39782,39514,72962,57630
2024-12-24T19:00:00Z,160094,114532,111371,75493,45562,34250,33987,49991,36515
2024-12-24T20:00:00Z,154514,108770,107112,69258,45744,31619,31355,50005,37992
2024-12-24T21:00:00Z,145745,96477,105154,64163,49268,28080,27858,50175,39337
2024-12-24T22:00:00Z,129132,89344,93525,60830,39788,25354,25114,41053,31344
2024-12-24T23:00:00Z,125455,86395,92680,60655,39060,25569,25346,39931,31030
2024-12-25T00:00:00Z,140820,83514,104825,58728,57306,24485,24210,66201,56332
2024-12-25T01:00:00Z,160336,88760,122244,59622,71576,28170,27878,85945,73887
2024-12-25T02:00:00Z,135019,92398,93335,58897,42621,29005,28741,56025,42355
2024-12-25T03:00:00Z,155068,102511,105793,62726,52557,29392,29121,52478,38776
2024-12-25T04:00:00Z,136017,95603,98758,65098,40414,27188,26922,43639,32279
2024-12-25T05:00:00Z,147858,100772,100727,64828,47086,31213,30968,48780,35239
2024-12-25T06:00:00Z,172769,115012,121594,72553,57757,37512,37248,71396,54442
2024-12-25T07:00:00Z,163219,121713,110359,76457,41506,39805,39554,55122,37918
2024-12-25T08:00:00Z,167407,126704,113682,81230,40703,41085,40813,59482,41962
2024-12-25T09:00:00Z,176125,128864,119925,80926,47261,41591,41323,64355,46618
2024-12-25T10:00:00Z,168041,127796,114919,81285,40245,39392,39125,58287,42268
2024-12-25T11:00:00Z,167825,128292,112851,79703,39533,38897,38584,53826,37848
2024-12-25T12:00:00Z,219737,123206,167047,79459,96531,40256,39975,102046,85598
2024-12-25T13:00:00Z,188668,126529,134977,79802,62139,42011,41773,79916,62528
2024-12-25T14:00:00Z,174394,133845,119930,86051,40549,43890,43637,60269,42774
2024-12-25T15:00:00Z,182260,132100,127331,84732,50160,42424,42176,67914,50583
2024-12-25T16:00:00Z,168762,127079,117136,83018,41683,41218,40971,60497,44618
2024-12-25T17:00:00Z,180540,146356,101422,73024,34184,39308,39066,51106,36990
2024-12-25T18:00:00Z,170976,115547,126888,79312,55429,35842,35585,68738,55086
2024-12-25T19:00:00Z,144871,104572,104831,70964,40299,31532,31291,46730,34354
2024-12-25T20:00:00Z,143669,101403,104676,68876,42266,29623,29375,48836,36730
2024-12-25T21:00:00Z,144104,96120,106372,65920,47984,27240,27022,51189,39661
2024-12-25T22:00:00Z,129715,89256,95216,61930,40459,25147,24921,41542,31389
2024-12-25T23:00:00Z,127024,86244,94153,60704,40780,26106,25889,40367,31279
2024-12-26T00:00:00Z,148458,89305,110228,62127,59153,26445,26175,69554,58317
2024-12-26T01:00:00Z,173306,100229,128359,63756,73077,31051,30768,93818,76862
2024-12-26T02:00:00Z,146242,103468,99461,65513,42774,32145,31898,61312,44675
2024-12-26T03:00:00Z,166900,114295,113002,70218,52605,32371,32115,56960,41200
2024-12-26T04:00:00Z,148273,108366,104344,72172,39907,31495,31232,48690,35433
2024-12-26T05:00:00Z,163619,120459,109856,76256,43160,35472,35233,53651,38313
2024-12-26T06:00:00Z,187351,131568,129108,82781,55783,42127,41867,75748,56990
2024-12-26T07:00:00Z,181929,140514,120984,87709,41415,44575,44323,60919,41208
2024-12-26T08:00:00Z,185058,143564,123301,90421,41494,46472,46193,65463,44993
2024-12-26T09:00:00Z,196072,146935,132503,92336,49137,47682,47415,70968,50882
2024-12-26T10:00:00Z,188914,145717,125956,90931,43197,45568,45311,65748,46925
2024-12-26T11:00:00Z,185833,143446,126301,91695,42387,45415,45072,61426,42780
2024-12-26T12:00:00Z,235682,140096,173925,89588,95586,46727,46428,110539,91471
2024-12-26T13:00:00Z,207872,145237,145635,91608,62635,48955,48699,87013,67018
2024-12-26T14:00:00Z,194210,152896,128514,95159,41314,51197,50916,68871,48240
2024-12-26T15:00:00Z,205067,153765,136971,95495,51302,49951,49670,77570,55642
2024-12-26T16:00:00Z,190580,148150,128155,94790,42430,48761,48409,68797,49549
2024-12-26T17:00:00Z,185798,145159,125299,92253,40639,46679,46379,63109,45319
2024-12-26T18:00:00Z,197299,136533,139598,88662,60766,43885,43591,80450,63318
2024-12-26T19:00:00Z,167150,122508,115590,79575,44642,37924,37632,55174,40309
2024-12-26T20:00:00Z,164587,117487,116187,77721,47100,35774,35447,55418,41805
2024-12-26T21:00:00Z,161097,109525,114576,72355,51572,33160,32878,56082,43447
2024-12-26T22:00:00Z,148688,104797,104524,69830,43891,31044,30772,47726,35890
2024-12-26T23:00:00Z,145610,103751,103305,70224,41859,31428,31197,47030,35881
2024-12-27T00:00:00Z,161373,102919,115211,69556,58454,31361,31068,73005,60983
2024-12-27T01:00:00Z,178701,107331,132146,70222,71370,34947,34623,92392,78286
2024-12-27T02:00:00Z,157100,114800,106291,73007,42300,35944,35659,63215,47107
2024-12-27T03:00:00Z,176363,124281,118125,76282,52082,35783,35519,60064,43808
2024-12-27T04:00:00Z,159452,117731,113710,79867,41721,33640,33385,51239,37351
2024-12-27T05:00:00Z,166378,120994,116321,79445,45384,36689,36423,54998,39499
2024-12-27T06:00:00Z,192968,136711,131555,84811,56257,42990,42708,74252,55590
2024-12-27T07:00:00Z,185563,144632,123713,90394,40931,45163,44902,60565,41685
2024-12-27T08:00:00Z,189744,146667,126047,92498,43077,47664,47345,65892,46052
2024-12-27T09:00:00Z,203352,153780,136549,97131,49572,48066,47781,72510,52132
2024-12-27T10:00:00Z,193838,150548,129573,95633,43290,46550,46262,66402,48158
2024-12-27T11:00:00Z,186530,145965,125833,93199,40565,45823,45551,61735,44000
2024-12-27T12:00:00Z,240060,144958,177456,92703,95102,46821,46498,108897,90512
2024-12-27T13:00:00Z,211973,147037,148500,93447,64936,48981,48696,87856,68753
2024-12-27T14:00:00Z,205022,160912,136215,101557,44110,51837,51546,70534,49696
2024-12-27T15:00:00Z,212087,156862,144148,99984,55225,51472,51146,78565,58184
2024-12-27T16:00:00Z,204556,158997,135100,100245,45559,51515,51185,70750,51319
2024-12-27T17:00:00Z,194505,151092,130660,96233,43413,48268,47966,65259,47346
2024-12-27T18:00:00Z,199556,140959,140479,92535,58597,45058,44753,79087,62268
2024-12-27T19:00:00Z,175101,131151,119027,84449,43950,40281,39998,57830,41948
2024-12-27T20:00:00Z,166200,120469,115760,79068,45731,37349,37070,57511,43167
2024-12-27T21:00:00Z,164571,112491,116849,75600,52080,34146,33888,58119,45338
2024-12-27T22:00:00Z,150200,105806,104073,70280,44394,31112,30861,49088,36956
2024-12-27T23:00:00Z,139639,97010,99545,66131,42629,30463,30239,46368,35820
2024-12-28T00:00:00Z,153674,93874,112245,64051,59800,27846,27563,71456,60528
2024-12-28T01:00:00Z,168620,93280,129218,64255,75340,28017,27745,86416,75523
2024-12-28T02:00:00Z,133732,88710,96236,59720,45022,26828,26568,54822,43243
2024-12-28T03:00:00Z,155863,102195,109178,64795,53668,27807,27563,52542,40265
2024-12-28T04:00:00Z,146010,104994,102668,68982,41016,29189,28955,46086,34374
2024-12-28T05:00:00Z,145729,104376,105485,70299,41353,30450,30225,48109,35670
2024-12-28T06:00:00Z,171858,115658,123322,74909,56200,33684,33452,67944,53620
2024-12-28T07:00:00Z,156426,116521,109011,75682,39905,34791,34559,51871,35897
2024-12-28T08:00:00Z,163397,121520,114092,79448,41877,36178,35902,56741,40243
2024-12-28T09:00:00Z,171669,122751,121203,79749,48918,37269,37032,62884,45564
2024-12-28T10:00:00Z,165637,122011,115546,78944,43626,38127,37888,59071,42005
2024-12-28T11:00:00Z,166719,123750,115888,80176,42969,38421,38209,55114,38911
2024-12-28T12:00:00Z,228237,124425,174845,80495,103812,40764,40498,105188,87836
2024-12-28T13:00:00Z,193566,128305,138710,81662,65261,42687,42448,81888,64116
2024-12-28T14:00:00Z,179027,136116,121533,86559,42911,45842,45594,62963,44763
2024-12-28T15:00:00Z,187076,135790,130414,87312,51286,45572,45335,70893,53190
2024-12-28T16:00:00Z,180746,137987,123789,88907,42759,45384,45144,64405,47297
2024-12-28T17:00:00Z,169545,130083,118477,85084,39462,42717,42473,58732,42594
2024-12-28T18:00:00Z,183213,125945,133852,82896,57268,40828,40567,75906,60829
2024-12-28T19:00:00Z,154661,112718,110027,74277,41943,35732,35507,51209,37830
2024-12-28T20:00:00Z,154711,109907,111815,73380,44804,34023,33787,53620,41053
2024-12-28T21:00:00Z,156279,104957,112534,69588,51322,31762,31533,54654,42728
2024-12-28T22:00:00Z,137884,95758,99136,64494,42126,28490,28266,45138,34347
2024-12-28T23:00:00Z,129921,91007,95953,63027,38914,28790,28535,43389,33540
2024-12-29T00:00:00Z,141125,88369,104324,61824,52756,26153,25866,65034,54723
2024-12-29T01:00:00Z,171198,91487,132288,60521,79711,26776,26521,93291,82939
2024-12-29T02:00:00Z,132449,95511,86757,56635,36938,25447,25211,50666,39925
2024-12-29T03:00:00Z,151362,101977,101741,59944,49385,26160,25942,50286,38867
2024-12-29T04:00:00Z,136428,96181,98313,64169,40247,27148,26918,43803,32658
2024-12-29T05:00:00Z,140297,97464,101361,63711,42833,28240,28035,45798,34064
2024-12-29T06:00:00Z,163425,105987,121203,70676,57438,31074,30858,64671,51747
2024-12-29T07:00:00Z,148127,108274,106958,72290,39853,32674,32458,47682,34657
2024-12-29T08:00:00Z,149891,109361,106858,72461,40530,34075,33832,52226,38397
2024-12-29T09:00:00Z,163210,114705,117388,75762,48505,35705,35458,58779,44463
2024-12-29T10:00:00Z,158593,117515,112622,77119,41078,37157,36924,55655,41027
2024-12-29T11:00:00Z,164629,125034,116370,82618,39595,38753,38532,53408,38561
2024-12-29T12:00:00Z,231413,126387,180131,83194,105026,41594,41353,106453,89983
2024-12-29T13:00:00Z,199507,135757,143310,86690,63750,44350,44118,83058,64941
2024-12-29T14:00:00Z,186620,143678,126021,90351,42942,47504,47275,64150,45632
2024-12-29T15:00:00Z,195780,140780,135657,90826,55000,47214,46961,72490,54168
2024-12-29T16:00:00Z,187004,140397,128702,91729,46607,46405,46166,66241,48481
2024-12-29T17:00:00Z,180707,138524,126268,91581,42183,44423,44192,60593,44213
2024-12-29T18:00:00Z,188222,128606,137070,85577,59616,41773,41522,77011,61729
2024-12-29T19:00:00Z,161160,119918,113245,78312,41242,37651,37420,53565,39079
2024-12-29T20:00:00Z,161406,116984,115999,78709,44422,35342,35109,54164,40997
2024-12-29T21:00:00Z,159444,111004,117408,75971,48440,33227,33013,56176,43749
2024-12-29T22:00:00Z,145081,104215,103021,68610,40866,31373,31166,46990,35568
2024-12-29T23:00:00Z,147231,106698,100474,67411,40533,33815,33570,45381,34749
2024-12-30T00:00:00Z,162961,98770,112373,66645,64191,30396,30067,72930,59578
2024-12-30T01:00:00Z,192479,106705,138871,70543,85774,34054,33718,98533,82027
2024-12-30T02:00:00Z,166720,115633,107917,72937,51087,35524,35230,66801,47751
2024-12-30T03:00:00Z,182519,120456,116181,71585,62063,35584,35285,65051,45111
2024-12-30T04:00:00Z,162142,111750,108894,73377,50392,33298,33003,53144,38020
2024-12-30T05:00:00Z,165481,117210,111035,75228,48271,37089,36808,56057,39630
2024-12-30T06:00:00Z,193473,134064,126366,81788,59409,43133,42840,75499,55328
2024-12-30T07:00:00Z,186531,140653,119126,86794,45878,45475,45199,62686,42298
2024-12-30T08:00:00Z,192751,143540,121255,87437,49211,48126,47802,68589,46741
2024-12-30T09:00:00Z,203364,147813,129727,89536,55551,49537,49225,74191,52580
2024-12-30T10:00:00Z,196124,146678,124888,89988,49446,48151,47814,69224,48623
2024-12-30T11:00:00Z,196992,147541,125251,89957,49451,47985,47655,66974,45502
2024-12-30T12:00:00Z,244505,145782,172903,89394,98723,49146,48804,111982,91286
2024-12-30T13:00:00Z,219275,153197,143126,90224,66078,51967,51653,91537,67799
2024-12-30T14:00:00Z,208095,160470,130705,97353,47625,55067,54688,73111,51132
2024-12-30T15:00:00Z,218968,161919,141839,100139,57049,54566,54221,80500,58823
2024-12-30T16:00:00Z,207732,158226,131728,97602,49506,52943,52607,73891,52267
2024-12-30T17:00:00Z,211821,163847,124855,91094,47974,54165,53806,67765,47199
2024-12-30T18:00:00Z,211774,146282,142279,93645,65492,46840,46421,81930,63383
2024-12-30T19:00:00Z,190363,137069,121583,84216,53294,42314,41979,61072,43681
2024-12-30T20:00:00Z,183206,128294,120600,81409,54912,39594,39249,60857,45248
2024-12-30T21:00:00Z,177143,118737,120956,77662,58406,36689,36357,60773,46423
2024-12-30T22:00:00Z,167764,117293,112668,76679,50471,33724,33423,52938,38438
2024-12-30T23:00:00Z,155732,106396,108042,72858,49336,33306,33033,49442,37911
2024-12-31T00:00:00Z,172543,105718,120730,70715,66825,32111,31772,77423,64530
2024-12-31T01:00:00Z,187202,107372,136625,69444,79830,35214,34891,97436,81957
2024-12-31T02:00:00Z,162910,116992,106857,71532,45918,35522,35246,66153,48162
2024-12-31T03:00:00Z,183722,127203,114822,70736,56519,35480,35195,59730,43962
2024-12-31T04:00:00Z,156558,110714,106630,71887,45844,33307,33025,51106,37702
2024-12-31T05:00:00Z,164302,118111,110380,73741,46191,36367,36109,54944,39301
2024-12-31T06:00:00Z,186732,127304,125834,78923,59428,41989,41662,73939,55029
2024-12-31T07:00:00Z,178655,133251,116811,81692,45404,43711,43435,60517,41360
2024-12-31T08:00:00Z,179142,133862,116362,82147,45280,44916,44606,64241,44752
2024-12-31T09:00:00Z,193784,139901,127755,86320,53883,45638,45342,70442,50493
2024-12-31T10:00:00Z,187019,140647,125486,89871,46372,43623,43343,64345,46099
2024-12-31T11:00:00Z,176950,131682,119361,83929,45268,41743,41450,58351,41634
2024-12-31T12:00:00Z,229309,130017,168753,81884,99292,42351,42031,105224,87485
2024-12-31T13:00:00Z,197834,131137,137257,81749,66697,43873,43560,82202,64085
2024-12-31T14:00:00Z,181630,135375,120242,84518,46255,45831,45537,63018,45774
2024-12-31T15:00:00Z,189470,133509,127420,83383,55961,44967,44664,70968,53455
2024-12-31T16:00:00Z,175449,127443,116376,80487,48006,43107,42780,63325,46894
2024-12-31T17:00:00Z,169104,123604,114709,79370,45500,40038,39728,56478,41295
2024-12-31T18:00:00Z,178246,115357,127228,75167,62889,36495,36204,72557,58478
2024-12-31T19:00:00Z,146146,100044,101686,65673,46102,31048,30770,47807,35107
2024-12-31T20:00:00Z,146125,97748,103529,65884,48377,28339,28034,47573,36369
2024-12-31T21:00:00Z,143108,90367,101769,59715,52741,25882,25635,48203,38164
2024-12-31T22:00:00Z,126470,83229,89337,55351,43241,23145,22901,39209,30012
2024-12-31T23:00:00Z,122613,79935,89756,55711,42678,24041,23829,38652,30183
2025-01-01T00:00:00Z,142347,78854,99748,55785,63493,22114,21808,62552,52419
2025-01-01T01:00:00Z,170960,77258,128836,54098,93702,22415,22132,91308,80757
2025-01-01T02:00:00Z,130356,77600,85718,52178,52756,20256,19985,49213,38220
2025-01-01T03:00:00Z,155884,87486,101381,56857,68398,21264,21007,49368,37576
