event_hour,total_events,total_events_human,push_events,push_events_human,bot_events,distinct_actors,distinct_actors_human,distinct_repos,distinct_push_repos
2025-01-01T00:00:00Z,142347,78854,99748,55785,63493,22114,21808,62552,52419
2025-01-01T01:00:00Z,170960,77258,128836,54098,93702,22415,22132,91308,80757
2025-01-01T02:00:00Z,130356,77600,85718,52178,52756,20256,19985,49213,38220
2025-01-01T03:00:00Z,155884,87486,101381,56857,68398,21264,21007,49368,37576
2025-01-01T04:00:00Z,141011,88768,95090,59362,52243,22458,22224,45494,31327
2025-01-01T05:00:00Z,140309,91762,95432,59622,48547,24180,23951,46368,31800
2025-01-01T06:00:00Z,160133,99889,110956,64255,60244,27803,27536,64231,48162
2025-01-01T07:00:00Z,149305,102343,99598,64929,46962,28459,28205,48267,32575
2025-01-01T08:00:00Z,147528,102810,100379,66722,44718,29972,29719,51968,36470
2025-01-01T09:00:00Z,158102,103844,110716,68969,54258,31470,31236,55876,42395
2025-01-01T10:00:00Z,155750,106926,106609,70110,48824,32872,32643,53511,39227
2025-01-01T11:00:00Z,158512,111779,109318,73191,46733,34651,34421,50638,36305
2025-01-01T12:00:00Z,223540,117960,168413,77051,105580,37293,37036,103518,86793
2025-01-01T13:00:00Z,197224,127477,135899,78597,69747,40161,39915,83473,63039
2025-01-01T14:00:00Z,175304,130900,117052,82567,44404,43434,43190,60801,43255
2025-01-01T15:00:00Z,185049,130738,126564,83645,54311,43250,42998,69884,52364
2025-01-01T16:00:00Z,178036,130867,119489,84630,47169,42958,42707,63168,46152
2025-01-01T17:00:00Z,175988,131858,116331,82137,44130,43456,43183,58798,42351
2025-01-01T18:00:00Z,188459,126036,131500,82386,62423,40680,40416,73916,58405
2025-01-01T19:00:00Z,167103,117853,115992,79478,49250,35206,34966,51943,38104
2025-01-01T20:00:00Z,162106,112440,114027,75543,49666,33517,33256,53176,40173
2025-01-01T21:00:00Z,160796,105723,113486,71432,55073,31336,31080,55055,42625
2025-01-01T22:00:00Z,145196,97617,101133,65939,47579,29412,29151,46772,34861
2025-01-01T23:00:00Z,140988,95932,100587,66484,45056,29732,29500,45419,34915
2025-01-02T00:00:00Z,155248,96806,114031,66448,58442,29674,29383,72220,60697
2025-01-02T01:00:00Z,176796,104398,134013,70214,72398,33815,33525,92201,78475
2025-01-02T02:00:00Z,156413,114412,108341,74079,42001,35870,35611,63204,47230
2025-01-02T03:00:00Z,177206,123566,120807,77990,53640,35316,35051,59352,43425
2025-01-02T04:00:00Z,156034,115692,110302,77100,40342,34432,34174,51605,37732
2025-01-02T05:00:00Z,163552,121073,112971,77052,42479,37620,37359,55285,39351
2025-01-02T06:00:00Z,193975,137744,132793,86418,56231,44294,43983,75932,56668
2025-01-02T07:00:00Z,188552,145469,124792,90081,43083,46903,46614,62620,42741
2025-01-02T08:00:00Z,199124,154810,127265,93912,44314,50401,50048,68818,48179
2025-01-02T09:00:00Z,209886,158952,134604,94761,50934,52359,52019,75645,54070
2025-01-02T10:00:00Z,201475,157031,130297,95288,44444,50958,50624,69917,49934
2025-01-02T11:00:00Z,202766,158061,130215,95951,44705,50944,50625,66733,46636
2025-01-02T12:00:00Z,248484,153000,176230,93014,95484,53114,52734,114028,93292
2025-01-02T13:00:00Z,227599,162344,152102,97026,65255,56366,55994,94535,72328
2025-01-02T14:00:00Z,220185,174135,137129,102422,46050,60582,60202,77694,54710
2025-01-02T15:00:00Z,230023,172443,144936,101869,57580,59986,59587,85081,62109
2025-01-02T16:00:00Z,219423,170347,136466,101032,49076,58978,58584,79221,56526
2025-01-02T17:00:00Z,212786,166098,134682,99807,46688,55919,55539,73530,52303
2025-01-02T18:00:00Z,219232,154882,143867,92830,64350,52190,51739,88094,68498
2025-01-02T19:00:00Z,195961,142828,124663,86489,53133,47378,46939,65408,47131
2025-01-02T20:00:00Z,189537,138807,124215,85766,50730,44093,43688,64269,47541
2025-01-02T21:00:00Z,189742,132277,126349,83060,57465,41247,40888,65466,49556
2025-01-02T22:00:00Z,179600,132498,115231,80189,47102,37275,36940,58408,40807
2025-01-02T23:00:00Z,163656,114681,110422,74556,48975,36038,35750,54561,40304
2025-01-03T00:00:00Z,177454,113866,122097,74380,63588,34975,34600,78178,63320
2025-01-03T01:00:00Z,189366,113334,136075,71700,76032,38058,37724,97652,80631
2025-01-03T02:00:00Z,166564,119597,110573,75281,46967,39002,38699,66227,49317
2025-01-03T03:00:00Z,182389,125676,119206,76091,56713,38122,37822,62608,45931
2025-01-03T04:00:00Z,161898,117254,109536,76168,44644,35973,35674,54378,39575
2025-01-03T05:00:00Z,167428,122939,113351,77950,44489,38828,38549,57094,40757
2025-01-03T06:00:00Z,195707,134796,130608,82706,60911,45215,44903,79716,59978
2025-01-03T07:00:00Z,189876,141892,121118,85527,47984,47635,47243,65041,44085
2025-01-03T08:00:00Z,197703,150395,124488,89673,47308,50836,50501,70353,48366
2025-01-03T09:00:00Z,220232,165095,139012,97309,55137,53013,52676,77255,54985
2025-01-03T10:00:00Z,209986,160803,133289,96282,49183,51876,51547,71352,51194
2025-01-03T11:00:00Z,201843,154223,129059,93532,47620,50319,49991,66589,46690
2025-01-03T12:00:00Z,251115,154572,179642,95807,96543,51715,51361,113033,92698
2025-01-03T13:00:00Z,228646,162776,152991,98280,65870,55744,55408,93074,71828
2025-01-03T14:00:00Z,218761,173486,137989,103961,45275,60358,59914,76392,53741
2025-01-03T15:00:00Z,228704,173298,144046,101869,55406,60428,60055,85340,62088
2025-01-03T16:00:00Z,218959,170884,136566,102325,48075,58839,58480,78448,55938
2025-01-03T17:00:00Z,209280,162828,134097,99333,46452,56158,55791,72739,51880
2025-01-03T18:00:00Z,216985,152644,145081,93915,64341,52213,51844,87038,68004
2025-01-03T19:00:00Z,198353,149721,128174,92327,48632,46226,45869,63141,45797
2025-01-03T20:00:00Z,191430,140040,125345,87093,51390,43637,43229,63709,46836
2025-01-03T21:00:00Z,186898,130064,123723,81707,56834,40523,40139,64860,48467
2025-01-03T22:00:00Z,169997,122946,113239,78148,47051,36748,36446,54002,40018
2025-01-03T23:00:00Z,160855,115688,110363,75831,45167,34914,34606,50989,38294
2025-01-04T00:00:00Z,172344,108941,119317,70556,63403,31684,31329,74862,62583
2025-01-04T01:00:00Z,179108,100120,131137,67884,78988,30740,30441,89463,76314
2025-01-04T02:00:00Z,147974,97768,102844,65518,50206,29243,28968,58360,44722
2025-01-04T03:00:00Z,163116,107998,112773,67480,55118,29993,29744,54783,41622
2025-01-04T04:00:00Z,148142,105518,105729,70690,42624,31001,30775,49342,36031
2025-01-04T05:00:00Z,151153,108024,107468,70958,43129,32365,32143,50774,36921
2025-01-04T06:00:00Z,170312,114252,123079,75014,56060,35295,35062,67302,52150
2025-01-04T07:00:00Z,158738,118061,111258,76455,40677,36042,35825,53966,36892
2025-01-04T08:00:00Z,161699,118835,112793,76903,42864,37930,37680,57672,41426
2025-01-04T09:00:00Z,175276,125139,121423,79278,50137,39540,39313,63433,46920
2025-01-04T10:00:00Z,169069,126164,117574,81384,42905,40521,40299,59691,43478
2025-01-04T11:00:00Z,171340,129397,118234,83142,41943,41963,41718,57927,40956
2025-01-04T12:00:00Z,230375,128471,176043,83409,101904,43597,43333,108089,90484
2025-01-04T13:00:00Z,206919,142881,145158,88531,64038,47162,46923,86079,66953
2025-01-04T14:00:00Z,200525,158803,125064,90249,41722,53935,53682,67306,47253
2025-01-04T15:00:00Z,203227,149136,138386,93729,54091,50158,49888,75895,56185
2025-01-04T16:00:00Z,195865,151365,130428,94616,44500,49544,49296,70010,50527
2025-01-04T17:00:00Z,187890,145546,129124,93499,42344,47607,47357,64682,46639
2025-01-04T18:00:00Z,196368,135729,141492,89406,60639,44928,44668,80370,64101
2025-01-04T19:00:00Z,166764,124250,117392,81920,42514,39860,39620,55473,40742
2025-01-04T20:00:00Z,162642,117959,115965,78339,44683,37358,37092,56538,42514
2025-01-04T21:00:00Z,166204,117281,118453,77062,48923,35029,34800,58066,44653
2025-01-04T22:00:00Z,151952,109870,108289,72916,42082,32131,31907,49825,36634
2025-01-04T23:00:00Z,148460,107041,105685,70919,41419,31664,31449,50714,36045
2025-01-05T00:00:00Z,153358,98251,111399,66712,55107,28741,28428,68610,57118
2025-01-05T01:00:00Z,175169,94040,138473,65606,81129,28844,28579,94962,83899
2025-01-05T02:00:00Z,131334,92172,94989,62646,39162,27618,27352,54316,42846
2025-01-05T03:00:00Z,151812,99364,106288,63237,52448,27858,27603,52240,40014
2025-01-05T04:00:00Z,137405,97975,99425,65841,39430,28954,28729,46054,34387
2025-01-05T05:00:00Z,143848,99866,101408,65827,43982,30317,30097,48131,35579
2025-01-05T06:00:00Z,160816,105958,116723,69480,54858,33651,33371,65324,50992
2025-01-05T07:00:00Z,152365,112005,109135,74034,40360,35138,34916,50883,35998
2025-01-05T08:00:00Z,156844,115679,110952,75305,41165,36509,36272,54772,40092
2025-01-05T09:00:00Z,170006,119267,120321,76779,50739,38469,38226,62057,46513
2025-01-05T10:00:00Z,169867,126195,118156,80300,43672,40166,39934,59624,43685
2025-01-05T11:00:00Z,172721,130536,120097,83419,42185,42485,42251,57955,41164
2025-01-05T12:00:00Z,236022,132633,180271,85399,103389,45625,45344,109489,91152
2025-01-05T13:00:00Z,211012,144902,148599,90428,66110,49010,48722,90090,68873
2025-01-05T14:00:00Z,198419,156044,130520,95047,42375,52775,52456,73474,49355
2025-01-05T15:00:00Z,205140,151611,141457,97265,53529,51512,51218,77750,57963
2025-01-05T16:00:00Z,195184,150694,130697,95228,44490,51488,51194,71560,51967
2025-01-05T17:00:00Z,186667,145503,126674,92746,41164,49591,49338,66386,47828
2025-01-05T18:00:00Z,197299,139787,139931,91008,57512,47066,46814,80627,63122
2025-01-05T19:00:00Z,175386,130902,122166,85727,44484,42168,41929,58001,42494
2025-01-05T20:00:00Z,172898,126706,121959,82932,46192,40133,39895,59392,44547
2025-01-05T21:00:00Z,174143,122874,123485,80507,51269,37332,37084,60639,46704
2025-01-05T22:00:00Z,158274,113903,112488,76558,44371,34637,34392,51690,38899
2025-01-05T23:00:00Z,149654,106901,107416,72665,42753,34132,33893,49947,37995
2025-01-06T00:00:00Z,174081,108084,116183,72013,65997,34093,33739,75104,60192
2025-01-06T01:00:00Z,208744,123210,138355,72043,85534,39849,39516,100464,82680
2025-01-06T02:00:00Z,172518,119337,107839,74200,53181,39878,39566,68709,50100
2025-01-06T03:00:00Z,190967,127307,121122,77052,63660,39067,38757,65258,47106
2025-01-06T04:00:00Z,178189,124516,117005,81877,53673,37557,37226,57184,40486
2025-01-06T05:00:00Z,183592,128481,116311,80166,55111,40909,40606,60944,42573
2025-01-06T06:00:00Z,207569,141728,133685,85297,65841,47580,47237,82418,60952
2025-01-06T07:00:00Z,203560,152393,126831,92105,51167,50436,50009,68221,45709
2025-01-06T08:00:00Z,214440,161503,129797,95462,52937,55370,54905,75438,51150
2025-01-06T09:00:00Z,229011,169109,136998,97226,59902,58475,57997,82513,57321
2025-01-06T10:00:00Z,226973,174966,133006,98928,52007,58112,57695,79121,54559
2025-01-06T11:00:00Z,221762,168744,132246,97429,53018,56632,56260,74627,51075
2025-01-06T12:00:00Z,265086,168938,175050,97860,96148,59419,58986,120483,95475
2025-01-06T13:00:00Z,250397,178867,158104,104064,71530,64057,63645,102013,76312
2025-01-06T14:00:00Z,245453,192870,144155,110144,52583,68856,68432,86381,59297
2025-01-06T15:00:00Z,252349,191253,150983,109136,61096,67993,67570,93625,66527
2025-01-06T16:00:00Z,245416,187732,145277,108094,57684,66266,65810,87289,60697
2025-01-06T17:00:00Z,241421,179690,146067,105026,61731,62824,62357,82319,57456
2025-01-06T18:00:00Z,245816,170182,155164,99912,75634,58656,58192,92083,69578
2025-01-06T19:00:00Z,224117,162890,140731,98356,61227,52928,52517,69370,48949
2025-01-06T20:00:00Z,221123,154440,139055,93040,66683,50331,49911,72182,52383
2025-01-06T21:00:00Z,218817,147271,139392,88777,71546,46528,46157,72375,53356
2025-01-06T22:00:00Z,202998,140025,130271,86852,62973,42159,41785,60881,43739
2025-01-06T23:00:00Z,189242,130244,121562,80273,58998,39924,39558,57994,42212
2025-01-07T00:00:00Z,159428,100345,106766,61488,59083,35401,35045,76918,62004
2025-01-07T01:00:00Z,203176,121947,142709,75532,81229,42035,41683,102912,85584
2025-01-07T02:00:00Z,174982,129850,111371,77863,45132,42995,42635,69971,51196
2025-01-07T03:00:00Z,189753,135881,122949,80674,53872,41738,41397,65682,47208
2025-01-07T04:00:00Z,175772,131641,117734,83755,44131,40028,39715,57385,41064
2025-01-07T05:00:00Z,189550,137641,119466,82585,51909,43808,43468,63911,44750
2025-01-07T06:00:00Z,211661,148533,136253,87650,63128,50796,50453,82852,60669
2025-01-07T07:00:00Z,219934,164516,138894,95518,55418,54823,54480,71873,48129
2025-01-07T08:00:00Z,235035,175148,142820,99135,59887,59691,59243,79283,53905
2025-01-07T09:00:00Z,248855,183951,154659,105095,64904,63332,62915,85630,59754
2025-01-07T10:00:00Z,239049,180756,146728,102726,58293,61638,61237,79753,55299
2025-01-07T11:00:00Z,236968,176038,147955,99911,60930,59546,59151,75096,50793
2025-01-07T12:00:00Z,288093,166358,202500,95502,121735,60601,60155,119443,95115
2025-01-07T13:00:00Z,271897,177075,180952,98712,94822,65627,65166,99495,73334
2025-01-07T14:00:00Z,160562,116440,99977,63522,44122,47990,47691,52427,32594
2025-01-07T15:00:00Z,56446,37748,37689,21728,18698,24334,24072,30721,19721
2025-01-07T16:00:00Z,279041,183296,184027,103691,95745,67982,67532,89109,63539
2025-01-07T17:00:00Z,262722,178405,174018,102305,84317,63159,62727,79183,55405
2025-01-07T18:00:00Z,266091,169405,182707,99024,96686,58545,58131,93150,70566
2025-01-07T19:00:00Z,243033,157548,165341,92457,85485,53722,53323,69414,48831
2025-01-07T20:00:00Z,241581,154247,167315,93565,87334,50601,50131,70706,51467
2025-01-07T21:00:00Z,236082,144473,166672,87955,91609,46844,46451,69556,51896
2025-01-07T22:00:00Z,218003,133729,155045,82282,84274,42640,42285,59177,43254
2025-01-07T23:00:00Z,208394,121602,151820,77269,86792,39912,39579,55476,41423
2025-01-08T00:00:00Z,214677,118658,155687,75785,96019,38641,38226,80004,64687
2025-01-08T01:00:00Z,244952,121334,187776,75828,123618,41323,40968,98145,81481
2025-01-08T02:00:00Z,228913,127349,169452,78710,101564,41817,41473,68024,50138
2025-01-08T03:00:00Z,248037,132770,183825,80702,115267,40871,40572,64838,47050
2025-01-08T04:00:00Z,231498,128237,176291,82961,103261,39312,39012,57103,41168
2025-01-08T05:00:00Z,240174,135486,173547,82966,104688,42701,42383,61177,43074
2025-01-08T06:00:00Z,260391,148165,190703,89813,112226,49755,49419,81865,60878
2025-01-08T07:00:00Z,236700,161439,160128,95345,75261,54565,54249,69912,46611
2025-01-08T08:00:00Z,227351,179109,137924,103742,48242,61899,61426,80344,55357
2025-01-08T09:00:00Z,240683,184735,144764,103628,55948,64617,64166,87356,60802
2025-01-08T10:00:00Z,229185,181923,138860,104225,47262,62673,62231,80799,56613
2025-01-08T11:00:00Z,222341,176569,136597,102587,45772,61382,60971,76595,52607
2025-01-08T12:00:00Z,268433,175415,181983,101955,93018,62708,62271,124077,99643
2025-01-08T13:00:00Z,260215,186952,162909,107220,73263,67656,67223,106145,78977
2025-01-08T14:00:00Z,260657,202428,154584,115600,58229,72549,72114,91203,63083
2025-01-08T15:00:00Z,259412,194962,153766,109914,64450,70151,69689,96547,67895
2025-01-08T16:00:00Z,246577,195663,147349,112138,50914,69790,69309,90010,63258
2025-01-08T17:00:00Z,234345,183602,140267,105643,50743,65042,64617,82801,57470
2025-01-08T18:00:00Z,245744,174688,155034,103671,71056,60087,59637,96240,73396
2025-01-08T19:00:00Z,214171,163396,133312,97334,50775,55132,54684,71570,51146
2025-01-08T20:00:00Z,211497,156764,130793,94141,54733,51371,50919,73042,52416
2025-01-08T21:00:00Z,212050,148922,130248,88461,63128,47943,47526,74819,54391
2025-01-08T22:00:00Z,194505,137382,121145,83485,57123,43651,43254,64392,46522
2025-01-08T23:00:00Z,178799,126637,117445,80993,52162,40571,40197,58922,43809
2025-01-09T00:00:00Z,192270,123281,127684,78747,68989,39387,38983,82482,66889
2025-01-09T01:00:00Z,217317,167632,183738,141552,49685,32413,32128,69851,58656
2025-01-09T02:00:00Z,198942,133527,134361,82049,65415,46098,45736,85146,66599
2025-01-09T03:00:00Z,210444,133155,142453,79156,77289,41730,41376,68902,49901
2025-01-09T04:00:00Z,186367,129428,132632,83306,56939,40060,39753,57802,41610
2025-01-09T05:00:00Z,197971,135014,134298,81553,62957,43472,43167,61817,43740
2025-01-09T06:00:00Z,216901,146153,145337,86960,70748,50580,50243,84372,62757
2025-01-09T07:00:00Z,207639,159956,133277,94061,47683,55520,55184,70709,47946
2025-01-09T08:00:00Z,219046,172185,135413,98384,46861,61460,61079,78749,54041
2025-01-09T09:00:00Z,232927,181656,141715,101909,51271,64988,64588,86606,60163
2025-01-09T10:00:00Z,232180,181802,139866,101333,50378,63579,63160,82308,57435
2025-01-09T11:00:00Z,233735,175028,147139,99443,58707,61023,60620,76825,52916
2025-01-09T12:00:00Z,267019,167944,181107,96644,99075,62560,62163,123635,98765
2025-01-09T13:00:00Z,253143,183396,158326,103746,69747,67395,66928,104740,78538
2025-01-09T14:00:00Z,244423,195303,142967,109329,49120,72330,71888,88226,61245
2025-01-09T15:00:00Z,250593,194793,147812,108400,55800,71751,71262,95622,68170
2025-01-09T16:00:00Z,237593,193203,140546,108608,44390,69717,69274,88043,62393
2025-01-09T17:00:00Z,228936,182616,137552,104803,46320,64385,63958,80882,56715
2025-01-09T18:00:00Z,235847,172102,147437,99968,63745,60176,59730,93845,70823
2025-01-09T19:00:00Z,210498,160989,130092,93740,49509,54781,54359,71792,51061
2025-01-09T20:00:00Z,203122,153215,127580,90832,49907,51257,50813,71085,52046
2025-01-09T21:00:00Z,202750,144765,127743,85341,57985,47582,47156,71317,53105
2025-01-09T22:00:00Z,187979,137847,118494,82892,50132,43106,42721,61386,44996
2025-01-09T23:00:00Z,171008,123621,111516,76873,47387,40145,39803,56898,42207
2025-01-10T00:00:00Z,178906,118655,118683,74396,60251,38780,38361,79474,64265
2025-01-10T01:00:00Z,198474,119699,140782,75139,78775,41636,41254,101511,85079
2025-01-10T02:00:00Z,176674,126006,112430,78373,50668,43039,42696,71559,53746
2025-01-10T03:00:00Z,189608,130790,120293,76338,58818,40497,40165,65991,47906
2025-01-10T04:00:00Z,178342,125136,119572,78806,53206,38445,38132,56903,40886
2025-01-10T05:00:00Z,212454,124202,150874,76978,88252,40572,40268,59864,41903
2025-01-10T06:00:00Z,251247,138680,179330,82509,112567,47236,46901,79277,58297
2025-01-10T07:00:00Z,247378,151531,171084,87630,95847,51722,51365,67296,45572
2025-01-10T08:00:00Z,260931,163591,177023,94995,97340,57395,56978,75477,51503
2025-01-10T09:00:00Z,272175,170127,181028,96173,102048,60162,59750,83171,57696
2025-01-10T10:00:00Z,260634,167691,171910,95810,92943,58992,58591,77490,54247
2025-01-10T11:00:00Z,258284,162152,173397,92782,96132,56350,55981,72129,49730
2025-01-10T12:00:00Z,289311,157339,209044,90685,131972,56363,55951,114675,92418
2025-01-10T13:00:00Z,277821,168656,190925,96562,109165,61639,61233,95145,71340
2025-01-10T14:00:00Z,275189,182360,179373,102496,92829,66422,66031,83056,57537
2025-01-10T15:00:00Z,283402,180320,185877,101678,103082,66078,65644,90159,64453
2025-01-10T16:00:00Z,267060,177279,174436,100833,89781,64811,64337,83279,58886
2025-01-10T17:00:00Z,246335,170482,160617,99868,75853,60856,60423,78245,55159
2025-01-10T18:00:00Z,271230,156871,191821,94449,114359,55254,54823,88291,67051
2025-01-10T19:00:00Z,244734,147188,170899,86856,97546,49829,49425,65787,46849
2025-01-10T20:00:00Z,237911,139939,169215,83560,97972,46824,46425,66039,48358
2025-01-10T21:00:00Z,240810,131934,173491,80394,108876,43233,42792,67405,50020
2025-01-10T22:00:00Z,225855,120479,162008,73103,105376,38830,38429,58671,43021
2025-01-10T23:00:00Z,210933,110250,158610,70285,100683,35938,35627,52832,39278
2025-01-11T00:00:00Z,200015,102409,151830,66200,97606,32304,31952,74891,62412
2025-01-11T01:00:00Z,180367,97703,132576,63955,82664,31619,31277,94144,81435
2025-01-11T02:00:00Z,147871,95523,100005,63024,52348,29577,29240,59413,46582
2025-01-11T03:00:00Z,171388,107763,120172,67049,63625,30212,29948,54823,41904
2025-01-11T04:00:00Z,198319,102864,158056,68927,95455,30767,30520,48031,35580
2025-01-11T05:00:00Z,205694,103070,159065,65539,102624,31939,31706,50526,37181
2025-01-11T06:00:00Z,253295,107677,204025,68332,145618,34573,34318,66805,51698
2025-01-11T07:00:00Z,247675,110686,202163,70500,136989,35893,35659,51471,36121
2025-01-11T08:00:00Z,250427,111473,201887,70532,138954,36930,36652,56030,40331
2025-01-11T09:00:00Z,260549,119432,207649,75529,141117,38967,38711,62649,46306
2025-01-11T10:00:00Z,265076,121238,211247,75794,143838,40135,39894,60554,43392
2025-01-11T11:00:00Z,267770,122554,216347,77354,145216,41127,40841,56692,40207
2025-01-11T12:00:00Z,298754,123514,246212,78724,175240,42722,42459,102675,85645
2025-01-11T13:00:00Z,287545,131314,230819,81831,156231,46098,45851,82007,63579
2025-01-11T14:00:00Z,277575,139236,217396,86614,138339,49792,49549,65819,46955
2025-01-11T15:00:00Z,287287,141735,225819,88249,145552,50133,49877,74027,54635
2025-01-11T16:00:00Z,282206,143315,221740,89975,138891,50060,49819,68506,49538
2025-01-11T17:00:00Z,278297,138991,219761,87906,139306,48389,48142,64424,46467
2025-01-11T18:00:00Z,289319,133932,231520,85228,155387,45429,45176,77687,60273
2025-01-11T19:00:00Z,263179,124972,212667,79808,138207,40814,40572,55298,40016
2025-01-11T20:00:00Z,264213,118288,215663,76458,145925,38316,38062,56264,42102
2025-01-11T21:00:00Z,259473,110491,212022,71762,148982,36059,35808,58311,44881
2025-01-11T22:00:00Z,160891,106555,117552,71398,54336,33440,33205,49815,37732
2025-01-11T23:00:00Z,165712,106013,127629,74058,59699,32723,32501,47733,36233
2025-01-12T00:00:00Z,242532,95160,203515,65158,147372,29160,28826,67405,55103
2025-01-12T01:00:00Z,257508,91467,219885,63270,166041,28971,28682,94521,82725
2025-01-12T02:00:00Z,217006,92796,178559,62877,124210,28023,27768,53378,41176
2025-01-12T03:00:00Z,231244,101370,187737,64747,129874,28479,28246,52601,40523
2025-01-12T04:00:00Z,198583,95923,161133,64224,102660,29349,29124,45708,34067
2025-01-12T05:00:00Z,159113,101248,115873,65506,57865,30729,30505,48685,36250
2025-01-12T06:00:00Z,162581,107134,117115,69686,55447,33623,33384,65294,51439
2025-01-12T07:00:00Z,151856,110866,107311,72098,40990,35059,34843,50463,36182
2025-01-12T08:00:00Z,157020,115480,108127,73756,41540,37430,37187,56274,40918
2025-01-12T09:00:00Z,173729,121744,121524,77398,51985,39538,39308,63715,47667
2025-01-12T10:00:00Z,170255,125894,114059,78114,44361,41168,40914,60767,44573
2025-01-12T11:00:00Z,174881,134960,114749,81829,39921,43426,43117,59523,41402
2025-01-12T12:00:00Z,240144,137577,178406,85493,102567,46404,46115,112290,92323
2025-01-12T13:00:00Z,212189,146493,148215,91020,65696,50136,49827,91322,69868
2025-01-12T14:00:00Z,202038,158276,131445,96097,43762,53714,53384,72750,50381
2025-01-12T15:00:00Z,210406,158909,140263,97304,51497,53107,52814,80410,58606
2025-01-12T16:00:00Z,203530,160419,131162,96721,43111,52922,52642,74822,53015
2025-01-12T17:00:00Z,211856,161135,137429,94530,50721,50816,50544,68545,48513
2025-01-12T18:00:00Z,218719,143822,158866,91576,74897,48903,48638,82349,64276
2025-01-12T19:00:00Z,191015,131853,137313,84709,59162,43552,43301,59462,43611
2025-01-12T20:00:00Z,193457,129138,138967,83387,64319,41299,41014,61314,45481
2025-01-12T21:00:00Z,193352,122372,139778,79004,70980,38880,38609,62664,47973
2025-01-12T22:00:00Z,174772,114436,128530,75757,60336,35676,35443,52118,39215
2025-01-12T23:00:00Z,155296,109059,111360,72111,46237,34683,34463,51363,37796
2025-01-13T00:00:00Z,177910,109288,115774,71457,68622,33764,33419,77452,60949
2025-01-13T01:00:00Z,203894,109989,141607,71365,93905,38046,37683,104455,87231
2025-01-13T02:00:00Z,173202,117645,105678,72582,55557,40018,39709,68584,49812
2025-01-13T03:00:00Z,191021,124027,117100,73897,66994,39464,39156,65686,47206
2025-01-13T04:00:00Z,178359,118975,110735,75150,59384,37355,37036,57614,40966
2025-01-13T05:00:00Z,185212,124050,114054,76337,61162,40648,40324,61947,43704
2025-01-13T06:00:00Z,209786,142041,129653,84356,67745,48197,47870,81336,59557
2025-01-13T07:00:00Z,211495,158393,126589,93467,53102,53639,53302,70737,47211
2025-01-13T08:00:00Z,227610,170981,130798,97479,56629,59779,59338,80189,54205
2025-01-13T09:00:00Z,242254,178577,140184,101103,63677,62433,61987,86588,60043
2025-01-13T10:00:00Z,237921,182131,137307,103671,55790,61870,61440,82422,56741
2025-01-13T11:00:00Z,243841,173249,147540,99963,70592,59994,59517,76476,52155
2025-01-13T12:00:00Z,280832,168649,187729,97783,112183,61479,61041,121764,96498
2025-01-13T13:00:00Z,271827,182645,170391,103070,89182,66225,65811,102202,75378
2025-01-13T14:00:00Z,266731,195901,157945,109394,70830,72472,72033,89230,60907
2025-01-13T15:00:00Z,265419,190988,158005,107387,74431,70457,69952,93915,66267
2025-01-13T16:00:00Z,260559,191366,153147,108273,69193,69160,68664,90002,62062
2025-01-13T17:00:00Z,243403,183300,140530,105882,60103,64418,63886,83480,57257
2025-01-13T18:00:00Z,240583,169028,143487,98893,71555,59952,59466,93883,69218
2025-01-13T19:00:00Z,222112,165160,132034,97573,56952,56199,55739,72834,51635
2025-01-13T20:00:00Z,226117,161411,133035,94516,64706,53364,52906,75365,54505
2025-01-13T21:00:00Z,222448,153356,128022,85197,69092,49583,49168,74864,55154
2025-01-13T22:00:00Z,199926,138829,119276,82532,61097,45035,44634,63555,45657
2025-01-13T23:00:00Z,147251,108790,87761,63632,38461,36801,36448,51974,36143
2025-01-14T00:00:00Z,168141,107887,110809,63798,60254,38429,38092,82044,65587
2025-01-14T01:00:00Z,212141,125431,143873,76539,86710,43784,43389,105514,87437
2025-01-14T02:00:00Z,184622,129960,119033,79261,54662,43137,42798,71876,53503
2025-01-14T03:00:00Z,193695,135099,124469,80144,58596,41649,41317,66821,48043
2025-01-14T04:00:00Z,171325,125248,112965,78494,46077,38492,38178,56747,40979
2025-01-14T05:00:00Z,178772,130497,115195,78606,48275,41397,41090,60589,43243
2025-01-14T06:00:00Z,200891,142871,130859,84922,58020,48661,48329,79567,59090
2025-01-14T07:00:00Z,206049,160916,127039,93927,45133,53674,53334,69574,46790
2025-01-14T08:00:00Z,223741,174947,133984,99714,48794,60766,60312,79239,54496
2025-01-14T09:00:00Z,241948,184543,146063,105426,57405,62991,62531,86062,59845
2025-01-14T10:00:00Z,238653,177885,145751,100645,60768,61077,60651,80236,56407
2025-01-14T11:00:00Z,245786,174387,158966,101884,71399,60245,59823,75228,52176
2025-01-14T12:00:00Z,297542,162659,215215,94497,134883,60292,59805,118411,94267
2025-01-14T13:00:00Z,290370,180014,198488,102649,110356,66506,66064,100003,74210
2025-01-14T14:00:00Z,284092,194413,183551,108201,89679,71246,70801,86829,59694
2025-01-14T15:00:00Z,285788,189026,185593,105341,96762,71044,70573,94168,66810
2025-01-14T16:00:00Z,273296,189446,172656,106213,83850,70054,69572,88722,62374
2025-01-14T17:00:00Z,246083,173197,152768,95479,72886,62865,62434,80077,55268
2025-01-14T18:00:00Z,269568,173959,178017,99611,95609,61176,60723,96170,72906
2025-01-14T19:00:00Z,247804,166133,164416,97492,81671,56664,56259,73223,51919
2025-01-14T20:00:00Z,242753,156748,163603,92865,86005,53144,52715,73995,53645
2025-01-14T21:00:00Z,239638,146704,162308,86452,92934,49361,48947,73634,54773
2025-01-14T22:00:00Z,225370,136386,152815,82291,88984,45005,44621,63489,45788
2025-01-14T23:00:00Z,212022,127497,146960,79156,84525,42060,41724,60452,44596
2025-01-15T00:00:00Z,199440,123940,132369,75756,75500,40831,40435,86890,70650
2025-01-15T01:00:00Z,210620,127731,144954,78321,82889,43385,43014,103554,86188
2025-01-15T02:00:00Z,185346,131312,118027,79286,54034,43412,43072,72239,53395
2025-01-15T03:00:00Z,192259,133923,123757,79217,58336,42163,41839,66878,48710
2025-01-15T04:00:00Z,178509,128788,117079,80774,49721,40344,40028,59206,42890
2025-01-15T05:00:00Z,185917,131862,119890,81555,54055,43053,42722,62549,44425
2025-01-15T06:00:00Z,212927,148216,139759,89654,64711,49755,49404,84249,62855
2025-01-15T07:00:00Z,209276,161003,129392,94088,48273,54837,54498,70342,47579
2025-01-15T08:00:00Z,225913,176847,136911,102683,49066,61474,61048,79128,54788
2025-01-15T09:00:00Z,241888,185945,146073,105536,55943,64281,63879,87587,61903
2025-01-15T10:00:00Z,238383,184491,140495,104153,53892,62928,62503,83002,58232
2025-01-15T11:00:00Z,224818,176122,135706,101125,48696,61178,60774,77253,53383
2025-01-15T12:00:00Z,270553,173313,181221,99317,97240,63339,62896,123615,99132
2025-01-15T13:00:00Z,258798,190283,162405,109453,68515,68485,68038,104207,77993
2025-01-15T14:00:00Z,251755,201049,147906,113889,50706,73743,73300,90401,62790
2025-01-15T15:00:00Z,260318,204261,156247,115943,56057,73344,72875,97123,69161
2025-01-15T16:00:00Z,250826,199040,147620,112507,51786,70910,70436,90139,63335
2025-01-15T17:00:00Z,238378,186852,142446,107158,51526,66506,66051,84454,58495
2025-01-15T18:00:00Z,243182,179695,155976,106542,63487,62856,62386,95800,72376
2025-01-15T19:00:00Z,218942,168509,135937,99384,50433,57612,57165,73819,52682
2025-01-15T20:00:00Z,217275,161403,135305,95904,55872,54294,53801,75588,55116
2025-01-15T21:00:00Z,216801,155139,135262,92579,61662,50603,50090,76953,56780
2025-01-15T22:00:00Z,194196,145232,123972,89163,48964,45851,45410,63366,46247
2025-01-15T23:00:00Z,181284,134750,118900,85948,46534,42439,42083,58680,43897
2025-01-16T00:00:00Z,201931,131800,134056,83985,70131,41073,40641,86872,70618
2025-01-16T01:00:00Z,215061,129414,150674,82644,85647,43081,42690,105138,87409
2025-01-16T02:00:00Z,186233,133519,121493,83204,52714,43257,42913,71855,53423
2025-01-16T03:00:00Z,200562,141164,131268,85924,59398,41904,41587,66820,48692
2025-01-16T04:00:00Z,184663,132890,124783,87039,51773,39903,39574,59438,43346
2025-01-16T05:00:00Z,188160,133691,122515,82817,54469,43465,43131,63884,45672
2025-01-16T06:00:00Z,213467,148202,138156,88134,65265,50134,49766,84835,62901
2025-01-16T07:00:00Z,210298,164641,129945,96488,45657,55066,54671,71111,47945
2025-01-16T08:00:00Z,229483,178801,135144,101255,50682,61278,60863,81217,55038
2025-01-16T09:00:00Z,242452,184885,144968,104835,57567,64780,64375,88018,61996
2025-01-16T10:00:00Z,234252,185409,142438,108022,48843,63091,62673,82206,57225
2025-01-16T11:00:00Z,227571,180647,136762,103458,46924,61900,61466,76716,52986
2025-01-16T12:00:00Z,276712,176273,186724,102670,100439,63496,63031,125536,100643
2025-01-16T13:00:00Z,260574,189993,164899,109349,70581,68407,67947,105903,79309
2025-01-16T14:00:00Z,254197,203225,152217,116475,50972,73175,72706,89842,62387
2025-01-16T15:00:00Z,256401,199851,153619,113448,56550,72297,71765,95191,67763
2025-01-16T16:00:00Z,250045,198368,148761,114162,51677,70893,70386,90152,63727
2025-01-16T17:00:00Z,243337,189414,146755,110937,53923,66828,66301,84201,58751
2025-01-16T18:00:00Z,245790,179833,156822,107149,65957,62623,62165,97443,74159
2025-01-16T19:00:00Z,218895,171513,134224,100473,47382,58438,58004,74096,52375
2025-01-16T20:00:00Z,219908,167512,137603,100657,52396,54233,53793,74582,54475
2025-01-16T21:00:00Z,220691,154827,137655,94140,65864,49969,49522,75271,56135
2025-01-16T22:00:00Z,195221,143907,124002,88389,51314,45236,44776,62574,45869
2025-01-16T23:00:00Z,184192,134332,120877,85143,49860,42218,41849,59014,44177
2025-01-17T00:00:00Z,199582,125966,131466,79473,73616,40737,40287,86126,70587
2025-01-17T01:00:00Z,209069,125298,145440,79246,83771,42254,41831,101290,84368
2025-01-17T02:00:00Z,180447,130610,118523,81846,49837,42920,42578,70669,52701
2025-01-17T03:00:00Z,195000,136039,125616,81683,58961,41391,41066,66702,48377
2025-01-17T04:00:00Z,176351,129167,116087,82010,47184,39506,39172,58144,42489
2025-01-17T05:00:00Z,187371,133793,122922,83042,53578,42666,42358,62401,44201
2025-01-17T06:00:00Z,214009,146533,141182,88725,67476,49235,48889,84084,61940
2025-01-17T07:00:00Z,209284,161517,132205,95885,47767,54167,53833,69719,47374
2025-01-17T08:00:00Z,229731,178637,141201,104571,51094,59980,59608,78865,54540
2025-01-17T09:00:00Z,240719,181884,147872,104951,58835,63078,62613,85739,60727
2025-01-17T10:00:00Z,233273,183799,142731,107023,49474,61462,61019,81113,57064
2025-01-17T11:00:00Z,218415,172653,134668,101202,45762,59123,58734,74335,52320
2025-01-17T12:00:00Z,272116,171467,187475,102098,100649,59911,59498,122110,99262
2025-01-17T13:00:00Z,251419,183624,159731,106898,67795,65028,64612,100996,76140
2025-01-17T14:00:00Z,246369,197915,149248,113871,48454,69704,69242,85330,59382
2025-01-17T15:00:00Z,256399,199742,156485,115759,56657,69535,69023,93643,67939
2025-01-17T16:00:00Z,245100,193807,149306,113912,51293,67475,67000,86264,61505
2025-01-17T17:00:00Z,232249,183295,142185,107743,48954,62622,62199,79950,56513
2025-01-17T18:00:00Z,233874,166576,151686,100127,67298,57517,57080,92458,71176
2025-01-17T19:00:00Z,208544,161447,129428,94504,47097,51468,51068,67888,48425
2025-01-17T20:00:00Z,205212,153546,129272,91632,51666,48787,48330,68191,50139
2025-01-17T21:00:00Z,201787,142883,129780,87353,58904,45126,44719,69144,51665
2025-01-17T22:00:00Z,179206,132462,117939,82950,46744,40699,40300,58206,43028
2025-01-17T23:00:00Z,167116,123556,114649,81338,43560,37653,37345,53157,40130
2025-01-18T00:00:00Z,181178,112997,127412,75057,68181,33948,33584,80836,67818
2025-01-18T01:00:00Z,188383,107053,142141,73049,81330,32646,32334,93257,81191
2025-01-18T02:00:00Z,155445,106770,109744,70952,48675,31258,30978,56278,43687
2025-01-18T03:00:00Z,169270,114162,118828,72913,55108,30805,30545,55600,42543
2025-01-18T04:00:00Z,157371,113715,112901,78136,43656,31237,30976,48932,36467
2025-01-18T05:00:00Z,159054,114619,108545,72610,44435,32635,32337,51255,37691
2025-01-18T06:00:00Z,171017,116558,122373,76503,54459,35807,35508,67362,52598
2025-01-18T07:00:00Z,160516,121506,111535,79008,39010,37170,36936,52599,37566
2025-01-18T08:00:00Z,168231,124044,116486,81400,44187,38645,38388,58027,42143
2025-01-18T09:00:00Z,180417,128461,125128,82943,51956,39923,39658,64556,47821
2025-01-18T10:00:00Z,171904,126990,117901,80708,44914,40830,40577,60221,44235
2025-01-18T11:00:00Z,178394,134758,121162,84276,43636,42534,42291,59077,41626
2025-01-18T12:00:00Z,250193,135254,189034,84504,114939,44176,43908,111159,93461
2025-01-18T13:00:00Z,210840,145104,147663,89968,65736,48098,47812,86755,68207
2025-01-18T14:00:00Z,194814,152898,131284,95834,41916,53194,52931,69235,49447
2025-01-18T15:00:00Z,202161,152537,137837,96274,49624,52889,52622,77906,58021
2025-01-18T16:00:00Z,196185,153906,129430,95342,42279,52109,51830,71306,52073
2025-01-18T17:00:00Z,189212,149104,127003,93778,40108,50507,50232,66393,47774
2025-01-18T18:00:00Z,204408,146569,142585,92484,57839,48869,48608,83471,66239
2025-01-18T19:00:00Z,176894,136348,120976,86650,40546,44527,44282,58900,43417
2025-01-18T20:00:00Z,174456,128158,120868,82328,46298,40761,40489,59442,44842
2025-01-18T21:00:00Z,173427,121622,123353,79845,51805,38002,37737,60707,46927
2025-01-18T22:00:00Z,155305,112149,110733,74718,43156,34850,34629,50535,38342
2025-01-18T23:00:00Z,149029,109546,107532,74376,39483,33787,33577,48537,37425
2025-01-19T00:00:00Z,158290,101925,114413,69848,56365,30931,30601,71517,60162
2025-01-19T01:00:00Z,172721,96649,133997,66188,76072,31062,30759,94220,82770
2025-01-19T02:00:00Z,133882,94463,95880,63554,39419,29376,29112,56260,44414
2025-01-19T03:00:00Z,154028,104217,108373,66385,49811,29560,29318,53004,41264
2025-01-19T04:00:00Z,149100,106649,105486,71567,42451,30564,30323,47215,35690
2025-01-19T05:00:00Z,149539,101984,107345,67920,47555,31589,31366,49235,37006
2025-01-19T06:00:00Z,173376,114179,126096,75730,59197,34420,34172,65731,52168
2025-01-19T07:00:00Z,160143,117584,113897,78128,42559,35936,35711,51320,37446
2025-01-19T08:00:00Z,176776,123840,121491,82048,52936,37864,37597,59317,43600
2025-01-19T09:00:00Z,190836,130499,129372,84306,60337,39720,39430,67279,49924
2025-01-19T10:00:00Z,180159,137990,120394,85471,42169,42442,42179,61221,45235
2025-01-19T11:00:00Z,176073,137337,121833,89068,38736,44172,43911,59734,42258
2025-01-19T12:00:00Z,247545,138405,187683,89283,109140,46278,45991,110317,92173
2025-01-19T13:00:00Z,216321,147896,149865,93060,68425,50612,50331,89373,70256
2025-01-19T14:00:00Z,198730,156749,132901,98471,41981,54345,54064,71540,51197
2025-01-19T15:00:00Z,212577,160899,142454,99461,51678,54297,53961,79612,59383
2025-01-19T16:00:00Z,208716,159440,139622,101948,49276,54455,54120,75027,54773
2025-01-19T17:00:00Z,203477,154865,137796,100023,48612,52460,52183,69809,50827
2025-01-19T18:00:00Z,210475,151182,148130,98434,59293,51075,50794,84573,66396
2025-01-19T19:00:00Z,186540,144913,127417,93576,41627,46842,46571,62491,45602
2025-01-19T20:00:00Z,183179,137718,126999,90239,45461,44144,43883,63606,47726
2025-01-19T21:00:00Z,181432,129767,127541,85939,51665,41032,40768,64553,49582
2025-01-19T22:00:00Z,158871,118587,111099,78528,40284,37113,36873,54009,40433
2025-01-19T23:00:00Z,149497,110576,107444,74978,38921,36052,35828,51408,39156
2025-01-20T00:00:00Z,187617,111733,124472,74798,75884,35360,34992,81689,66263
2025-01-20T01:00:00Z,215449,118910,147917,79197,96539,38691,38315,101900,84612
2025-01-20T02:00:00Z,190150,126106,119379,80583,64044,40123,39784,70316,52201
2025-01-20T03:00:00Z,202110,134060,128794,83340,68050,39709,39352,65689,47867
2025-01-20T04:00:00Z,186430,126273,117000,81229,60157,38881,38448,58925,42148
2025-01-20T05:00:00Z,197494,134748,121335,83378,62746,42985,42637,64966,45269
2025-01-20T06:00:00Z,223257,147336,142688,87817,75921,49699,49330,82857,60424
2025-01-20T07:00:00Z,232501,161804,147314,95653,70697,54171,53816,71292,47865
2025-01-20T08:00:00Z,248846,175195,153061,102083,73651,60160,59694,80176,54993
2025-01-20T09:00:00Z,264552,182990,161177,104428,81562,63936,63489,88018,61142
2025-01-20T10:00:00Z,259949,184911,153706,101904,75038,62533,62081,82900,57313
2025-01-20T11:00:00Z,251940,175489,153716,101065,76451,61306,60835,78493,53658
2025-01-20T12:00:00Z,278646,170095,183561,99309,108551,62273,61806,122919,97744
2025-01-20T13:00:00Z,261240,186107,159551,106643,75133,67714,67280,103918,77079
2025-01-20T14:00:00Z,257962,201350,147699,114336,56612,73089,72622,90557,62354
2025-01-20T15:00:00Z,260534,198978,153607,114038,61556,71711,71252,96842,69267
2025-01-20T16:00:00Z,250829,193022,146884,112888,57807,69162,68694,90291,63741
2025-01-20T17:00:00Z,242600,182991,145091,109936,59609,63738,63268,83860,59163
2025-01-20T18:00:00Z,249478,178826,151568,102911,70652,61776,61331,96261,72824
2025-01-20T19:00:00Z,222695,168129,137464,102133,54566,55472,55055,73837,51777
2025-01-20T20:00:00Z,218986,156422,136727,96746,62564,52244,51820,75076,53850
2025-01-20T21:00:00Z,216482,146764,136870,91871,69718,47802,47429,74888,55513
2025-01-20T22:00:00Z,194241,136388,124396,87243,57853,43776,43442,63108,45706
2025-01-20T23:00:00Z,183138,125390,117951,82628,57748,41016,40700,59814,44347
2025-01-21T00:00:00Z,199271,127095,135944,83497,72176,40676,40263,89476,73744
2025-01-21T01:00:00Z,213069,129822,148470,82294,83247,42913,42551,104394,87841
2025-01-21T02:00:00Z,183695,135770,120091,84581,47925,43273,42951,71271,53571
2025-01-21T03:00:00Z,192927,137977,126228,83741,54950,42368,42060,67224,49066
2025-01-21T04:00:00Z,180250,133484,121498,87015,46766,41704,41385,60715,43789
2025-01-21T05:00:00Z,195283,142665,124635,86847,52618,45751,45412,65693,46309
2025-01-21T06:00:00Z,218989,155365,143405,93837,63624,52728,52390,86433,64185
2025-01-21T07:00:00Z,216008,169493,135469,100899,46515,57296,56949,72709,49452
2025-01-21T08:00:00Z,233478,181534,140464,105237,51944,62580,62161,81659,55379
2025-01-21T09:00:00Z,249770,191827,149864,110282,57943,66402,65915,89855,62783
2025-01-21T10:00:00Z,239181,187391,143751,109258,51790,64378,63915,83623,58661
2025-01-21T11:00:00Z,233799,186272,141327,108724,47527,63193,62781,78824,54733
2025-01-21T12:00:00Z,277488,184550,183686,105801,92938,64360,63903,123500,99363
2025-01-21T13:00:00Z,270743,191650,160788,110109,79093,68661,68237,103452,77642
2025-01-21T14:00:00Z,262055,207947,153303,120547,54108,74805,74345,91526,63178
2025-01-21T15:00:00Z,266095,210922,160620,120896,55173,75073,74617,99072,70407
2025-01-21T16:00:00Z,257690,206086,152712,118337,51604,74063,73584,93201,65398
2025-01-21T17:00:00Z,251320,197290,151784,116050,54030,69218,68726,88623,62117
2025-01-21T18:00:00Z,255774,184871,160782,109765,70903,64503,64042,100981,76344
2025-01-21T19:00:00Z,232203,181665,143921,108619,50538,60046,59606,77372,54685
2025-01-21T20:00:00Z,231296,172080,141414,104934,59216,56017,55555,79455,55691
2025-01-21T21:00:00Z,222255,160485,140419,98961,61770,51564,51159,76681,56514
2025-01-21T22:00:00Z,206175,151793,128860,94621,54382,47245,46849,67574,47504
2025-01-21T23:00:00Z,194562,145891,128127,94593,48671,44572,44223,61826,44650
2025-01-22T00:00:00Z,206868,137823,136628,88731,69045,42743,42316,87955,69765
2025-01-22T01:00:00Z,217907,134637,152378,86232,83270,44679,44246,104262,86509
2025-01-22T02:00:00Z,197433,145725,130791,93860,51708,44619,44252,73622,54686
2025-01-22T03:00:00Z,204755,144619,134031,89232,60136,43478,43137,68932,50035
2025-01-22T04:00:00Z,192460,136058,127063,89185,56402,42303,41954,63423,43954
2025-01-22T05:00:00Z,203387,145868,127575,91016,57519,45668,45315,67075,46579
2025-01-22T06:00:00Z,224804,158783,143578,97176,66021,51773,51380,88773,64033
2025-01-22T07:00:00Z,218692,172592,136456,104470,46100,56494,56127,74058,49266
2025-01-22T08:00:00Z,231065,185706,141707,109723,45359,62680,62266,80872,56427
2025-01-22T09:00:00Z,249465,194951,151730,112529,54514,66364,65973,89137,62540
2025-01-22T10:00:00Z,237346,187626,144334,108908,49720,64476,64040,83703,58731
2025-01-22T11:00:00Z,233287,184714,144351,109432,48573,62911,62516,77834,54243
2025-01-22T12:00:00Z,276591,182378,187093,108210,94213,64468,64017,123368,98682
2025-01-22T13:00:00Z,265870,197864,168241,115602,68006,70002,69559,105211,79126
2025-01-22T14:00:00Z,254157,208199,150315,119247,45958,75148,74684,90297,62746
2025-01-22T15:00:00Z,261107,206683,156089,117795,54424,75125,74644,98958,70807
2025-01-22T16:00:00Z,252780,205940,150524,118658,46840,74253,73738,92172,65307
2025-01-22T17:00:00Z,250510,196548,153443,114368,53962,69942,69461,87123,61273
2025-01-22T18:00:00Z,249010,182674,158004,108867,66336,65374,64921,99745,75191
2025-01-22T19:00:00Z,226152,177434,139394,103897,48718,60339,59910,76850,54253
2025-01-22T20:00:00Z,222612,169314,140311,101605,53298,56413,55975,76589,55747
2025-01-22T21:00:00Z,224000,161206,141890,96167,62794,52289,51867,77156,57296
2025-01-22T22:00:00Z,199946,149276,126710,90443,50670,47475,47087,65585,48071
2025-01-22T23:00:00Z,184694,137811,122354,88204,46883,44014,43665,60350,44930
2025-01-23T00:00:00Z,199832,131626,133827,83372,68206,42759,42330,89121,72649
2025-01-23T01:00:00Z,213144,132092,149469,83931,81052,44376,43989,105816,87966
2025-01-23T02:00:00Z,184862,133721,119458,83133,51141,44470,44095,73269,54953
2025-01-23T03:00:00Z,201844,145715,131970,88657,56129,43465,43159,69292,50493
2025-01-23T04:00:00Z,187099,137742,123186,87052,49357,42433,42117,62674,45167
2025-01-23T05:00:00Z,200381,143629,126139,86430,56752,45270,44937,67075,47409
2025-01-23T06:00:00Z,222606,158221,145192,94473,64385,51425,51058,86612,64257
2025-01-23T07:00:00Z,215082,166192,135098,99459,48890,56375,56002,72990,49958
2025-01-23T08:00:00Z,230259,180361,142521,107031,49898,61683,61258,81016,56140
2025-01-23T09:00:00Z,245796,190322,149411,109770,55474,65932,65488,89746,63203
2025-01-23T10:00:00Z,238677,190026,143206,109308,48651,64868,64407,85170,59821
2025-01-23T11:00:00Z,225918,179756,136534,104171,46162,61972,61547,77474,53952
2025-01-23T12:00:00Z,267620,174107,179109,100970,93513,62251,61781,121584,96985
2025-01-23T13:00:00Z,256754,189139,159123,107651,67615,68084,67634,103718,77417
2025-01-23T14:00:00Z,257126,207939,151298,117811,49187,74547,74093,90999,62895
2025-01-23T15:00:00Z,262408,205208,158281,116771,57200,74442,73969,97208,70138
2025-01-23T16:00:00Z,255853,202208,153985,117793,53645,73278,72774,91990,65658
2025-01-23T17:00:00Z,249083,192721,152530,113648,56362,68982,68491,87770,62256
2025-01-23T18:00:00Z,248194,177893,159024,106345,70301,64218,63724,100082,76351
2025-01-23T19:00:00Z,222515,172516,138220,102751,49999,59484,59051,76013,54283
2025-01-23T20:00:00Z,220854,163991,138307,99262,56863,55572,55099,77435,56675
2025-01-23T21:00:00Z,218320,152503,136974,91745,65817,51238,50808,76937,57751
2025-01-23T22:00:00Z,200756,145577,126677,89633,55179,47045,46654,66956,49079
2025-01-23T23:00:00Z,188675,135879,122348,85690,52796,44177,43810,62321,45829
2025-01-24T00:00:00Z,203619,132048,134932,84207,71571,41712,41266,87217,70998
2025-01-24T01:00:00Z,215981,130310,152856,84713,85671,43075,42701,101960,85550
2025-01-24T02:00:00Z,190812,134853,126226,86249,55959,42466,42138,71365,53900
2025-01-24T03:00:00Z,202249,138472,133904,86188,63777,41551,41234,67318,49646
2025-01-24T04:00:00Z,187487,136579,125008,88002,50908,40546,40243,59826,43070
2025-01-24T05:00:00Z,193720,141675,124559,87335,52045,43352,43032,63313,44848
2025-01-24T06:00:00Z,212906,152067,141093,93461,60839,50023,49674,83979,62951
2025-01-24T07:00:00Z,211792,166829,134598,101263,44963,53777,53426,70504,48194
2025-01-24T08:00:00Z,223148,173713,136557,103183,49435,58601,58210,76914,53206
2025-01-24T09:00:00Z,241535,180613,148328,105391,60922,62454,62015,85392,60595
2025-01-24T10:00:00Z,232972,182158,144008,107716,50814,61415,60958,81198,57095
2025-01-24T11:00:00Z,227760,177957,142128,106399,49803,58994,58574,74844,52872
2025-01-24T12:00:00Z,272313,173413,185415,102004,98900,60314,59892,120327,96771
2025-01-24T13:00:00Z,260139,189089,165151,109032,71050,65067,64643,99735,75872
2025-01-24T14:00:00Z,252597,203563,149318,115476,49034,70690,70257,87038,60832
2025-01-24T15:00:00Z,253122,197249,155931,115148,55873,70335,69831,94124,68207
2025-01-24T16:00:00Z,248137,196288,146799,110645,51849,69021,68512,87786,62669
2025-01-24T17:00:00Z,236758,186657,143659,109632,50101,64704,64245,81999,58350
2025-01-24T18:00:00Z,235972,173502,151491,104455,62470,60430,59996,92157,70476
2025-01-24T19:00:00Z,217419,168891,138282,102715,48528,55277,54858,70847,51108
2025-01-24T20:00:00Z,215423,160261,140038,99476,55162,51677,51231,71686,52920
2025-01-24T21:00:00Z,210960,147984,137352,91640,62976,47781,47329,73156,55070
2025-01-24T22:00:00Z,191352,138759,124747,87426,52593,43956,43521,61606,45476
2025-01-24T23:00:00Z,177803,128942,119769,84860,48861,40419,40064,56519,42380
2025-01-25T00:00:00Z,191074,120867,135491,82093,70207,36634,36237,84653,71297
2025-01-25T01:00:00Z,194057,111864,142534,75585,82193,34518,34180,95383,82521
2025-01-25T02:00:00Z,152611,106048,106081,71509,46563,31848,31551,55961,43693
2025-01-25T03:00:00Z,167167,112992,116797,72316,54175,32071,31810,56681,43290
2025-01-25T04:00:00Z,157246,114904,111837,77614,42342,33370,33103,51625,38093
2025-01-25T05:00:00Z,167123,116598,115502,75437,50525,34278,34014,53372,39135
2025-01-25T06:00:00Z,185938,123409,133972,80479,62529,37511,37242,72264,56765
2025-01-25T07:00:00Z,169823,123752,119716,80187,46071,38142,37897,54887,39353
2025-01-25T08:00:00Z,174090,125723,120491,81494,48367,39175,38895,59249,43393
2025-01-25T09:00:00Z,183391,130544,126286,82754,52847,41887,41633,66557,49366
2025-01-25T10:00:00Z,178559,134165,123846,86257,44394,43118,42875,62295,45861
2025-01-25T11:00:00Z,177962,136234,123814,88404,41728,43973,43744,59371,42881
2025-01-25T12:00:00Z,244049,136570,188402,89774,107479,46155,45872,108691,91633
2025-01-25T13:00:00Z,212355,145725,152166,93871,66630,49369,49105,87290,68784
2025-01-25T14:00:00Z,201599,156640,137967,100675,44959,53159,52905,69404,50004
2025-01-25T15:00:00Z,214928,161043,149423,104483,53885,53828,53559,79245,58964
2025-01-25T16:00:00Z,206837,161693,141468,105239,45144,54626,54341,73619,54214
2025-01-25T17:00:00Z,203960,159600,140291,104197,44360,53733,53481,69328,50596
2025-01-25T18:00:00Z,210959,153421,150271,101317,57538,51396,51135,83565,65901
2025-01-25T19:00:00Z,184087,143421,127837,93497,40666,46932,46688,61036,44929
2025-01-25T20:00:00Z,183780,138802,130662,93374,44978,44291,43992,62104,46793
2025-01-25T21:00:00Z,179092,128541,127923,86392,50551,41270,41015,62646,48764
2025-01-25T22:00:00Z,162051,121484,117263,83108,40567,38422,38180,53146,40485
2025-01-25T23:00:00Z,160513,116785,116879,81770,43728,37688,37458,51771,40190
2025-01-26T00:00:00Z,174804,111257,128225,78957,63547,34469,34134,76651,64599
2025-01-26T01:00:00Z,188338,108268,143694,75640,80070,34866,34588,94964,82746
2025-01-26T02:00:00Z,154063,107704,109575,72879,46359,33127,32873,59455,47072
2025-01-26T03:00:00Z,172240,116729,121200,75501,55511,33342,33067,56922,43814
2025-01-26T04:00:00Z,152639,109034,110140,74868,43605,32768,32528,48843,37063
2025-01-26T05:00:00Z,156278,112380,110355,74653,43898,34323,34097,51067,38589
2025-01-26T06:00:00Z,172049,117742,125568,78822,54307,37310,37062,67664,53493
2025-01-26T07:00:00Z,159620,119675,113187,79378,39945,37874,37632,51807,37657
2025-01-26T08:00:00Z,174385,125484,120082,82388,48901,39748,39467,59055,43380
2025-01-26T09:00:00Z,190668,130252,130808,85063,60416,42066,41771,67519,51043
2025-01-26T10:00:00Z,183769,136426,127476,88968,47343,43782,43498,63127,46874
2025-01-26T11:00:00Z,183005,141018,126935,91339,41987,45878,45618,60417,43518
2025-01-26T12:00:00Z,250869,139797,192748,91725,111072,47922,47632,111475,93109
2025-01-26T13:00:00Z,216886,150517,152676,96023,66369,51799,51538,88608,69787
2025-01-26T14:00:00Z,203237,160933,136813,101606,42304,56120,55821,72046,51563
2025-01-26T15:00:00Z,213490,163269,146672,104876,50221,56370,56084,80287,60232
2025-01-26T16:00:00Z,210714,164880,140840,105095,45834,56470,56149,76698,56055
2025-01-26T17:00:00Z,206451,160987,137800,103129,45464,55688,55413,73088,53415
2025-01-26T18:00:00Z,217129,156379,151673,101002,60750,54015,53720,88720,69815
2025-01-26T19:00:00Z,192828,150521,130930,96159,42307,49993,49702,64917,47426
2025-01-26T20:00:00Z,192856,144481,132659,93591,48375,46958,46681,66326,50181
2025-01-26T21:00:00Z,192911,136567,135748,90777,56344,43447,43117,67427,52198
2025-01-26T22:00:00Z,172199,126052,122673,85799,46147,39577,39323,56589,43016
2025-01-26T23:00:00Z,160438,118070,116090,82030,42368,37805,37572,53542,41026
2025-01-27T00:00:00Z,186426,113064,125154,77117,73362,35682,35336,80964,66491
2025-01-27T01:00:00Z,205442,112786,142697,76715,92656,36380,36032,99902,83829
2025-01-27T02:00:00Z,172773,114592,110863,75072,58181,35913,35600,66397,50255
2025-01-27T03:00:00Z,190641,122780,121726,77156,67861,36519,36201,62556,46687
2025-01-27T04:00:00Z,184204,123127,116488,80785,61077,38685,38300,58633,42157
2025-01-27T05:00:00Z,196226,130638,122408,81789,65588,41342,40903,62809,44880
2025-01-27T06:00:00Z,212692,135958,136350,84300,76734,45211,44777,80927,61220
2025-01-27T07:00:00Z,207069,147634,128158,90152,59435,48779,48433,66568,46379
2025-01-27T08:00:00Z,223992,162113,130747,95052,61879,54916,54500,75361,52443
2025-01-27T09:00:00Z,243963,176948,142793,101622,67015,60483,60046,85488,60386
2025-01-27T10:00:00Z,240569,182212,139124,103606,58357,62108,61609,81942,57350
2025-01-27T11:00:00Z,236292,180749,138258,104054,55543,61790,61320,78295,53684
2025-01-27T12:00:00Z,278074,173593,178795,99507,104481,63618,63125,123701,98180
2025-01-27T13:00:00Z,270476,193424,163813,111443,77052,69779,69309,105312,78386
2025-01-27T14:00:00Z,262076,206933,149526,116143,55143,75419,74933,91255,63016
2025-01-27T15:00:00Z,267221,202563,155709,114164,64658,74757,74254,98532,69930
2025-01-27T16:00:00Z,262826,200671,148167,113212,62155,75140,74600,94829,66089
2025-01-27T17:00:00Z,260664,195923,148192,111401,64741,71608,71091,90592,62870
2025-01-27T18:00:00Z,261932,185165,155569,106987,76767,67455,66957,101658,74920
2025-01-27T19:00:00Z,237624,176926,139243,103105,60698,62514,62046,79846,55621
2025-01-27T20:00:00Z,233234,168944,137444,99031,64290,59231,58766,80070,57451
2025-01-27T21:00:00Z,228891,158099,136261,93535,70792,54995,54531,79700,58503
2025-01-27T22:00:00Z,211002,149768,126160,89384,61234,50350,49953,69336,49919
2025-01-27T23:00:00Z,197110,136701,120830,84681,60409,46701,46316,63966,46861
2025-01-28T00:00:00Z,201731,130116,132795,81316,71615,43425,42980,88585,72559
2025-01-28T01:00:00Z,207233,123053,145452,77910,84180,41510,41119,101760,86543
2025-01-28T02:00:00Z,176376,120073,117391,76541,56303,39099,38733,67087,52041
2025-01-28T03:00:00Z,187137,127253,125048,78022,59884,38673,38345,62203,47503
2025-01-28T04:00:00Z,177249,127314,118238,81377,49935,40908,40562,59254,43472
2025-01-28T05:00:00Z,194317,136387,123975,84113,57930,42611,42281,63108,45782
2025-01-28T06:00:00Z,209893,142888,139247,87526,67005,46208,45849,80204,61984
2025-01-28T07:00:00Z,203741,153333,130473,93087,50408,50053,49707,66002,46868
2025-01-28T08:00:00Z,217840,164246,131827,95659,53594,55332,54882,73841,52306
2025-01-28T09:00:00Z,241365,180335,147116,104013,61030,61173,60754,83887,60662
2025-01-28T10:00:00Z,240296,185043,145241,106941,55253,62602,62151,82213,58455
2025-01-28T11:00:00Z,233060,182720,142999,107698,50340,62395,61936,77037,54240
2025-01-28T12:00:00Z,278766,179873,188533,106051,98893,64203,63725,122356,99411
2025-01-28T13:00:00Z,262078,193096,164189,110802,68982,69502,69013,104616,78981
2025-01-28T14:00:00Z,253567,204712,150968,117747,48855,74741,74248,88577,62113
2025-01-28T15:00:00Z,258597,200876,155548,113689,57721,74489,74024,95421,68219
2025-01-28T16:00:00Z,258253,200504,155562,114271,57749,74637,74169,92125,65347
2025-01-28T17:00:00Z,256521,196054,156281,113709,60467,71301,70817,87342,60939
2025-01-28T18:00:00Z,257108,187440,162700,109639,69668,66825,66345,98433,74353
2025-01-28T19:00:00Z,229348,178783,143135,106657,50565,62617,62169,77590,54990
2025-01-28T20:00:00Z,224279,170575,139509,101013,53704,59140,58683,78179,56697
2025-01-28T21:00:00Z,221259,161031,139942,96065,60228,54781,54368,77605,57733
2025-01-28T22:00:00Z,201469,150361,128569,91698,51108,49242,48866,66403,48534
2025-01-28T23:00:00Z,184573,136361,121074,86015,48212,45875,45454,61044,45145
2025-01-29T00:00:00Z,196126,128216,131291,82304,67910,41588,41178,84610,69306
2025-01-29T01:00:00Z,203056,120544,144923,78991,82512,39339,38950,97418,83178
2025-01-29T02:00:00Z,167734,115288,113869,74532,52446,36576,36243,64362,50508
2025-01-29T03:00:00Z,180796,121078,120433,74383,59718,36680,36372,60930,46670
2025-01-29T04:00:00Z,176639,128152,117579,81906,48487,39708,39427,57728,42459
2025-01-29T05:00:00Z,183254,129982,120985,81371,53272,41402,41095,60846,44071
2025-01-29T06:00:00Z,199135,135739,136899,86113,63396,44342,43991,75520,58158
2025-01-29T07:00:00Z,198153,148134,128649,90605,50019,48362,48022,64669,45843
2025-01-29T08:00:00Z,212907,162483,132802,96575,50424,55576,55217,73489,52584
2025-01-29T09:00:00Z,235372,179081,146275,105025,56291,60552,60168,82375,59541
2025-01-29T10:00:00Z,233453,183074,143988,107410,50379,62662,62249,80741,57496
2025-01-29T11:00:00Z,233107,184351,144554,109206,48756,62371,61983,77499,54323
2025-01-29T12:00:00Z,274378,179030,185204,105031,95348,63990,63555,122204,97947
2025-01-29T13:00:00Z,263222,195458,168090,115519,67764,69422,68971,104275,78699
2025-01-29T14:00:00Z,257186,209846,152659,119965,47340,75236,74747,90838,63246
2025-01-29T15:00:00Z,259823,206839,157522,118957,52984,74639,74093,96537,69128
2025-01-29T16:00:00Z,254644,205590,152232,118390,49054,74315,73830,92939,66071
2025-01-29T17:00:00Z,247456,198839,150645,116923,48617,71093,70625,87398,61881
2025-01-29T18:00:00Z,254068,187983,159626,111528,66085,66592,66118,99381,74717
2025-01-29T19:00:00Z,236867,185192,145574,108705,51675,61879,61416,78043,55357
2025-01-29T20:00:00Z,229630,171136,144944,103457,58494,57862,57440,77768,56852
2025-01-29T21:00:00Z,225284,159626,144660,97390,65658,53518,53098,77778,58184
2025-01-29T22:00:00Z,204002,150085,130602,92434,53917,49123,48699,67032,49244
2025-01-29T23:00:00Z,186199,137862,123766,87843,48337,45488,45099,61043,45699
2025-01-30T00:00:00Z,197308,127734,134308,81044,69574,41939,41506,87311,71823
2025-01-30T01:00:00Z,205708,122154,149051,80095,83554,39785,39423,99078,84527
2025-01-30T02:00:00Z,174543,120191,119434,78128,54352,37550,37213,64855,50625
2025-01-30T03:00:00Z,187521,129847,126072,81542,57674,36973,36675,61907,47163
2025-01-30T04:00:00Z,178302,133433,120797,86649,44869,40286,39999,59060,42901
2025-01-30T05:00:00Z,181159,135061,120055,85003,46098,41729,41431,60884,44200
2025-01-30T06:00:00Z,198472,141754,134187,88219,56718,45679,45356,77692,59290
2025-01-30T07:00:00Z,191745,149164,122763,89494,42581,49973,49634,65526,46042
2025-01-30T08:00:00Z,209382,163167,129370,95721,46215,55042,54647,73793,52654
2025-01-30T09:00:00Z,232026,176329,143451,101766,55697,60831,60409,83248,60099
2025-01-30T10:00:00Z,231561,179597,139917,101885,51964,62381,61975,81330,57933
2025-01-30T11:00:00Z,227214,175931,139491,101722,51283,60315,59897,75196,52599
2025-01-30T12:00:00Z,260028,167564,173011,95810,92464,61436,60985,116767,93093
2025-01-30T13:00:00Z,259136,190178,162370,107776,68958,68004,67566,103651,78099
2025-01-30T14:00:00Z,230578,180194,139400,104455,50384,69368,68955,85419,60521
2025-01-30T15:00:00Z,262622,207145,155672,115369,55477,75917,75428,98591,70807
2025-01-30T16:00:00Z,252474,203941,149190,115080,48533,75010,74534,93398,66205
2025-01-30T17:00:00Z,244670,194143,148386,113638,50527,70799,70377,87923,62644
2025-01-30T18:00:00Z,254250,185210,160857,109740,69040,66650,66188,102444,78077
2025-01-30T19:00:00Z,232530,178380,143090,104122,54150,61957,61537,79274,56635
2025-01-30T20:00:00Z,222980,168208,141149,100393,54772,58041,57562,77669,56730
2025-01-30T21:00:00Z,218642,157221,140724,94560,61421,53284,52809,77015,57641
2025-01-30T22:00:00Z,197923,146615,127663,89576,51308,48607,48204,65913,48383
2025-01-30T23:00:00Z,182516,136338,119487,84562,46178,45704,45337,61088,45603
2025-01-31T00:00:00Z,192484,126053,129286,78599,66431,42575,42142,88183,73024
2025-01-31T01:00:00Z,200273,119192,143659,75933,81081,40350,39981,102686,88054
2025-01-31T02:00:00Z,164230,116227,112213,75002,48003,37800,37465,66251,52101
2025-01-31T03:00:00Z,176999,122073,118656,74308,54926,36967,36661,62110,47184
2025-01-31T04:00:00Z,171345,125713,115019,79366,45632,39146,38848,58073,42307
2025-01-31T05:00:00Z,184784,134440,121538,82000,50344,42293,41992,62447,45157
2025-01-31T06:00:00Z,199381,138718,135931,86060,60663,45789,45402,77678,59688
2025-01-31T07:00:00Z,198319,149245,128086,90259,49074,49430,49083,66255,46723
2025-01-31T08:00:00Z,209982,160352,129683,93588,49630,54698,54307,73408,52197
2025-01-31T09:00:00Z,228121,172616,140328,98744,55505,59830,59404,82932,60077
2025-01-31T10:00:00Z,222588,174072,135710,99778,48516,60870,60450,80089,57223
2025-01-31T11:00:00Z,219072,173607,134339,100927,45465,59023,58628,74230,52370
2025-01-31T12:00:00Z,266162,171829,181853,100414,94333,60594,60103,119958,97217
2025-01-31T13:00:00Z,250658,185537,159254,106536,65121,65788,65378,100092,75767
2025-01-31T14:00:00Z,247942,199618,149753,113452,48324,71175,70730,86621,60766
2025-01-31T15:00:00Z,254645,197498,157282,113079,57147,70738,70305,94615,68698
2025-01-31T16:00:00Z,246204,194017,150100,113205,52187,69162,68706,88282,62872
2025-01-31T17:00:00Z,236451,184511,145350,109300,51940,65138,64678,81759,57954
2025-01-31T18:00:00Z,236129,173675,152729,103999,62454,61836,61402,94060,72013
2025-01-31T19:00:00Z,210137,163114,132685,97015,47023,54905,54421,70773,50584
2025-01-31T20:00:00Z,206814,155139,131744,93242,51675,52036,51602,72282,53317
2025-01-31T21:00:00Z,205084,146773,131054,88564,58311,48407,48003,72518,54849
2025-01-31T22:00:00Z,187271,137988,120850,85355,49283,43933,43552,61800,45888
2025-01-31T23:00:00Z,173874,126647,114327,79985,47227,40808,40459,56544,42537
2025-02-01T00:00:00Z,185480,113295,120368,72347,72185,36652,36224,80637,65433
2025-02-01T01:00:00Z,198586,103780,139852,67371,94806,34715,34345,98687,85041
2025-02-01T02:00:00Z,154701,98197,100866,63048,56504,31459,31164,60566,47441
2025-02-01T03:00:00Z,172806,106115,110504,64024,66691,30616,30333,56176,42251
2025-02-01T04:00:00Z,162232,111171,108165,72601,51061,33782,33505,52813,38946
2025-02-01T05:00:00Z,165155,113865,110489,72788,51290,34561,34265,54266,39345
2025-02-01T06:00:00Z,178322,116765,124052,75773,61557,36883,36582,69260,54304
2025-02-01T07:00:00Z,166700,120376,111183,77025,46324,38172,37904,54629,39476
2025-02-01T08:00:00Z,173273,123079,116349,80102,50194,38594,38306,59526,43272
2025-02-01T09:00:00Z,182923,127745,124975,82882,55178,40896,40645,65833,48934
2025-02-01T10:00:00Z,182592,131373,123539,84186,51219,42346,42094,62513,45765
2025-02-01T11:00:00Z,181541,132816,122732,85746,48725,42544,42306,58493,41816
2025-02-01T12:00:00Z,247562,132785,187129,86368,114777,45453,45176,109288,91439
2025-02-01T13:00:00Z,210236,140987,147625,90133,69249,48360,48109,86034,67673
2025-02-01T14:00:00Z,202012,154669,134008,97817,47343,52908,52659,69299,49427
2025-02-01T15:00:00Z,212377,156968,143230,100631,55409,53076,52815,77952,58117
2025-02-01T16:00:00Z,205601,156097,135872,99469,49504,53698,53414,73081,52853
2025-02-01T17:00:00Z,202457,155267,133948,98865,47190,53403,53119,69932,50328
2025-02-01T18:00:00Z,213694,148794,147080,95606,64900,49919,49643,84103,65975
2025-02-01T19:00:00Z,189119,141243,126233,89958,47876,45878,45626,61573,44402
2025-02-01T20:00:00Z,193681,136737,128065,88114,56944,43358,43070,64054,47745
2025-02-01T21:00:00Z,190607,124149,127893,81352,66458,39931,39598,66264,50599
2025-02-01T22:00:00Z,167457,115636,114748,76861,51821,37038,36767,55731,41648
2025-02-01T23:00:00Z,154884,109593,108363,73773,45291,36059,35820,51739,39525
2025-02-02T00:00:00Z,166388,103447,118764,69739,62941,33170,32809,77765,65402
2025-02-02T01:00:00Z,178841,96066,138443,66303,82775,31336,31019,96521,84977
2025-02-02T02:00:00Z,139787,96594,100506,65024,43193,29861,29599,57289,45695
2025-02-02T03:00:00Z,154864,104473,109369,65799,50391,30892,30669,54631,42408
2025-02-02T04:00:00Z,146647,104859,105107,69749,41788,32101,31855,48854,37102
2025-02-02T05:00:00Z,150634,105500,109339,70953,45134,33183,32951,51207,38897
2025-02-02T06:00:00Z,168708,112317,122533,73676,56391,35870,35567,66785,53237
2025-02-02T07:00:00Z,156403,115133,110294,74467,41270,37120,36879,52651,38461
2025-02-02T08:00:00Z,165362,120948,114221,78092,44414,38977,38700,57949,42821
2025-02-02T09:00:00Z,180555,128281,126140,82472,52274,39828,39580,64349,48204
2025-02-02T10:00:00Z,186528,135563,131719,86627,50965,43107,42873,62533,46397
2025-02-02T11:00:00Z,183524,139613,126464,88571,43911,44882,44594,60029,43372
2025-02-02T12:00:00Z,250580,138315,192245,88800,112265,46393,46117,111763,93777
2025-02-02T13:00:00Z,210085,146089,148265,91717,63996,50653,50398,88371,69470
2025-02-02T14:00:00Z,202006,158053,134334,97193,43953,54829,54565,71897,50935
2025-02-02T15:00:00Z,214491,161551,145256,100532,52940,55166,54868,80845,60145
2025-02-02T16:00:00Z,206353,159121,136972,99379,47232,55122,54820,75069,54230
2025-02-02T17:00:00Z,205118,159102,137041,100362,46016,54943,54655,72666,52528
2025-02-02T18:00:00Z,215808,153438,150028,97692,62370,53757,53447,89638,70451
2025-02-02T19:00:00Z,191185,148197,130062,94645,42988,49370,49114,64818,47487
2025-02-02T20:00:00Z,193022,145326,130417,91686,47696,47484,47198,67744,50279
2025-02-02T21:00:00Z,189154,135417,129179,85731,53737,43992,43715,68196,51724
2025-02-02T22:00:00Z,169261,125887,116813,81884,43374,40363,40081,57227,42734
2025-02-02T23:00:00Z,156853,115700,110115,76247,41153,38258,38011,53074,40195
2025-02-03T00:00:00Z,189216,114730,126198,75145,74486,37371,37010,83714,68692
2025-02-03T01:00:00Z,211317,116801,147455,77049,94516,38842,38488,102959,87369
2025-02-03T02:00:00Z,177111,119382,114719,77237,57729,38050,37747,67980,52268
2025-02-03T03:00:00Z,191360,125908,123533,78177,65452,38293,38001,63883,47790
2025-02-03T04:00:00Z,184017,126553,117385,81224,57464,40664,40302,60492,43498
2025-02-03T05:00:00Z,197795,139835,123132,84973,57960,43422,43010,65167,46562
2025-02-03T06:00:00Z,210589,140868,136661,86690,69721,46763,46395,82178,62448
2025-02-03T07:00:00Z,207585,154963,127468,92826,52622,51144,50794,68605,47676
2025-02-03T08:00:00Z,227398,170162,134395,98748,57236,58210,57797,78374,54698
2025-02-03T09:00:00Z,243252,181285,144169,103426,61967,62588,62117,86724,61543
2025-02-03T10:00:00Z,240068,181631,140608,103395,58437,63537,63098,83841,59036
2025-02-03T11:00:00Z,239686,181112,142439,106031,58574,62566,62142,79815,54853
2025-02-03T12:00:00Z,282149,176592,186179,103315,105557,64140,63681,126701,101034
2025-02-03T13:00:00Z,270346,193397,164892,110721,76949,69984,69483,106734,79142
2025-02-03T14:00:00Z,262352,205154,151117,116445,57198,74793,74306,92419,63475
2025-02-03T15:00:00Z,268029,204362,158913,117719,63667,74989,74492,99300,70728
2025-02-03T16:00:00Z,261112,203077,151495,116613,58035,74523,74042,95175,66755
2025-02-03T17:00:00Z,254206,195807,148801,112814,58399,70664,70199,90370,63396
2025-02-03T18:00:00Z,259482,179388,155104,104337,80094,66389,65825,104722,77210
2025-02-03T19:00:00Z,235471,175279,139914,102317,60192,62108,61653,80142,56360
2025-02-03T20:00:00Z,233601,168787,137871,97671,64814,57617,57161,80131,57376
2025-02-03T21:00:00Z,232756,163212,142468,96674,69544,53928,53490,80379,59074
2025-02-03T22:00:00Z,217851,156678,136329,97047,61173,49663,49258,70058,50404
2025-02-03T23:00:00Z,201192,143351,126245,88777,57841,45281,44923,63010,46122
2025-02-04T00:00:00Z,211114,136549,139309,83970,74565,44701,44279,90816,74521
2025-02-04T01:00:00Z,227515,136647,161023,88692,90868,44525,44069,106476,89992
2025-02-04T02:00:00Z,192989,133821,127688,85279,59168,42696,42312,74018,57287
2025-02-04T03:00:00Z,201996,142110,135718,88978,59886,42058,41754,67683,51245
2025-02-04T04:00:00Z,187930,140652,124781,89649,47278,44643,44331,63370,46278
2025-02-04T05:00:00Z,188769,139339,122975,87323,49430,45687,45356,64848,47135
2025-02-04T06:00:00Z,210875,150829,139452,91751,60046,49222,48847,83243,63554
2025-02-04T07:00:00Z,212353,166229,132511,98896,46124,54839,54476,71879,50028
2025-02-04T08:00:00Z,230160,180426,139312,105137,49734,61657,61205,80902,56285
2025-02-04T09:00:00Z,253628,195546,157974,115949,58082,65335,64840,88532,63521
2025-02-04T10:00:00Z,249088,192491,152689,112696,56597,65647,65210,84357,59802
2025-02-04T11:00:00Z,241565,188118,150667,112493,53447,64592,64180,80746,56749
2025-02-04T12:00:00Z,281608,180995,190120,106621,100613,66234,65775,127537,102214
2025-02-04T13:00:00Z,269308,197894,169856,113797,71414,72142,71675,108882,81435
2025-02-04T14:00:00Z,260087,207427,154515,117623,52660,77266,76809,93709,64583
2025-02-04T15:00:00Z,263329,203999,157103,114235,59330,76576,76097,99615,70566
2025-02-04T16:00:00Z,261553,209368,156104,118816,52185,77024,76470,96547,67614
2025-02-04T17:00:00Z,248227,198906,147978,115423,49321,72807,72339,89927,62739
2025-02-04T18:00:00Z,262019,189891,162052,112021,72128,66471,65977,102462,76699
2025-02-04T19:00:00Z,233095,178907,142193,104662,54188,63238,62809,80249,56726
2025-02-04T20:00:00Z,229906,172863,141717,101894,57043,59498,59055,80830,58845
2025-02-04T21:00:00Z,225444,162935,140638,96057,62509,54720,54270,79844,59190
2025-02-04T22:00:00Z,207660,154533,131477,93919,53127,50539,50114,69150,50452
2025-02-04T23:00:00Z,187087,137449,119597,84078,49638,45722,45342,62271,45870
2025-02-05T00:00:00Z,203826,136955,134390,84868,66871,45497,45070,91138,74166
2025-02-05T01:00:00Z,220286,135742,150835,82868,84544,47353,46972,109091,91408
2025-02-05T02:00:00Z,191664,140641,119207,82864,51023,47425,47064,74959,56190
2025-02-05T03:00:00Z,206486,146409,131503,86658,60077,47153,46790,71655,52676
2025-02-05T04:00:00Z,195252,145076,129228,93126,50176,46124,45782,65338,47280
2025-02-05T05:00:00Z,205078,149625,131457,91597,55453,48178,47843,68575,48816
2025-02-05T06:00:00Z,228465,162207,148394,96743,66258,53973,53606,88194,65704
2025-02-05T07:00:00Z,223438,174301,139004,102938,49137,59160,58784,75174,51265
2025-02-05T08:00:00Z,240128,187605,144162,109196,52523,65419,64988,84031,58077
2025-02-05T09:00:00Z,254357,195923,151265,111515,58434,69169,68738,91955,64595
2025-02-05T10:00:00Z,246295,191831,144399,108891,54464,67543,67117,87303,61353
2025-02-05T11:00:00Z,240790,189566,144091,110691,51224,65063,64592,80986,56093
2025-02-05T12:00:00Z,272481,176580,181275,103549,95901,64991,64495,124969,99648
2025-02-05T13:00:00Z,269338,201871,168487,116722,67467,72723,72299,107766,80153
2025-02-05T14:00:00Z,261076,212472,153710,120528,48604,75967,75513,91805,62553
2025-02-05T15:00:00Z,265522,208452,159138,118503,57070,76750,76298,98760,70544
2025-02-05T16:00:00Z,260438,207195,154035,118821,53243,75887,75434,95506,67574
2025-02-05T17:00:00Z,252431,198054,149056,113060,54377,69818,69363,87647,60718
2025-02-05T18:00:00Z,255748,188230,160542,110039,67518,66018,65543,101789,77149
2025-02-05T19:00:00Z,231411,183366,140452,106077,48045,63948,63487,80312,56657
2025-02-05T20:00:00Z,226766,175777,139330,102863,50989,59987,59533,79695,57732
2025-02-05T21:00:00Z,222951,167190,140369,99429,55761,53772,53298,77034,56979
2025-02-05T22:00:00Z,203532,155524,127218,92762,48008,50438,50020,68000,49684
2025-02-05T23:00:00Z,187984,141442,123626,88507,46542,47261,46882,62762,46933
2025-02-06T00:00:00Z,203284,135891,134143,84050,67393,45806,45390,89605,72431
2025-02-06T01:00:00Z,220655,136249,150052,82707,84406,47549,47147,106610,88474
2025-02-06T02:00:00Z,194543,142739,122782,85005,51804,47376,47030,75198,56173
2025-02-06T03:00:00Z,209459,149669,134645,88590,59790,46022,45693,70163,50937
2025-02-06T04:00:00Z,190885,144116,126219,90845,46769,44466,44133,63778,45149
2025-02-06T05:00:00Z,199166,150465,129794,93906,48701,48829,48489,67417,47998
2025-02-06T06:00:00Z,222052,164717,144777,99984,57335,55522,55149,85729,63548
2025-02-06T07:00:00Z,220692,175807,138566,104952,44885,60119,59733,75507,51293
2025-02-06T08:00:00Z,219170,174972,132050,100835,44198,63578,63192,80660,55337
2025-02-06T09:00:00Z,195973,152949,116656,84692,43024,61095,60739,79068,55036
2025-02-06T10:00:00Z,214179,169752,126339,94580,44427,63775,63374,80542,55693
2025-02-06T11:00:00Z,243790,193683,150538,114424,50107,66652,66218,81234,56629
2025-02-06T12:00:00Z,284170,187103,190951,109444,97067,67449,66980,128340,102361
2025-02-06T13:00:00Z,271252,203887,170321,117797,67365,72750,72314,107861,80508
2025-02-06T14:00:00Z,256954,207228,149757,116927,49726,75755,75259,91497,62277
2025-02-06T15:00:00Z,256961,202578,152821,114466,54383,75858,75310,97326,69076
2025-02-06T16:00:00Z,254897,202127,148188,114088,52770,74411,73857,92619,64996
2025-02-06T17:00:00Z,249616,198543,149025,115315,51073,70691,70198,87849,61280
2025-02-06T18:00:00Z,254934,188645,161607,111893,66289,67181,66727,101680,76967
2025-02-06T19:00:00Z,230467,179014,142287,106292,51453,62696,62251,78586,56279
2025-02-06T20:00:00Z,228536,172306,140754,102300,56230,58759,58252,79133,57927
2025-02-06T21:00:00Z,231095,168213,143499,99206,62882,53926,53486,78430,58776
2025-02-06T22:00:00Z,209240,155381,131323,94338,53859,49410,48961,67458,49762
2025-02-06T23:00:00Z,192479,143954,124869,90643,48525,46323,45908,62693,46678
2025-02-07T00:00:00Z,204468,136405,137404,87137,68063,44663,44245,89923,73610
2025-02-07T01:00:00Z,224415,139008,153132,85677,85407,47505,47118,108867,90711
2025-02-07T02:00:00Z,195268,141610,122472,86050,53658,47251,46881,74575,55503
2025-02-07T03:00:00Z,212050,150462,135935,90877,61588,46077,45749,70438,51695
2025-02-07T04:00:00Z,191012,141657,128189,93065,49355,44665,44313,63055,45846
2025-02-07T05:00:00Z,204745,150998,132879,94357,53747,47235,46901,66692,47476
2025-02-07T06:00:00Z,227071,162007,149974,99618,65064,54188,53797,87707,65719
2025-02-07T07:00:00Z,221063,170498,137713,101823,50565,57902,57469,73517,50353
2025-02-07T08:00:00Z,240203,184188,143804,107660,56015,63642,63165,81611,56344
2025-02-07T09:00:00Z,253125,192205,153489,111720,60920,68174,67726,91574,64444
2025-02-07T10:00:00Z,238798,188552,143842,108967,50246,65970,65551,86014,59758
2025-02-07T11:00:00Z,232881,185442,144338,110772,47439,63802,63386,78756,54871
2025-02-07T12:00:00Z,281115,181695,194659,110424,99420,64103,63655,126067,101636
2025-02-07T13:00:00Z,263260,193715,170908,116474,69545,68842,68424,104893,78922
2025-02-07T14:00:00Z,249929,202752,152435,118841,47177,73480,73033,89309,61920
2025-02-07T15:00:00Z,258588,203073,160017,119671,55515,72459,71999,95459,68544
2025-02-07T16:00:00Z,256562,203487,155077,119220,53075,71399,70955,90986,64315
2025-02-07T17:00:00Z,247936,192786,150800,113752,55150,66344,65912,84305,59502
2025-02-07T18:00:00Z,247434,179358,160072,109136,68076,63034,62593,98141,75253
2025-02-07T19:00:00Z,221569,172901,140225,104297,48668,57702,57259,73717,53131
2025-02-07T20:00:00Z,218304,164747,135873,97884,53557,53438,52967,73355,53210
2025-02-07T21:00:00Z,214614,153424,137025,93365,61190,49300,48900,73827,55000
2025-02-07T22:00:00Z,196066,143674,125542,88782,52392,45194,44807,64089,47129
2025-02-07T23:00:00Z,179362,129479,118513,82505,49883,42053,41719,58346,43576
2025-02-08T00:00:00Z,195336,122087,134558,79167,73249,39057,38652,87778,72969
2025-02-08T01:00:00Z,208346,120895,149315,78313,87451,39960,39597,102602,87134
2025-02-08T02:00:00Z,183338,133233,122461,83968,50105,39745,39416,65944,49681
2025-02-08T03:00:00Z,184778,128381,125021,78004,56397,39652,39337,63109,46933
2025-02-08T04:00:00Z,174587,128128,122377,85418,46459,37284,37000,56089,41213
2025-02-08T05:00:00Z,183230,131685,123270,83689,51545,39602,39328,58631,42516
2025-02-08T06:00:00Z,201111,140139,140298,88553,60972,44819,44517,78634,59893
2025-02-08T07:00:00Z,188215,145732,127760,92688,42483,45834,45561,61153,42573
2025-02-08T08:00:00Z,193933,148110,129870,93738,45823,47158,46828,66039,46882
2025-02-08T09:00:00Z,203414,149440,138342,94669,53974,49049,48761,72761,52908
2025-02-08T10:00:00Z,194920,148639,134079,96130,46281,47966,47674,68508,49441
2025-02-08T11:00:00Z,193422,148854,132764,96157,44568,47821,47563,63424,45275
2025-02-08T12:00:00Z,257092,143557,195399,92608,113535,48708,48419,115718,96979
2025-02-08T13:00:00Z,227835,160064,161913,103298,67771,51963,51697,90781,70351
2025-02-08T14:00:00Z,212894,168601,144409,107863,44293,55797,55484,73260,51587
2025-02-08T15:00:00Z,225583,172186,152135,107797,53397,56711,56374,83587,60847
2025-02-08T16:00:00Z,215542,169175,145715,108731,46367,57239,56929,76940,56112
2025-02-08T17:00:00Z,215710,170527,147123,111185,45183,55631,55363,73150,52613
2025-02-08T18:00:00Z,221143,162245,156961,107053,58898,53366,53087,86364,67796
2025-02-08T19:00:00Z,193146,152184,134792,100466,40962,48792,48514,64113,46991
2025-02-08T20:00:00Z,191220,144599,135104,96150,46621,45162,44883,64497,48180
2025-02-08T21:00:00Z,189685,136429,135476,92144,53256,42214,41954,65048,50270
2025-02-08T22:00:00Z,171704,126743,123450,85869,44961,39215,38953,55727,42304
2025-02-08T23:00:00Z,160090,118512,115397,80955,41578,38101,37864,52996,40731
2025-02-09T00:00:00Z,172710,110484,126500,76248,62226,35142,34794,79165,66771
2025-02-09T01:00:00Z,191345,106329,149510,74757,85016,34705,34406,101872,90167
2025-02-09T02:00:00Z,152449,109056,109412,74427,43393,33270,32991,60286,47968
2025-02-09T03:00:00Z,177453,124733,127367,83193,52720,33813,33573,57998,44942
2025-02-09T04:00:00Z,166133,123447,122471,86592,42686,34591,34350,51732,38898
2025-02-09T05:00:00Z,170065,125113,121929,85149,44952,36522,36281,54110,40640
2025-02-09T06:00:00Z,188233,128970,138942,88022,59263,39024,38711,72864,57952
2025-02-09T07:00:00Z,176485,133287,126250,89618,43198,40159,39905,55767,40508
2025-02-09T08:00:00Z,187487,138659,128868,90263,48828,42053,41761,61773,45746
2025-02-09T09:00:00Z,205807,145827,140384,94277,59980,44148,43878,69897,52435
2025-02-09T10:00:00Z,205985,158082,134840,96914,47903,46686,46422,65951,48659
2025-02-09T11:00:00Z,194723,151227,135696,100048,43496,47988,47684,63706,45990
2025-02-09T12:00:00Z,265845,149986,202123,97890,115859,50410,50118,117383,98265
2025-02-09T13:00:00Z,233504,160557,163895,102624,72947,54417,54111,94979,74344
2025-02-09T14:00:00Z,225122,172644,151280,110907,52478,58836,58555,79115,56822
2025-02-09T15:00:00Z,230836,175010,154164,109430,55826,59042,58757,87523,63847
2025-02-09T16:00:00Z,227329,176692,152032,112775,50637,59275,58945,81706,58580
2025-02-09T17:00:00Z,225681,175165,153223,114227,50516,57622,57314,76979,55988
2025-02-09T18:00:00Z,233907,168164,161872,108919,65743,55279,54974,92002,72393
2025-02-09T19:00:00Z,203580,159644,138765,102218,43936,50901,50636,68336,49868
2025-02-09T20:00:00Z,203142,155221,138265,99354,47921,48650,48345,69539,51585
2025-02-09T21:00:00Z,201819,148682,140166,97305,53137,45840,45571,70368,53912
2025-02-09T22:00:00Z,181076,135964,127257,91573,45112,41934,41673,60497,45635
2025-02-09T23:00:00Z,169328,126961,121413,86903,42367,40060,39826,55782,42422
2025-02-10T00:00:00Z,202383,124699,135220,84460,77684,39238,38849,85729,69635
2025-02-10T01:00:00Z,222350,127615,155108,84473,94735,43342,42981,109046,90884
2025-02-10T02:00:00Z,197225,138114,125709,89396,59111,45000,44689,73201,53958
2025-02-10T03:00:00Z,216173,148261,138161,93822,67912,45122,44818,70383,50761
2025-02-10T04:00:00Z,207230,148710,134192,99156,58520,44827,44454,64447,45967
2025-02-10T05:00:00Z,218774,155979,138849,100234,62795,48479,48058,69584,49058
2025-02-10T06:00:00Z,235962,164182,152511,103708,71780,55167,54785,90168,67098
2025-02-10T07:00:00Z,234374,179344,143788,109685,55030,59959,59598,76014,51476
2025-02-10T08:00:00Z,249619,191450,147178,113469,58169,66354,65870,85168,57810
2025-02-10T09:00:00Z,266084,201698,154961,115562,64386,70124,69636,92395,64252
2025-02-10T10:00:00Z,260537,200617,152734,117585,59920,68755,68301,87990,60836
2025-02-10T11:00:00Z,251401,192395,148018,113486,59006,67309,66877,82763,56592
2025-02-10T12:00:00Z,283901,184198,183302,107377,99703,68075,67588,126055,98720
2025-02-10T13:00:00Z,275926,199184,167199,115667,76742,73799,73333,109185,80156
2025-02-10T14:00:00Z,264931,210286,152957,120463,54645,78744,78244,95265,64601
2025-02-10T15:00:00Z,273021,214498,163078,125868,58523,77317,76820,99675,70521
2025-02-10T16:00:00Z,263737,206542,149842,117391,57195,76297,75730,95518,66388
2025-02-10T17:00:00Z,260781,202908,152317,118703,57873,72846,72350,92498,63916
2025-02-10T18:00:00Z,265103,193197,165106,116436,71906,69097,68615,105063,78321
2025-02-10T19:00:00Z,244662,185678,147543,111579,58984,63957,63492,82105,57559
2025-02-10T20:00:00Z,245091,184569,145831,109113,60522,60746,60274,82475,59446
2025-02-10T21:00:00Z,244231,173606,148806,104626,70625,56600,56139,83000,61043
2025-02-10T22:00:00Z,223552,162574,137847,100004,60978,51621,51192,72095,51458
2025-02-10T23:00:00Z,208716,151658,128855,94132,57058,48855,48468,66385,48728
2025-02-11T00:00:00Z,218204,147625,142927,92192,70579,48106,47677,92697,75197
2025-02-11T01:00:00Z,232498,147576,160152,94137,84922,49815,49423,109082,90374
2025-02-11T02:00:00Z,205025,153296,132915,96900,51729,50527,50153,78513,58556
2025-02-11T03:00:00Z,220421,162378,145161,101301,58043,49593,49227,74573,54752
2025-02-11T04:00:00Z,204689,154400,137119,101509,50289,47746,47410,67274,48653
2025-02-11T05:00:00Z,220059,162334,140920,103018,57725,50721,50319,70931,50731
2025-02-11T06:00:00Z,240744,175565,159983,109224,65179,58596,58203,92281,68786
2025-02-11T07:00:00Z,239711,192290,154221,119193,47421,62818,62466,78776,54164
2025-02-11T08:00:00Z,258485,198756,162995,118405,59729,67924,67503,86616,59345
2025-02-11T09:00:00Z,274218,201501,173288,117891,72717,71030,70595,92655,65355
2025-02-11T10:00:00Z,272329,200183,167941,114953,72146,69342,68884,89657,62800
2025-02-11T11:00:00Z,268491,197194,166617,114108,71297,68451,67958,85918,59911
2025-02-11T12:00:00Z,293998,185606,198923,109953,108392,68966,68459,125908,99251
2025-02-11T13:00:00Z,282111,202015,181848,116719,80096,75002,74543,108713,80492
2025-02-11T14:00:00Z,266868,209874,163018,120293,56994,79243,78748,94684,65010
2025-02-11T15:00:00Z,264593,198499,156034,108208,66094,75606,75149,99565,68250
2025-02-11T16:00:00Z,266220,203655,160340,117418,62565,77218,76631,97351,67107
2025-02-11T17:00:00Z,274337,208859,173597,125303,65478,76006,75501,94042,66809
2025-02-11T18:00:00Z,274366,195388,178296,117217,78978,69633,69148,102494,76547
2025-02-11T19:00:00Z,264034,188816,166370,113128,75218,64761,64302,85567,59985
2025-02-11T20:00:00Z,248015,177355,158528,106882,70660,60158,59681,81777,59412
2025-02-11T21:00:00Z,238006,168410,155386,103045,69596,56408,55985,79717,59519
2025-02-11T22:00:00Z,225488,159931,146660,99741,65557,52474,51973,71578,52686
2025-02-11T23:00:00Z,216463,148281,142978,93575,68182,49406,49011,67224,50021
2025-02-12T00:00:00Z,235228,150019,160885,95596,85209,48080,47640,93316,75269
2025-02-12T01:00:00Z,246976,145842,174587,93170,101134,50027,49600,110350,91566
2025-02-12T02:00:00Z,217521,150868,142711,94211,66653,50855,50480,78798,58540
2025-02-12T03:00:00Z,234704,159600,157371,99608,75104,49617,49244,75221,55203
2025-02-12T04:00:00Z,221712,155310,155999,104436,66402,48147,47762,66772,48501
2025-02-12T05:00:00Z,226509,159420,148268,98674,67089,51525,51174,70197,50120
2025-02-12T06:00:00Z,247034,175814,161998,105283,71220,58099,57732,89387,65832
2025-02-12T07:00:00Z,250193,186846,162720,112507,63347,62913,62541,78631,53649
2025-02-12T08:00:00Z,258794,195081,162213,113504,63713,68977,68565,86630,60289
2025-02-12T09:00:00Z,271770,204609,167510,117886,67161,71579,71131,93137,65225
2025-02-12T10:00:00Z,260443,200629,160756,116727,59814,69587,69129,88745,62262
2025-02-12T11:00:00Z,264155,196622,166776,115945,67533,67353,66910,83630,58212
2025-02-12T12:00:00Z,291123,187963,196505,111269,103160,68248,67745,124385,98134
2025-02-12T13:00:00Z,276271,201485,175210,116181,74786,74339,73854,109641,80979
2025-02-12T14:00:00Z,264973,206621,159417,116851,58352,77930,77471,93909,64353
2025-02-12T15:00:00Z,265524,201436,162442,114566,64088,76902,76433,99300,70682
2025-02-12T16:00:00Z,274922,210966,166584,121189,63956,77845,77320,97246,68134
2025-02-12T17:00:00Z,260694,205302,162140,121093,55392,73794,73273,89966,63239
2025-02-12T18:00:00Z,264410,193460,171655,116890,70950,69749,69227,101977,77333
2025-02-12T19:00:00Z,244714,182942,152440,110143,61772,64326,63802,82640,57776
2025-02-12T20:00:00Z,228280,174013,139799,103124,54267,60016,59553,81129,58491
2025-02-12T21:00:00Z,231222,170511,147696,102698,60711,56821,56346,81281,60596
2025-02-12T22:00:00Z,227498,157616,149627,96443,69882,52037,51591,71449,52750
2025-02-12T23:00:00Z,216103,147563,146029,93400,68540,48795,48330,66749,49611
2025-02-13T00:00:00Z,227497,146570,156951,92565,80927,47662,47193,90967,73913
2025-02-13T01:00:00Z,248852,153033,179198,98038,95819,49601,49193,109157,89986
2025-02-13T02:00:00Z,213203,145125,140784,87712,68078,48324,47940,77197,56854
2025-02-13T03:00:00Z,220997,148715,146429,87125,72282,46632,46271,71776,51994
2025-02-13T04:00:00Z,202790,145224,136019,90431,57566,45160,44808,64238,46061
2025-02-13T05:00:00Z,218948,151500,144414,91463,67448,48751,48369,69570,49265
2025-02-13T06:00:00Z,240600,163085,160812,98214,77515,57567,57161,91094,67380
2025-02-13T07:00:00Z,239568,176318,153800,104526,63250,62350,61985,79770,54624
2025-02-13T08:00:00Z,253202,189010,157277,109202,64192,68020,67553,86241,59152
2025-02-13T09:00:00Z,267697,200179,167440,115011,67518,71573,71130,93859,65958
2025-02-13T10:00:00Z,257264,200103,156700,115834,57161,70115,69582,89745,63233
2025-02-13T11:00:00Z,244362,192571,149706,112565,51791,68873,68425,84592,59149
2025-02-13T12:00:00Z,283128,189019,190436,111589,94109,69442,68887,127845,102211
2025-02-13T13:00:00Z,280958,201617,181273,116462,79341,74644,74135,109790,81784
2025-02-13T14:00:00Z,280036,220186,172368,128953,59850,79100,78614,95740,65833
2025-02-13T15:00:00Z,277061,207270,169812,117256,69791,77938,77470,101958,72746
2025-02-13T16:00:00Z,274756,208492,167622,119636,66264,77007,76485,97378,68702
2025-02-13T17:00:00Z,267437,202590,166233,116589,64847,73654,73201,90479,63456
2025-02-13T18:00:00Z,271046,194580,174562,114699,76466,68959,68439,103279,77332
2025-02-13T19:00:00Z,247880,190457,151590,112404,57423,64194,63725,84187,59525
2025-02-13T20:00:00Z,237579,179713,146892,107020,57866,60099,59626,81260,58928
2025-02-13T21:00:00Z,229849,169093,144390,100005,60756,56375,55939,80618,59900
2025-02-13T22:00:00Z,215612,162571,135126,97839,53041,51970,51528,70780,51985
2025-02-13T23:00:00Z,211474,155236,131964,92969,56238,49138,48752,69102,51394
2025-02-14T00:00:00Z,224372,153195,142381,90005,71177,47312,46878,95123,76769
2025-02-14T01:00:00Z,238711,151546,158257,88438,87165,49602,49204,112874,93378
2025-02-14T02:00:00Z,207372,150540,130990,91605,56832,49287,48912,80652,59776
2025-02-14T03:00:00Z,218792,152278,140121,90634,66514,48242,47862,75194,55019
2025-02-14T04:00:00Z,214091,145672,147913,93104,68419,45883,45544,65058,47533
2025-02-14T05:00:00Z,222944,151640,149608,93741,71304,48886,48566,68722,49204
2025-02-14T06:00:00Z,243106,161832,163241,97738,81274,55954,55570,88005,65299
2025-02-14T07:00:00Z,240858,173293,156689,103437,67565,60171,59796,75963,52170
2025-02-14T08:00:00Z,252466,185483,160530,109387,66983,65429,65010,83443,58088
2025-02-14T09:00:00Z,264836,193121,168219,113277,71715,67846,67453,90116,63766
2025-02-14T10:00:00Z,258759,190696,164474,112673,68063,65814,65398,85602,60439
2025-02-14T11:00:00Z,252345,185924,159375,108009,66421,62725,62330,79697,55012
2025-02-14T12:00:00Z,287307,179197,202124,108381,108110,60021,59587,118992,95329
2025-02-14T13:00:00Z,270419,188189,180818,111848,82230,65147,64648,99686,74577
2025-02-14T14:00:00Z,257587,193010,160375,110369,64577,70480,69962,87723,60606
2025-02-14T15:00:00Z,266095,192361,166759,109656,73734,69394,68851,94522,67666
2025-02-14T16:00:00Z,247211,190723,150432,109958,56488,67671,67188,87884,62289
2025-02-14T17:00:00Z,230608,181636,140138,106289,48972,62688,62246,79360,55842
2025-02-14T18:00:00Z,241620,173848,152393,103016,67772,58529,58088,93148,69855
2025-02-14T19:00:00Z,216894,163367,134752,97189,53527,53500,52990,71116,50487
2025-02-14T20:00:00Z,205257,154190,131615,92873,51067,49423,48987,69279,50647
2025-02-14T21:00:00Z,207730,148455,133955,89895,59275,47934,47520,72290,54050
2025-02-14T22:00:00Z,191613,138790,124922,86236,52823,44117,43740,63305,46821
2025-02-14T23:00:00Z,180590,127700,117687,80433,52890,41181,40745,58901,43871
2025-02-15T00:00:00Z,187855,120590,129302,78313,67265,37501,37068,84162,69591
2025-02-15T01:00:00Z,194903,112255,142684,74805,82648,35915,35526,97721,84554
2025-02-15T02:00:00Z,163051,109733,110801,72600,53318,33701,33346,63628,50013
2025-02-15T03:00:00Z,176837,120322,120335,74693,56515,34270,33978,60016,46003
2025-02-15T04:00:00Z,163155,120338,113177,78375,42817,35882,35598,54401,40506
2025-02-15T05:00:00Z,174201,125645,116152,77711,48556,37914,37616,57591,41942
2025-02-15T06:00:00Z,191700,130959,132103,82164,60741,40844,40538,74063,57863
2025-02-15T07:00:00Z,178516,134585,121052,84825,43931,42246,41972,59648,42741
2025-02-15T08:00:00Z,188192,140111,126505,89424,48081,44338,44043,65242,47369
2025-02-15T09:00:00Z,190409,138418,129399,86801,51991,45495,45229,70891,52648
2025-02-15T10:00:00Z,190973,142829,128667,89994,48144,46864,46580,67936,49717
2025-02-15T11:00:00Z,189273,146549,128178,92401,42724,47735,47472,63974,45795
2025-02-15T12:00:00Z,253922,144388,193249,92540,109534,49032,48751,114733,95820
2025-02-15T13:00:00Z,220466,154511,154278,96921,65955,52626,52361,91721,70672
2025-02-15T14:00:00Z,213840,166447,139904,102759,47393,56479,56181,75804,53127
2025-02-15T15:00:00Z,219635,167978,148254,104594,51657,56621,56326,82405,61019
2025-02-15T16:00:00Z,220813,175229,140097,103658,45584,56765,56462,77358,55804
2025-02-15T17:00:00Z,214467,169569,142852,107296,44898,55458,55123,73184,52846
2025-02-15T18:00:00Z,222755,161121,154963,103504,61634,53373,53075,88686,69422
2025-02-15T19:00:00Z,195508,151668,134127,98001,43840,48041,47761,64327,46885
2025-02-15T20:00:00Z,194120,147162,133911,95164,46958,45204,44916,65702,49175
2025-02-15T21:00:00Z,193175,138311,132532,88804,54864,42372,42051,66836,51140
2025-02-15T22:00:00Z,171252,125890,117289,81555,45362,39263,38992,57379,43110
2025-02-15T23:00:00Z,160415,119634,115020,80837,40781,38597,38355,53035,40988
2025-02-16T00:00:00Z,172071,116887,123903,79855,55184,35286,34947,74983,62575
2025-02-16T01:00:00Z,194836,112040,149354,76810,82796,35294,34984,100733,88500
2025-02-16T02:00:00Z,157725,112532,111619,76551,45193,34406,34128,62366,49293
2025-02-16T03:00:00Z,178508,125615,125856,80492,52893,35293,35051,59946,46500
2025-02-16T04:00:00Z,163017,120586,116527,80905,42431,36366,36110,53200,40324
2025-02-16T05:00:00Z,173177,127147,121627,84038,46030,37379,37116,55811,41950
2025-02-16T06:00:00Z,185757,128963,134179,84984,56794,40355,40083,72797,57563
2025-02-16T07:00:00Z,174498,133868,121252,86826,40630,42728,42473,57972,42479
2025-02-16T08:00:00Z,184648,140322,127662,91784,44326,43760,43472,63218,46120
2025-02-16T09:00:00Z,196413,145948,138256,95518,50465,45968,45674,70111,52176
2025-02-16T10:00:00Z,197159,150604,135797,97194,46555,47695,47403,67932,50222
2025-02-16T11:00:00Z,184312,146021,118367,86641,38291,49752,49461,60929,43434
2025-02-16T12:00:00Z,254115,154805,187668,98039,99310,51479,51173,116368,95373
2025-02-16T13:00:00Z,231849,167546,164107,107468,64303,55539,55268,93836,72693
2025-02-16T14:00:00Z,222503,179072,149451,114168,43431,59209,58928,76830,54473
2025-02-16T15:00:00Z,232333,180049,159032,114533,52284,60286,60011,86779,64125
2025-02-16T16:00:00Z,222376,176108,149488,113341,46268,60163,59876,81079,59198
2025-02-16T17:00:00Z,220859,174892,149697,113509,45967,58932,58663,76725,56075
2025-02-16T18:00:00Z,230482,168207,161567,110211,62275,56730,56430,92930,72836
2025-02-16T19:00:00Z,202001,157506,137992,102162,44495,51489,51197,68261,49944
2025-02-16T20:00:00Z,201447,153453,138971,100374,47994,49374,49078,69838,52204
2025-02-16T21:00:00Z,196691,142753,135823,92617,53938,45650,45371,69521,53262
2025-02-16T22:00:00Z,185913,135768,130532,91013,50145,42554,42264,61885,46980
2025-02-16T23:00:00Z,172657,128414,122965,86975,44243,41345,41074,57562,43967
2025-02-17T00:00:00Z,198519,128786,131152,84574,69733,41526,41111,84933,68565
2025-02-17T01:00:00Z,227373,134276,158111,88201,93097,45853,45471,110753,92219
2025-02-17T02:00:00Z,203841,140135,123269,87116,63706,47563,47211,77437,56743
2025-02-17T03:00:00Z,219701,149231,134439,89787,70470,47701,47346,74521,53255
2025-02-17T04:00:00Z,200540,144406,127866,93293,56134,46948,46600,66416,47393
2025-02-17T05:00:00Z,212808,152214,131980,94323,60594,49971,49628,70672,49438
2025-02-17T06:00:00Z,237198,165661,148320,99376,71537,57291,56913,90872,66495
2025-02-17T07:00:00Z,238900,181582,144230,108330,57318,62685,62324,79666,53663
2025-02-17T08:00:00Z,254241,200068,151930,118447,54173,68230,67757,87754,59550
2025-02-17T09:00:00Z,266257,205047,159275,119968,61210,70964,70536,94869,65500
2025-02-17T10:00:00Z,258518,200013,153069,117079,58505,69512,69051,90146,62831
2025-02-17T11:00:00Z,255539,196764,152321,117170,58775,68212,67741,85603,58474
2025-02-17T12:00:00Z,289979,193151,184689,111189,96828,69665,69171,129340,100537
2025-02-17T13:00:00Z,276573,205552,170086,118955,71021,75126,74691,110295,81178
2025-02-17T14:00:00Z,273605,217822,159234,126367,55783,79441,78940,97180,66486
2025-02-17T15:00:00Z,284358,220829,171682,130060,63529,78650,78162,103550,73690
2025-02-17T16:00:00Z,275409,213910,164382,128267,61499,76191,75667,98011,68876
2025-02-17T17:00:00Z,263332,205103,161954,125462,58229,71864,71421,90923,63810
2025-02-17T18:00:00Z,269440,193949,171358,120718,75491,66811,66390,103615,78128
2025-02-17T19:00:00Z,248036,186648,154141,116519,61388,62183,61773,81880,58469
2025-02-17T20:00:00Z,240152,178226,152646,113553,61926,58159,57765,80562,58833
2025-02-17T21:00:00Z,230307,163506,147480,103245,66801,53440,53074,79433,59125
2025-02-17T22:00:00Z,216469,157187,136986,98817,59282,49558,49222,71032,51588
2025-02-17T23:00:00Z,204326,146960,128908,93213,57366,47772,47437,66424,48645
2025-02-18T00:00:00Z,215556,148883,144468,93996,66673,47262,46895,93472,75767
2025-02-18T01:00:00Z,232795,150905,165240,96559,81890,51542,51158,113202,93849
2025-02-18T02:00:00Z,207237,155633,136741,98296,51604,52275,51898,81113,60245
2025-02-18T03:00:00Z,220803,159272,143525,95738,61531,50520,50164,75558,54879
2025-02-18T04:00:00Z,201726,154354,136676,100805,47372,48906,48592,68003,49422
2025-02-18T05:00:00Z,211753,161938,141931,104698,49815,52224,51904,70925,50265
2025-02-18T06:00:00Z,236913,176406,154197,107718,60507,60096,59721,91754,66799
2025-02-18T07:00:00Z,236719,189626,148797,113652,47093,64442,64052,80546,54971
2025-02-18T08:00:00Z,248354,200844,151144,117222,47510,71006,70587,89179,60855
2025-02-18T09:00:00Z,262746,208676,158200,119203,54070,74549,74048,96270,67200
2025-02-18T10:00:00Z,257443,207991,157822,122615,49452,72345,71880,90584,63836
2025-02-18T11:00:00Z,254138,203893,157874,122037,50245,70397,69967,85788,59564
2025-02-18T12:00:00Z,285486,194721,190319,114658,90765,71497,71022,126825,100004
2025-02-18T13:00:00Z,273677,209745,169469,119120,63932,77475,77034,110149,81165
2025-02-18T14:00:00Z,264697,215367,155195,122232,49330,82204,81719,97547,67147
2025-02-18T15:00:00Z,270191,214621,160526,122151,55570,81345,80876,104032,73980
2025-02-18T16:00:00Z,265555,215126,156111,122843,50429,80083,79635,99070,69863
2025-02-18T17:00:00Z,255677,208915,155514,122679,46762,75467,75038,91974,64752
2025-02-18T18:00:00Z,260001,196292,165184,117231,63709,71115,70582,105464,79280
2025-02-18T19:00:00Z,242885,190758,151058,114367,52127,65498,65012,84216,60294
2025-02-18T20:00:00Z,233388,184826,149880,112331,48562,61934,61443,81952,59999
2025-02-18T21:00:00Z,228565,172702,149320,104875,55863,57078,56674,80732,60543
2025-02-18T22:00:00Z,216644,159504,137752,98348,57140,52418,52001,72166,52920
2025-02-18T23:00:00Z,205163,149705,132480,94518,55458,50498,50126,68132,50117
2025-02-19T00:00:00Z,213712,152464,144198,96092,61248,49724,49302,93687,74878
2025-02-19T01:00:00Z,230060,150693,159143,92833,79367,52812,52413,111934,92211
2025-02-19T02:00:00Z,204803,154523,132212,94697,50280,52260,51869,80734,59716
2025-02-19T03:00:00Z,222658,162595,143450,98227,60063,51590,51231,77391,55800
2025-02-19T04:00:00Z,199550,156612,133503,99369,42938,49723,49405,67596,49179
2025-02-19T05:00:00Z,207997,159160,135227,97644,48837,53834,53507,71816,51190
2025-02-19T06:00:00Z,236302,175746,154184,105644,60556,60428,60066,91358,67671
2025-02-19T07:00:00Z,237232,190575,148059,111435,46657,65308,64938,80490,54920
2025-02-19T08:00:00Z,252361,204614,156273,119724,47747,72822,72414,89990,62977
2025-02-19T09:00:00Z,265391,210483,166307,123191,54908,74065,73631,95159,67372
2025-02-19T10:00:00Z,257499,206164,160370,122789,51335,71970,71523,91209,64466
2025-02-19T11:00:00Z,257167,204997,157394,121199,52170,70472,70029,86651,60336
2025-02-19T12:00:00Z,284303,191075,187763,112329,93228,71104,70640,129562,100763
2025-02-19T13:00:00Z,277996,210370,171410,121520,67626,77710,77256,114285,82664
2025-02-19T14:00:00Z,262371,215377,151094,119742,46994,81135,80696,97540,65826
2025-02-19T15:00:00Z,263639,213341,155953,119204,50298,80154,79682,103174,71995
2025-02-19T16:00:00Z,270961,218624,159323,126437,52337,79664,79111,101734,70057
2025-02-19T17:00:00Z,258389,204683,152589,118497,53706,74208,73745,93782,63961
2025-02-19T18:00:00Z,264171,195485,165370,115297,68686,70896,70435,106222,78077
2025-02-19T19:00:00Z,250641,190298,152673,112271,60343,65378,64930,85954,59640
2025-02-19T20:00:00Z,236801,181329,148193,109205,55472,61125,60660,82720,59384
2025-02-19T21:00:00Z,230499,171663,146545,104078,58836,56492,56046,81547,59807
2025-02-19T22:00:00Z,214984,162271,134846,98409,52713,52887,52478,73124,52240
2025-02-19T23:00:00Z,200353,151992,130173,95026,48361,50291,49915,68731,49764
2025-02-20T00:00:00Z,213585,149476,140216,93463,64109,49577,49132,94518,74371
2025-02-20T01:00:00Z,233604,151865,159726,94369,81739,52586,52171,113426,92301
2025-02-20T02:00:00Z,209797,157571,132262,96337,52226,52354,51965,82195,59248
2025-02-20T03:00:00Z,220667,155792,140638,93032,64875,50923,50563,77509,55721
2025-02-20T04:00:00Z,208690,155048,139129,100149,53642,49291,48946,69276,49579
2025-02-20T05:00:00Z,219289,162746,142035,100441,56543,52421,52094,72277,51312
2025-02-20T06:00:00Z,238279,171306,152827,102869,66973,59647,59269,93672,68103
2025-02-20T07:00:00Z,237831,187967,146111,111154,49864,65243,64861,81418,55283
2025-02-20T08:00:00Z,250420,200734,149317,116254,49686,71572,71145,89281,61671
2025-02-20T09:00:00Z,254659,200569,153562,115757,54090,72086,71672,93798,65470
2025-02-20T10:00:00Z,250012,199840,149142,115049,50172,70882,70453,90704,62795
2025-02-20T11:00:00Z,248776,201178,151971,118465,47598,69614,69171,86421,58680
2025-02-20T12:00:00Z,287977,195529,192785,114925,92448,71214,70762,131612,103323
2025-02-20T13:00:00Z,276483,206878,174310,118847,69605,76438,75988,113497,83578
2025-02-20T14:00:00Z,273644,218953,159945,123977,54691,81013,80498,99329,66975
2025-02-20T15:00:00Z,280654,220174,166465,124450,60480,80677,80107,106443,74729
2025-02-20T16:00:00Z,270103,217343,159577,124863,52760,79613,79029,100336,70707
2025-02-20T17:00:00Z,262043,212647,157138,122624,49396,74820,74358,93238,64656
2025-02-20T18:00:00Z,262386,198154,162716,115552,64232,70132,69619,104680,77842
2025-02-20T19:00:00Z,235455,187521,143572,110667,47934,64390,63929,83551,58629
2025-02-20T20:00:00Z,222280,179557,134565,107232,42723,61035,60602,79178,56330
2025-02-20T21:00:00Z,229221,170540,145239,102671,58681,56806,56358,81280,60045
2025-02-20T22:00:00Z,214468,158532,135848,97215,55936,51855,51393,71264,52189
2025-02-20T23:00:00Z,207789,152670,135247,95937,55119,49432,49040,68045,49649
2025-02-21T00:00:00Z,216730,148345,145232,94589,68385,48462,48031,91276,73872
2025-02-21T01:00:00Z,229627,143603,161175,90574,86024,50818,50426,113774,94822
2025-02-21T02:00:00Z,198108,147999,127750,92033,50109,49485,49115,77359,57302
2025-02-21T03:00:00Z,215988,158715,141345,96862,57273,49603,49252,74163,54390
2025-02-21T04:00:00Z,197500,152653,132401,99056,44847,47223,46884,65437,47580
2025-02-21T05:00:00Z,202410,152898,133880,96351,49512,50588,50288,68748,49214
2025-02-21T06:00:00Z,238616,173347,155756,106042,65269,58840,58476,90211,66414
2025-02-21T07:00:00Z,237983,185455,149589,110775,52528,62103,61682,78443,52969
2025-02-21T08:00:00Z,249299,195394,151440,113688,53905,67441,67045,86113,59423
2025-02-21T09:00:00Z,261573,201990,160944,117610,59583,70962,70540,94100,66383
2025-02-21T10:00:00Z,249509,195608,151993,114417,53901,68532,68113,89459,62557
2025-02-21T11:00:00Z,241494,189877,145171,109484,51617,66011,65591,84666,57402
2025-02-21T12:00:00Z,278460,185972,188896,109847,92488,66854,66405,127494,101515
2025-02-21T13:00:00Z,266594,199772,170277,117440,66822,71759,71250,107568,80968
2025-02-21T14:00:00Z,261433,210104,157294,123286,51329,76216,75739,94123,65456
2025-02-21T15:00:00Z,266780,208573,162606,120595,58207,75268,74800,102007,72573
2025-02-21T16:00:00Z,259351,208143,157793,121126,51208,73589,73130,96425,66667
2025-02-21T17:00:00Z,252047,199073,155296,116827,52974,68993,68559,90148,61712
2025-02-21T18:00:00Z,250711,180788,157788,106640,69923,63713,63284,99365,74286
2025-02-21T19:00:00Z,234120,176768,146404,106192,57352,58843,58326,78781,55574
2025-02-21T20:00:00Z,217585,164411,138225,99378,53174,54857,54418,77232,55943
2025-02-21T21:00:00Z,220271,157718,139990,94923,62553,50985,50563,77810,57334
2025-02-21T22:00:00Z,208540,147512,132170,91913,61028,46851,46415,69572,50698
2025-02-21T23:00:00Z,195963,138049,127442,88339,57914,44037,43623,64914,47722
2025-02-22T00:00:00Z,206865,136857,144443,89945,70008,40311,39881,89584,73272
2025-02-22T01:00:00Z,217884,130780,157035,86005,87104,38955,38585,105034,87061
2025-02-22T02:00:00Z,189128,128609,128842,86348,60519,36661,36327,69660,53104
2025-02-22T03:00:00Z,198922,137988,137795,89018,60934,37081,36777,64994,48615
2025-02-22T04:00:00Z,180621,134254,126048,89530,46367,38147,37871,59632,43029
2025-02-22T05:00:00Z,186822,133896,125102,84804,52926,39771,39495,62750,44956
2025-02-22T06:00:00Z,196935,135200,133014,85531,61735,42257,41953,78264,59028
2025-02-22T07:00:00Z,191891,146311,129167,92529,45580,44858,44584,64187,44512
2025-02-22T08:00:00Z,194896,148929,131359,94130,45967,46309,46018,68559,48443
2025-02-22T09:00:00Z,207604,152246,140872,95871,55358,48297,48018,75266,54915
2025-02-22T10:00:00Z,204962,152413,138503,97407,52549,48661,48384,71639,51918
2025-02-22T11:00:00Z,205880,157967,141220,101160,47913,49814,49507,67762,47582
2025-02-22T12:00:00Z,266205,155624,200508,99194,110581,51086,50774,118953,98096
2025-02-22T13:00:00Z,232390,162903,161414,102324,69487,53658,53379,93786,71903
2025-02-22T14:00:00Z,222310,173109,149079,110827,49201,57509,57226,77238,54218
2025-02-22T15:00:00Z,231480,178637,159566,114748,52843,57986,57708,85295,62465
2025-02-22T16:00:00Z,222355,177558,150808,114725,44797,58187,57872,79446,57611
2025-02-22T17:00:00Z,217127,173167,144484,109340,43960,56927,56657,76021,53755
2025-02-22T18:00:00Z,229271,167597,160423,108596,61674,54517,54233,90641,69876
2025-02-22T19:00:00Z,204200,157312,140862,102628,46888,49136,48869,66954,48428
2025-02-22T20:00:00Z,200434,149940,138206,96671,50494,46514,46242,68352,50224
2025-02-22T21:00:00Z,286577,252046,82539,54151,34531,37904,37662,52348,40010
2025-02-22T22:00:00Z,211257,170474,107634,76155,40783,41075,40793,53440,38990
2025-02-22T23:00:00Z,172577,125824,121212,84662,46753,39075,38821,57509,42380
2025-02-23T00:00:00Z,176420,119103,122999,78395,57317,36242,35893,78527,63392
2025-02-23T01:00:00Z,199144,114512,149346,76427,84632,36134,35831,104578,89867
2025-02-23T02:00:00Z,162182,117309,112234,77588,44873,35036,34773,65193,50314
2025-02-23T03:00:00Z,183090,129107,126525,81099,53983,36269,36030,62822,47416
2025-02-23T04:00:00Z,171023,128307,121642,85815,42716,37435,37194,56873,41512
2025-02-23T05:00:00Z,178386,129513,123744,83432,48873,38847,38575,59078,43043
2025-02-23T06:00:00Z,199848,138728,143800,91342,61120,41775,41509,75929,58274
2025-02-23T07:00:00Z,184909,141764,128109,91063,43145,43671,43430,61414,43240
2025-02-23T08:00:00Z,194172,148669,132480,95211,45503,45751,45477,66900,48016
2025-02-23T09:00:00Z,200544,148732,137821,94219,51812,47125,46866,73747,54147
2025-02-23T10:00:00Z,204485,156905,139829,100877,47580,48241,47987,71158,51444
2025-02-23T11:00:00Z,204281,162257,137687,102694,42024,49472,49208,69604,46954
2025-02-23T12:00:00Z,262794,161315,197355,104186,101479,51856,51542,119938,97538
2025-02-23T13:00:00Z,233870,168629,164035,106523,65241,55539,55277,96128,74077
2025-02-23T14:00:00Z,226736,180120,151895,114796,46616,59730,59469,79364,55618
2025-02-23T15:00:00Z,236854,182783,164237,118162,54071,60497,60226,87982,64346
2025-02-23T16:00:00Z,225237,175613,151942,113079,49624,59294,59019,81459,58728
2025-02-23T17:00:00Z,223415,175981,151184,113949,47434,58305,58039,78344,55700
2025-02-23T18:00:00Z,232168,166724,162281,109906,65444,55910,55640,92914,71760
2025-02-23T19:00:00Z,205449,158612,137866,100807,46837,52353,52044,71440,50865
2025-02-23T20:00:00Z,202991,154915,139626,100519,48076,49631,49344,72033,52853
2025-02-23T21:00:00Z,196408,143494,137916,94183,52914,46552,46293,71410,54367
2025-02-23T22:00:00Z,185636,138438,128786,91729,47198,42835,42560,62732,46281
2025-02-23T23:00:00Z,175565,131208,124734,88451,44357,41849,41601,59364,44588
2025-02-24T00:00:00Z,202835,129496,133903,86684,73339,41506,41133,86292,68560
2025-02-24T01:00:00Z,234429,134181,158629,86892,100248,46920,46557,113468,92862
2025-02-24T02:00:00Z,208774,144906,125660,89716,63868,50085,49762,80072,56882
2025-02-24T03:00:00Z,228012,155295,140878,95005,72717,49566,49235,76953,54476
2025-02-24T04:00:00Z,210900,150303,135252,99292,60597,47513,47136,69093,48154
2025-02-24T05:00:00Z,221570,157178,134997,96443,64392,51169,50746,73563,50549
2025-02-24T06:00:00Z,242285,168444,149620,102586,73841,58595,58215,93896,67461
2025-02-24T07:00:00Z,241071,181426,142792,107234,59645,62961,62585,82040,53943
2025-02-24T08:00:00Z,253253,196836,148897,114745,56417,68698,68287,89694,60073
2025-02-24T09:00:00Z,264821,201734,155829,116048,63087,71387,70956,95715,65017
2025-02-24T10:00:00Z,263560,205017,154303,118901,58543,69891,69379,91764,61863
2025-02-24T11:00:00Z,256108,197786,151749,116682,58322,69193,68760,87237,58113
2025-02-24T12:00:00Z,285109,191715,184652,114136,93394,70386,69928,127127,98085
2025-02-24T13:00:00Z,273629,201109,165863,114905,72520,76322,75890,111875,81472
2025-02-24T14:00:00Z,260816,209700,150479,119881,51116,79245,78819,95968,64806
2025-02-24T15:00:00Z,246139,194347,145344,111961,51792,75542,75112,97070,68079
2025-02-24T16:00:00Z,271544,215295,156566,123741,56249,78455,77961,98834,68772
2025-02-24T17:00:00Z,266821,210693,158263,123718,56128,75229,74746,93297,64879
2025-02-24T18:00:00Z,270757,199151,164238,117408,71606,70683,70227,104685,78241
2025-02-24T19:00:00Z,254664,193243,152720,114158,61421,66150,65704,86239,61367
2025-02-24T20:00:00Z,248505,183760,148430,109536,64745,62483,62044,84782,61454
2025-02-24T21:00:00Z,246641,173974,148548,104727,72667,58352,57916,83182,61238
2025-02-24T22:00:00Z,231728,165191,137931,100386,66537,54082,53683,75697,53927
2025-02-24T23:00:00Z,220422,151333,132804,95062,69089,50855,50486,69768,50947
2025-02-25T00:00:00Z,216470,151286,142263,95503,65184,50858,50391,92751,74588
2025-02-25T01:00:00Z,224484,144778,154888,89504,79706,52849,52431,112324,92980
2025-02-25T02:00:00Z,211532,160038,132034,97102,51494,54414,54039,81724,60685
2025-02-25T03:00:00Z,231321,169685,147334,102179,61636,53668,53262,79481,57704
2025-02-25T04:00:00Z,213762,166063,141813,106495,47699,50627,50216,69631,50460
2025-02-25T05:00:00Z,221621,167550,140833,102297,54071,54824,54423,73921,52438
2025-02-25T06:00:00Z,246079,179582,157922,107822,66497,61823,61399,94349,69865
2025-02-25T07:00:00Z,242490,190650,150050,112663,51840,65341,64946,81998,56340
2025-02-25T08:00:00Z,258054,207183,151207,116768,50871,72055,71609,89926,62128
2025-02-25T09:00:00Z,268573,215480,162810,125494,53093,73817,73321,94963,66717
2025-02-25T10:00:00Z,259338,208291,156539,121552,51047,72498,71994,92145,64703
2025-02-25T11:00:00Z,255628,205161,155605,120799,50467,71964,71524,88686,61445
2025-02-25T12:00:00Z,288404,197037,190652,115937,91367,73006,72499,131648,103470
2025-02-25T13:00:00Z,277340,209059,174886,122384,68281,78581,78131,114634,85543
2025-02-25T14:00:00Z,245587,199446,145298,116172,46141,78907,78455,93885,64849
2025-02-25T15:00:00Z,241322,191884,146099,111035,49438,77219,76756,98251,69763
2025-02-25T16:00:00Z,232255,185310,138411,108779,46945,75176,74705,92858,64625
2025-02-25T17:00:00Z,264179,210943,157883,124373,53236,77125,76609,95002,66993
2025-02-25T18:00:00Z,267292,200372,167875,119779,66920,72868,72326,106741,80733
2025-02-25T19:00:00Z,247987,195056,156292,119477,52931,68040,67573,86600,62033
2025-02-25T20:00:00Z,237212,185752,151620,114751,51460,63882,63420,84150,61953
2025-02-25T21:00:00Z,235224,174718,152033,108966,60506,58907,58411,83037,62714
2025-02-25T22:00:00Z,223067,168473,143517,106112,54594,54451,54013,73906,54404
2025-02-25T23:00:00Z,207682,157474,136683,99964,50208,51286,50911,68256,50893
2025-02-26T00:00:00Z,219035,155898,145229,98083,63137,50909,50453,92242,73847
2025-02-26T01:00:00Z,239972,157503,167743,99441,82469,54325,53940,113502,93468
2025-02-26T02:00:00Z,215125,163566,140204,103582,51559,53783,53436,80630,59766
2025-02-26T03:00:00Z,227928,168731,150808,105622,59197,52359,52027,76950,56569
2025-02-26T04:00:00Z,203669,158518,135072,101153,45151,49907,49588,68078,49658
2025-02-26T05:00:00Z,209593,158384,136603,99905,51209,52429,52117,70860,50704
2025-02-26T06:00:00Z,237762,175705,154880,107891,62057,59386,59017,91101,67526
2025-02-26T07:00:00Z,234178,186519,146980,112568,47659,65145,64761,80535,55207
2025-02-26T08:00:00Z,251628,203018,154831,121411,48610,72112,71690,90108,62615
2025-02-26T09:00:00Z,268119,211488,164879,125011,56631,74216,73790,96399,68096
2025-02-26T10:00:00Z,261869,208745,160592,123415,53124,73124,72651,92443,65636
2025-02-26T11:00:00Z,258663,205353,159962,122755,53310,72100,71657,88134,61716
2025-02-26T12:00:00Z,288757,197125,193528,117690,91632,72738,72295,130547,103641
2025-02-26T13:00:00Z,282336,216001,170527,118457,66335,77665,77236,112912,84664
2025-02-26T14:00:00Z,278390,228892,159994,127482,49498,83004,82475,98821,69012
2025-02-26T15:00:00Z,279414,223266,167795,128177,56148,82924,82437,106970,77025
2025-02-26T16:00:00Z,273188,222421,162061,128864,50767,80561,80029,100424,71617
2025-02-26T17:00:00Z,264582,215870,159727,126259,48712,76239,75769,93694,65958
2025-02-26T18:00:00Z,268619,202979,168801,120367,65640,71615,71147,107303,80800
2025-02-26T19:00:00Z,249703,195325,155246,117232,54378,66568,66106,85207,61197
2025-02-26T20:00:00Z,242211,187952,152324,113363,54259,62907,62474,84422,61825
2025-02-26T21:00:00Z,241102,179725,155405,110343,61377,58159,57732,83124,61995
2025-02-26T22:00:00Z,221329,166121,139363,101948,55208,53139,52733,73801,54082
2025-02-26T23:00:00Z,206549,157324,135503,100866,49225,51327,50929,68989,51659
2025-02-27T00:00:00Z,218678,156229,147231,99850,62449,49925,49508,92732,75523
2025-02-27T01:00:00Z,235095,151232,164919,95500,83863,52584,52199,116136,96989
2025-02-27T02:00:00Z,210333,160303,134670,100887,50030,53268,52906,81192,60142
2025-02-27T03:00:00Z,223940,164136,146095,101632,59804,51719,51366,77428,57165
2025-02-27T04:00:00Z,204175,158349,136576,102637,45826,50151,49846,68538,49934
2025-02-27T05:00:00Z,221814,168890,143841,106128,52924,53732,53417,73963,52389
2025-02-27T06:00:00Z,246951,181532,162292,111949,65419,60592,60235,93002,69317
2025-02-27T07:00:00Z,243300,190629,153083,114404,52671,65299,64931,81460,55957
2025-02-27T08:00:00Z,256662,203908,158328,121703,52754,70947,70498,89552,62669
2025-02-27T09:00:00Z,266383,210361,163637,123488,56022,73083,72672,95650,67721
2025-02-27T10:00:00Z,258869,208003,157133,121997,50866,71908,71448,91573,65030
2025-02-27T11:00:00Z,252236,203166,152727,119460,49070,71105,70681,87107,60636
2025-02-27T12:00:00Z,285480,193613,189891,114993,91867,72117,71586,130537,103594
2025-02-27T13:00:00Z,274903,207354,172600,121166,67549,77678,77209,114026,85160
2025-02-27T14:00:00Z,273099,223333,163664,130758,49766,83516,82985,99791,69439
2025-02-27T15:00:00Z,276301,218940,168286,127527,57361,82598,82074,106799,76896
2025-02-27T16:00:00Z,269765,215233,162716,126548,54532,80376,79873,100128,71626
2025-02-27T17:00:00Z,259605,207052,159588,123209,52553,75711,75267,92293,65733
2025-02-27T18:00:00Z,262432,194943,167124,117498,67489,70977,70503,104898,80050
2025-02-27T19:00:00Z,239217,186362,149656,112685,52855,65567,65129,82336,59334
2025-02-27T20:00:00Z,232206,181576,146520,110342,50630,61759,61301,81781,60469
2025-02-27T21:00:00Z,227656,170037,146257,104644,57619,57816,57408,80639,60564
2025-02-27T22:00:00Z,212751,161910,133666,98944,50841,53091,52713,72195,52771
2025-02-27T23:00:00Z,199986,150422,130499,94952,49564,51066,50704,67609,50693
2025-02-28T00:00:00Z,204869,144673,138826,92815,60196,48661,48229,89143,72297
2025-02-28T01:00:00Z,228275,146523,161274,92908,81752,52195,51749,111733,93406
2025-02-28T02:00:00Z,206287,154506,134391,97743,51781,51755,51369,78501,58452
2025-02-28T03:00:00Z,222289,160284,147070,99229,62005,50643,50300,75280,55621
2025-02-28T04:00:00Z,204020,156056,139647,102932,47964,48108,47793,66334,49108
2025-02-28T05:00:00Z,205816,156019,134658,97519,49797,51822,51506,70056,50377
2025-02-28T06:00:00Z,227500,166364,149290,101838,61136,57829,57469,89907,67310
2025-02-28T07:00:00Z,228238,183089,146723,112728,45149,61282,60913,76887,53483
2025-02-28T08:00:00Z,240868,193849,148675,115779,47019,66607,66215,84251,58946
2025-02-28T09:00:00Z,256755,202789,159477,120053,53966,70526,70126,92189,65876
2025-02-28T10:00:00Z,253851,203619,160910,124380,50232,68046,67616,87794,62927
2025-02-28T11:00:00Z,245481,193128,155603,118112,52353,65411,64923,81494,57996
2025-02-28T12:00:00Z,283969,187272,198277,115732,96697,66452,66014,126830,102718
2025-02-28T13:00:00Z,271067,200501,176960,120538,70566,71183,70756,108153,82786
2025-02-28T14:00:00Z,266682,215566,161833,126557,51116,77385,76894,93992,66454
2025-02-28T15:00:00Z,269128,213259,166137,124788,55869,76191,75732,100267,73253
2025-02-28T16:00:00Z,257756,209784,158591,124312,47972,74840,74379,94509,67913
2025-02-28T17:00:00Z,249386,201322,155893,122106,48064,70073,69641,87946,62781
2025-02-28T18:00:00Z,250514,185995,163322,114864,64519,64053,63619,99204,76490
2025-02-28T19:00:00Z,225433,170867,143005,104699,54566,58225,57788,77609,56540
2025-02-28T20:00:00Z,216168,164036,141672,102394,52132,54491,54059,74800,55907
2025-02-28T21:00:00Z,220478,154862,145446,97343,65616,50472,50052,76443,58547
2025-02-28T22:00:00Z,201956,144032,135416,93549,57924,45647,45252,66530,50373
2025-02-28T23:00:00Z,197943,142290,136830,96257,55653,43009,42665,62119,47981
2025-03-01T00:00:00Z,197139,131520,135497,89545,65619,39303,38863,82197,67331
2025-03-01T01:00:00Z,224686,122575,162877,84813,102111,38157,37763,110730,95777
2025-03-01T02:00:00Z,183763,125144,120226,86451,58619,36579,36238,66615,50975
2025-03-01T03:00:00Z,201164,135303,132975,88557,65861,37448,37131,65354,49866
2025-03-01T04:00:00Z,185674,134594,128683,92374,51080,38846,38569,58706,43458
2025-03-01T05:00:00Z,192094,133053,127120,86178,59041,40569,40268,62132,45958
2025-03-01T06:00:00Z,206320,138103,142351,91567,68217,43054,42729,77518,60551
2025-03-01T07:00:00Z,194516,144040,132803,95492,50476,44183,43887,61941,44899
2025-03-01T08:00:00Z,197248,143883,133139,94625,53365,45436,45149,67442,49329
2025-03-01T09:00:00Z,217928,150295,145351,97701,67633,47248,46971,75532,56452
2025-03-01T10:00:00Z,210442,148463,140027,98254,61979,47737,47477,72226,53568
2025-03-01T11:00:00Z,201403,150595,137421,100243,50808,47915,47641,65377,47337
2025-03-01T12:00:00Z,255914,148850,190307,97835,107064,50144,49828,116058,96750
2025-03-01T13:00:00Z,230096,157458,159938,102048,72638,52223,51952,92136,72227
2025-03-01T14:00:00Z,218956,164856,144113,106559,54100,55889,55571,75227,54122
2025-03-01T15:00:00Z,230695,170961,156795,111790,59734,56371,56069,84139,63084
2025-03-01T16:00:00Z,229534,177622,146253,108464,51912,56297,55999,78093,57843
2025-03-01T17:00:00Z,239340,187037,145190,107917,52303,53955,53689,72961,53188
2025-03-01T18:00:00Z,258054,189166,155509,103286,68888,51628,51340,87840,69154
2025-03-01T19:00:00Z,207889,153885,140833,101477,54004,47756,47481,65558,48338
2025-03-01T20:00:00Z,200032,144985,137464,97005,55047,45177,44903,66026,50008
2025-03-01T21:00:00Z,199599,137452,139048,93855,62147,42422,42118,66606,52182
2025-03-01T22:00:00Z,181472,128839,125250,87913,52633,39958,39701,58831,44956
2025-03-01T23:00:00Z,170379,122947,120782,85615,47432,38869,38624,54999,42869
2025-03-02T00:00:00Z,177546,121869,128240,83448,55677,36473,36125,78272,65389
2025-03-02T01:00:00Z,204432,114408,154812,77036,90024,36181,35888,108658,94545
2025-03-02T02:00:00Z,164674,120417,114248,80647,44257,35690,35425,64774,49803
2025-03-02T03:00:00Z,190187,135527,133551,87161,54660,36646,36393,64572,48828
2025-03-02T04:00:00Z,174933,130670,124282,87141,44263,37651,37410,57651,42262
2025-03-02T05:00:00Z,188800,138315,130484,91995,50485,39193,38962,59831,43544
2025-03-02T06:00:00Z,206947,146563,146602,95556,60384,42133,41877,78092,60361
2025-03-02T07:00:00Z,187558,144174,129359,92933,43384,43930,43684,62302,43986
2025-03-02T08:00:00Z,195428,149689,132724,96260,45739,45939,45618,67881,48992
2025-03-02T09:00:00Z,209274,157494,142011,99314,51780,47931,47674,74688,54767
2025-03-02T10:00:00Z,206102,157863,137540,98959,48239,49318,49056,72581,52458
2025-03-02T11:00:00Z,202673,159110,136080,99973,43563,50268,50015,68219,48226
2025-03-02T12:00:00Z,256601,155664,190756,98695,100937,51727,51461,117506,97049
2025-03-02T13:00:00Z,236695,168313,162673,104737,68382,55381,55122,96177,73724
2025-03-02T14:00:00Z,233477,186038,149700,112718,47439,59108,58824,80255,56244
2025-03-02T15:00:00Z,235416,181597,159396,114372,53819,59511,59248,87636,64507
2025-03-02T16:00:00Z,223249,176616,147487,110536,46633,58725,58467,80152,58874
2025-03-02T17:00:00Z,221563,175518,149260,113026,46045,57997,57747,76608,55909
2025-03-02T18:00:00Z,230760,169154,158646,108633,61606,55122,54827,91465,71787
2025-03-02T19:00:00Z,203819,157037,137471,101112,46782,51087,50793,68354,50378
2025-03-02T20:00:00Z,206079,158197,140817,102636,47882,49348,49067,69852,52756
2025-03-02T21:00:00Z,205033,150560,140244,96837,54473,46636,46358,70409,54743
2025-03-02T22:00:00Z,184842,136704,128717,90699,48138,43733,43457,62477,47468
2025-03-02T23:00:00Z,171544,127018,122755,86049,44526,42013,41760,57965,44556
2025-03-03T00:00:00Z,194691,125197,130506,85056,69494,40627,40240,81439,65964
2025-03-03T01:00:00Z,229481,130408,157480,85242,99073,45720,45313,111875,92579
2025-03-03T02:00:00Z,204877,141181,125053,90370,63696,47620,47229,77983,56422
2025-03-03T03:00:00Z,221954,151521,137144,93458,70433,47893,47535,75945,55316
2025-03-03T04:00:00Z,193186,138272,122708,90008,54914,46629,46212,66880,48058
2025-03-03T05:00:00Z,202984,139606,122641,86285,63378,49084,48721,70888,49726
2025-03-03T06:00:00Z,227135,157554,138823,93384,69581,56573,56159,91468,67122
2025-03-03T07:00:00Z,230125,175452,140475,104645,54673,60899,60513,78923,53761
2025-03-03T08:00:00Z,244239,184976,143123,107919,59263,67076,66572,86923,59550
2025-03-03T09:00:00Z,263340,198253,153594,112722,65087,71329,70830,95030,66196
2025-03-03T10:00:00Z,265032,197916,153756,115666,67116,69676,69143,91594,63853
2025-03-03T11:00:00Z,261354,193042,151402,113500,68312,67739,67209,86581,59614
2025-03-03T12:00:00Z,289450,186454,187211,109986,102996,68701,68177,129244,101882
2025-03-03T13:00:00Z,280936,201484,168608,115506,79452,73468,73004,111836,82178
2025-03-03T14:00:00Z,275212,217053,156825,123952,58159,80014,79517,97759,67129
2025-03-03T15:00:00Z,280870,214970,165179,123315,65900,79469,78914,105487,75371
2025-03-03T16:00:00Z,275357,211952,156179,120363,63405,78368,77844,100904,70878
2025-03-03T17:00:00Z,270868,203426,156841,118765,67442,73659,73130,94570,66484
2025-03-03T18:00:00Z,272568,196492,166346,117157,76076,68745,68249,104038,78143
2025-03-03T19:00:00Z,255678,190358,153203,113262,65320,64714,64281,85567,60964
2025-03-03T20:00:00Z,249099,180533,148798,107897,68566,60870,60378,85998,62582
2025-03-03T21:00:00Z,239701,170337,145096,102134,69364,58057,57651,84080,62299
2025-03-03T22:00:00Z,226086,160748,137046,98659,65338,53214,52756,74640,54933
2025-03-03T23:00:00Z,214985,149376,131374,93120,65609,49474,49094,69655,51873
2025-03-04T00:00:00Z,211693,146452,138986,92357,65241,48267,47814,89789,72489
2025-03-04T01:00:00Z,236643,153068,166053,97372,83575,51842,51424,114084,94533
2025-03-04T02:00:00Z,207794,156934,132439,98427,50860,52519,52142,81116,59606
2025-03-04T03:00:00Z,228488,169064,144681,99931,59424,51959,51595,80129,58493
2025-03-04T04:00:00Z,212831,163249,143910,107495,49582,50469,50130,70324,51184
2025-03-04T05:00:00Z,217734,163710,139690,100525,54024,54157,53826,74955,53098
2025-03-04T06:00:00Z,244663,181278,155490,107838,63385,62235,61873,95646,69817
2025-03-04T07:00:00Z,245232,195132,151601,115672,50100,65701,65327,84479,56889
2025-03-04T08:00:00Z,255020,204222,152836,118391,50798,72009,71580,91294,62816
2025-03-04T09:00:00Z,267265,212752,164002,124785,54513,73551,73124,96346,68126
2025-03-04T10:00:00Z,255001,203725,154322,118385,51276,72776,72349,92176,65184
2025-03-04T11:00:00Z,249175,197543,152578,116268,51632,69827,69385,85586,59734
2025-03-04T12:00:00Z,281449,191420,187379,112321,90029,70267,69817,127811,101738
2025-03-04T13:00:00Z,274585,207277,172702,119510,67308,75994,75533,111375,83327
2025-03-04T14:00:00Z,271232,222367,159274,125643,48865,81391,80940,97363,68347
2025-03-04T15:00:00Z,275049,216524,164004,122319,58525,80185,79710,105058,75471
2025-03-04T16:00:00Z,258220,208539,152395,120022,49681,77699,77133,96285,68648
2025-03-04T17:00:00Z,252940,204069,152825,118868,48871,73372,72907,90238,64264
2025-03-04T18:00:00Z,253188,192482,159204,114350,60706,68075,67627,101140,77339
2025-03-04T19:00:00Z,239793,188828,148069,112472,50965,63924,63478,81847,58769
2025-03-04T20:00:00Z,227454,176961,144889,107865,50493,60894,60449,81423,60133
2025-03-04T21:00:00Z,226903,167777,143192,100719,59126,57381,56952,81508,61194
2025-03-04T22:00:00Z,214618,160766,135532,99131,53852,53202,52806,72691,53964
2025-03-04T23:00:00Z,206955,153886,132545,95553,53069,50213,49840,69876,50830
2025-03-05T00:00:00Z,206670,144651,137165,90572,62019,49178,48728,89024,71678
2025-03-05T01:00:00Z,229596,147170,161193,93122,82426,52587,52198,112217,93072
2025-03-05T02:00:00Z,205631,154810,130822,96775,50821,52782,52400,80286,59252
2025-03-05T03:00:00Z,224018,164219,144856,100529,59799,51787,51455,78525,57159
2025-03-05T04:00:00Z,215164,169363,141604,108072,45801,49670,49348,71285,51221
2025-03-05T05:00:00Z,228128,178391,148200,113575,49737,53837,53520,74399,52517
2025-03-05T06:00:00Z,243636,186037,161403,117549,57599,60227,59831,92163,67676
2025-03-05T07:00:00Z,244970,199283,156982,124400,45687,64869,64490,81059,54686
2025-03-05T08:00:00Z,254766,208460,157720,126519,46306,71240,70802,89164,60825
2025-03-05T09:00:00Z,270803,218218,165988,128420,52585,74186,73761,96178,66315
2025-03-05T10:00:00Z,261079,211955,163158,128635,49124,71678,71243,90758,63712
2025-03-05T11:00:00Z,246477,199209,154021,120931,47268,68224,67730,83995,57979
2025-03-05T12:00:00Z,279477,195356,188824,119589,84121,69055,68592,122902,96898
2025-03-05T13:00:00Z,276935,214011,179208,129974,62924,75065,74579,108630,80593
2025-03-05T14:00:00Z,270938,225257,163876,133849,45681,80665,80176,95982,66537
2025-03-05T15:00:00Z,274158,222763,165646,129067,51395,81673,81171,101619,72813
2025-03-05T16:00:00Z,262827,219855,157819,130372,42972,78597,78091,95173,66868
2025-03-05T17:00:00Z,264063,218714,161293,130181,45349,73671,73228,91610,65142
2025-03-05T18:00:00Z,264318,204675,169253,124948,59643,68845,68418,102604,78205
2025-03-05T19:00:00Z,246134,195436,157690,121876,50698,64400,63977,81552,58813
2025-03-05T20:00:00Z,240142,189490,155528,119535,50652,61085,60611,82554,59447
2025-03-05T21:00:00Z,239262,180546,153110,111212,58716,55284,54796,80117,58774
2025-03-05T22:00:00Z,219205,168950,138284,103501,50255,50584,50189,70593,50229
2025-03-05T23:00:00Z,206317,156949,134761,100846,49368,47962,47587,64393,47410
2025-03-06T00:00:00Z,215151,155732,145526,101848,59419,46844,46406,85988,68607
2025-03-06T01:00:00Z,230315,149348,161542,94671,80967,52440,52052,111498,92501
2025-03-06T02:00:00Z,208487,161534,134441,102457,46953,53719,53332,79312,58070
2025-03-06T03:00:00Z,226182,166146,144374,101773,60036,52974,52639,79537,56733
2025-03-06T04:00:00Z,209785,160317,137975,104578,49468,51203,50853,70051,49563
2025-03-06T05:00:00Z,215386,164374,141195,104962,51012,54512,54163,73233,51853
2025-03-06T06:00:00Z,237828,179925,153769,109600,57903,61269,60898,91211,66910
2025-03-06T07:00:00Z,234191,188144,146565,113954,46047,66187,65839,81785,55792
2025-03-06T08:00:00Z,246782,198780,150200,118121,48002,71002,70576,88410,61025
2025-03-06T09:00:00Z,258668,206959,158119,121228,51709,73970,73554,95273,67024
2025-03-06T10:00:00Z,254149,206318,155779,122309,47831,72211,71781,90433,64201
2025-03-06T11:00:00Z,253765,205151,159815,125637,48614,70129,69737,85088,59514
2025-03-06T12:00:00Z,282685,198598,192168,121731,84087,71086,70625,126010,99905
2025-03-06T13:00:00Z,274039,210671,178052,127110,63368,76126,75688,110286,82763
2025-03-06T14:00:00Z,274939,227795,168231,135924,47144,81932,81420,97437,68500
2025-03-06T15:00:00Z,276502,222277,171180,131799,54225,81369,80842,103792,74878
2025-03-06T16:00:00Z,268020,219891,164254,131588,48129,78505,78016,96262,68745
2025-03-06T17:00:00Z,260346,213018,161057,128982,47328,75126,74672,90542,64761
2025-03-06T18:00:00Z,258631,196094,168024,121700,62537,69822,69328,100853,77124
2025-03-06T19:00:00Z,245021,194536,156293,120411,50485,64754,64303,81563,59300
2025-03-06T20:00:00Z,233704,185818,151427,116144,47886,61900,61448,80444,59607
2025-03-06T21:00:00Z,235719,179947,154701,113557,55772,57992,57577,80456,60529
2025-03-06T22:00:00Z,221637,168232,143632,107370,53405,54135,53730,72538,53123
2025-03-06T23:00:00Z,217702,165809,143779,108588,51893,51142,50704,69322,51404
2025-03-07T00:00:00Z,220937,158727,150272,104282,62210,50239,49788,89249,71762
2025-03-07T01:00:00Z,240264,157132,172468,102479,83132,53065,52694,114626,95320
2025-03-07T02:00:00Z,213215,163973,138778,105083,49242,53980,53625,78797,58404
2025-03-07T03:00:00Z,226136,169824,148554,105648,56312,52028,51695,76727,56853
2025-03-07T04:00:00Z,208305,162383,141530,107282,45922,50929,50599,68109,49921
2025-03-07T05:00:00Z,217802,169495,142353,106751,48307,53982,53657,71652,51148
2025-03-07T06:00:00Z,240924,181361,155504,111199,59563,60915,60542,90610,67209
2025-03-07T07:00:00Z,237577,190284,149208,115625,47293,64894,64520,79527,54895
2025-03-07T08:00:00Z,250786,200221,154930,121254,50565,69463,68981,86165,60539
2025-03-07T09:00:00Z,263266,207644,163462,123783,55622,72068,71621,93543,66668
2025-03-07T10:00:00Z,258362,206162,159265,122620,52200,69632,69171,88774,63829
2025-03-07T11:00:00Z,248370,196284,156139,119689,52086,66614,66210,82256,58198
2025-03-07T12:00:00Z,283072,188661,194790,114734,94411,67217,66796,126516,102329
2025-03-07T13:00:00Z,271237,202556,177402,123251,68681,71938,71510,108284,82314
2025-03-07T14:00:00Z,266369,216102,162258,129131,50267,76890,76467,93301,65975
2025-03-07T15:00:00Z,272438,214241,167106,126813,58197,75099,74648,99635,72392
2025-03-07T16:00:00Z,259947,207710,157140,123199,52237,72686,72214,91896,65413
2025-03-07T17:00:00Z,257193,201494,156110,122766,55699,68621,68159,87656,61074
2025-03-07T18:00:00Z,250917,186273,163242,114827,64644,64860,64414,98748,76305
2025-03-07T19:00:00Z,231773,179072,149846,112213,52701,59405,58975,76098,55694
2025-03-07T20:00:00Z,223187,169530,145696,107542,53657,55931,55491,76001,56484
2025-03-07T21:00:00Z,225375,162305,148000,103064,63070,52267,51848,77017,58334
2025-03-07T22:00:00Z,213289,155702,141115,100594,57587,48407,47995,69360,51725
2025-03-07T23:00:00Z,197032,143965,133180,95696,53067,45166,44794,63809,48302
2025-03-08T00:00:00Z,216104,137388,157387,92570,78716,42310,41907,100987,86591
2025-03-08T01:00:00Z,215341,127354,157451,84235,87987,40143,39781,107127,92042
2025-03-08T02:00:00Z,182601,131424,123172,87171,51177,38319,38020,58477,43357
2025-03-08T03:00:00Z,196906,139464,135507,88379,57442,38797,38519,64554,49004
2025-03-08T04:00:00Z,184164,137200,129369,90817,46964,39753,39459,58643,43582
2025-03-08T05:00:00Z,187507,137247,128412,87489,50260,40856,40580,60944,43990
2025-03-08T06:00:00Z,207535,143175,144870,92042,64360,44116,43809,78816,61164
2025-03-08T07:00:00Z,193134,148112,130636,93569,45022,45489,45196,62895,44952
2025-03-08T08:00:00Z,197610,148130,133213,93653,49480,45889,45602,66921,48220
2025-03-08T09:00:00Z,207792,151261,140001,94126,56531,48114,47844,74285,54973
2025-03-08T10:00:00Z,204780,151170,138711,97016,53610,48166,47903,70938,52268
2025-03-08T11:00:00Z,194875,150918,131490,96027,43957,48421,48143,64802,46146
2025-03-08T12:00:00Z,266244,145204,208152,95349,121040,48502,48242,112062,93838
2025-03-08T13:00:00Z,226314,161915,161722,106163,64399,52083,51831,86894,67544
2025-03-08T14:00:00Z,221797,172269,149281,110151,49528,56556,56291,74198,52884
2025-03-08T15:00:00Z,232168,176404,159740,113998,55764,56780,56520,82380,61166
2025-03-08T16:00:00Z,226314,176195,154444,115206,50119,56090,55810,76254,54981
2025-03-08T17:00:00Z,198177,170355,131366,110872,27822,55402,55148,69796,49817
2025-03-08T18:00:00Z,231541,162046,165167,106656,69495,53209,52924,87853,68834
2025-03-08T19:00:00Z,196059,152953,135956,100060,43106,46825,46574,61986,45205
2025-03-08T20:00:00Z,194913,148771,136922,98339,46142,45353,45111,63989,48493
2025-03-08T21:00:00Z,198552,147606,142054,100011,50946,42713,42451,65027,50695
2025-03-08T22:00:00Z,180529,134651,128716,91234,45878,39901,39577,56369,42885
2025-03-08T23:00:00Z,172770,131022,126047,91079,41748,39012,38772,53710,41052
2025-03-09T00:00:00Z,197134,128259,147666,89784,68875,37160,36797,89142,75475
2025-03-09T01:00:00Z,206173,119408,159450,83769,86765,36566,36244,104109,91282
2025-03-09T02:00:00Z,176845,131322,122405,86624,45523,35465,35196,57581,44608
2025-03-09T03:00:00Z,193853,139993,133591,87232,53860,36485,36243,61393,47737
2025-03-09T04:00:00Z,180705,134975,128962,90856,45730,37767,37537,55947,41323
2025-03-09T05:00:00Z,185088,136992,131448,91305,48096,39629,39347,58427,42769
2025-03-09T06:00:00Z,205400,144123,144782,92795,61277,43107,42792,77087,59586
2025-03-09T07:00:00Z,193802,151003,136200,100039,42799,45418,45149,61317,44398
2025-03-09T08:00:00Z,197567,151578,137528,99769,45989,46869,46596,65430,47818
2025-03-09T09:00:00Z,192280,142730,135869,94346,49550,45174,44924,68096,51240
2025-03-09T10:00:00Z,204418,158343,141222,103795,46075,48914,48587,68747,50740
2025-03-09T11:00:00Z,207177,163840,143248,107543,43337,49490,49159,67103,46459
2025-03-09T12:00:00Z,286023,155629,224407,102156,130394,50745,50421,117506,97267
2025-03-09T13:00:00Z,233849,168615,164722,108767,65234,55010,54686,91347,70393
2025-03-09T14:00:00Z,227658,178133,153134,114814,49525,59263,58957,77395,55395
2025-03-09T15:00:00Z,232550,179729,161656,116988,52821,59048,58770,84474,63084
2025-03-09T16:00:00Z,223560,174536,153807,115154,49024,57371,57072,76680,56651
2025-03-09T17:00:00Z,219898,175211,150675,115442,44687,56670,56393,73287,53414
2025-03-09T18:00:00Z,231844,168174,164594,111669,63670,55513,55243,90505,71259
2025-03-09T19:00:00Z,208663,165295,145842,110274,43368,51347,51095,66942,49583
2025-03-09T20:00:00Z,206270,159668,145988,107792,46602,49886,49631,68794,52135
2025-03-09T21:00:00Z,207510,154596,147134,104239,52914,47352,47100,70278,54521
2025-03-09T22:00:00Z,189844,142689,135130,97252,47155,43018,42775,60765,46572
2025-03-09T23:00:00Z,182471,138639,130841,94958,43832,42127,41866,57314,44027
2025-03-10T00:00:00Z,221417,138404,152544,93774,83013,43626,43248,96372,79603
2025-03-10T01:00:00Z,239863,143724,163681,92951,96139,48776,48412,112388,92470
2025-03-10T02:00:00Z,218729,155104,133788,97166,63625,51159,50743,73884,51546
2025-03-10T03:00:00Z,229945,158864,143602,97913,71081,49889,49535,74471,53588
2025-03-10T04:00:00Z,210045,150521,135222,98630,59524,47438,47107,66382,47554
2025-03-10T05:00:00Z,220119,156395,136716,96369,63724,51633,51296,71095,49996
2025-03-10T06:00:00Z,249368,172307,153948,102775,77061,58242,57873,92070,66546
2025-03-10T07:00:00Z,242492,183782,144072,108308,58710,63379,62919,80293,53332
2025-03-10T08:00:00Z,260106,198691,150285,114154,61415,69121,68674,87989,59095
2025-03-10T09:00:00Z,270513,204161,157429,115554,66352,72170,71725,94611,65030
2025-03-10T10:00:00Z,267137,205100,152510,115785,62037,70628,70189,92575,62494
2025-03-10T11:00:00Z,259250,199329,151437,115845,59921,70026,69590,85679,57957
2025-03-10T12:00:00Z,292993,197831,187130,116615,95162,71153,70688,127528,98724
2025-03-10T13:00:00Z,283043,211069,171451,120962,71974,78845,78391,114374,84149
2025-03-10T14:00:00Z,278397,224497,157917,126212,53900,85495,85005,101744,69623
2025-03-10T15:00:00Z,281743,221402,162146,124209,60341,82557,81990,106362,75169
2025-03-10T16:00:00Z,276854,216896,158241,125926,59958,79665,79133,99130,69401
2025-03-10T17:00:00Z,266925,210651,155685,122976,56274,75734,75227,93995,65678
2025-03-10T18:00:00Z,269087,193493,162220,116450,75594,69343,68856,103165,76860
2025-03-10T19:00:00Z,255458,190594,152777,115784,64864,64122,63634,84795,60194
2025-03-10T20:00:00Z,245323,184537,148597,111775,60786,61568,61087,84008,61376
2025-03-10T21:00:00Z,238944,171656,147775,105408,67288,56459,55995,81997,61038
2025-03-10T22:00:00Z,227108,160767,135660,99609,66341,51131,50707,75147,52265
2025-03-10T23:00:00Z,206896,149722,129430,94896,57174,49384,49031,68543,49555
2025-03-11T00:00:00Z,217561,148199,138786,93750,69362,49270,48843,91754,72039
2025-03-11T01:00:00Z,232519,148763,162986,93301,83756,52950,52576,115908,95800
2025-03-11T02:00:00Z,209682,158627,130775,97521,51055,53453,53094,81305,58838
2025-03-11T03:00:00Z,218089,160886,139651,97046,57203,51673,51320,77809,56744
2025-03-11T04:00:00Z,203723,156602,132702,98885,47121,49360,49007,69459,49238
2025-03-11T05:00:00Z,212931,161248,133176,96826,51683,52535,52214,72943,51314
2025-03-11T06:00:00Z,233839,174341,149112,103290,59498,60579,60214,93724,68873
2025-03-11T07:00:00Z,233606,186353,143218,109146,47253,65509,65123,81899,55822
2025-03-11T08:00:00Z,249601,200539,148433,115704,49062,72262,71816,90238,62133
2025-03-11T09:00:00Z,262043,208656,157722,119393,53387,75339,74902,97452,68030
2025-03-11T10:00:00Z,261313,210598,155393,120237,50715,73649,73173,93366,65576
2025-03-11T11:00:00Z,256854,206239,153789,118232,50615,73107,72671,88477,61303
2025-03-11T12:00:00Z,289414,201370,190829,118013,88044,74259,73815,131112,102757
2025-03-11T13:00:00Z,283594,214739,174021,121400,68855,80864,80393,117306,86804
2025-03-11T14:00:00Z,277831,228118,159443,127879,49713,86775,86280,102303,70521
2025-03-11T15:00:00Z,280789,224569,165999,127303,56220,85729,85238,107562,76917
2025-03-11T16:00:00Z,274820,222824,160132,126889,51996,82702,82171,101112,71026
2025-03-11T17:00:00Z,271916,218523,160784,127715,53393,77291,76795,94563,66176
2025-03-11T18:00:00Z,266394,202143,169338,122828,64251,71403,70904,104239,78790
2025-03-11T19:00:00Z,251733,196096,154385,118202,55637,66004,65522,84164,59901
2025-03-11T20:00:00Z,244021,186842,149689,114108,57179,63090,62650,85483,60848
2025-03-11T21:00:00Z,239888,175455,150878,107625,64433,57336,56910,81769,60222
2025-03-11T22:00:00Z,218057,163675,136909,100995,54382,52772,52389,72617,52474
2025-03-11T23:00:00Z,206269,155684,135709,100286,50585,51301,50968,68411,49865
2025-03-12T00:00:00Z,218885,155625,146982,100219,63260,50795,50376,90982,72031
2025-03-12T01:00:00Z,250968,154198,166347,98263,96770,54171,53797,120683,93020
2025-03-12T02:00:00Z,211255,159491,131841,97801,51764,54867,54527,81736,58643
2025-03-12T03:00:00Z,228402,169598,148017,104585,58804,52964,52579,78669,56938
2025-03-12T04:00:00Z,212565,167360,143066,110611,45205,50765,50391,68573,48887
2025-03-12T05:00:00Z,221069,170774,144034,108921,50295,53515,53172,71508,50024
2025-03-12T06:00:00Z,243541,184284,157946,114045,59257,61550,61163,91976,66604
2025-03-12T07:00:00Z,244271,195900,151080,117881,48371,66343,65966,81353,55147
2025-03-12T08:00:00Z,261301,213378,158039,126028,47923,74609,74171,92357,63576
2025-03-12T09:00:00Z,271971,218196,164647,126761,53775,75445,74959,96430,67356
2025-03-12T10:00:00Z,266210,213922,162658,127382,52288,73961,73502,92553,64579
2025-03-12T11:00:00Z,261682,210742,161565,127085,50940,72082,71649,86450,59780
2025-03-12T12:00:00Z,291314,202294,195837,122503,89020,73901,73430,130507,102722
2025-03-12T13:00:00Z,284464,219706,177755,127161,64758,79974,79507,113690,84235
2025-03-12T14:00:00Z,280259,230870,162954,132543,49389,85273,84763,100740,69003
2025-03-12T15:00:00Z,283110,225776,168118,131119,57334,83598,83071,106284,74826
2025-03-12T16:00:00Z,278342,228043,164802,133068,50299,81424,80907,100015,70074
2025-03-12T17:00:00Z,270283,222631,163374,131413,47652,77494,77008,93023,65390
2025-03-12T18:00:00Z,262135,200741,164625,119658,61394,70454,70006,103518,77383
2025-03-12T19:00:00Z,253891,201104,158521,123425,52787,66116,65695,84943,60049
2025-03-12T20:00:00Z,244161,191340,153796,117853,52821,62704,62261,83391,60362
2025-03-12T21:00:00Z,236157,179916,152362,111981,56241,57165,56764,81362,60811
2025-03-12T22:00:00Z,219834,167457,141074,105932,52377,51788,51356,71004,51536
2025-03-12T23:00:00Z,209120,160801,138099,104595,48319,50911,50544,68075,49984
2025-03-13T00:00:00Z,226264,157743,148173,102312,68521,49957,49546,93131,71977
2025-03-13T01:00:00Z,254299,156931,170830,101659,97368,52550,52157,120140,94268
2025-03-13T02:00:00Z,214459,162129,134922,102250,52330,53081,52708,80405,57068
2025-03-13T03:00:00Z,222945,166918,144834,102275,56027,52650,52305,77870,56837
2025-03-13T04:00:00Z,207945,162577,138885,105229,45368,49406,49077,67484,48621
2025-03-13T05:00:00Z,215503,166595,141117,105225,48908,52870,52546,71255,50215
2025-03-13T06:00:00Z,240980,183175,157949,112899,57805,60144,59769,91317,66659
2025-03-13T07:00:00Z,241976,196877,152938,119376,45099,66043,65693,81761,55294
2025-03-13T08:00:00Z,254155,208271,154595,123210,45884,72264,71853,89854,61598
2025-03-13T09:00:00Z,270565,218920,165270,128000,51645,75464,75036,96248,66931
2025-03-13T10:00:00Z,266540,218162,165431,131101,48378,74297,73870,93281,65470
2025-03-13T11:00:00Z,266765,220364,159801,127105,46401,72213,71782,86838,59877
2025-03-13T12:00:00Z,301403,217296,191353,120221,84107,71849,71395,128304,101076
2025-03-13T13:00:00Z,283984,217607,180624,128193,66377,78896,78433,114486,85265
2025-03-13T14:00:00Z,280950,233197,168641,136379,47753,84881,84387,100706,69877
2025-03-13T15:00:00Z,283560,228005,173760,133803,55555,82860,82361,107181,76903
2025-03-13T16:00:00Z,274820,224465,165725,132505,50355,79501,79022,98600,70106
2025-03-13T17:00:00Z,261904,214987,162427,129663,46917,74536,74069,90489,64161
2025-03-13T18:00:00Z,268853,206247,175810,128349,62606,69457,69008,103287,78657
2025-03-13T19:00:00Z,249987,197563,158836,122098,52424,64608,64138,82470,59261
2025-03-13T20:00:00Z,244283,192668,157259,120239,51615,61657,61189,81772,60654
2025-03-13T21:00:00Z,235244,179847,154234,113343,55397,56234,55798,79771,59597
2025-03-13T22:00:00Z,218467,167454,143962,108398,51013,51559,51166,69930,51410
2025-03-13T23:00:00Z,205979,161283,140632,107392,44696,49440,49087,65090,48615
2025-03-14T00:00:00Z,220800,161029,152655,106851,59771,49021,48612,89568,71763
2025-03-14T01:00:00Z,241324,159990,172229,103309,81334,51968,51597,113800,94118
2025-03-14T02:00:00Z,211628,164480,139073,106156,47148,51815,51472,78694,57206
2025-03-14T03:00:00Z,221788,167943,147216,106409,53845,49654,49317,75703,55224
2025-03-14T04:00:00Z,203585,158720,139146,105554,44865,45541,45232,63564,46193
2025-03-14T05:00:00Z,207987,160416,141868,106172,47571,47494,47181,65659,46668
2025-03-14T06:00:00Z,235416,175794,157603,111184,59622,54902,54562,86690,64117
2025-03-14T07:00:00Z,230951,186318,149500,116380,44633,60059,59699,75737,51961
2025-03-14T08:00:00Z,248574,202495,156095,123966,46079,66621,66211,84196,58244
2025-03-14T09:00:00Z,262212,209132,166412,127359,53080,69112,68696,90852,64016
2025-03-14T10:00:00Z,254887,204226,159313,123942,50661,67171,66656,86770,61567
2025-03-14T11:00:00Z,249409,201312,156578,122915,48097,65453,65042,82337,57001
2025-03-14T12:00:00Z,294422,200976,203535,124157,93446,66816,66384,128217,102651
2025-03-14T13:00:00Z,283061,216397,183157,130294,66664,73060,72613,110530,83011
2025-03-14T14:00:00Z,279962,231180,171997,139187,48782,78995,78492,96064,66737
2025-03-14T15:00:00Z,281541,225645,175763,136569,55896,77053,76585,102134,73457
2025-03-14T16:00:00Z,269057,219648,167536,133956,49409,74007,73531,93488,66818
2025-03-14T17:00:00Z,260557,213780,166510,133763,46777,69265,68832,85358,60766
2025-03-14T18:00:00Z,262466,200334,173285,126492,62132,64140,63679,97803,74639
2025-03-14T19:00:00Z,239712,192322,153875,120216,47390,59006,58590,75573,54197
2025-03-14T20:00:00Z,230179,182523,151424,115659,47656,55414,55025,75103,55352
2025-03-14T21:00:00Z,225894,174659,153248,114215,51235,50425,50028,73941,55702
2025-03-14T22:00:00Z,210392,162609,142408,107826,47783,45710,45347,64317,47270
2025-03-14T23:00:00Z,199966,153585,138082,102912,46381,43615,43303,61396,44939
2025-03-15T00:00:00Z,212028,145699,151866,99207,66329,40675,40281,85704,70012
2025-03-15T01:00:00Z,228873,138989,172741,97521,89884,39944,39600,106810,91977
2025-03-15T02:00:00Z,190206,137859,128932,93666,52347,37733,37383,66844,51316
2025-03-15T03:00:00Z,198027,148291,140702,99526,49736,38217,37910,63614,48665
2025-03-15T04:00:00Z,178942,140580,127993,96571,38362,38114,37847,55168,40762
2025-03-15T05:00:00Z,185068,140003,129613,94663,45065,37443,37170,56332,40951
2025-03-15T06:00:00Z,207789,149824,145503,98703,57965,41300,41006,75100,57191
2025-03-15T07:00:00Z,190895,152282,132137,100615,38613,43310,43037,59451,41544
2025-03-15T08:00:00Z,196089,152767,136381,101507,43322,44765,44475,64336,45687
2025-03-15T09:00:00Z,209458,155635,148175,103990,53823,47779,47504,73321,54229
2025-03-15T10:00:00Z,210152,160061,147370,107727,50091,48638,48385,70114,51223
2025-03-15T11:00:00Z,205603,161711,144308,109084,43892,49163,48884,65343,46614
2025-03-15T12:00:00Z,265409,162820,203066,109360,102589,52021,51733,117176,97027
2025-03-15T13:00:00Z,233401,171343,164595,111366,62058,55477,55128,95014,72127
2025-03-15T14:00:00Z,227376,186082,151081,119791,41294,59700,59315,78545,54219
2025-03-15T15:00:00Z,234437,185574,160901,119816,48863,60145,59841,87186,63530
2025-03-15T16:00:00Z,227934,186625,155709,122952,41309,58823,58525,79096,56909
2025-03-15T17:00:00Z,227393,185556,154553,122283,41837,56303,55974,75823,53045
2025-03-15T18:00:00Z,234073,173732,166615,117255,60341,53229,52893,89164,68994
2025-03-15T19:00:00Z,208813,164736,149178,112469,44077,48836,48563,64134,47512
2025-03-15T20:00:00Z,204444,158050,147482,108655,46394,45577,45283,65131,49392
2025-03-15T21:00:00Z,200750,150063,145330,103885,50687,42341,42067,66298,51199
2025-03-15T22:00:00Z,181029,138454,131065,98068,42575,39336,39031,57174,43750
2025-03-15T23:00:00Z,171456,132989,126432,95305,38467,37986,37703,53112,40794
2025-03-16T00:00:00Z,180270,130391,133010,93629,49879,35802,35445,73436,60494
2025-03-16T01:00:00Z,213099,128829,163051,89382,84270,36192,35868,104951,91807
2025-03-16T02:00:00Z,169692,130509,115013,85724,39183,35318,35033,60951,47560
2025-03-16T03:00:00Z,184773,135990,131198,90192,48783,35843,35561,61965,48053
2025-03-16T04:00:00Z,173017,131930,126001,92659,41087,35956,35647,53901,40263
2025-03-16T05:00:00Z,182291,135497,133241,94751,46794,37028,36778,56132,41890
2025-03-16T06:00:00Z,201550,143423,147677,99045,58127,40548,40277,73587,57791
2025-03-16T07:00:00Z,188985,148600,134710,101424,40385,43046,42788,58895,42630
2025-03-16T08:00:00Z,193735,153122,137829,104585,40613,45004,44703,63730,46962
2025-03-16T09:00:00Z,207571,159114,146588,106351,48457,47043,46724,71560,53584
2025-03-16T10:00:00Z,204316,162367,142995,109095,41949,48929,48575,70013,51646
2025-03-16T11:00:00Z,203286,166085,140738,109877,37201,50764,50455,67824,47408
2025-03-16T12:00:00Z,258848,162851,193163,106071,95997,52851,52495,118428,95807
2025-03-16T13:00:00Z,236504,173856,165335,110933,62648,57084,56785,98267,73864
2025-03-16T14:00:00Z,230844,185158,154813,118417,45686,61802,61514,81846,56641
2025-03-16T15:00:00Z,236816,185180,162872,119274,51636,62015,61708,88467,65365
2025-03-16T16:00:00Z,227862,185699,155802,122021,42163,60642,60332,80533,58432
2025-03-16T17:00:00Z,228454,187345,157912,125308,41109,59382,59076,76493,55216
2025-03-16T18:00:00Z,232724,177152,164245,118929,55572,57356,56947,90861,70689
2025-03-16T19:00:00Z,216114,176841,144859,113377,39273,52517,52210,68521,50009
2025-03-16T20:00:00Z,217813,177469,140725,108477,40344,49862,49532,69476,51452
2025-03-16T21:00:00Z,206176,156286,147700,107243,49890,46783,46478,69987,53905
2025-03-16T22:00:00Z,192078,147569,138166,103603,44509,42884,42608,61094,46135
2025-03-16T23:00:00Z,183716,143351,134218,101796,40365,42634,42306,58408,44571
2025-03-17T00:00:00Z,209107,143382,144011,99769,65725,43032,42625,83487,66239
2025-03-17T01:00:00Z,245469,149879,172769,99932,95590,47979,47589,114239,94990
2025-03-17T02:00:00Z,208654,153506,130897,100552,55148,49541,49181,75518,53868
2025-03-17T03:00:00Z,227127,160776,143503,102297,66351,49284,48820,77262,55791
2025-03-17T04:00:00Z,209380,155888,136484,105303,53492,46969,46535,66451,47530
2025-03-17T05:00:00Z,214620,159362,136199,102060,55258,50637,50274,71090,50040
2025-03-17T06:00:00Z,246510,177416,155031,110101,69094,58756,58346,93269,68022
2025-03-17T07:00:00Z,246793,193221,148564,116142,53572,64103,63706,82376,55623
2025-03-17T08:00:00Z,260435,209601,153626,122231,50834,69864,69402,89312,61070
2025-03-17T09:00:00Z,274989,213371,161622,123198,61618,73908,73432,97207,67525
2025-03-17T10:00:00Z,274404,212768,159369,123441,61636,72039,71519,92879,64315
2025-03-17T11:00:00Z,258332,201314,149620,117001,57018,69507,69062,87760,58912
2025-03-17T12:00:00Z,294063,199931,188957,118100,94132,72988,72437,132064,102406
2025-03-17T13:00:00Z,277357,207071,169325,119660,70286,78389,77887,114594,85016
2025-03-17T14:00:00Z,280742,233230,164717,134825,47512,85779,85265,101717,70266
2025-03-17T15:00:00Z,271032,218115,160266,125878,52917,81630,81111,103909,73780
2025-03-17T16:00:00Z,265951,214140,154899,124771,51811,78794,78272,98825,69091
2025-03-17T17:00:00Z,264394,209041,156507,124060,55353,74415,73893,93939,65614
2025-03-17T18:00:00Z,264293,195231,163669,117502,69062,69728,69256,103594,77537
2025-03-17T19:00:00Z,246844,191905,149451,114582,54939,64875,64454,82874,58922
2025-03-17T20:00:00Z,247477,186040,151326,114136,61437,61774,61327,85092,61870
2025-03-17T21:00:00Z,239527,174578,148920,108468,64949,57024,56600,82554,60805
2025-03-17T22:00:00Z,225198,166317,139673,104980,58881,52477,52058,74381,53715
2025-03-17T23:00:00Z,209348,153884,132164,99530,55464,49656,49252,69009,50493
2025-03-18T00:00:00Z,213072,149207,139466,96184,63865,49398,48956,91464,71880
2025-03-18T01:00:00Z,239693,155954,167119,98167,83739,54278,53896,117489,97314
2025-03-18T02:00:00Z,210421,162567,131656,100074,47854,54083,53694,80577,58836
2025-03-18T03:00:00Z,221719,162008,141261,97757,59711,52526,52146,80176,58386
2025-03-18T04:00:00Z,201813,156140,133547,100170,45673,49815,49490,69351,49680
2025-03-18T05:00:00Z,211140,162857,136688,101014,48283,52990,52653,72882,51334
2025-03-18T06:00:00Z,238532,177144,150060,105568,61388,60288,59892,93037,68001
2025-03-18T07:00:00Z,239732,191955,145153,113099,47777,65516,65135,82446,55947
2025-03-18T08:00:00Z,254196,209092,152858,122252,45104,72289,71863,90593,62092
2025-03-18T09:00:00Z,268353,216277,157413,121879,52076,76477,76043,98784,68781
2025-03-18T10:00:00Z,264349,216464,159806,126789,47885,75434,74988,95356,66688
2025-03-18T11:00:00Z,262813,215382,160131,127428,47431,74233,73794,89986,62167
2025-03-18T12:00:00Z,286591,201487,190334,120179,85104,74333,73884,130196,102831
2025-03-18T13:00:00Z,283704,219435,174842,125274,64269,82281,81799,117392,86873
2025-03-18T14:00:00Z,283459,236656,164236,133479,46803,88978,88461,104251,71922
2025-03-18T15:00:00Z,287173,231471,168074,130272,55702,86213,85685,109214,77624
2025-03-18T16:00:00Z,267145,220975,156925,126997,46170,81119,80630,99487,69756
2025-03-18T17:00:00Z,273341,226430,160589,129512,46911,78608,78133,96198,67599
2025-03-18T18:00:00Z,269954,212842,163794,122438,57112,72717,72213,105920,78791
2025-03-18T19:00:00Z,253248,204061,156359,122659,49187,67121,66680,85640,61173
2025-03-18T20:00:00Z,242584,194271,151455,117347,48313,63609,63142,86174,61429
2025-03-18T21:00:00Z,231588,176772,149119,109897,54816,58463,58061,81248,60451
2025-03-18T22:00:00Z,217036,167022,137672,103445,50014,53758,53359,72728,53142
2025-03-18T23:00:00Z,204063,157061,135313,101975,47002,51591,51217,68597,51043
2025-03-19T00:00:00Z,214762,155178,145468,100803,59584,50670,50237,90157,71354
2025-03-19T01:00:00Z,243542,160707,174794,104399,82835,54697,54323,117063,96539
2025-03-19T02:00:00Z,208006,163134,132702,101117,44872,54836,54479,81024,58724
2025-03-19T03:00:00Z,224048,168428,146017,105292,55620,53717,53339,79484,57508
2025-03-19T04:00:00Z,199183,157746,132930,102306,41437,50912,50548,69319,49751
2025-03-19T05:00:00Z,220914,177623,133857,101402,43291,53545,53210,75439,53766
2025-03-19T06:00:00Z,247734,193649,152555,111167,54085,60629,60251,94968,69923
2025-03-19T07:00:00Z,236483,193344,146738,115946,43139,65259,64865,81830,55354
2025-03-19T08:00:00Z,255210,211799,154080,124042,43411,73212,72777,92294,63407
2025-03-19T09:00:00Z,265601,217247,158601,124127,48354,76098,75589,97114,68012
2025-03-19T10:00:00Z,264039,214896,158880,125001,49143,73502,73013,93292,65704
2025-03-19T11:00:00Z,259103,211467,157802,124721,47636,72116,71649,88190,61421
2025-03-19T12:00:00Z,288345,203098,191400,121197,85247,73220,72658,129246,101882
2025-03-19T13:00:00Z,276308,214829,170864,123847,61479,79535,79023,113234,83928
2025-03-19T14:00:00Z,274779,230891,161869,132506,43888,86019,85526,101763,70725
2025-03-19T15:00:00Z,280921,229217,168133,132061,51704,83942,83446,110433,76783
2025-03-19T16:00:00Z,270251,221296,157958,126245,48955,81947,81367,103759,72535
2025-03-19T17:00:00Z,261973,216057,157905,126861,45916,77019,76535,93492,66433
2025-03-19T18:00:00Z,262568,201774,165979,121900,60794,71389,70879,105020,79418
2025-03-19T19:00:00Z,244922,192241,152612,117582,52681,65903,65437,84887,61395
2025-03-19T20:00:00Z,235761,181657,147022,111003,54104,62364,61916,83945,61504
2025-03-19T21:00:00Z,227988,171653,146216,106526,56335,56653,56232,81178,61100
2025-03-19T22:00:00Z,215438,162883,138787,103813,52555,51755,51379,71223,52818
2025-03-19T23:00:00Z,200986,152174,132124,99363,48812,49425,49058,67244,50164
2025-03-20T00:00:00Z,212434,151720,144208,99038,60714,49858,49423,91183,73099
2025-03-20T01:00:00Z,237773,153793,165856,97394,83980,52984,52581,116853,95900
2025-03-20T02:00:00Z,208058,158025,132515,99239,50033,52516,52126,80783,59297
2025-03-20T03:00:00Z,218328,161554,140062,99859,56774,51640,51250,78996,56879
2025-03-20T04:00:00Z,200371,154811,133539,101142,45560,49297,48957,68172,48682
2025-03-20T05:00:00Z,209060,160212,136057,101039,48848,53009,52667,72264,50293
2025-03-20T06:00:00Z,239716,176395,153492,106726,63321,60580,60133,93428,67952
2025-03-20T07:00:00Z,240793,192952,148611,114648,47841,65171,64758,82643,55917
2025-03-20T08:00:00Z,258390,208585,154861,121847,49805,72923,72488,90681,62589
2025-03-20T09:00:00Z,266914,212813,157841,120435,54101,75805,75365,98571,68278
2025-03-20T10:00:00Z,259887,209867,156008,122824,50020,74338,73878,94455,66368
2025-03-20T11:00:00Z,255054,206897,153531,121160,48157,72647,72192,88937,61563
2025-03-20T12:00:00Z,284981,197616,186512,115413,87365,74175,73679,130188,102070
2025-03-20T13:00:00Z,276395,213248,169892,121906,63147,80695,80214,113949,84179
2025-03-20T14:00:00Z,275691,229347,160395,130357,46344,86517,86000,102294,70595
2025-03-20T15:00:00Z,284599,228946,171303,132770,55653,84425,83895,106899,76497
2025-03-20T16:00:00Z,274734,225494,163908,131753,49240,81448,80939,100734,71091
2025-03-20T17:00:00Z,265532,216114,161183,128303,49418,76213,75712,92227,65625
2025-03-20T18:00:00Z,259880,196702,164359,119485,63178,70614,70153,102904,78118
2025-03-20T19:00:00Z,238889,188968,149504,115586,49921,64203,63763,81573,59133
2025-03-20T20:00:00Z,226505,178467,142972,108392,48038,60707,60263,81050,59613
2025-03-20T21:00:00Z,220349,165467,144780,104093,54882,54881,54479,77235,57693
2025-03-20T22:00:00Z,214288,158463,139856,100445,55825,50660,50287,69836,51838
2025-03-20T23:00:00Z,202004,153070,133831,99434,48934,48776,48416,65798,49661
2025-03-21T00:00:00Z,211082,150212,144864,99486,60870,48205,47774,89794,72338
2025-03-21T01:00:00Z,229944,147518,166769,96769,82426,50347,49961,114768,96125
2025-03-21T02:00:00Z,197909,154447,126693,97292,43462,50980,50619,76759,55868
2025-03-21T03:00:00Z,215954,162565,140557,101696,53389,49948,49603,77265,55857
2025-03-21T04:00:00Z,195943,153128,131768,100804,42815,47259,46931,66410,47987
2025-03-21T05:00:00Z,203898,157907,133266,98966,45991,50982,50673,70823,49588
2025-03-21T06:00:00Z,234257,174783,151018,106613,59474,58611,58232,90920,66357
2025-03-21T07:00:00Z,229798,182242,142971,108682,47556,61723,61332,78059,53274
2025-03-21T08:00:00Z,243862,195784,148630,115356,48078,67867,67436,86278,59717
2025-03-21T09:00:00Z,263461,209274,161521,122829,54187,73224,72723,95541,67433
2025-03-21T10:00:00Z,255826,204545,156027,121851,51281,70289,69813,90817,65134
2025-03-21T11:00:00Z,247996,199863,154927,122252,48133,67164,66724,83950,58865
2025-03-21T12:00:00Z,289400,195478,197504,118987,93922,68829,68353,129114,103532
2025-03-21T13:00:00Z,275373,211112,175977,124864,64261,74042,73589,110766,83471
2025-03-21T14:00:00Z,272283,226748,161408,130954,45535,79020,78533,95572,66654
2025-03-21T15:00:00Z,273667,216456,167686,127878,57211,77876,77351,101700,73710
2025-03-21T16:00:00Z,255396,203405,154488,121152,51991,73245,72735,92847,66293
2025-03-21T17:00:00Z,252921,198775,155022,120638,54146,69922,69398,87940,61687
2025-03-21T18:00:00Z,257090,189500,166833,118519,67590,64809,64335,99186,75382
2025-03-21T19:00:00Z,231594,179703,146528,112261,51891,58628,58189,76528,54779
2025-03-21T20:00:00Z,216399,168421,140150,105907,47978,54988,54586,75325,55823
2025-03-21T21:00:00Z,219527,163332,146282,106633,56195,49919,49482,74800,56809
2025-03-21T22:00:00Z,202396,144866,126682,94559,57530,44388,44008,66932,47484
2025-03-21T23:00:00Z,195330,137933,125918,93117,57397,42871,42489,63603,45847
2025-03-22T00:00:00Z,191774,131591,135371,89671,60183,39951,39547,82331,67658
2025-03-22T01:00:00Z,200223,119402,150803,82293,80821,38736,38393,100971,86740
2025-03-22T02:00:00Z,172039,121745,117990,82115,50294,37440,37138,65980,50766
2025-03-22T03:00:00Z,191345,134581,130463,87581,56764,38223,37937,65763,49441
2025-03-22T04:00:00Z,168961,127393,119132,85560,41568,38899,38609,56731,42317
2025-03-22T05:00:00Z,172980,128738,121326,86198,44242,39538,39225,58087,42544
2025-03-22T06:00:00Z,199114,143193,141078,94457,55921,43866,43577,76960,59353
2025-03-22T07:00:00Z,184937,145398,127185,95535,39539,45052,44776,61537,44064
2025-03-22T08:00:00Z,190630,149426,128978,96667,41204,47213,46937,67618,48898
2025-03-22T09:00:00Z,199876,152715,137287,99235,47161,48887,48622,73698,54537
2025-03-22T10:00:00Z,199990,157387,138774,104757,42603,49291,49005,70547,51813
2025-03-22T11:00:00Z,201645,158948,139735,105187,42697,50226,49954,66376,47548
2025-03-22T12:00:00Z,262936,158411,200024,104685,104525,52485,52174,117344,97721
2025-03-22T13:00:00Z,231316,163874,165149,106708,67442,55106,54821,94766,73786
2025-03-22T14:00:00Z,222117,176807,148955,114070,45310,60046,59673,78028,55801
2025-03-22T15:00:00Z,233398,182771,159781,118003,50627,60418,60121,87083,64591
2025-03-22T16:00:00Z,216913,175647,147007,114462,41266,59574,59291,79339,58224
2025-03-22T17:00:00Z,213123,173375,145682,114030,39748,57489,57217,74085,54282
2025-03-22T18:00:00Z,221484,165609,158753,111721,55875,54576,54301,88480,69901
2025-03-22T19:00:00Z,196232,155899,138033,105206,40333,49399,49140,66052,48706
2025-03-22T20:00:00Z,193443,148928,137202,100874,44515,46706,46425,67011,50780
2025-03-22T21:00:00Z,196020,144207,141646,99332,51813,43576,43262,66863,51578
2025-03-22T22:00:00Z,177844,132838,128820,92797,45006,40043,39782,58567,44447
2025-03-22T23:00:00Z,167972,126929,122743,89626,41043,39324,39081,55239,42320
2025-03-23T00:00:00Z,171662,120537,125694,85425,51125,36814,36483,73863,60523
2025-03-23T01:00:00Z,199282,116773,154337,81985,82509,37646,37334,104859,91141
2025-03-23T02:00:00Z,159355,121087,111474,82883,38268,36821,36550,62587,48519
2025-03-23T03:00:00Z,176285,129400,123718,84760,46885,37554,37287,63320,48873
2025-03-23T04:00:00Z,165146,126286,118927,87006,38860,37568,37336,54592,40948
2025-03-23T05:00:00Z,173183,129191,123683,87969,43992,38937,38690,57351,42637
2025-03-23T06:00:00Z,192734,136058,139477,91902,56676,42297,42013,75338,58617
2025-03-23T07:00:00Z,184147,142524,129928,95295,41623,43893,43622,60398,43641
2025-03-23T08:00:00Z,189908,146419,132856,97760,43489,45923,45643,66094,48449
2025-03-23T09:00:00Z,205155,154400,144661,102482,50755,48682,48375,73450,54783
2025-03-23T10:00:00Z,199264,155064,138258,102286,44200,50195,49896,71389,52512
2025-03-23T11:00:00Z,197931,158740,135967,103970,39191,51487,51200,67247,47971
2025-03-23T12:00:00Z,260117,163474,195881,107690,96643,55367,55084,119851,99531
2025-03-23T13:00:00Z,237365,174235,166552,112015,63130,58966,58671,99286,76487
2025-03-23T14:00:00Z,228268,184553,150926,117659,43715,63866,63549,82269,58328
2025-03-23T15:00:00Z,235167,186191,161332,120821,48976,64158,63858,89407,66576
2025-03-23T16:00:00Z,229413,184861,154672,119848,44552,63929,63630,84075,61382
2025-03-23T17:00:00Z,221713,177745,148219,114170,43968,59548,59253,76799,55536
2025-03-23T18:00:00Z,232249,172219,161624,113143,60030,57308,57007,91770,71194
2025-03-23T19:00:00Z,209508,166100,143225,109458,43408,52449,52178,69678,50461
2025-03-23T20:00:00Z,201119,156901,136958,102339,44218,49610,49290,69817,52015
2025-03-23T21:00:00Z,200336,151411,138294,98994,48925,46718,46419,70461,53782
2025-03-23T22:00:00Z,180046,138756,122735,91211,41290,42491,42210,60928,45148
2025-03-23T23:00:00Z,171596,131670,117727,87249,39926,41464,41187,57600,42812
2025-03-24T00:00:00Z,199111,133755,129022,87645,65356,42258,41883,81296,63655
2025-03-24T01:00:00Z,224537,132994,152812,84469,91543,46680,46288,109959,89444
2025-03-24T02:00:00Z,200840,144981,118261,88483,55859,48971,48625,74375,51322
2025-03-24T03:00:00Z,212271,144854,126317,86860,67417,47398,46966,74488,52751
2025-03-24T04:00:00Z,194642,139459,121060,88843,55183,45441,45006,64500,44746
2025-03-24T05:00:00Z,206019,148012,125578,90799,58007,49819,49485,69107,47668
2025-03-24T06:00:00Z,237111,167021,144821,100111,70090,57914,57507,91972,66142
2025-03-24T07:00:00Z,236720,179949,137246,104841,56771,62448,62051,81589,54067
2025-03-24T08:00:00Z,252516,197011,143128,113112,55505,69342,68898,89277,60577
2025-03-24T09:00:00Z,266807,208768,155939,120425,58039,75042,74578,97842,67831
2025-03-24T10:00:00Z,268511,209765,154848,121639,58746,73353,72896,94623,65596
2025-03-24T11:00:00Z,266429,205256,155055,119759,61173,72743,72262,90961,62219
2025-03-24T12:00:00Z,297921,200419,188433,117278,97502,73540,73034,132131,102863
2025-03-24T13:00:00Z,292059,217183,176890,124571,74876,81047,80540,119184,88292
2025-03-24T14:00:00Z,285587,232810,162790,131509,52777,86804,86280,102813,70767
2025-03-24T15:00:00Z,284645,225808,168120,130630,58837,85362,84866,109503,77609
2025-03-24T16:00:00Z,282966,225155,163491,131477,57811,82254,81722,103480,72586
2025-03-24T17:00:00Z,276271,214210,158529,126442,62061,77592,77106,97050,67217
2025-03-24T18:00:00Z,272904,203857,165233,122767,69047,73260,72767,107247,79655
2025-03-24T19:00:00Z,238945,183025,142129,109844,55920,65066,64598,84967,60033
2025-03-24T20:00:00Z,243125,180505,146062,110435,62620,62840,62305,84613,61158
2025-03-24T21:00:00Z,240461,175754,148745,109864,64707,58704,58265,82661,60717
2025-03-24T22:00:00Z,220756,163402,139219,102934,57354,53566,53140,74470,54606
2025-03-24T23:00:00Z,209172,148705,130929,95121,60467,51201,50822,70465,52092
2025-03-25T00:00:00Z,219357,148360,140340,95300,70997,50795,50345,91135,71611
2025-03-25T01:00:00Z,247794,151956,168417,97754,95838,54643,54207,119333,98007
2025-03-25T02:00:00Z,213070,159641,131510,100380,53429,54214,53828,81220,58015
2025-03-25T03:00:00Z,224299,162923,138931,98290,61376,53104,52707,80341,57959
2025-03-25T04:00:00Z,193648,149762,125840,96148,43886,49620,49265,67641,48680
2025-03-25T05:00:00Z,207710,159141,131457,98717,48569,53235,52914,71800,50415
2025-03-25T06:00:00Z,228321,171597,143814,102122,56724,59745,59366,91851,66435
2025-03-25T07:00:00Z,237714,190554,143624,111702,47160,65759,65349,82858,56360
2025-03-25T08:00:00Z,264855,212318,157230,124327,52537,73209,72758,92550,63685
2025-03-25T09:00:00Z,273105,218233,164027,126133,54872,76763,76331,99129,69394
2025-03-25T10:00:00Z,261514,210914,158144,124254,50600,75109,74653,94623,67658
2025-03-25T11:00:00Z,257004,207491,154580,122055,49513,74487,74035,90249,62624
2025-03-25T12:00:00Z,290544,200974,190523,118065,89570,75945,75450,134307,106339
2025-03-25T13:00:00Z,281519,216207,172320,123712,65312,82344,81825,117457,87212
2025-03-25T14:00:00Z,273666,219407,151524,123806,54259,86011,85508,104253,69611
2025-03-25T15:00:00Z,280389,220804,160657,126859,59585,84513,84011,109190,75592
2025-03-25T16:00:00Z,272542,219642,157847,127208,52900,82523,82027,101450,71549
2025-03-25T17:00:00Z,264437,214615,159003,127232,49822,78703,78248,95433,67508
2025-03-25T18:00:00Z,264566,204393,168673,123918,60173,73059,72584,105836,80076
2025-03-25T19:00:00Z,253022,200095,156833,122118,52927,68314,67817,87089,62460
2025-03-25T20:00:00Z,239295,189574,150755,116137,49721,64840,64372,85108,62804
2025-03-25T21:00:00Z,234689,179109,148864,109553,55580,58545,58089,82344,61580
2025-03-25T22:00:00Z,214051,166597,135139,101976,47454,54050,53629,73452,54572
2025-03-25T23:00:00Z,200732,153393,130938,98274,47339,51336,50985,68881,51477
2025-03-26T00:00:00Z,207466,149467,139605,96552,57999,50174,49745,90104,71987
2025-03-26T01:00:00Z,234942,150135,167137,96472,84807,53644,53258,118770,98583
2025-03-26T02:00:00Z,207478,159511,130515,98285,47967,53802,53431,81066,59144
2025-03-26T03:00:00Z,219047,162062,140354,98510,56985,52450,52081,79706,57794
2025-03-26T04:00:00Z,199346,152694,132221,98092,46652,50175,49862,69448,50279
2025-03-26T05:00:00Z,210090,157754,131305,96233,52336,53063,52741,73514,51815
2025-03-26T06:00:00Z,235762,175310,149228,104746,60452,60707,60340,93676,68892
2025-03-26T07:00:00Z,234324,189957,144361,112728,44367,66116,65771,82751,56571
2025-03-26T08:00:00Z,250309,205988,150682,120566,44321,73565,73155,92268,64268
2025-03-26T09:00:00Z,261817,211832,157198,122070,49985,76674,76227,97450,69011
2025-03-26T10:00:00Z,259109,213218,153080,121158,45891,75159,74701,93990,66985
2025-03-26T11:00:00Z,249962,203541,151797,120015,46421,72995,72515,88077,61866
2025-03-26T12:00:00Z,281484,196358,185494,115638,85126,74135,73659,131050,103277
2025-03-26T13:00:00Z,277358,212586,172981,122865,64772,81277,80830,117037,87329
2025-03-26T14:00:00Z,278049,232669,163586,133447,45380,87687,87153,103427,72209
2025-03-26T15:00:00Z,276911,225263,167592,132042,51648,85573,85085,107339,77339
2025-03-26T16:00:00Z,268725,222013,160616,130482,46712,82556,82012,101370,72467
2025-03-26T17:00:00Z,259960,214629,157604,127334,45331,78144,77662,94619,67722
2025-03-26T18:00:00Z,259471,200448,162701,120005,59023,72948,72452,105039,79938
2025-03-26T19:00:00Z,242920,190088,150890,116299,52832,67064,66573,84288,60851
2025-03-26T20:00:00Z,231487,183987,147011,113760,47500,64123,63645,83382,61597
2025-03-26T21:00:00Z,230420,175256,150807,110245,55164,58075,57662,81493,61491
2025-03-26T22:00:00Z,215253,162765,140053,104123,52488,53597,53186,72968,54152
2025-03-26T23:00:00Z,203092,152757,136421,100685,50335,50883,50528,68099,51346
2025-03-27T00:00:00Z,212919,151670,144738,98971,61249,50491,50063,91354,73428
2025-03-27T01:00:00Z,236667,151429,168570,97142,85238,53655,53286,118438,98799
2025-03-27T02:00:00Z,205263,158782,130600,98661,46481,53738,53386,80142,59024
2025-03-27T03:00:00Z,221374,164741,144146,103268,56633,52334,51961,79181,58287
2025-03-27T04:00:00Z,198458,153049,133243,100351,45409,49725,49371,68628,50270
2025-03-27T05:00:00Z,208451,159170,134963,100516,49281,53045,52743,73024,52282
2025-03-27T06:00:00Z,236953,176594,152806,108870,60359,60436,60062,93388,68864
2025-03-27T07:00:00Z,236496,187616,146843,112617,48880,65825,65449,83404,57742
2025-03-27T08:00:00Z,254307,205410,155442,122300,48897,72692,72283,91548,64001
2025-03-27T09:00:00Z,263233,211177,158485,121711,52056,75526,75086,96383,67986
2025-03-27T10:00:00Z,259235,210301,159133,124963,48934,74288,73875,93286,66454
2025-03-27T11:00:00Z,255592,207903,154849,121771,47689,73355,72930,88537,61988
2025-03-27T12:00:00Z,287668,199317,191876,118588,88351,74832,74330,132990,105572
2025-03-27T13:00:00Z,277115,213721,172461,123400,63394,81168,80681,115758,86183
2025-03-27T14:00:00Z,274061,228746,161610,132116,45315,85612,85144,101260,70681
2025-03-27T15:00:00Z,280860,228557,170549,133731,52303,84088,83621,106284,77050
2025-03-27T16:00:00Z,267328,218782,161264,129675,48546,81274,80760,99750,71703
2025-03-27T17:00:00Z,259639,212396,159907,127225,47243,76152,75613,92048,65679
2025-03-27T18:00:00Z,263985,202669,168115,122805,61316,71167,70687,103219,78340
2025-03-27T19:00:00Z,245483,191975,154109,117693,53508,65466,64926,83433,60461
2025-03-27T20:00:00Z,243421,186292,155628,116747,57129,62343,61819,83472,61875
2025-03-27T21:00:00Z,229649,171664,148123,107060,57985,56712,56259,80330,60344
2025-03-27T22:00:00Z,214264,162260,138520,102245,52004,51403,51001,71243,52426
2025-03-27T23:00:00Z,198213,149899,131644,96925,48314,49325,49000,67039,50697
2025-03-28T00:00:00Z,211410,148284,143423,96471,63126,48996,48620,90009,72372
2025-03-28T01:00:00Z,232740,146573,166736,93949,86167,51189,50822,115840,97028
2025-03-28T02:00:00Z,198404,150190,126855,92643,48214,50984,50626,76830,56623
2025-03-28T03:00:00Z,214681,155885,140468,95707,58796,49513,49145,76760,56246
2025-03-28T04:00:00Z,193316,145120,131745,95359,48196,46222,45887,65931,48035
2025-03-28T05:00:00Z,197888,149471,132510,95646,48417,49674,49341,68653,49420
2025-03-28T06:00:00Z,227215,167231,150050,104321,59984,56432,56019,88819,65897
2025-03-28T07:00:00Z,225031,177424,142419,107708,47607,61259,60861,77721,53767
2025-03-28T08:00:00Z,240596,193284,147109,113805,47312,67659,67241,87004,60796
2025-03-28T09:00:00Z,256116,206201,155240,119765,49915,71598,71172,92186,64935
2025-03-28T10:00:00Z,253268,203171,157145,121330,50097,69930,69468,90219,64622
2025-03-28T11:00:00Z,246722,197505,156494,121206,49217,67080,66670,83800,59521
2025-03-28T12:00:00Z,282948,191874,194041,117651,91074,68232,67788,127651,102255
2025-03-28T13:00:00Z,273079,203268,174583,120108,69811,72745,72334,110122,83784
2025-03-28T14:00:00Z,268941,219125,164442,129875,49816,78059,77601,95472,67811
2025-03-28T15:00:00Z,270791,212614,166416,125569,58177,76350,75859,101250,73393
2025-03-28T16:00:00Z,257428,204809,158594,123190,52619,72993,72473,93026,67403
2025-03-28T17:00:00Z,243841,196932,151627,118805,46909,68752,68311,84959,61149
2025-03-28T18:00:00Z,244230,184117,159193,113880,60113,64639,64186,97330,74690
2025-03-28T19:00:00Z,225343,174999,145201,109130,50344,58699,58284,76087,56067
2025-03-28T20:00:00Z,217648,167144,140778,103685,50504,55417,55012,75777,57305
2025-03-28T21:00:00Z,213524,154758,139717,97059,58766,49864,49485,74018,56147
2025-03-28T22:00:00Z,209719,145442,132838,94263,64277,44834,44404,69470,49425
2025-03-28T23:00:00Z,191310,137171,129265,91816,54139,43122,42762,62031,46813
2025-03-29T00:00:00Z,190940,124525,133164,83812,66415,39719,39349,82342,67383
2025-03-29T01:00:00Z,206684,118589,154445,80138,88095,39118,38793,105323,91112
2025-03-29T02:00:00Z,173756,121598,116635,79134,52158,37488,37179,68160,53128
2025-03-29T03:00:00Z,182030,127032,126052,82729,54998,37938,37644,63945,49123
2025-03-29T04:00:00Z,168300,124379,116829,82771,43921,38293,38008,56622,42311
2025-03-29T05:00:00Z,179017,131037,123641,85685,47980,39379,39109,58628,43781
2025-03-29T06:00:00Z,198086,137690,137315,88335,60396,42546,42260,75328,58561
2025-03-29T07:00:00Z,191634,145482,130099,93106,46152,44274,43998,61507,44896
2025-03-29T08:00:00Z,193217,144681,131565,93430,48536,45510,45224,66172,48517
2025-03-29T09:00:00Z,202840,148376,137380,94035,54464,46811,46542,71844,53321
2025-03-29T10:00:00Z,203670,154573,138627,100195,49097,47816,47536,69919,51539
2025-03-29T11:00:00Z,199903,154305,137019,100411,45598,48446,48179,66424,47306
2025-03-29T12:00:00Z,250192,150818,187446,98163,99374,49860,49569,115584,95828
2025-03-29T13:00:00Z,229518,163279,162808,106192,66239,53106,52838,93352,72411
2025-03-29T14:00:00Z,219033,173902,146383,111848,45131,57112,56840,76549,54021
2025-03-29T15:00:00Z,228967,176274,155188,112902,52693,57621,57345,84602,62131
2025-03-29T16:00:00Z,223966,174932,150757,114201,49034,57132,56847,79057,57411
2025-03-29T17:00:00Z,217770,170690,146923,110765,47080,55146,54859,73661,53025
2025-03-29T18:00:00Z,230502,167946,163093,111580,62556,53109,52829,89428,70072
2025-03-29T19:00:00Z,204856,156579,141075,103535,48277,48695,48420,66739,48704
2025-03-29T20:00:00Z,201315,152638,141723,102685,48677,45369,45082,66780,50087
2025-03-29T21:00:00Z,197610,144142,139190,96572,53468,42502,42230,66876,50828
2025-03-29T22:00:00Z,178975,131970,125077,88231,47005,39137,38887,58835,44310
2025-03-29T23:00:00Z,170129,126930,121006,86919,43199,37949,37712,54790,41962
2025-03-30T00:00:00Z,176106,123256,125917,84225,52850,35677,35350,72841,59070
2025-03-30T01:00:00Z,204275,116985,154628,78925,87290,36194,35900,104599,90635
2025-03-30T02:00:00Z,168785,120969,116034,80027,47816,34810,34548,64955,50334
2025-03-30T03:00:00Z,180733,129191,126072,84843,51542,35724,35465,62056,48212
2025-03-30T04:00:00Z,164850,120982,117850,82266,43868,35808,35559,53744,40608
2025-03-30T05:00:00Z,171462,124223,121975,83597,47239,36840,36594,55802,42010
2025-03-30T06:00:00Z,188234,130018,132820,84841,58216,40773,40520,72333,56720
2025-03-30T07:00:00Z,183371,139649,126959,91564,43722,42806,42535,59282,43202
2025-03-30T08:00:00Z,188611,141523,129715,92965,47088,44810,44506,64699,48083
2025-03-30T09:00:00Z,199722,146772,135339,93409,52950,46053,45733,70236,52658
2025-03-30T10:00:00Z,194956,146133,135333,97194,48823,47179,46894,68935,51266
2025-03-30T11:00:00Z,192577,148604,131760,96698,43973,48448,48168,65100,47036
2025-03-30T12:00:00Z,251101,151811,189493,101116,99290,51146,50838,114885,95970
2025-03-30T13:00:00Z,229679,162382,163794,106238,67297,55325,55039,94509,74313
2025-03-30T14:00:00Z,223335,176870,150638,114466,46465,60595,60313,78772,57021
2025-03-30T15:00:00Z,233525,179741,161621,118042,53784,59900,59602,85483,64080
2025-03-30T16:00:00Z,221043,173062,150432,113936,47981,59017,58696,79766,59158
2025-03-30T17:00:00Z,216023,169020,146321,111238,47003,57161,56838,74222,54852
2025-03-30T18:00:00Z,227949,166418,161293,112277,61531,56179,55875,90475,71746
2025-03-30T19:00:00Z,206165,160118,143355,107435,46047,52239,51959,68714,51264
2025-03-30T20:00:00Z,206988,158379,144586,106942,48609,50061,49761,70578,53956
2025-03-30T21:00:00Z,198399,145269,140284,98196,53130,45652,45390,68849,53472
2025-03-30T22:00:00Z,182717,134044,127237,89980,48673,40824,40554,60079,45807
2025-03-30T23:00:00Z,169928,125655,121558,87348,44273,39779,39547,56361,43522
2025-03-31T00:00:00Z,193497,125913,129419,85159,67584,41302,40951,79090,63400
2025-03-31T01:00:00Z,231893,133375,162004,88165,98518,46175,45809,113162,94167
2025-03-31T02:00:00Z,206094,145124,124475,90774,60970,48123,47687,76385,55399
2025-03-31T03:00:00Z,213286,146282,132853,91144,67004,47577,47177,75956,55213
2025-03-31T04:00:00Z,192054,134274,122885,87920,57780,43721,43379,63224,45778
2025-03-31T05:00:00Z,206090,146177,127956,90626,59913,48384,48032,69213,48966
2025-03-31T06:00:00Z,234278,164563,143084,97282,69715,58540,58123,90986,66256
2025-03-31T07:00:00Z,243860,185577,143098,107999,58283,65182,64755,82391,55919
2025-03-31T08:00:00Z,254492,195974,145507,112497,58518,69677,69230,89619,61373
2025-03-31T09:00:00Z,262482,196588,154635,114661,65894,69541,69072,92384,64641
2025-03-31T10:00:00Z,250155,187275,148229,111657,62880,66068,65584,88009,61984
2025-03-31T11:00:00Z,259067,198966,151052,115558,60101,68715,68245,86244,59410
2025-03-31T12:00:00Z,288888,193937,184237,113252,94951,71471,70964,128900,100819
2025-03-31T13:00:00Z,261868,192817,159155,110886,69051,74819,74340,110643,81246
2025-03-31T14:00:00Z,256346,203092,147277,118140,53254,78492,78004,95793,65171
2025-03-31T15:00:00Z,262460,202382,156027,119510,60078,76796,76325,99676,70419
2025-03-31T16:00:00Z,272577,212820,161097,126626,59757,76184,75681,98484,69436
2025-03-31T17:00:00Z,269891,207419,161158,127385,62472,72198,71737,93146,64440
2025-03-31T18:00:00Z,275421,191728,162461,117590,83693,68948,68446,106779,76886
2025-03-31T19:00:00Z,262421,188337,157480,116483,74084,64949,64494,86757,62094
2025-03-31T20:00:00Z,253397,184905,157280,115954,68492,61638,61171,85067,62928
2025-03-31T21:00:00Z,239982,168617,151532,107309,71365,54457,54001,79153,59150
2025-03-31T22:00:00Z,224630,154441,140348,99726,70189,48657,48245,70517,52403
2025-03-31T23:00:00Z,207724,146182,133316,95692,61542,46998,46629,66388,50186
2025-04-01T00:00:00Z,216230,147160,136630,96312,69070,47613,47160,82735,64207
2025-04-01T01:00:00Z,246209,141163,163529,91029,105046,50541,50119,116355,95245
2025-04-01T02:00:00Z,225269,151236,138059,97156,74033,51157,50766,85561,63927
2025-04-01T03:00:00Z,227567,159335,141224,100069,68232,50379,49982,78355,57741
2025-04-01T04:00:00Z,203568,146275,130052,94501,57293,47181,46825,67522,49159
2025-04-01T05:00:00Z,219045,156550,137640,98439,62495,51170,50794,72190,51863
2025-04-01T06:00:00Z,249967,178532,156898,109403,71435,62531,62092,95770,70516
2025-04-01T07:00:00Z,252003,192839,147626,111898,59164,67514,67077,85541,58404
2025-04-01T08:00:00Z,265499,207219,156566,122188,58280,71792,71334,91459,63682
2025-04-01T09:00:00Z,267073,203910,156236,117552,63163,71530,71047,95029,66314
2025-04-01T10:00:00Z,258641,196715,154178,116124,61926,68151,67686,90371,64330
2025-04-01T11:00:00Z,256600,195329,154040,116170,61271,68163,67740,86672,60504
2025-04-01T12:00:00Z,280018,186884,180725,110360,93134,69763,69264,126402,98903
2025-04-01T13:00:00Z,260101,189575,158424,109456,70526,73106,72626,108585,79790
2025-04-01T14:00:00Z,238970,187838,137355,106905,51132,73871,73316,91651,63332
2025-04-01T15:00:00Z,272545,211806,158812,121582,60739,81985,81501,103127,71465
2025-04-01T16:00:00Z,266127,205003,156890,120490,61124,74751,74261,97218,68906
2025-04-01T17:00:00Z,254873,197454,151089,116786,57419,71682,71193,90405,63613
2025-04-01T18:00:00Z,263923,192028,162072,115684,71895,68188,67683,102714,77515
2025-04-01T19:00:00Z,245924,181547,147719,109371,64377,63183,62629,84493,60354
2025-04-01T20:00:00Z,242882,182059,149284,110988,60823,59596,59083,80958,59705
2025-04-01T21:00:00Z,234656,168041,146214,103546,66615,52603,52144,77443,57595
2025-04-01T22:00:00Z,210523,148057,130246,91635,62466,46676,46231,68052,49822
2025-04-01T23:00:00Z,194854,137731,125458,88593,57123,44384,43998,62842,46653
2025-04-02T00:00:00Z,210260,141837,139134,90606,68423,45609,45179,85871,68940
2025-04-02T01:00:00Z,238686,144456,169690,92446,94230,49280,48879,117362,98365
2025-04-02T02:00:00Z,203362,150939,127513,92735,52423,48906,48552,76587,55967
2025-04-02T03:00:00Z,217277,159278,137671,95765,57999,48290,47905,75265,55282
2025-04-02T04:00:00Z,193568,145765,126418,91907,47803,45472,45139,65139,46781
2025-04-02T05:00:00Z,203173,151616,129038,92714,51557,49651,49270,69461,49199
2025-04-02T06:00:00Z,243517,179389,149121,103797,64128,60342,59895,92632,66806
2025-04-02T07:00:00Z,241805,193814,144038,110513,47991,66491,66030,81632,55672
2025-04-02T08:00:00Z,255173,201729,146239,112887,53444,71203,70737,89744,62192
2025-04-02T09:00:00Z,261500,205082,155605,116556,56418,71214,70744,92995,65166
2025-04-02T10:00:00Z,251323,197354,152329,114835,53969,68074,67604,89695,63494
2025-04-02T11:00:00Z,252528,200183,154200,117666,52345,68366,67921,85567,59835
2025-04-02T12:00:00Z,281781,194184,183176,112833,87597,71913,71439,126992,99785
2025-04-02T13:00:00Z,274022,207609,168421,118648,66413,76373,75887,111384,82545
2025-04-02T14:00:00Z,260283,212356,153067,121760,47927,81549,81048,98316,68861
2025-04-02T15:00:00Z,274577,216320,162759,125426,58257,79887,79379,105062,73405
2025-04-02T16:00:00Z,270728,216669,161229,127867,54059,77575,77020,98644,70518
2025-04-02T17:00:00Z,267987,215276,161443,126291,52711,73814,73316,92386,65793
2025-04-02T18:00:00Z,273552,208710,168235,122436,64842,71070,70546,106754,78484
2025-04-02T19:00:00Z,246943,192460,151803,115195,54483,66122,65644,85522,61403
2025-04-02T20:00:00Z,239244,184770,150747,113372,54474,62109,61644,83945,61935
2025-04-02T21:00:00Z,226847,167562,145980,104301,59285,54755,54347,78831,59413
2025-04-02T22:00:00Z,212226,153000,134060,96756,59226,48732,48341,70798,51800
2025-04-02T23:00:00Z,197824,145733,130735,94899,52091,47350,46985,65195,49074
2025-04-03T00:00:00Z,206245,142946,139013,91843,63299,47715,47301,89055,71007
2025-04-03T01:00:00Z,234271,144513,167194,92803,89758,50839,50473,117924,99157
2025-04-03T02:00:00Z,205788,154512,132347,97391,51276,50292,49911,78573,58697
2025-04-03T03:00:00Z,212250,155390,140085,98108,56860,49313,48944,76146,56328
2025-04-03T04:00:00Z,196728,147411,130917,95492,49317,47563,47206,66797,49369
2025-04-03T05:00:00Z,207152,154417,132410,94072,52735,51868,51518,73564,52092
2025-04-03T06:00:00Z,244567,183262,154553,108936,61305,61726,61335,94394,68824
2025-04-03T07:00:00Z,247413,197460,148049,113355,49953,68921,68501,85126,58811
2025-04-03T08:00:00Z,260237,209348,155111,121170,50889,73353,72880,92749,64699
2025-04-03T09:00:00Z,264098,209423,162138,123668,54675,73473,72991,94881,67226
2025-04-03T10:00:00Z,251528,198573,156768,119942,52955,69180,68717,90405,64771
2025-04-03T11:00:00Z,248791,196225,150536,116231,52566,69366,68927,88103,60931
2025-04-03T12:00:00Z,283941,194140,188039,114476,89801,72270,71800,130067,103599
2025-04-03T13:00:00Z,280078,212470,174322,122663,67608,79024,78531,115346,87308
2025-04-03T14:00:00Z,273753,223216,163311,130147,50537,83229,82721,99764,70692
2025-04-03T15:00:00Z,274446,216396,165713,125168,58050,79443,78971,102599,74262
2025-04-03T16:00:00Z,263546,210992,160893,125815,52554,76871,76288,96689,69661
2025-04-03T17:00:00Z,253343,203104,155821,121535,50239,74167,73700,90587,64983
2025-04-03T18:00:00Z,261072,196875,167513,120388,64197,71424,70918,104379,79788
2025-04-03T19:00:00Z,242529,188657,152161,115619,53872,65666,65171,83192,60760
2025-04-03T20:00:00Z,231290,178266,145284,108237,53024,61955,61422,82277,61117
2025-04-03T21:00:00Z,220303,162574,142518,101059,57729,54612,54181,77667,59009
2025-04-03T22:00:00Z,201302,147470,130510,93164,53832,48211,47829,68383,51029
2025-04-03T23:00:00Z,189844,139705,125896,90774,50139,46514,46090,64445,48900
2025-04-04T00:00:00Z,200564,135823,136242,88344,64741,45540,45129,85773,69763
2025-04-04T01:00:00Z,218037,128115,158131,83430,89922,45017,44671,111510,95502
2025-04-04T02:00:00Z,192243,138013,126959,90506,54230,43341,43010,73588,57095
2025-04-04T03:00:00Z,202103,142392,135809,91987,59711,43584,43239,71146,54514
2025-04-04T04:00:00Z,185773,136935,124301,88621,48838,45163,44818,64197,47635
2025-04-04T05:00:00Z,201203,150507,133693,96624,50696,47790,47444,68173,49716
2025-04-04T06:00:00Z,221052,159722,144476,97951,61330,55033,54625,87022,65568
2025-04-04T07:00:00Z,221774,172190,137497,102125,49584,60899,60491,77768,54860
2025-04-04T08:00:00Z,238159,188182,143235,108948,49977,65649,65223,84601,60842
2025-04-04T09:00:00Z,249482,194435,153083,113498,55047,66749,66337,88996,64566
2025-04-04T10:00:00Z,236117,183841,146239,108986,52276,63461,63016,84682,61148
2025-04-04T11:00:00Z,233018,182555,144861,109032,50463,65749,65315,81942,58337
2025-04-04T12:00:00Z,271979,182573,183274,108723,89406,68666,68196,126511,101754
2025-04-04T13:00:00Z,263537,195593,167217,113583,67944,73412,72970,111065,84292
2025-04-04T14:00:00Z,263895,206603,152231,119645,57292,77394,76937,96914,66591
2025-04-04T15:00:00Z,260008,195533,152393,114687,64475,73634,73160,100003,70436
2025-04-04T16:00:00Z,250939,193796,148192,113994,57143,70597,70044,93409,65757
2025-04-04T17:00:00Z,242345,191412,148835,114687,50933,67109,66646,85086,60519
2025-04-04T18:00:00Z,247957,182267,159349,111455,65690,63756,63310,97362,74352
2025-04-04T19:00:00Z,232160,176107,144596,106420,56053,58566,58104,78741,57110
2025-04-04T20:00:00Z,228708,167767,145407,106158,60941,54572,54131,82131,60853
2025-04-04T21:00:00Z,215211,152246,139236,95095,62965,48865,48403,75761,57487
2025-04-04T22:00:00Z,197928,138668,129042,89075,59260,43173,42774,65960,49484
2025-04-04T23:00:00Z,186199,133713,125922,88536,52486,40860,40510,61645,47533
2025-04-05T00:00:00Z,187638,123123,130763,81383,64515,38312,37918,80185,66652
2025-04-05T01:00:00Z,210600,116701,153636,77422,93899,37295,36947,105316,91567
2025-04-05T02:00:00Z,175054,116042,118540,77695,59012,36016,35696,69068,54822
2025-04-05T03:00:00Z,181351,124306,125979,81387,57045,37181,36883,63985,49731
2025-04-05T04:00:00Z,172757,126709,121886,85413,46048,38295,37997,57102,43376
2025-04-05T05:00:00Z,185665,133473,129401,89534,52192,40099,39837,60966,45318
2025-04-05T06:00:00Z,200837,134110,137764,87124,66727,43479,43185,79404,59579
2025-04-05T07:00:00Z,185647,139722,126177,89348,45925,45098,44830,62776,45536
2025-04-05T08:00:00Z,190718,143710,129684,92611,47008,47214,46938,67941,50060
2025-04-05T09:00:00Z,202938,148708,139952,96892,54230,48558,48277,73027,54691
2025-04-05T10:00:00Z,199799,150763,137313,98920,49036,49104,48832,70869,53070
2025-04-05T11:00:00Z,197902,153907,136712,100777,43995,49162,48898,66435,48211
2025-04-05T12:00:00Z,252196,150162,189400,97653,102034,51539,51257,116305,97496
2025-04-05T13:00:00Z,226606,156708,158432,100170,69898,54122,53839,93527,73364
2025-04-05T14:00:00Z,220709,170765,147923,110400,49944,58496,58223,78234,55914
2025-04-05T15:00:00Z,228587,171487,155597,110591,57100,58780,58495,85344,63446
2025-04-05T16:00:00Z,219885,171464,148287,110901,48421,58394,58089,79158,58391
2025-04-05T17:00:00Z,219480,172340,150027,113980,47140,57106,56810,74997,55600
2025-04-05T18:00:00Z,224549,162917,156429,106942,61632,55215,54900,88233,69434
2025-04-05T19:00:00Z,201874,155304,138742,102087,46570,50381,50086,67149,49954
2025-04-05T20:00:00Z,196179,148182,139267,100253,47997,46990,46702,67463,52080
2025-04-05T21:00:00Z,188583,136580,134548,92228,52003,42317,42058,64814,50534
2025-04-05T22:00:00Z,171832,123271,121746,84044,48561,36561,36293,55166,42279
2025-04-05T23:00:00Z,154149,112377,112424,78062,41772,34892,34669,49995,39096
2025-04-06T00:00:00Z,169059,111639,122172,77884,57420,32827,32489,69932,58139
2025-04-06T01:00:00Z,200477,109122,153377,76022,91355,33709,33397,102123,89700
2025-04-06T02:00:00Z,163436,113547,114350,77287,49889,33078,32801,62554,49723
2025-04-06T03:00:00Z,177234,125444,126729,84673,51790,33868,33611,59711,46769
2025-04-06T04:00:00Z,158452,116078,112586,78418,42374,35031,34768,52377,39745
2025-04-06T05:00:00Z,173016,123110,120128,80597,49906,36268,36006,55244,41382
2025-04-06T06:00:00Z,191460,130598,134433,85940,60862,40315,40030,72081,56477
2025-04-06T07:00:00Z,183886,138501,125574,88509,45385,43300,43011,59775,43266
2025-04-06T08:00:00Z,192143,145087,132050,94790,47056,45359,45060,65290,47839
2025-04-06T09:00:00Z,211230,155826,142258,98859,55404,49185,48896,73231,54750
2025-04-06T10:00:00Z,208015,155418,143004,102476,52597,49946,49638,71759,53918
2025-04-06T11:00:00Z,205040,157910,141479,104421,47130,51493,51225,68699,49345
2025-04-06T12:00:00Z,257875,157381,189976,100620,100494,52042,51746,115889,95804
2025-04-06T13:00:00Z,235499,166218,161830,104503,69281,56191,55914,95599,73556
2025-04-06T14:00:00Z,225848,176959,148616,111938,48889,60726,60390,79259,56694
2025-04-06T15:00:00Z,237707,181232,160733,117350,56475,62569,62280,89425,66208
2025-04-06T16:00:00Z,227779,179738,151809,115423,48041,61139,60845,82953,60377
2025-04-06T17:00:00Z,227506,177195,148324,112857,50311,59048,58749,80263,55907
2025-04-06T18:00:00Z,234554,171431,162000,112228,63123,57617,57323,92679,71310
2025-04-06T19:00:00Z,214271,167951,144927,108457,46320,52776,52501,70307,51544
2025-04-06T20:00:00Z,211860,163658,145559,107393,48202,51676,51400,72526,55257
2025-04-06T21:00:00Z,204657,150066,139437,96807,54591,44883,44605,68433,52458
2025-04-06T22:00:00Z,183283,132609,126298,88478,50674,38768,38494,57601,43947
2025-04-06T23:00:00Z,170315,124821,121158,85905,45494,38821,38559,54628,42058
2025-04-07T00:00:00Z,200860,130141,131418,87385,70719,41966,41573,81020,64411
2025-04-07T01:00:00Z,237075,135370,162704,88366,101705,47581,47210,115691,95914
2025-04-07T02:00:00Z,205192,141480,120980,87467,63712,46561,46215,74887,53970
2025-04-07T03:00:00Z,218309,143860,130870,88535,74449,46718,46376,75830,54567
2025-04-07T04:00:00Z,201314,140648,124272,88163,60666,45120,44740,65624,47189
2025-04-07T05:00:00Z,217572,153625,132223,94421,63947,51857,51480,73454,52257
2025-04-07T06:00:00Z,244607,169716,144087,98473,74891,61586,61158,94171,67750
2025-04-07T07:00:00Z,248828,184641,138517,103218,64187,65520,65059,83900,55630
2025-04-07T08:00:00Z,255356,194566,141364,107916,60790,70493,69996,91194,61927
2025-04-07T09:00:00Z,264261,196917,149226,110958,67344,70477,70004,94070,64932
2025-04-07T10:00:00Z,256100,190512,147278,111165,65588,69277,68791,92069,64551
2025-04-07T11:00:00Z,258389,195442,148240,113549,62947,68919,68461,86495,58775
2025-04-07T12:00:00Z,283296,187060,176042,107223,96236,71642,71057,127866,98950
2025-04-07T13:00:00Z,277011,203080,163444,113878,73931,76392,75879,114000,83152
2025-04-07T14:00:00Z,273038,214400,154453,123170,58638,82932,82411,100858,69128
2025-04-07T15:00:00Z,272333,206335,157269,119421,65998,80076,79548,104305,73924
2025-04-07T16:00:00Z,269679,204081,154910,120197,65598,76922,76414,99376,70528
2025-04-07T17:00:00Z,263661,201884,156359,120710,61777,73807,73325,94074,66411
2025-04-07T18:00:00Z,268484,194098,163905,117808,74386,71578,71125,106809,79848
2025-04-07T19:00:00Z,256441,190186,151001,113379,66255,67285,66841,88996,63191
2025-04-07T20:00:00Z,248128,184867,150954,113343,63261,63544,63076,87327,63873
2025-04-07T21:00:00Z,234153,167606,144386,103498,66547,56477,56044,81928,60511
2025-04-07T22:00:00Z,218801,151751,133822,95761,67050,49425,49009,72676,52852
2025-04-07T23:00:00Z,211194,148636,129442,93409,62558,48091,47718,69895,50569
2025-04-08T00:00:00Z,222816,147704,141213,94068,75112,49419,49000,92049,71584
2025-04-08T01:00:00Z,245866,151442,167985,95226,94424,53343,52927,121589,98252
2025-04-08T02:00:00Z,224971,162507,139485,103955,62464,53817,53435,85495,60501
2025-04-08T03:00:00Z,220703,158473,140716,97261,62230,52167,51828,79140,58184
2025-04-08T04:00:00Z,201349,152677,131790,97161,48672,50464,50132,69889,51147
2025-04-08T05:00:00Z,220884,164173,139948,101133,56711,55642,55333,74987,53707
2025-04-08T06:00:00Z,244473,181442,153001,107910,63031,64911,64516,95610,69933
2025-04-08T07:00:00Z,253435,201606,151960,117188,51829,71420,71024,88461,60631
2025-04-08T08:00:00Z,262405,212267,156851,124497,50138,76108,75660,97031,67976
2025-04-08T09:00:00Z,266437,212171,161549,124456,54266,75024,74587,100025,71321
2025-04-08T10:00:00Z,254138,199813,156676,119768,54325,71129,70703,91855,66014
2025-04-08T11:00:00Z,258642,206264,159733,123545,52378,72017,71583,91056,64562
2025-04-08T12:00:00Z,280620,193973,181689,112968,86647,74628,74151,129312,101295
2025-04-08T13:00:00Z,272937,205516,168127,117851,67421,80167,79710,116038,86259
2025-04-08T14:00:00Z,267246,219697,157254,126551,47549,85352,84879,101867,71530
2025-04-08T15:00:00Z,271023,216365,162035,124812,54658,82892,82388,105742,76102
2025-04-08T16:00:00Z,261579,210584,157944,124264,50995,80401,79912,99941,72213
2025-04-08T17:00:00Z,261937,207730,158424,123093,54207,76221,75769,94810,68152
2025-04-08T18:00:00Z,264244,196612,163085,117123,67632,72669,72189,104358,79187
2025-04-08T19:00:00Z,243610,188470,150624,114089,55140,67426,66945,84564,61869
2025-04-08T20:00:00Z,246735,175493,151979,106565,71242,62154,61686,82082,61233
2025-04-08T21:00:00Z,237633,161946,144559,99371,75687,55936,55511,79067,59869
2025-04-08T22:00:00Z,205590,151826,133003,96233,53764,49784,49375,69671,52630
2025-04-08T23:00:00Z,196434,142935,127999,91687,53499,48004,47629,65961,50085
2025-04-09T00:00:00Z,208598,146051,140974,94754,62547,49243,48840,88538,71416
2025-04-09T01:00:00Z,237061,147990,168821,95367,89071,52952,52572,117118,98524
2025-04-09T02:00:00Z,201764,149434,127410,92336,52330,52994,52633,80033,59894
2025-04-09T03:00:00Z,217131,155801,140731,96160,61330,52257,51869,78817,58933
2025-04-09T04:00:00Z,198129,149427,130541,94722,48702,50427,50043,69512,51270
2025-04-09T05:00:00Z,211303,156425,132643,95073,54878,54887,54556,74297,53394
2025-04-09T06:00:00Z,239368,176592,150226,104379,62776,64720,64287,95455,70387
2025-04-09T07:00:00Z,243120,190405,144380,108390,52715,70746,70326,87037,60064
2025-04-09T08:00:00Z,253795,202916,147595,114319,50879,75655,75199,94213,66440
2025-04-09T09:00:00Z,254712,200157,150081,111548,54555,75501,75032,96399,68148
2025-04-09T10:00:00Z,241801,191595,144761,110255,50206,72575,72090,92169,66084
2025-04-09T11:00:00Z,253613,200922,151465,115881,52691,72749,72224,88749,62673
2025-04-09T12:00:00Z,274616,188214,176315,108047,86402,75274,74721,129007,101741
2025-04-09T13:00:00Z,271064,203801,162281,115182,67263,81020,80491,117823,86800
2025-04-09T14:00:00Z,260464,215347,151660,122654,45117,85413,84899,100973,71024
2025-04-09T15:00:00Z,265095,211740,159680,123347,53355,82236,81718,104491,75521
2025-04-09T16:00:00Z,260494,209443,155605,122703,51051,79076,78570,98868,71196
2025-04-09T17:00:00Z,251858,201679,152996,118633,50179,74715,74279,92230,66223
2025-04-09T18:00:00Z,256809,192926,162288,115610,63883,71830,71342,104052,78883
2025-04-09T19:00:00Z,242319,185574,151133,112482,56745,66487,66013,84811,61627
2025-04-09T20:00:00Z,231784,179263,147736,110497,52521,63034,62584,83221,62426
2025-04-09T21:00:00Z,217991,160478,140302,98205,57513,56519,56100,79389,59844
2025-04-09T22:00:00Z,226851,176927,157746,122501,49924,49925,49519,69390,52012
2025-04-09T23:00:00Z,234931,188060,173711,140368,46871,47462,47081,64712,48806
2025-04-10T00:00:00Z,247415,189105,185038,141578,58310,48150,47722,86269,69597
2025-04-10T01:00:00Z,272621,189908,210454,140418,82713,51515,51142,114026,96017
2025-04-10T02:00:00Z,248071,198621,177304,143477,49450,51866,51529,78334,58440
2025-04-10T03:00:00Z,259205,202811,186567,144440,56394,50891,50539,76451,56727
2025-04-10T04:00:00Z,245214,199493,181085,146521,45721,48895,48549,67309,49749
2025-04-10T05:00:00Z,256729,206595,183923,147340,50134,53795,53440,72078,51840
2025-04-10T06:00:00Z,277065,220161,193385,150131,56904,63656,63246,92762,68151
2025-04-10T07:00:00Z,281933,236244,189434,158209,45689,69818,69357,84938,58488
2025-04-10T08:00:00Z,283701,238692,186852,157207,45009,73009,72541,90413,63127
2025-04-10T09:00:00Z,288050,239271,193187,158367,48779,73144,72670,92721,65773
2025-04-10T10:00:00Z,280434,234954,190251,158632,45480,69440,68949,88078,62883
2025-04-10T11:00:00Z,282251,236030,190278,158263,46221,70973,70518,86618,60642
2025-04-10T12:00:00Z,293911,216557,207308,145328,77354,70941,70437,120725,94709
2025-04-10T13:00:00Z,289472,229220,195204,150710,60252,75760,75280,107465,78436
2025-04-10T14:00:00Z,283473,229995,177701,147328,53478,78023,77527,98289,64132
2025-04-10T15:00:00Z,290486,235797,193294,155344,54689,78037,77531,99688,71227
2025-04-10T16:00:00Z,289445,238770,191573,159687,50675,75172,74693,94016,67255
2025-04-10T17:00:00Z,285809,237676,191571,159767,48133,71253,70753,87552,62004
2025-04-10T18:00:00Z,285048,227914,197425,155585,57134,67378,66911,96799,72752
2025-04-10T19:00:00Z,276434,228525,191313,158730,47909,63162,62725,79925,57161
2025-04-10T20:00:00Z,239272,190335,156773,121755,48937,60471,60001,80500,59471
2025-04-10T21:00:00Z,219354,162171,141428,99507,57183,53447,53044,76477,57467
2025-04-10T22:00:00Z,201540,146990,131340,92420,54550,47010,46630,67020,49937
2025-04-10T23:00:00Z,188992,137340,126402,88922,51652,45349,45029,62372,46723
2025-04-11T00:00:00Z,199264,135570,133148,85231,63694,45436,45059,85177,68024
2025-04-11T01:00:00Z,226647,137539,160362,85229,89108,49321,48988,115192,96542
2025-04-11T02:00:00Z,192737,143442,119670,85905,49295,49828,49509,76520,56570
2025-04-11T03:00:00Z,207635,152165,133438,92434,55470,49073,48716,75271,55365
2025-04-11T04:00:00Z,185090,139821,122110,88379,45269,46484,46171,65215,47460
2025-04-11T05:00:00Z,197854,150951,126819,92104,46903,50329,50017,69423,49090
2025-04-11T06:00:00Z,229546,173314,146903,102587,56232,60500,60109,91470,67050
2025-04-11T07:00:00Z,231852,183552,140448,104864,48300,66685,66278,82104,56153
2025-04-11T08:00:00Z,251223,201218,149250,114099,50005,70424,69988,88917,61713
2025-04-11T09:00:00Z,259732,205165,158959,118990,54567,70496,70036,92328,65482
2025-04-11T10:00:00Z,240148,189016,148395,111199,51132,66065,65591,87191,62153
2025-04-11T11:00:00Z,238320,188815,147790,112772,49505,65700,65248,81881,57619
2025-04-11T12:00:00Z,274878,186350,184609,110783,88528,68487,68003,127104,101420
2025-04-11T13:00:00Z,266418,203066,168863,118624,63352,73453,72994,110436,83331
2025-04-11T14:00:00Z,263063,206447,151090,119975,56616,77014,76564,95920,65873
2025-04-11T15:00:00Z,262807,196604,153348,114691,66203,73695,73199,100820,70508
2025-04-11T16:00:00Z,247315,191828,147544,113464,55487,69914,69434,92433,65355
2025-04-11T17:00:00Z,243998,193554,153245,117959,50444,67020,66607,85198,60413
2025-04-11T18:00:00Z,250740,184321,162789,114427,66419,62854,62344,96598,73193
2025-04-11T19:00:00Z,234731,179047,151229,113095,55684,57870,57455,76571,55092
2025-04-11T20:00:00Z,226989,171754,148677,109195,55235,54244,53818,74845,55807
2025-04-11T21:00:00Z,211667,153922,140687,98879,57745,48178,47808,71685,54546
2025-04-11T22:00:00Z,184826,132429,120205,84277,52397,41906,41522,62507,47144
2025-04-11T23:00:00Z,173158,124048,116036,80599,49110,39380,39042,57702,43751
2025-04-12T00:00:00Z,175952,116463,123169,76643,59489,36136,35761,77862,64239
2025-04-12T01:00:00Z,196179,108896,145708,71424,87283,36667,36347,104518,90639
2025-04-12T02:00:00Z,164637,113643,110537,73280,50994,35354,34951,66600,51612
2025-04-12T03:00:00Z,186988,127799,127893,81666,59189,36356,36008,63665,48307
2025-04-12T04:00:00Z,170617,122211,119599,81148,48406,36826,36539,55716,41393
2025-04-12T05:00:00Z,173165,120877,119172,77465,52288,38192,37922,58128,42753
2025-04-12T06:00:00Z,187320,128141,130164,81443,59179,42197,41909,74237,57296
2025-04-12T07:00:00Z,182362,136978,121844,85398,45384,44900,44627,62593,44331
2025-04-12T08:00:00Z,185565,141530,122908,88298,44035,47140,46847,67504,49033
2025-04-12T09:00:00Z,194826,145263,129423,90227,49563,48283,48014,72561,53051
2025-04-12T10:00:00Z,191633,143534,128341,90143,48099,48451,48174,70345,51414
2025-04-12T11:00:00Z,188478,143520,125891,89879,44958,48293,47994,65414,46538
2025-04-12T12:00:00Z,245223,143906,182340,90766,101317,50438,50139,115202,95769
2025-04-12T13:00:00Z,221788,153924,155374,96600,67864,53676,53371,93208,72891
2025-04-12T14:00:00Z,211803,164104,140954,103163,47699,58065,57778,75678,54075
2025-04-12T15:00:00Z,221011,166228,149705,105099,54783,57832,57456,83569,61871
2025-04-12T16:00:00Z,211160,164450,141557,105032,46710,56781,56441,77704,57389
2025-04-12T17:00:00Z,205274,162822,137906,104744,42452,54260,53960,71543,51826
2025-04-12T18:00:00Z,211717,154063,147869,100172,57654,52644,52323,85926,67571
2025-04-12T19:00:00Z,187659,142867,127396,92647,44792,47554,47286,63843,47069
2025-04-12T20:00:00Z,181435,134990,126231,88830,46445,44401,44137,64292,48771
2025-04-12T21:00:00Z,172455,122055,120417,79604,50400,39879,39626,62309,48040
2025-04-12T22:00:00Z,156929,111045,111014,74633,45884,34872,34623,53146,40647
2025-04-12T23:00:00Z,136679,106328,91332,68947,30351,33870,33640,48852,37247
2025-04-13T00:00:00Z,128579,98479,84862,65495,30100,30464,30156,44499,32675
2025-04-13T01:00:00Z,122541,96769,81111,63797,25772,29924,29670,40332,28918
2025-04-13T02:00:00Z,192759,104385,146611,69501,88374,34933,34604,105315,91649
2025-04-13T03:00:00Z,166665,113591,118502,75075,53074,35019,34706,73496,59796
2025-04-13T04:00:00Z,160847,116145,110501,74647,44702,35093,34804,61855,48300
2025-04-13T05:00:00Z,160175,115990,111534,75941,44185,37012,36754,55773,41632
2025-04-13T06:00:00Z,184873,128900,130299,83239,55973,41425,41144,72832,56638
2025-04-13T07:00:00Z,180155,135909,121847,85592,44246,44043,43766,60656,43198
2025-04-13T08:00:00Z,195353,150002,129588,93261,45351,46676,46365,66298,48250
2025-04-13T09:00:00Z,206188,154270,135473,93596,51918,48196,47891,72737,53735
2025-04-13T10:00:00Z,198586,149121,133492,94477,49465,49082,48786,71535,52210
2025-04-13T11:00:00Z,198501,152085,134128,97020,46416,50287,49987,66838,47905
2025-04-13T12:00:00Z,245615,145942,180774,91869,99673,52520,52221,117371,97181
2025-04-13T13:00:00Z,223869,160646,154159,100904,63223,56429,56150,94759,73299
2025-04-13T14:00:00Z,217887,172234,143084,107938,45653,61119,60828,79937,56735
2025-04-13T15:00:00Z,221772,172131,148972,108239,49641,60997,60697,86165,63695
2025-04-13T16:00:00Z,212550,168426,141555,107243,44124,59610,59293,80033,58496
2025-04-13T17:00:00Z,210401,166859,141155,106978,43542,57838,57548,75577,54802
2025-04-13T18:00:00Z,224683,164489,156353,107097,60194,56931,56618,91164,71227
2025-04-13T19:00:00Z,202735,154155,137966,100329,48580,52352,52056,69462,51450
2025-04-13T20:00:00Z,198592,149167,136922,97860,49425,48902,48626,69705,52967
2025-04-13T21:00:00Z,187453,134659,130225,87980,52794,44065,43785,67014,51574
2025-04-13T22:00:00Z,168719,121523,115128,79150,47196,38315,38028,57481,43543
2025-04-13T23:00:00Z,157525,114749,110258,77458,42776,37971,37707,54448,41716
2025-04-14T00:00:00Z,183065,119588,119329,77698,63477,39722,39350,76800,60899
2025-04-14T01:00:00Z,222941,127895,152977,79732,95046,46036,45647,113232,94294
2025-04-14T02:00:00Z,196309,139507,116065,82860,56802,48012,47686,76562,55167
2025-04-14T03:00:00Z,209724,141891,127607,86248,67833,47230,46742,75612,54283
2025-04-14T04:00:00Z,194028,135325,122349,86237,58703,44703,44270,65058,46195
2025-04-14T05:00:00Z,207659,145927,127592,88617,61732,49475,49101,70429,49493
2025-04-14T06:00:00Z,235429,166720,142626,96805,68709,59877,59447,91880,66177
2025-04-14T07:00:00Z,242762,184841,140241,105511,57921,66420,65981,84386,56408
2025-04-14T08:00:00Z,248958,192832,139756,107940,56126,71039,70546,90714,62054
2025-04-14T09:00:00Z,260429,199561,146775,110370,60868,70890,70384,93408,64165
2025-04-14T10:00:00Z,251472,192443,143563,109129,59029,67681,67183,89844,62207
2025-04-14T11:00:00Z,253106,193223,146264,111481,59883,69383,68921,87482,59488
2025-04-14T12:00:00Z,281854,189362,177970,108735,92492,71701,71202,128224,99551
2025-04-14T13:00:00Z,273125,201131,164061,113950,71994,77818,77322,114892,84756
2025-04-14T14:00:00Z,268791,214415,152695,120955,54376,81462,80966,98451,67587
2025-04-14T15:00:00Z,268415,205444,157613,118905,62971,78576,78059,102715,72843
2025-04-14T16:00:00Z,260207,201867,151446,116719,58340,75503,74929,96997,68163
2025-04-14T17:00:00Z,254771,197374,147658,113987,57397,71986,71517,91197,64096
2025-04-14T18:00:00Z,264761,189226,158601,113490,75535,70713,70158,107009,78938
2025-04-14T19:00:00Z,245779,183429,146380,110574,62350,67243,66764,88504,62800
2025-04-14T20:00:00Z,239476,174613,142052,105510,64863,62581,62061,86386,63081
2025-04-14T21:00:00Z,225700,160127,136894,96453,65573,55092,54592,79861,59299
2025-04-14T22:00:00Z,210468,147674,128618,91257,62794,49695,49266,72210,52940
2025-04-14T23:00:00Z,200292,137720,124234,87102,62572,48324,47954,68465,51092
2025-04-15T00:00:00Z,209311,139309,134872,88687,70002,48514,48050,88513,69292
2025-04-15T01:00:00Z,227193,138919,160212,86569,88274,52768,52383,117416,98338
2025-04-15T02:00:00Z,203449,149550,125917,89542,53899,53427,53051,81651,60617
2025-04-15T03:00:00Z,213040,154446,134119,92521,58594,52636,52260,80571,59416
2025-04-15T04:00:00Z,189161,142381,122820,88990,46780,50142,49767,69795,50875
2025-04-15T05:00:00Z,203746,151373,128903,91122,52373,54462,54126,73869,52568
2025-04-15T06:00:00Z,238232,174795,149759,101823,63437,63993,63601,95943,70853
2025-04-15T07:00:00Z,244060,192783,143262,107816,51277,70136,69691,86566,59302
2025-04-15T08:00:00Z,253772,203224,147575,114609,50548,74007,73525,92068,64124
2025-04-15T09:00:00Z,247793,197080,149704,114616,50713,72773,72326,93387,66099
2025-04-15T10:00:00Z,243550,194965,147985,114705,48585,70989,70514,91396,65377
2025-04-15T11:00:00Z,245253,197767,148816,116325,47486,70892,70425,87008,60961
2025-04-15T12:00:00Z,276552,192489,179472,111183,84063,75310,74759,130759,102751
2025-04-15T13:00:00Z,266067,204106,162435,114871,61961,79973,79447,115570,86398
2025-04-15T14:00:00Z,262530,216516,152813,123988,46014,84835,84286,101667,70685
2025-04-15T15:00:00Z,268691,212761,160729,122765,55930,82419,81894,105091,75245
2025-04-15T16:00:00Z,262595,208089,158215,121877,54506,78698,78198,100024,72091
2025-04-15T17:00:00Z,253971,202198,155571,120489,51773,74160,73706,92787,65996
2025-04-15T18:00:00Z,255649,194238,161994,117027,61411,71502,71049,103400,77544
2025-04-15T19:00:00Z,238894,188512,149605,114846,50382,66753,66322,85330,61717
2025-04-15T20:00:00Z,231031,181393,145912,110939,49638,62916,62443,83201,61734
2025-04-15T21:00:00Z,215739,163973,137563,99526,51766,56160,55764,78453,58916
2025-04-15T22:00:00Z,197127,150997,125557,93505,46130,50248,49850,67624,50170
2025-04-15T23:00:00Z,186945,140874,123505,90516,46071,48712,48275,65318,49325
2025-04-16T00:00:00Z,195923,137619,131266,87553,58304,48897,48455,85903,68968
2025-04-16T01:00:00Z,227965,141558,162825,89154,86407,52439,52037,116168,97471
2025-04-16T02:00:00Z,198765,150332,127332,92820,48433,53155,52796,77919,56859
2025-04-16T03:00:00Z,211741,154585,136250,93772,57156,51977,51603,78294,58074
2025-04-16T04:00:00Z,198286,152828,128382,94350,45458,49738,49395,68647,50335
2025-04-16T05:00:00Z,203742,155021,129578,95319,48721,54675,54340,73492,52339
2025-04-16T06:00:00Z,226031,172769,142264,102211,53262,63106,62742,92115,67290
2025-04-16T07:00:00Z,225854,182936,135182,104978,42918,68910,68492,83332,56859
2025-04-16T08:00:00Z,235328,192926,137003,109046,42402,73450,73023,89767,62327
2025-04-16T09:00:00Z,240618,193065,144558,110975,47553,72916,72480,92966,65613
2025-04-16T10:00:00Z,230340,183951,140244,107778,46389,68841,68399,87255,61704
2025-04-16T11:00:00Z,235401,187950,145179,111179,47451,69937,69424,85362,59517
2025-04-16T12:00:00Z,261671,179773,174150,106594,81898,71093,70626,124072,97488
2025-04-16T13:00:00Z,251503,191426,158298,111163,60077,77205,76710,109948,81990
2025-04-16T14:00:00Z,245476,203763,147628,118523,41713,80255,79769,95523,66846
2025-04-16T15:00:00Z,246737,195901,145744,112407,50836,76067,75571,99414,70189
2025-04-16T16:00:00Z,237955,194164,144330,115418,43791,75614,75113,93441,67051
2025-04-16T17:00:00Z,233870,192007,142015,113294,41863,72557,72131,87408,62041
2025-04-16T18:00:00Z,233471,179244,147728,107788,54227,68045,67562,97852,74292
2025-04-16T19:00:00Z,222586,173785,138487,105614,48801,62912,62405,78064,56166
2025-04-16T20:00:00Z,219308,169801,139029,103626,49507,59428,58926,78605,58003
2025-04-16T21:00:00Z,214293,155895,136101,96562,58398,53755,53312,75926,56439
2025-04-16T22:00:00Z,204416,145641,127492,92672,58775,48135,47739,67437,48535
2025-04-16T23:00:00Z,199058,133957,121344,86693,65101,46476,46080,67985,47362
2025-04-17T00:00:00Z,198393,138633,131411,86175,59760,46762,46350,88142,68202
2025-04-17T01:00:00Z,218827,133909,157111,84340,84918,50354,49968,115881,97342
2025-04-17T02:00:00Z,191105,147718,119366,90114,43387,52328,51899,76490,54837
2025-04-17T03:00:00Z,202559,151051,129535,91206,51508,50724,50317,75853,56143
2025-04-17T04:00:00Z,185956,143711,121973,90457,42245,49488,49112,67957,49959
2025-04-17T05:00:00Z,197104,148783,126545,91653,48321,52532,52203,70548,50594
2025-04-17T06:00:00Z,226353,167901,144493,99720,58452,61039,60664,90940,66916
2025-04-17T07:00:00Z,224690,178218,137631,104605,46472,66856,66469,82111,56972
2025-04-17T08:00:00Z,215439,173345,127932,99412,42094,66401,65967,83537,57773
2025-04-17T09:00:00Z,219152,171970,134662,101061,47182,66734,66311,86129,61004
2025-04-17T10:00:00Z,223925,178060,140112,107850,45865,65777,65307,83878,60608
2025-04-17T11:00:00Z,236585,188573,145566,112056,48012,68297,67829,82991,58528
2025-04-17T12:00:00Z,273174,189243,182505,113060,83931,71203,70694,126070,100583
2025-04-17T13:00:00Z,269090,205006,166886,116894,64084,76732,76192,111582,84492
2025-04-17T14:00:00Z,260085,214130,155774,124642,45955,80393,79887,96391,67605
2025-04-17T15:00:00Z,264411,208266,161964,122325,56145,77224,76743,100643,73039
2025-04-17T16:00:00Z,247939,196161,150839,116198,51778,73297,72839,93246,67161
2025-04-17T17:00:00Z,245700,195442,151633,117365,50258,70181,69744,85724,61591
2025-04-17T18:00:00Z,248513,186448,160361,114125,62065,66951,66495,99001,75789
2025-04-17T19:00:00Z,229959,178587,146588,110218,51372,62790,62320,78391,57396
2025-04-17T20:00:00Z,223082,172668,143155,107096,50414,58083,57643,77330,58021
2025-04-17T21:00:00Z,207857,155504,136821,97380,52353,51695,51312,73410,56194
2025-04-17T22:00:00Z,191438,143271,126484,92209,48167,45789,45385,62723,47185
2025-04-17T23:00:00Z,181379,134376,122800,89023,47003,44200,43846,60152,46169
2025-04-18T00:00:00Z,189624,128618,130939,84556,61006,43669,43269,82740,67391
2025-04-18T01:00:00Z,221927,133702,161690,86010,88225,48153,47811,112789,95397
2025-04-18T02:00:00Z,191080,138871,124369,86407,52209,48096,47762,72756,53862
2025-04-18T03:00:00Z,206365,146073,137222,90354,60292,47404,47065,72064,53837
2025-04-18T04:00:00Z,184656,138007,124343,89651,46649,45532,45203,64030,47471
2025-04-18T05:00:00Z,196354,146434,127845,91735,49920,49713,49377,68792,49426
2025-04-18T06:00:00Z,219847,161150,143566,98926,58697,56821,56462,88087,65451
2025-04-18T07:00:00Z,217452,170467,135446,102892,46985,60436,60066,76940,53727
2025-04-18T08:00:00Z,225084,179418,140503,108416,45666,63117,62755,81851,57943
2025-04-18T09:00:00Z,230547,179165,146514,109310,51382,63313,62906,86043,62086
2025-04-18T10:00:00Z,218974,170957,141017,106787,48017,57736,57355,78361,56425
2025-04-18T11:00:00Z,219870,168858,140922,104864,51012,58473,58136,75676,54170
2025-04-18T12:00:00Z,267149,171908,188232,106859,95241,62224,61840,123358,101050
2025-04-18T13:00:00Z,249576,181901,166787,111957,67675,65941,65568,103606,79780
2025-04-18T14:00:00Z,244577,195116,155100,120441,49461,70952,70565,88421,63449
2025-04-18T15:00:00Z,247609,191522,158125,117275,56087,70102,69698,94673,69539
2025-04-18T16:00:00Z,238142,190642,152017,118512,47500,67920,67484,87685,63940
2025-04-18T17:00:00Z,230777,184000,146142,113473,46777,65676,65265,82454,59292
2025-04-18T18:00:00Z,238709,178017,159004,113665,60692,62306,61892,94864,73331
2025-04-18T19:00:00Z,219043,167019,142210,105881,52024,56374,55950,75375,55058
2025-04-18T20:00:00Z,212615,160176,137625,100197,52439,52586,52185,73232,55153
2025-04-18T21:00:00Z,204630,148382,135912,94369,56248,48781,48412,70698,54349
2025-04-18T22:00:00Z,189807,134893,126193,87005,54914,42308,41958,61101,46153
2025-04-18T23:00:00Z,176031,125355,120368,83866,50676,40204,39897,57453,44358
2025-04-19T00:00:00Z,181806,119709,128476,79617,62097,38132,37785,79872,66334
2025-04-19T01:00:00Z,197286,111370,147720,74717,85916,38288,37954,104129,90528
2025-04-19T02:00:00Z,164643,117926,113642,79163,46717,37711,37401,66006,51776
2025-04-19T03:00:00Z,178659,125984,122341,81014,52675,38695,38431,64040,49126
2025-04-19T04:00:00Z,167574,125211,116764,82877,42363,39690,39398,57404,43429
2025-04-19T05:00:00Z,176000,129856,122645,86656,46144,41447,41176,60290,44876
2025-04-19T06:00:00Z,194889,136751,136385,89127,58138,44952,44650,77313,60514
2025-04-19T07:00:00Z,190257,144808,129147,92689,45449,46701,46428,63969,46536
2025-04-19T08:00:00Z,194353,147647,132907,96297,46706,48454,48162,68266,50629
2025-04-19T09:00:00Z,201977,150527,140268,98999,51450,49341,49067,73149,54969
2025-04-19T10:00:00Z,198672,151812,137255,100676,46860,49542,49251,70072,52456
2025-04-19T11:00:00Z,191520,148416,131444,96976,43104,50309,50032,66247,48692
2025-04-19T12:00:00Z,247439,150310,187413,99750,97129,51584,51253,115079,96817
2025-04-19T13:00:00Z,221354,156240,157224,101409,65114,55183,54876,94712,75284
2025-04-19T14:00:00Z,212397,168200,142213,107810,44197,59744,59476,77236,55774
2025-04-19T15:00:00Z,219499,167275,149463,107215,52224,58500,58206,85014,62842
2025-04-19T16:00:00Z,208472,164101,142731,107519,44371,57586,57302,76850,57892
2025-04-19T17:00:00Z,210149,166692,146047,111609,43457,55603,55330,71819,53591
2025-04-19T18:00:00Z,215632,157121,153648,104619,58511,53393,53088,86019,68439
2025-04-19T19:00:00Z,198206,154336,136872,102459,43870,50010,49727,65109,48978
2025-04-19T20:00:00Z,191105,145828,136178,99791,45277,46149,45887,65592,50899
2025-04-19T21:00:00Z,179040,130807,127419,87776,48233,42543,42286,64031,50139
2025-04-19T22:00:00Z,163758,121400,117276,83587,42358,37203,36974,53354,41717
2025-04-19T23:00:00Z,151782,112019,110864,78987,39763,36467,36209,51490,41055
2025-04-20T00:00:00Z,162614,109874,117614,75952,52740,35273,34935,69902,58702
2025-04-20T01:00:00Z,197575,110752,154400,77862,86823,35527,35208,104994,92927
2025-04-20T02:00:00Z,152826,105726,107658,71863,47100,35149,34856,64047,51803
2025-04-20T03:00:00Z,175039,124101,122813,81522,50938,36657,36383,62597,49319
2025-04-20T04:00:00Z,160989,117678,114311,79004,43311,37417,37130,54731,41874
2025-04-20T05:00:00Z,166231,121459,117107,81056,44772,39040,38795,57263,43731
2025-04-20T06:00:00Z,189076,133896,134407,88573,55180,43209,42909,74657,58960
2025-04-20T07:00:00Z,177967,136738,122772,89291,41229,45676,45357,61247,45242
2025-04-20T08:00:00Z,188389,145300,130030,95420,43089,47973,47666,67004,49791
2025-04-20T09:00:00Z,199025,148949,135757,95605,50076,48440,48162,72199,54513
2025-04-20T10:00:00Z,195088,150177,134080,98689,44911,48682,48389,69437,51797
2025-04-20T11:00:00Z,191389,147864,132087,97191,43525,49697,49430,65812,48508
2025-04-20T12:00:00Z,246348,148949,185162,97418,97399,51570,51267,116044,97961
2025-04-20T13:00:00Z,221600,157008,158065,102662,64592,54895,54616,93120,73828
2025-04-20T14:00:00Z,216861,172897,148855,114347,43964,59136,58861,76718,56257
2025-04-20T15:00:00Z,224289,174451,156188,115246,49838,59343,59063,84004,63460
2025-04-20T16:00:00Z,215201,172062,147680,113894,43139,58259,57974,77755,58088
2025-04-20T17:00:00Z,206217,164877,140961,108872,41340,55620,55353,72827,53873
2025-04-20T18:00:00Z,216568,160252,153684,107175,56316,54226,53940,87112,69271
2025-04-20T19:00:00Z,194642,152219,135199,101347,42423,50175,49913,66244,49680
2025-04-20T20:00:00Z,190320,144476,134363,97614,45844,47059,46704,67177,51984
2025-04-20T21:00:00Z,185267,134475,131554,90653,50792,44015,43692,65174,51127
2025-04-20T22:00:00Z,167514,122141,118998,84014,45373,38774,38463,55948,43446
2025-04-20T23:00:00Z,163336,120128,119551,85029,43208,39059,38822,54321,42914
2025-04-21T00:00:00Z,185289,121344,123962,81791,63945,40758,40387,76825,61586
2025-04-21T01:00:00Z,223273,130281,154993,84144,92992,47235,46874,111463,93349
2025-04-21T02:00:00Z,204767,150950,121937,89109,53817,48934,48513,75855,56159
2025-04-21T03:00:00Z,206937,146805,129082,91521,60132,49509,49111,76388,56669
2025-04-21T04:00:00Z,190209,138581,123261,90175,51628,46845,46502,65720,48619
2025-04-21T05:00:00Z,203098,146582,127096,91777,56516,50415,50080,71738,50497
2025-04-21T06:00:00Z,226529,161628,142014,97922,64901,57900,57506,90523,65917
2025-04-21T07:00:00Z,227017,170729,136764,102314,56288,60446,60101,78588,53627
2025-04-21T08:00:00Z,225797,172031,136430,103534,53766,62895,62470,82937,57982
2025-04-21T09:00:00Z,238410,176760,147576,108376,61650,62939,62534,87928,62471
2025-04-21T10:00:00Z,230189,171581,142320,107111,58608,61087,60682,84076,59909
2025-04-21T11:00:00Z,229548,172586,141927,107452,56962,60842,60451,80669,56052
2025-04-21T12:00:00Z,266128,171424,181213,107902,94704,63539,63092,124116,99294
2025-04-21T13:00:00Z,260821,186447,166833,113727,74374,69694,69297,110167,83191
2025-04-21T14:00:00Z,259456,204327,158166,125336,55129,75380,74963,94197,66460
2025-04-21T15:00:00Z,270278,208245,167585,128506,62033,75034,74531,100976,72747
2025-04-21T16:00:00Z,258480,202574,156921,124367,55906,73119,72676,95138,67518
2025-04-21T17:00:00Z,257898,199484,157056,122872,58414,71243,70814,91596,65304
2025-04-21T18:00:00Z,264255,192310,163027,116824,71945,69499,69061,104309,78905
2025-04-21T19:00:00Z,245843,182549,150045,112817,63294,63259,62844,83650,60082
2025-04-21T20:00:00Z,237439,177681,146185,109848,59758,61235,60787,83266,61645
2025-04-21T21:00:00Z,228455,166580,142122,103453,61875,56518,56093,79185,59646
2025-04-21T22:00:00Z,208120,151310,128494,95529,56810,49579,49204,69110,50782
2025-04-21T23:00:00Z,195298,140175,124368,91365,55123,47399,47054,64864,48932
2025-04-22T00:00:00Z,201667,139194,134401,89678,62473,48389,47982,86409,69256
2025-04-22T01:00:00Z,234866,146217,167535,94425,88649,52758,52374,117353,98224
2025-04-22T02:00:00Z,204719,155402,129512,97524,49317,54534,54189,78744,57847
2025-04-22T03:00:00Z,224277,166845,138698,98278,57432,53313,52972,79595,57924
2025-04-22T04:00:00Z,211606,154381,129503,96626,57225,51704,51339,73221,50597
2025-04-22T05:00:00Z,219085,166387,137332,101840,52698,56598,56229,76057,53768
2025-04-22T06:00:00Z,245062,188123,154008,112219,56939,65412,65023,95291,68990
2025-04-22T07:00:00Z,246720,199469,145315,113501,47251,71876,71448,88392,59699
2025-04-22T08:00:00Z,252482,204870,147501,117424,47612,74714,74258,92880,64081
2025-04-22T09:00:00Z,260613,208182,155012,119256,52431,75355,74900,96086,67188
2025-04-22T10:00:00Z,247274,196545,147992,114639,50729,71474,70991,90758,64085
2025-04-22T11:00:00Z,252411,203053,152643,119903,49358,73153,72705,89062,62033
2025-04-22T12:00:00Z,283969,196268,184332,113896,87701,75076,74592,130976,102904
2025-04-22T13:00:00Z,273426,206768,168735,118714,66658,79990,79463,115317,85729
2025-04-22T14:00:00Z,271838,224230,161240,130487,47608,84970,84451,100811,70454
2025-04-22T15:00:00Z,271364,216053,164403,126552,55311,82064,81554,104438,74652
2025-04-22T16:00:00Z,267030,217372,161640,129300,49658,80360,79845,99822,71125
2025-04-22T17:00:00Z,256098,209658,157217,125897,46440,77745,77285,94315,67192
2025-04-22T18:00:00Z,260616,202570,167107,124214,58046,73528,73038,104750,79631
2025-04-22T19:00:00Z,246599,197857,155808,122665,48742,68743,68303,86713,62394
2025-04-22T20:00:00Z,233289,183625,147631,112840,49664,63227,62765,84068,61648
2025-04-22T21:00:00Z,222643,169592,142069,103048,53051,56531,56122,79153,59465
2025-04-22T22:00:00Z,207538,158837,131035,96294,48701,49966,49597,67391,49902
2025-04-22T23:00:00Z,196052,147881,128552,93604,48171,48789,48424,65236,49398
2025-04-23T00:00:00Z,207818,147242,139679,94259,60576,50024,49594,87456,70075
2025-04-23T01:00:00Z,231208,145226,163025,90738,85982,53760,53401,117783,98525
2025-04-23T02:00:00Z,204302,157881,128716,96799,46421,54287,53935,78940,57710
2025-04-23T03:00:00Z,219588,163528,139820,99255,56060,53486,53106,79651,58382
2025-04-23T04:00:00Z,202212,159069,132297,100090,43143,51821,51485,69935,51222
2025-04-23T05:00:00Z,217922,167629,134969,101577,50293,55542,55206,74588,53113
2025-04-23T06:00:00Z,235718,180424,148650,106056,55294,65136,64731,94831,69370
2025-04-23T07:00:00Z,232815,192347,139542,111573,40468,69521,69074,84207,57372
2025-04-23T08:00:00Z,249664,202554,146023,115188,47110,74934,74459,92020,63789
2025-04-23T09:00:00Z,256447,205093,154502,117818,51354,75282,74827,95499,67575
2025-04-23T10:00:00Z,251360,202140,152842,119596,49220,71640,71190,90704,64492
2025-04-23T11:00:00Z,248289,198547,150961,117525,49742,72209,71718,87815,61744
2025-04-23T12:00:00Z,280206,195355,185184,116529,84851,74721,74205,130125,102701
2025-04-23T13:00:00Z,271277,206699,168508,119477,64578,80095,79586,115978,86851
2025-04-23T14:00:00Z,264587,219438,156221,127152,45149,85479,84933,101303,70903
2025-04-23T15:00:00Z,267356,214867,162995,126650,52489,82796,82295,104901,76009
2025-04-23T16:00:00Z,255602,207049,155127,123382,48553,78939,78405,98642,70843
2025-04-23T17:00:00Z,255806,207067,156447,123925,48739,75476,74973,92958,66398
2025-04-23T18:00:00Z,255408,196314,163411,119608,59094,71997,71457,103066,78303
2025-04-23T19:00:00Z,243721,190759,152741,117164,52962,66613,66090,83520,60441
2025-04-23T20:00:00Z,236919,184119,149393,113079,52800,63746,63213,85022,62933
2025-04-23T21:00:00Z,223362,169945,144284,106443,53417,56339,55908,78663,59117
2025-04-23T22:00:00Z,206449,153540,131420,97468,52909,50703,50282,69445,51848
2025-04-23T23:00:00Z,196334,146678,129142,94846,49656,48772,48386,67433,50313
2025-04-24T00:00:00Z,206543,146525,138863,94943,60018,49162,48730,85986,69142
2025-04-24T01:00:00Z,233953,146943,166688,93833,87010,53255,52848,117223,98193
2025-04-24T02:00:00Z,201638,152800,128007,94914,48838,54109,53733,77984,57270
2025-04-24T03:00:00Z,215468,158405,136710,95535,57063,53662,53270,79953,59190
2025-04-24T04:00:00Z,199219,151568,130585,95955,47651,50765,50349,69395,50687
2025-04-24T05:00:00Z,214615,162349,135566,99496,52266,54625,54250,74300,53173
2025-04-24T06:00:00Z,240865,181518,153017,107928,59347,64737,64330,95752,70607
2025-04-24T07:00:00Z,245931,198595,148469,115400,47336,70877,70373,86496,59754
2025-04-24T08:00:00Z,250440,203058,147564,115938,47382,74518,74043,92020,64571
2025-04-24T09:00:00Z,254041,200628,151764,114449,53413,74411,73931,95577,67929
2025-04-24T10:00:00Z,246930,196375,150662,115791,50555,71330,70858,90801,65295
2025-04-24T11:00:00Z,245662,197069,150613,116715,48593,72500,72047,87587,61631
2025-04-24T12:00:00Z,274742,194393,178818,114261,80349,74426,73884,126396,99740
2025-04-24T13:00:00Z,269833,206950,167567,119323,62883,79791,79243,114718,86328
2025-04-24T14:00:00Z,267309,219599,158124,126935,47710,85041,84458,101117,71502
2025-04-24T15:00:00Z,270831,216323,163775,126577,54508,81468,80954,104245,75597
2025-04-24T16:00:00Z,263367,203215,151838,120139,60152,76666,76157,103137,69022
2025-04-24T17:00:00Z,268131,193356,148498,116745,74775,71842,71340,104296,63657
2025-04-24T18:00:00Z,268592,192621,159882,117984,75971,69200,68698,107407,74999
2025-04-24T19:00:00Z,249404,196252,154843,120376,53152,65794,65266,85769,60426
2025-04-24T20:00:00Z,239755,184832,150737,114353,54923,61466,60995,83130,61765
2025-04-24T21:00:00Z,219510,164693,140659,103067,54817,55289,54799,77167,58667
2025-04-24T22:00:00Z,203639,149833,131536,96673,53806,48869,48433,68236,50802
2025-04-24T23:00:00Z,200870,137708,128070,91775,63162,46392,46043,69131,49904
2025-04-25T00:00:00Z,209118,138586,136075,88779,70532,46727,46286,87634,69584
2025-04-25T01:00:00Z,229690,138240,163679,88523,91450,50264,49845,116700,98519
2025-04-25T02:00:00Z,198714,147640,125620,92115,51074,51637,51293,77342,57991
2025-04-25T03:00:00Z,211501,152062,137049,94975,59439,50831,50462,77767,58192
2025-04-25T04:00:00Z,197301,148014,127882,93254,49287,48265,47911,68264,50506
2025-04-25T05:00:00Z,204105,152459,130241,93147,51646,53088,52720,72697,52369
2025-04-25T06:00:00Z,231024,169286,144735,100083,61738,62147,61747,93412,68458
2025-04-25T07:00:00Z,236366,185086,141190,106667,51280,67815,67391,84620,58810
2025-04-25T08:00:00Z,244358,194052,146056,113787,50306,71072,70587,90152,63456
2025-04-25T09:00:00Z,247878,195537,149002,113224,52341,71618,71179,92058,64682
2025-04-25T10:00:00Z,237640,186624,145526,110827,51016,67475,66983,87654,63111
2025-04-25T11:00:00Z,243059,192947,149884,116196,50112,66766,66318,84244,59038
2025-04-25T12:00:00Z,277707,189326,183971,112753,88381,69688,69195,127675,101237
2025-04-25T13:00:00Z,271164,202410,169456,117538,68754,74593,74055,111541,84544
2025-04-25T14:00:00Z,261124,209809,156701,123253,51315,78536,78011,96186,68458
2025-04-25T15:00:00Z,258837,204962,160476,123156,53875,75507,75034,96795,70701
2025-04-25T16:00:00Z,246954,196848,153996,119951,50106,72640,72182,92724,67230
2025-04-25T17:00:00Z,245206,194573,152902,118682,50633,68463,68021,86113,62235
2025-04-25T18:00:00Z,246482,187374,159787,116382,59108,65810,65361,95609,73617
2025-04-25T19:00:00Z,228123,179026,146942,112227,49097,60486,60062,76991,56697
2025-04-25T20:00:00Z,220012,168137,142321,106187,51875,56005,55555,76379,57792
2025-04-25T21:00:00Z,200905,151110,132453,96149,49795,49878,49485,69297,52803
2025-04-25T22:00:00Z,189757,141407,125701,92392,48350,44249,43864,62096,47125
2025-04-25T23:00:00Z,181675,132462,123856,88854,49213,42247,41923,59311,45669
2025-04-26T00:00:00Z,183519,121806,129689,82420,61713,39110,38736,79259,65839
2025-04-26T01:00:00Z,203880,115865,153119,79561,88015,39147,38822,104047,90833
2025-04-26T02:00:00Z,163977,115062,110778,77214,48915,37877,37570,64246,50366
2025-04-26T03:00:00Z,181562,128754,123683,84360,52808,39068,38768,62466,48127
2025-04-26T04:00:00Z,171487,127762,118143,84081,43725,39834,39544,57966,44053
2025-04-26T05:00:00Z,175128,129443,121289,85553,45685,41442,41169,60511,45393
2025-04-26T06:00:00Z,193356,137567,133922,89329,55789,45590,45298,75220,58179
2025-04-26T07:00:00Z,186233,141195,126497,91499,45038,47628,47331,64518,46935
2025-04-26T08:00:00Z,193088,148387,130173,95546,44701,49279,48984,69176,50622
2025-04-26T09:00:00Z,199431,151481,136363,98662,47950,49606,49321,70762,52439
2025-04-26T10:00:00Z,200234,152734,135770,99678,47500,50372,50081,71527,53042
2025-04-26T11:00:00Z,193264,147122,130971,95470,46142,50515,50207,67101,49202
2025-04-26T12:00:00Z,247557,151631,183430,99159,95926,53356,53005,115068,96058
2025-04-26T13:00:00Z,226561,160412,159598,104046,66149,56753,56436,96505,76425
2025-04-26T14:00:00Z,213031,167698,140924,106612,45333,58218,57925,76536,54678
2025-04-26T15:00:00Z,218432,168860,145931,106968,49572,58095,57807,81104,59746
2025-04-26T16:00:00Z,213400,168646,143142,108756,44754,57607,57313,78176,57895
2025-04-26T17:00:00Z,207698,163811,141631,107703,43887,56273,55984,73075,53960
2025-04-26T18:00:00Z,217161,160191,153134,106656,56970,54803,54523,86185,68388
2025-04-26T19:00:00Z,199196,152617,138400,102185,46579,50802,50515,67248,50742
2025-04-26T20:00:00Z,190264,141078,133112,94623,49186,45552,45262,65211,50218
2025-04-26T21:00:00Z,183518,134473,129424,90085,49045,40506,40208,61255,46848
2025-04-26T22:00:00Z,160701,116086,113241,78939,44615,34910,34615,52195,39695
2025-04-26T23:00:00Z,155006,111285,112644,78277,43721,35579,35335,51461,40457
2025-04-27T00:00:00Z,166175,112909,117640,76385,53266,35965,35617,70854,58025
2025-04-27T01:00:00Z,199517,116306,149814,77926,83211,39625,39296,103706,89593
2025-04-27T02:00:00Z,170922,122453,114664,79024,48469,42000,41702,70183,54402
2025-04-27T03:00:00Z,183845,134044,124902,86528,49801,42438,42143,65858,50182
2025-04-27T04:00:00Z,164567,119895,112230,77804,44672,38682,38404,56309,42967
2025-04-27T05:00:00Z,167990,122573,116024,80649,45417,41020,40765,59020,43795
2025-04-27T06:00:00Z,191827,136645,129896,85763,55182,48164,47777,76474,57881
2025-04-27T07:00:00Z,193678,147357,128904,92955,46321,50507,50182,66143,47471
2025-04-27T08:00:00Z,196868,152804,132016,97416,44064,52716,52420,71160,51564
2025-04-27T09:00:00Z,206900,158778,137402,99378,48122,54540,54223,75212,54819
2025-04-27T10:00:00Z,205943,158496,138820,102393,47447,53719,53377,74700,54985
2025-04-27T11:00:00Z,200106,155145,136091,100706,44961,53326,52999,69328,50207
2025-04-27T12:00:00Z,249751,153783,184901,99056,95968,54662,54340,116520,96792
2025-04-27T13:00:00Z,234711,166896,163958,106229,67815,57797,57475,98410,77436
2025-04-27T14:00:00Z,225473,173677,153956,112565,51796,62017,61710,79886,57793
2025-04-27T15:00:00Z,219413,169397,148210,108915,50016,62824,62512,84667,63315
2025-04-27T16:00:00Z,219133,173055,147760,113365,46078,62238,61830,82026,61559
2025-04-27T17:00:00Z,216526,170908,145339,111880,45618,59758,59392,77121,57029
2025-04-27T18:00:00Z,229383,168846,159765,112436,60537,58465,58122,90278,70713
2025-04-27T19:00:00Z,204034,159141,138614,104265,44893,52187,51862,68717,50834
2025-04-27T20:00:00Z,200613,153361,139081,102415,47252,51195,50885,71894,55495
2025-04-27T21:00:00Z,189504,140759,132588,94113,48745,45939,45660,66094,51383
2025-04-27T22:00:00Z,174331,128096,121662,86712,46235,41179,40898,59144,45461
2025-04-27T23:00:00Z,170321,127121,120350,87675,43200,42618,42340,58917,46231
2025-04-28T00:00:00Z,195409,129582,128162,85510,65827,42819,42438,79584,63641
2025-04-28T01:00:00Z,226725,134861,155749,85833,91864,49206,48852,112213,93469
2025-04-28T02:00:00Z,207361,147465,127131,92430,59896,51022,50589,79808,58645
2025-04-28T03:00:00Z,214718,150993,131748,94038,63725,51541,51110,78606,57255
2025-04-28T04:00:00Z,201302,144913,124206,90968,56389,47229,46843,67525,48845
2025-04-28T05:00:00Z,205843,153177,123962,93438,52666,53034,52679,73577,52630
2025-04-28T06:00:00Z,236394,175693,140578,103173,60701,63453,63044,92392,66412
2025-04-28T07:00:00Z,233657,190650,131149,107061,43007,69263,68851,86048,58688
2025-04-28T08:00:00Z,240933,199957,133445,113125,40976,75282,74818,89145,61010
2025-04-28T09:00:00Z,242223,204496,131793,113592,37727,73418,72973,86490,57444
2025-04-28T10:00:00Z,237977,191285,135628,110969,46692,69267,68791,88755,62483
2025-04-28T11:00:00Z,250193,190186,145166,111080,60007,69366,68938,91639,64795
2025-04-28T12:00:00Z,275021,191059,173852,110452,83962,72474,71940,126714,99461
2025-04-28T13:00:00Z,275260,202243,166200,116108,73017,76770,76275,117072,87707
2025-04-28T14:00:00Z,269805,216478,154341,125039,53327,82609,82092,100812,70557
2025-04-28T15:00:00Z,270671,211790,160839,124351,58881,78589,78072,101080,72638
2025-04-28T16:00:00Z,263798,203968,155270,121299,59830,75083,74522,97244,69448
2025-04-28T17:00:00Z,259256,201113,152376,118648,58143,72025,71549,92886,65781
2025-04-28T18:00:00Z,258297,192720,159181,116661,65577,68367,67835,100366,75137
2025-04-28T19:00:00Z,245442,186743,149433,114021,58699,64528,64073,84049,60619
2025-04-28T20:00:00Z,238926,179338,147093,109329,59588,61807,61335,84764,62111
2025-04-28T21:00:00Z,224989,164040,139195,101822,60949,54969,54484,77088,56949
2025-04-28T22:00:00Z,204819,145672,126215,91398,59147,49563,49152,69293,50939
2025-04-28T23:00:00Z,202995,143868,127380,92455,59127,49304,48918,69519,51473
2025-04-29T00:00:00Z,212511,141263,133920,88972,71248,49374,48948,88713,70138
2025-04-29T01:00:00Z,238322,144296,162825,91183,94026,53061,52662,118744,97986
2025-04-29T02:00:00Z,220966,152137,128386,95325,68829,53211,52823,86115,58644
2025-04-29T03:00:00Z,214956,159464,136850,97345,55492,54321,53921,80097,59276
2025-04-29T04:00:00Z,201037,153592,130788,96666,47445,51192,50808,70442,52450
2025-04-29T05:00:00Z,213155,161589,136803,100136,51566,54890,54510,74385,54019
2025-04-29T06:00:00Z,238088,180906,147956,106158,57182,64718,64273,93453,68230
2025-04-29T07:00:00Z,244112,196071,145010,112608,48041,72509,72068,87999,61201
2025-04-29T08:00:00Z,252722,206305,148215,117902,46417,75393,74851,93378,64968
2025-04-29T09:00:00Z,253487,202819,150180,116674,50668,74804,74310,94409,67077
2025-04-29T10:00:00Z,242295,194891,147827,115391,47404,71867,71430,90862,65567
2025-04-29T11:00:00Z,246112,196941,147731,114537,49171,72308,71866,87672,61710
2025-04-29T12:00:00Z,277200,198092,177563,114806,79108,75272,74779,128232,100562
2025-04-29T13:00:00Z,273941,209869,169387,120190,64072,82257,81754,119003,90032
2025-04-29T14:00:00Z,265745,219826,155700,126160,45919,84612,84114,100116,70188
2025-04-29T15:00:00Z,271976,214624,160209,125081,57352,81534,81034,103555,73573
2025-04-29T16:00:00Z,255402,202890,153438,121290,52512,76899,76396,97394,70063
2025-04-29T17:00:00Z,251888,204397,154771,122751,47491,74244,73729,91804,65344
2025-04-29T18:00:00Z,252745,196899,161443,120028,55846,72183,71723,101367,76763
2025-04-29T19:00:00Z,237443,187276,149431,114789,50167,66406,65948,82440,60238
2025-04-29T20:00:00Z,231527,180734,146398,110850,50793,61952,61480,82440,61706
2025-04-29T21:00:00Z,222515,165677,144574,103100,56838,56201,55779,76268,57663
2025-04-29T22:00:00Z,204375,153277,131920,96834,51098,50522,50153,68656,51742
2025-04-29T23:00:00Z,193361,143779,128725,92919,49582,47564,47220,65415,49453
2025-04-30T00:00:00Z,205964,144116,137993,93267,61848,48499,47991,86059,69174
2025-04-30T01:00:00Z,228566,143351,163714,91836,85215,51655,51250,115524,97452
2025-04-30T02:00:00Z,196965,149175,126871,93708,47790,51032,50678,76884,57294
2025-04-30T03:00:00Z,211596,156459,138214,98741,55137,50815,50458,76608,56746
2025-04-30T04:00:00Z,194460,149468,127963,94630,44992,50247,49905,69395,51616
2025-04-30T05:00:00Z,207453,159381,134903,99957,48072,53293,52951,72665,52686
2025-04-30T06:00:00Z,234690,179740,148839,108160,54950,62055,61636,91431,67289
2025-04-30T07:00:00Z,243821,196174,149750,117004,47647,69381,68932,85791,59821
2025-04-30T08:00:00Z,249843,202575,148752,117613,47268,72807,72331,90942,64095
2025-04-30T09:00:00Z,250799,200593,149717,114868,50206,71590,71137,91560,65417
2025-04-30T10:00:00Z,241522,193158,149521,115848,48364,69596,69121,88875,64589
2025-04-30T11:00:00Z,240418,189902,147976,113321,50516,67908,67402,83848,59671
2025-04-30T12:00:00Z,280516,191077,184975,112735,89439,71663,71094,128277,102844
2025-04-30T13:00:00Z,270754,203085,169758,117915,67669,77281,76737,114871,86919
2025-04-30T14:00:00Z,262457,214955,157383,126223,47502,80085,79584,95946,68169
2025-04-30T15:00:00Z,252781,200347,155052,119058,52434,75971,75375,96204,70156
2025-04-30T16:00:00Z,255871,201195,155221,120979,54676,74545,73967,95857,69233
2025-04-30T17:00:00Z,250515,191436,148963,115490,59079,69649,69151,90869,62780
2025-04-30T18:00:00Z,255246,183669,154558,112161,71577,66174,65668,99840,73668
2025-04-30T19:00:00Z,243208,175419,144631,109254,67789,61229,60720,83506,58069
2025-04-30T20:00:00Z,223481,168027,142262,104792,55454,56802,56326,78079,58772
2025-04-30T21:00:00Z,213518,159981,136284,99274,53537,52033,51605,73421,55111
2025-04-30T22:00:00Z,197729,144680,127492,92057,53049,48165,47715,67690,51184
2025-04-30T23:00:00Z,184926,132141,121173,86908,52785,44464,44075,62348,47444
2025-05-01T00:00:00Z,195836,128723,124759,84882,67113,42278,41805,77069,61259
2025-05-01T01:00:00Z,221373,126375,153783,82741,94998,42522,42122,107880,92545
2025-05-01T02:00:00Z,200306,130255,127189,85850,70051,43714,43323,79307,63444
2025-05-01T03:00:00Z,191145,129018,119728,83083,62127,39971,39602,67555,51377
2025-05-01T04:00:00Z,184259,131478,120053,85344,52781,41386,41042,61685,46296
2025-05-01T05:00:00Z,192940,137594,127137,90406,55346,44772,44454,64645,48501
2025-05-01T06:00:00Z,205519,144519,135326,92566,61000,48141,47776,79093,61152
2025-05-01T07:00:00Z,205101,152275,129438,95043,52826,50236,49882,68983,50218
2025-05-01T08:00:00Z,210544,157751,131607,98033,52793,53992,53605,75160,54986
2025-05-01T09:00:00Z,222294,165040,140530,103393,57254,56923,56556,79828,59014
2025-05-01T10:00:00Z,218110,164207,139017,103444,53903,56463,56080,77827,57322
2025-05-01T11:00:00Z,220443,167288,140686,105505,53155,56482,56086,74644,54097
2025-05-01T12:00:00Z,266416,171556,185725,108878,94860,60034,59589,120654,99288
2025-05-01T13:00:00Z,257941,184838,169664,114607,73103,66242,65831,106155,82784
2025-05-01T14:00:00Z,254139,200326,157056,122954,53813,69476,69062,87397,63010
2025-05-01T15:00:00Z,253928,196560,159320,121224,57368,70138,69678,93477,68474
2025-05-01T16:00:00Z,244550,191974,151975,118195,52576,70236,69723,90609,66787
2025-05-01T17:00:00Z,241504,189302,151625,118184,52202,66290,65870,83803,60905
2025-05-01T18:00:00Z,246850,183195,158217,114478,63655,64451,63982,96117,73527
2025-05-01T19:00:00Z,230791,177290,147186,111804,53501,60981,60525,78489,58081
2025-05-01T20:00:00Z,224951,167308,145011,104864,57643,56199,55764,76508,57859
2025-05-01T21:00:00Z,212507,154358,137416,98047,58149,50924,50476,71705,54372
2025-05-01T22:00:00Z,198798,141034,131489,92997,57764,46614,46184,65120,49683
2025-05-01T23:00:00Z,184304,130707,122393,86539,53597,43011,42624,60894,46925
2025-05-02T00:00:00Z,188895,127493,128688,84309,61402,41917,41480,79410,65378
2025-05-02T01:00:00Z,212047,126630,157501,85671,85417,43865,43486,108239,94091
2025-05-02T02:00:00Z,184054,136169,126273,91957,47885,41767,41422,69637,54678
2025-05-02T03:00:00Z,196148,143047,134027,94090,53101,43598,43246,70010,53944
2025-05-02T04:00:00Z,185939,139841,125135,90747,46098,45375,45034,64700,48762
2025-05-02T05:00:00Z,197291,146476,132224,95235,50815,46080,45753,67923,49327
2025-05-02T06:00:00Z,213076,156231,140785,98736,56845,52234,51849,84584,63288
2025-05-02T07:00:00Z,209289,162565,134015,99912,46724,57685,57305,74085,54002
2025-05-02T08:00:00Z,213000,167958,134235,102791,45042,59020,58604,77521,56466
2025-05-02T09:00:00Z,226143,175640,144262,107678,50503,60881,60503,81854,60116
2025-05-02T10:00:00Z,226900,177681,145808,111162,49219,61404,60990,83792,60913
2025-05-02T11:00:00Z,227337,178707,147211,112249,48630,61598,61130,78939,57476
2025-05-02T12:00:00Z,267424,178351,184236,109174,89073,62906,62458,122299,100041
2025-05-02T13:00:00Z,256668,188112,169279,114406,68556,68124,67641,107967,84434
2025-05-02T14:00:00Z,244096,198047,152253,120275,46049,73082,72615,90673,65229
2025-05-02T15:00:00Z,247471,193791,156314,118849,53680,70043,69571,92105,67482
2025-05-02T16:00:00Z,214798,171778,135562,105380,43020,64374,63846,82759,60142
2025-05-02T17:00:00Z,203646,160554,130728,99632,43092,61258,60883,75687,54777
2025-05-02T18:00:00Z,214339,159586,140744,99621,54753,58801,58314,84992,64697
2025-05-02T19:00:00Z,193107,149509,124494,94257,43598,53716,53240,68651,50069
2025-05-02T20:00:00Z,205566,157737,136992,102038,47829,53000,52546,72470,55352
2025-05-02T21:00:00Z,193374,141904,126981,90934,51470,47016,46604,67275,50908
2025-05-02T22:00:00Z,166277,119628,109839,78472,46649,41188,40840,58396,44222
2025-05-02T23:00:00Z,163345,117539,112338,80023,45806,39692,39377,55456,42847
2025-05-03T00:00:00Z,158714,102639,111115,69542,56075,34629,34244,70104,58076
2025-05-03T01:00:00Z,174125,95476,131756,66498,78649,33287,32967,91995,80599
2025-05-03T02:00:00Z,143842,102375,98650,70402,41467,34188,33905,56767,44716
2025-05-03T03:00:00Z,152114,106978,105326,70607,45136,32804,32515,55994,43476
2025-05-03T04:00:00Z,146096,107713,100481,70981,38383,34225,33958,51460,38918
2025-05-03T05:00:00Z,163397,118051,112091,78933,45346,38904,38641,57080,43612
2025-05-03T06:00:00Z,190461,133930,134194,88547,56531,42441,42160,73078,57516
2025-05-03T07:00:00Z,185732,139985,127219,91570,45747,44588,44301,62465,45691
2025-05-03T08:00:00Z,187245,142204,127846,92751,45041,47695,47377,68203,51060
2025-05-03T09:00:00Z,194426,144987,134302,94818,49439,48779,48505,70885,53214
2025-05-03T10:00:00Z,192426,145069,132167,95381,47357,47886,47607,69571,51676
2025-05-03T11:00:00Z,197543,152158,133749,98639,45385,51659,51387,66555,48598
2025-05-03T12:00:00Z,248536,153705,183280,99116,94831,54065,53743,115225,95870
2025-05-03T13:00:00Z,226157,157998,160490,102319,68159,57346,57063,97323,77958
2025-05-03T14:00:00Z,211611,167151,142608,107902,44460,59573,59263,75103,55145
2025-05-03T15:00:00Z,221407,170335,150607,109912,51072,60743,60440,82692,62255
2025-05-03T16:00:00Z,210802,166121,142615,107912,44681,57197,56900,77210,57655
2025-05-03T17:00:00Z,209581,164208,141848,106716,45373,55319,54984,70769,52072
2025-05-03T18:00:00Z,219002,160864,151330,104864,58138,56220,55808,86861,68590
2025-05-03T19:00:00Z,196726,151071,137329,101183,45655,49309,48974,65375,49127
2025-05-03T20:00:00Z,189905,142617,134122,96875,47288,45070,44760,65472,50797
2025-05-03T21:00:00Z,182211,132625,129338,90376,49586,42169,41900,61925,48314
2025-05-03T22:00:00Z,169632,123965,119499,84535,45667,39879,39543,56101,43576
2025-05-03T23:00:00Z,158290,114530,113628,79655,43760,37625,37374,51884,41084
2025-05-04T00:00:00Z,160056,109632,114242,76557,50424,33695,33349,65611,54060
2025-05-04T01:00:00Z,190140,106790,145579,74684,83350,34331,34017,98449,86610
2025-05-04T02:00:00Z,165459,111673,118231,77858,53786,35373,35083,68752,56775
2025-05-04T03:00:00Z,167992,121484,118073,82510,46508,35013,34734,59467,46795
2025-05-04T04:00:00Z,164482,120403,116904,81908,44079,35675,35423,54369,41941
2025-05-04T05:00:00Z,170613,121803,119731,83020,48810,36893,36638,56386,42301
2025-05-04T06:00:00Z,185641,131128,131263,87264,54513,42354,42066,72609,56929
2025-05-04T07:00:00Z,183609,137680,126594,90439,45929,45336,45050,62450,45886
2025-05-04T08:00:00Z,188191,144231,128202,93165,43960,46823,46529,67389,49911
2025-05-04T09:00:00Z,196231,146947,130411,92347,49284,49313,49011,71548,52919
2025-05-04T10:00:00Z,194178,145977,130542,94297,48201,50306,50017,70366,52581
2025-05-04T11:00:00Z,200271,155276,134555,99340,44995,53566,53294,69901,51031
2025-05-04T12:00:00Z,228275,142796,168629,92640,85479,52278,51977,110169,91692
2025-05-04T13:00:00Z,219810,155469,154654,100485,64341,56020,55722,94038,74681
2025-05-04T14:00:00Z,210933,165799,139639,106056,45134,60294,59965,77135,56024
2025-05-04T15:00:00Z,222547,173911,149852,111605,48636,63186,62870,84650,63386
2025-05-04T16:00:00Z,223239,180834,135603,103358,42405,58435,58111,77598,57733
2025-05-04T17:00:00Z,191866,151857,127024,97528,40009,54089,53809,70311,51609
2025-05-04T18:00:00Z,193302,145392,133359,95330,47910,54323,54028,82433,63314
2025-05-04T19:00:00Z,209590,164508,143121,108506,45082,56217,55897,71263,53627
2025-05-04T20:00:00Z,199678,153013,138679,101989,46665,50659,50320,70271,53804
2025-05-04T21:00:00Z,190251,141034,132158,93854,49217,45431,45124,66925,51026
2025-05-04T22:00:00Z,177646,130837,121969,87847,46809,40185,39909,60165,45053
2025-05-04T23:00:00Z,165988,121476,117129,83019,44512,39218,38957,56127,43742
2025-05-05T00:00:00Z,185745,120307,122841,82435,65438,39810,39439,75649,61150
2025-05-05T01:00:00Z,219620,123959,155095,84530,95661,41717,41367,108195,92436
2025-05-05T02:00:00Z,194762,128532,121469,84811,66230,42089,41758,75000,57609
2025-05-05T03:00:00Z,206166,137408,127153,88998,68758,43534,43097,71768,53798
2025-05-05T04:00:00Z,199278,138443,124912,89349,60835,46267,45842,67631,50188
2025-05-05T05:00:00Z,207241,144797,129046,91484,62444,48746,48390,71087,51789
2025-05-05T06:00:00Z,230652,160840,142176,98866,69812,55011,54597,87595,64863
2025-05-05T07:00:00Z,235854,175069,139274,104119,60785,61231,60817,80710,56238
2025-05-05T08:00:00Z,244965,187499,142880,110518,57466,66266,65804,87863,62220
2025-05-05T09:00:00Z,254977,188936,147820,111664,66041,67717,67264,92224,64259
2025-05-05T10:00:00Z,246432,181847,142995,107780,64585,65942,65479,88322,62032
2025-05-05T11:00:00Z,249130,191058,147402,112207,58072,69130,68709,86932,60415
2025-05-05T12:00:00Z,283603,192475,180506,113111,91128,73510,73035,128863,101273
2025-05-05T13:00:00Z,278678,202413,166471,115623,76265,76015,75515,114514,84912
2025-05-05T14:00:00Z,276488,217841,156133,124502,58647,81776,81258,101959,70553
2025-05-05T15:00:00Z,275786,210836,159035,121997,64950,79592,79046,104086,73827
2025-05-05T16:00:00Z,269256,207464,155620,121504,61792,76902,76381,100143,71192
2025-05-05T17:00:00Z,261896,200790,154080,120529,61106,73100,72548,93287,66110
2025-05-05T18:00:00Z,267578,195289,163351,119896,72289,71955,71420,104834,78163
2025-05-05T19:00:00Z,251461,183621,150186,112542,67840,65176,64664,86705,62159
2025-05-05T20:00:00Z,244916,179365,148634,110275,65551,61980,61429,86273,63489
2025-05-05T21:00:00Z,225663,161639,138698,100468,64024,55552,55072,78558,58619
2025-05-05T22:00:00Z,213025,148525,131145,94346,64500,49758,49304,71684,53511
2025-05-05T23:00:00Z,207871,142878,129990,92572,64993,46506,46117,68384,51146
2025-05-06T00:00:00Z,210130,136565,133155,87345,73565,45551,45080,85383,67932
2025-05-06T01:00:00Z,236298,143306,163620,91025,92992,51936,51547,118378,98101
2025-05-06T02:00:00Z,205617,147362,127487,89916,58255,52239,51827,81570,60937
2025-05-06T03:00:00Z,218524,152336,137600,94080,66188,51194,50778,80071,59365
2025-05-06T04:00:00Z,203811,149234,128476,92380,54577,48928,48536,70709,52244
2025-05-06T05:00:00Z,214433,155805,134509,96089,58628,54338,53937,75814,55226
2025-05-06T06:00:00Z,235376,173763,145496,101515,61613,63969,63471,95067,69474
2025-05-06T07:00:00Z,242215,188635,142449,107593,53580,69999,69539,87950,60690
2025-05-06T08:00:00Z,256977,202648,149758,117124,54329,73450,72932,93724,65071
2025-05-06T09:00:00Z,259480,203083,151235,116071,56397,75276,74800,96206,67814
2025-05-06T10:00:00Z,251256,196208,149138,114077,55048,71395,70920,92696,66263
2025-05-06T11:00:00Z,257279,201810,154243,118446,55469,72363,71824,90562,63161
2025-05-06T12:00:00Z,279933,196477,179452,113945,83456,76285,75793,130058,101855
2025-05-06T13:00:00Z,277555,209697,170549,119941,67858,82507,81975,118490,88967
2025-05-06T14:00:00Z,267457,220570,155972,126235,46887,87696,87161,102112,71799
2025-05-06T15:00:00Z,267521,213820,158853,123637,53701,82402,81885,102922,73520
2025-05-06T16:00:00Z,265398,210689,159197,123435,54709,79312,78758,100841,71836
2025-05-06T17:00:00Z,261669,208975,159954,126295,52694,75112,74617,93974,67850
2025-05-06T18:00:00Z,253222,193639,159931,117859,59583,70397,69875,100605,76391
2025-05-06T19:00:00Z,239493,184019,149124,111977,55474,66528,66031,83954,61652
2025-05-06T20:00:00Z,237024,180147,149185,111005,56877,61935,61472,82888,62285
2025-05-06T21:00:00Z,213391,157791,135470,96554,55600,53783,53357,73888,56053
2025-05-06T22:00:00Z,204916,148354,130764,94235,56562,50034,49622,68897,51953
2025-05-06T23:00:00Z,198093,141761,127649,90671,56332,49039,48642,67477,51803
2025-05-07T00:00:00Z,205820,139245,133274,88548,66575,47616,47143,86228,68799
2025-05-07T01:00:00Z,233370,143468,162757,90215,89902,51683,51266,116923,98002
2025-05-07T02:00:00Z,206432,151011,129713,93000,55421,54309,53920,84133,63339
2025-05-07T03:00:00Z,211425,154635,133615,94752,56790,51361,50988,78199,57647
2025-05-07T04:00:00Z,197004,149297,128697,94657,47707,48531,48166,68105,50292
2025-05-07T05:00:00Z,212559,160577,134892,99341,51982,55046,54676,74017,54055
2025-05-07T06:00:00Z,239107,180769,147346,105394,58338,64886,64457,94462,69067
2025-05-07T07:00:00Z,246644,195090,145707,111569,51554,72784,72267,88588,60165
2025-05-07T08:00:00Z,257649,206494,150025,117643,51155,76559,76048,94186,65825
2025-05-07T09:00:00Z,256285,204047,150215,115023,52238,78432,77937,96899,68727
2025-05-07T10:00:00Z,242082,191421,144774,110942,50661,71855,71379,89733,64146
2025-05-07T11:00:00Z,249145,197358,148203,114240,51787,72378,71920,89936,62601
2025-05-07T12:00:00Z,278925,197122,179100,114519,81803,76413,75855,131041,103419
2025-05-07T13:00:00Z,276099,209547,169978,119933,66552,80845,80301,119126,89321
2025-05-07T14:00:00Z,266742,220830,157179,127565,45912,85377,84850,101939,72054
2025-05-07T15:00:00Z,263735,210805,157453,121934,52930,81762,81277,102732,74331
2025-05-07T16:00:00Z,256914,204223,154278,119982,52691,76597,76081,97656,70412
2025-05-07T17:00:00Z,253475,199255,154383,119383,54220,71844,71346,90605,65341
2025-05-07T18:00:00Z,254319,192759,160378,117368,61560,69535,69047,99941,76151
2025-05-07T19:00:00Z,239509,182750,149991,112838,56759,64360,63875,82415,60673
2025-05-07T20:00:00Z,231127,174284,145278,107558,56843,60795,60266,82588,62269
2025-05-07T21:00:00Z,211889,157230,136370,98197,54659,52890,52444,73440,55181
2025-05-07T22:00:00Z,194119,141967,123618,89056,52152,48203,47788,67429,50632
2025-05-07T23:00:00Z,190823,134478,121691,85811,56345,45735,45362,63625,48399
2025-05-08T00:00:00Z,202408,138476,132974,88787,63932,46852,46386,83796,67186
2025-05-08T01:00:00Z,227612,138784,160567,87647,88828,50297,49903,114491,96061
2025-05-08T02:00:00Z,206314,151130,130856,94199,55184,53154,52786,81280,60866
2025-05-08T03:00:00Z,215366,156472,134047,94303,58894,51424,51022,78640,57388
2025-05-08T04:00:00Z,199560,147048,127514,91429,52512,49185,48793,69508,51320
2025-05-08T05:00:00Z,209033,155007,132390,95260,54026,55474,55095,76261,55556
2025-05-08T06:00:00Z,231801,170059,143113,98621,61742,62999,62561,94199,68993
2025-05-08T07:00:00Z,236674,185590,140967,106820,51084,68953,68510,86135,60044
2025-05-08T08:00:00Z,245916,193520,144340,111527,52396,72809,72338,92414,65040
2025-05-08T09:00:00Z,250951,197109,148743,112714,53842,72658,72213,93086,65597
2025-05-08T10:00:00Z,243859,193244,147664,113685,50615,71310,70877,91142,65904
2025-05-08T11:00:00Z,242279,191054,148587,113817,51225,69287,68845,86178,60731
2025-05-08T12:00:00Z,279160,190991,184262,113782,88169,73356,72822,130894,104159
2025-05-08T13:00:00Z,274994,202789,172399,118060,72205,78801,78272,117332,89333
2025-05-08T14:00:00Z,264645,215340,156696,125990,49305,81368,80864,100114,69044
2025-05-08T15:00:00Z,263277,205401,154834,119896,57876,80128,79644,104775,74303
2025-05-08T16:00:00Z,254287,201497,153295,119589,52790,74415,73821,96654,70717
2025-05-08T17:00:00Z,241792,192894,149059,116013,48898,69847,69370,86810,63313
2025-05-08T18:00:00Z,248871,188936,159359,116423,59935,68118,67621,99442,76841
2025-05-08T19:00:00Z,234477,178462,145951,109490,56015,62043,61563,80912,59229
2025-05-08T20:00:00Z,231245,176331,145737,108482,54914,58527,58062,80216,60577
2025-05-08T21:00:00Z,214600,156895,137127,97867,57705,52585,52143,73981,55723
2025-05-08T22:00:00Z,200533,145780,128248,92082,54753,46892,46476,65973,49773
2025-05-08T23:00:00Z,188907,135430,125318,88829,53477,46597,46225,64606,49646
2025-05-09T00:00:00Z,197907,135170,131055,86702,62737,46497,46066,83763,67579
2025-05-09T01:00:00Z,223925,137141,159387,87329,86784,49004,48571,113026,95146
2025-05-09T02:00:00Z,198621,147903,127139,92595,50718,51469,51088,78921,59384
2025-05-09T03:00:00Z,207486,153759,133279,95571,53727,50809,50419,77143,57067
2025-05-09T04:00:00Z,191957,143068,126178,91194,48889,46932,46554,67217,49514
2025-05-09T05:00:00Z,200938,149704,127776,91061,51234,51128,50752,71278,51444
2025-05-09T06:00:00Z,228888,171717,144910,102377,57171,62165,61740,91944,68044
2025-05-09T07:00:00Z,234778,185334,144021,109610,49444,65808,65378,82045,57272
2025-05-09T08:00:00Z,247408,195858,147862,115168,51550,69286,68822,87851,62360
2025-05-09T09:00:00Z,249453,197249,150777,114730,52204,71432,71000,92155,65616
2025-05-09T10:00:00Z,240333,188324,147798,111594,52009,67408,66934,88508,64512
2025-05-09T11:00:00Z,240666,189911,147857,112988,50755,66100,65684,83726,59422
2025-05-09T12:00:00Z,279097,189806,187111,114025,89291,69414,68909,127463,102812
2025-05-09T13:00:00Z,273259,204901,174686,120849,68358,75181,74693,115121,88056
2025-05-09T14:00:00Z,262267,213926,157645,124965,48341,78417,77927,96620,68163
2025-05-09T15:00:00Z,263601,208256,163007,124276,55345,74920,74411,97635,70884
2025-05-09T16:00:00Z,250163,197710,155033,119395,52453,73088,72575,94133,69020
2025-05-09T17:00:00Z,240514,189962,150690,116112,50552,67204,66681,84854,61500
2025-05-09T18:00:00Z,244609,182397,157736,112415,62212,63751,63266,94800,73379
2025-05-09T19:00:00Z,231564,178884,145307,109278,52680,60437,59985,78719,58419
2025-05-09T20:00:00Z,219314,165838,140045,103669,53476,54903,54471,76407,57519
2025-05-09T21:00:00Z,201735,147610,131355,93257,54125,48333,47933,69706,53044
2025-05-09T22:00:00Z,187256,137355,124388,90073,49901,44673,44269,63274,48205
2025-05-09T23:00:00Z,174632,126130,119862,84633,48502,41550,41240,58834,45743
2025-05-10T00:00:00Z,181928,120494,126996,80251,61434,37978,37598,77475,64469
2025-05-10T01:00:00Z,205683,114500,153228,77029,91183,38454,38121,106856,93638
2025-05-10T02:00:00Z,162925,115549,109646,76349,47376,38472,38165,64451,50278
2025-05-10T03:00:00Z,179429,125507,123506,82269,53922,38001,37687,63429,48808
2025-05-10T04:00:00Z,166718,122234,114111,79600,44484,38621,38309,58085,44179
2025-05-10T05:00:00Z,178630,127357,124081,84270,51273,40562,40272,60323,45561
2025-05-10T06:00:00Z,194530,137917,135419,90183,56613,45206,44902,75728,59028
2025-05-10T07:00:00Z,186149,139436,125233,89702,46713,46385,46069,63893,46692
2025-05-10T08:00:00Z,193906,147770,130027,95250,46136,48758,48448,69351,51111
2025-05-10T09:00:00Z,199424,149492,134803,96134,49932,50245,49968,71781,53263
2025-05-10T10:00:00Z,197997,149175,132568,95678,48822,50905,50572,71634,53602
2025-05-10T11:00:00Z,196807,151021,132653,97543,45786,50387,50110,66917,49024
2025-05-10T12:00:00Z,249116,153131,184027,99405,95985,52798,52499,115569,96800
2025-05-10T13:00:00Z,232739,165506,163388,106596,67233,57471,57177,98188,78197
2025-05-10T14:00:00Z,218974,172914,144180,109115,46060,60050,59744,78133,56937
2025-05-10T15:00:00Z,224280,172519,150993,110857,51761,59344,59036,82820,61742
2025-05-10T16:00:00Z,214193,169282,144193,110279,44911,59245,58915,81039,60036
2025-05-10T17:00:00Z,211676,166254,142079,108004,45422,55283,54989,73189,53927
2025-05-10T18:00:00Z,217344,158914,150339,104483,58430,52329,52038,85369,66614
2025-05-10T19:00:00Z,194561,149151,135113,100013,45410,49339,49029,66214,50012
2025-05-10T20:00:00Z,189016,140838,131775,94308,48178,43478,43178,64381,49611
2025-05-10T21:00:00Z,184163,133668,131234,91726,50495,41999,41705,62554,48897
2025-05-10T22:00:00Z,168000,120428,119384,83062,47572,37593,37282,55920,43506
2025-05-10T23:00:00Z,158575,113639,115822,80667,44936,35469,35165,51598,40744
2025-05-11T00:00:00Z,160884,108159,115945,75427,52725,33442,33070,67411,55989
2025-05-11T01:00:00Z,192697,106810,147680,74405,85887,35785,35461,102300,89794
2025-05-11T02:00:00Z,163667,111795,115780,76182,51872,35283,35001,69417,55847
2025-05-11T03:00:00Z,170016,122964,118353,82392,47052,35141,34867,60100,46737
2025-05-11T04:00:00Z,163633,120042,115164,80512,43591,37972,37701,56883,43999
2025-05-11T05:00:00Z,172556,123791,121535,82740,48765,38276,37957,57279,43682
2025-05-11T06:00:00Z,188697,129132,135524,85990,59565,41569,41273,71724,56188
2025-05-11T07:00:00Z,181560,136650,124279,88884,44910,45934,45655,62400,46078
2025-05-11T08:00:00Z,187627,144683,127252,93183,42944,48660,48372,68558,51177
2025-05-11T09:00:00Z,198204,148928,134065,95529,49276,49227,48957,70969,53271
2025-05-11T10:00:00Z,199024,150813,133878,96459,48211,51614,51307,72567,54798
2025-05-11T11:00:00Z,197787,153910,134716,100174,43877,52275,52015,68650,50754
2025-05-11T12:00:00Z,246141,151468,184084,99735,94673,52599,52255,115125,96312
2025-05-11T13:00:00Z,231189,164852,164265,107529,66337,58758,58441,99976,79987
2025-05-11T14:00:00Z,214347,170363,143650,109799,43984,59953,59665,78111,57149
2025-05-11T15:00:00Z,220415,170647,151210,111621,49768,60530,60241,83832,62801
2025-05-11T16:00:00Z,215671,169234,146878,111297,46437,59965,59643,80745,60868
2025-05-11T17:00:00Z,214261,169065,144673,110491,45196,56793,56509,74665,55088
2025-05-11T18:00:00Z,218265,160017,153777,107022,58248,56768,56433,88857,70433
2025-05-11T19:00:00Z,200921,154944,136527,100468,45977,50097,49821,67642,49434
2025-05-11T20:00:00Z,198350,150590,137367,99462,47760,50112,49839,71356,54821
2025-05-11T21:00:00Z,187553,139308,132054,93540,48245,43992,43727,64545,50096
2025-05-11T22:00:00Z,171225,125635,119415,85078,45590,39677,39418,57845,44769
2025-05-11T23:00:00Z,167430,124116,119048,85725,43314,40106,39831,55975,44121
2025-05-12T00:00:00Z,186491,121939,120918,81264,64552,40069,39674,74652,59413
2025-05-12T01:00:00Z,221970,129044,151468,82324,92926,46843,46452,110006,91687
2025-05-12T02:00:00Z,206244,140562,124772,86998,65682,49252,48866,81364,60621
2025-05-12T03:00:00Z,210410,144420,125807,88452,65990,47923,47483,74987,53761
2025-05-12T04:00:00Z,204520,143724,124644,89790,60796,47752,47343,69468,50375
2025-05-12T05:00:00Z,215084,153638,130797,94515,61446,53058,52672,74093,53032
2025-05-12T06:00:00Z,240001,172819,141755,100165,67182,63090,62667,93845,68001
2025-05-12T07:00:00Z,248481,192104,141900,109545,56377,70026,69590,87808,60567
2025-05-12T08:00:00Z,260505,203814,146806,115919,56691,75947,75475,95505,66964
2025-05-12T09:00:00Z,262117,205448,150512,116630,56669,74913,74410,95698,66540
2025-05-12T10:00:00Z,256730,198584,148902,115373,58146,71879,71387,93200,65748
2025-05-12T11:00:00Z,260824,201233,149393,115784,59591,73905,73445,91943,63999
2025-05-12T12:00:00Z,287916,198147,178981,114012,89769,74707,74181,130476,101349
2025-05-12T13:00:00Z,285251,208936,169373,118047,76315,81609,81086,120429,89748
2025-05-12T14:00:00Z,275623,219923,158429,127658,55700,84099,83526,101731,70386
2025-05-12T15:00:00Z,277732,217186,162734,127123,60546,81643,81111,104116,73941
2025-05-12T16:00:00Z,268825,213036,158096,126944,55789,78889,78389,101089,72659
2025-05-12T17:00:00Z,261248,204621,153462,122817,56627,73633,73142,93438,66159
2025-05-12T18:00:00Z,264569,198754,161057,121092,65815,71994,71510,105104,79281
2025-05-12T19:00:00Z,251489,193801,150982,117953,57688,66854,66355,86712,62716
2025-05-12T20:00:00Z,233226,175719,140789,107313,57507,61503,61040,84627,62493
2025-05-12T21:00:00Z,228934,165877,138946,102864,63057,56755,56312,79919,59587
2025-05-12T22:00:00Z,209990,150699,128657,94600,59291,49463,49079,70554,52268
2025-05-12T23:00:00Z,200117,143493,126751,92335,56624,47926,47555,67498,50893
2025-05-13T00:00:00Z,205596,142668,133530,91319,62928,49511,49076,87093,70056
2025-05-13T01:00:00Z,231775,147463,162072,92355,84312,52578,52177,117269,98206
2025-05-13T02:00:00Z,200838,151018,126611,92939,49820,52682,52311,82019,62038
2025-05-13T03:00:00Z,205357,153877,127927,93183,51480,50403,50002,75786,55477
2025-05-13T04:00:00Z,194835,150717,124358,92847,44118,48294,47899,67563,49376
2025-05-13T05:00:00Z,205421,158860,128054,95508,46561,54884,54523,74357,53353
2025-05-13T06:00:00Z,234411,180598,144259,104811,53813,66316,65882,95398,69887
2025-05-13T07:00:00Z,247949,201489,145607,114557,46460,74971,74535,90641,62730
2025-05-13T08:00:00Z,256967,209184,147668,118397,47783,78047,77571,96235,67260
2025-05-13T09:00:00Z,261684,211979,154602,121877,49705,77610,77155,97808,68397
2025-05-13T10:00:00Z,254402,206449,150733,119976,47953,74799,74336,95540,68180
2025-05-13T11:00:00Z,255328,207040,151537,120142,48288,75089,74642,91826,63986
2025-05-13T12:00:00Z,282981,203061,179673,117659,79920,78626,78146,133653,104456
2025-05-13T13:00:00Z,283529,218450,170167,122333,65079,84137,83640,122230,91720
2025-05-13T14:00:00Z,274259,229519,156865,129704,44740,86969,86450,104142,72634
2025-05-13T15:00:00Z,272225,220658,161684,128256,51567,85182,84697,107193,76863
2025-05-13T16:00:00Z,260931,211073,154586,123623,49858,78599,78103,99690,71776
2025-05-13T17:00:00Z,254644,206341,153853,123220,48303,75425,74952,93791,67257
2025-05-13T18:00:00Z,257028,200291,160325,120610,56737,73472,72942,104023,78975
2025-05-13T19:00:00Z,241115,189139,147847,114327,51976,67152,66694,85853,61864
2025-05-13T20:00:00Z,236602,182545,145464,111488,54057,64227,63744,87354,64296
2025-05-13T21:00:00Z,218037,166443,138157,102752,51594,57382,56972,78583,59294
2025-05-13T22:00:00Z,201468,151541,128231,96033,49927,49180,48788,68372,50896
2025-05-13T23:00:00Z,194427,146076,127132,95079,48351,49764,49389,67890,51274
2025-05-14T00:00:00Z,199618,143566,131341,91129,56052,49281,48869,85879,68448
2025-05-14T01:00:00Z,226816,143354,159234,90500,83462,52377,52012,116284,96946
2025-05-14T02:00:00Z,203867,154102,127486,95154,49765,57025,56685,84951,64138
2025-05-14T03:00:00Z,208850,155980,130544,95021,52870,52544,52199,78810,57329
2025-05-14T04:00:00Z,200166,154016,125682,93494,46150,50520,50139,71581,51741
2025-05-14T05:00:00Z,218575,167451,138969,104739,51124,56527,56112,78433,56219
2025-05-14T06:00:00Z,241982,182935,148905,106743,59047,65845,65404,98651,71989
2025-05-14T07:00:00Z,247782,200438,144366,113376,47344,72457,71981,89882,61360
2025-05-14T08:00:00Z,256802,209397,148675,119473,47405,78739,78227,98423,68841
2025-05-14T09:00:00Z,259088,209760,154004,119766,49328,76995,76545,98486,69867
2025-05-14T10:00:00Z,243643,196925,146243,115214,46718,72534,72075,92665,66116
2025-05-14T11:00:00Z,249499,203171,151327,120404,46328,75326,74876,91706,64714
2025-05-14T12:00:00Z,279377,195443,180301,113881,83934,76161,75658,131879,104010
2025-05-14T13:00:00Z,273057,207149,167110,118390,65908,82261,81744,119325,89589
2025-05-14T14:00:00Z,268628,224733,156451,128294,43895,86775,86231,102792,71870
2025-05-14T15:00:00Z,268737,217599,162580,127643,51138,83462,82961,106016,76832
2025-05-14T16:00:00Z,263411,214637,160120,129021,48774,79717,79213,100787,72305
2025-05-14T17:00:00Z,253540,208237,154466,125063,45303,74933,74470,92153,65797
2025-05-14T18:00:00Z,258852,200300,162819,121332,58552,72396,71875,104311,79365
2025-05-14T19:00:00Z,240093,188793,149248,116057,51300,66559,66090,84010,61302
2025-05-14T20:00:00Z,233916,179815,148054,111561,54101,62249,61802,83053,62107
2025-05-14T21:00:00Z,219790,164046,141514,102712,55744,56852,56394,78954,60149
2025-05-14T22:00:00Z,204225,149560,129503,93939,54665,48530,48077,68172,50828
2025-05-14T23:00:00Z,193417,142621,123615,90779,50796,48125,47726,66256,50572
2025-05-15T00:00:00Z,202628,139238,131882,87587,63390,48567,48140,88574,71390
2025-05-15T01:00:00Z,227191,141218,158582,88299,85973,51576,51190,115598,96446
2025-05-15T02:00:00Z,200689,149248,125882,92051,51441,54646,54290,82387,61406
2025-05-15T03:00:00Z,212318,157669,134178,96166,54649,51873,51500,79509,58619
2025-05-15T04:00:00Z,197962,151854,124544,92868,46108,50689,50305,70884,51682
2025-05-15T05:00:00Z,207073,159583,129483,96522,47490,56291,55930,75988,54765
2025-05-15T06:00:00Z,236112,179505,146638,105428,56607,65017,64523,95714,70497
2025-05-15T07:00:00Z,242091,198252,144873,114936,43839,74313,73879,89555,62418
2025-05-15T08:00:00Z,248887,204161,145928,117031,44726,75650,75173,93836,65375
2025-05-15T09:00:00Z,248874,199741,150221,116996,49133,75463,74972,95340,67513
2025-05-15T10:00:00Z,248066,202506,147851,118066,45560,73674,73128,94562,67167
2025-05-15T11:00:00Z,247361,201315,149030,118829,46046,72774,72299,89405,62454
2025-05-15T12:00:00Z,260758,183558,170779,108606,77200,73807,73287,126451,100058
2025-05-15T13:00:00Z,241920,183845,150250,107036,58075,74307,73789,108260,81114
2025-05-15T14:00:00Z,240668,198603,141221,116281,42065,82453,81944,98554,68451
2025-05-15T15:00:00Z,267034,209904,156200,122196,57130,82224,81703,106238,74166
2025-05-15T16:00:00Z,250168,196144,146647,117445,54024,74943,74417,98251,68876
2025-05-15T17:00:00Z,255492,200287,148788,118899,55205,72222,71732,94184,64970
2025-05-15T18:00:00Z,249899,191301,156725,116207,58598,69702,69142,101697,77521
2025-05-15T19:00:00Z,234260,183141,143270,111289,51119,63922,63401,81796,59302
2025-05-15T20:00:00Z,228788,177195,141512,108403,51593,61558,61047,83361,62415
2025-05-15T21:00:00Z,215681,161472,136325,100253,54209,53421,52972,76252,57633
2025-05-15T22:00:00Z,198896,146206,125867,94027,52690,49350,48957,68665,51921
2025-05-15T23:00:00Z,184478,134044,118306,86432,50434,45547,45174,63564,48344
2025-05-16T00:00:00Z,195380,134199,126238,86359,61181,47400,46963,83971,67418
2025-05-16T01:00:00Z,221278,134508,153407,84246,86770,49487,49085,114579,95515
2025-05-16T02:00:00Z,199209,144983,124267,90517,54226,52177,51799,81975,61852
2025-05-16T03:00:00Z,205666,149154,128827,92106,56512,51201,50829,79055,58554
2025-05-16T04:00:00Z,192220,143867,121191,89237,48353,47999,47657,68016,50111
2025-05-16T05:00:00Z,204715,154960,128863,95894,49755,54201,53831,74411,53590
2025-05-16T06:00:00Z,229907,171827,142151,101545,58080,63202,62782,93371,68839
2025-05-16T07:00:00Z,232310,185417,136711,107135,46893,68935,68468,84799,58379
2025-05-16T08:00:00Z,235707,191011,138572,111288,44696,72565,72109,90011,63578
2025-05-16T09:00:00Z,244487,190734,145529,109511,53753,71861,71350,92778,65641
2025-05-16T10:00:00Z,235440,186485,144978,112834,48955,69797,69296,88961,64714
2025-05-16T11:00:00Z,232112,186022,142181,112223,46090,68612,68154,85198,60704
2025-05-16T12:00:00Z,266714,183771,177080,110517,82943,70283,69819,127452,101886
2025-05-16T13:00:00Z,257515,193603,162338,114838,63912,75382,74924,111766,85022
2025-05-16T14:00:00Z,254415,209573,151733,123736,44842,79271,78776,95964,68068
2025-05-16T15:00:00Z,252943,200487,154589,119093,52456,76272,75726,99535,72346
2025-05-16T16:00:00Z,248934,200267,152616,121520,48667,72351,71856,93996,68173
2025-05-16T17:00:00Z,234596,188267,146078,115331,46329,66959,66481,84580,60780
2025-05-16T18:00:00Z,246948,185201,156350,112744,61747,66280,65787,100173,77684
2025-05-16T19:00:00Z,227641,175945,140640,107391,51696,58810,58351,78076,57264
2025-05-16T20:00:00Z,217532,165938,136974,102854,51594,56731,56296,78292,59599
2025-05-16T21:00:00Z,205548,149918,131430,93939,55630,49972,49555,73243,56094
2025-05-16T22:00:00Z,186628,134099,119513,85654,52529,43050,42647,62783,47346
2025-05-16T23:00:00Z,180244,128843,118063,84800,51401,43423,43042,62728,48573
2025-05-17T00:00:00Z,175883,117026,118864,76368,58857,37722,37321,76876,63169
2025-05-17T01:00:00Z,203849,113046,149796,75626,90803,38841,38480,108163,94412
2025-05-17T02:00:00Z,163159,115343,107574,75912,47816,38586,38262,66418,52183
2025-05-17T03:00:00Z,182962,128416,119975,81085,54546,38624,38297,67180,51803
2025-05-17T04:00:00Z,168478,126893,114789,83125,41585,40326,40017,59871,44937
2025-05-17T05:00:00Z,175090,128044,116487,82161,47046,42316,42030,62542,46567
2025-05-17T06:00:00Z,191489,136517,130195,86848,54972,45303,44985,77291,59840
2025-05-17T07:00:00Z,190018,147241,125185,92424,42777,50305,50002,67742,49097
2025-05-17T08:00:00Z,193792,150622,126644,94491,43170,51524,51217,72096,53220
2025-05-17T09:00:00Z,200417,151079,132783,95205,49338,51433,51127,74846,55933
2025-05-17T10:00:00Z,198088,153756,131752,98445,44332,53530,53230,75086,56706
2025-05-17T11:00:00Z,196256,154248,130677,98383,42008,53403,53125,70431,52176
2025-05-17T12:00:00Z,256462,162060,182665,98989,94402,53640,53353,118825,99511
2025-05-17T13:00:00Z,228825,160928,157726,101186,67897,58726,58375,101997,80713
2025-05-17T14:00:00Z,214646,171523,140555,108914,43123,62242,61907,80323,58432
2025-05-17T15:00:00Z,219180,170479,145703,107186,48701,60013,59689,85099,63273
2025-05-17T16:00:00Z,215436,173343,143459,112182,42093,61035,60622,81802,60864
2025-05-17T17:00:00Z,206045,163623,136996,105196,42422,55676,55370,73463,53410
2025-05-17T18:00:00Z,213731,158525,148487,103910,55206,56056,55738,89750,71303
2025-05-17T19:00:00Z,192480,149388,129125,97286,43092,48546,48270,66047,48920
2025-05-17T20:00:00Z,187987,143361,130070,95390,44626,46614,46322,67383,52187
2025-05-17T21:00:00Z,178959,131891,124615,87018,47068,42668,42403,64602,50541
2025-05-17T22:00:00Z,161302,120007,112605,80850,41295,36893,36640,53929,41803
2025-05-17T23:00:00Z,155503,114961,111184,79990,40542,38353,38112,54785,43786
2025-05-18T00:00:00Z,164459,115848,115609,79849,48611,34149,33797,68066,55506
2025-05-18T01:00:00Z,193011,112160,147403,77747,80851,36913,36603,102511,90229
2025-05-18T02:00:00Z,163597,114188,115246,77838,49409,36336,36052,70702,57622
2025-05-18T03:00:00Z,168637,125138,114069,80945,43499,36398,36113,62540,48823
2025-05-18T04:00:00Z,163682,122544,113946,82177,41138,39482,39197,58997,45634
2025-05-18T05:00:00Z,168682,125738,116248,82709,42944,38877,38625,57915,43554
2025-05-18T06:00:00Z,189450,136330,131475,89328,53120,44744,44461,76657,60326
2025-05-18T07:00:00Z,184591,143581,124206,92915,41010,47196,46910,64028,46731
2025-05-18T08:00:00Z,189872,147573,127929,95887,42299,49469,49147,69764,52113
2025-05-18T09:00:00Z,201620,153911,135013,97913,47709,52121,51826,75980,57459
2025-05-18T10:00:00Z,197747,154320,133357,100932,43427,50996,50708,72246,54070
2025-05-18T11:00:00Z,203706,162892,138146,106766,40814,55280,54978,71912,53280
2025-05-18T12:00:00Z,251743,159357,185650,103040,92386,55268,54950,120822,100974
2025-05-18T13:00:00Z,240198,174241,167938,111742,65957,60973,60636,104397,82577
2025-05-18T14:00:00Z,223421,182000,147725,116218,41421,64516,64215,82607,60400
2025-05-18T15:00:00Z,232022,182447,155119,116447,49575,65035,64733,90601,67873
2025-05-18T16:00:00Z,224137,181593,149755,117539,42544,64021,63714,85137,63647
2025-05-18T17:00:00Z,216430,174762,144155,112992,41668,59816,59518,77334,56751
2025-05-18T18:00:00Z,226244,171809,158642,115185,54435,59683,59375,93469,73955
2025-05-18T19:00:00Z,202594,160836,137192,105630,41758,53342,53050,69982,52119
2025-05-18T20:00:00Z,198062,154812,136712,102714,43250,50632,50345,71469,55004
2025-05-18T21:00:00Z,190500,144028,134197,96892,46472,46463,46192,68490,53524
2025-05-18T22:00:00Z,170180,128304,117901,86438,41876,41954,41682,59184,45740
2025-05-18T23:00:00Z,163348,122226,114361,83693,41122,39817,39576,55544,43080
2025-05-19T00:00:00Z,189520,128795,121381,84619,60725,43523,43159,76903,61276
2025-05-19T01:00:00Z,223584,131446,152703,84648,92138,46755,46383,110071,91785
2025-05-19T02:00:00Z,206909,141474,126237,87458,65435,48732,48362,82831,62218
2025-05-19T03:00:00Z,209143,147648,124278,90190,61495,47514,47136,76033,54943
2025-05-19T04:00:00Z,199264,142281,121261,89116,56983,46119,45681,68336,49323
2025-05-19T05:00:00Z,212027,155837,127236,94943,56190,53456,53058,73771,52626
2025-05-19T06:00:00Z,240033,176191,143491,103196,63842,63790,63355,95531,69696
2025-05-19T07:00:00Z,249994,198644,143694,114619,51350,72322,71885,89219,61012
2025-05-19T08:00:00Z,267831,215973,154523,127245,51858,76224,75744,95611,66403
2025-05-19T09:00:00Z,264567,209831,156924,124262,54736,74868,74407,95628,66861
2025-05-19T10:00:00Z,258767,206693,154739,125203,52074,74173,73699,93811,67266
2025-05-19T11:00:00Z,261461,209876,156517,126904,51585,73995,73556,89364,62253
2025-05-19T12:00:00Z,281447,194170,176374,114131,87277,76425,75936,132585,103656
2025-05-19T13:00:00Z,276385,202313,165530,116584,74072,80108,79629,119925,89963
2025-05-19T14:00:00Z,270089,218106,153774,126448,51983,85120,84552,104156,72488
2025-05-19T15:00:00Z,272863,215375,161400,126741,57488,83053,82514,106656,76945
2025-05-19T16:00:00Z,266250,208022,156014,123874,58228,78022,77481,101169,72303
2025-05-19T17:00:00Z,263686,205431,154387,121884,58255,76234,75764,94488,67083
2025-05-19T18:00:00Z,266596,198917,163883,121112,67679,73382,72902,104543,79040
2025-05-19T19:00:00Z,250461,193179,151835,118243,57282,67101,66651,87390,62910
2025-05-19T20:00:00Z,248236,182516,148581,111337,65720,62229,61727,89052,65601
2025-05-19T21:00:00Z,231577,165129,140256,101574,66448,57714,57277,82588,62212
2025-05-19T22:00:00Z,210678,155304,128571,95751,55374,49932,49495,69516,51622
2025-05-19T23:00:00Z,200468,144234,125461,92460,56234,49178,48783,68067,51578
2025-05-20T00:00:00Z,201294,142596,128965,89140,58698,49004,48573,85475,68788
2025-05-20T01:00:00Z,233183,143933,158651,88726,89250,53725,53304,118737,98557
2025-05-20T02:00:00Z,206137,156167,128770,94275,49970,56682,56294,86343,65442
2025-05-20T03:00:00Z,216787,165169,133450,97373,51618,53182,52819,79985,59483
2025-05-20T04:00:00Z,200486,155109,128818,96288,45377,52928,52545,72652,53766
2025-05-20T05:00:00Z,215828,168290,134044,101379,47538,57126,56790,76716,55322
2025-05-20T06:00:00Z,243724,187674,149221,108043,56050,66504,66087,97063,71417
2025-05-20T07:00:00Z,248375,201867,144903,113993,46508,75765,75325,91642,63928
2025-05-20T08:00:00Z,258747,211304,148034,118573,47443,76754,76307,95869,66332
2025-05-20T09:00:00Z,263867,212643,155166,121290,51224,79099,78627,99660,71425
2025-05-20T10:00:00Z,252112,204774,150040,119539,47338,74002,73520,93726,67363
2025-05-20T11:00:00Z,258077,211674,153633,123725,46403,75715,75228,92140,65180
2025-05-20T12:00:00Z,278837,203583,178372,118678,75254,78918,78418,132348,104201
2025-05-20T13:00:00Z,271522,210226,165785,120356,61296,81961,81453,118407,89221
2025-05-20T14:00:00Z,266622,225959,154567,129372,40663,88511,88005,103729,73359
2025-05-20T15:00:00Z,269338,219341,158608,125190,49997,82072,81541,103977,74799
2025-05-20T16:00:00Z,264550,215855,157585,126538,48695,81468,80914,101865,74038
2025-05-20T17:00:00Z,255690,207312,154409,122896,48378,75501,74999,93859,67311
2025-05-20T18:00:00Z,258187,201007,163181,121729,57180,73652,73190,105504,80470
2025-05-20T19:00:00Z,247499,195765,150997,117366,51734,68166,67711,87716,63872
2025-05-20T20:00:00Z,237404,184751,145524,111186,52653,64289,63792,87299,65104
2025-05-20T21:00:00Z,218876,168313,138781,104389,50563,57270,56783,79177,60055
2025-05-20T22:00:00Z,198986,149610,124823,93525,49376,49605,49191,69646,52251
2025-05-20T23:00:00Z,193639,144505,125463,93465,49134,49845,49462,69430,53133
2025-05-21T00:00:00Z,202491,142620,130143,89067,59871,48487,48028,87117,68922
2025-05-21T01:00:00Z,235284,148116,164199,92001,87168,55261,54864,123153,102300
2025-05-21T02:00:00Z,208020,153898,129475,92265,54122,54235,53865,86477,64082
2025-05-21T03:00:00Z,216102,159949,134735,95881,56153,54372,53992,82353,61265
2025-05-21T04:00:00Z,200780,153037,129302,95563,47743,52159,51793,73046,54087
2025-05-21T05:00:00Z,212086,163211,129143,96972,48875,56148,55805,76450,54237
2025-05-21T06:00:00Z,240041,186059,146246,107119,53982,68115,67685,98360,72769
2025-05-21T07:00:00Z,245468,201606,143040,114352,43862,73741,73296,89017,61161
2025-05-21T08:00:00Z,259966,214933,149219,121903,45033,79754,79240,98346,69022
2025-05-21T09:00:00Z,261177,213846,153099,121405,47331,79616,79126,99574,70868
2025-05-21T10:00:00Z,252468,206241,150961,120438,46227,75063,74584,94218,67629
2025-05-21T11:00:00Z,259869,211526,156535,124777,48343,76958,76489,93318,66520
2025-05-21T12:00:00Z,280109,200468,180820,117824,79641,77319,76837,130818,103294
2025-05-21T13:00:00Z,270495,206017,166154,118557,64478,83162,82626,119688,90221
2025-05-21T14:00:00Z,265532,220328,155286,127386,45204,86236,85695,102175,71977
2025-05-21T15:00:00Z,267188,216652,160196,126509,50536,84253,83699,106255,77054
2025-05-21T16:00:00Z,257613,209083,152161,122330,48530,78813,78262,100037,72268
2025-05-21T17:00:00Z,257658,209547,156743,126800,48111,75567,75059,94412,68143
2025-05-21T18:00:00Z,259057,203882,164004,124926,55175,72329,71854,103631,79182
2025-05-21T19:00:00Z,259789,211260,169995,138688,48529,66492,66054,83452,61047
2025-05-21T20:00:00Z,234652,182983,146062,111841,51669,64256,63766,85899,64253
2025-05-21T21:00:00Z,217815,165443,138309,101243,52372,55180,54717,77132,58328
2025-05-21T22:00:00Z,201513,151634,128942,95575,49879,50920,50512,69501,52492
2025-05-21T23:00:00Z,193405,142764,126027,91317,50641,48036,47661,65969,50218
2025-05-22T00:00:00Z,201915,142374,134401,91430,59541,49747,49298,86443,69235
2025-05-22T01:00:00Z,227929,142968,160372,89540,84961,52472,52088,116465,97616
2025-05-22T02:00:00Z,201886,150858,127676,93087,51028,53742,53374,82798,62416
2025-05-22T03:00:00Z,209088,158426,131330,96618,50662,53890,53504,81101,60618
2025-05-22T04:00:00Z,198604,155767,128928,99504,42837,50722,50347,70866,52572
2025-05-22T05:00:00Z,205702,161942,130257,101230,43760,55239,54865,74303,54082
2025-05-22T06:00:00Z,218239,168404,135233,99549,49835,62233,61822,90134,65498
2025-05-22T07:00:00Z,232620,192754,139121,112744,39866,73507,73082,88255,61564
2025-05-22T08:00:00Z,239796,196872,138999,112178,42924,74907,74447,91796,64097
2025-05-22T09:00:00Z,248264,198845,145989,112904,49419,77049,76560,96511,68865
2025-05-22T10:00:00Z,252072,202558,151012,118168,49514,74138,73664,93820,67889
2025-05-22T11:00:00Z,245716,198407,147013,116092,47309,72964,72432,89001,62796
2025-05-22T12:00:00Z,261910,187338,169093,110080,74572,75150,74579,126800,100042
2025-05-22T13:00:00Z,250097,190917,154522,110149,59180,77634,77098,113512,85394
2025-05-22T14:00:00Z,249078,209803,144791,121028,39275,84896,84363,99779,69991
2025-05-22T15:00:00Z,256130,208739,151429,120666,47391,80954,80427,102597,73749
2025-05-22T16:00:00Z,253413,205304,154339,122741,48109,78662,78160,98817,71819
2025-05-22T17:00:00Z,241108,195116,145668,116892,45992,72921,72434,91362,65305
2025-05-22T18:00:00Z,251294,193916,158586,117724,57378,71470,71002,102796,78486
2025-05-22T19:00:00Z,237957,188114,147864,114505,49843,66992,66571,84401,61854
2025-05-22T20:00:00Z,236048,182128,146175,110551,53920,63221,62741,85207,63484
2025-05-22T21:00:00Z,221439,165606,139464,101260,55833,57485,57008,80504,61676
2025-05-22T22:00:00Z,200355,148929,124781,92607,51426,49646,49253,69733,52182
2025-05-22T23:00:00Z,194986,144023,125381,93268,50963,50209,49855,69139,52926
2025-05-23T00:00:00Z,200297,140470,129501,88969,59827,47823,47373,85504,68567
2025-05-23T01:00:00Z,231712,146661,161368,91984,85051,52455,52069,117427,98652
2025-05-23T02:00:00Z,206116,155242,129594,95815,50874,53464,53096,82875,62313
2025-05-23T03:00:00Z,211641,155720,132421,94746,55921,50976,50598,78986,58876
2025-05-23T04:00:00Z,193065,143821,124509,90636,49244,50401,50054,71054,53470
2025-05-23T05:00:00Z,196895,146416,121829,87429,50479,51899,51561,72011,51913
2025-05-23T06:00:00Z,224827,168224,139220,98123,56603,62565,62145,91930,68067
2025-05-23T07:00:00Z,229136,183770,133488,104125,45366,67591,67147,83968,58210
2025-05-23T08:00:00Z,245433,200117,142020,114003,45316,74814,74312,92972,65892
2025-05-23T09:00:00Z,255519,205990,150517,118119,49529,74909,74453,96062,69100
2025-05-23T10:00:00Z,243845,198632,146680,116571,45213,70776,70308,91265,66082
2025-05-23T11:00:00Z,244740,199482,148863,118391,45258,71257,70805,87625,62735
2025-05-23T12:00:00Z,279642,195053,185008,115718,84589,72227,71733,130485,104712
2025-05-23T13:00:00Z,273006,207153,169744,119396,65853,78749,78272,116952,89668
2025-05-23T14:00:00Z,264147,216467,155700,125388,47680,80675,80178,98303,69437
2025-05-23T15:00:00Z,262958,208747,158894,122019,54211,78377,77891,102072,74514
2025-05-23T16:00:00Z,213245,169871,129919,102363,43374,65044,64578,85039,61573
2025-05-23T17:00:00Z,155678,125007,96911,77165,30671,53540,53109,66921,47548
2025-05-23T18:00:00Z,170048,121163,127061,86795,48885,47210,46855,69733,54341
2025-05-23T19:00:00Z,151290,116371,93621,72633,34919,47719,47309,62911,44460
2025-05-23T20:00:00Z,149990,116324,94841,72661,33666,45665,45295,61866,45749
2025-05-23T21:00:00Z,145424,109064,94354,69674,36360,41121,40770,57780,43391
2025-05-23T22:00:00Z,141480,105064,91795,67733,36416,38411,38090,54637,40607
2025-05-23T23:00:00Z,134794,96734,88289,63337,38060,35400,35105,50757,38100
2025-05-24T00:00:00Z,136470,91462,94618,61145,45008,34436,34076,65038,52888
2025-05-24T01:00:00Z,142615,79370,105565,52605,63245,30758,30441,80757,68933
2025-05-24T02:00:00Z,131409,95327,86559,62441,36082,34742,34455,56150,43016
2025-05-24T03:00:00Z,136745,97854,90489,61595,38891,33295,33020,55648,42099
2025-05-24T04:00:00Z,128825,97679,86074,62223,31146,35929,35667,52692,39443
2025-05-24T05:00:00Z,134160,99944,89152,63945,34216,36248,35982,52773,38454
2025-05-24T06:00:00Z,138491,100116,92912,62872,38375,39075,38803,63697,48227
2025-05-24T07:00:00Z,136827,105933,89658,66121,30894,41021,40743,56022,39910
2025-05-24T08:00:00Z,144590,112239,95523,71179,32351,43089,42802,59817,43275
2025-05-24T09:00:00Z,147005,111450,98026,70628,35555,43781,43513,62272,45690
2025-05-24T10:00:00Z,144802,111608,96080,71085,33194,42909,42636,60283,43754
2025-05-24T11:00:00Z,148376,114936,99667,74305,33440,45301,45041,59701,43513
2025-05-24T12:00:00Z,162150,103864,118670,67436,58286,42409,42148,86604,71073
2025-05-24T13:00:00Z,157595,117338,109011,75429,40257,47553,47293,75210,57785
2025-05-24T14:00:00Z,149400,121256,97718,76973,28144,49651,49373,63886,45242
2025-05-24T15:00:00Z,151735,119209,101227,76174,32526,49966,49683,68217,49709
2025-05-24T16:00:00Z,148808,120377,98863,77152,28431,49278,48998,65379,47598
2025-05-24T17:00:00Z,146825,118930,98839,77845,27895,48242,47996,61879,45405
2025-05-24T18:00:00Z,150636,114489,105077,75754,36147,43752,43506,67196,51904
2025-05-24T19:00:00Z,143378,112252,97526,73388,31126,42589,42300,56843,42343
2025-05-24T20:00:00Z,141885,108707,97975,71884,33178,39261,38999,55839,42165
2025-05-24T21:00:00Z,140740,105267,98752,70909,35473,37930,37684,55591,43065
2025-05-24T22:00:00Z,131645,99516,90900,66590,32129,33592,33324,48559,37372
2025-05-24T23:00:00Z,128827,97239,92037,67741,31588,34471,34232,48901,38599
2025-05-25T00:00:00Z,126762,89545,87527,60839,37217,30368,30021,56250,45317
2025-05-25T01:00:00Z,140607,82836,106006,56819,57771,30589,30292,78520,67680
2025-05-25T02:00:00Z,129980,90171,90793,60788,39809,31512,31223,59883,47892
2025-05-25T03:00:00Z,134664,98106,89602,63548,36558,32962,32676,55249,42038
2025-05-25T04:00:00Z,132215,97326,90520,63993,34889,32756,32497,50405,38088
2025-05-25T05:00:00Z,134829,98745,91491,64512,36084,35635,35398,51888,38808
2025-05-25T06:00:00Z,141342,101386,97427,65805,39956,37350,37076,61967,47639
2025-05-25T07:00:00Z,142795,111131,93214,69940,31664,41376,41091,56078,40025
2025-05-25T08:00:00Z,142378,112326,93004,71252,30052,43405,43141,59344,43299
2025-05-25T09:00:00Z,144714,111684,97141,71285,33030,43047,42792,60865,44518
2025-05-25T10:00:00Z,144702,114806,96749,74150,29896,45148,44908,61826,45638
2025-05-25T11:00:00Z,146383,118312,97720,75939,28071,44810,44547,58483,42207
2025-05-25T12:00:00Z,161926,105775,118006,68736,56151,45508,45215,88354,72426
2025-05-25T13:00:00Z,157663,114505,108622,72879,43158,47661,47331,76416,58980
2025-05-25T14:00:00Z,151719,123483,100754,79797,28236,52774,52484,66720,48488
2025-05-25T15:00:00Z,155336,121963,103228,77591,33373,51098,50798,69425,51062
2025-05-25T16:00:00Z,154886,126349,103424,82377,28537,52764,52402,68749,50489
2025-05-25T17:00:00Z,151265,122914,100000,79524,28351,49705,49439,63577,45788
2025-05-25T18:00:00Z,157397,120353,108226,79014,37044,49722,49455,74191,57036
2025-05-25T19:00:00Z,144512,115820,96377,74830,28692,44870,44612,58449,42760
2025-05-25T20:00:00Z,141782,112221,95356,72796,29561,43668,43403,59675,45065
2025-05-25T21:00:00Z,140226,107832,96257,71327,32394,39659,39405,57126,43560
2025-05-25T22:00:00Z,132295,101688,90763,68102,30607,36908,36646,52326,40051
2025-05-25T23:00:00Z,131326,99657,89976,66483,31669,36222,35910,50536,38607
2025-05-26T00:00:00Z,141729,95085,92231,62157,46644,36401,36052,63738,49356
2025-05-26T01:00:00Z,153750,92574,104149,57718,61176,39071,38738,84259,67476
2025-05-26T02:00:00Z,145828,104051,88539,63334,41777,42400,42071,66549,48338
2025-05-26T03:00:00Z,146789,106480,87377,65128,40309,42095,41712,63664,44883
2025-05-26T04:00:00Z,144671,106990,86141,64454,37681,40952,40612,59000,42175
2025-05-26T05:00:00Z,148881,110890,88452,66977,37991,45360,44976,62136,43487
2025-05-26T06:00:00Z,146788,110100,86904,63961,36688,47327,46861,69157,48545
2025-05-26T07:00:00Z,84509,69925,47401,39569,14584,35399,35104,43603,28758
2025-05-26T08:00:00Z,57269,49455,31946,27442,7814,29694,29458,34600,21911
2025-05-26T09:00:00Z,107291,85252,60019,47478,22039,43450,43114,56102,37613
2025-05-26T10:00:00Z,159051,123838,92408,72946,35213,56098,55606,72994,50250
2025-05-26T11:00:00Z,162664,129040,95277,76232,33624,56148,55737,70076,47433
2025-05-26T12:00:00Z,168824,117050,106240,68268,51774,55353,54854,92522,69163
2025-05-26T13:00:00Z,165755,123440,100057,71972,42315,58553,58103,83455,60018
2025-05-26T14:00:00Z,166210,135215,97154,80518,30995,63846,63430,77329,52822
2025-05-26T15:00:00Z,159936,127515,95121,75965,32421,58625,58237,75105,51973
2025-05-26T16:00:00Z,160127,127650,96208,78039,32477,58776,58402,75798,53117
2025-05-26T17:00:00Z,159402,127286,97922,79009,32116,54567,54230,69983,48614
2025-05-26T18:00:00Z,162403,122249,104634,77421,40154,53665,53302,79011,58753
2025-05-26T19:00:00Z,153982,118958,97251,75065,35024,49527,49187,65139,46350
2025-05-26T20:00:00Z,157093,120085,100247,76533,37008,49315,48921,67487,49692
2025-05-26T21:00:00Z,149213,109192,95018,70014,40021,42482,42065,60544,44685
2025-05-26T22:00:00Z,145957,108007,94289,71384,37950,41124,40794,57693,42745
2025-05-26T23:00:00Z,139913,101978,88575,66287,37935,39081,38774,55093,39825
2025-05-27T00:00:00Z,145819,103545,96710,67264,42274,41525,41184,70450,55500
2025-05-27T01:00:00Z,152398,97360,107610,61532,55038,41284,40938,86184,70434
2025-05-27T02:00:00Z,147202,115434,93972,71738,31768,47037,46690,67928,49886
2025-05-27T03:00:00Z,144421,111659,91448,68585,32762,43433,43080,62692,45271
2025-05-27T04:00:00Z,145384,115481,94162,72390,29903,44434,44097,60534,44124
2025-05-27T05:00:00Z,148079,116126,94059,71979,31953,46160,45794,60982,42799
2025-05-27T06:00:00Z,151986,118131,95315,70907,33855,52259,51851,72401,51749
2025-05-27T07:00:00Z,159342,131143,94077,75314,28199,58097,57710,69882,47166
2025-05-27T08:00:00Z,158004,130206,92299,75075,27798,58276,57834,71348,48407
2025-05-27T09:00:00Z,160661,130461,94086,74195,30200,58447,57997,73002,49671
2025-05-27T10:00:00Z,156008,128216,93724,75819,27792,57643,57202,71680,49825
2025-05-27T11:00:00Z,163049,134372,98142,79532,28677,57798,57366,70388,48194
2025-05-27T12:00:00Z,168609,123077,108317,72318,45532,58045,57589,92367,69890
2025-05-27T13:00:00Z,162791,125659,99577,72374,37132,60183,59735,83609,60115
2025-05-27T14:00:00Z,161591,135696,93665,77334,25895,64272,63848,76468,51363
2025-05-27T15:00:00Z,163141,131569,95779,75903,31572,61990,61535,76978,53008
2025-05-27T16:00:00Z,163396,132045,96516,77740,31351,58458,57969,73302,50841
2025-05-27T17:00:00Z,165158,132104,97441,77891,33054,57591,57113,72102,50031
2025-05-27T18:00:00Z,137272,106154,83334,62365,31118,49215,48790,68028,49329
2025-05-27T19:00:00Z,137899,108636,84024,65783,29263,47505,47101,60826,42326
2025-05-27T20:00:00Z,132368,101722,80466,61918,30646,45639,45185,61564,43848
2025-05-27T21:00:00Z,133986,103335,83945,63424,30651,42291,41913,58045,41947
2025-05-27T22:00:00Z,133015,99963,83319,62330,33052,39386,39009,54637,39718
2025-05-27T23:00:00Z,128137,93382,82110,59986,34755,37784,37436,52435,38990
2025-05-28T00:00:00Z,128147,88714,81071,55171,39433,36306,35901,60846,46257
2025-05-28T01:00:00Z,132712,83734,92084,52511,48978,38033,37690,75630,61012
2025-05-28T02:00:00Z,132735,97284,81270,58810,35451,41062,40741,60876,43990
2025-05-28T03:00:00Z,135058,100978,83580,61282,34080,42190,41844,61411,43970
2025-05-28T04:00:00Z,131307,100598,82045,61767,30709,40422,40105,56252,39782
2025-05-28T05:00:00Z,132716,103879,82141,63295,28837,43644,43335,57966,40489
2025-05-28T06:00:00Z,136146,105597,83116,61749,30549,47404,47061,66981,46658
2025-05-28T07:00:00Z,136863,112359,80586,64858,24504,52450,52059,63827,42480
2025-05-28T08:00:00Z,131552,107346,76229,61554,24206,51259,50852,62423,41515
2025-05-28T09:00:00Z,138093,111038,82259,64507,27055,53631,53217,66894,45723
2025-05-28T10:00:00Z,138127,110895,82620,64446,27232,51496,51045,64735,44660
2025-05-28T11:00:00Z,134270,109092,80208,63897,25178,51631,51227,62807,42958
2025-05-28T12:00:00Z,132906,95350,85305,55776,37556,48463,48069,75996,56652
2025-05-28T13:00:00Z,130914,99934,79989,57579,30980,52286,51891,72067,51485
2025-05-28T14:00:00Z,158532,132652,91284,75851,25880,63138,62681,75036,50324
2025-05-28T15:00:00Z,160989,130831,94266,75216,30158,61837,61402,76797,53485
2025-05-28T16:00:00Z,163966,133681,96829,78198,30285,60107,59624,75686,52687
2025-05-28T17:00:00Z,159963,130174,97109,78971,29789,58297,57826,71975,50332
2025-05-28T18:00:00Z,160833,122975,99426,73664,37858,53780,53333,76609,55618
2025-05-28T19:00:00Z,159143,123704,97893,75284,35439,52589,52189,67322,48288
2025-05-28T20:00:00Z,152954,115749,93863,70482,37205,47976,47544,64822,47072
2025-05-28T21:00:00Z,156339,114333,95457,69914,42006,45653,45249,63099,46526
2025-05-28T22:00:00Z,142974,105289,89519,66372,37685,39986,39604,55697,40566
2025-05-28T23:00:00Z,136538,103400,89195,66670,33138,40573,40228,54459,40675
2025-05-29T00:00:00Z,141831,101040,92678,64973,40791,39517,39098,66478,51781
2025-05-29T01:00:00Z,150403,94633,105165,60070,55770,39977,39601,84032,68568
2025-05-29T02:00:00Z,137110,102480,85477,63001,34630,42787,42436,63661,47079
2025-05-29T03:00:00Z,139248,105925,85960,63720,33323,40740,40399,60425,43532
2025-05-29T04:00:00Z,136087,104303,87356,65593,31784,41727,41395,57677,42358
2025-05-29T05:00:00Z,145485,111598,90730,67197,33887,43893,43559,60246,42517
2025-05-29T06:00:00Z,154924,118602,97073,71013,36322,50372,49964,71976,52045
2025-05-29T07:00:00Z,156406,125637,93525,73282,30769,51930,51530,65929,44712
2025-05-29T08:00:00Z,155857,126403,93490,75213,29454,55362,54900,69094,47847
2025-05-29T10:00:00Z,156078,126443,95031,75930,29635,54796,54392,70127,49701
2025-05-29T11:00:00Z,155604,126178,95557,76466,29426,53335,52956,66358,45922
2025-05-29T12:00:00Z,166442,117716,110100,70750,48726,53410,52954,90757,70081
2025-05-29T13:00:00Z,162868,122909,102455,72912,39959,56360,55898,81961,60258
2025-05-29T14:00:00Z,162668,133651,96180,78601,29017,60850,60406,73546,50602
2025-05-29T15:00:00Z,160333,129014,96975,76315,31319,58466,58046,74674,52336
2025-05-29T16:00:00Z,161575,131875,97708,79356,29700,58738,58259,72710,51181
2025-05-29T17:00:00Z,155262,126852,95593,77351,28410,56157,55760,68767,48238
2025-05-29T18:00:00Z,160102,124342,100850,76045,35760,52398,51968,73942,54313
2025-05-29T19:00:00Z,154874,123716,94766,75231,31158,51927,51514,65085,46416
2025-05-29T20:00:00Z,155043,123378,95703,75075,31665,49793,49364,65206,47326
2025-05-29T21:00:00Z,148908,114939,93024,70229,33969,45492,45101,62503,45798
2025-05-29T22:00:00Z,142762,108524,89601,68249,34238,41033,40643,56569,41163
2025-05-29T23:00:00Z,140930,105814,90739,68374,35116,40120,39752,54763,40750
2025-05-30T00:00:00Z,139802,98257,91366,63525,41545,38630,38215,65105,50597
2025-05-30T01:00:00Z,151648,93169,105939,58678,58479,39084,38707,83799,68410
2025-05-30T02:00:00Z,148326,111572,93877,69977,36754,43733,43389,65275,47857
2025-05-30T03:00:00Z,146088,108878,91976,66610,37210,40974,40636,62153,44717
2025-05-30T04:00:00Z,141896,108526,90741,68433,33370,41213,40864,57592,42292
2025-05-30T05:00:00Z,137445,105632,87145,65497,31813,41526,41192,57003,40137
2025-05-30T06:00:00Z,145789,111005,92772,67399,34784,47663,47318,69677,50567
2025-05-30T07:00:00Z,153322,122905,92380,72320,30417,51698,51320,65059,44276
2025-05-30T08:00:00Z,156973,126209,93612,74875,30764,54741,54239,68675,47503
2025-05-30T09:00:00Z,160548,126437,95520,73162,34111,54613,54118,70762,49174
2025-05-30T10:00:00Z,157310,124828,96987,75642,32482,53482,53069,69310,49261
2025-05-30T11:00:00Z,159117,126780,96884,76253,32337,51789,51418,65816,45330
2025-05-30T12:00:00Z,162313,114204,107105,68824,48109,51002,50591,87026,67238
2025-05-30T13:00:00Z,163315,124388,101934,72410,38927,55333,54938,80639,59573
2025-05-30T14:00:00Z,160133,132173,95278,78097,27960,59793,59368,72490,50615
2025-05-30T15:00:00Z,163254,129348,98063,76127,33906,56797,56344,73998,52051
2025-05-30T16:00:00Z,156241,126227,94436,75767,30014,55464,55018,71466,50710
2025-05-30T17:00:00Z,157729,126412,96441,77279,31317,52343,51870,66651,46618
2025-05-30T18:00:00Z,156668,118575,99730,73936,38093,50379,49875,73419,54427
2025-05-30T19:00:00Z,155082,118190,95926,72773,36892,46349,45895,62016,43643
2025-05-30T20:00:00Z,150104,113159,93696,70864,36945,45611,45108,62330,45560
2025-05-30T21:00:00Z,146556,105702,92502,65962,40854,40826,40399,59700,44075
2025-05-30T22:00:00Z,142146,103394,89444,65425,38752,38474,38111,56021,41272
2025-05-30T23:00:00Z,136788,98177,88137,63608,38611,35505,35157,51719,38838
2025-05-31T00:00:00Z,136427,92184,91665,60722,44243,33158,32741,63275,50600
2025-05-31T01:00:00Z,142690,80450,104390,53804,62240,30764,30385,79946,68157
2025-05-31T02:00:00Z,130522,91073,87021,59332,39449,32008,31684,57720,45105
2025-05-31T03:00:00Z,134086,98831,90075,63362,35255,32749,32464,55012,42118
2025-05-31T04:00:00Z,128939,97271,85047,61243,31668,33361,33067,49719,37027
2025-05-31T05:00:00Z,134286,99244,90872,64449,35042,35934,35644,52309,38994
2025-05-31T06:00:00Z,142026,102564,97991,66403,39462,36984,36668,61772,47536
2025-05-31T07:00:00Z,138652,108215,92148,68990,30437,40653,40364,55417,40000
2025-05-31T08:00:00Z,140750,109673,92334,69449,31077,40542,40238,57112,41904
2025-05-31T09:00:00Z,142253,108430,95613,70052,33823,41752,41477,59573,44087
2025-05-31T10:00:00Z,142054,110477,95429,71588,31577,41473,41189,58957,43262
2025-05-31T11:00:00Z,144476,113959,96451,73817,30517,43721,43460,57869,41783
2025-05-31T12:00:00Z,157414,99504,113986,63963,57910,41220,40931,84772,68966
2025-05-31T13:00:00Z,148570,106850,101089,68000,41720,45312,44931,73254,56629
2025-05-31T14:00:00Z,149150,119690,96002,75279,29460,48417,48068,63503,45461
2025-05-31T15:00:00Z,150410,117624,98681,73971,32786,48416,48120,67715,49628
2025-05-31T16:00:00Z,149050,118940,97077,76054,30110,46817,46500,63844,46624
2025-05-31T17:00:00Z,150526,121285,100500,79322,29241,47491,47201,62020,45222
2025-05-31T18:00:00Z,152507,114345,104816,74574,38162,43129,42837,68266,52477
2025-05-31T19:00:00Z,143672,112810,98304,74430,30862,40457,40198,54982,41069
2025-05-31T20:00:00Z,140538,107995,96271,71220,32543,37648,37370,54667,41604
2025-05-31T21:00:00Z,137978,103884,93509,67974,34094,34929,34608,52931,40124
2025-05-31T22:00:00Z,130181,98819,89470,67026,31362,34577,34226,49977,38015
2025-05-31T23:00:00Z,124367,93652,86696,63810,30715,31693,31427,46164,35222
2025-06-01T00:00:00Z,126670,88623,83171,61029,38047,30603,30224,52247,40864
2025-06-01T01:00:00Z,141935,78218,102466,53661,63717,28562,28190,76452,64687
2025-06-01T02:00:00Z,134696,84974,90852,57802,49722,30810,30473,62927,50437
2025-06-01T03:00:00Z,135098,96601,89710,66108,38497,31489,31191,53256,39785
2025-06-01T04:00:00Z,133331,94602,86033,60300,38729,32241,31956,51576,38827
2025-06-01T05:00:00Z,135126,97134,90354,64187,37992,33261,32995,50643,37450
2025-06-01T06:00:00Z,139594,99041,94312,64846,40553,36336,36056,60818,46895
2025-06-01T07:00:00Z,141166,106251,90832,67796,34915,38667,38391,53711,38730
2025-06-01T08:00:00Z,144514,111647,95464,73815,32867,41273,40979,58143,42532
2025-06-01T09:00:00Z,148075,110051,97369,71753,38024,41034,40749,59982,44168
2025-06-01T10:00:00Z,142826,110263,95533,72915,32563,42073,41795,59398,43584
2025-06-01T11:00:00Z,140649,110224,92470,71640,30425,41943,41679,55724,39903
2025-06-01T12:00:00Z,158791,100356,114484,65030,58435,41153,40878,85493,69688
2025-06-01T13:00:00Z,153753,109828,105345,70593,43925,45698,45417,75150,58190
2025-06-01T14:00:00Z,149665,119688,96288,76196,29977,49503,49254,64089,45659
2025-06-01T15:00:00Z,152848,119231,100156,76343,33617,49921,49648,67827,49924
2025-06-01T16:00:00Z,149888,119933,95592,75533,29955,48267,47988,64839,47173
2025-06-01T17:00:00Z,148341,118037,97244,77321,30304,48318,48022,62194,45398
2025-06-01T18:00:00Z,151814,113582,102271,74189,38232,44627,44331,69034,52565
2025-06-01T19:00:00Z,148129,115954,98961,77017,32175,44878,44581,58424,43260
2025-06-01T20:00:00Z,145876,112736,97587,75036,33140,40539,40243,56731,42251
2025-06-01T21:00:00Z,139304,103966,94426,69616,35338,37830,37579,55082,41990
2025-06-01T22:00:00Z,133140,99689,89148,67045,33451,36057,35794,51498,38957
2025-06-01T23:00:00Z,130244,96599,89439,66684,33645,34335,34094,48325,36984
2025-06-02T00:00:00Z,142442,95323,92017,64845,47119,35046,34689,61624,47889
2025-06-02T01:00:00Z,151733,87344,104209,57814,64389,33825,33471,79301,65282
2025-06-02T02:00:00Z,147396,99653,92764,64450,47743,38553,38216,66427,51204
2025-06-02T03:00:00Z,143315,104915,89497,67961,38400,37427,37107,58215,42537
2025-06-02T04:00:00Z,141433,105220,86839,66044,36213,39841,39525,57638,41635
2025-06-02T05:00:00Z,147051,108193,88300,66387,38858,40988,40655,58617,41144
2025-06-02T06:00:00Z,156176,114556,94105,68961,41620,46642,46241,69522,50183
2025-06-02T07:00:00Z,158161,122406,90019,70994,35755,51263,50820,64850,43912
2025-06-02T08:00:00Z,155583,121331,87980,70370,34252,52477,51997,67458,46311
2025-06-02T09:00:00Z,148226,113239,83960,65235,34987,50615,50146,66010,44996
2025-06-02T10:00:00Z,156123,119313,89080,69823,36810,52396,51945,68290,46981
2025-06-02T11:00:00Z,159491,125142,92068,73484,34349,53697,53275,67509,45862
2025-06-02T12:00:00Z,163358,113569,101477,66322,49789,52710,52194,86798,65176
2025-06-02T13:00:00Z,165133,120951,97079,68676,44182,57657,57197,83122,59853
2025-06-02T14:00:00Z,157120,125580,87507,71934,31540,59788,59282,73337,48609
2025-06-02T15:00:00Z,158437,122755,90755,71206,35682,58690,58219,75601,52034
2025-06-02T16:00:00Z,158309,124401,90439,72891,33908,56120,55673,72123,48925
2025-06-02T17:00:00Z,159012,124203,92114,73886,34809,55722,55292,70883,48811
2025-06-02T18:00:00Z,159812,116568,95074,69651,43244,52204,51723,76375,55067
2025-06-02T19:00:00Z,148679,113240,87486,68654,35439,48865,48461,63913,43961
2025-06-02T20:00:00Z,156496,117102,92637,71077,39394,48995,48536,66792,47765
2025-06-02T21:00:00Z,150482,110486,88988,66946,39996,43661,43272,62498,44599
2025-06-02T22:00:00Z,148339,108560,88568,67018,39779,41180,40799,57789,41538
2025-06-02T23:00:00Z,139601,101576,83455,63052,38025,39184,38836,54258,39102
2025-06-03T00:00:00Z,146974,104292,93774,65209,42682,40477,40082,68120,53219
2025-06-03T01:00:00Z,153552,95811,104714,58348,57741,39578,39209,84644,68694
2025-06-03T02:00:00Z,144649,107903,89541,64988,36746,43816,43477,65878,48588
2025-06-03T03:00:00Z,142748,108786,87657,64874,33962,41627,41281,61578,43934
2025-06-03T04:00:00Z,135886,103493,84516,62713,32393,41551,41158,58511,42277
2025-06-03T05:00:00Z,144103,107430,86497,63854,36673,42618,42242,58696,40936
2025-06-03T06:00:00Z,154541,112445,88123,64452,42096,49887,49456,74196,49989
2025-06-03T07:00:00Z,158591,126705,89384,71392,31886,54848,54427,69228,45365
2025-06-03T08:00:00Z,145277,115534,80561,65009,29743,53240,52802,66802,43942
2025-06-03T09:00:00Z,135449,106301,75587,59705,29148,51247,50810,65409,42978
2025-06-03T10:00:00Z,150340,121523,86837,69338,28817,53073,52652,67435,46241
2025-06-03T11:00:00Z,159888,130510,93510,75377,29378,56614,56203,69145,47590
2025-06-03T12:00:00Z,160719,115534,100725,65904,45185,54741,54279,87468,66094
2025-06-03T13:00:00Z,167192,128050,99686,71993,39142,59668,59221,83592,60498
2025-06-03T14:00:00Z,163272,136200,93568,77701,27072,64414,63985,75777,51319
2025-06-03T15:00:00Z,145879,118290,84346,67262,27589,57391,56939,71575,48780
2025-06-03T16:00:00Z,135376,110459,79592,64595,24917,52670,52270,66004,45746
2025-06-03T17:00:00Z,124391,101094,73787,59654,23297,47761,47358,59011,40359
2025-06-03T18:00:00Z,141309,108518,86847,64414,32791,49988,49560,69908,51199
2025-06-03T19:00:00Z,140775,113024,83419,65858,27751,47905,47507,60493,41663
2025-06-03T20:00:00Z,158221,125582,96261,75132,32639,51760,51249,67246,49227
2025-06-03T21:00:00Z,152958,117432,93638,70581,35526,45607,45181,62131,45457
2025-06-03T22:00:00Z,149873,115211,91988,70063,34662,42629,42223,58108,42701
2025-06-03T23:00:00Z,142049,109596,89982,68212,32453,41914,41570,55875,41744
2025-06-04T00:00:00Z,145280,105468,91164,63639,39812,39810,39406,65290,50246
2025-06-04T01:00:00Z,153712,98798,104098,59647,54914,42212,41856,84700,68871
2025-06-04T02:00:00Z,144957,110146,88326,64557,34811,43637,43283,65173,47366
2025-06-04T03:00:00Z,146986,114432,89342,67415,32554,44786,44420,63983,46098
2025-06-04T04:00:00Z,144122,111830,87853,65603,32292,42425,42063,58354,42096
2025-06-04T05:00:00Z,146093,114030,88483,67701,32063,45425,45071,60086,42340
2025-06-04T06:00:00Z,152044,117856,90373,66213,34188,50583,50185,70530,49775
2025-06-04T07:00:00Z,154061,127688,87563,70743,26373,55489,55087,66933,44526
2025-06-04T08:00:00Z,153569,126912,84284,68659,26657,56765,56322,68489,45679
2025-06-04T09:00:00Z,151645,123147,84513,66705,28498,55857,55417,69133,46726
2025-06-04T10:00:00Z,144791,118026,83488,66645,26765,52863,52432,66290,45362
2025-06-04T11:00:00Z,155658,127361,88995,70982,28297,55343,54901,67639,45788
2025-06-04T12:00:00Z,160006,116279,98470,64595,43727,54253,53772,86034,64050
2025-06-04T13:00:00Z,156092,120100,92261,66394,35992,57739,57291,80125,57375
2025-06-04T14:00:00Z,148101,127673,81367,70360,20428,61424,60979,70917,47189
2025-06-04T15:00:00Z,156838,130581,86832,71444,26257,60178,59698,74228,50252
2025-06-04T16:00:00Z,156526,127292,89781,72078,29234,58477,58022,71929,49817
2025-06-04T17:00:00Z,155542,128782,89698,73397,26760,56280,55854,68196,46988
2025-06-04T18:00:00Z,158290,123544,95505,71863,34746,54711,54254,75549,55076
2025-06-04T19:00:00Z,149787,120313,87546,69380,29474,49880,49432,62239,43514
2025-06-04T20:00:00Z,153690,122119,92571,71915,31571,50514,50094,64930,47244
2025-06-04T21:00:00Z,144810,111214,86945,64034,33596,43785,43376,59566,42964
2025-06-04T22:00:00Z,145475,111243,87529,65253,34232,41449,41053,55603,40456
2025-06-04T23:00:00Z,140689,109456,88716,67439,31233,42114,41765,55796,41653
2025-06-05T00:00:00Z,141977,103432,89075,62122,38545,38968,38577,65056,49780
2025-06-05T01:00:00Z,148554,95249,100536,57715,53305,41065,40713,82571,67057
2025-06-05T02:00:00Z,139446,105481,83197,61202,33965,42671,42324,63616,45975
2025-06-05T03:00:00Z,140957,110694,86256,65721,30263,42766,42433,61450,44071
2025-06-05T04:00:00Z,139127,108723,85634,64936,30404,41160,40808,57042,41101
2025-06-05T05:00:00Z,143055,110001,83790,64433,33054,43001,42628,59383,40229
2025-06-05T06:00:00Z,148970,116038,88587,65941,32932,50033,49645,70796,49707
2025-06-05T07:00:00Z,150147,122320,83800,66933,27827,52478,52076,64571,42071
2025-06-05T08:00:00Z,150473,124710,84517,68897,25763,55515,55034,67352,45031
2025-06-05T09:00:00Z,150382,123072,83525,66318,27310,54119,53692,67656,45097
2025-06-05T10:00:00Z,151648,124281,87860,70711,27367,53806,53402,67544,46704
2025-06-05T11:00:00Z,151170,124185,86985,70445,26985,53600,53192,65396,44477
2025-06-05T12:00:00Z,157853,114237,97554,63384,43616,52499,52042,84299,63337
2025-06-05T13:00:00Z,154955,120384,90581,65593,34571,56372,55924,78796,56320
2025-06-05T14:00:00Z,152997,127802,84805,70473,25195,59717,59244,71100,47199
2025-06-05T15:00:00Z,158249,128581,88568,70336,29668,58988,58529,73611,50393
2025-06-05T16:00:00Z,153894,125742,89289,71880,28152,56975,56541,70724,49456
2025-06-05T17:00:00Z,155413,130082,90427,74734,25331,55782,55367,68077,46697
2025-06-05T18:00:00Z,149246,131093,86714,76776,18153,55670,55286,64977,44733
2025-06-05T19:00:00Z,151179,119748,90566,69791,31431,49424,48951,63478,45017
2025-06-05T20:00:00Z,147870,115837,88208,67175,32033,45592,45138,60560,43601
2025-06-05T21:00:00Z,143413,110000,88648,66670,33413,42941,42501,58782,43222
2025-06-05T22:00:00Z,137397,105544,84749,63956,31853,38697,38303,53119,38972
2025-06-05T23:00:00Z,135895,103962,87719,66752,31933,39012,38650,52799,39756
2025-06-06T00:00:00Z,138954,97504,89429,60907,41450,37077,36657,64746,50753
2025-06-06T01:00:00Z,145676,88879,100980,54747,56797,36060,35699,80513,66008
2025-06-06T02:00:00Z,139173,104547,87557,64490,34626,40602,40250,61581,45488
2025-06-06T03:00:00Z,139942,105523,86327,63655,34419,38401,38056,58845,42470
2025-06-06T04:00:00Z,134413,102557,83926,62351,31856,37968,37641,54450,39638
2025-06-06T05:00:00Z,136669,104924,82951,62244,31745,41011,40676,55934,39439
2025-06-06T06:00:00Z,144286,111443,87515,63992,32843,45800,45412,66231,47212
2025-06-06T07:00:00Z,147246,119673,84572,67067,27573,50668,50263,62303,42138
2025-06-06T08:00:00Z,145743,118071,81271,65153,27672,50324,49883,63030,42144
2025-06-06T09:00:00Z,152660,123428,86302,67772,29232,52865,52431,66920,45774
2025-06-06T10:00:00Z,153730,125107,90452,72403,28623,52247,51841,66322,46682
2025-06-06T11:00:00Z,150906,122860,88462,70566,28046,50074,49681,62272,42871
2025-06-06T12:00:00Z,160362,111278,103737,64261,49084,50330,49883,85963,66886
2025-06-06T13:00:00Z,156676,118403,94610,66044,38273,53517,53098,77303,56401
2025-06-06T14:00:00Z,158458,129228,91392,73139,29230,56152,55716,68047,46267
2025-06-06T15:00:00Z,156553,124678,92283,71297,31875,55413,54987,70131,49255
2025-06-06T16:00:00Z,153573,122998,89689,71054,30575,54062,53596,68395,48206
2025-06-06T17:00:00Z,151158,122577,88636,71411,28581,51087,50673,63628,44105
2025-06-06T18:00:00Z,150884,116068,93596,68786,34816,49490,49092,70419,52385
2025-06-06T19:00:00Z,152230,116513,91747,70284,35717,45708,45305,60929,42942
2025-06-06T20:00:00Z,149334,112220,92074,68877,37114,42917,42505,60088,43962
2025-06-06T21:00:00Z,144822,102625,89769,63540,42197,38480,38100,57680,42674
2025-06-06T22:00:00Z,134670,97365,84716,61907,37305,34180,33825,50848,37396
2025-06-06T23:00:00Z,137157,95259,85767,61553,41898,34092,33763,51606,37244
2025-06-07T00:00:00Z,133768,85805,86374,56326,47963,31517,31133,62465,47941
2025-06-07T01:00:00Z,140384,79267,101559,51578,61117,29076,28748,76855,65616
2025-06-07T02:00:00Z,129572,88307,85141,57087,41265,31043,30724,57174,44810
2025-06-07T03:00:00Z,131112,94604,86476,60625,36508,31947,31653,53957,41321
2025-06-07T04:00:00Z,127670,95691,85944,62738,31979,31879,31587,48135,36247
2025-06-07T05:00:00Z,130507,96139,86639,62242,34368,33438,33145,49346,36684
2025-06-07T06:00:00Z,137418,98311,92629,62703,39107,36381,36088,60254,46067
2025-06-07T07:00:00Z,137940,106304,88859,65951,31636,37727,37430,52262,37209
2025-06-07T08:00:00Z,140751,108117,91026,68107,32634,39451,39146,56258,40707
2025-06-07T09:00:00Z,142317,107169,94061,68412,35148,40029,39753,58462,42840
2025-06-07T10:00:00Z,137577,105537,89055,66542,32040,39421,39145,56350,41081
2025-06-07T11:00:00Z,134694,107047,88995,68623,27647,39279,39018,52663,37670
2025-06-07T12:00:00Z,150416,96524,108713,61974,53892,38932,38651,80682,66103
2025-06-07T13:00:00Z,147202,107590,100234,68073,39612,42652,42374,70393,54303
2025-06-07T14:00:00Z,147471,119332,94240,74785,28139,46611,46321,60856,43387
2025-06-07T15:00:00Z,149041,118350,97363,74319,30691,47230,46950,64748,47210
2025-06-07T16:00:00Z,147879,119073,96253,75643,28806,46301,45997,62120,45403
2025-06-07T17:00:00Z,143163,115023,92591,72329,28140,43263,43004,57016,40933
2025-06-07T18:00:00Z,142295,106732,96522,69184,35563,41875,41596,64464,49884
2025-06-07T19:00:00Z,138455,110372,93324,71771,28083,40335,40075,53125,39304
2025-06-07T20:00:00Z,137416,106673,92899,69705,30743,36299,36030,51936,39147
2025-06-07T21:00:00Z,137293,104570,93988,69171,32723,35683,35430,52320,40049
2025-06-07T22:00:00Z,125000,94288,86550,63220,30712,31833,31571,46150,35862
2025-06-07T23:00:00Z,122178,92327,85964,62089,29851,29701,29453,42529,32906
2025-06-08T00:00:00Z,124182,88455,86674,60938,35727,28449,28087,52346,41807
2025-06-08T01:00:00Z,139279,80473,104986,54696,58806,29023,28712,75880,65730
2025-06-08T02:00:00Z,132623,91416,92656,61123,41207,29845,29537,58857,47236
2025-06-08T03:00:00Z,130887,100511,90224,67638,30376,30583,30312,50175,38171
2025-06-08T04:00:00Z,127433,96678,87920,64637,30755,31737,31471,48339,36677
2025-06-08T05:00:00Z,129363,98002,88255,64863,31361,32774,32521,48216,35848
2025-06-08T06:00:00Z,134507,97734,92248,63601,36773,34335,34055,57958,44638
2025-06-08T07:00:00Z,137200,108905,90795,69818,28295,38585,38313,51821,37661
2025-06-08T08:00:00Z,134198,107795,88494,68886,26403,40106,39824,55440,40660
2025-06-08T09:00:00Z,136607,107221,90276,67773,29386,38872,38544,55409,40214
2025-06-08T10:00:00Z,141034,112959,92492,70951,28075,41494,41212,57433,42448
2025-06-08T11:00:00Z,139706,112624,93109,72651,27082,42767,42497,55184,40406
2025-06-08T12:00:00Z,157434,103139,111295,64541,54295,40701,40412,82307,66611
2025-06-08T13:00:00Z,151240,110613,103145,69919,40627,43521,43257,71672,55389
2025-06-08T14:00:00Z,147721,120602,95422,76158,27119,49499,49215,62896,45172
2025-06-08T15:00:00Z,150914,121839,99729,78112,29075,48807,48527,65681,47875
2025-06-08T16:00:00Z,149182,121390,95659,75961,27792,47121,46832,62994,45552
2025-06-08T17:00:00Z,150350,123400,98884,79726,26950,46996,46720,60784,44223
2025-06-08T18:00:00Z,149621,115568,101687,75570,34053,44253,43974,67734,52119
2025-06-08T19:00:00Z,142015,114274,93152,72924,27741,40822,40559,53677,39906
2025-06-08T20:00:00Z,141067,110919,92838,70270,30148,38357,38074,54252,40741
2025-06-08T21:00:00Z,137271,105053,93434,68745,32218,37081,36840,53334,41113
2025-06-08T22:00:00Z,133096,101907,88785,66351,31189,35007,34750,49665,38119
2025-06-08T23:00:00Z,131021,101046,88609,66503,29975,33807,33569,47158,35767
2025-06-09T00:00:00Z,137566,95400,85883,61098,42166,34620,34263,59505,45427
2025-06-09T01:00:00Z,148112,90561,99936,56899,57551,36964,36616,79447,64429
2025-06-09T02:00:00Z,142874,102316,87071,62083,40558,39370,39006,63867,46944
2025-06-09T03:00:00Z,142544,105454,82930,63498,37090,38492,38171,58476,40264
2025-06-09T04:00:00Z,138095,102856,82395,63196,35239,38529,38121,55969,39978
2025-06-09T05:00:00Z,144956,107654,84985,64371,37302,41165,40787,57231,39648
2025-06-09T06:00:00Z,154925,115020,92976,67932,39905,46988,46608,69564,49493
2025-06-09T07:00:00Z,159759,123814,92215,72247,35945,51514,51137,66346,44974
2025-06-09T08:00:00Z,156090,122452,87691,69684,33638,51413,50998,67353,45269
2025-06-09T09:00:00Z,158743,123586,90540,70789,35157,52508,52099,68611,47084
2025-06-09T10:00:00Z,155180,122576,90203,71982,32604,51555,51161,67457,46699
2025-06-09T11:00:00Z,158589,124936,91692,73029,33653,51337,50939,65814,44474
2025-06-09T12:00:00Z,165049,113368,104764,66724,51681,51771,51329,89538,68099
2025-06-09T13:00:00Z,164407,122660,99460,71090,41747,56111,55687,83297,60589
2025-06-09T14:00:00Z,163684,134775,92952,77764,28909,60001,59583,73280,49352
2025-06-09T15:00:00Z,164210,130272,94406,75335,33938,59136,58722,75696,51761
2025-06-09T16:00:00Z,164533,130867,93403,75740,33666,57839,57394,73913,50851
2025-06-09T17:00:00Z,159615,126591,92838,74999,33024,54163,53733,68964,47286
2025-06-09T18:00:00Z,159621,120384,97120,72394,39237,52400,51967,75258,54992
2025-06-09T19:00:00Z,157347,121020,90979,71353,36327,49492,49053,64641,44863
2025-06-09T20:00:00Z,154253,116502,90436,69896,37751,47859,47435,64614,45742
2025-06-09T21:00:00Z,151454,112803,91644,69474,38651,45246,44817,62574,45302
2025-06-09T22:00:00Z,146597,109183,88331,68354,37414,40179,39791,56334,40581
2025-06-09T23:00:00Z,147211,107593,88555,67542,39618,40587,40210,56102,40782
2025-06-10T00:00:00Z,147513,104416,90571,63545,43097,39889,39420,67072,51294
2025-06-10T01:00:00Z,151540,95260,103065,58657,56280,39062,38676,82045,66546
2025-06-10T02:00:00Z,151719,111952,93654,67959,39767,44776,44347,68230,50568
2025-06-10T03:00:00Z,147470,110773,90557,67814,36697,43045,42665,63115,45061
2025-06-10T04:00:00Z,146286,110217,90163,67478,36069,41058,40687,58162,41283
2025-06-10T05:00:00Z,148342,112285,87991,66039,36057,44046,43705,59869,41722
2025-06-10T06:00:00Z,154963,117906,93655,68593,37057,50717,50336,72261,51569
2025-06-10T07:00:00Z,157723,126004,90553,71504,31719,54096,53664,66890,44216
2025-06-10T08:00:00Z,162378,127186,88394,71894,35192,56418,55979,72727,46342
2025-06-10T09:00:00Z,161032,127186,90493,71012,33846,55728,55279,71213,47499
2025-06-10T10:00:00Z,159634,126496,91294,72666,33138,54057,53630,69923,47342
2025-06-10T11:00:00Z,159575,128204,92365,74407,31371,56028,55517,69088,46450
2025-06-10T12:00:00Z,158846,112016,100340,64474,46830,52632,52142,87130,65145
2025-06-10T13:00:00Z,150029,109517,91479,61190,40512,51533,51042,79542,59059
2025-06-10T14:00:00Z,141567,116974,81922,66784,24593,55283,54812,67095,45622
2025-06-10T15:00:00Z,149600,123819,86623,70942,25781,59812,59317,71086,48390
2025-06-10T16:00:00Z,164145,134031,96899,77752,30114,67115,66608,82325,54942
2025-06-10T17:00:00Z,163980,133912,99000,79825,30068,62920,62464,76530,52155
2025-06-10T18:00:00Z,162384,125051,99115,73721,37333,52947,52473,74662,54697
2025-06-10T19:00:00Z,156560,124533,95180,75453,32027,52201,51728,65396,46584
2025-06-10T20:00:00Z,153312,120368,93385,72894,32944,49113,48633,64520,46903
2025-06-10T21:00:00Z,151481,112824,89660,67089,38657,43005,42582,60338,43262
2025-06-10T22:00:00Z,144639,109035,88551,67749,35604,41443,41056,56676,41647
2025-06-10T23:00:00Z,144644,108626,89445,67181,36018,40396,40028,54933,40747
2025-06-11T00:00:00Z,141886,100721,90022,63281,41165,38118,37711,64054,49023
2025-06-11T01:00:00Z,154106,97911,104564,60226,56195,40474,40102,83025,67578
2025-06-11T02:00:00Z,148701,107625,93626,65097,41076,42889,42516,68900,51433
2025-06-11T03:00:00Z,151818,116580,94528,71228,35238,43614,43236,64028,46182
2025-06-11T04:00:00Z,142645,111103,88891,67814,31542,42999,42619,59231,42809
2025-06-11T05:00:00Z,151155,115787,91194,69479,35368,44855,44494,59723,42273
2025-06-11T06:00:00Z,156646,121832,95000,71069,34814,51687,51310,72339,51936
2025-06-11T07:00:00Z,156701,128090,90015,72006,28611,55092,54668,66929,45193
2025-06-11T08:00:00Z,163631,135055,94470,76917,28576,59474,59025,72666,49674
2025-06-11T09:00:00Z,159729,130294,91106,72631,29435,57688,57237,71119,48797
2025-06-11T10:00:00Z,159673,130488,93134,74572,29185,55606,55126,70032,48280
2025-06-11T11:00:00Z,161066,130556,95471,75835,30510,57388,56953,69585,48049
2025-06-11T12:00:00Z,164181,116125,104410,66772,48056,54863,54360,88365,67136
2025-06-11T13:00:00Z,162688,122985,100169,70776,39703,58628,58120,83159,60699
2025-06-11T14:00:00Z,161428,133343,92017,75512,28085,62438,61919,74389,50583
2025-06-11T15:00:00Z,161357,131637,94170,75222,29720,59687,59161,74117,51575
2025-06-11T16:00:00Z,161600,132776,94054,76834,28824,59256,58780,73733,51944
2025-06-11T17:00:00Z,158457,129498,93201,75841,28959,55635,55187,68594,47778
2025-06-11T18:00:00Z,159027,124924,99775,76350,34103,53994,53536,74927,55617
2025-06-11T19:00:00Z,157603,125784,96294,76706,31819,51459,51005,64586,46271
2025-06-11T20:00:00Z,154081,118581,94518,72732,35500,49124,48613,64754,47405
2025-06-11T21:00:00Z,152201,111384,90791,66288,40817,43078,42560,61515,43524
2025-06-11T22:00:00Z,149576,110860,92747,68577,38716,41699,41263,57007,42159
2025-06-11T23:00:00Z,142476,105788,88406,65520,36688,40482,40134,55129,40752
2025-06-12T00:00:00Z,149995,106793,94944,66157,43202,39031,38615,66387,51674
2025-06-12T01:00:00Z,155343,97021,107473,60372,58322,41018,40650,86660,71222
2025-06-12T02:00:00Z,146944,107272,92022,65216,39672,41914,41555,66905,49999
2025-06-12T03:00:00Z,145329,111945,90139,68952,33384,42834,42488,62609,45035
2025-06-12T04:00:00Z,145856,113495,91009,69935,32361,41983,41621,58369,42046
2025-06-12T05:00:00Z,152258,115955,94231,70809,36303,45618,45237,60898,42971
2025-06-12T06:00:00Z,153912,117612,94623,69278,36300,49933,49543,71434,51406
2025-06-12T07:00:00Z,157047,127203,92308,73104,29844,54942,54523,67028,45314
2025-06-12T08:00:00Z,161553,131694,92972,75001,29859,57460,57013,70557,48309
2025-06-12T09:00:00Z,156303,126264,88592,69715,30039,55753,55315,69866,47365
2025-06-12T10:00:00Z,160515,129833,93768,75431,30682,56339,55862,71031,49367
2025-06-12T11:00:00Z,160492,129974,95217,76751,30518,55678,55184,68210,46620
2025-06-12T12:00:00Z,171583,122574,110003,72221,49009,55925,55395,91530,69804
2025-06-12T13:00:00Z,164987,125908,100667,72808,39079,59269,58776,83914,61342
2025-06-12T14:00:00Z,164345,137253,94765,78882,27092,62595,62124,74918,50661
2025-06-12T15:00:00Z,170201,138219,99893,79884,31982,62142,61678,77809,54628
2025-06-12T16:00:00Z,159837,129926,94120,75554,29911,56750,56287,71328,49758
2025-06-12T20:00:00Z,151015,116482,94435,71530,34533,47025,46571,63116,46010
2025-06-12T21:00:00Z,147225,110907,92317,67953,36318,42472,42086,58813,43319
2025-06-12T22:00:00Z,144552,110517,90263,68467,34035,40555,40184,55516,41128
2025-06-12T23:00:00Z,137055,105852,88298,67355,31203,39458,39103,53258,40207
2025-06-13T00:00:00Z,141327,101053,91066,63236,40274,37382,36963,64689,50890
2025-06-13T01:00:00Z,151655,96258,107558,61263,55397,39551,39196,84178,69945
2025-06-13T02:00:00Z,144818,105428,92846,65067,39390,40785,40424,66477,50477
2025-06-13T03:00:00Z,148845,115693,93465,71311,33152,42425,42072,61801,45181
2025-06-13T04:00:00Z,142553,109809,91824,69033,32744,40822,40473,57133,41999
2025-06-13T05:00:00Z,148540,113558,92243,68096,34982,42913,42555,58566,41616
2025-06-13T06:00:00Z,154707,118446,98019,71789,36261,49764,49370,70346,51002
2025-06-13T07:00:00Z,156763,127732,92760,73400,29031,51720,51313,64270,43628
2025-06-13T08:00:00Z,158906,130040,91825,74275,28866,56050,55643,68864,47688
2025-06-13T09:00:00Z,164225,133664,96160,76157,30561,56370,55943,71383,49820
2025-06-13T10:00:00Z,156627,125736,92913,72616,30891,53153,52744,67793,47988
2025-06-13T11:00:00Z,154380,126296,92531,74221,28084,53392,52986,65556,45701
2025-06-13T12:00:00Z,169906,119694,110130,69926,50212,52533,52118,89887,70086
2025-06-13T13:00:00Z,160918,123585,100145,71544,37333,55949,55459,80288,59640
2025-06-13T14:00:00Z,161271,133038,95115,77142,28233,58357,57864,70345,48437
2025-06-13T15:00:00Z,163470,130713,98889,77046,32757,57506,57043,73239,52360
2025-06-13T16:00:00Z,160387,128119,97244,76710,32268,54302,53819,69825,49441
2025-06-13T17:00:00Z,153113,122941,93354,74271,30172,51972,51552,65721,45998
2025-06-13T18:00:00Z,157023,119608,98167,72510,37415,49126,48679,72103,53531
2025-06-13T19:00:00Z,149687,117525,92435,72418,32162,44370,43932,58653,41356
2025-06-13T20:00:00Z,149768,117069,94908,73563,32699,43802,43384,59429,44060
2025-06-13T21:00:00Z,147955,113056,94184,70844,34899,39243,38827,55696,41412
2025-06-13T22:00:00Z,141111,106316,90892,69080,34795,35558,35121,51302,37921
2025-06-13T23:00:00Z,135119,102264,88234,66347,32855,35653,35300,49794,38031
2025-06-14T00:00:00Z,134705,90759,90999,58994,43946,30590,30176,60911,49241
2025-06-14T01:00:00Z,146114,83090,108143,55968,63024,31695,31359,81616,70473
2025-06-14T02:00:00Z,130905,93883,87276,61512,37022,31176,30856,53457,41385
2025-06-14T03:00:00Z,134236,99239,89321,63445,34997,32378,32042,53595,41180
2025-06-14T04:00:00Z,130174,100371,88104,66077,29803,34741,34444,50946,38328
2025-06-14T05:00:00Z,133511,101167,88260,64790,32344,34188,33894,50422,37322
2025-06-14T06:00:00Z,142348,104648,97237,67784,37700,38442,38132,62272,47766
2025-06-14T07:00:00Z,140701,110405,93415,70540,30296,39389,39090,53776,38727
2025-06-14T08:00:00Z,143724,113537,94780,72943,30187,41957,41642,58465,43059
2025-06-14T09:00:00Z,144879,112474,94973,70334,32405,40148,39842,58633,42938
2025-06-14T10:00:00Z,145852,114898,96500,73079,30954,42566,42259,59688,43600
2025-06-14T11:00:00Z,147435,116845,97926,74652,30590,42841,42548,57252,41346
2025-06-14T12:00:00Z,163134,102640,118598,65533,60494,39962,39658,85785,70360
2025-06-14T13:00:00Z,151279,109161,103561,68905,42118,44175,43882,72762,56465
2025-06-14T14:00:00Z,148167,119468,96614,75792,28699,46484,46176,60843,43579
2025-06-14T15:00:00Z,151305,119804,101350,77044,31501,47999,47694,65237,48408
2025-06-14T16:00:00Z,148998,120059,99118,77283,28939,46124,45813,62925,46320
2025-06-14T17:00:00Z,146357,117720,97891,76418,28637,45215,44927,59301,43132
2025-06-14T18:00:00Z,147951,112182,101192,72647,35769,42780,42476,66280,51360
2025-06-14T19:00:00Z,144097,113843,95283,72101,30254,37977,37598,51794,38193
2025-06-14T20:00:00Z,143174,111614,95948,71514,31560,36830,36491,53082,40701
2025-06-14T21:00:00Z,141603,106483,95299,67578,35120,32854,32533,49465,38109
2025-06-14T22:00:00Z,136724,104569,93336,69532,32155,31450,31188,47039,35770
2025-06-14T23:00:00Z,130455,100153,90724,67597,30302,32072,31808,46335,36564
2025-06-15T00:00:00Z,130544,92446,87582,59962,38098,27494,27139,53357,42410
2025-06-15T01:00:00Z,142638,84598,107443,57790,58040,28634,28324,75952,66000
2025-06-15T02:00:00Z,140285,94642,97508,60818,45643,29862,29565,63947,52601
2025-06-15T03:00:00Z,138346,100688,90744,64359,37658,29655,29369,51986,38633
2025-06-15T04:00:00Z,137147,101747,90174,64374,35400,32088,31769,49270,37482
2025-06-15T05:00:00Z,136407,100818,89985,63216,35589,31851,31487,48164,35623
2025-06-15T06:00:00Z,143040,104484,99162,68725,38556,36938,36640,60063,46596
2025-06-15T07:00:00Z,138962,108399,92116,68902,30563,38925,38572,53180,38530
2025-06-15T08:00:00Z,144851,113272,92577,70365,31579,39416,39086,56117,40620
2025-06-15T09:00:00Z,146079,113166,97541,72481,32913,41842,41554,60026,44482
2025-06-15T10:00:00Z,143044,113604,95274,73535,29440,41055,40758,57749,42326
2025-06-15T11:00:00Z,148023,116806,97682,74739,31217,43095,42804,57465,41587
2025-06-15T12:00:00Z,167710,106036,122923,69189,61674,42216,41898,88352,72855
2025-06-15T13:00:00Z,154781,110558,107498,71068,44223,44116,43826,73491,57149
2025-06-15T14:00:00Z,154689,124333,102068,79798,30356,49379,49102,64782,46883
2025-06-15T15:00:00Z,156144,123572,102802,78135,32572,47945,47631,66407,48753
2025-06-15T16:00:00Z,150943,121173,99995,78278,29770,48455,48125,65234,48031
2025-06-15T17:00:00Z,149692,120533,98531,77494,29159,47309,46969,61871,45333
2025-06-15T18:00:00Z,150580,114102,103028,74320,36478,43382,43076,68109,52401
2025-06-15T19:00:00Z,145556,115706,97642,75971,29850,41838,41553,55943,41473
2025-06-15T20:00:00Z,145053,113141,98268,74265,31912,40098,39820,56793,43097
2025-06-15T21:00:00Z,141863,106440,96194,68893,35423,36320,36046,54496,41231
2025-06-15T22:00:00Z,135415,102924,92540,68571,32491,34891,34620,51199,38793
2025-06-15T23:00:00Z,130586,97875,86888,62917,32711,33555,33295,47841,36985
2025-06-16T00:00:00Z,141516,94011,87793,60900,47505,33068,32685,60138,45619
2025-06-16T01:00:00Z,153711,90786,102634,57734,62925,36764,36393,81730,65851
2025-06-16T02:00:00Z,145735,99760,85796,59971,45975,38557,38212,64530,46719
2025-06-16T03:00:00Z,148815,108376,87694,67688,40439,40454,40025,61110,43042
2025-06-16T04:00:00Z,148709,109441,88113,68193,39268,40166,39772,58960,41921
2025-06-16T05:00:00Z,148096,111225,84932,65260,36871,40832,40463,57880,39544
2025-06-16T06:00:00Z,154083,114138,90537,66860,39945,48774,48356,70652,50006
2025-06-16T07:00:00Z,158604,125422,88436,70074,33182,53722,53303,67779,45056
2025-06-16T08:00:00Z,161894,129081,89132,71602,32813,56142,55674,70867,47441
2025-06-16T09:00:00Z,163781,127912,92079,72333,35869,55438,54987,71102,48355
2025-06-16T10:00:00Z,161328,125026,89964,71490,36302,51956,51428,68132,46102
2025-06-16T11:00:00Z,160667,125688,90655,72517,34979,54347,53907,68829,46230
2025-06-16T12:00:00Z,168683,116971,103867,67473,51712,54190,53678,90261,67450
2025-06-16T13:00:00Z,166924,123840,97830,70325,43084,57158,56567,83361,59377
2025-06-16T14:00:00Z,165253,133422,92983,76743,31831,62325,61755,75644,50984
2025-06-16T15:00:00Z,163657,129969,93525,74631,33688,59684,59115,76454,52108
2025-06-16T16:00:00Z,160452,125645,90699,73242,34807,56726,56227,73231,49827
2025-06-16T17:00:00Z,157552,123134,90406,72626,34418,53872,53426,69130,47003
2025-06-16T18:00:00Z,163137,122386,98298,73670,40751,51295,50843,74398,53532
2025-06-16T19:00:00Z,155702,117679,92013,71904,38023,49184,48718,64556,44913
2025-06-16T20:00:00Z,158340,118378,93667,72441,39962,48293,47833,66209,47198
2025-06-16T21:00:00Z,155102,113466,91604,68855,41636,42428,42003,60672,43189
2025-06-16T22:00:00Z,146347,107466,88139,67870,38881,39714,39313,56539,40381
2025-06-16T23:00:00Z,143082,106680,88555,67800,36402,38964,38596,54522,39835
2025-06-17T00:00:00Z,148966,103202,92500,65292,45764,37452,37017,63876,48186
2025-06-17T01:00:00Z,156510,97236,105637,61824,59274,40197,39806,84025,67650
2025-06-17T02:00:00Z,148540,108456,91101,65379,40084,41539,41162,64874,47793
2025-06-17T03:00:00Z,147200,108467,90126,67482,38733,41373,40936,61783,43478
2025-06-17T04:00:00Z,145086,108516,89852,67752,36570,41829,41442,60217,42492
2025-06-17T05:00:00Z,147446,112729,90368,68655,34717,43133,42764,58568,41397
2025-06-17T06:00:00Z,158815,123113,98431,73054,35702,51408,51009,72868,52471
2025-06-17T07:00:00Z,155432,126527,89502,71495,28905,54970,54508,67094,44898
2025-06-17T08:00:00Z,159759,131457,91527,74836,28302,57818,57355,70971,48215
2025-06-17T09:00:00Z,161108,131574,94014,75804,29534,57413,56973,72474,49882
2025-06-17T10:00:00Z,158803,128459,94034,75693,30344,54883,54425,69705,48519
2025-06-17T11:00:00Z,159679,130890,94978,77212,28789,57141,56713,69268,47589
2025-06-17T12:00:00Z,165030,119243,105948,69933,45787,54909,54440,88551,67091
2025-06-17T13:00:00Z,167353,128698,101503,73843,38655,60022,59460,84261,61180
2025-06-17T14:00:00Z,163360,136684,92301,76784,26676,62521,61997,74486,50535
2025-06-17T15:00:00Z,167146,136131,98296,78620,31015,61276,60766,77365,53731
2025-06-17T16:00:00Z,165994,136542,96617,78761,29452,59662,59173,74636,51987
2025-06-17T17:00:00Z,159864,130686,95567,77841,29178,55991,55533,69642,48046
2025-06-17T18:00:00Z,164050,127976,101178,77128,36074,54081,53523,75908,55637
2025-06-17T19:00:00Z,108489,89318,66150,53709,19171,41703,41251,53652,36521
2025-06-17T20:00:00Z,157653,123424,98823,77019,34229,52094,51551,68437,49997
2025-06-17T21:00:00Z,150443,115168,93243,70895,35275,45015,44524,61907,45575
2025-06-17T22:00:00Z,144712,109840,88378,66726,34872,39241,38855,54860,40455
2025-06-17T23:00:00Z,142667,107487,90384,68056,35180,39888,39519,54930,40744
2025-06-18T00:00:00Z,145205,103260,93176,65089,41945,39775,39329,66524,51719
2025-06-18T01:00:00Z,152532,96122,105786,60271,56410,38747,38356,82701,67068
2025-06-18T02:00:00Z,149563,111552,95428,69998,38011,45078,44707,68764,51137
2025-06-18T03:00:00Z,147827,113224,92911,71248,34603,41807,41376,61629,44299
2025-06-18T04:00:00Z,146469,115387,94138,73622,31082,41771,41363,58580,42511
2025-06-18T05:00:00Z,135872,104279,80483,62090,31593,42859,42493,57580,40076
2025-06-18T06:00:00Z,126317,100518,75493,58587,25799,45415,45032,61081,41627
2025-06-18T07:00:00Z,157763,129557,91191,73760,28206,55735,55325,68282,46152
2025-06-18T08:00:00Z,158631,129744,90576,73126,28887,57305,56820,70362,48057
2025-06-18T09:00:00Z,160540,129566,93455,74041,30974,58320,57776,72646,50410
2025-06-18T10:00:00Z,161571,129664,95972,76589,31907,54805,54262,70411,49062
2025-06-18T11:00:00Z,164177,133728,94394,76373,30449,56819,56312,70497,48179
2025-06-18T12:00:00Z,169971,121316,106792,70429,48655,56521,56024,91120,69384
2025-06-18T13:00:00Z,164964,125735,99820,72326,39229,59081,58606,83577,60782
2025-06-18T14:00:00Z,168562,141303,96770,81814,27259,65103,64594,76873,52706
2025-06-18T15:00:00Z,166248,135697,95896,77494,30551,62506,62024,76138,53158
2025-06-18T16:00:00Z,161220,132617,93084,76415,28603,59593,59107,71843,50137
2025-06-18T17:00:00Z,160131,130859,95616,78651,29272,56844,56375,70027,48907
2025-06-18T18:00:00Z,161089,123042,98735,73462,38047,52930,52427,74867,55230
2025-06-18T19:00:00Z,154194,119792,93009,72390,34402,49733,49220,63455,45417
2025-06-18T20:00:00Z,155286,119446,94004,72004,35840,47807,47233,63994,46717
2025-06-18T21:00:00Z,151680,114603,93512,69705,37077,44318,43822,61899,45371
2025-06-18T22:00:00Z,146415,107746,89892,67542,38669,39991,39586,57023,40966
2025-06-18T23:00:00Z,135405,98351,85116,62285,37054,37320,36871,52870,39162
2025-06-19T00:00:00Z,142647,97620,90008,60613,45027,36433,35996,63090,48909
2025-06-19T01:00:00Z,153847,94534,104887,58336,59313,38600,38224,83212,67859
2025-06-19T02:00:00Z,145673,106513,89762,64733,39160,40734,40343,65000,47710
2025-06-19T03:00:00Z,149800,111877,90910,69007,37923,41399,41000,63195,45034
2025-06-19T04:00:00Z,146602,111358,90194,69881,35244,42241,41851,60543,43197
2025-06-19T05:00:00Z,149756,112458,87087,67557,37298,43466,43082,60834,40849
2025-06-19T06:00:00Z,157644,122071,96862,73718,35573,50749,50339,71951,51526
2025-06-19T07:00:00Z,160195,130397,94441,76543,29798,55231,54742,68362,46421
2025-06-19T08:00:00Z,158899,129033,91703,74290,29866,55802,55307,69785,47365
2025-06-19T09:00:00Z,163614,130602,96462,75655,33012,57453,56987,73354,50550
2025-06-19T10:00:00Z,155573,123656,92451,72103,31917,52844,52377,67897,47062
2025-06-19T11:00:00Z,158536,127694,96205,76589,30842,54408,53942,67936,47021
2025-06-19T12:00:00Z,172056,122284,110447,71515,49772,54833,54374,92435,70173
2025-06-19T13:00:00Z,170913,129026,106699,75940,41887,57999,57551,86031,63809
2025-06-19T14:00:00Z,160521,134149,94652,78845,26372,60585,60121,73341,50817
2025-06-19T15:00:00Z,161576,131295,95361,76039,30281,57261,56824,74266,51524
2025-06-19T16:00:00Z,161103,132460,96913,79159,28643,57645,57203,73927,52087
2025-06-19T17:00:00Z,155666,128677,94775,78180,26989,54141,53740,67851,47748
2025-06-19T18:00:00Z,157889,120786,101541,75099,37103,50211,49729,73309,54615
2025-06-19T19:00:00Z,154916,121154,98502,76019,33762,47454,47004,61551,44507
2025-06-19T20:00:00Z,150764,115693,96360,72703,35071,44518,44080,61481,45428
2025-06-19T21:00:00Z,148221,111535,94979,70042,36686,41419,40978,58360,43346
2025-06-19T22:00:00Z,142780,107341,93341,70424,35439,37866,37428,53812,40075
2025-06-19T23:00:00Z,140318,102988,89724,64425,37330,35917,35565,50737,38427
2025-06-20T00:00:00Z,144915,99972,95556,63882,44943,35881,35467,64071,50669
2025-06-20T01:00:00Z,148809,92048,105099,58692,56761,37227,36868,81272,67422
2025-06-20T02:00:00Z,142918,106095,90382,65015,36823,39606,39250,62407,46643
2025-06-20T03:00:00Z,144639,110024,91585,67960,34615,40460,40075,60465,44200
2025-06-20T04:00:00Z,144391,111126,92399,69151,33265,40685,40337,57232,42280
2025-06-20T05:00:00Z,149721,113372,92180,67905,36349,42601,42259,58241,41191
2025-06-20T06:00:00Z,158718,121341,98504,71849,37377,50175,49779,72332,52341
2025-06-20T07:00:00Z,157311,127308,93960,74355,30003,54630,54238,67345,45959
2025-06-20T08:00:00Z,162233,133008,93819,76044,29225,55682,55237,69683,47331
2025-06-20T09:00:00Z,160074,129489,94647,74869,30585,55862,55439,71081,49195
2025-06-20T10:00:00Z,155383,126480,94419,76025,28903,52958,52502,68014,48137
2025-06-20T11:00:00Z,153960,125158,91625,73563,28802,50370,49828,63485,43905
2025-06-20T12:00:00Z,168666,119300,111082,71597,49366,51067,50576,88449,69085
2025-06-20T13:00:00Z,166527,126117,104545,73793,40410,55033,54536,81826,60966
2025-06-20T14:00:00Z,160652,133044,95294,78029,27608,58666,58231,70869,49120
2025-06-20T15:00:00Z,160638,128861,97585,76197,31777,56074,55592,72333,51104
2025-06-20T16:00:00Z,160693,128414,96083,76448,32279,54436,53914,70932,49602
2025-06-20T17:00:00Z,158771,127900,96797,77849,30871,53207,52704,67753,47713
2025-06-20T18:00:00Z,152147,116922,97004,71681,35225,47767,47315,69890,52387
2025-06-20T19:00:00Z,151184,118235,93551,71923,32949,45106,44685,58948,42401
2025-06-20T20:00:00Z,151624,118025,95324,72772,33599,44168,43734,61032,45117
2025-06-20T21:00:00Z,148720,113205,97237,73019,35515,40094,39661,57179,42943
2025-06-20T22:00:00Z,138310,104052,87392,65100,34258,35347,34911,51374,37961
2025-06-20T23:00:00Z,132783,98779,85773,63125,34004,35468,35107,49967,38245
2025-06-21T00:00:00Z,135653,91191,89832,58511,44462,32329,31922,61909,50142
2025-06-21T01:00:00Z,143777,81784,104839,53296,61993,29803,29461,78731,67781
2025-06-21T02:00:00Z,133020,96335,87082,61885,36685,33057,32731,56240,43897
2025-06-21T03:00:00Z,134573,99215,87869,63364,35358,32491,32132,54178,41127
2025-06-21T04:00:00Z,134815,102826,89157,65750,31989,33644,33313,50910,37780
2025-06-21T05:00:00Z,139491,106322,91415,67162,33169,37417,37114,53902,39759
2025-06-21T06:00:00Z,144731,106108,96338,66763,38623,38440,38120,62672,47588
2025-06-21T07:00:00Z,141649,111918,91112,69487,29731,41357,41054,55540,40372
2025-06-21T08:00:00Z,142751,112870,92315,71164,29881,43463,43130,59652,44032
2025-06-21T09:00:00Z,143340,110441,92388,68238,32899,40915,40600,58619,42657
2025-06-21T10:00:00Z,146124,113334,94313,70714,32790,43834,43508,61085,45259
2025-06-21T11:00:00Z,143296,114500,94823,73715,28796,42765,42468,56674,41487
2025-06-21T12:00:00Z,159254,101594,114816,64435,57660,40621,40309,85439,70188
2025-06-21T13:00:00Z,157500,114213,108651,72786,43287,46002,45704,76410,59919
2025-06-21T14:00:00Z,150276,121863,96581,76299,28413,47505,47204,62249,44426
2025-06-21T15:00:00Z,148967,118245,96521,73349,30722,47081,46769,64186,47024
2025-06-21T16:00:00Z,149624,121439,97549,77551,28185,48009,47701,63995,47252
2025-06-21T17:00:00Z,148638,120955,97355,77763,27683,47051,46754,60140,44012
2025-06-21T18:00:00Z,145606,110144,99296,71694,35462,43438,43136,66752,51728
2025-06-21T19:00:00Z,143441,113816,96283,74168,29625,41819,41527,55239,41406
2025-06-21T20:00:00Z,141023,108330,94521,69738,32693,37518,37215,54186,41191
2025-06-21T21:00:00Z,135030,101195,91954,66188,33835,34913,34610,51643,39930
2025-06-21T22:00:00Z,129754,98015,88496,65500,31739,33773,33492,48522,37732
2025-06-21T23:00:00Z,125771,93857,87142,63323,31914,32296,32018,45636,35833
2025-06-22T00:00:00Z,127888,90107,87306,60815,37781,29574,29219,54283,43817
2025-06-22T01:00:00Z,142461,81300,107352,55597,61161,30327,30014,79505,69378
2025-06-22T02:00:00Z,132153,90215,93190,60620,41938,30295,30000,60548,49497
2025-06-22T03:00:00Z,131600,99404,90141,66953,32196,31635,31349,51491,39958
2025-06-22T04:00:00Z,132739,100138,89953,65374,32601,34000,33712,51734,39981
2025-06-22T05:00:00Z,133473,100616,89604,65028,32857,33213,32941,49016,36698
2025-06-22T06:00:00Z,142949,104645,98940,68780,38304,38410,38120,62758,49048
2025-06-22T07:00:00Z,139922,111159,93163,71751,28763,39408,39114,53720,39079
2025-06-22T08:00:00Z,145569,115962,95865,74224,29607,42249,41947,58449,43190
2025-06-22T09:00:00Z,148085,118387,91784,69586,29698,40558,40285,56898,42153
2025-06-22T10:00:00Z,149577,119612,91574,69476,29965,41234,40954,57551,42449
2025-06-22T11:00:00Z,147693,119253,95200,74223,28440,43783,43515,57414,42128
2025-06-22T12:00:00Z,160244,101087,116313,64174,59157,41288,40992,86603,71472
2025-06-22T13:00:00Z,154760,111117,106114,69287,43643,47338,47039,76190,59996
2025-06-22T14:00:00Z,153073,124299,99089,77769,28774,52831,52533,65461,47766
2025-06-22T15:00:00Z,155406,123571,101898,77628,31835,49686,49392,66884,48834
2025-06-22T16:00:00Z,152079,124258,99810,79723,27821,50755,50432,66075,48843
2025-06-22T17:00:00Z,153264,126695,100648,81951,26569,50239,49948,63837,46862
2025-06-22T18:00:00Z,153837,118471,103575,76294,35366,45429,45142,69713,53257
2025-06-22T19:00:00Z,144627,116066,96549,75365,28561,43585,43309,57248,42522
2025-06-22T20:00:00Z,143403,111590,97047,73090,31813,41301,40993,57939,44194
2025-06-22T21:00:00Z,141434,107969,95883,70414,33465,38123,37835,54818,42246
2025-06-22T22:00:00Z,134005,99627,90379,66553,34378,34368,34094,49683,37935
2025-06-22T23:00:00Z,134460,101009,90422,67130,33451,36417,36135,50220,39546
2025-06-23T00:00:00Z,139195,95108,86757,61256,44087,34596,34202,59123,45624
2025-06-23T01:00:00Z,149248,89080,100181,56279,60168,36739,36368,79931,64454
2025-06-23T02:00:00Z,150929,99722,93290,61933,51207,40644,40243,71745,54238
2025-06-23T03:00:00Z,151377,109356,90078,68995,42021,40962,40541,62066,43919
2025-06-23T04:00:00Z,145407,106941,86516,65496,38466,39073,38622,58668,41822
2025-06-23T05:00:00Z,146717,108307,88047,66927,38410,43453,43024,59926,41821
2025-06-23T06:00:00Z,161197,120610,95864,71611,40587,49860,49421,72464,50671
2025-06-23T07:00:00Z,157615,123741,88614,70446,33874,53319,52894,67276,44230
2025-06-23T08:00:00Z,161338,128763,90593,73303,32575,56276,55814,71091,47765
2025-06-23T09:00:00Z,162088,127626,90791,71637,34462,56097,55604,71988,48148
2025-06-23T10:00:00Z,164316,128488,93122,74034,35828,55101,54634,71095,48507
2025-06-23T11:00:00Z,160948,126591,91387,73588,34357,55671,55240,69646,46935
2025-06-23T12:00:00Z,167008,117083,103829,68217,49925,53547,53046,89066,66860
2025-06-23T13:00:00Z,167887,126223,99505,72888,41664,57742,57195,83146,59436
2025-06-23T14:00:00Z,165349,135066,93943,78769,30283,62482,61945,75499,50770
2025-06-23T15:00:00Z,167770,132549,96371,77072,35221,59890,59371,76812,52572
2025-06-23T16:00:00Z,165970,131156,94882,76659,34814,56717,56209,73289,50170
2025-06-23T17:00:00Z,161167,125929,93549,75374,35238,55324,54866,70998,48421
2025-06-23T18:00:00Z,162041,120645,97467,72314,41396,52445,51969,76014,55307
2025-06-23T19:00:00Z,156179,119803,91089,71339,36376,47418,46960,62980,43518
2025-06-23T20:00:00Z,156169,116128,92561,69718,40041,46400,45861,64243,45678
2025-06-23T21:00:00Z,151142,110730,91395,66839,40412,43167,42692,61014,43960
2025-06-23T22:00:00Z,146388,105268,86125,64143,41120,38253,37842,55166,39247
2025-06-23T23:00:00Z,147318,105193,87585,64658,42125,38325,37921,54832,39449
2025-06-24T00:00:00Z,145776,101280,88353,62679,44496,37997,37561,64466,49042
2025-06-24T01:00:00Z,156465,96443,102591,58298,60022,38064,37668,81064,64946
2025-06-24T02:00:00Z,150799,108616,89435,63042,42183,40668,40274,65160,47685
2025-06-24T03:00:00Z,151402,113678,88419,66204,37724,42298,41912,62324,44499
2025-06-24T04:00:00Z,150810,110483,88517,66143,40327,41758,41382,61662,43227
2025-06-24T05:00:00Z,159542,94707,73070,56036,64835,39048,38688,78960,36274
2025-06-24T06:00:00Z,167773,94892,71275,53872,72881,43550,43164,96431,41813
2025-06-24T07:00:00Z,167210,103497,70385,57162,63713,46901,46515,91583,38415
2025-06-24T08:00:00Z,169096,122918,82689,68736,46178,52576,52159,80895,42757
2025-06-24T09:00:00Z,169309,117947,81443,65536,51362,53400,52959,85938,44998
2025-06-24T10:00:00Z,163422,115884,81473,66348,47538,50819,50384,80150,44113
2025-06-24T11:00:00Z,162489,128991,91803,73456,33498,53419,52976,66728,44723
2025-06-24T12:00:00Z,171925,123123,107500,70043,48802,54961,54492,89594,68232
2025-06-24T13:00:00Z,163094,123754,96222,68681,39340,57396,56916,82058,59423
2025-06-24T14:00:00Z,164332,135343,91962,75767,28989,62281,61742,74788,50536
2025-06-24T15:00:00Z,162478,132142,92486,74028,30336,59071,58601,73662,51139
2025-06-24T16:00:00Z,163340,134207,94309,77187,29133,58395,57894,72484,50583
2025-06-24T17:00:00Z,159059,129321,91345,74688,29738,56244,55770,69670,48142
2025-06-24T18:00:00Z,164826,129106,100055,76445,35720,53850,53355,75507,55635
2025-06-24T19:00:00Z,155864,125368,90934,72594,30496,50335,49832,64091,45330
2025-06-24T20:00:00Z,156136,122909,92955,72227,33227,48094,47602,64150,46642
2025-06-24T21:00:00Z,149959,114750,91287,67779,35209,42818,42390,59206,43596
2025-06-24T22:00:00Z,146267,110692,89831,67025,35575,39615,39213,55306,40599
2025-06-24T23:00:00Z,143067,107995,89098,66977,35072,39196,38827,53560,40214
2025-06-25T00:00:00Z,145915,104682,91069,63904,41233,39109,38652,65650,50963
2025-06-25T01:00:00Z,153434,96706,103321,58119,56728,37762,37382,82065,66653
2025-06-25T02:00:00Z,149470,110697,91316,65632,38773,43064,42688,68148,50460
2025-06-25T03:00:00Z,145219,110874,87573,66969,34345,42448,42056,62233,45217
2025-06-25T04:00:00Z,145633,112550,89328,68028,33083,41019,40639,58818,42567
2025-06-25T05:00:00Z,149992,115682,89287,68677,34310,44537,44182,59706,42421
2025-06-25T06:00:00Z,158992,124195,94879,71054,34797,51112,50719,71801,51119
2025-06-25T07:00:00Z,156103,126193,90382,71908,29910,54330,53915,66874,44916
2025-06-25T08:00:00Z,156680,125703,89104,72306,30977,55809,55337,68516,46908
2025-06-25T09:00:00Z,159030,125590,89948,71507,33440,56263,55806,70748,48709
2025-06-25T10:00:00Z,159061,125421,90487,71975,33640,54886,54421,69703,48380
2025-06-25T11:00:00Z,161123,129327,90827,73024,31796,53751,53287,66572,45598
2025-06-25T12:00:00Z,167193,120084,106272,69679,47109,55023,54563,89452,68516
2025-06-25T13:00:00Z,164631,124401,100042,72942,40230,58565,58091,81715,60219
2025-06-25T14:00:00Z,165551,137769,95190,80340,27782,62529,62046,72774,49772
2025-06-25T15:00:00Z,165824,133332,96612,77883,32492,60643,60189,74755,52337
2025-06-25T16:00:00Z,164529,132512,96849,78887,32017,59592,59092,73026,51690
2025-06-25T17:00:00Z,158438,127046,92783,74805,31392,55524,55086,68157,47662
2025-06-25T18:00:00Z,158772,121606,97950,73561,37166,51761,51329,72483,53709
2025-06-25T19:00:00Z,158194,123281,95830,75406,34913,50929,50515,63736,45522
2025-06-25T20:00:00Z,152046,118001,92022,72074,34045,48044,47582,63123,46322
2025-06-25T21:00:00Z,150131,114673,92265,70091,35458,43718,43318,59660,44165
2025-06-25T22:00:00Z,144158,108653,87396,67233,35505,39281,38833,53849,39245
2025-06-25T23:00:00Z,141850,106422,88300,67887,35428,39850,39456,53290,39949
2025-06-26T00:00:00Z,146200,105547,94518,66979,40653,39855,39398,66186,52001
2025-06-26T01:00:00Z,150813,94992,105459,59499,55821,38491,38115,81684,67420
2025-06-26T02:00:00Z,147670,109921,93839,67513,37749,43108,42726,65945,49066
2025-06-26T03:00:00Z,146935,109020,89956,67140,37915,42829,42445,61112,44564
2025-06-26T04:00:00Z,146565,110369,90289,67748,36196,41417,41039,58013,42335
2025-06-26T05:00:00Z,146806,112543,89309,68976,34263,44037,43667,58525,41579
2025-06-26T06:00:00Z,153431,118451,93138,70256,34980,50746,50356,71104,51065
2025-06-26T07:00:00Z,158686,129123,93249,75909,29563,54820,54350,66727,45211
2025-06-26T08:00:00Z,156919,128081,90558,74566,28838,55712,55265,68312,46411
2025-06-26T09:00:00Z,158397,129269,94419,76738,29128,56895,56453,70661,49409
2025-06-26T10:00:00Z,160584,129784,94008,76377,30800,55609,55148,69868,49097
2025-06-26T11:00:00Z,161313,131269,95589,77473,30044,55468,55010,67443,46531
2025-06-26T12:00:00Z,161698,116237,105664,68951,45461,53188,52735,86831,66414
2025-06-26T13:00:00Z,157920,119162,99481,71743,38758,56716,56262,80546,59272
2025-06-26T14:00:00Z,153470,126892,90022,74795,26578,59608,59103,71168,48849
2025-06-26T15:00:00Z,163375,132110,97055,78207,31265,60403,59931,75093,52815
2025-06-26T16:00:00Z,163696,132746,96183,78441,30950,58866,58395,73578,52347
2025-06-26T17:00:00Z,159686,130656,95202,78624,29030,54634,54211,67559,47384
2025-06-26T18:00:00Z,163654,125772,100557,76753,37882,52211,51746,72972,54186
2025-06-26T19:00:00Z,154830,123184,93994,75765,31646,49515,49086,62313,44442
2025-06-26T20:00:00Z,154651,120338,94702,74367,34313,46648,46214,62043,45448
2025-06-26T21:00:00Z,150857,114861,94423,71228,35996,42561,42152,59285,44132
2025-06-26T22:00:00Z,147977,109136,91204,68752,38841,39235,38841,54462,40314
2025-06-26T23:00:00Z,145949,106699,93024,68566,39250,37073,36713,52128,38907
2025-06-27T00:00:00Z,144965,102857,94469,64987,42108,36812,36399,62695,48739
2025-06-27T01:00:00Z,159878,102300,112271,65323,57578,38843,38489,82976,68272
2025-06-27T02:00:00Z,147954,110312,95391,69162,37642,40639,40304,63626,47872
2025-06-27T03:00:00Z,147012,110705,89442,68031,36307,38688,38334,58417,42223
2025-06-27T04:00:00Z,145455,109711,89116,68102,35744,40313,39965,58124,43163
2025-06-27T05:00:00Z,143538,110427,86884,67689,33111,43129,42784,58418,41465
2025-06-27T06:00:00Z,157428,120697,95731,71720,36731,48522,48134,69822,50351
2025-06-27T07:00:00Z,157625,127093,92092,74467,30532,52101,51698,64498,44000
2025-06-27T08:00:00Z,159461,126308,91704,73866,33153,54850,54421,68413,47107
2025-06-27T09:00:00Z,164600,128878,96528,74794,35722,55695,55159,71312,49482
2025-06-27T10:00:00Z,161261,125028,96219,74858,36233,52825,52355,68458,48243
2025-06-27T11:00:00Z,157450,124813,95496,76122,32637,52213,51763,65880,45668
2025-06-27T12:00:00Z,164696,115826,107285,69193,48870,50759,50200,87286,67014
2025-06-27T13:00:00Z,165536,124364,102208,73102,41172,53964,53430,80099,58923
2025-06-27T14:00:00Z,165165,136105,96494,80462,29060,59345,58819,72017,49935
2025-06-27T15:00:00Z,164294,127733,95834,76347,36561,55826,55304,73128,50305
2025-06-27T16:00:00Z,164622,128000,95119,77256,36622,54285,53799,72059,49310
2025-06-27T17:00:00Z,156262,124208,93256,75257,32054,52468,52030,66816,46565
2025-06-27T18:00:00Z,155996,115746,96142,70457,40250,47161,46730,70040,51768
2025-06-27T19:00:00Z,149908,112234,90672,68387,37674,45727,45316,60048,43219
2025-06-27T20:00:00Z,152915,111367,94330,69847,41548,43400,42977,60833,45028
2025-06-27T21:00:00Z,146416,103647,88940,63409,42769,37513,37109,54648,40481
2025-06-27T22:00:00Z,143091,101808,88334,65568,41283,36794,36407,53436,40203
2025-06-27T23:00:00Z,138371,98336,87806,65196,40035,34730,34373,50640,38552
2025-06-28T00:00:00Z,133919,91909,91368,61454,42010,30807,30385,60340,48956
2025-06-28T01:00:00Z,146709,85506,109483,58881,61203,31439,31087,80297,69293
2025-06-28T02:00:00Z,129910,93313,86774,61381,36597,31883,31556,55640,43251
2025-06-28T03:00:00Z,140155,100033,90780,65126,40122,32314,31991,53905,41099
2025-06-28T04:00:00Z,138763,101441,91826,67312,37322,34609,34283,51571,39255
2025-06-28T05:00:00Z,136934,98235,90588,64477,38699,33350,33041,49769,36525
2025-06-28T06:00:00Z,148167,105386,98832,68869,42781,38287,37966,62328,47560
2025-06-28T07:00:00Z,146283,111026,93794,70646,35257,40437,40115,55482,39896
2025-06-28T08:00:00Z,149477,113168,94197,71322,36309,40401,40062,58893,42251
2025-06-28T09:00:00Z,146709,111890,92790,69916,34819,42234,41922,61723,44907
2025-06-28T10:00:00Z,143437,108612,91349,68629,34825,41349,41049,59824,43535
2025-06-28T11:00:00Z,145313,115485,90951,70774,29828,40640,40364,54590,38705
2025-06-28T12:00:00Z,159084,103300,113450,65284,55784,40621,40315,83930,68827
2025-06-28T13:00:00Z,160881,113904,106566,70901,46977,44282,43971,74067,57816
2025-06-28T14:00:00Z,151137,117534,95571,73903,33603,46175,45878,60774,43337
2025-06-28T15:00:00Z,155394,119875,101882,76887,35519,47497,47194,65700,48264
2025-06-28T16:00:00Z,149718,117066,96582,75206,32652,46449,46153,63271,46347
2025-06-28T17:00:00Z,149013,117052,95952,74993,31961,43739,43440,58921,41975
2025-06-28T18:00:00Z,152501,114134,101118,73965,38367,43437,43146,68621,52331
2025-06-28T19:00:00Z,144170,114341,95533,74848,29829,40486,40222,55451,40733
2025-06-28T20:00:00Z,142872,110098,91727,69749,32774,36023,35738,53679,39619
2025-06-28T21:00:00Z,139003,104651,92311,68943,34352,35256,34977,53736,40607
2025-06-28T22:00:00Z,132103,97442,86283,64110,34661,31742,31471,48373,36317
2025-06-28T23:00:00Z,125619,91442,84763,61270,34177,28997,28737,43966,33300
2025-06-29T00:00:00Z,125954,88567,87015,60033,37387,29144,28754,53643,42311
2025-06-29T01:00:00Z,142363,81713,107039,55242,60650,29200,28861,77550,66820
2025-06-29T02:00:00Z,130855,87984,93165,59095,42871,28519,28223,60322,48265
2025-06-29T03:00:00Z,132897,98068,89066,66578,34829,32266,31957,53389,40820
2025-06-29T04:00:00Z,132218,102652,89150,66761,29566,32390,32096,51146,38754
2025-06-29T05:00:00Z,135073,101377,88619,66733,33696,33476,33190,50225,36756
2025-06-29T06:00:00Z,145811,106191,96826,69105,39620,38121,37812,62811,48078
2025-06-29T07:00:00Z,141956,111303,92101,71066,30653,39264,38969,54038,38774
2025-06-29T08:00:00Z,141514,109956,91452,70234,31558,40677,40380,57177,42002
2025-06-29T09:00:00Z,146221,110412,95080,69982,35809,41895,41589,59686,44046
2025-06-29T10:00:00Z,146784,111611,96394,72197,35173,40834,40527,58214,42815
2025-06-29T11:00:00Z,150050,115276,98764,74467,34774,43718,43403,58231,42510
2025-06-29T12:00:00Z,165116,106474,119559,68654,58642,43299,43002,87826,71867
2025-06-29T13:00:00Z,154764,110291,103056,68973,44473,44974,44664,73834,56878
2025-06-29T14:00:00Z,152011,122951,97039,78009,29060,49876,49589,64008,45828
2025-06-29T15:00:00Z,155934,122972,101228,78567,32962,49940,49630,67673,49614
2025-06-29T16:00:00Z,153510,121916,97138,77125,31594,48812,48515,66111,48135
2025-06-29T17:00:00Z,148773,119260,96190,76822,29513,47939,47645,62311,45123
2025-06-29T18:00:00Z,152118,114473,103944,75204,37645,44903,44598,68760,53055
2025-06-29T19:00:00Z,144849,111796,96423,72724,33053,41050,40747,56121,40857
2025-06-29T20:00:00Z,148245,114132,101128,75045,34113,40737,40444,59051,44750
2025-06-29T21:00:00Z,139650,103900,94135,67695,35750,36062,35758,54878,41423
2025-06-29T22:00:00Z,137083,102495,93187,68451,34588,34020,33730,50552,38215
2025-06-29T23:00:00Z,128843,98294,88993,67006,30549,35108,34831,50074,38752
2025-06-30T00:00:00Z,139577,95303,87235,62416,44274,33223,32822,59650,45181
2025-06-30T01:00:00Z,149828,91393,101979,58410,58435,37235,36881,81837,66223
2025-06-30T02:00:00Z,145052,101882,89500,63130,43170,41327,40966,68994,50704
2025-06-30T03:00:00Z,143832,105336,84039,64271,38496,38851,38513,59478,40792
2025-06-30T04:00:00Z,148901,109265,89262,67083,39636,41242,40805,60982,43464
2025-06-30T05:00:00Z,148548,108718,88315,66194,39830,43924,43507,61017,42335
2025-06-30T06:00:00Z,160378,121094,96160,70529,39284,50018,49630,72555,50783
2025-06-30T07:00:00Z,160997,127571,93629,75039,33426,54432,53999,68701,45695
2025-06-30T08:00:00Z,158382,125509,89310,72141,32873,55784,55321,71237,47255
2025-06-30T09:00:00Z,155886,124170,88019,70488,31716,55683,55230,71511,48212
2025-06-30T10:00:00Z,156358,124098,88435,71633,32260,54420,53978,70275,48065
2025-06-30T11:00:00Z,161368,128445,90840,74124,32923,54221,53775,68163,45661
2025-06-30T12:00:00Z,164335,115889,101233,66383,48446,53879,53402,88842,66677
2025-06-30T13:00:00Z,165665,122962,97698,70164,42703,57444,56957,83385,60276
2025-06-30T14:00:00Z,167042,134363,92744,76084,32679,60757,60275,74697,49872
2025-06-30T15:00:00Z,163233,126752,92588,72467,36481,57285,56777,74364,50631
2025-06-30T16:00:00Z,165125,128118,94750,75575,37007,57297,56799,74188,51151
2025-06-30T17:00:00Z,159268,123827,90465,72129,35441,53332,52897,68608,46638
2025-06-30T18:00:00Z,158607,117167,92661,68422,41440,50306,49830,74483,53190
2025-06-30T19:00:00Z,156115,119181,90362,71320,36934,48626,48185,64838,44592
2025-06-30T20:00:00Z,151437,113285,88136,67565,38152,45880,45411,65290,46017
2025-06-30T21:00:00Z,148368,109025,86129,64591,39343,41088,40580,59718,42361
2025-06-30T22:00:00Z,143898,104593,84774,64641,39305,39093,38662,56425,40286
2025-06-30T23:00:00Z,144555,101677,86429,64034,42878,37810,37437,54709,39528
2025-07-01T00:00:00Z,147484,100134,87884,62628,47350,36980,36519,62732,45861
2025-07-01T01:00:00Z,153740,90687,100698,56050,63053,38397,37956,82933,65711
2025-07-01T02:00:00Z,152144,100712,90384,59173,51432,40161,39712,71534,52539
2025-07-01T03:00:00Z,143696,106937,83160,64072,36759,41258,40868,60934,42186
2025-07-01T04:00:00Z,144210,107732,84215,63908,36478,40747,40347,60580,42865
2025-07-01T05:00:00Z,147197,107807,83513,64875,39390,41952,41577,58733,39628
2025-07-01T06:00:00Z,157108,118579,92993,70385,38529,50201,49798,73111,50682
2025-07-01T07:00:00Z,150810,118435,84141,67853,32375,51527,51127,66232,42907
2025-07-01T08:00:00Z,161042,127230,89754,73439,33812,55469,54998,71534,46816
2025-07-01T09:00:00Z,164732,127287,91403,71564,37445,56556,56079,74182,49325
2025-07-01T10:00:00Z,160961,123283,90996,71123,37678,53739,53278,71532,48268
2025-07-01T11:00:00Z,164656,127101,93686,73520,37555,55015,54562,70361,46789
2025-07-01T12:00:00Z,168170,114392,102545,66005,53778,53022,52527,89109,65950
2025-07-01T13:00:00Z,164273,119398,95590,67063,44875,56226,55747,82821,59306
2025-07-01T14:00:00Z,163763,131316,91047,75443,32447,60783,60282,74982,49939
2025-07-01T15:00:00Z,164891,131182,93384,74971,33709,58112,57645,73878,50299
2025-07-01T16:00:00Z,163591,132599,93534,77199,30992,57753,57281,73161,50659
2025-07-01T17:00:00Z,157435,126098,92044,75662,31337,54620,54105,69004,47805
2025-07-01T18:00:00Z,162053,122570,99125,74738,39483,51501,51008,74107,54147
2025-07-01T19:00:00Z,154941,120666,93382,73125,34275,48499,48001,63157,45145
2025-07-01T20:00:00Z,155655,115662,93932,70251,39993,45659,45177,63717,46356
2025-07-01T21:00:00Z,152867,110399,93382,67904,42468,42372,41920,60557,44836
2025-07-01T22:00:00Z,150911,106208,91308,66594,44703,37184,36762,55766,40121
2025-07-01T23:00:00Z,142079,101690,87195,63979,40389,37890,37449,54895,40554
2025-07-02T00:00:00Z,146851,103930,92019,64069,42921,38516,38068,66410,51736
2025-07-02T01:00:00Z,157006,100485,104887,59238,56521,38881,38490,83392,68026
2025-07-02T02:00:00Z,147605,112504,92304,68952,35101,42807,42436,65396,48690
2025-07-02T03:00:00Z,146829,112651,89829,68799,34178,41484,41104,61568,44218
2025-07-02T04:00:00Z,144997,112512,90519,68833,32485,41984,41618,59546,43119
2025-07-02T05:00:00Z,149513,113588,90960,68437,35925,45189,44835,60771,42804
2025-07-02T06:00:00Z,156934,119435,94862,68721,37499,50413,50042,71603,51045
2025-07-02T07:00:00Z,158048,127813,93325,73645,30235,56026,55613,68079,46735
2025-07-02T08:00:00Z,152724,123220,88301,70901,29504,54801,54338,68435,46185
2025-07-02T09:00:00Z,159980,128575,94566,74383,31405,57816,57329,73108,50594
2025-07-02T10:00:00Z,157132,126459,92328,73156,30673,54149,53686,69003,48147
2025-07-02T11:00:00Z,161138,130351,96119,76623,30787,55356,54938,68286,47167
2025-07-02T12:00:00Z,169667,122184,107467,70489,47483,55880,55395,89846,68602
2025-07-02T13:00:00Z,164482,125711,99924,71602,38771,57356,56853,82322,60043
2025-07-02T14:00:00Z,164911,137463,94294,78074,27448,61471,60981,74079,50415
2025-07-02T15:00:00Z,161481,131223,95046,75681,30258,58664,58194,73988,51379
2025-07-02T16:00:00Z,159365,130213,94847,77242,29152,57405,56916,71924,50678
2025-07-02T17:00:00Z,158515,129608,94453,76471,28907,54380,53960,67743,47269
2025-07-02T18:00:00Z,160829,123006,100106,73820,37823,52781,52272,74942,55548
2025-07-02T19:00:00Z,157160,121883,95740,73374,35277,49984,49559,64041,46206
2025-07-02T20:00:00Z,152907,118815,94598,72158,34092,46904,46406,62741,46165
2025-07-02T21:00:00Z,152661,115769,96047,70877,36892,44329,43888,61549,45788
2025-07-02T22:00:00Z,145559,107719,92832,67371,37840,38743,38320,54563,40450
2025-07-02T23:00:00Z,137163,100842,89368,65318,36321,38095,37725,52676,39684
2025-07-03T00:00:00Z,147449,101915,96161,65104,45534,39263,38834,67807,53691
2025-07-03T01:00:00Z,150886,93720,104733,58646,57166,37615,37230,81670,66890
2025-07-03T02:00:00Z,147492,110061,92107,67211,37431,43503,43113,66692,50031
2025-07-03T03:00:00Z,148819,114929,91693,71201,33890,42829,42451,62709,45228
2025-07-03T04:00:00Z,143065,110913,89292,68493,32152,41927,41557,59663,43501
2025-07-03T05:00:00Z,149262,117779,89865,70631,31483,46511,46158,61402,43591
2025-07-03T06:00:00Z,158863,124611,95714,71479,34252,50543,50138,71705,51045
2025-07-03T07:00:00Z,160097,129621,94972,75286,30476,56072,55620,68544,46982
2025-07-03T08:00:00Z,159303,129127,92576,73509,30176,55824,55358,70092,47645
2025-07-03T09:00:00Z,160330,129064,95083,74692,31266,56736,56279,71784,49493
2025-07-03T10:00:00Z,157932,128175,95172,75844,29757,54937,54490,69712,48764
2025-07-03T11:00:00Z,160913,132242,96201,78065,28671,55411,54998,68627,47435
2025-07-03T12:00:00Z,165557,119544,106673,69784,46013,53731,53240,88081,67480
2025-07-03T13:00:00Z,161367,125656,99396,72725,35711,57984,57486,81937,59932
2025-07-03T14:00:00Z,160498,135801,94168,78915,24697,60966,60484,72233,49466
2025-07-03T15:00:00Z,160772,131358,96143,77440,29414,59338,58814,74139,52233
2025-07-03T16:00:00Z,165618,136359,98093,80108,29259,58814,58349,74122,52080
2025-07-03T17:00:00Z,163034,133065,98949,79910,29969,53827,53364,67858,47371
2025-07-03T18:00:00Z,161062,123602,102765,75216,37460,52168,51694,74851,56112
2025-07-03T19:00:00Z,155109,121759,97382,75018,33350,48312,47900,62205,44711
2025-07-03T20:00:00Z,154513,120270,96474,74070,34243,46484,46047,63002,46206
2025-07-03T21:00:00Z,145975,111899,91251,68518,34076,41452,41068,58000,43046
2025-07-03T22:00:00Z,144466,110134,91848,69966,34332,37458,37056,53504,39282
2025-07-03T23:00:00Z,136458,104023,87595,66255,32435,36700,36366,50994,38198
2025-07-04T00:00:00Z,143437,103860,92643,64811,39577,37788,37397,64658,50712
2025-07-04T01:00:00Z,154443,96950,108124,60324,57493,37865,37501,83095,68715
2025-07-04T02:00:00Z,144396,105885,93623,65226,38511,40252,39909,66364,50256
2025-07-04T03:00:00Z,145749,111211,91768,69265,34538,40440,40096,59408,43195
2025-07-04T04:00:00Z,149683,116175,95647,72016,33508,38683,38312,55358,40643
2025-07-04T05:00:00Z,146316,113815,92604,70310,32501,44792,44439,59839,42790
2025-07-04T06:00:00Z,147455,115664,91948,68985,31791,48680,48293,69058,49387
2025-07-04T07:00:00Z,155443,128619,94461,76786,26824,53030,52616,65061,44359
2025-07-04T08:00:00Z,160309,133665,95268,78784,26644,56861,56420,70004,48344
2025-07-04T09:00:00Z,159835,130792,94453,75369,29043,55218,54753,70168,48515
2025-07-04T10:00:00Z,159184,130628,94922,76296,28556,54091,53652,68788,48900
2025-07-04T11:00:00Z,160304,132088,95477,76907,28216,52849,52422,65946,46373
2025-07-04T12:00:00Z,165862,115973,108607,68157,49889,49609,49202,87800,68045
2025-07-04T13:00:00Z,166958,125086,106049,74514,41872,54244,53816,81686,61103
2025-07-04T14:00:00Z,161484,133222,96504,78282,28262,56789,56377,70334,48961
2025-07-04T15:00:00Z,160447,127638,98944,76826,32809,53003,52523,70989,50730
2025-07-04T16:00:00Z,157195,126356,97929,77880,30839,51962,51518,69386,50008
2025-07-04T17:00:00Z,153548,124950,97210,78310,28598,48597,48221,63081,44866
2025-07-04T18:00:00Z,152299,116685,101008,75071,35614,45984,45614,69596,53051
2025-07-04T19:00:00Z,149365,118280,96756,75761,31085,43170,42809,58408,43120
2025-07-04T20:00:00Z,145612,113076,94665,72006,32536,38350,37964,56232,41997
2025-07-04T21:00:00Z,140547,105279,93737,68825,35268,36965,36634,54361,41870
2025-07-04T22:00:00Z,138426,102498,92021,67765,35928,33292,32868,50033,37652
2025-07-04T23:00:00Z,135564,99378,92050,66704,36186,32024,31703,47153,36350
2025-07-05T00:00:00Z,135574,91231,94398,61640,44343,30405,30037,59540,48712
2025-07-05T01:00:00Z,146391,82537,109374,55456,63854,28248,27919,78735,67942
2025-07-05T02:00:00Z,130438,94260,89387,62818,36178,31937,31592,55556,43756
2025-07-05T03:00:00Z,137738,103752,92848,66899,33986,33258,32910,54513,41295
2025-07-05T04:00:00Z,134047,102945,87270,63430,31102,32969,32676,51755,37723
2025-07-05T05:00:00Z,136425,104868,89658,66153,31557,36479,36173,53787,38929
2025-07-05T06:00:00Z,143860,108137,94915,66509,35723,37943,37633,62733,46701
2025-07-05T07:00:00Z,146942,116026,95490,71217,30916,41580,41284,57609,40795
2025-07-05T08:00:00Z,145341,115125,95726,73499,30216,42612,42322,60415,43098
2025-07-05T09:00:00Z,147897,115481,95985,70950,32416,41235,40961,60480,43314
2025-07-05T10:00:00Z,149671,119602,100033,77327,30069,43375,43085,63873,47347
2025-07-05T11:00:00Z,146382,119668,96562,75864,26714,41903,41639,58866,42273
2025-07-05T12:00:00Z,161217,107971,116755,70050,53246,39927,39630,84193,68433
2025-07-05T13:00:00Z,157335,117521,107877,74585,39814,45104,44823,73852,57316
2025-07-05T14:00:00Z,151258,125396,97335,78223,25862,47118,46846,61975,43408
2025-07-05T15:00:00Z,151644,120794,98997,75672,30850,47353,47065,66309,48454
2025-07-05T16:00:00Z,157268,128285,104558,83186,28983,48846,48544,66018,48123
2025-07-05T17:00:00Z,146525,117842,96583,75296,28683,44375,44089,58693,41897
2025-07-05T18:00:00Z,152548,116138,103887,74740,36410,43952,43653,67947,52056
2025-07-05T19:00:00Z,145901,115941,97304,74110,29960,40794,40532,56002,40318
2025-07-05T20:00:00Z,141153,108498,95476,70607,32655,38496,38199,56940,42084
2025-07-05T21:00:00Z,137822,103703,93012,67190,34119,33330,33049,52167,38477
2025-07-05T22:00:00Z,130815,99354,89149,65784,31461,32561,32248,48872,36763
2025-07-05T23:00:00Z,125370,97383,85967,64793,27987,31824,31502,46898,35336
2025-07-06T00:00:00Z,127377,91085,86087,59847,36292,28356,27974,54819,42529
2025-07-06T01:00:00Z,140757,82718,106017,55982,58039,29861,29538,79153,67662
2025-07-06T02:00:00Z,137175,95845,96851,63868,41330,30129,29824,62316,49178
2025-07-06T03:00:00Z,132744,101692,91714,68588,31052,31831,31526,53206,39628
2025-07-06T04:00:00Z,134241,101148,90870,65543,33093,33612,33322,53401,39563
2025-07-06T05:00:00Z,138925,105928,91701,66147,32997,33217,32938,50705,36580
2025-07-06T06:00:00Z,142041,105435,97761,68285,36606,37620,37323,62807,47070
2025-07-06T07:00:00Z,142238,112993,95355,72921,29245,38905,38595,53848,38008
2025-07-06T08:00:00Z,146602,117854,94204,72570,28748,42659,42363,59759,42582
2025-07-06T09:00:00Z,146733,115141,95921,71763,31592,41698,41405,60800,43524
2025-07-06T10:00:00Z,149255,119858,98213,75976,29397,43163,42879,61276,44072
2025-07-06T11:00:00Z,145212,119118,95402,75613,26094,44453,44200,58865,41920
2025-07-06T12:00:00Z,166472,108446,121090,69849,58026,42769,42466,88461,71728
2025-07-06T13:00:00Z,157786,115946,106627,71590,41840,45426,45146,75456,56784
2025-07-06T14:00:00Z,153052,126318,98644,78755,26734,51318,51000,65934,46215
2025-07-06T15:00:00Z,158047,129407,101320,79424,28640,49729,49423,67613,48294
2025-07-06T16:00:00Z,153872,127104,102163,82661,26768,48239,47943,65261,47387
2025-07-06T17:00:00Z,149799,124576,101692,83437,25223,48185,47896,62586,45904
2025-07-06T18:00:00Z,159153,125245,110391,83543,33908,45468,45160,70442,54234
2025-07-06T19:00:00Z,150370,122743,102582,82345,27627,42756,42478,57705,42847
2025-07-06T20:00:00Z,146779,117455,100802,79268,29324,41168,40850,58582,44879
2025-07-06T21:00:00Z,141665,110291,96356,72423,31374,36121,35837,53848,41096
2025-07-06T22:00:00Z,140640,109262,97433,74747,31378,35046,34753,51418,39542
2025-07-06T23:00:00Z,138735,108543,97328,75320,30192,35136,34865,50280,39008
2025-07-07T00:00:00Z,143172,98566,90563,65049,44606,33032,32630,58460,44460
2025-07-07T01:00:00Z,160155,97935,110596,63944,62220,38253,37885,84585,68946
2025-07-07T02:00:00Z,149533,106020,93608,66606,43513,40270,39937,67099,49492
2025-07-07T03:00:00Z,148522,112024,90441,70674,36498,41213,40886,61543,43350
2025-07-07T04:00:00Z,146553,112063,90382,69951,34490,41013,40663,61006,43800
2025-07-07T05:00:00Z,150173,114667,91546,70811,35506,42547,42198,59102,40678
2025-07-07T06:00:00Z,159781,123575,96853,73447,36206,51510,51136,73657,52131
2025-07-07T07:00:00Z,163753,130504,92941,74039,33249,55008,54586,69021,45894
2025-07-07T08:00:00Z,163913,131652,90703,73256,32261,56329,55896,70958,47095
2025-07-07T09:00:00Z,164004,130561,93685,74174,33443,57163,56731,73103,49759
2025-07-07T10:00:00Z,162366,128899,91782,73641,33467,54435,54004,70129,47131
2025-07-07T11:00:00Z,160455,126950,93220,75232,33505,54892,54461,67648,45986
2025-07-07T12:00:00Z,168773,117558,105311,68724,51215,54005,53511,89521,67233
2025-07-07T13:00:00Z,167890,125633,99822,71936,42257,56503,56012,82293,59086
2025-07-07T14:00:00Z,165996,135912,94564,78988,30084,60872,60392,73677,49768
2025-07-07T15:00:00Z,164257,130954,94448,75918,33303,58696,58252,74276,50744
2025-07-07T16:00:00Z,161029,129128,91425,74510,31901,57041,56564,72747,49739
2025-07-07T17:00:00Z,162408,128317,95672,77535,34091,55925,55476,71577,49475
2025-07-07T18:00:00Z,165914,125030,101081,76911,40884,51168,50729,75484,54486
2025-07-07T19:00:00Z,160177,123917,96867,76712,36260,48800,48365,64910,45274
2025-07-07T20:00:00Z,154937,116635,93160,72022,38302,45394,44934,63136,44963
2025-07-07T21:00:00Z,154510,114015,94211,71076,40495,43893,43399,61986,44990
2025-07-07T22:00:00Z,149794,110266,90705,68180,39528,39359,38928,55998,40515
2025-07-07T23:00:00Z,147864,106110,89816,66693,41754,39434,39057,55873,40826
2025-07-08T00:00:00Z,147835,100084,91038,62561,47751,36886,36449,64681,49064
2025-07-08T01:00:00Z,159086,97974,106576,61131,61112,40163,39768,85146,68145
2025-07-08T02:00:00Z,153186,111355,93514,67908,41831,43721,43359,68024,49925
2025-07-08T03:00:00Z,146799,111330,87723,67155,35469,41561,41191,61612,43783
2025-07-08T04:00:00Z,149629,113643,92627,69955,35986,42612,42251,62012,45642
2025-07-08T05:00:00Z,151995,117448,92290,71217,34547,45054,44691,61358,43078
2025-07-08T06:00:00Z,161537,126368,97846,73356,35169,51981,51606,73365,52408
2025-07-08T07:00:00Z,160746,130357,96496,76822,30389,56248,55848,68765,46924
2025-07-08T08:00:00Z,156056,127011,91859,74379,29045,54855,54425,68491,46556
2025-07-08T09:00:00Z,161110,130560,96697,77216,30550,56641,56195,71870,50063
2025-07-08T10:00:00Z,161184,130940,96065,77538,30244,55630,55138,71678,50681
2025-07-08T11:00:00Z,162384,133645,96985,79292,28739,56288,55827,69181,48338
2025-07-08T12:00:00Z,170644,122872,110389,73179,47772,55972,55454,91578,70244
2025-07-08T13:00:00Z,162289,125289,98229,72256,37000,57471,56956,80667,58306
2025-07-08T14:00:00Z,158765,133258,92433,77489,25507,62379,61912,73774,50608
2025-07-08T15:00:00Z,163267,132314,96557,76942,30953,60584,60105,75808,53028
2025-07-08T16:00:00Z,166621,135120,99138,79679,31501,58997,58508,73894,51879
2025-07-08T17:00:00Z,165657,132395,98393,79324,33262,57074,56543,71911,50411
2025-07-08T18:00:00Z,164566,125602,102338,76562,38964,52332,51847,75361,55377
2025-07-08T19:00:00Z,159025,123835,97177,75721,35190,49634,49176,64355,46161
2025-07-08T20:00:00Z,155934,119826,96432,74377,36108,48253,47766,65357,48383
2025-07-08T21:00:00Z,152910,114400,94582,70831,38510,43566,43097,61252,45259
2025-07-08T22:00:00Z,148511,111821,91779,69812,36690,38875,38457,55190,40689
2025-07-08T23:00:00Z,141080,105240,88725,67579,35840,38525,38106,53283,39900
2025-07-09T00:00:00Z,142131,101329,89199,62993,40802,36678,36211,62468,48641
2025-07-09T01:00:00Z,157226,96784,107584,60094,60442,39205,38792,84361,69452
2025-07-09T02:00:00Z,151853,111206,96514,68838,40647,43740,43310,68283,51495
2025-07-09T03:00:00Z,146814,110380,89896,67333,36434,40925,40536,61658,43858
2025-07-09T04:00:00Z,150066,115705,94616,72223,34361,42711,42331,61304,45038
2025-07-09T05:00:00Z,147688,114487,91130,70921,33201,45227,44867,60516,43150
2025-07-09T06:00:00Z,157362,120971,96940,72084,36391,50883,50443,72771,52220
2025-07-09T07:00:00Z,158103,129067,93813,75465,29036,56199,55709,68572,47297
2025-07-09T08:00:00Z,151461,124754,88845,73007,26707,55831,55374,68812,47036
2025-07-09T09:00:00Z,157536,127755,93508,73808,29781,57049,56624,71703,49716
2025-07-09T10:00:00Z,162467,130125,96692,76295,32342,56041,55577,71656,50132
2025-07-09T11:00:00Z,160050,127982,96105,75568,32068,54068,53646,66832,45922
2025-07-09T12:00:00Z,170857,121204,111699,73213,49653,55656,55169,91060,70009
2025-07-09T13:00:00Z,166497,124564,104513,73513,41933,57760,57260,83563,61697
2025-07-09T14:00:00Z,157967,130543,94100,76412,27424,59860,59372,71674,48922
2025-07-09T15:00:00Z,165917,133819,100334,79098,32098,60723,60259,76321,53559
2025-07-09T16:00:00Z,164407,132815,97750,78052,31592,57888,57406,72794,51061
2025-07-09T17:00:00Z,160976,128084,98929,77399,32892,54659,54251,68543,48014
2025-07-09T18:00:00Z,166966,126858,105069,77004,40108,53798,53324,76852,56661
2025-07-09T19:00:00Z,155442,118602,96571,72142,36840,48035,47589,61915,44192
2025-07-09T20:00:00Z,156507,119470,98264,73466,37037,46336,45830,62356,45860
2025-07-09T21:00:00Z,151596,112242,97701,69852,39354,43173,42730,60168,44861
2025-07-09T22:00:00Z,147624,107083,93129,66380,40541,37364,36933,53369,39099
2025-07-09T23:00:00Z,142769,103745,92033,66640,39024,38835,38460,54356,40824
2025-07-10T00:00:00Z,143928,100762,93504,64461,43166,36713,36264,63620,49240
2025-07-10T01:00:00Z,150418,95185,105226,60716,55233,38949,38563,81539,66851
2025-07-10T02:00:00Z,151265,111395,95786,68159,39870,42795,42420,68350,51190
2025-07-10T03:00:00Z,148651,114678,93505,71880,33973,42735,42299,62992,45822
2025-07-10T04:00:00Z,147662,115613,90914,69076,32049,41289,40909,60270,43507
2025-07-10T05:00:00Z,146312,113613,91851,69875,32699,45178,44820,59807,42714
2025-07-10T06:00:00Z,156320,122417,96559,72241,33903,51033,50645,71556,51267
2025-07-10T07:00:00Z,155153,125529,93123,73484,29624,54731,54333,67169,46190
2025-07-10T08:00:00Z,154395,125725,89803,72024,28670,55690,55269,69651,47468
2025-07-10T09:00:00Z,157493,126281,94531,73637,31212,56220,55787,71211,49634
2025-07-10T10:00:00Z,159481,128261,95653,75147,31220,55159,54705,70111,49100
2025-07-10T11:00:00Z,160686,129013,97267,76539,31673,55944,55510,68259,47533
2025-07-10T12:00:00Z,170034,121242,110676,72438,48792,55041,54558,90754,69708
2025-07-10T13:00:00Z,165414,125382,103382,73359,40032,58599,58129,84737,62654
2025-07-10T14:00:00Z,157346,131197,92076,76081,26149,60702,60227,71723,49038
2025-07-10T15:00:00Z,163041,131173,96535,76103,31868,59656,59188,74715,52103
2025-07-10T16:00:00Z,159626,129367,95692,77247,30259,57813,57324,72551,51080
2025-07-10T17:00:00Z,160314,130073,97024,77662,30241,55724,55273,69939,49113
2025-07-10T18:00:00Z,158907,121576,100571,74003,37331,52322,51877,74061,54969
2025-07-10T19:00:00Z,152709,117110,95440,71475,35599,49074,48656,63161,45415
2025-07-10T20:00:00Z,151348,115685,94172,70982,35663,46263,45773,62925,45791
2025-07-10T21:00:00Z,150027,112119,96111,70581,37908,43409,42932,60085,44869
2025-07-10T22:00:00Z,143685,105425,90676,65729,38260,37652,37256,54348,40572
2025-07-10T23:00:00Z,139805,102486,90884,66010,37319,38435,38047,53753,40733
2025-07-11T00:00:00Z,143860,101901,93138,65400,41959,37025,36576,63375,49436
2025-07-11T01:00:00Z,151983,95685,105950,60184,56298,39026,38637,82221,67675
2025-07-11T02:00:00Z,150284,108027,96542,66239,42257,42340,41988,68426,51825
2025-07-11T03:00:00Z,145483,111355,91069,69235,34128,42391,42022,60986,43891
2025-07-11T04:00:00Z,149202,113252,94446,69086,35950,42408,42021,62351,46049
2025-07-11T05:00:00Z,150387,115730,93926,70810,34657,44924,44578,60361,42942
2025-07-11T06:00:00Z,160366,122969,99387,72557,37397,52493,52090,74268,53851
2025-07-11T07:00:00Z,156090,125030,95076,73590,31060,52751,52331,65208,44640
2025-07-11T08:00:00Z,157452,128253,94356,75764,29199,55407,54969,69236,48244
2025-07-11T09:00:00Z,161903,129029,98126,76034,32874,55497,55071,70649,49509
2025-07-11T10:00:00Z,155631,125327,95530,75539,30304,53293,52858,68247,48426
2025-07-11T11:00:00Z,150870,120427,92314,71384,30443,50400,49973,63246,44186
2025-07-11T12:00:00Z,168186,116728,111928,69955,51458,51763,51341,89098,69535
2025-07-11T13:00:00Z,163519,121896,103452,71601,41623,54821,54368,81264,60441
2025-07-11T14:00:00Z,162358,132598,97471,78244,29760,59013,58558,72520,50657
2025-07-11T15:00:00Z,165703,129899,101931,77333,35804,56821,56306,73546,52184
2025-07-11T16:00:00Z,158592,126255,95642,75691,32337,54816,54359,71019,49879
2025-07-11T17:00:00Z,156269,124673,95984,75478,31596,51892,51432,65764,46346
2025-07-11T18:00:00Z,159695,121367,99970,73483,38328,49563,49034,71975,54372
2025-07-11T19:00:00Z,153543,119069,95536,72659,34474,45221,44763,61363,42807
2025-07-11T20:00:00Z,148224,113273,96351,72702,34951,43917,43498,60431,45224
2025-07-11T21:00:00Z,144570,104865,93578,66279,39705,38253,37855,56582,42026
2025-07-11T22:00:00Z,142560,103894,91631,66358,38666,34279,33891,51123,38110
2025-07-11T23:00:00Z,139993,99739,93732,67029,40254,33821,33470,49908,37887
2025-07-12T00:00:00Z,133304,90301,89158,61597,43003,29587,29149,56677,43979
2025-07-12T01:00:00Z,148912,81101,102506,56251,67811,29642,29250,81122,63354
2025-07-12T02:00:00Z,141547,91401,92405,61685,50146,30210,29872,63026,46122
2025-07-12T03:00:00Z,140770,103941,92873,68421,36829,36205,35874,57008,43080
2025-07-12T04:00:00Z,134968,101435,89695,64771,33533,34198,33872,51541,38622
2025-07-12T05:00:00Z,142189,106144,95699,69364,36045,37842,37533,54051,40438
2025-07-12T06:00:00Z,143884,104344,97279,67049,39540,37856,37542,62335,47420
2025-07-12T07:00:00Z,144279,112338,95975,71919,31941,42025,41729,55778,40494
2025-07-12T08:00:00Z,144611,111715,94966,71121,32896,41918,41595,58178,42387
2025-07-12T09:00:00Z,151887,115785,101089,74080,36102,43081,42778,60628,44699
2025-07-12T10:00:00Z,148709,115335,98426,73716,33374,42925,42612,59620,44277
2025-07-12T11:00:00Z,152223,119768,104689,79818,32455,43959,43692,56986,41902
2025-07-12T12:00:00Z,160957,104086,118249,68857,56871,41823,41525,84961,69864
2025-07-12T13:00:00Z,155982,110620,108693,70704,45362,44172,43876,75486,59132
2025-07-12T14:00:00Z,150240,119932,100448,77987,30308,48166,47850,62110,44895
2025-07-12T15:00:00Z,154907,120633,104185,78143,34274,47530,47216,65541,48263
2025-07-12T16:00:00Z,149867,118503,99630,76959,31364,47195,46842,62978,46848
2025-07-12T17:00:00Z,149229,118255,100131,77150,30974,44565,44264,58408,43020
2025-07-12T18:00:00Z,153943,114344,106358,75210,39599,43494,43192,67850,52804
2025-07-12T19:00:00Z,146125,112031,100714,74061,34094,39736,39443,53688,40141
2025-07-12T20:00:00Z,140607,105588,97201,69922,35019,37254,36925,54477,41970
2025-07-12T21:00:00Z,139937,102000,98562,69099,37937,34458,34134,52065,40748
2025-07-12T22:00:00Z,129827,95746,89772,64261,34081,30910,30627,46312,35570
2025-07-12T23:00:00Z,127070,94994,89975,65651,32076,31440,31144,44880,35475
2025-07-13T00:00:00Z,127337,91977,87449,62468,35360,28203,27821,51786,41308
2025-07-13T01:00:00Z,144189,86607,107766,58947,57582,29980,29668,76780,66451
2025-07-13T02:00:00Z,136907,93174,96620,61854,43733,29736,29434,62092,50286
2025-07-13T03:00:00Z,136307,104940,92899,70106,31367,33253,32957,52499,39368
2025-07-13T04:00:00Z,138630,104074,93279,66614,34556,32599,32299,51845,39288
2025-07-13T05:00:00Z,139113,104075,95513,68729,35038,34567,34214,50016,37703
2025-07-13T06:00:00Z,142224,103842,97753,66868,38382,36984,36672,60486,46368
2025-07-13T07:00:00Z,141676,109901,95917,71074,31775,39491,39191,53113,39022
2025-07-13T08:00:00Z,149030,117388,98552,75295,31642,42325,42005,58497,43112
2025-07-13T09:00:00Z,148069,114124,96992,71006,33945,42625,42317,60005,44513
2025-07-13T10:00:00Z,147253,115949,98091,74343,31304,43204,42913,59615,44294
2025-07-13T11:00:00Z,147942,116920,98988,75162,31022,41955,41690,55603,40174
2025-07-13T12:00:00Z,160641,105662,117284,69544,54979,42550,42231,85079,70100
2025-07-13T13:00:00Z,159873,116053,111503,74772,43820,45630,45354,74737,58169
2025-07-13T14:00:00Z,154246,124753,102084,80011,29493,49736,49444,63309,45822
2025-07-13T15:00:00Z,156493,123509,106871,81255,32984,48248,47939,65225,48411
2025-07-13T16:00:00Z,154896,124328,103855,81410,30568,48472,48159,64480,47375
2025-07-13T17:00:00Z,155289,125255,104050,82158,30034,47401,47114,60822,44763
2025-07-13T18:00:00Z,156081,120158,107886,79774,35923,43671,43384,66750,51572
2025-07-13T19:00:00Z,152651,119449,103833,79241,33202,41174,40886,54822,40690
2025-07-13T20:00:00Z,147190,114379,101549,76748,32811,39596,39281,55795,42829
2025-07-13T21:00:00Z,143329,108054,99938,72671,35275,34252,33960,51007,38986
2025-07-13T22:00:00Z,139177,105141,96282,71610,34036,33781,33498,49257,37760
2025-07-13T23:00:00Z,141733,107889,98468,73617,33844,33878,33583,47812,37123
2025-07-14T00:00:00Z,143620,100036,90360,65768,43584,33419,33024,56937,43047
2025-07-14T01:00:00Z,151096,93070,102605,59847,58026,36310,35974,78126,62931
2025-07-14T02:00:00Z,148807,102385,92271,63599,46422,39177,38736,66542,49636
2025-07-14T03:00:00Z,148257,112794,89435,71622,35463,42383,41962,59300,41636
2025-07-14T04:00:00Z,148607,110251,90265,67686,38356,38722,38345,58919,42263
2025-07-14T05:00:00Z,152322,113815,91066,69936,38507,43768,43411,60191,41807
2025-07-14T06:00:00Z,163852,124996,97548,73251,38856,49998,49614,72801,51235
2025-07-14T07:00:00Z,164164,129696,92925,73373,34468,53719,53323,68874,45656
2025-07-14T08:00:00Z,160113,128096,89866,72939,32017,55570,55104,70399,47185
2025-07-14T09:00:00Z,164199,128882,95146,74476,35317,54751,54294,71229,47768
2025-07-14T10:00:00Z,159646,123943,93787,73578,35703,53125,52686,69505,47712
2025-07-14T11:00:00Z,163768,126666,97359,76325,37102,53898,53444,67940,46267
2025-07-14T12:00:00Z,167074,115410,105968,69279,51664,51673,51189,88044,66289
2025-07-14T13:00:00Z,168361,125653,102512,74370,42708,57575,57024,84205,60572
2025-07-14T14:00:00Z,164947,133030,94786,77753,31917,59516,58982,73173,48794
2025-07-14T15:00:00Z,168883,132643,98187,77408,36240,59552,59027,77296,53186
2025-07-14T16:00:00Z,160297,127139,92471,74328,33158,55501,55050,72488,49864
2025-07-14T17:00:00Z,164992,128995,97089,77770,35997,55278,54808,71196,48866
2025-07-14T18:00:00Z,160869,119561,98267,73396,41308,50900,50435,74843,54364
2025-07-14T19:00:00Z,156680,117707,94134,71193,38973,47518,47052,63237,44619
2025-07-14T20:00:00Z,160282,120079,96683,73084,40203,47030,46544,65945,47474
2025-07-14T21:00:00Z,155471,115186,91589,67169,40285,40705,40270,59491,42888
2025-07-14T22:00:00Z,146527,109367,85397,63999,37160,37051,36637,54385,39080
2025-07-14T23:00:00Z,149468,107507,89685,65842,41961,36883,36509,55735,40926
2025-07-15T00:00:00Z,151913,107078,89844,63707,44835,36294,35840,64670,48679
2025-07-15T01:00:00Z,159326,101672,101747,59752,57654,39556,39170,82634,65861
2025-07-15T02:00:00Z,156305,109891,94514,64480,46414,41515,41126,71878,53484
2025-07-15T03:00:00Z,152701,116380,90068,70135,36321,41818,41434,62004,43411
2025-07-15T04:00:00Z,152857,115778,91037,68297,37079,41029,40653,61728,44042
2025-07-15T05:00:00Z,155424,119027,89960,68428,36397,43831,43445,60164,41716
2025-07-15T06:00:00Z,163486,126630,96351,72233,36856,51931,51532,73030,51549
2025-07-15T07:00:00Z,163998,131156,95133,74865,32842,54131,53689,68252,45510
2025-07-15T08:00:00Z,160487,131391,93140,76896,29096,55997,55557,69975,47338
2025-07-15T09:00:00Z,163977,128371,91825,72541,35606,56291,55797,73453,48651
2025-07-15T10:00:00Z,159615,127706,95166,75465,31909,54930,54426,70691,49495
2025-07-15T11:00:00Z,158780,127249,94787,74931,31531,53639,53184,67428,46325
2025-07-15T12:00:00Z,170233,119872,110791,71484,50361,54534,54046,91414,70420
2025-07-15T13:00:00Z,169934,128521,106009,75842,41413,58568,58086,84532,62376
2025-07-15T14:00:00Z,164210,133764,96749,77779,30446,61643,61109,74780,51324
2025-07-15T15:00:00Z,164140,130891,98194,77110,33249,59981,59490,75656,52835
2025-07-15T16:00:00Z,163331,130679,96542,76465,32652,57732,57217,73138,51124
2025-07-15T17:00:00Z,161128,128309,95502,75750,32819,55930,55466,70255,49092
2025-07-15T18:00:00Z,165270,126803,102886,77322,38467,53653,53073,76221,56433
2025-07-15T19:00:00Z,155642,121779,95441,73914,33863,49373,48845,63721,45140
2025-07-15T20:00:00Z,156778,121638,96098,73372,35140,48059,47599,65618,47152
2025-07-15T21:00:00Z,151021,112459,94510,69569,38562,41800,41370,59101,43241
2025-07-15T22:00:00Z,145586,107224,91749,67938,38362,39748,39275,56071,41619
2025-07-15T23:00:00Z,144050,104582,93022,67519,39468,37237,36822,53748,39627
2025-07-16T00:00:00Z,145984,102743,93630,65921,43241,37753,37278,63945,49065
2025-07-16T01:00:00Z,152054,95264,105283,60581,56790,38860,38468,81407,65963
2025-07-16T02:00:00Z,146434,103410,93557,63782,43024,40734,40342,67941,50510
2025-07-16T03:00:00Z,150799,113660,94087,71414,37139,42725,42293,62004,44000
2025-07-16T04:00:00Z,148773,112114,90753,66943,36659,40039,39647,60012,42674
2025-07-16T05:00:00Z,152629,116686,91556,69595,35943,44843,44448,60584,42408
2025-07-16T06:00:00Z,160787,125607,96983,72760,35180,49939,49545,72215,50701
2025-07-16T07:00:00Z,159623,128398,94798,74596,31225,55482,55038,68345,46223
2025-07-16T08:00:00Z,161409,130902,93225,75062,30507,56893,56409,71128,48130
2025-07-16T09:00:00Z,162383,130784,95602,75986,31599,58793,58336,73841,51060
2025-07-16T10:00:00Z,157850,126771,92420,73083,31079,55197,54729,70522,49000
2025-07-16T11:00:00Z,157792,127142,94271,74606,30650,54759,54304,68118,46853
2025-07-16T12:00:00Z,170210,120225,108758,70111,49985,54779,54239,91075,69558
2025-07-16T13:00:00Z,168004,125922,103324,72386,42082,56878,56349,83604,60784
2025-07-16T14:00:00Z,164715,135193,96639,78393,29522,61940,61420,74898,51281
2025-07-16T15:00:00Z,163230,130492,97143,76087,32738,59705,59209,74967,52290
2025-07-16T16:00:00Z,161964,130067,96714,77053,31897,57505,56976,72564,50665
2025-07-16T17:00:00Z,164452,131340,100203,79557,33112,56520,56040,70661,49805
2025-07-16T18:00:00Z,162756,124230,101713,75605,38526,52199,51716,74324,54658
2025-07-16T19:00:00Z,159647,120807,98602,74534,38840,49299,48831,64092,45528
2025-07-16T20:00:00Z,153321,117691,95925,72982,35630,47414,46955,64154,47113
2025-07-16T21:00:00Z,152007,114238,95983,70837,37769,42940,42522,60288,44962
2025-07-16T22:00:00Z,148189,111783,94440,71430,36406,40343,39958,56441,42025
2025-07-16T23:00:00Z,140422,104627,90923,67630,35795,36366,35979,51731,38215
2025-07-17T00:00:00Z,143210,103990,92601,67108,39220,38193,37696,62589,48693
2025-07-17T01:00:00Z,152504,95404,105558,60626,57100,38886,38479,82009,67017
2025-07-17T02:00:00Z,152340,108945,98141,67437,43395,43038,42638,70421,53413
2025-07-17T03:00:00Z,145799,109529,90846,68220,36270,42128,41694,61625,44169
2025-07-17T04:00:00Z,149041,111615,93456,68204,37426,41972,41594,60440,43931
2025-07-17T05:00:00Z,150846,115003,92734,69034,35843,45812,45459,61598,43508
2025-07-17T06:00:00Z,157947,122307,96692,71530,35640,50923,50539,72566,51068
2025-07-17T07:00:00Z,160507,129281,95102,74316,31226,56017,55586,69116,46615
2025-07-17T08:00:00Z,158401,128265,91955,73370,30136,55689,55227,69888,47266
2025-07-17T09:00:00Z,159722,127797,94360,73522,31925,57106,56637,72271,49839
2025-07-17T10:00:00Z,158738,127143,94072,73690,31595,53637,53163,69113,48216
2025-07-17T11:00:00Z,158158,127467,96320,76659,30691,54714,54267,68258,46955
2025-07-17T12:00:00Z,164305,117077,107009,69878,47228,53034,52552,87921,66995
2025-07-17T13:00:00Z,165298,124492,102703,72882,40806,56946,56466,82369,60708
2025-07-17T14:00:00Z,162049,132618,96019,78076,29431,60236,59757,72560,49792
2025-07-17T15:00:00Z,162612,130840,97047,76678,31772,58071,57599,73914,51300
2025-07-17T16:00:00Z,164977,132703,99586,79598,32274,57807,57346,74090,51518
2025-07-17T17:00:00Z,159265,126721,95361,75388,32544,53656,53186,68322,47512
2025-07-17T18:00:00Z,157774,121989,98621,74152,35785,51840,51392,73718,54348
2025-07-17T19:00:00Z,156887,120554,97026,73675,36333,47598,47129,62727,44742
2025-07-17T20:00:00Z,151280,114712,94571,71557,36568,46311,45836,63448,46452
2025-07-17T21:00:00Z,155827,102770,88459,63889,53057,39925,39494,67818,41945
2025-07-17T22:00:00Z,159927,81891,70486,52441,78036,32898,32455,84470,33870
2025-07-17T23:00:00Z,154437,78095,69543,50567,76342,31488,31137,79121,32947
2025-07-18T00:00:00Z,165983,75227,70420,49731,90756,29588,29177,96259,38713
2025-07-18T01:00:00Z,162172,86839,97945,56807,75333,34846,34483,90642,60205
2025-07-18T02:00:00Z,149663,98116,93808,62646,51547,37925,37570,70296,48900
2025-07-18T03:00:00Z,145585,109567,91633,69118,36018,41765,41390,59856,42707
2025-07-18T04:00:00Z,142036,105340,89626,64937,36696,38269,37909,56935,41536
2025-07-18T05:00:00Z,152321,116665,96442,73053,35656,44919,44570,61252,43695
2025-07-18T06:00:00Z,157578,120477,97681,72003,37101,49994,49599,71969,51724
2025-07-18T07:00:00Z,159725,127879,96093,75202,31846,53555,53138,66794,45415
2025-07-18T08:00:00Z,158675,127308,91410,72893,31367,54773,54323,69073,47320
2025-07-18T09:00:00Z,163743,129222,95887,74246,34521,55454,55005,71707,49551
2025-07-18T10:00:00Z,157583,124810,95417,74837,32773,53091,52660,68703,48561
2025-07-18T11:00:00Z,156826,124656,95392,74858,32170,49586,49171,63466,43890
2025-07-18T12:00:00Z,167371,115528,109314,69570,51843,49725,49274,86672,66996
2025-07-18T13:00:00Z,167351,121940,105407,73681,45411,53855,53372,81780,60774
2025-07-18T14:00:00Z,162552,130349,95571,76984,32203,55772,55311,70139,47810
2025-07-18T15:00:00Z,166884,127005,97037,75780,39879,55421,54880,77087,51416
2025-07-18T16:00:00Z,157358,124178,93922,74598,33180,52543,52040,68915,47993
2025-07-18T17:00:00Z,159120,125080,96896,76928,34040,52210,51764,68034,47660
2025-07-18T18:00:00Z,160540,118255,99719,73035,42285,48798,48363,73693,53655
2025-07-18T19:00:00Z,152028,114729,95108,71083,37299,43990,43586,59094,42380
2025-07-18T20:00:00Z,148756,110542,94210,69385,38214,41063,40637,58735,42884
2025-07-18T21:00:00Z,149677,107640,95876,68127,42037,37660,37261,56186,41594
2025-07-18T22:00:00Z,140352,100525,89533,64200,39827,33285,32913,51613,37318
2025-07-18T23:00:00Z,138879,96200,90163,62836,42679,31794,31456,49642,36105
2025-07-19T00:00:00Z,137522,92338,93603,62100,45184,29042,28595,57271,45562
2025-07-19T01:00:00Z,147226,82768,108668,56410,64458,28312,27921,78648,67336
2025-07-19T02:00:00Z,139104,95429,94552,64106,43675,29826,29455,58488,45831
2025-07-19T03:00:00Z,137371,99657,91654,66169,37714,30842,30492,53823,40500
2025-07-19T04:00:00Z,138582,103381,93462,67799,35201,32627,32295,51983,38667
2025-07-19T05:00:00Z,143395,106481,96236,69294,36914,34360,34053,52929,38305
2025-07-19T06:00:00Z,148492,107119,100641,69237,41373,37133,36821,62435,47392
2025-07-19T07:00:00Z,144078,109800,96659,71496,34278,38717,38412,53930,38621
2025-07-19T08:00:00Z,147187,114207,98068,74194,32980,40657,40328,57812,41950
2025-07-19T09:00:00Z,149956,114498,101292,74026,35458,40746,40454,59359,43309
2025-07-19T10:00:00Z,150555,118076,98768,74398,32479,42093,41785,59783,43667
2025-07-19T11:00:00Z,142862,111329,96084,71936,31533,40816,40533,54462,39255
2025-07-19T12:00:00Z,163843,105592,120405,69770,58251,40792,40496,86343,70953
2025-07-19T13:00:00Z,152135,108339,106522,69759,43796,42979,42679,72647,56804
2025-07-19T14:00:00Z,148611,117988,98200,75381,30623,46431,46115,60528,43562
2025-07-19T15:00:00Z,153269,120744,102775,77415,32525,46710,46409,63612,46796
2025-07-19T16:00:00Z,148051,119099,98999,76868,28952,46373,46068,62277,45566
2025-07-19T17:00:00Z,152201,122202,101905,79478,29999,45478,45173,59033,43053
2025-07-19T18:00:00Z,149976,111710,104231,74075,38266,41938,41595,66107,51391
2025-07-19T19:00:00Z,149897,113536,101147,74695,36361,38669,38382,53609,39690
2025-07-19T20:00:00Z,142163,106474,97852,71526,35689,36161,35795,53488,40779
2025-07-19T21:00:00Z,139541,100034,97249,68343,39507,32337,31985,50596,39045
2025-07-19T22:00:00Z,132541,94429,91274,64604,38112,29727,29433,46520,35651
2025-07-19T23:00:00Z,125432,90576,87931,62576,34856,29509,29249,44299,34456
2025-07-20T00:00:00Z,127462,88444,86644,60824,39018,27294,26883,50937,40474
2025-07-20T01:00:00Z,140952,79463,105619,54487,61489,27305,26981,75569,65233
2025-07-20T02:00:00Z,133449,88161,95709,60235,45288,28803,28495,61126,49972
2025-07-20T03:00:00Z,130934,100341,89464,68772,30593,30219,29926,47818,35577
2025-07-20T04:00:00Z,133542,97822,92516,64802,35720,30775,30472,51178,39581
2025-07-20T05:00:00Z,138284,103989,94205,68566,34295,33366,33095,49455,36666
2025-07-20T06:00:00Z,143964,104738,100004,68718,39226,36549,36253,60300,46553
2025-07-20T07:00:00Z,146075,113741,98228,73070,32334,39646,39367,54178,38728
2025-07-20T08:00:00Z,143015,112532,93504,70874,30483,40878,40583,56986,41405
2025-07-20T09:00:00Z,145070,111149,96019,70061,33921,41286,41003,58585,42659
2025-07-20T10:00:00Z,146791,114885,96794,72902,31906,41617,41335,58318,42914
2025-07-20T11:00:00Z,148872,116700,100226,75206,32172,42733,42466,56886,40894
2025-07-20T12:00:00Z,162376,107358,117310,69941,55018,41968,41657,84941,69259
2025-07-20T13:00:00Z,156788,114539,108339,73337,42249,45672,45361,74045,57139
2025-07-20T14:00:00Z,151795,121746,100485,78327,30049,48737,48439,62697,45100
2025-07-20T15:00:00Z,157625,123808,104547,78777,33817,49369,49078,66876,48954
2025-07-20T16:00:00Z,149706,119417,99247,77309,30289,48331,48030,64711,47286
2025-07-20T17:00:00Z,154237,123516,102364,80460,30721,46804,46521,61781,45062
2025-07-20T18:00:00Z,154420,117036,107536,78419,37384,43964,43666,67909,52275
2025-07-20T19:00:00Z,146365,113522,99454,74693,32843,41029,40735,55279,40623
2025-07-20T20:00:00Z,143308,109360,98305,73014,33948,38289,37987,54864,41590
2025-07-20T21:00:00Z,140584,103405,97953,69551,37179,34973,34671,52379,40032
2025-07-20T22:00:00Z,135226,98715,92762,66320,36511,32360,32071,48562,37051
2025-07-21T00:00:00Z,140672,93515,87205,61661,47157,32008,31625,56711,42819
2025-07-21T01:00:00Z,154601,90815,103563,58174,63786,35099,34743,79271,63971
2025-07-21T02:00:00Z,151179,101252,95113,63911,49927,38224,37788,68316,51200
2025-07-21T03:00:00Z,144339,103839,85405,64920,40500,38937,38532,58317,40493
2025-07-21T04:00:00Z,149439,107308,89750,65672,42131,38905,38516,60397,42808
2025-07-21T05:00:00Z,152837,112573,88950,67106,40264,42234,41877,59854,40855
2025-07-21T06:00:00Z,153010,113011,89815,65962,39999,47215,46813,69116,47795
2025-07-21T07:00:00Z,144682,113674,81161,64570,31008,50729,50276,64126,41703
2025-07-21T08:00:00Z,154887,123724,85600,69392,31163,54823,54375,69195,45908
2025-07-21T09:00:00Z,161688,127260,92248,71924,34428,55801,55337,72280,48389
2025-07-21T10:00:00Z,158105,124637,92635,72204,33468,53431,52973,69501,47506
2025-07-21T11:00:00Z,162966,126661,95408,75047,36305,53246,52785,67642,45651
2025-07-21T12:00:00Z,170978,116002,106158,67516,54976,53267,52759,90989,68170
2025-07-21T13:00:00Z,169572,125643,102392,72866,43929,57168,56667,84178,60803
2025-07-21T14:00:00Z,165550,135039,95472,77879,30511,60879,60394,74044,50236
2025-07-21T15:00:00Z,165627,130007,95203,74687,35620,58562,58075,75176,51387
2025-07-21T16:00:00Z,160632,128038,93366,75071,32594,56592,56129,72238,49763
2025-07-21T17:00:00Z,161381,126593,94068,74788,34788,54624,54152,70008,47580
2025-07-21T18:00:00Z,165355,123952,102573,75744,41403,51699,51221,76364,55624
2025-07-21T19:00:00Z,161752,121343,98605,74565,40409,48227,47726,64216,44839
2025-07-21T20:00:00Z,155645,114069,94087,70460,41576,44984,44508,63162,44979
2025-07-21T21:00:00Z,153296,111836,94386,68378,41460,41799,41333,60167,43966
2025-07-21T22:00:00Z,142767,100500,84821,62180,42267,35863,35443,54443,38331
2025-07-21T23:00:00Z,156916,81181,70089,50319,75735,31789,31389,76951,33294
2025-07-22T00:00:00Z,149234,96618,87340,61434,52616,35373,34937,69356,46295
2025-07-22T01:00:00Z,157978,91925,100902,57143,66053,37073,36690,87494,64264
2025-07-22T02:00:00Z,156341,100439,94052,61751,55902,40471,40084,78656,54207
2025-07-22T03:00:00Z,151427,108634,86879,66168,42793,41208,40793,66124,42261
2025-07-22T04:00:00Z,149845,107904,88598,65370,41941,39825,39347,62862,42190
2025-07-22T05:00:00Z,154820,115857,91512,69085,38963,44498,44111,62909,41723
2025-07-22T06:00:00Z,158093,118968,93187,68545,39125,50424,49994,74024,50191
2025-07-22T07:00:00Z,156584,122602,89818,69919,33982,53788,53331,68378,44408
2025-07-22T08:00:00Z,163753,129778,91014,73492,33975,56588,56112,71820,47033
2025-07-22T09:00:00Z,161477,125578,91594,72211,35899,55688,55196,71723,47784
2025-07-22T10:00:00Z,160482,126144,92991,73561,34338,54158,53630,69949,47448
2025-07-22T11:00:00Z,159673,122891,91372,71913,36782,52754,52255,68350,44845
2025-07-22T12:00:00Z,170295,116418,106122,67926,53877,52844,52310,90676,67613
2025-07-22T13:00:00Z,168769,123896,99180,70691,44873,57256,56740,83997,59496
2025-07-22T14:00:00Z,165355,132679,93637,75678,32676,61442,60917,74654,49941
2025-07-22T15:00:00Z,166641,131779,97078,75854,34862,59832,59321,76096,52623
2025-07-22T16:00:00Z,164469,133318,98561,80050,31151,57670,57214,72326,50436
2025-07-22T17:00:00Z,162203,129905,97359,78078,32298,55682,55215,69545,48304
2025-07-22T18:00:00Z,160521,122125,99616,74268,38396,51866,51311,74381,54554
2025-07-22T19:00:00Z,156018,119743,96295,73337,36275,48001,47517,62291,44143
2025-07-22T20:00:00Z,157696,118086,96583,72651,39610,45597,45081,62615,45039
2025-07-22T21:00:00Z,154178,111986,96844,69669,42192,41512,41060,59151,43071
2025-07-22T22:00:00Z,146891,105257,93233,66817,41634,36867,36434,53331,38527
2025-07-22T23:00:00Z,143425,102320,92509,66466,41105,35893,35497,51696,38178
2025-07-23T00:00:00Z,145246,100175,92894,63734,45071,35590,35156,60026,45835
2025-07-23T01:00:00Z,156147,96879,109294,62024,59268,37667,37295,79812,64727
2025-07-23T02:00:00Z,148458,104042,95895,64834,44416,40531,40146,67614,50722
2025-07-23T03:00:00Z,150384,113356,95909,73663,37028,40649,40295,57462,40077
2025-07-23T04:00:00Z,147839,110831,93527,67299,37008,40450,40047,59803,42954
2025-07-23T05:00:00Z,153770,116778,95073,70313,36992,44840,44463,60105,41503
2025-07-23T06:00:00Z,161269,121406,99516,71397,39863,50560,50146,71301,50021
2025-07-23T07:00:00Z,157708,124944,95442,73454,32764,52796,52362,64888,43533
2025-07-23T08:00:00Z,159943,128295,93262,73545,31648,56061,55609,69211,46240
2025-07-23T09:00:00Z,163165,128535,95698,73022,34630,56561,56098,71670,48340
2025-07-23T10:00:00Z,160947,126553,97063,74531,34394,53853,53398,69233,47151
2025-07-23T11:00:00Z,163329,128399,99599,76466,34930,54150,53714,67339,45828
2025-07-23T12:00:00Z,163714,114136,106143,67194,49578,52131,51655,86345,65288
2025-07-23T13:00:00Z,169707,125907,104103,72153,43800,58087,57587,83567,60791
2025-07-23T14:00:00Z,165497,133812,95723,76326,31685,61723,61161,74527,50042
2025-07-23T15:00:00Z,164238,129397,96978,73999,34841,59546,59065,75047,51731
2025-07-23T16:00:00Z,162942,128370,96391,75184,34572,57172,56693,72894,49664
2025-07-23T17:00:00Z,162092,124631,96479,74332,37461,54179,53705,69849,47234
2025-07-23T18:00:00Z,165495,123571,102835,74088,41924,51953,51485,74981,54916
2025-07-23T19:00:00Z,158769,119435,97809,71937,39334,48799,48266,63158,44790
2025-07-23T20:00:00Z,154437,114383,95821,69531,40054,45468,44924,62398,45277
2025-07-23T21:00:00Z,152447,109576,95791,66963,42871,41515,41055,58981,42966
2025-07-23T22:00:00Z,146039,104763,93074,65435,41276,37472,37045,53688,39416
2025-07-23T23:00:00Z,140564,99470,89855,62127,41094,35905,35510,51037,37966
2025-07-24T00:00:00Z,144189,98082,93079,61193,46107,35760,35314,62182,47865
2025-07-24T01:00:00Z,155615,93209,108657,57835,62406,37754,37366,82295,67464
2025-07-24T02:00:00Z,149490,102264,96430,62224,47226,40645,40237,67965,51414
2025-07-24T03:00:00Z,145955,108750,91360,67296,37205,40944,40549,58921,41305
2025-07-24T04:00:00Z,146968,108745,92792,65771,38223,40705,40318,59596,42790
2025-07-24T05:00:00Z,150786,113242,94646,68379,37544,44597,44207,60263,41866
2025-07-24T06:00:00Z,158212,119151,97588,69470,39061,50129,49689,71276,50255
2025-07-24T07:00:00Z,155257,121685,91705,68940,33572,53637,53178,66385,44089
2025-07-24T08:00:00Z,159785,127563,92696,71984,32222,55920,55455,69163,46941
2025-07-24T09:00:00Z,161618,128177,94138,71227,33441,57221,56772,71132,48398
2025-07-24T10:00:00Z,159966,125801,95918,72617,34165,54639,54164,69498,48599
2025-07-24T11:00:00Z,157734,126321,93914,73862,31413,54164,53716,67630,46808
2025-07-24T12:00:00Z,171849,120812,109692,70282,51037,54766,54279,91420,70340
2025-07-24T13:00:00Z,166642,124416,101690,71263,42226,57424,56939,83701,61550
2025-07-24T14:00:00Z,163875,133701,94304,76565,30174,61021,60486,73366,50223
2025-07-24T15:00:00Z,164986,131491,97353,76313,33495,59163,58697,73899,51247
2025-07-24T16:00:00Z,160288,127782,94975,75275,32506,56874,56378,71740,50329
2025-07-24T17:00:00Z,164335,131113,98609,78359,33222,55667,55166,70087,48853
2025-07-24T18:00:00Z,160540,123579,99080,74511,36961,51793,51343,72798,53911
2025-07-24T19:00:00Z,155810,120908,96051,73486,34902,48296,47864,62596,45067
2025-07-24T20:00:00Z,153686,116590,95088,71209,37096,45856,45390,62586,46089
2025-07-24T21:00:00Z,149614,111253,91520,66423,38361,41481,41084,57705,42722
2025-07-24T22:00:00Z,142566,104896,89013,65686,37670,36673,36284,52796,38917
2025-07-24T23:00:00Z,142648,101216,90843,63437,41432,35557,35161,51040,38381
2025-07-25T00:00:00Z,145029,97207,93406,61536,47822,34937,34501,60188,46500
2025-07-25T01:00:00Z,151813,91485,105085,56908,60328,36466,36094,78974,64106
2025-07-25T02:00:00Z,150970,102741,98019,63164,48229,39885,39509,67476,51407
2025-07-25T03:00:00Z,146513,109499,93326,68739,37014,40651,40281,58327,41531
2025-07-25T04:00:00Z,147116,107318,93626,65180,39798,40067,39679,60027,43544
2025-07-25T05:00:00Z,151718,113645,94769,67524,38073,43985,43581,59666,42160
2025-07-25T06:00:00Z,158999,120994,99711,71717,38005,49201,48770,70381,49979
2025-07-25T07:00:00Z,154215,119607,92755,68787,34608,51063,50655,63969,43508
2025-07-25T08:00:00Z,157347,124025,93755,71891,33322,53708,53291,67474,46143
2025-07-25T09:00:00Z,160739,125791,95789,71918,34948,54632,54209,69154,47213
2025-07-25T10:00:00Z,157046,121531,97242,72726,35515,51246,50838,66684,46810
2025-07-25T11:00:00Z,159094,122549,99186,73822,36545,50768,50371,64316,45164
2025-07-25T12:00:00Z,163109,109821,108699,65809,53288,48988,48480,86235,66959
2025-07-25T13:00:00Z,167483,121733,106370,71168,45750,54692,54174,82287,61432
2025-07-25T14:00:00Z,168705,134013,101482,78356,34692,58979,58448,72036,49926
2025-07-25T15:00:00Z,162943,125603,100294,74732,37340,55561,55069,72061,50724
2025-07-25T16:00:00Z,159451,123893,98040,74383,35558,53473,53029,69711,49222
2025-07-25T17:00:00Z,157386,121981,97588,74444,35405,51252,50773,65512,46045
2025-07-25T18:00:00Z,160342,118603,103486,73338,41739,48414,47930,71727,53913
2025-07-25T19:00:00Z,152261,113300,96428,69158,38961,44228,43786,59423,42403
2025-07-25T20:00:00Z,150385,110364,97701,69003,40021,41663,41227,58654,43506
2025-07-25T21:00:00Z,146444,105221,96646,66781,41223,37351,36967,53718,39937
2025-07-25T22:00:00Z,140710,99855,91390,63041,40855,33714,33358,49818,37415
2025-07-25T23:00:00Z,134627,92761,90144,60029,41866,31934,31575,47462,36099
2025-07-26T00:00:00Z,131306,85511,88455,54629,45795,29435,28997,57054,45224
2025-07-26T01:00:00Z,145597,80132,106077,51384,65465,28946,28610,77066,65624
2025-07-26T02:00:00Z,134704,88398,91222,55701,46306,30193,29850,58696,46277
2025-07-26T03:00:00Z,131202,94248,87922,60750,36954,31695,31369,50815,37687
2025-07-26T04:00:00Z,139337,99984,92106,60944,39353,33933,33607,53685,39514
2025-07-26T05:00:00Z,138271,99674,92431,61822,38597,35199,34910,51527,37350
2025-07-26T06:00:00Z,142478,100554,96680,63111,41924,38281,37956,61360,46102
2025-07-26T07:00:00Z,141250,103759,94470,64452,37491,39580,39279,54403,38746
2025-07-26T08:00:00Z,143559,107844,95689,68354,35715,41057,40753,57358,41459
2025-07-26T09:00:00Z,144647,107854,97171,67852,36793,40638,40352,57107,41154
2025-07-26T10:00:00Z,146975,110374,100156,71158,36601,41083,40784,58228,42537
2025-07-26T11:00:00Z,153969,117833,106369,77314,36136,41624,41341,56073,40458
2025-07-26T12:00:00Z,162236,104151,120188,69016,58085,38987,38699,82252,67592
2025-07-26T13:00:00Z,161406,113916,113178,73011,47490,43446,43139,74010,57250
2025-07-26T14:00:00Z,149227,115981,100273,74682,33246,45982,45650,60345,43166
2025-07-26T15:00:00Z,153583,117323,104159,75482,36260,46451,46141,63377,46030
2025-07-26T16:00:00Z,150254,115957,101530,74769,34297,46176,45851,63300,46255
2025-07-26T17:00:00Z,149223,115171,100806,74820,34052,43879,43594,59129,42661
2025-07-26T18:00:00Z,154096,110950,107452,72676,43146,41992,41680,66875,51920
2025-07-26T19:00:00Z,144676,106639,101023,70321,38037,38247,37938,52366,38937
2025-07-26T20:00:00Z,141070,101780,99430,67908,39290,35581,35272,52289,40066
2025-07-26T21:00:00Z,138173,97886,97962,65470,40287,32208,31905,49032,37613
2025-07-26T22:00:00Z,134509,94349,95588,64239,40160,29647,29376,45498,35180
2025-07-26T23:00:00Z,129975,91306,94510,63162,38669,29442,29190,43810,34278
2025-07-27T00:00:00Z,129613,88604,91301,61233,41009,26787,26418,49293,39330
2025-07-27T01:00:00Z,143764,80947,109509,55664,62817,26764,26450,72896,62930
2025-07-27T02:00:00Z,137585,88530,99330,59916,49055,28517,28170,59754,48915
2025-07-27T03:00:00Z,129770,96823,89977,65358,32947,29351,29036,45809,34026
2025-07-27T04:00:00Z,135927,97063,93671,62356,38864,30538,30244,50677,38798
2025-07-27T05:00:00Z,141726,102387,98277,66889,39339,33264,32997,50124,37291
2025-07-27T06:00:00Z,142175,101661,99593,66362,40514,36110,35821,59144,45047
2025-07-27T07:00:00Z,145493,108856,100469,70925,36637,38683,38381,52971,38179
2025-07-27T08:00:00Z,144521,109480,98351,70658,35041,39760,39461,55958,40449
2025-07-27T09:00:00Z,152081,113761,102766,72643,38320,41091,40798,58315,41828
2025-07-27T10:00:00Z,151484,114733,103221,74090,36751,41546,41260,58749,43086
2025-07-27T11:00:00Z,146836,111886,100894,72835,34950,41065,40789,55257,39810
2025-07-27T12:00:00Z,166518,107170,121877,69779,59348,41894,41589,85937,70300
2025-07-27T13:00:00Z,157562,109897,110727,69851,47665,44530,44240,75306,58584
2025-07-27T14:00:00Z,152296,119350,102248,77012,32946,47839,47533,61924,44300
2025-07-27T15:00:00Z,158320,121519,107294,78599,36801,47819,47510,64713,47018
2025-07-27T16:00:00Z,154430,119325,104583,77948,35105,47750,47443,64122,47001
2025-07-27T17:00:00Z,157057,123123,106320,80552,33934,46688,46385,60979,44361
2025-07-27T18:00:00Z,155728,115334,109420,76643,40394,43774,43481,68284,52480
2025-07-27T19:00:00Z,147557,111899,102798,74425,35658,40328,40024,54191,40139
2025-07-27T20:00:00Z,144015,107381,100615,71639,36634,37684,37389,54646,41299
2025-07-27T21:00:00Z,140646,102264,98847,68119,38382,34585,34292,50681,38282
2025-07-27T22:00:00Z,135974,97401,94782,65057,38573,31538,31246,47619,36128
2025-07-27T23:00:00Z,133543,95498,95215,64946,38045,31814,31537,46341,35436
2025-07-28T00:00:00Z,141113,93140,90511,61805,47973,31667,31258,54395,40953
2025-07-28T01:00:00Z,150656,89678,104602,58092,60978,34331,33992,75643,61361
2025-07-28T02:00:00Z,152754,100496,98631,63675,52258,38471,38018,67294,50723
2025-07-28T03:00:00Z,143771,103091,86117,64511,40680,38696,38272,56080,37690
2025-07-28T04:00:00Z,149350,106573,92459,65953,42777,38421,38021,58772,41778
2025-07-28T05:00:00Z,149988,107449,90731,65220,42539,41966,41599,58416,39963
2025-07-28T06:00:00Z,162138,117465,97161,68501,44673,48854,48461,71701,49892
2025-07-28T07:00:00Z,163065,124372,95771,72002,38693,52375,51957,67154,44602
2025-07-28T08:00:00Z,162540,126332,91476,70359,36208,54243,53760,69237,45960
2025-07-28T09:00:00Z,166018,130634,96322,73567,35384,55408,54912,70948,47525
2025-07-28T10:00:00Z,155892,118915,94443,71314,36977,51076,50558,66459,45523
2025-07-28T11:00:00Z,159592,121690,95395,71794,37902,51523,51075,65697,44950
2025-07-28T12:00:00Z,169915,118745,110211,70070,51170,52420,51920,87177,66427
2025-07-28T13:00:00Z,170302,124862,106851,72698,45440,57192,56631,83846,61836
2025-07-28T14:00:00Z,163940,131806,95952,75228,32134,60345,59807,73190,49652
2025-07-28T15:00:00Z,167985,130134,97565,75195,37851,57976,57452,74137,50409
2025-07-28T16:00:00Z,164899,127156,95781,74117,37743,56806,56339,73059,50019
2025-07-28T17:00:00Z,166137,125233,97909,74806,40904,53934,53426,70142,47809
2025-07-28T18:00:00Z,164747,119880,101502,73068,44867,51212,50747,74827,54183
2025-07-28T19:00:00Z,157880,116742,96962,70528,41138,47777,47326,63548,44381
2025-07-28T20:00:00Z,157802,115107,97271,69664,42695,45516,45052,63401,45823
2025-07-28T21:00:00Z,153345,111712,97277,68821,41633,41547,41125,58213,42124
2025-07-28T22:00:00Z,142417,103761,88591,64732,38656,37721,37319,54509,39488
2025-07-28T23:00:00Z,143554,102414,90252,66383,41140,36415,36053,52662,38610
2025-07-29T00:00:00Z,130726,94855,78865,59540,35871,35325,34927,54158,39808
2025-07-29T01:00:00Z,146446,93724,98178,58880,52722,37820,37443,76553,60666
2025-07-29T02:00:00Z,150634,101573,94479,62526,49061,40469,40070,70340,53004
2025-07-29T03:00:00Z,144640,110959,87513,68402,33681,41968,41588,59332,41090
2025-07-29T04:00:00Z,144997,109726,90605,66546,35271,40312,39919,60236,43832
2025-07-29T05:00:00Z,150821,114989,91092,68770,35832,44721,44343,61109,42862
2025-07-29T06:00:00Z,156216,120631,92703,68923,35585,50668,50270,71833,49910
2025-07-29T07:00:00Z,160863,129520,95843,75918,31343,54196,53774,67514,44858
2025-07-29T08:00:00Z,160057,130139,90841,73222,29918,56103,55647,70605,47516
2025-07-29T09:00:00Z,165714,129844,94044,73793,35870,56800,56330,72877,48409
2025-07-29T10:00:00Z,160513,126216,95418,74305,34297,53868,53419,69931,48415
2025-07-29T11:00:00Z,161026,127510,95969,75255,33516,53850,53385,67606,46287
2025-07-29T12:00:00Z,169819,118931,108584,70001,50888,53630,53147,90078,68652
2025-07-29T13:00:00Z,171321,129801,104810,74076,41520,58295,57821,85535,62825
2025-07-29T14:00:00Z,163889,135696,93765,76664,28193,61755,61257,73856,50065
2025-07-29T15:00:00Z,163100,131349,95980,76224,31751,59719,59210,74729,51383
2025-07-29T16:00:00Z,161510,129817,94691,75815,31693,57632,57107,73558,50510
2025-07-29T17:00:00Z,161244,129410,97735,78190,31834,55184,54687,69340,48127
2025-07-29T18:00:00Z,159545,122934,99064,73745,36611,51992,51526,74500,54676
2025-07-29T19:00:00Z,158824,124295,97543,74750,34529,49738,49303,64194,45454
2025-07-29T20:00:00Z,155296,118181,94776,71838,37115,45981,45474,63534,45471
2025-07-29T21:00:00Z,150068,112530,92981,68430,37538,41549,41098,58557,42434
2025-07-29T22:00:00Z,145822,108491,90742,67019,37331,37155,36786,54004,39630
2025-07-29T23:00:00Z,145305,105845,92756,67715,39460,36785,36404,53281,39762
2025-07-30T00:00:00Z,143662,100677,90761,63604,42985,36101,35657,61771,47126
2025-07-30T01:00:00Z,154712,96490,107163,60993,58222,38175,37801,81646,66572
2025-07-30T02:00:00Z,150021,106520,97412,66316,43501,41082,40687,69345,52476
2025-07-30T03:00:00Z,145197,113817,91821,73417,31380,41170,40803,57036,40001
2025-07-30T04:00:00Z,149561,116039,96447,73151,33522,40232,39831,59514,43061
2025-07-30T05:00:00Z,148694,115019,91548,70623,33675,43861,43506,59379,41503
2025-07-30T06:00:00Z,156934,120769,95464,70342,36165,49954,49542,71781,50608
2025-07-30T07:00:00Z,156552,126014,93563,73701,30538,53387,52928,66416,44741
2025-07-30T08:00:00Z,160988,130631,92374,74115,30357,56103,55633,69242,46866
2025-07-30T09:00:00Z,163001,131146,93508,73355,31855,56472,55949,70997,47996
2025-07-30T10:00:00Z,154596,123782,93558,73708,30814,52673,52191,67656,46920
2025-07-30T11:00:00Z,161249,129872,97169,76639,31377,53686,53265,67189,46388
2025-07-30T12:00:00Z,164201,117457,104938,68306,46744,52571,52091,86845,66168
2025-07-30T13:00:00Z,163528,123921,100139,70875,39607,57139,56653,83685,60880
2025-07-30T14:00:00Z,165691,137169,97494,79860,28522,61423,60913,74308,50164
2025-07-30T15:00:00Z,163677,132679,96879,77811,30998,58209,57719,73319,50352
2025-07-30T16:00:00Z,160996,132430,97287,78940,28566,56606,56123,71281,49411
2025-07-30T17:00:00Z,160457,130099,97581,78448,30358,54014,53563,67490,46938
2025-07-30T18:00:00Z,160398,121607,101798,75439,38791,50485,50041,73500,53724
2025-07-30T19:00:00Z,157490,122747,99863,76924,34743,48415,47943,62287,44293
2025-07-30T20:00:00Z,153066,118673,97286,74003,34393,45893,45445,61794,45004
2025-07-30T21:00:00Z,150837,115000,97189,73215,35837,41604,41191,57977,42708
2025-07-30T22:00:00Z,144693,108407,92958,69291,36286,38052,37654,54562,40461
2025-07-30T23:00:00Z,141291,104871,91974,67578,36420,36979,36602,52573,39421
2025-07-31T00:00:00Z,142302,101625,91697,64777,40677,36289,35863,61240,46923
2025-07-31T01:00:00Z,147245,93056,102343,58535,54189,37573,37196,78927,64428
2025-07-31T02:00:00Z,151960,107801,98449,66701,44159,41394,41017,69901,53373
2025-07-31T03:00:00Z,140445,110410,87923,69225,30035,41380,41014,57024,39957
2025-07-31T04:00:00Z,147790,112242,92736,67989,35548,41357,40959,60850,43796
2025-07-31T05:00:00Z,148475,113520,90462,67393,34955,44335,43963,60150,41932
2025-07-31T06:00:00Z,156932,121223,96948,70876,35709,50271,49875,72651,51799
2025-07-31T07:00:00Z,158810,128179,94025,73282,30631,53794,53386,66804,44967
2025-07-31T08:00:00Z,161061,131412,92700,74382,29649,56496,56048,70279,47387
2025-07-31T09:00:00Z,163826,131641,95827,75082,32185,56073,55627,71522,48354
2025-07-31T10:00:00Z,159152,126581,94678,73639,32571,53325,52859,69290,47929
2025-07-31T11:00:00Z,156608,123435,93528,72188,33173,51877,51417,65608,44930
2025-07-31T12:00:00Z,166557,117600,107649,69189,48957,52071,51604,87467,66765
2025-07-31T13:00:00Z,168325,126217,103432,72290,42108,56944,56415,83367,61069
2025-07-31T14:00:00Z,164204,135096,96412,78652,29108,59984,59450,72536,49657
2025-07-31T15:00:00Z,163577,131866,96668,76595,31711,58406,57923,73304,50632
2025-07-31T16:00:00Z,162158,131062,96862,77895,31096,56900,56382,72134,50243
2025-07-31T17:00:00Z,162028,129201,97374,77448,32827,54071,53554,68451,47347
2025-07-31T18:00:00Z,156757,117503,96499,70999,39254,49800,49335,73166,53496
2025-07-31T19:00:00Z,152811,118072,93396,71725,34739,47677,47142,61619,43372
2025-07-31T20:00:00Z,154337,115532,94780,70762,38805,45228,44755,61932,44635
2025-07-31T21:00:00Z,151918,110863,94148,68444,41055,40630,40137,58273,42208
2025-07-31T22:00:00Z,146993,105834,91096,66055,41159,36904,36483,54211,39546
2025-07-31T23:00:00Z,141982,100536,90326,64712,41446,35268,34896,51079,38098
2025-08-01T00:00:00Z,144469,97223,84784,61546,47246,34592,34103,57327,41502
2025-08-01T01:00:00Z,155437,90892,100197,56106,64545,35941,35522,78640,61882
2025-08-01T02:00:00Z,155068,97289,94434,60134,57779,38311,37901,70049,52168
2025-08-01T03:00:00Z,148748,106850,86858,66804,41898,39517,39121,57500,38989
2025-08-01T04:00:00Z,148358,104775,88710,63997,43583,38458,38074,59531,42276
2025-08-01T05:00:00Z,150110,109343,87805,65430,40767,41924,41520,59743,41271
2025-08-01T06:00:00Z,156430,114141,92961,67162,42289,47426,47014,70906,49702
2025-08-01T07:00:00Z,158217,120868,91309,71116,37349,50565,50147,65072,43393
2025-08-01T08:00:00Z,160371,125112,91287,73431,35259,53157,52723,68135,45764
2025-08-01T09:00:00Z,159884,123325,91602,71675,36559,52417,51967,68326,46054
2025-08-01T10:00:00Z,154685,116088,89235,68465,38597,49341,48880,66574,45153
2025-08-01T11:00:00Z,157198,117847,92091,70119,39351,48931,48497,64014,43418
2025-08-01T12:00:00Z,165970,109954,106066,66102,56016,48059,47594,85974,65678
2025-08-01T13:00:00Z,165032,118706,100749,69135,46326,52613,52138,81401,59663
2025-08-01T14:00:00Z,159958,126082,92530,74170,33876,55198,54741,69286,46954
2025-08-01T15:00:00Z,165093,127134,96534,75310,37959,53872,53368,70948,49030
2025-08-01T16:00:00Z,159757,124428,93168,74724,35329,51903,51387,68375,47010
2025-08-01T17:00:00Z,158982,123562,95307,76111,35420,50246,49817,65630,45284
2025-08-01T18:00:00Z,156204,113859,94616,69454,42345,47751,47322,71048,51811
2025-08-01T19:00:00Z,156053,114391,95073,70225,41662,44175,43751,60090,42493
2025-08-01T20:00:00Z,150250,110205,93477,69377,40045,40762,40326,58599,42287
2025-08-01T21:00:00Z,153464,108706,96741,69641,44758,37200,36778,54872,39886
2025-08-01T22:00:00Z,144133,100213,90916,64512,43920,33210,32841,50241,36603
2025-08-01T23:00:00Z,137651,94011,88249,61661,43640,31282,30929,47810,35042
2025-08-02T00:00:00Z,138581,92715,89829,58827,45866,29984,29570,58126,46107
2025-08-02T01:00:00Z,148952,85257,108329,57203,63695,29510,29159,77931,66755
2025-08-02T02:00:00Z,138860,95696,91499,60452,43164,30303,29961,58856,46773
2025-08-02T03:00:00Z,136060,102518,86247,64338,33542,31997,31681,51645,38048
2025-08-02T04:00:00Z,138710,103499,92640,66426,35211,33181,32856,53198,39612
2025-08-02T05:00:00Z,136766,102830,91477,66568,33936,35704,35407,51517,37179
2025-08-02T06:00:00Z,144872,105121,96369,66037,39751,37486,37177,60686,45610
2025-08-02T07:00:00Z,148221,111616,97772,70412,36605,39716,39405,54809,39052
2025-08-02T08:00:00Z,146744,111691,96897,72089,35053,40627,40318,57195,41480
2025-08-02T09:00:00Z,150839,114872,98904,72553,35967,41664,41378,58609,42397
2025-08-02T10:00:00Z,145167,111929,96540,71987,33238,41630,41343,58516,42746
2025-08-02T11:00:00Z,148137,114381,99233,74466,33756,41569,41292,55855,39824
2025-08-02T12:00:00Z,156224,102276,111338,65563,53948,40467,40169,82046,66780
2025-08-02T13:00:00Z,152485,108512,105291,69341,43973,43152,42821,72308,56051
2025-08-02T14:00:00Z,152258,121320,98497,75985,30938,47065,46754,61884,44044
2025-08-02T15:00:00Z,153349,118790,101001,75146,34559,46646,46338,63896,46653
2025-08-02T16:00:00Z,152675,120785,100752,77402,31890,46312,46000,62893,45934
2025-08-02T17:00:00Z,153167,120366,101401,77636,32801,45298,45012,59625,43117
2025-08-02T18:00:00Z,152888,113412,104341,73394,39476,42922,42612,67367,52086
2025-08-02T19:00:00Z,146886,112606,97855,72370,34280,38957,38575,52682,38974
2025-08-02T20:00:00Z,143510,108961,96840,70423,34549,36856,36471,54366,41056
2025-08-02T21:00:00Z,136946,101876,94921,67373,35070,33434,33140,49804,38094
2025-08-02T22:00:00Z,130120,94768,91149,63947,35352,30506,30227,46344,35792
2025-08-02T23:00:00Z,127089,92365,90851,63388,34724,29819,29531,44419,34511
2025-08-03T00:00:00Z,126248,89765,84501,58499,36483,27316,26935,48824,38461
2025-08-03T01:00:00Z,139292,80204,103309,52794,59088,26993,26666,73284,63086
2025-08-03T02:00:00Z,139544,94680,97748,61831,44864,29399,29084,61453,50336
2025-08-03T03:00:00Z,129184,99989,85737,65088,29195,29952,29654,47335,35532
2025-08-03T04:00:00Z,136700,101599,90098,63336,35101,30972,30675,51540,39350
2025-08-03T05:00:00Z,135532,102016,92208,66272,33516,33662,33355,50410,37464
2025-08-03T06:00:00Z,144652,106270,99996,69252,38382,36744,36390,61043,46675
2025-08-03T07:00:00Z,144100,111442,97680,72137,32658,38432,38137,52934,38167
2025-08-03T08:00:00Z,144132,113193,95335,72077,30939,40421,40131,57051,41678
2025-08-03T09:00:00Z,145207,112573,97073,71525,32634,40891,40588,57669,42070
2025-08-03T10:00:00Z,148744,116935,97108,72464,31809,41545,41241,58498,43016
2025-08-03T11:00:00Z,145912,114359,97892,73893,31553,41542,41182,55566,40014
2025-08-03T12:00:00Z,158202,105129,112592,67053,53073,41255,40937,83413,67592
2025-08-03T13:00:00Z,157544,112422,108904,71233,45122,44645,44323,76380,59616
2025-08-03T14:00:00Z,154617,124649,102111,79632,29968,48489,48172,63529,45729
2025-08-03T15:00:00Z,155992,123752,97573,73452,32240,47566,47276,64539,46876
2025-08-03T16:00:00Z,157231,126206,103200,80441,31025,48817,48464,65845,48065
2025-08-03T17:00:00Z,150256,120584,97929,76826,29672,46600,46320,61245,44182
2025-08-03T18:00:00Z,149816,113580,102115,74093,36236,43879,43536,67686,52171
2025-08-03T19:00:00Z,144663,112291,96779,71976,32372,40870,40516,55219,40652
2025-08-03T20:00:00Z,143427,109428,97409,71564,33999,38193,37851,55989,42590
2025-08-03T21:00:00Z,139898,104301,95459,68292,35597,34487,34190,52035,39674
2025-08-03T22:00:00Z,133703,98660,90448,64646,35043,31318,31023,47788,36488
2025-08-03T23:00:00Z,132611,97583,93039,66731,35028,31925,31629,46603,36051
2025-08-04T00:00:00Z,137389,95912,86795,63681,41477,32092,31684,53638,40299
2025-08-04T01:00:00Z,155949,95584,105923,61007,60365,35840,35467,79449,64272
2025-08-04T02:00:00Z,150495,103082,95419,64146,47413,38726,38361,68919,52187
2025-08-04T03:00:00Z,139110,104346,82182,65196,34764,38842,38442,55929,38404
2025-08-04T04:00:00Z,145941,109223,87200,66206,36718,38887,38504,59349,41793
2025-08-04T05:00:00Z,149690,113141,88104,67829,36549,42475,42107,60398,41770
2025-08-04T06:00:00Z,157785,119573,91781,68100,38212,47945,47549,69474,48185
2025-08-04T07:00:00Z,158453,125200,90198,70877,33253,51449,51016,65901,43623
2025-08-04T08:00:00Z,162161,130024,91245,73619,32137,54275,53798,69414,45895
2025-08-04T09:00:00Z,158329,126250,91193,72838,32079,53679,53212,69100,46130
2025-08-04T10:00:00Z,159975,124125,93320,73058,35850,52160,51691,68748,46747
2025-08-04T11:00:00Z,157197,123349,91644,71852,33848,51290,50851,66014,43827
2025-08-04T12:00:00Z,165165,113638,102845,66098,51527,51412,50890,87942,65184
2025-08-04T15:00:00Z,168809,131577,96833,76338,37232,58735,58156,77167,52100
2025-08-04T16:00:00Z,163324,128487,94619,75657,34837,56520,55961,74117,50151
2025-08-04T17:00:00Z,159521,123931,92717,73332,35590,53212,52679,69959,47403
2025-08-04T18:00:00Z,158651,117247,96068,69766,41404,49380,48901,75084,54041
2025-08-04T19:00:00Z,161195,120195,94947,70505,41000,48127,47671,65319,45410
2025-08-04T20:00:00Z,155814,113661,92490,67871,42153,44520,44040,64372,45624
2025-08-04T21:00:00Z,150190,106727,90676,64780,43463,40671,40213,60414,43292
2025-08-04T22:00:00Z,142168,101151,86541,61628,41017,37046,36602,55361,39724
2025-08-04T23:00:00Z,140125,100655,87592,63689,39470,36116,35713,52727,38399
2025-08-05T00:00:00Z,144534,100600,88732,62401,43934,37083,36616,62204,46232
2025-08-05T01:00:00Z,156091,94660,103114,58359,61431,38014,37608,81452,64834
2025-08-05T02:00:00Z,150139,102970,93287,62665,47169,40527,40138,69969,51787
2025-08-05T03:00:00Z,145531,110770,84117,67384,34761,41455,41063,58085,38598
2025-08-05T04:00:00Z,147749,106087,88708,63753,41662,39533,39135,62382,44329
2025-08-05T05:00:00Z,154007,111334,88348,65404,42673,43816,43397,62045,42269
2025-08-05T06:00:00Z,161022,120245,93209,68820,40777,49513,49079,72237,49554
2025-08-05T07:00:00Z,154907,122172,88063,69380,32735,52474,52014,66345,43595
2025-08-05T08:00:00Z,161813,131076,90445,72981,30737,55622,55150,70321,46665
2025-08-05T09:00:00Z,161296,127901,90333,70724,33395,54868,54413,70699,47517
2025-08-05T10:00:00Z,159314,124994,92453,72014,34320,53134,52664,69540,47503
2025-08-05T11:00:00Z,162181,128466,94100,73685,33715,53474,53006,68368,45945
2025-08-05T12:00:00Z,168639,117975,103995,66984,50664,53542,53067,88458,66019
2025-08-05T13:00:00Z,165385,121918,97960,68904,43467,56628,56106,84090,60002
2025-08-05T14:00:00Z,165156,134684,93250,76457,30472,61389,60903,75626,50032
2025-08-05T15:00:00Z,161543,127701,97776,76506,33842,57950,57518,75171,50975
2025-08-05T16:00:00Z,161323,127618,93832,74134,33705,56358,55901,73260,49564
2025-08-05T17:00:00Z,165110,131098,95471,76864,34012,55656,55197,70628,48135
2025-08-05T18:00:00Z,158599,120708,94452,71283,37891,51132,50620,73533,52441
2025-08-05T19:00:00Z,155651,120133,91948,70694,35518,48583,48102,63722,44631
2025-08-05T20:00:00Z,155485,117054,93114,70030,38431,45333,44859,63322,45280
2025-08-05T21:00:00Z,150932,109982,91306,66153,40950,41234,40715,59493,42631
2025-08-05T22:00:00Z,143974,106028,88659,64293,37946,37782,37316,54158,39331
2025-08-05T23:00:00Z,143195,106232,91322,66518,36963,36770,36398,52009,38378
2025-08-06T00:00:00Z,145127,104079,90192,64314,41048,36718,36277,60623,45301
2025-08-06T01:00:00Z,154869,99470,102463,60554,55399,37592,37188,78197,62194
2025-08-06T02:00:00Z,150349,106814,93825,64217,43535,40227,39844,68750,51224
2025-08-06T03:00:00Z,146458,116950,87049,70273,29508,41615,41220,57591,39898
2025-08-06T04:00:00Z,147926,113785,90059,67383,34141,40527,40141,61212,44113
2025-08-06T05:00:00Z,151569,118067,91214,70470,33502,44174,43805,60749,41861
2025-08-06T06:00:00Z,155053,119954,92693,68780,35099,50051,49626,71128,49763
2025-08-06T07:00:00Z,153302,123497,89154,69600,29805,52301,51888,65480,43687
2025-08-06T08:00:00Z,158968,129659,88588,70955,29309,55578,55076,70200,45808
2025-08-06T09:00:00Z,159414,126480,91165,71164,32934,55448,54955,70313,47319
2025-08-06T10:00:00Z,155991,123668,90150,69852,32323,52646,52113,68428,46902
2025-08-06T11:00:00Z,157298,125788,93805,73389,31510,53280,52858,66309,45301
2025-08-06T12:00:00Z,166655,116690,107096,68287,49965,53323,52798,89537,68291
2025-08-06T13:00:00Z,166349,124535,102390,71842,41814,57528,56977,84664,61685
2025-08-06T14:00:00Z,166284,137357,95751,78501,28927,62305,61818,75479,51235
2025-08-06T15:00:00Z,166403,135111,97092,76695,31292,59560,58991,75483,51993
2025-08-06T16:00:00Z,161840,130640,95018,75896,31200,57073,56548,72529,49985
2025-08-06T17:00:00Z,161865,127808,95766,76276,34057,53564,53091,69777,46768
2025-08-06T18:00:00Z,158417,118845,95957,71662,39572,51342,50878,75243,53003
2025-08-06T19:00:00Z,155163,119575,95057,72712,35588,48345,47827,62402,43712
2025-08-06T20:00:00Z,159041,118608,96068,72068,40433,45276,44779,65893,45773
2025-08-06T21:00:00Z,154600,102979,88863,63268,51621,39098,38597,66865,40846
2025-08-06T22:00:00Z,149910,99401,85760,61422,50509,36118,35708,62615,37866
2025-08-06T23:00:00Z,149512,98657,86153,62196,50855,35129,34763,60242,36521
2025-08-07T00:00:00Z,150164,101707,91873,64008,48457,35787,35341,63375,45994
2025-08-07T01:00:00Z,151126,95091,103084,59466,56035,37400,37001,79138,63791
2025-08-07T02:00:00Z,150862,109919,96671,66851,40943,41255,40877,69870,52761
2025-08-07T03:00:00Z,145792,116068,89299,71631,29724,42422,42037,58263,40531
2025-08-07T04:00:00Z,148771,113131,92652,68957,35640,40397,40005,60743,43910
2025-08-07T05:00:00Z,148148,114900,90487,68825,33248,44223,43837,60895,42165
2025-08-07T06:00:00Z,152883,118553,92911,68561,34330,49416,49006,69866,49058
2025-08-07T07:00:00Z,161653,128144,95722,73080,33509,53767,53337,66935,45107
2025-08-07T08:00:00Z,160361,127891,91925,72221,32470,54747,54286,69533,46724
2025-08-07T09:00:00Z,157779,124317,91629,70673,33462,54285,53746,69740,47115
2025-08-07T10:00:00Z,157050,125091,93560,72973,31959,52195,51710,68394,47200
2025-08-07T11:00:00Z,160061,121708,96120,73275,38353,51209,50669,67117,46101
2025-08-07T12:00:00Z,165474,116942,104805,67541,48532,52184,51671,87233,66048
2025-08-07T13:00:00Z,167512,125208,100686,70300,42304,55724,55205,82940,60759
2025-08-07T14:00:00Z,160359,132247,91489,74650,28112,58314,57814,71261,48344
2025-08-07T15:00:00Z,162389,131055,92796,73202,31334,56036,55532,71552,49018
2025-08-07T16:00:00Z,164816,130101,93734,73955,34715,53424,52932,70779,47871
2025-08-07T17:00:00Z,161339,125279,93259,71733,36060,51674,51206,66884,46074
2025-08-07T18:00:00Z,162326,122600,97919,71201,39726,50184,49717,73005,53434
2025-08-07T19:00:00Z,151909,117568,90554,67806,34341,46287,45854,60176,42508
2025-08-07T20:00:00Z,156378,118712,92705,69316,37666,43927,43335,61413,44454
2025-08-07T21:00:00Z,155170,111824,91204,65352,43346,40433,39968,58896,42733
2025-08-07T22:00:00Z,145116,109371,87538,65547,35745,36244,35830,52445,38511
2025-08-07T23:00:00Z,143102,107760,85631,63709,35342,36222,35860,50520,37405
2025-08-08T00:00:00Z,143363,102782,87625,62500,40581,35919,35466,60019,45505
2025-08-08T01:00:00Z,156162,96484,103797,58055,59678,36796,36406,80509,65467
2025-08-08T02:00:00Z,148089,103158,95371,62717,44931,38770,38381,67679,52124
2025-08-08T03:00:00Z,146123,112331,90561,68782,33792,39444,39057,57078,40484
2025-08-08T04:00:00Z,148396,110140,90489,64764,38256,38339,37936,58872,42941
2025-08-08T05:00:00Z,150826,115900,90917,67822,34926,42112,41717,58718,41090
2025-08-08T06:00:00Z,158393,122736,93673,69037,35657,47803,47367,70384,49956
2025-08-08T07:00:00Z,155426,125907,88756,69498,29519,49609,49170,62310,42241
2025-08-08T08:00:00Z,158385,128976,87224,70162,29409,51594,51141,65990,44740
2025-08-08T09:00:00Z,157540,127386,88456,69629,30154,51310,50905,65695,44720
2025-08-08T10:00:00Z,153990,123500,87681,68409,30490,48689,48238,63729,44111
2025-08-08T11:00:00Z,161765,128568,94435,72902,33197,49250,48817,63121,43760
2025-08-08T12:00:00Z,166124,115546,105757,66084,50578,47856,47398,84766,65027
2025-08-08T13:00:00Z,163713,118850,102793,69912,44863,52358,51874,80894,59817
2025-08-08T14:00:00Z,160994,129002,96614,76807,31992,55564,55028,69445,47834
2025-08-08T15:00:00Z,161269,129150,97203,76150,32119,54011,53512,70658,49356
2025-08-08T16:00:00Z,162569,127734,98297,76679,34835,52041,51491,69478,48616
2025-08-08T17:00:00Z,160376,122898,96008,73446,37478,49455,48928,67092,46791
2025-08-08T18:00:00Z,155922,118539,97697,71076,37383,47486,47030,70466,52630
2025-08-08T19:00:00Z,155634,122198,96508,73770,33436,45054,44591,59027,41902
2025-08-08T20:00:00Z,150052,111132,92814,67888,38920,41164,40721,59851,43742
2025-08-08T21:00:00Z,153066,105397,93929,64042,47669,36923,36510,57148,42089
2025-08-08T22:00:00Z,146996,104537,90925,64056,42459,34213,33845,51400,38024
2025-08-08T23:00:00Z,142144,100012,88934,62612,42132,32684,32235,47748,35554
2025-08-09T00:00:00Z,145164,94241,93219,59710,50923,30224,29735,60246,47665
2025-08-09T01:00:00Z,152627,85316,107733,54204,67311,29509,29092,79278,67248
2025-08-09T02:00:00Z,139330,95996,94291,60385,43334,29762,29411,58318,46169
2025-08-09T03:00:00Z,140617,106268,93230,68473,34349,30275,29928,50459,37829
2025-08-09T04:00:00Z,146597,108067,96180,67710,38530,31566,31211,50781,37957
2025-08-09T05:00:00Z,142845,105775,92917,65120,37070,32572,32233,49328,36138
2025-08-09T06:00:00Z,146699,108134,97847,66725,38565,35716,35402,61202,46950
2025-08-09T07:00:00Z,145980,113726,95339,70603,32254,37290,36945,51902,37189
2025-08-09T08:00:00Z,143450,109786,92113,68025,33664,37448,37095,54800,39621
2025-08-09T09:00:00Z,148003,112281,95531,69164,35722,38697,38365,55997,40619
2025-08-09T10:00:00Z,149136,114309,98493,71987,34827,39106,38795,56347,41241
2025-08-09T11:00:00Z,150858,115660,100616,73097,35198,39109,38830,53036,38504
2025-08-09T12:00:00Z,160711,103141,112219,63082,57570,37353,37044,80549,65882
2025-08-09T13:00:00Z,157660,111913,104139,66857,45747,41119,40803,70675,54678
2025-08-09T14:00:00Z,154291,123881,98465,76009,30410,45589,45284,60844,42891
2025-08-09T15:00:00Z,156166,122583,100707,75368,33583,45729,45409,63566,46030
2025-08-09T16:00:00Z,152135,120538,98377,75444,31597,44887,44573,61592,45120
2025-08-09T17:00:00Z,153900,123727,98710,76471,30173,43954,43641,59504,42273
2025-08-09T18:00:00Z,152626,117161,100925,72434,35465,41522,41225,65681,50092
2025-08-09T19:00:00Z,149741,117392,97706,72733,32349,37871,37548,51973,38235
2025-08-09T20:00:00Z,146937,109062,96773,68964,37875,35132,34783,53032,40157
2025-08-09T21:00:00Z,147572,105614,99602,68129,41958,32728,32438,50121,38079
2025-08-09T22:00:00Z,137334,100300,93920,65738,37034,29766,29490,45496,34647
2025-08-09T23:00:00Z,131854,96947,92598,65871,34907,29520,29221,43544,33482
2025-08-10T00:00:00Z,132430,95161,89353,64083,37269,27650,27260,50966,40088
2025-08-10T01:00:00Z,143308,85134,105970,57432,58174,27385,27045,73933,63609
2025-08-10T02:00:00Z,140894,99271,101357,68090,41623,28976,28652,60404,49401
2025-08-10T03:00:00Z,132914,105324,90016,70996,27590,29516,29207,46280,34660
2025-08-10T04:00:00Z,143165,108322,94226,68473,34843,30638,30320,50447,38392
2025-08-10T05:00:00Z,146918,111150,99375,72476,35768,32600,32256,49518,36898
2025-08-10T06:00:00Z,149291,110030,102427,70888,39261,35252,34950,58483,44934
2025-08-10T07:00:00Z,147101,113259,99807,73310,33842,36960,36670,51076,36803
2025-08-10T08:00:00Z,145863,111383,95856,70356,34480,38305,37993,54930,39922
2025-08-10T09:00:00Z,151605,116589,98186,72749,35016,39689,39366,58305,41227
2025-08-10T10:00:00Z,148868,117481,98160,74223,31387,40528,40230,57417,42040
2025-08-10T11:00:00Z,148547,118583,98032,75107,29964,40498,40220,53727,38816
2025-08-10T12:00:00Z,165447,103000,119526,65936,62447,39009,38684,84110,69114
2025-08-10T13:00:00Z,161365,105987,112275,66098,55378,41628,41310,75779,59586
2025-08-10T14:00:00Z,159586,115009,105085,71372,44577,44557,44205,65444,47893
2025-08-10T15:00:00Z,161221,122394,102473,73186,38827,44470,44137,63875,46761
2025-08-10T16:00:00Z,160452,127823,101072,77324,32629,45205,44886,62497,45395
2025-08-10T17:00:00Z,161418,126336,104952,79707,35082,44705,44406,59721,43362
2025-08-10T18:00:00Z,160833,122874,101013,71862,37959,40440,40128,63803,49128
2025-08-10T19:00:00Z,152962,122084,94699,71063,30878,37826,37534,50996,37316
2025-08-10T20:00:00Z,147379,112683,97814,71746,34696,37004,36689,53651,40437
2025-08-10T21:00:00Z,143055,107912,96488,70085,35143,34052,33751,50483,37870
2025-08-10T22:00:00Z,139914,105032,95150,69537,34882,31804,31522,47761,36359
2025-08-10T23:00:00Z,140322,107275,95505,70821,33047,31972,31699,45922,35294
2025-08-11T00:00:00Z,144690,99383,87997,63144,45307,31665,31266,56472,42415
2025-08-11T01:00:00Z,158192,93754,103786,58312,64438,33861,33492,78950,62911
2025-08-11T02:00:00Z,151141,100624,92024,59707,50517,36927,36568,67510,50249
2025-08-11T03:00:00Z,148838,108540,87869,66050,40298,37585,37129,56563,39213
2025-08-11T04:00:00Z,152961,108602,89255,64229,44359,37404,37008,58668,41324
2025-08-11T05:00:00Z,154079,113148,89309,66585,40931,41458,41082,59521,40404
2025-08-11T06:00:00Z,157939,116170,89959,66364,41769,46649,46212,69372,47742
2025-08-11T07:00:00Z,158380,123113,89754,70369,35267,49447,49019,64275,41904
2025-08-11T08:00:00Z,165334,132166,92513,75172,33168,53377,52878,68919,45570
2025-08-11T09:00:00Z,164356,129161,91496,71888,35195,53876,53364,70158,46495
2025-08-11T10:00:00Z,164080,127163,91745,71247,36917,51512,50968,69423,46302
2025-08-11T11:00:00Z,163128,124676,91827,70096,38452,51638,51040,67089,44248
2025-08-11T12:00:00Z,168585,113231,101858,63066,55354,50095,49537,87086,64125
2025-08-11T13:00:00Z,169026,113492,91002,62045,55534,52137,51468,84445,55699
2025-08-11T14:00:00Z,167804,122106,85475,67511,45698,55355,54850,75766,46166
2025-08-11T15:00:00Z,166595,120681,88962,68805,45914,54054,53444,76781,48136
2025-08-11T16:00:00Z,162428,121783,88467,69666,40645,53189,52590,73334,47676
2025-08-11T17:00:00Z,162221,119648,90234,70385,42573,51145,50662,71583,46524
2025-08-11T18:00:00Z,164727,114179,92479,66974,50548,48289,47756,77137,52636
2025-08-11T19:00:00Z,160568,116086,93086,70535,44482,46791,46334,66850,44658
2025-08-11T20:00:00Z,157561,109801,92110,66857,47760,43952,43448,66764,45273
2025-08-11T21:00:00Z,156838,105847,94027,66215,50991,39408,38885,62460,43152
2025-08-11T22:00:00Z,150592,100588,89900,62876,50004,35676,35176,57537,39821
2025-08-11T23:00:00Z,148969,100615,90973,63066,48354,36364,35989,56268,39078
2025-08-12T00:00:00Z,152287,98356,91675,61827,53931,36309,35824,68173,49688
2025-08-12T01:00:00Z,156433,94314,100540,57264,62119,37094,36662,82624,64113
2025-08-12T02:00:00Z,152027,107344,89433,64951,44683,40684,40236,66293,46379
2025-08-12T03:00:00Z,153364,110570,89120,67369,42794,40402,39994,63123,42440
2025-08-12T04:00:00Z,152076,109645,90347,66952,42431,39851,39449,61073,41552
2025-08-12T05:00:00Z,156480,113741,90543,68057,42739,42528,42134,62379,40638
2025-08-12T06:00:00Z,156644,114303,91019,66836,42341,47099,46662,71873,47755
2025-08-12T07:00:00Z,162181,124209,91424,70741,37972,50757,50326,67509,43192
2025-08-12T08:00:00Z,165937,128293,90804,71094,37644,53073,52597,71027,45938
2025-08-12T09:00:00Z,165757,125776,92630,70918,39981,53624,53049,72080,47017
2025-08-12T10:00:00Z,163089,122665,92755,70837,40424,51582,51094,71277,47337
2025-08-12T11:00:00Z,163822,125159,93383,72281,38663,51992,51494,68950,44970
2025-08-12T12:00:00Z,168943,117343,103372,66813,51600,51593,51051,89406,65460
2025-08-12T13:00:00Z,168972,123492,99351,69151,45480,55685,55138,85156,60052
2025-08-12T14:00:00Z,164003,130770,92982,75164,33233,58495,57962,74938,49404
2025-08-12T15:00:00Z,168789,131644,96979,76213,37145,57292,56785,76251,50653
2025-08-12T16:00:00Z,162611,127322,92629,73135,35289,55325,54850,74236,49013
2025-08-12T17:00:00Z,161868,123750,91520,71465,38118,52217,51744,69767,45980
2025-08-12T18:00:00Z,161547,118113,96735,70181,43434,50279,49737,75778,53661
2025-08-12T19:00:00Z,161696,120929,95854,71819,40767,48244,47740,65298,44404
2025-08-12T20:00:00Z,157886,116986,92960,69672,40900,44610,44100,63051,43951
2025-08-12T21:00:00Z,151076,108545,89488,65257,42531,40257,39782,59524,41456
2025-08-12T22:00:00Z,148687,105446,88979,65184,43241,37623,37188,56252,39576
2025-08-12T23:00:00Z,147196,106298,91187,67124,40898,38446,38030,55495,40041
2025-08-13T00:00:00Z,148904,104043,91785,64704,44861,37748,37277,64872,48789
2025-08-13T01:00:00Z,158795,98203,107524,61346,60592,37909,37496,83826,67337
2025-08-13T02:00:00Z,150566,108192,92659,66496,42374,39478,39081,64283,46373
2025-08-13T03:00:00Z,150786,110602,91210,68200,40184,39148,38736,60648,41872
2025-08-13T04:00:00Z,151385,110155,94305,68120,41230,38833,38439,59958,42289
2025-08-13T05:00:00Z,153238,113825,91995,68275,39413,41987,41597,59210,40896
2025-08-13T06:00:00Z,157547,120234,93640,68746,37313,48038,47619,70333,49227
2025-08-13T07:00:00Z,159145,126142,92173,71772,33003,52006,51550,66027,44011
2025-08-13T08:00:00Z,162826,130251,92818,74374,32575,54507,53948,69286,46785
2025-08-13T09:00:00Z,165601,131261,94708,74217,34340,55029,54503,70837,47715
2025-08-13T10:00:00Z,160802,127367,95128,74558,33435,51918,51458,68283,46714
2025-08-13T11:00:00Z,158383,123704,93428,71250,34679,51192,50740,65003,44401
2025-08-13T12:00:00Z,168955,119246,106202,67723,49709,52904,52404,88915,67484
2025-08-13T13:00:00Z,165818,122072,101841,69813,43746,56267,55749,82832,60605
2025-08-13T14:00:00Z,167303,133338,97403,76262,33965,59896,59365,74147,50694
2025-08-13T15:00:00Z,162154,125688,95209,71332,36466,56042,55554,73350,50537
2025-08-13T16:00:00Z,165995,130132,99302,75728,35863,54970,54483,72990,51263
2025-08-13T17:00:00Z,164781,128689,99946,76277,36092,54877,54411,71004,50350
2025-08-13T18:00:00Z,160248,122437,99583,73752,37811,52455,51920,75024,55422
2025-08-13T19:00:00Z,155562,121557,94500,72016,34005,49816,49385,63961,45575
2025-08-13T20:00:00Z,156301,118109,94995,70444,38192,45584,45071,63010,45540
2025-08-13T21:00:00Z,151665,109297,93826,66911,42368,41298,40822,58848,42739
2025-08-13T22:00:00Z,150012,107055,92538,66076,42957,38434,37997,57164,40885
2025-08-13T23:00:00Z,147542,106209,95023,67848,41333,37416,37038,53639,39614
2025-08-14T00:00:00Z,147483,100927,92447,63076,46556,36012,35550,63829,47830
2025-08-14T01:00:00Z,154130,96685,105024,60423,57445,39025,38612,82887,67033
2025-08-14T02:00:00Z,146869,107665,91711,66216,39204,41533,41143,65898,48652
2025-08-14T03:00:00Z,139334,106027,84903,65011,33307,39411,39004,58799,41089
2025-08-14T04:00:00Z,131900,99113,82345,61281,32787,39108,38701,56036,40094
2025-08-14T05:00:00Z,142939,108726,87833,65932,34213,42382,42020,58436,40824
2025-08-14T06:00:00Z,153749,115892,93444,68081,37857,47955,47531,70549,49988
2025-08-14T07:00:00Z,157075,123033,92576,71320,34042,51703,51264,65465,44009
2025-08-14T08:00:00Z,158541,125308,91105,71747,33233,53997,53517,69399,47220
2025-08-14T09:00:00Z,160915,124994,92848,71283,35921,52798,52304,68928,46455
2025-08-14T10:00:00Z,162499,124798,96002,73211,37701,51016,50545,69517,48150
2025-08-14T11:00:00Z,161980,125602,94975,72693,36378,52226,51750,67266,46204
2025-08-14T12:00:00Z,165370,114555,103883,65493,50815,51134,50614,88300,67000
2025-08-14T13:00:00Z,162415,120113,98464,69057,42302,54472,53945,80835,58849
2025-08-14T14:00:00Z,162136,130021,93510,75480,32115,58572,58079,73296,49468
2025-08-14T15:00:00Z,161887,126997,93954,73055,34890,56352,55890,73342,50377
2025-08-14T16:00:00Z,163485,127136,94997,73066,36349,53848,53323,70934,49225
2025-08-14T17:00:00Z,158834,123465,92910,71899,35369,50747,50228,66289,45477
2025-08-14T18:00:00Z,161506,120150,98773,71801,41356,49966,49498,73472,54107
2025-08-14T19:00:00Z,157564,120358,96334,72058,37206,47078,46638,61790,43795
2025-08-14T20:00:00Z,153830,114733,94863,70441,39097,44309,43810,62147,45149
2025-08-14T21:00:00Z,152407,111389,94851,68119,41018,41536,41032,59912,44055
2025-08-14T22:00:00Z,146297,106532,90343,65432,39765,38549,38136,57010,41448
2025-08-14T23:00:00Z,141272,105256,90493,65730,36016,36409,36042,52718,38746
2025-08-15T00:00:00Z,144051,97673,92497,61573,46378,35743,35283,64175,48763
2025-08-15T01:00:00Z,156114,87653,111046,55343,68461,36173,35791,80877,65589
2025-08-15T02:00:00Z,152493,92646,102823,57479,59847,36250,35882,64466,48873
2025-08-15T03:00:00Z,148340,99140,96948,61263,49200,35508,35132,55491,39243
2025-08-15T04:00:00Z,146359,104399,94156,65631,41960,37160,36793,57152,42349
2025-08-15T05:00:00Z,144098,102405,92368,63786,41693,37793,37420,55126,39941
2025-08-15T06:00:00Z,151305,110372,96256,66977,40933,42759,42302,65910,47828
2025-08-15T07:00:00Z,152378,115191,94930,69467,37187,46281,45888,61262,42125
2025-08-15T08:00:00Z,151847,116504,92033,69381,35343,48583,48144,64912,45325
2025-08-15T09:00:00Z,160663,121346,93742,68314,39317,47667,47217,65083,45366
2025-08-15T10:00:00Z,157576,118767,94646,69258,38809,46375,45928,64627,45712
2025-08-15T11:00:00Z,151428,116227,92988,68621,35201,45823,45422,59986,42035
2025-08-15T12:00:00Z,168873,113847,110924,66992,55026,46644,46213,86217,67192
2025-08-15T13:00:00Z,167186,120773,103842,68196,46413,49402,48977,77814,57716
2025-08-15T14:00:00Z,165948,131344,98475,75973,34604,55221,54690,70439,48772
2025-08-15T15:00:00Z,160405,123485,99671,74783,36920,53747,53215,70360,49919
2025-08-15T16:00:00Z,160205,124367,98714,75226,35838,51539,51026,68730,48089
2025-08-15T17:00:00Z,156156,121911,97749,75389,34245,49446,48982,63911,45087
2025-08-15T18:00:00Z,161013,120055,102949,73721,40958,48638,48148,72414,54375
2025-08-15T19:00:00Z,155103,117330,100309,73265,37773,44606,44203,59254,42801
2025-08-15T20:00:00Z,153517,113684,98060,70367,39833,41477,41036,59155,43685
2025-08-15T21:00:00Z,147362,105431,94707,65499,41931,38577,38136,55139,41050
2025-08-15T22:00:00Z,143892,103210,93072,64122,40682,34941,34589,51610,38759
2025-08-15T23:00:00Z,139087,97130,94209,63374,41957,32572,32237,48301,36487
2025-08-16T00:00:00Z,139486,90722,94137,60029,48764,31411,30999,62477,50355
2025-08-16T01:00:00Z,149790,81516,110524,54828,68274,30758,30409,82208,70571
2025-08-16T02:00:00Z,129901,90709,86943,60246,39192,30320,29947,54895,42479
2025-08-16T03:00:00Z,139225,99843,94249,64831,39382,32921,32558,54950,41915
2025-08-16T04:00:00Z,136938,98601,93912,65412,38337,33861,33539,51804,39475
2025-08-16T05:00:00Z,142146,101722,97945,68188,40424,32895,32591,50066,36859
2025-08-16T06:00:00Z,143367,102061,98743,66050,41306,36948,36625,61240,46889
2025-08-16T07:00:00Z,145813,109244,98968,70314,36569,39870,39554,54616,39851
2025-08-16T08:00:00Z,147477,108266,97590,68794,39211,39664,39325,57848,42253
2025-08-16T09:00:00Z,149643,109402,100583,70602,40241,40966,40630,58807,43086
2025-08-16T10:00:00Z,149374,111858,100938,72523,37516,41554,41193,59049,43572
2025-08-16T11:00:00Z,146431,111708,100499,72814,34723,40391,40117,54581,39666
2025-08-16T12:00:00Z,163004,102834,118447,66225,60170,40466,40135,85588,69575
2025-08-16T13:00:00Z,163754,113321,114986,73562,50433,43906,43582,75302,58601
2025-08-16T14:00:00Z,150204,116760,98816,74586,33444,47165,46853,62804,44671
2025-08-16T15:00:00Z,154124,119401,102702,75264,34723,46791,46486,64363,46344
2025-08-16T16:00:00Z,155344,119337,102812,76105,36007,45760,45431,63309,46182
2025-08-16T17:00:00Z,154901,118332,103244,76944,36569,45081,44766,59844,43741
2025-08-16T18:00:00Z,154611,111554,106605,72715,43057,42693,42349,68093,52303
2025-08-16T19:00:00Z,147900,111482,100851,72105,36418,40674,40385,55432,40595
2025-08-16T20:00:00Z,146021,107375,101895,71390,38646,37527,37230,54580,41895
2025-08-16T21:00:00Z,142238,102041,99412,67392,40197,33236,32917,50014,38008
2025-08-16T22:00:00Z,137713,99244,97248,66921,38469,31615,31322,48141,37223
2025-08-16T23:00:00Z,134290,96969,97572,67313,37321,31810,31538,47590,37646
2025-08-17T00:00:00Z,131317,90329,89088,60500,40988,28010,27636,54724,43943
2025-08-17T01:00:00Z,143225,80021,108164,54547,63204,28299,27968,77939,67117
2025-08-17T02:00:00Z,142070,94340,98578,61643,47730,30737,30413,64497,53178
2025-08-17T03:00:00Z,136425,99060,89818,63575,37365,29385,29104,49248,37227
2025-08-17T04:00:00Z,141713,101220,93729,63864,40493,30904,30599,49986,38094
2025-08-17T05:00:00Z,139957,101650,92846,63531,38307,33010,32721,49129,36854
2025-08-17T06:00:00Z,146582,105339,98698,65676,41243,35343,35053,59396,45888
2025-08-17T07:00:00Z,146678,111576,96208,68518,35102,38347,38039,52520,37892
2025-08-17T08:00:00Z,149289,114678,96305,69766,34611,41073,40763,57705,42412
2025-08-17T09:00:00Z,148935,112474,97631,69629,36461,40426,40140,57250,41834
2025-08-17T10:00:00Z,150065,114867,99384,71893,35198,40612,40298,57750,42601
2025-08-17T11:00:00Z,150462,115925,102024,74707,34537,42317,42005,56642,41113
2025-08-17T12:00:00Z,162539,102469,118417,65980,60070,41919,41613,86406,70670
2025-08-17T13:00:00Z,158589,110258,112053,71425,48331,44238,43940,74835,58246
2025-08-17T14:00:00Z,156119,121707,102802,76806,34412,48001,47688,63120,45097
2025-08-17T15:00:00Z,157948,122574,104216,77469,35374,48656,48342,65850,47849
2025-08-17T16:00:00Z,155283,121695,102916,78347,33588,47929,47606,65113,47184
2025-08-17T17:00:00Z,154339,120825,103071,79137,33514,45549,45242,60104,43513
2025-08-17T18:00:00Z,155931,116349,108433,77486,39582,44988,44663,69375,53602
2025-08-17T19:00:00Z,147587,113288,101277,75196,34299,41152,40852,55277,40641
2025-08-17T20:00:00Z,143734,106488,99002,71185,37246,37500,37116,54599,41028
2025-08-17T21:00:00Z,146311,106078,102399,71889,40233,36167,35847,53192,40199
2025-08-17T22:00:00Z,137729,98299,96953,67532,39430,33726,33405,49604,38360
2025-08-17T23:00:00Z,137952,98001,97026,66985,39951,32490,32185,47242,36177
2025-08-18T00:00:00Z,142738,92511,88098,61201,50227,32270,31869,58496,43440
2025-08-18T01:00:00Z,158279,90237,106879,58893,68042,36231,35827,82166,65809
2025-08-18T02:00:00Z,151214,99275,93900,62198,51939,37854,37466,70725,52243
2025-08-18T03:00:00Z,147262,105792,87547,66296,41470,38547,38076,58513,39720
2025-08-18T04:00:00Z,149442,106247,90046,65869,43195,39297,38883,60817,42536
2025-08-18T05:00:00Z,151750,109896,90201,65704,41854,41054,40695,59207,40439
2025-08-18T06:00:00Z,160130,113967,91220,64856,46163,45648,45242,70395,48139
2025-08-18T07:00:00Z,160365,119313,88919,66243,41052,49840,49406,66183,42881
2025-08-18T08:00:00Z,159885,122086,87327,66872,37799,52754,52274,69179,45439
2025-08-18T09:00:00Z,160998,121485,88639,66485,39513,51544,51078,68624,44942
2025-08-18T10:00:00Z,159400,120236,92316,69621,39164,50456,49977,68082,46135
2025-08-18T11:00:00Z,162358,124607,95509,72830,37751,52378,51953,67910,45695
2025-08-18T12:00:00Z,166850,114399,104595,65989,52451,51506,50982,88552,66423
2025-08-18T13:00:00Z,168199,120399,100343,69736,47800,55036,54522,83672,59084
2025-08-18T14:00:00Z,165873,129259,94449,75053,36614,58543,58057,74419,48905
2025-08-18T15:00:00Z,167244,129163,94870,73809,38081,57697,57223,75488,50599
2025-08-18T16:00:00Z,165748,129805,97342,76241,35943,56010,55547,73721,50390
2025-08-18T17:00:00Z,159539,121695,94478,72355,37844,52923,52438,69390,47143
2025-08-18T18:00:00Z,162765,117630,98386,70020,45135,50037,49540,75530,54100
2025-08-18T19:00:00Z,157378,115476,94007,68537,41902,48116,47580,65484,45113
2025-08-18T20:00:00Z,154141,113566,94651,68966,40575,44730,44237,63086,45033
2025-08-18T21:00:00Z,155213,108000,95253,66078,47213,40621,40158,60014,42536
2025-08-18T22:00:00Z,148259,102029,90170,62875,46230,36528,36107,56900,40427
2025-08-18T23:00:00Z,144800,101666,91315,64260,43134,37890,37512,54951,39827
2025-08-19T00:00:00Z,143468,97397,88468,59626,46071,36835,36382,66036,49953
2025-08-19T01:00:00Z,154931,92764,104664,56537,62167,36986,36609,83836,67094
2025-08-19T02:00:00Z,152206,113128,92315,68286,39078,42484,42095,64739,47124
2025-08-19T03:00:00Z,154460,111757,95608,67524,42703,42199,41821,63369,45329
2025-08-19T04:00:00Z,146731,105774,93160,65330,40957,39963,39568,57640,40856
2025-08-19T05:00:00Z,150627,109437,91897,66432,41190,42139,41755,59160,40449
2025-08-19T06:00:00Z,156534,114258,93880,66499,42276,49500,49076,72260,50787
2025-08-19T07:00:00Z,158192,119565,90251,67263,38627,51587,51106,65884,43480
2025-08-19T08:00:00Z,158558,122062,87836,67423,36496,53490,52974,69029,45355
2025-08-19T09:00:00Z,164625,125305,93209,70591,39320,54525,54048,70825,47242
2025-08-19T10:00:00Z,158453,120399,93265,70048,38054,53330,52866,70792,48588
2025-08-19T11:00:00Z,159860,123381,96504,72589,36479,53355,52893,67232,46012
2025-08-19T12:00:00Z,164133,113055,106236,65980,51078,51309,50824,86883,65712
2025-08-19T13:00:00Z,167871,124854,105349,73516,43017,56832,56348,81709,58755
2025-08-19T14:00:00Z,168773,134040,100872,78353,34733,59213,58742,75115,51023
2025-08-19T15:00:00Z,167319,130572,100390,76596,36747,56990,56507,74552,51269
2025-08-19T16:00:00Z,162065,126212,97228,74734,35853,55454,54980,72865,50159
2025-08-19T17:00:00Z,163387,124534,98705,74762,38853,54217,53736,70361,48421
2025-08-19T18:00:00Z,167612,122539,104366,73833,45073,53004,52515,77747,56715
2025-08-19T19:00:00Z,159285,118332,98776,71640,40953,49106,48622,65358,46163
2025-08-19T20:00:00Z,155858,116284,95605,69714,39574,45779,45312,63429,45218
2025-08-19T21:00:00Z,150981,109227,94719,67270,41754,43259,42802,60737,44007
2025-08-19T22:00:00Z,150769,105030,95418,65367,45739,38866,38389,56492,41204
2025-08-19T23:00:00Z,149588,104253,97117,66288,45335,37490,37102,54461,39803
2025-08-20T00:00:00Z,149706,102005,96980,64607,47701,39163,38702,70255,54662
2025-08-20T01:00:00Z,158039,94641,109939,59116,63398,39712,39294,86570,70645
2025-08-20T02:00:00Z,146477,109401,90778,67405,37076,42530,42158,64097,46401
2025-08-20T03:00:00Z,148964,106938,95180,66075,42026,40778,40384,61506,44351
2025-08-20T04:00:00Z,152326,107682,95667,67997,44644,42034,41673,59222,42757
2025-08-20T05:00:00Z,154057,102191,88554,62815,51866,41943,41587,57370,39923
2025-08-20T06:00:00Z,158055,111543,97271,64922,46512,47538,47139,68966,48566
2025-08-20T07:00:00Z,159792,116587,98891,67092,43205,51395,50954,64155,43237
2025-08-20T08:00:00Z,163403,127753,96850,72909,35650,56101,55644,71217,48495
2025-08-20T09:00:00Z,163653,124750,98193,71453,38903,55447,54966,70580,48188
2025-08-20T10:00:00Z,163743,124312,99326,73007,39431,53550,53069,69978,48695
2025-08-20T11:00:00Z,160629,123503,98024,72751,37126,53737,53271,67627,46430
2025-08-20T12:00:00Z,167035,113690,107620,66036,53345,52943,52448,88711,67573
2025-08-20T13:00:00Z,162379,118707,100134,67400,43672,56336,55864,80923,58119
2025-08-20T14:00:00Z,165884,126332,94115,72921,39552,59549,59033,76182,48432
2025-08-20T15:00:00Z,168872,131328,100691,75162,37544,58644,58136,74937,50824
2025-08-20T16:00:00Z,159223,123061,97115,72763,36162,54779,54281,70120,48523
2025-08-20T17:00:00Z,164001,126272,101219,75671,37729,54944,54446,69435,48365
2025-08-20T18:00:00Z,162303,119329,102444,72607,42974,51956,51425,74508,54750
2025-08-20T19:00:00Z,156630,117737,97528,71339,38893,48570,48074,62814,44127
2025-08-20T20:00:00Z,156958,115449,97924,70260,41509,45564,45123,62111,45045
2025-08-20T21:00:00Z,152187,109480,96737,67688,42707,42721,42206,59222,43643
2025-08-20T22:00:00Z,146186,102306,94246,64803,43880,38548,38151,55291,40657
2025-08-20T23:00:00Z,148497,104262,97287,67063,44235,38147,37767,54652,40385
2025-08-21T00:00:00Z,147336,99408,96242,63102,47928,37552,37102,69024,53996
2025-08-21T01:00:00Z,159868,95350,112917,60861,64518,39504,39105,88930,72830
2025-08-21T02:00:00Z,146164,110164,91183,68948,36000,41558,41180,61486,44306
2025-08-21T03:00:00Z,147931,105669,93342,64438,42262,39729,39337,60270,43405
2025-08-21T04:00:00Z,147766,106735,96092,67599,41031,41097,40721,58163,42038
2025-08-21T05:00:00Z,149928,107015,95549,66334,42913,43272,42870,59605,41572
2025-08-21T06:00:00Z,157864,116773,98193,69342,41091,49688,49285,71754,50348
2025-08-21T07:00:00Z,156804,118670,92943,66924,38134,51234,50800,64889,43843
2025-08-21T08:00:00Z,164278,127483,96427,72863,36795,55463,54978,70676,48073
2025-08-21T09:00:00Z,162772,125451,96116,71668,37321,55156,54695,69673,47466
2025-08-21T10:00:00Z,156787,120742,95467,70997,36045,52062,51586,67199,46631
2025-08-21T11:00:00Z,162942,127114,98429,74958,35828,53770,53286,67321,45672
2025-08-21T12:00:00Z,160719,111068,103875,65382,49651,51879,51375,86768,66111
2025-08-21T13:00:00Z,162608,120315,99860,68904,42293,56693,56140,80724,58496
2025-08-21T14:00:00Z,167864,132948,96558,75966,34916,60395,59862,74222,49817
2025-08-21T15:00:00Z,165082,121177,90076,68570,43905,55706,55176,76588,48239
2025-08-21T16:00:00Z,165363,119248,88680,69768,46115,55227,54661,79725,48240
2025-08-21T17:00:00Z,164401,114745,92497,68378,49656,52073,51625,75580,45064
2025-08-21T18:00:00Z,164344,108071,95083,64582,56273,48710,48176,80287,51133
2025-08-21T19:00:00Z,162069,107763,91764,63949,54306,45263,44748,70418,41741
2025-08-21T20:00:00Z,162665,103485,90764,62251,59180,43063,42534,71813,42398
2025-08-21T21:00:00Z,160799,92855,87212,57256,67944,38473,38036,70746,39541
2025-08-21T22:00:00Z,154808,81835,78964,51473,72973,32939,32558,68388,34202
2025-08-21T23:00:00Z,153858,89629,83869,56824,64229,34313,33946,65109,36626
2025-08-22T00:00:00Z,149847,86509,83384,54733,63338,34676,34229,74900,48149
2025-08-22T01:00:00Z,165484,80834,96886,50533,84650,35876,35491,96155,64678
2025-08-22T02:00:00Z,153896,93154,76941,57025,60742,37389,36984,70471,39927
2025-08-22T03:00:00Z,150142,98599,87154,59477,51543,37647,37256,62992,41656
2025-08-22T04:00:00Z,148509,106674,95169,66378,41835,40372,39969,59108,42005
2025-08-22T05:00:00Z,152617,112557,98144,69747,40060,44685,44299,61181,43700
2025-08-22T06:00:00Z,157100,113659,98798,67342,43441,47961,47561,70551,50841
2025-08-22T07:00:00Z,156266,119015,94520,68019,37251,49769,49350,63475,42886
2025-08-22T08:00:00Z,157734,121769,94337,70267,35965,53065,52601,68591,47236
2025-08-22T09:00:00Z,164789,126692,96587,70261,38097,53651,53223,69559,47900
2025-08-22T10:00:00Z,157818,118529,97416,70484,39289,50703,50226,67163,47165
2025-08-22T11:00:00Z,163938,125955,97698,71332,37983,49237,48804,63596,43824
2025-08-22T12:00:00Z,166640,113300,108627,65793,53340,50131,49687,87931,68215
2025-08-22T13:00:00Z,166568,122661,104125,70203,43907,53450,53034,80473,59370
2025-08-22T14:00:00Z,161146,127957,97444,75550,33189,56670,56204,71029,49019
2025-08-22T15:00:00Z,163802,127000,100396,74969,36802,55515,54975,72038,50350
2025-08-22T16:00:00Z,161615,125644,100000,76570,35971,54534,53991,71407,50656
2025-08-22T17:00:00Z,160366,121981,99366,74914,38385,52137,51645,68182,47948
2025-08-22T18:00:00Z,157534,113559,99916,69619,43975,49081,48529,72787,54302
2025-08-22T19:00:00Z,156590,114426,98296,70322,42164,45132,44664,61622,43813
2025-08-22T20:00:00Z,154462,112855,98524,70054,41607,43416,42977,61730,45558
2025-08-22T21:00:00Z,148446,104725,95550,64912,43721,39904,39500,58839,43311
2025-08-22T22:00:00Z,146892,100222,94706,63577,46670,35664,35276,54738,40134
2025-08-22T23:00:00Z,144293,96897,96084,63495,47396,33172,32817,51041,38116
2025-08-23T00:00:00Z,142760,92329,97221,60556,50431,32745,32319,66737,54081
2025-08-23T01:00:00Z,147839,79531,109160,52601,68308,30539,30175,82721,71184
2025-08-23T02:00:00Z,133212,95335,86961,62140,37877,32035,31708,54966,41522
2025-08-23T03:00:00Z,142972,99271,96045,61832,43701,32042,31713,54854,41202
2025-08-23T04:00:00Z,142116,100188,98195,65444,41928,35551,35222,53914,40517
2025-08-23T05:00:00Z,138333,97312,92982,61658,41021,34933,34613,52365,38402
2025-08-23T06:00:00Z,145079,99950,99402,62723,45129,38313,37993,62702,47594
2025-08-23T07:00:00Z,150867,99162,106183,62059,51705,38243,37945,53368,38175
2025-08-23T08:00:00Z,152210,96651,108802,61224,55559,39359,39043,56138,40874
2025-08-23T09:00:00Z,159274,102789,113345,64947,56485,39901,39600,56967,40615
2025-08-23T10:00:00Z,153334,99709,109791,63961,53625,38260,37973,55332,40250
2025-08-23T11:00:00Z,155947,102086,112067,65553,53861,39836,39560,54409,39194
2025-08-23T12:00:00Z,169016,91196,128421,58212,77820,39104,38814,84122,69276
2025-08-23T13:00:00Z,163879,99498,119832,62710,64381,41778,41480,70293,54608
2025-08-23T14:00:00Z,158047,107817,110015,67193,50230,44974,44668,59108,42105
2025-08-23T15:00:00Z,152707,102238,106627,63222,50469,42666,42376,59492,42957
2025-08-23T16:00:00Z,152269,102868,108201,66021,49401,43664,43347,59330,43497
2025-08-23T17:00:00Z,152074,101850,108409,66128,50224,42663,42255,56327,40590
2025-08-23T18:00:00Z,147160,92642,107337,59975,54518,39021,38729,61118,46793
2025-08-23T19:00:00Z,145932,93029,106535,60496,52903,36588,36301,49778,36486
2025-08-23T20:00:00Z,144682,89278,107532,59598,55404,34138,33824,49632,37495
2025-08-23T21:00:00Z,143523,86238,107827,57783,57285,32646,32361,47684,36490
2025-08-23T22:00:00Z,139180,82214,104364,54748,56966,28500,28174,43322,33111
2025-08-23T23:00:00Z,134238,78565,104101,54764,55673,27267,26940,40205,31095
2025-08-24T00:00:00Z,145539,81876,107698,54703,63663,28746,28382,54317,43210
2025-08-24T01:00:00Z,158748,74986,126192,50702,83762,28788,28446,75196,64911
2025-08-24T02:00:00Z,146828,81590,110962,54625,65238,29077,28771,55227,43906
2025-08-24T03:00:00Z,144240,83346,105827,53623,60894,27969,27671,46962,35060
2025-08-24T04:00:00Z,146713,83232,110727,55163,63481,30626,30341,47842,36359
2025-08-24T05:00:00Z,151531,88027,114580,58757,63504,32201,31922,47780,35695
2025-08-24T06:00:00Z,156135,92423,114088,57916,63712,34855,34574,57098,44015
2025-08-24T07:00:00Z,157672,95307,114782,59325,62365,36287,35987,49940,35852
2025-08-24T08:00:00Z,159037,94869,117310,60425,64168,37837,37545,53448,39355
2025-08-24T09:00:00Z,159601,96178,116370,60358,63423,38208,37914,53780,39165
2025-08-24T10:00:00Z,160807,97476,118862,62801,63331,39172,38849,55532,40915
2025-08-24T11:00:00Z,160075,99143,118245,63653,60932,39023,38755,52376,37766
2025-08-24T12:00:00Z,172807,90074,132799,57324,82733,38968,38674,80968,66006
2025-08-24T13:00:00Z,158609,105990,111598,66501,52619,44819,44483,71180,54253
2025-08-24T14:00:00Z,154358,119616,101583,75437,34742,49577,49174,64618,46558
2025-08-24T15:00:00Z,154319,118045,102835,74657,36274,48694,48373,65471,47897
2025-08-24T16:00:00Z,156576,120441,101856,75340,36135,48027,47702,65576,47330
2025-08-24T17:00:00Z,155459,120691,100939,75592,34768,47614,47302,62766,45313
2025-08-24T18:00:00Z,155885,114575,105228,72888,41310,45827,45498,70717,54439
2025-08-24T19:00:00Z,150979,115288,99194,71597,35691,42269,41949,56709,41645
2025-08-24T20:00:00Z,149787,110690,99205,69709,39097,39918,39593,57213,43033
2025-08-24T21:00:00Z,143243,102863,95871,64943,40380,35612,35294,53465,39876
2025-08-24T22:00:00Z,135377,94557,93393,62597,40820,33569,33263,50435,38367
2025-08-24T23:00:00Z,139186,98926,98136,66760,40260,36199,35924,51430,40216
2025-08-25T00:00:00Z,143147,90531,89097,58343,52616,34749,34320,64749,49766
2025-08-25T01:00:00Z,156598,86384,106275,54714,70214,35292,34944,84239,68085
2025-08-25T02:00:00Z,147605,99238,89013,60400,48367,39770,39384,67586,49538
2025-08-25T03:00:00Z,148038,104720,89228,63764,43318,41243,40772,62287,43908
2025-08-25T04:00:00Z,148015,104112,90796,63737,43903,40715,40247,60482,42559
2025-08-25T05:00:00Z,150890,107055,92143,65090,43835,42286,41890,60663,41540
2025-08-25T06:00:00Z,158145,112490,94868,66185,45655,48864,48413,73303,51727
2025-08-25T07:00:00Z,156363,119319,90236,67472,37044,51566,51149,66601,44330
2025-08-25T08:00:00Z,158355,122750,90182,68997,35605,53989,53545,70579,47410
2025-08-25T09:00:00Z,156804,119759,89886,67091,37045,52891,52441,70218,46740
2025-08-25T10:00:00Z,156449,116203,91813,67398,40246,51539,51092,70734,48188
2025-08-25T11:00:00Z,165172,125382,97937,73055,39790,54339,53893,69828,47367
2025-08-25T12:00:00Z,168796,115072,108067,67708,53724,52984,52499,91081,68626
2025-08-25T13:00:00Z,165255,119116,101836,69931,46139,55691,55191,83922,60649
2025-08-25T14:00:00Z,163439,126829,93810,73177,36610,59297,58746,75178,49956
2025-08-25T15:00:00Z,164164,124889,95496,72841,39275,57565,57061,76032,50970
2025-08-25T16:00:00Z,162468,122517,94320,72396,39951,56215,55717,74129,50527
2025-08-25T17:00:00Z,165326,124647,97488,74311,40679,54302,53833,71282,48159
2025-08-25T18:00:00Z,160468,116322,95578,67843,44146,50866,50399,75319,53971
2025-08-25T19:00:00Z,154699,115295,90736,66011,39404,47490,46952,63262,43776
2025-08-25T20:00:00Z,154731,112140,92108,66059,42591,45773,45290,64022,45609
2025-08-25T21:00:00Z,152003,105671,91812,63487,46332,41439,40990,60322,42735
2025-08-25T22:00:00Z,146467,99574,89052,61668,46893,38305,37876,57134,40526
2025-08-25T23:00:00Z,148372,101774,90632,62729,46598,37307,36905,55307,38909
2025-08-26T00:00:00Z,148853,99112,91342,60511,49741,39062,38560,70422,53576
2025-08-26T01:00:00Z,162766,101281,99796,52500,61485,37820,37393,83516,67040
2025-08-26T02:00:00Z,143891,104242,83919,60576,39649,40927,40543,64483,46194
2025-08-26T03:00:00Z,149330,104983,90569,62443,44347,40290,39892,62401,44091
2025-08-26T04:00:00Z,149585,107238,92534,65433,42347,41780,41398,60026,42633
2025-08-26T05:00:00Z,148858,106255,89490,63371,42603,43239,42851,60594,41758
2025-08-26T06:00:00Z,156812,114118,92626,65208,42694,49604,49148,73169,51312
2025-08-26T07:00:00Z,157911,120846,90407,67621,37065,50569,50121,65937,43548
2025-08-26T08:00:00Z,157794,122182,89162,68561,35612,54517,54064,69708,46678
2025-08-26T09:00:00Z,159366,123697,92589,70940,35669,54544,54092,69488,46806
2025-08-26T10:00:00Z,158762,121507,94105,71202,37255,52021,51570,68437,46654
2025-08-26T11:00:00Z,163653,125577,95908,72402,38076,53550,53093,67965,45977
2025-08-26T12:00:00Z,161982,111386,100730,63466,50596,51495,51016,86555,64507
2025-08-26T13:00:00Z,166445,120684,100167,68500,45761,56068,55552,82965,59329
2025-08-26T14:00:00Z,156647,122546,89197,69012,34101,58229,57739,71746,47728
2025-08-26T15:00:00Z,161782,123890,91647,68616,37892,56221,55732,72792,49026
2025-08-26T16:00:00Z,160136,122175,92568,69662,37961,54871,54292,72193,49576
2025-08-26T17:00:00Z,165782,126592,98608,74623,39190,54777,54233,70862,48863
2025-08-26T18:00:00Z,165109,121845,100853,71618,43264,52216,51734,76010,55217
2025-08-26T19:00:00Z,156393,118578,94972,70168,37815,48859,48415,63595,44491
2025-08-26T20:00:00Z,153810,115733,93403,68251,38077,45348,44829,62309,44741
2025-08-26T21:00:00Z,151807,110010,94084,65489,41797,42150,41686,59557,43140
2025-08-26T22:00:00Z,143485,101845,90041,61865,41640,38158,37768,55494,40133
2025-08-26T23:00:00Z,143025,100231,91635,61955,42794,37747,37387,53787,39553
2025-08-27T00:00:00Z,147758,99954,94917,61446,47804,38169,37722,68944,53510
2025-08-27T01:00:00Z,155146,90497,108728,56070,64649,38026,37607,86262,70491
2025-08-27T02:00:00Z,144585,107357,89543,66275,37228,41095,40716,61519,44428
2025-08-27T03:00:00Z,148357,105190,94683,63382,43167,39207,38839,59894,43166
2025-08-27T04:00:00Z,142798,102906,92055,63449,39892,38023,37623,55422,40156
2025-08-27T05:00:00Z,149312,107355,92284,64595,41957,40282,39928,57705,40916
2025-08-27T06:00:00Z,155039,113945,95195,64860,41094,46069,45686,69926,50214
2025-08-27T07:00:00Z,159606,123216,94725,69856,36390,50726,50314,64385,43674
2025-08-27T08:00:00Z,157883,123878,90937,69174,34005,53049,52593,67909,46130
2025-08-27T09:00:00Z,164394,127915,96319,72040,36479,54301,53854,69963,47934
2025-08-27T10:00:00Z,162005,124129,97784,71950,37876,51941,51496,68497,47804
2025-08-27T11:00:00Z,162742,125399,97926,73008,37343,52520,52083,66881,46087
2025-08-27T12:00:00Z,166338,112729,107238,64609,53609,51701,51224,89207,68650
2025-08-27T13:00:00Z,164116,121748,99276,67869,42368,55726,55278,80733,58444
2025-08-27T14:00:00Z,167092,133565,96705,75411,33527,60755,60255,74396,50978
2025-08-27T15:00:00Z,164140,128525,93922,70654,35615,57714,57238,73457,50330
2025-08-27T16:00:00Z,136930,108313,80217,62420,28617,49231,48776,63787,44319
2025-08-27T17:00:00Z,162985,126588,96245,73480,36397,53952,53433,69771,47114
2025-08-27T18:00:00Z,165679,122558,102601,72868,43121,51761,51272,75712,55558
2025-08-27T19:00:00Z,160357,120347,98482,71883,40010,48457,47991,64189,45063
2025-08-27T20:00:00Z,154875,114629,95431,68135,40246,45390,44924,63234,45357
2025-08-27T21:00:00Z,153631,109736,96863,66943,43895,40769,40315,59101,42657
2025-08-27T22:00:00Z,148029,103975,94230,64463,44054,37503,37083,54719,40030
2025-08-27T23:00:00Z,146463,101579,94130,63721,44884,36934,36466,53116,39032
2025-08-28T00:00:00Z,147489,98701,94466,61073,48788,36774,36327,69564,53822
2025-08-28T01:00:00Z,155116,92093,107500,56371,63023,37250,36858,85704,70300
2025-08-28T02:00:00Z,146395,110790,89605,67666,35605,40667,40299,61083,43635
2025-08-28T03:00:00Z,150761,106742,95225,64026,44019,39770,39366,60781,43810
2025-08-28T04:00:00Z,144724,103566,91454,62695,41158,39222,38829,56160,40666
2025-08-28T05:00:00Z,147460,106270,91291,63714,41190,41687,41308,58285,40719
2025-08-28T06:00:00Z,156094,114205,95745,65462,41889,48274,47873,70832,50579
2025-08-28T07:00:00Z,155732,119364,91774,67401,36368,51364,50922,64671,43452
2025-08-28T08:00:00Z,159708,124741,92843,70019,34967,54943,54402,70055,47855
2025-08-28T09:00:00Z,151412,117803,89235,66750,33609,52906,52447,67931,46114
2025-08-28T10:00:00Z,162051,124946,97036,72919,37105,52346,51925,69075,48028
2025-08-28T11:00:00Z,160189,124064,97077,73259,36125,52712,52195,65957,45477
2025-08-28T12:00:00Z,168070,113930,109142,66288,54140,52542,52057,89992,69256
2025-08-28T13:00:00Z,170404,124546,103976,70678,45858,57889,57392,83658,60769
2025-08-28T14:00:00Z,161753,128633,95449,74897,33120,58983,58497,72154,48785
2025-08-28T15:00:00Z,162581,127502,97870,74189,35079,57260,56786,72510,50305
2025-08-28T16:00:00Z,161847,127104,98693,75475,34743,55794,55330,71240,49857
2025-08-28T17:00:00Z,164258,128165,101801,77066,36093,54783,54325,69784,48230
2025-08-28T18:00:00Z,160890,120207,102081,73268,40683,51451,50903,74311,54290
2025-08-28T19:00:00Z,157518,120093,98954,74441,37425,47960,47486,63243,43932
2025-08-28T20:00:00Z,152985,115469,97387,71064,37516,45277,44836,61862,44798
2025-08-28T21:00:00Z,147366,106686,95104,65890,40680,40579,40152,57270,41562
2025-08-28T22:00:00Z,145379,104943,94786,65970,40436,37160,36757,53434,38947
2025-08-28T23:00:00Z,143645,104096,97083,67838,39549,36660,36311,51507,38211
2025-08-29T00:00:00Z,145980,99101,96675,62956,46879,36019,35586,67909,52781
2025-08-29T01:00:00Z,155431,90793,110848,57025,64638,36421,36023,86616,70749
2025-08-29T02:00:00Z,149078,109398,93142,66864,39680,39908,39542,64736,46434
2025-08-29T03:00:00Z,149533,105420,96433,64570,44113,38549,38192,58299,42151
2025-08-29T04:00:00Z,147317,107002,95945,66495,40315,38330,37986,55732,40635
2025-08-29T05:00:00Z,152667,116875,90345,64215,35792,41377,41026,57267,39787
2025-08-29T06:00:00Z,156588,115561,97667,67640,41027,48324,47910,70623,50609
2025-08-29T07:00:00Z,156883,121351,93947,68350,35532,50227,49815,63737,43619
2025-08-29T08:00:00Z,162443,127284,93909,70360,35159,52883,52408,67707,46584
2025-08-29T09:00:00Z,161584,125073,97809,72398,36511,53416,52968,68656,47675
2025-08-29T10:00:00Z,158296,120602,98595,72239,37694,49698,49256,66475,46886
2025-08-29T11:00:00Z,161564,124270,100128,74419,37294,50245,49814,63839,44652
2025-08-29T12:00:00Z,167520,111745,112685,67229,55775,48895,48433,88251,69007
2025-08-29T13:00:00Z,167208,121600,107209,72453,45608,53570,53062,80191,59560
2025-08-29T14:00:00Z,164198,131378,101256,78858,32820,56713,56232,69653,48419
2025-08-29T15:00:00Z,162688,126957,99783,74489,35731,54245,53797,69756,49392
2025-08-29T16:00:00Z,159522,124544,99660,75847,34978,52417,51970,68175,48034
2025-08-29T17:00:00Z,162425,127052,101838,77268,35373,51972,51545,66511,46698
2025-08-29T18:00:00Z,160671,118891,102939,72122,41780,48487,47962,71241,52849
2025-08-29T19:00:00Z,153977,116886,98231,71558,37091,44916,44401,58911,42410
2025-08-29T20:00:00Z,153417,111287,97899,69783,42130,40923,40448,60013,42422
2025-08-29T21:00:00Z,153160,110066,100620,69641,43094,37941,37455,54706,40193
2025-08-29T22:00:00Z,145090,103302,96077,66097,41788,34064,33658,50589,37551
2025-08-29T23:00:00Z,143050,101649,97547,67300,41401,32852,32538,48189,36243
2025-08-30T00:00:00Z,141152,92373,98632,61416,48779,30842,30448,65706,53925
2025-08-30T01:00:00Z,147485,81325,109101,54138,66160,29198,28853,80071,68333
2025-08-30T02:00:00Z,132001,92163,90381,61238,39838,30031,29698,56714,44199
2025-08-30T03:00:00Z,144434,99674,99895,64569,44760,31026,30703,51236,38536
2025-08-30T04:00:00Z,138901,99690,94845,63907,39211,32608,32311,50824,37158
2025-08-30T05:00:00Z,141434,101413,94761,63326,40021,33739,33449,50666,36238
2025-08-30T06:00:00Z,150729,104646,100980,65229,46083,37244,36945,63222,47475
2025-08-30T07:00:00Z,148196,110924,93954,64842,37272,38223,37933,53264,38010
2025-08-30T08:00:00Z,145645,106998,97033,67776,38647,39022,38710,56499,41127
2025-08-30T09:00:00Z,143441,105220,95588,65860,38221,39853,39545,56613,41061
2025-08-30T10:00:00Z,145160,106821,98035,68191,38339,39780,39483,57383,41820
2025-08-30T11:00:00Z,148421,112425,102054,73773,35996,40364,40089,54636,39126
2025-08-30T12:00:00Z,163712,98284,120125,63017,65428,39091,38781,86824,70587
2025-08-30T13:00:00Z,152965,108172,105530,68276,44793,41511,41202,69392,53526
2025-08-30T14:00:00Z,151997,117885,101154,75028,34112,45221,44925,60242,42985
2025-08-30T15:00:00Z,154420,118098,103555,74373,36322,45850,45542,61949,45053
2025-08-30T16:00:00Z,156594,120564,104346,76405,36030,44871,44549,62062,45757
2025-08-30T17:00:00Z,151142,116119,102231,75851,35023,43484,43198,58323,42447
2025-08-30T18:00:00Z,150153,107650,105292,71058,42503,41212,40917,66315,51284
2025-08-30T19:00:00Z,148693,110582,103570,73260,38111,38690,38378,53358,39493
2025-08-30T20:00:00Z,144299,105353,101424,69826,38946,36036,35707,52902,40350
2025-08-30T21:00:00Z,138945,99779,97997,65973,39166,33086,32807,48764,37224
2025-08-30T22:00:00Z,135190,96222,95071,63941,38968,30293,30032,45826,34961
2025-08-30T23:00:00Z,133490,95181,95828,64634,38309,29704,29457,45405,35081
2025-08-31T00:00:00Z,131826,87622,92053,58205,44204,28204,27804,58718,48216
2025-08-31T01:00:00Z,147320,77895,112413,51342,69425,27663,27334,82987,72874
2025-08-31T02:00:00Z,127027,91589,87025,60479,35438,29295,29007,52973,40983
2025-08-31T03:00:00Z,133394,92605,90841,58305,40789,29066,28768,49956,38407
2025-08-31T04:00:00Z,135298,96383,92709,61649,38915,30708,30419,47714,36415
2025-08-31T05:00:00Z,137953,100188,96302,65328,37765,32796,32431,49021,36771
2025-08-31T06:00:00Z,141440,99104,97450,62601,42336,34987,34699,59023,45303
2025-08-31T07:00:00Z,142704,106350,96532,67091,36354,37963,37654,52417,37816
2025-08-31T08:00:00Z,147419,107009,97799,66571,40410,38866,38542,57035,41643
2025-08-31T09:00:00Z,152823,99807,99418,62573,53016,38178,37815,60542,44404
2025-08-31T10:00:00Z,156147,102026,104011,65172,54121,38332,37904,61789,46211
2025-08-31T11:00:00Z,151863,105170,101602,67432,46693,39059,38726,57410,41947
2025-08-31T12:00:00Z,163040,96249,117968,60803,66791,38677,38366,85739,70281
2025-08-31T13:00:00Z,160293,107841,110183,67190,52452,43017,42710,73998,57358
2025-08-31T14:00:00Z,156792,116894,103053,73522,39898,46955,46612,65177,46161
2025-08-31T15:00:00Z,152837,117388,101466,73914,35449,46218,45916,63341,46165
2025-08-31T16:00:00Z,160211,121457,106466,78153,38754,47013,46709,64864,47723
2025-08-31T17:00:00Z,156910,119473,104805,77880,37437,45190,44866,61283,44409
2025-08-31T18:00:00Z,156031,113937,108464,74988,42094,43473,43191,68862,53019
2025-08-31T19:00:00Z,145895,110934,98184,70651,34961,39537,39252,53291,39281
2025-08-31T20:00:00Z,148316,107799,99786,68624,40517,37353,37046,55098,41620
2025-08-31T21:00:00Z,144618,102361,97803,65028,42257,34388,34089,51623,39436
2025-08-31T22:00:00Z,137354,97141,95147,64408,40213,30751,30460,47347,36126
2025-08-31T23:00:00Z,136730,96084,94726,64671,40646,30933,30644,45863,34750
2025-09-01T00:00:00Z,148059,88631,82716,57668,59428,30621,30163,63974,41159
2025-09-01T01:00:00Z,151972,81208,103253,52765,70764,32760,32375,84709,65881
2025-09-01T02:00:00Z,148787,89446,85797,56376,59341,35287,34891,73599,48309
2025-09-01T03:00:00Z,142210,98171,84671,59842,44039,37723,37370,60344,41503
2025-09-01T04:00:00Z,146033,100740,91279,63176,45293,36853,36492,58257,40917
2025-09-01T05:00:00Z,156310,100049,87620,61222,56261,39082,38707,65619,39358
2025-09-01T06:00:00Z,162273,104207,87272,60695,58066,45145,44745,78750,46991
2025-09-01T07:00:00Z,156684,115002,88827,65213,41682,49920,49476,66622,42931
2025-09-01T08:00:00Z,162388,120952,89630,67630,41436,53149,52566,72683,46505
2025-09-01T09:00:00Z,161173,119317,90457,67380,41856,52537,52008,72031,46062
2025-09-01T10:00:00Z,158413,117486,94055,68855,40927,50118,49607,70394,46853
2025-09-01T11:00:00Z,164180,122709,97360,72476,41471,52309,51835,69780,45304
2025-09-01T12:00:00Z,166609,107982,101718,62895,58627,49190,48582,90478,64078
2025-09-01T13:00:00Z,165484,111893,95824,64622,53591,51894,51353,84955,55756
2025-09-01T14:00:00Z,165169,122626,92921,71997,42543,55794,55302,75982,47258
2025-09-01T15:00:00Z,162339,119586,93040,69865,42753,52735,52291,75581,47846
2025-09-01T16:00:00Z,161395,119071,96211,72024,42324,51388,50923,72163,48313
2025-09-01T17:00:00Z,161331,121137,98720,74639,40194,49402,48970,67298,45494
2025-09-01T18:00:00Z,161114,116557,100222,70546,44557,46470,46090,73362,52846
2025-09-01T19:00:00Z,161285,114576,99495,72699,46709,44504,44119,64606,43283
2025-09-01T20:00:00Z,156455,106800,95357,67746,49655,41056,40643,64744,43249
2025-09-01T21:00:00Z,153972,103793,92296,64042,50179,37296,36852,60879,40045
2025-09-01T22:00:00Z,148614,97508,91309,63134,51106,34429,34091,56959,38126
2025-09-01T23:00:00Z,148278,97899,92070,63531,50379,34722,34436,55562,37136
2025-09-02T00:00:00Z,149544,95303,91764,60227,54241,35947,35539,70747,51602
2025-09-02T01:00:00Z,157800,89117,105720,55430,68683,36385,35967,87584,67886
2025-09-02T02:00:00Z,149902,108298,80577,60558,41604,38297,37937,63723,40575
2025-09-02T03:00:00Z,154284,103523,89303,61858,50761,38665,38274,65520,41991
2025-09-02T04:00:00Z,150900,100158,88795,62121,50742,37932,37529,62268,39393
2025-09-02T05:00:00Z,150909,104444,88353,62908,46465,41080,40691,62575,40108
2025-09-02T06:00:00Z,157352,112835,91407,63275,44517,48087,47648,73719,49471
2025-09-02T07:00:00Z,153281,117460,85020,63134,35821,50047,49615,64750,41662
2025-09-02T08:00:00Z,162732,126109,87628,67090,36623,52347,51892,70203,45103
2025-09-02T09:00:00Z,163580,120451,91757,68254,43129,53482,53018,74128,46682
2025-09-02T10:00:00Z,161054,116499,90945,68312,44555,50210,49755,73000,45456
2025-09-02T11:00:00Z,163006,118792,92730,69937,44214,51846,51392,71798,44114
2025-09-02T12:00:00Z,169079,110186,102170,63476,58893,51574,51079,92627,64983
2025-09-02T13:00:00Z,166517,115582,95756,65374,50935,55385,54845,86017,57035
2025-09-02T14:00:00Z,162299,122791,89328,70098,39508,57862,57364,77204,47483
2025-09-02T15:00:00Z,161671,119514,90621,68960,42157,55745,55266,76808,48287
2025-09-02T16:00:00Z,162977,120530,90418,69101,42447,54791,54294,77944,48559
2025-09-02T17:00:00Z,162523,120307,93575,71261,42216,52622,52067,72978,46629
2025-09-02T18:00:00Z,163405,117045,98064,69854,46360,50588,50118,77563,53232
2025-09-02T19:00:00Z,159436,118965,94171,69434,40471,48856,48429,65608,44101
2025-09-02T20:00:00Z,160576,117991,98970,70191,42585,46968,46507,65744,46293
2025-09-02T21:00:00Z,155389,110965,96573,66248,44424,41697,41272,59817,42991
2025-09-02T22:00:00Z,146780,102929,93019,63057,43851,37297,36911,54405,39518
2025-09-02T23:00:00Z,146280,102180,94596,64165,44100,37286,36901,53855,39530
2025-09-03T00:00:00Z,148622,98471,95361,60385,50151,37448,36954,70575,55147
2025-09-03T01:00:00Z,158995,93739,110894,58061,65256,38113,37641,87799,72467
2025-09-03T02:00:00Z,146301,108091,94123,67506,38210,40235,39848,65850,49117
2025-09-03T03:00:00Z,145498,105556,91696,63313,39942,38834,38464,57614,41224
2025-09-03T04:00:00Z,148992,108573,91851,64130,40419,39237,38874,57326,40769
2025-09-03T05:00:00Z,153180,110607,93619,66122,42573,41326,40950,58151,40432
2025-09-03T06:00:00Z,159745,119069,96441,67057,40676,47904,47488,70381,49626
2025-09-03T07:00:00Z,161799,127090,91303,67872,34709,50911,50484,64240,42619
2025-09-03T08:00:00Z,162101,125986,93030,70305,36115,54102,53619,69091,46381
2025-09-03T09:00:00Z,163687,124905,94537,70527,38782,54419,53883,69741,47042
2025-09-03T10:00:00Z,163756,123320,98010,72127,40436,53736,53193,70391,48822
2025-09-03T11:00:00Z,160472,123199,95952,72000,37273,53327,52789,67484,45693
2025-09-03T12:00:00Z,166773,112800,105790,63674,53973,52531,52005,89994,68599
2025-09-03T13:00:00Z,167992,122581,98174,66532,45411,56211,55658,81892,58488
2025-09-03T14:00:00Z,162524,129346,95306,74323,33178,60605,60077,73693,49882
2025-09-03T15:00:00Z,163194,127466,96934,73429,35728,58843,58310,74422,51138
2025-09-03T16:00:00Z,163051,125697,96462,73072,37354,56597,56096,73598,50157
2025-09-03T17:00:00Z,164153,124788,99513,75271,39365,54456,53992,70612,48273
2025-09-03T18:00:00Z,160385,116662,99784,70134,43723,51671,51155,74203,53654
2025-09-03T19:00:00Z,160986,120125,96815,70733,40861,49454,48968,64212,44697
2025-09-03T20:00:00Z,153080,109891,93727,66105,43189,45149,44601,63402,44409
2025-09-03T21:00:00Z,156124,109071,96288,65594,47053,41155,40698,59828,42392
2025-09-03T22:00:00Z,148639,101997,94305,63362,46642,37615,37199,55407,39591
2025-09-03T23:00:00Z,142977,99929,91618,63026,43048,36739,36349,52304,37874
2025-09-04T00:00:00Z,151395,99653,96247,60469,51742,37687,37187,71462,55568
2025-09-04T01:00:00Z,158148,92938,109276,57662,65210,39315,38876,87947,70978
2025-09-04T02:00:00Z,148348,106742,92602,65488,41606,41944,41524,66972,48939
2025-09-04T03:00:00Z,156534,108799,96519,65659,47735,40690,40223,62284,43941
2025-09-04T04:00:00Z,154409,107835,92454,64291,46574,40330,39816,61421,42173
2025-09-04T05:00:00Z,154287,105883,87753,61623,48404,42052,41623,62584,40716
2025-09-04T06:00:00Z,162918,118367,97999,68832,44551,49652,49219,74487,51350
2025-09-04T07:00:00Z,163190,124738,96314,70994,38452,53438,52987,67948,45023
2025-09-04T08:00:00Z,161301,123310,93230,69855,37991,54561,54098,70948,47557
2025-09-04T09:00:00Z,168840,127514,97034,71510,41326,54967,54507,72300,48390
2025-09-04T10:00:00Z,160534,118660,94242,69010,41874,51908,51401,70858,47690
2025-09-04T11:00:00Z,166493,120273,98733,70100,46220,51711,51238,68073,44594
2025-09-04T12:00:00Z,167793,104745,106985,59863,63048,49306,48788,86663,63049
2025-09-04T13:00:00Z,162632,110291,98599,62846,52341,53081,52603,77267,52611
2025-09-04T14:00:00Z,169397,123126,99770,70195,46271,57401,56879,73766,48342
2025-09-04T15:00:00Z,165963,115621,96180,64939,50342,53908,53352,73107,47063
2025-09-04T16:00:00Z,165874,116851,102243,68632,49023,52434,51885,69621,47513
2025-09-04T17:00:00Z,166771,113582,106247,67436,53189,49777,49318,66850,44777
2025-09-04T18:00:00Z,166589,109122,109057,63851,57467,47595,47088,69071,49602
2025-09-04T19:00:00Z,166289,108092,109494,64109,58197,45824,45377,59812,41392
2025-09-04T20:00:00Z,164648,106405,108115,63560,58243,43061,42585,60052,42509
2025-09-04T21:00:00Z,158948,98374,106217,59464,60574,38768,38340,55079,39500
2025-09-04T22:00:00Z,152061,92654,105257,57906,59407,35031,34651,51194,37069
2025-09-04T23:00:00Z,156011,91366,110338,57275,64645,34572,34197,48903,35504
2025-09-05T00:00:00Z,157183,83810,112172,52712,73373,33436,33001,62370,48273
2025-09-05T01:00:00Z,165263,80058,124213,49720,85205,33682,33315,76481,62231
2025-09-05T02:00:00Z,157352,88863,109097,54050,68489,35928,35536,55524,39578
2025-09-05T03:00:00Z,161405,88678,114214,53573,72727,34734,34369,53320,37932
2025-09-05T04:00:00Z,156956,86427,113477,54007,70529,33652,33295,49954,35840
2025-09-05T05:00:00Z,162040,90755,114963,54048,71285,36167,35805,51715,36179
2025-09-05T06:00:00Z,169565,97076,119217,57038,72489,41944,41553,62485,44653
2025-09-05T07:00:00Z,169589,103619,115484,59171,65970,45824,45421,57773,38914
2025-09-05T08:00:00Z,166446,103737,110001,59087,62709,46519,46074,60128,40587
2025-09-05T09:00:00Z,168067,105650,112656,60610,62417,47710,47290,61492,41810
2025-09-05T10:00:00Z,173409,107314,118465,62814,66095,46745,46313,61672,43079
2025-09-05T11:00:00Z,168047,114222,110413,67450,53825,48580,48156,61906,42543
2025-09-05T12:00:00Z,167753,107832,112195,64160,59921,48838,48324,87574,67861
2025-09-05T13:00:00Z,162330,117995,102730,69327,44335,52791,52260,77702,56562
2025-09-05T14:00:00Z,162917,128798,96583,74866,34119,56548,56044,70091,48348
2025-09-05T15:00:00Z,163091,125817,97794,73392,37274,54588,54054,71380,49905
2025-09-05T16:00:00Z,163205,126315,97073,72959,36890,52847,52337,69968,49222
2025-09-05T17:00:00Z,156109,117611,94720,69220,38498,49817,49331,65415,45633
2025-09-05T18:00:00Z,160763,114694,101855,68801,46069,47844,47407,72591,53103
2025-09-05T19:00:00Z,153471,113522,96952,69250,39949,45449,44999,59677,42726
2025-09-05T20:00:00Z,148597,107326,94649,66450,41271,42329,41888,59014,43181
2025-09-05T21:00:00Z,150308,106263,94300,64759,44045,38244,37807,55430,40374
2025-09-05T22:00:00Z,146889,102399,94640,65168,44490,34840,34450,52505,38607
2025-09-05T23:00:00Z,136809,94482,90695,61807,42327,32450,32128,47757,35704
2025-09-06T00:00:00Z,139298,89772,95491,58658,49526,30536,30113,65504,53733
2025-09-06T01:00:00Z,148977,82072,110173,54717,66905,29717,29359,81490,69964
2025-09-06T02:00:00Z,133937,91954,88787,60037,41983,30731,30384,55941,43142
2025-09-06T03:00:00Z,140937,94342,98195,60606,46595,31005,30696,51389,38699
2025-09-06T04:00:00Z,140001,95356,97284,62402,44645,32614,32293,50789,37999
2025-09-06T05:00:00Z,144235,100585,99301,65569,43650,34269,33960,51834,37905
2025-09-06T06:00:00Z,149398,104338,101611,65447,45060,37233,36917,62224,47021
2025-09-06T07:00:00Z,147321,110793,98085,69107,36528,39710,39406,54632,38856
2025-09-06T08:00:00Z,148204,109781,95967,66945,38423,39944,39613,57256,41383
2025-09-06T09:00:00Z,153273,114462,98845,68794,38811,41760,41450,58880,42671
2025-09-06T10:00:00Z,150658,113885,99410,70643,36773,41325,41029,58667,42693
2025-09-06T11:00:00Z,150990,116605,102374,75106,34385,42822,42542,56540,41304
2025-09-06T12:00:00Z,165294,99115,122262,63843,66179,39435,39130,86213,71112
2025-09-06T13:00:00Z,160515,109509,110791,67671,51006,42729,42446,71067,54444
2025-09-06T14:00:00Z,153669,118472,101114,73388,35197,46771,46468,61830,43886
2025-09-06T15:00:00Z,157988,116786,105951,75044,41202,47609,47285,65440,48027
2025-09-06T16:00:00Z,157662,117742,103642,74256,39920,45895,45549,63548,46596
2025-09-06T17:00:00Z,153018,117539,101138,74472,35479,44067,43761,58714,42291
2025-09-06T18:00:00Z,157725,113242,106849,72510,44483,42885,42563,68991,52249
2025-09-06T19:00:00Z,150465,108485,101374,71213,41980,38848,38543,54785,40562
2025-09-06T20:00:00Z,145917,102925,101301,69120,42992,36160,35827,53956,41091
2025-09-06T21:00:00Z,144823,101663,101233,68136,43160,35829,35520,52634,40669
2025-09-06T22:00:00Z,141073,94388,99080,63508,46685,30185,29898,48110,36652
2025-09-06T23:00:00Z,142581,92131,100989,63745,50450,31726,31440,48758,38004
2025-09-07T00:00:00Z,140408,87613,95825,59429,52795,29144,28726,61158,49824
2025-09-07T01:00:00Z,149218,74827,112411,51325,74391,28025,27687,82558,72194
2025-09-07T02:00:00Z,135052,94556,92965,63313,40496,32623,32318,58773,46873
2025-09-07T03:00:00Z,140166,96152,98450,62962,44014,30185,29866,50611,38613
2025-09-07T04:00:00Z,140168,98555,100672,68325,41613,33496,33197,50320,38966
2025-09-07T05:00:00Z,141619,98234,98861,65406,43385,33598,33275,50772,37785
2025-09-07T06:00:00Z,142551,99942,98991,64147,42609,36683,36371,61554,47694
2025-09-07T07:00:00Z,146348,107740,99197,68285,38608,39761,39398,54026,39561
2025-09-07T08:00:00Z,147539,105913,97456,65163,41626,38683,38395,55734,40690
2025-09-07T09:00:00Z,152770,110387,102965,69297,42383,42109,41794,60213,44490
2025-09-07T10:00:00Z,150184,111182,100128,69110,39002,40776,40503,57616,42710
2025-09-07T11:00:00Z,151326,113060,102558,71810,38266,42371,42091,56769,41759
2025-09-07T12:00:00Z,167132,101385,119393,61784,65747,41332,41013,87085,71611
2025-09-07T13:00:00Z,158077,109413,107886,67929,48664,43934,43618,71839,55181
2025-09-07T15:00:00Z,157877,121941,104375,76239,35936,49381,49068,66292,48558
2025-09-07T16:00:00Z,156959,120704,102877,75358,36255,47480,47160,65198,47389
2025-09-07T17:00:00Z,153785,117890,98513,72065,35895,44799,44423,59637,42781
2025-09-07T18:00:00Z,159964,115761,110274,74654,44203,46003,45659,70376,54404
2025-09-07T19:00:00Z,153220,116478,101475,72338,36742,41458,41159,56987,41456
2025-09-07T20:00:00Z,151115,106619,102421,69284,44496,38142,37824,56685,42493
2025-09-07T21:00:00Z,144172,101274,99129,66874,42898,37549,37250,54491,41982
2025-09-07T22:00:00Z,141190,96794,95726,62777,44396,32768,32495,49952,38084
2025-09-07T23:00:00Z,141744,96269,96887,64077,45475,34837,34563,51484,39834
2025-09-08T00:00:00Z,147123,85759,86832,54764,61364,33006,32574,66282,50151
2025-09-08T01:00:00Z,157536,81730,103367,51789,75806,34995,34618,86817,69705
2025-09-08T02:00:00Z,147854,100040,82440,60925,47814,41311,40954,63844,43994
2025-09-08T03:00:00Z,149915,98760,87284,58809,51155,38184,37778,60900,42103
2025-09-08T04:00:00Z,154890,98395,88443,60634,56495,39101,38631,59947,40809
2025-09-08T05:00:00Z,156131,103945,90327,62428,52186,40795,40396,60572,41000
2025-09-08T06:00:00Z,159727,107017,90237,61925,52710,47701,47251,72450,49547
2025-09-08T07:00:00Z,163427,120208,92261,68375,43219,52034,51578,68027,44477
2025-09-08T08:00:00Z,166089,121530,90004,68430,44559,53348,52847,70965,45450
2025-09-08T09:00:00Z,161512,114858,86353,64981,46654,53247,52768,70803,45806
2025-09-08T10:00:00Z,164653,111795,86650,63420,52858,49993,49510,69971,45755
2025-09-08T11:00:00Z,165005,119047,93155,69119,45958,52539,52052,69558,45848
2025-09-08T12:00:00Z,164874,107786,98241,61956,57088,51984,51455,87623,63750
2025-09-08T13:00:00Z,165671,114949,95411,64446,50722,55338,54796,81929,57144
2025-09-08T14:00:00Z,166645,126912,94151,72691,39733,59841,59314,75926,50451
2025-09-08T15:00:00Z,132019,96606,74565,55978,35413,47981,47529,63848,43034
2025-09-08T16:00:00Z,59235,44922,34296,26076,14313,24088,23816,31153,20895
2025-09-08T17:00:00Z,37196,28542,21834,17134,8654,16527,16220,21770,14665
2025-09-08T18:00:00Z,988,707,645,462,281,623,591,820,598
2025-09-08T19:00:00Z,1089,699,679,489,390,664,637,929,612
2025-09-08T20:00:00Z,1551,1055,1013,773,496,1001,959,1385,921
2025-09-08T21:00:00Z,526,314,308,210,212,308,288,453,285
2025-09-08T22:00:00Z,680,422,399,267,258,389,368,539,348
2025-09-08T23:00:00Z,9979,7396,6338,4692,2583,4867,4764,6275,4521
2025-09-09T00:00:00Z,148878,100241,96545,63110,48637,39932,39481,71556,56264
2025-09-09T01:00:00Z,155951,91634,107838,56013,64317,38821,38370,86880,70665
2025-09-09T02:00:00Z,149590,110513,92376,67191,39077,44974,44558,68430,50623
2025-09-09T03:00:00Z,149560,107441,93930,64552,42119,41302,40901,61959,44573
2025-09-09T04:00:00Z,150471,109706,96232,68235,40765,43016,42614,60837,43799
2025-09-09T05:00:00Z,153251,114100,95229,68417,39151,45637,45261,62759,43578
2025-09-09T06:00:00Z,159968,120046,97598,69311,39922,50443,50021,73593,51565
2025-09-09T07:00:00Z,163133,127347,96811,72497,35786,55363,54922,69096,46642
2025-09-09T08:00:00Z,163043,127128,93814,71455,35915,54634,54151,70435,46862
2025-09-09T09:00:00Z,167840,131311,99019,75088,36529,57521,57057,74473,50796
2025-09-09T10:00:00Z,158030,122166,94338,71045,35864,52263,51821,69260,47653
2025-09-09T11:00:00Z,167315,130624,101375,76777,36691,55242,54778,69870,47909
2025-09-09T12:00:00Z,168890,117784,107911,68943,51106,55756,55274,92161,69208
2025-09-09T13:00:00Z,164052,121889,98197,68632,42163,57863,57360,83419,59409
2025-09-09T14:00:00Z,164254,130895,94520,74491,33359,62102,61585,77169,52013
2025-09-09T15:00:00Z,165856,128694,96609,73844,37162,60038,59520,76563,52016
2025-09-09T16:00:00Z,171001,133061,101632,78113,37940,59126,58590,76589,52833
2025-09-09T17:00:00Z,167335,129519,97178,73700,37816,54566,54106,69839,48411
2025-09-09T18:00:00Z,167049,123453,100683,70985,43596,51678,51132,74267,53729
2025-09-09T19:00:00Z,160086,121157,96447,71458,38929,50668,50209,65329,46011
2025-09-09T20:00:00Z,158629,116653,98146,71524,41976,47060,46601,65232,46364
2025-09-09T21:00:00Z,156939,105287,92141,63765,51652,40999,40497,63880,42959
2025-09-09T22:00:00Z,151895,104991,94043,65377,46904,39983,39527,59099,42373
2025-09-09T23:00:00Z,147127,101393,93162,63872,45734,36678,36327,53682,38652
2025-09-10T00:00:00Z,150367,99000,96383,62564,51367,39094,38657,73501,57268
2025-09-10T01:00:00Z,161554,92038,109484,58056,69516,39020,38605,90475,71770
2025-09-10T02:00:00Z,149616,103367,88512,63891,46249,41879,41491,68470,47134
2025-09-10T03:00:00Z,154750,106056,96543,64182,48694,42046,41626,64986,45815
2025-09-10T04:00:00Z,149310,108519,94612,65546,40791,41583,41204,59056,42156
2025-09-10T05:00:00Z,154779,113069,96054,67586,41710,45762,45370,62649,44280
2025-09-10T06:00:00Z,156802,114604,95200,65446,42198,49787,49339,73045,51244
2025-09-10T07:00:00Z,159313,123994,93380,69431,35319,55080,54615,68301,46038
2025-09-10T08:00:00Z,164001,128047,92265,70243,35954,55496,54996,71546,48493
2025-09-10T09:00:00Z,162362,124940,93801,69974,37422,55627,55154,72730,49412
2025-09-10T10:00:00Z,161627,122903,95549,70287,38724,53739,53261,71337,49151
2025-09-10T11:00:00Z,161699,125709,97680,73478,35990,55220,54740,69188,47729
2025-09-10T12:00:00Z,168994,113349,108687,65116,55645,53082,52604,91688,69898
2025-09-10T13:00:00Z,169588,124618,104742,71897,44970,59713,59215,84807,61408
2025-09-10T14:00:00Z,168867,133444,99360,77381,35423,62390,61828,77496,52599
2025-09-10T15:00:00Z,166286,128508,98683,74496,37778,58888,58393,75699,52049
2025-09-10T16:00:00Z,165018,127691,98775,75093,37327,58964,58498,76005,52912
2025-09-10T17:00:00Z,162815,112255,88449,67006,50560,52219,51740,80329,45546
2025-09-10T18:00:00Z,166212,99294,82822,58207,66918,47481,47039,94423,48142
2025-09-10T19:00:00Z,161656,104728,85964,63708,56928,47031,46599,78727,43045
2025-09-10T20:00:00Z,161449,103771,87438,62765,57678,43426,42939,74778,42922
2025-09-10T21:00:00Z,157097,100286,89720,61844,56811,40552,40077,68567,42768
2025-09-10T22:00:00Z,149618,100324,92121,61780,49294,37708,37279,58414,41673
2025-09-10T23:00:00Z,144085,97503,88289,59977,46582,36149,35788,55340,37975
2025-09-11T00:00:00Z,150628,98519,95724,61818,52109,39513,39036,74110,57067
2025-09-11T01:00:00Z,157065,91077,106417,55369,65988,38141,37723,88033,71309
2025-09-11T02:00:00Z,148710,104579,90544,63764,44131,42142,41760,68064,49980
2025-09-11T03:00:00Z,154469,106589,96957,64985,47880,42296,41892,63976,45522
2025-09-11T04:00:00Z,148923,105924,94211,65227,42999,40278,39891,58651,41071
2025-09-11T05:00:00Z,155356,112221,95591,67504,43135,45516,45130,64600,45056
2025-09-11T06:00:00Z,157989,113874,94028,65395,44115,49402,48975,74647,50824
2025-09-11T07:00:00Z,163707,127171,94797,70938,36536,54736,54289,69877,46206
2025-09-11T08:00:00Z,163124,127584,95218,73136,35540,56369,55880,72821,49536
2025-09-11T09:00:00Z,161863,125965,95295,71637,35898,54688,54211,71325,47842
2025-09-11T10:00:00Z,163824,124858,98389,72752,38966,54649,54176,72371,50532
2025-09-11T11:00:00Z,161699,125933,98147,73892,35766,54082,53624,67625,46544
2025-09-11T12:00:00Z,168173,113454,109467,65679,54719,52782,52324,91060,69652
2025-09-11T13:00:00Z,163655,120745,100620,68819,42910,57614,57049,82552,59851
2025-09-11T14:00:00Z,162044,128139,94138,72473,33905,59973,59447,74284,50022
2025-09-11T15:00:00Z,170079,133366,102862,77597,36713,60280,59723,76193,52738
2025-09-11T16:00:00Z,83286,65409,49757,38346,17877,33693,33307,44311,30991
2025-09-11T17:00:00Z,156414,122297,95546,72247,34117,53463,53014,67240,46969
2025-09-11T18:00:00Z,157966,117406,100360,70654,40560,51845,51405,73905,54116
2025-09-11T19:00:00Z,158969,122126,99623,73369,36843,51158,50710,65330,47046
2025-09-11T20:00:00Z,151470,112116,96700,68585,39354,45866,45403,62215,45347
2025-09-11T21:00:00Z,152674,107970,95337,66273,44704,41533,41127,61258,43076
2025-09-11T22:00:00Z,149990,104151,95570,65687,45839,39054,38654,59022,42140
2025-09-11T23:00:00Z,144610,95909,90396,60280,48701,35781,35437,54869,37746
2025-09-12T00:00:00Z,149371,94383,96995,60133,54988,37149,36708,72549,56033
2025-09-12T01:00:00Z,155659,92961,110147,58444,62698,38995,38622,85901,70587
2025-09-12T02:00:00Z,145579,101633,89610,60951,43946,39805,39413,66814,48304
2025-09-12T03:00:00Z,148724,105213,95118,63315,43511,40980,40609,60332,43903
2025-09-12T04:00:00Z,147535,108068,95972,67670,39467,41147,40782,59453,43264
2025-09-12T05:00:00Z,151561,112447,95959,67569,39114,43819,43443,61222,43009
2025-09-12T06:00:00Z,156042,115850,96732,67748,40192,50296,49885,72749,52615
2025-09-12T07:00:00Z,163240,127927,97508,73331,35313,52834,52418,67460,46063
2025-09-12T08:00:00Z,163099,127918,96465,73320,35181,54470,54024,69756,47691
2025-09-12T09:00:00Z,163287,125986,98682,73248,37301,55460,55018,71408,49053
2025-09-12T10:00:00Z,160859,123277,97767,71270,37582,51612,51187,69333,48481
2025-09-12T11:00:00Z,160799,123761,98243,72457,37038,51722,51295,66183,45753
2025-09-12T12:00:00Z,167782,110915,112448,65821,56867,51433,50948,91247,71420
2025-09-12T13:00:00Z,164962,120848,103826,70356,44114,53914,53464,79328,58319
2025-09-12T14:00:00Z,167986,133899,99810,77814,34087,58880,58427,73297,50363
2025-09-12T15:00:00Z,164744,128264,101017,76197,36480,57133,56673,73858,52035
2025-09-12T16:00:00Z,161861,125806,100121,75760,36055,55133,54597,73024,51372
2025-09-12T17:00:00Z,163023,124891,98654,74537,38132,51826,51361,68600,47045
2025-09-12T18:00:00Z,163514,120089,106052,74887,43425,50038,49577,73613,54803
2025-09-12T19:00:00Z,155920,116766,99921,72858,39154,45975,45435,60875,43648
2025-09-12T20:00:00Z,158415,114316,101885,71456,44099,42677,42182,60386,43920
2025-09-12T21:00:00Z,146847,102411,94434,64366,44436,38648,38250,56496,41491
2025-09-12T22:00:00Z,146398,102670,96616,65518,43728,36138,35736,53827,40461
2025-09-12T23:00:00Z,141682,98407,95774,64635,43275,32981,32587,49748,37530
2025-09-13T00:00:00Z,143363,89541,99110,59266,53822,33284,32787,71193,58924
2025-09-13T01:00:00Z,150907,85093,110980,56687,65814,31581,31143,82577,70553
2025-09-13T02:00:00Z,140111,96546,93097,62817,43565,32307,31956,59651,45399
2025-09-13T03:00:00Z,148355,102325,99210,65307,46030,34929,34601,56455,42747
2025-09-13T04:00:00Z,140974,99682,95775,64013,41292,33609,33291,51408,38045
2025-09-13T05:00:00Z,145544,103129,99244,66170,42415,37215,36916,54793,39964
2025-09-13T06:00:00Z,150073,104305,101852,65802,45768,39807,39489,65211,48509
2025-09-13T07:00:00Z,148546,108536,98783,68555,40010,39643,39330,56643,39796
2025-09-13T08:00:00Z,151675,111742,100334,70983,39933,43160,42839,61905,44456
2025-09-13T09:00:00Z,152252,113044,100967,70891,39208,42453,42147,60419,43658
2025-09-13T10:00:00Z,151985,112636,99940,70486,39349,40727,40397,59395,42935
2025-09-13T11:00:00Z,157251,117179,104313,75665,40072,43716,43404,60060,42711
2025-09-13T12:00:00Z,166580,97281,122074,62574,69299,40481,40145,89658,73106
2025-09-13T13:00:00Z,161352,112782,109826,70311,48570,43525,43195,72374,54877
2025-09-13T14:00:00Z,158883,122615,104388,76717,36268,48611,48205,64606,44868
2025-09-13T15:00:00Z,156424,117192,104704,75745,39232,47896,47574,65794,47159
2025-09-13T16:00:00Z,163366,121326,102839,73959,42040,46402,46087,66565,46848
2025-09-13T17:00:00Z,156341,116238,101706,73991,40103,44650,44356,61336,42618
2025-09-13T18:00:00Z,156928,110053,107611,72592,46875,42727,42387,68406,52321
2025-09-13T19:00:00Z,152127,111664,103167,73417,40463,40814,40491,56174,41698
2025-09-13T20:00:00Z,147764,105443,101719,70048,42321,36896,36550,54536,41164
2025-09-13T21:00:00Z,147475,105038,104460,71371,42437,36414,36104,53910,41960
2025-09-13T22:00:00Z,141181,98400,100527,67745,42781,32520,32201,51066,39793
2025-09-13T23:00:00Z,142491,89285,99135,61726,53206,29407,29116,50104,38985
2025-09-14T00:00:00Z,137682,87261,96336,60045,50421,30686,30268,64169,52686
2025-09-14T01:00:00Z,150447,78275,114676,53998,72172,27416,27055,83092,72489
2025-09-14T02:00:00Z,139917,95052,97547,66168,44865,32190,31870,59518,47500
2025-09-14T03:00:00Z,146059,99168,102186,66411,46891,31243,30923,53248,41012
2025-09-14T04:00:00Z,141827,101860,101456,69284,39967,33439,33141,51053,39079
2025-09-14T05:00:00Z,142629,104040,101765,69875,38589,35593,35345,52218,39514
2025-09-14T06:00:00Z,148944,105292,103656,67644,43652,37575,37296,63210,48753
2025-09-14T07:00:00Z,148288,111527,101113,71955,36761,41643,41353,57231,42571
2025-09-14T08:00:00Z,150938,109530,102439,70557,41408,39726,39417,58541,43123
2025-09-14T09:00:00Z,152380,110291,103775,71062,42089,41734,41435,59938,44324
2025-09-14T10:00:00Z,153675,112943,105881,73633,40732,43623,43309,62555,46521
2025-09-14T11:00:00Z,156314,118637,107855,77840,37677,42503,42221,57935,42240
2025-09-14T12:00:00Z,173115,103074,129619,67892,70041,41178,40866,90358,74284
2025-09-14T13:00:00Z,165066,115851,116012,75465,49215,46592,46294,76355,59472
2025-09-14T14:00:00Z,156234,121287,104755,78419,34947,48777,48468,64216,46133
2025-09-14T15:00:00Z,162676,124740,108906,79656,37936,48589,48284,66678,48705
2025-09-14T16:00:00Z,155003,116247,102663,74504,38756,46671,46320,64544,46940
2025-09-14T17:00:00Z,158460,119368,105985,77505,39092,48090,47768,63886,47005
2025-09-14T18:00:00Z,157549,114122,107345,73399,43427,45713,45417,71138,55006
2025-09-14T19:00:00Z,152374,114391,102090,72773,37983,41460,41174,56232,41400
2025-09-14T20:00:00Z,150148,109849,101713,70859,40299,38984,38650,56721,42637
2025-09-14T21:00:00Z,147132,104672,101885,69605,42460,37707,37306,55236,42279
2025-09-14T22:00:00Z,140510,99836,98295,66699,40674,32850,32553,51120,39518
2025-09-14T23:00:00Z,136001,94908,95237,64125,41093,32981,32710,48024,37135
2025-09-15T00:00:00Z,150965,93138,93500,62091,57827,35017,34597,67358,51601
2025-09-15T01:00:00Z,160096,85866,107180,55330,74230,34704,34320,86649,70269
2025-09-15T02:00:00Z,148619,100981,87578,63234,47638,40399,39974,65826,47038
2025-09-15T03:00:00Z,150113,99694,89733,61308,50419,39207,38759,61633,43318
2025-09-15T04:00:00Z,152953,103593,93042,65403,49360,39652,39239,60767,42886
2025-09-15T05:00:00Z,157066,107275,92475,65052,49791,43530,43095,62827,43246
2025-09-15T06:00:00Z,167277,104105,106261,59728,63172,44829,44411,67818,46875
2025-09-15T07:00:00Z,169701,103391,109387,58208,66310,48107,47580,62674,40944
2025-09-15T08:00:00Z,172787,108028,108032,59801,64759,50367,49926,66003,42620
2025-09-15T09:00:00Z,167561,101419,103634,56036,66142,47543,47073,63533,40746
2025-09-15T10:00:00Z,174661,105507,113676,61556,69154,48658,48204,65268,43516
2025-09-15T11:00:00Z,168820,101312,109165,59919,67508,47707,47292,62174,40574
2025-09-15T12:00:00Z,174933,97106,116757,55610,77827,47944,47418,82705,59514
2025-09-15T13:00:00Z,168399,100382,110318,57500,68017,50383,49878,74044,50594
2025-09-15T14:00:00Z,167728,107566,107012,62953,60162,54150,53629,69228,44765
2025-09-15T15:00:00Z,175991,110779,114028,64853,65212,54146,53648,71082,47245
2025-09-15T16:00:00Z,170233,104412,111145,61810,65821,50894,50417,67902,44853
2025-09-15T17:00:00Z,170038,102692,110657,61116,67346,48635,48172,65216,42516
2025-09-15T18:00:00Z,176264,107061,112917,62685,69203,47637,47150,71143,49225
2025-09-15T19:00:00Z,168096,109138,107657,66391,58958,47709,47242,63550,43538
2025-09-15T20:00:00Z,167505,105944,107545,64587,61561,44593,44140,62951,43880
2025-09-15T21:00:00Z,163455,97529,105629,59396,65926,38839,38422,57423,39967
2025-09-15T22:00:00Z,160963,93912,105801,58092,67051,36754,36348,55490,39265
2025-09-15T23:00:00Z,160162,90367,105728,57483,69795,36283,35853,53233,38105
2025-09-16T00:00:00Z,152289,97499,101670,61464,54790,37448,36986,69793,54662
2025-09-16T01:00:00Z,163813,100019,115437,63562,63794,41594,41173,89428,73616
2025-09-16T02:00:00Z,154446,114264,96604,70790,40182,42678,42290,66251,48062
2025-09-16T03:00:00Z,157927,112302,101602,70648,45625,41957,41585,63153,45123
2025-09-16T04:00:00Z,148297,107011,95899,67831,41286,41189,40794,59229,42493
2025-09-16T05:00:00Z,154828,113793,96812,69206,41035,42952,42566,60505,41922
2025-09-16T06:00:00Z,159662,119462,99661,71332,40200,50355,49940,73136,51731
2025-09-16T07:00:00Z,166113,131053,100159,76577,35060,55430,54982,69605,47321
2025-09-16T08:00:00Z,165020,130657,96227,75250,34363,55844,55373,71408,47795
2025-09-16T09:00:00Z,168832,133697,99460,76203,35135,57443,56975,73176,49468
2025-09-16T10:00:00Z,167529,129890,101470,77089,37639,55376,54910,71928,49979
2025-09-16T11:00:00Z,162726,127235,99645,75900,35491,54526,54051,67909,46518
2025-09-16T12:00:00Z,165534,114106,106541,66427,51428,53340,52833,89237,67064
2025-09-16T13:00:00Z,168211,123717,103726,71072,44494,58475,57996,83884,60603
2025-09-16T14:00:00Z,170422,134909,100827,78583,35513,63126,62621,78452,53390
2025-09-16T15:00:00Z,168737,129995,101048,76857,38742,60496,59914,77047,53206
2025-09-16T16:00:00Z,168909,129656,100490,76336,39253,58548,57997,76414,52391
2025-09-16T17:00:00Z,163262,127215,99161,76161,36047,55827,55355,70266,48793
2025-09-16T18:00:00Z,162411,122935,101850,74321,39476,54030,53472,74889,54657
2025-09-16T19:00:00Z,164345,121856,100399,73850,42489,51117,50640,67494,47622
2025-09-16T20:00:00Z,156953,114219,96643,68722,42734,47210,46640,65873,47392
2025-09-16T21:00:00Z,156655,110858,97660,67105,45797,42572,42119,60256,43874
2025-09-16T22:00:00Z,150259,103661,96846,65142,46598,40282,39876,58991,43903
2025-09-16T23:00:00Z,145864,100794,95846,63876,45070,37855,37503,53728,39871
2025-09-17T00:00:00Z,151522,98625,99005,61871,52897,38937,38445,72946,56785
2025-09-17T01:00:00Z,161081,95828,112511,60957,65253,41144,40722,89477,73014
2025-09-17T02:00:00Z,150282,108578,92907,65737,41704,42899,42524,69079,50465
2025-09-17T03:00:00Z,156487,114384,101028,71421,42103,44400,44008,64467,46646
2025-09-17T04:00:00Z,150743,111055,96992,69221,39688,43358,42960,61075,43549
2025-09-17T05:00:00Z,151240,112403,94487,68272,38837,44777,44390,61514,43494
2025-09-17T06:00:00Z,157634,118191,97178,68993,39443,51552,51137,74096,52929
2025-09-17T07:00:00Z,162617,127015,96546,72024,35602,53667,53225,68321,45637
2025-09-17T08:00:00Z,160465,125090,93619,71044,35375,57318,56836,72291,49211
2025-09-17T09:00:00Z,162390,125897,96626,72254,36493,57053,56584,72487,49310
2025-09-17T10:00:00Z,158881,120792,95909,70740,38089,54792,54276,71323,49131
2025-09-17T11:00:00Z,167455,129982,102048,76972,37473,55832,55329,69439,47965
2025-09-17T12:00:00Z,164468,113731,105939,66353,50737,52508,52032,88019,66720
2025-09-17T13:00:00Z,166248,124404,102445,71353,41844,59564,59066,83606,60398
2025-09-17T14:00:00Z,167489,133982,97386,76279,33507,62835,62314,76420,51087
2025-09-17T15:00:00Z,164002,129715,98270,75875,34287,61103,60602,76503,52715
2025-09-17T16:00:00Z,165408,130118,99467,76871,35290,59777,59264,76150,52479
2025-09-17T17:00:00Z,164514,127320,99079,75148,37194,56119,55575,71143,48827
2025-09-17T18:00:00Z,166606,120202,101802,72150,46404,54362,53849,80328,56591
2025-09-17T19:00:00Z,161046,118720,98278,71555,42326,50060,49629,66837,46097
2025-09-17T22:00:00Z,152167,107838,97504,67356,44329,39488,39066,56857,41514
2025-09-17T23:00:00Z,144294,103787,95500,67149,40507,38820,38430,54382,40984
2025-09-18T00:00:00Z,150214,102010,97995,64667,48204,39104,38575,71821,56412
2025-09-18T01:00:00Z,158628,97273,111490,61923,61355,39065,38627,85876,69683
2025-09-18T02:00:00Z,149157,108924,94222,69176,40233,43718,43302,66984,48884
2025-09-18T03:00:00Z,154092,110484,99697,67923,43608,41867,41460,62056,44915
2025-09-18T04:00:00Z,151554,109491,98688,69077,42063,42141,41759,60602,43726
2025-09-18T05:00:00Z,150515,108078,95364,66614,42437,44878,44497,62314,44074
2025-09-18T06:00:00Z,159436,119070,99135,70157,40366,50251,49844,72997,51249
2025-09-18T07:00:00Z,161871,127554,98215,75002,34317,55948,55522,69039,46686
2025-09-18T08:00:00Z,159022,125030,92222,71177,33992,55457,55027,70517,47698
2025-09-18T09:00:00Z,162828,127034,96707,73390,35794,57343,56871,72682,49583
2025-09-18T10:00:00Z,161704,126125,97984,74586,35579,55597,55123,72394,50142
2025-09-18T11:00:00Z,165336,130956,99752,76499,34380,54031,53509,68436,46502
2025-09-18T12:00:00Z,167846,116102,109270,68188,51744,54597,54113,91830,69696
2025-09-18T13:00:00Z,169319,124340,105077,71779,44979,58471,57961,84359,61208
2025-09-18T14:00:00Z,167820,132749,98340,76031,35071,62199,61665,76939,51996
2025-09-18T15:00:00Z,165181,129465,100288,76281,35716,60597,60097,76064,53044
2025-09-18T16:00:00Z,110055,84860,67339,50696,25195,41560,41167,53047,36256
2025-09-18T17:00:00Z,161881,125898,99242,76247,35983,55953,55472,70826,49514
2025-09-18T18:00:00Z,162784,121882,102468,74242,40902,53425,52948,76722,56365
2025-09-18T19:00:00Z,158704,120784,98367,72794,37920,49250,48791,63721,45240
2025-09-18T20:00:00Z,157199,116479,98598,71332,40720,47868,47356,65473,47838
2025-09-18T21:00:00Z,152028,109633,96529,67585,42395,41705,41260,59359,43450
2025-09-18T22:00:00Z,145984,102367,95075,65253,43617,38595,38178,56114,41244
2025-09-18T23:00:00Z,147319,102803,97228,66321,44516,39002,38628,54592,41149
2025-09-19T00:00:00Z,150420,100473,99827,64888,49947,37416,36971,69750,54508
2025-09-19T01:00:00Z,161999,96002,114340,60776,65997,40336,39933,89728,74073
2025-09-19T02:00:00Z,149074,109499,91266,66711,39575,41668,41250,64456,46643
2025-09-19T03:00:00Z,156023,113169,100042,68459,42854,41528,41149,61679,44773
2025-09-19T04:00:00Z,151599,110979,99161,70435,40620,42328,41936,60286,43779
2025-09-19T05:00:00Z,153811,113399,97605,68958,40412,43316,42951,60983,42985
2025-09-19T06:00:00Z,159416,119751,99893,70949,39665,51251,50844,73724,52895
2025-09-19T07:00:00Z,163199,128044,96984,72531,35155,53899,53475,67403,45635
2025-09-19T08:00:00Z,164768,129166,95481,72336,35602,55824,55362,71639,48850
2025-09-19T09:00:00Z,166853,127772,98172,72395,39081,55780,55322,72249,49458
2025-09-19T10:00:00Z,163020,124147,97555,71209,38873,52266,51789,69926,48210
2025-09-19T11:00:00Z,162100,126093,100552,75453,36007,53328,52878,68170,48081
2025-09-19T12:00:00Z,172419,115447,113720,68050,56972,52326,51846,92630,71452
2025-09-19T13:00:00Z,170190,124220,106456,71613,45970,55601,55131,82939,61133
2025-09-19T14:00:00Z,164571,130409,97250,75555,34162,59877,59381,74474,51200
2025-09-19T15:00:00Z,164650,127366,99359,74160,37284,55463,54964,72561,50430
2025-09-19T16:00:00Z,165711,125576,101646,75504,40135,55294,54814,74095,52175
2025-09-19T17:00:00Z,164221,125037,101536,76356,39184,52469,51953,69075,48123
2025-09-19T18:00:00Z,166537,120314,106525,73779,46223,49212,48729,75190,55580
2025-09-19T19:00:00Z,158375,119550,102604,75234,38825,48062,47640,62924,45413
2025-09-19T20:00:00Z,155958,112249,101438,71423,43709,42841,42349,61881,45362
2025-09-19T21:00:00Z,154612,107924,101306,69386,46688,39619,39208,59142,43905
2025-09-19T22:00:00Z,149007,105445,98708,68780,43562,37305,36869,55563,41443
2025-09-19T23:00:00Z,143988,101861,97520,67250,42127,33288,32888,48430,36197
2025-09-20T00:00:00Z,146011,95513,102390,64285,50498,34299,33870,70427,57971
2025-09-20T01:00:00Z,153240,84009,112151,55877,69231,30580,30208,83175,71294
2025-09-20T02:00:00Z,137176,101033,94391,66905,36143,33312,32968,57908,44742
2025-09-20T03:00:00Z,145055,104145,100566,67132,40910,35200,34907,55229,42041
2025-09-20T04:00:00Z,142144,102339,96817,65234,39805,34497,34176,51978,38298
2025-09-20T05:00:00Z,146737,105915,99511,68001,40822,38581,38267,55961,41339
2025-09-20T06:00:00Z,152386,104112,102177,65480,48274,38602,38304,66458,49907
2025-09-20T07:00:00Z,152037,110707,99802,69283,41330,40818,40522,58339,41458
2025-09-20T08:00:00Z,156322,116053,102415,72762,40269,43259,42942,63518,46530
2025-09-20T09:00:00Z,155022,114067,101645,70747,40955,40490,40205,59838,42831
2025-09-20T10:00:00Z,151863,115597,101871,73239,36266,43093,42793,61116,44986
2025-09-20T11:00:00Z,152934,117243,102967,74958,35691,42459,42177,57806,41829
2025-09-20T12:00:00Z,167774,101684,121914,63803,66090,40778,40460,89639,73171
2025-09-20T13:00:00Z,160291,111983,109433,70036,48308,45322,44968,74656,57510
2025-09-20T14:00:00Z,159666,123757,107611,79485,35909,49164,48861,64820,46395
2025-09-20T15:00:00Z,160488,122086,108375,77617,38402,49101,48805,66605,48716
2025-09-20T16:00:00Z,158959,120944,106577,78024,38015,48780,48471,66931,49165
2025-09-20T17:00:00Z,159469,120042,105719,76858,39427,45362,45056,61168,44555
2025-09-20T18:00:00Z,161951,117095,111947,75952,44856,44682,44370,70877,54924
2025-09-20T19:00:00Z,151624,114084,105292,75268,37540,42438,42140,56780,42168
2025-09-20T20:00:00Z,149455,107928,103314,70661,41527,38338,38002,57103,42849
2025-09-20T21:00:00Z,147497,103060,102486,68406,44437,34808,34488,53226,40676
2025-09-20T22:00:00Z,138644,98080,97967,66273,40564,33233,32951,50375,39051
2025-09-20T23:00:00Z,137110,94708,97145,65471,42402,31075,30808,45907,35680
2025-09-21T00:00:00Z,140536,93226,97922,64213,47310,29902,29520,61968,50146
2025-09-21T01:00:00Z,154617,83727,116460,57343,70890,30425,30081,84777,74111
2025-09-21T02:00:00Z,136553,97964,91829,64702,38589,30546,30236,55176,42176
2025-09-21T03:00:00Z,144902,102902,101077,67422,42000,33022,32712,54610,42400
2025-09-21T04:00:00Z,143428,102933,99825,67740,40495,33292,33006,50585,38232
2025-09-21T05:00:00Z,146677,104555,103181,69336,42122,34919,34661,52795,39429
2025-09-21T06:00:00Z,151687,108849,106649,71022,42838,39742,39440,65094,50330
2025-09-21T07:00:00Z,153105,113904,104265,72312,39201,40494,40201,55702,40102
2025-09-21T08:00:00Z,153812,113923,103654,71982,39889,39889,39597,58182,42028
2025-09-21T09:00:00Z,154999,114682,105519,73263,40317,41983,41679,59381,43360
2025-09-21T10:00:00Z,158096,118312,108522,76299,39784,43150,42860,61992,46017
2025-09-21T11:00:00Z,156575,118957,105537,75487,37618,42291,42020,56735,41044
2025-09-21T12:00:00Z,166763,102352,121040,64154,64411,41073,40703,86499,70660
2025-09-21T13:00:00Z,164073,114991,115016,73857,49082,47246,46927,76327,58884
2025-09-21T14:00:00Z,157000,122337,104580,77881,34663,50448,50141,65277,46883
2025-09-21T15:00:00Z,161934,123503,109467,79333,38431,49641,49326,67148,48638
2025-09-21T16:00:00Z,162166,124379,109282,80629,37787,48880,48559,67422,48805
2025-09-21T17:00:00Z,156019,119332,105661,78278,36687,46541,46218,62776,45122
2025-09-21T18:00:00Z,161545,116769,112492,77302,44776,47197,46878,72206,55708
2025-09-21T19:00:00Z,158143,117638,107937,77288,40505,44029,43736,58749,43303
2025-09-21T20:00:00Z,154844,110833,105076,72476,44011,39481,39121,57821,43127
2025-09-21T21:00:00Z,153125,107515,104992,71235,45610,37250,36845,56910,43380
2025-09-21T22:00:00Z,144698,101150,101235,68407,43548,35529,35220,52422,40355
2025-09-21T23:00:00Z,142258,99368,97937,66842,42890,33374,33082,48177,36841
2025-09-22T00:00:00Z,148039,92424,89889,60696,55615,34867,34434,64766,49343
2025-09-22T01:00:00Z,165614,92523,109300,57747,73091,37077,36666,87636,70792
2025-09-22T02:00:00Z,153778,107826,89368,65775,45952,40824,40368,65327,46266
2025-09-22T03:00:00Z,157210,109748,95221,67693,47462,41644,41227,64632,46486
2025-09-22T04:00:00Z,155876,107752,94886,67416,48124,40252,39889,60030,41691
2025-09-22T05:00:00Z,160454,111477,95272,68113,48977,43607,43249,63855,43477
2025-09-22T06:00:00Z,164773,117213,97544,69763,47560,49882,49457,75505,52193
2025-09-22T07:00:00Z,163929,123994,93000,70161,39935,51963,51554,67395,43676
2025-09-22T08:00:00Z,167189,126303,94332,73296,40886,55201,54721,74145,49055
2025-09-22T09:00:00Z,168047,120760,93021,69527,47287,54501,54030,73432,48070
2025-09-22T10:00:00Z,166377,119267,93853,69746,47110,51513,51048,71514,47527
2025-09-22T11:00:00Z,163828,120901,95645,72511,42927,53327,52830,68993,45721
2025-09-22T12:00:00Z,168015,112340,105002,65982,55675,53410,52901,91058,67608
2025-09-22T13:00:00Z,171149,123479,100133,70095,47670,57669,57132,83550,58570
2025-09-22T14:00:00Z,166197,128042,91731,72646,38155,59742,59192,75214,49128
2025-09-22T15:00:00Z,169770,129535,97364,75945,40235,60072,59556,77647,52562
2025-09-22T16:00:00Z,168827,129030,100293,77688,39797,58397,57891,78040,53830
2025-09-22T17:00:00Z,167231,123072,96834,73177,44159,54866,54421,72416,48938
2025-09-22T18:00:00Z,167398,115738,98317,68929,51660,50723,50243,76816,53804
2025-09-22T19:00:00Z,162716,117742,97841,71366,44974,49414,48943,65708,45484
2025-09-22T20:00:00Z,164000,116255,98345,70707,47745,47655,47118,67811,48085
2025-09-22T21:00:00Z,156452,105266,91602,64105,51186,40935,40490,61149,42896
2025-09-22T22:00:00Z,154061,104019,91930,64320,50042,39072,38646,58066,41492
2025-09-22T23:00:00Z,151792,102852,93658,66656,48940,38787,38400,54792,39548
2025-09-23T00:00:00Z,153076,101686,98489,64677,51390,38222,37768,72072,55928
2025-09-23T01:00:00Z,166768,102329,115842,65613,64439,41740,41336,92483,75869
2025-09-23T02:00:00Z,150571,112919,92924,69609,37652,42793,42429,66180,47808
2025-09-23T03:00:00Z,158605,114744,101325,70375,43861,43214,42862,63611,45807
2025-09-23T04:00:00Z,151900,111046,97571,69669,40854,43113,42749,61139,43963
2025-09-23T05:00:00Z,158759,115272,98252,69681,43487,44975,44596,62833,43605
2025-09-23T06:00:00Z,161493,122011,98422,70997,39482,52345,51945,75204,52958
2025-09-23T07:00:00Z,166519,132010,99440,76943,34509,55748,55312,70476,47785
2025-09-23T08:00:00Z,170531,135408,99164,77468,35123,56859,56388,73693,49835
2025-09-23T09:00:00Z,170018,133865,98291,75648,36153,57370,56891,73976,50045
2025-09-23T10:00:00Z,167358,129302,100162,75846,38056,54835,54367,72858,50527
2025-09-23T11:00:00Z,169004,131945,102092,78094,37059,55491,55044,69771,47587
2025-09-23T12:00:00Z,171453,118012,111306,69413,53441,54709,54242,92523,70273
2025-09-23T13:00:00Z,172891,127639,106530,73960,45252,59399,58917,85906,61188
2025-09-23T14:00:00Z,171146,136383,99473,78024,34763,62534,62040,77223,51523
2025-09-23T15:00:00Z,170954,134938,102239,78895,36016,61156,60696,77051,52782
2025-09-23T16:00:00Z,168950,132884,103111,80815,36066,58786,58290,77139,54179
2025-09-23T17:00:00Z,162841,128384,97891,78224,34457,57466,56926,72007,49645
2025-09-23T18:00:00Z,168638,125238,104812,76800,43400,53584,53069,76880,55597
2025-09-23T19:00:00Z,166258,127628,101728,77507,38630,52227,51763,67025,46746
2025-09-23T20:00:00Z,161044,119637,99523,73839,41407,49051,48566,66106,47633
2025-09-23T21:00:00Z,160015,114058,100143,71066,45957,44035,43578,62314,45383
2025-09-23T22:00:00Z,151107,105216,94817,65840,45891,38847,38446,57845,42311
2025-09-23T23:00:00Z,152671,107048,98787,69490,45623,40196,39823,57150,42573
2025-09-24T00:00:00Z,156267,104204,99681,66100,52063,38821,38367,72845,56297
2025-09-24T01:00:00Z,164078,101871,114949,65346,62207,41510,41120,90343,74166
2025-09-24T02:00:00Z,153463,114036,96653,71401,39427,44214,43824,69324,50108
2025-09-24T03:00:00Z,155624,112527,99501,69675,43097,41964,41588,62680,44575
2025-09-24T04:00:00Z,152318,113284,100124,73166,39034,44017,43661,62797,45288
2025-09-24T05:00:00Z,151368,111876,96273,69988,39492,43754,43393,60614,42598
2025-09-24T06:00:00Z,167229,124634,104972,75749,42595,51662,51282,77838,56117
2025-09-24T07:00:00Z,165819,129637,100530,76641,36182,55227,54801,70668,47935
2025-09-24T08:00:00Z,167162,130906,97129,75275,36256,56274,55820,73611,49435
2025-09-24T09:00:00Z,167812,131340,101029,78066,36472,57879,57403,73505,50568
2025-09-24T10:00:00Z,168113,130287,101350,77404,37826,54702,54241,72290,50073
2025-09-24T11:00:00Z,168189,131319,102277,78318,36870,54468,53999,68759,46903
2025-09-24T12:00:00Z,169526,117641,109889,69912,51885,53464,52985,90181,68316
2025-09-24T13:00:00Z,170587,126968,105877,75035,43619,58859,58367,84335,60841
2025-09-24T14:00:00Z,166644,131005,98582,77522,35639,60490,59940,74804,50530
2025-09-24T15:00:00Z,164694,124138,99740,72147,40556,57015,56506,73289,49673
2025-09-24T16:00:00Z,112718,82789,70221,49327,29929,41368,40945,54466,37489
2025-09-24T17:00:00Z,171019,124755,107988,75113,46264,55313,54886,71082,49251
2025-09-24T18:00:00Z,122204,85049,76746,50410,37155,39718,39319,59191,42671
2025-09-24T19:00:00Z,169563,116263,103681,69835,53300,47994,47533,65198,43755
2025-09-24T20:00:00Z,165069,112767,105498,70053,52302,45924,45430,64822,45721
2025-09-24T21:00:00Z,165801,114547,104498,72048,51254,44329,43793,64543,46004
2025-09-24T22:00:00Z,151618,106933,95876,68707,44685,39226,38778,57189,40763
2025-09-24T23:00:00Z,148880,108723,99298,72069,40157,40307,39866,54898,40922
2025-09-25T00:00:00Z,149070,105602,95472,69063,43468,37922,37503,63202,47413
2025-09-25T01:00:00Z,163290,98443,116645,63836,64847,40832,40390,90465,74674
2025-09-25T02:00:00Z,152415,114992,95960,72477,37423,44151,43712,66920,48762
2025-09-25T03:00:00Z,153208,111867,99664,69229,41341,41514,41134,61806,44662
2025-09-25T04:00:00Z,154851,115254,102703,74783,39597,43251,42876,63132,46436
2025-09-25T05:00:00Z,153456,115189,97024,71071,38267,43619,43250,61405,43130
2025-09-25T06:00:00Z,163259,124772,102974,75723,38487,50625,50208,73838,52583
2025-09-25T07:00:00Z,159989,128587,98751,77327,31402,53523,53074,67166,45532
2025-09-25T08:00:00Z,167719,132952,97978,76202,34767,55921,55439,72122,48709
2025-09-25T09:00:00Z,165068,129560,98585,74989,35508,57222,56761,72139,49419
2025-09-25T10:00:00Z,162444,125893,97826,73537,36551,54245,53763,71270,49904
2025-09-25T11:00:00Z,164347,128786,100135,76201,35561,54068,53600,67486,46115
2025-09-25T12:00:00Z,168542,116972,110059,69845,51570,54312,53832,90710,69023
2025-09-25T13:00:00Z,169578,125577,106909,74563,44001,58436,57936,84983,62082
2025-09-25T14:00:00Z,165769,130183,99748,76687,35586,60644,60105,76579,52267
2025-09-25T15:00:00Z,170362,130763,104304,77452,39599,60008,59429,77738,54198
2025-09-25T16:00:00Z,71213,54766,43097,32555,16447,28783,28420,38193,26496
2025-09-25T17:00:00Z,164689,126735,102229,76999,37954,54573,54115,70605,48846
2025-09-25T18:00:00Z,166096,121450,107156,75216,44646,51803,51249,76419,56111
2025-09-25T19:00:00Z,86370,63742,55640,40244,22628,30796,30425,42089,30628
2025-09-25T20:00:00Z,163276,117003,105983,73420,46273,47592,47079,67642,49986
2025-09-25T21:00:00Z,161420,113539,104686,72061,47881,42223,41754,62201,45701
2025-09-25T22:00:00Z,154909,109867,100716,71256,45042,39582,39150,57617,42509
2025-09-25T23:00:00Z,148767,108106,100652,71895,40661,38975,38502,54576,40947
2025-09-26T00:00:00Z,152685,102084,103191,67431,50601,36866,36402,70630,55885
2025-09-26T01:00:00Z,166511,101890,119789,66655,64621,41069,40646,92016,76518
2025-09-26T02:00:00Z,153877,112120,98977,71922,41757,41293,40879,66725,49234
2025-09-26T03:00:00Z,156912,113097,104408,72529,43815,40864,40486,61434,44803
2025-09-26T04:00:00Z,157368,114562,105493,75404,42806,41916,41555,60574,44635
2025-09-26T05:00:00Z,154374,113444,99072,71517,40930,41653,41288,59170,41679
2025-09-26T06:00:00Z,162011,121410,103386,74719,40601,50209,49802,73282,52669
2025-09-26T07:00:00Z,160783,126659,100189,76303,34124,52231,51814,66292,45252
2025-09-26T08:00:00Z,161769,128298,96603,75501,33471,52571,52111,67921,45990
2025-09-26T09:00:00Z,166980,129906,100977,76298,37074,55750,55319,72318,50119
2025-09-26T10:00:00Z,167343,129741,100569,76172,37602,52735,52251,70399,49428
2025-09-26T11:00:00Z,169780,133601,105958,81293,36179,51793,51367,66954,45651
2025-09-26T12:00:00Z,173739,117429,114209,69738,56310,51838,51378,91978,71346
2025-09-26T13:00:00Z,163724,120520,102865,71265,43204,54462,53987,80481,58673
2025-09-26T14:00:00Z,166011,131067,97866,75800,34944,57479,56964,72487,49234
2025-09-26T15:00:00Z,170164,132080,102957,77753,38084,56240,55700,73296,51046
2025-09-26T16:00:00Z,167748,130670,100659,77135,37078,53897,53412,71821,50049
2025-09-26T17:00:00Z,162229,125665,99374,75812,36564,50699,50287,66111,45964
2025-09-26T18:00:00Z,166174,121680,105327,75052,44494,48555,48090,73432,53686
2025-09-26T19:00:00Z,162632,122049,99819,72907,40583,45131,44712,61459,42836
2025-09-26T20:00:00Z,162486,119074,101352,73079,43412,44361,43915,63966,45958
2025-09-26T21:00:00Z,158732,115401,101305,71630,43331,41091,40682,59592,43770
2025-09-26T22:00:00Z,146719,102488,95583,66268,44231,35108,34700,52481,38423
2025-09-26T23:00:00Z,148170,104214,100560,69920,43956,36534,36142,52659,40035
2025-09-27T00:00:00Z,148666,95973,101680,63280,52693,32496,32060,68842,55764
2025-09-27T01:00:00Z,160243,92520,114270,60200,67723,32483,32079,84512,71772
2025-09-27T02:00:00Z,143493,101800,97862,67754,41693,34375,34016,61343,48123
2025-09-27T03:00:00Z,147825,103748,101330,66644,44077,32105,31780,52951,39630
2025-09-27T04:00:00Z,145551,105298,99669,69397,40253,36353,35996,53974,40758
2025-09-27T05:00:00Z,148869,108054,99824,69423,40815,35700,35380,53099,39147
2025-09-27T06:00:00Z,154874,113142,102546,69367,41732,38073,37726,64032,47961
2025-09-27T07:00:00Z,153149,117773,98975,71861,35376,40352,40029,55990,39889
2025-09-27T08:00:00Z,153664,114848,101230,72312,38816,40082,39756,59022,42536
2025-09-27T09:00:00Z,158451,118458,106122,75917,39993,41291,40977,60420,43103
2025-09-27T10:00:00Z,156857,119101,105420,76333,37756,43335,43055,63610,46601
2025-09-27T11:00:00Z,148854,114720,100899,73960,34134,41045,40772,55587,39866
2025-09-27T12:00:00Z,167494,102766,122385,65858,64728,39322,39013,87266,70789
2025-09-27T13:00:00Z,165160,118369,112057,73793,46791,45193,44887,74359,56371
2025-09-27T14:00:00Z,158635,124404,105404,79969,34231,48438,48131,63909,45528
2025-09-27T15:00:00Z,161203,124067,107412,78955,37136,47000,46701,64577,46610
2025-09-27T16:00:00Z,160000,123394,104539,77609,36606,45840,45500,63744,45904
2025-09-27T17:00:00Z,158336,121866,103352,77499,36470,45515,45212,61007,43848
2025-09-27T18:00:00Z,159918,117618,111094,77706,42300,44085,43724,67896,52720
2025-09-27T19:00:00Z,151517,116867,102286,74760,34650,40148,39849,54759,39644
2025-09-27T20:00:00Z,153765,114292,102490,72463,39473,37476,37151,55862,41844
2025-09-27T21:00:00Z,153495,111809,106504,74804,41686,38506,38187,56136,43342
2025-09-27T22:00:00Z,145525,104669,102223,70060,40856,33029,32737,49056,37896
2025-09-27T23:00:00Z,137777,98907,99803,69404,38870,32126,31864,46239,36413
2025-09-28T00:00:00Z,140900,96633,98303,66793,44267,32988,32586,62435,50883
2025-09-28T01:00:00Z,160125,89458,116985,59050,70667,32072,31696,86827,74242
2025-09-28T02:00:00Z,144227,104791,98039,69383,39436,36344,36003,62342,47890
2025-09-28T03:00:00Z,146860,107820,100709,70481,39040,35680,35341,56824,42226
2025-09-28T04:00:00Z,145492,106114,97496,67690,39378,32488,32196,51275,37350
2025-09-28T05:00:00Z,151751,110512,103231,72190,41239,36584,36305,55113,40196
2025-09-28T06:00:00Z,159526,117655,106096,72285,41871,39817,39515,65837,49110
2025-09-28T07:00:00Z,154640,117988,101974,72832,36652,41298,41002,57206,39431
2025-09-28T08:00:00Z,156997,114935,103327,70608,42062,43042,42713,62205,43908
2025-09-28T09:00:00Z,156926,111857,102690,68224,45069,41026,40710,59455,42057
2025-09-28T10:00:00Z,157378,116726,107439,74425,40652,43457,43153,61531,45306
2025-09-28T11:00:00Z,154136,116090,107233,76063,38046,43661,43358,57488,41384
2025-09-28T12:00:00Z,174023,106664,124593,65635,67359,40741,40409,87549,70275
2025-09-28T13:00:00Z,171017,118940,116997,73830,52077,45161,44854,76013,57138
2025-09-28T14:00:00Z,170956,125745,117200,79606,45211,49368,49074,65642,46627
2025-09-28T15:00:00Z,174732,121469,120729,74268,53263,46787,46495,62999,45352
2025-09-28T16:00:00Z,174793,118978,121037,74619,55815,45315,45002,63164,45473
2025-09-28T17:00:00Z,168132,113460,117357,72187,54672,43786,43494,59194,42358
2025-09-28T18:00:00Z,169378,110917,121814,71098,58461,42908,42586,66258,50038
2025-09-28T19:00:00Z,168021,111890,120891,72085,56131,42023,41722,55988,40801
2025-09-28T20:00:00Z,169889,95108,128308,61275,74781,36580,36191,51897,38449
2025-09-28T21:00:00Z,166365,90538,126768,58765,75827,34097,33761,50211,37713
2025-09-28T22:00:00Z,165149,85349,128622,56833,79800,31445,31144,46227,35023
2025-09-28T23:00:00Z,166896,85298,131626,57323,81598,29988,29725,43686,33129
2025-09-29T00:00:00Z,165824,76842,118082,50397,88982,30339,29931,57659,43672
2025-09-29T01:00:00Z,180932,86737,125990,48133,94195,33203,32846,75432,60337
2025-09-29T02:00:00Z,168054,90023,115107,53916,78031,34789,34389,54666,36781
2025-09-29T03:00:00Z,172441,90262,120865,55376,82179,36345,35929,56110,38987
2025-09-29T04:00:00Z,169562,87466,119168,55244,82096,34097,33744,51095,35262
2025-09-29T05:00:00Z,172500,90909,124606,56195,81591,36379,36042,52896,36283
2025-09-29T06:00:00Z,173968,100991,120586,59685,72977,44180,43787,65702,45388
2025-09-29T07:00:00Z,172233,106100,110647,58573,66133,46100,45695,60744,38423
2025-09-29T08:00:00Z,171679,118191,106061,66766,53488,52260,51806,68604,45141
2025-09-29T09:00:00Z,170287,119907,99715,66881,50380,52241,51792,70227,45378
2025-09-29T10:00:00Z,171142,120372,101713,67668,50770,50916,50460,70792,46642
2025-09-29T11:00:00Z,171550,119420,102732,68817,52130,51640,51132,68242,44588
2025-09-29T12:00:00Z,173294,111697,109526,62575,61597,50874,50345,86649,63082
2025-09-29T13:00:00Z,178788,123487,109667,69013,55301,56158,55653,83623,58318
2025-09-29T14:00:00Z,169309,131225,96049,75048,38084,59830,59292,76391,49891
2025-09-29T15:00:00Z,166077,125124,96023,70898,40953,56715,56213,74901,49822
2025-09-29T16:00:00Z,168413,124356,97582,69926,44057,53942,53468,73121,48727
2025-09-29T17:00:00Z,171619,126123,98790,71643,45496,51777,51317,70813,46703
2025-09-29T18:00:00Z,169235,123043,95613,68853,46192,49599,49103,76394,52388
2025-09-29T19:00:00Z,169593,126917,93614,70783,42676,48900,48430,67899,44924
2025-09-29T20:00:00Z,172436,123231,98151,71171,49205,47236,46736,69979,47375
2025-09-29T21:00:00Z,171151,111362,103783,63389,59789,41252,40809,63355,43236
2025-09-29T22:00:00Z,164883,91206,109980,55442,73677,35566,35146,55430,38328
2025-09-29T23:00:00Z,167908,86290,116179,54472,81618,33950,33568,51214,35145
2025-09-30T00:00:00Z,174069,85289,122344,53354,88780,34701,34230,65658,48695
2025-09-30T01:00:00Z,175363,81530,127662,50889,93833,36646,36229,81253,63728
2025-09-30T02:00:00Z,167057,88532,115780,55160,78525,36802,36418,60978,42999
2025-09-30T03:00:00Z,164898,95641,104566,59256,69257,38474,38081,65822,41650
2025-09-30T04:00:00Z,160827,109877,100175,67857,50950,40812,40389,63192,42912
2025-09-30T05:00:00Z,160905,116570,101822,71774,44335,42200,41827,61107,42697
2025-09-30T06:00:00Z,169290,129430,102893,75676,39860,49708,49307,75768,53805
2025-09-30T07:00:00Z,170154,131195,102459,74679,38959,51570,51133,67506,44812
2025-09-30T08:00:00Z,170149,129495,98388,71916,40654,52834,52351,70679,46692
2025-09-30T09:00:00Z,170052,129535,100381,72719,40517,52189,51716,69537,47002
2025-09-30T10:00:00Z,173730,130130,104949,75274,43600,52465,51966,71970,49656
2025-09-30T11:00:00Z,172496,124674,109803,73995,47822,51564,51052,66397,45473
2025-09-30T12:00:00Z,173242,112370,114528,64965,60872,49820,49320,85005,63681
2025-09-30T13:00:00Z,170215,119363,105631,66136,50852,54145,53648,78831,56209
2025-09-30T14:00:00Z,171622,130073,102210,73866,41549,59557,59020,73921,49958
2025-09-30T15:00:00Z,173343,128083,105553,73927,45260,58478,57936,74848,51607
2025-09-30T16:00:00Z,167779,124051,103514,72983,43728,55407,54898,71971,49831
2025-09-30T17:00:00Z,147058,102323,94449,61420,44735,45409,44960,59289,40931
2025-09-30T18:00:00Z,153594,103141,100331,62703,50453,45904,45452,67405,48922
2025-09-30T19:00:00Z,169173,117445,109545,72854,51728,49556,49032,65775,46373
2025-09-30T20:00:00Z,164973,111953,106749,68921,53020,46107,45632,63102,45137
2025-09-30T21:00:00Z,164798,108257,107872,66336,56541,43096,42620,62434,44795
2025-09-30T22:00:00Z,159762,97597,107916,62034,62165,38413,37984,56935,41081
2025-09-30T23:00:00Z,159968,91808,109141,57854,68160,35385,34983,53039,38390
2025-10-01T00:00:00Z,165486,91853,108554,58565,73633,36086,35551,64976,48429
2025-10-01T01:00:00Z,170883,86073,121453,54921,84810,35536,35120,83729,67869
2025-10-01T02:00:00Z,162604,86384,106227,54431,76220,33826,33451,61777,45280
2025-10-01T03:00:00Z,166634,91808,112828,58109,74826,35232,34868,58836,42732
2025-10-01T04:00:00Z,165122,91420,117256,59626,73702,35916,35564,53439,38900
2025-10-01T05:00:00Z,165651,84000,109493,54474,81651,33757,33403,57977,34579
2025-10-01T06:00:00Z,176475,100048,122916,61318,76427,43060,42662,65610,47680
2025-10-01T07:00:00Z,170944,102697,115749,60926,68247,44510,44106,58409,39602
2025-10-01T08:00:00Z,176669,109184,116179,64547,67485,48774,48336,63969,43839
2025-10-01T09:00:00Z,173018,103700,103975,61426,69318,47300,46868,70854,42616
2025-10-01T10:00:00Z,173246,112996,111598,67180,60250,47892,47439,65213,45347
2025-10-01T11:00:00Z,173273,113447,100833,68662,59826,48946,48530,72583,43076
2025-10-01T12:00:00Z,168960,110145,110236,66127,58815,51613,51093,87937,67190
2025-10-01T13:00:00Z,172020,123704,105740,72295,48316,56400,55893,82557,59934
2025-10-01T14:00:00Z,163013,118575,86324,67709,44438,55452,54944,77099,45894
2025-10-01T15:00:00Z,167725,128701,96200,73761,39024,57501,56995,74549,51091
2025-10-01T16:00:00Z,167603,127692,97935,75567,39911,56742,56260,73878,51459
2025-10-01T17:00:00Z,166206,126770,98973,76382,39436,55072,54600,69381,48203
2025-10-01T18:00:00Z,166927,121032,101985,73453,45895,51956,51418,75227,54558
2025-10-01T19:00:00Z,166992,122680,100548,74591,44312,50052,49618,65645,46297
2025-10-01T20:00:00Z,166581,116952,99999,71779,49629,47618,47130,68366,49110
2025-10-01T21:00:00Z,164400,108865,98682,66400,55535,42377,41897,64355,46494
2025-10-01T22:00:00Z,159986,94540,88337,59159,65446,36537,36088,65950,39350
2025-10-01T23:00:00Z,152082,100425,98340,65188,51657,38279,37852,55489,40974
2025-10-02T00:00:00Z,160624,94812,110450,60978,65812,36498,36031,71016,56099
2025-10-02T01:00:00Z,173800,91364,125485,58666,82436,36170,35771,85401,71186
2025-10-02T02:00:00Z,154561,105159,105145,68882,49402,39027,38614,64348,49333
2025-10-02T03:00:00Z,155532,105226,105668,67631,50306,36236,35865,56892,42396
2025-10-02T04:00:00Z,153315,104739,102687,67487,48576,37724,37380,56936,42432
2025-10-02T05:00:00Z,154338,106068,102116,68305,48270,39986,39621,58407,42918
2025-10-02T06:00:00Z,156807,108499,102786,66954,48308,42533,42160,66801,49568
2025-10-02T07:00:00Z,168518,117177,109245,69729,51341,48743,48339,63662,44619
2025-10-02T08:00:00Z,166673,116121,105847,68480,50552,49122,48680,65360,45523
2025-10-02T09:00:00Z,169355,119436,106460,69837,49919,49047,48620,66134,45733
2025-10-02T10:00:00Z,169890,120494,107407,72126,49396,50863,50419,69533,48270
2025-10-02T11:00:00Z,167372,121561,107229,73823,45811,49611,49171,63813,44399
2025-10-02T12:00:00Z,169709,107051,115843,64395,62658,48271,47832,86518,67046
2025-10-02T13:00:00Z,168208,122355,106402,71766,45853,56527,56062,82206,60551
2025-10-02T14:00:00Z,167602,132074,99598,77633,35528,60561,60028,75172,51976
2025-10-02T15:00:00Z,169682,130697,101840,77121,38985,57308,56776,74843,51872
2025-10-02T16:00:00Z,165699,126989,99686,75544,38710,55195,54704,72232,50223
2025-10-02T17:00:00Z,169137,131228,98461,74733,37909,52900,52419,69764,48699
2025-10-02T18:00:00Z,170262,126239,106966,77240,44023,52093,51576,77024,56715
2025-10-02T19:00:00Z,159429,119560,99253,73754,39869,49460,48993,65688,46758
2025-10-02T20:00:00Z,162805,119630,101244,72926,43175,47734,47198,66372,47882
2025-10-02T21:00:00Z,159237,115143,100639,71463,44094,44562,44064,63333,46483
2025-10-02T22:00:00Z,153652,109275,97674,68359,44377,39308,38891,57646,41910
2025-10-02T23:00:00Z,147924,104741,96865,67122,43183,37811,37421,54280,40379
2025-10-03T00:00:00Z,152732,98480,101354,64345,54252,37501,37030,72909,58028
2025-10-03T01:00:00Z,160381,89742,115007,59052,70639,33963,33566,85878,71901
2025-10-03T02:00:00Z,146444,102048,94523,65234,44396,36062,35699,65846,48385
2025-10-03T03:00:00Z,155468,108223,102567,67784,47245,36519,36177,60655,43752
2025-10-03T04:00:00Z,152274,107963,97085,66230,44311,35712,35363,57422,39572
2025-10-03T05:00:00Z,150397,108554,98152,69258,41843,39444,39077,59595,42065
2025-10-03T06:00:00Z,158348,113359,102046,70100,44989,43460,43055,70125,51023
2025-10-03T07:00:00Z,156862,119301,97769,72042,37561,47424,46907,63514,43977
2025-10-03T08:00:00Z,158503,119818,96431,71433,38685,49772,49280,67376,47101
2025-10-03T09:00:00Z,163418,122605,100370,73396,40813,50390,49870,68283,48164
2025-10-03T10:00:00Z,165108,125049,100878,73717,40059,50594,50120,69314,49408
2025-10-03T11:00:00Z,169605,129800,106947,79495,39805,52513,52098,67975,48194
2025-10-03T12:00:00Z,171512,112366,114630,67420,59146,49315,48790,90662,70552
2025-10-03T13:00:00Z,164269,117251,104514,69392,47018,53151,52693,80519,58840
2025-10-03T14:00:00Z,168348,133103,101773,79091,35245,59590,59099,73899,51272
2025-10-03T15:00:00Z,162717,126172,100305,75261,36545,56322,55831,72441,50773
2025-10-03T16:00:00Z,161747,125707,100699,76521,36040,54063,53595,71464,50376
2025-10-03T17:00:00Z,161509,124229,100680,75648,37280,52541,52073,68224,48095
2025-10-03T18:00:00Z,164048,122656,105746,76361,41392,51975,51435,74942,55743
2025-10-03T19:00:00Z,161412,121671,103853,75655,39741,48900,48409,63195,45554
2025-10-03T20:00:00Z,158019,112581,101260,70145,45438,44080,43563,63747,46582
2025-10-03T21:00:00Z,156489,107321,101101,67809,49168,41823,41361,63295,47332
2025-10-03T22:00:00Z,148257,104039,97135,65715,44218,36503,36116,54215,40380
2025-10-03T23:00:00Z,145027,102219,98527,66679,42808,35373,35024,51282,38765
2025-10-04T00:00:00Z,148595,93539,102414,62577,55056,34017,33565,71064,58621
2025-10-04T01:00:00Z,156355,83988,112744,55762,72367,30595,30202,83182,70948
2025-10-04T02:00:00Z,140536,96998,96315,64203,43538,33397,33043,61746,48945
2025-10-04T03:00:00Z,147179,101297,102421,66013,45882,34163,33865,54667,42084
2025-10-04T04:00:00Z,146433,102409,101168,67610,44024,33240,32924,52517,39579
2025-10-04T05:00:00Z,147525,103208,102105,68327,44317,36430,36124,55102,41660
2025-10-04T06:00:00Z,149794,105956,105417,70564,43838,38411,38096,65309,51007
2025-10-04T07:00:00Z,151624,111317,103134,71685,40307,39232,38918,55507,40159
2025-10-04T08:00:00Z,154126,113554,104220,73860,40572,43479,43140,62437,46222
2025-10-04T09:00:00Z,155539,116134,106077,75466,39405,42364,42032,60146,44046
2025-10-04T10:00:00Z,152052,114587,102812,73139,37465,42494,42164,60331,44703
2025-10-04T11:00:00Z,155800,121090,105072,77587,34710,44668,44375,59663,43663
2025-10-04T12:00:00Z,168792,102847,124285,66118,65945,41842,41525,89768,74013
2025-10-04T13:00:00Z,160119,112233,112263,72522,47886,43860,43505,73432,56694
2025-10-04T14:00:00Z,161842,126402,108841,81720,35440,50044,49733,65893,48000
2025-10-04T15:00:00Z,161020,125127,108838,80719,35893,49388,49015,67764,50188
2025-10-04T16:00:00Z,164069,126820,108774,80686,37249,48596,48273,67587,48697
2025-10-04T17:00:00Z,155123,119909,105464,79017,35214,47336,47030,63308,46612
2025-10-04T18:00:00Z,163079,120078,113162,78625,43001,46385,46065,71408,55203
2025-10-04T19:00:00Z,154707,117253,106850,77163,37454,42594,42267,57518,42656
2025-10-04T20:00:00Z,153229,113218,105681,75131,40011,40481,40170,59421,45238
2025-10-04T21:00:00Z,152676,109979,105565,73116,42697,38336,38005,55935,43076
2025-10-04T22:00:00Z,145453,103826,101010,69158,41627,32986,32684,49132,37795
2025-10-04T23:00:00Z,141316,100604,102569,70220,40712,33918,33635,49444,39044
2025-10-05T00:00:00Z,143162,94429,101329,65626,48733,32366,31961,64199,52719
2025-10-05T01:00:00Z,153734,82757,116061,56913,70977,28482,28085,82494,71892
2025-10-05T02:00:00Z,140270,101948,99079,71730,38322,33628,33303,58061,46533
2025-10-05T03:00:00Z,147011,104037,104672,71025,42974,32795,32475,54766,43042
2025-10-05T04:00:00Z,144313,103337,99315,67450,40976,31654,31341,49479,37524
2025-10-05T05:00:00Z,147942,107354,106606,74322,40588,36403,36121,55605,42920
2025-10-05T06:00:00Z,154509,110372,107220,71339,44137,37293,37010,63260,49477
2025-10-05T07:00:00Z,150794,113251,103651,73508,37543,38895,38604,53998,39837
2025-10-05T08:00:00Z,153376,113686,106375,75271,39690,42643,42356,60168,45025
2025-10-05T09:00:00Z,153313,114022,104779,73778,39291,42278,41985,59447,44017
2025-10-05T10:00:00Z,153493,115787,104380,74499,37706,42545,42229,60883,45205
2025-10-05T11:00:00Z,158497,122557,110513,81956,35940,45608,45287,60491,44675
2025-10-05T12:00:00Z,167955,104989,125713,70199,62966,41930,41626,88369,72659
2025-10-05T13:00:00Z,170122,122993,119778,80195,47129,46496,46173,75396,58267
2025-10-05T14:00:00Z,168580,134856,110878,85127,33724,52044,51733,67495,49105
2025-10-05T15:00:00Z,167158,129593,112077,82760,37565,50979,50589,68259,49728
2025-10-05T16:00:00Z,164471,129186,108556,81973,35285,50034,49705,67948,49555
2025-10-05T17:00:00Z,162101,127043,108394,82809,35058,50692,50375,67144,48132
2025-10-05T18:00:00Z,163567,121806,114310,81155,41761,47888,47572,73250,56450
2025-10-05T19:00:00Z,155259,118630,105991,77666,36629,45124,44812,59993,44480
2025-10-05T20:00:00Z,154097,113470,104555,74053,40627,43908,43568,61835,46836
2025-10-05T21:00:00Z,155571,112480,106494,73523,43091,40150,39826,59339,44832
2025-10-05T22:00:00Z,143798,102986,99408,68155,40812,35731,35406,53609,40854
2025-10-05T23:00:00Z,139158,99746,100549,69571,39412,35992,35723,51372,40514
2025-10-06T00:00:00Z,148667,88823,94832,60663,59844,32241,31813,66580,51976
2025-10-06T01:00:00Z,160256,84234,110432,56345,76022,33468,33103,85936,71416
2025-10-06T02:00:00Z,149221,98644,91912,65236,50577,37413,36975,63787,47681
2025-10-06T03:00:00Z,152978,100522,98288,65958,52456,34701,34301,56711,41439
2025-10-06T04:00:00Z,157566,103299,97052,66883,54267,37851,37496,57806,41135
2025-10-06T05:00:00Z,154147,105192,97499,68395,48955,40116,39752,59761,42402
2025-10-06T06:00:00Z,167562,114899,102333,71542,52663,44186,43785,72480,52497
2025-10-06T07:00:00Z,160072,117599,94184,70044,42473,49496,49118,65711,44693
2025-10-06T08:00:00Z,165313,120682,93957,70576,44631,52346,51857,70680,48001
2025-10-06T09:00:00Z,167723,119074,93049,68508,48649,50276,49768,69653,46300
2025-10-06T10:00:00Z,171303,124796,98854,74262,46507,51885,51428,72909,50104
2025-10-06T11:00:00Z,163613,119839,96374,71714,43774,51250,50803,68037,45715
2025-10-06T12:00:00Z,166432,109480,102659,63973,56952,49701,49173,88042,65031
2025-10-06T13:00:00Z,171455,122894,101354,71455,48561,56764,56239,85417,60011
2025-10-06T14:00:00Z,168460,129563,96484,76889,38897,61211,60695,77714,51868
2025-10-06T15:00:00Z,168794,127566,95872,74577,41228,57893,57372,76941,52173
2025-10-06T16:00:00Z,166479,126177,97417,76082,40302,57808,57288,77266,53366
2025-10-06T17:00:00Z,167233,124785,98455,75822,42448,56088,55528,74178,50912
2025-10-06T18:00:00Z,167184,119936,99647,72299,47248,52720,52150,77913,55342
2025-10-06T19:00:00Z,167222,122505,98668,74280,44717,52680,52127,70239,48862
2025-10-06T20:00:00Z,165794,117862,98137,72110,47932,48830,48333,70255,49937
2025-10-06T21:00:00Z,166306,113386,98528,69382,52920,43894,43449,66301,46864
2025-10-06T22:00:00Z,155039,103657,93210,64526,51382,39377,38879,59798,43144
2025-10-06T23:00:00Z,153734,104718,95674,67801,49016,40209,39820,57103,42269
2025-10-07T00:00:00Z,155197,102059,104084,66175,53138,37573,37098,72476,58041
2025-10-07T01:00:00Z,162663,94967,115286,61335,67696,37032,36602,89443,74895
2025-10-07T02:00:00Z,149301,107626,94586,68728,41675,40018,39575,64002,48277
2025-10-07T03:00:00Z,148836,106964,96922,67324,41872,38432,38060,59199,44318
2025-10-07T04:00:00Z,154233,110960,99184,70366,43273,39774,39372,59482,43181
2025-10-07T05:00:00Z,154558,112223,100908,72311,42335,42796,42418,62186,45566
2025-10-07T06:00:00Z,164512,119901,104865,73318,44611,48199,47785,74527,54681
2025-10-07T07:00:00Z,162565,125605,99393,74313,36960,51008,50581,66125,45696
2025-10-07T08:00:00Z,165785,130680,99380,77370,35105,55196,54722,71878,50058
2025-10-07T09:00:00Z,166723,130133,100807,76908,36590,55854,55363,72860,50979
2025-10-07T10:00:00Z,163861,127160,99068,75161,36701,53504,53032,71463,49937
2025-10-07T11:00:00Z,161703,128279,100377,78363,33424,54464,54009,68659,48103
2025-10-07T12:00:00Z,169526,118214,109232,69552,51312,55268,54788,92378,70485
2025-10-07T13:00:00Z,168138,125948,103169,72676,42190,59771,59257,85197,62147
2025-10-07T14:00:00Z,167735,135513,98281,78874,32222,64284,63766,78436,53514
2025-10-07T15:00:00Z,167925,132480,99011,76414,35445,61528,60967,78518,53764
2025-10-07T16:00:00Z,167926,131028,98500,77006,36898,59425,58788,77119,52462
2025-10-07T17:00:00Z,166865,131097,98630,77969,35768,58393,57804,74369,50784
2025-10-07T18:00:00Z,164229,122492,100773,75221,41737,54890,54346,81304,57896
2025-10-07T19:00:00Z,163331,123112,97399,74201,40219,52414,51866,70392,48324
2025-10-07T20:00:00Z,165301,124292,101353,75467,41009,50888,50375,69904,50219
2025-10-07T21:00:00Z,157441,116923,99416,72500,40518,46158,45679,63802,46586
2025-10-07T22:00:00Z,156466,113316,99984,71103,43150,42887,42413,60251,44478
2025-10-07T23:00:00Z,150441,107469,98937,69705,42972,40157,39638,57267,43219
2025-10-08T00:00:00Z,157305,101599,101696,63838,55706,37180,36637,71781,56817
2025-10-08T01:00:00Z,162282,96999,114717,63013,65283,38870,38457,89073,74781
2025-10-08T02:00:00Z,148448,108327,94778,69440,40121,40872,40491,64543,48341
2025-10-08T03:00:00Z,152772,108930,98627,68457,43842,38382,37975,60045,44025
2025-10-08T04:00:00Z,149929,105257,97509,68466,44672,41288,40887,61493,44682
2025-10-08T05:00:00Z,158943,113884,99797,71661,45059,43256,42878,63130,45134
2025-10-08T06:00:00Z,162054,116071,101106,69728,45983,47052,46584,73272,52743
2025-10-08T07:00:00Z,163340,125111,100093,74774,38229,52898,52453,68865,47671
2025-10-08T08:00:00Z,167009,130103,98994,76423,36906,55933,55446,72906,50782
2025-10-08T09:00:00Z,164847,127286,97634,73791,37561,55586,55092,71856,49191
2025-10-08T10:00:00Z,168584,129019,100807,75761,39565,55814,55291,74850,52266
2025-10-08T11:00:00Z,169365,131289,103219,78837,38076,56929,56440,72476,50265
2025-10-08T12:00:00Z,166407,114732,106479,67138,51675,53523,53007,90313,67998
2025-10-08T13:00:00Z,168051,125950,103575,73377,42101,59611,59098,85145,61574
2025-10-08T14:00:00Z,171588,138264,99430,79978,33324,65027,64538,79853,54126
2025-10-08T15:00:00Z,169770,133817,100675,78118,35953,61601,61099,78181,54195
2025-10-08T16:00:00Z,163656,125209,95561,73913,38447,56970,56431,74409,50810
2025-10-08T17:00:00Z,986,777,651,518,209,720,691,864,602
2025-10-08T18:00:00Z,592,442,387,282,150,411,391,533,363
2025-10-08T19:00:00Z,854,662,578,438,192,607,583,749,523
2025-10-08T20:00:00Z,682,499,486,367,183,465,436,605,440
2025-10-08T21:00:00Z,585,426,405,299,159,392,370,513,364
2025-10-08T22:00:00Z,592,442,435,322,150,393,374,502,371
2025-10-08T23:00:00Z,787,563,595,420,224,495,476,664,521
2025-10-09T00:00:00Z,653,427,462,299,226,386,355,558,412
2025-10-09T01:00:00Z,589,336,444,234,253,306,286,534,418
2025-10-09T02:00:00Z,686,477,478,334,209,412,393,579,415
2025-10-09T03:00:00Z,587,399,436,306,188,346,328,486,369
2025-10-09T04:00:00Z,592,411,464,322,181,368,349,519,405
2025-10-09T05:00:00Z,680,454,491,328,226,410,388,583,442
2025-10-09T06:00:00Z,866,675,576,446,191,593,570,732,524
2025-10-09T07:00:00Z,1154,910,755,564,244,768,739,951,642
2025-10-09T08:00:00Z,670,512,429,339,158,486,459,576,387
2025-10-09T09:00:00Z,584,433,365,254,151,423,397,541,346
2025-10-09T10:00:00Z,683,529,464,352,154,484,466,611,423
2025-10-09T11:00:00Z,787,579,496,372,208,530,502,674,451
2025-10-09T12:00:00Z,676,458,475,313,218,453,427,628,456
2025-10-09T13:00:00Z,1089,831,783,588,258,777,749,967,709
2025-10-09T14:00:00Z,1346,1127,669,572,219,983,952,1173,618
2025-10-09T15:00:00Z,1247,1051,421,367,196,946,906,1067,405
2025-10-09T16:00:00Z,986,757,704,549,229,710,682,881,646
2025-10-09T17:00:00Z,690,547,445,355,143,522,497,624,417
2025-10-09T18:00:00Z,595,402,403,274,193,411,379,558,391
2025-10-09T19:00:00Z,853,656,511,401,197,603,565,719,460
2025-10-09T20:00:00Z,581,431,388,291,150,395,375,504,359
2025-10-09T21:00:00Z,1126,867,740,579,259,789,752,959,664
2025-10-09T22:00:00Z,595,400,398,276,195,370,343,520,365
2025-10-09T23:00:00Z,591,431,431,313,160,377,354,496,379
2025-10-10T00:00:00Z,1064,732,776,546,332,646,609,887,677
2025-10-10T01:00:00Z,579,347,436,233,232,312,296,521,411
2025-10-10T02:00:00Z,585,435,435,329,150,399,379,504,372
2025-10-10T03:00:00Z,1141,735,791,499,406,633,606,855,613
2025-10-10T04:00:00Z,583,363,439,250,220,332,314,466,343
2025-10-10T05:00:00Z,1471,1006,1065,718,465,838,810,1049,773
2025-10-10T06:00:00Z,583,398,417,271,185,383,363,498,355
2025-10-10T07:00:00Z,688,501,469,340,187,465,443,567,391
2025-10-10T08:00:00Z,584,410,348,230,174,397,371,498,304
2025-10-10T09:00:00Z,592,415,379,267,177,402,376,515,332
2025-10-10T10:00:00Z,1066,742,746,490,324,672,645,863,620
2025-10-10T11:00:00Z,697,472,482,306,225,438,413,575,396
2025-10-10T12:00:00Z,882,551,682,399,331,513,494,764,596
2025-10-10T13:00:00Z,1584,1041,1187,726,543,940,911,1322,1016
2025-10-10T14:00:00Z,591,465,377,297,126,434,413,531,345
2025-10-10T15:00:00Z,587,442,395,308,145,441,412,542,378
2025-10-10T16:00:00Z,584,449,377,290,135,431,405,541,358
2025-10-10T17:00:00Z,594,435,404,305,159,426,403,537,380
2025-10-10T18:00:00Z,970,671,647,439,299,610,592,837,578
2025-10-10T19:00:00Z,589,471,420,322,118,415,401,517,366
2025-10-10T20:00:00Z,584,402,388,278,182,373,351,508,345
2025-10-10T21:00:00Z,591,417,393,280,174,350,333,477,331
2025-10-10T22:00:00Z,589,396,415,294,193,342,328,490,358
2025-10-10T23:00:00Z,1086,748,795,540,338,636,615,895,692
2025-10-11T00:00:00Z,586,322,399,227,264,301,274,503,366
2025-10-11T01:00:00Z,592,369,449,274,223,336,319,527,415
2025-10-11T02:00:00Z,591,428,437,307,163,379,367,525,391
2025-10-11T03:00:00Z,595,448,425,321,147,394,369,507,385
2025-10-11T04:00:00Z,497,364,360,256,133,317,301,430,335
2025-10-11T05:00:00Z,562,421,438,332,141,349,332,458,361
2025-10-11T06:00:00Z,883,713,675,554,170,590,573,721,575
2025-10-11T07:00:00Z,592,453,451,346,139,395,376,506,384
2025-10-11T08:00:00Z,590,453,419,295,137,397,386,514,369
2025-10-11T09:00:00Z,593,422,472,328,171,377,361,522,414
2025-10-11T10:00:00Z,586,407,455,300,179,372,356,527,414
2025-10-11T11:00:00Z,596,458,475,362,138,406,392,520,420
2025-10-11T12:00:00Z,600,351,505,277,249,322,310,552,472
2025-10-11T13:00:00Z,585,382,475,293,203,345,331,528,440
2025-10-11T14:00:00Z,592,476,444,346,116,419,404,517,393
2025-10-11T15:00:00Z,689,519,514,375,170,475,452,611,465
2025-10-11T16:00:00Z,590,445,458,339,145,410,393,533,415
2025-10-11T17:00:00Z,597,462,445,337,135,401,388,523,405
2025-10-11T18:00:00Z,588,444,455,337,144,380,365,514,400
2025-10-11T19:00:00Z,591,432,448,315,159,383,365,511,392
2025-10-11T20:00:00Z,591,426,469,331,165,384,366,517,414
2025-10-11T21:00:00Z,595,447,457,351,148,387,373,498,391
2025-10-11T22:00:00Z,584,437,446,328,147,383,371,505,397
2025-10-11T23:00:00Z,741,501,573,371,240,429,409,604,483
2025-10-12T00:00:00Z,694,434,520,316,260,387,362,598,469
2025-10-12T01:00:00Z,591,360,421,227,231,328,310,533,391
2025-10-12T02:00:00Z,596,466,441,345,130,387,375,496,371
2025-10-12T03:00:00Z,593,383,473,310,210,322,304,488,397
2025-10-12T04:00:00Z,596,438,481,353,158,365,351,497,401
2025-10-12T05:00:00Z,586,441,439,336,145,355,344,476,362
2025-10-12T06:00:00Z,597,438,462,334,159,354,340,492,380
2025-10-12T07:00:00Z,588,454,469,353,134,400,385,512,407
2025-10-12T08:00:00Z,586,440,432,318,146,386,370,506,378
2025-10-12T09:00:00Z,592,457,428,327,135,420,404,528,385
2025-10-12T10:00:00Z,589,450,438,334,139,430,409,522,403
2025-10-12T11:00:00Z,588,443,434,319,145,421,401,535,398
2025-10-12T12:00:00Z,590,319,449,221,271,291,274,528,429
2025-10-12T13:00:00Z,1033,682,776,494,351,619,594,910,713
2025-10-12T14:00:00Z,595,461,418,328,134,424,409,527,387
2025-10-12T15:00:00Z,582,485,403,324,97,457,442,531,372
2025-10-12T16:00:00Z,970,752,659,515,218,675,643,826,599
2025-10-12T17:00:00Z,592,470,396,318,122,421,403,518,363
2025-10-12T18:00:00Z,589,426,439,309,163,412,396,540,412
2025-10-12T19:00:00Z,586,463,424,339,123,419,400,511,379
2025-10-12T20:00:00Z,585,446,457,354,139,381,363,485,384
2025-10-12T21:00:00Z,935,647,716,485,288,559,534,798,630
2025-10-12T22:00:00Z,690,496,537,367,194,415,401,591,470
2025-10-12T23:00:00Z,591,414,462,311,177,365,354,495,391
2025-10-13T00:00:00Z,579,357,372,267,222,311,288,465,319
2025-10-13T01:00:00Z,590,363,428,269,227,329,314,524,391
2025-10-13T02:00:00Z,593,398,334,271,195,359,342,476,294
2025-10-13T03:00:00Z,583,364,381,261,219,330,310,477,338
2025-10-13T04:00:00Z,580,361,390,272,219,340,325,482,348
2025-10-13T05:00:00Z,590,416,411,295,174,381,366,512,373
2025-10-13T06:00:00Z,593,422,362,276,171,401,381,507,334
2025-10-13T07:00:00Z,1079,763,653,491,316,694,665,880,567
2025-10-13T08:00:00Z,778,526,443,325,252,497,471,680,424
2025-10-13T09:00:00Z,963,733,568,453,230,681,646,827,518
2025-10-13T10:00:00Z,1251,799,719,518,452,736,710,1027,665
2025-10-13T11:00:00Z,879,637,554,440,242,588,564,766,508
2025-10-13T12:00:00Z,1490,920,1129,680,570,845,817,1348,1065
2025-10-13T13:00:00Z,699,439,513,324,260,423,406,640,488
2025-10-13T14:00:00Z,588,447,361,281,141,423,406,524,331
2025-10-13T15:00:00Z,700,519,491,386,181,499,479,636,458
2025-10-13T16:00:00Z,587,421,371,293,166,399,379,529,345
2025-10-13T17:00:00Z,687,480,487,346,207,450,429,618,452
2025-10-13T18:00:00Z,594,389,409,274,205,386,364,540,386
2025-10-13T19:00:00Z,980,703,593,464,277,629,600,809,537
2025-10-13T20:00:00Z,686,451,450,322,235,433,404,603,413
2025-10-13T21:00:00Z,881,572,542,395,309,523,495,729,496
2025-10-13T22:00:00Z,694,454,476,323,240,410,388,587,430
2025-10-13T23:00:00Z,596,400,427,310,196,373,353,512,382
2025-10-14T00:00:00Z,584,390,432,298,194,355,334,505,386
2025-10-14T01:00:00Z,586,364,427,245,222,327,310,527,391
2025-10-14T02:00:00Z,591,458,408,317,133,421,405,528,371
2025-10-14T03:00:00Z,591,424,420,307,167,390,371,510,376
2025-10-14T04:00:00Z,887,654,626,470,233,544,522,721,541
2025-10-14T05:00:00Z,478,337,331,246,141,315,295,426,298
2025-10-14T06:00:00Z,584,485,418,354,99,408,390,493,349
2025-10-14T07:00:00Z,591,461,437,334,130,422,410,528,391
2025-10-14T08:00:00Z,1168,919,754,610,249,789,752,973,640
2025-10-14T09:00:00Z,1273,992,844,669,281,867,830,1052,716
2025-10-14T10:00:00Z,1280,988,898,704,292,880,852,1100,803
2025-10-14T11:00:00Z,591,440,381,294,151,406,379,505,335
2025-10-14T12:00:00Z,1777,1307,1253,905,470,1122,1084,1483,1096
2025-10-14T13:00:00Z,591,427,424,300,164,407,390,549,399
2025-10-14T14:00:00Z,872,679,574,464,193,650,614,791,536
2025-10-14T15:00:00Z,1056,850,663,534,206,757,725,911,598
2025-10-14T16:00:00Z,1270,996,775,636,274,903,866,1089,706
2025-10-14T17:00:00Z,593,467,395,314,126,435,414,532,369
2025-10-14T18:00:00Z,883,645,623,464,238,603,582,791,574
2025-10-14T19:00:00Z,1282,965,824,640,317,863,822,1074,726
2025-10-14T20:00:00Z,895,645,549,399,250,590,561,773,511
2025-10-14T21:00:00Z,118568,85869,82586,59998,32699,36725,36329,50270,39479
2025-10-14T22:00:00Z,147942,106298,103593,75574,41644,40795,40368,58894,46678
2025-10-14T23:00:00Z,139588,100343,100590,72855,39245,38664,38286,54460,43312
2025-10-15T00:00:00Z,141739,93730,98162,66059,48009,36217,35724,66770,54188
2025-10-15T01:00:00Z,149537,87312,111801,62522,62225,38405,37990,85003,72480
2025-10-15T02:00:00Z,141650,104031,97019,74305,37619,42199,41802,62116,47991
2025-10-15T03:00:00Z,142525,99692,99260,70135,42833,39020,38619,59527,45780
2025-10-15T04:00:00Z,138773,99350,98703,70917,39423,39145,38767,56333,43814
2025-10-15T05:00:00Z,144469,103673,101139,73554,40796,42938,42525,60134,46075
2025-10-15T06:00:00Z,145931,108009,97770,72223,37922,47412,46979,67652,51371
2025-10-15T07:00:00Z,143174,110996,93334,72401,32178,49851,49389,62885,45510
2025-10-15T08:00:00Z,142006,110682,90020,71187,31324,52522,52031,66396,48122
2025-10-15T09:00:00Z,141580,109196,89057,69314,32384,51432,50885,65593,47850
2025-10-15T10:00:00Z,140560,106733,91077,69795,33827,49445,48924,64615,48133
2025-10-15T11:00:00Z,146885,113631,95759,74194,33254,50655,50143,63521,46516
2025-10-15T12:00:00Z,156049,104229,116639,74176,51820,50048,49508,87771,73885
2025-10-15T13:00:00Z,149522,108661,107080,74448,40861,53622,53138,80807,65040
2025-10-15T14:00:00Z,141876,113403,93125,74740,28473,55864,55358,68903,51197
2025-10-15T15:00:00Z,143451,110982,95425,73455,32469,53963,53453,69432,52031
2025-10-15T16:00:00Z,145166,112251,96673,75632,32915,53522,52898,68847,51726
2025-10-15T17:00:00Z,147812,115026,96149,75898,32786,52941,52429,66904,49914
2025-10-15T18:00:00Z,146252,108279,98582,72898,37973,50811,50307,72691,56652
2025-10-15T19:00:00Z,145411,108345,94469,72138,37066,47381,46910,61701,45898
2025-10-15T20:00:00Z,143161,104219,94006,70260,38942,45796,45226,62203,47535
2025-10-15T21:00:00Z,141828,102015,97199,69932,39813,42787,42285,59138,46267
2025-10-15T22:00:00Z,143126,100294,100251,70339,42832,38964,38523,56416,44527
2025-10-15T23:00:00Z,143244,103001,103220,73341,40243,37693,37329,53436,42614
2025-10-16T00:00:00Z,140581,96323,100271,67725,44258,36924,36445,68148,55903
2025-10-16T01:00:00Z,153778,94251,114537,65287,59527,38671,38265,86950,74014
2025-10-16T02:00:00Z,140828,108091,96958,76269,32737,42434,42046,61699,47850
2025-10-16T03:00:00Z,143242,105400,99449,73244,37842,39233,38838,59781,46122
2025-10-16T04:00:00Z,141982,104695,100194,74408,37287,39566,39149,57117,44687
2025-10-16T05:00:00Z,143480,105742,100276,74450,37738,43113,42621,59736,45657
2025-10-16T06:00:00Z,148574,108540,101427,73195,40034,47652,47186,69305,53302
2025-10-16T07:00:00Z,141868,107810,92347,70077,34058,48407,47974,61285,44574
2025-10-16T08:00:00Z,142873,110653,90490,70916,32220,50977,50507,65314,47576
2025-10-16T09:00:00Z,144505,112217,93769,73265,32288,53059,52570,67479,49811
2025-10-16T10:00:00Z,144284,110828,94322,73202,33456,49871,49365,65467,48840
2025-10-16T11:00:00Z,146029,114315,97249,76791,31714,51888,51417,64168,47562
2025-10-16T12:00:00Z,155163,103889,117499,75020,51274,49959,49465,88553,74517
2025-10-16T13:00:00Z,148195,108215,107043,75587,39980,51774,51332,78437,63075
2025-10-16T14:00:00Z,143984,114547,93797,75812,29437,54917,54402,68342,50513
2025-10-16T15:00:00Z,146624,115247,98887,77499,31377,53991,53477,68781,52873
2025-10-16T16:00:00Z,147907,116560,98060,77674,31347,53738,53213,68670,51989
2025-10-16T17:00:00Z,149897,117240,101088,79626,32657,52094,51619,65726,49504
2025-10-16T18:00:00Z,148316,111445,100656,75003,36871,49165,48612,70398,55238
2025-10-16T19:00:00Z,147764,114012,100396,78049,33752,49208,48741,62351,47814
2025-10-16T20:00:00Z,145965,107649,98135,73144,38316,46505,46022,62470,48443
2025-10-16T21:00:00Z,139387,98760,95890,68677,40627,39951,39521,56398,43367
2025-10-16T22:00:00Z,140944,98413,97978,69322,42531,37635,37235,55503,43475
2025-10-16T23:00:00Z,140817,99887,101814,72929,40930,38422,38051,53507,42785
2025-10-17T00:00:00Z,145601,94193,104083,68796,51408,37450,36958,68819,57070
2025-10-17T01:00:00Z,149894,86521,112518,61151,63373,35181,34777,83273,70990
2025-10-17T02:00:00Z,142642,103107,99112,73929,39535,39800,39406,61389,47790
2025-10-17T03:00:00Z,145374,102132,100909,71592,43242,39626,39201,60993,47297
2025-10-17T04:00:00Z,142503,100258,101123,72565,42245,38162,37780,56628,44464
2025-10-17T05:00:00Z,139492,98888,97958,69489,40604,38630,38260,56436,42830
2025-10-17T06:00:00Z,146601,106640,99342,71865,39961,45889,45403,67295,51949
2025-10-17T07:00:00Z,148438,114309,96690,74274,34129,49578,49121,62678,46260
2025-10-17T08:00:00Z,142681,106996,89794,69066,35685,48199,47705,62395,45338
2025-10-17T09:00:00Z,149476,113137,97137,73279,36339,49848,49296,64716,47765
2025-10-17T10:00:00Z,145509,107700,97628,72554,37809,48121,47603,64481,48854
2025-10-17T11:00:00Z,142093,109033,96397,74532,33060,47945,47515,60800,45544
2025-10-17T12:00:00Z,149000,96302,112148,68749,52698,45275,44788,83991,70053
2025-10-17T13:00:00Z,150900,107013,108550,74532,43887,50410,49885,77908,62643
2025-10-17T14:00:00Z,144569,114188,95075,76141,30381,54229,53746,66979,50167
2025-10-17T15:00:00Z,146598,113360,98138,76487,33238,52976,52473,67851,51506
2025-10-17T16:00:00Z,145871,111477,95912,75096,34394,49640,49135,64903,48395
2025-10-17T17:00:00Z,144071,108055,94625,73083,36016,47602,47129,61831,45785
2025-10-17T18:00:00Z,143331,102168,99971,71595,41163,45761,45264,67386,53508
2025-10-17T19:00:00Z,148336,106917,100282,73769,41419,45457,44979,60516,46311
2025-10-17T20:00:00Z,142192,102091,97497,71424,40101,40955,40470,57864,44668
2025-10-17T21:00:00Z,142829,98634,98287,69877,44195,37954,37472,54967,42654
2025-10-17T22:00:00Z,141496,97763,99290,70703,43733,36035,35606,52693,41762
2025-10-17T23:00:00Z,139585,94227,101598,70584,45358,34314,33913,49908,40162
2025-10-18T00:00:00Z,141850,88729,106420,65422,53121,30433,30005,65344,56005
2025-10-18T01:00:00Z,144546,78807,112765,58191,65739,28641,28260,80021,70635
2025-10-18T02:00:00Z,137309,95785,100569,71596,41524,33121,32743,59220,48274
2025-10-18T03:00:00Z,144001,98092,107029,73617,45909,32587,32175,54726,44346
2025-10-18T04:00:00Z,138706,94762,102095,70465,43944,31190,30798,50341,39994
2025-10-18T05:00:00Z,139784,98236,105019,72793,41548,32579,32246,50828,40647
2025-10-18T06:00:00Z,140191,98101,106457,72429,42090,36511,36197,61100,50407
2025-10-18T07:00:00Z,140829,102833,106438,76392,37996,37784,37491,53246,42289
2025-10-18T08:00:00Z,142653,101582,106073,74480,41071,36359,36039,55155,43448
2025-10-18T09:00:00Z,145621,103035,108451,75281,42586,38598,38268,57142,45146
2025-10-18T10:00:00Z,145594,105771,109780,78682,39823,39639,39307,58046,46750
2025-10-18T11:00:00Z,141397,106700,106314,78883,34697,39666,39366,54125,42666
2025-10-18T12:00:00Z,154713,89869,121881,65478,64844,36535,36226,83627,72412
2025-10-18T13:00:00Z,151067,102496,113606,73544,48571,41620,41222,71319,58896
2025-10-18T14:00:00Z,147164,113153,106575,81003,34011,47018,46614,61496,47908
2025-10-18T15:00:00Z,147720,113498,108230,81139,34222,46424,46086,62995,49694
2025-10-18T16:00:00Z,147193,110248,107571,79533,36945,43772,43448,60524,47403
2025-10-18T17:00:00Z,149063,110652,111055,81066,38411,43983,43670,58776,45942
2025-10-18T18:00:00Z,149055,104945,114187,78254,44110,42279,41944,65765,54380
2025-10-18T19:00:00Z,144067,106291,109706,79051,37776,40758,40438,54429,43863
2025-10-18T20:00:00Z,143401,102969,108569,76684,40432,36574,36261,53676,43485
2025-10-18T21:00:00Z,141390,101362,108580,76146,40028,34909,34577,51693,42205
2025-10-18T22:00:00Z,139695,99636,106535,74609,40059,33794,33488,49975,41111
2025-10-18T23:00:00Z,133933,95994,104020,73158,37939,32900,32607,47313,39300
2025-10-19T00:00:00Z,133377,89962,100734,68226,43415,28422,28016,55684,46703
2025-10-19T01:00:00Z,148074,82152,120515,62874,65922,28708,28378,80679,72354
2025-10-19T02:00:00Z,136858,91967,102905,69091,44891,31258,30932,57369,47658
2025-10-19T03:00:00Z,136896,95026,104393,72090,41870,31562,31239,53403,43845
2025-10-19T04:00:00Z,144607,93378,114123,71387,51229,29367,29074,47246,38656
2025-10-19T05:00:00Z,144768,89651,115883,67811,55117,31037,30658,46957,37947
2025-10-19T06:00:00Z,150732,92683,121259,69891,58049,34262,33903,55963,46272
2025-10-19T07:00:00Z,150006,97163,117688,71632,52843,35621,35304,49708,39339
2025-10-19T08:00:00Z,140235,102092,105272,75180,38143,36225,35896,53731,42777
2025-10-19T09:00:00Z,140423,103212,105493,76079,37211,38767,38453,55994,44675
2025-10-19T10:00:00Z,144713,107720,109543,80037,36993,40875,40561,58907,47487
2025-10-19T11:00:00Z,145536,109607,110489,81330,35929,41412,41133,56042,44532
2025-10-19T12:00:00Z,152793,90522,121807,66729,62271,37468,37144,82002,70730
2025-10-19T13:00:00Z,152090,105924,114846,75778,46166,43218,42921,72087,59341
2025-10-19T14:00:00Z,144781,111897,105152,79765,32884,47013,46695,60557,47047
2025-10-19T15:00:00Z,150891,114477,110700,81386,36414,46953,46635,63234,49462
2025-10-19T16:00:00Z,148058,114253,106618,81644,33805,45174,44850,61584,48040
2025-10-19T17:00:00Z,146847,114656,106512,82780,32191,45339,45018,59855,46560
2025-10-19T18:00:00Z,152380,113710,114209,83785,38670,45692,45358,69024,56630
2025-10-19T19:00:00Z,147893,112931,110126,83020,34962,43552,43250,57725,46250
2025-10-19T20:00:00Z,144988,105874,108812,78924,39114,38935,38622,56099,45329
2025-10-19T21:00:00Z,146683,102194,109075,75793,44489,36937,36591,54266,44100
2025-10-19T22:00:00Z,144135,101902,107849,76078,42233,36331,36024,53490,43838
2025-10-19T23:00:00Z,139134,100941,105899,76024,38193,36002,35711,50800,42152
2025-10-20T00:00:00Z,138254,78026,84399,58051,60228,29520,29120,57048,44385
2025-10-20T01:00:00Z,150140,75797,98826,55269,74343,32453,32065,76930,63435
2025-10-20T02:00:00Z,144346,88498,85802,63298,55848,36907,36520,60519,45474
2025-10-20T03:00:00Z,145014,90600,86851,64531,54414,37311,36816,57947,43092
2025-10-20T04:00:00Z,144452,83476,85660,59833,60976,32445,31961,51987,38345
2025-10-20T05:00:00Z,147279,89176,90109,63053,58103,35792,35414,54601,40244
2025-10-20T06:00:00Z,144088,88436,87140,60546,55652,40334,39922,63666,47175
2025-10-20T07:00:00Z,144496,99845,87131,66109,44651,45620,45315,59846,42516
2025-10-20T08:00:00Z,142452,98231,79959,62613,44221,44864,44555,61269,42051
2025-10-20T09:00:00Z,143542,98188,83293,64331,45354,45820,45439,62565,43303
2025-10-20T10:00:00Z,144256,96147,84530,64545,48109,44909,44454,62768,45036
2025-10-20T11:00:00Z,148328,103547,87218,68368,44781,46048,45618,61231,43424
2025-10-20T12:00:00Z,155830,95869,113445,70312,59961,45366,44920,87497,72094
2025-10-20T13:00:00Z,149001,97878,102358,70305,51123,48264,47838,78272,61210
2025-10-20T14:00:00Z,148198,106572,95778,75859,41626,53403,52959,70686,51952
2025-10-20T15:00:00Z,149117,103129,96750,73421,45988,50956,50501,70254,52572
2025-10-20T16:00:00Z,145851,99866,88988,68750,45985,48163,47679,66093,48097
2025-10-20T17:00:00Z,147093,98872,88083,67253,48221,46458,45998,63383,45740
2025-10-20T18:00:00Z,148738,97779,94623,69385,50959,46605,46159,71663,54794
2025-10-20T19:00:00Z,144118,95002,83351,63703,49116,45153,44692,62002,43958
2025-10-20T20:00:00Z,145731,93971,85040,64052,51760,42942,42471,61465,44654
2025-10-20T21:00:00Z,144060,88082,83367,59032,55978,38035,37546,57909,41410
2025-10-20T22:00:00Z,144855,87987,82512,58612,56868,36464,36012,56137,40444
2025-10-20T23:00:00Z,142982,86957,83991,59916,56025,35683,35293,53154,39314
2025-10-21T00:00:00Z,147020,89961,95924,63215,57059,36435,35924,68475,54107
2025-10-21T01:00:00Z,151242,81167,107683,57456,70075,35105,34635,85654,70811
2025-10-21T02:00:00Z,144111,98212,91861,69832,45899,40648,40254,62969,46926
2025-10-21T03:00:00Z,146522,96221,95207,68690,50301,39305,38878,61400,45764
2025-10-21T04:00:00Z,141467,92513,90935,65654,48954,35999,35590,55575,40948
2025-10-21T05:00:00Z,143658,96569,95424,68732,47089,37607,37211,56443,41483
2025-10-21T06:00:00Z,142194,101006,94258,68386,41188,44499,44052,65669,49260
2025-10-21T07:00:00Z,144410,105657,90968,69885,38753,48861,48402,63222,45099
2025-10-21T08:00:00Z,141568,105060,87701,68487,36508,49252,48761,64418,46276
2025-10-21T09:00:00Z,145233,106941,93600,69617,38292,48810,48294,64587,47237
2025-10-21T10:00:00Z,145564,105572,96915,71044,39992,47383,46884,65029,48697
2025-10-21T11:00:00Z,145906,109818,98376,74838,36088,49904,49462,64114,47672
2025-10-21T12:00:00Z,155691,104051,120162,77047,51640,49257,48809,88845,75121
2025-10-21T13:00:00Z,145732,104970,107513,75536,40762,51721,51252,78368,63456
2025-10-21T14:00:00Z,142488,112607,96037,76713,29881,55104,54572,68144,50904
2025-10-21T15:00:00Z,143656,110596,98241,75797,33060,55420,54878,70119,53461
2025-10-21T16:00:00Z,144547,110751,97209,75590,33796,53050,52569,68769,51979
2025-10-21T17:00:00Z,145544,109846,98052,74870,35698,50914,50435,65501,49347
2025-10-21T18:00:00Z,147858,107768,101402,74297,40090,48041,47467,69561,54021
2025-10-21T19:00:00Z,142401,106860,95678,72700,35541,46576,46047,60685,45812
2025-10-21T20:00:00Z,145354,106710,97184,72667,38644,46421,45908,62982,48306
2025-10-21T21:00:00Z,144176,102705,97555,71269,41471,43185,42769,60030,46228
2025-10-21T22:00:00Z,143698,102282,100693,72745,41416,39180,38753,55872,43473
2025-10-21T23:00:00Z,142933,102482,99126,71071,40451,37920,37524,53966,42554
2025-10-22T00:00:00Z,142523,95679,98364,67930,46844,38766,38312,67059,54412
2025-10-22T01:00:00Z,148659,88741,110062,63284,59918,38561,38127,84232,71273
2025-10-22T02:00:00Z,140607,101734,96996,72939,38873,40702,40282,62129,48105
2025-10-22T03:00:00Z,144312,102738,99384,72467,41574,38845,38438,60056,46099
2025-10-22T04:00:00Z,141694,101144,99119,72166,40550,38958,38561,56931,44805
2025-10-22T05:00:00Z,141616,102785,97647,72237,38831,41035,40641,57877,44417
2025-10-22T06:00:00Z,139908,101077,93833,68592,38831,44893,44486,66628,50413
2025-10-22T07:00:00Z,133255,102401,84808,66109,30854,46442,45988,59568,42243
2025-10-22T08:00:00Z,136758,107906,85999,69155,28852,50194,49721,63337,45922
2025-10-22T09:00:00Z,128982,98621,81070,64052,30361,47807,47368,60636,43592
2025-10-22T10:00:00Z,141794,107862,91014,71002,33932,48903,48443,64536,47764
2025-10-22T11:00:00Z,142036,107665,91713,70759,34371,48672,48231,62870,45784
2025-10-22T12:00:00Z,158127,103215,121558,75958,54912,50633,50200,90096,75719
2025-10-22T13:00:00Z,150337,108779,110154,76631,41558,53866,53403,82125,66906
2025-10-22T14:00:00Z,117780,92898,77725,63394,24882,49161,48706,59937,44186
2025-10-22T15:00:00Z,146992,112390,97506,76522,34602,54674,54191,70791,53084
2025-10-22T16:00:00Z,143203,112665,95304,77026,30538,54031,53509,68526,51575
2025-10-22T17:00:00Z,146280,111607,96019,75992,34673,52251,51790,66571,49535
2025-10-22T18:00:00Z,146145,108244,99362,74542,37901,50208,49733,72440,56287
2025-10-22T19:00:00Z,148005,108425,95775,73204,39580,46271,45817,63327,46517
2025-10-22T20:00:00Z,144373,103324,92605,69324,41049,44659,44181,62602,47160
2025-10-22T21:00:00Z,140998,99277,94275,68262,41721,42177,41711,58990,45378
2025-10-22T22:00:00Z,141151,98669,98079,70325,42482,40003,39568,56778,44480
2025-10-22T23:00:00Z,139447,99501,98526,71015,39946,37615,37168,52951,41753
2025-10-23T00:00:00Z,139707,94506,98423,67655,45201,36874,36405,66609,53971
2025-10-23T01:00:00Z,150157,91863,112221,64126,58294,38690,38286,85326,72805
2025-10-23T02:00:00Z,141209,107321,98325,76703,33888,42909,42538,61851,48475
2025-10-23T03:00:00Z,145236,104448,102887,74386,40788,40044,39664,60594,47369
2025-10-23T04:00:00Z,140874,101892,99935,72599,38982,38452,38069,55991,43869
2025-10-23T05:00:00Z,141379,104084,100273,73875,37295,42269,41812,58974,46068
2025-10-23T06:00:00Z,146143,106631,99271,71109,39512,47097,46677,68358,52850
2025-10-23T07:00:00Z,142834,109325,94577,71241,33509,49399,48946,62782,46190
2025-10-23T08:00:00Z,140219,108813,87969,68927,31406,49535,49019,63498,45913
2025-10-23T09:00:00Z,141889,109843,93020,72367,32046,52171,51687,66574,49110
2025-10-23T10:00:00Z,142030,108365,93232,72013,33665,50064,49595,66275,49728
2025-10-23T11:00:00Z,140674,109488,92533,72807,31186,50186,49722,62927,46545
2025-10-23T12:00:00Z,148468,100115,110063,70844,48353,48854,48397,84885,70206
2025-10-23T13:00:00Z,146645,105774,106969,75007,40871,52970,52469,79959,64613
2025-10-23T14:00:00Z,143831,114292,96327,77857,29539,57080,56572,70444,52956
2025-10-23T15:00:00Z,146701,113390,98720,76998,33311,55107,54591,70659,53639
2025-10-23T16:00:00Z,148906,114477,98549,77065,34429,53758,53195,69259,51944
2025-10-23T17:00:00Z,144850,109849,95646,74407,35001,51369,50801,66262,49646
2025-10-23T18:00:00Z,146483,109361,100282,75528,37122,50351,49812,71504,55723
2025-10-23T19:00:00Z,143520,110141,97559,76063,33379,49028,48459,62589,47712
2025-10-23T20:00:00Z,145216,107916,97131,73976,37300,45350,44787,61540,47277
2025-10-23T21:00:00Z,146523,107456,99718,73976,39067,42197,41731,58589,45434
2025-10-23T22:00:00Z,143639,101161,99237,71317,42478,39789,39377,56928,44860
2025-10-23T23:00:00Z,140932,97675,100685,70737,43257,38397,38011,54090,43306
2025-10-24T00:00:00Z,146792,94720,103863,67612,52072,35984,35523,68547,56493
2025-10-24T01:00:00Z,150538,91581,111318,64390,58957,35236,34805,80132,67602
2025-10-24T02:00:00Z,144465,105382,98754,75011,39083,40508,40093,60935,47671
2025-10-24T03:00:00Z,143466,103497,100319,73095,39969,39270,38889,58680,45913
2025-10-24T04:00:00Z,143276,102320,101031,73684,40956,38659,38286,56969,44854
2025-10-24T05:00:00Z,139995,99310,98271,70130,40685,38933,38544,56185,43454
2025-10-24T06:00:00Z,144543,104349,97344,70067,40194,46005,45606,67168,51610
2025-10-24T07:00:00Z,145620,110344,96300,72756,35276,49429,48984,62848,46343
2025-10-24T08:00:00Z,148598,105057,97943,68061,43541,49262,48777,64184,47157
2025-10-24T09:00:00Z,146720,103073,97247,64731,43647,47676,47224,61627,45140
2025-10-24T10:00:00Z,148339,103971,101263,68474,44368,47683,47227,63108,47645
2025-10-24T11:00:00Z,147246,104299,101242,69439,42947,48290,47848,61516,45685
2025-10-24T12:00:00Z,155484,96154,121841,71132,59330,46799,46307,84269,71327
2025-10-24T13:00:00Z,155140,105039,118256,75569,50101,49936,49486,77869,63723
2025-10-24T14:00:00Z,146014,110950,98427,74768,35064,53166,52663,65972,49584
2025-10-24T15:00:00Z,147174,111854,99347,74816,35320,53601,53046,67998,51734
2025-10-24T16:00:00Z,146792,111066,99875,75876,35726,51896,51367,66522,50539
2025-10-24T17:00:00Z,146201,108197,98632,73253,38004,49115,48578,62428,46963
2025-10-24T18:00:00Z,145651,101571,100780,69671,44080,45347,44837,65831,51410
2025-10-24T19:00:00Z,146697,101093,95824,68683,45604,43972,43464,59872,44383
2025-10-24T20:00:00Z,145287,104472,95007,70628,40815,43611,43156,60378,46515
2025-10-24T21:00:00Z,142537,97630,95359,68043,44907,40704,40190,58834,44959
2025-10-24T22:00:00Z,144438,95021,96866,68468,49417,34823,34345,54876,42346
2025-10-24T23:00:00Z,142916,95122,98789,68990,47794,34571,34182,52803,41610
2025-10-25T00:00:00Z,142629,90870,102724,66603,51759,33137,32674,66678,56285
2025-10-25T01:00:00Z,146919,80332,112434,59232,66587,30945,30569,81078,71547
2025-10-25T02:00:00Z,134109,92364,94431,66748,41745,31295,30911,53875,42980
2025-10-25T03:00:00Z,141893,96374,104888,70042,45519,32807,32462,54437,43965
2025-10-25T04:00:00Z,141990,98767,107196,73737,43223,35468,35129,53648,43633
2025-10-25T05:00:00Z,137859,96121,102660,70558,41738,35425,35083,53500,42575
2025-10-25T06:00:00Z,140441,96891,104857,70848,43550,35700,35365,59835,48283
2025-10-25T07:00:00Z,142361,104767,105854,77264,37594,39129,38823,54846,42981
2025-10-25T08:00:00Z,146560,107959,107978,79189,38601,41076,40715,59814,47628
2025-10-25T09:00:00Z,145454,107155,106089,76845,38299,40760,40416,58518,46229
2025-10-25T10:00:00Z,144711,106521,106022,76824,38190,39875,39541,58866,46668
2025-10-25T11:00:00Z,147645,110309,109193,79924,37336,42350,42031,57637,45283
2025-10-25T12:00:00Z,159800,94394,127111,69829,65406,40718,40356,86551,74871
2025-10-25T13:00:00Z,149291,102601,113544,74527,46690,43701,43390,72833,60327
2025-10-25T14:00:00Z,145035,109997,103725,78186,35038,46528,46190,61913,47537
2025-10-25T15:00:00Z,144911,110181,105088,78128,34730,46533,46187,63208,49417
2025-10-25T16:00:00Z,147219,113149,106024,81135,34070,47861,47508,64297,50632
2025-10-25T17:00:00Z,145722,112919,105505,81276,32803,47157,46839,61247,48294
2025-10-25T18:00:00Z,147315,107483,106538,76108,39832,42614,42261,65637,53200
2025-10-25T19:00:00Z,141515,107052,103838,77263,34463,39924,39613,53539,42170
2025-10-25T20:00:00Z,146237,108504,106853,78220,37733,40038,39688,57637,46908
2025-10-25T21:00:00Z,144510,105072,104895,73682,39438,37500,37127,55442,45431
2025-10-25T22:00:00Z,142013,99872,106026,73444,42141,34402,34070,51503,42151
2025-10-25T23:00:00Z,136907,96858,103370,71909,40049,32225,31937,47624,38924
2025-10-26T00:00:00Z,135924,92085,97793,65566,43839,31377,30956,59681,50634
2025-10-26T01:00:00Z,147880,81440,118468,61744,66440,31003,30655,83749,75222
2025-10-26T02:00:00Z,133151,95308,95819,68985,37843,32545,32213,55627,45419
2025-10-26T03:00:00Z,138304,97415,103100,71813,40889,31500,31159,53858,43518
2025-10-26T04:00:00Z,141744,102089,108542,77794,39655,34561,34234,52719,42985
2025-10-26T05:00:00Z,142259,102407,106904,75574,39852,35190,34807,52444,42278
2025-10-26T06:00:00Z,142757,98978,107510,72389,43779,36179,35849,60705,49828
2025-10-26T07:00:00Z,143348,105234,106267,75684,38114,36750,36452,52306,40858
2025-10-26T08:00:00Z,144981,107507,105955,77661,37474,40948,40619,58563,46460
2025-10-26T09:00:00Z,148328,105173,110069,74903,43155,41062,40760,58154,45488
2025-10-26T10:00:00Z,143243,107043,105754,78061,36200,42390,42083,59778,47747
2025-10-26T11:00:00Z,147610,112976,107602,81029,34634,43140,42830,57748,44959
2025-10-26T12:00:00Z,156313,96039,122546,69363,60274,41880,41559,87289,75149
2025-10-26T13:00:00Z,156962,110123,118426,79306,46839,47207,46897,77931,64405
2025-10-26T14:00:00Z,151047,118712,105848,81894,32335,49870,49539,64911,49580
2025-10-26T15:00:00Z,148262,113942,103071,77094,34320,46715,46388,63492,48986
2025-10-26T16:00:00Z,148989,113938,103910,78880,35051,47317,46974,64401,49846
2025-10-26T17:00:00Z,150164,115267,105788,80798,34897,48121,47805,63326,49008
2025-10-26T18:00:00Z,153129,112643,110563,79912,40486,46361,46029,70650,57125
2025-10-26T19:00:00Z,145863,112507,105160,80272,33356,42771,42359,56800,44583
2025-10-26T20:00:00Z,143838,107192,106009,78815,36646,40349,39989,57421,46350
2025-10-26T21:00:00Z,145669,107469,109768,80416,38200,41089,40775,59012,48506
2025-10-26T22:00:00Z,144847,106913,105628,77662,37934,38810,38499,55548,45143
2025-10-26T23:00:00Z,139845,102326,104813,75755,37519,37093,36792,52146,42401
2025-10-27T00:00:00Z,145694,84698,88982,62085,60996,32609,32192,59715,46063
2025-10-27T01:00:00Z,151102,79130,99577,56462,71972,34946,34570,78575,64208
2025-10-27T02:00:00Z,147067,91138,89491,64501,55929,39268,38869,63872,47971
2025-10-27T03:00:00Z,149743,92105,87096,64990,57638,37892,37409,58856,42359
2025-10-27T04:00:00Z,151485,92443,91274,66349,59042,36085,35649,56851,41636
2025-10-27T05:00:00Z,146372,91198,92067,64957,55174,38547,38180,57056,41856
2025-10-27T06:00:00Z,150073,88500,94966,61033,61573,40764,40360,63404,46064
2025-10-27T07:00:00Z,150740,97718,92649,62432,53022,41996,41604,58551,40887
2025-10-27T08:00:00Z,147832,95608,94634,62559,52224,43205,42730,60580,42944
2025-10-27T09:00:00Z,157532,101447,109789,71314,56085,46398,45962,64381,47932
2025-10-27T10:00:00Z,149214,91292,104333,66212,57922,45112,44656,63312,47267
2025-10-27T11:00:00Z,155428,94080,110846,68693,61348,45801,45364,62492,46313
2025-10-27T12:00:00Z,163995,86765,134509,68074,77230,43030,42649,82753,70426
2025-10-27T13:00:00Z,159879,95284,129031,75882,64595,48336,47929,78352,64547
2025-10-27T14:00:00Z,159219,103226,126601,81954,55993,52941,52540,69516,55152
2025-10-27T15:00:00Z,165786,102153,135378,82375,63633,51970,51610,70877,57240
2025-10-27T16:00:00Z,163664,95121,134370,77085,68543,48369,48013,66810,53389
2025-10-27T17:00:00Z,163992,92966,135620,75275,71026,45604,45268,63495,50649
2025-10-27T18:00:00Z,168199,89928,141760,73245,78271,44090,43698,69121,57500
2025-10-27T19:00:00Z,162511,90058,133406,70421,72453,41983,41613,58028,46868
2025-10-27T20:00:00Z,163274,84629,132749,65844,78645,40429,39992,58913,47256
2025-10-27T21:00:00Z,163821,79024,130755,60420,84797,36204,35824,54685,42515
2025-10-27T22:00:00Z,157934,77354,118101,57067,80580,34006,33617,52159,38782
2025-10-27T23:00:00Z,159742,76846,120557,57146,82896,35020,34658,51363,38810
2025-10-28T00:00:00Z,162557,72614,131310,55098,89943,33262,32801,60910,49573
2025-10-28T01:00:00Z,172612,69038,150923,56148,103574,31898,31517,77047,67155
2025-10-28T02:00:00Z,163067,75999,122115,52411,87068,32083,31727,52793,37478
2025-10-28T03:00:00Z,162784,74733,132120,55263,88051,34191,33828,53042,41072
2025-10-28T04:00:00Z,161626,75983,133600,56157,85643,32832,32491,48089,37850
2025-10-28T05:00:00Z,164478,76900,135982,56047,87578,33630,33300,48648,37841
2025-10-28T06:00:00Z,168794,76968,143915,58556,91826,36431,36104,55780,45037
2025-10-28T07:00:00Z,166130,83668,141508,64422,82462,40875,40526,53874,42897
2025-10-28T08:00:00Z,158071,96501,120337,67385,61570,46213,45822,60962,46394
2025-10-28T09:00:00Z,150371,101281,106769,67318,49090,48613,48163,62179,46438
2025-10-28T10:00:00Z,148752,101104,107146,68442,47648,47505,47046,62120,47176
2025-10-28T11:00:00Z,150155,106928,105343,71372,43227,50770,50286,63611,47783
2025-10-28T12:00:00Z,160179,104871,123893,76523,55308,51753,51311,91867,78154
2025-10-28T13:00:00Z,151238,109843,110565,77475,41395,55800,55320,82658,66692
2025-10-28T14:00:00Z,146685,117452,98043,78764,29233,58055,57582,70357,52419
2025-10-28T15:00:00Z,146105,114610,99692,77756,31495,56356,55888,70879,54285
2025-10-28T16:00:00Z,144645,114747,97273,77800,29898,57057,56501,71039,53589
2025-10-28T17:00:00Z,145440,113591,94772,75486,31849,54296,53747,68092,50748
2025-10-28T18:00:00Z,145163,106274,98567,72926,38889,50420,49863,72231,56144
2025-10-28T19:00:00Z,146422,108850,95928,72694,37572,47670,47194,62154,46793
2025-10-28T20:00:00Z,141653,102382,92095,69302,39271,46414,45949,63783,48066
2025-10-28T21:00:00Z,144392,102540,95322,70507,41852,44510,44057,61682,47010
2025-10-28T22:00:00Z,142878,97314,94216,68977,45564,40571,40103,59258,45175
2025-10-28T23:00:00Z,143300,98441,98911,69882,44859,39485,39090,56033,43580
2025-10-29T00:00:00Z,146286,91640,99325,64744,54646,37914,37411,64800,51655
2025-10-29T01:00:00Z,153393,88061,112725,62689,65332,39424,39012,82670,69733
2025-10-29T02:00:00Z,148704,99622,101464,70438,49082,42624,42250,65241,50751
2025-10-29T03:00:00Z,145808,99162,97747,69487,46646,40754,40338,60888,46286
2025-10-29T04:00:00Z,143669,97555,98492,67877,46114,36924,36549,55457,42259
2025-10-29T05:00:00Z,148255,99045,102529,69239,49210,39723,39369,57289,43144
2025-10-29T06:00:00Z,147072,100273,100033,68598,46799,44071,43667,65842,49971
2025-10-29T07:00:00Z,146528,102761,98995,69385,43767,46826,46424,61596,45164
2025-10-29T08:00:00Z,145337,104076,93329,67098,41261,47736,47254,62932,45251
2025-10-29T09:00:00Z,145873,104274,95599,68388,41599,50345,49811,64683,47174
2025-10-29T10:00:00Z,149800,108291,100487,72987,41509,50809,50343,66557,49872
2025-10-29T11:00:00Z,150310,107552,101382,73482,42758,50632,50188,64820,47685
2025-10-29T12:00:00Z,157764,102162,122413,76141,55602,49173,48735,88729,74723
2025-10-29T13:00:00Z,147951,106516,108106,75966,41435,52660,52188,80158,64490
2025-10-29T14:00:00Z,147690,116126,100730,81207,31564,58871,58359,72687,55133
2025-10-29T15:00:00Z,148416,114807,101851,80549,33609,58023,57482,73583,56357
2025-10-29T16:00:00Z,145418,112269,96746,77009,33149,54794,54294,71151,53268
2025-10-29T17:00:00Z,145139,110732,95949,74927,34407,51932,51442,66694,49311
2025-10-29T18:00:00Z,153024,113780,104723,78519,39244,51814,51313,73449,57061
2025-10-29T19:00:00Z,147741,111886,98929,76446,35855,48982,48562,63573,48105
2025-10-29T20:00:00Z,142720,107010,95875,72919,35710,47121,46649,63130,48574
2025-10-29T21:00:00Z,148590,109912,101693,75577,38678,45022,44517,61005,47115
2025-10-29T22:00:00Z,145122,105370,100077,74073,39752,41450,40974,57497,44564
2025-10-29T23:00:00Z,138769,101812,99036,74499,36957,42075,41612,57467,45862
2025-10-30T00:00:00Z,145278,101225,102685,73161,44053,40763,40228,68401,56260
2025-10-30T01:00:00Z,147410,90259,109271,63628,57151,38829,38387,82330,69778
2025-10-30T02:00:00Z,145213,104964,100511,74407,40249,41758,41358,64811,51006
2025-10-30T03:00:00Z,144664,102885,100027,72956,41779,41514,41104,63069,49067
2025-10-30T04:00:00Z,144860,104625,103313,75796,40235,41192,40669,59222,46739
2025-10-30T05:00:00Z,145606,107204,102966,76112,38402,43640,43221,61554,47973
2025-10-30T06:00:00Z,147646,108801,101955,74352,38845,45166,44761,67574,52307
2025-10-30T07:00:00Z,142661,108404,95537,72596,34257,48392,47986,62970,46780
2025-10-30T08:00:00Z,144720,112865,93539,73684,31855,51618,51156,66902,49675
2025-10-30T09:00:00Z,142961,110670,91498,71526,32291,52565,52099,66886,49151
2025-10-30T10:00:00Z,147925,113216,96807,74782,34709,51244,50753,66405,49068
2025-10-30T11:00:00Z,146935,109101,95148,70042,37834,49949,49447,63850,46652
2025-10-30T12:00:00Z,157468,101775,119930,72753,55693,50940,50462,89493,75369
2025-10-30T13:00:00Z,148039,105390,107276,74076,42649,53598,53128,80710,65379
2025-10-30T14:00:00Z,144711,115253,95574,76368,29458,57087,56548,70043,52958
2025-10-30T15:00:00Z,147993,115987,98761,77830,32006,56666,56122,72035,54317
2025-10-30T16:00:00Z,147552,116634,99323,79620,30918,57110,56562,71734,54466
2025-10-30T17:00:00Z,143888,111681,93934,74867,32207,54284,53750,68349,50404
2025-10-30T18:00:00Z,145960,109532,100553,75421,36428,51646,51069,72016,56334
2025-10-30T19:00:00Z,141196,108488,94481,73376,32708,47614,47052,61609,46433
2025-10-30T20:00:00Z,143533,105549,95307,72139,37984,46274,45760,62903,48337
2025-10-30T21:00:00Z,144899,106919,99244,74363,37980,45790,45298,62041,48753
2025-10-30T22:00:00Z,142334,104315,101385,74912,38019,43134,42635,60107,47892
2025-10-30T23:00:00Z,137502,100555,98056,72150,36947,40377,39913,56518,45258
2025-10-31T00:00:00Z,142122,94595,100612,67716,47527,37944,37414,68434,56243
2025-10-31T01:00:00Z,147533,88786,109970,62475,58747,39012,38583,85480,72781
2025-10-31T02:00:00Z,139809,104134,97312,73759,35675,42907,42486,63772,50499
2025-10-31T03:00:00Z,143216,103030,100732,73178,40186,40893,40468,63124,49541
2025-10-31T04:00:00Z,142208,103112,100250,73262,39096,38295,37906,58302,45754
2025-10-31T05:00:00Z,139621,103350,100161,74178,36271,41198,40814,58910,46077
2025-10-31T06:00:00Z,146043,107391,102534,74934,38652,46287,45872,68881,53576
2025-10-31T07:00:00Z,143947,108890,99726,76008,35057,47620,47203,62736,47561
2025-10-31T08:00:00Z,142048,108274,92692,71339,33774,47649,47171,63444,46953
2025-10-31T09:00:00Z,145114,111861,94804,72876,33253,50216,49733,65195,48365
2025-10-31T10:00:00Z,144921,110757,95280,73163,34164,50731,50216,66763,50763
2025-10-31T11:00:00Z,143940,110624,97427,75447,33316,49807,49348,63309,48028
2025-10-31T12:00:00Z,152451,99915,113152,69861,52536,48159,47686,87431,73078
2025-10-31T13:00:00Z,149068,107039,105751,72815,42029,51310,50840,79318,63320
2025-10-31T14:00:00Z,141553,113386,93252,75197,28167,54456,53954,67447,50305
2025-10-31T15:00:00Z,139733,110026,93802,73843,29707,53706,53202,68768,52242
2025-10-31T16:00:00Z,141469,110740,93575,74304,30729,52789,52278,67316,50984
2025-10-31T17:00:00Z,142404,110313,92660,73400,32091,50482,49983,64271,48398
2025-10-31T18:00:00Z,144934,105281,96677,70334,39653,46535,46056,69353,54186
2025-10-31T19:00:00Z,143798,108070,97652,73953,35728,44496,43996,60045,45652
2025-10-31T20:00:00Z,141568,103657,96891,72451,37911,42318,41854,60643,47484
2025-10-31T21:00:00Z,137478,98573,96849,70395,38905,39772,39328,57052,45440
2025-10-31T22:00:00Z,139070,98859,99299,71795,40211,36926,36496,55502,44852
2025-10-31T23:00:00Z,135161,93124,96588,67412,42037,33567,33183,51979,41830
2025-11-01T00:00:00Z,137907,81769,92848,59787,56138,29451,28955,61167,49903
2025-11-01T01:00:00Z,146683,73234,109127,54036,73449,28853,28429,81676,71303
2025-11-01T02:00:00Z,134947,84297,90356,61838,50650,31221,30830,57621,46258
2025-11-01T03:00:00Z,141771,86837,92610,62354,54934,29459,29076,54274,42393
2025-11-01T04:00:00Z,136682,90517,95827,66554,46165,30259,29911,50034,39382
2025-11-01T05:00:00Z,139674,94188,96954,68879,45486,34472,34132,53265,42041
2025-11-01T06:00:00Z,144148,94289,102865,70254,49859,36149,35775,62826,50709
2025-11-01T07:00:00Z,145410,103274,102592,76095,42136,38179,37769,54944,42316
2025-11-01T08:00:00Z,142165,98236,98126,71142,43929,36410,35954,56438,43596
2025-11-01T09:00:00Z,146592,101248,102120,73869,45344,38641,38257,58176,44817
2025-11-01T10:00:00Z,145882,101717,102333,74112,44165,40683,40332,60372,47510
2025-11-01T11:00:00Z,148114,103546,103652,76631,44568,41699,41408,58298,44841
2025-11-01T12:00:00Z,158129,89551,121712,66149,68578,38362,38034,86274,73946
2025-11-01T13:00:00Z,153123,103049,113631,75757,50074,42266,41934,72622,59689
2025-11-01T14:00:00Z,148976,111808,102990,79795,37168,46430,46084,62171,47621
2025-11-01T15:00:00Z,145885,109147,102316,78992,36738,46026,45693,62722,48642
2025-11-01T16:00:00Z,147439,110580,103863,81422,36859,46255,45922,64003,49811
2025-11-01T17:00:00Z,147620,110828,104431,81300,36792,44848,44528,60256,46684
2025-11-01T18:00:00Z,152546,105958,109367,77737,46588,42812,42480,68233,55072
2025-11-01T19:00:00Z,142591,103263,102891,77115,39328,40407,40091,55891,44288
2025-11-01T20:00:00Z,145507,102716,104624,76591,42791,39590,39184,57525,46321
2025-11-01T21:00:00Z,144990,100684,104085,75199,44306,38038,37608,55867,45009
2025-11-01T22:00:00Z,141022,97811,94004,67176,43211,32445,32067,49953,39596
2025-11-01T23:00:00Z,136733,94381,98111,70867,42352,32334,32010,49021,39028
2025-11-02T00:00:00Z,137633,92994,102059,70266,44639,33364,32894,62821,53599
2025-11-02T01:00:00Z,142231,77581,113765,59441,64650,30228,29847,82229,73757
2025-11-02T02:00:00Z,136910,97469,98697,69888,39441,32416,32072,59351,49407
2025-11-02T03:00:00Z,139381,102601,100774,72538,36780,30947,30591,54157,43966
2025-11-02T04:00:00Z,138593,99867,105776,75681,38726,32544,32232,51617,41976
2025-11-02T05:00:00Z,133633,96738,101346,72629,36895,33974,33674,51307,41801
2025-11-02T06:00:00Z,139396,98445,107912,74257,40951,36838,36537,62760,52323
2025-11-02T07:00:00Z,133715,98824,100908,73063,34891,35869,35558,51553,40655
2025-11-02T08:00:00Z,12954,10801,0,0,2153,6754,6636,7969,0
2025-11-02T09:00:00Z,263178,197442,206275,152668,65736,63550,63148,90644,74220
2025-11-02T10:00:00Z,144112,108902,107865,81000,35210,41872,41538,60491,48542
2025-11-02T11:00:00Z,150005,115344,112340,86326,34661,43648,43349,60873,48586
2025-11-02T12:00:00Z,157419,96652,126152,72374,60767,39862,39539,87141,75447
2025-11-02T13:00:00Z,151541,107938,116138,78772,43603,44584,44265,74712,61904
2025-11-02T14:00:00Z,146920,116880,107592,84842,30040,50428,50110,65374,51188
2025-11-02T15:00:00Z,150763,118818,111344,86726,31945,50238,49888,67154,53143
2025-11-02T16:00:00Z,147233,116105,107405,84901,31128,49949,49619,66608,52505
2025-11-02T17:00:00Z,147081,116770,105190,83612,30311,46590,46248,61284,47819
2025-11-02T18:00:00Z,151747,113381,114542,84437,38366,45003,44656,68921,56317
2025-11-02T19:00:00Z,149412,116745,111672,86801,32667,46451,46131,60908,49118
2025-11-02T20:00:00Z,147786,111493,109008,82761,36293,43935,43589,61373,49869
2025-11-02T21:00:00Z,142782,105253,102456,76127,37529,41207,40774,57850,46698
2025-11-02T22:00:00Z,139385,101919,102839,75326,37466,36712,36342,53863,43533
2025-11-02T23:00:00Z,138917,102680,103436,75916,36237,36668,36365,53170,42839
2025-11-03T00:00:00Z,142016,90557,96127,67768,51459,36410,35975,64463,52100
2025-11-03T01:00:00Z,151554,84931,106902,60263,66623,37096,36685,83758,70275
2025-11-03T02:00:00Z,142869,96278,94317,68864,46591,39857,39452,64728,50322
2025-11-03T03:00:00Z,142923,97703,92076,68787,45220,39155,38675,61097,46191
2025-11-03T04:00:00Z,144114,97104,95391,70050,47010,39070,38603,59610,45943
2025-11-03T05:00:00Z,143128,99743,96310,71099,43385,41110,40702,60079,45855
2025-11-03T06:00:00Z,147039,101411,95735,69913,45628,45004,44607,69222,52884
2025-11-03T07:00:00Z,145795,105548,92432,70402,40247,45988,45558,62100,45096
2025-11-03T08:00:00Z,144349,105840,88476,68829,38509,47649,47165,65370,47056
2025-11-03T09:00:00Z,141345,108830,90387,71152,32515,51626,51147,66120,48606
2025-11-03T10:00:00Z,146586,110725,91069,71506,35861,50703,50199,67488,49850
2025-11-03T11:00:00Z,145054,108844,91481,72199,36210,50464,49994,64698,47191
2025-11-03T12:00:00Z,159452,103756,117207,74183,55696,49096,48627,90929,75557
2025-11-03T13:00:00Z,153816,108370,109713,76677,45446,52623,52147,82721,66302
2025-11-03T14:00:00Z,144636,114489,95968,78530,30147,56958,56429,70651,52856
2025-11-03T15:00:00Z,149758,117296,99671,79592,32462,56487,55956,71911,55143
2025-11-03T16:00:00Z,145248,115245,95524,77344,30003,55423,54875,70152,53275
2025-11-03T17:00:00Z,147598,111432,95568,76539,36166,53223,52650,68645,50777
2025-11-03T18:00:00Z,154278,111208,104519,78110,43070,50642,50098,73912,57376
2025-11-03T19:00:00Z,146098,106485,95329,74332,39613,48512,48014,64600,48295
2025-11-03T20:00:00Z,144608,102969,93449,71580,41639,46394,45910,64051,48728
2025-11-03T21:00:00Z,145121,103401,94805,71435,41720,44911,44429,62545,47974
2025-11-03T22:00:00Z,143876,98785,91924,67263,45091,41212,40732,60556,45871
2025-11-03T23:00:00Z,143629,101256,95982,71777,42373,41393,40950,57355,44629
2025-11-04T00:00:00Z,144762,98985,101679,71197,45777,41845,41302,70172,57658
2025-11-04T01:00:00Z,154236,93269,114893,66300,60967,41434,40965,87766,74871
2025-11-04T02:00:00Z,142019,103959,99773,74327,38060,43117,42709,66192,52204
2025-11-04T03:00:00Z,139309,101084,97490,71071,38225,40769,40346,61939,48158
2025-11-04T04:00:00Z,143088,105712,102286,76628,37376,41096,40710,59833,47056
2025-11-04T05:00:00Z,143362,107886,101724,77361,35476,43779,43387,61343,47374
2025-11-04T06:00:00Z,148613,110828,103492,76894,37785,48392,47966,70626,54698
2025-11-04T07:00:00Z,145483,112155,97451,75940,33328,49107,48596,64155,47205
2025-11-04T08:00:00Z,143885,111660,92575,72802,32225,50927,50434,66085,48266
2025-11-04T09:00:00Z,145056,111746,91561,72141,33310,53828,53310,68738,50320
2025-11-04T10:00:00Z,145299,113568,95440,75712,31731,53395,52791,68751,51424
2025-11-04T11:00:00Z,148307,115731,98105,77756,32576,53934,53456,67900,50363
2025-11-04T12:00:00Z,153840,102034,115731,73168,51806,50096,49634,89364,74476
2025-11-04T13:00:00Z,150043,107368,108298,74417,42675,53344,52777,82301,66058
2025-11-04T14:00:00Z,141687,112878,95911,77059,28809,57128,56592,70405,53024
2025-11-04T15:00:00Z,146029,115965,100649,79578,30064,58579,58082,73056,55808
2025-11-04T16:00:00Z,143552,113965,97085,77757,29587,56932,56379,70509,53425
2025-11-04T17:00:00Z,146780,116143,99918,79895,30637,54858,54338,68128,51355
2025-11-04T18:00:00Z,148339,110576,102703,76283,37763,51542,51045,73103,56718
2025-11-04T19:00:00Z,144101,110626,97679,74956,33475,49980,49483,64314,48810
2025-11-04T20:00:00Z,145484,107570,98882,74052,37914,48313,47820,65836,51003
2025-11-04T21:00:00Z,144032,108104,99668,73617,35928,46403,45925,61732,48314
2025-11-04T22:00:00Z,145703,103935,95709,70313,41768,42828,42359,59560,45724
2025-11-04T23:00:00Z,144675,102967,97778,70879,41708,40694,40271,57068,44174
2025-11-05T00:00:00Z,138877,96061,98376,67828,42816,40312,39786,66068,53612
2025-11-05T01:00:00Z,147747,88840,109805,61784,58907,40327,39881,84294,71302
2025-11-05T02:00:00Z,141611,104811,100428,74439,36800,45072,44628,65258,51604
2025-11-05T03:00:00Z,143755,103772,101186,73083,39983,42377,41931,63404,49433
2025-11-05T04:00:00Z,145840,105894,104695,75561,39946,40809,40391,59934,46847
2025-11-05T05:00:00Z,143457,105793,103110,75475,37664,44353,43956,61473,47688
2025-11-05T06:00:00Z,149677,109965,104648,75699,39712,48159,47742,70043,54040
2025-11-05T07:00:00Z,145361,111329,98032,73984,34032,50161,49747,64415,48007
2025-11-05T08:00:00Z,158782,133355,85261,66340,25427,44316,43912,57945,45272
2025-11-05T09:00:00Z,146400,115348,92058,71277,31052,52750,52252,67305,49886
2025-11-05T10:00:00Z,146595,113589,94807,73451,33006,53833,53308,68519,51175
2025-11-05T11:00:00Z,141135,111805,91035,72171,29330,50980,50454,64073,46839
2025-11-05T12:00:00Z,156129,105029,116153,73982,51100,50573,50062,89308,74389
2025-11-05T13:00:00Z,149344,109308,108283,76228,40036,54805,54294,83090,67201
2025-11-05T14:00:00Z,145397,119086,96003,79414,26311,59351,58787,71840,53847
2025-11-05T15:00:00Z,149317,120351,101678,81672,28966,59726,59185,74754,57157
2025-11-05T16:00:00Z,146150,115664,95318,77163,30486,56439,55832,71273,53541
2025-11-05T17:00:00Z,143566,111935,92543,73850,31631,53278,52774,67342,50153
2025-11-05T18:00:00Z,145954,111439,99612,75291,34515,52737,52238,73090,57177
2025-11-05T19:00:00Z,146004,111480,97198,75690,34524,51173,50668,65880,50099
2025-11-05T20:00:00Z,145586,106949,94792,72133,38637,48573,48039,66150,50185
2025-11-05T21:00:00Z,145156,106035,97015,71306,39121,45268,44726,61407,47324
2025-11-05T22:00:00Z,141886,104260,96743,72025,37626,43201,42719,59839,46744
2025-11-05T23:00:00Z,141853,106467,101001,77024,35386,44263,43857,59723,47905
2025-11-06T00:00:00Z,146109,100014,100953,71439,46095,41554,41053,69669,56386
2025-11-06T01:00:00Z,149127,91936,110230,64133,57191,40569,40122,85033,71615
2025-11-06T02:00:00Z,142993,105570,99202,74616,37423,42695,42200,64394,50444
2025-11-06T03:00:00Z,141340,103500,98817,73777,37840,42763,42273,64151,50060
2025-11-06T04:00:00Z,141443,104608,102434,76783,36835,43289,42858,62381,49624
2025-11-06T05:00:00Z,145397,108695,103803,78115,36702,45387,45002,63332,49349
2025-11-06T06:00:00Z,142668,106852,99362,73653,35816,46476,46024,68810,52813
2025-11-06T07:00:00Z,142640,110142,96039,74467,32498,48774,48262,63744,46995
2025-11-06T08:00:00Z,142896,111532,92296,73508,31364,52292,51731,67295,49250
2025-11-06T09:00:00Z,142342,112108,91443,72549,30234,53666,53145,67810,50170
2025-11-06T10:00:00Z,142872,112825,93417,74133,30047,53054,52534,67956,51175
2025-11-06T11:00:00Z,140508,110590,92887,73718,29918,52568,52019,65242,48824
2025-11-06T12:00:00Z,153935,104041,116615,74960,49894,51739,51260,90178,75689
2025-11-06T13:00:00Z,151545,111403,109998,77749,40142,53878,53383,82278,66339
2025-11-06T14:00:00Z,142830,115272,95220,77624,27558,57181,56647,69778,51789
2025-11-06T15:00:00Z,139830,110266,94029,75615,29564,55839,55315,70568,53057
2025-11-06T16:00:00Z,143395,115736,95994,78892,27659,56767,56251,71203,53763
2025-11-06T17:00:00Z,143495,113067,96288,78696,30428,54536,54062,68378,51804
2025-11-06T18:00:00Z,142317,107795,96939,74264,34522,50921,50432,71344,55097
2025-11-06T19:00:00Z,147184,115216,92486,72130,31968,47886,47386,62065,46654
2025-11-06T20:00:00Z,143879,108265,95583,73256,35614,47886,47370,64257,49818
2025-11-06T21:00:00Z,144151,108467,98327,74880,35684,46177,45682,61697,48142
2025-11-06T22:00:00Z,146018,107801,100159,75605,38217,44881,44385,61888,48796
2025-11-06T23:00:00Z,142287,105584,97903,73062,36703,41385,40970,57370,45447
2025-11-07T00:00:00Z,145362,100996,98879,68455,44366,38837,38356,67042,54457
2025-11-07T01:00:00Z,151617,93722,111622,63900,57895,40357,39938,85805,73019
2025-11-07T02:00:00Z,142940,107715,98124,74433,35225,43272,42857,64154,50698
2025-11-07T03:00:00Z,145284,107419,99739,73513,37865,43098,42664,64126,50682
2025-11-07T04:00:00Z,144085,107138,101352,75166,36947,39645,39264,58255,46188
2025-11-07T05:00:00Z,142490,106366,98028,72292,36124,39961,39559,57521,44731
2025-11-07T06:00:00Z,146728,109280,100485,73627,37448,45560,44982,67681,52479
2025-11-07T07:00:00Z,145430,113062,98444,76007,32368,48703,48258,63039,47288
2025-11-07T08:00:00Z,144262,113860,94183,74620,30402,51076,50581,66017,49215
2025-11-07T09:00:00Z,147511,114947,94323,73428,32564,51735,51236,66595,49111
2025-11-07T10:00:00Z,147386,114572,95993,74332,32814,50729,50229,67050,50279
2025-11-07T11:00:00Z,146436,113603,98369,76860,32833,51476,50983,65609,49392
2025-11-07T12:00:00Z,159267,104612,118764,73820,54655,49664,49088,90794,75836
2025-11-07T13:00:00Z,151992,110370,110988,78079,41622,53017,52537,81577,66082
2025-11-07T14:00:00Z,148009,117982,97848,78659,30027,56351,55840,70168,52147
2025-11-07T15:00:00Z,147084,115803,98162,77394,31281,54130,53607,69703,52826
2025-11-07T16:00:00Z,145988,115060,97907,77828,30928,53025,52420,68056,52041
2025-11-07T17:00:00Z,145060,114350,97046,77849,30710,52392,51837,66317,50219
2025-11-07T18:00:00Z,149878,110358,102818,77187,39520,49806,49268,72028,56309
2025-11-07T19:00:00Z,147926,113816,101345,79113,34110,48376,47863,62789,48443
2025-11-07T20:00:00Z,144562,108803,99468,75534,35759,44103,43597,61324,47441
2025-11-07T21:00:00Z,144681,106680,100141,74270,38001,42018,41558,58451,45848
2025-11-07T22:00:00Z,144759,107844,100464,75077,36915,41237,40796,58354,46775
2025-11-07T23:00:00Z,140865,102626,100516,74064,38239,39570,39091,55532,44929
2025-11-08T00:00:00Z,142058,95198,102142,68587,46860,36929,36422,67757,57016
2025-11-08T01:00:00Z,149161,82567,113961,59974,66594,33145,32731,84736,74362
2025-11-08T02:00:00Z,140295,100481,98694,73245,39814,34005,33618,56507,44920
2025-11-08T03:00:00Z,140382,99841,104071,72950,40541,34487,34105,56578,45485
2025-11-08T04:00:00Z,141129,103146,106000,76750,37983,37373,37016,56083,45589
2025-11-08T05:00:00Z,141111,103700,106291,76769,37411,38427,38084,56572,45447
2025-11-08T06:00:00Z,142003,102444,107903,75841,39559,39731,39384,64386,52836
2025-11-08T07:00:00Z,144000,108934,108229,80074,35066,39418,39102,55985,44318
2025-11-08T08:00:00Z,141367,105077,103499,76182,36290,39569,39222,58471,46057
2025-11-08T09:00:00Z,144111,107381,107495,79255,36730,40268,39944,58290,45956
2025-11-08T10:00:00Z,143463,109166,108068,81268,34297,43297,42932,62149,50114
2025-11-08T11:00:00Z,144957,113452,105521,80604,31505,43372,43050,59379,46195
2025-11-08T12:00:00Z,151280,92321,119631,67365,58959,40507,40161,85334,73733
2025-11-08T13:00:00Z,151088,106402,116308,77793,44686,43722,43400,74171,61231
2025-11-08T14:00:00Z,147985,116355,106973,83429,31630,47086,46745,63281,48892
2025-11-08T15:00:00Z,151074,118823,109916,84774,32251,49925,49600,67387,53132
2025-11-08T16:00:00Z,150092,118639,107803,84801,31453,49833,49469,67431,52909
2025-11-08T17:00:00Z,148957,117764,109842,86917,31193,49372,48942,64225,50907
2025-11-08T18:00:00Z,147133,109341,106742,77500,37792,44364,43913,67619,54859
2025-11-08T19:00:00Z,143454,111172,105268,79762,32282,42211,41857,57155,45555
2025-11-08T20:00:00Z,147775,111722,108902,81045,36053,42382,42001,60101,48846
2025-11-08T21:00:00Z,142020,104491,106451,78201,37529,40077,39703,57030,46489
2025-11-08T22:00:00Z,142073,105394,106891,79353,36679,38857,38492,56001,46029
2025-11-08T23:00:00Z,139713,104208,106491,79054,35505,36459,36065,51825,42664
2025-11-09T00:00:00Z,137487,95048,100478,69653,42439,32825,32409,61204,51281
2025-11-09T01:00:00Z,149709,85125,119579,64631,64584,32787,32397,85039,76038
2025-11-09T02:00:00Z,133186,95681,98380,71021,37505,34664,34318,59268,48891
2025-11-09T03:00:00Z,137858,101532,104462,76202,36326,36474,36104,58331,48306
2025-11-09T04:00:00Z,137459,100313,104597,75737,37146,34274,33935,53105,43177
2025-11-09T05:00:00Z,137504,101086,105158,76285,36418,34942,34617,53111,42423
2025-11-09T06:00:00Z,142455,103130,109806,78067,39325,38839,38510,63620,52452
2025-11-09T07:00:00Z,139091,105654,106739,79671,33437,40686,40374,56362,45344
2025-11-09T08:00:00Z,144394,108977,109233,81245,35417,42826,42486,61447,49613
2025-11-09T09:00:00Z,143724,106986,107855,78935,36738,41665,41192,59566,47546
2025-11-09T10:00:00Z,145932,110129,110314,81806,35803,42123,41780,61284,49234
2025-11-09T11:00:00Z,141641,109629,106588,81643,32012,43875,43565,59008,46897
2025-11-09T12:00:00Z,153687,94561,122403,69438,59126,42573,42217,87751,75748
2025-11-09T13:00:00Z,152817,109435,117131,80411,43382,48346,48018,77865,64405
2025-11-09T14:00:00Z,147431,116924,106782,83893,30507,49828,49500,65289,50742
2025-11-09T15:00:00Z,149963,117602,108382,83408,32361,50186,49841,67228,52466
2025-11-09T16:00:00Z,152322,120560,109059,85912,31762,50741,50383,68222,53701
2025-11-09T17:00:00Z,150351,119540,110592,87943,30811,51034,50669,65599,51930
2025-11-09T18:00:00Z,151089,113586,112566,83133,37503,48959,48621,72020,58978
2025-11-09T19:00:00Z,147693,115447,109278,84412,32246,46781,46431,61220,48967
2025-11-09T20:00:00Z,146662,111731,107980,81462,34931,43656,43317,61327,49337
2025-11-09T21:00:00Z,141725,106249,105953,78658,35476,41219,40864,58145,47234
2025-11-09T22:00:00Z,144566,108171,107460,79578,36395,41334,40998,58569,48015
2025-11-09T23:00:00Z,142353,108008,106551,80182,34345,40727,40425,56243,46364
2025-11-10T00:00:00Z,144841,94251,96996,68906,50590,37491,37064,65551,53094
2025-11-10T01:00:00Z,151382,86723,107227,60728,64659,36782,36379,83108,69618
2025-11-10T02:00:00Z,143565,97213,93239,68158,46352,40747,40320,65201,50100
2025-11-10T03:00:00Z,146138,101244,95268,72263,44894,43539,43136,65081,50035
2025-11-10T04:00:00Z,142634,96193,95766,70571,46441,40949,40531,60906,47429
2025-11-10T05:00:00Z,147019,103111,99094,73765,43908,43587,43090,61919,47595
2025-11-10T06:00:00Z,146480,101285,93988,68636,45195,43833,43404,67313,50251
2025-11-10T07:00:00Z,148382,107523,93184,71289,40859,47603,47180,62844,45606
2025-11-10T08:00:00Z,145315,107020,89584,70395,38295,50375,49877,66792,48615
2025-11-10T09:00:00Z,147611,111151,91482,71937,36460,52594,52064,68826,50292
2025-11-10T10:00:00Z,143506,109621,92051,72538,33885,51997,51499,68200,51055
2025-11-10T11:00:00Z,149482,106311,89926,70269,43171,49847,49335,65636,47157
2025-11-10T12:00:00Z,154369,97989,112324,71066,56380,48047,47570,88031,72560
2025-11-10T13:00:00Z,156274,108890,113632,78349,47384,53419,52967,86371,70174
2025-11-10T14:00:00Z,148846,116737,100755,81654,32109,58142,57673,73587,55893
2025-11-10T15:00:00Z,151008,112902,106515,80538,38106,56734,56249,74264,57570
2025-11-10T16:00:00Z,150888,107615,106839,77262,43273,54094,53625,70989,54490
2025-11-10T17:00:00Z,149453,103523,107489,75128,45930,51022,50562,67713,52202
2025-11-10T18:00:00Z,158796,101958,118032,75940,56838,49465,48983,74107,59372
2025-11-10T19:00:00Z,153851,101366,108599,71524,52485,48000,47510,64488,49727
2025-11-10T20:00:00Z,151200,98972,106337,68775,52228,46035,45547,63974,50089
2025-11-10T21:00:00Z,151781,95088,103884,65580,56693,43582,43115,61401,47011
2025-11-10T22:00:00Z,146413,92567,100466,63046,53846,40291,39843,56993,43321
2025-11-10T23:00:00Z,151381,92716,107007,65004,58665,39750,39352,55630,43428
2025-11-11T00:00:00Z,151867,88880,109151,62927,62987,39603,39123,65814,53195
2025-11-11T01:00:00Z,156211,83150,122750,59676,73061,38836,38426,81918,70133
2025-11-11T02:00:00Z,149566,95707,107594,64981,53859,41488,41087,62334,48710
2025-11-11T03:00:00Z,149443,93834,105099,62788,55609,40339,39859,60231,45693
2025-11-11T04:00:00Z,153171,95154,112474,66276,58017,38820,38388,57322,44454
2025-11-11T05:00:00Z,148508,91578,110786,63750,56930,40506,40132,56817,43611
2025-11-11T06:00:00Z,150415,92716,110555,62889,57699,43414,42979,63286,48815
2025-11-11T07:00:00Z,153700,99194,112013,67137,54506,46519,46102,60750,45285
2025-11-11T08:00:00Z,149548,97581,107085,65112,51967,46547,46101,61465,45574
2025-11-11T09:00:00Z,151474,101130,110171,68721,50344,48729,48264,62605,47053
2025-11-11T10:00:00Z,151773,99773,113597,70080,52000,48949,48486,64083,49602
2025-11-11T11:00:00Z,153215,97259,118513,69995,55956,47568,47117,60841,47434
2025-11-11T12:00:00Z,167100,91979,142240,72042,75121,46528,46150,83224,72631
2025-11-11T13:00:00Z,167176,100424,140449,78176,66752,48310,47950,76982,65802
2025-11-11T14:00:00Z,162965,108257,133219,83698,54708,52884,52457,67802,55434
2025-11-11T15:00:00Z,165432,108417,138558,86206,57015,52248,51849,70321,59044
2025-11-11T16:00:00Z,164655,110637,133222,85237,54018,53162,52737,71126,58220
2025-11-11T17:00:00Z,157172,115856,115858,83195,41316,52686,52165,70266,55558
2025-11-11T18:00:00Z,157592,109553,116865,78864,48039,51199,50717,73599,58952
2025-11-11T19:00:00Z,150172,104746,107192,73025,45426,47267,46788,61951,47459
2025-11-11T20:00:00Z,150504,101633,107153,70897,48871,45149,44669,62113,48232
2025-11-11T21:00:00Z,148029,103706,104602,72664,44323,45031,44577,61190,47806
2025-11-11T22:00:00Z,144374,105506,100401,74283,38868,44056,43590,61393,48402
2025-11-11T23:00:00Z,146997,98486,107264,70555,48511,41871,41459,57367,45452
2025-11-12T00:00:00Z,147353,93896,107964,67320,53457,40236,39756,66162,53873
2025-11-12T01:00:00Z,155047,85983,118191,60844,69064,38185,37746,81979,69202
2025-11-12T02:00:00Z,148437,100576,102840,66397,47861,40854,40431,60998,47050
2025-11-12T03:00:00Z,147784,96566,106561,67477,51218,41422,41021,61785,47715
2025-11-12T04:00:00Z,148219,101566,105086,70960,46653,41463,41058,61681,48507
2025-11-12T05:00:00Z,144224,103624,101580,73457,40600,43784,43401,61133,47717
2025-11-12T06:00:00Z,144671,104150,99219,70772,40521,46602,46185,68289,52503
2025-11-12T07:00:00Z,145522,110359,96550,72453,35163,48933,48508,63393,46647
2025-11-12T08:00:00Z,143532,108248,91827,70041,35284,51482,50973,66260,48217
2025-11-12T09:00:00Z,145809,110831,94326,71941,34978,53229,52715,67465,49367
2025-11-12T10:00:00Z,145246,114153,94056,74528,31093,53954,53459,68938,51658
2025-11-12T11:00:00Z,148972,117144,99470,78616,31828,53687,53201,68032,50912
2025-11-12T12:00:00Z,157952,104426,121106,77022,53526,51181,50653,90552,76439
2025-11-12T13:00:00Z,153188,109427,114634,79636,43761,53618,53128,83248,68228
2025-11-12T14:00:00Z,148537,119082,100691,81729,29455,58562,57982,72749,54988
2025-11-12T15:00:00Z,145020,116197,99855,80492,28823,56622,56116,71711,54774
2025-11-12T16:00:00Z,146054,117532,98269,80333,28522,58039,57496,72290,54922
2025-11-12T17:00:00Z,144591,115119,98870,79805,29472,55133,54574,69878,53400
2025-11-12T18:00:00Z,144454,109247,101153,76402,35207,51633,51113,72160,57351
2025-11-12T19:00:00Z,145353,112685,96664,76561,32668,50526,50036,64608,49223
2025-11-12T20:00:00Z,144027,108623,97405,74668,35404,47484,46981,64033,50020
2025-11-12T21:00:00Z,145222,105945,99133,73193,39277,45410,44895,62368,48542
2025-11-12T22:00:00Z,142294,102765,97004,71541,39529,43410,42950,60750,47311
2025-11-12T23:00:00Z,138886,100283,97235,72919,38603,41825,41404,58356,45895
2025-11-13T00:00:00Z,147463,103205,103190,73341,44258,42701,42213,70317,57175
2025-11-13T01:00:00Z,143314,88385,107129,62693,54929,39673,39247,83342,70421
2025-11-13T02:00:00Z,140840,106143,96544,73486,34697,42742,42314,64400,50380
2025-11-13T03:00:00Z,142054,106477,98646,75565,35577,42706,42296,63590,49523
2025-11-13T04:00:00Z,143664,107909,101316,76639,35755,42228,41815,61156,48757
2025-11-13T05:00:00Z,145843,111969,99259,76296,33874,43926,43528,61338,47687
2025-11-13T06:00:00Z,148958,111706,101529,75174,37252,47437,47014,69278,53752
2025-11-13T07:00:00Z,145622,113064,97613,75436,32558,49854,49422,64851,48540
2025-11-13T08:00:00Z,143735,112919,92054,72139,30816,50895,50413,65900,48470
2025-11-13T09:00:00Z,146663,113632,93961,73286,33031,52695,52185,67841,50023
2025-11-13T10:00:00Z,143802,112835,93514,73774,30967,51670,51194,67195,50442
2025-11-13T11:00:00Z,144023,114233,95339,76150,29790,53221,52758,66661,50073
2025-11-13T12:00:00Z,149634,102753,114564,75423,46881,50423,49958,86508,72611
2025-11-13T13:00:00Z,152115,112323,112339,80015,39792,54697,54248,83071,68134
2025-11-13T14:00:00Z,139657,114613,93180,76775,25044,54593,54126,67399,49880
2025-11-13T15:00:00Z,146641,117710,101954,81676,28931,58583,58074,73056,56364
2025-11-13T16:00:00Z,145532,113822,98299,78805,31710,56066,55534,71811,54351
2025-11-13T17:00:00Z,147532,118169,99348,79819,29363,55739,55230,69612,53716
2025-11-13T18:00:00Z,147993,112435,100700,75683,35558,52156,51629,72872,57627
2025-11-13T19:00:00Z,147870,116915,97698,76895,30955,50789,50302,64354,49629
2025-11-13T20:00:00Z,147251,113138,96380,73891,34113,47694,47205,63425,49068
2025-11-13T21:00:00Z,142828,105918,93948,69881,36910,44070,43520,59929,46167
2025-11-13T22:00:00Z,144798,104847,92595,70474,39951,42623,42136,59898,45236
2025-11-13T23:00:00Z,144469,107508,97113,73814,36961,42292,41840,58286,45567
2025-11-14T00:00:00Z,142240,100011,100606,70547,42229,41159,40656,67932,55969
2025-11-14T01:00:00Z,150585,91426,112103,64207,59159,40427,39968,85134,72614
2025-11-14T02:00:00Z,141602,103095,99529,73257,38507,41490,41066,63687,50437
2025-11-14T03:00:00Z,148697,113151,94343,69959,35546,40220,39793,60600,47044
2025-11-14T04:00:00Z,145989,110048,96534,71485,35941,39772,39365,58968,46502
2025-11-14T05:00:00Z,138906,103499,96691,72336,35407,42256,41868,60177,46777
2025-11-14T06:00:00Z,143868,107711,97757,72405,36157,46136,45651,67931,53256
2025-11-14T07:00:00Z,142206,111544,94559,73746,30662,47346,46921,61880,46439
2025-11-14T08:00:00Z,142467,112662,90514,71521,29805,48607,48114,63682,47132
2025-11-14T09:00:00Z,140145,109733,90574,70537,30412,49797,49313,64409,47934
2025-11-14T10:00:00Z,145890,113154,96402,74164,32736,52521,52019,68543,52076
2025-11-14T11:00:00Z,143777,111910,95997,74762,31867,49982,49521,63841,48459
2025-11-14T12:00:00Z,156279,103384,117833,73351,52895,47961,47497,88138,74576
2025-11-14T13:00:00Z,153698,111463,109118,75666,42235,51832,51366,80241,64554
2025-11-14T14:00:00Z,145046,115128,94231,75886,29918,54749,54249,68322,51189
2025-11-14T15:00:00Z,147822,116219,99059,78424,31603,55256,54746,70677,54109
2025-11-14T16:00:00Z,146079,115951,96139,77282,30128,54430,53922,69723,53121
2025-11-14T17:00:00Z,147789,117890,98631,79754,29899,53373,52853,67492,51710
2025-11-14T18:00:00Z,152281,112272,102527,75745,40009,49086,48540,70923,55973
2025-11-14T19:00:00Z,148643,113616,98444,75503,35027,46869,46358,61520,47163
2025-11-14T20:00:00Z,144943,108678,95811,72065,36265,45710,45238,61840,48213
2025-11-14T21:00:00Z,145711,107448,96885,71515,38263,43153,42669,59916,47129
2025-11-14T22:00:00Z,146564,108349,97882,73060,38215,42422,41952,59870,47662
2025-11-14T23:00:00Z,142844,105108,98088,72219,37736,38696,38256,54956,44311
2025-11-15T00:00:00Z,143137,95735,99731,67139,47402,34707,34164,65276,54468
2025-11-15T01:00:00Z,149281,82654,114133,59626,66627,33512,33071,85881,75886
2025-11-15T02:00:00Z,134766,96289,93497,69656,38477,36446,36037,58159,47191
2025-11-15T03:00:00Z,138638,97464,100245,70254,41174,36711,36311,60654,49558
2025-11-15T04:00:00Z,139995,99351,103147,72269,40644,35593,35205,56257,45871
2025-11-15T05:00:00Z,139323,99594,100399,69659,39729,34932,34600,54299,43541
2025-11-15T06:00:00Z,142698,100208,104596,71537,42490,38324,37973,63913,52190
2025-11-15T07:00:00Z,143867,106955,106478,78394,36912,40741,40408,57543,45674
2025-11-15T08:00:00Z,145600,107671,104767,77698,37929,41911,41553,61386,48920
2025-11-15T09:00:00Z,141582,104440,102771,76117,37142,39926,39588,58764,45785
2025-11-15T10:00:00Z,149136,95149,92848,68549,53987,38131,37764,63264,44597
2025-11-15T11:00:00Z,146171,104860,100299,75824,41311,42307,41971,59901,45860
2025-11-15T12:00:00Z,157409,94289,121585,68843,63120,40987,40622,87450,75059
2025-11-15T13:00:00Z,151604,103890,115883,76145,47714,45272,44960,77350,64300
2025-11-15T14:00:00Z,150628,114420,107184,81550,36208,47727,47375,64834,49949
2025-11-15T15:00:00Z,149917,113313,107396,80616,36604,48184,47862,66206,51384
2025-11-15T16:00:00Z,147337,114570,103964,80430,32767,49185,48831,66324,51708
2025-11-15T17:00:00Z,150625,116330,108466,84619,34295,49230,48886,64858,51034
2025-11-15T18:00:00Z,148965,109492,109276,79918,39473,46984,46621,70552,57711
2025-11-15T19:00:00Z,143607,109826,102919,78544,33781,42964,42633,57966,46080
2025-11-15T20:00:00Z,144303,108348,104220,77678,35955,40923,40576,58727,47464
2025-11-15T21:00:00Z,141536,104032,104177,76638,37504,39474,39116,56894,46543
2025-11-15T22:00:00Z,140144,100905,103798,74622,39239,38739,38403,56567,46480
2025-11-15T23:00:00Z,139674,101466,105093,76532,38208,38995,38618,55345,46003
2025-11-16T00:00:00Z,138763,94675,102280,70975,44088,34154,33710,61543,51691
2025-11-16T01:00:00Z,145323,82016,113161,60718,63307,30240,29862,80062,70808
2025-11-16T02:00:00Z,138877,96342,100778,70709,42535,35146,34806,62403,51670
2025-11-16T03:00:00Z,136470,98778,99977,73634,37692,36310,35955,58804,48217
2025-11-16T04:00:00Z,142375,102658,107104,77536,39717,36747,36413,57768,47554
2025-11-16T05:00:00Z,139822,101715,105698,76621,38107,35180,34855,54458,43902
2025-11-16T06:00:00Z,144519,102456,107170,75597,42063,36763,36423,62267,50837
2025-11-16T07:00:00Z,142774,105818,107271,79398,36956,39908,39585,57260,45827
2025-11-16T08:00:00Z,141429,103211,100654,73819,38218,40499,40161,60354,47965
2025-11-16T09:00:00Z,143179,103365,98942,71254,39814,40274,39922,58971,46205
2025-11-16T10:00:00Z,146198,107913,99814,73458,38285,39799,39466,59913,46902
2025-11-16T11:00:00Z,146974,110023,101351,76068,36951,42735,42426,59166,45697
2025-11-16T12:00:00Z,159330,97324,121779,68953,62006,42274,41930,88950,76089
2025-11-16T13:00:00Z,158808,107988,111865,75527,50820,46698,46368,79581,64224
2025-11-16T14:00:00Z,151985,113256,98480,77610,38729,49227,48879,67351,49581
2025-11-16T15:00:00Z,152198,111542,101099,77131,40656,47958,47587,67975,50824
2025-11-16T16:00:00Z,149847,114894,102070,79834,34953,49019,48669,67188,51738
2025-11-16T17:00:00Z,150675,115711,102902,80619,34964,48390,48043,64909,49860
2025-11-16T18:00:00Z,150123,110950,105471,78020,39173,47272,46896,70522,56834
2025-11-16T19:00:00Z,149923,112859,103307,78550,37064,44485,44143,60175,47520
2025-11-16T20:00:00Z,147673,110604,100171,74928,37069,42977,42609,60739,47702
2025-11-16T21:00:00Z,145777,109598,101726,76385,36179,42009,41669,59381,47634
2025-11-16T22:00:00Z,145031,107360,105129,78777,37671,41787,41367,59510,48464
2025-11-16T23:00:00Z,143230,105927,107082,80924,37303,41370,41005,58425,48035
2025-11-17T00:00:00Z,142084,98800,101089,72503,43284,37599,37104,65202,53021
2025-11-17T01:00:00Z,150863,89617,111781,63650,61246,37768,37342,85138,71400
2025-11-17T02:00:00Z,144818,104758,98168,72851,40060,43975,43584,67489,52508
2025-11-17T03:00:00Z,146071,108211,100672,76104,37860,45102,44711,66813,51642
2025-11-17T04:00:00Z,142170,103745,102258,75446,38425,42839,42432,63021,49756
2025-11-17T05:00:00Z,143411,105176,99799,73959,38235,42631,42213,61818,47143
2025-11-17T06:00:00Z,146751,106398,100423,73455,40353,47254,46675,70938,54397
2025-11-17T07:00:00Z,144726,111685,97274,76302,33041,50279,49866,65533,48571
2025-11-17T08:00:00Z,144645,111244,92353,73669,33401,52225,51750,68410,49938
2025-11-17T09:00:00Z,149328,112751,94583,74245,36577,52204,51720,68918,49762
2025-11-17T10:00:00Z,145317,109312,91589,71806,36005,51019,50531,68342,50387
2025-11-17T11:00:00Z,144174,110750,93480,73457,33424,51971,51506,67214,49807
2025-11-17T12:00:00Z,160003,106265,120868,76984,53738,52179,51737,93366,78414
2025-11-17T13:00:00Z,154931,110752,112085,77897,44179,55252,54775,85670,69211
2025-11-17T14:00:00Z,148477,116700,97011,78616,31777,56935,56442,71654,53443
2025-11-17T15:00:00Z,143262,111708,96303,76815,31554,56343,55852,72706,55174
2025-11-17T16:00:00Z,143616,111918,96784,78104,31698,56335,55690,73661,55993
2025-11-17T17:00:00Z,145256,110454,96575,77097,34802,54458,53897,71791,54146
2025-11-17T18:00:00Z,151547,106857,100275,75880,44690,50794,50253,76177,57980
2025-11-17T19:00:00Z,149539,108677,94451,74537,40862,48354,47829,65750,48622
2025-11-17T20:00:00Z,146090,104918,92920,71773,41172,46995,46500,65613,49598
2025-11-17T21:00:00Z,147609,102043,89531,67445,45566,44536,44066,63769,47426
2025-11-17T22:00:00Z,149709,102177,90503,68184,47532,43244,42777,62990,46814
2025-11-17T23:00:00Z,147766,98799,92267,68258,48967,40127,39644,60039,45031
2025-11-18T00:00:00Z,146671,97161,96209,68137,49510,39871,39338,68810,53953
2025-11-18T01:00:00Z,152102,94332,111862,67150,57770,42148,41700,86445,72742
2025-11-18T02:00:00Z,145991,99359,95804,69661,46632,43909,43461,71487,54605
2025-11-18T03:00:00Z,150921,103708,98140,71734,47213,44240,43766,68913,52282
2025-11-18T04:00:00Z,148633,105359,99119,73128,43274,41805,41388,62988,48541
2025-11-18T05:00:00Z,146224,103987,97858,71784,42237,44495,44066,65016,49742
2025-11-18T06:00:00Z,148525,105635,99744,72462,42890,48187,47726,71621,54718
2025-11-18T07:00:00Z,146002,109139,94285,72810,36863,49945,49489,66635,48657
2025-11-18T08:00:00Z,146825,108078,90892,70725,38747,49698,49193,67944,48509
2025-11-18T09:00:00Z,146823,108841,94364,73080,37982,51917,51411,69526,50642
2025-11-18T10:00:00Z,148999,109664,96479,74879,39335,51976,51467,71466,52798
2025-11-18T11:00:00Z,148778,109220,95683,74298,39558,50990,50488,69730,51436
2025-11-18T12:00:00Z,163541,100145,123425,78172,63396,47667,47254,98157,77803
2025-11-18T13:00:00Z,159702,96545,108620,75341,63157,47690,47314,93972,65769
2025-11-18T14:00:00Z,154514,100572,97642,78057,53942,50549,50193,86620,54314
2025-11-18T15:00:00Z,153918,103491,99595,79044,50427,52095,51676,85200,56713
2025-11-18T16:00:00Z,147411,106388,99913,80737,41023,54185,53740,78366,56772
2025-11-18T17:00:00Z,147571,108736,98171,78477,38835,52448,51952,71325,52840
2025-11-18T18:00:00Z,158871,100734,103781,78056,58137,47917,47494,86754,58814
2025-11-18T19:00:00Z,155067,102888,97818,76183,52179,48697,48245,74227,50852
2025-11-18T20:00:00Z,134934,104495,81583,67839,30439,42535,42107,58890,41003
2025-11-18T21:00:00Z,126972,110389,76951,68064,16583,44104,43797,53288,36649
2025-11-18T22:00:00Z,146499,104723,95185,69033,41776,44204,43686,63792,49481
2025-11-18T23:00:00Z,142762,103553,97538,70758,39209,42528,42082,59942,47635
2025-11-19T00:00:00Z,149479,101526,103704,70488,47953,42388,41886,71702,58678
2025-11-19T01:00:00Z,155101,92512,112985,64986,62589,41269,40834,87720,74194
2025-11-19T02:00:00Z,150586,99410,100784,67772,51176,42184,41722,64798,49425
2025-11-19T03:00:00Z,156155,97416,113538,65833,58739,39897,39471,59753,46021
2025-11-19T04:00:00Z,156015,97853,114039,66963,58162,39804,39402,58180,45381
2025-11-19T05:00:00Z,151039,96094,110200,66173,54945,41188,40794,58166,45078
2025-11-19T06:00:00Z,160949,104662,119683,72559,56287,46033,45647,67437,53540
2025-11-19T07:00:00Z,155686,104786,112864,70980,50900,47082,46652,61992,46731
2025-11-19T08:00:00Z,153831,103436,113362,71524,50395,47604,47136,63197,48749
2025-11-19T09:00:00Z,156741,103971,119665,74726,52770,50256,49823,66069,52635
2025-11-19T10:00:00Z,156998,107910,116011,76749,49088,51917,51469,69021,54758
2025-11-19T11:00:00Z,153274,108354,110901,75237,44920,50224,49758,64776,50293
2025-11-19T12:00:00Z,167351,97528,140371,75718,69823,46015,45652,83398,73267
2025-11-19T13:00:00Z,164650,104152,136023,80158,60498,51947,51524,80994,69484
2025-11-19T14:00:00Z,161699,109855,130679,85169,51844,55956,55553,71380,58560
2025-11-19T15:00:00Z,166854,110211,139462,87596,56643,55697,55282,72736,61389
2025-11-19T16:00:00Z,162906,107586,134485,84470,55320,53116,52664,69846,58022
2025-11-19T17:00:00Z,162162,103657,131840,80035,58505,49718,49250,65526,53980
2025-11-19T18:00:00Z,167659,104590,139823,82336,63069,48619,48184,71129,60930
2025-11-19T19:00:00Z,161136,101664,129813,76184,59472,45850,45451,61083,50953
2025-11-19T20:00:00Z,157720,98043,124266,75213,59677,43595,43180,62434,50587
2025-11-19T21:00:00Z,155970,98006,113817,69762,57964,42335,41881,61176,47838
2025-11-19T22:00:00Z,151306,95329,107821,65848,55977,40314,39831,57498,44252
2025-11-19T23:00:00Z,146628,89263,105486,63403,57365,38746,38259,55095,42930
2025-11-20T00:00:00Z,154646,88752,111605,63256,65894,37942,37383,65599,52689
2025-11-20T01:00:00Z,165407,83051,126321,61953,82356,36893,36383,86111,72228
2025-11-20T02:00:00Z,153831,92460,89866,65008,61371,39002,38521,65963,45234
2025-11-20T03:00:00Z,148197,102321,96481,70125,45876,42105,41634,64705,48449
2025-11-20T04:00:00Z,147001,107850,102432,75635,39151,43316,42891,63794,50740
2025-11-20T05:00:00Z,144592,104549,102431,75361,40043,44552,44131,63922,50003
2025-11-20T06:00:00Z,151606,111098,104129,75384,40508,47102,46643,70815,54730
2025-11-20T07:00:00Z,147475,113284,99981,76553,34191,50453,50030,66047,49429
2025-11-20T08:00:00Z,146027,111195,95968,74400,34832,52342,51851,68679,51462
2025-11-20T09:00:00Z,147786,112670,96715,74369,35116,53791,53312,70041,52761
2025-11-20T10:00:00Z,147589,110675,97039,72959,36914,51915,51403,68638,52157
2025-11-20T11:00:00Z,149164,106374,103161,71174,42790,49408,48946,63463,48156
2025-11-20T12:00:00Z,161714,99458,129980,75227,62256,49689,49220,89991,77447
2025-11-20T13:00:00Z,162126,108129,128569,82346,53997,54265,53821,84972,71414
2025-11-20T14:00:00Z,153310,115746,108152,78943,37564,55232,54742,70171,55806
2025-11-20T15:00:00Z,154653,115440,114101,83253,39213,56267,55772,72234,57259
2025-11-20T16:00:00Z,157842,112492,116866,86176,45350,55505,54967,76935,59090
2025-11-20T17:00:00Z,153675,103207,106577,78636,50468,50786,50197,75563,54856
2025-11-20T18:00:00Z,156899,101676,110907,77071,55223,48953,48439,79737,60218
2025-11-20T19:00:00Z,152985,109074,106263,77405,43911,49742,49268,66828,51063
2025-11-20T20:00:00Z,152294,103362,103768,72977,48932,46903,46418,66620,51430
2025-11-20T21:00:00Z,152440,100163,103254,70613,52277,43801,43279,64251,49114
2025-11-20T22:00:00Z,146424,98778,96841,69525,47646,40489,39977,60619,45961
2025-11-20T23:00:00Z,142566,105631,100671,75851,36935,42115,41691,59590,47842
2025-11-21T00:00:00Z,147052,95812,98725,69086,51240,40439,39944,71254,56707
2025-11-21T01:00:00Z,154921,89477,110923,62617,65444,39299,38861,87723,73504
2025-11-21T02:00:00Z,146986,102742,95829,71516,44244,41343,40928,65178,49514
2025-11-21T03:00:00Z,146859,100545,97207,69984,46314,40224,39805,64106,48662
2025-11-21T04:00:00Z,148316,101437,100179,72905,46879,41411,41000,63625,49201
2025-11-21T05:00:00Z,144708,100614,93632,68110,44094,41235,40850,61757,47076
2025-11-21T06:00:00Z,148985,104054,97087,69786,44931,45036,44630,69270,52745
2025-11-21T07:00:00Z,147414,109478,92126,70637,37936,45817,45397,63008,45786
2025-11-21T08:00:00Z,145485,108555,89617,69883,36930,49368,48867,67528,49100
2025-11-21T09:00:00Z,156536,123339,94235,73265,33197,49071,48607,66936,51579
2025-11-21T10:00:00Z,147672,111842,96909,74199,35830,51477,50979,69856,53385
2025-11-21T11:00:00Z,145797,106081,93086,71903,39716,47725,47248,65234,47445
2025-11-21T12:00:00Z,160914,101801,121584,74884,59113,48078,47570,91551,77015
2025-11-21T13:00:00Z,157339,109128,114872,78546,48211,52893,52421,84803,69034
2025-11-21T14:00:00Z,152191,116597,104288,82796,35594,56440,55937,74393,56823
2025-11-21T15:00:00Z,150023,113071,103010,79520,36952,55099,54492,73098,56034
2025-11-21T16:00:00Z,148050,113258,98601,77361,34792,54115,53519,71385,54494
2025-11-21T17:00:00Z,151405,116773,102057,80449,34632,54248,53696,70826,54437
2025-11-21T18:00:00Z,148873,108040,103658,76724,40833,49342,48826,73582,58526
2025-11-21T19:00:00Z,149187,111751,100121,77002,37436,49158,48659,65580,50533
2025-11-21T20:00:00Z,147917,109548,101407,76341,38369,45156,44675,63911,50260
2025-11-21T21:00:00Z,146620,102998,98080,72051,43622,42218,41790,61490,47308
2025-11-21T22:00:00Z,146926,104410,100005,73878,42516,41466,41004,60994,47877
2025-11-21T23:00:00Z,144357,101229,99909,73221,43128,39832,39429,58038,46039
2025-11-22T00:00:00Z,142992,93327,103849,68809,49665,36152,35588,68127,57301
2025-11-22T01:00:00Z,150251,81297,113795,58753,68954,32047,31595,84216,73934
2025-11-22T02:00:00Z,139122,98215,97978,72254,40907,36327,35930,58807,47650
2025-11-22T03:00:00Z,143691,100475,106222,74303,43216,37580,37200,61697,50618
2025-11-22T04:00:00Z,141774,101468,106625,76472,40306,37741,37354,58607,48433
2025-11-22T05:00:00Z,141211,99201,107114,75201,42010,36051,35715,56299,45380
2025-11-22T06:00:00Z,139596,98188,105559,72573,41408,37169,36830,62801,51640
2025-11-22T07:00:00Z,141637,104814,106467,78086,36823,41138,40809,58912,47078
2025-11-22T08:00:00Z,143809,104952,106073,77684,38857,41447,41093,62024,49874
2025-11-22T09:00:00Z,143852,105130,107211,77361,38722,42034,41700,61500,49249
2025-11-22T10:00:00Z,143613,106392,107234,78259,37221,41090,40748,61113,48975
2025-11-22T11:00:00Z,145637,110365,108669,81774,35272,43943,43618,60887,48084
2025-11-22T12:00:00Z,161206,97397,128911,72348,63809,42505,42191,91292,79534
2025-11-22T13:00:00Z,154502,107861,118844,79203,46641,46816,46505,78880,66139
2025-11-22T14:00:00Z,151990,119241,106861,82470,32749,48347,48035,65016,50841
2025-11-22T15:00:00Z,148796,115028,105131,79315,33768,46895,46576,65276,51637
2025-11-22T16:00:00Z,147773,114977,103268,79754,32796,48689,48339,66432,52851
2025-11-22T17:00:00Z,148490,113456,106221,81349,35034,48907,48559,65322,51914
2025-11-22T18:00:00Z,150654,110384,112041,80858,40270,47702,47350,72188,59856
2025-11-22T19:00:00Z,145110,110611,106526,79984,34499,43087,42766,59232,47716
2025-11-22T20:00:00Z,144013,106225,106276,77502,37788,40806,40453,60164,49467
2025-11-22T21:00:00Z,144960,105808,106870,77759,39152,41115,40756,59732,49333
2025-11-22T22:00:00Z,141263,104004,105946,77584,37259,39213,38849,57865,48233
2025-11-22T23:00:00Z,140590,106089,106431,79196,34501,39196,38877,55897,47070
2025-11-23T00:00:00Z,138332,98543,99976,72140,39789,33780,33345,59113,49013
2025-11-23T01:00:00Z,149010,85627,117067,63848,63383,31955,31590,82272,72678
2025-11-23T02:00:00Z,143085,97214,108872,73051,45871,36094,35732,67565,57716
2025-11-23T03:00:00Z,139907,104079,105843,79795,35828,37593,37235,60163,49878
2025-11-23T04:00:00Z,142340,102300,109172,77945,40040,35587,35243,59058,49156
2025-11-23T05:00:00Z,144058,103921,110430,78941,40137,35638,35329,56160,45720
2025-11-23T06:00:00Z,143663,103654,111889,79338,40009,38676,38374,64438,53793
2025-11-23T07:00:00Z,143853,108789,108715,81122,35064,40893,40565,58453,47648
2025-11-23T08:00:00Z,144123,108782,108321,80905,35341,41986,41640,62235,50898
2025-11-23T09:00:00Z,149565,112677,107551,79213,36888,40645,40314,60004,47718
2025-11-23T10:00:00Z,150635,115176,109853,81941,35459,42268,41943,62147,50075
2025-11-23T11:00:00Z,147953,114754,105306,79932,33199,44468,44136,60449,48141
2025-11-23T12:00:00Z,160765,99176,127935,72904,61589,43216,42896,89959,78495
2025-11-23T13:00:00Z,152444,106077,115767,77134,46367,46225,45909,77140,64171
2025-11-23T14:00:00Z,151042,119471,105950,82576,31571,49521,49190,65472,51315
2025-11-23T15:00:00Z,157570,124187,112845,87337,33383,53990,53663,71071,56591
2025-11-23T16:00:00Z,149801,118337,106339,83893,31464,51674,51322,69450,55078
2025-11-23T17:00:00Z,149349,116835,106412,83117,32514,50415,50064,66578,52664
2025-11-23T18:00:00Z,149746,112530,110627,81580,37216,47720,47374,71769,58869
2025-11-23T19:00:00Z,149689,116349,109495,84491,33340,46943,46602,62980,50332
2025-11-23T20:00:00Z,150300,113973,108105,81447,36327,46111,45759,65128,53085
2025-11-23T21:00:00Z,148979,110662,109197,81083,38317,43939,43590,62669,51061
2025-11-23T22:00:00Z,145703,109169,105097,78121,36534,40495,40174,58344,47895
2025-11-23T23:00:00Z,146512,110925,107378,80084,35587,39170,38880,56475,46756
2025-11-24T00:00:00Z,149580,92703,91179,65526,56877,36236,35831,63573,49338
2025-11-24T01:00:00Z,153837,83273,103510,60319,70564,37546,37166,82860,67682
2025-11-24T02:00:00Z,145916,94568,93613,68605,51348,42026,41643,68278,52406
2025-11-24T03:00:00Z,145630,96331,89994,69358,49299,40592,40185,62731,46916
2025-11-24T04:00:00Z,151103,95956,91879,67769,55147,38339,37880,63415,47197
2025-11-24T05:00:00Z,151261,101472,96813,72908,49789,41422,40936,64924,49167
2025-11-24T06:00:00Z,155877,103979,98830,73457,51898,44667,44246,73048,55055
2025-11-24T07:00:00Z,157649,112932,99376,77007,44717,47858,47417,69770,51453
2025-11-24T08:00:00Z,150875,111657,95700,75973,39218,47228,46708,70809,52479
2025-11-24T09:00:00Z,153722,115888,102926,81468,37834,50349,49876,73706,56097
2025-11-24T10:00:00Z,149862,110402,99441,78441,39460,50417,49944,73531,55994
2025-11-24T11:00:00Z,149405,109052,96352,76242,40353,49215,48763,69706,51738
2025-11-24T12:00:00Z,158829,103559,122342,79756,55270,49591,49147,93368,78855
2025-11-24T13:00:00Z,160482,110901,120433,84916,49581,54499,54021,88417,73143
2025-11-24T14:00:00Z,153050,118338,107477,87228,34712,57750,57296,76317,59256
2025-11-24T15:00:00Z,151615,115720,105389,84164,35895,56346,55888,75569,58767
2025-11-24T16:00:00Z,154197,119163,107660,86023,35034,57904,57367,76909,60192
2025-11-24T17:00:00Z,150829,110612,102093,80785,40217,54116,53641,74159,57085
2025-11-24T18:00:00Z,156548,110627,110170,82479,45921,52266,51783,80194,64196
2025-11-24T19:00:00Z,150805,107142,96923,74389,43663,48690,48228,67171,50820
2025-11-24T20:00:00Z,154182,106778,97482,73644,47404,48120,47554,69792,53365
2025-11-24T21:00:00Z,147936,104161,97583,72413,43775,46226,45731,66963,51899
2025-11-24T22:00:00Z,146742,98638,91965,69430,48104,43757,43281,64208,48299
2025-11-24T23:00:00Z,146563,100637,93950,70418,45926,41259,40823,60260,46236
2025-11-25T00:00:00Z,146942,99399,100954,71125,47543,40681,40167,69559,56379
2025-11-25T01:00:00Z,152286,94326,112243,66231,57960,41656,41228,85927,73028
2025-11-25T02:00:00Z,141729,105687,100501,76116,36042,45811,45399,68147,54320
2025-11-25T03:00:00Z,145361,107459,101469,76662,37902,44600,44147,66340,52054
2025-11-25T04:00:00Z,146630,106741,103341,75852,39889,41634,41203,63267,50346
2025-11-25T05:00:00Z,146445,106750,101290,75449,39695,44977,44525,64767,50725
2025-11-25T06:00:00Z,146927,110031,102226,76517,36896,48654,48173,71145,55544
2025-11-25T07:00:00Z,147706,114403,99755,77170,33303,51372,50918,67279,50792
2025-11-25T08:00:00Z,149834,117908,98859,78349,31926,52845,52375,69861,52409
2025-11-25T09:00:00Z,147642,115489,100154,78571,32153,53825,53335,70366,53376
2025-11-25T10:00:00Z,147277,115153,100297,78500,32124,54030,53512,71075,54710
2025-11-25T11:00:00Z,148841,116024,98955,77544,32817,52658,52174,67643,50706
2025-11-25T12:00:00Z,156088,105322,121183,77998,50766,51461,50994,90723,77254
2025-11-25T13:00:00Z,155022,112606,117370,82625,42416,56495,56029,86363,71515
2025-11-25T14:00:00Z,148362,118219,102246,82319,30143,59713,59197,75710,58650
2025-11-25T15:00:00Z,149508,119561,109766,87861,29947,58866,58328,76743,61525
2025-11-25T16:00:00Z,148444,117962,102848,82878,30482,57010,56478,73880,57662
2025-11-25T17:00:00Z,151266,117651,104908,81586,33615,54404,53913,71476,55841
2025-11-25T18:00:00Z,156320,113496,109500,80115,42824,52005,51478,77891,62121
2025-11-25T19:00:00Z,155500,117625,102303,78012,37875,50387,49912,68880,52057
2025-11-25T20:00:00Z,151024,111861,104623,77985,39163,48002,47503,66576,52329
2025-11-25T21:00:00Z,147694,106550,102230,74471,41144,44124,43560,63214,49511
2025-11-25T22:00:00Z,147000,109954,99463,74741,37046,44520,44028,63747,50692
2025-11-25T23:00:00Z,145436,108580,103841,77646,36856,43734,43322,62119,50580
2025-11-26T00:00:00Z,147268,104445,105511,77327,42823,40944,40474,69785,57787
2025-11-26T01:00:00Z,154629,94682,113769,66518,59947,39111,38623,84816,72088
2025-11-26T02:00:00Z,146056,108807,102325,77460,37249,42991,42539,65734,51962
2025-11-26T03:00:00Z,146940,110603,102649,77905,36337,44791,44355,66409,52693
2025-11-26T04:00:00Z,147098,110933,108505,81783,36165,43302,42921,64022,51771
2025-11-26T05:00:00Z,146442,109030,103247,77458,37412,43595,43218,62374,48762
2025-11-26T06:00:00Z,152107,112281,105229,76911,39826,46402,45999,70799,55105
2025-11-26T07:00:00Z,149908,117013,102409,78867,32895,50028,49636,67344,50533
2025-11-26T08:00:00Z,150045,117357,100560,78499,32688,53311,52818,70529,53132
2025-11-26T09:00:00Z,149640,116023,101371,78689,33617,53230,52728,69826,53013
2025-11-26T10:00:00Z,146273,113043,98121,75524,33230,51654,51180,68822,52475
2025-11-26T11:00:00Z,148885,114815,101257,77653,34070,53071,52611,67635,51441
2025-11-26T12:00:00Z,155690,105272,122257,79409,50418,50507,50084,89526,76874
2025-11-26T13:00:00Z,156426,114363,119221,84726,42063,55513,55081,85606,71452
2025-11-26T14:00:00Z,145693,118105,102423,83469,27588,58178,57730,72670,56245
2025-11-26T15:00:00Z,152564,120134,109819,86169,32430,58252,57759,75819,60027
2025-11-26T16:00:00Z,152663,121802,106744,85666,30861,58229,57733,75181,58977
2025-11-26T17:00:00Z,152977,120759,106544,84424,32218,55324,54857,71608,56170
2025-11-26T18:00:00Z,155537,117286,111957,83855,38251,53563,53093,77529,62426
2025-11-26T19:00:00Z,147905,111059,101661,77803,36846,48365,47888,65008,50323
2025-11-26T20:00:00Z,151115,113440,105379,79355,37675,46192,45725,65415,51635
2025-11-26T21:00:00Z,150406,111750,105153,78522,38656,45337,44899,64644,51256
2025-11-26T22:00:00Z,150142,98400,94147,70504,51742,41399,40979,65380,47475
2025-11-26T23:00:00Z,146781,104853,101919,76831,41928,41498,41125,60819,48202
2025-11-27T00:00:00Z,144691,99490,100057,70882,45201,38032,37586,67170,54575
2025-11-27T01:00:00Z,153653,93094,115485,66910,60559,38563,38151,86037,73100
2025-11-27T02:00:00Z,145938,109553,103149,79717,36385,43740,43344,65008,51451
2025-11-27T03:00:00Z,146676,105749,103457,76262,40927,43207,42810,66538,52704
2025-11-27T04:00:00Z,146487,105686,106478,78374,40801,41788,41406,63081,50303
2025-11-27T05:00:00Z,146578,105649,104775,76802,40929,41540,41165,61734,47927
2025-11-27T06:00:00Z,149347,107361,101754,75173,41986,46166,45768,70814,54360
2025-11-27T07:00:00Z,149256,110420,97409,75634,38836,49311,48894,67422,49052
2025-11-27T08:00:00Z,150791,109686,97014,76711,41105,50986,50519,71860,52205
2025-11-27T09:00:00Z,151924,112584,99155,77008,39340,51794,51315,71208,52537
2025-11-27T10:00:00Z,149047,113895,98911,76403,35152,51975,51464,70790,53646
2025-11-27T11:00:00Z,145796,108917,95414,73524,36879,52574,52141,69128,51589
2025-11-27T12:00:00Z,157078,94278,116571,74417,62800,47762,47293,96435,76016
2025-11-27T13:00:00Z,159239,99067,114483,78629,60172,49991,49561,93642,69417
2025-11-27T14:00:00Z,154935,103155,101851,80166,51780,52353,51950,83290,56353
2025-11-27T15:00:00Z,156815,102581,104363,80162,54234,51787,51361,84699,58383
2025-11-27T16:00:00Z,161261,105510,104298,82313,55751,51968,51550,86231,58482
2025-11-27T17:00:00Z,158613,97956,98352,75385,60657,48118,47728,81041,53659
2025-11-27T18:00:00Z,154285,103143,103423,75442,51142,47312,46907,76417,58751
2025-11-27T19:00:00Z,149313,98494,93660,70286,50819,43056,42642,65104,46786
2025-11-27T20:00:00Z,154485,92785,90797,66813,61700,40375,39997,67991,46809
2025-11-27T21:00:00Z,150409,94214,94682,68668,56195,39939,39571,64735,47059
2025-11-27T22:00:00Z,144698,97773,98930,70580,46925,39538,39169,61295,48145
2025-11-27T23:00:00Z,142808,102634,107208,76950,40174,39759,39409,58424,48484
2025-11-28T00:00:00Z,141808,94184,104006,69516,47624,36290,35872,67781,56757
2025-11-28T01:00:00Z,154000,90543,117895,65595,63457,38177,37764,88157,76179
2025-11-28T02:00:00Z,145467,109622,104141,79185,35845,43546,43159,65967,52935
2025-11-28T03:00:00Z,147722,108369,107238,78867,39353,43215,42824,67210,53995
2025-11-28T04:00:00Z,142651,104976,106264,78569,37675,39299,38928,61051,49632
2025-11-28T05:00:00Z,142653,103997,104027,76255,38656,40341,39973,60482,47772
2025-11-28T06:00:00Z,146040,106581,103846,75779,39459,46562,46171,70655,55857
2025-11-28T07:00:00Z,148926,112300,103133,77467,36626,49131,48725,67144,51293
2025-11-28T08:00:00Z,145358,111650,98083,76110,33708,51019,50586,69088,52563
2025-11-28T09:00:00Z,143836,109874,96884,73775,33962,49844,49404,66752,50189
2025-11-28T10:00:00Z,145487,110883,97593,74620,34604,50066,49593,67799,51411
2025-11-28T11:00:00Z,147836,114068,100283,77235,33768,51115,50671,66647,51216
2025-11-28T12:00:00Z,158966,105471,123731,77964,53495,49614,49163,92121,79039
2025-11-28T13:00:00Z,157480,113060,118487,81721,44420,54034,53582,85345,70580
2025-11-28T14:00:00Z,148201,116978,103004,81167,31223,54084,53633,69843,53580
2025-11-28T15:00:00Z,150118,116129,104394,80376,33989,53040,52568,70868,54864
2025-11-28T16:00:00Z,147353,114637,102750,80103,32716,53247,52770,70609,55166
2025-11-28T17:00:00Z,151828,116718,106193,82161,35110,51259,50744,68454,53648
2025-11-28T18:00:00Z,150716,109489,109325,79457,41227,48170,47719,73914,60323
2025-11-28T19:00:00Z,146195,109701,104951,78058,36494,43228,42868,60717,48441
2025-11-28T20:00:00Z,144592,107821,105619,78411,36771,41044,40662,61243,49696
2025-11-28T21:00:00Z,147073,106345,108047,78329,40728,41217,40826,62482,50825
2025-11-28T22:00:00Z,143147,101900,104201,75005,41247,38608,38228,59603,49033
2025-11-28T23:00:00Z,142446,103437,106558,77389,39009,38718,38398,57510,48023
2025-11-29T00:00:00Z,144800,96950,107075,71836,47850,34185,33761,66730,56772
2025-11-29T01:00:00Z,149350,81420,116678,60596,67930,32109,31726,85420,75684
2025-11-29T02:00:00Z,138680,96924,98543,71073,41756,36286,35945,60661,49652
2025-11-29T03:00:00Z,139639,99724,103984,73284,39915,36307,35934,60781,51060
2025-11-29T04:00:00Z,142608,102545,106983,75746,40063,35511,35183,58204,48221
2025-11-29T05:00:00Z,141922,100680,105940,74069,41242,35513,35174,57348,46629
2025-11-29T06:00:00Z,140670,101740,106969,75700,38930,38696,38370,64441,53647
2025-11-29T07:00:00Z,144070,108085,110833,81712,35985,40896,40591,59770,48457
2025-11-29T08:00:00Z,141505,106265,107504,79976,35240,41563,41229,62997,51445
2025-11-29T09:00:00Z,145054,107249,107964,77955,37805,40041,39709,61142,48613
2025-11-29T10:00:00Z,147197,108968,110887,79996,38229,41182,40856,63418,51227
2025-11-29T11:00:00Z,146432,111943,109578,81886,34489,43368,43069,60886,48642
2025-11-29T12:00:00Z,158617,98035,127542,73694,60582,42280,41966,89338,77939
2025-11-29T13:00:00Z,158395,109074,124376,82098,49321,46017,45722,80825,68118
2025-11-29T14:00:00Z,148243,116657,108312,83894,31586,47319,46998,65436,51362
2025-11-29T15:00:00Z,151412,117872,110680,84121,33540,47310,46953,66817,52907
2025-11-29T16:00:00Z,147840,116251,110105,85606,31589,49440,49110,68968,55245
2025-11-29T17:00:00Z,147071,115416,109913,85378,31655,48269,47943,65697,52850
2025-11-29T18:00:00Z,150276,110535,112899,81931,39741,46212,45869,72148,59903
2025-11-29T19:00:00Z,147441,110737,108357,80279,36704,42766,42416,60816,49248
2025-11-29T20:00:00Z,146371,108350,108993,79192,38021,40206,39864,60721,50036
2025-11-29T21:00:00Z,145868,105966,111300,79434,39902,39832,39492,60436,50106
2025-11-29T22:00:00Z,141980,103602,109560,78918,38378,38950,38645,59745,50116
2025-11-29T23:00:00Z,141382,102928,109369,78968,38454,38320,38016,57348,48451
2025-11-30T00:00:00Z,139971,99016,104848,75639,40955,34373,33950,60865,51208
2025-11-30T01:00:00Z,145076,82344,115666,61864,62732,30906,30542,82005,72888
2025-11-30T02:00:00Z,142545,97547,108661,73690,44998,34767,34389,66484,56514
2025-11-30T03:00:00Z,141053,105630,105478,78856,35423,36867,36459,60584,50239
2025-11-30T04:00:00Z,144381,105561,111179,80131,38820,36875,36517,61728,51995
2025-11-30T05:00:00Z,140280,101511,105116,73904,38769,34956,34602,55566,46015
2025-11-30T06:00:00Z,144622,102790,108919,74821,41832,36530,36136,63907,53430
2025-11-30T07:00:00Z,143783,107774,109428,79424,36009,40815,40511,59004,48173
2025-11-30T08:00:00Z,144397,107139,109878,79953,37258,42295,41962,63927,52224
2025-11-30T09:00:00Z,148450,108719,112298,81098,39731,42582,42231,63595,51585
2025-11-30T10:00:00Z,149018,110864,113104,82449,38154,41992,41681,63435,51431
2025-11-30T11:00:00Z,145765,110780,111120,82550,34985,43702,43413,61541,49645
2025-11-30T12:00:00Z,157583,99366,127060,74745,58217,42938,42599,89370,77610
2025-11-30T13:00:00Z,156825,108957,121327,79851,47868,47531,47209,80420,67574
2025-11-30T14:00:00Z,150671,118049,108593,83540,32622,49120,48816,65873,52362
2025-11-30T15:00:00Z,154718,119178,112511,84652,35540,48997,48655,68194,54473
2025-11-30T16:00:00Z,152845,117162,112733,85556,35683,49277,48913,68510,54363
2025-11-30T17:00:00Z,149708,115537,110652,85145,34171,49573,49247,67302,53769
2025-11-30T18:00:00Z,154417,113627,115190,83857,40790,49065,48715,74512,61416
2025-11-30T19:00:00Z,149426,114997,112601,85572,34429,47555,47232,64016,52191
2025-11-30T20:00:00Z,145672,109073,109188,81486,36599,43122,42792,62388,51143
2025-11-30T21:00:00Z,147434,108973,109891,80174,38461,41636,41311,60830,49904
2025-11-30T22:00:00Z,143257,104476,107469,78332,38781,41254,40907,60806,50601
2025-11-30T23:00:00Z,144722,105146,111683,80244,39576,41601,41259,59577,49863
2025-12-01T00:00:00Z,148113,77069,78685,58876,71044,33711,33287,65913,41931
2025-12-01T01:00:00Z,156824,72895,98270,56601,83929,32580,32214,87450,63874
2025-12-01T02:00:00Z,154553,79400,87742,59741,75153,35467,35087,76012,51317
2025-12-01T03:00:00Z,150360,78505,74612,58243,71855,36402,36012,65621,40506
2025-12-01T04:00:00Z,149575,76498,80660,59059,73077,35047,34667,69272,45031
2025-12-01T05:00:00Z,151439,81764,83241,61872,69675,37812,37454,69626,44838
2025-12-01T06:00:00Z,152252,88744,89023,64626,63508,40903,40533,73564,50479
2025-12-01T07:00:00Z,154501,88832,89728,67111,65669,42648,42299,73311,47561
2025-12-01T08:00:00Z,148824,96605,91656,70138,52219,47437,46956,72705,51401
2025-12-01T09:00:00Z,151743,98767,97113,73831,52976,47435,46962,75660,53123
2025-12-01T10:00:00Z,152457,96629,98399,72930,55828,47430,46873,76535,54416
2025-12-01T11:00:00Z,155030,97951,100238,76220,57079,48241,47829,77064,53326
2025-12-01T12:00:00Z,162478,98856,123894,79468,63622,48849,48458,96436,78791
2025-12-01T13:00:00Z,161510,106588,121024,82959,54922,53449,53023,90060,72506
2025-12-01T14:00:00Z,155329,108207,106640,83853,47122,55097,54611,80852,59023
2025-12-01T15:00:00Z,153473,105379,105828,82215,48094,54515,54031,82470,60447
2025-12-01T16:00:00Z,150440,104521,103727,82515,45919,53257,52813,80366,59323
2025-12-01T17:00:00Z,156707,104733,105668,82634,51974,53100,52690,83080,59153
2025-12-01T18:00:00Z,150481,95510,100159,74414,54971,49038,48597,82400,60739
2025-12-01T19:00:00Z,155807,94806,97583,72577,61001,46611,46190,77668,53638
2025-12-01T20:00:00Z,153628,94467,96348,70986,59161,46132,45599,75521,53870
2025-12-01T21:00:00Z,151419,85664,92101,66261,65755,41984,41514,74747,50529
2025-12-01T22:00:00Z,150391,82271,86595,61894,68120,39471,39019,71183,47622
2025-12-01T23:00:00Z,150022,76569,80209,57565,73453,36603,36174,68634,43343
2025-12-02T00:00:00Z,148627,80087,82273,57539,68540,36651,36163,71882,49571
2025-12-02T01:00:00Z,157873,86872,108658,63373,71001,39416,38992,90434,71810
2025-12-02T02:00:00Z,145755,91620,87867,63426,54135,40851,40436,72960,50974
2025-12-02T03:00:00Z,148283,93366,85151,63273,54917,42137,41688,69501,48653
2025-12-02T04:00:00Z,150355,93129,90042,65092,57226,40414,39980,66710,48519
2025-12-02T05:00:00Z,147524,100507,98397,70496,47017,43883,43460,65551,50173
2025-12-02T06:00:00Z,143247,103671,96918,70338,39576,47707,47260,71930,55869
2025-12-02T07:00:00Z,149924,114955,101161,77100,34969,52180,51765,69352,52920
2025-12-02T08:00:00Z,146634,113256,96035,74308,33378,52674,52154,69423,52690
2025-12-02T09:00:00Z,145623,111034,98358,75795,34589,52002,51515,69717,53267
2025-12-02T10:00:00Z,146732,111624,100302,76240,35108,52190,51678,71076,54866
2025-12-02T11:00:00Z,146823,111360,100079,76549,35463,52629,52141,68853,52739
2025-12-02T12:00:00Z,159077,107029,125663,80592,52048,52090,51662,92847,79946
2025-12-02T13:00:00Z,159589,114222,124186,86269,45367,56528,56063,88485,74790
2025-12-02T14:00:00Z,150642,118251,107823,85514,32391,59429,58944,75694,59751
2025-12-02T15:00:00Z,151458,119286,111445,87682,32172,58585,58034,76046,60605
2025-12-02T16:00:00Z,147924,114820,102087,81057,33104,58539,57952,75749,58982
2025-12-02T17:00:00Z,157598,116126,108421,84153,41472,56658,56036,77721,59840
2025-12-02T18:00:00Z,154483,110814,108194,80192,43669,54565,54012,80905,64232
2025-12-02T19:00:00Z,152083,113608,104380,79349,38475,53029,52448,70287,55104
2025-12-02T20:00:00Z,147833,106170,98704,73536,41663,47640,47137,67954,52732
2025-12-02T21:00:00Z,146432,102618,94948,68418,43814,43864,43382,64211,49447
2025-12-02T22:00:00Z,147141,105302,98611,71527,41839,44434,43973,63617,50356
2025-12-02T23:00:00Z,146728,105899,100938,74158,40829,44493,44039,62300,49971
2025-12-03T00:00:00Z,149013,105066,102456,73669,43947,43492,42971,70330,57191
2025-12-03T01:00:00Z,153165,94705,112055,66547,58460,42030,41589,85792,72631
2025-12-03T02:00:00Z,146276,106439,99056,73992,39837,43468,43023,66168,52185
2025-12-03T03:00:00Z,150478,105526,99786,72493,44952,42773,42270,67248,51919
2025-12-03T04:00:00Z,149435,105800,101293,73241,43635,42473,42010,65952,52501
2025-12-03T05:00:00Z,150499,106329,102914,74383,44170,45174,44715,66303,51887
2025-12-03T06:00:00Z,151587,107122,100836,73099,44465,49045,48590,73148,56597
2025-12-03T07:00:00Z,148499,109282,98140,73115,39217,49226,48767,66430,49720
2025-12-03T08:00:00Z,143841,107916,97218,73136,35925,49637,49174,68292,51808
2025-12-03T09:00:00Z,148396,111969,102383,77632,36427,53606,53103,70457,54346
2025-12-03T10:00:00Z,147899,112671,100915,77463,35228,54102,53587,71181,54933
2025-12-03T11:00:00Z,151051,113777,103646,77938,37274,54029,53563,69471,53314
2025-12-03T12:00:00Z,154379,102764,118935,76172,51615,50281,49808,88923,75733
2025-12-03T13:00:00Z,151223,107462,112194,77489,43761,53823,53329,83226,68584
2025-12-03T14:00:00Z,153885,120925,106515,86204,32960,59570,59059,75956,58585
2025-12-03T15:00:00Z,148939,118950,103915,83988,29989,60388,59887,75418,59054
2025-12-03T16:00:00Z,148972,118243,100636,82114,30729,58719,58193,73592,56967
2025-12-03T17:00:00Z,149273,115076,103565,80815,34197,55866,55332,72332,56681
2025-12-03T18:00:00Z,149615,108839,104806,75804,40776,51887,51328,75223,60175
2025-12-03T19:00:00Z,148099,105509,97294,72240,42590,48639,48124,67058,50725
2025-12-03T20:00:00Z,147986,104010,93626,72207,43976,48175,47598,68318,51172
2025-12-03T21:00:00Z,148732,105940,94146,71094,42792,47042,46526,65051,49456
2025-12-03T22:00:00Z,142312,104390,91202,70260,37922,44887,44399,61470,47296
2025-12-03T23:00:00Z,147778,108830,99686,75655,38948,42343,41874,57879,45545
2025-12-04T00:00:00Z,144129,98387,98084,68800,45742,40017,39510,66326,53646
2025-12-04T01:00:00Z,151074,92874,110136,64676,58200,40911,40486,83145,70575
2025-12-04T02:00:00Z,144486,104262,97361,71708,40224,44260,43819,66582,52821
2025-12-04T03:00:00Z,147581,110199,97227,75475,37382,45548,45099,64731,50310
2025-12-04T04:00:00Z,145706,107550,100751,76333,38156,43432,43004,62341,49163
2025-12-04T05:00:00Z,145636,108436,100775,76220,37200,45355,44918,61330,47444
2025-12-04T06:00:00Z,146271,108740,97826,73388,37531,48040,47584,69026,53448
2025-12-04T07:00:00Z,144571,113491,94433,74994,31080,52205,51724,65493,49310
2025-12-04T08:00:00Z,144368,113665,93384,74957,30703,53808,53330,67583,50438
2025-12-04T09:00:00Z,145680,112611,94741,73708,33069,54363,53849,68202,51465
2025-12-04T10:00:00Z,145605,111424,93125,72186,34181,52988,52465,67662,51091
2025-12-04T11:00:00Z,145566,112401,93387,72449,33165,53209,52712,65916,49471
2025-12-04T12:00:00Z,161797,109500,122478,79130,52297,54024,53545,93147,79101
2025-12-04T13:00:00Z,150370,110784,110348,78956,39586,56040,55549,83879,68827
2025-12-04T14:00:00Z,145776,118008,98141,80789,27768,59922,59426,72637,55567
2025-12-04T15:00:00Z,145042,115923,97417,79095,29119,58004,57440,72255,55223
2025-12-04T16:00:00Z,146630,116809,95871,78986,29821,57406,56827,71536,54309
2025-12-04T17:00:00Z,147589,110415,96094,77219,37174,54855,54256,71186,53001
2025-12-04T18:00:00Z,150183,109181,99519,76090,41002,52576,52021,75663,58253
2025-12-04T19:00:00Z,144291,111220,95815,75358,33071,50722,50192,64791,49941
2025-12-04T20:00:00Z,146797,108643,93128,72073,38154,47411,46919,64659,49022
2025-12-04T21:00:00Z,146321,104165,90332,69110,42156,44190,43691,62171,46088
2025-12-04T22:00:00Z,140914,105891,92516,71052,35023,44522,44029,59442,46971
2025-12-04T23:00:00Z,147324,111587,101161,77605,35737,45131,44689,59995,48622
2025-12-05T00:00:00Z,143933,104429,99962,73477,39504,42502,42012,67263,55764
2025-12-05T01:00:00Z,149386,93690,109788,64833,55696,40519,40076,83625,71424
2025-12-05T02:00:00Z,145610,102319,95903,71507,43291,42039,41583,66165,50953
2025-12-05T03:00:00Z,145738,108699,99187,75984,37039,44404,43954,63582,50305
2025-12-05T04:00:00Z,144777,105492,102089,75816,39285,42852,42421,61985,49748
2025-12-05T05:00:00Z,147285,109012,103559,77671,38273,46361,45920,63965,50702
2025-12-05T06:00:00Z,146036,107032,98393,72800,39004,48231,47775,69110,53778
2025-12-05T07:00:00Z,145029,111490,97385,75303,33539,48960,48535,62793,47538
2025-12-05T08:00:00Z,145445,113613,92532,73610,31832,51736,51265,65715,49246
2025-12-05T09:00:00Z,152060,120090,98779,78845,31970,55159,54688,69548,52454
2025-12-05T10:00:00Z,148799,116771,97532,78371,32028,53013,52525,67428,51514
2025-12-05T11:00:00Z,147919,116692,98482,79627,31227,51384,50897,63893,48809
2025-12-05T12:00:00Z,162992,109720,124323,79705,53272,50100,49614,90366,76940
2025-12-05T13:00:00Z,154497,110779,112323,78136,43718,53230,52762,82117,67736
2025-12-05T14:00:00Z,151056,119724,100857,81398,31332,57922,57370,71677,55290
2025-12-05T15:00:00Z,148881,117732,101387,80909,31149,56865,56297,71952,55926
2025-12-05T16:00:00Z,150568,120377,98954,80520,30191,56651,56119,70728,54492
2025-12-05T17:00:00Z,144184,110922,94766,74924,33262,51582,51021,65730,49843
2025-12-05T18:00:00Z,144618,105633,97350,72673,38985,47777,47248,69489,54944
2025-12-05T19:00:00Z,146988,113488,97667,76868,33500,49857,49367,63290,49026
2025-12-05T20:00:00Z,145341,109051,96162,74315,36290,47012,46521,63144,49707
2025-12-05T21:00:00Z,148231,106544,98877,73061,41687,44817,44332,61432,48327
2025-12-05T22:00:00Z,149164,103778,98896,71302,45386,40523,40037,57641,44961
2025-12-05T23:00:00Z,145456,102943,101543,72858,42513,38890,38339,54733,44243
2025-12-06T00:00:00Z,143148,95703,101257,68884,47445,37018,36479,66671,56105
2025-12-06T01:00:00Z,147793,83944,111517,60177,63849,34230,33805,83823,73696
2025-12-06T02:00:00Z,137827,97100,94174,70911,40727,36564,36145,59289,47974
2025-12-06T03:00:00Z,142885,94855,98091,68739,48030,35736,35307,59686,47719
2025-12-06T04:00:00Z,143777,94344,94483,68910,49433,34115,33742,56492,42704
2025-12-06T05:00:00Z,143215,95517,96345,69184,47698,36550,36173,56444,43737
2025-12-06T06:00:00Z,144659,104011,107403,76577,40648,41404,41034,65095,54130
2025-12-06T07:00:00Z,140477,105754,103683,77743,34723,41261,40921,56258,45334
2025-12-06T08:00:00Z,145527,105951,106312,77967,39576,41472,41110,59928,48227
2025-12-06T09:00:00Z,142850,104341,102768,75309,38509,40465,40086,58207,46062
2025-12-06T10:00:00Z,142285,105912,103182,77142,36373,43248,42899,61347,49356
2025-12-06T11:00:00Z,148968,114093,108200,82899,34875,45924,45599,60881,48457
2025-12-06T12:00:00Z,156171,96106,120504,70105,60065,43145,42792,87608,75951
2025-12-06T13:00:00Z,154174,107796,113832,76500,46378,46087,45743,77469,64856
2025-12-06T14:00:00Z,148466,116031,104896,82579,32435,48174,47831,63241,49732
2025-12-06T15:00:00Z,151033,116445,108084,82983,34588,48911,48543,66074,52491
2025-12-06T16:00:00Z,149925,115917,105526,82838,34008,50860,50493,67839,53666
2025-12-06T17:00:00Z,151241,116782,105759,82765,34459,48947,48541,64313,50934
2025-12-06T18:00:00Z,150782,110968,108616,79306,39814,46782,46405,70139,58189
2025-12-06T19:00:00Z,145097,111859,104222,80138,33238,42941,42612,57356,46392
2025-12-06T20:00:00Z,148913,112664,106719,80017,36249,41456,41111,59122,48424
2025-12-06T21:00:00Z,146652,109717,106323,79694,36935,40739,40330,58184,47946
2025-12-06T22:00:00Z,144053,106833,104446,77336,37220,39112,38772,56154,46548
2025-12-06T23:00:00Z,141761,105387,105130,78591,36374,38744,38434,53780,45154
2025-12-07T00:00:00Z,137139,96995,97889,70931,40144,34390,33954,59317,50107
2025-12-07T01:00:00Z,145672,81297,111594,59326,64375,30401,29987,79034,69949
2025-12-07T02:00:00Z,138586,90438,103308,66762,48148,32505,32146,63402,53915
2025-12-07T03:00:00Z,136692,100166,101388,75127,36526,36298,35931,56637,46819
2025-12-07T04:00:00Z,142524,101833,106115,75823,40691,36842,36514,58182,48507
2025-12-07T05:00:00Z,142132,103216,106491,76778,38916,38063,37744,56032,46509
2025-12-07T06:00:00Z,143175,102454,107970,75914,40721,37855,37526,62335,51868
2025-12-07T07:00:00Z,141903,107054,104527,77861,34849,40143,39811,55261,44309
2025-12-07T08:00:00Z,146887,110448,108231,80910,36439,43151,42804,61043,49931
2025-12-07T09:00:00Z,145216,107028,106072,77292,38188,43657,43309,60615,48936
2025-12-07T10:00:00Z,147641,110607,108110,80595,37034,45395,45074,64256,52344
2025-12-07T11:00:00Z,141996,107725,103924,78193,34271,43551,43230,58276,46575
2025-12-07T12:00:00Z,157513,97126,122058,70187,60387,42511,42182,86945,75119
2025-12-07T13:00:00Z,152834,107686,114399,77060,45148,47702,47409,78024,65501
2025-12-07T14:00:00Z,149966,119265,106013,84410,30701,51999,51671,66550,52680
2025-12-07T15:00:00Z,151897,119321,105429,82261,32576,52383,52044,68793,54389
2025-12-07T16:00:00Z,146501,115692,101745,80759,30809,51159,50799,66958,52765
2025-12-07T17:00:00Z,152447,121331,102330,81708,31116,49343,48990,63543,49591
2025-12-07T18:00:00Z,148321,112159,104184,78002,36162,47369,47022,69141,56311
2025-12-07T19:00:00Z,149579,117737,105606,82584,31842,47694,47380,61330,49650
2025-12-07T20:00:00Z,146830,110192,102597,77204,36638,44199,43755,60936,49410
2025-12-07T21:00:00Z,148374,111342,105185,78824,37032,43368,43013,60001,48934
2025-12-07T22:00:00Z,145933,107967,105275,77672,37966,41662,41338,57921,47723
2025-12-07T23:00:00Z,139953,104664,104040,77559,35289,40549,40219,55255,46204
2025-12-08T00:00:00Z,146881,93230,96393,67490,53651,36632,36194,65234,52984
2025-12-08T01:00:00Z,153264,88181,107874,61720,65083,36848,36467,82220,69181
2025-12-08T02:00:00Z,146165,100295,96875,70914,45870,40994,40589,64963,51119
2025-12-08T03:00:00Z,145435,103898,92294,72093,41537,43270,42881,62104,47960
2025-12-08T04:00:00Z,148585,102677,94277,71559,45908,41882,41495,61917,48271
2025-12-08T05:00:00Z,148501,102823,94961,71019,45678,44391,43985,61878,47346
2025-12-08T06:00:00Z,151471,103971,96385,70926,47500,47477,47041,68866,52364
2025-12-08T07:00:00Z,151725,109996,97177,72480,41729,49026,48597,63818,46936
2025-12-08T08:00:00Z,145787,103490,88492,66448,42297,48119,47622,63353,45655
2025-12-08T09:00:00Z,150373,108010,95188,71854,42363,50851,50382,67130,49773
2025-12-08T10:00:00Z,150942,104926,95887,72228,46016,50459,50019,68042,50734
2025-12-08T11:00:00Z,147930,107891,94578,71502,40039,51044,50567,65154,48453
2025-12-08T12:00:00Z,166529,105076,127406,78531,61453,51536,51078,93245,79261
2025-12-08T13:00:00Z,160562,112327,118074,82735,48235,55203,54728,85793,70324
2025-12-08T14:00:00Z,146719,113297,96307,78099,33422,57409,56885,71712,54433
2025-12-08T15:00:00Z,153705,117958,108149,86086,35747,60390,59851,77285,61340
2025-12-08T16:00:00Z,150114,114994,100620,80667,35120,57585,57039,74299,57564
2025-12-08T17:00:00Z,152505,116035,103123,82506,36470,57113,56600,73578,57281
2025-12-08T18:00:00Z,150034,109203,99720,75043,40831,52310,51776,74106,58261
2025-12-08T19:00:00Z,151201,109678,95685,73348,41523,51537,51032,68420,52026
2025-12-08T20:00:00Z,149647,106741,94132,72603,42906,49889,49352,68298,52590
2025-12-08T21:00:00Z,147566,104212,94205,70612,43354,46744,46215,64021,49562
2025-12-08T22:00:00Z,148861,102925,92660,69430,45936,44229,43727,61602,47520
2025-12-08T23:00:00Z,150146,101765,94578,69227,48381,43005,42510,60347,47202
2025-12-09T00:00:00Z,149535,102521,103642,72170,47014,42850,42337,69867,57781
2025-12-09T01:00:00Z,154942,94591,114804,66483,60351,42979,42523,86392,73952
2025-12-09T02:00:00Z,143979,103147,100943,72918,40832,45452,45008,67555,54195
2025-12-09T03:00:00Z,147827,106099,98368,72942,41728,46912,46462,66753,51908
2025-12-09T04:00:00Z,149006,104743,101869,74044,44263,44479,44058,64043,50884
2025-12-09T05:00:00Z,145233,107300,98187,74174,37933,46382,45948,63318,49146
2025-12-09T06:00:00Z,147858,110394,99779,75432,37464,50059,49591,70547,55070
2025-12-09T07:00:00Z,148411,115582,96429,76002,32829,52417,51941,66271,49723
2025-12-09T08:00:00Z,149047,115908,94929,75707,33139,54405,53914,68981,51721
2025-12-09T09:00:00Z,147388,113895,97400,76042,33493,54540,54004,68979,52426
2025-12-09T10:00:00Z,149484,116197,100155,78645,33287,54593,54093,69857,53579
2025-12-09T11:00:00Z,149753,116558,97414,77312,33195,54702,54191,67611,50592
2025-12-09T12:00:00Z,158010,108454,120412,78873,49556,52147,51662,89910,77179
2025-12-09T13:00:00Z,158192,117731,116620,83379,40461,55606,55121,83716,70524
2025-12-09T14:00:00Z,145553,118583,97145,80400,26970,59042,58507,71158,54667
2025-12-09T15:00:00Z,148515,119934,104415,84766,28581,58434,57893,73215,57847
2025-12-09T16:00:00Z,144080,115224,97023,78934,28856,56549,55929,70417,54569
2025-12-09T17:00:00Z,146566,115483,96982,78213,31083,55151,54546,68730,52452
2025-12-09T18:00:00Z,151550,113430,103967,78314,38120,53229,52610,74512,58458
2025-12-09T19:00:00Z,146334,109982,94586,72470,36352,49658,49100,63966,48312
2025-12-09T20:00:00Z,145268,107798,95413,72668,37470,48616,48063,64539,50345
2025-12-09T21:00:00Z,144423,108304,96061,73808,36119,48799,48298,63437,49973
2025-12-09T22:00:00Z,146423,110807,99303,77259,35616,49115,48646,64558,51656
2025-12-09T23:00:00Z,146678,110182,98544,75062,36496,42868,42365,57300,45602
2025-12-10T00:00:00Z,143734,102689,97169,71301,41045,43107,42591,67247,55070
2025-12-10T01:00:00Z,147516,93298,107213,64944,54218,43605,43151,84592,72333
2025-12-10T02:00:00Z,146463,104878,99283,73731,41585,48852,48403,73043,59090
2025-12-10T03:00:00Z,146010,106644,94827,73599,39366,48094,47610,67096,52300
2025-12-10T04:00:00Z,147265,106747,99933,73816,40518,43874,43431,63736,50840
2025-12-10T05:00:00Z,145551,105272,96852,72195,40279,47521,47108,64383,50644
2025-12-10T06:00:00Z,146805,107476,98369,72811,39329,51945,51499,72453,57136
2025-12-10T07:00:00Z,146851,114223,96682,75959,32628,54546,54111,67798,51746
2025-12-10T08:00:00Z,145667,114087,91832,73493,31580,55037,54529,68547,51509
2025-12-10T09:00:00Z,145946,113772,92560,73427,32174,56585,56072,70127,52514
2025-12-10T10:00:00Z,148369,115454,96159,76290,32915,57302,56785,71891,55297
2025-12-10T11:00:00Z,148843,116740,96853,77311,32103,57721,57173,70320,53772
2025-12-10T12:00:00Z,157209,106724,120379,79128,50485,55232,54750,92140,78978
2025-12-10T13:00:00Z,156280,113451,115522,81822,42829,56207,55658,85013,70106
2025-12-10T14:00:00Z,148787,119554,100905,82559,29233,61279,60703,74245,57601
2025-12-10T15:00:00Z,148147,118331,104765,84111,29816,59933,59407,75359,60022
2025-12-10T16:00:00Z,143185,115410,100399,82309,27775,58544,58023,72516,57383
2025-12-10T17:00:00Z,148539,118967,101675,83507,29572,58778,58150,72115,56556
2025-12-10T18:00:00Z,148908,113253,102294,78295,35655,51675,51104,72477,57236
2025-12-10T19:00:00Z,142933,109082,96204,75815,33851,50971,50477,65035,50700
2025-12-10T20:00:00Z,146198,111613,97485,77129,34585,50017,49505,65939,51852
2025-12-10T21:00:00Z,147990,111691,97495,75488,36299,49489,48955,64590,51395
2025-12-10T22:00:00Z,141744,106485,94363,71778,35259,46761,46291,62098,49575
2025-12-10T23:00:00Z,136888,101454,93639,69805,35434,39734,39303,54499,43352
2025-12-11T00:00:00Z,143902,104328,98817,73164,39574,45530,45059,69261,57516
2025-12-11T01:00:00Z,150147,96081,109428,66190,54066,43743,43319,85430,73070
2025-12-11T02:00:00Z,144328,104881,98482,72148,39447,45901,45420,69904,56508
2025-12-11T03:00:00Z,145142,110052,97240,76138,35090,46944,46470,65406,51683
2025-12-11T04:00:00Z,145314,107014,99136,73713,38300,44155,43728,63817,50739
2025-12-11T05:00:00Z,144716,109322,100124,76426,35394,49479,49062,65083,51791
2025-12-11T06:00:00Z,147615,111599,98753,74820,36016,52784,52314,72434,57088
2025-12-11T07:00:00Z,148991,117528,95924,75781,31463,55101,54643,67962,51784
2025-12-11T08:00:00Z,144896,113105,89934,70758,31791,51138,50622,65117,48017
2025-12-11T09:00:00Z,144704,112991,95055,74943,31713,57338,56807,70981,54568
2025-12-11T10:00:00Z,147488,114459,95906,75455,33029,57199,56698,71680,55479
2025-12-11T11:00:00Z,147700,116655,96551,76659,31045,56334,55851,68645,52582
2025-12-11T12:00:00Z,155423,106372,116137,75904,49051,53274,52776,89743,75693
2025-12-11T13:00:00Z,158156,116212,115818,82545,41944,56116,55549,84615,70186
2025-12-11T14:00:00Z,145679,116763,96543,78551,28916,59757,59233,72208,55475
2025-12-11T15:00:00Z,142809,115081,95215,77553,27728,58803,58294,71935,55704
2025-12-11T16:00:00Z,143864,114053,93331,76474,29811,57471,56945,71139,54249
2025-12-11T17:00:00Z,145680,119562,95101,78316,26118,54345,53830,66808,52706
2025-12-11T18:00:00Z,149406,113461,98379,74447,35945,49607,49097,69738,55373
2025-12-11T19:00:00Z,148172,114203,98587,77346,33969,52433,51958,66234,51958
2025-12-11T20:00:00Z,146315,107573,96698,73116,38742,49338,48833,66633,52666
2025-12-11T21:00:00Z,144981,107169,94543,71599,37812,47266,46761,63352,50085
2025-12-11T22:00:00Z,144982,100345,90476,67214,44637,44568,44066,63536,49158
2025-12-11T23:00:00Z,143328,99186,91151,67471,44142,40671,40182,57527,44685
2025-12-12T00:00:00Z,148258,97701,92046,67507,50557,42485,41896,68282,53891
2025-12-12T01:00:00Z,153437,89793,106019,63432,63644,42570,42074,85443,71819
2025-12-12T02:00:00Z,146611,99819,96778,69805,46792,45432,44968,70886,56424
2025-12-12T03:00:00Z,143691,99999,92658,68943,43692,41769,41310,63492,48957
2025-12-12T04:00:00Z,149158,103143,100222,73354,46015,45555,45131,67897,53765
2025-12-12T05:00:00Z,147348,105023,99754,74723,42325,46902,46488,65325,51281
2025-12-12T06:00:00Z,148808,106467,99801,72653,42341,49684,49224,71535,56727
2025-12-12T07:00:00Z,149791,111940,99741,75897,37851,51447,50997,66267,50888
2025-12-12T08:00:00Z,145742,110379,90319,71280,35363,51793,51229,66680,49950
2025-12-12T09:00:00Z,146417,111595,93988,73545,34822,54700,54160,69668,53123
2025-12-12T10:00:00Z,146791,112626,93534,73720,34165,53870,53353,68765,53020
2025-12-12T11:00:00Z,148781,113589,95033,75288,35192,55353,54878,68912,52912
2025-12-12T12:00:00Z,153739,100194,111376,69069,53545,47965,47486,87428,73117
2025-12-12T13:00:00Z,155040,111837,112212,79164,43203,56519,56056,85423,70928
2025-12-12T14:00:00Z,150389,118303,100937,81325,32086,58432,57944,72318,56065
2025-12-12T15:00:00Z,148494,115323,98575,78479,33171,57155,56530,72615,56582
2025-12-12T16:00:00Z,151785,116693,99253,79462,35092,56566,56030,71715,55888
2025-12-12T17:00:00Z,147403,111194,92605,73026,36209,49929,49392,64734,48272
2025-12-12T18:00:00Z,150348,108288,99891,74102,42060,51434,50827,73130,58644
2025-12-12T19:00:00Z,147216,107566,95891,72815,39650,49017,48421,63739,48957
2025-12-12T20:00:00Z,145270,104159,94387,71732,41111,45736,45235,62639,48969
2025-12-12T21:00:00Z,147340,103034,95803,71431,44306,45633,45139,63270,49758
2025-12-12T22:00:00Z,142790,96234,89883,65086,46556,36782,36210,55094,42427
2025-12-12T23:00:00Z,143662,101158,97748,73001,42504,41919,41468,58481,47820
2025-12-13T00:00:00Z,145566,95979,100587,69036,49587,38865,38315,70232,58585
2025-12-13T01:00:00Z,150065,86165,112090,62046,63900,35967,35523,85141,74861
2025-12-13T02:00:00Z,143011,96949,99455,71498,46062,37798,37370,63758,53060
2025-12-13T03:00:00Z,140706,99931,99302,72449,40775,36039,35622,58650,47982
2025-12-13T04:00:00Z,144423,102921,104700,75662,41502,40849,40471,60508,50147
2025-12-13T05:00:00Z,149367,107525,108151,79320,41842,43863,43493,62436,51845
2025-12-13T06:00:00Z,143121,101147,104238,73600,41974,42737,42343,66205,55247
2025-12-13T07:00:00Z,143342,104855,103555,74953,38487,39151,38811,55248,44177
2025-12-13T08:00:00Z,149126,109655,105377,78092,39471,45617,45237,63767,51888
2025-12-13T09:00:00Z,146038,106408,104995,77221,39630,45223,44841,62948,51000
2025-12-13T10:00:00Z,149089,109498,106305,78979,39591,46132,45783,64911,52767
2025-12-13T11:00:00Z,147698,111885,104463,79908,35813,46502,46174,61399,49194
2025-12-13T12:00:00Z,156428,96276,120297,69856,60152,41329,40996,85591,74016
2025-12-13T13:00:00Z,156220,106426,115746,78455,49794,48522,48185,79140,66403
2025-12-13T14:00:00Z,155251,117187,106242,83844,38064,51287,50930,66696,51857
2025-12-13T15:00:00Z,147869,113796,106849,82447,34073,50218,49840,65981,53046
2025-12-13T16:00:00Z,149287,116101,105706,83485,33186,50989,50615,66883,53836
2025-12-13T17:00:00Z,148373,114153,107025,83394,34220,46481,46086,61044,48579
2025-12-13T18:00:00Z,148267,109157,108898,79648,39110,45866,45491,68796,56983
2025-12-13T19:00:00Z,143731,108583,106784,80529,35148,45213,44884,59841,49011
2025-12-13T20:00:00Z,145809,107932,108250,80797,37877,44293,43949,61372,51118
2025-12-13T21:00:00Z,144553,104932,107167,78196,39621,41226,40883,58724,49055
2025-12-13T22:00:00Z,138261,99627,101538,73454,38634,36554,36173,53145,44001
2025-12-13T23:00:00Z,139885,103064,105186,77587,36821,40228,39918,55737,47274
2025-12-14T00:00:00Z,138264,96944,100491,73279,41320,37767,37301,63071,53720
2025-12-14T01:00:00Z,145919,82668,113675,62462,63251,34895,34498,84246,75265
2025-12-14T02:00:00Z,140728,93350,105123,70522,47378,38090,37703,70045,60604
2025-12-14T03:00:00Z,134382,100870,96062,74135,33512,33654,33283,52856,42575
2025-12-14T04:00:00Z,139914,101846,102437,75070,38068,40479,40151,61270,51302
2025-12-14T05:00:00Z,141356,104360,103989,76663,36996,41049,40722,58956,49252
2025-12-14T06:00:00Z,145902,105163,107204,76013,40739,42243,41899,66402,55913
2025-12-14T07:00:00Z,142551,105662,105642,77348,36889,40984,40646,56543,45553
2025-12-14T08:00:00Z,143726,106637,104667,77853,37089,44872,44505,62928,51231
2025-12-14T09:00:00Z,142909,105320,104248,77100,37589,45713,45345,62921,50894
2025-12-14T10:00:00Z,145782,110146,106233,80658,35636,47120,46768,64518,52579
2025-12-14T11:00:00Z,142421,109886,104099,80413,32535,48031,47719,61915,50127
2025-12-14T12:00:00Z,157858,99629,121593,71767,58229,43989,43636,87842,75860
2025-12-14T13:00:00Z,153026,109024,114502,78724,44002,50726,50395,80242,67535
2025-12-14T14:00:00Z,153852,123544,106696,85868,30308,55494,55145,69633,55415
2025-12-14T15:00:00Z,153696,121142,106835,83840,32554,53642,53301,69917,56020
2025-12-14T16:00:00Z,152193,120106,105960,84565,32087,52788,52436,69025,54845
2025-12-14T17:00:00Z,150567,117703,105679,83173,32864,49621,49277,64789,51320
2025-12-14T18:00:00Z,152292,113530,110431,82636,38762,51687,51329,74218,61475
2025-12-14T19:00:00Z,145990,111352,106696,81416,34638,48562,48226,62766,51032
2025-12-14T20:00:00Z,146956,109591,106772,80359,37365,46740,46383,63826,52715
2025-12-14T21:00:00Z,146452,107066,108100,79260,39386,44236,43886,61108,50619
2025-12-14T22:00:00Z,140678,100545,103142,74408,40133,39722,39342,57030,47169
2025-12-14T23:00:00Z,142023,105047,106770,79453,36976,42480,42149,58127,49051
2025-12-15T00:00:00Z,145349,90294,91471,66777,55055,38691,38223,65531,52328
2025-12-15T01:00:00Z,154153,85452,104001,61167,68701,38461,38027,82847,69009
2025-12-15T02:00:00Z,147152,93287,94137,66366,53865,42298,41880,70171,55519
2025-12-15T03:00:00Z,141019,96309,83836,67153,44710,39442,39001,56602,41471
2025-12-15T04:00:00Z,146964,95033,92317,68674,51931,43317,42866,65697,51206
2025-12-15T05:00:00Z,148754,100301,93865,71538,48453,46044,45625,64769,49690
2025-12-15T06:00:00Z,153975,102844,94615,71132,51131,48585,48125,71424,54110
2025-12-15T07:00:00Z,145980,103481,88752,68794,42499,46959,46481,62791,45263
2025-12-15T08:00:00Z,149995,106257,90641,71636,43738,51961,51446,68484,50214
2025-12-15T09:00:00Z,148829,102995,92234,72959,45834,52214,51704,71519,53295
2025-12-15T10:00:00Z,148805,108156,94368,74260,40649,54350,53834,72130,54541
2025-12-15T11:00:00Z,150922,109312,95951,75131,41610,54290,53694,70134,52874
2025-12-15T12:00:00Z,156112,99260,112625,72032,56852,48618,48017,87744,72694
2025-12-15T13:00:00Z,164737,113950,123690,87787,50787,57973,57444,91597,76524
2025-12-15T14:00:00Z,149274,114217,101957,84113,35057,58796,58261,75150,58468
2025-12-15T15:00:00Z,152440,115340,106152,85414,37100,59061,58466,76683,60626
2025-12-15T16:00:00Z,151352,113982,102203,83249,37370,58475,57925,76235,59394
2025-12-15T17:00:00Z,151084,109263,98096,76429,41821,52402,51872,70524,53622
2025-12-15T18:00:00Z,152458,105502,104130,78133,46956,52358,51842,77902,61880
2025-12-15T19:00:00Z,148263,105422,94705,73173,42841,49599,49100,65131,49695
2025-12-15T20:00:00Z,145721,100875,92829,71144,44846,47418,46913,64993,50339
2025-12-15T21:00:00Z,149303,103199,95573,71715,46104,45658,45180,63456,49275
2025-12-15T22:00:00Z,149840,99067,91744,68243,50773,43677,43203,62380,48327
2025-12-15T23:00:00Z,145999,98366,92716,70039,47633,43051,42619,59363,46959
2025-12-16T00:00:00Z,143791,100901,98470,72516,42890,42606,42115,67120,55336
2025-12-16T01:00:00Z,147094,89274,104936,61339,57820,38152,37678,80971,68583
2025-12-16T02:00:00Z,145139,102726,98894,72070,42413,45008,44574,70090,56344
2025-12-16T03:00:00Z,149149,110672,99987,78508,38477,47147,46708,67075,52725
2025-12-16T04:00:00Z,143886,104803,99843,75691,39083,44840,44417,65022,52613
2025-12-16T05:00:00Z,146974,107276,99047,74857,39698,47631,47197,64796,51281
2025-12-16T06:00:00Z,144376,106863,96395,72379,37513,46014,45567,66659,51662
2025-12-16T07:00:00Z,148047,115031,98122,77610,33016,54312,53871,68223,52105
2025-12-16T08:00:00Z,149388,115981,95550,76669,33407,55927,55442,70647,53676
2025-12-16T09:00:00Z,147900,113099,96465,75126,34801,55449,54936,70167,53871
2025-12-16T10:00:00Z,147501,112670,94130,73023,34831,53297,52789,68825,52393
2025-12-16T11:00:00Z,150929,116870,98736,78354,34059,53828,53330,67210,51537
2025-12-16T12:00:00Z,157993,107013,119094,78022,50980,54356,53896,91697,77745
2025-12-16T13:00:00Z,157296,114645,117717,84192,42651,58052,57550,88132,73915
2025-12-16T14:00:00Z,147221,117239,97475,79842,29982,60745,60148,74051,57191
2025-12-16T15:00:00Z,148959,117278,100738,80824,31681,59139,58579,73595,57162
2025-12-16T16:00:00Z,147567,117405,97888,80518,30162,57723,57139,71679,55338
2025-12-16T17:00:00Z,148987,117990,100077,81973,30997,57194,56602,70442,54768
2025-12-16T18:00:00Z,149370,112486,101965,78337,36884,54537,54013,76087,60555
2025-12-16T19:00:00Z,148446,110571,95600,74300,37875,51037,50422,65688,50400
2025-12-16T20:00:00Z,145519,106535,92532,70568,38984,46401,45887,63057,48713
2025-12-16T21:00:00Z,145821,105128,94236,71043,40693,45642,45128,62267,48475
2025-12-16T22:00:00Z,145881,99542,90677,68184,46339,43592,43073,62161,47460
2025-12-16T23:00:00Z,142625,102548,95254,71417,40077,44080,43666,59700,48340
2025-12-17T00:00:00Z,148348,99104,100397,69967,49244,41729,41193,70491,58614
2025-12-17T01:00:00Z,146843,88152,105120,60677,58691,37728,37278,80596,68411
2025-12-17T02:00:00Z,145145,102958,97660,72171,42187,43662,43199,67731,54196
2025-12-17T03:00:00Z,141932,104351,94853,73593,37581,44913,44468,64326,50907
2025-12-17T04:00:00Z,147011,106618,101844,77200,40393,45343,44947,66632,53813
2025-12-17T05:00:00Z,146533,108354,100415,77020,38179,47199,46792,64890,51486
2025-12-17T06:00:00Z,150373,109749,100583,75070,40624,47765,47322,70514,54979
2025-12-17T07:00:00Z,148996,114413,97746,77191,34583,52936,52484,67811,51479
2025-12-17T08:00:00Z,148236,114087,94559,75817,34149,54915,54413,69501,52551
2025-12-17T09:00:00Z,144447,111495,94897,75544,32952,54905,54391,69492,53086
2025-12-17T10:00:00Z,146124,111026,95858,74795,35098,55019,54507,70612,54602
2025-12-17T11:00:00Z,144825,111058,90100,71100,33767,52022,51476,65238,48478
2025-12-17T12:00:00Z,155657,104818,117681,77052,50839,53776,53238,90897,77436
2025-12-17T13:00:00Z,158981,114680,117465,82986,44301,58816,58266,87993,73352
2025-12-17T14:00:00Z,144554,115902,96122,79265,28652,60052,59493,72582,56004
2025-12-17T15:00:00Z,146966,115642,98978,79008,31324,58122,57513,72914,56664
2025-12-17T16:00:00Z,148645,118769,97510,80080,29876,58492,57903,72385,55853
2025-12-17T17:00:00Z,151017,119481,99545,81394,31536,56978,56430,71049,55328
2025-12-17T18:00:00Z,147488,111151,99519,76857,36337,53275,52742,73759,58851
2025-12-17T19:00:00Z,146382,113629,95741,76611,32753,51432,50928,65685,51036
2025-12-17T20:00:00Z,144776,107111,92943,71943,37665,45361,44809,62160,48338
2025-12-17T21:00:00Z,144785,107699,96037,73821,37086,47803,47295,63934,51018
2025-12-17T22:00:00Z,143495,106532,96636,74199,36963,45162,44683,61175,49396
2025-12-17T23:00:00Z,142376,104741,98508,74978,37635,43777,43281,59780,48752
2025-12-18T00:00:00Z,145875,100738,101377,72112,45137,41911,41374,69472,57969
2025-12-18T01:00:00Z,148951,89346,107677,62022,59605,36381,35901,79833,67834
2025-12-18T02:00:00Z,145163,103120,100250,73433,42043,44446,43990,69767,56741
2025-12-18T03:00:00Z,143590,104388,97313,74596,39202,44609,44163,64808,51372
2025-12-18T04:00:00Z,145388,105864,102733,76975,39524,44811,44383,65591,53553
2025-12-18T05:00:00Z,144623,108068,102370,78607,36555,48244,47808,65474,52572
2025-12-18T06:00:00Z,145284,108127,98599,74053,37157,46875,46457,68184,53423
2025-12-18T07:00:00Z,154083,121099,104017,83438,32984,55981,55525,70407,54601
2025-12-18T08:00:00Z,148118,118498,96618,79591,29620,56277,55786,70279,53673
2025-12-18T09:00:00Z,144739,116060,93803,76755,28679,56194,55689,70170,53542
2025-12-18T10:00:00Z,145750,115393,93922,76021,30357,53873,53352,68297,52025
2025-12-18T11:00:00Z,143752,114575,93798,76286,29177,56285,55781,68746,52814
2025-12-18T12:00:00Z,155332,104502,118282,76634,50830,53007,52463,91325,78140
2025-12-18T13:00:00Z,152588,110753,111195,79231,41835,55923,55390,84855,70277
2025-12-18T14:00:00Z,150321,121636,100640,82565,28685,58650,58091,72414,56698
2025-12-18T15:00:00Z,158950,129786,104220,83538,29164,55354,54786,71736,58180
2025-12-18T16:00:00Z,150487,122506,100167,82521,27981,58666,58057,73242,57724
2025-12-18T17:00:00Z,150871,117093,101761,82227,33778,56716,56166,71633,56029
2025-12-18T18:00:00Z,146919,106444,98634,74588,40475,51238,50671,73304,58100
2025-12-18T19:00:00Z,144256,104288,91981,70820,39968,46242,45738,61420,46331
2025-12-18T20:00:00Z,146129,108427,96676,74563,37702,48942,48410,65196,51864
2025-12-18T21:00:00Z,150413,110001,99147,74729,40412,47407,46900,64012,51244
2025-12-18T22:00:00Z,142651,102765,92957,69987,39886,42920,42429,59736,47804
2025-12-18T23:00:00Z,143573,104507,99291,74758,39066,41142,40667,56837,46410
2025-12-19T00:00:00Z,143896,96851,98018,69211,47045,41945,41418,69001,57603
2025-12-19T01:00:00Z,154808,90457,113079,64154,64351,41511,41038,88256,76070
2025-12-19T02:00:00Z,145612,100610,101048,72662,45002,44223,43767,70020,57262
2025-12-19T03:00:00Z,142385,103616,96447,73537,38769,42146,41732,62709,49650
2025-12-19T04:00:00Z,144879,104146,101496,75362,40733,44420,44031,65717,53457
2025-12-19T05:00:00Z,143537,104817,96218,71850,38720,44775,44378,62070,49658
2025-12-19T06:00:00Z,149335,110544,100668,75520,38791,49805,49359,71806,57196
2025-12-19T07:00:00Z,147460,113474,94725,73850,33986,49603,49180,64069,48788
2025-12-19T08:00:00Z,145398,112085,92292,73986,33313,52844,52350,68447,52051
2025-12-19T09:00:00Z,148491,114113,95527,75878,34378,55118,54605,70267,53936
2025-12-19T10:00:00Z,146825,112368,93633,73361,34457,53230,52702,68758,53221
2025-12-19T11:00:00Z,145701,113388,93178,73971,32313,52433,51948,65756,50620
2025-12-19T12:00:00Z,156673,102158,114151,71214,54515,48260,47756,87290,73744
2025-12-19T13:00:00Z,155322,108422,111804,76567,46900,53881,53393,84203,69868
2025-12-19T14:00:00Z,149795,116353,96911,77790,33442,58015,57461,72280,55802
2025-12-19T15:00:00Z,149228,114184,97985,76829,35044,55467,54851,71300,55142
2025-12-19T16:00:00Z,148874,112882,95934,75546,35992,53855,53217,69229,53345
2025-12-19T17:00:00Z,148360,111437,97362,75790,36923,51917,51362,66765,51567
2025-12-19T18:00:00Z,147506,104768,97470,71606,42738,49272,48730,71440,57157
2025-12-19T19:00:00Z,148382,110630,98517,75496,37752,48851,48287,63545,49924
2025-12-19T20:00:00Z,146700,106590,96030,72576,40110,46081,45570,63243,50711
2025-12-19T21:00:00Z,146832,105062,98161,72002,41770,39139,38622,56878,45089
2025-12-19T22:00:00Z,145136,102372,97164,72627,42764,42258,41793,60363,48099
2025-12-19T23:00:00Z,145052,100335,98697,73441,44717,40852,40409,58335,47505
2025-12-20T00:00:00Z,142981,93060,98193,65830,49921,36060,35582,65587,55893
2025-12-20T01:00:00Z,152475,81389,111912,56211,71086,30709,30286,83643,74080
2025-12-20T02:00:00Z,139263,94663,96793,69081,44600,38976,38596,63285,53452
2025-12-20T03:00:00Z,139597,98464,98507,70977,41133,39153,38763,61351,51416
2025-12-20T04:00:00Z,143373,101523,101918,72878,41850,39526,39138,60043,49986
2025-12-20T05:00:00Z,142509,102151,97529,69202,40358,36852,36507,55519,45106
2025-12-20T06:00:00Z,141751,101220,103047,73169,40531,41914,41558,65670,54623
2025-12-20T07:00:00Z,147591,111722,108764,82176,35869,44610,44266,59902,48866
2025-12-20T08:00:00Z,142525,107170,103473,78329,35355,43417,43059,61112,49836
2025-12-20T09:00:00Z,144765,108351,105895,79898,36414,44611,44233,61781,50273
2025-12-20T10:00:00Z,146775,108475,106659,79184,38300,43153,42789,61904,49966
2025-12-20T11:00:00Z,146195,112239,106537,82084,33956,46693,46343,61692,50119
2025-12-20T12:00:00Z,155985,96531,122557,71764,59454,43600,43261,88239,77406
2025-12-20T13:00:00Z,154020,106498,117028,78655,47522,47500,47135,78173,66222
2025-12-20T14:00:00Z,145419,112907,102931,80525,32512,48361,48017,63736,50612
2025-12-20T15:00:00Z,149476,113965,107074,81615,35511,48502,48172,66189,53009
2025-12-20T16:00:00Z,149233,115406,107034,83708,33827,51222,50845,67941,55124
2025-12-20T17:00:00Z,150379,116245,109299,86189,34134,50799,50460,65843,53656
2025-12-20T18:00:00Z,147786,108018,108740,79596,39768,46374,46025,69982,58603
2025-12-20T19:00:00Z,143015,108131,104809,79036,34884,41114,40778,56090,45750
2025-12-20T20:00:00Z,143713,106155,107345,79862,37558,43043,42703,61070,51511
2025-12-20T21:00:00Z,142843,104174,106980,78413,38669,40723,40384,57730,48537
2025-12-20T22:00:00Z,138827,100550,103346,75233,38277,38371,38041,55669,46992
2025-12-20T23:00:00Z,135596,99025,102002,74745,36571,38595,38290,54303,46126
2025-12-21T00:00:00Z,133179,91615,95195,67368,41564,33707,33274,58806,50002
2025-12-21T01:00:00Z,143490,80083,112661,59680,63407,33550,33185,83472,75357
2025-12-21T02:00:00Z,140229,93564,104328,69040,46665,37107,36737,68902,59965
2025-12-21T03:00:00Z,132959,99774,96872,74194,33185,38386,38036,57412,48101
2025-12-21T04:00:00Z,143465,99153,105351,73275,44312,35046,34706,57459,47931
2025-12-21T05:00:00Z,142083,102644,106102,76939,39439,39644,39317,58715,49138
2025-12-21T06:00:00Z,144974,105370,103771,73870,39604,40169,39838,64269,54268
2025-12-21T07:00:00Z,144176,111138,107215,82348,33038,44304,43991,59942,49733
2025-12-21T08:00:00Z,142859,107279,104535,78824,35580,38703,38378,57569,46403
2025-12-21T09:00:00Z,147342,110245,108459,82086,37097,45513,45176,63237,51961
2025-12-21T10:00:00Z,148686,111659,111244,83603,37027,46827,46510,65464,54308
2025-12-21T11:00:00Z,144354,111075,106952,82579,33279,46773,46449,62127,50640
2025-12-21T12:00:00Z,154579,96588,120838,71194,57991,43515,43185,87552,76117
2025-12-21T13:00:00Z,154499,106784,115777,77630,47715,46949,46632,78689,65909
2025-12-21T14:00:00Z,148936,116043,106570,83839,32893,51387,51050,66736,53124
2025-12-21T15:00:00Z,156122,113231,115634,82319,42891,51684,51348,68763,55504
2025-12-21T16:00:00Z,152839,110356,110856,78947,42483,49410,49070,66212,53110
2025-12-21T17:00:00Z,151195,108070,110572,78135,43125,45884,45562,60937,48735
2025-12-21T18:00:00Z,148968,100680,110458,72850,48288,43935,43581,66750,55015
2025-12-21T19:00:00Z,151874,105029,112650,76651,46845,44551,44243,59200,48660
2025-12-21T20:00:00Z,149096,101363,112152,74798,47733,42353,42047,59345,49374
2025-12-21T21:00:00Z,146443,103120,108881,75853,43323,42739,42414,59403,49658
2025-12-21T22:00:00Z,139323,100150,99774,71747,39173,35473,35116,53527,44085
2025-12-21T23:00:00Z,138676,102157,102810,76688,36519,41969,41619,57591,49146
2025-12-22T00:00:00Z,139386,89245,91856,65391,50141,37768,37312,63670,52460
2025-12-22T01:00:00Z,149472,83042,104654,59674,66430,37873,37465,82307,70304
2025-12-22T02:00:00Z,145295,92529,95273,64714,52766,38568,38161,67637,54383
2025-12-22T03:00:00Z,145169,104787,94427,75225,40382,44550,44186,62006,49169
2025-12-22T04:00:00Z,145178,96839,96124,70043,48339,41494,41059,63514,51233
2025-12-22T05:00:00Z,141887,98435,93143,69414,43452,43396,42912,61272,48307
2025-12-22T06:00:00Z,148738,102836,94202,69813,45902,46786,46339,68943,53944
2025-12-22T07:00:00Z,145977,106455,92337,71097,39522,47436,47007,62720,47113
2025-12-22T08:00:00Z,142939,105433,87847,68573,37506,49222,48743,65559,49535
2025-12-22T09:00:00Z,151174,105239,90057,70252,45935,51095,50602,68647,51328
2025-12-22T10:00:00Z,153413,112542,98347,76748,40871,53427,52947,70995,54967
2025-12-22T11:00:00Z,150588,110111,93774,72794,40477,48142,47635,63178,47463
2025-12-22T12:00:00Z,155460,100184,113122,71918,55276,49005,48520,88675,74833
2025-12-22T13:00:00Z,152271,103793,109031,74371,48478,51230,50736,82197,67617
2025-12-22T14:00:00Z,151529,113694,97674,78072,37835,55658,55171,70775,54319
2025-12-22T15:00:00Z,151030,112998,100564,79308,38032,55914,55382,72348,56856
2025-12-22T16:00:00Z,151698,111746,95138,74471,39952,51607,51017,68321,51962
2025-12-22T17:00:00Z,149132,108589,96409,75175,40543,53209,52642,69571,54203
2025-12-22T18:00:00Z,148051,103976,98200,72625,44075,48823,48310,72804,58231
2025-12-22T19:00:00Z,148507,108661,97176,75190,39846,46988,46522,63047,49369
2025-12-22T20:00:00Z,147057,102654,95091,71944,44403,44898,44422,63369,50055
2025-12-22T21:00:00Z,145422,97750,93626,68648,47672,39785,39321,58304,45685
2025-12-22T22:00:00Z,144310,99620,94468,70232,44690,39920,39498,58014,46527
2025-12-22T23:00:00Z,143386,99391,96602,71862,43995,41601,41193,57847,47540
2025-12-23T00:00:00Z,143801,98194,101315,70840,45607,40777,40275,68519,58053
2025-12-23T01:00:00Z,147681,85628,108799,59491,62053,37295,36835,84068,72632
2025-12-23T02:00:00Z,142956,101052,101274,72008,41904,45330,44902,71754,59378
2025-12-23T03:00:00Z,145406,110652,99251,77601,34754,46704,46293,65403,52943
2025-12-23T04:00:00Z,143225,105314,102655,76692,37911,44235,43827,64982,53594
2025-12-23T05:00:00Z,140130,103962,98116,74321,36168,43776,43375,61047,49105
2025-12-23T06:00:00Z,148010,112617,102706,78060,35393,49288,48888,70781,56545
2025-12-23T07:00:00Z,149479,116953,103250,81590,32526,52824,52417,67435,52491
2025-12-23T08:00:00Z,149973,117162,100729,80618,32811,53654,53208,69242,53565
2025-12-23T09:00:00Z,150101,116843,100327,79808,33258,54253,53796,69701,54082
2025-12-23T10:00:00Z,146147,110680,96695,74847,35467,49257,48806,66243,51261
2025-12-23T11:00:00Z,148799,115779,99281,78860,33020,54089,53635,68016,53471
2025-12-23T12:00:00Z,156749,104211,117259,74127,52538,50380,49940,90749,77755
2025-12-23T13:00:00Z,153803,108083,110688,76376,45720,52081,51636,82003,67940
2025-12-23T14:00:00Z,148974,117667,99143,80382,31307,54965,54435,69050,53012
2025-12-23T15:00:00Z,149812,117200,99967,79676,32612,52945,52428,68502,52832
2025-12-23T16:00:00Z,147061,115779,98597,79786,31282,54137,53616,69623,54456
2025-12-23T17:00:00Z,149299,116113,100873,80937,33186,52485,52002,67508,53241
2025-12-23T18:00:00Z,147365,108922,102614,77461,38443,49106,48642,71258,58198
2025-12-23T19:00:00Z,145080,108643,99652,76627,36437,45482,45087,60618,48019
2025-12-23T20:00:00Z,146414,105057,98713,74349,41357,42652,42228,60969,48920
2025-12-23T21:00:00Z,145855,105713,102733,76798,40142,42740,42307,60090,49479
2025-12-23T22:00:00Z,144893,104566,101163,75418,40327,41777,41360,58710,48788
2025-12-23T23:00:00Z,143642,105917,104750,78943,37725,43229,42814,58931,49986
2025-12-24T00:00:00Z,139465,92907,96218,66434,46558,33715,33219,60842,50711
2025-12-24T01:00:00Z,150709,89068,111266,63544,61641,39495,39105,84860,74277
2025-12-24T02:00:00Z,141809,102677,99426,73043,39132,43798,43411,67877,56326
2025-12-24T03:00:00Z,142562,108070,99130,77383,34492,44383,43980,62841,51008
2025-12-24T04:00:00Z,140910,102787,100950,74874,38123,38462,38055,58266,47469
2025-12-24T05:00:00Z,140696,102782,99995,75550,37914,43700,43323,60825,49348
2025-12-24T06:00:00Z,147923,109495,103590,77558,38428,48426,48038,70307,56753
2025-12-24T07:00:00Z,146760,113468,101562,79761,33292,49915,49550,64040,50444
2025-12-24T08:00:00Z,145238,111979,99061,78791,33259,50654,50250,66417,52243
2025-12-24T09:00:00Z,150757,112818,101779,78089,37939,47756,47349,64662,49662
2025-12-24T10:00:00Z,147903,112277,102555,79583,35626,50023,49618,66713,53162
2025-12-24T11:00:00Z,149337,115006,105078,82353,34331,50010,49632,64179,50952
2025-12-24T12:00:00Z,156705,100984,118017,72876,55721,46890,46485,88035,75628
2025-12-24T13:00:00Z,153704,106793,113166,76104,46911,48121,47737,79755,66694
2025-12-24T14:00:00Z,147435,114379,102394,80651,33056,49821,49435,64824,50806
2025-12-24T15:00:00Z,150581,115874,106357,82368,34707,51869,51492,69173,55200
2025-12-24T16:00:00Z,150771,116620,107323,84632,34151,52272,51855,69643,56340
2025-12-24T17:00:00Z,148828,112996,105092,82301,35832,47612,47229,63053,50845
2025-12-24T18:00:00Z,148165,106990,108476,77855,41175,42730,42343,67657,56372
2025-12-24T19:00:00Z,145393,107817,107682,80354,37576,41770,41407,57162,47314
2025-12-24T20:00:00Z,142909,104276,106305,78852,38633,40123,39754,58834,49604
2025-12-24T21:00:00Z,141761,100979,105171,76234,40782,37983,37568,55878,47275
2025-12-24T22:00:00Z,140944,101369,105545,77476,39575,38151,37803,55766,47815
2025-12-24T23:00:00Z,131272,93294,96990,69355,37978,30458,30136,46380,38690
2025-12-25T00:00:00Z,136058,91525,100855,69525,44533,34983,34580,63515,54823
2025-12-25T01:00:00Z,145529,83117,114845,63190,62412,35530,35122,84473,75497
2025-12-25T02:00:00Z,133205,90640,95811,66007,42565,38343,37989,65269,54772
2025-12-25T03:00:00Z,133216,96818,91255,67929,36398,34617,34271,53522,42505
2025-12-25T04:00:00Z,136652,96903,100646,72610,39749,39119,38777,60100,50718
2025-12-25T05:00:00Z,140991,101326,104504,76988,39665,41754,41394,60075,49895
2025-12-25T06:00:00Z,142945,102952,103054,74741,39993,43550,43203,67324,55130
2025-12-25T07:00:00Z,145982,109485,103195,77478,36497,41323,40978,56725,44651
2025-12-25T08:00:00Z,144477,110308,105023,81707,34169,47738,47379,65100,52799
2025-12-25T09:00:00Z,142132,106575,102898,79166,35557,45776,45421,62424,50260
2025-12-25T10:00:00Z,147292,111332,108936,83504,35960,46538,46204,64855,52897
2025-12-25T11:00:00Z,145128,110318,106760,81619,34810,43978,43646,59756,47519
2025-12-25T12:00:00Z,153847,95967,118581,70242,57880,41024,40661,85266,73562
2025-12-25T13:00:00Z,151642,104430,116363,78645,47212,45679,45339,77888,66190
2025-12-25T14:00:00Z,147305,114754,108582,85992,32551,49371,49035,65240,53126
2025-12-25T15:00:00Z,147463,113602,109537,84918,33861,48804,48481,66486,54643
2025-12-25T16:00:00Z,145145,111668,105640,82307,33477,42659,42341,60418,48791
2025-12-25T17:00:00Z,146107,112528,107110,83852,33579,45923,45613,61769,50439
2025-12-25T18:00:00Z,145577,107079,106841,77590,38498,41277,40846,65026,54541
2025-12-25T19:00:00Z,139460,104072,104229,77516,35388,39216,38898,53928,44809
2025-12-25T20:00:00Z,139702,100423,102217,74083,39279,34151,33827,52761,43924
2025-12-25T21:00:00Z,136505,95330,99956,69878,41175,31075,30753,48987,40410
2025-12-25T22:00:00Z,133898,94533,98228,69765,39365,31908,31608,49768,41341
2025-12-25T23:00:00Z,135061,97377,101578,74059,37684,35390,35095,51105,43570
2025-12-26T00:00:00Z,134960,90928,98457,67805,44032,32924,32515,60163,51422
2025-12-26T01:00:00Z,143757,81753,112402,60480,62004,33587,33214,82718,73549
2025-12-26T02:00:00Z,135941,94500,95855,66213,41441,33702,33349,60431,49086
2025-12-26T03:00:00Z,138905,103979,97592,74172,34926,36719,36364,57343,45839
2025-12-26T04:00:00Z,138488,101372,102362,75368,37116,38156,37817,59264,49163
2025-12-26T05:00:00Z,142287,104868,104241,77502,37419,39578,39251,57741,46803
2025-12-26T06:00:00Z,147512,110031,107868,79772,37481,44917,44585,68910,56104
2025-12-26T07:00:00Z,142255,109049,102445,78491,33206,43221,42879,58135,45562
2025-12-26T08:00:00Z,146265,112719,104023,81122,33546,42629,42278,60741,47319
2025-12-26T09:00:00Z,148938,115076,107247,84142,33862,50249,49895,67041,53771
2025-12-26T10:00:00Z,149188,113683,107985,82824,35505,48531,48182,66439,54390
2025-12-26T11:00:00Z,144899,110871,105105,80870,34028,47068,46722,61593,49904
2025-12-26T12:00:00Z,155679,100234,119833,73812,55445,45314,44966,87826,75986
2025-12-26T13:00:00Z,152556,106815,114226,76992,45741,43210,42855,75362,63027
2025-12-26T14:00:00Z,150839,120589,108027,87084,30250,52218,51860,67408,54209
2025-12-26T15:00:00Z,150084,117438,108839,85416,32646,50063,49695,67434,54398
2025-12-26T16:00:00Z,152094,118585,108418,86102,33509,49525,49151,67119,54191
2025-12-26T17:00:00Z,149554,115213,106604,84513,34341,48983,48580,64624,52235
2025-12-26T18:00:00Z,144664,104515,104367,75293,40149,40929,40488,64579,53362
2025-12-26T19:00:00Z,148834,113732,109375,84070,35102,45840,45466,60947,50442
2025-12-26T20:00:00Z,142703,106363,105741,79752,36340,41434,41092,59665,50069
2025-12-26T21:00:00Z,145549,106234,107960,79843,39315,40397,40042,58446,49254
2025-12-26T22:00:00Z,142158,105522,105973,79717,36636,39542,39209,56188,47650
2025-12-26T23:00:00Z,137720,100258,99936,73222,37462,32395,32001,48222,39904
2025-12-27T00:00:00Z,140724,98415,104582,73910,42309,37802,37407,64972,56680
2025-12-27T01:00:00Z,149453,87035,117448,65427,62418,33351,32985,83308,74900
2025-12-27T02:00:00Z,139598,99195,101633,72857,40403,36423,36081,62904,53346
2025-12-27T03:00:00Z,135950,103085,99594,76700,32865,37482,37165,58636,49003
2025-12-27T04:00:00Z,137849,101356,101831,74699,36493,33567,33226,54784,45076
2025-12-27T05:00:00Z,143622,107593,108876,82243,36029,40528,40208,58564,48869
2025-12-27T06:00:00Z,146499,109411,112510,83230,37088,43186,42878,67006,56807
2025-12-27T07:00:00Z,145105,111779,109016,83100,33326,43364,43036,58807,48375
2025-12-27T08:00:00Z,141693,107384,103343,78462,34309,40482,40158,58809,47491
2025-12-27T09:00:00Z,144387,108856,106407,79919,35531,42200,41864,60812,48859
2025-12-27T10:00:00Z,147870,113447,109693,83134,34423,45329,45025,63998,52479
2025-12-27T11:00:00Z,144321,113508,105646,82397,30813,46206,45908,60338,49365
2025-12-27T12:00:00Z,157298,101080,124158,75169,56218,43319,42997,87868,77123
2025-12-27T13:00:00Z,152233,106901,116017,78403,45332,43884,43580,74674,63150
2025-12-27T14:00:00Z,147846,116518,106784,83628,31328,45943,45638,60875,48410
2025-12-27T15:00:00Z,150256,116933,109218,84435,33323,45700,45363,62907,50143
2025-12-27T16:00:00Z,148186,116492,107498,84891,31694,46447,46125,63464,50987
2025-12-27T17:00:00Z,147713,114783,107196,84044,32930,45639,45314,61058,49079
2025-12-27T18:00:00Z,146692,108794,108246,78884,37898,41703,41359,65537,54841
2025-12-27T19:00:00Z,142219,108055,104711,78964,34164,39423,39106,54036,44307
2025-12-27T20:00:00Z,142071,105025,103965,76640,37046,37132,36708,55477,46163
2025-12-27T21:00:00Z,139400,101156,102055,73530,38244,35389,35010,52762,43675
2025-12-27T22:00:00Z,139163,101998,101784,74317,37165,33774,33448,50854,42244
2025-12-27T23:00:00Z,137478,101600,99593,72784,35878,34173,33846,49715,41791
2025-12-28T00:00:00Z,134116,95373,94580,68662,38743,31869,31447,54727,46006
2025-12-28T01:00:00Z,144673,83247,111275,59993,61426,29634,29278,78272,70117
2025-12-28T02:00:00Z,137189,89989,100029,63553,47200,29240,28880,62092,52867
2025-12-28T03:00:00Z,131799,101152,90736,70570,30647,30455,30119,48027,38368
2025-12-28T04:00:00Z,139098,100961,100405,71628,38137,33222,32888,57652,47170
2025-12-28T05:00:00Z,137024,100698,101419,74381,36326,34879,34563,53122,43817
2025-12-28T06:00:00Z,141630,103440,105600,75626,38190,37121,36803,61337,51488
2025-12-28T07:00:00Z,141377,107314,104629,78757,34063,38298,37991,53627,43376
2025-12-28T08:00:00Z,140590,106886,101992,76784,33704,38848,38521,57510,46158
2025-12-28T09:00:00Z,143546,108332,104664,78010,35214,40458,40150,58148,47281
2025-12-28T10:00:00Z,146327,111141,107973,81388,35186,42525,42213,61038,49792
2025-12-28T11:00:00Z,147137,113548,108120,82904,33589,43338,43024,57980,46739
2025-12-28T12:00:00Z,153697,97209,118670,70380,56488,40037,39682,84046,72569
2025-12-28T13:00:00Z,149081,104387,111138,74546,44694,42604,42289,73245,61267
2025-12-28T14:00:00Z,150259,118820,107322,85163,31439,48888,48562,64374,50989
2025-12-28T15:00:00Z,150214,117469,108329,84454,32745,49162,48798,65722,52484
2025-12-28T16:00:00Z,147404,116632,104545,83228,30772,48152,47781,64677,51837
2025-12-28T17:00:00Z,146847,115698,105919,83993,31149,46419,46070,61435,49333
2025-12-28T18:00:00Z,147048,110839,107046,79646,36209,43636,43298,66884,55551
2025-12-28T19:00:00Z,144420,111023,106285,81287,33397,42120,41800,56994,46833
2025-12-28T20:00:00Z,142423,107711,104418,78795,34712,39189,38854,56721,46969
2025-12-28T21:00:00Z,138829,102016,102540,75211,36813,37655,37326,54848,45642
2025-12-28T22:00:00Z,138133,102268,101500,75077,35865,36491,36170,53802,44893
2025-12-28T23:00:00Z,139447,103085,103358,76020,36362,36953,36645,53189,44517
2025-12-29T00:00:00Z,138564,92855,91892,66314,45709,31594,31184,55661,45021
2025-12-29T01:00:00Z,149028,85225,105781,58881,63803,32500,32108,78824,66759
2025-12-29T02:00:00Z,143715,95865,98005,67031,47850,37821,37419,66845,54076
2025-12-29T03:00:00Z,140988,104620,93554,74989,36368,38910,38525,56576,44180
2025-12-29T04:00:00Z,142325,99582,96916,70775,42743,37695,37255,60333,48921
2025-12-29T05:00:00Z,143902,103301,98422,74173,40601,41164,40696,59996,47285
2025-12-29T06:00:00Z,147136,105135,98208,72365,42001,42300,41895,65485,51257
2025-12-29T07:00:00Z,144184,108776,95414,74652,35408,44053,43663,59487,44732
2025-12-29T08:00:00Z,147292,111280,94043,74972,36012,46109,45664,63095,47585
2025-12-29T09:00:00Z,145516,105450,90698,71245,40066,46838,46384,63957,47712
2025-12-29T10:00:00Z,145603,108749,94843,73214,36854,46962,46536,64118,49333
2025-12-29T11:00:00Z,148103,112177,96598,75779,35926,47351,46927,62068,47690
2025-12-29T12:00:00Z,156103,100870,114412,71570,55233,44223,43814,85273,71576
2025-12-29T13:00:00Z,153218,106657,108107,74452,46561,47062,46599,77838,63507
2025-12-29T14:00:00Z,150246,114647,98217,78454,35599,51263,50762,66602,50779
2025-12-29T15:00:00Z,152282,116736,101883,80858,35546,51673,51221,68487,53100
2025-12-29T16:00:00Z,150217,115288,100197,80554,34929,50900,50444,67397,52389
2025-12-29T17:00:00Z,147884,112602,97608,77971,35282,48483,48040,65084,50409
2025-12-29T18:00:00Z,150124,107912,101874,75850,42212,45360,44917,68778,55182
2025-12-29T19:00:00Z,150040,110985,101878,78184,39055,43406,42962,58771,46166
2025-12-29T20:00:00Z,146027,105855,99535,75718,40172,41712,41230,59796,47658
2025-12-29T21:00:00Z,146557,103474,99713,73976,43083,40324,39851,58340,46765
2025-12-29T22:00:00Z,143110,101383,98169,72786,41727,38340,37828,56175,45584
2025-12-29T23:00:00Z,143648,101618,99649,74275,42030,37865,37420,54091,44272
2025-12-30T00:00:00Z,138992,95385,98144,68648,43607,34158,33691,61172,51225
2025-12-30T01:00:00Z,149834,89178,111086,62698,60656,34258,33787,80851,69890
2025-12-30T02:00:00Z,145359,104229,104120,75331,41130,38791,38344,65575,53848
2025-12-30T03:00:00Z,142058,109799,100159,79456,32259,40823,40414,58842,46877
2025-12-30T04:00:00Z,141534,104885,101123,75758,36649,39310,38918,60377,49464
2025-12-30T05:00:00Z,144567,106958,100614,75717,37609,41787,41391,59664,47455
2025-12-30T06:00:00Z,146747,110722,100091,74579,36025,43809,43389,65315,51524
2025-12-30T07:00:00Z,146684,113871,101869,79358,32813,45542,45152,60046,46127
2025-12-30T08:00:00Z,147699,115747,100030,79771,31952,48031,47595,63801,48935
2025-12-30T09:00:00Z,151523,117766,102854,81111,33757,49230,48811,64987,50016
2025-12-30T10:00:00Z,148013,115002,98628,77341,33011,48941,48491,65808,51022
2025-12-30T11:00:00Z,149026,117002,100279,79517,32024,48514,48067,63023,48931
2025-12-30T12:00:00Z,155694,102472,117473,73748,53222,45370,44947,86174,73764
2025-12-30T13:00:00Z,152873,107668,109407,74450,45205,46581,46167,78141,64349
2025-12-30T14:00:00Z,149953,118420,97192,77941,31533,49553,49089,64744,49553
2025-12-30T15:00:00Z,146585,113505,97466,76990,33080,49361,48823,65904,51157
2025-12-30T16:00:00Z,148442,116679,98662,79712,31763,50814,50288,66545,51826
2025-12-30T17:00:00Z,151576,117853,102332,82092,33723,49323,48868,64986,50873
2025-12-30T18:00:00Z,147396,110183,101587,76244,37213,45747,45303,68383,55121
2025-12-30T19:00:00Z,148800,114177,101903,78788,34623,44912,44413,59732,47675
2025-12-30T20:00:00Z,145811,110950,101747,78522,34861,44286,43856,61439,50413
2025-12-30T21:00:00Z,148799,106062,99348,75122,42737,42555,42120,61496,48897
2025-12-30T22:00:00Z,146011,102260,97212,71967,43751,37690,37289,57019,45320
2025-12-30T23:00:00Z,142085,105203,101629,76777,36882,41327,40951,57232,48480
2025-12-31T00:00:00Z,144369,102496,100331,72791,41873,38975,38524,64084,54232
2025-12-31T01:00:00Z,147950,90032,109662,62997,57918,38243,37845,82825,72099
2025-12-31T02:00:00Z,143836,104697,101268,73467,39139,42569,42195,68823,57266
2025-12-31T03:00:00Z,140946,107241,98635,76850,33705,41256,40874,60448,48484
2025-12-31T04:00:00Z,141419,103843,101353,75616,37576,42781,42401,63600,51918
2025-12-31T05:00:00Z,139187,104067,99009,76647,35120,45774,45408,61609,50349
2025-12-31T06:00:00Z,149191,110616,105438,78986,38575,47974,47571,70637,57891
2025-12-31T07:00:00Z,146063,111217,102935,78739,34846,45108,44728,60815,47949
2025-12-31T08:00:00Z,146531,113291,102457,81057,33240,51222,50818,67893,54410
2025-12-31T09:00:00Z,146782,111521,101106,78109,35261,49563,49156,66676,52821
2025-12-31T10:00:00Z,145404,110115,101700,77544,35289,47916,47485,66258,53445
2025-12-31T11:00:00Z,150107,112394,104122,79618,37713,48032,47539,62994,50636
2025-12-31T12:00:00Z,150337,90781,114300,66264,59556,40942,40522,83523,72372
2025-12-31T13:00:00Z,149278,95798,109232,69358,53480,44626,44213,78473,65980
2025-12-31T14:00:00Z,148184,108648,104399,78086,39536,49148,48744,67628,54480
2025-12-31T15:00:00Z,149393,107281,103961,74942,42112,47105,46691,68212,55078
2025-12-31T16:00:00Z,146396,106681,102423,74922,39715,45205,44805,65680,53213
2025-12-31T17:00:00Z,149674,106092,101631,75234,43582,44195,43791,64468,50906
2025-12-31T18:00:00Z,159330,84800,89564,63531,74530,37906,37556,77196,51100
2025-12-31T19:00:00Z,156559,68557,72604,53558,88002,31778,31470,73004,37883
2025-12-31T20:00:00Z,158618,63505,69976,50319,95113,28473,28157,74213,37138
2025-12-31T21:00:00Z,161042,58128,64805,45169,102914,24007,23725,71419,32249
2025-12-31T22:00:00Z,141377,87914,93576,65261,53463,30751,30404,52859,41275
2025-12-31T23:00:00Z,135558,93876,99924,70918,41682,34980,34606,52109,44711
2026-01-01T00:00:00Z,137016,86996,92033,65661,50020,32504,32061,57360,47932
2026-01-01T01:00:00Z,147113,66960,98539,48899,80153,23464,23081,75486,63479
2026-01-01T02:00:00Z,138067,80217,95123,60154,57850,31001,30630,64994,55223
2026-01-01T03:00:00Z,135300,86180,86282,62062,49120,30746,30407,54191,43852
