event_hour,total_events,total_events_human,push_events,push_events_human,bot_events,distinct_actors,distinct_actors_human,distinct_repos,distinct_push_repos
2020-02-01T00:00:00Z,62388,57235,34311,33236,5153,18871,18793,23126,14682
2020-02-01T01:00:00Z,52189,48295,29515,28629,3894,16905,16835,20259,13146
2020-02-01T02:00:00Z,54356,48306,29121,28046,6050,16837,16781,21258,12659
2020-02-01T03:00:00Z,50916,47612,28816,27919,3304,16853,16799,19810,12326
2020-02-01T04:00:00Z,51485,45887,27791,27054,5598,16738,16685,19898,12125
2020-02-01T05:00:00Z,54062,45352,27621,26898,8710,16348,16300,19456,11763
2020-02-01T06:00:00Z,48015,45365,26904,26244,2650,16831,16781,20098,12405
2020-02-01T07:00:00Z,48846,46360,27172,26582,2486,17661,17621,20569,12574
2020-02-01T08:00:00Z,51348,48244,28252,27546,3104,18672,18625,21643,13147
2020-02-01T09:00:00Z,56334,52454,31093,30122,3880,20035,19993,23253,14015
2020-02-01T10:00:00Z,56176,51445,30662,29694,4731,20145,20103,22919,14070
2020-02-01T11:00:00Z,59894,54723,32033,31273,5171,21033,20985,24067,14715
2020-02-01T12:00:00Z,62915,58998,33131,32196,3917,22165,22118,25638,15630
2020-02-01T13:00:00Z,64375,59623,35413,34476,4752,23540,23483,26759,16688
2020-02-01T14:00:00Z,66967,63614,37154,36434,3353,25573,25514,28514,17784
2020-02-01T15:00:00Z,69794,66876,39323,38723,2918,26395,26338,29273,18398
2020-02-01T16:00:00Z,70893,68064,40762,40248,2829,26204,26152,29289,18820
2020-02-01T17:00:00Z,72062,68540,41589,40904,3522,25890,25837,28729,18468
2020-02-01T18:00:00Z,72611,68476,42099,41247,4135,25328,25265,28084,18179
2020-02-01T19:00:00Z,69072,65847,40844,39915,3225,24764,24708,27591,18078
2020-02-01T20:00:00Z,68633,64871,41439,40479,3762,23982,23933,26616,17498
2020-02-01T21:00:00Z,67433,62817,40134,38991,4616,22998,22947,25815,17001
2020-02-01T22:00:00Z,64936,58879,37965,37051,6057,21342,21294,25113,15918
2020-02-01T23:00:00Z,57422,53648,34855,34059,3774,19436,19390,22234,14688
2020-02-02T00:00:00Z,52251,49688,33325,32647,2563,17554,17504,20006,13283
2020-02-02T01:00:00Z,49290,47341,31163,30707,1949,16596,16556,18774,12235
2020-02-02T02:00:00Z,50756,48258,31400,30966,2498,17285,17240,19438,12327
2020-02-02T03:00:00Z,51066,48792,31934,31306,2274,17470,17418,20118,12773
2020-02-02T04:00:00Z,49854,46290,29746,28985,3564,17238,17189,20148,12688
2020-02-02T05:00:00Z,49968,46164,29067,28470,3804,17280,17222,20299,12428
2020-02-02T06:00:00Z,47948,45846,27854,27422,2102,17393,17347,19957,12254
2020-02-02T07:00:00Z,53559,50645,28476,27856,2914,17924,17878,21033,12692
2020-02-02T08:00:00Z,56764,50164,30400,29390,6600,19397,19340,24579,14042
2020-02-02T09:00:00Z,57892,53412,31981,31090,4480,21044,20995,25113,14814
2020-02-02T10:00:00Z,57572,54187,32509,31834,3385,21427,21374,24764,14923
2020-02-02T11:00:00Z,61694,57436,34379,33556,4258,22473,22423,25880,15826
2020-02-02T12:00:00Z,64145,60799,36433,35679,3346,24263,24207,27214,16832
2020-02-02T13:00:00Z,69704,66094,40485,39688,3610,26263,26208,28977,18354
2020-02-02T14:00:00Z,73164,69693,42116,41602,3471,27817,27764,31166,19607
2020-02-02T15:00:00Z,74314,70637,42730,42092,3677,27581,27529,31688,19805
2020-02-02T16:00:00Z,75122,69781,41992,41187,5341,26857,26809,31259,19482
2020-02-02T17:00:00Z,74447,70841,43525,42706,3606,26451,26393,29854,19391
2020-02-02T18:00:00Z,72881,69388,43148,42399,3493,25661,25597,29114,18920
2020-02-02T19:00:00Z,72674,68851,43190,42310,3823,25873,25811,30076,19427
2020-02-02T20:00:00Z,71472,67915,42120,41441,3557,25052,24994,29042,18825
2020-02-02T21:00:00Z,68288,65477,40485,39929,2811,24154,24096,27860,18044
2020-02-02T22:00:00Z,61739,59129,37043,36502,2610,21580,21536,25087,16535
2020-02-02T23:00:00Z,53938,50635,32059,31460,3303,18059,18010,21605,13899
2020-02-03T00:00:00Z,53495,48432,31264,30304,5063,17108,17047,21342,13505
2020-02-03T01:00:00Z,55160,50380,31654,30643,4780,18203,18151,21908,13566
2020-02-03T02:00:00Z,58899,54081,32412,31604,4818,20218,20164,23930,14273
2020-02-03T03:00:00Z,61324,56144,33203,32364,5180,21011,20954,25513,14897
2020-02-03T04:00:00Z,63788,54734,32966,31979,9054,20792,20732,25347,14886
2020-02-03T05:00:00Z,69315,55744,33135,31696,13571,20958,20885,26690,15079
2020-02-03T06:00:00Z,71840,59107,33676,32354,12733,23303,23232,28525,15959
2020-02-03T07:00:00Z,78864,68206,36496,35298,10658,26331,26265,31624,17687
2020-02-03T08:00:00Z,87914,75964,40202,38769,11950,30601,30532,35031,19875
2020-02-03T09:00:00Z,93371,85886,43823,42393,7485,33901,33821,38323,21783
2020-02-03T10:00:00Z,95373,85257,44257,42806,10116,33345,33259,37892,22105
2020-02-03T11:00:00Z,90053,80838,43448,41929,9215,31491,31418,35694,21256
2020-02-03T12:00:00Z,90858,84577,44484,43275,6281,34263,34189,38567,22869
2020-02-03T13:00:00Z,105560,96682,51145,49821,8878,38411,38321,42879,25447
2020-02-03T14:00:00Z,112715,107805,55601,54731,4910,42569,42481,46740,28352
2020-02-03T15:00:00Z,110755,106171,55488,54577,4584,42684,42602,46993,28826
2020-02-03T16:00:00Z,109922,104976,56055,55035,4946,40845,40757,45352,28041
2020-02-03T17:00:00Z,104727,98752,54351,52972,5975,37292,37188,41964,25946
2020-02-03T18:00:00Z,106454,96896,54007,51759,9558,35493,35385,40881,25488
2020-02-03T19:00:00Z,101176,93915,51507,49834,7261,35164,35073,40623,25395
2020-02-03T20:00:00Z,102964,92590,52002,50096,10374,34603,34515,40481,25111
2020-02-03T21:00:00Z,97104,90199,50385,48982,6905,33351,33271,38183,24300
2020-02-03T22:00:00Z,87590,81869,46124,44823,5721,29743,29658,34752,22288
2020-02-03T23:00:00Z,75784,69265,39994,38558,6519,24987,24913,30067,18954
2020-02-04T00:00:00Z,68404,64389,37902,36694,4015,23255,23190,27336,17449
2020-02-04T01:00:00Z,69138,65157,37352,36419,3981,23439,23373,28643,16954
2020-02-04T02:00:00Z,70839,66889,37249,36437,3950,24478,24416,29857,17244
2020-02-04T03:00:00Z,68190,63844,36267,35562,4346,24244,24180,29964,17202
2020-02-04T04:00:00Z,64985,60052,34784,34163,4933,22678,22628,27703,16049
2020-02-04T05:00:00Z,63351,58132,33242,32534,5219,22555,22499,27692,15978
2020-02-04T06:00:00Z,69536,64374,34639,33805,5162,25273,25220,30410,17031
2020-02-04T07:00:00Z,79860,73738,38372,37518,6122,28371,28314,33177,18624
2020-02-04T08:00:00Z,89808,85071,46764,45765,4737,32653,32584,36697,21175
2020-02-04T09:00:00Z,95706,90117,46805,45594,5589,35968,35883,39840,23285
2020-02-04T10:00:00Z,92254,86579,44789,43683,5675,35045,34976,39100,23051
2020-02-04T11:00:00Z,89653,84540,44462,43539,5113,33134,33068,38334,22298
2020-02-04T12:00:00Z,93832,88792,46464,45515,5040,35763,35687,39786,23904
2020-02-04T13:00:00Z,107377,100676,51695,50521,6701,39429,39344,43868,26127
2020-02-04T14:00:00Z,119489,113981,55803,54552,5508,43244,43155,47820,28905
2020-02-04T15:00:00Z,115568,110399,57232,55957,5169,43482,43387,48011,29302
2020-02-04T16:00:00Z,114000,107281,56760,55240,6719,42028,41937,46771,29014
2020-02-04T17:00:00Z,108874,101691,55873,54168,7183,38172,38074,43261,26632
2020-02-04T18:00:00Z,102189,96447,52873,51564,5742,36448,36348,40859,25322
2020-02-04T19:00:00Z,103573,97140,53717,52189,6433,36157,36072,41123,25773
2020-02-04T20:00:00Z,97429,91677,49951,48534,5752,34786,34697,39099,24642
2020-02-04T21:00:00Z,96568,89903,49678,48306,6665,33772,33668,38467,24509
2020-02-04T22:00:00Z,88927,83054,46214,45004,5873,30208,30116,34595,22275
2020-02-04T23:00:00Z,81653,71940,40406,39180,9713,25726,25640,32341,19269
2020-02-05T00:00:00Z,82434,66645,38804,37640,15789,23879,23811,33274,17839
2020-02-05T01:00:00Z,68408,64728,37062,36323,3680,24069,24003,27499,16881
2020-02-05T02:00:00Z,68575,64722,37353,36538,3853,24628,24558,28323,17205
2020-02-05T03:00:00Z,66008,62776,36112,35391,3232,24210,24152,28307,16815
2020-02-05T04:00:00Z,63776,59762,34664,34056,4014,22978,22913,27007,16351
2020-02-05T05:00:00Z,64772,58468,32551,31916,6304,22445,22385,27155,15672
2020-02-05T06:00:00Z,68819,61701,33380,32435,7118,24913,24854,29791,16800
2020-02-05T07:00:00Z,74293,69041,36541,35706,5252,28121,28045,32871,18415
2020-02-05T08:00:00Z,82765,78107,39624,38801,4658,32307,32234,36901,20822
2020-02-05T09:00:00Z,92147,87420,43165,42313,4727,35769,35686,39196,22632
2020-02-05T10:00:00Z,94359,87885,44754,43766,6474,35104,35018,39120,22955
2020-02-05T11:00:00Z,91436,85914,44558,43587,5522,33407,33326,37294,22429
2020-02-05T12:00:00Z,96176,89438,46894,45811,6738,35556,35475,40226,23805
2020-02-05T13:00:00Z,105629,99356,51863,50742,6273,39762,39672,44030,26353
2020-02-05T14:00:00Z,115424,108615,56577,55359,6809,43330,43230,47714,29194
2020-02-05T15:00:00Z,115951,109148,57696,56378,6803,43612,43508,48301,29631
2020-02-05T16:00:00Z,112026,105409,56183,54864,6617,42254,42153,46470,29155
2020-02-05T17:00:00Z,107325,101794,55107,53810,5531,38709,38611,42969,26677
2020-02-05T18:00:00Z,99306,94478,51221,50129,4828,36208,36110,39533,24691
2020-02-05T19:00:00Z,99035,92948,50950,49578,6087,35431,35324,40425,25277
2020-02-05T20:00:00Z,94398,88492,48494,47366,5906,33827,33736,38129,24173
2020-02-05T21:00:00Z,94917,88814,49831,48631,6103,32998,32907,37447,24007
2020-02-05T22:00:00Z,86098,80976,45087,43946,5122,29875,29787,34037,21867
2020-02-05T23:00:00Z,72695,68236,38721,37662,4459,25309,25228,29382,18906
2020-02-06T00:00:00Z,56020,53090,30781,29932,2930,20638,20577,24234,15181
2020-02-06T01:00:00Z,66019,61170,35525,34516,4849,23287,23210,27021,16646
2020-02-06T02:00:00Z,65420,61201,35031,34104,4219,23871,23807,27421,16602
2020-02-06T03:00:00Z,65043,59570,34669,33835,5473,23653,23587,27664,16532
2020-02-06T04:00:00Z,63990,57740,33511,32726,6250,23076,23014,27013,16087
2020-02-06T05:00:00Z,64008,58054,32906,32235,5954,22685,22624,26773,15868
2020-02-06T06:00:00Z,67759,61585,34607,33883,6174,24826,24756,28960,16807
2020-02-06T07:00:00Z,73996,67958,36712,35945,6038,28022,27946,32220,18443
2020-02-06T08:00:00Z,81199,77171,40443,39660,4028,32269,32193,35839,20895
2020-02-06T09:00:00Z,91420,87037,44378,43508,4383,35407,35321,38991,23002
2020-02-06T10:00:00Z,93866,87452,44918,43886,6414,34975,34904,38641,22757
2020-02-06T11:00:00Z,90916,86134,45606,44745,4782,33474,33393,37076,22400
2020-02-06T12:00:00Z,91934,86415,45466,44375,5519,35142,35056,38914,23174
2020-02-06T13:00:00Z,104224,97902,52136,50966,6322,38869,38772,43360,26213
2020-02-06T14:00:00Z,111294,105473,55795,54742,5821,42738,42642,46747,28947
2020-02-06T15:00:00Z,112662,107443,56206,55112,5219,43491,43389,47641,29398
2020-02-06T16:00:00Z,112005,106497,55630,54326,5508,42062,41955,45576,28430
2020-02-06T17:00:00Z,106358,100588,54394,52847,5770,38567,38473,43002,27110
2020-02-06T18:00:00Z,105648,96861,52768,50904,8787,36306,36200,41870,25761
2020-02-06T19:00:00Z,101783,93825,51840,50101,7958,35672,35571,41362,25988
2020-02-06T20:00:00Z,97841,89807,50288,48926,8034,34193,34095,39046,24590
2020-02-06T21:00:00Z,96327,89166,49303,48207,7161,32843,32753,37625,23960
2020-02-06T22:00:00Z,79621,75042,42145,41153,4579,28874,28789,32760,21074
2020-02-06T23:00:00Z,74773,69653,39826,38760,5120,25222,25139,29232,18885
2020-02-07T00:00:00Z,69258,65198,37623,36543,4060,23302,23219,27352,17663
2020-02-07T01:00:00Z,68291,63346,37102,36138,4945,23033,22965,26805,16714
2020-02-07T02:00:00Z,67442,63273,36151,35226,4169,23843,23776,27419,16654
2020-02-07T03:00:00Z,66701,62297,36173,35283,4404,23822,23761,27603,16843
2020-02-07T04:00:00Z,62719,57512,33732,32941,5207,22580,22526,26243,15938
2020-02-07T05:00:00Z,62567,56499,32686,31992,6068,21928,21858,25880,15330
2020-02-07T06:00:00Z,67924,60382,33815,32932,7542,23960,23889,28332,16500
2020-02-07T07:00:00Z,74446,67789,36605,35647,6657,27279,27200,31636,18104
2020-02-07T08:00:00Z,84303,78568,41540,40553,5735,31605,31522,35504,20806
2020-02-07T09:00:00Z,93543,88360,45340,44327,5183,34983,34913,39521,23265
2020-02-07T10:00:00Z,90773,83639,43837,42811,7134,33526,33445,37161,22389
2020-02-07T11:00:00Z,84841,78610,41620,40591,6231,31377,31299,35021,21137
2020-02-07T12:00:00Z,87507,82724,44050,43115,4783,33491,33413,36640,22162
2020-02-07T13:00:00Z,96383,90140,48077,46933,6243,36561,36461,41001,24563
2020-02-07T14:00:00Z,108932,101245,53157,51650,7687,39827,39734,45385,27501
2020-02-07T15:00:00Z,107075,101173,52746,51304,5902,40092,39996,44211,27434
2020-02-07T16:00:00Z,101847,96862,51788,50516,4985,38533,38436,42278,26363
2020-02-07T17:00:00Z,95588,90089,49428,48092,5499,34500,34409,38821,24442
2020-02-07T18:00:00Z,92643,87452,46829,45571,5191,32303,32210,37091,23075
2020-02-07T19:00:00Z,91449,85150,46620,45262,6299,31309,31215,35761,22138
2020-02-07T20:00:00Z,88507,83134,47389,46162,5373,29735,29636,34115,21669
2020-02-07T21:00:00Z,88001,80776,46255,44822,7225,28658,28562,33785,21151
2020-02-07T22:00:00Z,77352,72772,41804,40574,4580,25236,25135,29317,18844
2020-02-07T23:00:00Z,67058,62784,36795,35810,4274,21499,21419,25604,16425
2020-02-08T00:00:00Z,60462,55540,34364,33237,4922,18791,18711,22787,14610
2020-02-08T01:00:00Z,44911,41547,25746,24869,3364,14943,14887,18326,11451
2020-02-08T02:00:00Z,49411,46606,27815,27151,2805,16789,16733,20368,12418
2020-02-08T03:00:00Z,49408,47255,28672,28140,2153,16912,16855,20247,12297
2020-02-08T04:00:00Z,47272,45382,26929,26357,1890,16480,16428,19702,12139
2020-02-08T05:00:00Z,45813,43700,26144,25634,2113,16211,16161,19302,11661
2020-02-08T06:00:00Z,51924,49765,26293,25802,2159,16873,16824,20167,11923
2020-02-08T07:00:00Z,49788,47779,27325,26811,2009,17917,17875,21645,12601
2020-02-08T08:00:00Z,51844,49315,28254,27684,2529,18978,18933,22367,13026
2020-02-08T09:00:00Z,56643,53799,30522,29883,2844,20331,20287,24071,14173
2020-02-08T10:00:00Z,54770,52295,29246,28606,2475,20060,20019,24672,14159
2020-02-08T11:00:00Z,58818,56452,31234,30639,2366,20297,20249,26885,14404
2020-02-08T12:00:00Z,59433,56240,32833,31962,3193,21876,21822,26689,16440
2020-02-08T13:00:00Z,65649,62245,37641,36605,3404,23329,23277,30270,19520
2020-02-08T14:00:00Z,67989,64379,37282,36357,3610,24961,24907,29708,17650
2020-02-08T15:00:00Z,71569,67567,38211,37034,4002,25821,25764,31847,18585
2020-02-08T16:00:00Z,72544,67806,39111,37900,4738,25736,25679,31061,18818
2020-02-08T17:00:00Z,71186,67193,39392,38421,3993,24955,24899,29973,18406
2020-02-08T18:00:00Z,68758,64506,38576,37337,4252,24159,24103,28109,17763
2020-02-08T19:00:00Z,67222,63464,37964,36645,3758,23076,23030,27079,17501
2020-02-08T20:00:00Z,65333,60887,37231,36297,4446,21885,21826,26009,16522
2020-02-08T21:00:00Z,62299,58921,36243,35222,3378,21176,21125,24810,16081
2020-02-08T22:00:00Z,57662,54413,34102,33083,3249,19391,19336,22984,15143
2020-02-08T23:00:00Z,51459,48571,30774,29890,2888,17240,17196,20954,13607
2020-02-09T00:00:00Z,48132,45264,28431,27658,2868,15816,15762,19567,12519
2020-02-09T01:00:00Z,46569,43521,27462,26558,3048,15309,15260,18762,11957
2020-02-09T02:00:00Z,48742,44619,27676,26691,4123,16274,16222,20218,12314
2020-02-09T03:00:00Z,48330,45649,28144,27341,2681,16855,16810,20394,12479
2020-02-09T04:00:00Z,48472,46022,28110,27296,2450,16965,16918,20421,12432
2020-02-09T05:00:00Z,49690,46029,28499,27568,3661,16817,16766,20442,12491
2020-02-09T06:00:00Z,50914,45870,27393,26548,5044,17716,17664,22078,12683
2020-02-09T07:00:00Z,52520,47868,27948,27028,4652,18501,18456,22828,13156
2020-02-09T08:00:00Z,51846,49402,28548,27922,2444,19604,19558,22862,13620
2020-02-09T09:00:00Z,55566,53210,30077,29558,2356,20870,20818,24331,14586
2020-02-09T10:00:00Z,61001,58551,31081,30540,2450,21202,21147,24787,15042
2020-02-09T11:00:00Z,62915,60011,32203,31593,2904,22034,21987,25648,15676
2020-02-09T12:00:00Z,62872,59755,34419,33789,3117,23826,23777,27466,16871
2020-02-09T13:00:00Z,67712,64617,37661,36919,3095,25504,25437,29511,18201
2020-02-09T14:00:00Z,71486,68581,40242,39619,2905,27277,27222,31383,19534
2020-02-09T15:00:00Z,73419,69386,40743,39988,4033,27635,27573,31981,19735
2020-02-09T16:00:00Z,75269,70052,42128,41294,5217,26867,26804,32432,20010
2020-02-09T17:00:00Z,74740,70758,42905,42027,3982,26304,26248,30500,19562
2020-02-09T18:00:00Z,71505,68300,40687,39955,3205,25489,25439,29890,18972
2020-02-09T19:00:00Z,70783,67462,40712,39899,3321,25275,25219,29511,19037
2020-02-09T20:00:00Z,66739,64111,38595,37960,2628,24858,24799,28376,18449
2020-02-09T21:00:00Z,68319,64606,39826,39022,3713,23959,23897,28280,18315
2020-02-09T22:00:00Z,63735,60588,37635,36952,3147,22175,22110,26118,17198
2020-02-09T23:00:00Z,57474,54257,33329,32692,3217,19561,19504,23440,15402
2020-02-10T00:00:00Z,57865,52680,31962,31111,5185,19009,18958,23765,14920
2020-02-10T01:00:00Z,59903,54591,33366,32119,5312,20975,20911,25101,15800
2020-02-10T02:00:00Z,62707,58179,34172,33276,4528,23092,23035,26944,16302
2020-02-10T03:00:00Z,63855,59235,34805,34030,4620,23575,23523,27635,16583
2020-02-10T04:00:00Z,63473,55760,32887,32050,7713,22061,22009,26561,15624
2020-02-10T05:00:00Z,67718,58148,33641,32642,9570,22139,22073,26816,15507
2020-02-10T06:00:00Z,71440,63008,35084,34157,8432,25140,25068,29704,16955
2020-02-10T07:00:00Z,77462,69273,37809,36808,8189,28212,28130,32747,18742
2020-02-10T08:00:00Z,87391,79162,41107,39866,8229,32708,32623,36705,20892
2020-02-10T09:00:00Z,94447,87891,45640,44469,6556,36046,35966,40218,23488
2020-02-10T10:00:00Z,96543,88637,46514,45061,7906,35567,35483,39245,23008
2020-02-10T11:00:00Z,92771,86102,45647,44302,6669,34075,34001,38064,22460
2020-02-10T12:00:00Z,96721,91202,48108,46951,5519,36501,36419,40426,24134
2020-02-10T13:00:00Z,109539,101287,53396,51963,8252,39949,39849,44685,26457
2020-02-10T14:00:00Z,118771,111170,58136,56517,7601,44057,43961,48786,29749
2020-02-10T15:00:00Z,120851,113457,60318,58564,7394,44744,44645,49647,30507
2020-02-10T16:00:00Z,116270,109330,58415,56722,6940,42703,42608,47491,29348
2020-02-10T17:00:00Z,110991,105006,56482,54951,5985,39355,39254,43615,27146
2020-02-10T18:00:00Z,108511,101490,55049,53756,7021,37292,37193,42045,26094
2020-02-10T19:00:00Z,109592,101047,56596,54256,8545,37106,37009,42276,26620
2020-02-10T20:00:00Z,108519,97678,55548,53641,10841,36125,36029,41440,25960
2020-02-10T21:00:00Z,101223,93005,52042,49992,8218,34831,34719,39752,25545
2020-02-10T22:00:00Z,90049,84401,47782,46413,5648,30863,30770,35434,22765
2020-02-10T23:00:00Z,76927,71481,41081,39809,5446,26274,26194,30501,19701
2020-02-11T00:00:00Z,72132,66789,38626,37371,5343,24365,24277,28945,18337
2020-02-11T01:00:00Z,70306,66239,38218,37043,4067,24876,24806,29196,18128
2020-02-11T02:00:00Z,71876,67938,38435,37603,3938,26141,26077,30415,18078
2020-02-11T03:00:00Z,71297,67712,38778,38074,3585,25960,25887,30312,18196
2020-02-11T04:00:00Z,69060,63778,37142,36184,5282,23862,23808,28428,17184
2020-02-11T05:00:00Z,68396,61386,35579,34663,7010,23305,23236,28124,16531
2020-02-11T06:00:00Z,72773,66617,36749,35954,6156,26516,26451,31374,17961
2020-02-11T07:00:00Z,79433,72935,39294,38323,6498,29956,29877,34206,19713
2020-02-11T08:00:00Z,87354,82353,42827,41807,5001,34271,34187,37813,21831
2020-02-11T09:00:00Z,98688,93080,48059,46898,5608,37463,37377,41243,24204
2020-02-11T10:00:00Z,101072,91713,48879,47316,9359,36578,36494,41903,24442
2020-02-11T11:00:00Z,97246,88545,47492,46028,8701,34744,34647,40188,23498
2020-02-11T12:00:00Z,100270,93860,50937,49603,6410,36922,36828,41138,24886
2020-02-11T13:00:00Z,111865,105288,56483,55181,6577,41652,41560,46412,28110
2020-02-11T14:00:00Z,119756,113540,60129,58644,6216,45396,45292,49766,30386
2020-02-11T15:00:00Z,123730,118173,62296,60875,5557,46219,46114,51640,31502
2020-02-11T16:00:00Z,119710,112037,60092,58576,7673,43999,43898,49118,30131
2020-02-11T17:00:00Z,117814,105683,59627,57365,12131,39996,39889,47039,28675
2020-02-11T18:00:00Z,109789,100091,55168,53207,9698,37654,37560,43941,26756
2020-02-11T19:00:00Z,110686,101702,56031,53662,8984,37536,37442,43314,27062
2020-02-11T20:00:00Z,106573,98399,54619,52892,8174,36275,36169,41477,26124
2020-02-11T21:00:00Z,115817,96789,54817,53294,19028,35139,35048,43819,25637
2020-02-11T22:00:00Z,119898,87277,50865,49674,32621,31306,31208,46463,22782
2020-02-12T00:00:00Z,140679,68938,39541,38446,71741,25020,24946,44466,18081
2020-02-12T01:00:00Z,105598,68876,39347,38359,36722,25571,25500,36993,18252
2020-02-12T02:00:00Z,95726,68214,38730,37894,27512,26162,26090,36335,18070
2020-02-12T03:00:00Z,106724,68121,39574,38259,38603,25922,25851,39225,18296
2020-02-12T04:00:00Z,75490,64425,38831,37368,11065,24511,24440,30820,17888
2020-02-12T05:00:00Z,72296,63077,36759,35613,9219,24018,23949,29141,16964
2020-02-12T06:00:00Z,72961,64886,35622,34641,8075,26013,25942,30620,17431
2020-02-12T07:00:00Z,80352,72526,38955,37909,7826,29337,29253,34035,19471
2020-02-12T08:00:00Z,88193,82659,42342,41316,5534,34088,34016,37800,21897
2020-02-12T09:00:00Z,97040,91440,46686,45615,5600,37279,37193,41173,23988
2020-02-12T10:00:00Z,99156,91721,48546,47202,7435,36456,36374,40810,24454
2020-02-12T11:00:00Z,94030,87811,46261,45191,6219,34608,34509,38801,23100
2020-02-12T12:00:00Z,98209,91173,48823,47537,7036,36716,36637,41224,24635
2020-02-12T13:00:00Z,108389,101407,54215,52922,6982,41290,41198,45236,27326
2020-02-12T14:00:00Z,118229,112004,59348,58145,6225,44706,44599,49350,29967
2020-02-12T15:00:00Z,120967,114312,60104,58793,6655,45656,45554,50167,30925
2020-02-12T16:00:00Z,117539,110486,59288,57752,7053,43550,43447,48060,30252
2020-02-12T17:00:00Z,109293,102890,55774,54372,6403,39511,39413,44700,27923
2020-02-12T18:00:00Z,109470,102127,56311,54793,7343,37439,37338,42223,26306
2020-02-12T19:00:00Z,112005,99763,55622,53926,12242,37009,36910,43802,26401
2020-02-12T20:00:00Z,107205,96010,52726,51606,11195,36032,35928,42580,25400
2020-02-12T21:00:00Z,109007,94773,53424,52019,14234,34656,34558,42697,25173
2020-02-12T22:00:00Z,98347,85299,49050,47447,13048,30892,30801,38154,23045
2020-02-12T23:00:00Z,82709,72858,42712,40815,9851,26109,26013,31999,20109
2020-02-13T00:00:00Z,76924,70289,41870,40469,6635,24575,24502,30029,18409
2020-02-13T01:00:00Z,75729,68027,39577,38093,7702,24834,24752,31179,18332
2020-02-13T02:00:00Z,75387,68947,39828,38826,6440,25870,25796,31412,18013
2020-02-13T03:00:00Z,73742,68725,40772,40013,5017,25590,25519,30512,17923
2020-02-13T04:00:00Z,67996,62391,37079,36358,5605,23711,23647,27752,16634
2020-02-13T05:00:00Z,69318,62783,36563,35724,6535,23993,23922,28161,16751
2020-02-13T06:00:00Z,72631,65759,36821,35915,6872,26203,26136,30593,17710
2020-02-13T07:00:00Z,78817,72474,39038,38056,6343,29441,29357,33784,19304
2020-02-13T08:00:00Z,87394,82290,43044,42097,5104,33904,33821,37495,21639
2020-02-13T09:00:00Z,97271,91233,48014,46844,6038,37383,37289,40942,24048
2020-02-13T10:00:00Z,98440,91406,48629,47437,7034,36552,36469,40624,24502
2020-02-13T11:00:00Z,93080,87598,46227,45208,5482,34739,34660,38238,23081
2020-02-13T12:00:00Z,96058,90615,48507,47403,5443,36649,36558,40547,24451
2020-02-13T13:00:00Z,109937,102566,54187,52730,7371,40653,40552,45242,27358
2020-02-13T14:00:00Z,116299,110114,58283,56967,6185,44794,44693,48724,30100
2020-02-13T15:00:00Z,122768,116802,61390,59799,5966,45214,45106,50769,30966
2020-02-13T16:00:00Z,118848,111965,58482,57182,6883,42977,42862,50487,29697
2020-02-13T17:00:00Z,110455,104750,55960,54670,5705,38880,38770,46025,27283
2020-02-13T18:00:00Z,104851,99101,53191,51667,5750,36416,36310,42456,25493
2020-02-13T19:00:00Z,105852,99290,54416,53001,6562,36153,36052,43364,26093
2020-02-13T20:00:00Z,99252,93265,52124,50952,5987,34838,34748,40693,25131
2020-02-13T21:00:00Z,96577,90739,51435,50180,5838,33562,33461,37489,24285
2020-02-13T22:00:00Z,87632,82554,47076,45887,5078,30176,30095,34597,22143
2020-02-13T23:00:00Z,77223,72127,41147,40154,5096,25832,25743,30183,19094
2020-02-14T00:00:00Z,70206,65800,38538,37352,4406,23642,23565,28141,17563
2020-02-14T01:00:00Z,67625,63930,36785,35863,3695,23542,23465,27687,16769
2020-02-14T02:00:00Z,69055,64883,36425,35449,4172,24918,24843,29422,17097
2020-02-14T03:00:00Z,69172,64519,37529,36505,4653,24351,24285,28971,16986
2020-02-14T04:00:00Z,63944,59303,34875,34001,4641,22411,22344,26249,15843
2020-02-14T05:00:00Z,64865,58231,34309,33395,6634,22332,22265,27468,15866
2020-02-14T06:00:00Z,71481,64583,35616,34641,6898,24852,24790,31341,16837
2020-02-14T07:00:00Z,80201,73620,39335,38276,6581,28151,28073,35542,18864
2020-02-14T08:00:00Z,92910,88441,43353,42368,4469,32334,32262,38476,21190
2020-02-14T09:00:00Z,94766,89505,46430,45280,5261,35387,35310,41439,23216
2020-02-14T10:00:00Z,92859,87576,45623,44697,5283,34438,34355,39504,22904
2020-02-14T11:00:00Z,88829,83346,45012,43795,5483,32324,32244,36726,21962
2020-02-14T12:00:00Z,92116,87666,45528,44585,4450,33894,33818,39042,22697
2020-02-14T13:00:00Z,100486,95094,49664,48708,5392,36999,36903,42659,24526
2020-02-14T14:00:00Z,106759,101098,53815,52489,5661,39976,39872,45554,26978
2020-02-14T15:00:00Z,108053,102427,54068,52767,5626,40085,39993,45735,27378
2020-02-14T16:00:00Z,106065,99635,52927,51470,6430,38037,37939,44030,26314
2020-02-14T17:00:00Z,99921,93646,51640,50147,6275,33899,33804,40431,23984
2020-02-14T18:00:00Z,92196,85731,47230,45808,6465,31509,31408,37301,22425
2020-02-14T19:00:00Z,90207,83989,46423,44901,6218,30040,29939,36543,22034
2020-02-14T20:00:00Z,85454,79018,43717,42309,6436,28278,28183,34440,20595
2020-02-14T21:00:00Z,83113,77174,43270,41958,5939,26687,26597,31833,19525
2020-02-14T22:00:00Z,73091,68346,38485,37424,4745,24016,23931,28492,17845
2020-02-14T23:00:00Z,72916,57726,33769,32629,15190,19906,19834,28222,15755
2020-02-15T00:00:00Z,67855,51297,30493,29476,16558,17697,17612,27067,13740
2020-02-15T01:00:00Z,49966,46893,28037,27228,3073,16116,16049,20169,12353
2020-02-15T02:00:00Z,47903,44823,26754,26060,3080,15981,15925,19705,11603
2020-02-15T03:00:00Z,49334,46314,27387,26795,3020,16650,16597,20354,11845
2020-02-15T04:00:00Z,45794,43819,27275,26738,1975,15735,15679,18913,11436
2020-02-15T05:00:00Z,46703,44204,26612,26044,2499,16001,15947,19335,11495
2020-02-15T06:00:00Z,50299,47706,26995,26398,2593,17183,17132,21992,12074
2020-02-15T07:00:00Z,52286,49870,28346,27744,2416,18461,18415,22951,12920
2020-02-15T08:00:00Z,54658,51973,28362,27709,2685,19543,19492,24911,13321
2020-02-15T09:00:00Z,58116,55592,30246,29605,2524,20819,20772,26775,14342
2020-02-15T10:00:00Z,58968,56280,31202,30515,2688,20917,20869,26522,14691
2020-02-15T11:00:00Z,61012,57710,31503,30840,3302,21441,21387,27584,15176
2020-02-15T12:00:00Z,63454,60244,34643,33889,3210,22746,22697,27313,15917
2020-02-15T13:00:00Z,65226,61768,35453,34557,3458,24093,24040,28150,16912
2020-02-15T14:00:00Z,70632,67535,38710,37947,3097,26138,26081,30668,18501
2020-02-15T15:00:00Z,73469,70314,40476,39811,3155,26695,26635,31116,18958
2020-02-15T16:00:00Z,74009,70696,41430,40762,3313,25758,25697,29807,18389
2020-02-15T17:00:00Z,72493,68735,40589,39783,3758,25006,24949,29099,18220
2020-02-15T18:00:00Z,70526,66389,39701,38831,4137,24060,24004,28083,17680
2020-02-15T19:00:00Z,68271,64287,38273,37340,3984,23207,23150,27638,17485
2020-02-15T20:00:00Z,63204,60678,36370,35822,2526,21906,21851,25411,16255
2020-02-15T21:00:00Z,62118,59621,36214,35621,2497,21114,21056,24744,16005
2020-02-15T22:00:00Z,57422,55280,33862,33389,2142,19231,19177,22758,14523
2020-02-15T23:00:00Z,52396,50282,31512,31026,2114,17395,17345,21061,13543
2020-02-16T00:00:00Z,49680,46998,29799,29172,2682,16086,16037,20090,12765
2020-02-16T01:00:00Z,48599,46497,28355,27894,2102,15741,15699,19447,11904
2020-02-16T02:00:00Z,48983,46546,28358,27856,2437,16411,16365,20194,12142
2020-02-16T03:00:00Z,50766,48399,29441,29016,2367,17106,17062,21343,12463
2020-02-16T04:00:00Z,51373,48871,30273,29761,2502,16930,16891,20974,12558
2020-02-16T05:00:00Z,50310,47024,28932,28400,3286,16964,16915,21106,12459
2020-02-16T06:00:00Z,52003,49603,30181,29564,2400,17951,17904,22083,13203
2020-02-16T07:00:00Z,53517,51325,29867,29251,2192,19020,18979,23680,13389
2020-02-16T08:00:00Z,55821,53529,31593,30981,2292,20527,20478,24045,14270
2020-02-16T09:00:00Z,59285,56584,32842,32259,2701,21968,21926,25674,15338
2020-02-16T10:00:00Z,62741,59304,34054,33430,3437,22224,22173,27439,15814
2020-02-16T11:00:00Z,66010,62541,35908,35147,3469,22693,22634,28143,16182
2020-02-16T12:00:00Z,67582,64544,36625,35931,3038,24724,24669,30063,17446
2020-02-16T13:00:00Z,73429,69554,39342,38531,3875,26518,26467,31989,18755
2020-02-16T14:00:00Z,76464,73078,41955,41096,3386,28242,28186,34254,20322
2020-02-16T15:00:00Z,79555,75459,42826,41878,4096,28681,28623,35328,20783
2020-02-16T16:00:00Z,76056,72293,42639,41701,3763,27484,27429,32862,20143
2020-02-16T17:00:00Z,75138,71774,43447,42559,3364,26617,26562,31140,19772
2020-02-16T18:00:00Z,75342,71126,42633,41897,4216,26129,26073,30784,19446
2020-02-16T19:00:00Z,75424,71540,42403,41440,3884,25610,25561,31280,19819
2020-02-16T20:00:00Z,71775,68188,42035,41193,3587,25170,25116,29528,19151
2020-02-16T21:00:00Z,70945,66336,40735,40005,4609,23906,23845,28405,17980
2020-02-16T22:00:00Z,64314,60977,38630,37857,3337,22049,21993,25911,16857
2020-02-16T23:00:00Z,60442,56371,36168,35471,4071,19799,19745,23885,15297
2020-02-17T00:00:00Z,58690,53943,34064,33185,4747,19092,19032,23452,14706
2020-02-17T01:00:00Z,62918,58007,35356,34399,4911,20938,20878,24873,15154
2020-02-17T02:00:00Z,66335,62189,37372,36486,4146,23150,23103,27060,16062
2020-02-17T03:00:00Z,64013,59477,34944,34258,4536,23197,23147,27015,15997
2020-02-17T04:00:00Z,64517,58505,34968,34242,6012,22371,22307,26464,15674
2020-02-17T05:00:00Z,67268,58988,34809,33913,8280,22924,22870,27198,15817
2020-02-17T06:00:00Z,68002,61157,34198,33448,6845,25063,25002,29126,16378
2020-02-17T07:00:00Z,77659,70454,37685,36864,7205,28805,28735,33242,18582
2020-02-17T08:00:00Z,95780,86369,44981,43678,9411,34566,34493,39927,21974
2020-02-17T09:00:00Z,101699,95393,48314,46964,6306,37428,37343,43707,24129
2020-02-17T10:00:00Z,102152,93108,48411,46929,9044,36229,36135,41496,23769
2020-02-17T11:00:00Z,93515,88442,46642,45714,5073,34532,34446,38383,22608
2020-02-17T12:00:00Z,98185,94329,48728,47934,3856,36682,36603,40301,23888
2020-02-17T13:00:00Z,109833,102096,54392,53129,7737,40640,40555,45226,27048
2020-02-17T14:00:00Z,117968,112441,59899,59075,5527,43879,43780,48122,29004
2020-02-17T15:00:00Z,118238,112428,60866,59886,5810,43646,43548,47770,29167
2020-02-17T16:00:00Z,112144,106520,58365,57180,5624,41117,41017,45382,28046
2020-02-17T17:00:00Z,105335,99411,55470,54044,5924,36625,36538,42168,25807
2020-02-17T18:00:00Z,99161,91443,51438,50069,7718,33846,33769,38850,23965
2020-02-17T19:00:00Z,98585,89916,51812,50096,8669,33608,33529,39646,24825
2020-02-17T20:00:00Z,96759,88183,50592,49374,8576,33412,33330,38906,24290
2020-02-17T21:00:00Z,91689,85868,50222,49136,5821,31637,31556,36531,23522
2020-02-17T22:00:00Z,81785,77354,46159,45229,4431,28248,28167,32606,21152
2020-02-17T23:00:00Z,72275,67936,40758,39911,4339,24322,24257,28546,18284
2020-02-18T00:00:00Z,67974,64075,38246,37317,3899,23070,23008,27269,17275
2020-02-18T01:00:00Z,72371,67044,37943,36930,5327,24593,24528,29229,17600
2020-02-18T02:00:00Z,70880,67222,38466,37637,3658,26215,26155,30310,17980
2020-02-18T03:00:00Z,70148,66112,37571,36841,4036,25898,25839,30534,17716
2020-02-18T04:00:00Z,68700,63253,37035,36230,5447,23939,23887,28700,16880
2020-02-18T05:00:00Z,70013,64165,36823,35976,5848,24175,24112,29255,16797
2020-02-18T06:00:00Z,74389,68941,36927,36121,5448,26881,26820,31032,17922
2020-02-18T07:00:00Z,82004,75615,40823,39818,6389,30492,30429,34610,19714
2020-02-18T08:00:00Z,90408,85301,44054,43052,5107,35116,35038,38929,22316
2020-02-18T09:00:00Z,99603,94112,48163,46992,5491,38551,38461,42310,24489
2020-02-18T10:00:00Z,98050,91212,47852,46603,6838,37150,37057,40998,24256
2020-02-18T11:00:00Z,94250,88221,46987,45910,6029,35125,35052,39088,23138
2020-02-18T12:00:00Z,101945,96628,51357,50321,5317,37499,37416,41446,24824
2020-02-18T13:00:00Z,114266,107008,57005,55669,7258,42158,42045,47290,27839
2020-02-18T14:00:00Z,123707,117460,61517,60209,6247,46498,46393,50900,30662
2020-02-18T15:00:00Z,122141,116490,61379,59869,5651,46789,46686,51197,31391
2020-02-18T16:00:00Z,119975,113925,61062,59639,6050,45247,45142,49338,30756
2020-02-18T17:00:00Z,111683,105286,56774,55277,6397,40576,40477,44889,27622
2020-02-18T18:00:00Z,108281,101853,55178,53566,6428,38361,38256,43238,26693
2020-02-18T19:00:00Z,108128,101653,55652,54063,6475,38008,37908,43099,27110
2020-02-18T20:00:00Z,103036,96632,53602,52397,6404,36224,36129,41162,25951
2020-02-18T21:00:00Z,106028,96024,53606,51806,10004,35023,34923,41644,25827
2020-02-18T22:00:00Z,93501,86054,48587,47309,7447,31499,31405,37115,23177
2020-02-18T23:00:00Z,79790,73381,42265,40611,6409,26722,26647,31198,19780
2020-02-19T00:00:00Z,74179,69430,39711,38502,4749,25553,25469,30295,19038
2020-02-19T01:00:00Z,72093,68140,39054,38112,3953,25909,25834,29980,18392
2020-02-19T02:00:00Z,74780,70740,39438,38541,4040,27306,27248,31878,18527
2020-02-19T03:00:00Z,73395,69159,38721,37954,4236,26935,26872,31483,18508
2020-02-19T04:00:00Z,71291,64635,37194,36373,6656,24947,24881,29697,17610
2020-02-19T05:00:00Z,71925,64518,36566,35691,7407,24668,24598,29248,17081
2020-02-19T06:00:00Z,75724,68948,37416,36623,6776,27420,27355,31871,17991
2020-02-19T07:00:00Z,85663,78496,41243,40191,7167,31006,30932,35499,20053
2020-02-19T08:00:00Z,94231,86706,45244,44010,7525,35711,35623,40334,22798
2020-02-19T09:00:00Z,104580,98756,49848,48627,5824,39298,39205,43682,25200
2020-02-19T10:00:00Z,104855,97013,50547,49317,7842,38399,38313,42740,25156
2020-02-19T11:00:00Z,102361,93352,48773,47634,9009,35962,35871,41336,24017
2020-02-19T12:00:00Z,102094,95572,50551,49415,6522,38038,37945,42470,25276
2020-02-19T13:00:00Z,117106,109766,56510,55309,7340,42807,42713,47245,28291
2020-02-19T14:00:00Z,123143,117097,61635,60307,6046,46359,46258,50989,30890
2020-02-19T15:00:00Z,67958,65080,36543,35823,2878,32062,31990,34827,22083
2020-02-19T16:00:00Z,123113,116786,60189,58810,6327,46125,46014,50605,30979
2020-02-19T17:00:00Z,119127,109124,56870,55205,10003,40974,40865,47059,28316
2020-02-19T18:00:00Z,124500,105636,56296,54598,18864,38980,38879,49581,27253
2020-02-19T19:00:00Z,118277,104162,56620,53656,14115,37798,37686,45608,27995
2020-02-19T20:00:00Z,109499,99223,53919,52036,10276,36381,36283,42683,26382
2020-02-19T21:00:00Z,105344,97245,53106,51647,8099,34812,34706,40518,25274
2020-02-19T22:00:00Z,98236,88852,48685,46864,9384,31335,31232,37468,23301
2020-02-19T23:00:00Z,82308,75805,41636,40205,6503,26698,26608,31588,20042
2020-02-20T00:00:00Z,76042,70329,40038,38592,5713,25015,24932,29938,18920
2020-02-20T01:00:00Z,73204,68387,38923,37817,4817,25973,25893,30259,18394
2020-02-20T02:00:00Z,73218,68918,38134,37224,4300,26648,26576,30998,18158
2020-02-20T03:00:00Z,71827,67272,37832,36995,4555,26256,26183,30701,18024
2020-02-20T04:00:00Z,71027,63424,36560,35621,7603,24383,24315,28541,17008
2020-02-20T05:00:00Z,70226,62422,35037,34246,7804,24290,24219,28552,16629
2020-02-20T06:00:00Z,77514,68956,38026,37072,8558,27175,27114,32059,18089
2020-02-20T07:00:00Z,85840,77529,40988,39983,8311,30278,30204,35264,19814
2020-02-20T08:00:00Z,93384,87676,44197,43169,5708,35226,35134,39563,22353
2020-02-20T09:00:00Z,100998,95454,48473,47435,5544,38350,38264,42750,24763
2020-02-20T10:00:00Z,102219,94725,49168,47964,7494,37249,37160,41914,24721
2020-02-20T12:00:00Z,98908,93481,48955,47874,5427,37256,37176,41657,24745
2020-02-20T13:00:00Z,112065,104041,54367,52956,8024,41557,41466,46619,27636
2020-02-20T14:00:00Z,118335,111653,58996,57377,6682,45384,45276,49857,30175
2020-02-20T15:00:00Z,122079,115786,60888,59343,6293,45919,45812,49877,30890
2020-02-20T16:00:00Z,116502,111035,58195,56981,5467,43696,43594,48383,29495
2020-02-20T17:00:00Z,111338,106261,56232,55036,5077,39883,39785,44539,27426
2020-02-20T18:00:00Z,107032,103100,55370,54037,3932,37567,37462,41446,25834
2020-02-20T19:00:00Z,106430,100842,54204,52600,5588,36527,36421,41184,25983
2020-02-20T20:00:00Z,103694,97921,53548,52264,5773,35662,35557,40623,25530
2020-02-20T21:00:00Z,93493,87697,47243,46047,5796,33343,33250,38170,23981
2020-02-20T22:00:00Z,90079,83306,45973,44574,6773,30690,30592,35660,22448
2020-02-20T23:00:00Z,80316,72787,40742,38861,7529,26487,26401,31553,20116
2020-02-21T00:00:00Z,72906,67877,39141,37475,5029,24731,24647,29202,18343
2020-02-21T01:00:00Z,71043,66584,37686,36493,4459,25387,25301,29758,17925
2020-02-21T02:00:00Z,71785,67961,38530,37469,3824,26050,25977,30274,17986
2020-02-21T03:00:00Z,70449,66837,37943,36983,3612,25718,25653,29786,17458
2020-02-21T04:00:00Z,66550,61040,35796,34835,5510,23473,23403,27992,16646
2020-02-21T05:00:00Z,66348,60284,34678,33789,6064,22965,22896,27330,15919
2020-02-21T06:00:00Z,69856,63947,35746,34729,5909,25604,25535,29963,17121
2020-02-21T07:00:00Z,77438,71450,37714,36715,5988,28837,28769,33313,18529
2020-02-21T08:00:00Z,86771,82840,43139,42094,3931,32988,32907,36907,21288
2020-02-21T09:00:00Z,95738,91739,46192,45349,3999,36362,36277,40149,23180
2020-02-21T10:00:00Z,93105,88051,45717,44829,5054,35134,35047,39359,23296
2020-02-21T11:00:00Z,89421,82577,44161,43011,6844,32590,32512,36482,21890
2020-02-21T12:00:00Z,91070,86266,46385,45452,4804,34433,34349,38551,22940
2020-02-21T13:00:00Z,102700,96214,51613,50440,6486,38285,38186,42734,25938
2020-02-21T14:00:00Z,112895,107021,56366,54920,5874,41598,41491,46511,28018
2020-02-21T15:00:00Z,109282,104603,55658,54634,4679,41981,41890,46365,28353
2020-02-21T16:00:00Z,111889,106484,56229,54982,5405,40242,40126,44362,27599
2020-02-21T17:00:00Z,101717,96196,53407,52077,5521,35870,35763,40516,25284
2020-02-21T18:00:00Z,97649,92023,50763,49475,5626,33590,33501,38603,23896
2020-02-21T19:00:00Z,95020,87883,49110,47780,7137,32188,32078,37562,23138
2020-02-21T20:00:00Z,90198,83397,46188,44815,6801,30349,30256,35330,21878
2020-02-21T21:00:00Z,87950,81219,46993,45519,6731,28993,28898,33555,21400
2020-02-21T22:00:00Z,78468,73034,42627,41255,5434,25729,25638,29671,18922
2020-02-21T23:00:00Z,66825,60960,35050,33856,5865,21984,21905,26069,16504
2020-02-22T00:00:00Z,59445,54394,32618,31260,5051,19238,19157,23074,14545
2020-02-22T01:00:00Z,55441,51275,30617,29678,4166,18302,18235,21927,13269
2020-02-22T02:00:00Z,54088,51015,30009,29301,3073,18408,18350,22059,13044
2020-02-22T03:00:00Z,53640,50881,30465,29854,2759,18302,18250,21759,13000
2020-02-22T04:00:00Z,50204,47794,28883,28327,2410,17619,17582,21007,12611
2020-02-22T05:00:00Z,51659,48358,29355,28671,3301,17354,17309,20878,12354
2020-02-22T06:00:00Z,52546,49102,28149,27500,3444,18348,18289,22382,12868
2020-02-22T07:00:00Z,54887,51468,29510,28781,3419,19713,19656,23555,13471
2020-02-22T08:00:00Z,56375,53117,30769,30003,3258,20593,20544,24378,14087
2020-02-22T09:00:00Z,57810,53969,30883,29899,3841,21462,21407,25050,14610
2020-02-22T10:00:00Z,58548,55003,31753,30893,3545,21261,21200,25236,14765
2020-02-22T11:00:00Z,59186,55836,32406,31585,3350,21662,21608,25527,15076
2020-02-22T12:00:00Z,63140,59756,34438,33615,3384,23179,23127,27080,15940
2020-02-22T13:00:00Z,66945,63126,36326,35470,3819,24983,24918,28849,17058
2020-02-22T14:00:00Z,72259,68269,39806,38782,3990,26949,26880,31237,18696
2020-02-22T15:00:00Z,74659,70516,40086,39235,4143,27183,27111,31761,19191
2020-02-22T16:00:00Z,74333,70703,40432,39571,3630,26853,26796,31477,19200
2020-02-22T17:00:00Z,74449,70539,40772,39892,3910,26123,26060,30775,18669
2020-02-22T18:00:00Z,72699,68707,39978,39166,3992,24591,24524,28652,17866
2020-02-22T19:00:00Z,69219,65383,38601,37937,3836,23758,23694,27634,17456
2020-02-22T20:00:00Z,64762,60901,36380,35699,3861,22568,22514,26282,16838
2020-02-22T21:00:00Z,61770,58401,34915,34238,3369,21456,21397,25233,16026
2020-02-22T22:00:00Z,58011,54744,33385,32881,3267,19642,19584,23437,14875
2020-02-22T23:00:00Z,54012,50486,30392,29889,3526,17905,17855,21504,13789
2020-02-23T00:00:00Z,52222,49245,28202,27571,2977,16318,16264,20803,12756
2020-02-23T01:00:00Z,49015,45896,27693,27036,3119,16104,16057,19787,12040
2020-02-23T02:00:00Z,50363,47885,27699,27172,2478,17424,17375,21028,12400
2020-02-23T03:00:00Z,50911,48823,27860,27470,2088,18134,18089,21694,12668
2020-02-23T04:00:00Z,50751,47266,28678,27937,3485,17647,17591,21309,12750
2020-02-23T05:00:00Z,51814,48081,28880,28191,3733,17366,17325,21382,12416
2020-02-23T06:00:00Z,50786,48558,29021,28583,2228,18337,18292,21617,12923
2020-02-23T07:00:00Z,53276,50942,29945,29492,2334,19494,19443,22805,13504
2020-02-23T08:00:00Z,55835,53629,30525,30060,2206,21001,20958,24376,14260
2020-02-23T09:00:00Z,58924,56516,31906,31436,2408,22119,22068,25679,15102
2020-02-23T10:00:00Z,58636,55647,32158,31551,2989,22112,22060,25833,15240
2020-02-23T11:00:00Z,61946,59004,33641,33046,2942,22959,22907,26374,15924
2020-02-23T12:00:00Z,65314,62272,35674,35010,3042,24607,24545,28056,16887
2020-02-23T13:00:00Z,69599,67166,38112,37528,2433,26988,26938,30847,18449
2020-02-23T14:00:00Z,74739,71761,40579,40043,2978,28676,28625,32979,19962
2020-02-23T15:00:00Z,74620,71068,41317,40593,3552,28619,28556,32766,20128
2020-02-23T16:00:00Z,76821,71610,42212,41393,5211,27991,27928,33206,20238
2020-02-23T17:00:00Z,72077,68759,41095,40352,3318,26615,26556,30745,19463
2020-02-23T18:00:00Z,73008,69737,40633,40017,3271,25774,25726,30389,19042
2020-02-23T19:00:00Z,70427,67450,40063,39458,2977,25365,25307,29185,18759
2020-02-23T20:00:00Z,70682,67515,40569,39983,3167,25298,25243,29466,19191
2020-02-23T21:00:00Z,68607,65653,40451,39715,2954,23966,23904,27914,17998
2020-02-23T22:00:00Z,62650,59561,36242,35604,3089,21966,21901,25746,16742
2020-02-23T23:00:00Z,57729,54152,32985,32303,3577,19741,19689,23498,14913
2020-02-24T00:00:00Z,58063,53294,32397,31573,4769,19866,19814,23931,14722
2020-02-24T01:00:00Z,61292,57330,33963,33134,3962,22239,22177,25955,15670
2020-02-24T02:00:00Z,67084,62792,35506,34665,4292,24959,24904,28803,16662
2020-02-24T03:00:00Z,67774,62911,35831,35164,4863,25129,25065,29366,16816
2020-02-24T04:00:00Z,63342,57433,33385,32699,5909,23049,22990,27180,16008
2020-02-24T05:00:00Z,68251,59191,33433,32461,9060,23139,23073,27773,15695
2020-02-24T06:00:00Z,75665,67718,37126,36176,7947,26695,26628,31242,17509
2020-02-24T07:00:00Z,80239,72536,37934,37045,7703,29488,29414,33831,18725
2020-02-24T08:00:00Z,92837,83333,42956,41633,9504,33951,33865,37958,21262
2020-02-24T09:00:00Z,97525,91757,46435,45357,5768,37344,37252,41151,23362
2020-02-24T10:00:00Z,100220,92196,48170,46876,8024,36456,36365,40598,23592
2020-02-24T11:00:00Z,93726,86666,45984,44820,7060,34267,34181,38770,22725
2020-02-24T12:00:00Z,96732,91273,47625,46523,5459,36421,36333,40506,23935
2020-02-24T13:00:00Z,111433,102441,54037,52773,8992,40335,40238,46073,26909
2020-02-24T14:00:00Z,120281,113538,60559,59045,6743,44517,44411,49373,30035
2020-02-24T15:00:00Z,122810,115854,61593,60186,6956,45072,44966,49631,30147
2020-02-24T16:00:00Z,116347,109717,58442,56812,6630,43327,43223,47332,29250
2020-02-24T17:00:00Z,115406,104103,55938,54511,11303,39485,39386,46074,27218
2020-02-24T18:00:00Z,122884,98724,54004,51909,24160,37328,37213,49072,26496
2020-02-24T19:00:00Z,132274,99870,54513,52871,32404,37048,36933,53439,26147
2020-02-24T20:00:00Z,118501,95282,52941,51271,23219,35574,35461,47205,25832
2020-02-24T21:00:00Z,107117,98111,50856,49460,9006,34937,34829,40911,25199
2020-02-24T22:00:00Z,96011,87236,48472,47295,8775,31223,31121,36854,23183
2020-02-24T23:00:00Z,82989,74350,41248,40107,8639,26574,26484,31778,19662
2020-02-25T00:00:00Z,77101,68052,39299,37962,9049,25062,24984,30536,18576
2020-02-25T01:00:00Z,76019,68947,38761,37775,7072,26158,26084,30880,18079
2020-02-25T02:00:00Z,79775,72347,39244,38287,7428,28076,28007,32769,18759
2020-02-25T03:00:00Z,78934,70984,39554,38660,7950,27580,27517,32267,18299
2020-02-25T04:00:00Z,72075,63447,37170,36269,8628,24428,24362,29326,16949
2020-02-25T05:00:00Z,75998,65775,35671,34843,10223,24887,24818,30493,16827
2020-02-25T06:00:00Z,81747,72157,37236,36345,9590,28368,28293,33766,18153
2020-02-25T07:00:00Z,88212,78097,41198,40231,10115,31668,31590,36769,20288
2020-02-25T08:00:00Z,100144,88795,46402,45492,11349,35658,35570,41161,22369
2020-02-25T09:00:00Z,108505,97435,50113,49108,11070,38966,38879,44204,24601
2020-02-25T10:00:00Z,108034,94876,49164,47977,13158,37316,37214,42704,24110
2020-02-25T11:00:00Z,100522,87269,45981,44759,13253,34955,34859,40187,22693
2020-02-25T12:00:00Z,104983,92444,48863,47609,12539,37172,37083,42918,24740
2020-02-25T13:00:00Z,114457,103223,54489,53126,11234,41467,41362,47217,27727
2020-02-25T14:00:00Z,127471,115282,60107,58653,12189,46187,46075,51869,30799
2020-02-25T15:00:00Z,129777,115205,60765,59027,14572,46435,46344,52577,31272
2020-02-25T16:00:00Z,83849,77754,40142,39455,6095,35404,35322,38868,23182
2020-02-25T17:00:00Z,90606,86691,47741,46809,3915,35312,35228,39611,25012
2020-02-25T18:00:00Z,104330,98282,51887,50362,6048,37213,37099,42292,25756
2020-02-25T19:00:00Z,109219,99348,53956,51892,9871,37177,37074,42968,26593
2020-02-25T20:00:00Z,104553,93374,51181,49506,11179,35764,35666,41105,25447
2020-02-25T21:00:00Z,112087,94341,51750,50165,17746,34778,34678,42915,25433
2020-02-25T22:00:00Z,123758,83245,46525,44937,40513,31509,31408,45057,22962
2020-02-26T00:00:00Z,139773,67514,38710,37306,72259,25343,25255,46449,18720
2020-02-26T01:00:00Z,113701,70272,38764,37424,43429,26451,26377,47667,18525
2020-02-26T02:00:00Z,90751,71453,38929,37888,19298,28009,27933,39114,19009
2020-02-26T03:00:00Z,76437,70269,39446,38643,6168,27872,27803,32839,18593
2020-02-26T04:00:00Z,70927,64604,37606,36755,6323,24719,24658,28757,17111
2020-02-26T05:00:00Z,71761,64508,36640,35736,7253,24887,24817,28868,16709
2020-02-26T06:00:00Z,77156,69996,38164,37275,7160,27970,27901,32490,18162
2020-02-26T07:00:00Z,86995,79534,41347,40213,7461,31942,31858,38025,20422
2020-02-26T08:00:00Z,95887,90985,45121,44174,4902,36475,36390,42367,22753
2020-02-26T09:00:00Z,106753,100375,51170,49785,6378,40134,40034,44311,25674
2020-02-26T10:00:00Z,109299,96356,50145,48669,12943,38280,38192,44724,24981
2020-02-26T11:00:00Z,113741,89204,47026,45691,24537,35735,35648,46314,23603
2020-02-26T12:00:00Z,137875,95631,50041,48794,42244,37701,37616,58976,25019
2020-02-26T13:00:00Z,149211,105521,55593,54348,43690,42380,42279,63443,27920
2020-02-26T14:00:00Z,153014,117134,60157,58963,35880,46547,46450,65692,30976
2020-02-26T15:00:00Z,128659,119795,62221,60749,8864,47481,47378,52177,31996
2020-02-26T16:00:00Z,119353,113827,58503,57221,5526,44566,44448,48385,30092
2020-02-26T17:00:00Z,111882,106111,55571,54243,5771,40444,40335,45030,27871
2020-02-26T18:00:00Z,106153,100260,53572,52059,5893,37950,37843,42783,26356
2020-02-26T19:00:00Z,107353,99946,54374,52729,7407,37471,37366,42257,26297
2020-02-26T20:00:00Z,115045,101583,52128,50230,13462,35829,35724,42164,25608
2020-02-26T21:00:00Z,106521,99359,52134,50717,7162,35167,35057,39908,25406
2020-02-26T22:00:00Z,92069,85402,47651,46001,6667,31401,31303,35704,22890
2020-02-26T23:00:00Z,81722,75286,41448,40185,6436,26713,26622,30897,19518
2020-02-27T00:00:00Z,75669,69534,39137,37609,6135,25364,25283,29758,18579
2020-02-27T01:00:00Z,77568,73211,39590,38358,4357,26160,26082,30217,18128
2020-02-27T02:00:00Z,78395,73966,41204,40219,4429,27964,27901,32125,18794
2020-02-27T03:00:00Z,73088,68618,38704,37856,4470,27365,27296,31336,18331
2020-02-27T04:00:00Z,71974,64156,37668,36412,7818,25000,24931,29549,17412
2020-02-27T05:00:00Z,71272,62937,35162,34166,8335,25194,25114,29443,16853
2020-02-27T06:00:00Z,78742,70565,38321,37364,8177,28213,28137,33087,18526
2020-02-27T07:00:00Z,82608,75115,39605,38572,7493,31310,31225,35493,19616
2020-02-27T08:00:00Z,94358,88763,44196,43010,5595,35399,35313,39687,22079
2020-02-27T09:00:00Z,104881,99484,50054,48920,5397,39469,39382,43106,24831
2020-02-27T10:00:00Z,104443,95294,50608,49413,9149,38127,38040,42700,24880
2020-02-27T11:00:00Z,109443,88095,46143,44996,21348,35588,35496,45823,23123
2020-02-27T12:00:00Z,101213,93438,49591,47930,7775,37882,37779,42158,24955
2020-02-27T13:00:00Z,112801,104742,54791,53380,8059,42328,42221,46352,27648
2020-02-27T14:00:00Z,84491,79623,43668,42750,4868,36808,36721,39507,24475
2020-02-27T15:00:00Z,90636,87307,45060,44289,3329,39883,39796,42416,25472
2020-02-27T16:00:00Z,116023,110918,57856,56408,5105,45073,44961,48506,29866
2020-02-27T17:00:00Z,110657,104413,54578,53029,6244,40486,40373,45068,27749
2020-02-27T18:00:00Z,106133,98855,53113,51766,7278,37640,37528,42281,25722
2020-02-27T19:00:00Z,106698,97424,52446,50624,9274,36852,36730,42493,26279
2020-02-27T20:00:00Z,103093,94272,51443,49895,8821,35510,35397,40777,25479
2020-02-27T21:00:00Z,96693,89744,50088,48532,6949,33642,33538,38430,24375
2020-02-27T22:00:00Z,88431,80682,45018,43707,7749,30145,30051,35692,21777
2020-02-27T23:00:00Z,76712,70033,39803,38647,6679,25767,25680,30342,18728
2020-02-28T00:00:00Z,74461,67206,38302,36930,7255,24771,24679,29629,17858
2020-02-28T01:00:00Z,83189,67327,38668,37655,15862,25847,25766,32227,17479
2020-02-28T02:00:00Z,76451,68889,38485,37537,7562,27154,27080,32227,17733
2020-02-28T03:00:00Z,76118,65163,36628,35768,10955,26285,26214,32748,17267
2020-02-28T04:00:00Z,69824,60716,35064,34036,9108,23505,23433,28506,16302
2020-02-28T05:00:00Z,69473,59714,33620,32550,9759,23305,23228,28489,15757
2020-02-28T06:00:00Z,75744,66454,36681,35575,9290,26424,26340,31670,17445
2020-02-28T07:00:00Z,82636,73922,38761,37759,8714,29958,29888,34517,18993
2020-02-28T08:00:00Z,89699,82267,42762,41702,7432,33912,33835,38053,21351
2020-02-28T09:00:00Z,95217,88506,44752,43723,6711,36418,36333,40348,22804
2020-02-28T10:00:00Z,98035,89933,46730,45620,8102,35435,35346,39914,23109
2020-02-28T11:00:00Z,93823,86745,45924,44874,7078,33632,33543,38137,22252
2020-02-28T12:00:00Z,95784,89809,47688,46647,5975,35290,35200,39747,23212
2020-02-28T13:00:00Z,107698,99850,53811,52544,7848,38903,38811,43678,25560
2020-02-28T14:00:00Z,113701,107239,56424,55015,6462,42591,42490,47106,28347
2020-02-28T15:00:00Z,116114,110116,58843,57522,5998,42920,42815,47312,28781
2020-02-28T16:00:00Z,110890,103681,54661,53326,7209,40698,40583,46012,27576
2020-02-28T17:00:00Z,107877,95318,51855,50564,12559,36394,36290,42949,25219
2020-02-28T18:00:00Z,102245,90888,49333,47844,11357,33832,33731,39944,23425
2020-02-28T19:00:00Z,101412,87140,48131,46035,14272,32136,32035,39076,23310
2020-02-28T20:00:00Z,96226,84277,46646,45391,11949,30721,30638,36816,21820
2020-02-28T21:00:00Z,95056,81607,46650,45232,13449,28776,28682,34844,20679
2020-02-28T22:00:00Z,91927,73033,42893,40556,18894,25595,25498,33777,19650
2020-02-28T23:00:00Z,77286,63698,37171,35712,13588,22152,22047,28262,16488
2020-02-29T00:00:00Z,74007,55503,32509,30910,18504,19498,19419,27264,14908
2020-02-29T01:00:00Z,89764,51761,30623,29244,38003,18811,18732,30350,13862
2020-02-29T02:00:00Z,130882,50366,29251,28355,80516,18601,18535,38420,13111
2020-02-29T03:00:00Z,138597,51018,29984,29203,87579,19234,19175,40474,13473
2020-02-29T04:00:00Z,135137,49166,28650,28038,85971,18132,18074,38900,12838
2020-02-29T05:00:00Z,135097,47374,27398,26714,87723,17867,17803,38873,12390
2020-02-29T06:00:00Z,117846,49338,27791,27112,68508,18837,18779,39670,13046
2020-02-29T07:00:00Z,94255,51764,28891,28274,42491,19995,19943,40262,13415
2020-02-29T08:00:00Z,68470,53662,29876,29036,14808,21428,21370,29640,14230
2020-02-29T09:00:00Z,63379,57503,31982,31072,5876,22765,22694,27659,15249
2020-02-29T10:00:00Z,65093,58816,33215,32383,6277,22682,22622,27399,15478
2020-02-29T11:00:00Z,65329,59281,33644,32795,6048,22994,22932,27856,15780
2020-02-29T12:00:00Z,69161,63049,35823,35034,6112,24778,24713,29985,17009
2020-02-29T13:00:00Z,70347,65367,36686,35838,4980,26533,26462,30864,17732
2020-02-29T14:00:00Z,77045,70271,39475,38783,6774,28090,28029,33368,19352
2020-02-29T15:00:00Z,83367,73466,40513,39676,9901,28524,28458,35456,19910
2020-02-29T16:00:00Z,85345,70043,39920,39159,15302,27890,27825,36948,19792
2020-02-29T17:00:00Z,106728,70039,40912,39855,36689,26752,26684,46142,19182
2020-02-29T18:00:00Z,103222,68165,39462,38487,35057,25608,25533,44059,18575
2020-02-29T19:00:00Z,75262,64189,38677,37747,11073,23943,23884,30629,17845
2020-02-29T20:00:00Z,70872,63679,38234,37092,7193,23293,23235,27746,17510
2020-02-29T21:00:00Z,64282,59517,36063,35301,4765,21974,21910,25384,16476
2020-02-29T22:00:00Z,59303,54872,33932,33231,4431,20050,19998,23338,15357
2020-02-29T23:00:00Z,54891,49806,30463,29700,5085,18137,18078,21701,13687
2020-03-01T00:00:00Z,52313,46493,28615,27797,5820,16587,16529,20414,12859
2020-03-01T01:00:00Z,52000,46545,28877,27942,5455,16615,16568,20260,12440
2020-03-01T02:00:00Z,53095,48715,29533,28662,4380,17901,17851,21245,12961
2020-03-01T03:00:00Z,53550,49038,28687,27877,4512,18475,18428,22357,13017
2020-03-01T04:00:00Z,54702,48199,28642,27783,6503,17989,17940,21564,12728
2020-03-01T05:00:00Z,58607,48174,28889,27800,10433,17717,17667,21684,12755
2020-03-01T06:00:00Z,54906,50314,29187,28381,4592,18647,18600,22586,13456
2020-03-01T07:00:00Z,55872,52620,30586,29930,3252,20345,20295,23752,13957
2020-03-01T08:00:00Z,58950,55510,31806,31099,3440,21924,21865,25296,14842
2020-03-01T09:00:00Z,62926,59139,33804,32951,3787,23217,23151,26763,15805
2020-03-01T10:00:00Z,64358,59106,33973,33228,5252,23167,23109,26845,15977
2020-03-01T11:00:00Z,65061,60439,35131,34436,4622,23663,23608,27236,16263
2020-03-01T12:00:00Z,70936,66564,38440,37669,4372,25410,25357,29405,17444
2020-03-01T13:00:00Z,75676,69982,40362,39229,5694,28395,28323,32380,19664
2020-03-01T14:00:00Z,76939,73028,41985,41120,3911,29980,29919,33960,20932
2020-03-01T15:00:00Z,81749,77175,43567,42664,4574,30285,30223,34499,21347
2020-03-01T16:00:00Z,80009,76157,43288,42420,3852,29009,28942,33594,20796
2020-03-01T17:00:00Z,77996,72031,41886,40959,5965,27565,27501,32509,19869
2020-03-01T18:00:00Z,76750,71448,42714,41672,5302,26713,26649,31193,19851
2020-03-01T20:00:00Z,70127,65790,39340,38508,4337,25434,25376,29466,18960
2020-03-01T21:00:00Z,67855,64066,38615,37640,3789,24263,24202,28123,18184
2020-03-01T22:00:00Z,66474,59952,36738,35879,6522,22475,22418,26640,17117
2020-03-01T23:00:00Z,62704,55726,34077,33229,6978,20437,20373,24890,15496
2020-03-02T00:00:00Z,60166,54760,33362,32272,5406,20352,20289,24603,15326
2020-03-02T01:00:00Z,63901,59377,34314,33358,4524,23326,23262,26870,16058
2020-03-02T02:00:00Z,70235,64805,36572,35557,5430,25502,25441,29359,17144
2020-03-02T03:00:00Z,71693,65927,37130,36298,5766,26269,26210,30196,17317
2020-03-02T04:00:00Z,69444,59662,34498,33559,9782,23220,23150,27461,15953
2020-03-02T05:00:00Z,76158,62919,35487,34345,13239,24232,24152,28857,16252
2020-03-02T06:00:00Z,79917,69450,38301,37065,10467,27620,27553,32033,17649
2020-03-02T07:00:00Z,84638,74256,39294,38153,10382,31055,30985,35170,19259
2020-03-02T08:00:00Z,98705,85099,44108,42264,13606,35049,34977,40602,22422
2020-03-02T09:00:00Z,109019,95752,49101,47181,13267,38818,38728,45014,24758
2020-03-02T10:00:00Z,105975,94255,49848,48171,11720,37302,37217,41843,24285
2020-03-02T11:00:00Z,97751,89610,47858,46507,8141,35008,34918,39270,22870
2020-03-02T12:00:00Z,101984,94644,50738,49236,7340,37738,37664,42029,24811
2020-03-02T13:00:00Z,115312,105932,55743,54399,9380,42532,42437,47414,28032
2020-03-02T14:00:00Z,122928,115862,62087,60544,7066,46270,46163,50761,30826
2020-03-02T15:00:00Z,124372,116942,61845,60451,7430,46563,46466,50768,31175
2020-03-02T16:00:00Z,123725,115775,61777,60341,7950,44378,44273,49102,30045
2020-03-02T17:00:00Z,118838,110163,60469,58684,8675,40732,40628,46063,28190
2020-03-02T18:00:00Z,111443,100949,55438,53166,10494,38030,37924,43593,26923
2020-03-02T19:00:00Z,111908,102126,56635,54522,9782,37448,37349,43130,27474
2020-03-02T20:00:00Z,110342,99124,55705,54001,11218,36553,36454,43017,26867
2020-03-02T21:00:00Z,104945,97504,55373,53875,7441,35392,35285,40587,26416
2020-03-02T22:00:00Z,94546,87849,49623,48274,6697,31664,31563,36933,24156
2020-03-02T23:00:00Z,81728,75800,44386,43158,5928,26890,26805,31671,20811
2020-03-03T00:00:00Z,74556,70082,40861,39684,4474,25409,25330,30131,19069
2020-03-03T01:00:00Z,76305,72107,40929,39882,4198,27125,27053,31296,19042
2020-03-03T02:00:00Z,81554,76298,41966,40944,5256,29276,29194,33638,19710
2020-03-03T03:00:00Z,79555,75002,41840,40993,4553,28518,28447,33118,19626
2020-03-03T04:00:00Z,73025,67191,39363,38398,5834,25288,25218,29653,17846
2020-03-03T05:00:00Z,74413,67153,38369,37366,7260,25469,25404,31061,18200
2020-03-03T06:00:00Z,78271,71919,39093,38183,6352,28951,28881,33032,18612
2020-03-03T07:00:00Z,86250,78920,41654,40700,7330,32446,32372,36596,20211
2020-03-03T08:00:00Z,96862,91171,46996,45867,5691,37191,37106,41039,23184
2020-03-03T09:00:00Z,109926,103973,54393,53069,5953,40746,40656,44404,25723
2020-03-03T10:00:00Z,108994,102292,50285,48860,6702,38640,38552,42539,25112
2020-03-03T11:00:00Z,100110,94014,49036,47648,6096,36421,36336,40358,23906
2020-03-03T12:00:00Z,103883,97546,51396,49983,6337,38743,38642,43037,25227
2020-03-03T13:00:00Z,116632,109537,57367,56036,7095,43652,43559,48076,28584
2020-03-03T14:00:00Z,124526,118018,61885,60487,6508,48262,48152,52534,31479
2020-03-03T15:00:00Z,124892,118518,62717,61346,6374,48064,47966,52028,32201
2020-03-03T16:00:00Z,121380,114971,61088,59299,6409,45806,45684,49660,30839
2020-03-03T17:00:00Z,115449,108779,59579,58040,6670,41383,41276,45445,28527
2020-03-03T18:00:00Z,112201,102739,56311,54347,9462,38896,38787,44092,27042
2020-03-03T19:00:00Z,109299,99555,55395,53332,9744,38246,38143,43688,26882
2020-03-03T20:00:00Z,108310,98293,53845,52224,10017,37048,36942,42535,25979
2020-03-03T21:00:00Z,120178,96415,53375,51925,23763,35266,35163,46807,25324
2020-03-03T22:00:00Z,111164,86404,48710,47450,24760,31331,31227,44862,22736
2020-03-03T23:00:00Z,83261,74841,42374,41353,8420,27123,27042,32529,19741
2020-03-04T00:00:00Z,77927,70590,40251,39123,7337,25511,25426,30637,18787
2020-03-04T01:00:00Z,80057,72170,40518,39447,7887,27633,27550,32149,18838
2020-03-04T02:00:00Z,81238,75287,42004,40833,5951,28853,28778,32733,19090
2020-03-04T03:00:00Z,76902,70890,40145,39260,6012,28153,28078,32159,18607
2020-03-04T04:00:00Z,73441,65828,38334,37393,7613,25140,25068,29382,17350
2020-03-04T05:00:00Z,74037,66398,37093,36235,7639,25657,25589,30270,17174
2020-03-04T06:00:00Z,82301,74065,41054,39866,8236,29331,29252,33829,18793
2020-03-04T07:00:00Z,89316,80301,43221,42057,9015,32513,32428,36888,20436
2020-03-04T08:00:00Z,101007,93136,48381,47072,7871,37499,37407,41534,23165
2020-03-04T09:00:00Z,111398,102206,53314,52074,9192,40700,40606,44966,25641
2020-03-04T10:00:00Z,110691,98851,51427,50312,11840,39423,39338,44540,25404
2020-03-04T11:00:00Z,103586,92325,48462,47276,11261,36678,36589,41431,23957
2020-03-04T12:00:00Z,111209,97339,51340,50146,13870,38846,38757,44398,25627
2020-03-04T13:00:00Z,134045,112794,58569,57217,21251,44390,44296,51270,29009
2020-03-04T14:00:00Z,164965,117934,60943,59611,47031,47544,47439,59775,31303
2020-03-04T15:00:00Z,190712,109368,57325,56208,81344,46013,45910,65684,30406
2020-03-04T16:00:00Z,137584,112531,59086,57583,25053,45111,44996,52902,30470
2020-03-04T17:00:00Z,185813,99908,52761,51375,85905,39584,39467,60401,26468
2020-03-04T18:00:00Z,183608,96188,52258,51013,87420,37300,37192,58504,25629
2020-03-04T19:00:00Z,181509,94037,50920,49140,87472,36424,36327,58400,26159
2020-03-04T20:00:00Z,156656,93465,51751,50178,63191,36167,36065,51850,25606
2020-03-04T21:00:00Z,171402,91196,49497,48358,80206,34085,33979,53521,24623
2020-03-04T22:00:00Z,156114,84022,46421,45216,72092,31024,30932,48508,22583
2020-03-05T00:00:00Z,106530,67828,38646,37447,38702,25540,25463,36483,18523
2020-03-05T01:00:00Z,76189,71306,39318,38108,4883,27298,27207,31120,18312
2020-03-05T02:00:00Z,82720,74005,41081,39267,8715,29023,28943,34291,19590
2020-03-05T03:00:00Z,81283,75180,40874,39561,6103,28218,28134,32522,18962
2020-03-05T04:00:00Z,74349,66272,37692,36709,8077,25104,25029,30071,17283
2020-03-05T05:00:00Z,73601,64871,36190,35289,8730,25607,25532,30603,17163
2020-03-05T06:00:00Z,83793,75137,39055,38126,8656,29459,29391,34128,18874
2020-03-05T07:00:00Z,90345,82224,42300,41264,8121,32416,32332,36871,20472
2020-03-05T08:00:00Z,96462,90632,46132,45144,5830,36662,36579,40583,22885
2020-03-05T09:00:00Z,107389,101490,51235,50104,5899,40659,40577,44308,25724
2020-03-05T10:00:00Z,106253,98860,50680,49335,7393,39039,38943,42758,25287
2020-03-05T11:00:00Z,100486,94311,49666,48485,6175,37009,36928,40899,24358
2020-03-05T12:00:00Z,105978,99678,51379,50093,6300,38901,38805,42757,25475
2020-03-05T13:00:00Z,114416,107243,56617,55298,7173,43021,42930,47054,28497
2020-03-05T14:00:00Z,123242,117048,60808,59381,6194,47242,47136,51801,31503
2020-03-05T15:00:00Z,126369,120454,63186,61701,5915,47450,47339,51467,31715
2020-03-05T16:00:00Z,122790,116989,60869,59337,5801,45485,45379,49348,31044
2020-03-05T17:00:00Z,112433,106481,56988,55393,5952,40633,40534,44728,27676
2020-03-05T18:00:00Z,107999,102434,55421,54025,5565,37994,37888,41816,26555
2020-03-05T19:00:00Z,107005,98810,54051,52216,8195,36849,36739,42122,26494
2020-03-05T20:00:00Z,102940,94289,52326,50650,8651,35689,35592,41177,25765
2020-03-05T21:00:00Z,75503,70124,39607,38589,5379,26971,26887,31067,19826
2020-03-05T23:00:00Z,99186,93071,54714,53287,6115,39464,39346,44531,27719
2020-03-06T00:00:00Z,77797,69775,38875,37509,8022,25926,25845,31196,18677
2020-03-06T01:00:00Z,75343,69617,39117,37819,5726,26879,26787,31008,18575
2020-03-06T02:00:00Z,78641,73102,40307,39281,5539,28236,28159,32511,18801
2020-03-06T03:00:00Z,74772,69799,39345,38483,4973,27325,27250,31198,18255
2020-03-06T04:00:00Z,67620,62764,35966,35194,4856,24091,24032,27884,16687
2020-03-06T05:00:00Z,69365,63061,36330,35154,6304,24197,24129,28050,16373
2020-03-06T06:00:00Z,79446,72998,39442,38580,6448,27746,27665,32234,18069
2020-03-06T07:00:00Z,85688,79361,42610,41662,6327,31140,31056,35472,19952
2020-03-06T08:00:00Z,94111,88976,46662,45693,5135,35588,35498,39479,22218
2020-03-06T09:00:00Z,103260,96789,50499,49375,6471,39096,39002,44158,25141
2020-03-06T10:00:00Z,104159,96323,51532,50258,7836,37489,37393,42357,24972
2020-03-06T11:00:00Z,94133,88572,47913,46883,5561,33982,33888,38122,22683
2020-03-06T12:00:00Z,101464,96314,52611,51626,5150,36137,36043,40699,24126
2020-03-06T13:00:00Z,112742,104696,56418,54995,8046,40113,40022,45579,27090
2020-03-06T14:00:00Z,118649,111432,58691,57272,7217,43682,43576,48342,29267
2020-03-06T15:00:00Z,120645,114658,60559,59127,5987,43831,43715,48338,29477
2020-03-06T16:00:00Z,113105,106288,56184,54573,6817,40860,40762,45220,27743
2020-03-06T17:00:00Z,107124,99215,54269,52224,7909,36798,36703,41331,25574
2020-03-06T18:00:00Z,98562,92449,50208,48587,6113,33540,33447,37859,23388
2020-03-06T19:00:00Z,99218,89027,49370,47714,10191,32282,32190,38525,23166
2020-03-06T20:00:00Z,92104,85622,47585,46176,6482,31206,31119,35304,22342
2020-03-06T21:00:00Z,90826,82865,46697,44995,7961,29015,28911,34412,21308
2020-03-06T22:00:00Z,84147,76573,43023,41506,7574,26162,26063,31370,19487
2020-03-06T23:00:00Z,67191,62238,35375,34184,4953,22080,21992,26394,16607
2020-03-07T00:00:00Z,62529,57764,32914,31661,4765,19641,19563,24186,15139
2020-03-07T01:00:00Z,59808,56013,31539,30559,3795,19023,18954,23801,14012
2020-03-07T02:00:00Z,61183,54381,32326,31095,6802,19076,19012,24724,13889
2020-03-07T03:00:00Z,57142,53792,31586,30653,3350,19630,19572,23663,13980
2020-03-07T04:00:00Z,55547,52720,30560,29764,2827,18351,18302,22082,13139
2020-03-07T05:00:00Z,53722,50942,30068,29333,2780,17747,17693,21200,12694
2020-03-07T06:00:00Z,55105,52627,30332,29700,2478,19277,19226,22815,13550
2020-03-07T07:00:00Z,56577,53786,30470,29851,2791,20513,20464,23887,14095
2020-03-07T08:00:00Z,63390,58852,33818,32812,4538,22177,22112,26862,15313
2020-03-07T09:00:00Z,65480,60130,34075,33241,5350,23053,22997,28140,15680
2020-03-07T10:00:00Z,66763,60667,34938,33733,6096,22768,22712,27877,15783
2020-03-07T11:00:00Z,62880,59237,34107,33276,3643,22618,22564,26488,15596
2020-03-07T12:00:00Z,66450,63379,35948,35086,3071,24412,24355,28427,16674
2020-03-07T13:00:00Z,70504,67070,37982,37069,3434,26157,26095,30743,18182
2020-03-07T14:00:00Z,74312,70591,39746,39146,3721,28242,28178,32542,19364
2020-03-07T15:00:00Z,76503,73329,40964,40332,3174,28900,28832,32964,19805
2020-03-07T16:00:00Z,74140,70868,41052,40373,3272,27825,27761,31967,19526
2020-03-07T17:00:00Z,75297,71645,42740,41848,3652,26451,26393,30353,18926
2020-03-07T18:00:00Z,72577,69560,40992,40343,3017,25105,25042,29172,18156
2020-03-07T19:00:00Z,70041,66634,39679,38842,3407,24251,24196,29053,18326
2020-03-07T20:00:00Z,66589,63242,38281,37573,3347,22679,22619,26670,16796
2020-03-07T21:00:00Z,64886,61918,38037,37336,2968,21640,21583,25648,16645
2020-03-07T22:00:00Z,61527,59096,36550,35942,2431,20242,20178,23911,15434
2020-03-07T23:00:00Z,55470,53020,33115,32530,2450,17913,17858,21303,13661
2020-03-08T00:00:00Z,52362,49862,30707,29981,2500,16850,16800,21190,13035
2020-03-08T01:00:00Z,49579,47338,28173,27568,2241,16679,16629,20387,12317
2020-03-08T02:00:00Z,54092,51157,31288,30602,2935,18104,18052,21841,13004
2020-03-08T03:00:00Z,53846,51655,31436,30928,2191,18786,18738,22147,13201
2020-03-08T04:00:00Z,50002,47657,28480,27832,2345,18181,18133,21529,13067
2020-03-08T05:00:00Z,49587,46902,28260,27575,2685,17966,17922,21238,12763
2020-03-08T06:00:00Z,51921,49593,29383,28833,2328,18871,18823,22207,13326
2020-03-08T07:00:00Z,55941,53104,31000,30491,2837,20385,20340,23748,13818
2020-03-08T08:00:00Z,59273,57055,32969,32446,2218,21804,21750,25166,14793
2020-03-08T09:00:00Z,56942,54346,31174,30577,2596,21547,21492,24998,14555
2020-03-08T10:00:00Z,62748,59588,33981,33352,3160,22958,22906,27108,15977
2020-03-08T11:00:00Z,63265,59958,33996,33338,3307,23416,23360,26985,16076
2020-03-08T12:00:00Z,69023,66032,37394,36669,2991,25569,25516,29561,17535
2020-03-08T13:00:00Z,73609,70382,40588,39892,3227,27861,27796,32119,19366
2020-03-08T14:00:00Z,77762,73981,43026,41946,3781,30149,30086,34185,20742
2020-03-08T15:00:00Z,77987,74317,43418,42654,3670,30033,29973,34350,21322
2020-03-08T16:00:00Z,75310,71907,42237,41524,3403,28176,28119,32485,20489
2020-03-08T17:00:00Z,74947,71634,42698,41949,3313,26946,26895,31275,19615
2020-03-08T18:00:00Z,73555,69660,41640,40572,3895,26004,25940,30177,19044
2020-03-08T19:00:00Z,75501,70211,42415,41285,5290,25332,25270,30368,19437
2020-03-08T20:00:00Z,72617,69138,41419,40597,3479,25415,25354,29793,19107
2020-03-08T21:00:00Z,69969,66419,40976,40276,3550,24055,23999,27988,18286
2020-03-08T22:00:00Z,64167,60616,37376,36341,3551,22220,22161,25843,16834
2020-03-08T23:00:00Z,60162,57035,35134,34142,3127,19911,19854,23558,15309
2020-03-09T00:00:00Z,61578,57074,35940,35105,4504,20505,20454,25022,15868
2020-03-09T01:00:00Z,67303,63329,38167,37308,3974,23381,23327,26952,15963
2020-03-09T02:00:00Z,72166,67828,39403,38471,4338,26262,26216,29884,17244
2020-03-09T03:00:00Z,71525,65543,37396,36455,5982,26331,26274,30308,17550
2020-03-09T04:00:00Z,65330,57797,33625,32774,7533,22663,22605,27172,15790
2020-03-09T05:00:00Z,67716,57486,32276,31026,10230,22909,22838,28128,15365
2020-03-09T06:00:00Z,74520,65851,34667,33660,8669,26671,26598,30764,16756
2020-03-09T07:00:00Z,87016,77557,39850,38673,9459,30444,30378,34847,19018
2020-03-09T08:00:00Z,98207,87475,45647,44185,10732,35408,35334,39304,21866
2020-03-09T09:00:00Z,106029,97619,50398,48933,8410,39494,39405,43492,24628
2020-03-09T10:00:00Z,108270,97754,52095,50340,10516,38441,38349,42901,25001
2020-03-09T11:00:00Z,105594,96075,50476,48901,9519,35870,35790,40507,23606
2020-03-09T12:00:00Z,108878,101934,54485,53028,6944,39377,39288,43394,25996
2020-03-09T13:00:00Z,123561,114590,60229,58806,8971,44360,44254,48930,29000
2020-03-09T14:00:00Z,135761,126928,68068,66363,8833,48395,48286,53332,32369
2020-03-09T15:00:00Z,132994,123226,66183,64397,9768,48318,48203,53193,32686
2020-03-09T16:00:00Z,123201,115958,61504,59992,7243,45103,44991,48969,30572
2020-03-09T17:00:00Z,118547,109280,58975,56775,9267,41465,41349,46739,28981
2020-03-09T18:00:00Z,113823,104355,56948,55072,9468,38623,38527,43612,27208
2020-03-09T19:00:00Z,108854,99738,55831,53824,9116,37059,36961,42495,26855
2020-03-09T20:00:00Z,107409,98993,55209,53592,8416,37190,37095,41987,26813
2020-03-09T21:00:00Z,98028,91601,51884,50352,6427,33858,33765,38098,24710
2020-03-09T22:00:00Z,88389,82055,46822,45474,6334,30308,30222,34861,22183
2020-03-09T23:00:00Z,77908,72293,41685,40681,5615,26231,26147,30145,19365
2020-03-10T00:00:00Z,73338,69382,40536,39366,3956,25233,25158,29913,19014
2020-03-10T01:00:00Z,77445,73728,41261,40295,3717,27470,27393,31459,18627
2020-03-10T02:00:00Z,78691,74009,41874,40958,4682,28859,28785,32751,18946
2020-03-10T03:00:00Z,77317,72957,40442,39599,4360,28105,28034,32420,18549
2020-03-10T04:00:00Z,69043,63392,36002,35039,5651,23693,23623,28012,16219
2020-03-10T05:00:00Z,70527,62942,34771,33696,7585,24041,23975,28231,15984
2020-03-10T06:00:00Z,73431,67337,36963,35893,6094,27345,27263,31368,17668
2020-03-10T07:00:00Z,87581,78249,41982,40629,9332,31398,31323,36808,20012
2020-03-10T08:00:00Z,97871,92127,47888,46611,5744,36623,36544,39922,22846
2020-03-10T09:00:00Z,109840,101339,52273,50785,8501,40592,40498,45439,25850
2020-03-10T10:00:00Z,106162,97740,51166,49624,8422,39355,39262,43541,25819
2020-03-10T11:00:00Z,98765,92269,48283,46929,6496,36575,36491,40575,24036
2020-03-10T12:00:00Z,108823,101157,53649,51893,7666,40352,40261,44960,26994
2020-03-10T13:00:00Z,125554,117389,62382,60724,8165,46004,45899,50482,30221
2020-03-10T14:00:00Z,135024,127771,67347,65681,7253,50424,50322,55249,33828
2020-03-10T15:00:00Z,131920,125374,66215,64686,6546,50225,50114,53948,33552
2020-03-10T16:00:00Z,123903,116498,62114,60448,7405,46534,46418,50574,31365
2020-03-10T17:00:00Z,114704,108078,59358,57784,6626,41718,41610,45500,28385
2020-03-10T18:00:00Z,113702,105292,57191,55596,8410,38889,38779,43781,27161
2020-03-10T19:00:00Z,111962,101748,56187,54224,10214,37466,37361,43096,27087
2020-03-10T20:00:00Z,103600,95650,53070,51611,7950,36453,36353,41067,26021
2020-03-10T21:00:00Z,96299,89911,49890,48398,6388,33646,33541,37918,24214
2020-03-10T22:00:00Z,84840,79566,44773,43416,5274,29709,29615,33729,21782
2020-03-10T23:00:00Z,78466,72450,41678,40300,6016,26082,25991,30389,19366
2020-03-11T00:00:00Z,74366,68952,40547,39131,5414,25303,25224,29662,18450
2020-03-11T01:00:00Z,76018,72369,40003,39106,3649,27619,27542,31262,18397
2020-03-11T02:00:00Z,78266,74293,40333,39411,3973,29202,29122,33107,18849
2020-03-11T03:00:00Z,75771,71290,39891,38918,4481,28416,28348,32320,18647
2020-03-11T04:00:00Z,66675,60810,34455,33451,5865,23775,23711,28016,16641
2020-03-11T05:00:00Z,65862,58758,32882,31603,7104,24151,24079,28223,16231
2020-03-11T06:00:00Z,75965,68863,37051,36028,7102,28465,28388,32344,18009
2020-03-11T07:00:00Z,84250,77103,40352,39274,7147,32175,32091,36101,20138
2020-03-11T08:00:00Z,95475,89332,45404,44321,6143,37212,37129,40685,22843
2020-03-11T09:00:00Z,106117,101209,51935,50969,4908,40953,40861,44081,25661
2020-03-11T10:00:00Z,104978,98432,51309,50273,6546,39382,39288,43069,25399
2020-03-11T11:00:00Z,102454,95523,50407,49267,6931,36952,36851,40976,24288
2020-03-11T12:00:00Z,106678,100801,52648,51432,5877,40311,40218,44056,26475
2020-03-11T13:00:00Z,122172,115036,60211,58755,7136,46066,45957,50137,30310
2020-03-11T14:00:00Z,130461,124162,65801,64312,6299,49964,49864,53570,32973
2020-03-11T15:00:00Z,130393,124281,65564,64232,6112,49604,49497,52962,32884
2020-03-11T16:00:00Z,124419,117031,62068,60254,7388,45806,45689,49708,30871
2020-03-11T17:00:00Z,116378,110647,59436,57942,5731,41388,41264,45408,28484
2020-03-11T18:00:00Z,111998,103605,57274,55549,8393,38286,38179,43370,26742
2020-03-11T19:00:00Z,104009,96683,54522,52635,7326,36213,36103,40901,25890
2020-03-11T20:00:00Z,98005,90772,50103,48872,7233,34619,34509,38835,24830
2020-03-11T21:00:00Z,92060,85028,47042,45668,7032,32179,32079,36068,23331
2020-03-11T22:00:00Z,89468,83321,43533,42247,6147,28787,28678,33118,21307
2020-03-11T23:00:00Z,75878,71168,38575,37567,4710,25524,25442,29672,18956
2020-03-12T00:00:00Z,73732,69468,39116,37922,4264,24699,24619,28912,18436
2020-03-12T01:00:00Z,73426,69865,38183,37397,3561,26579,26495,30329,18311
2020-03-12T02:00:00Z,72974,69509,38092,37347,3465,27687,27611,31501,18360
2020-03-12T03:00:00Z,74121,70129,38389,37593,3992,27334,27265,31312,18038
2020-03-12T04:00:00Z,68651,61906,35554,34566,6745,23598,23523,28386,16679
2020-03-12T05:00:00Z,68721,61326,33994,33078,7395,24214,24138,28819,16353
2020-03-12T06:00:00Z,76037,69829,37032,36033,6208,27886,27810,31912,18060
2020-03-12T07:00:00Z,84709,78168,39964,38774,6541,31438,31358,35866,19860
2020-03-12T08:00:00Z,94451,88475,45647,44365,5976,36179,36100,40288,22979
2020-03-12T09:00:00Z,102922,96288,50168,48840,6634,39767,39681,44170,25213
2020-03-12T10:00:00Z,102711,95566,50485,49150,7145,38383,38300,41947,25163
2020-03-12T11:00:00Z,94764,89482,47544,46505,5282,35949,35857,39370,23797
2020-03-12T12:00:00Z,105147,99327,52417,50979,5820,39026,38944,43291,25747
2020-03-12T13:00:00Z,115639,108648,56296,54961,6991,43257,43155,47131,28171
2020-03-12T14:00:00Z,122868,116492,60541,59172,6376,46757,46668,50522,31236
2020-03-12T15:00:00Z,121616,115521,60754,59389,6095,46495,46389,50016,31330
2020-03-12T16:00:00Z,115227,109143,57659,56312,6084,43248,43130,47160,29368
2020-03-12T17:00:00Z,118501,103397,55454,54323,15104,39169,39051,47605,26864
2020-03-12T18:00:00Z,110960,95618,50782,49625,15342,35559,35459,44562,25211
2020-03-12T19:00:00Z,96050,90870,48878,47460,5180,33725,33627,37746,24102
2020-03-12T20:00:00Z,93719,87743,48585,47393,5976,32593,32493,36470,23237
2020-03-12T21:00:00Z,91210,84525,46634,45592,6685,29832,29738,34092,21677
2020-03-12T22:00:00Z,83398,77447,43396,42371,5951,26825,26726,31270,19748
2020-03-12T23:00:00Z,74579,69411,38063,37072,5168,23578,23496,27510,17347
2020-03-13T00:00:00Z,73571,65937,37166,35527,7634,22511,22426,28830,16975
2020-03-13T01:00:00Z,74167,68246,37748,36660,5921,24582,24505,30176,16779
2020-03-13T02:00:00Z,70243,65819,37057,36003,4424,25883,25810,29739,16975
2020-03-13T03:00:00Z,69747,65378,37360,36304,4369,25652,25586,29571,17337
2020-03-13T04:00:00Z,64140,58089,34141,33159,6051,21898,21833,25951,15330
2020-03-13T05:00:00Z,67296,58542,33449,32307,8754,22478,22412,27482,15306
2020-03-13T06:00:00Z,73705,64601,35488,34354,9104,26114,26046,31240,16951
2020-03-13T07:00:00Z,80595,72939,39381,38293,7656,29422,29351,33454,18556
2020-03-13T08:00:00Z,88440,83016,44381,43228,5424,33644,33570,36944,21133
2020-03-13T09:00:00Z,98779,92927,49656,48385,5852,37455,37368,41303,24236
2020-03-13T10:00:00Z,97507,90680,49023,47704,6827,35816,35731,39716,23699
2020-03-13T11:00:00Z,89865,84241,45908,44773,5624,33159,33074,37123,22464
2020-03-13T12:00:00Z,93597,88303,48117,46888,5294,35234,35138,38907,23695
2020-03-13T13:00:00Z,106266,99015,53176,51636,7251,39216,39114,43649,26434
2020-03-13T14:00:00Z,113377,106899,56800,55175,6478,42106,42004,46729,28650
2020-03-13T15:00:00Z,117732,110732,58686,56910,7000,42308,42216,47004,28877
2020-03-13T16:00:00Z,107197,101168,55758,54023,6029,38720,38608,43046,26979
2020-03-13T17:00:00Z,100297,94479,52452,50913,5818,35438,35323,39390,24763
2020-03-13T18:00:00Z,95260,90179,50204,48833,5081,32672,32568,37049,23188
2020-03-13T19:00:00Z,89933,84745,48769,47451,5188,29790,29693,34185,21867
2020-03-13T20:00:00Z,94825,80960,46324,44679,13865,28377,28280,35976,20717
2020-03-13T21:00:00Z,113201,80255,47700,45380,32946,26268,26166,41743,20447
2020-03-13T22:00:00Z,101167,71321,42723,40823,29846,23036,22932,37490,18098
2020-03-14T00:00:00Z,83538,56440,34984,33601,27098,18405,18326,32499,14576
2020-03-14T01:00:00Z,80714,52535,32288,31221,28179,17897,17825,32918,13455
2020-03-14T02:00:00Z,79477,52221,30830,29781,27256,18571,18507,33545,13607
2020-03-14T03:00:00Z,77660,53516,31889,30857,24144,19009,18945,32578,13658
2020-03-14T04:00:00Z,75835,49548,29881,28907,26287,17347,17287,31995,12607
2020-03-14T05:00:00Z,73923,47625,28513,27750,26298,17134,17082,31324,12107
2020-03-14T06:00:00Z,75597,50187,29918,28733,25410,18398,18347,32368,13332
2020-03-14T07:00:00Z,81695,52956,31106,29887,28739,19545,19483,35259,13784
2020-03-14T08:00:00Z,85327,56301,33041,31892,29026,21087,21017,36592,14818
2020-03-14T09:00:00Z,87000,59795,34287,33224,27205,22471,22408,37669,15539
2020-03-14T10:00:00Z,86299,59093,34579,33283,27206,22397,22339,37107,15847
2020-03-14T11:00:00Z,87789,59519,34544,33331,28270,22634,22570,38064,16321
2020-03-14T12:00:00Z,93266,63894,37010,35617,29372,24808,24746,40160,17588
2020-03-14T13:00:00Z,97559,70167,40338,39204,27392,27066,26992,41942,18981
2020-03-14T14:00:00Z,101161,73419,42707,41520,27742,29037,28964,44286,20702
2020-03-14T15:00:00Z,104320,77343,44240,43170,26977,30069,30005,45023,21453
2020-03-14T16:00:00Z,102218,75617,43562,42498,26601,29091,29022,43618,20948
2020-03-14T17:00:00Z,101335,73392,42808,41737,27943,27562,27492,42944,20266
2020-03-14T18:00:00Z,98756,71244,42313,41240,27512,26113,26045,41149,19351
2020-03-14T19:00:00Z,96790,67047,39722,38679,29743,24644,24571,41207,18712
2020-03-14T20:00:00Z,94717,65688,39824,38743,29029,23167,23100,38485,17553
2020-03-14T21:00:00Z,88504,60980,36957,36034,27524,21733,21665,36874,16757
2020-03-14T22:00:00Z,89109,61573,35048,34115,27536,19938,19879,35314,15486
2020-03-14T23:00:00Z,81379,53281,33750,32795,28098,17848,17789,33602,14428
2020-03-15T00:00:00Z,77772,49920,31175,30184,27852,16956,16904,32891,13346
2020-03-15T01:00:00Z,77599,50012,30843,30272,27587,16901,16847,33022,12794
2020-03-15T02:00:00Z,79111,51970,31867,31233,27141,18241,18189,33588,13369
2020-03-15T03:00:00Z,81304,52827,32725,31990,28477,18728,18674,34480,13502
2020-03-15T04:00:00Z,78145,49376,30906,29974,28769,17612,17560,33188,12855
2020-03-15T05:00:00Z,73720,46522,28350,27515,27198,17301,17247,31923,12490
2020-03-15T06:00:00Z,77795,50223,30413,29579,27572,18345,18296,33646,13107
2020-03-15T07:00:00Z,81201,53476,31433,30754,27725,19576,19528,34974,13820
2020-03-15T08:00:00Z,75830,56894,32998,32148,18936,21330,21266,32159,14891
2020-03-15T09:00:00Z,82552,61585,35994,34997,20967,23323,23264,34978,16500
2020-03-15T10:00:00Z,87836,63976,37415,36424,23860,23888,23816,37258,16842
2020-03-15T11:00:00Z,90843,65542,37960,36853,25301,24862,24790,39184,17917
2020-03-15T12:00:00Z,96236,69832,40399,39286,26404,27045,26971,41714,19250
2020-03-15T13:00:00Z,102355,75677,43021,42132,26678,29864,29785,44503,21062
2020-03-15T14:00:00Z,108942,83699,48061,47136,25243,32512,32446,47460,23252
2020-03-15T15:00:00Z,107655,83643,47707,46672,24012,32285,32220,47155,24037
2020-03-15T16:00:00Z,100766,78403,45935,44487,22363,30522,30452,43998,23060
2020-03-15T17:00:00Z,97109,78817,45795,44801,18292,29385,29316,40995,21892
2020-03-15T18:00:00Z,101899,78585,45860,44691,23314,28148,28079,42095,21461
2020-03-15T19:00:00Z,100260,75197,44920,43759,25063,26887,26820,42376,21428
2020-03-15T20:00:00Z,96665,71548,42530,41423,25117,26113,26040,40536,20160
2020-03-15T21:00:00Z,90189,68153,41039,39858,22036,24517,24442,37563,19246
2020-03-15T22:00:00Z,83911,61166,37196,36328,22745,22450,22386,35338,17167
2020-03-15T23:00:00Z,84928,57143,34863,33929,27785,20460,20399,36017,16070
2020-03-16T00:00:00Z,85211,54923,33471,32202,30288,20432,20372,36034,15607
2020-03-16T01:00:00Z,90095,62250,35234,34087,27845,23742,23674,38471,16578
2020-03-16T02:00:00Z,95551,68810,37808,36650,26741,26489,26424,41236,18000
2020-03-16T03:00:00Z,90262,67089,38458,37567,23173,25694,25630,38345,17204
2020-03-16T04:00:00Z,72087,61431,37109,35918,10656,22027,21970,27779,15815
2020-03-16T05:00:00Z,72528,59811,34349,33053,12717,23074,23014,28612,15559
2020-03-16T06:00:00Z,80587,67693,37537,36187,12894,26743,26664,32626,17442
2020-03-16T07:00:00Z,92060,78859,41826,40628,13201,30842,30761,37583,19916
2020-03-16T08:00:00Z,106803,87956,45991,44449,18847,34516,34434,42599,22415
2020-03-16T09:00:00Z,110889,95732,49472,48046,15157,37884,37796,45381,24512
2020-03-16T10:00:00Z,111381,93784,49217,47312,17597,36712,36614,44546,24346
2020-03-16T11:00:00Z,107716,90354,47472,45433,17362,35123,35036,42523,23627
2020-03-16T12:00:00Z,108656,94353,49484,47946,14303,37775,37679,44983,25190
2020-03-16T13:00:00Z,127161,110048,58565,57022,17113,41954,41854,50134,28004
2020-03-16T14:00:00Z,144791,129242,68496,66541,15549,45884,45794,57720,31832
2020-03-16T15:00:00Z,152387,130970,68118,65920,21417,45536,45431,61925,31596
2020-03-16T16:00:00Z,137698,117069,63363,61751,20629,42218,42117,55395,29535
2020-03-16T17:00:00Z,121755,105672,59091,56640,16083,38309,38205,46453,27433
2020-03-16T18:00:00Z,112572,97826,54591,52730,14746,35421,35322,43264,25464
2020-03-16T19:00:00Z,101970,92139,51360,49571,9831,33416,33331,39037,24397
2020-03-16T20:00:00Z,99629,88834,49640,48023,10795,32273,32184,37846,23653
2020-03-16T21:00:00Z,93490,84829,47790,46331,8661,30298,30192,35390,22618
2020-03-16T22:00:00Z,82284,74048,42045,40626,8236,26787,26695,31707,19828
2020-03-16T23:00:00Z,73726,66433,38357,37172,7293,23641,23562,28390,17897
2020-03-17T00:00:00Z,72703,66246,38417,37141,6457,23139,23061,28076,17474
2020-03-17T01:00:00Z,73896,68228,38740,37802,5668,25641,25563,29770,17479
2020-03-17T02:00:00Z,77109,71269,39305,38261,5840,27359,27303,32148,18020
2020-03-17T03:00:00Z,77082,69999,39070,38115,7083,26890,26825,31902,17865
2020-03-17T04:00:00Z,69018,61566,35658,34696,7452,22681,22615,27703,15965
2020-03-17T05:00:00Z,70834,62203,35239,34183,8631,23250,23181,28794,15874
2020-03-17T06:00:00Z,78454,69608,37352,36211,8846,27321,27251,32350,17781
2020-03-17T07:00:00Z,88064,79111,42080,41020,8953,31012,30935,36353,19831
2020-03-17T08:00:00Z,98288,90006,47078,45898,8282,35464,35378,40108,22324
2020-03-17T09:00:00Z,104828,97030,51407,50179,7798,38216,38138,42845,24677
2020-03-17T10:00:00Z,103797,94247,50236,48838,9550,37027,36937,41839,24466
2020-03-17T11:00:00Z,98062,90382,47739,46488,7680,35458,35385,39862,23538
2020-03-17T12:00:00Z,108198,98082,53901,52373,10116,37703,37613,43761,25951
2020-03-17T13:00:00Z,120646,109356,59185,57863,11290,42311,42203,48508,28342
2020-03-17T14:00:00Z,128383,117436,62330,60671,10947,46679,46570,52668,31434
2020-03-17T15:00:00Z,128215,117024,61300,59803,11191,46580,46472,52667,31850
2020-03-17T16:00:00Z,122828,111510,59515,57665,11318,43563,43457,49769,30121
2020-03-17T17:00:00Z,118696,108266,57596,55877,10430,39999,39889,46103,28113
2020-03-17T18:00:00Z,115352,104480,55193,53614,10872,37360,37255,44015,26518
2020-03-17T19:00:00Z,107239,95909,52404,50614,11330,35373,35277,42207,25408
2020-03-17T20:00:00Z,104853,94391,52932,51517,10462,34551,34455,40486,24712
2020-03-17T21:00:00Z,98408,88208,49626,48357,10200,31774,31682,37571,22838
2020-03-17T22:00:00Z,87663,75700,42236,41112,11963,27747,27663,35097,20136
2020-03-17T23:00:00Z,80402,69187,39151,37714,11215,24889,24812,31997,18265
2020-03-18T00:00:00Z,76350,66542,38386,36827,9808,24598,24513,31672,17916
2020-03-18T01:00:00Z,80741,71420,41065,39720,9321,26542,26462,33034,18055
2020-03-18T02:00:00Z,85194,75635,43607,42597,9559,28267,28196,34699,18428
2020-03-18T03:00:00Z,80323,70245,39158,38257,10078,27606,27544,34552,17985
2020-03-18T04:00:00Z,73003,62047,36252,35242,10956,23087,23014,29988,15847
2020-03-18T05:00:00Z,77523,64683,35834,34768,12840,24144,24073,31739,16128
2020-03-18T06:00:00Z,80997,69783,38310,37153,11214,27841,27771,34304,17557
2020-03-18T07:00:00Z,91822,80732,43227,42177,11090,31603,31528,38254,19735
2020-03-18T08:00:00Z,100933,90556,47669,46648,10377,35512,35419,41736,22386
2020-03-18T09:00:00Z,111284,99036,52734,51295,12248,39168,39070,46059,25188
2020-03-18T10:00:00Z,108020,94650,49640,48165,13370,38067,37981,45129,25137
2020-03-18T11:00:00Z,100872,92774,49841,48406,8098,36477,36387,41121,24339
2020-03-18T12:00:00Z,105375,98008,52467,50833,7367,38691,38604,43162,26050
2020-03-18T13:00:00Z,118220,110516,58597,57161,7704,43258,43156,48763,29819
2020-03-18T14:00:00Z,123549,117019,61826,60281,6530,47106,47008,51370,31554
2020-03-18T15:00:00Z,125954,119207,62256,60582,6747,47594,47488,51531,31897
2020-03-18T16:00:00Z,119210,113558,60504,59021,5652,43336,43224,47669,29498
2020-03-18T17:00:00Z,114886,109104,60652,59078,5782,40247,40136,44813,28111
2020-03-18T18:00:00Z,110171,104331,58108,56634,5840,37746,37643,42072,26802
2020-03-18T19:00:00Z,100780,94926,53030,51542,5854,35175,35066,39688,25201
2020-03-18T20:00:00Z,98411,91730,51446,49966,6681,34457,34360,38465,24705
2020-03-18T21:00:00Z,101463,88193,49617,47435,13270,31958,31860,38138,23551
2020-03-18T22:00:00Z,88141,79010,45573,43287,9131,28379,28281,33502,21092
2020-03-18T23:00:00Z,77988,71416,40630,38883,6572,25009,24922,29945,19303
2020-03-19T00:00:00Z,71649,66072,37746,36283,5577,24335,24246,29208,18096
2020-03-19T01:00:00Z,72142,67245,37001,35989,4897,26468,26394,30493,17665
2020-03-19T02:00:00Z,74215,69427,38246,37205,4788,28056,27984,32145,18253
2020-03-19T03:00:00Z,73957,68129,37810,36721,5828,26986,26917,31583,17928
2020-03-19T04:00:00Z,66049,58561,33837,32729,7488,22638,22563,26890,15713
2020-03-19T05:00:00Z,68459,60325,33963,32859,8134,23559,23490,27886,15668
2020-03-19T06:00:00Z,80959,72354,40990,39817,8605,27647,27581,32303,17637
2020-03-19T07:00:00Z,87763,79241,43728,42564,8522,31212,31125,35449,19721
2020-03-19T08:00:00Z,96542,90111,47835,46673,6431,35516,35436,39685,22275
2020-03-19T09:00:00Z,102976,97694,50098,48966,5282,38927,38836,42950,24780
2020-03-19T10:00:00Z,100685,93626,48645,47395,7059,37725,37638,41749,24748
2020-03-19T11:00:00Z,97870,91677,47701,46574,6193,36214,36129,40451,24095
2020-03-19T12:00:00Z,101478,95571,50103,48670,5907,38412,38315,42595,25663
2020-03-19T13:00:00Z,117138,110195,56817,55561,6943,43115,42997,47251,28538
2020-03-19T14:00:00Z,125546,119280,62787,61126,6266,46827,46719,50868,31247
2020-03-19T15:00:00Z,128009,120052,62463,60966,7957,47117,47001,51698,31433
2020-03-19T16:00:00Z,121220,113343,59686,57972,7877,44508,44397,49102,30213
2020-03-19T17:00:00Z,117347,107354,58883,56865,9993,40365,40248,45756,28296
2020-03-19T18:00:00Z,113836,102662,56263,54477,11174,37809,37703,43870,26707
2020-03-19T19:00:00Z,104480,95623,53176,51256,8857,35963,35859,41574,26298
2020-03-19T20:00:00Z,102944,92533,51229,49139,10411,34647,34534,40717,25169
2020-03-19T21:00:00Z,97483,89284,49200,47431,8199,32409,32312,37587,23763
2020-03-19T22:00:00Z,85528,78933,44775,43192,6595,28630,28542,32986,20871
2020-03-19T23:00:00Z,75294,69836,39983,38817,5458,25062,24976,29456,18878
2020-03-20T00:00:00Z,71693,66573,38102,36657,5120,24138,24059,28798,18057
2020-03-20T01:00:00Z,72726,68512,37521,36334,4214,26298,26229,29907,17642
2020-03-20T02:00:00Z,77567,73571,41205,40327,3996,27590,27521,31464,18074
2020-03-20T03:00:00Z,75138,69967,39176,38316,5171,26623,26561,31006,17579
2020-03-20T04:00:00Z,72316,65019,38698,37547,7297,22451,22378,26808,15830
2020-03-20T05:00:00Z,68454,61409,34145,33228,7045,22984,22911,27345,15459
2020-03-20T06:00:00Z,74864,67399,36196,35184,7465,26879,26808,31037,17151
2020-03-20T07:00:00Z,83913,76578,40594,39591,7335,30208,30135,35090,19120
2020-03-20T08:00:00Z,94837,88160,46123,44923,6677,35008,34936,38855,22120
2020-03-20T09:00:00Z,102306,96063,50657,49254,6243,37978,37891,41869,24185
2020-03-20T10:00:00Z,102412,93123,50124,48568,9289,36476,36380,41162,24742
2020-03-20T11:00:00Z,95685,87807,46435,44588,7878,34301,34212,38630,23390
2020-03-20T12:00:00Z,105127,98100,54632,52733,7027,36216,36121,40392,24292
2020-03-20T13:00:00Z,115794,108307,59218,57643,7487,40842,40739,44747,27330
2020-03-20T14:00:00Z,118710,111907,60489,59075,6803,43915,43801,48159,29328
2020-03-20T15:00:00Z,123980,113715,60033,57919,10265,44564,44445,49966,30383
2020-03-20T16:00:00Z,116496,107139,57944,55669,9357,41636,41519,46876,29134
2020-03-20T17:00:00Z,112269,104162,56679,54729,8107,38525,38424,43832,27041
2020-03-20T18:00:00Z,106013,96727,53043,50859,9286,35667,35566,41339,25245
2020-03-20T19:00:00Z,98367,91128,51345,49347,7239,33061,32961,38315,24038
2020-03-20T20:00:00Z,95320,86226,48147,46435,9094,31105,31004,36245,22574
2020-03-20T21:00:00Z,87961,81788,45647,44163,6173,28899,28808,33162,21056
2020-03-20T22:00:00Z,79731,72875,42063,40570,6856,25360,25274,29815,18757
2020-03-20T23:00:00Z,73161,67599,39360,38221,5562,22091,22003,27844,17457
2020-03-21T00:00:00Z,63115,57257,33974,32523,5858,20204,20125,25003,15495
2020-03-21T01:00:00Z,59340,54738,31731,30745,4602,19522,19448,23927,14035
2020-03-21T02:00:00Z,58044,54564,31131,30273,3480,20156,20096,24133,14124
2020-03-21T03:00:00Z,60687,57590,34247,33408,3097,19781,19718,23706,13940
2020-03-21T04:00:00Z,53226,50370,30359,29440,2856,17985,17926,21510,12865
2020-03-21T05:00:00Z,56107,53493,32486,31667,2614,17755,17699,21218,12178
2020-03-21T06:00:00Z,54842,52377,29753,28903,2465,19080,19031,22670,13016
2020-03-21T07:00:00Z,56679,54041,30361,29622,2638,20379,20325,23841,13699
2020-03-21T08:00:00Z,62235,60028,33776,33139,2207,22108,22057,25749,14703
2020-03-21T09:00:00Z,65250,62146,35121,34329,3104,24182,24128,27542,16120
2020-03-21T10:00:00Z,69382,66506,38336,37521,2876,24943,24892,28391,17081
2020-03-21T11:00:00Z,71254,67719,38457,37589,3535,25725,25670,29148,17647
2020-03-21T12:00:00Z,75619,72042,41094,40053,3577,28228,28178,32114,19423
2020-03-21T13:00:00Z,83570,80135,45730,44891,3435,31178,31117,34858,21181
2020-03-21T14:00:00Z,91554,86465,48567,47525,5089,33899,33829,38638,23189
2020-03-21T15:00:00Z,92278,87433,48951,47991,4845,34485,34414,40095,23716
2020-03-21T16:00:00Z,89502,84621,48291,47263,4881,33474,33405,37931,23450
2020-03-21T17:00:00Z,87362,83538,48465,47391,3824,31800,31731,35752,22529
2020-03-21T18:00:00Z,84438,80495,47362,46136,3943,29840,29770,33889,21638
2020-03-21T19:00:00Z,79523,75368,44222,42988,4155,28165,28099,32358,20694
2020-03-21T20:00:00Z,84552,73013,43174,41853,11539,26903,26822,33361,19512
2020-03-21T21:00:00Z,74279,68946,40984,40001,5333,25293,25225,29594,18954
2020-03-21T22:00:00Z,65971,62838,37477,36614,3133,23069,22994,26748,17392
2020-03-21T23:00:00Z,63254,56715,35312,33196,6539,20378,20322,26069,16773
2020-03-22T00:00:00Z,63221,53605,32704,30909,9616,19434,19377,25565,15590
2020-03-22T01:00:00Z,61478,55371,33702,32542,6107,19454,19395,24672,14530
2020-03-22T02:00:00Z,62486,55565,33782,32383,6921,20390,20334,25530,14913
2020-03-22T03:00:00Z,57708,54380,31922,30878,3328,20040,19996,24289,14444
2020-03-22T04:00:00Z,54928,51202,30572,29673,3726,18479,18425,22837,13518
2020-03-22T05:00:00Z,51558,48928,29138,28465,2630,18009,17960,21441,12992
2020-03-22T06:00:00Z,54838,52336,30688,29892,2502,19147,19104,23316,13837
2020-03-22T07:00:00Z,56862,54732,31039,30453,2130,20949,20899,24829,14710
2020-03-22T08:00:00Z,61387,59039,33028,32329,2348,23056,23004,26857,15755
2020-03-22T09:00:00Z,67311,64602,35530,34795,2709,25555,25499,28995,17290
2020-03-22T10:00:00Z,75441,68509,38579,37482,6932,26880,26808,32112,18686
2020-03-22T11:00:00Z,80493,75932,44197,43239,4561,27675,27610,31937,19443
2020-03-22T12:00:00Z,83543,76535,43826,42143,7008,30353,30285,35691,21421
2020-03-22T13:00:00Z,95211,88163,51919,50406,7048,34003,33934,39062,23847
2020-03-22T14:00:00Z,102042,95839,54565,53374,6203,37259,37193,42856,26048
2020-03-22T15:00:00Z,101911,95372,55019,53828,6539,37643,37580,43107,26706
2020-03-22T16:00:00Z,97714,90857,52318,51047,6857,35420,35341,40602,25217
2020-03-22T17:00:00Z,92849,88512,52152,51136,4337,33702,33635,37864,24320
2020-03-22T18:00:00Z,90164,86513,50919,49910,3651,32202,32141,36625,23604
2020-03-22T19:00:00Z,89760,85778,48965,47962,3982,30590,30524,35240,22994
2020-03-22T20:00:00Z,83866,79571,46820,45799,4295,29694,29630,33921,22070
2020-03-22T21:00:00Z,80317,75584,44822,43754,4733,27802,27727,31726,20570
2020-03-22T22:00:00Z,70992,67362,40021,39160,3630,25231,25179,28879,18684
2020-03-22T23:00:00Z,67082,62799,37761,36773,4283,23046,22982,27128,17354
2020-03-23T00:00:00Z,69033,63744,38599,37361,5289,23111,23049,27834,17215
2020-03-23T01:00:00Z,79154,73411,44999,43908,5743,25943,25879,29827,17625
2020-03-23T02:00:00Z,82675,76849,44232,43023,5826,27699,27633,32380,18478
2020-03-23T03:00:00Z,77346,69962,38563,37306,7384,27212,27144,31360,17846
2020-03-23T04:00:00Z,74530,62997,37141,35962,11533,23010,22947,27861,16112
2020-03-23T05:00:00Z,77653,63027,35647,34130,14626,23769,23707,28427,15926
2020-03-23T06:00:00Z,84355,71274,39308,37692,13081,28011,27936,33220,18209
2020-03-23T07:00:00Z,94632,82007,44621,43046,12625,32192,32124,37045,20303
2020-03-23T08:00:00Z,109133,96653,51520,49743,12480,37387,37302,41682,23495
2020-03-23T09:00:00Z,116133,102839,54971,52855,13294,40191,40099,44266,25665
2020-03-23T10:00:00Z,130553,115204,57233,55141,15349,39054,38969,43645,25735
2020-03-23T11:00:00Z,113601,103145,56100,54200,10456,37529,37445,41976,24669
2020-03-23T12:00:00Z,112577,103609,56600,54521,8968,40123,40024,44567,26725
2020-03-23T13:00:00Z,123903,114409,61878,60158,9494,44809,44709,49024,29338
2020-03-23T14:00:00Z,137341,128534,67521,65349,8807,49718,49609,53994,32823
2020-03-23T15:00:00Z,137408,127070,67233,64882,10338,50825,50719,55542,34064
2020-03-23T16:00:00Z,131934,121489,64871,62481,10445,47898,47782,52208,32639
2020-03-23T17:00:00Z,130348,116916,63108,60227,13432,43844,43723,49519,30687
2020-03-23T18:00:00Z,118486,110083,59612,57602,8403,40630,40521,45365,28780
2020-03-23T19:00:00Z,114683,105111,56261,53808,9572,38616,38511,43771,27762
2020-03-23T20:00:00Z,113226,102455,54926,52722,10771,37343,37233,42011,26813
2020-03-23T21:00:00Z,104632,96233,51272,49488,8399,34802,34697,39208,25153
2020-03-23T22:00:00Z,95125,83178,46536,44137,11947,30860,30754,37195,23401
2020-03-23T23:00:00Z,83761,74482,41871,40122,9279,27052,26961,32714,20199
2020-03-24T00:00:00Z,77117,69978,40086,38228,7139,26034,25952,31237,19339
2020-03-24T01:00:00Z,78175,73470,40824,39496,4705,28119,28029,32136,19235
2020-03-24T02:00:00Z,81141,75992,41683,40510,5149,29480,29409,33484,19294
2020-03-24T03:00:00Z,79256,74130,41540,40436,5126,28229,28162,32630,18751
2020-03-24T04:00:00Z,72838,65388,38854,37487,7450,23317,23243,27693,16190
2020-03-24T05:00:00Z,79017,66912,38630,37240,12105,24192,24112,30466,16502
2020-03-24T06:00:00Z,85048,72920,40965,39143,12128,28367,28293,34067,18590
2020-03-24T07:00:00Z,92666,81201,42912,41261,11465,32548,32473,37924,20603
2020-03-24T08:00:00Z,103354,92235,48173,45788,11119,37613,37539,41857,23538
2020-03-24T09:00:00Z,108482,100313,50913,49144,8169,40796,40706,45363,26044
2020-03-24T10:00:00Z,111095,100650,53173,51449,10445,39807,39713,44764,26291
2020-03-24T11:00:00Z,107708,99275,53037,51512,8433,38088,38000,42251,25227
2020-03-24T12:00:00Z,110719,103825,54868,53169,6894,40440,40338,45421,26920
2020-03-24T13:00:00Z,126389,117529,60925,58939,8860,45755,45645,50575,30568
2020-03-24T14:00:00Z,137425,128928,66019,64101,8497,50267,50154,54944,33525
2020-03-24T15:00:00Z,156431,126713,65712,63988,29718,50145,50034,58267,33669
2020-03-24T16:00:00Z,159684,123041,63523,61328,36643,47608,47473,58127,32550
2020-03-24T17:00:00Z,170052,115402,61811,59831,54650,43518,43409,57621,30215
2020-03-24T18:00:00Z,141401,109773,60757,58714,31628,41104,40988,51027,28727
2020-03-24T19:00:00Z,116453,108333,60128,58385,8120,39252,39145,44265,27925
2020-03-24T20:00:00Z,111774,104827,58591,57070,6947,38112,38003,42361,26947
2020-03-24T21:00:00Z,108714,100672,56384,54914,8042,35094,34985,40160,25557
2020-03-24T22:00:00Z,95670,88602,51524,50169,7068,31377,31270,35819,22912
2020-03-24T23:00:00Z,85940,79904,46714,45368,6036,28010,27919,32441,20551
2020-03-25T00:00:00Z,82662,76985,44665,43161,5677,26797,26706,31380,19407
2020-03-25T01:00:00Z,79840,74701,41483,40251,5139,28685,28597,32589,19317
2020-03-25T02:00:00Z,78872,73778,39704,38692,5094,29887,29807,33686,19365
2020-03-25T03:00:00Z,79778,74217,39677,38546,5561,28647,28567,34333,18778
2020-03-25T04:00:00Z,74008,65624,36953,35798,8384,24024,23954,30269,16966
2020-03-25T05:00:00Z,73437,64114,34646,33326,9323,24296,24223,30646,16224
2020-03-25T06:00:00Z,85210,71995,38005,36202,13215,28422,28344,36968,18847
2020-03-25T07:00:00Z,90018,80857,42036,40482,9161,32539,32462,38797,21165
2020-03-25T08:00:00Z,102718,93941,47063,45248,8777,37469,37377,43300,23669
2020-03-25T09:00:00Z,105407,98825,50035,48568,6582,40384,40292,44428,25437
2020-03-25T10:00:00Z,111614,102444,54983,53301,9170,39866,39770,43678,26312
2020-03-25T11:00:00Z,104928,98131,50748,49542,6797,38058,37971,42509,25390
2020-03-25T12:00:00Z,109058,102529,54173,52625,6529,40344,40245,44601,26878
2020-03-25T13:00:00Z,127449,119349,64180,62467,8100,46488,46388,50819,30993
2020-03-25T14:00:00Z,139997,131997,69015,67265,8000,51396,51298,55927,34129
2020-03-25T15:00:00Z,137213,129486,68622,66825,7727,51361,51247,55497,34658
2020-03-25T16:00:00Z,131502,122620,65666,63462,8882,48317,48186,53038,32943
2020-03-25T17:00:00Z,126079,118300,63606,61751,7779,45112,44990,49665,30779
2020-03-25T18:00:00Z,126701,114161,62449,59625,12540,42014,41905,49149,29871
2020-03-25T19:00:00Z,116896,108882,59314,57232,8014,39699,39602,46367,28304
2020-03-25T20:00:00Z,120074,110233,60169,58202,9841,39053,38947,45298,27829
2020-03-25T21:00:00Z,108014,100543,55209,53734,7471,36293,36187,41613,26036
2020-03-25T22:00:00Z,94417,87783,49139,47638,6634,32066,31971,36412,23093
2020-03-25T23:00:00Z,83333,76175,44479,42358,7158,27894,27804,32359,20464
2020-03-26T00:00:00Z,80002,74467,42867,41370,5535,27154,27078,31992,20008
2020-03-26T01:00:00Z,82088,76398,42285,41105,5690,28868,28794,33041,19446
2020-03-26T02:00:00Z,83366,77814,42733,41633,5552,30416,30342,34508,19957
2020-03-26T03:00:00Z,81644,76026,42500,41383,5618,29546,29469,33440,19327
2020-03-26T04:00:00Z,73791,65843,37441,36357,7948,24654,24582,28986,16859
2020-03-26T05:00:00Z,73782,65281,36859,35486,8501,24975,24901,29288,16574
2020-03-26T06:00:00Z,80742,73253,39352,38075,7489,29161,29088,33701,18817
2020-03-26T07:00:00Z,90840,83280,43689,42305,7560,33466,33377,37732,20806
2020-03-26T08:00:00Z,101663,94813,50232,48939,6850,37804,37723,41807,23937
2020-03-26T09:00:00Z,112053,102882,53938,51764,9171,41351,41247,46192,27192
2020-03-26T10:00:00Z,112242,101996,54722,52775,10246,40542,40448,44939,26748
2020-03-26T11:00:00Z,108486,99008,52644,50970,9478,38965,38868,43338,25775
2020-03-26T12:00:00Z,115561,107016,57468,55580,8545,41270,41171,46335,27755
2020-03-26T13:00:00Z,127759,118742,63170,61433,9017,46877,46764,51133,30904
2020-03-26T14:00:00Z,135496,127091,67415,65389,8405,51204,51090,54884,33923
2020-03-26T15:00:00Z,139934,130848,69352,67389,9086,51732,51608,56289,34926
2020-03-26T16:00:00Z,138883,125571,67820,64750,13312,48670,48553,54491,33873
2020-03-26T17:00:00Z,128443,118676,64158,62033,9767,45121,44997,49332,31001
2020-03-26T18:00:00Z,119258,110396,60571,58374,8862,41851,41727,46991,29442
2020-03-26T19:00:00Z,114685,104656,58270,55820,10029,39669,39557,45148,28659
2020-03-26T20:00:00Z,115657,102448,58906,56123,13209,37988,37879,44096,27961
2020-03-26T21:00:00Z,107471,96853,55364,53356,10618,35884,35781,41106,26480
2020-03-26T22:00:00Z,91162,83890,48676,47018,7272,31367,31269,36043,23128
2020-03-26T23:00:00Z,81364,74866,42473,41145,6498,27783,27703,32089,20357
2020-03-27T00:00:00Z,75397,69701,40384,38927,5696,26203,26128,30912,19524
2020-03-27T01:00:00Z,76051,70028,39869,38526,6023,27332,27248,31106,18768
2020-03-27T02:00:00Z,76696,71782,39648,38451,4914,28407,28335,32148,18880
2020-03-27T03:00:00Z,76032,71106,39589,38677,4926,28141,28070,32075,18493
2020-03-27T04:00:00Z,68979,61251,35718,34619,7728,24032,23962,28297,16633
2020-03-27T05:00:00Z,71144,62473,35138,33965,8671,24744,24673,29373,16645
2020-03-27T06:00:00Z,80953,71961,39498,38340,8992,28604,28529,34332,19071
2020-03-27T07:00:00Z,89372,80032,42103,40865,9340,32119,32032,36974,20371
2020-03-27T08:00:00Z,101864,92892,49359,47764,8972,37079,36995,41736,24153
2020-03-27T09:00:00Z,105298,98480,52119,50668,6818,40304,40218,43702,25529
2020-03-27T10:00:00Z,108489,98908,53468,51625,9581,38919,38819,43238,26058
2020-03-27T11:00:00Z,104292,96580,49455,48141,7712,37010,36919,41386,24755
2020-03-27T12:00:00Z,104385,97526,51714,50149,6859,38886,38795,43171,25902
2020-03-27T13:00:00Z,121214,111838,58304,56751,9376,43867,43752,48670,28988
2020-03-27T14:00:00Z,130397,122668,65625,63827,7729,48317,48203,52250,31657
2020-03-27T15:00:00Z,134222,127021,67522,66068,7201,48676,48568,53440,32258
2020-03-27T16:00:00Z,127260,118589,63453,61600,8671,46595,46487,51299,31454
2020-03-27T17:00:00Z,124041,112190,62210,59918,11851,43032,42920,48807,30024
2020-03-27T18:00:00Z,111050,104205,57224,55546,6845,39527,39421,44007,27487
2020-03-27T19:00:00Z,101988,95204,53017,51200,6784,36423,36329,40885,25943
2020-03-27T20:00:00Z,100301,92770,50870,49435,7531,34529,34429,39310,24841
2020-03-27T21:00:00Z,95503,88945,48514,46805,6558,31583,31471,35884,22592
2020-03-27T22:00:00Z,86146,79866,45801,44395,6280,28063,27970,32568,20519
2020-03-27T23:00:00Z,74444,69297,41515,40223,5147,24376,24290,28667,18181
2020-03-28T00:00:00Z,69490,64294,39071,37606,5196,22020,21947,26898,17120
2020-03-28T01:00:00Z,64023,59592,35568,34538,4431,21470,21403,25618,15187
2020-03-28T02:00:00Z,60798,56363,32904,32012,4435,21783,21721,25374,14962
2020-03-28T03:00:00Z,68704,65092,35359,34488,3612,21708,21646,26296,15157
2020-03-28T04:00:00Z,56974,54073,32358,31638,2901,19623,19570,22769,13741
2020-03-28T05:00:00Z,55373,52068,30338,29576,3305,19462,19410,23012,13530
2020-03-28T06:00:00Z,57875,54515,31458,30570,3360,20876,20814,24641,14126
2020-03-28T07:00:00Z,61480,58234,32510,31696,3246,22388,22330,26097,14828
2020-03-28T08:00:00Z,65545,62554,35281,34511,2991,24190,24136,28075,16152
2020-03-28T09:00:00Z,69427,65959,37312,36499,3468,26275,26221,30358,17540
2020-03-28T10:00:00Z,71351,67615,37962,37067,3736,26463,26402,30586,18184
2020-03-28T11:00:00Z,73561,68750,39067,38153,4811,27242,27176,31874,18866
2020-03-28T12:00:00Z,78804,73774,42160,40942,5030,29295,29232,34333,20648
2020-03-28T13:00:00Z,87600,83571,47347,46382,4029,32819,32757,36917,22314
2020-03-28T14:00:00Z,95351,90289,51938,50934,5062,35689,35626,40183,24448
2020-03-28T15:00:00Z,96072,91441,52021,51039,4631,36186,36119,40731,25061
2020-03-28T16:00:00Z,94327,89617,51585,50535,4710,35316,35245,39610,24648
2020-03-28T17:00:00Z,95076,89883,52859,51725,5193,34568,34491,39339,24752
2020-03-28T18:00:00Z,90731,85481,50675,49404,5250,32992,32916,37416,23862
2020-03-28T19:00:00Z,87914,81925,48514,47125,5989,31135,31063,36042,23037
2020-03-28T20:00:00Z,89144,81108,49555,48103,8036,29837,29765,35496,22807
2020-03-28T21:00:00Z,82247,76636,46945,45838,5611,28018,27949,32019,20880
2020-03-28T22:00:00Z,73205,68894,41433,40585,4311,25379,25319,29469,19004
2020-03-28T23:00:00Z,66524,63392,38273,37445,3132,22991,22927,27155,17408
2020-03-29T00:00:00Z,63079,59557,36896,35803,3522,21451,21407,26335,16623
2020-03-29T01:00:00Z,62971,58207,35262,34355,4764,21382,21324,25433,15489
2020-03-29T02:00:00Z,62688,58716,36303,35499,3972,21647,21580,25262,15243
2020-03-29T03:00:00Z,62789,59151,35318,34562,3638,22141,22081,26072,15751
2020-03-29T04:00:00Z,65289,58434,37783,36464,6855,20505,20442,25947,15146
2020-03-29T05:00:00Z,63018,57227,35432,34436,5791,20299,20255,25308,14457
2020-03-29T06:00:00Z,64057,60239,35640,34573,3818,22035,21987,26105,15366
2020-03-29T07:00:00Z,67232,64078,36681,35962,3154,23682,23635,27471,16156
2020-03-29T08:00:00Z,69610,65350,37443,36621,4260,25401,25337,29688,17269
2020-03-29T09:00:00Z,76642,72758,40508,39705,3884,27819,27763,32052,18996
2020-03-29T10:00:00Z,78212,74268,41472,40686,3944,28615,28556,32736,19782
2020-03-29T11:00:00Z,82545,78545,45466,44645,4000,30174,30109,34300,20821
2020-03-29T12:00:00Z,89717,84678,49841,48543,5039,33105,33040,37958,23198
2020-03-29T13:00:00Z,102643,95326,55216,53709,7317,37213,37149,43460,26078
2020-03-29T14:00:00Z,108057,100958,59233,58061,7099,40203,40125,45487,28217
2020-03-29T15:00:00Z,109756,104359,60498,59416,5397,40864,40792,46159,28954
2020-03-29T16:00:00Z,103321,98500,58207,57146,4821,38451,38382,43068,27447
2020-03-29T17:00:00Z,99612,94281,56652,55622,5331,36175,36109,40409,25743
2020-03-29T18:00:00Z,95456,90870,53976,52852,4586,34714,34645,39551,25363
2020-03-29T19:00:00Z,92455,86101,52157,50590,6354,33625,33561,38775,25298
2020-03-29T20:00:00Z,93370,83469,51185,49225,9901,32261,32191,38181,24714
2020-03-29T21:00:00Z,85328,79986,47693,46483,5342,30097,30025,34718,22572
2020-03-29T22:00:00Z,74328,69929,42503,41453,4399,26335,26278,30548,19601
2020-03-29T23:00:00Z,66500,63047,38294,37445,3453,23282,23228,27891,17786
2020-03-30T00:00:00Z,67365,61728,37035,35750,5637,23736,23675,28398,17707
2020-03-30T01:00:00Z,73661,67733,39208,37884,5928,26820,26755,31060,18444
2020-03-30T02:00:00Z,80651,72255,39866,38602,8396,29367,29299,33653,19393
2020-03-30T03:00:00Z,77801,71593,39460,38511,6208,29207,29148,33542,19071
2020-03-30T04:00:00Z,76981,66375,39022,37907,10606,25002,24941,29908,17310
2020-03-30T05:00:00Z,80633,67776,38440,36859,12857,26824,26758,31959,17823
2020-03-30T06:00:00Z,98927,81811,45190,43219,17116,32527,32446,39814,21227
2020-03-30T07:00:00Z,110391,96751,51996,50037,13640,38117,38020,43270,24367
2020-03-30T08:00:00Z,120709,106490,56547,54374,14219,42133,42027,46831,26260
2020-03-30T09:00:00Z,127487,111930,60924,58555,15557,43884,43791,48716,28160
2020-03-30T10:00:00Z,123129,107154,60147,58030,15975,40669,40560,45772,26713
2020-03-30T11:00:00Z,117304,106999,59416,57579,10305,39837,39746,44528,26229
2020-03-30T12:00:00Z,125654,116549,64331,62293,9105,44241,44140,48723,29069
2020-03-30T13:00:00Z,145406,133046,72010,69561,12360,50194,50071,55640,33472
2020-03-30T14:00:00Z,148870,137408,74351,71966,11462,53931,53810,59528,36169
2020-03-30T15:00:00Z,146851,135520,71447,69391,11331,53574,53473,59101,35833
2020-03-30T16:00:00Z,135747,125163,66804,64530,10584,48985,48877,54460,33559
2020-03-30T17:00:00Z,129807,119325,64387,61892,10482,44684,44573,50212,30992
2020-03-30T18:00:00Z,127842,115999,62193,59462,11843,42635,42530,49290,30146
2020-03-30T19:00:00Z,123948,110840,61196,58707,13108,40842,40736,47507,29369
2020-03-30T20:00:00Z,139819,106337,59148,57131,33482,39688,39578,49836,28359
2020-03-30T21:00:00Z,114888,98413,55156,53268,16475,35898,35800,43103,25972
2020-03-30T22:00:00Z,109157,88912,52072,49693,20245,30900,30799,40100,23237
2020-03-30T23:00:00Z,98820,78380,47656,45179,20440,26993,26910,36566,20647
2020-03-31T00:00:00Z,97257,73828,45142,42047,23429,26906,26831,37043,20398
2020-03-31T01:00:00Z,100026,77702,45113,43163,22324,29039,28959,38693,20097
2020-03-31T02:00:00Z,99582,79706,44806,43523,19876,30950,30877,39247,20065
2020-03-31T03:00:00Z,98977,79900,46720,45466,19077,29927,29852,38827,19687
2020-03-31T04:00:00Z,95083,74192,44888,43715,20891,24978,24901,34397,17404
2020-03-31T05:00:00Z,95233,74123,43847,42643,21110,27099,27027,35479,17769
2020-03-31T06:00:00Z,106665,87300,49023,47571,19365,33261,33184,41233,21130
2020-03-31T07:00:00Z,116649,97594,52199,50705,19055,38454,38367,45765,24172
2020-03-31T08:00:00Z,121960,106036,55578,54124,15924,42048,41964,49081,26538
2020-03-31T09:00:00Z,129326,112652,60053,58688,16674,44618,44517,51372,28249
2020-03-31T10:00:00Z,136555,107217,58160,56533,29338,41079,40995,49945,26885
2020-03-31T11:00:00Z,131790,103659,56424,54915,28131,39448,39359,49256,26155
2020-03-31T12:00:00Z,129365,113569,59916,58087,15796,44233,44134,51989,29212
2020-03-31T13:00:00Z,145001,129209,70209,68247,15792,49635,49517,56782,32787
2020-03-31T14:00:00Z,152612,138689,74895,72389,13923,53989,53878,61239,36587
2020-03-31T15:00:00Z,148790,135282,71795,69851,13508,52863,52747,60508,36281
2020-03-31T16:00:00Z,139362,125463,66972,64670,13899,48177,48065,56067,33495
2020-03-31T17:00:00Z,135595,118499,64371,62254,17096,44860,44749,54164,30998
2020-03-31T18:00:00Z,137978,117924,63249,61308,20054,43224,43109,54937,30409
2020-03-31T19:00:00Z,130461,110020,60991,58981,20441,41239,41138,52179,29564
2020-03-31T20:00:00Z,126811,107572,59112,57179,19239,39804,39702,49826,28569
2020-03-31T21:00:00Z,132645,109251,55204,53262,23394,36027,35929,57771,26615
2020-03-31T22:00:00Z,163498,145379,43201,41760,18119,28924,28828,108359,21016
2020-03-31T23:00:00Z,142528,117966,40297,38799,24562,25205,25127,87427,18651
2020-04-01T00:00:00Z,84736,74295,44144,42213,10441,26896,26807,33298,20047
2020-04-01T01:00:00Z,84797,78056,44966,43288,6741,29168,29095,33384,19998
2020-04-01T02:00:00Z,88594,80943,44949,43575,7651,30863,30794,34794,20154
2020-04-01T03:00:00Z,85839,79244,44580,43215,6595,30223,30157,34441,19808
2020-04-01T04:00:00Z,77009,70518,41228,40088,6491,25429,25358,29793,17623
2020-04-01T05:00:00Z,83149,72686,40932,39642,10463,26903,26839,31352,17728
2020-04-01T06:00:00Z,93171,84526,45314,43590,8645,33125,33050,37647,20967
2020-04-01T07:00:00Z,104224,95570,49462,47908,8654,38243,38146,42721,23849
2020-04-01T08:00:00Z,121741,106240,54892,52950,15501,42197,42107,46690,26523
2020-04-01T09:00:00Z,122881,112570,57973,56310,10311,43877,43776,48354,28226
2020-04-01T10:00:00Z,118593,106510,56257,54510,12083,40739,40650,45731,27229
2020-04-01T11:00:00Z,113907,105275,56056,54453,8632,39417,39318,44160,26275
2020-04-01T12:00:00Z,124577,115955,62638,60718,8622,43935,43839,48556,29162
2020-04-01T13:00:00Z,138608,128053,69864,67694,10555,48959,48844,53486,32619
2020-04-01T14:00:00Z,142382,134097,71865,69812,8285,52672,52569,57241,35289
2020-04-01T15:00:00Z,144697,136012,71062,69131,8685,52233,52108,56513,34984
2020-04-01T16:00:00Z,135525,127110,67093,64964,8415,48132,48022,52835,32884
2020-04-01T17:00:00Z,127574,117021,63953,62153,10553,44098,43982,49258,30368
2020-04-01T18:00:00Z,123232,113831,62283,60335,9401,42013,41886,47610,29426
2020-04-01T19:00:00Z,117155,109110,60922,58746,8045,40436,40333,45086,28755
2020-04-01T20:00:00Z,112043,103735,58113,56400,8308,38726,38625,43155,27392
2020-04-01T21:00:00Z,105283,96733,54569,52943,8550,35227,35128,39673,25488
2020-04-01T22:00:00Z,90162,84171,47370,46087,5991,30124,30020,34277,21655
2020-04-01T23:00:00Z,80130,74211,42846,41653,5919,26614,26525,31509,19791
2020-04-02T00:00:00Z,77190,72027,42708,41289,5163,25987,25904,31030,19424
2020-04-02T01:00:00Z,80491,75605,43757,42676,4886,28190,28120,32414,19106
2020-04-02T02:00:00Z,89535,81336,47152,45870,8199,30143,30062,35195,19990
2020-04-02T03:00:00Z,85515,79950,47111,46096,5565,29366,29295,33930,19590
2020-04-02T04:00:00Z,76197,69299,42622,41532,6898,24809,24743,29225,17191
2020-04-02T05:00:00Z,80855,71965,41027,40059,8890,26716,26636,31616,17495
2020-04-02T06:00:00Z,93690,84336,46373,44888,9354,32777,32704,37781,20847
2020-04-02T07:00:00Z,105035,97132,51776,50412,7903,37959,37886,42285,23527
2020-04-02T08:00:00Z,114316,105086,55371,53966,9230,42021,41936,46289,25842
2020-04-02T09:00:00Z,115311,108711,57057,55749,6600,43943,43848,47567,27953
2020-04-02T10:00:00Z,113323,102377,55900,53628,10946,40600,40499,45952,27200
2020-04-02T11:00:00Z,109615,101563,54722,53200,8052,39629,39537,43966,26398
2020-04-02T12:00:00Z,119885,110503,58323,56032,9382,43611,43518,48619,29398
2020-04-02T13:00:00Z,138662,128460,68032,66097,10202,49653,49541,54222,32682
2020-04-02T14:00:00Z,142038,133719,72078,70136,8319,52576,52467,57151,35495
2020-04-02T15:00:00Z,141839,132982,71683,70063,8857,52012,51906,56553,34840
2020-04-02T16:00:00Z,131531,123734,67425,65597,7797,48121,48003,52215,32511
2020-04-02T17:00:00Z,131285,117811,66318,63568,13474,44400,44282,50813,31049
2020-04-02T18:00:00Z,122464,113042,62749,60515,9422,42009,41902,47414,29774
2020-04-02T19:00:00Z,117321,108437,61662,59252,8884,40535,40411,45356,28844
2020-04-02T20:00:00Z,23009,21407,12025,11612,1602,11424,11370,12519,7683
2020-04-02T21:00:00Z,105621,97391,51721,50272,8230,37854,37743,42728,25534
2020-04-02T22:00:00Z,91266,83508,46853,45437,7758,31061,30956,35966,22492
2020-04-02T23:00:00Z,82042,73699,42679,41152,8343,26575,26489,32000,19894
2020-04-03T00:00:00Z,77904,70680,41198,39419,7224,26147,26060,31583,19673
2020-04-03T01:00:00Z,87341,81601,48428,47085,5740,28503,28420,32980,19555
2020-04-03T02:00:00Z,88977,81704,49582,48106,7273,29734,29653,33886,19559
2020-04-03T03:00:00Z,85194,79678,48429,47309,5516,28774,28711,33132,19346
2020-04-03T04:00:00Z,80199,71123,44307,42938,9076,24850,24781,29432,17285
2020-04-03T05:00:00Z,79120,69370,39991,38817,9750,26419,26350,31356,17639
2020-04-03T06:00:00Z,96189,84701,45536,44014,11488,32575,32498,37512,21069
2020-04-03T07:00:00Z,107126,96781,52304,50698,10345,37518,37437,42235,23792
2020-04-03T08:00:00Z,120218,107290,57514,55092,12928,41564,41462,47476,27392
2020-04-03T09:00:00Z,116344,108270,58119,56448,8074,43053,42946,47388,27957
2020-04-03T10:00:00Z,113957,102990,54904,52990,10967,39618,39521,44935,26725
2020-04-03T11:00:00Z,108575,100161,54193,52618,8414,37589,37497,42439,25602
2020-04-03T12:00:00Z,113656,106439,57051,55297,7217,41118,41028,45697,27637
2020-04-03T13:00:00Z,130054,121215,64329,62503,8839,46116,46020,50692,30717
2020-04-03T14:00:00Z,133932,126060,66974,65244,7872,49591,49489,53937,33487
2020-04-03T15:00:00Z,133313,122864,65685,63417,10449,48564,48463,53677,33233
2020-04-03T16:00:00Z,127527,116467,63358,61057,11060,45122,45022,51321,31467
2020-04-03T17:00:00Z,123835,110421,61132,58718,13414,41358,41252,48340,29301
2020-04-03T18:00:00Z,28876,26799,14981,14351,2077,13632,13578,15242,9364
2020-04-03T19:00:00Z,80091,73933,41293,39838,6158,33151,33058,37072,22421
2020-04-03T20:00:00Z,106311,97408,52730,51195,8903,35136,35039,40094,25265
2020-04-03T21:00:00Z,100504,87669,50928,47971,12835,32047,31947,37439,23924
2020-04-03T22:00:00Z,85830,76603,45017,43182,9227,27383,27291,32763,20551
2020-04-03T23:00:00Z,74013,66831,40302,38856,7182,23329,23259,28024,17718
2020-04-04T00:00:00Z,67845,61389,37285,35572,6456,21235,21155,26031,16516
2020-04-04T01:00:00Z,64345,58274,35284,34049,6071,20327,20254,24543,15085
2020-04-04T02:00:00Z,64585,58935,35046,34065,5650,20825,20773,25373,14675
2020-04-04T03:00:00Z,64816,58431,34567,33483,6385,20734,20678,25307,14892
2020-04-04T04:00:00Z,59106,54715,32609,31688,4391,19795,19737,24071,14313
2020-04-04T05:00:00Z,56662,52727,31512,30620,3935,19533,19482,23510,13790
2020-04-04T06:00:00Z,60794,56638,32633,31481,4156,21230,21172,25715,14871
2020-04-04T07:00:00Z,64813,60272,33753,32749,4541,23346,23281,27937,16150
2020-04-04T08:00:00Z,70394,66139,37278,36206,4255,25481,25410,30217,17596
2020-04-04T09:00:00Z,74231,69103,38744,37770,5128,27404,27345,31973,18786
2020-04-04T10:00:00Z,75201,70945,40888,39983,4256,27686,27629,32032,19154
2020-04-04T11:00:00Z,93007,71560,40177,39238,21447,28116,28056,40780,19372
2020-04-04T12:00:00Z,121550,77906,43824,42608,43644,31005,30945,54721,21461
2020-04-04T13:00:00Z,135167,88502,50506,49523,46665,34500,34426,59623,23664
2020-04-04T14:00:00Z,144729,94405,53682,52606,50324,37810,37736,64285,26308
2020-04-04T15:00:00Z,131142,95708,53772,52565,35434,38448,38377,57221,26689
2020-04-04T16:00:00Z,101234,92035,52837,51560,9199,36333,36258,42795,26091
2020-04-04T17:00:00Z,121243,88904,52295,51101,32339,34205,34135,51447,24540
2020-04-04T18:00:00Z,123182,84197,48615,47461,38985,32445,32374,53472,23683
2020-04-04T19:00:00Z,118899,81856,48208,46958,37043,30924,30858,51182,22991
2020-04-04T20:00:00Z,116703,77617,46236,45125,39086,29316,29243,50361,21717
2020-04-04T21:00:00Z,110865,71723,42579,41607,39142,26794,26732,47849,19934
2020-04-04T22:00:00Z,106274,65857,39848,38674,40417,24080,24006,45563,18529
2020-04-04T23:00:00Z,90168,59323,36425,35522,30845,21454,21389,38720,16234
2020-04-05T00:00:00Z,87074,55582,34373,32966,31492,20204,20140,38055,16109
2020-04-05T01:00:00Z,84572,54648,33583,32268,29924,20265,20204,36435,15144
2020-04-05T02:00:00Z,79764,57886,35371,34277,21878,21252,21201,33867,15607
2020-04-05T03:00:00Z,90579,66539,41413,40417,24040,21553,21493,35468,16039
2020-04-05T04:00:00Z,86507,60199,37709,36890,26308,20258,20205,35056,15018
2020-04-05T05:00:00Z,84692,58131,36530,35868,26561,20298,20244,35585,14912
2020-04-05T06:00:00Z,85026,60836,35767,34767,24190,22422,22361,36990,16114
2020-04-05T07:00:00Z,98390,65653,37964,37198,32737,24713,24661,43273,17176
2020-04-05T08:00:00Z,103731,71557,41500,40465,32174,27178,27120,45348,19107
2020-04-05T09:00:00Z,116318,75381,43576,42132,40937,29180,29116,51276,20998
2020-04-05T10:00:00Z,116678,76898,44409,43189,39780,28984,28918,51017,20929
2020-04-05T11:00:00Z,120644,79253,46525,45417,41391,29440,29378,52455,21393
2020-04-05T12:00:00Z,112296,86327,49538,48360,25969,32284,32214,48278,23033
2020-04-05T13:00:00Z,129720,94873,55066,53949,34847,36129,36060,55881,25476
2020-04-05T14:00:00Z,143286,100761,58405,57007,42525,38895,38825,62502,27854
2020-04-05T15:00:00Z,137537,98352,56729,55351,39185,38690,38612,60201,27835
2020-04-05T16:00:00Z,132824,97512,56596,55182,35312,37165,37091,56847,27134
2020-04-05T17:00:00Z,124637,95247,56738,55456,29390,35816,35738,51815,26074
2020-04-05T18:00:00Z,107173,91246,53983,52667,15927,34396,34324,44826,25194
2020-04-05T19:00:00Z,113758,88908,53402,51969,24850,33199,33131,47570,24650
2020-04-05T20:00:00Z,116899,87051,51889,50564,29848,32018,31942,47586,23965
2020-04-05T21:00:00Z,123368,80401,49752,47570,42967,29015,28933,50706,23031
2020-04-05T22:00:00Z,109971,71024,42730,41447,38947,25703,25640,46162,20074
2020-04-05T23:00:00Z,95474,63698,38346,37257,31776,22973,22913,40164,17782
2020-04-06T00:00:00Z,86296,62535,38196,36625,23761,22998,22935,35937,18325
2020-04-06T01:00:00Z,71690,63788,38577,37186,7902,23991,23932,28742,17676
2020-04-06T02:00:00Z,76561,66633,39925,38535,9928,25231,25165,30306,17910
2020-04-06T03:00:00Z,76615,67777,40438,39316,8838,25519,25452,30706,18007
2020-04-06T04:00:00Z,77328,64567,38158,36881,12761,24486,24416,30444,17594
2020-04-06T05:00:00Z,86190,69224,40110,38477,16966,25431,25370,32161,17754
2020-04-06T06:00:00Z,101458,81716,45372,43566,19742,30838,30762,38750,21264
2020-04-06T07:00:00Z,117259,96040,50034,48275,21219,36506,36418,46387,24721
2020-04-06T08:00:00Z,124546,103383,54385,52497,21163,39841,39759,48309,26637
2020-04-06T09:00:00Z,132062,109484,59164,57188,22578,41791,41692,50477,27845
2020-04-06T10:00:00Z,129204,107967,59571,57562,21237,39696,39604,48199,26816
2020-04-06T11:00:00Z,124645,105378,57365,55320,19267,39789,39703,48412,26653
2020-04-06T12:00:00Z,140007,117643,64538,61338,22364,44908,44806,56139,31749
2020-04-06T13:00:00Z,148698,128860,68083,66059,19838,50619,50506,59252,33942
2020-04-06T14:00:00Z,155223,138486,73431,71150,16737,54307,54184,62780,36887
2020-04-06T15:00:00Z,153569,137184,73514,70724,16385,53897,53781,61302,36430
2020-04-06T16:00:00Z,139430,125584,66979,64224,13846,49250,49126,55454,34095
2020-04-06T17:00:00Z,137769,118282,64950,62478,19487,45080,44969,54060,31634
2020-04-06T18:00:00Z,132703,113677,61374,59244,19026,43007,42890,52808,30159
2020-04-06T19:00:00Z,125475,108071,60043,57685,17404,40922,40820,49730,29348
2020-04-06T20:00:00Z,39717,35446,19360,18679,4271,17742,17679,20101,12101
2020-04-06T21:00:00Z,111719,100726,57001,55331,10993,35686,35586,41576,25735
2020-04-06T22:00:00Z,93177,85138,49323,47185,8039,30852,30747,36080,22636
2020-04-06T23:00:00Z,85441,76014,44342,42446,9427,27273,27190,32743,20398
2020-04-07T00:00:00Z,81551,73861,43612,41448,7690,27006,26917,32414,20417
2020-04-07T01:00:00Z,83714,77853,43708,42494,5861,29870,29777,33893,20208
2020-04-07T02:00:00Z,87861,80749,44771,43586,7112,31730,31648,36539,20666
2020-04-07T03:00:00Z,83944,77192,43412,42273,6752,30487,30409,35124,20254
2020-04-07T04:00:00Z,75736,67542,39342,38040,8194,25834,25755,30548,17950
2020-04-07T05:00:00Z,83007,72449,40084,38800,10558,27747,27658,33032,18537
2020-04-07T06:00:00Z,97095,86240,45400,43650,10855,34432,34343,40505,22261
2020-04-07T07:00:00Z,112606,100853,52021,50441,11753,39933,39846,46055,25496
2020-04-07T08:00:00Z,118182,108861,56274,54528,9321,43598,43506,48494,27529
2020-04-07T09:00:00Z,118499,111047,57919,56253,7452,45072,44967,49500,28971
2020-04-07T10:00:00Z,115335,104855,56654,54545,10480,41188,41089,46546,27556
2020-04-07T11:00:00Z,111892,103226,55942,53981,8666,39960,39861,44549,26836
2020-04-07T12:00:00Z,119665,112342,59098,57185,7323,43989,43885,49030,29398
2020-04-07T13:00:00Z,133319,124705,65770,63984,8614,49740,49630,54647,33088
2020-04-07T14:00:00Z,145370,137059,73261,71167,8311,53818,53702,58792,36396
2020-04-07T15:00:00Z,143106,134600,70510,68302,8506,53020,52899,57961,35935
2020-04-07T16:00:00Z,134927,126180,67026,64934,8747,48627,48507,54122,33488
2020-04-07T17:00:00Z,117618,110284,59657,57891,7334,43086,42969,47843,29415
2020-04-07T18:00:00Z,120744,112961,61622,59446,7783,42552,42444,47720,29821
2020-04-07T19:00:00Z,120449,110050,60651,58070,10399,41308,41197,47300,29662
2020-04-07T20:00:00Z,115147,105747,58934,56709,9400,39525,39418,45449,28584
2020-04-07T21:00:00Z,107622,98467,54173,52114,9155,35807,35706,42223,26322
2020-04-07T22:00:00Z,91327,84045,47619,45945,7282,31029,30933,36242,22592
2020-04-07T23:00:00Z,81209,74509,42390,41006,6700,27151,27055,32330,20111
2020-04-08T00:00:00Z,79961,73516,42200,40464,6445,27108,27021,32770,19960
2020-04-08T01:00:00Z,88044,82022,47116,45947,6022,30109,30014,34940,19978
2020-04-08T02:00:00Z,92158,85472,48793,47750,6686,32156,32084,36723,20821
2020-04-08T03:00:00Z,86215,79778,45362,44188,6437,30677,30595,35100,20104
2020-04-08T04:00:00Z,77454,69940,41742,40002,7514,25907,25827,30945,18227
2020-04-08T05:00:00Z,78784,71282,40647,39392,7502,27804,27724,32210,18341
2020-04-08T06:00:00Z,92762,84607,45491,43914,8155,34425,34340,39374,22111
2020-04-08T07:00:00Z,103053,94668,49158,47523,8385,39385,39293,43730,24401
2020-04-08T08:00:00Z,113952,106205,54955,53418,7747,43298,43200,47854,27387
2020-04-08T09:00:00Z,117760,111556,57144,55642,6204,45128,45030,49373,28437
2020-04-08T10:00:00Z,114281,107066,58913,57339,7215,41207,41113,46146,27367
2020-04-08T11:00:00Z,112795,105362,57897,56371,7433,39817,39714,44654,26788
2020-04-08T12:00:00Z,122572,115210,63709,61827,7362,44218,44115,48877,29790
2020-04-08T13:00:00Z,136716,125560,67807,65382,11156,49072,48957,54959,33013
2020-04-08T14:00:00Z,138250,129504,69275,67054,8746,52707,52592,57530,35431
2020-04-08T15:00:00Z,143009,131801,71004,68281,11208,52570,52454,57787,36060
2020-04-08T16:00:00Z,131153,121900,66548,64204,9253,47738,47619,53353,33396
2020-04-08T17:00:00Z,126864,118622,65786,63922,8242,43809,43687,49122,30525
2020-04-08T18:00:00Z,118492,110799,61096,59025,7693,41889,41768,47010,29551
2020-04-08T19:00:00Z,117939,106014,59631,56927,11925,40333,40227,46666,29202
2020-04-08T20:00:00Z,116901,104837,59114,56886,12064,39169,39056,45701,28260
2020-04-08T21:00:00Z,107236,97115,54946,52847,10121,36034,35925,42187,26399
2020-04-08T22:00:00Z,93412,84871,47675,45873,8541,31212,31102,36739,22891
2020-04-08T23:00:00Z,82938,74356,42624,41045,8582,27185,27099,33105,20034
2020-04-09T00:00:00Z,79970,72219,41782,39854,7751,26821,26738,32654,19925
2020-04-09T01:00:00Z,84358,79579,44821,43632,4779,29714,29633,33449,19659
2020-04-09T02:00:00Z,84251,78958,43395,42262,5293,31372,31288,35528,20461
2020-04-09T03:00:00Z,80919,75483,42337,41113,5436,30153,30076,34356,19675
2020-04-09T04:00:00Z,73490,65687,38063,36802,7803,25624,25547,29712,17618
2020-04-09T05:00:00Z,79511,69894,38558,37348,9617,27937,27852,32674,18600
2020-04-09T06:00:00Z,90399,81824,43442,41822,8575,33616,33533,38327,21268
2020-04-09T07:00:00Z,104078,95070,49530,48020,9008,38740,38644,43087,24200
2020-04-09T08:00:00Z,114718,104678,53832,52057,10040,42114,42013,47270,27071
2020-04-09T09:00:00Z,115994,109313,57410,55842,6681,44232,44121,48413,28270
2020-04-09T10:00:00Z,112478,102781,56055,54303,9697,40446,40338,45793,27044
2020-04-09T11:00:00Z,108175,100442,53610,52034,7733,39230,39136,43526,25834
2020-04-09T12:00:00Z,117974,110860,58694,56889,7114,42979,42875,47987,28923
2020-04-09T13:00:00Z,134589,126620,67358,65634,7969,48319,48201,52984,32148
2020-04-09T14:00:00Z,141500,130359,69430,66764,11141,51733,51597,58018,35408
2020-04-09T15:00:00Z,142128,131768,70418,68171,10360,51602,51484,57043,35426
2020-04-09T16:00:00Z,133278,121703,66230,63630,11575,47515,47387,53602,33049
2020-04-09T17:00:00Z,121859,111255,61252,58955,10604,42571,42452,48342,29904
2020-04-09T18:00:00Z,122740,112828,60673,58349,9912,41361,41247,47168,29458
2020-04-09T19:00:00Z,115286,106302,59100,57270,8984,39699,39581,45095,28254
2020-04-09T20:00:00Z,110411,100745,57167,55094,9666,37758,37646,43440,27392
2020-04-09T21:00:00Z,107827,93425,54598,51486,14402,34516,34407,41455,26415
2020-04-09T22:00:00Z,89207,81260,46568,44461,7947,30079,29977,35033,22560
2020-04-09T23:00:00Z,80431,72772,42332,40530,7659,26302,26202,31021,19804
2020-04-10T00:00:00Z,77661,70870,42111,40132,6791,25802,25712,31156,19579
2020-04-10T01:00:00Z,85241,78105,45373,43999,7136,28589,28505,33501,19263
2020-04-10T02:00:00Z,93218,85785,51543,50397,7433,29997,29926,35546,20022
2020-04-10T03:00:00Z,88444,81862,49765,48642,6582,28827,28746,34118,19239
2020-04-10T04:00:00Z,77792,70544,44598,43339,7248,24059,23984,28489,16944
2020-04-10T05:00:00Z,79465,71729,41609,40417,7736,26270,26188,30738,17482
2020-04-10T06:00:00Z,88154,80268,45027,43641,7886,31296,31211,36100,20485
2020-04-10T07:00:00Z,95752,87691,47345,46012,8061,35421,35336,40030,22555
2020-04-10T08:00:00Z,104548,96172,51158,49739,8376,38548,38462,43190,24830
2020-04-10T09:00:00Z,105463,99344,53704,52439,6119,40400,40309,44347,26685
2020-04-10T10:00:00Z,101659,94097,53155,51699,7562,37103,37022,41726,25389
2020-04-10T11:00:00Z,100131,92968,53116,51524,7163,35209,35124,40237,24431
2020-04-10T12:00:00Z,107494,100808,57779,56011,6686,37843,37763,42581,26220
2020-04-10T13:00:00Z,120197,112658,62904,61431,7539,42384,42283,47193,28754
2020-04-10T14:00:00Z,128616,120764,66913,65029,7852,45896,45792,51360,31917
2020-04-10T15:00:00Z,131663,121776,67314,65501,9887,47243,47133,52744,32322
2020-04-10T16:00:00Z,123815,115200,65428,63472,8615,44167,44048,49803,31263
2020-04-10T17:00:00Z,120722,112872,64996,63170,7850,41189,41093,46377,29313
2020-04-10T18:00:00Z,118938,108132,62130,60102,10806,39190,39083,46011,28570
2020-04-10T19:00:00Z,110895,102355,59057,57457,8540,36796,36699,42124,26555
2020-04-10T20:00:00Z,108692,98584,58924,56857,10108,35395,35290,41193,26359
2020-04-10T21:00:00Z,102188,93276,56092,54500,8912,32047,31955,37300,23898
2020-04-10T22:00:00Z,86063,79786,47949,46518,6277,28005,27919,32516,21090
2020-04-10T23:00:00Z,72925,67712,41500,40322,5213,23871,23790,27986,18100
2020-04-11T00:00:00Z,68942,63980,39428,37869,4962,22420,22344,27145,17479
2020-04-11T01:00:00Z,65398,60981,37696,36361,4417,21788,21715,25752,16066
2020-04-11T02:00:00Z,67704,63489,38429,37394,4215,23123,23052,27001,16131
2020-04-11T03:00:00Z,71758,67483,42825,41664,4275,23056,22989,27252,16406
2020-04-11T04:00:00Z,64631,61015,38163,37104,3616,20988,20936,24872,15158
2020-04-11T05:00:00Z,61973,59000,34774,33930,2973,21255,21192,24711,14722
2020-04-11T06:00:00Z,66166,62845,36157,35125,3321,23467,23407,27512,16278
2020-04-11T07:00:00Z,70519,66687,38280,37205,3832,25495,25435,29288,17090
2020-04-11T08:00:00Z,80346,76830,44006,42965,3516,27925,27859,32263,19054
2020-04-11T09:00:00Z,85772,81393,48324,47134,4379,29358,29298,33576,20232
2020-04-11T10:00:00Z,84917,80509,48111,47024,4408,29182,29123,33723,20337
2020-04-11T11:00:00Z,83696,79783,47683,46648,3913,29342,29285,33437,20363
2020-04-11T12:00:00Z,89341,84625,50574,49305,4716,31355,31284,35936,22000
2020-04-11T13:00:00Z,98986,94580,56466,55434,4406,35157,35084,39541,24323
2020-04-11T14:00:00Z,103762,98974,56745,55638,4788,38191,38119,42811,26474
2020-04-11T15:00:00Z,104882,98620,57346,55975,6262,38352,38278,43507,27459
2020-04-11T16:00:00Z,101585,95303,55782,54386,6282,36662,36591,42085,26727
2020-04-11T17:00:00Z,96997,91309,54075,52894,5688,34695,34628,39046,24679
2020-04-11T18:00:00Z,93271,88670,52353,51099,4601,33124,33048,37904,24488
2020-04-11T19:00:00Z,87609,83614,50346,49329,3995,31283,31213,35733,23144
2020-04-11T20:00:00Z,83714,80129,47407,46438,3585,29781,29714,34465,22079
2020-04-11T21:00:00Z,77301,73503,44083,43128,3798,27455,27384,31459,20448
2020-04-11T22:00:00Z,69484,65765,40408,39399,3719,24393,24320,28379,18444
2020-04-11T23:00:00Z,64050,60960,37152,36365,3090,21705,21639,25782,16651
2020-04-12T00:00:00Z,62043,58238,36165,34823,3805,20708,20650,25453,16327
2020-04-12T01:00:00Z,64384,60531,38415,37557,3853,20715,20658,24487,15272
2020-04-12T02:00:00Z,69243,64014,41373,40001,5229,22082,22022,26345,15978
2020-04-12T03:00:00Z,66927,63963,40669,39842,2964,22145,22090,26140,16182
2020-04-12T04:00:00Z,63590,59598,37198,36278,3992,21006,20954,24571,15461
2020-04-12T05:00:00Z,62641,59420,36923,36124,3221,21208,21148,25069,15348
2020-04-12T06:00:00Z,67134,63942,38101,37131,3192,22845,22790,27400,16316
2020-04-12T07:00:00Z,71264,68150,39715,38967,3114,25376,25314,29497,17286
2020-04-12T08:00:00Z,75806,72218,42237,41332,3588,27433,27374,31583,19056
2020-04-12T09:00:00Z,79371,75962,44565,43700,3409,29304,29242,33348,20285
2020-04-12T10:00:00Z,83315,79626,48060,47124,3689,29151,29089,33481,20774
2020-04-12T11:00:00Z,85245,81519,49671,48709,3726,29750,29693,33731,20946
2020-04-12T12:00:00Z,92149,87830,52813,51539,4319,32282,32223,37028,22884
2020-04-12T13:00:00Z,97031,92622,54926,53869,4409,36067,35992,40550,25112
2020-04-12T14:00:00Z,104860,99123,57686,56385,5737,39104,39030,44575,27565
2020-04-12T15:00:00Z,105458,99912,58589,57332,5546,39368,39298,44811,28194
2020-04-12T16:00:00Z,100672,95641,57273,55991,5031,36602,36529,41940,26811
2020-04-12T17:00:00Z,96706,91057,55478,54285,5649,34366,34294,39477,25409
2020-04-12T18:00:00Z,92976,88281,53040,51814,4695,33274,33204,38053,24802
2020-04-12T19:00:00Z,88735,83931,51140,49988,4804,31865,31803,36527,23735
2020-04-12T20:00:00Z,86068,81942,49686,48702,4126,30229,30163,34540,22594
2020-04-12T21:00:00Z,82558,76143,46278,45104,6415,28484,28413,33604,21468
2020-04-12T22:00:00Z,73578,68567,42227,40958,5011,25703,25630,30044,19644
2020-04-12T23:00:00Z,65984,62304,38075,37153,3680,23319,23255,27651,17906
2020-04-13T00:00:00Z,73801,67998,43774,42150,5803,24073,24009,28863,18492
2020-04-13T01:00:00Z,84822,76186,46470,45053,8636,27663,27596,33162,19379
2020-04-13T02:00:00Z,84927,77809,46522,45211,7118,29854,29786,33635,19522
2020-04-13T03:00:00Z,85647,79242,48487,47222,6405,29492,29431,33647,19859
2020-04-13T04:00:00Z,77390,69123,42733,41427,8267,25384,25315,30042,18042
2020-04-13T05:00:00Z,83898,71610,42998,41276,12288,26619,26551,31628,18197
2020-04-13T06:00:00Z,90277,81592,46498,45142,8685,31292,31212,36170,20277
2020-04-13T07:00:00Z,98515,90121,50102,48787,8394,34491,34412,39535,22220
2020-04-13T08:00:00Z,106969,94457,52664,50950,12512,37782,37702,42557,24522
2020-04-13T09:00:00Z,113825,103013,58041,56104,10812,40271,40179,45516,27014
2020-04-13T10:00:00Z,109793,99167,57249,55409,10626,38512,38432,43703,26565
2020-04-13T11:00:00Z,109520,100610,58244,56404,8910,37791,37700,43174,26065
2020-04-13T12:00:00Z,115069,108003,61164,59455,7066,41329,41242,47076,28874
2020-04-13T13:00:00Z,133989,123636,69987,68003,10353,46796,46684,52437,32237
2020-04-13T14:00:00Z,140371,131343,72913,71087,9028,51083,50979,56766,35428
2020-04-13T15:00:00Z,140615,131628,74097,72376,8987,51688,51570,56975,35862
2020-04-13T16:00:00Z,134959,126039,70441,68288,8920,48148,48033,53570,34062
2020-04-13T17:00:00Z,133911,122478,67955,65360,11433,45649,45536,51661,32136
2020-04-13T18:00:00Z,124599,115797,66197,63972,8802,43412,43294,48583,31031
2020-04-13T19:00:00Z,119521,111409,63090,61216,8112,41694,41575,46523,29817
2020-04-13T20:00:00Z,117388,108119,62274,60429,9269,40235,40129,45235,29337
2020-04-13T21:00:00Z,109801,101356,58737,56800,8445,37054,36947,41829,27361
2020-04-13T22:00:00Z,95159,88221,50482,49086,6938,32099,31996,36885,23568
2020-04-13T23:00:00Z,85345,79009,45361,43944,6336,28433,28344,33041,20820
2020-04-14T00:00:00Z,84848,78833,46565,44697,6015,28361,28267,33346,21418
2020-04-14T01:00:00Z,90235,84501,46919,45633,5734,31458,31366,35254,21258
2020-04-14T02:00:00Z,91113,85186,48025,46597,5927,32946,32859,36957,21725
2020-04-14T03:00:00Z,88130,82764,47652,46428,5366,31699,31618,36259,21291
2020-04-14T04:00:00Z,79427,72581,43173,41799,6846,26293,26219,30971,18820
2020-04-14T05:00:00Z,85308,77726,44760,43507,7582,28815,28742,33334,19435
2020-04-14T06:00:00Z,100108,92825,51431,49840,7283,35217,35135,40540,23449
2020-04-14T07:00:00Z,110505,101606,53813,51973,8899,40427,40333,45101,25669
2020-04-14T08:00:00Z,120441,111511,57766,56112,8930,44757,44648,48911,28315
2020-04-14T09:00:00Z,124116,116511,62353,60461,7605,45883,45777,49805,29461
2020-04-14T10:00:00Z,122019,113411,63585,61811,8608,42233,42137,46958,28360
2020-04-14T11:00:00Z,118295,110508,61402,59794,7787,41166,41073,46086,27868
2020-04-14T12:00:00Z,125561,117835,64502,62524,7726,46097,45992,50755,30832
2020-04-14T13:00:00Z,138267,130019,71523,69558,8248,50881,50765,55565,34065
2020-04-14T14:00:00Z,150118,141763,76966,74890,8355,55049,54936,60575,37506
2020-04-14T15:00:00Z,146054,138796,75983,74260,7258,54692,54573,59307,37131
2020-04-14T16:00:00Z,137093,129490,71277,69410,7603,50288,50173,55088,34890
2020-04-14T17:00:00Z,133700,124877,68253,66208,8823,46447,46324,51287,32156
2020-04-14T18:00:00Z,125385,117296,66305,63783,8089,43935,43831,48874,31146
2020-04-14T19:00:00Z,121236,114280,64343,62662,6956,42435,42336,47184,30108
2020-04-14T20:00:00Z,120959,113199,65127,63240,7760,40866,40754,45580,29373
2020-04-14T21:00:00Z,111620,103829,58918,57287,7791,37421,37321,42643,26961
2020-04-14T22:00:00Z,95315,89502,52006,50574,5813,32279,32184,36986,23754
2020-04-14T23:00:00Z,88728,81656,48550,47225,7072,28580,28496,33883,20804
2020-04-15T00:00:00Z,87558,81191,49711,47648,6367,28171,28080,33224,21009
2020-04-15T01:00:00Z,88345,83709,47782,46525,4636,31095,31013,34665,20743
2020-04-15T02:00:00Z,90812,85579,48824,47529,5233,32633,32558,36296,21284
2020-04-15T03:00:00Z,87671,82040,47788,46592,5631,31287,31205,35415,20616
2020-04-15T04:00:00Z,78081,71482,42561,41100,6599,26070,25998,30900,18382
2020-04-15T05:00:00Z,83066,76123,43545,42329,6943,28412,28338,33338,18873
2020-04-15T06:00:00Z,96176,88388,48629,47069,7788,34947,34856,39792,22472
2020-04-15T07:00:00Z,110146,102319,55267,53832,7827,39884,39790,44373,25207
2020-04-15T08:00:00Z,121875,113805,61923,60363,8070,43366,43268,48128,27832
2020-04-15T09:00:00Z,131815,125068,64950,63239,6747,45608,45507,50728,29547
2020-04-15T10:00:00Z,118804,111534,62993,61414,7270,41471,41386,46417,28340
2020-04-15T11:00:00Z,116012,108493,59519,57936,7519,40893,40794,45384,27242
2020-04-15T12:00:00Z,127539,119915,65624,63774,7624,45298,45195,49835,30338
2020-04-15T13:00:00Z,141929,134191,73830,72294,7738,50588,50469,54857,33744
2020-04-15T14:00:00Z,152248,144700,78885,77093,7548,55114,55001,59497,36674
2020-04-15T15:00:00Z,147360,140180,76207,74460,7180,54287,54165,59246,36932
2020-04-15T16:00:00Z,134153,127124,68358,66612,7029,49618,49494,53917,33997
2020-04-15T17:00:00Z,127278,119437,65803,64150,7841,45597,45478,50390,31605
2020-04-15T18:00:00Z,124622,117771,64961,62997,6851,43595,43480,48391,30511
2020-04-15T19:00:00Z,122397,115012,65819,64165,7385,41543,41420,46463,29698
2020-04-15T20:00:00Z,116781,109012,61346,59614,7769,40470,40354,45742,28845
2020-04-15T21:00:00Z,105164,98357,54683,53172,6807,36710,36601,41367,26283
2020-04-15T22:00:00Z,90927,84936,48214,46628,5991,31756,31658,36356,23296
2020-04-15T23:00:00Z,81089,75073,43026,41534,6016,28003,27906,32617,20514
2020-04-16T00:00:00Z,78034,72641,42144,40276,5393,27581,27498,32521,20571
2020-04-16T01:00:00Z,85487,81245,45850,44819,4242,31074,30993,34412,20337
2020-04-16T02:00:00Z,89403,83818,47129,45989,5585,32527,32445,36456,21085
2020-04-16T03:00:00Z,86357,80322,45033,43912,6035,30909,30824,35822,20595
2020-04-16T04:00:00Z,77178,70209,40518,39305,6969,26174,26096,31251,18287
2020-04-16T05:00:00Z,79817,72641,40760,39290,7176,28568,28494,33312,18729
2020-04-16T06:00:00Z,95980,87415,46150,44698,8565,35220,35134,40664,22302
2020-04-16T07:00:00Z,107939,98599,51113,49756,9340,40276,40184,45501,25101
2020-04-16T08:00:00Z,120657,108724,56634,55051,11933,44381,44279,50010,28132
2020-04-16T09:00:00Z,123220,111178,58576,57112,12042,45346,45246,51578,29115
2020-04-16T10:00:00Z,118086,105963,57239,55628,12123,42334,42249,48633,28178
2020-04-16T11:00:00Z,123688,105645,56779,55295,18043,41211,41118,50509,27413
2020-04-16T12:00:00Z,135435,117239,63250,61312,18196,45457,45350,54646,30634
2020-04-16T13:00:00Z,145784,126768,67519,65866,19016,50438,50321,59433,33291
2020-04-16T14:00:00Z,163673,134454,71116,69319,29219,54028,53907,68303,36062
2020-04-16T15:00:00Z,178150,131269,71056,68779,46881,52907,52791,76352,35994
2020-04-16T16:00:00Z,148736,124156,67535,65268,24580,48963,48840,61271,34053
2020-04-16T17:00:00Z,141319,120172,66015,64125,21147,45795,45686,56871,31847
2020-04-16T18:00:00Z,157677,114065,62277,60430,43612,43243,43151,65635,30602
2020-04-16T19:00:00Z,169080,108234,60114,58431,60846,41242,41132,72130,29278
2020-04-16T20:00:00Z,165729,108046,61111,59402,57683,39903,39795,68943,28652
2020-04-16T21:00:00Z,161720,100484,57717,55340,61236,36659,36564,66795,27062
2020-04-16T22:00:00Z,133164,86495,49575,47802,46669,31568,31463,55152,23237
2020-04-16T23:00:00Z,115970,77095,44642,43103,38875,27947,27858,48206,20555
2020-04-17T00:00:00Z,84788,74376,43232,41274,10412,27698,27612,35116,20810
2020-04-17T01:00:00Z,88050,82411,44291,42977,5639,31058,30988,34897,20587
2020-04-17T02:00:00Z,87411,82053,44744,43571,5358,32508,32431,36419,21308
2020-04-17T03:00:00Z,84227,78986,44033,42996,5241,31332,31251,35080,20520
2020-04-17T04:00:00Z,75781,69167,40583,39315,6614,26221,26150,30410,18519
2020-04-17T05:00:00Z,80076,72096,39905,38753,7980,28577,28496,32997,18952
2020-04-17T06:00:00Z,98841,87760,46989,44590,11081,34600,34512,40113,22575
2020-04-17T07:00:00Z,109115,100038,52537,50722,9077,39844,39747,43634,25242
2020-04-17T08:00:00Z,116859,107343,55766,54051,9516,43781,43690,47915,27998
2020-04-17T09:00:00Z,118253,111038,57823,56217,7215,45107,45011,49012,29214
2020-04-17T10:00:00Z,113447,105231,57628,56013,8216,40940,40849,45107,27602
2020-04-17T11:00:00Z,103964,96427,52936,51233,7537,38611,38517,43349,26396
2020-04-17T12:00:00Z,116042,108161,57948,56010,7881,42575,42484,47203,28944
2020-04-17T13:00:00Z,133156,123100,65161,63160,10056,47990,47890,53626,32477
2020-04-17T14:00:00Z,140806,129365,69351,66923,11441,50512,50406,56557,34457
2020-04-17T15:00:00Z,137073,126442,67774,65225,10631,50783,50670,55306,34463
2020-04-17T16:00:00Z,126219,118302,64503,62353,7917,46870,46766,51099,32226
2020-04-17T17:00:00Z,120251,113518,62873,61174,6733,43577,43466,48167,30119
2020-04-17T18:00:00Z,115838,109294,62016,60291,6544,41061,40956,45521,29045
2020-04-17T19:00:00Z,108504,101824,57743,56173,6680,38605,38511,43399,27473
2020-04-17T20:00:00Z,105133,98628,56187,54811,6505,36699,36599,41530,26303
2020-04-17T21:00:00Z,104352,91896,53741,51627,12456,33424,33333,40256,24851
2020-04-17T22:00:00Z,86104,79443,46697,45032,6661,28668,28585,33232,21294
2020-04-17T23:00:00Z,76889,70147,42156,40527,6742,24736,24667,29571,18514
2020-04-18T00:00:00Z,70918,64906,40343,38305,6012,22935,22856,28011,17891
2020-04-18T01:00:00Z,65865,61610,36945,35770,4255,22489,22420,26350,16176
2020-04-18T02:00:00Z,68538,64935,38445,37458,3603,23299,23244,27443,16333
2020-04-18T03:00:00Z,68723,64889,38387,37385,3834,23333,23264,27873,16344
2020-04-18T04:00:00Z,61242,57915,35480,34424,3327,21433,21378,25343,15618
2020-04-18T05:00:00Z,60605,57385,34405,33453,3220,21405,21348,25109,15134
2020-04-18T06:00:00Z,64739,61344,35702,34608,3395,23501,23447,27797,16507
2020-04-18T07:00:00Z,71047,67696,38812,37836,3351,25686,25629,29743,17426
2020-04-18T08:00:00Z,80664,72848,41880,40248,7816,28262,28200,34369,20078
2020-04-18T09:00:00Z,82666,77294,43727,42252,5372,29782,29720,34410,20737
2020-04-18T10:00:00Z,82046,77522,43569,42382,4524,29962,29891,34474,20728
2020-04-18T11:00:00Z,80725,76999,44002,43063,3726,30147,30089,34262,20912
2020-04-18T12:00:00Z,88577,84080,48736,47458,4497,32997,32935,37802,23347
2020-04-18T13:00:00Z,98335,93756,53879,52901,4579,36385,36321,40628,25173
2020-04-18T14:00:00Z,104846,100073,57655,56552,4773,39234,39166,43911,27294
2020-04-18T15:00:00Z,105954,101235,59075,57957,4719,39916,39851,44529,28017
2020-04-18T16:00:00Z,104756,99323,58371,56887,5433,38427,38356,43427,27609
2020-04-18T17:00:00Z,101892,96998,57555,56333,4894,36159,36081,40840,25813
2020-04-18T18:00:00Z,97889,92715,55052,53666,5174,34760,34693,39429,25251
2020-04-18T19:00:00Z,93250,88546,53053,52005,4704,32982,32912,37683,24230
2020-04-18T20:00:00Z,87808,83447,50221,49130,4361,31149,31086,35448,23116
2020-04-18T21:00:00Z,80099,76424,46217,45224,3675,28644,28583,32617,21256
2020-04-18T22:00:00Z,72067,68104,41026,40102,3963,25492,25421,29868,19428
2020-04-18T23:00:00Z,63387,60141,36386,35512,3246,22622,22551,26170,16885
2020-04-19T00:00:00Z,65362,61109,37977,36468,4253,21714,21658,26311,16791
2020-04-19T01:00:00Z,63185,59000,35324,34279,4185,21747,21687,25752,15994
2020-04-19T02:00:00Z,62988,59289,35392,34393,3699,22848,22792,26722,16241
2020-04-19T03:00:00Z,63129,59964,35805,34948,3165,23229,23175,26975,16557
2020-04-19T04:00:00Z,61770,58716,33994,33075,3054,22207,22155,26255,16050
2020-04-19T05:00:00Z,60961,57803,33066,32242,3158,21841,21786,25638,15512
2020-04-19T06:00:00Z,64816,61554,35642,34580,3262,23706,23653,28048,16919
2020-04-19T07:00:00Z,70061,66921,38419,37563,3140,26173,26124,30125,18271
2020-04-19T08:00:00Z,80595,75870,42053,40713,4725,28769,28702,33665,20229
2020-04-19T09:00:00Z,85849,77962,45986,44381,7887,30619,30546,35809,21832
2020-04-19T10:00:00Z,83320,78118,45771,44478,5202,31000,30935,35601,21932
2020-04-19T11:00:00Z,85158,79811,46359,45127,5347,31871,31803,36889,22543
2020-04-19T12:00:00Z,92623,87877,50944,49500,4746,34600,34525,39359,24368
2020-04-19T13:00:00Z,106789,101949,61473,60185,4840,38418,38347,43298,26994
2020-04-19T14:00:00Z,110943,105880,61082,59788,5063,42088,42014,47468,29336
2020-04-19T15:00:00Z,111605,106370,61332,60032,5235,41696,41615,47494,29724
2020-04-19T16:00:00Z,105526,99939,59204,57802,5587,39410,39335,45005,28515
2020-04-19T17:00:00Z,105839,99439,59009,57729,6400,37149,37072,42979,27429
2020-04-19T18:00:00Z,98919,94541,55980,54774,4378,35839,35775,40435,26463
2020-04-19T19:00:00Z,96257,92201,55342,54356,4056,35021,34966,39811,26189
2020-04-19T20:00:00Z,93683,89149,53640,52601,4534,33779,33705,38093,25204
2020-04-19T21:00:00Z,87964,82540,50699,49458,5424,31042,30971,35957,23601
2020-04-19T22:00:00Z,83185,73682,46655,44496,9503,27579,27513,33042,21590
2020-04-19T23:00:00Z,74420,68448,42795,41210,5972,24880,24816,29888,19179
2020-04-20T00:00:00Z,74087,67593,42278,40367,6494,25664,25596,30983,19684
2020-04-20T01:00:00Z,80402,74613,43513,42104,5789,29493,29421,33267,20083
2020-04-20T02:00:00Z,84357,77562,44140,42752,6795,31601,31529,35469,20802
2020-04-20T03:00:00Z,82885,76333,43570,42385,6552,30973,30899,35076,20556
2020-04-20T04:00:00Z,80040,70329,41509,40181,9711,26548,26479,31586,18557
2020-04-20T05:00:00Z,89117,76007,43959,42097,13110,28700,28621,34033,19407
2020-04-20T06:00:00Z,100608,86884,47255,45402,13724,35429,35349,40658,22784
2020-04-20T07:00:00Z,112065,99501,51757,49737,12564,40689,40596,45695,25967
2020-04-20T08:00:00Z,120591,107786,55460,53432,12805,44202,44107,48821,27955
2020-04-20T09:00:00Z,125658,112444,59651,57388,13214,46112,46016,50468,29709
2020-04-20T10:00:00Z,119243,105611,57549,55289,13632,42445,42341,47531,28487
2020-04-20T11:00:00Z,115675,103043,55557,53552,12632,41461,41367,46403,27531
2020-04-20T12:00:00Z,124576,115060,62474,60382,9516,45841,45744,50244,30792
2020-04-20T13:00:00Z,145550,135073,68993,66991,10477,51570,51457,56050,34210
2020-04-20T14:00:00Z,146683,137865,74377,72241,8818,55411,55305,59962,37188
2020-04-20T15:00:00Z,147136,138029,75157,73107,9107,55199,55082,60226,38117
2020-04-20T16:00:00Z,142860,131032,72612,70085,11828,51105,50991,57123,35753
2020-04-20T17:00:00Z,136513,122778,68586,65629,13735,46783,46666,52773,33064
2020-04-20T18:00:00Z,127903,117619,65952,63267,10284,44599,44498,50283,32237
2020-04-20T19:00:00Z,125603,113404,63986,61243,12199,42740,42616,48649,31165
2020-04-20T20:00:00Z,120672,107630,61371,58780,13042,41055,40949,47154,29734
2020-04-20T21:00:00Z,111300,100380,58002,55692,10920,37252,37141,42611,27307
2020-04-20T22:00:00Z,94557,85961,49873,47784,8596,32236,32123,37349,23962
2020-04-20T23:00:00Z,86262,79241,44285,42628,7021,28427,28327,34017,20922
2020-04-21T00:00:00Z,82534,76229,43945,41835,6305,28198,28122,33696,20912
2020-04-21T01:00:00Z,85524,79658,44700,43228,5866,30880,30794,36332,22026
2020-04-21T02:00:00Z,87524,81764,45552,44224,5760,32599,32518,36397,21242
2020-04-21T03:00:00Z,85438,80182,45339,43998,5256,31304,31231,35391,20730
2020-04-21T04:00:00Z,79979,71699,41329,39734,8280,27037,26963,32108,19117
2020-04-21T05:00:00Z,87782,77560,44569,43023,10222,29058,28977,35279,20640
2020-04-21T06:00:00Z,99512,89647,49586,47673,9865,35469,35378,42277,24804
2020-04-21T07:00:00Z,120718,110999,54922,53192,9719,40873,40782,49980,27536
2020-04-21T08:00:00Z,119697,109252,57036,55108,10445,44642,44533,49757,28760
2020-04-21T09:00:00Z,124597,116520,62984,61139,8077,46018,45919,52672,32129
2020-04-21T10:00:00Z,117710,108386,60258,58340,9324,42337,42231,48595,29717
2020-04-21T11:00:00Z,116588,108030,60472,58404,8558,41579,41472,49357,31383
2020-04-21T12:00:00Z,124428,115635,62307,59903,8793,45871,45762,51053,30729
2020-04-21T13:00:00Z,141564,132140,71636,69556,9424,51341,51233,56315,34122
2020-04-21T14:00:00Z,146865,135793,72900,70429,11072,55184,55059,61407,37350
2020-04-21T15:00:00Z,72354,67869,35203,34197,4485,33418,33330,36383,20823
2020-04-21T16:00:00Z,91879,85352,45622,44206,6527,39746,39656,43958,26105
2020-04-21T17:00:00Z,145043,128759,71953,68475,16284,47271,47149,55805,34501
2020-04-21T18:00:00Z,134063,122364,66450,63730,11699,44870,44750,52329,32190
2020-04-21T19:00:00Z,132940,116600,67703,64044,16340,43458,43339,52232,32389
2020-04-21T20:00:00Z,129529,113549,66113,62593,15980,41638,41530,49944,31061
2020-04-21T21:00:00Z,116375,104511,60744,57986,11864,37559,37455,44704,28457
2020-04-21T22:00:00Z,97808,89765,52054,50057,8043,32504,32412,38147,24573
2020-04-21T23:00:00Z,86869,79854,46696,45117,7015,28173,28094,33315,21031
2020-04-22T00:00:00Z,78416,72143,42765,40860,6273,26918,26835,32537,20196
2020-04-22T01:00:00Z,84871,78642,44977,43665,6229,30892,30817,35554,20701
2020-04-22T02:00:00Z,95696,84270,47350,45227,11426,33478,33397,39878,22422
2020-04-22T03:00:00Z,91675,81155,45710,43921,10520,32021,31939,38349,21663
2020-04-22T04:00:00Z,82373,70428,41079,39323,11945,27259,27183,33422,19340
2020-04-22T05:00:00Z,87326,74949,41676,39901,12377,29441,29354,34716,19496
2020-04-22T06:00:00Z,99962,88894,47523,45512,11068,36247,36155,41304,23384
2020-04-22T07:00:00Z,115098,103731,53926,52084,11367,41822,41724,46738,26383
2020-04-22T08:00:00Z,126578,114108,59341,57147,12470,45697,45581,51090,29334
2020-04-22T09:00:00Z,127011,117874,62259,60288,9137,46833,46734,51116,30288
2020-04-22T10:00:00Z,119944,110185,59276,57318,9759,43092,42978,47775,28793
2020-04-22T11:00:00Z,119568,110681,59613,57893,8887,41583,41476,46299,28026
2020-04-22T12:00:00Z,128503,120419,66319,64375,8084,45838,45735,50252,30637
2020-04-22T13:00:00Z,138613,129772,71746,69891,8841,50519,50397,54828,33389
2020-04-22T14:00:00Z,149652,140351,74682,72491,9301,55068,54961,59662,36872
2020-04-22T15:00:00Z,147880,139271,73539,71706,8609,54626,54522,59249,36908
2020-04-22T16:00:00Z,139165,130305,70193,67898,8860,49780,49663,54909,34514
2020-04-22T17:00:00Z,132541,125328,66380,64570,7213,46289,46187,50840,31970
2020-04-22T18:00:00Z,128329,119941,64455,62319,8388,44218,44109,49422,31195
2020-04-22T19:00:00Z,125612,114982,62951,60639,10630,42450,42344,48978,30981
2020-04-22T20:00:00Z,122743,113628,61913,59840,9115,40691,40577,46049,29847
2020-04-22T21:00:00Z,109025,100591,56295,54487,8434,37452,37349,42586,27122
2020-04-22T22:00:00Z,92727,86349,48825,47252,6378,32116,32021,37046,23611
2020-04-22T23:00:00Z,83355,76668,43978,42400,6687,28447,28359,33282,21016
2020-04-23T00:00:00Z,87560,81639,49933,47864,5921,28248,28166,33396,21320
2020-04-23T01:00:00Z,86058,81137,46107,44756,4921,30816,30741,35115,20815
2020-04-23T02:00:00Z,94697,88722,48824,47422,5975,32755,32678,37985,21698
2020-04-23T03:00:00Z,88380,82952,44573,43307,5428,31732,31651,36001,21166
2020-04-23T04:00:00Z,80367,73072,42120,40808,7295,27144,27064,31712,19123
2020-04-23T05:00:00Z,86801,79302,46369,45087,7499,29066,28989,33764,19366
2020-04-23T06:00:00Z,97219,89696,47535,46031,7523,36020,35939,41357,23720
2020-04-23T07:00:00Z,111968,104429,53525,52109,7539,41043,40946,45951,26698
2020-04-23T08:00:00Z,120755,112240,57589,55903,8515,44555,44451,49113,28660
2020-04-23T09:00:00Z,123555,116787,60709,59146,6768,46236,46133,50328,29790
2020-04-23T10:00:00Z,117333,107559,57830,56134,9774,42063,41970,47522,28346
2020-04-23T11:00:00Z,110906,103642,54898,53369,7264,40847,40749,45371,27363
2020-04-23T12:00:00Z,122699,115073,60301,58348,7626,44892,44791,49997,30290
2020-04-23T13:00:00Z,57157,54334,27632,26851,2823,28524,28457,30352,17934
2020-04-23T14:00:00Z,141382,134965,70805,69349,6417,54287,54180,58274,35581
2020-04-23T15:00:00Z,142858,136571,74305,72721,6287,53682,53572,58014,36400
2020-04-23T16:00:00Z,142054,128778,71533,69602,13276,48943,48833,55249,33932
2020-04-23T17:00:00Z,147531,119710,65798,63849,27821,45762,45629,54100,31805
2020-04-23T18:00:00Z,163275,114810,63541,61458,48465,43091,42991,55982,30807
2020-04-23T19:00:00Z,159440,110274,60583,58822,49166,41534,41427,54489,29960
2020-04-23T20:00:00Z,153005,104968,58505,56298,48037,40201,40090,52983,28869
2020-04-23T21:00:00Z,120332,98352,55500,53541,21980,36380,36279,44674,27031
2020-04-23T22:00:00Z,95029,86210,49941,48217,8819,31704,31604,38213,23715
2020-04-23T23:00:00Z,81255,75198,43606,42160,6057,27692,27606,32544,20691
2020-04-24T00:00:00Z,77459,71517,42411,40365,5942,27184,27096,32278,20481
2020-04-24T01:00:00Z,81251,76759,42977,41812,4492,30385,30300,34050,20288
2020-04-24T02:00:00Z,85798,79298,45139,43422,6500,32015,31942,35982,21037
2020-04-24T03:00:00Z,83705,77983,44486,43170,5722,30737,30670,35098,20475
2020-04-24T04:00:00Z,78186,71651,41524,40195,6535,26430,26362,31724,18819
2020-04-24T05:00:00Z,81146,73723,42036,40777,7423,28498,28419,33376,19478
2020-04-24T06:00:00Z,93807,86169,46538,45065,7638,34984,34893,40129,22779
2020-04-24T07:00:00Z,105362,97458,50443,48902,7904,40002,39894,44370,25090
2020-04-24T08:00:00Z,117336,107865,55540,53657,9471,43634,43524,48082,27855
2020-04-24T09:00:00Z,119107,110275,58487,56484,8832,45130,45027,49340,29168
2020-04-24T10:00:00Z,111897,102403,55641,53685,9494,41340,41249,45976,27685
2020-04-24T11:00:00Z,108465,99584,54528,52726,8881,38849,38753,43627,26421
2020-04-24T12:00:00Z,120371,110172,63239,60584,10199,42083,41984,47535,28856
2020-04-24T13:00:00Z,130058,121446,66713,64720,8612,47056,46954,51713,31770
2020-04-24T14:00:00Z,133305,124458,67227,64990,8847,50263,50142,54881,34091
2020-04-24T15:00:00Z,135499,126792,67598,65715,8707,50354,50237,55255,34568
2020-04-24T16:00:00Z,125749,117251,63766,61452,8498,46187,46070,51659,32321
2020-04-24T17:00:00Z,119982,112475,61693,59606,7507,42895,42786,47703,29813
2020-04-24T18:00:00Z,117468,109577,59278,57051,7891,39983,39885,46508,28858
2020-04-24T19:00:00Z,107352,100448,56363,54600,6904,38112,38014,43119,27384
2020-04-24T20:00:00Z,106936,98978,56096,54086,7958,36179,36089,42169,26988
2020-04-24T21:00:00Z,99501,92459,52856,51079,7042,33379,33291,38895,24872
2020-04-24T22:00:00Z,89182,79288,47269,45101,9894,28659,28576,35953,22338
2020-04-24T23:00:00Z,77576,68542,42137,39948,9034,24378,24298,31166,19424
2020-04-25T00:00:00Z,69283,63096,39876,37831,6187,22503,22425,28810,18835
2020-04-25T01:00:00Z,68508,63763,39655,38362,4745,21852,21788,26293,16179
2020-04-25T02:00:00Z,71819,66209,42396,40960,5610,22516,22456,27163,16453
2020-04-25T03:00:00Z,71192,66150,42476,41098,5042,22492,22432,27056,16617
2020-04-25T04:00:00Z,66379,60062,38568,36993,6317,21008,20949,26192,16041
2020-04-25T05:00:00Z,61557,57515,34747,33781,4042,21012,20952,25260,15159
2020-04-25T06:00:00Z,66377,62324,36067,34782,4053,23274,23207,27832,16555
2020-04-25T07:00:00Z,68527,64889,37340,36401,3638,25255,25189,29618,17422
2020-04-25T08:00:00Z,77673,73015,42950,41798,4658,27386,27324,31959,19168
2020-04-25T09:00:00Z,84863,78832,47666,46008,6031,29408,29348,33997,20385
2020-04-25T10:00:00Z,84609,78377,46476,45239,6232,29332,29267,34598,20950
2020-04-25T11:00:00Z,87257,81546,49595,48423,5711,29720,29655,34246,21070
2020-04-25T12:00:00Z,91141,85551,51754,50388,5590,32199,32127,37245,22896
2020-04-25T13:00:00Z,96979,91530,53998,52849,5449,35535,35461,40287,24902
2020-04-25T14:00:00Z,102871,97091,57200,56077,5780,38592,38532,43199,26908
2020-04-25T15:00:00Z,105576,98021,57025,55613,7555,38880,38804,44526,27876
2020-04-25T16:00:00Z,100070,92828,55410,53714,7242,36671,36598,41902,26769
2020-04-25T17:00:00Z,93662,88696,53105,51744,4966,34562,34496,39164,24987
2020-04-25T18:00:00Z,90593,85391,50818,49378,5202,32728,32652,37311,23856
2020-04-25T19:00:00Z,88031,83048,50102,48683,4983,31403,31334,36427,23558
2020-04-25T20:00:00Z,82883,78394,46673,45453,4489,30034,29962,34537,22274
2020-04-25T21:00:00Z,79606,75426,45503,44460,4180,27990,27924,32222,21001
2020-04-25T22:00:00Z,71240,67549,41107,40038,3691,25048,24976,28958,18864
2020-04-25T23:00:00Z,67062,63332,37290,36309,3730,22322,22266,26410,16970
2020-04-26T00:00:00Z,66288,60530,37629,36040,5758,21982,21919,26656,16994
2020-04-26T01:00:00Z,71228,65922,39913,38929,5306,24624,24559,28540,16766
2020-04-26T02:00:00Z,75371,69922,41593,40601,5449,26889,26831,30505,17875
2020-04-26T03:00:00Z,73218,68697,41294,40309,4521,26606,26540,30325,17931
2020-04-26T04:00:00Z,65391,61385,38278,37081,4006,22538,22480,26496,16242
2020-04-26T05:00:00Z,71399,65718,39206,38024,5681,24049,23987,28671,16605
2020-04-26T06:00:00Z,85081,72452,42328,40230,12629,27718,27652,35376,19101
2020-04-26T07:00:00Z,83524,76673,43467,42064,6851,29931,29864,35095,19783
2020-04-26T08:00:00Z,86602,81725,46226,44780,4877,31947,31877,36375,21381
2020-04-26T09:00:00Z,94720,89158,50531,49138,5562,34506,34437,39449,23513
2020-04-26T10:00:00Z,91169,85801,50066,48679,5368,32891,32827,37669,23111
2020-04-26T11:00:00Z,89469,83633,49345,47889,5836,32195,32124,36761,22761
2020-04-26T12:00:00Z,100369,95164,53517,51761,5205,34184,34119,39491,24204
2020-04-26T13:00:00Z,104246,98936,59376,57874,5310,37624,37562,42528,26441
2020-04-26T14:00:00Z,109673,103699,62112,60462,5974,40603,40528,45787,28973
2020-04-26T15:00:00Z,109972,104195,62216,60695,5777,41194,41119,46738,29749
2020-04-26T16:00:00Z,111650,101430,61467,59368,10220,38906,38833,45836,28658
2020-04-26T17:00:00Z,109025,97822,60785,58626,11203,36621,36539,43201,27368
2020-04-26T18:00:00Z,105514,95171,58167,56016,10343,35384,35301,42506,26883
2020-04-26T19:00:00Z,99540,94199,55968,54389,5341,34038,33965,39302,25982
2020-04-26T20:00:00Z,93865,89257,54976,53725,4608,33045,32970,37628,24633
2020-04-26T21:00:00Z,90544,85249,52999,51471,5295,30726,30659,35745,23566
2020-04-26T22:00:00Z,80001,75134,46840,45457,4867,27351,27281,31933,20641
2020-04-26T23:00:00Z,74171,69505,43924,42587,4666,24994,24928,29412,19029
2020-04-27T00:00:00Z,75401,68147,43208,41226,7254,25586,25513,30940,19567
2020-04-27T01:00:00Z,80275,73874,43072,41656,6401,28836,28767,33398,19588
2020-04-27T02:00:00Z,88975,79928,46593,44939,9047,31730,31653,36431,20970
2020-04-27T03:00:00Z,86026,78230,45371,43835,7796,30936,30870,35393,20726
2020-04-27T04:00:00Z,81183,70033,42019,40480,11150,26487,26416,31597,18623
2020-04-27T05:00:00Z,85982,72688,41407,39783,13294,28816,28741,34095,19328
2020-04-27T06:00:00Z,103140,87954,48532,46389,15186,35721,35633,41192,23450
2020-04-27T07:00:00Z,114460,101565,53642,51790,12895,41069,40982,46118,26315
2020-04-27T08:00:00Z,125906,112674,60231,57968,13232,44452,44361,49627,28972
2020-04-27T09:00:00Z,129522,115520,62488,60025,14002,46141,46025,50727,30270
2020-04-27T10:00:00Z,121470,106391,58737,56158,15079,42589,42478,47857,28856
2020-04-27T11:00:00Z,120130,105323,57372,54950,14807,41155,41053,47297,28046
2020-04-27T12:00:00Z,127631,115160,63356,60396,12471,45629,45506,51365,31363
2020-04-27T13:00:00Z,141301,129817,69488,67106,11484,51115,50998,55882,34311
2020-04-27T14:00:00Z,148216,138408,74818,72282,9808,55200,55078,60648,37708
2020-04-27T15:00:00Z,146423,137996,74689,72519,8427,54860,54743,59761,37472
2020-04-27T16:00:00Z,140394,129478,73255,70093,10916,49935,49819,55361,35331
2020-04-27T17:00:00Z,134421,122419,68693,65742,12002,46107,45992,52140,32727
2020-04-27T18:00:00Z,129563,117048,65484,62860,12515,44138,44021,50824,31459
2020-04-27T19:00:00Z,127218,115581,65785,63140,11637,42715,42604,48841,31081
2020-04-27T20:00:00Z,126040,113553,63860,61306,12487,41607,41507,47760,30423
2020-04-27T21:00:00Z,117321,106484,59931,57659,10837,37544,37451,43216,27603
2020-04-27T22:00:00Z,97781,88799,51945,49762,8982,32025,31924,37430,24152
2020-04-27T23:00:00Z,89790,81569,48025,46062,8221,28792,28711,33738,21304
2020-04-28T00:00:00Z,87756,81998,49917,47793,5758,28603,28524,33467,21291
2020-04-28T01:00:00Z,89722,84953,48321,46998,4769,31878,31791,35645,21323
2020-04-28T02:00:00Z,90824,85128,47734,46346,5696,32913,32833,36764,21517
2020-04-28T03:00:00Z,90701,84227,47679,46317,6474,32264,32200,36042,20975
2020-04-28T04:00:00Z,85043,77008,48934,47116,8035,26897,26820,32143,19440
2020-04-28T05:00:00Z,89502,80224,47587,45669,9278,29131,29051,33969,19757
2020-04-28T06:00:00Z,103277,93846,53783,51754,9431,35977,35891,40747,23387
2020-04-28T07:00:00Z,113410,104188,55811,53965,9222,41538,41440,45911,26343
2020-04-28T08:00:00Z,121215,110355,58598,56397,10860,44617,44522,49903,28739
2020-04-28T09:00:00Z,125600,117094,61357,59277,8506,45897,45786,50603,29843
2020-04-28T10:00:00Z,121615,111873,59664,57477,9742,42096,41993,47418,28666
2020-04-28T11:00:00Z,119390,111211,61585,59807,8179,41389,41289,46251,27969
2020-04-28T12:00:00Z,123426,115220,63323,60962,8206,45383,45287,50077,30905
2020-04-28T13:00:00Z,141386,128345,69203,66556,13041,50249,50135,57633,34464
2020-04-28T14:00:00Z,147799,136521,74870,71539,11278,54340,54226,60232,37379
2020-04-28T15:00:00Z,147185,137285,75131,72169,9900,54226,54113,59858,37265
2020-04-28T16:00:00Z,139098,129750,71763,69172,9348,50390,50261,56042,35747
2020-04-28T17:00:00Z,131597,123762,70017,67868,7835,46174,46063,50937,32406
2020-04-28T18:00:00Z,126904,119155,65666,63422,7749,44354,44246,50861,31676
2020-04-28T19:00:00Z,126731,116577,65568,63150,10154,42880,42753,49113,31125
2020-04-28T20:00:00Z,123947,111793,64832,61923,12154,41360,41241,48017,30509
2020-04-28T21:00:00Z,109718,101746,58432,56263,7972,37379,37279,42205,27380
2020-04-28T22:00:00Z,96349,89751,53160,51196,6598,32624,32527,37590,24307
2020-04-28T23:00:00Z,86657,79797,47924,45748,6860,28897,28809,33341,21598
2020-04-29T00:00:00Z,88630,82967,51279,49200,5663,28701,28621,34041,21542
2020-04-29T01:00:00Z,92430,87827,51821,50496,4603,31661,31587,35698,21421
2020-04-29T02:00:00Z,96464,90487,52154,50835,5977,33129,33046,37466,22005
2020-04-29T03:00:00Z,92655,85469,51243,49573,7186,32165,32086,36874,21890
2020-04-29T04:00:00Z,84248,75364,46162,44327,8884,27575,27493,32635,19616
2020-04-29T05:00:00Z,87263,76789,45987,44246,10474,29059,28976,34097,19785
2020-04-29T06:00:00Z,101993,91561,51099,49176,10432,35739,35651,41245,23615
2020-04-29T07:00:00Z,115454,105842,56217,54505,9612,41026,40932,45887,26484
2020-04-29T08:00:00Z,123898,113127,61399,58837,10771,44906,44796,49660,29017
2020-04-29T09:00:00Z,122864,114762,62633,60362,8102,46048,45946,50241,29973
2020-04-29T10:00:00Z,118059,107743,61107,57523,10316,42043,41932,46876,28716
2020-04-29T11:00:00Z,115346,105309,56957,54448,10037,40639,40521,46430,28211
2020-04-29T12:00:00Z,123781,114881,63087,60652,8900,44470,44367,49370,30361
2020-04-29T13:00:00Z,141762,131918,73969,71696,9844,49551,49434,54661,33562
2020-04-29T14:00:00Z,147068,136721,76385,72773,10347,53632,53511,58873,36530
2020-04-29T15:00:00Z,151153,141073,77511,74016,10080,53944,53824,59103,37329
2020-04-29T16:00:00Z,142579,133875,75016,72819,8704,49452,49321,54794,34885
2020-04-29T17:00:00Z,137904,129443,74794,72302,8461,46028,45908,50665,31976
2020-04-29T18:00:00Z,137153,125034,72092,69456,12119,44257,44136,51259,32101
2020-04-29T19:00:00Z,129901,118359,69245,66068,11542,42631,42517,48195,31131
2020-04-29T20:00:00Z,127659,116667,67098,64847,10992,41327,41217,47580,30343
2020-04-29T21:00:00Z,118291,107920,61841,59380,10371,37663,37561,43498,27665
2020-04-29T22:00:00Z,114222,94292,55321,52623,19930,32777,32673,41745,24914
2020-04-29T23:00:00Z,113756,84876,49947,48179,28880,28663,28582,42179,21579
2020-04-30T00:00:00Z,106385,80427,47358,45063,25958,28019,27943,41542,21423
2020-04-30T01:00:00Z,100347,77391,44204,42754,22956,30139,30060,41434,20840
2020-04-30T02:00:00Z,102770,79181,45163,43488,23589,31836,31753,41990,21332
2020-04-30T03:00:00Z,96487,79185,45451,43754,17302,31026,30958,39700,21237
2020-04-30T04:00:00Z,93881,68508,41009,39468,25373,26219,26145,39153,18932
2020-04-30T05:00:00Z,97383,70621,40870,39168,26762,28011,27928,41004,19218
2020-04-30T06:00:00Z,117308,89879,51295,49348,27429,34882,34790,48795,23540
2020-04-30T07:00:00Z,130644,101841,55294,53545,28803,39995,39891,53129,25626
2020-04-30T08:00:00Z,140908,112751,63209,60641,28157,43110,43008,56754,28535
2020-04-30T09:00:00Z,139826,114997,64627,62206,24829,44793,44695,57355,29738
2020-04-30T10:00:00Z,136927,105207,58643,56478,31720,41448,41357,56678,28450
2020-04-30T11:00:00Z,151565,99916,55123,53070,51649,38670,38567,63985,26875
2020-04-30T12:00:00Z,182257,102597,56799,54437,79660,41494,41388,79161,28821
2020-04-30T13:00:00Z,185331,109491,59174,57188,75840,44878,44760,81426,30290
2020-04-30T14:00:00Z,191679,118029,63655,61542,73650,48534,48424,85285,33138
2020-04-30T15:00:00Z,192871,119703,65097,63357,73168,48529,48408,85111,33210
2020-04-30T16:00:00Z,168866,123533,70883,68033,45333,46136,46017,68187,32609
2020-04-30T17:00:00Z,139487,122781,72119,69712,16706,43872,43766,51351,31046
2020-04-30T18:00:00Z,133982,122478,71513,69167,11504,42659,42548,50268,30598
2020-04-30T19:00:00Z,124415,113215,64466,62143,11200,40543,40433,47401,29751
2020-04-30T20:00:00Z,117876,107993,61919,60131,9883,39424,39312,45480,28297
2020-04-30T21:00:00Z,118730,109993,62917,61034,8737,36939,36829,42821,27747
2020-04-30T22:00:00Z,111753,99985,59186,56482,11768,32818,32713,40292,26114
2020-04-30T23:00:00Z,97060,88599,52782,50908,8461,28699,28612,34482,22235
2020-05-01T00:00:00Z,93103,84416,51396,48955,8687,26962,26879,33985,21906
2020-05-01T01:00:00Z,91175,83343,51002,49430,7832,26319,26228,32406,20533
2020-05-01T02:00:00Z,87966,80779,48482,46852,7187,26570,26510,31955,20332
2020-05-01T03:00:00Z,83852,77420,46314,44871,6432,25585,25508,30953,19695
2020-05-01T04:00:00Z,87463,74497,45741,43426,12966,24106,24031,31832,19353
2020-05-01T05:00:00Z,86225,73299,44165,42243,12926,23863,23793,29796,18564
2020-05-01T06:00:00Z,85748,75975,45189,43432,9773,25768,25689,31646,19480
2020-05-01T07:00:00Z,89713,80563,45989,44353,9150,28562,28470,34074,20769
2020-05-01T08:00:00Z,105798,91444,53128,51249,14354,31615,31537,37636,23025
2020-05-01T09:00:00Z,99100,88923,52274,50383,10177,32801,32722,37785,23022
2020-05-01T10:00:00Z,99344,89741,52293,50552,9603,33099,33002,38762,23580
2020-05-01T11:00:00Z,97658,88477,50707,49038,9181,33198,33118,38096,23433
2020-05-01T12:00:00Z,102665,94379,53762,51638,8286,36496,36406,41889,26180
2020-05-01T13:00:00Z,115336,106260,59215,57376,9076,41152,41043,46714,28606
2020-05-01T14:00:00Z,127099,118729,65831,63633,8370,45825,45722,51460,32232
2020-05-01T15:00:00Z,131137,121101,67652,65458,10036,46502,46392,52698,32807
2020-05-01T16:00:00Z,132370,122467,70652,68215,9903,44015,43897,49919,31556
2020-05-01T17:00:00Z,127230,117799,69548,67467,9431,41571,41470,47267,29791
2020-05-01T18:00:00Z,121706,112308,64002,61540,9398,39947,39849,46263,29207
2020-05-01T19:00:00Z,111763,103404,59283,56937,8359,38197,38104,43296,27850
2020-05-01T20:00:00Z,105341,97165,56119,54008,8176,36203,36092,41117,26370
2020-05-01T21:00:00Z,98912,91655,53511,51568,7257,33381,33285,38284,24755
2020-05-01T22:00:00Z,87502,81561,47842,46270,5941,29209,29120,33642,21764
2020-05-01T23:00:00Z,76570,70738,42143,40669,5832,25375,25288,29774,18969
2020-05-02T00:00:00Z,75183,69631,44694,42529,5552,23033,22955,28382,18356
2020-05-02T01:00:00Z,71868,67234,43363,41861,4634,21918,21847,26050,16332
2020-05-02T02:00:00Z,72396,68062,43662,42431,4334,22434,22372,26547,16326
2020-05-02T03:00:00Z,69076,65293,41534,40396,3783,22015,21959,26396,16410
2020-05-02T04:00:00Z,63929,60299,38181,36991,3630,20728,20665,25025,15451
2020-05-02T05:00:00Z,60938,57441,35820,34862,3497,20766,20713,24409,14973
2020-05-02T06:00:00Z,65916,61526,37102,35797,4390,22583,22532,27348,16513
2020-05-02T07:00:00Z,69685,65845,38075,37011,3840,24727,24660,28700,17357
2020-05-02T08:00:00Z,82057,73375,44753,42460,8682,26713,26648,32556,19625
2020-05-02T09:00:00Z,83667,77561,46887,44945,6106,28058,27995,33057,20293
2020-05-02T10:00:00Z,82834,78179,46652,45312,4655,28213,28159,32931,20565
2020-05-02T11:00:00Z,82511,77159,45216,43785,5352,28978,28915,33611,20771
2020-05-02T12:00:00Z,92236,86684,47768,45931,5552,31447,31378,36271,22795
2020-05-02T13:00:00Z,100308,94918,51770,50358,5390,34642,34570,39745,24776
2020-05-02T14:00:00Z,100705,95219,54571,53135,5486,37234,37163,42452,26571
2020-05-02T15:00:00Z,103285,97928,56720,55146,5357,37993,37915,43106,27498
2020-05-02T16:00:00Z,103306,97226,58633,56815,6080,36120,36049,41119,26282
2020-05-02T17:00:00Z,98089,92670,56353,54939,5419,34521,34452,39265,25376
2020-05-02T18:00:00Z,95038,89429,52547,50685,5609,33164,33103,38755,24990
2020-05-02T19:00:00Z,89248,84581,51821,50362,4667,31215,31152,35840,23355
2020-05-02T20:00:00Z,86351,81981,50328,49091,4370,30152,30084,34827,22688
2020-05-02T21:00:00Z,82739,78295,48777,47315,4444,28260,28194,32934,21440
2020-05-02T22:00:00Z,74332,70496,44327,43065,3836,25164,25103,29634,19324
2020-05-02T23:00:00Z,67247,63432,40131,38835,3815,22486,22426,26693,17348
2020-05-03T00:00:00Z,69699,64891,42929,40995,4808,21176,21121,26187,17019
2020-05-03T01:00:00Z,69441,64767,42684,41497,4674,21421,21373,25545,16007
2020-05-03T02:00:00Z,70183,66408,42744,41609,3775,22087,22034,25989,16118
2020-05-03T03:00:00Z,68188,64638,41243,40104,3550,22158,22105,26278,16487
2020-05-03T04:00:00Z,61899,58467,36977,35834,3432,21012,20963,24792,15554
2020-05-03T05:00:00Z,64266,57728,35676,34428,6538,21016,20969,26188,15575
2020-05-03T06:00:00Z,66184,61413,37077,35508,4771,23253,23204,28001,17179
2020-05-03T07:00:00Z,72798,65866,39177,37331,6932,25184,25135,30505,18330
2020-05-03T08:00:00Z,80776,76560,46045,44833,4216,27750,27682,32601,19779
2020-05-03T09:00:00Z,83771,79300,47850,46562,4471,29192,29125,33667,20667
2020-05-03T10:00:00Z,83837,79300,46480,45107,4537,29967,29899,34694,21742
2020-05-03T11:00:00Z,83886,79087,45409,44082,4799,30025,29957,34863,21731
2020-05-03T12:00:00Z,89416,84384,49141,47394,5032,32446,32370,37267,23531
2020-05-03T13:00:00Z,98156,93438,53914,52654,4718,35935,35862,41015,25729
2020-05-03T14:00:00Z,105727,100369,58499,57018,5358,38913,38841,43912,27921
2020-05-03T15:00:00Z,107368,101285,58940,57393,6083,39575,39504,44606,28580
2020-05-03T16:00:00Z,107516,101887,61159,59666,5629,38448,38376,43672,28035
2020-05-03T17:00:00Z,104280,98842,59153,57789,5438,36476,36401,41201,26901
2020-05-03T18:00:00Z,97299,92189,54976,53431,5110,35171,35104,40023,26046
2020-05-03T19:00:00Z,95586,89705,53539,52033,5881,33890,33821,39177,25573
2020-05-03T20:00:00Z,93494,87141,52272,50822,6353,32921,32850,37718,24336
2020-05-03T21:00:00Z,87652,82808,50244,48967,4844,30653,30589,35573,23219
2020-05-03T22:00:00Z,77902,73095,44741,43522,4807,26960,26893,31782,20703
2020-05-03T23:00:00Z,69387,65237,39303,38046,4150,24142,24080,28573,18284
2020-05-04T00:00:00Z,75943,68320,44652,42259,7623,23715,23653,29279,18835
2020-05-04T01:00:00Z,74154,68286,41359,39643,5868,24699,24640,29180,18172
2020-05-04T02:00:00Z,75676,68832,41607,39879,6844,26070,26004,30637,18849
2020-05-04T03:00:00Z,76695,70007,41736,40064,6688,26044,25984,31102,19163
2020-05-04T04:00:00Z,74950,66463,39407,37877,8487,24874,24809,29768,18336
2020-05-04T05:00:00Z,81680,69699,39637,38059,11981,25874,25807,31012,18498
2020-05-04T06:00:00Z,89610,79576,43325,41488,10034,30117,30043,35559,20995
2020-05-04T07:00:00Z,102095,91036,49024,47087,11059,35889,35810,41311,24166
2020-05-04T08:00:00Z,119311,106295,58717,56648,13016,39560,39469,45169,26623
2020-05-04T09:00:00Z,120114,108016,58719,56510,12098,41020,40920,46854,27262
2020-05-04T10:00:00Z,113910,102069,55264,53118,11841,38885,38796,44078,26606
2020-05-04T11:00:00Z,110907,102410,54252,52566,8497,39000,38915,42984,25920
2020-05-04T12:00:00Z,121177,113239,60117,58207,7938,43488,43397,47852,29205
2020-05-04T13:00:00Z,134599,126688,66447,64923,7911,48743,48632,52810,32083
2020-05-04T14:00:00Z,149696,139382,75390,71854,10314,52927,52810,57984,35737
2020-05-04T15:00:00Z,147872,137224,74100,70227,10648,53161,53047,58080,36181
2020-05-04T16:00:00Z,142729,133235,74875,71124,9494,48907,48795,53732,33980
2020-05-04T17:00:00Z,139996,128420,73600,70039,11576,46171,46050,51504,32151
2020-05-04T18:00:00Z,136842,124611,72742,69099,12231,44291,44189,50388,31490
2020-05-04T19:00:00Z,131021,118641,69600,66151,12380,43131,43016,48887,30836
2020-05-04T20:00:00Z,129938,119028,68547,65600,10910,41147,41041,46586,29576
2020-05-04T21:00:00Z,119645,108622,62801,60427,11023,38215,38109,43869,27650
2020-05-04T22:00:00Z,101624,92719,53981,52097,8905,32497,32406,37858,23930
2020-05-04T23:00:00Z,90629,82285,49653,48197,8344,28172,28086,33211,20601
2020-05-05T00:00:00Z,79725,75718,44614,43823,4007,26580,26505,31433,19450
2020-05-05T01:00:00Z,78564,76438,45269,44482,2126,27492,27424,31316,19095
2020-05-05T02:00:00Z,81724,77029,45867,44668,4695,28350,28279,33075,20065
2020-05-05T03:00:00Z,82240,76285,45797,44413,5955,28250,28182,33065,20040
2020-05-05T04:00:00Z,77655,70463,42553,41287,7192,25948,25874,30425,18514
2020-05-05T05:00:00Z,79286,69876,41067,39811,9410,26181,26104,30931,18232
2020-05-05T06:00:00Z,90672,80877,45431,43683,9795,30844,30763,36095,21238
2020-05-05T07:00:00Z,101520,92695,49924,48465,8825,36442,36353,40763,23785
2020-05-05T08:00:00Z,116814,107189,59429,57759,9625,39940,39855,44891,26461
2020-05-05T09:00:00Z,119631,111764,61053,59427,7867,41524,41431,46741,27738
2020-05-05T10:00:00Z,119303,107218,60276,57974,12085,40096,39990,46165,27829
2020-05-05T11:00:00Z,114774,105794,57486,55252,8980,40021,39935,45412,27691
2020-05-05T12:00:00Z,121535,112204,60424,58157,9331,44541,44441,49714,30272
2020-05-05T13:00:00Z,138986,128781,68559,66300,10205,50802,50682,55825,34271
2020-05-05T14:00:00Z,145716,134919,73192,70758,10797,54171,54055,59140,36939
2020-05-05T15:00:00Z,144930,134989,72705,70675,9941,53764,53642,58959,36989
2020-05-05T16:00:00Z,144666,133573,74445,71759,11093,49651,49526,55667,34827
2020-05-05T17:00:00Z,136694,129020,73580,72031,7674,46427,46297,50648,31920
2020-05-05T18:00:00Z,133914,125644,71073,69272,8270,43862,43753,49333,31243
2020-05-05T19:00:00Z,129136,116971,67677,65349,12165,42765,42648,49370,31047
2020-05-05T20:00:00Z,123792,113816,65443,63472,9976,41441,41320,47050,29741
2020-05-05T21:00:00Z,115795,107182,61913,60156,8613,37509,37414,42424,26964
2020-05-05T22:00:00Z,98928,92137,54382,52961,6791,32298,32195,37022,23736
2020-05-05T23:00:00Z,89933,82473,48918,47506,7460,28381,28298,33519,20712
2020-05-06T00:00:00Z,88095,80867,47811,45783,7228,27868,27789,33706,21210
2020-05-06T01:00:00Z,89633,83004,47336,45960,6629,31233,31152,35605,21012
2020-05-06T02:00:00Z,90804,84609,48510,47105,6195,32397,32311,36520,21124
2020-05-06T03:00:00Z,87571,81448,47150,45922,6123,31354,31282,35626,20683
2020-05-06T04:00:00Z,82437,73530,43345,41954,8907,26902,26817,32403,19111
2020-05-06T05:00:00Z,88677,77000,42822,41415,11677,29559,29480,35067,19539
2020-05-06T06:00:00Z,100937,90461,47550,45828,10476,36141,36048,41312,23204
2020-05-06T07:00:00Z,113179,102536,52716,51119,10643,41874,41771,46483,26439
2020-05-06T08:00:00Z,127791,117537,62741,61127,10254,45811,45719,50432,29421
2020-05-06T09:00:00Z,129962,119002,63818,61941,10960,46675,46567,52119,30348
2020-05-06T10:00:00Z,118507,108896,59635,57651,9611,42626,42525,46983,28664
2020-05-06T11:00:00Z,114951,108483,57448,55953,6468,41639,41530,46398,28054
2020-05-06T12:00:00Z,135388,128586,61963,60305,6802,45371,45266,49516,30382
2020-05-06T13:00:00Z,141080,132796,69491,67824,8284,50920,50813,55139,33737
2020-05-06T14:00:00Z,141220,133553,71397,69507,7667,53943,53823,58416,36338
2020-05-06T15:00:00Z,144874,137046,73568,71803,7828,53933,53815,58725,36628
2020-05-06T16:00:00Z,141215,132683,73492,71513,8532,49733,49601,54725,34608
2020-05-06T17:00:00Z,135465,127393,72034,69856,8072,46869,46746,50531,32203
2020-05-06T18:00:00Z,133809,125611,67729,65490,8198,44558,44443,49773,31469
2020-05-06T19:00:00Z,124561,116478,65216,63085,8083,43013,42895,47839,30576
2020-05-06T20:00:00Z,124323,114955,65810,63654,9368,42081,41969,47529,30283
2020-05-06T21:00:00Z,110170,103648,58698,57226,6522,37984,37881,42593,26936
2020-05-06T22:00:00Z,96553,91732,51629,50396,4821,33058,32959,37148,23610
2020-05-06T23:00:00Z,85103,80513,46125,44967,4590,29232,29139,33045,20836
2020-05-07T00:00:00Z,85447,80585,48826,47036,4862,28496,28405,32989,20829
2020-05-07T01:00:00Z,90801,86736,50724,49560,4065,31430,31340,34872,20489
2020-05-07T02:00:00Z,91182,86396,49175,47932,4786,32922,32839,36650,21034
2020-05-07T03:00:00Z,84373,79475,44120,42990,4898,31870,31787,35607,20636
2020-05-07T04:00:00Z,76208,68896,39823,38477,7312,27151,27075,31836,18804
2020-05-07T05:00:00Z,81346,73301,40585,39211,8045,29278,29197,33865,19402
2020-05-07T06:00:00Z,100544,91693,49789,48012,8851,36505,36417,41500,23403
2020-05-07T07:00:00Z,116214,106938,57967,56383,9276,41572,41476,46396,26034
2020-05-07T08:00:00Z,125958,117179,60707,58874,8779,44741,44641,48650,27898
2020-05-07T09:00:00Z,123111,116909,62909,61333,6202,46441,46332,49781,29595
2020-05-07T10:00:00Z,117221,109199,60351,58565,8022,42564,42459,46910,28535
2020-05-07T11:00:00Z,116624,106545,59811,56867,10079,41450,41352,46273,28121
2020-05-07T12:00:00Z,125281,115922,62597,59988,9359,45455,45349,50527,31106
2020-05-07T13:00:00Z,137207,127046,68083,65733,10161,50688,50577,55433,34176
2020-05-07T14:00:00Z,144289,133254,70855,68254,11035,53217,53107,58550,36262
2020-05-07T15:00:00Z,145303,134159,71666,68872,11144,53065,52947,58678,36698
2020-05-07T16:00:00Z,138810,127965,72586,69499,10845,48491,48362,54081,34383
2020-05-07T17:00:00Z,133938,124512,72573,70100,9426,44764,44651,49318,31392
2020-05-07T18:00:00Z,129655,120384,70054,67660,9271,43151,43035,49137,30883
2020-05-07T19:00:00Z,119707,111984,64057,62070,7723,41392,41282,46585,29487
2020-05-07T20:00:00Z,116257,108721,62798,60890,7536,39861,39759,44956,28927
2020-05-07T21:00:00Z,111150,102442,59035,57245,8708,36516,36404,42134,26366
2020-05-07T22:00:00Z,98977,91912,54656,52653,7065,31935,31834,36844,23754
2020-05-07T23:00:00Z,87466,80853,48391,46716,6613,27975,27893,32427,20405
2020-05-08T00:00:00Z,82617,76224,45876,43643,6393,27788,27701,32749,20766
2020-05-08T01:00:00Z,87327,82282,46333,44932,5045,31016,30927,35045,20593
2020-05-08T02:00:00Z,92367,85465,47930,46323,6902,32675,32595,36788,21221
2020-05-08T03:00:00Z,87677,82131,47287,45833,5546,31320,31238,35623,20821
2020-05-08T04:00:00Z,79116,72181,43540,42044,6935,26341,26276,30909,18629
2020-05-08T05:00:00Z,83997,75757,44123,42464,8240,28325,28241,32933,19067
2020-05-08T06:00:00Z,93375,85445,47739,46068,7930,34000,33921,38632,21880
2020-05-08T07:00:00Z,106666,97338,52413,50525,9328,38502,38410,43167,24297
2020-05-08T08:00:00Z,114989,105975,57431,55386,9014,41803,41705,46024,26669
2020-05-08T09:00:00Z,115242,108524,60043,58171,6718,42812,42724,47003,27771
2020-05-08T10:00:00Z,109487,101566,56818,54666,7921,39250,39156,44039,26538
2020-05-08T11:00:00Z,104951,97847,54773,52821,7104,38042,37953,42256,25439
2020-05-08T12:00:00Z,115847,107252,59345,57037,8595,41474,41377,47557,28547
2020-05-08T13:00:00Z,123473,116203,63083,61440,7270,45618,45512,50433,30571
2020-05-08T14:00:00Z,134589,127062,68739,66796,7527,49161,49049,55091,33696
2020-05-08T15:00:00Z,134947,126024,69262,67489,8923,48841,48731,54666,33476
2020-05-08T16:00:00Z,128947,120226,67619,65359,8721,45176,45062,50680,31523
2020-05-08T17:00:00Z,122934,115969,66449,64433,6965,42140,42035,46834,29458
2020-05-08T18:00:00Z,122980,113783,64422,61918,9197,40526,40421,46974,28936
2020-05-08T19:00:00Z,123033,109511,61814,59670,13522,38043,37934,45854,27465
2020-05-08T20:00:00Z,113983,103578,61048,58757,10405,36525,36422,43086,27003
2020-05-08T21:00:00Z,103906,95805,56847,54932,8101,33355,33259,38569,24652
2020-05-08T22:00:00Z,92690,86190,51385,49708,6500,29130,29034,34170,21767
2020-05-08T23:00:00Z,81082,74150,45149,43627,6932,25141,25056,29639,18712
2020-05-09T00:00:00Z,76419,68716,42099,39817,7703,23891,23804,29711,18605
2020-05-09T01:00:00Z,73804,68319,39888,38256,5485,25820,25746,29733,17440
2020-05-09T02:00:00Z,73745,69088,37843,36386,4657,27072,27005,31058,17579
2020-05-09T03:00:00Z,72066,67342,38722,37333,4724,26465,26394,30949,17928
2020-05-09T04:00:00Z,64276,60217,35417,34074,4059,21994,21928,25947,15682
2020-05-09T05:00:00Z,64917,60775,34808,33714,4142,23372,23312,27046,15618
2020-05-09T06:00:00Z,75011,70794,39034,37616,4217,27508,27439,31269,17845
2020-05-09T07:00:00Z,78904,74515,40735,39430,4389,29396,29339,33552,18999
2020-05-09T08:00:00Z,84324,79235,44112,42720,5089,31639,31570,35595,20592
2020-05-09T09:00:00Z,88793,81420,45183,43331,7373,33133,33065,39087,22452
2020-05-09T10:00:00Z,84594,78227,44280,42617,6367,31439,31370,36487,22056
2020-05-09T11:00:00Z,84508,78863,45110,43697,5645,29400,29340,34928,20887
2020-05-09T12:00:00Z,87331,82233,47360,45769,5098,31165,31100,36169,22114
2020-05-09T13:00:00Z,89871,84776,49040,47852,5095,33778,33714,38176,23561
2020-05-09T14:00:00Z,97808,93263,53610,52447,4545,36596,36522,41627,25679
2020-05-09T15:00:00Z,98180,93320,53509,52197,4860,36752,36677,41255,25948
2020-05-09T16:00:00Z,96227,90642,52482,51024,5585,35326,35255,40282,25293
2020-05-09T17:00:00Z,92782,88000,51910,50671,4782,33769,33700,38082,23882
2020-05-09T18:00:00Z,90288,85419,50596,49098,4869,32224,32156,36854,23566
2020-05-09T19:00:00Z,89027,84730,48854,47667,4297,30697,30642,35063,22682
2020-05-09T20:00:00Z,84014,79879,48508,47303,4135,29684,29614,33954,21716
2020-05-09T21:00:00Z,80009,75303,45578,44396,4706,27660,27595,31910,20497
2020-05-09T22:00:00Z,71988,67581,41235,40116,4407,24549,24490,28640,18373
2020-05-09T23:00:00Z,63760,59926,37116,36122,3834,21903,21844,25486,16282
2020-05-10T00:00:00Z,62146,57437,36163,34321,4709,20859,20798,25646,16488
2020-05-10T01:00:00Z,60926,56507,34669,33511,4419,20703,20645,24519,15322
2020-05-10T02:00:00Z,62251,58751,35172,34032,3500,21813,21759,25376,15546
2020-05-10T03:00:00Z,61545,58175,35324,34271,3370,21793,21745,25697,15717
2020-05-10T04:00:00Z,60683,56746,34539,33319,3937,20845,20786,25066,15404
2020-05-10T05:00:00Z,59173,55732,33190,32195,3441,20767,20721,24339,14983
2020-05-10T06:00:00Z,65268,60432,36053,34664,4836,22608,22554,26910,16211
2020-05-10T07:00:00Z,67839,64456,37187,36117,3383,24562,24508,28894,17215
2020-05-10T08:00:00Z,74297,70659,40357,39189,3638,26960,26899,31354,19089
2020-05-10T09:00:00Z,79007,74855,43494,42369,4152,29286,29226,33251,20292
2020-05-10T10:00:00Z,81268,76177,44318,43173,5091,29476,29405,33970,20440
2020-05-10T11:00:00Z,82751,77104,44899,43518,5647,30001,29940,35033,21301
2020-05-10T12:00:00Z,86938,82222,47807,46164,4716,32338,32284,37231,23220
2020-05-10T13:00:00Z,93928,90101,52212,51064,3827,35828,35767,40777,25197
2020-05-10T14:00:00Z,102057,96963,56622,55318,5094,39060,38993,43885,27881
2020-05-10T15:00:00Z,103076,97822,57423,56043,5254,39173,39108,44546,28141
2020-05-10T16:00:00Z,97422,92077,54709,53255,5345,36401,36334,41483,26615
2020-05-10T17:00:00Z,97218,92094,56268,54870,5124,34044,33975,39171,25088
2020-05-10T18:00:00Z,91900,87243,52859,51412,4657,32884,32822,37776,24555
2020-05-10T19:00:00Z,90378,85759,51606,50457,4619,31705,31646,36530,23464
2020-05-10T20:00:00Z,89432,84857,50686,49417,4575,30795,30729,35409,23073
2020-05-10T21:00:00Z,82456,77627,46900,45626,4829,28306,28234,32764,21244
2020-05-10T22:00:00Z,76420,71669,43736,42533,4751,25163,25098,29404,19144
2020-05-10T23:00:00Z,66943,62495,38394,37200,4448,22857,22803,26983,17201
2020-05-11T00:00:00Z,69578,62307,39261,37219,7271,23670,23608,29165,18194
2020-05-11T01:00:00Z,77076,69606,40379,38792,7470,27535,27470,32334,18763
2020-05-11T02:00:00Z,84038,75632,43618,41822,8406,30181,30110,34945,20085
2020-05-11T03:00:00Z,82131,74400,42798,41128,7731,29158,29089,33493,19577
2020-05-11T04:00:00Z,79549,69279,40277,38672,10270,25448,25367,30942,18033
2020-05-11T05:00:00Z,87779,71837,41464,39536,15942,27836,27768,33740,18834
2020-05-11T06:00:00Z,102813,89704,48981,46643,13109,35346,35271,41645,23567
2020-05-11T07:00:00Z,112544,100701,52882,50756,11843,40702,40618,45578,26002
2020-05-11T08:00:00Z,120429,107859,56664,54485,12570,44502,44397,49313,28306
2020-05-11T09:00:00Z,125841,112904,59428,57034,12937,45620,45512,49953,29379
2020-05-11T10:00:00Z,123430,108829,57382,54860,14601,41995,41880,47349,28334
2020-05-11T11:00:00Z,115980,103726,56561,54194,12254,41051,40956,45985,27720
2020-05-11T12:00:00Z,124625,114578,62204,59684,10047,45324,45220,50212,30780
2020-05-11T13:00:00Z,140237,129935,69912,67745,10302,50707,50601,55511,34036
2020-05-11T14:00:00Z,150843,142030,76665,74354,8813,54658,54544,59986,37181
2020-05-11T15:00:00Z,146149,136546,74750,72456,9603,54190,54072,59484,37063
2020-05-11T16:00:00Z,137090,126949,69734,67253,10141,49842,49729,55000,34296
2020-05-11T17:00:00Z,138713,125151,69112,66666,13562,46487,46360,53101,32718
2020-05-11T18:00:00Z,138576,126596,68025,65180,11980,44738,44613,51137,32147
2020-05-11T19:00:00Z,130056,119310,64938,62284,10746,43171,43052,49075,30994
2020-05-11T20:00:00Z,140246,117281,64640,61917,22965,42025,41894,50137,30868
2020-05-11T21:00:00Z,117174,106778,59272,57006,10396,38042,37934,43836,27948
2020-05-11T22:00:00Z,100208,91560,53039,51000,8648,32605,32504,38570,24600
2020-05-11T23:00:00Z,88555,79962,46426,44586,8593,28933,28848,34239,21500
2020-05-12T00:00:00Z,86610,79212,46393,43967,7398,29000,28913,35000,22050
2020-05-12T01:00:00Z,89785,84249,46918,45270,5536,32524,32449,36556,21640
2020-05-12T02:00:00Z,92610,86582,47885,46354,6028,33899,33819,38926,22617
2020-05-12T03:00:00Z,88627,82471,46663,45091,6156,32375,32301,37106,21901
2020-05-12T04:00:00Z,81818,73681,43206,41487,8137,27306,27241,32720,19656
2020-05-12T05:00:00Z,88089,77932,44344,42617,10157,29652,29565,34930,19862
2020-05-12T06:00:00Z,102502,91699,49558,47469,10803,36087,36004,41902,23802
2020-05-12T07:00:00Z,111470,101982,53345,51426,9488,41816,41713,46196,26372
2020-05-12T08:00:00Z,122869,113075,58154,56252,9794,45303,45210,50000,28853
2020-05-12T09:00:00Z,124704,116637,61655,59970,8067,46186,46092,50685,30116
2020-05-12T10:00:00Z,117828,107955,57878,55897,9873,42341,42242,47729,28584
2020-05-12T11:00:00Z,112626,104414,55814,54097,8212,41671,41569,45987,27888
2020-05-12T12:00:00Z,124102,115815,61833,59566,8287,46013,45905,51757,31330
2020-05-12T13:00:00Z,140630,131969,68948,66945,8661,51439,51330,57115,34808
2020-05-12T14:00:00Z,147006,138883,73495,71507,8123,54537,54423,60133,37244
2020-05-12T15:00:00Z,146329,135963,73051,70604,10366,54416,54296,59513,37368
2020-05-12T16:00:00Z,141368,132473,73195,70924,8895,50402,50280,56340,35292
2020-05-12T17:00:00Z,133978,124391,69820,67112,9587,46333,46215,51813,32356
2020-05-12T18:00:00Z,127871,118961,66158,63665,8910,44536,44426,50707,31712
2020-05-12T19:00:00Z,122722,114366,63213,60940,8356,42849,42744,48880,30722
2020-05-12T20:00:00Z,122813,113575,62758,60539,9238,41602,41486,47539,30182
2020-05-12T21:00:00Z,115575,104172,58958,56397,11403,38005,37895,45206,28065
2020-05-12T22:00:00Z,104424,89400,51357,48471,15024,32184,32081,39807,24390
2020-05-12T23:00:00Z,91098,81994,48011,45374,9104,29135,29045,35682,22718
2020-05-13T00:00:00Z,93935,79850,46983,43664,14085,28678,28589,37590,23005
2020-05-13T01:00:00Z,94672,83847,47210,44968,10825,32329,32251,39305,22646
2020-05-13T02:00:00Z,95193,88059,49241,47289,7134,34050,33979,38974,23037
2020-05-13T03:00:00Z,90481,81914,46871,44939,8567,32315,32238,38004,22302
2020-05-13T04:00:00Z,84805,71886,42578,40557,12919,27403,27334,33737,19666
2020-05-13T05:00:00Z,88371,75016,43339,41069,13355,29421,29345,35085,20076
2020-05-13T06:00:00Z,103301,89740,48664,46188,13561,36108,36014,41998,23648
2020-05-13T07:00:00Z,114120,102532,53327,51272,11588,41420,41322,46914,26092
2020-05-13T08:00:00Z,125740,111357,58819,56203,14383,44975,44881,50319,29046
2020-05-13T09:00:00Z,128623,118698,63143,60971,9925,46571,46465,50946,30063
2020-05-13T10:00:00Z,117138,106651,57694,55667,10487,42755,42657,47714,28587
2020-05-13T11:00:00Z,112383,103848,55215,53705,8535,41095,41005,45933,27392
2020-05-13T12:00:00Z,127828,117705,63388,60604,10123,46238,46126,50871,31006
2020-05-13T13:00:00Z,141499,132270,70530,68278,9229,51424,51310,56338,34243
2020-05-13T14:00:00Z,151306,140227,74026,71214,11079,55077,54962,60581,37366
2020-05-13T15:00:00Z,146544,137257,73349,71051,9287,54701,54581,59741,37095
2020-05-13T16:00:00Z,139192,129392,68544,66158,9800,49877,49763,55472,34367
2020-05-13T17:00:00Z,133177,124184,69723,67300,8993,46304,46179,51526,32519
2020-05-13T18:00:00Z,128953,120329,66971,64526,8624,44232,44115,50176,31698
2020-05-13T19:00:00Z,130014,117789,66963,63967,12225,42249,42131,49454,31019
2020-05-13T20:00:00Z,123562,112881,63841,61448,10681,40541,40427,46278,29701
2020-05-13T21:00:00Z,112866,103380,58825,56391,9486,37655,37547,43449,27966
2020-05-13T22:00:00Z,98723,90622,52001,49676,8101,32552,32453,38412,24540
2020-05-13T23:00:00Z,92892,83148,48146,45830,9744,28822,28727,35574,21912
2020-05-14T00:00:00Z,85159,76858,44296,41450,8301,28448,28354,34666,21674
2020-05-14T01:00:00Z,85891,79915,43908,42112,5976,31921,31842,36258,21277
2020-05-14T02:00:00Z,87129,81273,44268,42633,5856,33478,33402,37718,21713
2020-05-14T03:00:00Z,84525,78296,43685,41944,6229,31932,31855,36543,21389
2020-05-14T04:00:00Z,79308,71063,40316,38596,8245,26946,26878,32162,18896
2020-05-14T05:00:00Z,84500,75512,41201,39511,8988,29308,29229,34279,19613
2020-05-14T06:00:00Z,98744,89398,47438,45351,9346,36107,36016,41951,23577
2020-05-14T07:00:00Z,109604,100259,51750,49931,9345,41477,41377,45823,26147
2020-05-14T08:00:00Z,120057,109855,56507,54392,10202,45017,44900,49258,28640
2020-05-14T09:00:00Z,123157,112682,59099,57178,10475,45996,45902,50714,29644
2020-05-14T10:00:00Z,113471,105364,56351,54421,8107,42308,42207,46719,28523
2020-05-14T11:00:00Z,115734,106751,55023,53201,8983,41713,41611,46857,27559
2020-05-14T12:00:00Z,123709,114329,60816,58295,9380,45569,45464,50691,30661
2020-05-14T13:00:00Z,136500,127529,66996,64959,8971,50576,50460,55448,33548
2020-05-14T14:00:00Z,145643,137480,72772,70594,8163,53991,53874,59081,36486
2020-05-14T15:00:00Z,144559,135874,72841,70515,8685,53243,53133,57756,36219
2020-05-14T16:00:00Z,134886,126038,68043,65780,8848,48786,48671,54158,33667
2020-05-14T17:00:00Z,126609,118014,65484,63276,8595,44619,44508,49886,31287
2020-05-14T18:00:00Z,125858,117202,64184,61684,8656,42907,42798,48760,30632
2020-05-14T19:00:00Z,120310,111266,62229,59990,9044,41611,41491,47139,29923
2020-05-14T20:00:00Z,115722,107486,61342,59368,8236,39620,39511,45377,29058
2020-05-14T21:00:00Z,110188,102191,57235,55296,7997,36878,36771,42120,26671
2020-05-14T22:00:00Z,95365,88967,50208,48574,6398,31767,31672,37001,23414
2020-05-14T23:00:00Z,86973,80396,47538,45866,6577,28420,28333,33749,21230
2020-05-15T00:00:00Z,84600,77001,45320,42952,7599,28058,27965,34386,21384
2020-05-15T01:00:00Z,83946,79177,43742,42352,4769,31058,30977,35173,20443
2020-05-15T02:00:00Z,90305,84363,47553,46042,5942,32581,32498,37231,21825
2020-05-15T03:00:00Z,86714,81221,45723,44275,5493,31218,31150,35974,21034
2020-05-15T04:00:00Z,77830,70745,40967,39523,7085,26278,26206,31256,18468
2020-05-15T05:00:00Z,81584,72789,41202,39770,8795,28127,28048,33820,19004
2020-05-15T06:00:00Z,97449,87147,47772,45647,10302,34910,34819,40928,23096
2020-05-15T07:00:00Z,106758,98998,52185,50216,7760,39955,39868,44458,25427
2020-05-15T08:00:00Z,114960,105343,56132,54173,9617,43261,43170,48046,27769
2020-05-15T09:00:00Z,116062,108371,57522,55548,7691,44240,44132,48136,28240
2020-05-15T10:00:00Z,110720,101330,55669,53513,9390,40710,40606,45846,27417
2020-05-15T11:00:00Z,106963,98420,53855,51708,8543,38613,38516,42915,26004
2020-05-15T12:00:00Z,116015,107555,58968,56297,8460,42059,41958,47386,28894
2020-05-15T13:00:00Z,128518,119717,65590,63428,8801,46312,46206,51356,31346
2020-05-15T14:00:00Z,134558,126954,69471,67367,7604,49302,49191,54650,33422
2020-05-15T15:00:00Z,132534,124680,67268,65187,7854,48876,48760,53769,33506
2020-05-15T16:00:00Z,126119,118390,64345,62120,7729,45141,45021,50123,31131
2020-05-15T17:00:00Z,120537,111838,62733,60555,8699,41720,41602,47285,29181
2020-05-15T18:00:00Z,114980,106781,60204,57777,8199,39379,39269,45378,28793
2020-05-15T19:00:00Z,116795,94952,54510,52632,21843,36131,36023,44478,26444
2020-05-15T20:00:00Z,110765,96081,53399,51690,14684,35332,35237,42839,25918
2020-05-15T21:00:00Z,172208,90465,51902,49752,81743,32766,32678,52485,24442
2020-05-15T22:00:00Z,124362,80016,46246,44092,44346,28166,28073,42025,21559
2020-05-15T23:00:00Z,77430,70046,40769,38806,7384,24712,24628,29876,18404
2020-05-16T00:00:00Z,71060,63602,38831,36365,7458,22556,22476,28390,18017
2020-05-16T01:00:00Z,66753,61737,36756,35120,5016,22659,22590,27156,16533
2020-05-16T02:00:00Z,68726,63871,36886,35316,4855,22653,22592,27298,16243
2020-05-16T03:00:00Z,66622,62002,37272,35518,4620,22794,22734,27685,16663
2020-05-16T04:00:00Z,63719,59881,35961,34530,3838,20610,20550,25517,15575
2020-05-16T05:00:00Z,62866,59634,35407,34246,3232,20959,20916,25663,15127
2020-05-16T06:00:00Z,67902,64319,37669,36184,3583,23099,23047,28216,16966
2020-05-16T07:00:00Z,69714,65884,37931,36578,3830,25082,25019,29708,17536
2020-05-16T08:00:00Z,77079,71400,41031,39554,5679,27419,27339,32888,19312
2020-05-16T09:00:00Z,82541,76230,43587,41720,6311,28547,28477,34495,20454
2020-05-16T10:00:00Z,81469,74781,43937,42234,6688,28552,28488,34257,20926
2020-05-16T11:00:00Z,79439,74398,43645,42169,5041,28297,28231,33224,20517
2020-05-16T12:00:00Z,86188,80905,46631,44755,5283,30305,30240,36216,22245
2020-05-16T13:00:00Z,90490,85847,49752,48483,4643,33057,32989,38224,23444
2020-05-16T14:00:00Z,98018,93117,53886,52510,4901,35998,35927,41262,25657
2020-05-16T15:00:00Z,98368,93704,54768,53298,4664,36338,36274,41666,26008
2020-05-16T16:00:00Z,96377,90396,53178,51738,5981,34695,34631,40189,25127
2020-05-16T17:00:00Z,93945,87886,52512,51085,6059,32761,32695,38159,23698
2020-05-16T18:00:00Z,92727,86975,51338,49420,5752,31951,31891,37356,23782
2020-05-16T19:00:00Z,84289,79667,47632,46356,4622,29786,29730,34888,22182
2020-05-16T20:00:00Z,79580,75701,45715,44477,3879,28427,28361,33195,21298
2020-05-16T21:00:00Z,77102,73112,43729,42433,3990,26845,26781,31858,20217
2020-05-16T22:00:00Z,68789,64635,39443,38235,4154,23548,23492,27916,17863
2020-05-16T23:00:00Z,63469,59644,36615,35487,3825,21439,21388,25793,16157
2020-05-17T00:00:00Z,62401,57224,35771,33754,5177,20379,20326,25836,16311
2020-05-17T01:00:00Z,59338,55908,34233,33129,3430,20534,20483,24860,15230
2020-05-17T02:00:00Z,60734,57563,34701,33606,3171,21698,21646,25621,15471
2020-05-17T03:00:00Z,62949,59109,36145,34963,3840,21667,21616,26134,15746
2020-05-17T04:00:00Z,60604,56607,34769,33553,3997,20690,20638,24976,15213
2020-05-17T05:00:00Z,61276,56836,34750,33576,4440,20931,20878,25594,15348
2020-05-17T06:00:00Z,65242,61318,37181,35738,3924,23038,22983,27773,16816
2020-05-17T07:00:00Z,69925,65675,38129,37104,4250,25055,25005,29693,17386
2020-05-17T08:00:00Z,72032,68300,39247,38084,3732,27270,27217,31310,18706
2020-05-17T09:00:00Z,83302,76910,42667,41135,6392,28850,28790,35615,20295
2020-05-17T10:00:00Z,81835,76874,43910,42461,4961,29075,29005,35442,21077
2020-05-17T11:00:00Z,83079,78249,43803,42356,4830,29627,29568,35875,21028
2020-05-17T12:00:00Z,88646,84217,47656,46020,4429,31640,31583,38414,22955
2020-05-17T13:00:00Z,94404,89421,51438,50078,4983,35036,34973,41264,25077
2020-05-17T14:00:00Z,100918,95774,55599,54228,5144,38310,38238,43694,27524
2020-05-17T15:00:00Z,100023,95161,56514,55066,4862,38241,38156,43439,27766
2020-05-17T16:00:00Z,95144,90344,54605,53212,4800,35829,35765,40777,26267
2020-05-17T17:00:00Z,94247,89702,54826,53553,4545,34111,34041,38803,25200
2020-05-17T18:00:00Z,93506,88826,53318,51791,4680,33381,33318,38647,25111
2020-05-17T19:00:00Z,93130,88758,53346,52119,4372,32667,32604,37446,24423
2020-05-17T20:00:00Z,89825,85319,51659,50370,4506,31708,31640,36623,23914
2020-05-17T21:00:00Z,85084,80620,48702,47446,4464,29513,29456,34675,22761
2020-05-17T22:00:00Z,75447,71191,43993,42792,4256,26087,26026,31111,20263
2020-05-17T23:00:00Z,69105,64487,40041,38749,4618,23368,23321,27978,17885
2020-05-18T00:00:00Z,74431,66927,40957,38612,7504,24312,24250,30909,19058
2020-05-18T01:00:00Z,78583,72911,41626,40063,5672,27828,27769,33215,18959
2020-05-18T02:00:00Z,84047,77455,41907,40339,6592,30325,30256,36283,20307
2020-05-18T03:00:00Z,80660,74227,40074,38665,6433,29840,29772,35687,19750
2020-05-18T04:00:00Z,76205,67409,37519,35932,8796,25418,25351,32141,18088
2020-05-18T05:00:00Z,84635,72176,38623,36877,12459,28200,28123,34757,18861
2020-05-18T06:00:00Z,98117,87187,45195,42983,10930,34983,34901,41922,22997
2020-05-18T07:00:00Z,115413,105025,52501,50604,10388,41015,40925,48454,26679
2020-05-18T08:00:00Z,129012,116839,62253,60054,12173,44416,44309,51059,28908
2020-05-18T09:00:00Z,129699,116721,61100,58616,12978,45586,45477,51893,29664
2020-05-18T10:00:00Z,114997,104888,55443,53398,10109,41579,41484,48198,28482
2020-05-18T11:00:00Z,114504,104633,54054,52280,9871,40657,40558,48374,28408
2020-05-18T12:00:00Z,132511,121365,63184,60616,11146,45257,45145,55408,33290
2020-05-18T13:00:00Z,143118,128715,67752,65146,14403,50171,50029,59283,34852
2020-05-18T14:00:00Z,149185,137825,72376,69443,11360,53817,53697,61000,36906
2020-05-18T15:00:00Z,147989,136627,72067,69326,11362,52951,52818,60550,36763
2020-05-18T16:00:00Z,142916,133126,72525,69882,9790,48621,48496,55640,34079
2020-05-18T17:00:00Z,137181,123500,68337,65531,13681,44560,44420,53292,31835
2020-05-18T18:00:00Z,133633,117689,64102,60813,15944,42464,42327,51844,31361
2020-05-18T19:00:00Z,132762,117707,64486,60533,15055,41469,41355,50445,30727
2020-05-18T20:00:00Z,124267,110252,61152,57983,14015,40149,40030,48680,29888
2020-05-18T21:00:00Z,115198,103911,57417,54580,11287,36852,36740,44083,27539
2020-05-18T22:00:00Z,98762,89815,49664,47524,8947,31522,31420,38416,23721
2020-05-18T23:00:00Z,88902,79488,45201,42924,9414,28238,28139,35046,21214
2020-05-19T00:00:00Z,86997,77146,44518,41618,9851,28303,28213,35393,21488
2020-05-19T01:00:00Z,89269,80705,43436,41579,8564,31475,31399,37299,21037
2020-05-19T02:00:00Z,89962,82933,44003,42278,7029,32971,32887,39065,21654
2020-05-19T03:00:00Z,91358,84600,43376,41758,6758,31494,31418,38462,21142
2020-05-19T04:00:00Z,80573,71277,40170,38413,9296,26587,26511,33317,19000
2020-05-19T05:00:00Z,82156,70698,39517,37586,11458,28668,28587,34402,19526
2020-05-19T06:00:00Z,97492,86650,46555,44262,10842,35913,35824,41178,23549
2020-05-19T07:00:00Z,112685,101976,53971,52068,10709,41187,41094,45738,26104
2020-05-19T08:00:00Z,122695,112008,57827,55682,10687,44943,44851,49366,28500
2020-05-19T09:00:00Z,121228,112293,58460,56435,8935,45812,45711,49773,29573
2020-05-19T10:00:00Z,116229,105578,55552,53381,10651,42596,42507,47328,28587
2020-05-19T11:00:00Z,112713,104159,54780,52837,8554,41610,41511,46052,27683
2020-05-19T12:00:00Z,122313,114651,60887,58567,7662,45500,45396,50229,30794
2020-05-19T13:00:00Z,130325,121317,64009,62175,9008,49198,49084,54017,32619
2020-05-19T14:00:00Z,149135,139127,73050,70545,10008,54663,54546,60435,37369
2020-05-19T15:00:00Z,144468,135063,69880,67500,9405,53540,53427,58565,36449
2020-05-19T16:00:00Z,136257,126818,67187,64650,9439,49333,49216,54449,34155
2020-05-19T17:00:00Z,131318,122385,66115,63698,8933,45404,45289,51605,31406
2020-05-19T18:00:00Z,130441,117855,62338,59469,12586,43656,43536,51828,30845
2020-05-19T19:00:00Z,129378,115894,60716,57591,13484,42033,41912,51038,30543
2020-05-19T20:00:00Z,127062,115062,63135,60169,12000,40816,40701,48996,30260
2020-05-19T21:00:00Z,116268,105343,58778,55453,10925,37533,37439,44943,27410
2020-05-19T22:00:00Z,98584,90047,50483,48375,8537,32288,32184,39215,24243
2020-05-19T23:00:00Z,97205,82786,47252,44204,14419,28553,28467,37699,22382
2020-05-20T00:00:00Z,93573,80672,45882,42088,12901,28821,28732,37601,22718
2020-05-20T01:00:00Z,92463,83900,45046,42504,8563,31867,31779,38527,21925
2020-05-20T02:00:00Z,94400,86588,46491,44018,7812,33243,33164,40080,22515
2020-05-20T03:00:00Z,89068,82229,44340,42227,6839,31822,31729,38393,21388
2020-05-20T04:00:00Z,82468,72727,40034,38216,9741,26881,26801,34259,19440
2020-05-20T05:00:00Z,83776,72468,40573,38299,11308,29300,29218,34079,19851
2020-05-20T06:00:00Z,103523,92795,47419,45094,10728,36474,36379,43298,23999
2020-05-20T07:00:00Z,117672,105459,53409,51402,12213,41875,41780,47910,26821
2020-05-20T08:00:00Z,126118,114086,56627,54296,12032,45404,45306,51817,29043
2020-05-20T09:00:00Z,127567,116568,59468,56899,10999,46257,46158,52432,30364
2020-05-20T10:00:00Z,119351,108792,56105,53888,10559,42096,41995,48711,28770
2020-05-20T11:00:00Z,115524,107084,54698,52801,8440,40953,40860,47527,27668
2020-05-20T12:00:00Z,124918,116836,60384,58043,8082,45108,44992,51710,30573
2020-05-20T13:00:00Z,138820,128530,66159,63925,10290,50043,49927,56492,33520
2020-05-20T14:00:00Z,144599,136328,70277,68422,8271,53270,53151,59193,35728
2020-05-20T15:00:00Z,142828,134045,69646,67507,8783,52013,51898,58646,35746
2020-05-20T16:00:00Z,150178,125978,64730,62450,24200,47498,47374,61835,33238
2020-05-20T17:00:00Z,145919,118730,63109,60847,27189,44054,43929,58914,30627
2020-05-20T18:00:00Z,129312,119770,62651,60263,9542,42404,42301,49900,30241
2020-05-20T19:00:00Z,119288,108907,59314,57225,10381,40965,40837,47334,29393
2020-05-20T20:00:00Z,116574,105803,58048,55748,10771,39524,39416,44859,28743
2020-05-20T21:00:00Z,108094,99027,54811,52688,9067,36396,36290,41136,26425
2020-05-20T22:00:00Z,95401,87028,48239,46180,8373,31693,31593,36992,23627
2020-05-20T23:00:00Z,81019,74113,42293,40578,6906,28021,27929,32652,20526
2020-05-21T00:00:00Z,79817,72370,41901,39370,7447,27658,27571,33135,20699
2020-05-21T01:00:00Z,82510,76815,41705,39990,5695,31076,30990,35077,20447
2020-05-21T02:00:00Z,87355,81564,43046,41438,5791,32809,32716,37209,21111
2020-05-21T03:00:00Z,82267,76422,41478,39952,5845,31426,31348,35432,20746
2020-05-21T04:00:00Z,72353,65514,36846,35283,6839,26098,26024,30359,18267
2020-05-21T05:00:00Z,77459,68835,37925,36303,8624,28207,28133,32440,18772
2020-05-21T06:00:00Z,92639,83707,43899,42054,8932,33634,33551,38512,21855
2020-05-21T07:00:00Z,97727,89255,46937,45317,8472,37201,37112,41215,23664
2020-05-21T08:00:00Z,105693,96504,50522,48775,9189,40398,40300,44617,25842
2020-05-21T09:00:00Z,107061,99410,52191,50378,7651,41437,41338,45990,26971
2020-05-21T10:00:00Z,104596,96625,52703,50904,7971,39392,39286,43791,26532
2020-05-21T11:00:00Z,101313,94503,50943,49391,6810,38177,38075,42427,25769
2020-05-21T12:00:00Z,108501,101743,55322,53125,6758,40876,40772,45328,27757
2020-05-21T13:00:00Z,122442,114606,61112,59120,7836,45634,45527,49776,30557
2020-05-21T14:00:00Z,130816,123325,66133,64045,7491,49308,49209,53997,33414
2020-05-21T15:00:00Z,131747,123954,66846,64813,7793,49013,48905,53953,33834
2020-05-21T16:00:00Z,127935,120716,64515,62518,7219,45648,45547,50702,31719
2020-05-21T17:00:00Z,122800,115218,62528,60643,7582,42355,42255,47274,29520
2020-05-21T18:00:00Z,122133,111479,60739,58478,10654,40673,40568,47382,29922
2020-05-21T19:00:00Z,121788,103804,57161,55024,17984,39045,38937,46532,28005
2020-05-21T20:00:00Z,114864,101125,57528,54782,13739,37968,37863,44543,27811
2020-05-21T21:00:00Z,112279,96215,55356,52532,16064,35343,35225,43183,26434
2020-05-21T22:00:00Z,91763,84455,48119,46056,7308,30384,30281,35435,22690
2020-05-21T23:00:00Z,82434,75595,43569,41642,6839,27224,27137,32292,20374
2020-05-22T00:00:00Z,79479,72062,42187,39346,7417,26960,26862,32359,20294
2020-05-22T01:00:00Z,83383,77666,42421,40890,5717,29847,29763,33719,19866
2020-05-22T02:00:00Z,84478,78914,43263,41689,5564,31943,31860,36017,20727
2020-05-22T03:00:00Z,80625,75336,42408,40784,5289,30257,30183,34203,20272
2020-05-22T04:00:00Z,73900,66038,37891,36298,7862,25507,25435,30115,17787
2020-05-22T05:00:00Z,78557,67463,37664,35809,11094,27199,27128,32598,18490
2020-05-22T06:00:00Z,92976,79776,43649,41104,13200,33279,33193,39424,22101
2020-05-22T07:00:00Z,103346,90885,48431,45920,12461,37744,37651,43492,24446
2020-05-22T08:00:00Z,111661,99745,53253,50573,11916,40885,40788,46342,26903
2020-05-22T09:00:00Z,111315,102590,54446,52133,8725,42052,41956,46940,27745
2020-05-22T10:00:00Z,104767,95522,53038,51000,9245,38943,38846,43332,26742
2020-05-22T11:00:00Z,102702,94148,51795,49745,8554,36899,36806,41594,25516
2020-05-22T12:00:00Z,113018,106066,55770,53499,6952,39788,39689,44094,27316
2020-05-22T13:00:00Z,119904,111131,60673,58805,8773,43774,43663,48197,29568
2020-05-22T14:00:00Z,130700,121404,66648,64402,9296,47186,47078,52943,32687
2020-05-22T15:00:00Z,133504,116792,64305,62191,16712,45830,45718,53311,31796
2020-05-22T16:00:00Z,161247,93419,50566,49510,67828,37856,37756,55916,25906
2020-05-22T17:00:00Z,120576,105146,58721,57672,15430,39970,39864,46591,27966
2020-05-22T18:00:00Z,104070,98847,54294,53314,5223,38048,37962,42691,26715
2020-05-22T19:00:00Z,95773,90639,50285,49440,5134,35054,34956,39586,25026
2020-05-22T20:00:00Z,84837,80829,44381,43414,4008,32475,32392,36256,22621
2020-05-22T21:00:00Z,86418,80509,45413,44101,5909,31067,30984,35076,22181
2020-05-22T22:00:00Z,69124,65638,37606,36888,3486,25572,25499,29645,18561
2020-05-22T23:00:00Z,64644,60343,34839,33777,4301,23158,23090,27059,16831
2020-05-23T00:00:00Z,63617,58334,35376,33224,5283,21607,21538,26693,17104
2020-05-23T01:00:00Z,72056,57745,33980,31949,14311,21781,21722,28897,16208
2020-05-23T02:00:00Z,82663,57761,33921,31829,24902,22243,22178,34962,16366
2020-05-23T03:00:00Z,63193,56658,33319,31340,6535,21889,21841,26754,16247
2020-05-23T04:00:00Z,59090,54514,31901,30397,4576,20207,20149,24369,14940
2020-05-23T05:00:00Z,57620,52920,31199,29839,4700,20530,20472,24651,14665
2020-05-23T06:00:00Z,64353,57491,33493,31181,6862,22384,22318,27778,16273
2020-05-23T07:00:00Z,66437,62242,34579,33253,4195,24515,24465,28634,17002
2020-05-23T08:00:00Z,70541,66018,36580,35168,4523,26358,26293,30540,18166
2020-05-23T09:00:00Z,72491,68347,38804,37280,4144,27836,27781,32360,19717
2020-05-23T10:00:00Z,73662,68594,39339,37900,5068,27300,27235,31494,19323
2020-05-23T11:00:00Z,78705,70804,40859,39242,7901,27808,27748,32920,19908
2020-05-23T12:00:00Z,85106,75697,43840,41808,9409,29775,29704,36647,21907
2020-05-23T13:00:00Z,85222,79886,46792,45169,5336,32412,32341,37003,23015
2020-05-23T14:00:00Z,93439,88206,50712,49173,5233,35348,35282,40508,25087
2020-05-23T15:00:00Z,93957,88858,51890,50293,5099,35902,35829,40469,25687
2020-05-23T16:00:00Z,90834,85979,49901,48435,4855,34158,34086,38739,24627
2020-05-23T17:00:00Z,88435,83892,49556,48352,4543,32430,32360,36749,23311
2020-05-23T18:00:00Z,84902,80271,46435,44849,4631,30854,30782,35371,22501
2020-05-23T19:00:00Z,81659,77072,45213,43750,4587,29355,29297,33938,21649
2020-05-23T20:00:00Z,78840,74583,43629,42313,4257,28119,28053,33009,20815
2020-05-23T21:00:00Z,73276,68926,40941,39651,4350,26095,26021,30840,19457
2020-05-23T22:00:00Z,65878,62548,37600,36542,3330,23390,23330,26869,17590
2020-05-23T23:00:00Z,58085,55096,33081,32122,2989,20684,20628,24241,15715
2020-05-24T00:00:00Z,56721,51804,32568,30656,4917,19455,19398,24078,15516
2020-05-24T01:00:00Z,57939,54074,32137,30949,3865,19877,19820,23475,14629
2020-05-24T02:00:00Z,59025,55870,31711,30580,3155,20894,20834,25538,14724
2020-05-24T03:00:00Z,56496,53162,31448,30238,3334,20764,20710,24807,15063
2020-05-24T04:00:00Z,55996,52319,30851,29705,3677,20065,20011,23820,14483
2020-05-24T05:00:00Z,57542,53076,31186,29775,4466,20377,20319,24287,14502
2020-05-24T06:00:00Z,63601,57394,33482,31692,6207,21991,21939,27207,16203
2020-05-24T07:00:00Z,64449,60633,35043,33825,3816,24522,24470,28042,17006
2020-05-24T08:00:00Z,69618,65863,37920,36584,3755,26825,26759,30942,18802
2020-05-24T09:00:00Z,73903,69747,41146,39711,4156,27693,27635,31849,19557
2020-05-24T10:00:00Z,76545,72547,42241,40831,3998,28318,28255,32372,20053
2020-05-24T11:00:00Z,79350,74684,43378,42086,4666,28671,28600,32671,20366
2020-05-24T12:00:00Z,85002,79580,46444,44577,5422,31521,31455,35928,22615
2020-05-24T13:00:00Z,89390,84050,48267,46939,5340,34392,34322,38936,24128
2020-05-24T14:00:00Z,98477,92043,53325,51855,6434,37695,37632,42359,26726
2020-05-24T15:00:00Z,98246,91633,53547,51853,6613,37406,37342,42317,27091
2020-05-24T16:00:00Z,94511,87952,51275,49822,6559,34922,34850,40150,25639
2020-05-24T17:00:00Z,91105,85874,51573,50232,5231,33460,33388,38091,24480
2020-05-24T18:00:00Z,87831,82551,48878,47191,5280,32353,32290,37356,24141
2020-05-24T19:00:00Z,86803,81392,48540,47094,5411,31208,31140,36322,23419
2020-05-24T20:00:00Z,85135,78623,47536,46091,6512,29931,29872,35504,22621
2020-05-24T21:00:00Z,77356,72776,43832,42326,4580,27651,27585,31881,20737
2020-05-24T22:00:00Z,69041,64603,38146,36927,4438,24110,24045,28813,18655
2020-05-24T23:00:00Z,60815,57055,34718,33574,3760,21819,21762,25702,16502
2020-05-25T00:00:00Z,66249,58407,36032,33661,7842,22587,22524,27893,17561
2020-05-25T01:00:00Z,70248,64322,36130,34492,5926,26344,26280,30396,17740
2020-05-25T02:00:00Z,75050,68396,38017,36381,6654,28359,28291,32347,18610
2020-05-25T03:00:00Z,74952,68256,38025,36442,6696,27900,27835,32313,18473
2020-05-25T04:00:00Z,71161,61163,35116,33499,9998,24054,23989,29751,16887
2020-05-25T05:00:00Z,80308,67398,37202,35300,12910,26825,26749,31956,18164
2020-05-25T06:00:00Z,95190,81440,44975,42178,13750,33247,33156,39223,22579
2020-05-25T07:00:00Z,105447,94865,49639,47760,10582,38973,38882,43333,24484
2020-05-25T08:00:00Z,114188,102587,54150,52133,11601,41919,41831,46257,26494
2020-05-25T09:00:00Z,117002,104723,55123,52703,12279,43279,43174,47619,27927
2020-05-25T10:00:00Z,110158,97506,53045,50710,12652,39759,39658,44155,26453
2020-05-25T11:00:00Z,106371,95508,52222,50202,10863,38924,38836,43281,25766
2020-05-25T12:00:00Z,113148,103960,55791,53333,9188,41612,41523,46203,28138
2020-05-25T13:00:00Z,125691,115874,62026,59960,9817,46055,45949,50565,31050
2020-05-25T14:00:00Z,130353,121736,65581,63358,8617,48985,48873,53749,33733
2020-05-25T15:00:00Z,124898,116893,64662,62407,8005,47458,47357,52241,32977
2020-05-25T16:00:00Z,116000,108857,61108,59150,7143,42488,42397,47647,30026
2020-05-25T17:00:00Z,112831,103255,59910,57488,9576,39251,39157,44898,28287
2020-05-25T18:00:00Z,107810,99182,56920,54455,8628,37804,37719,43734,27909
2020-05-25T19:00:00Z,104899,97265,56243,54194,7634,36905,36820,41966,27080
2020-05-25T20:00:00Z,101014,92999,52763,50999,8015,35250,35170,40379,25860
2020-05-25T21:00:00Z,92305,84994,50562,48693,7311,31994,31913,37481,24260
2020-05-25T22:00:00Z,80269,74518,43726,42345,5751,27721,27643,32757,21044
2020-05-25T23:00:00Z,71419,64671,38448,37048,6748,24933,24868,29457,18615
2020-05-26T00:00:00Z,73203,67398,40248,37981,5805,25674,25606,31215,19631
2020-05-26T01:00:00Z,75993,71427,39542,38090,4566,29644,29582,33390,19697
2020-05-26T02:00:00Z,81590,76574,41892,40466,5016,31515,31443,35928,20453
2020-05-26T03:00:00Z,81128,76230,42451,40873,4898,30690,30624,35312,20411
2020-05-26T04:00:00Z,71262,65969,37785,36239,5293,25629,25565,29789,17892
2020-05-26T05:00:00Z,76771,70934,38002,36558,5837,27959,27878,32030,18564
2020-05-26T06:00:00Z,91184,84692,44749,42659,6492,34794,34715,39074,22318
2020-05-26T07:00:00Z,104493,97897,49272,47626,6596,40359,40268,44518,25201
2020-05-26T08:00:00Z,113935,105706,53629,51793,8229,44112,44017,47681,27533
2020-05-26T09:00:00Z,119067,112238,58910,56782,6829,45359,45256,49132,29047
2020-05-26T10:00:00Z,109609,102066,54302,52370,7543,41363,41263,45915,27677
2020-05-26T11:00:00Z,106514,100287,52792,51148,6227,40439,40335,44244,26619
2020-05-26T12:00:00Z,117993,110818,58487,56126,7175,44654,44551,48778,29916
2020-05-26T13:00:00Z,130564,122082,63655,61617,8482,49716,49586,54052,32929
2020-05-26T14:00:00Z,141675,133476,69228,66874,8199,53221,53099,58377,35681
2020-05-26T15:00:00Z,143698,131206,69306,66785,12492,52118,51987,58955,35388
2020-05-26T16:00:00Z,131588,120920,63631,61356,10668,47722,47603,54668,33145
2020-05-26T17:00:00Z,125638,115344,63269,61072,10294,44313,44191,50536,31194
2020-05-26T18:00:00Z,125399,112018,60371,57888,13381,42679,42567,50552,30297
2020-05-26T19:00:00Z,128122,109687,59864,57589,18435,41855,41735,51525,29842
2020-05-26T20:00:00Z,119957,106480,58695,56452,13477,40134,40025,47804,28962
2020-05-26T21:00:00Z,110502,98316,54808,52220,12186,36571,36456,42866,26801
2020-05-26T22:00:00Z,95261,84624,47254,44926,10637,31717,31615,37300,23324
2020-05-26T23:00:00Z,84248,74324,42153,40104,9924,28009,27922,33823,20550
2020-05-27T00:00:00Z,82997,72863,42253,39152,10134,27979,27891,34763,21388
2020-05-27T01:00:00Z,85326,76649,42387,40168,8677,31540,31460,36596,21294
2020-05-27T02:00:00Z,89734,80246,43646,41617,9488,33031,32946,38464,21614
2020-05-27T03:00:00Z,85505,76528,43118,41031,8977,31302,31220,36373,21047
2020-05-27T04:00:00Z,77129,67528,37767,35969,9601,26713,26636,31823,18619
2020-05-27T05:00:00Z,83725,72164,38623,36393,11561,28730,28648,33577,19185
2020-05-27T06:00:00Z,102453,90502,45380,43067,11951,36095,36002,41693,23376
2020-05-27T07:00:00Z,114536,104512,51879,49900,10024,41323,41227,45846,26229
2020-05-27T08:00:00Z,121205,110822,54860,52852,10383,44647,44552,49016,28071
2020-05-27T09:00:00Z,123030,114189,57864,55537,8841,45715,45606,49695,29448
2020-05-27T10:00:00Z,116630,106290,54803,52609,10340,41814,41706,46789,28087
2020-05-27T11:00:00Z,110922,102704,53734,51820,8218,40529,40427,44987,27320
2020-05-27T12:00:00Z,124306,115120,60105,57540,9186,44793,44683,49702,30415
2020-05-27T13:00:00Z,134503,125684,67131,65081,8819,49856,49746,54338,33844
2020-05-27T14:00:00Z,143028,133768,70584,68029,9260,53285,53168,57889,35987
2020-05-27T15:00:00Z,143150,133458,69569,67055,9692,52531,52407,57144,35606
2020-05-27T16:00:00Z,134587,123608,65088,62762,10979,47674,47545,53963,33426
2020-05-27T17:00:00Z,132752,114805,62284,59790,17947,43529,43411,52225,30564
2020-05-27T18:00:00Z,127664,112901,61091,58396,14763,41919,41805,50758,30556
2020-05-27T19:00:00Z,117550,107688,59381,57016,9862,40621,40515,46989,29466
2020-05-27T20:00:00Z,113032,103358,56910,54524,9674,39195,39075,44575,28268
2020-05-27T21:00:00Z,106590,97938,54161,51833,8652,36202,36096,41345,26318
2020-05-27T22:00:00Z,93618,84145,46875,44608,9473,31058,30952,36682,23172
2020-05-27T23:00:00Z,91144,80747,40586,38319,10397,27094,27006,34660,19899
2020-05-28T00:00:00Z,81885,72047,42121,38983,9838,27485,27408,33992,21014
2020-05-28T01:00:00Z,85525,78661,43280,41188,6864,30997,30914,35342,20750
2020-05-28T02:00:00Z,86365,79642,43213,41302,6723,32411,32331,36539,21023
2020-05-28T03:00:00Z,83387,76224,42685,40734,7163,31084,31006,35616,20566
2020-05-28T04:00:00Z,77298,68015,38343,36647,9283,26243,26171,31452,18132
2020-05-28T05:00:00Z,81731,69958,39236,37067,11773,28451,28364,33582,19087
2020-05-28T06:00:00Z,96729,85272,45311,42843,11457,35542,35457,40583,23110
2020-05-28T07:00:00Z,109001,98277,50609,48496,10724,40404,40298,45352,25463
2020-05-28T08:00:00Z,116274,105978,54073,51962,10296,44030,43930,48733,27802
2020-05-28T09:00:00Z,116635,107552,55312,53140,9083,44887,44774,48742,28496
2020-05-28T10:00:00Z,110951,100779,54817,52333,10172,41524,41428,45821,27923
2020-05-28T11:00:00Z,107045,98978,52909,51026,8067,40041,39941,44324,26738
2020-05-28T12:00:00Z,118383,110585,59735,57188,7798,44042,43927,48558,29943
2020-05-28T13:00:00Z,131384,122132,63735,61613,9252,48842,48723,53456,32509
2020-05-28T14:00:00Z,142897,133786,70895,68441,9111,52662,52555,57607,35497
2020-05-28T15:00:00Z,138325,129444,68758,66117,8881,51412,51305,55836,34809
2020-05-28T16:00:00Z,126179,118355,63213,60978,7824,47102,46994,52075,32041
2020-05-28T17:00:00Z,125409,114681,61960,59620,10728,43780,43660,49394,30047
2020-05-28T18:00:00Z,122600,113003,60821,58249,9597,41841,41726,47977,29857
2020-05-28T19:00:00Z,118302,109539,58874,56580,8763,40170,40058,45782,28938
2020-05-28T20:00:00Z,116053,107300,58244,55936,8753,39166,39058,45028,28403
2020-05-28T21:00:00Z,107658,97519,53874,51744,10139,35958,35858,42377,26311
2020-05-28T22:00:00Z,93804,84371,46819,44798,9433,30832,30721,37451,22814
2020-05-28T23:00:00Z,102407,73736,41024,39328,28671,27091,27001,43309,19905
2020-05-29T00:00:00Z,85478,72840,40885,38033,12638,27079,26992,36308,20558
2020-05-29T01:00:00Z,81468,75695,40421,38675,5773,30067,29981,34746,19983
2020-05-29T02:00:00Z,83515,77592,41418,39710,5923,32093,32010,36152,20677
2020-05-29T03:00:00Z,80133,74054,40610,38905,6079,30537,30456,34836,20243
2020-05-29T04:00:00Z,75992,65653,37680,35767,10339,25575,25499,31390,18338
2020-05-29T05:00:00Z,80086,71698,37918,36222,8388,27166,27092,32286,18408
2020-05-29T06:00:00Z,100828,90322,44074,41504,10506,33840,33755,41593,22908
2020-05-29T07:00:00Z,101749,93484,48079,46363,8265,38905,38810,43176,24694
2020-05-29T08:00:00Z,110949,101956,53251,51360,8993,42021,41935,46121,26718
2020-05-29T09:00:00Z,113978,106033,56486,54364,7945,43460,43366,47876,28539
2020-05-29T10:00:00Z,104307,96400,52945,51115,7907,39123,39031,43644,26685
2020-05-29T11:00:00Z,99572,92541,50282,48481,7031,36989,36894,40814,25068
2020-05-29T12:00:00Z,109444,102428,55134,52983,7016,40629,40525,44755,27729
2020-05-29T13:00:00Z,120597,112750,60810,58865,7847,45174,45067,49515,30651
2020-05-29T14:00:00Z,130151,123589,53848,51965,6562,43227,43114,49393,29124
2020-05-29T15:00:00Z,130527,123250,60828,58748,7277,45591,45477,53342,31362
2020-05-29T16:00:00Z,156996,150065,50330,48661,6931,39220,39119,49815,26927
2020-05-29T17:00:00Z,119177,111588,56756,54816,7589,39489,39384,46926,27353
2020-05-29T18:00:00Z,122542,114157,53102,50283,8385,36684,36580,48430,26487
2020-05-29T19:00:00Z,103273,97047,53074,51108,6226,35497,35388,40707,25554
2020-05-29T20:00:00Z,117053,110287,49185,47389,6766,33332,33234,45009,24481
2020-05-29T21:00:00Z,107996,100726,46232,44086,7270,30502,30407,42447,22634
2020-05-29T22:00:00Z,91005,85713,40997,39352,5292,26833,26745,35059,20021
2020-05-29T23:00:00Z,70925,65521,36716,35106,5404,23263,23187,28219,17602
2020-05-30T00:00:00Z,68640,62490,37574,35032,6150,21617,21534,27764,17387
2020-05-30T01:00:00Z,69936,61543,35984,34000,8393,21071,20996,26926,15737
2020-05-30T02:00:00Z,65790,60397,34750,33074,5393,21764,21695,26665,15493
2020-05-30T03:00:00Z,61700,57327,34651,32929,4373,21579,21511,25902,15654
2020-05-30T04:00:00Z,58379,54041,32994,31396,4338,19791,19728,23895,14972
2020-05-30T05:00:00Z,63308,58441,30676,29221,4867,19724,19658,25760,14249
2020-05-30T06:00:00Z,81404,75980,32777,31036,5424,22110,22051,29989,16090
2020-05-30T07:00:00Z,65546,61343,34597,33245,4203,24374,24318,28265,16743
2020-05-30T08:00:00Z,72816,68677,39941,38488,4139,25811,25743,30216,17887
2020-05-30T09:00:00Z,75108,69450,40802,38903,5658,26779,26713,31638,18786
2020-05-30T10:00:00Z,73641,68684,41286,39645,4957,26537,26472,30656,18786
2020-05-30T11:00:00Z,75101,69718,40268,38687,5383,26668,26600,31183,19276
2020-05-30T12:00:00Z,76273,70978,41464,39284,5295,28400,28325,32842,20639
2020-05-30T13:00:00Z,83738,78766,45299,43678,4972,31520,31454,36012,22388
2020-05-30T14:00:00Z,88521,83186,47721,46015,5335,33826,33757,38527,23990
2020-05-30T15:00:00Z,88287,83591,47055,45383,4696,33865,33790,38397,24054
2020-05-30T16:00:00Z,90113,85483,49710,48183,4630,32414,32349,37042,23393
2020-05-30T17:00:00Z,89189,85082,50237,48953,4107,30497,30432,34929,21910
2020-05-30T18:00:00Z,85538,80884,47377,45720,4654,29254,29197,34126,21717
2020-05-30T19:00:00Z,75605,70605,41590,40133,5000,26092,26023,30907,19594
2020-05-30T20:00:00Z,83183,72790,43076,40937,10393,26253,26186,32572,20096
2020-05-30T21:00:00Z,74893,69568,41952,40397,5325,24750,24690,29736,18961
2020-05-30T22:00:00Z,69669,64119,38584,36800,5550,22343,22280,27557,17311
2020-05-30T23:00:00Z,61746,57126,35603,34425,4620,19667,19603,24563,15173
2020-05-31T00:00:00Z,61377,55251,33811,31464,6126,19016,18956,25373,15625
2020-05-31T01:00:00Z,59272,54659,33198,31806,4613,19070,19022,23591,14336
2020-05-31T02:00:00Z,60465,56568,32788,31313,3897,20133,20072,24321,14715
2020-05-31T03:00:00Z,57740,53624,32857,31052,4116,20494,20433,24912,15511
2020-05-31T04:00:00Z,56620,50625,30826,29177,5995,19678,19625,24293,15015
2020-05-31T05:00:00Z,55366,51627,30341,29056,3739,19984,19926,23714,14740
2020-05-31T06:00:00Z,61537,57170,33758,31927,4367,21829,21779,26371,16291
2020-05-31T07:00:00Z,64212,60707,34976,33675,3505,24275,24217,28177,16989
2020-05-31T08:00:00Z,73458,69867,42377,40855,3591,25714,25659,29973,18162
2020-05-31T09:00:00Z,75430,71165,42468,40857,4265,26983,26929,31209,19121
2020-05-31T10:00:00Z,73862,69702,41066,39607,4160,27478,27426,31693,19519
2020-05-31T11:00:00Z,73895,69679,40670,39364,4216,27985,27930,31971,19885
2020-05-31T12:00:00Z,82756,77671,45278,43344,5085,30434,30371,35183,22114
2020-05-31T13:00:00Z,89964,85563,48534,47106,4401,33392,33329,37780,23631
2020-05-31T14:00:00Z,91799,87562,50750,49370,4237,35779,35714,40473,25461
2020-05-31T15:00:00Z,93782,88557,52679,51031,5225,35874,35811,41153,26299
2020-05-31T16:00:00Z,98033,93342,53514,52194,4691,33478,33409,38699,24519
2020-05-31T17:00:00Z,92545,88108,54143,52790,4437,31471,31400,36557,23146
2020-05-31T18:00:00Z,88353,83329,50828,49163,5024,30996,30927,36217,23136
2020-05-31T19:00:00Z,84586,80360,49809,48333,4226,29807,29737,34600,22397
2020-05-31T20:00:00Z,83956,79131,48499,47077,4825,29218,29150,33578,21700
2020-05-31T21:00:00Z,78607,74087,46107,44584,4520,27052,26990,31598,20509
2020-05-31T22:00:00Z,70292,66154,41455,40256,4138,23685,23624,28047,17970
2020-05-31T23:00:00Z,65421,60931,37345,35973,4490,21547,21489,25946,16452
2020-06-01T00:00:00Z,70459,62772,39483,36999,7687,22595,22530,28421,17746
2020-06-01T01:00:00Z,80900,70224,41465,39552,10676,26428,26356,32340,18238
2020-06-01T02:00:00Z,82235,74095,40561,38850,8140,29041,28976,33675,19154
2020-06-01T03:00:00Z,81490,72653,40208,38141,8837,28249,28186,35466,19263
2020-06-01T04:00:00Z,73186,61849,36923,34853,11337,23591,23522,28996,17390
2020-06-01T05:00:00Z,80475,65269,37939,35716,15206,25727,25659,30820,17674
2020-06-01T06:00:00Z,89698,75389,41745,38889,14309,31474,31401,37019,20909
2020-06-01T07:00:00Z,98224,85259,45467,43241,12965,35630,35542,40711,22880
2020-06-01T08:00:00Z,111070,98114,53406,51016,12956,39060,38971,44059,25208
2020-06-01T09:00:00Z,119683,102439,55074,52348,17244,40349,40250,47631,26755
2020-06-01T10:00:00Z,112348,95954,53983,51237,16394,37799,37712,42824,25878
2020-06-01T11:00:00Z,109381,95727,53147,50850,13654,36974,36874,42167,25252
2020-06-01T12:00:00Z,119800,103847,58390,55400,15953,40079,39980,45892,27839
2020-06-01T13:00:00Z,126515,114128,62140,59744,12387,44623,44518,50553,30778
2020-06-01T14:00:00Z,131482,122690,66592,64059,8792,48730,48614,54204,33519
2020-06-01T15:00:00Z,133564,124425,68141,65343,9139,48061,47954,53679,33189
2020-06-01T16:00:00Z,129443,120634,66728,64464,8809,45123,45013,50794,31776
2020-06-01T17:00:00Z,130676,119669,66871,63970,11007,42291,42177,50200,29959
2020-06-01T18:00:00Z,126107,116724,65449,62833,9383,41134,41028,47369,29608
2020-06-01T19:00:00Z,120008,109695,62505,59829,10313,39638,39537,45701,29014
2020-06-01T20:00:00Z,119366,107816,62089,59681,11550,38365,38261,44286,27923
2020-06-01T21:00:00Z,108123,99190,55819,53723,8933,35237,35135,40863,25905
2020-06-01T22:00:00Z,92052,83575,47248,45234,8477,30177,30081,36178,22649
2020-06-01T23:00:00Z,85846,73655,41945,39684,12191,26455,26362,33156,20092
2020-06-02T00:00:00Z,83152,72500,42267,39250,10652,26979,26899,34440,21175
2020-06-02T01:00:00Z,83037,75363,41520,39543,7674,29636,29545,34590,20272
2020-06-02T02:00:00Z,93009,84562,41136,39002,8447,31040,30953,38965,20707
2020-06-02T03:00:00Z,81832,74102,40960,38982,7730,30036,29960,34914,20352
2020-06-02T04:00:00Z,73641,66042,37861,36073,7599,25273,25196,30021,18132
2020-06-02T05:00:00Z,80063,70727,40056,38124,9336,27503,27430,32076,18548
2020-06-02T06:00:00Z,92360,83460,44383,42055,8900,34514,34425,39505,22436
2020-06-02T07:00:00Z,105307,95091,48538,46568,10216,39609,39515,44993,25041
2020-06-02T08:00:00Z,114172,103879,52885,50600,10293,43133,43041,47913,27129
2020-06-02T09:00:00Z,114890,106076,54774,52542,8814,43904,43813,49039,28423
2020-06-02T10:00:00Z,109005,100046,52863,50395,8959,40349,40252,45632,27266
2020-06-02T11:00:00Z,107031,99175,52150,50179,7856,39502,39408,44055,26155
2020-06-02T12:00:00Z,117637,108841,59145,55946,8796,43380,43275,48245,29494
2020-06-02T13:00:00Z,130918,122120,63735,61474,8798,48002,47880,53018,32125
2020-06-02T14:00:00Z,139986,130993,69978,67444,8993,52065,51948,57228,35296
2020-06-02T15:00:00Z,137197,128858,67822,65404,8339,50943,50825,56097,34726
2020-06-02T16:00:00Z,139048,129778,61356,59021,9270,46190,46067,53709,31658
2020-06-02T17:00:00Z,146796,139529,52265,50385,7267,40013,39902,47048,27128
2020-06-02T18:00:00Z,118556,107600,56943,54050,10956,40648,40543,47776,29507
2020-06-02T19:00:00Z,117447,107491,57125,54484,9956,39955,39836,45779,28954
2020-06-02T20:00:00Z,117156,106260,57116,53753,10896,38747,38642,44616,28284
2020-06-02T21:00:00Z,110913,101893,54650,52242,9020,35530,35432,42276,26353
2020-06-02T22:00:00Z,94506,86451,48374,46191,8055,30785,30688,36715,23353
2020-06-02T23:00:00Z,85593,77384,43183,41364,8209,27034,26947,32522,20252
2020-06-03T00:00:00Z,84540,75852,44957,42019,8688,27152,27081,33243,21059
2020-06-03T01:00:00Z,85321,79311,42383,40644,6010,30755,30685,35286,20456
2020-06-03T02:00:00Z,88318,81943,43858,42115,6375,32494,32421,37122,21216
2020-06-03T03:00:00Z,83756,77365,43487,41583,6391,31191,31119,35815,21126
2020-06-03T04:00:00Z,72556,65148,37714,35963,7408,25833,25759,30300,18490
2020-06-03T05:00:00Z,77978,68755,38248,36482,9223,28083,28005,32945,19308
2020-06-03T06:00:00Z,92123,83217,44452,42103,8906,34896,34811,39483,22768
2020-06-03T07:00:00Z,108582,98851,50842,48691,9731,40257,40161,44345,25305
2020-06-03T08:00:00Z,116327,105526,54769,52497,10801,44089,43994,48227,28069
2020-06-03T09:00:00Z,116969,108023,56000,53735,8946,44670,44579,48810,28936
2020-06-03T10:00:00Z,112506,102832,54429,52200,9674,40978,40887,45488,27626
2020-06-03T11:00:00Z,110717,102390,55204,53040,8327,40257,40160,44686,27195
2020-06-03T12:00:00Z,119372,111087,59617,56831,8285,44318,44210,48737,30142
2020-06-03T13:00:00Z,131371,123023,65438,63206,8348,49081,48960,53371,32972
2020-06-03T14:00:00Z,141013,131826,69776,67132,9187,52626,52512,58901,36244
2020-06-03T15:00:00Z,139392,130262,70612,67674,9130,51976,51873,57143,36064
2020-06-03T16:00:00Z,118083,110547,58301,55918,7536,44749,44636,49328,31033
2020-06-03T17:00:00Z,115437,108656,47195,45295,6781,37093,36994,43594,25237
2020-06-03T18:00:00Z,105554,97561,51865,49486,7993,38498,38395,43527,27296
2020-06-03T19:00:00Z,117244,108477,59385,56758,8767,40121,40007,45970,29299
2020-06-03T20:00:00Z,122004,112617,61541,58746,9387,39933,39834,45471,29292
2020-06-03T21:00:00Z,107544,100393,54867,52711,7151,36585,36490,41460,26781
2020-06-03T22:00:00Z,93966,87991,47890,46071,5975,31000,30899,36004,22962
2020-06-03T23:00:00Z,81137,75334,42046,40379,5803,27251,27170,31907,20190
2020-06-04T00:00:00Z,82116,74343,42449,39560,7773,26940,26857,32757,20826
2020-06-04T01:00:00Z,90009,80914,44013,41548,9095,30114,30020,35094,20834
2020-06-04T02:00:00Z,93942,87730,43485,41611,6212,31996,31916,38645,21179
2020-06-04T03:00:00Z,82860,76682,42808,40819,6178,30952,30878,36123,21068
2020-06-04T04:00:00Z,79891,71176,38606,36553,8715,25608,25531,31985,18349
2020-06-04T05:00:00Z,79719,69838,39132,36969,9881,27797,27723,32835,19029
2020-06-04T06:00:00Z,95204,84403,45915,43326,10801,34741,34649,39590,22883
2020-06-04T07:00:00Z,104831,96367,49324,47425,8464,40212,40109,44789,25456
2020-06-04T08:00:00Z,117520,106933,54992,52654,10587,43507,43406,48149,28077
2020-06-04T09:00:00Z,117447,108214,55927,53342,9233,44148,44034,49048,28860
2020-06-04T10:00:00Z,110341,101283,53601,51377,9058,40609,40515,45694,27318
2020-06-04T11:00:00Z,110138,101896,53867,51755,8242,40014,39915,44840,26956
2020-06-04T12:00:00Z,119952,110921,58799,55958,9031,44064,43958,49616,30123
2020-06-04T13:00:00Z,131363,121940,64200,61700,9423,48629,48522,53274,32660
2020-06-04T14:00:00Z,122730,114878,61296,58875,7852,48460,48345,52872,32821
2020-06-04T15:00:00Z,106426,99863,53684,51679,6563,44286,44180,47790,29624
2020-06-04T16:00:00Z,104232,96970,51863,49900,7262,41327,41220,45502,28027
2020-06-04T17:00:00Z,119702,112113,60384,58484,7589,42564,42426,47155,29561
2020-06-04T18:00:00Z,119937,109398,59644,56594,10539,41511,41402,47944,30047
2020-06-04T19:00:00Z,113033,104890,58215,55703,8143,40016,39900,44755,28786
2020-06-04T20:00:00Z,116076,105091,58894,55829,10985,39403,39282,44649,28607
2020-06-04T21:00:00Z,107446,96179,54151,51001,11267,35415,35307,40668,26153
2020-06-04T22:00:00Z,91466,82460,47042,44250,9006,30299,30207,35875,22640
2020-06-04T23:00:00Z,79222,71946,41306,39114,7276,26780,26690,31676,20070
2020-06-05T00:00:00Z,79922,72443,42581,39437,7479,26449,26353,31848,20465
2020-06-05T01:00:00Z,80847,75031,41013,39151,5816,29585,29506,33699,19929
2020-06-05T02:00:00Z,83941,77820,42914,41161,6121,31385,31295,35467,20617
2020-06-05T03:00:00Z,80271,73754,41577,39570,6517,29995,29911,34667,20314
2020-06-05T04:00:00Z,73774,64580,37920,35979,9194,25145,25069,29760,17805
2020-06-05T05:00:00Z,77905,67771,37861,36060,10134,27084,27014,31389,18115
2020-06-05T06:00:00Z,92379,81791,43963,41443,10588,33944,33849,39046,22473
2020-06-05T07:00:00Z,107525,96641,49970,47710,10884,39350,39250,44556,24944
2020-06-05T08:00:00Z,116530,105345,55036,52845,11185,42126,42019,47470,27411
2020-06-05T09:00:00Z,119522,110314,58238,55838,9208,42986,42891,48779,28099
2020-06-05T10:00:00Z,115041,105570,55932,53776,9471,39321,39201,46100,26922
2020-06-05T11:00:00Z,109836,101564,53605,51455,8272,37188,37087,44590,25620
2020-06-05T12:00:00Z,117048,109093,56525,54135,7955,40268,40161,47517,27361
2020-06-05T13:00:00Z,130869,121772,62644,60422,9097,44836,44722,54757,30630
2020-06-05T14:00:00Z,149419,130221,67417,64903,19198,48373,48260,62927,32937
2020-06-05T15:00:00Z,137288,126139,65702,63219,11149,46858,46745,57750,32291
2020-06-05T16:00:00Z,147890,121900,64474,62216,25990,43952,43825,59410,31018
2020-06-05T17:00:00Z,166843,113110,59703,57145,53733,40412,40309,60396,28221
2020-06-05T18:00:00Z,163347,109123,58334,55876,54224,38462,38344,58903,27580
2020-06-05T19:00:00Z,155194,100338,54049,51895,54856,36092,35994,57705,25831
2020-06-05T20:00:00Z,171226,98881,53488,51421,72345,34604,34496,59784,25220
2020-06-05T21:00:00Z,163134,93282,49348,46944,69852,31674,31576,57017,23582
2020-06-05T22:00:00Z,150290,82955,45427,43632,67335,27209,27121,52368,20661
2020-06-06T00:00:00Z,143645,67824,39336,35608,75821,21437,21347,49196,17915
2020-06-06T01:00:00Z,136986,63639,36146,34225,73347,20790,20723,45534,15551
2020-06-06T02:00:00Z,104811,63746,35979,33445,41065,21521,21460,47280,15842
2020-06-06T03:00:00Z,100208,62284,35467,33749,37924,21500,21439,46523,15715
2020-06-06T04:00:00Z,98062,60163,34155,32579,37899,19973,19899,45097,14809
2020-06-06T05:00:00Z,96838,57580,31877,30198,39258,19970,19908,44211,14198
2020-06-06T06:00:00Z,102224,63753,34688,32686,38471,22164,22097,47714,16304
2020-06-06T07:00:00Z,106552,69012,36471,34943,37540,24085,24025,49126,16551
2020-06-06T08:00:00Z,111977,73867,38799,37083,38110,26081,26020,51218,17985
2020-06-06T09:00:00Z,118820,73103,39614,37840,45717,26838,26775,55351,18770
2020-06-06T10:00:00Z,126273,74844,40524,38955,51429,26724,26674,58057,19193
2020-06-06T11:00:00Z,128541,77662,41777,40218,50879,27066,26995,58090,19316
2020-06-06T12:00:00Z,130555,81518,44758,42691,49037,29039,28976,58687,21306
2020-06-06T13:00:00Z,133673,86189,47131,45407,47484,31646,31574,59878,22507
2020-06-06T14:00:00Z,138888,93180,50569,48905,45708,34385,34318,62264,24780
2020-06-06T15:00:00Z,149565,93838,51967,50014,55727,34857,34779,67206,25329
2020-06-06T16:00:00Z,148837,90452,49646,48101,58385,33195,33131,67320,24101
2020-06-06T17:00:00Z,153255,89777,49743,48206,63478,30974,30903,68300,22727
2020-06-06T18:00:00Z,139355,85495,48176,46369,53860,29674,29604,62384,22426
2020-06-06T19:00:00Z,117647,79500,45342,43904,38147,28414,28350,53002,21483
2020-06-06T20:00:00Z,128911,76931,43791,42342,51980,26798,26720,56183,20090
2020-06-06T21:00:00Z,118523,73030,41458,39885,45493,24974,24906,49675,19028
2020-06-06T22:00:00Z,118877,66745,38216,36964,52132,22437,22369,50367,17314
2020-06-07T00:00:00Z,130572,57967,34463,32094,72605,18944,18881,60588,15628
2020-06-07T01:00:00Z,127978,56338,31487,30107,71640,18977,18910,59722,14286
2020-06-07T02:00:00Z,131334,59905,33154,31729,71429,20653,20591,61160,14967
2020-06-07T03:00:00Z,128936,57924,32072,30558,71012,20568,20513,61153,15257
2020-06-07T04:00:00Z,125622,55570,30842,29437,70052,19899,19846,59985,14777
2020-06-07T05:00:00Z,129057,57759,31877,30610,71298,20078,20022,60313,14713
2020-06-07T06:00:00Z,132695,62506,34080,31896,70189,21980,21915,62377,16617
2020-06-07T07:00:00Z,137432,65589,35456,33828,71843,24056,23991,64424,17031
2020-06-07T08:00:00Z,143458,71226,38484,36736,72232,26168,26102,66992,18421
2020-06-07T09:00:00Z,146416,73595,39891,37956,72821,27275,27217,68475,19636
2020-06-07T10:00:00Z,147949,76305,41257,39704,71644,27824,27756,68803,20016
2020-06-07T11:00:00Z,149755,78191,42526,40991,71564,27996,27930,68954,20128
2020-06-07T12:00:00Z,158323,85419,46376,44221,72904,30297,30216,72409,22281
2020-06-07T13:00:00Z,161649,90982,49652,48208,70667,33446,33373,74402,24008
2020-06-07T14:00:00Z,170502,98614,54068,52470,71888,36420,36353,78127,26303
2020-06-07T15:00:00Z,170456,98776,55010,53193,71680,36771,36697,78773,27147
2020-06-07T16:00:00Z,164619,92970,51857,50396,71649,34880,34796,76440,25764
2020-06-07T17:00:00Z,163640,91984,52088,50587,71656,32950,32871,74101,24271
2020-06-07T18:00:00Z,162000,89980,51200,49281,72020,31821,31749,73651,24003
2020-06-07T19:00:00Z,158361,86357,48671,47007,72004,30698,30628,71955,23269
2020-06-07T20:00:00Z,155027,83372,47876,46336,71655,29477,29410,70478,22407
2020-06-07T21:00:00Z,150294,79025,45386,43814,71269,27564,27494,68406,21216
2020-06-07T22:00:00Z,144035,72244,41484,40179,71791,24352,24283,65519,18997
2020-06-08T00:00:00Z,142590,66365,38594,35808,76225,22693,22612,66291,18534
2020-06-08T01:00:00Z,146996,73401,40070,38267,73595,27123,27060,68011,18753
2020-06-08T02:00:00Z,154314,78826,41875,39479,75488,29852,29775,70663,20137
2020-06-08T03:00:00Z,151985,76891,42159,39822,75094,28809,28740,70272,20042
2020-06-08T04:00:00Z,148813,71920,39820,37420,76893,24941,24866,67146,18659
2020-06-08T05:00:00Z,156183,75235,40687,37843,80948,27331,27259,69001,19426
2020-06-08T06:00:00Z,169970,90473,46606,43574,79497,34261,34179,76663,23705
2020-06-08T07:00:00Z,180100,102818,51715,49250,77282,39318,39221,80431,25792
2020-06-08T08:00:00Z,185499,108121,54511,52098,77378,42215,42109,83902,28064
2020-06-08T09:00:00Z,173812,109850,55576,52737,63962,43055,42949,77008,28595
2020-06-08T10:00:00Z,124681,109423,57045,54274,15258,40826,40713,51355,27982
2020-06-08T11:00:00Z,125720,110835,57237,54850,14885,40159,40061,50645,27517
2020-06-08T12:00:00Z,131302,119548,62343,59439,11754,44368,44259,54607,30731
2020-06-08T13:00:00Z,148714,135231,69511,66738,13483,49332,49214,59952,33944
2020-06-08T14:00:00Z,154589,144040,72877,70286,10549,52811,52700,63347,36495
2020-06-08T15:00:00Z,148345,137924,71355,68689,10421,51533,51419,62133,36280
2020-06-08T16:00:00Z,139638,130150,67139,64901,9488,47301,47184,57950,33613
2020-06-08T17:00:00Z,133084,122425,65237,62308,10659,43178,43049,53622,30944
2020-06-08T18:00:00Z,131737,120605,64874,61802,11132,41644,41538,52625,30248
2020-06-08T19:00:00Z,128643,116292,62560,59498,12351,40614,40496,51537,29831
2020-06-08T20:00:00Z,124690,112341,59472,56608,12349,39396,39278,50191,28890
2020-06-08T21:00:00Z,111302,99692,55556,52549,11610,35867,35759,43249,26774
2020-06-08T22:00:00Z,96927,86682,49024,46454,10245,30522,30418,37034,23979
2020-06-08T23:00:00Z,83914,74074,42395,40297,9840,27227,27143,32244,20721
2020-06-09T00:00:00Z,84209,74305,43895,40659,9904,27339,27244,33794,21569
2020-06-09T01:00:00Z,85547,78222,43633,41701,7325,30625,30542,35388,20899
2020-06-09T02:00:00Z,91736,79810,44298,42356,11926,32461,32367,39065,21560
2020-06-09T03:00:00Z,83047,75766,43303,41144,7281,30890,30815,35593,20857
2020-06-09T04:00:00Z,77122,68149,39213,37333,8973,25788,25709,30971,18601
2020-06-09T05:00:00Z,81603,70403,39039,36999,11200,28013,27938,33057,19002
2020-06-09T06:00:00Z,99282,88553,46541,43937,10729,35159,35070,40579,23106
2020-06-09T07:00:00Z,108788,97727,51418,49149,11061,40113,40006,44948,25636
2020-06-09T08:00:00Z,121521,110214,57093,54643,11307,44073,43963,48691,28283
2020-06-09T09:00:00Z,122550,112628,58870,56164,9922,44639,44523,49997,29557
2020-06-09T10:00:00Z,113279,102067,55230,52771,11212,40738,40628,46054,27717
2020-06-09T11:00:00Z,111321,102074,54696,52534,9247,40044,39945,45141,27050
2020-06-09T12:00:00Z,120129,110771,58907,56306,9358,43913,43800,49011,29928
2020-06-09T13:00:00Z,134370,124420,66474,64165,9950,49223,49112,54235,33274
2020-06-09T14:00:00Z,145115,133913,71603,68910,11202,52868,52748,58249,36220
2020-06-09T15:00:00Z,140831,131109,71258,68473,9722,51828,51714,56721,35816
2020-06-09T16:00:00Z,132346,121228,66025,63731,11118,47060,46942,53367,32789
2020-06-09T17:00:00Z,128237,118822,67790,65296,9415,43423,43310,48467,30540
2020-06-09T18:00:00Z,121238,112420,62856,60236,8818,41961,41839,47732,30306
2020-06-09T19:00:00Z,118937,109994,60676,58391,8943,40569,40457,45489,29251
2020-06-09T20:00:00Z,115140,106603,58694,56516,8537,39366,39265,44638,28645
2020-06-09T21:00:00Z,109444,99546,56742,54074,9898,36016,35906,41640,26824
2020-06-09T22:00:00Z,94980,87294,51526,49365,7686,30694,30595,35769,23037
2020-06-09T23:00:00Z,86833,78430,47181,44848,8403,27064,26980,31776,20300
2020-06-10T00:00:00Z,83540,74966,44857,41582,8574,27152,27070,32837,20932
2020-06-10T01:00:00Z,86900,80052,46105,43985,6848,30770,30690,35479,21317
2020-06-10T02:00:00Z,91863,83035,46745,44255,8828,32922,32828,38421,21678
2020-06-10T03:00:00Z,87348,79384,46083,43713,7964,31365,31278,36583,21419
2020-06-10T04:00:00Z,80432,68549,40953,38666,11883,25998,25920,31567,18810
2020-06-10T05:00:00Z,84369,71244,40545,38341,13125,27901,27833,33439,18853
2020-06-10T06:00:00Z,98169,85115,46119,43320,13054,34699,34609,40689,22858
2020-06-10T07:00:00Z,111565,99078,52366,49931,12487,40357,40246,45164,25386
2020-06-10T08:00:00Z,120377,107520,55979,53509,12857,43634,43530,48554,28056
2020-06-10T09:00:00Z,119339,107464,56310,53732,11875,43898,43792,48591,28770
2020-06-10T10:00:00Z,110729,99399,53908,51195,11330,40213,40111,44933,27256
2020-06-10T11:00:00Z,107773,98298,53171,50931,9475,39365,39262,43811,26434
2020-06-10T22:00:00Z,20585,18398,11342,10176,2187,9230,9186,10391,6667
2020-06-10T23:00:00Z,80993,71048,42087,39545,9945,26303,26218,31754,19779
2020-06-11T00:00:00Z,85276,70817,43303,39659,14459,26259,26171,34998,20691
2020-06-11T01:00:00Z,80242,74319,42093,40171,5923,29622,29545,33637,19755
2020-06-11T02:00:00Z,85210,78799,43708,41905,6411,31858,31774,36131,20884
2020-06-11T03:00:00Z,81635,74709,42520,40450,6926,30273,30199,34976,20296
2020-06-11T04:00:00Z,74976,66781,38857,37016,8195,25697,25627,30656,18413
2020-06-11T05:00:00Z,78608,68624,38640,36882,9984,27593,27509,32573,18780
2020-06-11T06:00:00Z,96502,85662,46014,43415,10840,33872,33784,39874,22694
2020-06-11T07:00:00Z,103954,94061,49599,47307,9893,38540,38443,43250,24608
2020-06-11T08:00:00Z,114462,104323,54768,52585,10139,41978,41884,46764,27058
2020-06-11T09:00:00Z,115236,104844,55839,53340,10392,43065,42957,47512,28180
2020-06-11T10:00:00Z,108613,98449,53772,51357,10164,39316,39209,44131,26816
2020-06-11T11:00:00Z,107456,98734,53765,51607,8722,38344,38242,42995,25922
2020-06-11T12:00:00Z,116593,108260,58880,56140,8333,41930,41833,46836,28903
2020-06-11T13:00:00Z,128915,119856,64016,61873,9059,46704,46592,51783,31660
2020-06-11T14:00:00Z,139066,130483,70796,68420,8583,50445,50324,55346,34742
2020-06-11T15:00:00Z,138049,128944,69597,66871,9105,49572,49460,54138,34246
2020-06-11T16:00:00Z,132798,124810,66720,64483,7988,45491,45379,50291,32018
2020-06-11T17:00:00Z,122890,115096,63816,61756,7794,41809,41686,46441,29188
2020-06-11T18:00:00Z,119748,112278,61257,58844,7470,40047,39929,46004,29176
2020-06-11T19:00:00Z,112254,104591,57162,55035,7663,38393,38274,43020,27817
2020-06-11T20:00:00Z,103945,96363,53462,51497,7582,35457,35348,39897,25787
2020-06-11T21:00:00Z,100093,92318,51241,49007,7775,33154,33049,38238,24733
2020-06-11T22:00:00Z,89435,82632,45871,44020,6803,29199,29090,33764,21695
2020-06-11T23:00:00Z,80368,73816,41373,39492,6552,25639,25541,30224,19197
2020-06-12T00:00:00Z,77920,70508,41009,38049,7412,25549,25467,30929,20131
2020-06-12T01:00:00Z,81025,75209,41006,39062,5816,28640,28548,32729,19509
2020-06-12T02:00:00Z,84920,78877,42636,40760,6043,30612,30537,34684,20226
2020-06-12T03:00:00Z,82670,76287,41553,39420,6383,29952,29858,34464,20365
2020-06-12T04:00:00Z,77271,69395,38379,36444,7876,25043,24960,30034,18182
2020-06-12T05:00:00Z,78960,69848,37686,35728,9112,26683,26596,31355,18240
2020-06-12T06:00:00Z,92581,82657,44016,40834,9924,33000,32904,38337,22106
2020-06-12T07:00:00Z,103279,93186,47721,45516,10093,37205,37103,41791,23946
2020-06-12T08:00:00Z,109834,100043,52183,49874,9791,39955,39858,44582,26073
2020-06-12T09:00:00Z,111691,101731,53763,51054,9960,40905,40810,46075,27109
2020-06-12T10:00:00Z,103695,94142,50060,47794,9553,36962,36867,41911,25648
2020-06-12T11:00:00Z,100501,91312,48486,45952,9189,34691,34600,39669,24326
2020-06-12T12:00:00Z,107684,99290,52621,50012,8394,37901,37818,43234,26717
2020-06-12T13:00:00Z,117355,108762,57893,55727,8593,41842,41729,46573,28835
2020-06-12T14:00:00Z,126932,118159,62453,60043,8773,45347,45232,50240,31634
2020-06-12T15:00:00Z,126065,117527,61952,59366,8538,44569,44458,49740,31190
2020-06-12T16:00:00Z,117346,109870,58458,56252,7476,41057,40944,46258,29289
2020-06-12T17:00:00Z,113056,105857,57449,55443,7199,38136,38022,42929,27194
2020-06-12T18:00:00Z,107893,100601,53596,51181,7292,35837,35733,41438,26201
2020-06-12T19:00:00Z,104545,97400,53162,51116,7145,33605,33495,38534,25026
2020-06-12T20:00:00Z,101694,92814,49734,47594,8880,32149,32046,37784,23869
2020-06-12T21:00:00Z,92142,84813,46378,44215,7329,29149,29054,33944,21831
2020-06-12T22:00:00Z,82984,76667,41895,39874,6317,25465,25367,30053,19643
2020-06-12T23:00:00Z,73123,67600,36575,35066,5523,21769,21689,26205,16688
2020-06-13T00:00:00Z,68788,62919,35549,32849,5869,20060,19988,25817,16626
2020-06-13T01:00:00Z,66190,61418,32968,31183,4772,19792,19727,23832,14631
2020-06-13T02:00:00Z,65946,61362,32317,30556,4584,20571,20507,24563,14913
2020-06-13T03:00:00Z,64185,59243,32245,30467,4942,20417,20351,24565,15107
2020-06-13T04:00:00Z,61348,57400,31272,29621,3948,19162,19105,23233,14331
2020-06-13T05:00:00Z,60804,56860,30320,28879,3944,19232,19186,22868,13975
2020-06-13T06:00:00Z,67701,63102,33605,31497,4599,21422,21366,26431,15935
2020-06-13T07:00:00Z,69812,65426,34670,33065,4386,23125,23067,27076,16202
2020-06-13T08:00:00Z,73962,69238,36637,34887,4724,24399,24337,28478,17017
2020-06-13T09:00:00Z,75233,70583,37733,35836,4650,25264,25204,29807,18030
2020-06-13T10:00:00Z,75129,70691,38258,36651,4438,25012,24952,29271,18112
2020-06-13T11:00:00Z,74447,69988,37557,36028,4459,24951,24891,28910,17775
2020-06-13T12:00:00Z,81565,76597,41922,39813,4968,27263,27204,32021,19932
2020-06-13T13:00:00Z,86304,81611,44340,42835,4693,29590,29526,33834,21000
2020-06-13T14:00:00Z,92074,86639,47550,45898,5435,32030,31963,36923,22929
2020-06-13T15:00:00Z,93976,88356,47298,45249,5620,32166,32097,37015,23166
2020-06-13T16:00:00Z,88856,83754,45832,44193,5102,30384,30318,34886,22204
2020-06-13T17:00:00Z,88692,83680,46342,44919,5012,28941,28867,33483,21189
2020-06-13T18:00:00Z,86963,82299,45471,43629,4664,27491,27426,32813,21112
2020-06-13T19:00:00Z,82251,77574,42560,41030,4677,26395,26341,31217,20256
2020-06-13T20:00:00Z,77746,73392,40142,38776,4354,24851,24785,28993,18659
2020-06-13T21:00:00Z,73551,69334,38623,36955,4217,23159,23099,27583,17893
2020-06-13T22:00:00Z,65589,62175,33913,32786,3414,20482,20434,24458,15621
2020-06-13T23:00:00Z,61023,57588,31256,29997,3435,18195,18142,21890,14054
2020-06-14T00:00:00Z,61327,56447,31891,29535,4880,17873,17816,22776,14881
2020-06-14T01:00:00Z,61683,57411,31306,29803,4272,18085,18037,21918,13681
2020-06-14T02:00:00Z,63001,59168,32833,31244,3833,19085,19037,22781,14174
2020-06-14T03:00:00Z,64488,60661,33287,31697,3827,19590,19542,23838,14741
2020-06-14T04:00:00Z,62317,58591,31975,30553,3726,18880,18827,22717,14115
2020-06-14T05:00:00Z,62715,58843,31990,30552,3872,19245,19185,22947,14250
2020-06-14T06:00:00Z,67930,63519,34444,32548,4411,21174,21109,25431,15618
2020-06-14T07:00:00Z,70729,66827,35344,33979,3902,23134,23088,26901,16326
2020-06-14T08:00:00Z,74464,70396,37332,35816,4068,24881,24820,29143,17688
2020-06-14T09:00:00Z,77373,72770,38780,37077,4603,25870,25802,30008,18551
2020-06-14T10:00:00Z,77889,73592,39053,37553,4297,26267,26213,30547,18902
2020-06-14T11:00:00Z,81140,76183,40852,39314,4957,26983,26928,31835,20040
2020-06-14T12:00:00Z,88688,83538,45650,43573,5150,29051,28996,34115,21147
2020-06-14T13:00:00Z,85599,80944,48160,46706,4655,31860,31796,36475,22890
2020-06-14T14:00:00Z,95154,89748,52435,50828,5406,34659,34596,39725,24926
2020-06-14T15:00:00Z,97190,90996,52241,50221,6194,34644,34574,40491,25734
2020-06-14T16:00:00Z,92199,87004,49435,47951,5195,32615,32545,37871,24010
2020-06-14T17:00:00Z,88796,83941,48797,47427,4855,30362,30302,35222,22513
2020-06-14T18:00:00Z,86165,80480,46805,44928,5685,29739,29682,34882,22767
2020-06-14T19:00:00Z,84896,79932,46596,45003,4964,28838,28775,33553,22048
2020-06-14T20:00:00Z,82345,77139,45292,43862,5206,27752,27694,32058,21106
2020-06-14T21:00:00Z,78140,73549,42540,40977,4591,26015,25958,30392,20062
2020-06-14T22:00:00Z,71148,66840,39265,38037,4308,23025,22971,27520,17911
2020-06-14T23:00:00Z,67012,61026,35829,34365,5986,21126,21073,26078,16260
2020-06-15T00:00:00Z,71668,64150,38919,36132,7518,21748,21679,27536,17903
2020-06-15T01:00:00Z,78436,70403,39628,37276,8033,25990,25921,30554,18132
2020-06-15T02:00:00Z,82435,74551,40564,38486,7884,28690,28631,33136,19303
2020-06-15T03:00:00Z,81718,73825,40511,38455,7893,28119,28057,33329,19360
2020-06-15T04:00:00Z,77393,66944,36992,35007,10449,24163,24101,29827,17457
2020-06-15T05:00:00Z,83775,69062,37892,35716,14713,26241,26166,31559,18187
2020-06-15T06:00:00Z,100918,85871,45496,42521,15047,33437,33348,39410,22481
2020-06-15T07:00:00Z,109098,96899,49038,46764,12199,38584,38487,43014,24173
2020-06-15T08:00:00Z,116114,102649,53754,51144,13465,41632,41535,46566,26604
2020-06-15T09:00:00Z,120373,106337,55460,52601,14036,42944,42835,47944,28105
2020-06-15T10:00:00Z,110441,98137,52270,49802,12304,38728,38637,43959,26592
2020-06-15T11:00:00Z,111534,97511,51944,49281,14023,38516,38421,43651,26072
2020-06-15T12:00:00Z,121300,109871,57275,54060,11429,42485,42379,47819,29096
2020-06-15T13:00:00Z,133496,121720,63444,60750,11776,46859,46751,51930,31708
2020-06-15T14:00:00Z,143221,133051,68273,65305,10170,50610,50493,56057,34622
2020-06-15T15:00:00Z,143347,133543,67968,65112,9804,49943,49834,55240,34735
2020-06-15T16:00:00Z,134057,125276,64468,61913,8781,45010,44892,50811,31971
2020-06-15T17:00:00Z,125704,117632,61877,59560,8072,41613,41503,46988,29340
2020-06-15T18:00:00Z,116704,107949,57907,55236,8755,39828,39726,45230,28753
2020-06-15T19:00:00Z,133359,104745,57507,55055,28614,39116,39004,50817,28113
2020-06-15T20:00:00Z,144898,101907,57207,54512,42991,37749,37639,51165,27282
2020-06-15T21:00:00Z,151521,93723,52973,50496,57798,34679,34580,57347,25665
2020-06-15T22:00:00Z,100301,80723,46507,44630,19578,29897,29796,38790,22355
2020-06-15T23:00:00Z,90865,70035,40737,38741,20830,26165,26079,35140,19659
2020-06-16T00:00:00Z,92842,70530,41974,38678,22312,26543,26451,37281,20721
2020-06-16T01:00:00Z,85453,77431,44205,41967,8022,30058,29991,34514,20451
2020-06-16T02:00:00Z,87646,80011,44765,42609,7635,31522,31448,36288,21063
2020-06-16T03:00:00Z,80633,72998,41235,39184,7635,29973,29891,34504,20210
2020-06-16T04:00:00Z,74381,66292,38259,36144,8089,25629,25554,30900,18661
2020-06-16T05:00:00Z,78909,69616,38461,36591,9293,27638,27555,32550,18882
2020-06-16T06:00:00Z,93678,84954,45201,42560,8724,34583,34494,40157,22995
2020-06-16T07:00:00Z,104527,96087,48991,46900,8440,39375,39284,44219,24791
2020-06-16T08:00:00Z,115521,106181,54137,51821,9340,42961,42856,47667,27371
2020-06-16T09:00:00Z,117520,108691,55723,53156,8829,43264,43154,47778,28232
2020-06-16T10:00:00Z,106653,97314,52791,50056,9339,39304,39204,43889,26460
2020-06-16T11:00:00Z,108110,99638,53982,51760,8472,38790,38697,43177,26130
2020-06-16T12:00:00Z,121330,112934,61652,58706,8396,43325,43230,48284,29627
2020-06-16T13:00:00Z,135721,127345,68798,66533,8376,48121,48002,52509,32362
2020-06-16T14:00:00Z,139492,131008,71275,68744,8484,51544,51424,56598,35545
2020-06-16T15:00:00Z,138012,129333,70727,67997,8679,50543,50424,55548,34947
2020-06-16T16:00:00Z,126833,117900,64244,61528,8933,45958,45834,50980,32265
2020-06-16T17:00:00Z,118330,110544,61003,58789,7786,41998,41883,46635,29358
2020-06-16T18:00:00Z,113496,105837,58274,55804,7659,40165,40072,45435,29027
2020-06-16T19:00:00Z,109339,101796,56276,53913,7543,38862,38751,43456,27947
2020-06-16T20:00:00Z,107728,100273,54511,52490,7455,37831,37724,42636,27364
2020-06-16T21:00:00Z,100066,92209,52163,49553,7857,34795,34700,39559,25772
2020-06-16T22:00:00Z,89223,81297,45812,43798,7926,29927,29834,36043,22240
2020-06-16T23:00:00Z,78349,72072,41685,39730,6277,26374,26283,31514,19735
2020-06-17T00:00:00Z,77377,70328,40824,37986,7049,26005,25933,32155,20278
2020-06-17T01:00:00Z,80305,74687,41621,39698,5618,29310,29223,34057,20224
2020-06-17T02:00:00Z,84082,77749,43276,41219,6333,31269,31189,36092,20982
2020-06-17T03:00:00Z,82615,75583,42929,40638,7032,30111,30031,35556,20839
2020-06-17T04:00:00Z,74035,65944,38572,36577,8091,25266,25190,29985,18355
2020-06-17T05:00:00Z,75898,67101,37333,35426,8797,26987,26909,31814,18413
2020-06-17T06:00:00Z,92319,83916,44863,42352,8403,34226,34135,39700,22821
2020-06-17T07:00:00Z,105741,95741,49420,47277,10000,39186,39084,44057,24739
2020-06-17T08:00:00Z,112156,102556,52161,49881,9600,42065,41966,46934,26993
2020-06-17T09:00:00Z,113621,104801,55003,52398,8820,43267,43176,48482,28540
2020-06-17T10:00:00Z,108454,97170,52286,49495,11284,39242,39135,45364,26790
2020-06-17T11:00:00Z,107263,98381,52264,49953,8882,38520,38429,43746,26526
2020-06-17T12:00:00Z,118132,108053,58733,55467,10079,42912,42806,48698,30141
2020-06-17T13:00:00Z,130882,122199,65380,63000,8683,47695,47582,53082,32265
2020-06-17T14:00:00Z,139186,131136,69565,67165,8050,51294,51184,56307,35156
2020-06-17T15:00:00Z,141008,130457,68618,65425,10551,49678,49545,56223,34893
2020-06-17T16:00:00Z,126568,117666,63340,60914,8902,45311,45198,50662,31647
2020-06-17T17:00:00Z,123925,113700,62446,59372,10225,42152,42026,47704,29735
2020-06-17T18:00:00Z,116967,107701,59058,56150,9266,39959,39839,45616,28920
2020-06-17T19:00:00Z,110609,102143,56423,53989,8466,38534,38423,43873,28071
2020-06-17T20:00:00Z,109936,101406,55327,53047,8530,37496,37392,42476,27356
2020-06-17T21:00:00Z,102083,92890,51836,49448,9193,34173,34063,39232,25149
2020-06-17T22:00:00Z,88138,81085,46285,44311,7053,29374,29282,34265,21950
2020-06-17T23:00:00Z,79541,72988,41832,39950,6553,26051,25965,30749,19573
2020-06-18T00:00:00Z,75857,67886,40650,37460,7971,25837,25757,31815,20484
2020-06-18T01:00:00Z,80601,73924,40955,38717,6677,28842,28759,33514,19896
2020-06-18T02:00:00Z,83489,76867,42124,40173,6622,30512,30437,35207,20455
2020-06-18T03:00:00Z,81153,74243,41774,39604,6910,29443,29367,34566,20457
2020-06-18T04:00:00Z,72682,64594,37347,35483,8088,24806,24738,29746,17778
2020-06-18T05:00:00Z,79889,68706,38744,36827,11183,26658,26582,32300,18429
2020-06-18T06:00:00Z,92720,82108,44674,41808,10612,33342,33252,38912,22129
2020-06-18T07:00:00Z,106561,96401,50125,48030,10160,38778,38684,43615,24713
2020-06-18T08:00:00Z,115603,105285,53894,51570,10318,42234,42119,47317,26984
2020-06-18T09:00:00Z,117428,108554,55765,53224,8874,42962,42845,47360,27970
2020-06-18T10:00:00Z,108692,99272,53308,50949,9420,39171,39074,43673,26544
2020-06-18T11:00:00Z,109638,101217,52995,50913,8421,38459,38354,42699,25822
2020-06-18T12:00:00Z,118481,109316,58388,55509,9165,42243,42136,47540,28862
2020-06-18T13:00:00Z,131384,121221,63678,61093,10163,47406,47292,52007,31911
2020-06-18T14:00:00Z,144967,128467,67912,65358,16500,50094,49986,56641,34557
2020-06-18T15:00:00Z,166283,119094,63904,61002,47189,47660,47548,61707,33129
2020-06-18T16:00:00Z,194504,105480,57471,55295,89024,42402,42284,63644,29541
2020-06-18T17:00:00Z,169464,103680,58595,56264,65784,39384,39278,56188,27283
2020-06-18T18:00:00Z,115270,106697,59167,56584,8573,39754,39652,45092,28462
2020-06-18T19:00:00Z,113280,103648,57308,55040,9632,38233,38122,43973,27617
2020-06-18T20:00:00Z,109418,101224,55164,53030,8194,36838,36738,41985,26788
2020-06-18T21:00:00Z,100685,92201,50841,48361,8484,33637,33536,38542,24961
2020-06-18T22:00:00Z,86206,79489,45008,42859,6717,28954,28862,33730,21513
2020-06-18T23:00:00Z,78201,71386,40390,38472,6815,25552,25455,30772,19255
2020-06-19T00:00:00Z,76227,68265,40495,37331,7962,25299,25229,31426,19948
2020-06-19T01:00:00Z,78438,72348,40020,37857,6090,28468,28388,32583,19197
2020-06-19T02:00:00Z,81867,75596,41645,39742,6271,30141,30065,34444,19780
2020-06-19T03:00:00Z,78354,71869,40167,38070,6485,28785,28716,33536,19581
2020-06-19T04:00:00Z,70299,62358,36795,34741,7941,24167,24091,29128,17647
2020-06-19T05:00:00Z,76228,66182,37509,35478,10046,26056,25978,31040,17758
2020-06-19T06:00:00Z,90866,80918,43389,40681,9948,32631,32548,38194,21746
2020-06-19T07:00:00Z,100523,90545,47084,45050,9978,37602,37518,41952,23639
2020-06-19T08:00:00Z,93925,85207,46342,44138,8718,36984,36896,40734,24390
2020-06-19T09:00:00Z,108230,99456,51490,48934,8774,41136,41033,45454,26712
2020-06-19T10:00:00Z,104110,95502,52031,49836,8608,37788,37691,42707,26255
2020-06-19T11:00:00Z,96882,89344,48695,46771,7538,35725,35632,39872,24475
2020-06-19T12:00:00Z,109296,101287,53024,50395,8009,38598,38493,43265,26708
2020-06-19T13:00:00Z,117014,108683,58349,56138,8331,42305,42204,46634,28828
2020-06-19T14:00:00Z,123530,115014,62330,59646,8516,45350,45251,50434,31373
2020-06-19T15:00:00Z,123577,114778,61448,58919,8799,44648,44551,49883,30843
2020-06-19T16:00:00Z,111816,102273,55224,52713,9543,39239,39138,45197,28000
2020-06-19T17:00:00Z,107811,99084,55049,52639,8727,36751,36654,42305,26306
2020-06-19T18:00:00Z,101504,93467,50750,48075,8037,34727,34635,40322,25392
2020-06-19T19:00:00Z,96859,89615,48346,46283,7244,32608,32513,37814,23906
2020-06-19T20:00:00Z,91793,84112,46363,44319,7681,30916,30819,35992,22785
2020-06-19T21:00:00Z,88774,78394,44081,41226,10380,28298,28204,34624,21501
2020-06-19T22:00:00Z,73255,66331,38627,36674,6924,24549,24474,29290,18922
2020-06-19T23:00:00Z,66521,58892,34876,32625,7629,21181,21103,26176,16587
2020-06-20T00:00:00Z,60923,54373,33764,30745,6550,19772,19706,25414,16326
2020-06-20T01:00:00Z,58376,53226,31627,29665,5150,19773,19705,23744,14532
2020-06-20T02:00:00Z,58478,54243,32373,30749,4235,20666,20609,24714,14870
2020-06-20T03:00:00Z,60719,55920,33704,31812,4799,20835,20769,25235,15422
2020-06-20T04:00:00Z,54459,50688,30813,29348,3771,18497,18448,22156,13845
2020-06-20T05:00:00Z,55017,50977,31266,29785,4040,18895,18840,22536,13683
2020-06-20T06:00:00Z,59493,55146,32690,30710,4347,21387,21340,25689,15500
2020-06-20T07:00:00Z,63728,59054,33436,31897,4674,23323,23269,27135,15983
2020-06-20T08:00:00Z,66180,61521,35000,33074,4659,24587,24534,29009,17218
2020-06-20T09:00:00Z,68661,64058,36903,35022,4603,25698,25640,29963,18229
2020-06-20T10:00:00Z,67238,62511,35765,34131,4727,24833,24776,28923,17645
2020-06-20T11:00:00Z,64804,60665,35236,33807,4139,24416,24366,28287,17284
2020-06-20T12:00:00Z,72672,67618,39523,37378,5054,26452,26394,31121,19062
2020-06-20T13:00:00Z,78532,74077,42055,40575,4455,28892,28829,33083,20374
2020-06-20T14:00:00Z,84424,79829,45946,44437,4595,31695,31644,36348,22539
2020-06-20T15:00:00Z,84922,79809,46303,44386,5113,31517,31455,36231,22752
2020-06-20T16:00:00Z,82061,76667,44292,42838,5394,30185,30126,34639,21693
2020-06-20T17:00:00Z,80267,75705,45139,43876,4562,28516,28456,32965,20625
2020-06-20T18:00:00Z,76303,70836,42034,40198,5467,27113,27064,32168,20558
2020-06-20T19:00:00Z,72170,67728,40442,39083,4442,25883,25818,30101,19463
2020-06-20T20:00:00Z,68095,63954,38382,37119,4141,24175,24116,28165,18063
2020-06-20T21:00:00Z,65774,61524,37439,35853,4250,22767,22717,27039,17552
2020-06-20T22:00:00Z,60354,56112,34667,33263,4242,20207,20144,24455,15652
2020-06-20T23:00:00Z,51501,48115,29343,28195,3386,18029,17983,21890,13914
2020-06-21T00:00:00Z,52958,47556,30819,28177,5402,17297,17244,22492,14666
2020-06-21T01:00:00Z,53421,48774,30389,28816,4647,17750,17697,21559,13461
2020-06-21T02:00:00Z,54185,50488,30713,29147,3697,19168,19118,22847,14030
2020-06-21T03:00:00Z,57741,53614,32542,30815,4127,19583,19538,23645,14713
2020-06-21T04:00:00Z,53717,50119,31022,29515,3598,19030,18989,22830,14320
2020-06-21T05:00:00Z,55211,50839,30907,29325,4372,19269,19217,23094,14121
2020-06-21T06:00:00Z,59657,55242,33312,31246,4415,21058,21009,25520,15744
2020-06-21T07:00:00Z,64993,59550,35258,33548,5443,23084,23034,27550,16492
2020-06-21T08:00:00Z,66911,62352,36397,34660,4559,24719,24664,29055,17580
2020-06-21T09:00:00Z,68901,63996,37546,35571,4905,25294,25235,29576,18093
2020-06-21T10:00:00Z,69255,64676,37595,35965,4579,25266,25205,29585,18081
2020-06-21T11:00:00Z,72190,67713,39676,38197,4477,26108,26052,30199,18681
2020-06-21T12:00:00Z,78930,73479,43463,41236,5451,27746,27691,32621,20368
2020-06-21T13:00:00Z,83833,78293,45911,44227,5540,30663,30601,35338,21827
2020-06-21T14:00:00Z,90204,84815,49706,48056,5389,33664,33591,38546,24214
2020-06-21T15:00:00Z,89523,84098,48728,46772,5425,33242,33176,38641,24346
2020-06-21T16:00:00Z,84492,79150,45779,44331,5342,30867,30812,35849,22639
2020-06-21T17:00:00Z,82236,77498,46359,44923,4738,29073,29022,33711,21647
2020-06-21T18:00:00Z,78924,73461,43366,41344,5463,27742,27689,32893,21355
2020-06-21T19:00:00Z,77088,72235,43269,41717,4853,27041,26985,31631,20662
2020-06-21T20:00:00Z,73298,68224,41254,39745,5074,25867,25809,30173,19710
2020-06-21T21:00:00Z,68110,63286,39291,37614,4824,23814,23750,28077,18585
2020-06-21T22:00:00Z,58958,55100,34588,33334,3858,21076,21032,24882,16244
2020-06-21T23:00:00Z,56623,51908,32416,31063,4715,19172,19123,23234,14825
2020-06-22T00:00:00Z,61640,53741,34926,32017,7899,20505,20442,25782,16618
2020-06-22T01:00:00Z,68177,61915,35620,33782,6262,24691,24634,28479,16670
2020-06-22T02:00:00Z,75692,67875,38257,36329,7817,27655,27592,31477,17948
2020-06-22T03:00:00Z,78115,69497,39277,36968,8618,27257,27191,32138,18501
2020-06-22T04:00:00Z,74692,62356,37946,35734,12336,23376,23321,29031,16889
2020-06-22T05:00:00Z,79884,64345,36659,34415,15539,25877,25807,31057,17429
2020-06-22T06:00:00Z,99676,79841,43789,40616,19835,32274,32190,38830,21562
2020-06-22T07:00:00Z,107577,91739,48672,45771,15838,37832,37742,43656,24172
2020-06-22T08:00:00Z,116583,101421,52867,49913,15162,41042,40941,46123,26278
2020-06-22T09:00:00Z,117910,102667,54440,51343,15243,42158,42058,47223,27635
2020-06-22T10:00:00Z,111808,96341,52665,49527,15467,38284,38187,44042,26255
2020-06-22T11:00:00Z,112275,96412,51700,48865,15863,37734,37640,42942,25687
2020-06-22T12:00:00Z,120484,105061,57744,54056,15423,41549,41441,47332,28820
2020-06-22T13:00:00Z,132432,119423,63072,60085,13009,46757,46630,51753,31478
2020-06-22T14:00:00Z,137847,126326,68063,64798,11521,49823,49713,54928,34107
2020-06-22T15:00:00Z,136548,125446,67698,64452,11102,49243,49121,54562,34185
2020-06-22T16:00:00Z,125418,115358,62514,59563,10060,45071,44947,50504,31508
2020-06-22T17:00:00Z,116258,106396,59649,56688,9862,40024,39918,45620,28762
2020-06-22T18:00:00Z,114690,103966,57355,54005,10724,38315,38217,44206,27996
2020-06-22T19:00:00Z,102617,94317,51537,49188,8300,35494,35388,40243,25496
2020-06-22T20:00:00Z,111352,98498,55958,52441,12854,36820,36722,42144,26958
2020-06-22T21:00:00Z,102410,92416,52377,49748,9994,34003,33906,39647,25359
2020-06-22T22:00:00Z,88857,79961,45203,42968,8896,29195,29107,34375,22036
2020-06-22T23:00:00Z,80256,70202,41130,38760,10054,25682,25602,30904,19448
2020-06-23T00:00:00Z,78571,68978,41854,38303,9593,25823,25744,31755,20201
2020-06-23T01:00:00Z,83576,75012,41757,39471,8564,28979,28908,33717,19803
2020-06-23T02:00:00Z,88411,77154,43942,41003,11257,30782,30701,36484,21122
2020-06-23T03:00:00Z,83889,73075,42234,38773,10814,29655,29583,35744,21075
2020-06-23T04:00:00Z,76120,64331,38299,35653,11789,25276,25200,30822,18638
2020-06-23T05:00:00Z,84300,68881,39853,37029,15419,27212,27140,33321,19081
2020-06-23T06:00:00Z,95341,81345,44952,41737,13996,33357,33271,39760,22738
2020-06-23T07:00:00Z,109344,96816,50264,47633,12528,38559,38457,43766,24631
2020-06-23T08:00:00Z,116602,104486,54160,51511,12116,41623,41522,46929,27195
2020-06-23T09:00:00Z,122276,109080,55999,53052,13196,42237,42138,47948,28150
2020-06-23T10:00:00Z,110205,97028,51842,48741,13177,38520,38428,43626,26436
2020-06-23T11:00:00Z,104867,94682,50218,47696,10185,37671,37563,42390,25516
2020-06-23T12:00:00Z,117388,107843,57262,54101,9545,42127,42018,47140,28938
2020-06-23T13:00:00Z,127405,116922,61637,59157,10483,46533,46407,51217,31513
2020-06-23T14:00:00Z,135138,125826,67416,64517,9312,49850,49732,54866,34323
2020-06-23T15:00:00Z,135147,123343,66654,63189,11804,48788,48671,54955,34457
2020-06-23T16:00:00Z,127561,117468,62137,59388,10093,44527,44400,50313,31683
2020-06-23T17:00:00Z,120925,111545,58976,56428,9380,40990,40878,46229,28868
2020-06-23T18:00:00Z,116122,105738,57077,53808,10384,39254,39149,45045,28755
2020-06-23T19:00:00Z,113472,103705,56642,53915,9767,37933,37811,43575,27726
2020-06-23T20:00:00Z,110395,100544,54172,51897,9851,36876,36768,42124,26660
2020-06-23T21:00:00Z,101725,91736,50227,47330,9989,33798,33690,39175,25099
2020-06-23T22:00:00Z,89172,80462,44411,42115,8710,29050,28954,34253,21841
2020-06-23T23:00:00Z,80824,72554,41476,39361,8270,25595,25507,30431,19340
2020-06-24T00:00:00Z,80384,71749,41977,38799,8635,26074,25991,32177,20503
2020-06-24T01:00:00Z,82025,75325,41089,38990,6700,29047,28963,33634,19922
2020-06-24T02:00:00Z,84397,77382,41419,39524,7015,31130,31046,35686,20455
2020-06-24T03:00:00Z,84022,76344,41979,39679,7678,29974,29892,35098,20693
2020-06-24T04:00:00Z,75322,66562,37061,35092,8760,25118,25047,30177,18145
2020-06-24T05:00:00Z,79516,68278,37654,35424,11238,27004,26915,32403,18697
2020-06-24T06:00:00Z,95803,83352,44387,41178,12451,33379,33296,38823,22416
2020-06-24T07:00:00Z,105875,93350,47815,45159,12525,38132,38034,42659,24328
2020-06-24T08:00:00Z,112995,100532,51340,48709,12463,41225,41123,45674,26311
2020-06-24T09:00:00Z,116778,102578,53396,50032,14200,42060,41959,47253,27925
2020-06-24T10:00:00Z,111383,96596,51588,48375,14787,38351,38249,43854,26748
2020-06-24T11:00:00Z,107235,95571,50651,48108,11664,36262,36168,41106,25026
2020-06-24T12:00:00Z,114622,103868,55787,52031,10754,39831,39720,45189,28278
2020-06-24T13:00:00Z,130417,118127,63069,59632,12290,45158,45041,49743,30730
2020-06-24T14:00:00Z,135450,124561,66013,62800,10889,48756,48644,53306,33474
2020-06-24T15:00:00Z,132691,122782,64431,61482,9909,47384,47267,52182,32801
2020-06-24T16:00:00Z,123981,114658,59736,57202,9323,43941,43810,49498,30536
2020-06-24T17:00:00Z,130644,109647,59699,56480,20997,40594,40466,49360,29224
2020-06-24T18:00:00Z,129518,105163,55760,52825,24355,38929,38822,50629,28356
2020-06-24T19:00:00Z,153153,101263,54292,51829,51890,37533,37417,63067,27487
2020-06-24T20:00:00Z,164394,94720,51613,49148,69674,35970,35864,68991,26001
2020-06-24T21:00:00Z,123434,89245,48677,46086,34189,33465,33360,49631,24896
2020-06-24T22:00:00Z,88413,77316,42737,40606,11097,28544,28448,34139,21643
2020-06-24T23:00:00Z,81178,70347,38894,36998,10831,25354,25268,30873,19080
2020-06-25T00:00:00Z,76526,66095,38888,35737,10431,24145,24054,30567,19648
2020-06-25T01:00:00Z,76049,64838,36243,34087,11211,24440,24354,30202,18375
2020-06-25T02:00:00Z,83361,66122,38519,36241,17239,24873,24800,31716,18426
2020-06-25T03:00:00Z,79601,64278,36951,34751,15323,24030,23949,30748,18232
2020-06-25T04:00:00Z,87381,62165,35452,33165,25216,23320,23252,32017,17604
2020-06-25T05:00:00Z,77135,62590,35127,33003,14545,23833,23755,29670,17335
2020-06-25T06:00:00Z,176032,67678,37291,34761,108354,26264,26188,54056,18917
2020-06-25T09:00:00Z,173946,93359,50378,47655,80587,34910,34803,67166,24678
2020-06-25T10:00:00Z,105065,94818,51194,48794,10247,34754,34650,40372,25078
2020-06-25T11:00:00Z,101956,93300,49524,47519,8656,34977,34876,40037,24471
2020-06-25T12:00:00Z,110338,101897,53973,51278,8441,39002,38892,44205,27481
2020-06-25T13:00:00Z,127854,118436,60820,58470,9418,44581,44469,49834,30757
2020-06-25T14:00:00Z,133336,123994,64724,62057,9342,48181,48069,53305,33348
2020-06-25T15:00:00Z,132118,122372,63948,60988,9746,47297,47171,52060,33138
2020-06-25T16:00:00Z,122967,113694,60880,58314,9273,43539,43423,48672,30557
2020-06-25T17:00:00Z,116236,107403,58981,56429,8833,39545,39431,44664,28312
2020-06-25T18:00:00Z,112870,104023,56704,53863,8847,38342,38223,43573,27621
2020-06-25T19:00:00Z,112409,103707,57759,55459,8702,36890,36785,41773,26923
2020-06-25T20:00:00Z,104996,96896,51865,49652,8100,35531,35413,40239,25969
2020-06-25T21:00:00Z,96685,88933,48699,46290,7752,32861,32757,37455,24440
2020-06-25T22:00:00Z,84702,77541,43142,40920,7161,28146,28054,32820,21363
2020-06-25T23:00:00Z,75110,68285,38180,36354,6825,24465,24370,29141,18684
2020-06-26T00:00:00Z,73968,66149,39280,36176,7819,23903,23824,29454,19346
2020-06-26T01:00:00Z,69216,63467,36183,34310,5749,23880,23810,27967,17762
2020-06-26T02:00:00Z,70491,64995,37091,35310,5496,24591,24519,28918,17790
2020-06-26T03:00:00Z,69686,63616,36620,34652,6070,23871,23805,28582,17736
2020-06-26T04:00:00Z,68503,62482,36178,34421,6021,22977,22909,27506,17123
2020-06-26T05:00:00Z,71041,61715,35252,32707,9326,23032,22959,27819,16860
2020-06-26T06:00:00Z,80429,71797,39881,37190,8632,26897,26812,32661,19834
2020-06-26T07:00:00Z,91141,83695,45038,43171,7446,31848,31759,36912,22345
2020-06-26T08:00:00Z,95983,87756,46566,44410,8227,34343,34258,38518,23480
2020-06-26T09:00:00Z,96971,89896,48089,45698,7075,35312,35220,39782,24544
2020-06-26T10:00:00Z,95788,88448,48333,46279,7340,33373,33282,37996,23327
2020-06-26T11:00:00Z,94980,88309,47555,45513,6671,33161,33070,37615,23080
2020-06-26T12:00:00Z,103311,95766,51527,48788,7545,36720,36625,41671,25915
2020-06-26T13:00:00Z,115447,107628,55849,53653,7819,41532,41419,46021,28231
2020-06-26T14:00:00Z,120940,113374,60738,58583,7566,44751,44631,49340,30733
2020-06-26T15:00:00Z,121731,113934,61174,58421,7797,43571,43451,48927,30881
2020-06-26T16:00:00Z,113919,106000,56548,54462,7919,39421,39297,44471,28071
2020-06-26T17:00:00Z,109913,99909,54562,52249,10004,36724,36617,43143,26238
2020-06-26T18:00:00Z,101505,94129,51560,48937,7376,34549,34448,40109,25449
2020-06-26T19:00:00Z,99998,91013,49157,46794,8985,32765,32665,38553,24434
2020-06-26T20:00:00Z,94373,87136,46719,44647,7237,31440,31351,36746,23309
2020-06-26T21:00:00Z,86853,79868,43757,41492,6985,28713,28613,33506,21620
2020-06-26T22:00:00Z,74602,68703,37798,35934,5899,24335,24243,28243,18393
2020-06-26T23:00:00Z,64579,59335,33593,31895,5244,20628,20555,24765,15827
2020-06-27T00:00:00Z,61390,55385,33043,30185,6005,19353,19282,24994,16205
2020-06-27T01:00:00Z,58885,53888,31538,29735,4997,18853,18786,22784,14261
2020-06-27T02:00:00Z,59042,54602,31688,29966,4440,19274,19213,23155,14232
2020-06-27T03:00:00Z,60705,55702,32605,30438,5003,19379,19317,23537,14821
2020-06-27T04:00:00Z,53961,50011,29754,28065,3950,18226,18170,22181,14092
2020-06-27T05:00:00Z,55314,50994,29304,27462,4320,18778,18722,22363,13847
2020-06-27T06:00:00Z,62079,54385,32507,29892,7694,20227,20174,25907,15826
2020-06-27T07:00:00Z,63751,58041,32763,30791,5710,22048,21999,26331,15896
2020-06-27T08:00:00Z,64945,59570,33753,31693,5375,23139,23079,27391,16696
2020-06-27T09:00:00Z,67259,62309,34603,32508,4950,23627,23572,28441,17147
2020-06-27T10:00:00Z,68809,63779,35111,33404,5030,23619,23560,28004,17007
2020-06-27T11:00:00Z,69023,64218,35724,34033,4805,23826,23764,28118,17296
2020-06-27T12:00:00Z,71943,66508,38237,35887,5435,25589,25527,30451,18925
2020-06-27T13:00:00Z,77479,72516,41061,39436,4963,28860,28788,33566,20589
2020-06-27T14:00:00Z,83594,78135,45319,43622,5459,31508,31442,36506,22679
2020-06-27T15:00:00Z,86208,80562,44870,42829,5646,31058,30992,36449,22954
2020-06-27T16:00:00Z,80804,75489,41960,40344,5315,29139,29080,34317,21290
2020-06-27T17:00:00Z,78205,73720,41950,40669,4485,27187,27119,31704,19804
2020-06-27T18:00:00Z,75606,70156,40094,38166,5450,26147,26087,31454,19824
2020-06-27T19:00:00Z,71340,66650,38596,37156,4690,24691,24634,28999,18706
2020-06-27T20:00:00Z,69198,64399,36704,35289,4799,23772,23709,27743,17990
2020-06-27T21:00:00Z,65560,61310,35680,34001,4250,22198,22140,26690,17520
2020-06-27T22:00:00Z,60000,56261,32099,30849,3739,19891,19828,24344,15345
2020-06-27T23:00:00Z,54636,50872,29830,28577,3764,17747,17700,22023,13703
2020-06-28T00:00:00Z,57042,51297,31488,28754,5745,18201,18133,24184,15258
2020-06-28T01:00:00Z,59260,55170,30600,29018,4090,21118,21063,24948,14434
2020-06-28T02:00:00Z,63303,59454,32267,30733,3849,23680,23624,27016,15479
2020-06-28T03:00:00Z,64524,60008,32929,30987,4516,23303,23250,27497,16137
2020-06-28T04:00:00Z,57219,53187,30125,28479,4032,19348,19301,23713,14415
2020-06-28T05:00:00Z,60793,56563,30647,29234,4230,20855,20804,24884,14627
2020-06-28T06:00:00Z,69153,63932,34252,32074,5221,25161,25098,29609,17120
2020-06-28T07:00:00Z,70757,66168,35635,34004,4589,26773,26717,30396,17517
2020-06-28T08:00:00Z,74227,69034,36992,35182,5193,28358,28295,32382,18488
2020-06-28T09:00:00Z,75196,70270,38535,36458,4926,28920,28855,33141,19440
2020-06-28T10:00:00Z,74505,69260,38824,37076,5245,27326,27272,31613,19299
2020-06-28T11:00:00Z,74095,69191,38202,36571,4904,26743,26685,30904,18700
2020-06-28T12:00:00Z,78617,73128,41182,38939,5489,28550,28486,33590,20861
2020-06-28T13:00:00Z,83588,78792,44412,42776,4796,31115,31046,35300,22007
2020-06-28T14:00:00Z,90158,84721,47850,46026,5437,33598,33533,38556,23976
2020-06-28T15:00:00Z,89165,83677,47916,45879,5488,33178,33112,38609,24682
2020-06-28T16:00:00Z,84192,78820,45197,43760,5372,30854,30790,35895,23043
2020-06-28T17:00:00Z,82039,76992,44427,43038,5047,28972,28914,33592,21350
2020-06-28T18:00:00Z,77751,72609,41753,39901,5142,27790,27729,32978,21145
2020-06-28T19:00:00Z,77812,72987,43361,41814,4825,27051,26989,31948,20812
2020-06-28T20:00:00Z,74059,69462,41028,39666,4597,25912,25847,30340,19814
2020-06-28T21:00:00Z,74284,67691,40274,38464,6593,24587,24524,29674,19387
2020-06-28T22:00:00Z,64341,58054,35328,33845,6287,21687,21623,26072,16843
2020-06-28T23:00:00Z,58496,53487,32913,31279,5009,19903,19838,23983,15405
2020-06-29T00:00:00Z,63744,56296,35861,32983,7448,21409,21353,27134,17298
2020-06-29T01:00:00Z,70489,63676,36550,34632,6813,25480,25413,30222,17435
2020-06-29T02:00:00Z,76853,69602,40061,38102,7251,28513,28445,32554,18759
2020-06-29T03:00:00Z,75197,68038,38231,36080,7159,27502,27446,32456,18964
2020-06-29T04:00:00Z,68010,59662,34792,32863,8348,23445,23378,28678,16901
2020-06-29T05:00:00Z,79019,65616,36485,34216,13403,25962,25887,31531,17748
2020-06-29T06:00:00Z,95800,78936,42940,40007,16864,32653,32569,38976,21924
2020-06-29T07:00:00Z,103119,92435,48634,46501,10684,37658,37576,42956,24732
2020-06-29T08:00:00Z,112631,101379,52945,50530,11252,40558,40463,46311,27035
2020-06-29T09:00:00Z,10050,8909,4327,4105,1141,6313,6273,6890,3428
2020-06-29T10:00:00Z,3828,3575,1458,1402,253,2859,2844,3055,1276
2020-06-29T11:00:00Z,113299,101026,51163,48734,12273,40016,39912,45382,26130
2020-06-29T12:00:00Z,126552,112439,59885,56281,14113,43548,43431,49845,30041
2020-06-29T13:00:00Z,133049,120188,63614,60569,12861,47156,47044,52855,32029
2020-06-29T14:00:00Z,138842,127912,67843,64665,10930,50065,49941,56305,34505
2020-06-29T15:00:00Z,135125,124349,66364,63065,10776,48736,48612,54713,33931
2020-06-29T16:00:00Z,127795,117516,62520,59799,10279,44231,44111,50025,31559
2020-06-29T17:00:00Z,117939,107806,58399,56019,10133,40590,40476,45782,28650
2020-06-29T18:00:00Z,115016,105099,58194,55233,9917,38772,38657,44096,28321
2020-06-29T19:00:00Z,113500,102213,56316,53678,11287,38039,37933,43409,27773
2020-06-29T20:00:00Z,112527,99254,55944,52821,13273,36637,36531,42811,27313
2020-06-29T21:00:00Z,102964,91890,51515,48362,11074,33297,33191,39045,25175
2020-06-29T22:00:00Z,86302,79021,44805,42549,7281,28430,28329,34064,21762
2020-06-29T23:00:00Z,77269,69464,39294,37220,7805,25676,25585,30468,19078
2020-06-30T00:00:00Z,74210,66995,40057,37043,7215,25072,24995,31225,19936
2020-06-30T01:00:00Z,81135,74986,41730,39865,6149,28877,28800,33812,19784
2020-06-30T02:00:00Z,83303,77356,42984,41111,5947,30953,30879,35647,20645
2020-06-30T03:00:00Z,80463,74269,40962,38789,6194,29755,29686,35258,20094
2020-06-30T04:00:00Z,71169,64181,37493,35513,6988,24656,24584,29582,17827
2020-06-30T05:00:00Z,78042,69368,38202,36437,8674,27032,26957,32052,18328
2020-06-30T06:00:00Z,93918,83313,43564,41059,10605,33431,33356,39306,22400
2020-06-30T07:00:00Z,102070,93082,48519,46474,8988,38485,38397,42948,24672
2020-06-30T08:00:00Z,110049,100657,51739,49376,9392,41567,41475,46445,26750
2020-06-30T09:00:00Z,112959,104268,53838,51202,8691,42126,42026,47027,28028
2020-06-30T10:00:00Z,104937,96108,50954,48684,8829,38061,37970,43165,26175
2020-06-30T11:00:00Z,103166,95326,52250,50022,7840,37444,37337,41700,25327
2020-06-30T12:00:00Z,117112,107641,59606,56369,9471,41208,41113,46939,28791
2020-06-30T13:00:00Z,132076,118611,62426,59322,13465,46293,46172,52930,31801
2020-06-30T14:00:00Z,138481,125497,68246,64653,12984,49440,49325,56002,34661
2020-06-30T15:00:00Z,137384,126092,67038,63889,11292,48653,48537,55249,34143
2020-06-30T16:00:00Z,131108,113870,61178,58327,17238,43874,43755,53004,31206
2020-06-30T17:00:00Z,135564,107060,58907,56139,28504,40473,40358,54787,28426
2020-06-30T18:00:00Z,113206,103598,56483,53291,9608,38600,38490,44893,28273
2020-06-30T19:00:00Z,113000,102010,55896,52728,10990,37267,37157,43673,27851
2020-06-30T20:00:00Z,112488,97074,53229,50445,15414,35936,35831,42693,26342
2020-06-30T21:00:00Z,116166,91546,50636,47509,24620,32969,32864,41675,24974
2020-06-30T22:00:00Z,93757,79187,43517,41072,14570,28407,28311,34857,21474
2020-06-30T23:00:00Z,92090,69693,40136,37934,22397,24792,24707,34164,18944
2020-07-01T00:00:00Z,78523,66825,40097,36637,11698,24876,24780,31733,19993
2020-07-01T01:00:00Z,79882,71088,40139,37728,8794,27636,27565,32609,19422
2020-07-01T02:00:00Z,81612,72099,40461,38203,9513,29890,29810,34228,19807
2020-07-01T03:00:00Z,81437,71477,40450,37592,9960,29110,29029,34195,20056
2020-07-01T04:00:00Z,74210,63359,36958,34382,10851,24464,24402,29611,17835
2020-07-01T05:00:00Z,80222,66076,37247,34629,14146,26309,26229,31602,18183
2020-07-01T06:00:00Z,95627,80625,43653,40506,15002,32945,32857,39565,22368
2020-07-01T07:00:00Z,105678,93786,49087,46748,11892,38036,37934,43033,24562
2020-07-01T08:00:00Z,111462,98085,51027,48531,13377,40753,40658,45170,25959
2020-07-01T09:00:00Z,116443,99983,53609,50160,16460,41410,41310,46605,27554
2020-07-01T10:00:00Z,107738,92538,50835,47190,15200,37541,37437,43189,26171
2020-07-01T11:00:00Z,105941,93077,51800,48384,12864,36299,36214,41866,25489
2020-07-01T12:00:00Z,111782,100481,54638,50814,11301,39906,39814,45702,28249
2020-07-01T13:00:00Z,126359,113626,60764,57534,12733,44621,44506,49968,30449
2020-07-01T14:00:00Z,133845,122223,66702,63457,11622,48034,47928,53439,33676
2020-07-01T15:00:00Z,132932,121816,66039,62279,11116,47187,47061,52909,33607
2020-07-01T16:00:00Z,119813,109947,59782,56600,9866,43241,43130,48709,30772
2020-07-01T17:00:00Z,123400,105826,58167,55375,17574,39379,39274,47765,28005
2020-07-01T18:00:00Z,148960,98912,55457,51579,50048,36986,36868,59738,28142
2020-07-01T19:00:00Z,161915,93639,53428,48883,68276,35831,35722,65439,27228
2020-07-01T20:00:00Z,111529,92239,51432,48411,19290,34777,34674,43160,25781
2020-07-01T21:00:00Z,107483,87470,49657,46242,20013,31903,31797,41679,24528
2020-07-01T22:00:00Z,101977,75351,43263,40622,26626,26999,26909,39545,20648
2020-07-02T00:00:00Z,131303,64055,38470,35199,67248,24180,24095,54013,19204
2020-07-02T01:00:00Z,135558,69081,38820,36340,66477,27627,27551,55526,19139
2020-07-02T02:00:00Z,137378,74012,41918,39146,63366,29934,29856,56550,20152
2020-07-02T03:00:00Z,132378,71675,41158,38291,60703,28963,28877,55098,20439
2020-07-02T04:00:00Z,76584,64748,38072,35277,11836,24272,24197,29865,18015
2020-07-02T05:00:00Z,79904,66145,37627,34874,13759,26165,26087,31859,18403
2020-07-02T06:00:00Z,93176,80195,43682,40568,12981,33114,33034,38952,22370
2020-07-02T07:00:00Z,104246,92090,47884,45603,12156,37720,37626,42861,24289
2020-07-02T08:00:00Z,113845,102804,53623,51257,11041,41012,40916,46375,27083
2020-07-02T09:00:00Z,110722,101872,53419,50805,8850,41285,41183,46043,27506
2020-07-02T10:00:00Z,103742,94174,50979,48581,9568,37663,37570,42303,25846
2020-07-02T11:00:00Z,102331,94010,51035,48896,8321,37024,36937,41364,25453
2020-07-02T12:00:00Z,113834,104468,57041,54010,9366,40571,40466,46156,28360
2020-07-02T13:00:00Z,124664,114492,61185,58738,10172,45159,45042,50604,30914
2020-07-02T14:00:00Z,132256,122447,67742,64767,9809,47998,47887,53356,33528
2020-07-02T15:00:00Z,127075,116438,63801,60659,10637,46390,46283,52231,32748
2020-07-02T16:00:00Z,117705,109098,59377,57057,8607,41962,41854,47736,29872
2020-07-02T17:00:00Z,111675,103322,58818,56612,8353,38296,38185,43730,27706
2020-07-02T18:00:00Z,108416,99838,56753,54085,8578,36118,36011,41994,26839
2020-07-02T19:00:00Z,104395,95303,55498,52882,9092,34526,34422,39883,25588
2020-07-02T20:00:00Z,97514,89365,51603,49330,8149,32682,32587,38222,24638
2020-07-02T21:00:00Z,88604,80653,46247,43880,7951,29953,29865,35179,22746
2020-07-02T22:00:00Z,75326,68811,39473,37724,6515,25638,25559,30484,19372
2020-07-02T23:00:00Z,66371,60436,35721,34016,5935,22541,22464,27026,17121
2020-07-03T00:00:00Z,68993,62739,37127,34373,6254,23120,23052,29823,18429
2020-07-03T01:00:00Z,71602,65898,36886,35050,5704,26313,26238,30464,17906
2020-07-03T02:00:00Z,75522,69033,38135,36244,6489,28647,28570,32678,18776
2020-07-03T03:00:00Z,74269,67627,38351,36336,6642,27325,27258,31814,18597
2020-07-03T04:00:00Z,66539,59474,34568,32783,7065,23109,23040,27370,16464
2020-07-03T05:00:00Z,70938,63465,36022,34309,7473,25062,24989,29627,17284
2020-07-03T06:00:00Z,87658,77402,42789,40166,10256,31567,31484,37178,21171
2020-07-03T07:00:00Z,99010,90116,47061,44862,8894,36307,36211,40632,23406
2020-07-03T08:00:00Z,105467,95595,50115,47776,9872,39225,39121,43819,25490
2020-07-03T09:00:00Z,106539,98156,52692,50072,8383,39926,39827,44836,26950
2020-07-03T10:00:00Z,97480,89223,48841,46517,8257,35960,35862,41067,25223
2020-07-03T11:00:00Z,92041,84651,46449,44356,7390,33586,33496,38243,23175
2020-07-03T12:00:00Z,98860,91214,50909,48166,7646,35818,35738,40999,25410
2020-07-03T13:00:00Z,106502,97731,53849,51468,8771,38504,38402,43821,27029
2020-07-03T14:00:00Z,111722,104040,57232,54797,7682,40925,40807,46487,29018
2020-07-03T15:00:00Z,108000,99650,55366,52718,8350,39332,39234,45145,28375
2020-07-03T16:00:00Z,97293,89971,51673,49745,7322,34376,34276,39804,25230
2020-07-03T17:00:00Z,89712,82993,48370,46537,6719,31254,31155,36621,23015
2020-07-03T18:00:00Z,85127,77937,44971,42568,7190,29126,29035,35659,21985
2020-07-03T19:00:00Z,80171,74119,43772,41933,6052,27402,27329,32699,20834
2020-07-03T20:00:00Z,80378,68835,42314,39570,11543,25591,25508,32796,20417
2020-07-03T21:00:00Z,72892,64441,40036,37198,8451,23683,23609,29312,19273
2020-07-03T22:00:00Z,61047,56152,34211,32565,4895,20633,20567,25137,16099
2020-07-03T23:00:00Z,54725,49872,30614,29169,4853,18026,17963,22366,14110
2020-07-04T00:00:00Z,54587,48370,31543,28721,6217,17451,17389,23146,15051
2020-07-04T01:00:00Z,53486,48097,29119,27327,5389,18067,18013,22349,13769
2020-07-04T02:00:00Z,52767,48740,29251,27561,4027,18946,18888,22924,13772
2020-07-04T03:00:00Z,53660,49632,29975,28071,4028,19534,19483,23953,14665
2020-07-04T04:00:00Z,50780,46756,28821,27096,4024,17726,17671,21718,13644
2020-07-04T05:00:00Z,51744,47529,28169,26604,4215,18061,18014,21907,13228
2020-07-04T06:00:00Z,56960,51930,30891,28684,5030,20375,20326,24820,14965
2020-07-04T07:00:00Z,60940,56598,32637,31043,4342,22079,22028,26710,15889
2020-07-04T08:00:00Z,63129,58743,33686,31939,4386,23226,23162,27897,16693
2020-07-04T09:00:00Z,63542,58448,33983,31935,5094,23573,23525,28281,17156
2020-07-04T10:00:00Z,63790,59429,35141,33506,4361,23243,23174,27499,16771
2020-07-04T11:00:00Z,64496,59554,34313,32711,4942,23048,22994,27377,16631
2020-07-04T12:00:00Z,68840,63052,37173,34789,5788,24775,24718,29857,18503
2020-07-04T13:00:00Z,73561,68725,39866,38215,4836,27178,27110,31938,19458
2020-07-04T14:00:00Z,80595,75586,44329,42587,5009,29663,29597,34595,21416
2020-07-04T15:00:00Z,79970,74221,43758,41623,5749,29380,29323,34574,21738
2020-07-04T16:00:00Z,75535,70492,41360,39756,5043,27812,27748,32665,20366
2020-07-04T17:00:00Z,72714,67988,40954,39320,4726,26010,25955,30894,19252
2020-07-04T18:00:00Z,68654,63769,38029,36027,4885,24551,24489,29817,18877
2020-07-04T19:00:00Z,66430,62146,38182,36613,4284,23197,23137,27751,18080
2020-07-04T20:00:00Z,61346,57018,34482,33099,4328,21754,21697,25946,16772
2020-07-04T21:00:00Z,57781,53202,32646,31025,4579,20243,20186,24587,15901
2020-07-04T22:00:00Z,51151,47640,29102,27846,3511,17867,17812,21662,14041
2020-07-04T23:00:00Z,45975,42880,26447,25316,3095,16047,16000,19402,12450
2020-07-05T00:00:00Z,47142,41968,27062,24548,5174,15489,15442,20893,13663
2020-07-05T01:00:00Z,45459,41376,25374,23834,4083,15854,15807,19660,12196
2020-07-05T02:00:00Z,47324,43968,26511,25020,3356,17160,17112,20818,12688
2020-07-05T03:00:00Z,50827,47072,28357,26588,3755,17883,17835,22010,13520
2020-07-05T04:00:00Z,48285,44725,27134,25599,3560,17339,17285,21152,12946
2020-07-05T05:00:00Z,52260,47061,27821,26068,5199,17683,17629,22585,13396
2020-07-05T06:00:00Z,55841,50699,30618,28246,5142,19799,19747,24615,15247
2020-07-05T07:00:00Z,58397,54094,31682,29993,4303,21708,21661,25819,15674
2020-07-05T08:00:00Z,63448,58668,33861,31922,4780,23356,23298,28126,17092
2020-07-05T09:00:00Z,67497,62826,36179,34045,4671,24185,24134,29296,17940
2020-07-05T10:00:00Z,67142,61080,36392,34387,6062,24213,24155,28841,17725
2020-07-05T11:00:00Z,71126,65312,37419,35496,5814,24527,24481,30117,18140
2020-07-05T12:00:00Z,73552,67565,40605,38214,5987,26400,26341,31549,19849
2020-07-05T13:00:00Z,77317,72432,42849,41171,4885,29066,29004,33742,21004
2020-07-05T14:00:00Z,85636,80341,47303,45556,5295,31824,31766,36924,23153
2020-07-05T15:00:00Z,86840,81467,47787,45745,5373,32514,32445,38331,24276
2020-07-05T16:00:00Z,82970,77036,45396,43812,5934,30065,30009,35865,22465
2020-07-05T17:00:00Z,79469,74178,44278,42699,5291,27750,27694,33581,21195
2020-07-05T18:00:00Z,76370,71270,42764,40802,5100,26837,26784,32836,21072
2020-07-05T19:00:00Z,75172,70823,41726,40327,4349,26240,26183,31376,20177
2020-07-05T20:00:00Z,71272,66392,39124,37738,4880,24788,24728,29250,18912
2020-07-05T21:00:00Z,68215,64014,37533,35850,4201,23486,23437,28555,18764
2020-07-05T22:00:00Z,62428,57706,34312,32973,4722,20784,20728,25220,16248
2020-07-05T23:00:00Z,59506,54422,32081,30467,5084,19104,19057,23539,14932
2020-07-06T00:00:00Z,63478,55669,34194,31432,7809,20340,20284,26328,16686
2020-07-06T01:00:00Z,70779,64054,35469,33326,6725,24647,24587,29058,16979
2020-07-06T02:00:00Z,76428,69414,37634,35715,7014,27383,27324,32131,18220
2020-07-06T03:00:00Z,74036,66901,37073,34987,7135,26771,26712,31440,18344
2020-07-06T04:00:00Z,69727,62010,34606,32883,7717,23092,23032,27958,16631
2020-07-06T05:00:00Z,82397,66369,35446,33315,16028,25131,25066,31303,17398
2020-07-06T06:00:00Z,94951,79494,42900,39723,15457,31812,31737,38313,21787
2020-07-06T07:00:00Z,101394,90885,46526,44409,10509,36041,35955,41865,23909
2020-07-06T08:00:00Z,113055,101039,51822,48966,12016,39814,39718,45720,26516
2020-07-06T09:00:00Z,115133,102140,53509,50477,12993,40791,40684,45987,27148
2020-07-06T10:00:00Z,105632,94023,50349,47614,11609,37219,37109,42300,25456
2020-07-06T11:00:00Z,103428,93513,49310,46979,9915,36205,36125,41231,24724
2020-07-06T12:00:00Z,113117,102432,54972,51891,10685,39684,39597,45085,27597
2020-07-06T13:00:00Z,128086,115307,60974,58281,12779,44850,44749,50108,30721
2020-07-06T14:00:00Z,134969,124695,64843,61866,10274,48693,48572,53641,33069
2020-07-06T15:00:00Z,130998,121409,64438,61463,9589,47590,47472,52413,32960
2020-07-06T16:00:00Z,120155,112123,58304,56283,8032,43185,43069,47985,29615
2020-07-06T17:00:00Z,114326,106198,56132,53953,8128,39536,39434,44790,27523
2020-07-06T18:00:00Z,112811,103309,55207,52033,9502,38113,38018,44018,27743
2020-07-06T19:00:00Z,109430,100896,54244,52156,8534,36980,36872,42518,26773
2020-07-06T20:00:00Z,110819,100286,56312,53480,10533,35559,35453,41051,26007
2020-07-06T21:00:00Z,103471,90894,51598,47964,12577,32121,32016,38456,24505
2020-07-06T22:00:00Z,88118,79396,44484,41870,8722,27985,27897,33485,21402
2020-07-06T23:00:00Z,82001,70960,40302,37352,11041,24726,24651,30470,19193
2020-07-07T00:00:00Z,87038,71117,42449,38609,15921,25320,25231,34118,20760
2020-07-07T01:00:00Z,90363,74753,42113,39390,15610,28285,28202,36607,20144
2020-07-07T02:00:00Z,92662,77878,42908,40742,14784,30676,30605,38637,20508
2020-07-07T03:00:00Z,89028,74809,41950,39424,14219,29145,29073,37060,20126
2020-07-07T04:00:00Z,80019,65509,37081,34809,14510,24604,24526,32341,17964
2020-07-07T05:00:00Z,87674,68452,38124,35663,19222,26552,26475,34768,18423
2020-07-07T06:00:00Z,98537,81852,43614,40676,16685,33029,32941,41491,22142
2020-07-07T07:00:00Z,112645,94534,48714,46371,18111,38130,38038,46330,24360
2020-07-07T08:00:00Z,120602,102392,52378,49865,18210,40996,40916,49038,26425
2020-07-07T09:00:00Z,122752,106271,55504,52595,16481,41668,41568,50200,27998
2020-07-07T10:00:00Z,111046,94041,50108,47642,17005,37770,37678,45804,26200
2020-07-07T11:00:00Z,106209,95265,50354,48283,10944,37108,37013,42787,25320
2020-07-07T12:00:00Z,114051,104737,55175,52296,9314,40586,40487,46308,28283
2020-07-07T13:00:00Z,127885,118450,62174,59860,9435,45737,45630,50743,31093
2020-07-07T14:00:00Z,136174,127128,68098,65481,9046,49528,49415,54888,34200
2020-07-07T15:00:00Z,132589,121833,65104,61825,10756,47896,47783,54171,33647
2020-07-07T16:00:00Z,123313,114220,60582,58300,9093,43967,43854,49464,30977
2020-07-07T17:00:00Z,119388,109194,58737,56310,10194,40573,40462,46247,28751
2020-07-07T18:00:00Z,115393,104575,55781,52732,10818,38256,38158,44755,28138
2020-07-07T19:00:00Z,150774,101635,55508,52350,49139,36765,36647,53901,27143
2020-07-07T20:00:00Z,152764,98671,54425,51785,54093,35935,35820,52224,26530
2020-07-07T21:00:00Z,126745,95734,53631,50793,31011,33133,33014,48058,24944
2020-07-07T22:00:00Z,120861,82171,47042,44619,38690,28376,28284,48096,21945
2020-07-07T23:00:00Z,115616,73734,42110,40036,41882,25193,25106,45880,18972
2020-07-08T00:00:00Z,117293,72155,43224,40120,45138,25633,25549,49116,20247
2020-07-08T01:00:00Z,120659,76153,41032,39079,44506,28695,28612,50831,19506
2020-07-08T02:00:00Z,125990,78246,42473,40569,47744,30678,30596,54311,20654
2020-07-08T03:00:00Z,134820,73587,40924,38545,61233,29571,29493,59967,20386
2020-07-08T04:00:00Z,126557,64898,36790,34721,61659,24917,24838,54793,18080
2020-07-08T05:00:00Z,95606,69691,37592,35486,25915,26911,26835,39354,18564
2020-07-08T06:00:00Z,140799,88208,46909,43993,52591,33553,33464,59359,23155
2020-07-08T07:00:00Z,113123,102630,51691,49477,10493,38770,38689,44445,25159
2020-07-08T08:00:00Z,112395,102325,51264,48889,10070,41314,41223,46308,26540
2020-07-08T09:00:00Z,115923,106627,55892,53240,9296,42120,42008,46832,27593
2020-07-08T10:00:00Z,107056,97718,52427,50118,9338,38101,37996,43283,25914
2020-07-08T11:00:00Z,105766,96327,51899,49606,9439,37050,36950,41898,25433
2020-07-08T12:00:00Z,116425,106389,57394,53998,10036,41061,40954,46825,28621
2020-07-08T13:00:00Z,128309,117582,61449,58847,10727,46265,46140,51383,31292
2020-07-08T14:00:00Z,136788,126797,67681,64724,9991,49867,49745,54737,34234
2020-07-08T15:00:00Z,133225,124241,66397,63689,8984,48539,48423,54008,33872
2020-07-08T16:00:00Z,122067,113230,61118,58603,8837,43930,43822,48991,30739
2020-07-08T17:00:00Z,120135,111010,60688,58213,9125,40468,40357,45689,28447
2020-07-08T18:00:00Z,114988,105029,57146,53948,9959,38178,38058,44752,28301
2020-07-08T19:00:00Z,110358,100988,54735,51992,9370,36915,36805,43098,27210
2020-07-08T20:00:00Z,110389,98232,54120,50900,12157,35628,35514,41519,26289
2020-07-08T21:00:00Z,99683,89779,50243,47427,9904,32629,32519,38061,24488
2020-07-08T22:00:00Z,85670,78163,43161,41278,7507,28312,28210,33163,20950
2020-07-08T23:00:00Z,77707,70822,39589,37838,6885,25169,25078,29798,18726
2020-07-09T00:00:00Z,76656,69015,39491,36431,7641,25349,25264,31483,19985
2020-07-09T01:00:00Z,82947,76468,41237,39194,6479,28956,28864,33681,19901
2020-07-09T02:00:00Z,84573,78196,42358,40461,6377,30993,30914,35143,20444
2020-07-09T03:00:00Z,80797,74502,40442,38282,6295,29872,29795,34718,20413
2020-07-09T04:00:00Z,74709,66151,37635,35831,8558,24829,24750,29815,17886
2020-07-09T05:00:00Z,80683,69678,38038,36066,11005,27191,27104,32457,18619
2020-07-09T06:00:00Z,98498,86420,46030,43112,12078,33505,33414,40412,23237
2020-07-09T07:00:00Z,110050,99212,50158,47940,10838,38589,38498,44780,25659
2020-07-09T08:00:00Z,117841,105966,54855,51974,11875,41262,41167,46627,26967
2020-07-09T09:00:00Z,117237,107756,56017,53168,9481,41969,41862,46677,27756
2020-07-09T10:00:00Z,111119,100964,54899,52109,10155,37828,37725,43343,26129
2020-07-09T11:00:00Z,104586,95817,50713,48338,8769,36943,36830,41885,24958
2020-07-09T12:00:00Z,115583,106762,57424,54409,8821,40723,40606,46540,28415
2020-07-09T13:00:00Z,125856,116265,60858,58474,9591,45233,45115,50173,30819
2020-07-09T14:00:00Z,137450,126662,68663,65625,10788,49038,48905,54008,33896
2020-07-09T15:00:00Z,135307,124696,68215,64903,10611,47784,47660,53907,33944
2020-07-09T16:00:00Z,123257,114227,62156,59707,9030,43327,43216,48119,30319
2020-07-09T17:00:00Z,116219,108225,57703,55570,7994,39569,39461,45606,28350
2020-07-09T18:00:00Z,113993,104886,55528,52710,9107,38139,38025,43974,27590
2020-07-09T19:00:00Z,109252,101170,54845,52390,8082,36698,36584,42019,26615
2020-07-09T20:00:00Z,107739,99840,53539,51372,7899,35504,35393,41452,25871
2020-07-09T21:00:00Z,101379,93164,50504,47962,8215,33149,33035,38802,24986
2020-07-09T22:00:00Z,88878,81707,44678,42598,7171,28453,28346,33330,21366
2020-07-09T23:00:00Z,77349,70938,39287,37482,6411,25262,25168,29652,18874
2020-07-10T00:00:00Z,79046,71301,40309,37209,7745,25326,25240,31576,20298
2020-07-10T01:00:00Z,81035,74753,39409,37390,6282,28478,28388,33117,19576
2020-07-10T02:00:00Z,83568,77435,41537,39568,6133,30589,30514,34660,20338
2020-07-10T03:00:00Z,81091,74794,40499,38276,6297,29148,29075,34024,20362
2020-07-10T04:00:00Z,74814,67462,37786,35923,7352,24586,24516,29578,18066
2020-07-10T05:00:00Z,80842,70490,38670,36645,10352,26635,26543,31731,18346
2020-07-10T06:00:00Z,93378,84100,46000,43271,9278,32780,32682,38817,22532
2020-07-10T07:00:00Z,104793,95832,49934,47884,8961,37238,37155,42560,24787
2020-07-10T08:00:00Z,111766,102699,53747,51420,9067,39654,39557,45120,26639
2020-07-10T09:00:00Z,113699,105662,56864,53989,8037,40373,40267,46312,27687
2020-07-10T10:00:00Z,105434,97325,54998,52353,8109,36182,36076,41311,25449
2020-07-10T11:00:00Z,105489,97658,57568,55214,7831,33968,33866,38567,23705
2020-07-10T12:00:00Z,107656,99485,55278,52114,8171,36766,36661,42701,26312
2020-07-10T13:00:00Z,123565,113139,61659,58738,10426,41385,41263,47570,28924
2020-07-10T14:00:00Z,130335,119813,65747,62279,10522,44280,44169,50028,31059
2020-07-10T15:00:00Z,129272,119061,64082,60647,10211,43711,43595,49584,31000
2020-07-10T16:00:00Z,119008,109883,59553,56719,9125,39881,39770,45678,28816
2020-07-10T17:00:00Z,115629,107019,58107,55427,8610,37131,37015,42735,26258
2020-07-10T18:00:00Z,111596,101187,55369,52162,10409,35065,34957,41310,26226
2020-07-10T19:00:00Z,103771,95272,51687,49214,8499,33040,32937,38065,24352
2020-07-10T20:00:00Z,99474,89973,50805,47910,9501,31841,31734,37351,23938
2020-07-10T21:00:00Z,91918,82178,47027,43584,9740,28789,28689,34275,21690
2020-07-10T22:00:00Z,78962,71498,41381,38583,7464,24938,24842,29763,19336
2020-07-10T23:00:00Z,67258,60407,34956,32367,6851,21262,21189,25573,16449
2020-07-11T00:00:00Z,64139,56260,34664,30825,7879,19927,19864,25417,16569
2020-07-11T01:00:00Z,63335,55705,32906,30044,7630,19295,19231,23879,14482
2020-07-11T02:00:00Z,61121,55090,31832,29058,6031,20389,20323,24374,14803
2020-07-11T03:00:00Z,60979,55958,33441,30914,5021,20398,20331,24924,15325
2020-07-11T04:00:00Z,58230,53887,31144,29459,4343,19020,18974,23438,14261
2020-07-11T05:00:00Z,56023,51377,29340,27682,4646,19051,18989,23165,13936
2020-07-11T06:00:00Z,63887,58336,33307,30922,5551,21444,21376,26941,16597
2020-07-11T07:00:00Z,67153,62628,36014,34257,4525,22860,22792,27925,16957
2020-07-11T08:00:00Z,67723,63001,35410,33574,4722,23657,23596,29123,17794
2020-07-11T09:00:00Z,69809,64807,36848,34674,5002,24225,24168,30204,18362
2020-07-11T10:00:00Z,67887,62770,35447,33670,5117,23530,23473,28658,17629
2020-07-11T11:00:00Z,68814,62509,35978,34314,6305,23358,23300,28380,17462
2020-07-11T12:00:00Z,73186,67638,39638,37088,5548,25246,25178,30923,19370
2020-07-11T13:00:00Z,78160,72670,41247,39490,5490,27583,27521,32482,19664
2020-07-11T14:00:00Z,84815,79405,45306,43440,5410,30426,30362,35440,21798
2020-07-11T15:00:00Z,86187,80498,45938,43823,5689,30906,30840,36291,22554
2020-07-11T16:00:00Z,80829,75712,43155,41519,5117,29151,29082,33942,21268
2020-07-11T17:00:00Z,81215,76788,44279,42944,4427,27624,27562,31889,19913
2020-07-11T18:00:00Z,78270,73242,42329,40262,5028,26090,26025,31160,19750
2020-07-11T19:00:00Z,72565,67971,40039,38675,4594,24894,24826,29673,19004
2020-07-11T20:00:00Z,70271,65485,38298,36609,4786,23721,23657,28053,18153
2020-07-11T21:00:00Z,66288,61550,36405,34483,4738,22047,21987,26502,17176
2020-07-11T22:00:00Z,58778,55192,33145,31832,3586,19635,19574,23373,15225
2020-07-11T23:00:00Z,53519,50143,30522,29257,3376,17713,17658,21221,13747
2020-07-12T00:00:00Z,54333,49015,31216,28611,5318,16900,16842,22167,14594
2020-07-12T01:00:00Z,54461,50615,31166,29632,3846,17418,17371,21298,13504
2020-07-12T02:00:00Z,56550,52916,31808,30334,3634,18729,18674,22813,13861
2020-07-12T03:00:00Z,56643,52715,31472,29627,3928,19284,19231,23695,14686
2020-07-12T04:00:00Z,54150,50780,30478,29011,3370,18459,18404,22472,13854
2020-07-12T05:00:00Z,55401,51508,30113,28673,3893,18869,18816,22793,13893
2020-07-12T06:00:00Z,62415,57574,33857,31655,4841,20708,20655,26772,16132
2020-07-12T07:00:00Z,63886,59575,34553,33068,4311,22226,22181,26880,16264
2020-07-12T08:00:00Z,67665,62356,36319,34491,5309,23598,23537,28280,17219
2020-07-12T09:00:00Z,70219,64773,37757,35646,5446,24524,24460,29737,18163
2020-07-12T10:00:00Z,69452,64983,37485,35787,4469,24414,24356,28768,17744
2020-07-12T11:00:00Z,70306,65841,38085,36552,4465,24865,24812,28997,17759
2020-07-12T12:00:00Z,77499,72350,42727,40322,5149,26810,26754,32099,20072
2020-07-12T13:00:00Z,81066,76154,43750,42121,4912,29292,29231,34253,20961
2020-07-12T14:00:00Z,88508,82981,47977,46173,5527,32354,32286,37144,23300
2020-07-12T15:00:00Z,94245,88336,53810,51603,5909,32699,32631,38128,24276
2020-07-12T16:00:00Z,93769,88491,54545,52894,5278,30605,30536,35743,22369
2020-07-12T17:00:00Z,87232,82811,51045,49632,4421,28623,28560,33223,21067
2020-07-12T18:00:00Z,83870,78709,48511,46322,5161,27663,27603,33089,21370
2020-07-12T19:00:00Z,83959,79514,50514,49066,4445,26071,26007,30905,20148
2020-07-12T20:00:00Z,73711,69118,41420,39951,4593,24848,24789,29599,19100
2020-07-12T21:00:00Z,70672,65640,39778,37917,5032,23188,23129,28228,18466
2020-07-12T22:00:00Z,63288,59072,35050,33681,4216,21017,20955,25230,16321
2020-07-12T23:00:00Z,58027,53754,32212,30797,4273,19151,19095,23072,14856
2020-07-13T00:00:00Z,64118,55576,33826,30820,8542,20609,20547,26615,16888
2020-07-13T01:00:00Z,71077,64072,36770,34547,7005,24721,24662,29281,17401
2020-07-13T02:00:00Z,77147,69894,38376,36313,7253,27682,27614,32285,18326
2020-07-13T03:00:00Z,72106,63567,36250,33656,8539,25938,25871,31878,18137
2020-07-13T04:00:00Z,65392,56926,33793,32066,8466,21783,21715,26988,15650
2020-07-13T05:00:00Z,64936,54494,27625,26199,10442,22451,22386,27104,13613
2020-07-13T06:00:00Z,57297,50007,21883,21082,7290,22815,22748,26472,11844
2020-07-13T07:00:00Z,25139,18495,13748,13221,6644,6915,6867,9485,5832
2020-07-13T08:00:00Z,104807,92346,42215,39867,12461,35925,35836,40189,21620
2020-07-13T09:00:00Z,121914,108506,53947,50834,13408,41920,41807,47985,27146
2020-07-13T10:00:00Z,108742,96640,51338,48453,12102,38004,37903,43919,26012
2020-07-13T11:00:00Z,106466,95481,49465,46555,10985,36536,36439,42444,24941
2020-07-13T12:00:00Z,117681,107201,59624,56369,10480,40466,40357,46196,28103
2020-07-13T13:00:00Z,128036,116043,61128,58488,11993,45289,45168,50444,30547
2020-07-13T14:00:00Z,139019,128784,70635,67396,10235,49067,48939,54647,33665
2020-07-13T15:00:00Z,137445,127525,69677,66552,9920,47974,47862,53704,33587
2020-07-13T16:00:00Z,126519,116758,64677,61912,9761,43814,43704,49690,30878
2020-07-13T17:00:00Z,125621,114061,63853,60847,11560,40290,40178,46314,28903
2020-07-13T18:00:00Z,115181,104662,58206,54874,10519,38591,38492,45041,28605
2020-07-13T19:00:00Z,111571,101276,55633,52817,10295,36810,36697,42646,27267
2020-07-13T20:00:00Z,111897,100570,54868,52136,11327,35523,35401,41345,26238
2020-07-13T21:00:00Z,100964,89420,51138,48178,11544,32488,32387,38853,24476
2020-07-13T22:00:00Z,100137,77681,43860,41659,22456,28135,28038,39835,21300
2020-07-13T23:00:00Z,78571,69384,40261,38306,9187,25057,24967,30137,19175
2020-07-14T00:00:00Z,75874,67460,40530,37322,8414,25815,25723,32003,20612
2020-07-14T01:00:00Z,81844,74170,42201,39995,7674,29333,29254,34077,20354
2020-07-14T02:00:00Z,84052,76831,42920,40783,7221,31010,30935,36176,20997
2020-07-14T03:00:00Z,82981,76196,43673,41141,6785,29841,29770,35456,20869
2020-07-14T04:00:00Z,75336,66325,38088,35980,9011,25056,24983,31133,18429
2020-07-14T05:00:00Z,83746,70854,40103,38003,12892,27102,27024,33160,18618
2020-07-14T06:00:00Z,97349,85832,48032,45072,11517,33336,33251,39594,22569
2020-07-14T07:00:00Z,102618,93904,48948,46768,8714,37981,37903,43167,24512
2020-07-14T08:00:00Z,118121,104124,54170,51211,13997,40468,40365,46666,26399
2020-07-14T09:00:00Z,115716,107117,54094,51282,8599,41012,40899,47329,27187
2020-07-14T10:00:00Z,108906,100352,56067,53718,8554,37150,37055,42706,25419
2020-07-14T11:00:00Z,102821,95055,51301,49128,7766,36571,36473,41571,24753
2020-07-14T12:00:00Z,111925,103483,56210,53176,8442,39862,39756,46115,28025
2020-07-14T13:00:00Z,124022,115158,60683,58254,8864,44924,44809,50667,30771
2020-07-14T14:00:00Z,136327,127267,67752,65254,9060,49264,49140,54949,33898
2020-07-14T15:00:00Z,132505,122367,66143,63133,10138,48145,48019,54241,33890
2020-07-14T16:00:00Z,121678,113207,61260,58740,8471,43840,43717,49602,30991
2020-07-14T17:00:00Z,121180,113339,64171,62004,7841,40711,40607,46229,28702
2020-07-14T18:00:00Z,118262,107339,59017,55698,10923,39144,39024,46338,28965
2020-07-14T19:00:00Z,122130,112590,66691,63833,9540,37135,37020,44115,28792
2020-07-14T20:00:00Z,109405,99571,56916,54353,9834,35841,35738,41367,26400
2020-07-14T21:00:00Z,102137,93651,53366,50833,8486,32997,32892,38897,24743
2020-07-14T22:00:00Z,87241,80692,46454,44612,6549,27986,27899,33098,21068
2020-07-14T23:00:00Z,78151,72386,41247,39625,5765,25314,25223,30561,19087
2020-07-15T00:00:00Z,76197,68723,41056,37956,7474,25398,25320,31665,20222
2020-07-15T01:00:00Z,80154,74358,42278,40379,5796,28906,28812,33674,19915
2020-07-15T02:00:00Z,82365,76230,42226,40073,6135,31061,30980,35922,20609
2020-07-15T03:00:00Z,84029,76818,44024,41511,7211,30207,30131,36423,21399
2020-07-15T04:00:00Z,75083,66554,37697,35602,8529,25324,25250,31216,18346
2020-07-15T05:00:00Z,82623,73471,40690,38704,9152,27025,26939,33171,18985
2020-07-15T06:00:00Z,94768,81616,43960,40939,13152,33230,33138,39099,22385
2020-07-15T07:00:00Z,102409,92906,47872,45657,9503,37977,37888,42819,24206
2020-07-15T08:00:00Z,113602,104206,54854,52614,9396,40921,40832,46129,26886
2020-07-15T09:00:00Z,118190,109476,56469,53811,8714,41437,41339,47913,28186
2020-07-15T10:00:00Z,104749,96268,52467,50194,8481,37535,37435,42384,25561
2020-07-15T11:00:00Z,107278,99987,52690,50661,7291,36585,36488,42038,25319
2020-07-15T12:00:00Z,111604,103872,55892,52975,7732,40646,40537,46363,28306
2020-07-15T13:00:00Z,127698,118458,62187,59717,9240,45452,45337,51345,30960
2020-07-15T14:00:00Z,130483,122071,63886,61327,8412,47913,47793,54673,32704
2020-07-15T15:00:00Z,55998,53816,8766,8531,2182,30013,29916,31867,6521
2020-07-15T16:00:00Z,142919,136744,83152,80572,6175,57007,56878,63710,41619
2020-07-15T17:00:00Z,136931,127712,76406,73917,9219,47073,46945,54263,35535
2020-07-15T18:00:00Z,122562,112548,64091,60733,10014,38693,38572,46560,29502
2020-07-15T19:00:00Z,123680,109884,63404,61109,13796,36783,36669,44778,27737
2020-07-15T20:00:00Z,120696,100417,55676,52836,20279,35965,35850,45213,27015
2020-07-15T21:00:00Z,109629,92639,51916,49244,16990,32222,32109,40524,24577
2020-07-15T22:00:00Z,92104,76177,44251,42136,15927,27823,27720,35767,21283
2020-07-15T23:00:00Z,85367,68549,39735,37809,16818,24725,24629,32687,18875
2020-07-16T00:00:00Z,83331,66724,39636,36388,16607,24706,24605,33913,19994
2020-07-16T01:00:00Z,88744,73890,41522,39397,14854,28210,28123,35665,19650
2020-07-16T02:00:00Z,91044,75858,42051,39869,15186,30274,30194,38051,20423
2020-07-16T03:00:00Z,91473,76719,43513,41045,14754,29754,29676,38497,21163
2020-07-16T04:00:00Z,93086,74895,46036,43953,18191,24848,24780,34707,18769
2020-07-16T05:00:00Z,87047,74708,43770,41649,12339,26630,26548,33310,19098
2020-07-16T06:00:00Z,100055,82742,45406,42287,17313,33349,33261,41752,23237
2020-07-16T07:00:00Z,133761,96545,49888,47497,37216,37950,37848,53376,25822
2020-07-16T08:00:00Z,126124,102500,54294,51624,23624,40758,40654,51346,27819
2020-07-16T09:00:00Z,124138,102984,54513,51760,21154,40781,40672,51363,28782
2020-07-16T10:00:00Z,117631,96025,51276,48840,21606,37249,37150,46831,26160
2020-07-16T11:00:00Z,122523,99501,56759,54502,23022,36347,36243,46539,25512
2020-07-16T12:00:00Z,136967,112437,65643,62531,24530,40091,39975,51513,28828
2020-07-16T13:00:00Z,141757,114740,60436,58027,27017,44580,44446,55824,30742
2020-07-16T14:00:00Z,149879,121730,65127,62467,28149,48303,48182,59716,33424
2020-07-16T15:00:00Z,149891,119681,65335,62058,30210,47580,47458,59876,33694
2020-07-16T16:00:00Z,146712,114421,62530,59985,32291,43071,42950,56971,30836
2020-07-16T17:00:00Z,147546,111451,62564,59688,36095,39549,39439,55033,29260
2020-07-16T18:00:00Z,144540,107824,58457,55403,36716,38338,38202,54792,29210
2020-07-16T19:00:00Z,140847,102003,56145,53688,38844,36578,36453,52459,26969
2020-07-16T20:00:00Z,144751,106623,63150,60145,38128,35012,34897,51439,27377
2020-07-16T21:00:00Z,135502,90338,51473,48238,45164,32474,32348,49530,25019
2020-07-16T22:00:00Z,124427,77376,44078,41660,47051,27715,27603,44752,21454
2020-07-16T23:00:00Z,119251,72902,40132,37986,46349,24951,24848,41686,19199
2020-07-17T00:00:00Z,127726,70588,41069,37487,57138,25138,25046,46325,20588
2020-07-17T01:00:00Z,137539,75595,41656,39459,61944,28271,28196,48892,19676
2020-07-17T02:00:00Z,142787,77528,42048,39997,65259,30383,30298,51916,20441
2020-07-17T03:00:00Z,142715,75082,42081,39685,67633,29571,29498,51657,20501
2020-07-17T04:00:00Z,134221,65655,37901,35568,68566,24763,24693,47184,18519
2020-07-17T05:00:00Z,126822,71627,40014,37348,55195,27135,27037,45401,19813
2020-07-17T06:00:00Z,142040,84641,46159,43133,57399,33007,32915,53990,23921
2020-07-17T07:00:00Z,150544,93700,49010,46497,56844,37362,37265,56518,25248
2020-07-17T08:00:00Z,166737,99291,51755,49180,67446,40013,39904,61781,27041
2020-07-17T09:00:00Z,165796,100581,52694,49972,65215,40089,39987,62438,27275
2020-07-17T10:00:00Z,167364,93291,50559,48069,74073,36342,36236,59529,25470
2020-07-17T11:00:00Z,151666,90528,49800,47507,61138,34383,34267,55739,23672
2020-07-17T12:00:00Z,123327,102071,56435,53196,21256,37336,37229,46633,26813
2020-07-17T13:00:00Z,138200,111671,60924,58088,26529,41445,41334,51687,28970
2020-07-17T14:00:00Z,149396,118020,63684,60735,31376,44503,44392,56267,30929
2020-07-17T15:00:00Z,161810,115715,62746,59579,46095,43256,43130,59404,30524
2020-07-17T16:00:00Z,176926,101971,54887,52602,74955,39146,39030,62928,27617
2020-07-17T17:00:00Z,174273,101692,55223,52787,72581,36857,36737,62130,25875
2020-07-17T18:00:00Z,160315,96217,53242,50134,64098,34704,34581,61765,25633
2020-07-17T19:00:00Z,151438,91434,51478,48961,60004,32842,32733,59296,24371
2020-07-17T20:00:00Z,147651,89962,49544,47204,57689,31400,31290,57668,23505
2020-07-17T21:00:00Z,113010,76135,42542,40415,36875,27579,27484,45075,20832
2020-07-17T22:00:00Z,124380,68130,40129,38210,56250,23965,23875,49713,18449
2020-07-17T23:00:00Z,114395,60269,34900,33075,54126,20801,20717,46159,16230
2020-07-18T00:00:00Z,110230,55678,34289,31249,54552,19355,19271,45951,16571
2020-07-18T01:00:00Z,108588,55034,33313,31167,53554,19411,19336,44250,14677
2020-07-18T02:00:00Z,106534,54638,32172,30335,51896,20182,20117,44889,14810
2020-07-18T03:00:00Z,105704,55951,33169,30790,49753,20579,20516,45625,15597
2020-07-18T04:00:00Z,101923,52204,31297,29296,49719,19069,19011,43566,14608
2020-07-18T05:00:00Z,100121,53222,31603,29762,46899,19080,19017,42060,14192
2020-07-18T06:00:00Z,105257,56804,34033,31398,48453,21214,21145,44899,16034
2020-07-18T07:00:00Z,108363,59761,33857,32140,48602,22937,22876,46291,15918
2020-07-18T08:00:00Z,108563,60537,34023,32950,48026,23781,23724,46940,16430
2020-07-18T09:00:00Z,112118,63423,37093,34795,48695,24374,24306,47703,17826
2020-07-18T10:00:00Z,112339,62904,36727,34663,49435,24045,23983,47761,17215
2020-07-18T11:00:00Z,114210,64984,38305,36391,49226,24127,24065,47702,17404
2020-07-18T12:00:00Z,119204,68721,40430,37731,50483,25788,25718,50220,18999
2020-07-18T13:00:00Z,123347,73628,42502,40636,49719,27679,27606,51889,20106
2020-07-18T14:00:00Z,130447,79696,46405,44387,50751,30554,30480,55070,22268
2020-07-18T15:00:00Z,128513,79215,47167,44557,49298,30513,30443,55625,23046
2020-07-18T16:00:00Z,128546,76896,45391,43018,51650,29330,29245,53847,21759
2020-07-18T17:00:00Z,124593,75322,44976,43149,49271,27412,27344,51147,20140
2020-07-18T18:00:00Z,122427,72414,42664,40342,50013,26027,25956,50584,20019
2020-07-18T19:00:00Z,124558,69706,43042,40313,54852,24507,24438,50909,20058
2020-07-18T20:00:00Z,117961,66689,41250,38999,51272,23069,22996,48296,18504
2020-07-18T21:00:00Z,112368,62164,37808,35780,50204,21608,21556,46012,17254
2020-07-18T22:00:00Z,104126,55147,33834,32441,48979,18931,18870,42112,14529
2020-07-18T23:00:00Z,98893,50838,31346,30143,48055,17100,17040,40577,13211
2020-07-19T00:00:00Z,98439,48544,30918,28178,49895,16432,16374,41455,14277
2020-07-19T01:00:00Z,97764,49596,31246,29580,48168,17267,17213,40479,13196
2020-07-19T02:00:00Z,99354,50643,30946,29280,48711,18337,18285,41687,13573
2020-07-19T03:00:00Z,101992,52622,32464,30374,49370,19051,18994,42904,14634
2020-07-19T04:00:00Z,100228,50754,31028,29196,49474,18405,18346,41608,13634
2020-07-19T05:00:00Z,102593,54216,32736,31171,48377,18922,18870,42881,14284
2020-07-19T06:00:00Z,106794,57225,35440,32925,49569,20586,20532,45369,16266
2020-07-19T07:00:00Z,108568,60172,35237,33599,48396,22706,22657,46061,16307
2020-07-19T08:00:00Z,111441,62622,35892,34075,48819,24150,24095,48107,17179
2020-07-19T09:00:00Z,114948,66136,38184,35919,48812,24489,24428,48607,18238
2020-07-19T10:00:00Z,112517,63870,37570,35823,48647,24452,24392,47891,17818
2020-07-19T11:00:00Z,114924,65865,38259,36535,49059,24947,24889,48518,18230
2020-07-19T12:00:00Z,120930,71514,42142,39434,49416,27124,27054,51804,20882
2020-07-19T13:00:00Z,124618,76113,44398,42639,48505,29593,29517,53173,21409
2020-07-19T14:00:00Z,135748,85757,50640,48750,49991,32770,32698,57243,24167
2020-07-19T15:00:00Z,134898,84405,50886,48301,50493,32775,32705,57815,24921
2020-07-19T16:00:00Z,131162,80615,48322,46024,50547,30359,30297,54739,22934
2020-07-19T17:00:00Z,129200,79969,47863,45726,49231,28678,28611,52759,21536
2020-07-19T18:00:00Z,126369,76844,46161,43789,49525,27511,27449,52369,21557
2020-07-19T19:00:00Z,123709,75087,45755,43929,48622,26896,26830,50984,20868
2020-07-19T20:00:00Z,120792,71687,43040,41448,49105,26093,26014,49867,20120
2020-07-19T21:00:00Z,115629,66816,40129,38165,48813,24006,23944,48258,18949
2020-07-19T22:00:00Z,106140,59318,36664,35213,46822,21412,21345,45092,16821
2020-07-19T23:00:00Z,103687,56505,35389,33835,47182,20006,19944,44164,16103
2020-07-20T00:00:00Z,108693,57945,37244,34003,50748,21236,21162,46042,17712
2020-07-20T01:00:00Z,118668,68411,40595,38076,50257,25849,25782,49167,18504
2020-07-20T02:00:00Z,124142,74228,41887,39669,49914,28921,28850,52318,19658
2020-07-20T03:00:00Z,121478,71768,41072,38596,49710,28365,28299,52070,19688
2020-07-20T04:00:00Z,113330,62917,36626,34496,50413,24371,24298,47432,17619
2020-07-20T05:00:00Z,120945,70163,39096,36659,50782,26743,26665,48700,18937
2020-07-20T06:00:00Z,127108,84806,45644,42198,42302,33395,33306,53462,23428
2020-07-20T07:00:00Z,139664,97018,49869,47222,42646,38053,37963,58136,25385
2020-07-20T08:00:00Z,157161,105146,54537,51120,52015,41112,41017,63193,27585
2020-07-20T09:00:00Z,162803,102679,54204,50587,60124,41098,40991,67348,27977
2020-07-20T10:00:00Z,150111,95713,52259,49451,54398,37602,37484,62166,26298
2020-07-20T11:00:00Z,147225,95894,52157,49541,51331,36423,36322,59757,25292
2020-07-20T12:00:00Z,163819,113019,65836,62132,50800,40385,40293,64782,29407
2020-07-20T13:00:00Z,171082,119773,65571,62461,51309,44668,44541,68191,31635
2020-07-20T14:00:00Z,173043,123974,66757,63499,49069,47940,47828,71192,33545
2020-07-20T15:00:00Z,172477,122325,67235,63571,50152,47317,47185,72165,34258
2020-07-20T16:00:00Z,168132,116713,63468,60914,51419,44053,43933,68888,31488
2020-07-20T17:00:00Z,163946,110257,61878,58816,53689,40274,40161,65144,28964
2020-07-20T18:00:00Z,160948,108069,59424,55979,52879,38595,38470,64215,28942
2020-07-20T19:00:00Z,153462,103041,57734,54903,50421,37326,37208,61134,28139
2020-07-20T20:00:00Z,150200,99379,55197,52424,50821,36185,36075,59923,26785
2020-07-20T21:00:00Z,140446,90415,51257,48498,50031,32855,32743,56498,25113
2020-07-20T22:00:00Z,131854,81303,46127,43756,50551,28518,28411,52552,22138
2020-07-21T00:00:00Z,122656,71347,42959,39217,51309,26021,25931,50623,21204
2020-07-21T01:00:00Z,129288,79356,45194,42658,49932,30030,29947,52805,21138
2020-07-21T02:00:00Z,138502,90214,54731,52583,48288,31471,31386,55032,21939
2020-07-21T03:00:00Z,129997,83274,49645,47009,46723,30252,30175,53598,21896
2020-07-21T04:00:00Z,123561,77481,49024,46902,46080,25340,25262,48501,19643
2020-07-21T05:00:00Z,117775,74690,44025,41969,43085,27453,27368,48467,19807
2020-07-21T06:00:00Z,131946,93047,52352,49410,38899,34382,34294,54773,24167
2020-07-21T07:00:00Z,141875,102031,53608,51392,39844,39090,39002,58949,26176
2020-07-21T08:00:00Z,143427,104186,54442,52048,39241,42023,41921,61262,28054
2020-07-21T09:00:00Z,152432,106226,57160,53549,46206,41658,41557,62720,28612
2020-07-21T10:00:00Z,150124,101631,54421,51839,48493,38106,38004,61804,26713
2020-07-21T11:00:00Z,146593,100871,55569,52971,45722,37155,37045,58729,25669
2020-07-21T12:00:00Z,164896,107947,58934,55298,56949,40789,40669,62444,28985
2020-07-21T13:00:00Z,133883,122025,65474,62441,11858,45960,45843,51843,31698
2020-07-21T14:00:00Z,141566,129558,69160,65922,12008,49784,49654,55944,35020
2020-07-21T15:00:00Z,139156,126791,70030,66282,12365,48653,48536,55284,34920
2020-07-21T16:00:00Z,126505,116975,63803,61102,9530,44565,44451,50038,31365
2020-07-21T17:00:00Z,119926,112112,61701,59672,7814,40623,40510,45352,28331
2020-07-21T18:00:00Z,117540,108467,60213,57473,9073,39016,38895,45027,28475
2020-07-21T19:00:00Z,114817,107085,59000,57073,7732,37998,37883,43119,27253
2020-07-21T20:00:00Z,111100,101652,56246,53784,9448,36371,36262,42193,26906
2020-07-21T21:00:00Z,104012,95013,52112,49538,8999,33345,33243,39183,25124
2020-07-21T22:00:00Z,87621,80961,44902,43156,6660,28942,28828,33740,21421
2020-07-21T23:00:00Z,81154,75931,42562,41088,5223,25919,25818,30584,19177
2020-07-22T00:00:00Z,80130,73179,43694,40509,6951,26030,25951,32633,21121
2020-07-22T01:00:00Z,87426,81286,44076,42064,6140,29673,29594,35706,20455
2020-07-22T02:00:00Z,90463,82796,45373,43202,7667,31380,31299,36285,21005
2020-07-22T03:00:00Z,87785,80796,46004,43350,6989,30492,30408,36304,21229
2020-07-22T04:00:00Z,78890,70735,40283,38243,8155,25874,25794,31685,18902
2020-07-22T05:00:00Z,82387,72726,40608,38594,9661,27744,27667,33206,19117
2020-07-22T06:00:00Z,97792,87962,47184,44318,9830,34292,34201,40763,23064
2020-07-22T07:00:00Z,105004,97650,49889,48098,7354,38491,38402,43600,24331
2020-07-22T08:00:00Z,112928,105264,53632,51504,7664,41231,41122,46270,26768
2020-07-22T09:00:00Z,120940,113390,55901,53164,7550,41811,41697,47649,28029
2020-07-22T10:00:00Z,115960,101351,53962,50984,14609,38092,37989,45574,26548
2020-07-22T11:00:00Z,108675,99516,54958,52279,9159,36218,36118,42251,25571
2020-07-22T12:00:00Z,117975,110803,59193,56334,7172,40563,40461,46571,28344
2020-07-22T13:00:00Z,127444,119457,63767,61569,7987,45573,45467,50838,30743
2020-07-22T14:00:00Z,136982,127914,69963,67267,9068,49225,49107,54444,34042
2020-07-22T15:00:00Z,135059,125388,68565,65217,9671,48178,48061,54704,34251
2020-07-22T16:00:00Z,122909,115420,61872,59787,7489,43997,43885,49306,30889
2020-07-22T17:00:00Z,120028,110783,60816,58376,9245,40744,40628,46329,29013
2020-07-22T18:00:00Z,114370,106178,58253,55428,8192,38650,38535,44106,27800
2020-07-22T19:00:00Z,109244,101162,56031,53724,8082,37279,37164,42490,26992
2020-07-22T20:00:00Z,108774,98585,55386,52505,10189,35802,35687,41323,26541
2020-07-22T21:00:00Z,98098,90182,50779,48453,7916,32783,32677,37525,24150
2020-07-22T22:00:00Z,85670,78911,45243,43130,6759,28339,28243,33570,21556
2020-07-22T23:00:00Z,76873,70664,40639,39157,6209,25284,25202,30177,18796
2020-07-23T00:00:00Z,77801,70701,43490,40212,7100,25544,25452,31533,20436
2020-07-23T01:00:00Z,81473,76145,43417,41536,5328,28894,28815,33137,19655
2020-07-23T02:00:00Z,83662,78282,43264,41392,5380,30673,30591,35192,20238
2020-07-23T03:00:00Z,83514,76270,43951,41180,7244,30060,29979,35895,21267
2020-07-23T04:00:00Z,74788,67983,38745,36872,6805,25270,25191,30439,18297
2020-07-23T05:00:00Z,80372,70839,40033,38160,9533,27364,27283,33106,18704
2020-07-23T06:00:00Z,94942,86226,47030,44456,8716,33754,33668,39976,22712
2020-07-23T07:00:00Z,108093,97326,50690,48542,10767,38215,38118,43875,24588
2020-07-23T08:00:00Z,113456,104636,55051,52633,8820,41184,41083,46501,26790
2020-07-23T09:00:00Z,112758,104656,55876,53061,8102,41559,41452,47127,27957
2020-07-23T10:00:00Z,103375,96136,52624,50588,7239,37612,37515,42791,25805
2020-07-23T11:00:00Z,100663,93965,50415,48591,6698,36716,36615,41916,24603
2020-07-23T12:00:00Z,114016,105762,56916,54055,8254,40729,40618,46665,28109
2020-07-23T13:00:00Z,129313,120830,64784,62588,8483,45174,45054,50382,30571
2020-07-23T14:00:00Z,136047,125900,69044,65946,10147,48472,48346,54614,33632
2020-07-23T15:00:00Z,133600,125998,69733,67045,7602,47693,47582,53335,33372
2020-07-23T16:00:00Z,123465,114983,62562,60148,8482,42887,42772,49135,30376
2020-07-23T17:00:00Z,118107,108960,59213,56510,9147,39692,39574,45735,28052
2020-07-23T18:00:00Z,115378,105347,58312,55362,10031,38215,38090,45234,28114
2020-07-23T19:00:00Z,109308,101529,55488,53226,7779,36334,36223,41805,26450
2020-07-23T20:00:00Z,105849,97007,55542,52927,8842,35155,35050,40988,26097
2020-07-23T21:00:00Z,99812,90014,51567,48726,9798,31790,31681,38559,24193
2020-07-23T22:00:00Z,89442,82247,47886,45778,7195,27601,27496,33352,20789
2020-07-23T23:00:00Z,82399,73194,43092,41023,9205,24863,24772,31248,18988
2020-07-24T00:00:00Z,84357,73727,43261,39041,10630,24676,24585,33612,20770
2020-07-24T01:00:00Z,81320,74716,43223,40811,6604,28102,28018,32893,19480
2020-07-24T02:00:00Z,87284,78501,44218,41429,8783,30096,30015,35644,20826
2020-07-24T03:00:00Z,82439,74596,43398,40376,7843,28755,28680,35041,20959
2020-07-24T04:00:00Z,76269,67113,39614,37243,9156,24111,24044,29823,18185
2020-07-24T05:00:00Z,82420,69932,39920,37574,12488,25749,25665,31929,18457
2020-07-24T06:00:00Z,94796,84115,48496,45599,10681,31459,31369,37560,21637
2020-07-24T07:00:00Z,100764,92202,49588,47638,8562,36021,35938,41109,23580
2020-07-24T08:00:00Z,108700,100262,54740,52583,8438,38726,38620,44107,25346
2020-07-24T09:00:00Z,106145,98954,53306,50594,7191,39713,39607,44589,26868
2020-07-24T10:00:00Z,105478,91715,51149,48390,13763,35583,35493,42320,25105
2020-07-24T11:00:00Z,98159,90359,48612,46532,7800,33677,33574,39266,23394
2020-07-24T12:00:00Z,108763,100830,58575,55553,7933,36609,36509,42325,26068
2020-07-24T13:00:00Z,120809,112776,63024,60968,8033,40699,40584,46259,28069
2020-07-24T14:00:00Z,124430,116336,62202,59717,8094,44430,44309,48788,29966
2020-07-24T15:00:00Z,129909,119603,67917,64390,10306,43599,43487,49668,31496
2020-07-24T16:00:00Z,120075,112683,63651,61609,7392,40025,39922,45118,28238
2020-07-24T17:00:00Z,114726,106306,60119,58145,8420,37243,37132,42444,26422
2020-07-24T18:00:00Z,111914,103340,60752,57766,8574,34792,34696,40563,25952
2020-07-24T19:00:00Z,101917,91813,51974,49064,10104,32689,32591,38278,24567
2020-07-24T20:00:00Z,97796,88271,50782,48221,9525,31061,30960,36793,23377
2020-07-24T21:00:00Z,89944,80346,46537,43659,9598,27708,27607,34068,21849
2020-07-24T22:00:00Z,74004,66877,39016,36749,7127,24074,23985,29422,18940
2020-07-24T23:00:00Z,71946,64568,40339,38256,7378,20822,20747,26284,16594
2020-07-25T00:00:00Z,64169,56393,34864,31408,7776,19198,19126,26039,17009
2020-07-25T01:00:00Z,61481,55207,34585,32233,6274,18968,18906,24137,15310
2020-07-25T02:00:00Z,58718,53541,32854,30780,5177,19673,19614,24093,14836
2020-07-25T03:00:00Z,61454,56026,34646,32311,5428,20284,20218,25448,15707
2020-07-25T04:00:00Z,57156,52190,32171,30227,4966,18630,18581,23296,14396
2020-07-25T05:00:00Z,57225,52508,31716,30035,4717,19080,19030,23418,13885
2020-07-25T06:00:00Z,61375,55953,33415,30773,5422,20967,20910,26062,15756
2020-07-25T07:00:00Z,63578,58897,34374,32629,4681,22447,22383,26684,15881
2020-07-25T08:00:00Z,66589,61676,35731,33803,4913,23622,23566,28079,16821
2020-07-25T09:00:00Z,67443,62257,36571,34222,5186,24006,23954,28823,17594
2020-07-25T10:00:00Z,66986,61904,36314,34401,5082,23292,23227,27897,17076
2020-07-25T11:00:00Z,65623,61306,35518,33820,4317,23314,23260,27801,16848
2020-07-25T12:00:00Z,73002,67100,39666,37005,5902,24905,24853,31095,19156
2020-07-25T13:00:00Z,77811,73210,43695,41982,4601,27132,27072,32033,19552
2020-07-25T14:00:00Z,83627,78129,44348,42426,5498,29848,29780,35407,21678
2020-07-25T15:00:00Z,86773,80949,48598,46146,5824,30187,30117,36091,22645
2020-07-25T16:00:00Z,87115,81428,49473,47903,5687,29070,29002,34938,21411
2020-07-25T17:00:00Z,80771,76130,45411,44066,4641,27318,27251,32583,20305
2020-07-25T18:00:00Z,74857,69626,41127,38979,5231,25778,25715,31658,20111
2020-07-25T19:00:00Z,73356,69085,41112,39796,4271,24353,24281,29760,18887
2020-07-25T20:00:00Z,72804,68389,42812,41395,4415,23011,22948,28252,18094
2020-07-25T21:00:00Z,77312,73145,50011,48195,4167,21406,21351,27818,18368
2020-07-25T22:00:00Z,57140,53573,32979,31631,3567,19001,18947,23843,15066
2020-07-25T23:00:00Z,50962,48000,29664,28591,2962,17045,16999,21044,13292
2020-07-26T00:00:00Z,52347,47336,30571,27725,5011,16615,16566,22889,14606
2020-07-26T01:00:00Z,51558,48008,30242,28714,3550,16988,16934,21372,13029
2020-07-26T02:00:00Z,54463,50827,30435,28871,3636,18484,18432,22606,13605
2020-07-26T03:00:00Z,56952,52774,32885,30855,4178,18905,18856,23953,14600
2020-07-26T04:00:00Z,63359,59339,39868,38332,4020,18233,18183,23532,14838
2020-07-26T05:00:00Z,55173,50858,31645,30116,4315,18604,18554,22702,13960
2020-07-26T06:00:00Z,62157,56404,34892,32329,5753,20273,20220,25652,15622
2020-07-26T07:00:00Z,65443,60384,35685,33751,5059,22264,22205,27920,16927
2020-07-26T08:00:00Z,66832,61653,35854,33861,5179,23719,23664,28802,17265
2020-07-26T09:00:00Z,71156,65175,36624,34356,5981,24327,24267,29260,17672
2020-07-26T10:00:00Z,69454,65289,36461,34822,4165,24246,24192,28789,17655
2020-07-26T11:00:00Z,71236,66939,38732,37119,4297,24924,24865,29158,17634
2020-07-26T12:00:00Z,75932,70946,42011,39565,4986,26736,26680,32225,19947
2020-07-26T13:00:00Z,78895,74302,43248,41633,4593,29337,29273,33953,21033
2020-07-26T14:00:00Z,89545,83142,48131,46000,6403,32128,32056,37268,23502
2020-07-26T15:00:00Z,90259,83283,49620,46924,6976,31974,31904,38059,24388
2020-07-26T16:00:00Z,83726,77109,45951,44137,6617,29753,29692,35312,22379
2020-07-26T17:00:00Z,82852,76910,46381,44500,5942,28124,28052,33533,21162
2020-07-26T18:00:00Z,82349,75768,44273,41665,6581,27598,27529,33578,21511
2020-07-26T19:00:00Z,78378,73058,44404,42649,5320,26524,26456,32079,20500
2020-07-26T20:00:00Z,79081,73214,45002,43240,5867,25384,25314,30959,19863
2020-07-26T21:00:00Z,72284,66482,41354,39117,5802,23496,23431,29065,18889
2020-07-26T22:00:00Z,62088,57576,35423,33992,4512,20896,20839,25363,16284
2020-07-26T23:00:00Z,59297,54167,33753,32201,5130,19291,19234,23885,14967
2020-07-27T00:00:00Z,66020,57162,36078,32691,8858,20998,20926,27665,17625
2020-07-27T01:00:00Z,74083,67011,39746,37491,7072,25532,25462,30204,17849
2020-07-27T02:00:00Z,88496,80318,49586,47296,8178,28266,28197,34337,20110
2020-07-27T03:00:00Z,84699,75817,46464,43744,8882,27613,27550,34345,20523
2020-07-27T04:00:00Z,73655,62860,37681,35458,10795,23433,23375,28803,17342
2020-07-27T05:00:00Z,85156,68146,39411,36884,17010,25959,25882,32456,18170
2020-07-27T06:00:00Z,98984,80931,44577,41213,18053,32352,32274,39068,22047
2020-07-27T07:00:00Z,110763,95266,49937,47678,15497,37001,36922,42499,23448
2020-07-27T08:00:00Z,113485,101514,52303,49585,11971,39801,39696,45504,25606
2020-07-27T09:00:00Z,115077,102825,54375,51240,12252,40619,40522,46458,27175
2020-07-27T10:00:00Z,107175,91812,49768,46745,15363,36728,36620,43193,25170
2020-07-27T11:00:00Z,108236,94098,50566,47782,14138,36384,36284,42563,24963
2020-07-27T12:00:00Z,113457,103367,56274,52845,10090,40122,40019,45747,27943
2020-07-27T13:00:00Z,132426,119670,65323,62386,12756,44532,44422,50868,31352
2020-07-27T14:00:00Z,134100,123533,65633,62616,10567,48130,48007,53291,33448
2020-07-27T15:00:00Z,133027,122527,65212,62032,10500,47167,47048,53302,33506
2020-07-27T16:00:00Z,123554,112854,59927,57341,10700,43204,43078,49127,30501
2020-07-27T17:00:00Z,130702,117625,60607,57587,13077,39978,39869,46644,28520
2020-07-27T18:00:00Z,116620,105060,57825,54490,11560,38213,38100,44699,28010
2020-07-27T19:00:00Z,112304,100731,55639,53017,11573,36588,36482,42703,26620
2020-07-27T20:00:00Z,111615,99596,55799,53063,12019,35736,35624,42060,26278
2020-07-27T21:00:00Z,100902,90044,51886,48977,10858,32562,32447,38652,24652
2020-07-27T22:00:00Z,89995,80617,45873,43565,9378,28001,27902,33357,21041
2020-07-27T23:00:00Z,83701,74269,42940,40772,9432,25534,25448,30812,19397
2020-07-28T00:00:00Z,82831,71577,43826,39926,11254,26101,26016,33137,21346
2020-07-28T01:00:00Z,86670,78391,43916,41386,8279,29746,29652,34315,20490
2020-07-28T02:00:00Z,91550,83016,46189,43731,8534,31690,31593,36824,21521
2020-07-28T03:00:00Z,93024,83739,50082,47423,9285,30128,30046,37698,22254
2020-07-28T04:00:00Z,101527,70988,41822,39729,30539,25296,25223,41691,19040
2020-07-28T05:00:00Z,83970,71663,41135,38988,12307,27450,27359,33857,19311
2020-07-28T06:00:00Z,96867,88003,49192,46067,8864,33943,33854,41017,23947
2020-07-28T07:00:00Z,106655,98385,51289,49092,8270,38130,38040,43780,25220
2020-07-28T08:00:00Z,124229,105744,58045,54797,18485,40993,40886,49730,27811
2020-07-28T09:00:00Z,115049,104213,56079,52871,10836,41525,41416,47458,28292
2020-07-28T10:00:00Z,108932,98777,54601,51855,10155,37162,37055,44017,26784
2020-07-28T11:00:00Z,108186,99417,56072,53451,8769,36814,36701,43157,26479
2020-07-28T12:00:00Z,117515,108241,59192,55813,9274,40945,40837,47514,29019
2020-07-28T13:00:00Z,125167,115884,61244,58850,9283,45408,45292,50788,30849
2020-07-28T14:00:00Z,136592,126997,67785,64935,9595,48842,48715,55020,34093
2020-07-28T15:00:00Z,132943,122744,67153,63782,10199,48076,47956,53962,33857
2020-07-28T16:00:00Z,124386,114948,62782,59992,9438,43952,43834,49460,31064
2020-07-28T17:00:00Z,119359,110378,61628,59031,8981,40507,40383,45920,28829
2020-07-28T18:00:00Z,116806,106658,59034,55744,10148,38788,38679,45149,28664
2020-07-28T19:00:00Z,112929,103241,58030,55030,9688,37319,37200,43390,27564
2020-07-28T20:00:00Z,111566,101226,56183,53579,10340,35939,35829,42223,26708
2020-07-28T21:00:00Z,102870,92456,52098,49040,10414,32986,32875,38748,24825
2020-07-28T22:00:00Z,89267,79686,45310,42591,9581,28699,28592,34148,21764
2020-07-28T23:00:00Z,79744,71130,40834,38666,8614,25477,25385,30643,19280
2020-07-29T00:00:00Z,80971,70849,42525,38613,10122,26054,25961,33325,21420
2020-07-29T01:00:00Z,85033,77637,43537,41286,7396,29905,29825,34442,20459
2020-07-29T02:00:00Z,88506,80765,44945,42718,7741,31693,31612,36565,21432
2020-07-29T03:00:00Z,92378,84555,51215,48526,7823,30343,30262,37223,22622
2020-07-29T04:00:00Z,78890,70661,41013,38929,8229,25510,25428,30611,18507
2020-07-29T05:00:00Z,84244,71587,40745,38569,12657,27586,27498,33211,19226
2020-07-29T06:00:00Z,99203,86304,48016,44835,12899,33952,33865,41137,23896
2020-07-29T07:00:00Z,102931,94443,49751,47625,8488,38074,37979,42768,24552
2020-07-29T08:00:00Z,114732,104595,54484,52118,10137,40806,40699,46482,27086
2020-07-29T09:00:00Z,110848,102814,55188,52266,8034,41175,41064,46715,28082
2020-07-29T10:00:00Z,105456,94146,51008,48419,11310,37405,37297,43514,25802
2020-07-29T11:00:00Z,108349,95211,52607,49719,13138,36540,36431,42904,25432
2020-07-29T12:00:00Z,116322,106799,58323,54865,9523,40595,40480,46470,28596
2020-07-29T13:00:00Z,124456,114900,61059,58555,9556,45207,45090,50289,30706
2020-07-29T14:00:00Z,134416,124816,66631,63726,9600,48998,48883,54234,33907
2020-07-29T15:00:00Z,131428,121944,66510,63286,9484,47716,47601,52969,33604
2020-07-29T16:00:00Z,127720,117262,65460,62902,10458,43603,43478,50250,31684
2020-07-29T17:00:00Z,119341,110345,61089,58864,8996,39852,39728,45415,28351
2020-07-29T18:00:00Z,121717,108810,59705,56578,12907,38343,38231,46487,28688
2020-07-29T19:00:00Z,115378,101792,56117,53751,13586,36524,36408,44518,27009
2020-07-29T20:00:00Z,115294,99533,56142,53153,15761,35635,35521,43728,26539
2020-07-29T21:00:00Z,116151,89498,50769,47214,26653,32265,32144,44500,24951
2020-07-29T22:00:00Z,94831,80432,46562,44192,14399,28302,28205,36218,21675
2020-07-29T23:00:00Z,82604,71132,40545,38610,11472,24993,24897,32374,19178
2020-07-30T00:00:00Z,85332,71058,43397,39334,14274,25373,25268,34303,20882
2020-07-30T01:00:00Z,89048,76340,43985,41554,12708,28491,28418,36335,20119
2020-07-30T02:00:00Z,94825,79743,43747,41459,15082,31093,31010,38879,21066
2020-07-30T03:00:00Z,94346,78737,43997,41247,15609,29744,29648,38231,20937
2020-07-30T04:00:00Z,84897,68348,40487,38139,16549,25121,25040,33932,18509
2020-07-30T05:00:00Z,80276,69985,39526,37402,10291,26640,26555,32131,18621
2020-07-30T06:00:00Z,94108,84800,46217,43050,9308,33108,33023,39757,23210
2020-07-30T07:00:00Z,109490,97323,50983,48709,12167,37076,36972,43697,24712
2020-07-30T08:00:00Z,133868,104247,55426,52639,29621,39957,39848,54011,26998
2020-07-30T09:00:00Z,135324,104724,54632,51697,30600,40573,40464,57202,27980
2020-07-30T10:00:00Z,127265,99869,55204,51746,27396,36446,36334,52183,27137
2020-07-30T11:00:00Z,133328,106892,64309,60979,26436,34924,34820,50332,26396
2020-07-30T12:00:00Z,136196,108376,62461,58428,27820,39159,39046,55312,29609
2020-07-30T13:00:00Z,159232,114418,62926,60059,44814,42588,42469,65403,30748
2020-07-30T14:00:00Z,176383,117962,65387,62515,58421,45629,45502,75056,32816
2020-07-30T15:00:00Z,173758,115258,64072,60746,58500,44713,44581,74441,32861
2020-07-30T16:00:00Z,173799,113401,64842,62560,60398,41189,41069,73134,30504
2020-07-30T17:00:00Z,159707,102275,57337,55139,57432,37951,37838,66571,27029
2020-07-30T18:00:00Z,150975,101140,55765,52692,49835,36520,36410,62218,27257
2020-07-30T19:00:00Z,140131,96773,53744,51411,43358,35235,35117,57177,25968
2020-07-30T20:00:00Z,141815,95944,53355,50699,45871,33590,33471,55835,25569
2020-07-30T21:00:00Z,109091,89802,51093,47783,19289,31223,31110,40523,24336
2020-07-30T22:00:00Z,95040,79017,45060,42375,16023,27271,27170,35617,21100
2020-07-30T23:00:00Z,85011,68509,40677,38177,16502,24189,24090,32620,19120
2020-07-31T00:00:00Z,90674,73912,43479,39435,16762,24753,24658,33970,20692
2020-07-31T01:00:00Z,95373,77209,43754,41180,18164,27854,27763,36714,19788
2020-07-31T02:00:00Z,101811,78313,44571,42034,23498,29876,29798,41441,21127
2020-07-31T03:00:00Z,100627,77292,43523,40758,23335,28556,28479,39999,20392
2020-07-31T04:00:00Z,92105,65909,38862,36360,26196,23728,23643,35968,17928
2020-07-31T05:00:00Z,96776,68104,39269,36024,28672,25439,25349,35423,18544
2020-07-31T06:00:00Z,129011,80723,44960,41377,48288,31053,30961,53864,22376
2020-07-31T07:00:00Z,140946,88315,46444,43847,52631,34479,34379,58655,22838
2020-07-31T08:00:00Z,146408,95743,51345,48439,50665,37124,37018,60594,25091
2020-07-31T09:00:00Z,146238,95854,51586,48281,50384,37392,37281,61200,26102
2020-07-31T10:00:00Z,141631,90669,49098,46149,50962,33503,33409,60702,24202
2020-07-31T11:00:00Z,134718,84974,47016,43917,49744,31502,31403,56465,22991
2020-07-31T12:00:00Z,144281,95178,53640,49885,49103,34763,34651,59133,26040
2020-07-31T13:00:00Z,148301,99958,54413,51719,48343,38267,38155,61358,26682
2020-07-31T14:00:00Z,156404,106995,59219,56241,49409,41484,41368,65422,29337
2020-07-31T15:00:00Z,155140,105504,58103,54809,49636,40467,40341,65092,29102
2020-07-31T16:00:00Z,151997,102774,54156,51829,49223,37268,37150,61992,26896
2020-07-31T17:00:00Z,143458,96771,54572,52058,46687,34544,34429,57760,25053
2020-07-31T18:00:00Z,136745,92497,52409,49233,44248,32557,32447,55490,24926
2020-07-31T19:00:00Z,136962,89869,49319,46984,47093,31073,30973,54592,23198
2020-07-31T20:00:00Z,136598,83317,47169,44603,53281,29236,29129,54739,21926
2020-07-31T21:00:00Z,132775,78139,44435,41174,54636,26814,26710,53319,21325
2020-07-31T22:00:00Z,123176,69096,39541,37174,54080,23074,22998,50281,18293
2020-07-31T23:00:00Z,117288,59349,35753,33030,57939,20063,19981,48070,16550
2020-08-01T00:00:00Z,114743,57346,35973,31802,57397,18964,18882,48410,17334
2020-08-01T01:00:00Z,115440,57232,35407,32283,58208,19039,18965,47064,15357
2020-08-01T02:00:00Z,111616,55063,33176,30559,56553,19606,19541,47460,15306
2020-08-01T03:00:00Z,112092,54769,34302,31525,57323,19545,19480,48626,15747
2020-08-01T04:00:00Z,112689,56137,35219,32906,56552,18370,18308,46992,15394
2020-08-01T05:00:00Z,113149,51537,31478,29082,61612,18466,18405,45875,14121
2020-08-01T06:00:00Z,114808,57326,35062,31799,57482,20524,20461,49396,16797
2020-08-01T07:00:00Z,126158,59235,35287,33105,66923,21770,21715,55120,16333
2020-08-01T08:00:00Z,135757,62380,37056,34667,73377,22345,22298,58983,16736
2020-08-01T09:00:00Z,135775,61750,37631,34080,74025,22731,22676,59134,17532
2020-08-01T10:00:00Z,136596,61359,36359,34194,75237,22318,22251,58890,16857
2020-08-01T11:00:00Z,138475,63433,39424,37330,75042,22087,22017,58494,16625
2020-08-01T12:00:00Z,146275,67442,41508,38054,78833,23994,23922,62079,18921
2020-08-01T13:00:00Z,147035,70491,41866,39344,76544,25899,25823,62602,19378
2020-08-01T14:00:00Z,151498,76480,45439,43031,75018,28843,28783,66028,21538
2020-08-01T15:00:00Z,152612,78323,47462,44495,74289,28723,28661,66443,22363
2020-08-01T16:00:00Z,148228,75597,44486,42464,72631,27605,27541,64546,20989
2020-08-01T17:00:00Z,145488,73278,44405,42801,72210,25889,25823,62442,20009
2020-08-01T18:00:00Z,142372,69646,42166,39668,72726,24770,24703,62187,19873
2020-08-01T19:00:00Z,138544,66644,40714,39138,71900,23401,23338,59717,18651
2020-08-01T20:00:00Z,135696,63506,39096,37400,72190,22252,22184,58168,17875
2020-08-01T21:00:00Z,131852,59345,36609,34529,72507,20348,20284,57175,16834
2020-08-01T22:00:00Z,125886,53787,33417,31834,72099,18382,18317,54724,14997
2020-08-01T23:00:00Z,120402,48568,30765,29268,71834,16519,16453,52637,13655
2020-08-02T00:00:00Z,122992,48934,32841,29457,74058,16499,16441,55256,15626
2020-08-02T01:00:00Z,121664,49979,31940,30070,71685,17133,17070,52888,13793
2020-08-02T02:00:00Z,122521,50953,31782,29888,71568,18413,18355,54050,14332
2020-08-02T03:00:00Z,124814,53401,33626,31273,71413,18861,18798,55092,15251
2020-08-02T04:00:00Z,123491,53184,32971,31202,70307,18152,18099,53965,14544
2020-08-02T05:00:00Z,119017,52647,33010,31291,66370,18488,18424,52025,14902
2020-08-02T06:00:00Z,74425,57128,36347,33502,17297,20037,19986,31661,17046
2020-08-02T07:00:00Z,64588,59393,35260,33427,5195,21862,21802,26351,15917
2020-08-02T08:00:00Z,66482,60702,36269,34314,5780,23023,22968,27297,16831
2020-08-02T09:00:00Z,70161,64277,36692,34286,5884,23566,23500,29359,17705
2020-08-02T10:00:00Z,69533,63345,37845,35477,6188,23575,23514,28437,17602
2020-08-02T11:00:00Z,71247,64466,38456,36012,6781,23816,23749,28867,17741
2020-08-02T12:00:00Z,77446,69791,42391,39509,7655,25446,25390,31495,19959
2020-08-02T13:00:00Z,80502,73720,44669,42546,6782,27834,27780,32869,20427
2020-08-02T14:00:00Z,88248,81404,48837,46815,6844,31400,31332,36993,23444
2020-08-02T15:00:00Z,89401,81661,49113,46475,7740,31206,31136,37523,23925
2020-08-02T16:00:00Z,86031,79539,47044,45109,6492,29065,29000,34482,22044
2020-08-02T17:00:00Z,83096,76098,46574,44866,6998,27471,27414,32477,20967
2020-08-02T18:00:00Z,77036,70753,43841,41403,6283,26210,26142,31892,21053
2020-08-02T19:00:00Z,75946,69974,42732,41086,5972,25317,25257,30440,19867
2020-08-02T20:00:00Z,74884,68417,42203,40439,6467,24312,24245,29621,19447
2020-08-02T21:00:00Z,70442,64048,40397,38230,6394,22559,22496,27756,18529
2020-08-02T22:00:00Z,64597,58989,37225,35640,5608,20620,20561,25108,16435
2020-08-02T23:00:00Z,60423,54810,34725,33093,5613,19272,19216,23574,15408
2020-08-03T00:00:00Z,68022,57198,37483,33643,10824,20912,20853,27888,18186
2020-08-03T01:00:00Z,74792,66519,40135,37706,8273,25162,25095,29822,17847
2020-08-03T02:00:00Z,79019,69541,39869,37558,9478,27913,27845,32717,19075
2020-08-03T03:00:00Z,80041,70489,41276,38603,9552,27454,27388,32830,19452
2020-08-03T04:00:00Z,75175,64063,37918,35681,11112,23305,23238,28874,17205
2020-08-03T05:00:00Z,84267,67859,38924,36391,16408,24903,24833,31600,18390
2020-08-03T06:00:00Z,97591,78663,43801,40135,18928,31159,31072,39016,21739
2020-08-03T07:00:00Z,118671,91166,48957,45528,27505,35006,34904,42057,23374
2020-08-03T08:00:00Z,110280,95767,51184,47995,14513,37591,37494,43535,25337
2020-08-03T09:00:00Z,113806,98617,53238,49698,15189,38594,38492,44701,26041
2020-08-03T10:00:00Z,106485,93542,51136,48052,12943,35076,34974,41014,24643
2020-08-03T11:00:00Z,105846,91777,51070,48377,14069,34304,34201,40217,23891
2020-08-03T12:00:00Z,115896,103006,55079,51414,12890,38338,38239,45678,27531
2020-08-03T13:00:00Z,124606,112207,60412,57739,12399,42394,42288,48370,29434
2020-08-03T14:00:00Z,132295,120436,63813,60828,11859,45870,45748,51845,32044
2020-08-03T15:00:00Z,131951,118908,65471,61877,13043,45160,45050,51804,32741
2020-08-03T16:00:00Z,126098,114437,61359,58250,11661,41908,41790,48507,30234
2020-08-03T17:00:00Z,123339,110567,60334,56804,12772,38594,38481,45937,28572
2020-08-03T18:00:00Z,114459,103444,57672,54176,11015,36986,36864,44190,27857
2020-08-03T19:00:00Z,108457,97691,54394,51860,10766,35677,35573,40987,25943
2020-08-03T20:00:00Z,106065,94821,52962,50554,11244,34468,34364,40065,25347
2020-08-03T21:00:00Z,99010,88193,50884,48028,10817,31525,31418,37374,23917
2020-08-03T22:00:00Z,85313,76189,44549,42169,9124,27370,27274,32704,21000
2020-08-03T23:00:00Z,79711,70261,41561,39421,9450,24977,24890,29951,18900
2020-08-04T00:00:00Z,79860,69469,42773,38801,10391,25681,25589,32497,20978
2020-08-04T01:00:00Z,85162,76623,43818,41483,8539,29274,29197,34047,20247
2020-08-04T02:00:00Z,88349,79584,44199,41762,8765,31281,31204,36295,20876
2020-08-04T03:00:00Z,85212,76514,44086,41307,8698,29955,29877,35347,21110
2020-08-04T04:00:00Z,77487,67989,40398,38226,9498,25058,24988,31183,19003
2020-08-04T05:00:00Z,77872,68400,38806,36684,9472,26751,26665,31877,18348
2020-08-04T06:00:00Z,97848,86496,47294,44121,11352,33110,33027,39674,22632
2020-08-04T07:00:00Z,110929,96901,49790,46948,14028,37546,37450,43320,24263
2020-08-04T08:00:00Z,112351,101564,53548,50934,10787,40302,40203,45389,26377
2020-08-04T09:00:00Z,111912,101668,54144,51152,10244,40722,40617,45857,27205
2020-08-04T10:00:00Z,103551,93633,51469,48871,9918,36834,36724,41790,25407
2020-08-04T11:00:00Z,102660,93663,50904,48490,8997,36047,35950,41141,24331
2020-08-04T12:00:00Z,113595,104009,57565,54199,9586,39904,39799,45572,27659
2020-08-04T13:00:00Z,118664,108316,56965,54372,10348,43065,42947,48232,28580
2020-08-04T14:00:00Z,134071,124361,66139,63218,9710,48496,48369,54437,33766
2020-08-04T15:00:00Z,134049,123368,67390,64053,10681,47378,47252,53669,33725
2020-08-04T16:00:00Z,126894,116482,65192,62244,10412,42649,42537,49044,31252
2020-08-04T17:00:00Z,116227,107064,59228,56891,9163,39375,39247,44325,27762
2020-08-04T18:00:00Z,112750,102937,57437,54413,9813,37577,37459,43400,27733
2020-08-04T19:00:00Z,113020,103020,54273,51849,10000,36076,35960,43195,26379
2020-08-04T20:00:00Z,104927,95234,53313,50953,9693,34883,34768,40266,25707
2020-08-04T21:00:00Z,97797,89026,51558,48916,8771,32060,31962,37776,24361
2020-08-04T22:00:00Z,91336,81220,46616,44085,10116,27797,27705,33938,21552
2020-08-04T23:00:00Z,80980,72093,42918,40473,8887,25129,25038,30056,19269
2020-08-05T00:00:00Z,81272,70770,44115,40171,10502,25655,25556,32700,20986
2020-08-05T01:00:00Z,83189,75419,43633,41204,7770,28525,28450,33264,19907
2020-08-05T02:00:00Z,88081,79214,45008,42477,8867,30589,30510,35871,20953
2020-08-05T03:00:00Z,84705,76894,45272,42471,7811,29674,29597,35186,21118
2020-08-05T04:00:00Z,77684,68382,40953,38627,9302,25006,24926,31680,19439
2020-08-05T05:00:00Z,78103,68284,39150,36936,9819,26592,26502,32015,18529
2020-08-05T06:00:00Z,93671,81664,44831,41800,12007,32496,32411,39058,22200
2020-08-05T07:00:00Z,107790,95034,51492,49066,12756,36884,36788,42252,23497
2020-08-05T08:00:00Z,114182,103729,55482,52778,10453,39886,39781,45107,25900
2020-08-05T09:00:00Z,109944,100873,54565,51432,9071,39750,39625,44758,26415
2020-08-05T10:00:00Z,102115,93231,50546,48110,8884,36296,36184,41048,24878
2020-08-05T11:00:00Z,100119,92136,49937,47687,7983,35486,35376,40348,24140
2020-08-05T12:00:00Z,111009,102398,56265,53034,8611,38999,38890,44814,27408
2020-08-05T13:00:00Z,123683,114388,61563,58865,9295,43915,43789,49332,29933
2020-08-05T14:00:00Z,137299,127650,69029,65821,9649,47309,47187,55586,33137
2020-08-05T15:00:00Z,144135,121246,66220,62918,22889,46070,45950,59798,32768
2020-08-05T16:00:00Z,138058,111731,60880,58304,26327,41785,41668,56474,30002
2020-08-05T17:00:00Z,112242,104189,57021,54872,8053,38756,38628,43697,27217
2020-08-05T18:00:00Z,110945,101800,57208,54068,9145,37153,37049,42887,27372
2020-08-05T19:00:00Z,104728,97145,54281,52053,7583,35437,35318,40885,26154
2020-08-05T20:00:00Z,107205,97551,55019,52632,9654,34550,34439,40196,25618
2020-08-05T21:00:00Z,96012,87262,50269,47602,8750,31402,31285,36889,23774
2020-08-05T22:00:00Z,85727,78689,46383,44422,7038,27383,27283,32551,20991
2020-08-05T23:00:00Z,79596,71951,42719,40658,7645,25046,24952,30013,19194
2020-08-06T00:00:00Z,84348,72225,45709,41118,12123,25363,25265,33983,21734
2020-08-06T01:00:00Z,85962,77645,47116,44396,8317,28942,28856,33996,20621
2020-08-06T02:00:00Z,85378,77919,44253,41927,7459,30800,30716,35243,20402
2020-08-06T03:00:00Z,86863,78953,47373,44276,7910,29785,29703,37038,22502
2020-08-06T04:00:00Z,78474,69728,42542,40252,8746,24765,24698,30224,18364
2020-08-06T05:00:00Z,77989,67778,39289,37101,10211,26384,26302,31941,18748
2020-08-06T06:00:00Z,96249,81627,45902,42458,14622,32505,32416,39459,22674
2020-08-06T07:00:00Z,104756,93112,49180,46183,11644,36805,36700,41985,23822
2020-08-06T08:00:00Z,109670,98463,52880,50014,11207,39184,39095,44725,25601
2020-08-06T09:00:00Z,110300,101198,55305,52597,9102,40503,40400,45337,26537
2020-08-06T10:00:00Z,101590,92543,50176,47882,9047,36391,36290,41844,24672
2020-08-06T11:00:00Z,102389,94188,50827,48552,8201,35613,35519,40969,24121
2020-08-06T12:00:00Z,115591,105705,58188,54532,9886,39345,39224,45657,27876
2020-08-06T13:00:00Z,126070,116950,62013,59364,9120,43514,43398,48710,29629
2020-08-06T14:00:00Z,129115,120582,66911,64006,8533,46861,46746,53234,33524
2020-08-06T15:00:00Z,129535,119563,67869,64067,9972,45380,45266,51908,32732
2020-08-06T16:00:00Z,118185,109748,60960,58241,8437,41321,41206,46835,29339
2020-08-06T17:00:00Z,112772,105972,58545,56532,6800,37931,37811,44100,27094
2020-08-06T18:00:00Z,107530,99106,54411,51265,8424,36218,36100,42082,26595
2020-08-06T19:00:00Z,105042,96672,53077,50866,8370,35278,35167,40746,25606
2020-08-06T20:00:00Z,100940,92161,51494,49123,8779,33613,33499,39549,24827
2020-08-06T21:00:00Z,93298,86010,48544,46253,7288,31017,30908,36636,23160
2020-08-06T22:00:00Z,83605,77037,43867,41993,6568,27144,27044,32103,20241
2020-08-06T23:00:00Z,77213,69685,41518,39185,7528,24358,24264,29322,18418
2020-08-07T00:00:00Z,79748,70505,44375,40317,9243,24651,24554,31895,20607
2020-08-07T01:00:00Z,82067,76172,44236,42081,5895,27957,27866,32640,19253
2020-08-07T02:00:00Z,83842,77211,44018,41630,6631,29880,29792,34434,20166
2020-08-07T03:00:00Z,81881,75779,43934,41347,6102,28876,28792,34980,21240
2020-08-07T04:00:00Z,73922,66189,39314,37085,7733,23938,23863,29765,17956
2020-08-07T05:00:00Z,76963,67393,38838,36697,9570,25372,25287,31137,17994
2020-08-07T06:00:00Z,90732,79372,44083,41030,11360,31301,31210,38419,21882
2020-08-07T07:00:00Z,98226,89171,47148,44892,9055,34977,34887,39943,22551
2020-08-07T08:00:00Z,105464,96915,52008,49550,8549,37863,37772,43194,25322
2020-08-07T09:00:00Z,104535,97282,52290,49510,7253,38399,38290,44095,26099
2020-08-07T10:00:00Z,96408,89356,48985,46727,7052,34345,34244,39465,23787
2020-08-07T11:00:00Z,91365,84874,47867,45514,6491,32083,31999,36734,22692
2020-08-07T12:00:00Z,101587,93461,52628,49245,8126,34900,34810,40817,25595
2020-08-07T13:00:00Z,111517,102780,56811,54061,8737,38848,38745,44018,27076
2020-08-07T14:00:00Z,119214,110927,60587,57742,8287,42290,42174,48129,29887
2020-08-07T15:00:00Z,119378,108399,61466,57714,10979,41594,41472,48243,29634
2020-08-07T16:00:00Z,127406,102938,57418,55052,24468,38079,37959,52368,27325
2020-08-07T17:00:00Z,103599,96437,55057,52839,7162,35281,35173,40515,25478
2020-08-07T18:00:00Z,99034,90782,51706,48644,8252,33312,33200,39596,25142
2020-08-07T19:00:00Z,94654,86694,49482,47301,7960,30874,30761,36573,23067
2020-08-07T20:00:00Z,89474,81956,47256,45062,7518,29415,29313,35013,22101
2020-08-07T21:00:00Z,85278,77105,46115,43017,8173,27034,26930,32129,20774
2020-08-07T22:00:00Z,79063,67706,39589,37285,11357,23265,23158,30330,18073
2020-08-07T23:00:00Z,95355,61693,36710,35250,33662,20523,20427,39030,15855
2020-08-08T00:00:00Z,95012,59490,37847,34391,35522,19334,19237,39476,17237
2020-08-08T01:00:00Z,71671,58528,36206,34215,13143,19351,19278,27998,14893
2020-08-08T02:00:00Z,75989,58228,35636,33782,17761,20026,19953,31072,15025
2020-08-08T03:00:00Z,65767,56817,35776,33403,8950,19741,19673,26728,15356
2020-08-08T04:00:00Z,66508,57429,35591,33573,9079,18720,18665,25515,14731
2020-08-08T05:00:00Z,60448,54072,33515,31705,6376,18816,18751,23989,14133
2020-08-08T06:00:00Z,66727,60677,37318,34534,6050,20547,20480,26484,16160
2020-08-08T07:00:00Z,66806,61450,37293,35575,5356,21661,21594,26184,15688
2020-08-08T08:00:00Z,68923,63823,38592,36566,5100,22805,22744,27684,16587
2020-08-08T09:00:00Z,69602,64164,38407,35880,5438,22992,22933,28492,17256
2020-08-08T10:00:00Z,68094,62097,37595,35316,5997,22394,22331,27684,16980
2020-08-08T11:00:00Z,69249,64407,39204,37205,4842,22410,22346,27349,16857
2020-08-08T12:00:00Z,74979,69549,44217,41418,5430,23728,23664,30540,19774
2020-08-08T13:00:00Z,79256,74743,45648,43824,4513,26182,26122,31155,18985
2020-08-08T14:00:00Z,84033,79661,47037,45266,4372,28804,28737,34646,21266
2020-08-08T15:00:00Z,86737,80728,49602,47008,6009,29188,29122,35589,22443
2020-08-08T16:00:00Z,81832,76864,46381,44885,4968,27431,27367,33528,21070
2020-08-08T17:00:00Z,79253,75464,45566,44264,3789,26100,26029,31466,19727
2020-08-08T18:00:00Z,77170,72057,43939,41689,5113,24956,24890,31118,20017
2020-08-08T19:00:00Z,70644,66280,40465,39130,4364,22992,22931,28136,18013
2020-08-08T20:00:00Z,67924,63543,39751,38154,4381,22041,21989,26731,17286
2020-08-08T21:00:00Z,63683,58668,37501,35334,5015,19943,19878,25294,16521
2020-08-08T22:00:00Z,57165,53353,34081,32579,3812,18229,18178,22646,14598
2020-08-08T23:00:00Z,54675,50721,33002,31515,3954,16782,16728,21148,13439
2020-08-09T00:00:00Z,58782,51478,36138,32654,7304,16462,16401,23425,15409
2020-08-09T01:00:00Z,56343,52429,34276,32514,3914,17008,16953,21214,13377
2020-08-09T02:00:00Z,58039,53468,34448,32510,4571,18349,18288,22785,14145
2020-08-09T03:00:00Z,59104,54812,35777,33498,4292,18646,18590,23686,14583
2020-08-09T04:00:00Z,58868,54879,35959,34205,3989,17955,17910,23032,14526
2020-08-09T05:00:00Z,58060,54305,34544,32963,3755,18212,18163,22730,14008
2020-08-09T06:00:00Z,62032,57239,35966,33294,4793,19948,19886,25758,16160
2020-08-09T07:00:00Z,63398,59826,36446,34787,3572,21730,21667,26969,16214
2020-08-09T08:00:00Z,67304,62701,38219,36375,4603,22800,22745,27506,16681
2020-08-09T09:00:00Z,67906,63679,39478,37226,4227,23449,23394,28561,17703
2020-08-09T10:00:00Z,67653,63963,38900,37147,3690,23391,23334,27891,17311
2020-08-09T11:00:00Z,69765,64994,39748,37891,4771,23822,23760,28609,17925
2020-08-09T12:00:00Z,74656,68929,42647,39884,5727,25263,25197,31045,19880
2020-08-09T13:00:00Z,77811,73331,43471,41759,4480,28014,27953,33146,20538
2020-08-09T14:00:00Z,84913,80172,47389,45632,4741,30857,30791,35891,22697
2020-08-09T15:00:00Z,87090,80857,49291,46723,6233,31021,30951,37007,23612
2020-08-09T16:00:00Z,84071,78677,47012,45262,5394,29146,29079,34583,21991
2020-08-09T17:00:00Z,81678,76602,47245,45583,5076,27304,27239,32689,20787
2020-08-09T18:00:00Z,78322,72754,44937,42315,5568,25964,25902,31710,20700
2020-08-09T19:00:00Z,74584,70135,43506,41902,4449,25105,25045,30131,19392
2020-08-09T20:00:00Z,73571,68457,42836,41152,5114,23891,23829,28677,18691
2020-08-09T21:00:00Z,67902,62669,39818,37567,5233,21921,21859,26879,17781
2020-08-09T22:00:00Z,64203,59415,37170,35543,4788,19880,19814,24614,15864
2020-08-09T23:00:00Z,64815,59883,36672,34933,4932,18913,18851,23287,15019
2020-08-10T00:00:00Z,69406,60155,39946,36203,9251,20522,20449,27653,18028
2020-08-10T01:00:00Z,74518,67241,41428,38922,7277,24733,24657,29230,17433
2020-08-10T02:00:00Z,79574,71893,42438,39873,7681,27400,27324,32213,18839
2020-08-10T03:00:00Z,79265,71988,42631,40021,7277,27010,26942,33157,19914
2020-08-10T04:00:00Z,71539,63366,38029,35943,8173,23111,23047,28500,17186
2020-08-10T05:00:00Z,81580,65529,38095,35586,16051,24885,24819,31652,17887
2020-08-10T06:00:00Z,104319,80876,45056,41407,23443,31543,31452,39284,22221
2020-08-10T07:00:00Z,103696,92250,49887,47221,11446,35612,35519,41357,23629
2020-08-10T08:00:00Z,109840,97097,51680,48683,12743,38602,38493,44101,25295
2020-08-10T09:00:00Z,113371,101027,53837,50356,12344,39250,39148,45519,26714
2020-08-10T10:00:00Z,106012,95589,49103,46333,10423,35558,35448,41146,24738
2020-08-10T11:00:00Z,103761,92606,50852,47795,11155,35222,35121,41678,24960
2020-08-10T12:00:00Z,111744,100461,55417,51261,11283,38906,38796,45847,28177
2020-08-10T13:00:00Z,124594,111873,59663,56553,12721,43591,43470,49682,30379
2020-08-10T14:00:00Z,130667,118756,64440,60720,11911,46493,46370,52859,32858
2020-08-10T15:00:00Z,128917,118235,65438,61735,10682,45680,45558,51707,32301
2020-08-10T16:00:00Z,120197,110603,59246,56377,9594,41277,41159,47415,29434
2020-08-10T17:00:00Z,115088,104977,58129,55180,10111,38175,38061,44920,28284
2020-08-10T18:00:00Z,111833,102316,57030,53451,9517,36529,36424,44268,28041
2020-08-10T19:00:00Z,105679,96070,53900,51135,9609,35092,34979,40622,25792
2020-08-10T20:00:00Z,105359,94596,53021,50210,10763,33705,33581,39365,25062
2020-08-10T21:00:00Z,96507,85933,49203,45941,10574,30625,30516,36956,23989
2020-08-10T22:00:00Z,86426,76320,44852,41931,10106,26445,26352,31542,20126
2020-08-10T23:00:00Z,80179,70168,40719,38279,10011,24194,24100,29231,18230
2020-08-11T00:00:00Z,79987,70352,42549,38589,9635,24942,24864,31866,20707
2020-08-11T01:00:00Z,85469,77452,44779,42259,8017,28665,28585,33430,19945
2020-08-11T02:00:00Z,86274,78865,44644,42119,7409,30694,30603,35721,20694
2020-08-11T03:00:00Z,86777,77291,45085,41980,9486,29539,29452,35300,20766
2020-08-11T04:00:00Z,78680,68101,40444,37975,10579,24650,24570,30779,18691
2020-08-11T05:00:00Z,85130,69145,40091,37506,15985,26396,26307,32114,18040
2020-08-11T06:00:00Z,96141,82542,45761,41881,13599,33052,32962,39435,22619
2020-08-11T07:00:00Z,104356,93007,48705,46114,11349,37125,37020,42351,23944
2020-08-11T08:00:00Z,110971,99381,52546,49411,11590,39683,39576,45305,26258
2020-08-11T09:00:00Z,112399,102250,54213,50957,10149,40131,40007,46103,27034
2020-08-11T10:00:00Z,107890,95251,51934,48597,12639,36585,36468,42764,25634
2020-08-11T11:00:00Z,102740,92927,51087,48109,9813,35609,35503,41111,24651
2020-08-11T12:00:00Z,112173,101817,56344,52517,10356,39082,38972,45862,28244
2020-08-11T13:00:00Z,120178,110668,58637,55957,9510,43065,42957,48440,29619
2020-08-11T14:00:00Z,129770,119102,64722,61617,10668,46315,46199,52018,32245
2020-08-11T15:00:00Z,142257,120222,65981,62579,22035,45753,45637,55260,33108
2020-08-11T16:00:00Z,121281,112624,62814,59939,8657,41657,41534,47695,30096
2020-08-11T17:00:00Z,115569,106153,59631,57185,9416,38566,38440,44120,27255
2020-08-11T18:00:00Z,114807,104338,59467,55890,10469,36735,36613,44040,28067
2020-08-11T19:00:00Z,109464,99327,57195,54322,10137,35126,35013,41485,26164
2020-08-11T20:00:00Z,102472,92563,53405,50689,9909,33520,33417,39068,24934
2020-08-11T21:00:00Z,97134,87272,50334,47492,9862,30745,30642,36482,23393
2020-08-11T22:00:00Z,85622,77953,45321,42919,7669,27005,26902,32106,20426
2020-08-11T23:00:00Z,78896,70766,41550,39484,8130,24086,23997,29073,18474
2020-08-12T00:00:00Z,79951,69907,44018,39930,10044,24761,24681,31882,20561
2020-08-12T01:00:00Z,83163,75969,44264,41807,7194,28182,28101,33189,19765
2020-08-12T02:00:00Z,88760,81251,48042,45779,7509,30163,30078,36216,21693
2020-08-12T03:00:00Z,84187,75279,43685,40819,8908,29065,28991,35021,20845
2020-08-12T04:00:00Z,78829,68194,40472,38006,10635,24604,24524,30827,18652
2020-08-12T05:00:00Z,90169,71187,41484,38877,18982,26073,25992,33474,18732
2020-08-12T06:00:00Z,97499,83323,47430,43779,14176,32562,32466,39528,22970
2020-08-12T07:00:00Z,105405,93791,51376,48839,11614,36631,36531,42556,24683
2020-08-12T08:00:00Z,115148,100968,54189,50648,14180,39765,39660,45407,26231
2020-08-12T09:00:00Z,109113,99812,54033,50698,9301,39823,39724,45100,26903
2020-08-12T10:00:00Z,102688,92719,51041,48190,9969,36261,36161,41643,25223
2020-08-12T11:00:00Z,104025,95163,54388,52003,8862,34922,34820,41436,25580
2020-08-12T12:00:00Z,117036,107667,61020,57540,9369,39303,39201,46720,29338
2020-08-12T13:00:00Z,124274,114352,61140,58444,9922,43646,43527,49014,29739
2020-08-12T14:00:00Z,136958,125301,65011,62062,11657,47020,46887,53610,32826
2020-08-12T15:00:00Z,128060,117285,63664,60539,10775,45569,45455,52057,32046
2020-08-12T16:00:00Z,114665,105372,58403,55576,9293,40996,40876,46500,29139
2020-08-12T17:00:00Z,113288,105056,58686,56117,8232,38421,38316,44605,28068
2020-08-12T18:00:00Z,111604,102055,55128,51641,9549,36423,36312,43497,26779
2020-08-12T19:00:00Z,104432,95615,53208,50807,8817,34970,34856,40627,25549
2020-08-12T20:00:00Z,104997,94930,53783,51100,10067,33459,33339,40380,25705
2020-08-12T21:00:00Z,97678,85282,50426,46630,12396,30513,30409,38052,23796
2020-08-12T22:00:00Z,83164,73981,44097,41375,9183,26484,26385,32147,20421
2020-08-12T23:00:00Z,78327,68261,40289,37939,10066,24075,23981,30285,18439
2020-08-13T00:00:00Z,76506,66047,40437,36299,10459,24582,24495,32131,20349
2020-08-13T01:00:00Z,84214,75656,44072,41721,8558,27994,27918,33458,19440
2020-08-13T02:00:00Z,87350,78297,42833,40575,9053,29812,29737,35219,19846
2020-08-13T03:00:00Z,85924,77137,42955,40037,8787,28516,28433,35412,21015
2020-08-13T04:00:00Z,76320,67135,37461,35000,9185,24198,24126,29595,17519
2020-08-13T05:00:00Z,87563,71875,39137,36577,15688,26179,26102,32350,18226
2020-08-13T06:00:00Z,91506,80213,44871,41282,11293,32245,32160,39018,22560
2020-08-13T07:00:00Z,102509,92518,48733,46215,9991,36505,36409,41686,23513
2020-08-13T08:00:00Z,110264,99220,52553,49660,11044,39269,39174,44751,25563
2020-08-13T09:00:00Z,109543,99612,52365,49260,9931,39575,39442,45378,26547
2020-08-13T10:00:00Z,100648,91868,49726,47208,8780,35953,35844,41313,24641
2020-08-13T11:00:00Z,101263,93019,49478,47112,8244,34825,34718,40621,23592
2020-08-13T12:00:00Z,110719,101827,54116,50600,8892,38561,38446,45718,27288
2020-08-13T13:00:00Z,122771,113350,60226,57693,9421,42637,42507,49876,29712
2020-08-13T14:00:00Z,128756,119277,65573,62565,9479,45873,45748,51613,32003
2020-08-13T15:00:00Z,127000,118029,65250,62027,8971,45299,45179,50921,32070
2020-08-13T16:00:00Z,117410,108762,59589,57216,8648,40802,40682,46434,28686
2020-08-13T17:00:00Z,114725,104273,58383,55700,10452,38257,38139,44275,27479
2020-08-13T18:00:00Z,110844,100628,56723,53300,10216,36167,36047,42429,27243
2020-08-13T19:00:00Z,104077,94960,53139,50820,9117,34852,34729,39780,25352
2020-08-13T20:00:00Z,99332,88988,50101,47487,10344,32903,32795,38503,24738
2020-08-13T21:00:00Z,93984,84696,48943,46072,9288,29981,29883,36486,24024
2020-08-13T22:00:00Z,81398,73592,42539,40464,7806,26153,26063,30849,19860
2020-08-13T23:00:00Z,73306,65823,38237,36275,7483,23601,23521,28265,17774
2020-08-14T00:00:00Z,74659,66142,40041,36081,8517,24205,24121,31229,20028
2020-08-14T01:00:00Z,79345,72268,40476,38028,7077,27565,27475,31973,18859
2020-08-14T02:00:00Z,82762,74326,41924,39403,8436,29286,29200,34082,19969
2020-08-14T03:00:00Z,79632,71603,40167,37451,8029,28226,28156,33502,19767
2020-08-14T04:00:00Z,74222,63584,36679,34169,10638,23435,23357,29324,17342
2020-08-14T05:00:00Z,80420,64769,36631,34064,15651,24645,24561,31159,17504
2020-08-14T06:00:00Z,93277,79207,43622,40136,14070,30923,30832,38050,21795
2020-08-14T07:00:00Z,97487,85447,45349,42908,12040,34937,34843,40765,23276
2020-08-14T08:00:00Z,106949,95511,51802,49143,11438,37142,37036,42549,24747
2020-08-14T09:00:00Z,104597,94683,51374,48248,9914,37853,37755,43830,26133
2020-08-14T10:00:00Z,96603,87091,49208,46415,9512,33944,33849,39161,24205
2020-08-14T11:00:00Z,90788,82135,45774,43344,8653,31581,31495,36380,22105
2020-08-14T12:00:00Z,98400,89876,50672,47342,8524,34553,34458,40479,25355
2020-08-14T13:00:00Z,109501,101270,56359,53951,8231,38577,38466,43890,27207
2020-08-14T14:00:00Z,114498,106979,59261,56612,7519,41366,41255,46308,29191
2020-08-14T15:00:00Z,117510,109354,60961,57830,8156,41016,40897,46380,29006
2020-08-14T16:00:00Z,109137,101547,56363,54040,7590,37542,37429,43654,27356
2020-08-14T17:00:00Z,103389,95989,53785,51530,7400,34745,34629,39910,24946
2020-08-14T18:00:00Z,98811,90919,52654,49491,7892,33169,33072,39436,25526
2020-08-14T19:00:00Z,91040,84097,47555,45269,6943,30439,30336,36028,22800
2020-08-14T20:00:00Z,86926,80551,46172,44111,6375,28703,28609,33892,21677
2020-08-14T21:00:00Z,85068,75196,43361,40324,9872,26525,26424,33026,20757
2020-08-14T22:00:00Z,75306,67073,39678,37002,8233,23114,23029,28838,18235
2020-08-14T23:00:00Z,69786,60613,36847,34059,9173,20358,20285,25942,16509
2020-08-15T00:00:00Z,66360,54674,35821,31242,11686,18809,18731,26602,17240
2020-08-15T01:00:00Z,63115,55093,33801,30993,8022,18950,18877,24134,14786
2020-08-15T02:00:00Z,61318,54932,33424,30700,6386,19603,19533,25225,15715
2020-08-15T03:00:00Z,59945,53996,33576,30813,5949,19316,19254,24527,15145
2020-08-15T04:00:00Z,57910,52250,31903,29445,5660,17856,17794,22496,13974
2020-08-15T05:00:00Z,55539,50294,30559,28351,5245,18087,18023,22181,13769
2020-08-15T06:00:00Z,60072,54496,33909,30759,5576,19994,19930,25512,15925
2020-08-15T07:00:00Z,60957,56403,33282,31229,4554,21444,21385,25828,15391
2020-08-15T08:00:00Z,64257,59319,35670,33457,4938,22801,22746,27640,16812
2020-08-15T09:00:00Z,66876,60721,36667,33827,6155,22743,22679,27693,17101
2020-08-15T10:00:00Z,64162,59684,36125,33973,4478,22329,22267,26825,16584
2020-08-15T11:00:00Z,64351,60131,36467,34535,4220,22031,21962,26348,16049
2020-08-15T12:00:00Z,71824,65857,40671,37631,5967,23922,23859,29542,18475
2020-08-15T13:00:00Z,77707,73421,45069,43133,4286,26259,26196,31622,19712
2020-08-15T14:00:00Z,83241,78412,47995,45933,4829,28900,28842,34138,21346
2020-08-15T15:00:00Z,82942,77716,47903,45342,5226,29060,28999,35104,22421
2020-08-15T16:00:00Z,81515,76348,46925,45227,5167,27772,27703,32934,20822
2020-08-15T17:00:00Z,80901,76430,46854,45370,4471,26154,26081,31166,19713
2020-08-15T18:00:00Z,76200,71016,43719,41109,5184,25351,25291,30698,20032
2020-08-15T19:00:00Z,67487,63370,38616,37109,4117,23373,23314,27578,17686
2020-08-15T20:00:00Z,67066,62683,38897,36865,4383,21993,21926,26421,17040
2020-08-15T21:00:00Z,64327,59757,37127,34696,4570,20175,20111,24854,16330
2020-08-15T22:00:00Z,58125,54121,34033,32485,4004,18391,18336,22412,14441
2020-08-15T23:00:00Z,54932,51162,33662,32210,3770,16635,16577,20448,13197
2020-08-16T00:00:00Z,54837,48564,32822,29433,6273,16346,16292,22624,15107
2020-08-16T01:00:00Z,51520,47405,30308,28420,4115,16817,16765,20539,13062
2020-08-16T02:00:00Z,52324,48587,30415,28559,3737,18053,17992,21964,13646
2020-08-16T03:00:00Z,55392,49974,32083,29692,5418,18218,18159,22852,14449
2020-08-16T04:00:00Z,54120,49251,30260,28166,4869,17835,17780,22498,13839
2020-08-16T05:00:00Z,57839,53167,30879,28695,4672,18236,18183,22651,14112
2020-08-16T06:00:00Z,62037,55698,35588,32344,6339,20114,20056,26693,16927
2020-08-16T07:00:00Z,64262,57525,34280,31877,6737,21486,21422,26386,15820
2020-08-16T08:00:00Z,65188,59830,35965,33870,5358,22828,22764,27262,16712
2020-08-16T09:00:00Z,68667,63535,39093,36568,5132,23252,23191,28949,18468
2020-08-16T10:00:00Z,80711,76145,50844,48800,4566,23155,23092,29834,18918
2020-08-16T11:00:00Z,84549,79601,54139,52120,4948,23369,23308,30084,19203
2020-08-16T12:00:00Z,87848,81977,52245,49163,5871,25508,25445,33431,21820
2020-08-16T13:00:00Z,81846,77263,48763,46814,4583,27917,27857,34177,21959
2020-08-16T14:00:00Z,87105,81631,49638,47572,5474,30775,30704,37076,23455
2020-08-16T15:00:00Z,91383,85456,54283,51681,5927,31042,30970,38130,24885
2020-08-16T16:00:00Z,85899,81218,50388,48649,4681,29228,29168,35361,22867
2020-08-16T17:00:00Z,86412,81245,51363,49578,5167,27684,27613,34147,22008
2020-08-16T18:00:00Z,82396,76878,47910,45290,5518,26795,26738,33664,21752
2020-08-16T19:00:00Z,78591,73316,46387,44597,5275,25521,25453,31902,20937
2020-08-16T20:00:00Z,72487,67635,41060,39307,4852,24299,24234,28879,18926
2020-08-16T21:00:00Z,74596,69835,44421,42324,4761,22893,22834,29804,20075
2020-08-16T22:00:00Z,63910,59420,37474,35933,4490,20474,20408,26311,17373
2020-08-16T23:00:00Z,60029,55948,34158,32628,4081,19122,19057,23435,15190
2020-08-17T00:00:00Z,66735,56648,36360,32482,10087,20451,20388,27672,17895
2020-08-17T01:00:00Z,71985,64644,38288,35861,7341,24427,24364,29004,17131
2020-08-17T02:00:00Z,77601,69642,38697,36302,7959,26976,26908,31589,18528
2020-08-17T03:00:00Z,76864,68702,39521,36793,8162,26794,26729,32029,19051
2020-08-17T04:00:00Z,70587,59998,35395,33023,10589,22655,22593,27975,16668
2020-08-17T05:00:00Z,85571,64507,36580,33815,21064,24988,24915,31629,17603
2020-08-17T06:00:00Z,110411,80423,44655,40660,29988,31329,31244,39671,21929
2020-08-17T07:00:00Z,103128,90713,47361,44607,12415,35354,35246,41083,23387
2020-08-17T08:00:00Z,109856,97160,50906,47833,12696,38253,38149,43807,25101
2020-08-17T09:00:00Z,115771,101849,55246,51703,13922,38891,38770,45844,27014
2020-08-17T10:00:00Z,110361,97746,56370,53458,12615,35267,35166,43048,26463
2020-08-17T11:00:00Z,105841,95619,53785,51201,10222,35128,35028,42062,25805
2020-08-17T12:00:00Z,112490,101082,55550,51659,11408,38643,38539,45845,27967
2020-08-17T13:00:00Z,125593,112752,60594,57672,12841,42785,42666,48556,29775
2020-08-17T14:00:00Z,133344,122559,68488,65035,10785,45853,45739,53217,33506
2020-08-17T15:00:00Z,132023,121890,68670,65014,10133,45356,45239,52788,33507
2020-08-17T16:00:00Z,126416,117313,66824,63961,9103,41750,41645,49073,31217
2020-08-17T17:00:00Z,118545,108091,60966,57968,10454,38497,38380,45390,28574
2020-08-17T18:00:00Z,117106,106813,61134,57446,10293,37045,36931,45118,29182
2020-08-17T19:00:00Z,110162,100945,55663,53229,9217,35715,35611,41451,26332
2020-08-17T20:00:00Z,104757,94667,52768,50153,10090,33789,33671,39199,25365
2020-08-17T21:00:00Z,97310,86243,49492,46463,11067,30922,30826,36545,23466
2020-08-17T22:00:00Z,84375,75491,43983,41530,8884,26902,26807,31878,20313
2020-08-17T23:00:00Z,78383,68829,40147,37858,9554,24433,24344,29462,18404
2020-08-18T00:00:00Z,80348,70655,44485,40364,9693,24990,24896,32265,20970
2020-08-18T01:00:00Z,80309,73148,42887,40439,7161,27798,27719,32490,19411
2020-08-18T02:00:00Z,82408,75863,42857,40517,6545,29865,29788,34654,20068
2020-08-18T03:00:00Z,81404,73371,42301,39184,8033,28658,28579,34170,20180
2020-08-18T04:00:00Z,74037,64415,37788,35268,9622,24260,24189,29929,17841
2020-08-18T05:00:00Z,87864,68167,37863,34970,19697,26700,26613,32851,18126
2020-08-18T06:00:00Z,107280,93969,55859,52139,13311,32753,32660,41665,24737
2020-08-18T07:00:00Z,105397,94531,48589,46109,10866,36986,36884,42414,24007
2020-08-18T08:00:00Z,112732,100329,51567,48549,12403,39839,39740,44830,25928
2020-08-18T09:00:00Z,111562,101173,53496,50288,10389,40505,40395,45540,26835
2020-08-18T10:00:00Z,105556,94943,50436,47473,10613,36844,36749,42555,25535
2020-08-18T11:00:00Z,102992,93865,50294,47795,9127,36201,36101,41206,24616
2020-08-18T12:00:00Z,119009,108952,56824,53235,10057,40089,39983,46811,28603
2020-08-18T13:00:00Z,128017,118470,62269,59509,9547,44123,43997,49569,29804
2020-08-18T14:00:00Z,134341,125547,67315,64317,8794,47905,47780,53653,33138
2020-08-18T15:00:00Z,131787,122269,66840,63418,9518,46582,46463,52708,32909
2020-08-18T16:00:00Z,123128,114336,63795,61088,8792,42794,42671,48119,30360
2020-08-18T17:00:00Z,118297,110154,58612,56339,8143,38967,38851,44104,27135
2020-08-18T18:00:00Z,113976,105759,57785,54700,8217,37177,37045,43519,27447
2020-08-18T19:00:00Z,116098,108280,54388,52330,7818,35631,35506,42595,25738
2020-08-18T20:00:00Z,118403,109758,64543,62199,8645,33863,33750,43079,28124
2020-08-18T21:00:00Z,95747,87875,49186,46546,7872,31386,31276,37008,23704
2020-08-18T22:00:00Z,84590,78078,44469,42484,6512,27543,27444,32191,20507
2020-08-18T23:00:00Z,75761,70455,40011,38371,5306,24728,24632,29090,18028
2020-08-19T00:00:00Z,77645,69611,42571,38750,8034,25211,25129,31507,20320
2020-08-19T01:00:00Z,81936,75405,42303,39885,6531,28391,28304,33053,19387
2020-08-19T02:00:00Z,80114,74082,40714,38634,6032,30483,30403,34530,20095
2020-08-19T03:00:00Z,80028,72958,41743,39005,7070,28958,28875,34191,20199
2020-08-19T04:00:00Z,72548,65007,38625,36269,7541,24551,24469,29645,18138
2020-08-19T05:00:00Z,78910,67731,38460,35953,11179,26417,26332,32135,18225
2020-08-19T06:00:00Z,94032,82820,45912,42209,11212,32969,32879,39329,22753
2020-08-19T07:00:00Z,100959,91748,48191,45562,9211,37192,37087,42082,23917
2020-08-19T08:00:00Z,112424,102415,52753,49854,10009,40824,40718,45987,26159
2020-08-19T09:00:00Z,116241,106769,55900,52512,9472,41870,41763,46911,27623
2020-08-19T10:00:00Z,110240,98414,51215,48363,11826,38207,38096,42743,25119
2020-08-19T11:00:00Z,113368,104869,57931,55291,8499,37830,37727,45483,27794
2020-08-19T12:00:00Z,123796,113248,62242,58474,10548,40910,40805,49258,31118
2020-08-19T13:00:00Z,135188,126177,66029,63248,9011,45654,45522,52005,32038
2020-08-19T14:00:00Z,147462,138074,75196,71993,9388,48889,48764,56864,35488
2020-08-19T15:00:00Z,133937,124832,68497,65118,9105,47552,47422,52585,32474
2020-08-19T16:00:00Z,123442,115233,62311,59689,8209,43496,43371,49021,30385
2020-08-19T17:00:00Z,119069,112445,63272,61144,6624,39898,39766,46431,29309
2020-08-19T18:00:00Z,115108,106688,59794,56380,8420,38130,38003,45375,29377
2020-08-19T19:00:00Z,105968,97996,53189,50511,7972,35670,35552,40779,25713
2020-08-19T20:00:00Z,104145,96626,53600,50818,7519,34138,34019,40814,26676
2020-08-19T21:00:00Z,102843,92333,52911,49756,10510,31584,31480,39407,25737
2020-08-19T22:00:00Z,80265,73787,42213,39925,6478,27199,27087,32051,20579
2020-08-19T23:00:00Z,72878,66680,38360,36147,6198,24451,24355,29048,18165
2020-08-20T00:00:00Z,76773,67597,41290,36894,9176,24738,24643,32388,20747
2020-08-20T01:00:00Z,80217,73299,41849,39068,6918,28213,28126,32638,19568
2020-08-20T02:00:00Z,82211,75224,42060,39266,6987,30156,30076,34953,20407
2020-08-20T03:00:00Z,80893,73751,42734,39431,7142,28999,28919,34519,20517
2020-08-20T04:00:00Z,71067,64204,38037,35340,6863,24098,24019,29399,18181
2020-08-20T05:00:00Z,74981,66331,38285,35664,8650,26111,26035,32031,19196
2020-08-20T06:00:00Z,96775,87821,51817,48047,8954,32187,32090,41351,25351
2020-08-20T07:00:00Z,97637,91613,47539,45189,6024,37027,36932,41867,23906
2020-08-20T08:00:00Z,107684,98646,51458,47919,9038,39705,39596,45630,26418
2020-08-20T09:00:00Z,111497,102595,53154,49403,8902,40934,40820,47198,27251
2020-08-20T10:00:00Z,104045,95428,50633,47316,8617,37576,37460,42849,25826
2020-08-20T11:00:00Z,101146,94117,48973,46281,7029,36787,36682,40646,24254
2020-08-20T12:00:00Z,113419,104336,55575,51842,9083,40393,40289,45912,28088
2020-08-20T13:00:00Z,123255,113616,58856,55792,9639,44205,44081,48985,29585
2020-08-20T14:00:00Z,131931,121644,64473,61006,10287,47246,47112,53063,32316
2020-08-20T15:00:00Z,153069,119104,63871,60279,33965,46117,45984,63293,31722
2020-08-20T16:00:00Z,168365,105730,55843,52926,62635,41331,41199,73480,28256
2020-08-20T17:00:00Z,166023,103696,57226,54372,62327,38466,38340,70242,26537
2020-08-20T18:00:00Z,137376,102463,54541,50885,34913,36532,36403,56433,26645
2020-08-20T19:00:00Z,110780,100787,51679,48585,9993,34378,34265,41412,25237
2020-08-20T20:00:00Z,108023,96050,51195,47921,11973,34080,33968,40107,25122
2020-08-20T21:00:00Z,97202,87133,47885,44610,10069,30069,29967,35678,22557
2020-08-20T22:00:00Z,85204,77714,42848,40251,7490,27224,27126,32454,20445
2020-08-20T23:00:00Z,77747,69594,38698,36274,8153,24017,23925,28788,17891
2020-08-21T00:00:00Z,81836,70053,41348,36727,11783,24574,24479,32203,20748
2020-08-21T01:00:00Z,80414,72142,41057,38215,8272,27589,27505,32385,19277
2020-08-21T02:00:00Z,83427,75725,42654,40060,7702,29409,29323,34313,20327
2020-08-21T03:00:00Z,81536,71954,41696,38488,9582,27880,27792,33866,19795
2020-08-21T04:00:00Z,75841,64574,38576,35778,11267,23145,23055,28765,17499
2020-08-21T05:00:00Z,84182,65462,37862,34883,18720,25091,25007,31733,17924
2020-08-21T06:00:00Z,96261,80346,44106,40028,15915,31592,31505,38779,22224
2020-08-21T07:00:00Z,99480,89615,46535,43622,9865,35397,35307,40157,23012
2020-08-21T08:00:00Z,107710,98154,50102,47104,9556,38110,38022,43752,25443
2020-08-23T16:00:00Z,23684,22392,14579,14044,1292,9998,9960,12925,8864
2020-08-23T17:00:00Z,84275,78742,49077,46952,5533,28100,28039,35206,23118
2020-08-23T18:00:00Z,81459,74953,47412,44303,6506,27031,26966,34418,23127
2020-08-23T19:00:00Z,72640,66669,40940,38868,5971,24589,24529,29713,19010
2020-08-23T20:00:00Z,69832,63628,39781,37385,6204,23355,23294,28115,18297
2020-08-23T21:00:00Z,68300,62798,40663,37930,5502,22087,22029,27061,17690
2020-08-23T22:00:00Z,62965,57888,36617,34665,5077,20444,20384,24709,16007
2020-08-23T23:00:00Z,59148,54146,34143,32199,5002,19148,19088,23301,14860
2020-08-24T00:00:00Z,65534,56476,37194,33052,9058,20513,20447,27673,17778
2020-08-24T01:00:00Z,71283,63826,38430,35707,7457,24880,24815,29438,17416
2020-08-24T02:00:00Z,78154,69724,40227,37517,8430,27711,27639,32167,18745
2020-08-24T03:00:00Z,76763,68498,40164,37110,8265,27159,27090,32540,19116
2020-08-24T04:00:00Z,76766,66411,42162,39638,10355,23140,23073,31337,19566
2020-08-24T05:00:00Z,80549,64441,37462,34484,16108,24923,24845,31128,17687
2020-08-24T06:00:00Z,104953,78501,43854,40033,26452,31245,31150,40289,22275
2020-08-24T07:00:00Z,113284,94239,51727,48475,19045,36049,35954,44632,25615
2020-08-24T08:00:00Z,112578,102089,54193,50842,10489,39301,39200,45417,25878
2020-08-24T09:00:00Z,115110,104651,54395,50567,10459,40984,40886,46979,26899
2020-08-24T10:00:00Z,107997,97306,51541,48256,10691,37580,37482,42787,25245
2020-08-24T11:00:00Z,110310,97387,52288,49000,12923,37292,37189,43030,24777
2020-08-24T12:00:00Z,123752,110246,60895,56041,13506,40845,40739,48460,28943
2020-08-24T13:00:00Z,144475,130445,73457,69377,14030,45087,44960,54034,33514
2020-08-24T14:00:00Z,164152,152267,94420,90233,11885,47690,47564,56606,35540
2020-08-24T15:00:00Z,164329,153008,97887,93641,11321,47190,47068,56393,35879
2020-08-24T16:00:00Z,128448,117502,64158,60705,10946,43380,43262,49417,30534
2020-08-24T17:00:00Z,128731,115026,66443,62160,13705,40573,40460,49315,31195
2020-08-24T18:00:00Z,124532,111671,65193,60667,12861,38548,38423,47932,30902
2020-08-24T19:00:00Z,129453,116354,71529,67824,13099,36867,36748,46162,29698
2020-08-24T20:00:00Z,112086,98935,58025,54448,13151,35146,35035,42851,27814
2020-08-24T21:00:00Z,143130,131635,93855,89907,11495,31625,31524,41437,27486
2020-08-24T22:00:00Z,138123,128109,95441,92324,10014,27336,27245,36073,24012
2020-08-24T23:00:00Z,139307,129371,100415,97347,9936,24652,24559,33297,22046
2020-08-25T00:00:00Z,135836,123592,97270,92497,12244,25748,25664,36691,24918
2020-08-25T01:00:00Z,132334,123611,92897,89740,8723,28599,28506,37040,23406
2020-08-25T02:00:00Z,136446,127310,94274,91213,9136,30232,30153,38914,23824
2020-08-25T03:00:00Z,85359,75630,44457,41087,9729,29054,28970,34956,20690
2020-08-25T04:00:00Z,76251,65990,39724,36832,10261,24469,24388,30525,18449
2020-08-25T05:00:00Z,84387,67716,39055,35753,16671,26565,26479,33359,18682
2020-08-25T06:00:00Z,102588,84384,46213,41513,18204,33052,32961,40982,23157
2020-08-25T07:00:00Z,114161,104668,58728,55475,9493,37627,37527,45982,27501
2020-08-25T08:00:00Z,128376,118697,70504,67141,9679,40270,40161,48444,29372
2020-08-25T09:00:00Z,131467,121202,69305,65330,10265,41711,41601,50306,30743
2020-08-25T10:00:00Z,124162,112206,66302,62251,11956,38152,38048,46631,29441
2020-08-25T11:00:00Z,122039,109211,62341,58825,12828,37119,37007,46252,28358
2020-08-25T12:00:00Z,126814,111551,62954,57617,15263,40502,40373,48513,30175
2020-08-25T13:00:00Z,144890,132284,77178,73556,12606,45238,45113,53449,33473
2020-08-25T14:00:00Z,157567,138055,79161,75461,19512,48797,48667,60832,35965
2020-08-25T15:00:00Z,147836,135309,76439,72058,12527,47832,47698,56856,36005
2020-08-25T16:00:00Z,135860,124958,71799,68170,10902,43868,43753,51909,33224
2020-08-25T17:00:00Z,136001,124359,73839,70261,11642,40574,40451,49763,31537
2020-08-25T18:00:00Z,134769,123289,76772,72784,11480,38878,38747,48338,31505
2020-08-25T19:00:00Z,126266,115038,68383,65445,11228,37264,37147,46135,29797
2020-08-25T20:00:00Z,114044,102023,60345,57187,12021,35406,35293,43533,28379
2020-08-25T21:00:00Z,102667,92410,55229,51975,10257,32106,31996,39164,25916
2020-08-25T22:00:00Z,90494,81439,48052,45545,9055,28110,28019,34022,21750
2020-08-25T23:00:00Z,80717,71184,41901,39243,9533,25306,25212,30169,18668
2020-08-26T00:00:00Z,82361,70040,42810,38172,12321,25859,25766,33305,21469
2020-08-26T01:00:00Z,83064,74661,43415,40512,8403,28983,28900,33823,20204
2020-08-26T02:00:00Z,84079,75569,42955,40180,8510,30103,30025,34974,20446
2020-08-26T03:00:00Z,80972,72433,43011,39640,8539,28804,28721,34725,20997
2020-08-26T04:00:00Z,79554,67053,41039,37632,12501,24627,24550,32368,19679
2020-08-26T05:00:00Z,105460,85806,57654,54011,19654,26313,26238,36498,22378
2020-08-26T06:00:00Z,111864,94586,58646,53896,17278,33066,32971,43877,26336
2020-08-26T07:00:00Z,114208,103776,60195,56815,10432,37663,37557,46050,27714
2020-08-26T08:00:00Z,128522,118938,69447,66267,9584,40921,40821,48982,29708
2020-08-26T09:00:00Z,120676,109964,57577,53960,10712,42109,42011,48282,28681
2020-08-26T10:00:00Z,111612,101289,52233,48872,10323,38843,38745,44046,26255
2020-08-26T11:00:00Z,110629,100425,53178,49746,10204,37822,37716,43102,25730
2020-08-26T12:00:00Z,126705,114940,63722,59333,11765,41570,41461,48046,29242
2020-08-26T13:00:00Z,139153,128366,69701,66404,10787,46381,46249,51762,31580
2020-08-26T14:00:00Z,144193,133339,72028,68178,10854,50032,49900,55080,33992
2020-08-26T15:00:00Z,140545,129656,69905,65750,10889,48061,47922,53862,33517
2020-08-26T16:00:00Z,131190,120057,65080,61665,11133,44088,43956,49003,30384
2020-08-26T17:00:00Z,120285,109661,58372,55366,10624,40371,40248,45243,28008
2020-08-26T18:00:00Z,115440,104161,57479,53502,11279,38343,38230,44865,28335
2020-08-26T19:00:00Z,108487,98211,54656,51622,10276,36582,36476,41762,26030
2020-08-26T20:00:00Z,106617,96205,54089,51029,10412,35214,35107,40735,25849
2020-08-26T21:00:00Z,96578,86306,49165,45913,10272,31797,31694,37106,23862
2020-08-26T22:00:00Z,86306,77557,44335,41745,8749,27891,27793,32543,20647
2020-08-26T23:00:00Z,80236,71675,41677,38867,8561,24825,24722,29744,18497
2020-08-27T00:00:00Z,82761,71654,44141,39289,11107,25459,25365,32942,21131
2020-08-27T01:00:00Z,83937,75670,43095,40050,8267,28830,28747,33635,19965
2020-08-27T02:00:00Z,86421,78200,43755,40947,8221,30592,30508,35733,20664
2020-08-27T03:00:00Z,86648,78046,44935,41590,8602,29191,29110,35800,20703
2020-08-27T04:00:00Z,78661,69230,41408,38551,9431,24514,24422,30483,18812
2020-08-27T05:00:00Z,85731,70953,40953,38178,14778,26586,26501,33407,19082
2020-08-27T06:00:00Z,102445,87923,47781,43436,14522,33244,33145,40669,23825
2020-08-27T07:00:00Z,107400,98970,52981,50069,8430,38366,38269,43600,25517
2020-08-27T08:00:00Z,117705,108023,58121,54907,9682,40960,40854,47146,27514
2020-08-27T09:00:00Z,118999,107707,56823,52694,11292,41617,41519,47906,27899
2020-08-27T10:00:00Z,113353,102782,54294,50875,10571,38616,38519,44068,26219
2020-08-27T11:00:00Z,112720,101626,54203,50851,11094,37930,37820,43381,25400
2020-08-27T12:00:00Z,124671,112308,62792,57965,12363,41563,41445,47411,29304
2020-08-27T13:00:00Z,135706,124878,67408,63960,10828,45321,45196,50252,30770
2020-08-27T14:00:00Z,140399,130403,69729,66082,9996,48756,48632,53699,33010
2020-08-27T15:00:00Z,136643,126025,67910,63746,10618,47369,47245,52814,32734
2020-08-27T16:00:00Z,129689,118989,64475,60883,10700,43798,43673,49225,30333
2020-08-27T17:00:00Z,120748,110434,60854,57574,10314,40344,40213,45324,27779
2020-08-27T18:00:00Z,115206,104499,58816,54587,10707,37446,37334,44106,27894
2020-08-27T19:00:00Z,113643,103851,56825,53439,9792,36252,36131,41723,26206
2020-08-27T20:00:00Z,107539,98239,55226,52260,9300,34594,34482,40048,25403
2020-08-27T21:00:00Z,101211,92517,52771,49418,8694,31807,31696,37317,24093
2020-08-27T22:00:00Z,88692,81333,45421,42935,7359,27511,27404,32630,20809
2020-08-27T23:00:00Z,80567,73437,42344,39880,7130,24735,24637,29729,18735
2020-08-28T00:00:00Z,82400,72458,44174,40174,9942,25216,25124,32218,20967
2020-08-28T01:00:00Z,86493,78358,45404,42221,8135,28549,28471,33733,20435
2020-08-28T02:00:00Z,86728,79122,44447,41797,7606,30075,29988,34960,20778
2020-08-28T03:00:00Z,84806,76465,44624,41453,8341,28692,28613,34492,20748
2020-08-28T04:00:00Z,75011,66495,38938,36336,8516,23718,23645,29618,18017
2020-08-28T05:00:00Z,81258,69017,39203,36474,12241,25471,25384,31529,18410
2020-08-28T06:00:00Z,96798,84179,47365,43210,12619,31863,31769,39165,23171
2020-08-28T07:00:00Z,102153,93702,50925,48111,8451,36269,36161,41623,23974
2020-08-28T08:00:00Z,115107,106503,56674,53555,8604,39342,39249,45523,26493
2020-08-28T09:00:00Z,116825,107809,56821,53355,9016,40366,40255,47586,27424
2020-08-28T10:00:00Z,108039,99289,52438,49388,8750,36243,36132,42941,25322
2020-08-28T11:00:00Z,105460,97137,53144,50216,8323,34481,34371,39653,24140
2020-08-28T12:00:00Z,116332,106669,59396,55350,9663,37302,37192,43914,26990
2020-08-28T13:00:00Z,122462,113313,61999,58765,9149,41078,40956,46813,28288
2020-08-28T14:00:00Z,129116,120187,65088,61718,8929,44329,44207,50306,30981
2020-08-28T15:00:00Z,131809,120695,68195,63726,11114,43261,43132,50234,31285
2020-08-28T16:00:00Z,121170,111672,62951,59788,9498,39689,39579,45622,28544
2020-08-28T17:00:00Z,111949,103507,58069,55291,8442,36824,36705,42021,25884
2020-08-28T18:00:00Z,109026,99548,56630,52870,9478,34386,34277,41530,26102
2020-08-28T19:00:00Z,101079,92399,52973,50274,8680,31908,31783,37429,23732
2020-08-28T20:00:00Z,98481,89730,51560,48641,8751,30418,30304,36128,23134
2020-08-28T21:00:00Z,92894,80860,47417,44001,12034,27368,27275,34589,21431
2020-08-28T22:00:00Z,79729,72517,42174,39569,7212,23537,23453,28304,18035
2020-08-28T23:00:00Z,69677,62035,38039,35520,7642,20215,20131,25261,15820
2020-08-29T00:00:00Z,69807,59278,39142,34185,10529,19007,18930,26513,17590
2020-08-29T01:00:00Z,63133,55579,35399,32781,7554,19003,18935,23644,14463
2020-08-29T02:00:00Z,65317,57923,35891,33297,7394,19536,19468,24352,14610
2020-08-29T03:00:00Z,63586,57231,37174,34185,6355,18965,18899,24181,14813
2020-08-29T04:00:00Z,61918,55404,35790,33424,6514,17864,17797,22284,13863
2020-08-29T05:00:00Z,60269,54119,34991,32774,6150,18003,17943,22310,13466
2020-08-29T06:00:00Z,66064,59181,37776,34187,6883,20125,20061,25883,16034
2020-08-29T07:00:00Z,69518,63079,39016,36709,6439,21908,21846,26568,15763
2020-08-29T08:00:00Z,76154,68164,42813,40077,7990,23190,23122,28497,17023
2020-08-29T09:00:00Z,74892,66985,42041,39038,7907,23695,23627,28899,17389
2020-08-29T10:00:00Z,72065,64910,39938,37406,7155,22827,22761,27663,16942
2020-08-29T11:00:00Z,74214,66907,40870,38374,7307,22960,22893,27594,16836
2020-08-29T12:00:00Z,80180,71939,46208,42426,8241,24781,24713,30655,19185
2020-08-29T13:00:00Z,83647,77219,47872,45407,6428,26883,26816,32451,19449
2020-08-29T14:00:00Z,87504,81083,49291,46732,6421,29488,29427,34922,21806
2020-08-29T15:00:00Z,90129,82132,51237,48110,7997,29830,29769,35963,22622
2020-08-29T16:00:00Z,91256,83530,51417,49107,7726,28658,28577,34495,21478
2020-08-29T17:00:00Z,86027,79017,48094,45995,7010,27305,27225,32112,20200
2020-08-29T18:00:00Z,81704,74247,45610,42468,7457,26060,25986,32041,20612
2020-08-29T19:00:00Z,74909,70054,42925,41189,4855,24673,24598,29441,18837
2020-08-29T20:00:00Z,73393,68193,42496,40469,5200,23170,23102,27941,17828
2020-08-29T21:00:00Z,70539,65423,41278,38897,5116,21565,21504,26448,17187
2020-08-29T22:00:00Z,63319,59188,37275,35551,4131,19170,19114,23298,14994
2020-08-29T23:00:00Z,57544,53928,34636,33016,3616,17162,17111,20855,13184
2020-08-30T00:00:00Z,62532,55117,37636,33281,7415,16785,16723,23778,15651
2020-08-30T01:00:00Z,57659,52745,33402,31107,4914,17218,17156,21552,13398
2020-08-30T02:00:00Z,56855,52556,33459,31224,4299,18019,17964,22307,13957
2020-08-30T03:00:00Z,57839,53038,34266,31538,4801,18220,18163,22902,14524
2020-08-30T04:00:00Z,56397,51850,33014,30707,4547,17416,17375,21760,13691
2020-08-30T05:00:00Z,56394,51605,32701,30481,4789,17856,17808,21983,13512
2020-08-30T06:00:00Z,62481,56852,35910,32436,5629,19618,19564,25072,15898
2020-08-30T07:00:00Z,65094,60520,36344,34178,4574,21458,21400,26093,15888
2020-08-30T08:00:00Z,71324,66152,39828,37356,5172,23183,23124,28138,17148
2020-08-30T09:00:00Z,72311,66703,40429,37613,5608,23888,23816,29100,17958
2020-08-30T10:00:00Z,69819,65152,39246,36971,4667,23434,23367,28054,17387
2020-08-30T11:00:00Z,71019,65801,39844,37571,5218,23950,23884,28205,17377
2020-08-30T12:00:00Z,82461,75742,46805,43221,6719,25983,25918,33156,20245
2020-08-30T13:00:00Z,85209,79878,47318,44911,5331,28538,28476,34646,20743
2020-08-30T14:00:00Z,89573,83816,50001,47399,5757,31490,31419,36804,23147
2020-08-30T15:00:00Z,93117,85971,53312,50090,7146,31455,31384,37419,23864
2020-08-30T16:00:00Z,89607,83992,51660,49247,5615,30064,29994,35680,22724
2020-08-30T17:00:00Z,85528,80210,48636,46449,5318,28368,28299,33126,20950
2020-08-30T18:00:00Z,84028,78318,47705,44655,5710,27283,27216,33680,21694
2020-08-30T19:00:00Z,81060,75963,46118,44021,5097,26146,26081,31217,19992
2020-08-30T20:00:00Z,78551,73270,44941,42965,5281,25158,25093,30211,19537
2020-08-30T21:00:00Z,72345,66832,42084,39615,5513,22856,22795,27655,18042
2020-08-30T22:00:00Z,66427,61802,38228,36427,4625,20799,20736,25200,16070
2020-08-30T23:00:00Z,63327,58052,36634,34739,5275,19224,19169,23803,14814
2020-08-31T00:00:00Z,72518,61884,40889,36119,10634,21015,20947,28542,18245
2020-08-31T01:00:00Z,75667,68111,41564,38585,7556,24821,24757,29620,17527
2020-08-31T02:00:00Z,80225,72687,43048,40281,7538,27710,27644,32610,18833
2020-08-31T03:00:00Z,78831,71358,43016,39816,7473,26867,26801,32275,19189
2020-08-31T04:00:00Z,77514,68245,43459,40819,9269,22931,22863,30722,19091
2020-08-31T05:00:00Z,126563,108853,81291,78231,17710,24681,24602,34037,20220
2020-08-31T06:00:00Z,137829,111955,75707,71559,25874,31594,31492,42605,24983
2020-08-31T07:00:00Z,137405,119331,75409,71729,18074,36286,36190,44897,26164
2020-08-31T08:00:00Z,130023,118123,68757,65276,11900,38639,38527,47485,28464
2020-08-31T09:00:00Z,116199,106156,56389,52593,10043,39700,39596,45851,26751
2020-08-31T10:00:00Z,108125,97991,52920,49640,10134,36316,36218,42143,24838
2020-08-31T11:00:00Z,109782,99334,53168,50153,10448,36361,36262,41219,24361
2020-08-31T12:00:00Z,124485,112074,62408,57515,12411,40178,40070,47334,29057
2020-08-31T13:00:00Z,134414,121301,66208,62644,13113,44404,44274,50492,30376
2020-08-31T14:00:00Z,138633,126909,67977,64033,11724,47589,47469,53735,32830
2020-08-31T15:00:00Z,138397,126157,69196,65245,12240,46757,46623,52871,32687
2020-08-31T16:00:00Z,131973,119851,65605,62065,12122,42773,42669,49045,30167
2020-08-31T17:00:00Z,139402,125726,74851,71473,13676,39522,39413,48129,30454
2020-08-31T18:00:00Z,121426,108310,59795,55429,13116,38214,38103,44793,28414
2020-08-31T19:00:00Z,118341,105228,59383,55804,13113,36289,36182,42766,27172
2020-08-31T20:00:00Z,116467,101923,56917,53478,14544,35096,34988,42698,26472
2020-08-31T21:00:00Z,105838,93052,53268,49202,12786,31713,31624,38756,24744
2020-08-31T22:00:00Z,95293,80883,47954,43936,14410,27479,27379,34446,21543
2020-08-31T23:00:00Z,87299,73877,43565,39940,13422,24772,24676,31452,19400
2020-09-01T00:00:00Z,87995,73175,44602,39830,14820,25415,25327,34042,21899
2020-09-01T01:00:00Z,102623,90128,57420,53150,12495,28350,28261,37900,24104
2020-09-01T02:00:00Z,112055,100419,66432,63206,11636,29884,29796,38987,23955
2020-09-01T03:00:00Z,98700,87396,54961,51383,11304,28745,28662,37743,23868
2020-09-01T04:00:00Z,78950,67390,39705,36688,11560,23811,23730,29846,18256
2020-09-01T05:00:00Z,90039,70718,40305,36845,19321,26086,26007,32732,18737
2020-09-01T06:00:00Z,106368,84555,46785,41956,21813,32688,32591,40472,23183
2020-09-01T07:00:00Z,114657,96801,51088,47175,17856,37449,37359,43372,24657
2020-09-01T08:00:00Z,122679,109016,56883,53014,13663,40784,40687,46719,26992
2020-09-01T09:00:00Z,119493,108444,55337,51499,11049,41870,41769,47224,27850
2020-09-01T10:00:00Z,113758,101220,53014,49301,12538,37990,37890,42987,25343
2020-09-01T11:00:00Z,113484,102017,53173,49836,11467,37943,37827,42899,25112
2020-09-01T12:00:00Z,127943,114828,63129,58471,13115,42136,42020,48356,29427
2020-09-01T13:00:00Z,137852,123098,63749,60193,14754,46008,45878,51521,30902
2020-09-01T14:00:00Z,143279,131771,68495,64593,11508,49287,49164,55008,33933
2020-09-01T15:00:00Z,143822,131783,70004,66020,12039,48101,47981,54392,33558
2020-09-01T16:00:00Z,132112,121136,64586,61364,10976,43749,43646,49619,30060
2020-09-01T17:00:00Z,120900,110912,59285,56480,9988,40122,40018,44566,27411
2020-09-01T18:00:00Z,120693,109677,58578,54751,11016,38366,38265,44703,28290
2020-09-01T19:00:00Z,116950,105320,56705,53329,11630,36907,36795,42860,26876
2020-09-01T20:00:00Z,119202,101603,57205,52561,17599,35207,35090,43442,27162
2020-09-01T21:00:00Z,109090,92951,52871,48336,16139,32232,32113,39434,24888
2020-09-01T22:00:00Z,94258,82342,47857,44334,11916,27718,27618,33416,21058
2020-09-01T23:00:00Z,86866,76162,44468,41597,10704,24721,24630,30308,18825
2020-09-02T00:00:00Z,90740,78461,49678,44908,12279,25641,25549,33801,21630
2020-09-02T01:00:00Z,86165,76416,43478,40395,9749,28457,28358,33355,19900
2020-09-02T02:00:00Z,88421,79138,44507,41550,9283,29884,29786,35676,20464
2020-09-02T03:00:00Z,86058,77090,44319,40984,8968,28935,28848,35363,20779
2020-09-02T04:00:00Z,78242,67560,39898,37026,10682,23987,23905,30385,18191
2020-09-02T05:00:00Z,86412,71106,40695,37709,15306,26265,26178,32498,18482
2020-09-02T06:00:00Z,100224,85687,46920,42741,14537,32838,32742,40569,23135
2020-09-02T07:00:00Z,106928,98717,51813,49016,8211,37398,37301,42517,24266
2020-09-02T08:00:00Z,119510,109712,56527,53295,9798,41061,40947,46833,26548
2020-09-02T09:00:00Z,122827,113176,58001,54413,9651,42200,42091,48101,27819
2020-09-02T10:00:00Z,113539,103962,53046,49938,9577,38566,38460,43561,25639
2020-09-02T11:00:00Z,112309,102104,53076,49820,10205,38041,37940,42862,25451
2020-09-02T12:00:00Z,124096,113675,61277,56910,10421,41993,41884,47727,28927
2020-09-02T13:00:00Z,136968,126162,66398,63131,10806,46165,46040,50902,30674
2020-09-02T14:00:00Z,141004,131294,68356,64836,9710,49271,49138,55101,33666
2020-09-02T15:00:00Z,147756,130070,69346,65224,17686,48384,48247,57230,33525
2020-09-02T16:00:00Z,161419,121882,65536,61560,39537,43671,43540,62973,30690
2020-09-02T17:00:00Z,167651,114140,63731,60253,53511,40231,40109,66121,28427
2020-09-02T18:00:00Z,144450,114567,64206,59610,29883,38699,38561,53173,28621
2020-09-02T19:00:00Z,133120,113623,62214,59071,19497,37655,37532,46863,27122
2020-09-02T20:00:00Z,123753,106368,56545,53438,17385,35405,35280,44166,25917
2020-09-02T21:00:00Z,110404,93699,50884,47609,16705,31772,31657,40226,23760
2020-09-02T22:00:00Z,97485,81161,45100,42461,16324,27443,27345,35960,20583
2020-09-02T23:00:00Z,91561,75021,40433,37894,16540,24149,24062,35746,18216
2020-09-03T00:00:00Z,89931,73406,41811,38022,16525,24692,24594,37457,20319
2020-09-03T01:00:00Z,94286,77427,43611,40266,16859,28313,28217,37345,20063
2020-09-03T02:00:00Z,95138,79844,44110,41437,15294,30093,30007,38659,20320
2020-09-03T03:00:00Z,92514,77015,43479,40508,15499,28876,28793,38033,20255
2020-09-03T04:00:00Z,86293,69906,40299,37706,16387,24509,24434,34114,18053
2020-09-03T05:00:00Z,88363,71107,40266,37500,17256,26082,26003,32582,18156
2020-09-03T06:00:00Z,102900,86196,46636,42338,16704,32878,32778,41751,22909
2020-09-03T07:00:00Z,112868,98170,50308,47587,14698,37551,37449,45283,23836
2020-09-03T08:00:00Z,125746,108508,55617,52106,17238,40119,40005,48591,26544
2020-09-03T09:00:00Z,123999,107962,56672,53016,16037,40875,40752,48973,27132
2020-09-03T10:00:00Z,113112,99189,51337,48455,13923,36484,36373,43577,24642
2020-09-03T11:00:00Z,109374,96223,50268,47731,13151,35599,35494,42843,23716
2020-09-03T12:00:00Z,119773,107090,56523,52765,12683,39185,39062,47178,27263
2020-09-03T13:00:00Z,126242,114721,60055,57033,11521,43379,43257,48629,29180
2020-09-03T14:00:00Z,130457,120173,61051,57953,10284,46316,46199,51869,31078
2020-09-03T15:00:00Z,130833,120030,62744,59246,10803,44586,44472,50990,31152
2020-09-03T16:00:00Z,130453,119759,64013,60518,10694,42109,41985,47838,29948
2020-09-03T17:00:00Z,129234,119555,62575,59724,9679,39198,39070,44222,27484
2020-09-03T18:00:00Z,131463,109490,58606,54862,21973,37383,37252,49054,27696
2020-09-03T19:00:00Z,177134,104914,54545,51990,72220,35582,35458,71147,25323
2020-09-03T20:00:00Z,176558,98862,52187,49597,77696,34077,33949,72852,24787
2020-09-03T21:00:00Z,171594,90918,49257,46362,80676,30854,30748,70819,23038
2020-09-03T22:00:00Z,162670,80607,44871,41914,82063,26819,26716,67005,20469
2020-09-04T00:00:00Z,107668,71241,42244,38423,36427,24154,24055,42749,19943
2020-09-04T01:00:00Z,128481,75382,42375,39228,53099,27496,27411,53090,19331
2020-09-04T02:00:00Z,127357,79035,43404,40773,48322,29679,29591,52349,19751
2020-09-04T03:00:00Z,132189,79884,45591,42338,52305,28383,28281,52135,20026
2020-09-04T04:00:00Z,113366,68780,39841,37074,44586,23576,23490,44281,17410
2020-09-04T05:00:00Z,114303,72918,40921,37704,41385,25406,25318,42989,17945
2020-09-04T06:00:00Z,131484,92323,46926,42850,39161,32546,32450,49767,22881
2020-09-04T07:00:00Z,158915,104149,52542,49005,54766,37294,37186,62640,24681
2020-09-04T08:00:00Z,177445,108430,55915,52789,69015,39394,39280,71908,25685
2020-09-04T09:00:00Z,161600,109278,57778,54336,52322,40124,40005,62069,27297
2020-09-04T10:00:00Z,155743,101513,52126,48861,54230,35881,35770,57885,25015
2020-09-04T11:00:00Z,138243,96646,51749,48590,41597,34208,34099,51590,23860
2020-09-04T12:00:00Z,148280,106632,58555,54405,41648,37325,37217,55931,27099
2020-09-04T13:00:00Z,161601,114073,62420,58580,47528,40588,40456,60925,28747
2020-09-04T14:00:00Z,187057,118521,61917,58095,68536,42585,42460,67919,30211
2020-09-04T15:00:00Z,189994,113123,60631,56825,76871,40973,40845,72272,29287
2020-09-04T16:00:00Z,184235,121725,73689,70736,62510,37577,37460,68002,30124
2020-09-04T17:00:00Z,178044,112546,66836,64245,65498,34950,34828,66667,27862
2020-09-04T18:00:00Z,162588,93847,52025,48309,68741,32514,32392,62542,25046
2020-09-04T19:00:00Z,166821,85277,47503,44902,81544,29494,29386,63194,22085
2020-09-05T00:00:00Z,150605,55835,33143,31128,94770,17977,17886,48755,14824
2020-09-05T01:00:00Z,150898,53560,33750,30330,97338,18702,18624,50743,16044
2020-09-05T02:00:00Z,141963,55546,32405,30528,86417,19276,19212,47241,14849
2020-09-05T03:00:00Z,96719,57158,34007,31554,39561,19189,19122,39261,15407
2020-09-05T04:00:00Z,91372,54524,32416,30350,36848,17967,17900,36054,14353
2020-09-05T05:00:00Z,94407,60845,38204,36291,33562,18199,18138,36710,16360
2020-09-05T06:00:00Z,114046,102182,77807,74952,11864,20353,20290,31435,19724
2020-09-05T07:00:00Z,119556,109268,81316,79394,10288,21938,21873,31593,19178
2020-09-05T08:00:00Z,118799,108427,80131,78170,10372,22665,22591,32558,19872
2020-09-05T09:00:00Z,80596,70484,41467,38979,10112,23059,22995,31392,19247
2020-09-05T10:00:00Z,73706,64807,37158,35210,8899,22470,22397,28364,16846
2020-09-05T11:00:00Z,76841,66297,37147,35122,10544,23160,23080,30200,17004
2020-09-05T12:00:00Z,82235,71889,42943,40150,10346,25020,24945,32067,19661
2020-09-05T13:00:00Z,87240,77498,45512,43469,9742,26608,26534,32755,19615
2020-09-05T14:00:00Z,89807,80249,45668,43715,9558,29182,29098,35812,21576
2020-09-05T15:00:00Z,92968,81537,47976,45203,11431,28863,28790,35969,21916
2020-09-05T16:00:00Z,90936,79514,46886,44579,11422,27736,27670,34607,20992
2020-09-05T17:00:00Z,87512,77509,45538,43639,10003,26221,26149,32766,19509
2020-09-05T18:00:00Z,83833,70855,43058,39982,12978,24539,24467,32584,19793
2020-09-05T19:00:00Z,81743,66917,40544,38693,14826,22683,22614,30390,17659
2020-09-05T20:00:00Z,77516,63429,37703,35791,14087,21680,21608,29089,16832
2020-09-05T21:00:00Z,75872,59994,37358,34822,15878,19852,19782,28063,16216
2020-09-05T22:00:00Z,66658,54124,33152,31292,12534,17881,17819,24247,14231
2020-09-05T23:00:00Z,61214,51205,32704,31020,10009,15847,15788,21088,12643
2020-09-06T00:00:00Z,60804,49268,32648,29568,11536,15779,15712,23183,14422
2020-09-06T01:00:00Z,61312,50186,31686,28946,11126,16196,16147,22775,13396
2020-09-06T02:00:00Z,64993,51589,31724,29733,13404,17647,17593,24991,14079
2020-09-06T03:00:00Z,93971,78323,57973,55403,15648,17690,17639,28915,16986
2020-09-06T04:00:00Z,87566,70378,50306,48218,17188,17255,17201,28279,16224
2020-09-06T05:00:00Z,76548,58996,38682,36564,17552,17900,17847,28137,15944
2020-09-06T06:00:00Z,78126,58779,35942,32640,19347,19868,19815,29336,16405
2020-09-06T07:00:00Z,85693,63318,36773,34682,22375,21817,21755,30958,16126
2020-09-06T08:00:00Z,104993,67467,40005,37757,37526,23385,23324,35155,17009
2020-09-06T09:00:00Z,113608,67757,39396,36637,45851,23741,23676,38355,18091
2020-09-06T10:00:00Z,110265,66780,38746,36472,43485,24018,23951,37433,18086
2020-09-06T11:00:00Z,116270,69648,39704,37455,46622,24823,24765,38687,18191
2020-09-06T12:00:00Z,123124,77238,46786,43286,45886,26885,26829,41806,21139
2020-09-06T13:00:00Z,123762,80831,48292,45969,42931,28865,28794,42234,21153
2020-09-06T14:00:00Z,139172,91122,55361,53045,48050,30985,30898,49120,25485
2020-09-06T15:00:00Z,135177,88239,52938,49998,46938,31098,31030,48268,25412
2020-09-06T16:00:00Z,129524,83817,50775,48410,45707,29284,29206,44760,23115
2020-09-06T17:00:00Z,135016,87605,55157,52991,47411,27854,27773,44960,23100
2020-09-06T18:00:00Z,136611,90786,59558,56388,45825,27065,27003,45406,24797
2020-09-06T19:00:00Z,124127,76118,45669,43604,48009,25805,25732,40552,19774
2020-09-06T20:00:00Z,145427,98442,70899,68826,46985,23993,23922,41067,21907
2020-09-06T21:00:00Z,151009,105520,79603,77182,45489,21768,21699,39190,20638
2020-09-06T22:00:00Z,121461,75541,52485,50469,45920,19519,19457,35790,18786
2020-09-06T23:00:00Z,100157,60858,38977,36896,39299,17927,17877,29882,14365
2020-09-07T00:00:00Z,112284,62295,41799,38435,49989,19505,19441,35531,17167
2020-09-07T01:00:00Z,119717,69784,42678,39273,49933,23495,23425,38459,17266
2020-09-07T02:00:00Z,125191,76027,44954,42124,49164,26563,26489,41210,18428
2020-09-07T03:00:00Z,128539,76003,45553,42492,52536,26134,26074,41943,18730
2020-09-07T04:00:00Z,128889,79492,52432,49786,49397,22294,22220,40281,19488
2020-09-07T05:00:00Z,121691,100491,69573,66473,21200,25106,25032,34947,20440
2020-09-07T06:00:00Z,138156,96289,55624,51064,41867,32674,32572,45373,24664
2020-09-07T07:00:00Z,195834,101447,54623,51146,94387,36830,36726,60592,23746
2020-09-07T08:00:00Z,170019,116131,61457,58066,53888,40574,40455,55138,26589
2020-09-07T09:00:00Z,164633,116120,60965,57206,48513,41200,41086,55211,27913
2020-09-07T10:00:00Z,155350,107253,57757,53760,48097,37433,37317,53674,26427
2020-09-07T11:00:00Z,156509,111195,59743,55585,45314,36966,36851,52853,26237
2020-09-07T12:00:00Z,159531,114662,64038,59399,44869,39423,39310,56689,28598
2020-09-07T13:00:00Z,170059,120284,66147,62735,49775,42334,42221,60391,29312
2020-09-07T14:00:00Z,179698,121206,67200,63400,58492,44178,44068,66869,31501
2020-09-07T15:00:00Z,174716,118546,68467,64470,56170,42222,42095,63565,30906
2020-09-07T16:00:00Z,172663,106573,63140,60265,66090,37016,36922,60847,27301
2020-09-07T17:00:00Z,146943,102052,63004,59626,44891,33364,33272,50507,25489
2020-09-07T18:00:00Z,134442,98310,60146,56244,36132,32300,32214,47723,25805
2020-09-07T19:00:00Z,123940,93321,55996,53448,30619,30917,30822,42402,23857
2020-09-07T20:00:00Z,122098,90426,53795,51081,31672,29783,29699,41515,22853
2020-09-07T21:00:00Z,110696,81571,50731,47749,29125,26573,26498,38129,21230
2020-09-07T22:00:00Z,104153,72732,45044,42819,31421,22820,22753,34867,18238
2020-09-07T23:00:00Z,99474,66606,41394,39401,32868,20756,20693,32948,16590
2020-09-08T00:00:00Z,100684,69268,44852,41212,31416,22850,22770,36739,19534
2020-09-08T01:00:00Z,95198,76163,44627,41227,19035,27438,27365,36560,19664
2020-09-08T02:00:00Z,94263,79493,44574,42058,14770,29282,29207,37376,19665
2020-09-08T03:00:00Z,92327,77052,43940,40917,15275,28257,28177,37131,20040
2020-09-08T04:00:00Z,82583,68184,40511,38037,14399,23703,23634,31856,17699
2020-09-08T05:00:00Z,87439,75502,41794,39001,11937,26366,26276,33054,18525
2020-09-08T06:00:00Z,122040,94223,49913,45768,27817,34315,34212,47585,23830
2020-09-08T07:00:00Z,123068,107037,54115,51318,16031,39560,39460,47452,25354
2020-09-08T08:00:00Z,129728,115844,57750,54586,13884,42510,42407,49464,27650
2020-09-08T09:00:00Z,125608,116104,60636,57224,9504,42687,42573,48164,28603
2020-09-08T10:00:00Z,115153,105634,56069,52960,9519,38554,38453,43846,26540
2020-09-08T11:00:00Z,118010,108621,58046,55124,9389,38335,38229,43499,26196
2020-09-08T12:00:00Z,136254,124523,67278,62618,11731,43072,42951,50452,31186
2020-09-08T13:00:00Z,144525,132761,69709,66185,11764,47427,47303,53175,32482
2020-09-08T14:00:00Z,153643,137019,71506,67513,16624,49962,49838,58028,34803
2020-09-08T15:00:00Z,148000,134153,71959,67822,13847,48286,48152,55758,34426
2020-09-08T16:00:00Z,136752,123535,65730,62316,13217,43922,43784,51781,31426
2020-09-08T17:00:00Z,135915,121270,66185,63050,14645,40758,40637,48194,29145
2020-09-08T18:00:00Z,127276,114411,62548,58482,12865,38906,38799,45967,28777
2020-09-08T19:00:00Z,123277,110791,60574,56890,12486,37461,37346,43560,27212
2020-09-08T20:00:00Z,119278,104325,56398,53215,14953,36110,35988,43709,26306
2020-09-08T21:00:00Z,111475,97559,52534,49035,13916,32615,32498,40481,24880
2020-09-08T22:00:00Z,96528,84546,47404,44648,11982,28038,27944,34913,21402
2020-09-08T23:00:00Z,89033,79313,43637,41185,9720,25376,25286,31574,19551
2020-09-09T00:00:00Z,89130,77812,45297,41257,11318,26185,26087,34606,21914
2020-09-09T01:00:00Z,98285,85469,46120,42728,12816,29860,29782,37527,21191
2020-09-09T02:00:00Z,110378,86038,45907,43143,24340,31197,31108,44943,21342
2020-09-09T03:00:00Z,112774,81976,44545,41328,30798,29904,29823,46346,21129
2020-09-09T04:00:00Z,109493,72828,41051,38357,36665,25255,25171,43838,18941
2020-09-09T05:00:00Z,97996,77814,42566,39619,20182,27302,27214,34563,19231
2020-09-09T06:00:00Z,141303,93271,49113,45055,48032,34698,34589,58352,23893
2020-09-09T07:00:00Z,152057,104965,52220,49359,47092,39470,39361,62953,25370
2020-09-09T08:00:00Z,164064,117336,56539,53397,46728,42547,42430,66105,27935
2020-09-09T09:00:00Z,148699,115634,59597,55977,33065,42696,42563,58728,28610
2020-09-09T10:00:00Z,118112,105658,55533,52366,12454,38714,38599,45028,26625
2020-09-09T11:00:00Z,124757,112511,57456,54563,12246,38863,38750,45224,26742
2020-09-09T12:00:00Z,133541,120248,63580,59287,13293,42830,42711,50603,30481
2020-09-09T13:00:00Z,142663,129835,67530,64370,12828,47291,47156,53757,32444
2020-09-09T14:00:00Z,149409,136969,71475,68044,12440,49941,49805,56451,34402
2020-09-09T15:00:00Z,148615,136062,73144,69294,12553,48594,48460,55766,34486
2020-09-09T16:00:00Z,133620,120115,64452,60801,13505,43572,43451,50531,31226
2020-09-09T17:00:00Z,130361,117629,63655,60577,12732,40328,40212,47279,28742
2020-09-09T18:00:00Z,132674,115948,64226,60016,16726,38778,38659,47588,29110
2020-09-09T19:00:00Z,153913,111270,60793,57727,42643,37087,36970,51901,27002
2020-09-09T20:00:00Z,120013,105464,59239,56322,14549,35633,35520,43100,26341
2020-09-09T21:00:00Z,113852,97234,55577,52410,16618,32079,31974,40690,24348
2020-09-09T22:00:00Z,105113,84720,48861,46242,20393,27590,27481,38265,21052
2020-09-09T23:00:00Z,108861,78260,44793,42306,30601,24796,24693,41160,18984
2020-09-10T00:00:00Z,113499,77162,47363,43151,36337,25586,25490,45522,21603
2020-09-10T01:00:00Z,124106,83660,48263,44858,40446,28912,28817,49854,20615
2020-09-10T02:00:00Z,125538,85944,50020,47336,39594,30691,30591,50491,20808
2020-09-10T03:00:00Z,133039,84719,49916,46694,48320,29429,29346,54796,21098
2020-09-10T04:00:00Z,119296,74223,44070,41129,45073,24571,24489,47803,18874
2020-09-10T05:00:00Z,95566,77523,43635,40785,18043,26867,26778,34686,18972
2020-09-10T06:00:00Z,139306,93285,50398,46338,46021,33874,33766,57143,23498
2020-09-10T07:00:00Z,157963,109521,55480,52582,48442,39576,39464,63374,25579
2020-09-10T08:00:00Z,163323,114813,58670,55400,48510,42410,42301,65531,27726
2020-09-10T09:00:00Z,167917,115941,58995,55330,51976,42352,42240,67767,28530
2020-09-10T10:00:00Z,165893,104055,54628,51478,61838,38149,38036,68240,26500
2020-09-10T11:00:00Z,180243,105598,56227,52999,74645,37758,37648,74364,26095
2020-09-10T12:00:00Z,186802,113813,59419,55231,72989,41434,41320,78273,29490
2020-09-10T13:00:00Z,189175,119515,62404,59275,69660,44604,44488,79789,30048
2020-09-10T14:00:00Z,182123,116333,61027,57916,65790,45642,45520,79567,31067
2020-09-10T15:00:00Z,174860,111758,60007,56671,63102,43732,43603,77385,30562
2020-09-10T16:00:00Z,176889,115207,60629,57747,61682,42153,42031,73471,29828
2020-09-10T17:00:00Z,167904,115695,62886,59452,52209,39778,39639,65639,28798
2020-09-10T18:00:00Z,171370,114672,63006,58554,56698,38291,38157,67385,29215
2020-09-10T19:00:00Z,166548,110944,60776,57221,55604,36741,36629,63608,27146
2020-09-10T20:00:00Z,154037,105094,57459,54098,48943,35430,35316,58914,26320
2020-09-10T21:00:00Z,154704,97248,54046,50683,57456,31797,31681,59599,24079
2020-09-10T22:00:00Z,144346,90000,50828,47819,54346,27559,27440,54370,21278
2020-09-11T00:00:00Z,136084,77242,46966,42661,58842,25535,25451,55370,21496
2020-09-11T01:00:00Z,137187,82304,47192,43937,54883,28369,28282,55529,20080
2020-09-11T02:00:00Z,139983,83419,47636,44770,56564,30250,30175,57745,20557
2020-09-11T03:00:00Z,142039,84722,49797,46698,57317,29151,29062,58326,20523
2020-09-11T04:00:00Z,129062,75285,43899,41246,53777,24134,24056,51944,18096
2020-09-11T05:00:00Z,92377,73804,41251,38257,18573,25904,25816,33529,18110
2020-09-11T06:00:00Z,141567,88030,48004,43951,53537,32683,32576,59420,23023
2020-09-11T07:00:00Z,159378,100766,51680,48789,58612,37409,37300,65711,24136
2020-09-11T08:00:00Z,166664,109231,55742,52456,57433,40297,40192,68191,26614
2020-09-11T09:00:00Z,165103,109766,57342,53877,55337,40432,40314,67672,27565
2020-09-11T10:00:00Z,154528,102281,53923,50728,52247,36492,36372,63008,25864
2020-09-11T11:00:00Z,156853,101576,55088,51993,55277,35275,35160,62003,24557
2020-09-11T12:00:00Z,168617,109883,58382,54171,58734,38306,38184,68248,28315
2020-09-11T13:00:00Z,176934,120858,64769,61314,56076,42283,42146,69630,28928
2020-09-11T14:00:00Z,183948,127993,64530,61055,55955,44887,44738,76979,31148
2020-09-11T15:00:00Z,174162,121699,64710,60875,52463,43151,43029,69478,30844
2020-09-11T16:00:00Z,165618,113266,59787,56470,52352,39044,38918,66712,28625
2020-09-11T17:00:00Z,176502,122756,63634,60092,53746,36487,36364,68633,26834
2020-09-11T18:00:00Z,173670,119944,62452,57842,53726,34578,34459,67593,27075
2020-09-11T19:00:00Z,159109,108758,59627,56430,50351,32917,32801,60175,25067
2020-09-11T20:00:00Z,147959,98087,56764,53754,49872,31347,31232,55432,23751
2020-09-11T21:00:00Z,143605,89460,51134,47826,54145,28092,27979,55443,22019
2020-09-11T22:00:00Z,138259,78847,45778,43103,59412,24205,24108,53981,18911
2020-09-11T23:00:00Z,126145,67243,39865,37468,58902,20881,20790,50449,16604
2020-09-12T00:00:00Z,123139,63073,38805,34817,60066,20044,19962,51250,17938
2020-09-12T01:00:00Z,121072,60625,37058,33823,60447,19882,19809,49690,15570
2020-09-12T02:00:00Z,121046,60117,36479,33933,60929,20365,20299,51085,15542
2020-09-12T03:00:00Z,116777,61604,39121,36216,55173,20276,20209,48491,15785
2020-09-12T04:00:00Z,117983,61629,36756,34495,56354,18469,18410,46896,14218
2020-09-12T05:00:00Z,103777,59274,34902,32417,44503,18674,18611,41068,14044
2020-09-12T06:00:00Z,92724,62640,38093,34370,30084,20973,20899,37353,16716
2020-09-12T07:00:00Z,95160,65457,37004,34556,29703,22440,22367,38021,16141
2020-09-12T08:00:00Z,100160,70725,41912,39059,29435,23903,23825,39794,17590
2020-09-12T09:00:00Z,101223,70578,41040,37904,30645,23914,23836,40092,18194
2020-09-12T10:00:00Z,89735,66112,38676,36110,23623,23339,23261,36178,17420
2020-09-12T11:00:00Z,93892,68543,39730,36944,25349,23583,23524,36767,17430
2020-09-12T12:00:00Z,98985,73960,44107,40314,25025,25703,25631,40432,20471
2020-09-12T13:00:00Z,102378,78752,47133,44521,23626,27401,27325,40527,20315
2020-09-12T14:00:00Z,105573,82734,48836,46353,22839,29996,29920,42762,21867
2020-09-12T15:00:00Z,108984,84879,50168,46999,24105,30320,30235,44167,22941
2020-09-12T16:00:00Z,105732,81393,46562,44175,24339,29013,28941,42617,21825
2020-09-12T17:00:00Z,102743,81367,47498,45238,21376,27591,27514,39723,21056
2020-09-12T18:00:00Z,104050,78581,48107,44352,25469,26260,26175,40697,21404
2020-09-12T19:00:00Z,101521,74585,45049,41901,26936,24956,24880,39898,20299
2020-09-12T20:00:00Z,94562,70581,42345,39451,23981,23391,23319,36342,18874
2020-09-12T21:00:00Z,87097,64246,38958,36357,22851,21654,21585,34714,17386
2020-09-12T22:00:00Z,82026,59122,35616,33674,22904,19265,19196,32275,15329
2020-09-12T23:00:00Z,75101,53801,33434,31256,21300,17339,17274,29358,14076
2020-09-13T00:00:00Z,75404,52260,34128,31037,23144,17154,17087,31260,15693
2020-09-13T01:00:00Z,74573,53108,34012,30712,21465,17543,17482,29813,14772
2020-09-13T02:00:00Z,73584,54188,33251,30962,19396,18594,18532,29530,14253
2020-09-13T03:00:00Z,79020,58356,37780,34956,20664,18738,18679,30987,15348
2020-09-13T04:00:00Z,70436,55846,35075,32686,14590,17985,17925,27131,14021
2020-09-13T05:00:00Z,68062,58444,33291,31076,9618,18633,18562,24540,14004
2020-09-13T06:00:00Z,66407,59991,36972,33488,6416,20399,20349,26032,16555
2020-09-13T07:00:00Z,69648,64986,37794,35600,4662,22435,22377,26410,16038
2020-09-13T08:00:00Z,75575,70107,42345,39920,5468,23874,23812,28754,17833
2020-09-13T09:00:00Z,76684,68997,40949,37819,7687,24441,24377,29786,18659
2020-09-13T10:00:00Z,76670,69934,40753,38034,6736,24227,24169,30009,18327
2020-09-13T11:00:00Z,76322,70036,41329,38781,6286,24948,24881,29995,18637
2020-09-13T12:00:00Z,83258,75912,46047,42187,7346,26869,26803,33230,21387
2020-09-13T13:00:00Z,89509,83443,50530,47889,6066,29537,29464,34646,21561
2020-09-13T14:00:00Z,95949,89286,52964,50390,6663,32324,32233,37701,24035
2020-09-13T15:00:00Z,96421,89047,54163,50953,7374,32286,32214,38162,24547
2020-09-13T16:00:00Z,91676,84084,50142,47444,7592,30360,30290,36439,23481
2020-09-13T17:00:00Z,89062,82680,49640,47378,6382,28662,28598,34028,21801
2020-09-13T18:00:00Z,88337,80959,49164,45864,7378,27746,27681,34024,22194
2020-09-13T19:00:00Z,86123,79745,47110,44759,6378,27234,27160,33161,21287
2020-09-13T20:00:00Z,83282,77232,46731,44574,6050,26153,26086,31332,20575
2020-09-13T21:00:00Z,77746,71856,44249,41675,5890,23905,23828,29462,19446
2020-09-13T22:00:00Z,71985,66627,40692,38728,5358,21114,21039,25770,16843
2020-09-13T23:00:00Z,64200,59112,36557,34622,5088,19567,19510,24047,15664
2020-09-14T00:00:00Z,70708,61090,39111,35620,9618,21618,21548,28821,18468
2020-09-14T01:00:00Z,78927,70621,42000,38545,8306,26221,26155,31726,19199
2020-09-14T02:00:00Z,85550,76347,43635,40814,9203,28549,28473,33521,19566
2020-09-14T03:00:00Z,87118,78612,45759,42690,8506,28031,27962,34018,19705
2020-09-14T04:00:00Z,82762,71384,42353,39629,11378,23493,23414,30257,17446
2020-09-14T05:00:00Z,95043,72007,40834,37665,23036,26057,25980,33345,18301
2020-09-14T06:00:00Z,127625,93739,49885,45657,33886,33955,33854,44247,24414
2020-09-14T07:00:00Z,126608,105626,54252,50290,20982,38900,38802,45683,25885
2020-09-14T08:00:00Z,128227,116579,60178,56520,11648,41945,41845,48461,27829
2020-09-14T09:00:00Z,128188,116502,59606,55537,11686,42282,42165,48224,28479
2020-09-14T10:00:00Z,119112,107110,56428,52961,12002,38344,38240,43982,26371
2020-09-14T11:00:00Z,121702,109615,56925,53611,12087,38814,38711,44318,26386
2020-09-14T12:00:00Z,131866,118295,62838,58213,13571,43220,43108,49732,30703
2020-09-14T13:00:00Z,146919,132499,70059,66536,14420,47804,47673,53731,32854
2020-09-14T14:00:00Z,151996,140194,72206,68470,11802,50524,50391,56358,35006
2020-09-14T15:00:00Z,148415,136673,72185,68332,11742,48685,48548,54889,34410
2020-09-14T16:00:00Z,137544,125480,66818,63753,12064,44180,44050,50890,31776
2020-09-14T17:00:00Z,134396,121456,66708,62946,12940,40807,40679,47426,29570
2020-09-14T18:00:00Z,139989,118830,65307,60624,21159,39880,39756,50197,30233
2020-09-14T19:00:00Z,126541,114184,60499,57185,12357,38318,38202,45077,28048
2020-09-14T20:00:00Z,120912,108515,57908,54934,12397,36686,36562,42884,27061
2020-09-14T21:00:00Z,106215,95531,53128,49608,10684,32268,32159,38298,24732
2020-09-14T22:00:00Z,96670,87095,50985,47853,9575,28134,28034,33522,21526
2020-09-14T23:00:00Z,86438,77604,44141,41310,8834,25317,25225,30615,19305
2020-09-15T00:00:00Z,88310,78294,46104,42171,10016,26583,26498,34461,22168
2020-09-15T01:00:00Z,94372,85305,47563,44037,9067,29969,29873,36203,22030
2020-09-15T02:00:00Z,94485,85805,47867,44736,8680,31679,31602,37503,22054
2020-09-15T03:00:00Z,91395,83106,47686,44470,8289,30016,29930,35805,21107
2020-09-15T04:00:00Z,84244,74690,44696,41592,9554,25305,25220,30982,18929
2020-09-15T05:00:00Z,86949,74969,41266,38345,11980,27565,27482,33452,19235
2020-09-15T06:00:00Z,109843,94469,49922,45489,15374,34757,34653,42694,24840
2020-09-15T07:00:00Z,117568,107720,54422,50843,9848,40433,40337,45105,26268
2020-09-15T08:00:00Z,126501,116956,59871,56506,9545,43058,42955,48044,28153
2020-09-15T09:00:00Z,126477,116385,59190,55766,10092,43147,43036,48527,28848
2020-09-15T10:00:00Z,114786,104498,53727,50653,10288,39114,39008,44265,26692
2020-09-15T11:00:00Z,115427,106519,55127,52255,8908,39298,39185,44098,26810
2020-09-15T12:00:00Z,131774,121837,63838,59632,9937,43700,43591,50077,31335
2020-09-15T13:00:00Z,147785,137007,71272,67933,10778,48296,48168,53873,33023
2020-09-15T14:00:00Z,151703,139812,72869,68865,11891,51214,51079,56824,35423
2020-09-15T15:00:00Z,144802,133995,71096,67092,10807,49381,49245,55068,34790
2020-09-15T16:00:00Z,136944,125979,63596,60280,10965,44688,44558,51701,31737
2020-09-15T17:00:00Z,125205,115751,61705,58742,9454,40469,40355,46404,28784
2020-09-15T18:00:00Z,127766,112843,61077,56498,14923,39408,39280,47903,29871
2020-09-15T19:00:00Z,126956,110866,59883,56325,16090,38153,38034,47217,28682
2020-09-15T20:00:00Z,124913,108924,59046,55766,15989,36777,36654,44967,27566
2020-09-15T21:00:00Z,107214,96927,53755,50279,10287,32774,32664,38811,25083
2020-09-15T22:00:00Z,95492,86601,49655,47085,8891,28140,28032,33458,21337
2020-09-15T23:00:00Z,85234,77921,44499,42269,7313,25277,25183,30241,19111
2020-09-16T00:00:00Z,85332,75297,45390,41318,10035,25849,25749,33497,21626
2020-09-16T01:00:00Z,91896,80639,47213,43280,11257,29284,29178,36181,21859
2020-09-16T02:00:00Z,93891,83618,47843,44274,10273,30859,30764,36567,21675
2020-09-16T03:00:00Z,93575,83825,49761,46242,9750,29496,29415,35481,21174
2020-09-16T04:00:00Z,86605,76426,46061,43232,10179,24723,24638,31326,18728
2020-09-16T05:00:00Z,105769,87498,53678,50889,18271,27221,27136,36733,21654
2020-09-16T06:00:00Z,108103,94254,51538,46975,13849,34561,34465,41611,24009
2020-09-16T07:00:00Z,119959,109665,57491,54127,10294,39968,39866,46344,26951
2020-09-16T08:00:00Z,130396,120065,62227,58874,10331,43094,42987,48292,28228
2020-09-16T09:00:00Z,129009,118836,63222,59502,10173,43245,43133,48739,29447
2020-09-16T10:00:00Z,117150,106755,57029,53606,10395,38923,38814,44151,26804
2020-09-16T11:00:00Z,120414,110096,59767,56594,10318,38568,38468,43680,26414
2020-09-16T12:00:00Z,133728,122627,68541,64096,11101,43172,43048,49166,30546
2020-09-16T13:00:00Z,149085,136720,75503,72020,12365,47636,47501,53530,32466
2020-09-16T14:00:00Z,152294,140535,77347,73467,11759,50343,50210,55866,35284
2020-09-16T15:00:00Z,149444,137631,76899,72562,11813,48584,48430,54702,34722
2020-09-16T16:00:00Z,139620,126720,69231,65529,12900,43993,43860,50137,31248
2020-09-16T17:00:00Z,130612,119571,66945,63925,11041,40504,40385,45544,28651
2020-09-16T18:00:00Z,130452,119418,67664,63628,11034,39315,39189,46202,29728
2020-09-16T19:00:00Z,124831,115196,64204,61271,9635,38027,37910,43698,27853
2020-09-16T20:00:00Z,118638,108208,60734,57756,10430,35695,35569,41013,26317
2020-09-16T21:00:00Z,111210,100109,57944,54221,11101,31704,31595,38209,24690
2020-09-16T22:00:00Z,99429,89852,53860,50895,9577,27200,27108,32444,21106
2020-09-16T23:00:00Z,88804,79489,48380,45345,9315,24585,24492,29776,19039
2020-09-17T00:00:00Z,89310,78090,49783,45612,11220,25298,25209,33059,21678
2020-09-17T01:00:00Z,93616,84332,50761,47251,9284,28836,28740,34789,21184
2020-09-17T02:00:00Z,95531,87387,51908,49134,8144,30883,30804,36406,21385
2020-09-17T03:00:00Z,93903,85454,52432,49230,8449,29483,29392,35169,21007
2020-09-17T04:00:00Z,88100,78965,49630,46891,9135,24735,24654,30518,18658
2020-09-17T05:00:00Z,97321,78541,46438,43541,18780,26564,26479,33147,18829
2020-09-17T06:00:00Z,109218,96471,54245,49831,12747,33705,33607,41274,24049
2020-09-17T07:00:00Z,119070,109811,57972,55099,9259,39284,39183,44567,25484
2020-09-17T08:00:00Z,133385,123271,67598,64293,10114,42792,42670,48253,28122
2020-09-17T09:00:00Z,137216,126417,70492,66813,10799,43155,43036,48583,28971
2020-09-17T10:00:00Z,124962,115578,65404,62378,9384,38635,38522,43930,26869
2020-09-17T11:00:00Z,131179,122088,71295,68235,9091,38942,38824,43991,26381
2020-09-17T12:00:00Z,143960,133612,78447,74122,10348,43133,43004,49738,30582
2020-09-17T13:00:00Z,158599,148298,85247,81981,10301,47572,47432,52980,32336
2020-09-17T14:00:00Z,160385,150802,86267,82905,9583,49990,49848,54843,34600
2020-09-17T15:00:00Z,157354,147321,85927,82133,10033,48373,48257,54347,34122
2020-09-17T16:00:00Z,152209,141806,83503,80293,10403,44267,44138,50195,31683
2020-09-17T17:00:00Z,142453,132306,78079,75200,10147,40896,40768,46502,29225
2020-09-17T18:00:00Z,141084,129129,77189,72414,11955,39394,39264,46294,29957
2020-09-17T19:00:00Z,137285,127252,76764,73690,10033,37826,37703,43941,27863
2020-09-17T20:00:00Z,133000,122063,75257,71871,10937,35781,35657,41469,26869
2020-09-17T21:00:00Z,122774,113738,72003,68782,9036,31966,31856,37432,24186
2020-09-17T22:00:00Z,110040,102034,65843,63274,8006,27730,27621,32847,21252
2020-09-17T23:00:00Z,98945,90599,59420,56929,8346,24711,24620,29440,18738
2020-09-18T00:00:00Z,95556,87136,56412,54003,8420,25293,25206,31194,19432
2020-09-18T01:00:00Z,100368,91636,59276,55924,8732,28527,28438,33886,20393
2020-09-18T02:00:00Z,106391,98010,63859,61101,8381,30166,30081,35281,20849
2020-09-18T03:00:00Z,104454,96191,64130,60913,8263,28930,28842,34728,20435
2020-09-18T04:00:00Z,96482,86299,57985,55385,10183,24067,23994,30143,17824
2020-09-18T05:00:00Z,111236,91831,60233,57218,19405,26292,26205,33867,18681
2020-09-18T06:00:00Z,120076,105488,66446,61876,14588,33319,33223,40998,23597
2020-09-18T07:00:00Z,125507,116429,68861,66003,9078,38083,37973,43538,24427
2020-09-18T08:00:00Z,135656,126558,73856,70596,9098,40984,40879,46876,26933
2020-09-18T09:00:00Z,137880,128058,76087,72511,9822,41934,41823,48129,28089
2020-09-18T10:00:00Z,129278,119139,71337,68003,10139,37410,37311,44128,26407
2020-09-18T11:00:00Z,126449,116959,71923,68925,9490,35733,35616,41057,24434
2020-09-18T12:00:00Z,138251,129129,79148,75496,9122,39256,39138,46079,28474
2020-09-18T13:00:00Z,142591,133354,78901,75884,9237,42796,42668,48212,29484
2020-09-18T14:00:00Z,135592,127588,75944,73059,8004,42646,42511,48360,29159
2020-09-18T15:00:00Z,147491,137744,83827,80121,9747,43627,43500,49708,30753
2020-09-18T16:00:00Z,137083,127666,75424,72496,9417,40047,39916,46370,28225
2020-09-18T17:00:00Z,134321,125614,77343,74486,8707,37227,37110,42795,26418
2020-09-18T18:00:00Z,125460,115750,71628,67591,9710,35135,35017,41604,26510
2020-09-18T19:00:00Z,123946,114838,72780,69908,9108,33621,33503,39184,24655
2020-09-18T20:00:00Z,122857,111619,71124,67653,11238,31592,31479,38060,24045
2020-09-18T21:00:00Z,109566,99447,64341,60633,10119,27723,27629,34286,22029
2020-09-18T22:00:00Z,101593,93582,63512,60917,8011,24070,23962,29228,18548
2020-09-18T23:00:00Z,82845,76220,51766,49533,6625,20339,20257,24881,15827
2020-09-19T00:00:00Z,85014,76186,55035,51557,8828,19187,19104,26130,17253
2020-09-19T01:00:00Z,82531,74996,53878,50477,7535,18954,18887,24615,15541
2020-09-19T02:00:00Z,81672,75478,53667,51133,6194,19792,19719,24428,15017
2020-09-19T03:00:00Z,85294,78848,58535,55531,6446,19616,19556,24767,15352
2020-09-19T04:00:00Z,80543,73901,54077,51493,6642,18267,18217,22904,14246
2020-09-19T05:00:00Z,84112,76953,55970,53557,7159,18739,18688,23876,14293
2020-09-19T06:00:00Z,85080,78144,55087,51354,6936,20766,20690,28014,16984
2020-09-19T07:00:00Z,87259,80813,54049,51507,6446,22637,22572,28740,16367
2020-09-19T08:00:00Z,98305,91563,62114,59360,6742,24306,24234,31032,17658
2020-09-19T09:00:00Z,91198,83210,55564,52242,7988,24288,24220,30976,18174
2020-09-19T10:00:00Z,94263,87753,60074,57505,6510,23540,23465,30268,17722
2020-09-19T11:00:00Z,94142,87828,60258,57787,6314,23650,23585,30175,17219
2020-09-19T12:00:00Z,97217,89243,60197,56414,7974,25397,25335,33843,19930
2020-09-19T13:00:00Z,105306,99019,67592,65124,6287,27745,27668,34177,20201
2020-09-19T14:00:00Z,105411,98795,65731,63150,6616,29952,29870,35273,21770
2020-09-19T15:00:00Z,108804,100894,68309,65237,7910,30012,29939,35892,22548
2020-09-19T16:00:00Z,103777,96778,66119,63881,6999,28634,28552,34053,21430
2020-09-19T17:00:00Z,99344,92925,62538,60383,6419,27341,27268,32751,20428
2020-09-19T18:00:00Z,100633,93661,64288,61019,6972,26199,26133,32911,20837
2020-09-19T19:00:00Z,95207,90354,63331,61388,4853,24783,24716,30800,19929
2020-09-19T20:00:00Z,88517,83503,57719,55762,5014,23258,23180,28959,18948
2020-09-19T21:00:00Z,81264,76215,53134,50788,5049,21156,21102,26786,17448
2020-09-19T22:00:00Z,73788,70016,49034,47319,3772,18945,18884,23548,15064
2020-09-19T23:00:00Z,67569,64102,46233,44607,3467,16813,16763,20426,13266
2020-09-20T00:00:00Z,69867,64811,48575,46143,5056,16647,16588,22305,14741
2020-09-20T01:00:00Z,68119,62169,46483,42754,5950,16923,16869,22239,14641
2020-09-20T02:00:00Z,74067,69955,50993,48874,4112,18150,18093,22239,13730
2020-09-20T03:00:00Z,72483,67085,48332,45647,5398,18531,18478,23313,14525
2020-09-20T04:00:00Z,73445,69001,50420,48225,4444,17776,17727,21783,13972
2020-09-20T05:00:00Z,74942,69476,49664,47178,5466,18300,18243,22615,13707
2020-09-20T06:00:00Z,75095,69175,47207,43607,5920,20151,20093,25464,16213
2020-09-20T07:00:00Z,83173,77665,52365,49755,5508,22108,22047,26987,16093
2020-09-20T08:00:00Z,86135,80596,52195,49546,5539,23587,23525,29023,17344
2020-09-20T09:00:00Z,88423,82693,53833,50908,5730,24488,24421,29889,18434
2020-09-20T10:00:00Z,91227,84663,55813,53081,6564,24407,24333,30071,18486
2020-09-20T11:00:00Z,88881,82094,52094,49281,6787,25294,25235,30452,18677
2020-09-20T12:00:00Z,99220,92361,60096,56263,6859,27464,27405,34484,21337
2020-09-20T13:00:00Z,101208,95910,60482,58077,5298,30130,30067,35757,22004
2020-09-20T14:00:00Z,108695,102662,65575,63119,6033,32262,32190,37895,23691
2020-09-20T15:00:00Z,112915,106437,70489,67443,6478,32334,32260,38656,24721
2020-09-20T16:00:00Z,101710,95906,60078,57836,5804,30763,30697,36616,23139
2020-09-20T17:00:00Z,109413,104105,68920,66906,5308,28984,28920,36997,24291
2020-09-20T18:00:00Z,118469,111824,77363,74057,6645,28481,28406,38474,26177
2020-09-20T19:00:00Z,88719,83270,51173,49059,5449,27309,27230,34837,23483
2020-09-20T20:00:00Z,81789,76464,44319,42207,5325,25949,25872,31138,20030
2020-09-20T21:00:00Z,74063,68758,40044,37584,5305,23284,23222,28851,18434
2020-09-20T22:00:00Z,69533,64381,38749,36841,5152,20727,20664,25353,16331
2020-09-20T23:00:00Z,62627,57163,34342,32233,5464,19088,19032,23444,15018
2020-09-21T00:00:00Z,69920,61462,36855,34067,8458,20648,20573,27182,17372
2020-09-21T01:00:00Z,76880,67914,39790,35625,8966,25323,25249,31521,19426
2020-09-21T02:00:00Z,82292,74176,41211,38463,8116,27846,27775,32953,19066
2020-09-21T03:00:00Z,83947,76187,43286,40094,7760,27765,27694,33352,19482
2020-09-21T04:00:00Z,81974,72902,44135,41405,9072,23147,23063,30886,19121
2020-09-21T05:00:00Z,125166,99411,67389,64037,25755,25542,25453,35118,20775
2020-09-21T06:00:00Z,118045,90176,48172,43314,27869,33456,33348,43209,24354
2020-09-21T07:00:00Z,113901,100185,49895,46195,13716,38875,38752,43922,24632
2020-09-21T08:00:00Z,120167,109579,55063,51488,10588,41195,41087,46250,26786
2020-09-21T09:00:00Z,122891,112661,56992,52963,10230,42331,42215,47701,28430
2020-09-21T10:00:00Z,117297,105484,54104,50447,11813,38674,38573,44694,26889
2020-09-21T11:00:00Z,114618,103732,52830,49550,10886,38487,38377,43835,26263
2020-09-21T12:00:00Z,131281,119483,60978,56368,11798,43276,43171,49559,30545
2020-09-21T13:00:00Z,143908,131221,68217,64833,12687,47969,47846,53258,32192
2020-09-21T14:00:00Z,149766,137604,71779,67680,12162,50397,50255,55934,34963
2020-09-21T15:00:00Z,147824,135396,72568,68362,12428,48591,48443,54664,34243
2020-09-21T16:00:00Z,134063,122949,65469,62375,11114,44163,44040,50290,31192
2020-09-21T17:00:00Z,132911,119568,62588,58930,13343,41171,41043,47348,29401
2020-09-21T18:00:00Z,125216,113074,60836,56538,12142,39487,39365,46654,29692
2020-09-21T19:00:00Z,121351,110884,59214,56178,10467,38462,38350,44929,28012
2020-09-21T20:00:00Z,115306,104172,55652,52680,11134,36712,36597,42784,26859
2020-09-21T21:00:00Z,105666,95485,54204,50598,10181,32654,32547,38805,25047
2020-09-21T22:00:00Z,100231,91785,52325,49477,8446,27925,27822,33804,21804
2020-09-21T23:00:00Z,84412,76427,45173,42618,7985,25292,25206,29903,19031
2020-09-22T00:00:00Z,83687,74491,45126,41561,9196,26249,26152,32946,21487
2020-09-22T01:00:00Z,88169,78470,46013,41592,9699,29533,29444,35969,21980
2020-09-22T02:00:00Z,95366,86622,47967,45085,8744,31290,31199,36931,21286
2020-09-22T03:00:00Z,90464,80738,46615,43309,9726,29848,29764,35560,21270
2020-09-22T04:00:00Z,79344,70777,42474,39698,8567,24738,24648,29850,18276
2020-09-22T05:00:00Z,85743,73223,40400,37758,12520,27331,27235,33020,18746
2020-09-22T06:00:00Z,106419,90793,48671,44149,15626,34852,34745,42109,24307
2020-09-22T07:00:00Z,111537,103420,51843,48844,8117,40468,40354,45209,25855
2020-09-22T08:00:00Z,126344,116436,60233,56746,9908,43259,43148,48149,28255
2020-09-22T09:00:00Z,125362,114052,59050,55138,11310,43559,43449,49215,29423
2020-09-22T10:00:00Z,115691,105148,55328,52187,10543,39440,39327,44594,26944
2020-09-22T11:00:00Z,111946,102406,54263,51157,9540,39523,39417,44311,26672
2020-09-22T12:00:00Z,127535,116273,61963,57472,11262,44339,44217,50701,31160
2020-09-22T13:00:00Z,140454,130604,68124,64836,9850,49152,49025,54669,32824
2020-09-22T14:00:00Z,148261,138453,72749,69111,9808,51322,51184,56813,35117
2020-09-22T15:00:00Z,143239,132997,71042,67038,10242,49565,49443,55201,34447
2020-09-22T16:00:00Z,130744,121628,62868,59941,9116,45229,45097,50759,31646
2020-09-22T17:00:00Z,123963,115503,61306,58567,8460,41494,41372,47360,29265
2020-09-22T18:00:00Z,125631,115075,62000,57775,10556,40359,40235,48187,30328
2020-09-22T19:00:00Z,119292,109944,59258,56240,9348,38656,38530,44920,28288
2020-09-22T20:00:00Z,115342,106126,57196,54321,9216,37454,37338,43417,27409
2020-09-22T21:00:00Z,104606,95729,53055,49884,8877,33416,33295,39503,25158
2020-09-22T22:00:00Z,92638,85508,48597,46034,7130,28236,28139,33895,21370
2020-09-22T23:00:00Z,82912,75730,42816,40390,7182,25352,25262,30906,19308
2020-09-23T00:00:00Z,83655,74967,43705,40413,8688,26448,26367,33739,21381
2020-09-23T01:00:00Z,90205,80772,45242,41326,9433,29709,29611,36488,21634
2020-09-23T02:00:00Z,90462,82356,45096,42253,8106,31073,30988,36430,20954
2020-09-23T03:00:00Z,91648,83484,47239,43925,8164,30121,30039,36748,21485
2020-09-23T04:00:00Z,85069,75884,45822,43031,9185,25259,25176,31480,18733
2020-09-23T05:00:00Z,85420,77011,44058,41371,8409,27388,27310,33486,19330
2020-09-23T06:00:00Z,105244,94592,50620,46395,10652,34700,34591,42935,23994
2020-09-23T07:00:00Z,114778,104975,54625,51587,9803,39989,39874,45427,25590
2020-09-23T08:00:00Z,125383,116916,61724,58663,8467,43378,43261,48927,28289
2020-09-23T09:00:00Z,128702,119506,62789,59315,9196,44246,44136,50415,29986
2020-09-23T10:00:00Z,118524,109161,58376,55183,9363,39522,39411,45964,27622
2020-09-23T11:00:00Z,116411,107619,57475,54335,8792,39144,39027,45216,26965
2020-09-23T12:00:00Z,139536,123759,66818,61757,15777,43900,43780,51438,31202
2020-09-23T13:00:00Z,144713,135657,71984,68778,9056,48319,48190,53469,32213
2020-09-23T14:00:00Z,150524,141726,76531,73176,8798,51169,51029,57039,35220
2020-09-23T15:00:00Z,145265,136500,73277,69669,8765,49275,49152,55083,34314
2020-09-23T16:00:00Z,135434,126495,67478,64410,8939,45038,44896,50858,31713
2020-09-23T17:00:00Z,129537,122058,64768,62089,7479,41670,41541,47479,29244
2020-09-23T18:00:00Z,127319,117998,63648,59741,9321,40224,40100,47000,29686
2020-09-23T19:00:00Z,126773,117465,62474,59418,9308,38373,38256,44600,28122
2020-09-23T20:00:00Z,120365,111194,59254,56250,9171,36807,36698,45244,26971
2020-09-23T21:00:00Z,107989,99693,56581,53526,8296,33211,33097,39455,25183
2020-09-23T22:00:00Z,95468,88357,50707,48277,7111,28162,28067,33905,21372
2020-09-23T23:00:00Z,85132,77908,44610,42013,7224,25245,25157,31458,19535
2020-09-24T00:00:00Z,85693,77234,45134,41893,8459,25943,25853,32980,20764
2020-09-24T01:00:00Z,89195,80733,47829,43588,8462,28817,28731,36013,22028
2020-09-24T02:00:00Z,88699,82306,47044,44366,6393,30659,30578,35564,20799
2020-09-24T03:00:00Z,90396,83212,48853,45816,7184,29749,29671,35831,21458
2020-09-24T04:00:00Z,82495,74615,45747,43077,7880,25076,24987,30941,18746
2020-09-24T05:00:00Z,87873,75812,44023,41358,12061,26864,26777,32600,18975
2020-09-24T06:00:00Z,109020,94016,51589,47211,15004,34497,34391,42061,24118
2020-09-24T07:00:00Z,114052,105936,54807,52004,8116,40170,40054,45023,25497
2020-09-24T08:00:00Z,127035,118260,62098,58893,8775,43350,43231,49160,28689
2020-09-24T09:00:00Z,121840,113161,60561,57000,8679,42818,42710,48411,29259
2020-09-24T10:00:00Z,112866,103609,55746,52537,9257,39010,38903,45088,27627
2020-09-24T11:00:00Z,112831,104292,55222,52255,8539,38725,38616,44267,26870
2020-09-24T12:00:00Z,127625,117781,63418,59130,9844,43920,43798,50587,31711
2020-09-24T13:00:00Z,139638,130576,69876,66884,9062,48107,47986,53453,32987
2020-09-24T14:00:00Z,147979,138624,75240,71838,9355,50858,50736,56307,35381
2020-09-24T15:00:00Z,141140,131792,72120,68266,9348,48835,48712,54699,34815
2020-09-24T16:00:00Z,129550,120212,63227,60197,9338,44609,44483,51115,31580
2020-09-24T17:00:00Z,124188,115128,62682,59792,9060,41270,41147,47224,29835
2020-09-24T18:00:00Z,123662,113541,63180,59049,10121,39934,39810,46575,30025
2020-09-24T19:00:00Z,121721,111688,59494,56581,10033,38170,38061,44299,28147
2020-09-24T20:00:00Z,115915,106426,58503,55359,9489,36207,36094,42743,27301
2020-09-24T21:00:00Z,102411,93227,52966,49609,9184,32411,32295,38733,25157
2020-09-24T22:00:00Z,94175,86969,49192,46728,7206,28068,27964,33549,21723
2020-09-24T23:00:00Z,84955,77463,43497,41084,7492,25001,24906,31011,19773
2020-09-25T00:00:00Z,81438,72921,43672,40492,8517,25536,25433,32700,21125
2020-09-25T01:00:00Z,85977,76628,45267,40868,9349,28518,28427,35590,21889
2020-09-25T02:00:00Z,87850,80827,45253,42604,7023,30083,29992,35700,21007
2020-09-25T03:00:00Z,85506,78185,46027,42780,7321,28958,28872,34895,20937
2020-09-25T04:00:00Z,79273,71374,43285,40794,7899,24033,23954,30160,18416
2020-09-25T05:00:00Z,87163,74668,44414,41753,12495,26133,26052,32850,18878
2020-09-25T06:00:00Z,106680,92959,51081,46855,13721,33627,33521,41676,24045
2020-09-25T07:00:00Z,112137,103566,53966,51271,8571,38867,38758,44206,25363
2020-09-25T08:00:00Z,122085,113270,59568,56519,8815,41298,41188,46637,27504
2020-09-25T09:00:00Z,120715,111746,60839,57278,8969,41602,41477,47500,28809
2020-09-25T10:00:00Z,111309,102770,56621,53642,8539,37630,37522,43349,26584
2020-09-25T11:00:00Z,109382,101056,55911,53142,8326,35985,35884,41401,25500
2020-09-25T12:00:00Z,121041,112678,62558,58825,8363,39220,39113,46511,29251
2020-09-25T13:00:00Z,135000,124496,67371,64371,10504,43858,43740,49972,30595
2020-09-25T14:00:00Z,140394,131230,71714,68388,9164,46855,46733,53300,33469
2020-09-25T15:00:00Z,136921,126352,69476,65722,10569,44463,44343,50879,32294
2020-09-25T16:00:00Z,122817,112908,62516,59476,9909,40650,40520,46911,29554
2020-09-25T17:00:00Z,120243,110739,61257,58479,9504,37366,37251,43722,27775
2020-09-25T18:00:00Z,122955,107576,59715,55595,15379,35439,35330,44481,27887
2020-09-25T19:00:00Z,117873,101127,55968,52938,16746,33530,33414,42104,25421
2020-09-25T20:00:00Z,115972,98608,54493,51376,17364,31839,31725,39670,24265
2020-09-25T21:00:00Z,104018,84924,50621,47411,19094,28116,28009,37116,22182
2020-09-25T22:00:00Z,117930,77635,47999,45298,40295,24013,23906,36254,19240
2020-09-26T00:00:00Z,106318,62895,41779,38278,43423,19430,19336,33414,17531
2020-09-26T01:00:00Z,85984,60443,40983,36645,25541,19203,19117,29333,16424
2020-09-26T02:00:00Z,69006,61774,40581,37821,7232,19930,19851,24663,14935
2020-09-26T03:00:00Z,69986,62605,42492,39380,7381,19768,19696,25230,15660
2020-09-26T04:00:00Z,66650,60677,40792,38256,5973,18358,18286,23096,14467
2020-09-26T05:00:00Z,64381,57782,37974,35457,6599,18632,18567,23099,13969
2020-09-26T06:00:00Z,68071,60392,39665,35760,7679,20450,20377,26341,16357
2020-09-26T07:00:00Z,69721,64788,39376,36839,4933,22248,22180,27004,15945
2020-09-26T08:00:00Z,75090,70272,43442,40915,4818,23730,23655,28579,17006
2020-09-26T09:00:00Z,76135,70486,44264,41379,5649,24157,24091,29771,18199
2020-09-26T10:00:00Z,74725,69456,43370,41043,5269,23915,23849,28758,17613
2020-09-26T11:00:00Z,76140,71175,44721,42451,4965,24073,24015,28553,17530
2020-09-26T12:00:00Z,82551,75922,48272,44598,6629,25892,25830,32012,19944
2020-09-26T13:00:00Z,89616,84537,51015,48825,5079,28681,28605,33633,20648
2020-09-26T14:00:00Z,97014,91450,57635,55231,5564,31177,31106,36365,22626
2020-09-26T15:00:00Z,95119,88567,55583,52493,6552,31167,31094,36982,23552
2020-09-26T16:00:00Z,90185,83567,51463,49089,6618,29204,29125,34738,21730
2020-09-26T17:00:00Z,89308,84023,53435,51435,5285,27835,27767,32930,20984
2020-09-26T18:00:00Z,88578,81721,52884,49410,6857,27083,27011,33496,22041
2020-09-26T19:00:00Z,80016,75287,47552,45671,4729,25172,25105,30538,19817
2020-09-26T20:00:00Z,73742,68978,43181,41219,4764,23443,23372,28565,18635
2020-09-26T21:00:00Z,69215,62539,39465,36900,6676,21693,21621,27943,18119
2020-09-26T22:00:00Z,70299,61510,41853,39141,8789,19194,19117,26002,16576
2020-09-26T23:00:00Z,59331,53169,35761,33187,6162,17041,16973,22426,14820
2020-09-27T00:00:00Z,60225,53739,36379,33409,6486,17525,17464,24331,15768
2020-09-27T01:00:00Z,64401,56552,37492,33302,7849,20471,20409,26813,16922
2020-09-27T02:00:00Z,68702,63776,39595,37275,4926,22564,22497,27366,15936
2020-09-27T03:00:00Z,69777,64676,41867,39025,5101,22045,21987,27441,16578
2020-09-27T04:00:00Z,62528,57462,38058,35622,5066,18304,18248,23038,14739
2020-09-27T05:00:00Z,65920,58648,37619,35174,7272,19791,19728,24447,14854
2020-09-27T06:00:00Z,71420,65813,40160,36674,5607,24124,24067,30027,18013
2020-09-27T07:00:00Z,70568,65787,37475,35223,4781,25540,25476,30483,17624
2020-09-27T08:00:00Z,80493,74708,43573,40999,5785,27489,27418,33351,19284
2020-09-27T09:00:00Z,80861,75352,44269,41399,5509,28554,28491,34289,20766
2020-09-27T10:00:00Z,74487,69172,40326,37786,5315,26724,26647,32121,19835
2020-09-27T11:00:00Z,75107,69607,41171,38722,5500,26243,26183,31647,19664
2020-09-27T12:00:00Z,81716,74705,45013,41244,7011,27734,27666,34482,22032
2020-09-27T13:00:00Z,91568,85987,52854,50446,5581,30524,30451,36502,23043
2020-09-27T14:00:00Z,93500,87498,53199,50618,6002,32594,32522,38985,24679
2020-09-27T15:00:00Z,94118,87128,54138,50947,6990,32389,32316,39642,25438
2020-09-27T16:00:00Z,87622,81658,48978,46703,5964,30651,30580,36642,23814
2020-09-27T17:00:00Z,85335,80269,48403,46374,5066,29100,29037,34808,22654
2020-09-27T18:00:00Z,84937,78534,47855,44676,6403,28517,28441,35307,23377
2020-09-27T19:00:00Z,81293,75901,46267,44332,5392,27475,27411,32753,21728
2020-09-27T20:00:00Z,77359,71931,44162,41967,5428,26504,26436,32008,21206
2020-09-27T21:00:00Z,72047,66689,41404,38900,5358,23723,23672,29368,19634
2020-09-27T22:00:00Z,68907,63600,42052,40092,5307,20771,20705,25988,17097
2020-09-27T23:00:00Z,62385,56130,35883,33758,6255,19250,19188,24607,15892
2020-09-28T00:00:00Z,69086,59260,38235,35225,9826,21123,21049,27993,18084
2020-09-28T01:00:00Z,78083,67620,41946,37460,10463,25543,25461,33070,20275
2020-09-28T02:00:00Z,82712,73310,43913,40747,9402,28210,28131,33745,19861
2020-09-28T03:00:00Z,88810,79181,50152,46658,9629,27581,27508,34253,20595
2020-09-28T04:00:00Z,82765,71090,46295,43505,11675,23477,23393,30066,18021
2020-09-28T05:00:00Z,103125,76489,47451,44368,26636,25503,25417,34077,18713
2020-09-28T06:00:00Z,122205,90989,52384,48086,31216,33265,33161,43717,24164
2020-09-28T07:00:00Z,118379,101189,53799,49965,17190,38172,38060,44827,25431
2020-09-28T08:00:00Z,128318,116595,63932,60316,11723,41742,41636,47553,27978
2020-09-28T09:00:00Z,128350,117562,63881,60162,10788,42003,41895,48141,28585
2020-09-28T10:00:00Z,115689,103825,57344,53951,11864,37781,37686,43841,26490
2020-09-28T11:00:00Z,117478,105758,57280,54013,11720,37968,37864,44548,26379
2020-09-28T12:00:00Z,129769,118027,64879,60213,11742,42646,42544,49879,30779
2020-09-28T13:00:00Z,147656,134200,74383,70532,13456,46669,46550,52957,32299
2020-09-28T14:00:00Z,154416,142665,78624,74852,11751,49556,49431,55916,35011
2020-09-28T15:00:00Z,153532,140988,79605,75157,12544,48286,48149,55890,34984
2020-09-28T16:00:00Z,139945,129467,71834,68599,10478,44321,44191,51011,31729
2020-09-28T17:00:00Z,133984,121931,68056,64134,12053,41147,41022,48769,30592
2020-09-28T18:00:00Z,127009,115913,65359,61192,11096,39633,39512,46595,29949
2020-09-28T19:00:00Z,123445,111893,62489,58866,11552,38533,38408,44690,28434
2020-09-28T20:00:00Z,122066,109067,61529,58023,12999,37263,37145,43809,27635
2020-09-28T21:00:00Z,109778,100006,58500,55340,9772,33024,32917,39174,25488
2020-09-28T22:00:00Z,94594,87416,52453,50378,7178,28010,27907,32936,21081
2020-09-28T23:00:00Z,83634,75371,45406,43048,8263,24817,24719,29786,18863
2020-09-29T00:00:00Z,86037,76575,47219,44119,9462,25701,25610,32456,20807
2020-09-29T01:00:00Z,91526,81540,50446,45945,9986,28950,28868,35616,22109
2020-09-29T02:00:00Z,93855,85284,50820,47843,8571,31145,31063,36254,21007
2020-09-29T03:00:00Z,93299,84553,52063,48716,8746,29789,29707,35348,21235
2020-09-29T04:00:00Z,86174,75894,46810,43908,10280,24576,24492,30485,18364
2020-09-29T05:00:00Z,93573,78675,48105,45139,14898,26667,26571,32980,18995
2020-09-29T06:00:00Z,112133,95095,53969,49282,17038,34280,34184,42379,23957
2020-09-29T07:00:00Z,117646,108247,57299,54149,9399,39947,39837,44722,25408
2020-09-29T08:00:00Z,130499,121154,65670,62375,9345,42676,42567,47834,27825
2020-09-29T09:00:00Z,133501,123503,68124,64435,9998,43493,43385,49252,29330
2020-09-29T10:00:00Z,125410,113903,63152,59410,11507,39391,39279,46251,27613
2020-09-29T11:00:00Z,120437,109395,60677,57172,11042,38647,38536,44544,26601
2020-09-29T12:00:00Z,133012,121190,67554,62678,11822,43351,43230,49765,30802
2020-09-29T13:00:00Z,147761,136636,74347,71010,11125,48118,47981,53589,32387
2020-09-29T14:00:00Z,157874,147287,81638,77880,10587,50662,50520,57197,35083
2020-09-29T15:00:00Z,150722,140440,77803,73840,10282,49544,49410,55394,34953
2020-09-29T16:00:00Z,139930,131027,73067,70190,8903,45459,45321,50908,31837
2020-09-29T17:00:00Z,133563,124549,69314,66576,9014,42374,42233,47543,29987
2020-09-29T18:00:00Z,134164,123318,67988,63837,10846,40834,40715,48031,30713
2020-09-29T19:00:00Z,127975,118432,65581,62627,9543,39360,39233,44627,28587
2020-09-29T20:00:00Z,123670,113455,64386,61307,10215,38000,37868,44171,28201
2020-09-29T21:00:00Z,112704,102036,59605,55860,10668,33536,33415,40199,25951
2020-09-29T22:00:00Z,97965,89108,54182,51180,8857,28930,28829,34059,22161
2020-09-29T23:00:00Z,86020,78036,45753,42939,7984,25783,25683,30982,19763
2020-09-30T00:00:00Z,81861,73186,43415,40278,8675,25682,25592,32011,20495
2020-09-30T01:00:00Z,79130,70662,42068,37814,8468,26249,26169,32549,20168
2020-09-30T02:00:00Z,83081,76128,43772,41051,6953,28011,27945,33177,19326
2020-09-30T03:00:00Z,88151,80981,49726,46594,7170,28154,28074,34001,20691
2020-09-30T04:00:00Z,87321,79644,50493,47709,7677,23781,23707,29337,18016
2020-09-30T05:00:00Z,93253,81739,50218,47627,11514,25458,25362,31764,17902
2020-09-30T06:00:00Z,111040,97777,57755,53311,13263,32401,32301,40469,23044
2020-09-30T07:00:00Z,115085,107371,58711,55826,7714,38095,37987,43435,25105
2020-09-30T08:00:00Z,127794,118798,66621,63261,8996,40442,40321,45608,26684
2020-09-30T09:00:00Z,128030,118749,67097,63272,9281,41349,41227,47111,28469
2020-09-30T10:00:00Z,118626,109873,61903,58438,8753,36902,36798,42733,25962
2020-09-30T11:00:00Z,116333,108156,59392,56429,8177,36224,36128,41258,24850
2020-09-30T12:00:00Z,131393,121885,66162,61769,9508,41278,41155,48764,30208
2020-09-30T13:00:00Z,148751,140171,76119,73028,8580,46902,46776,53744,32981
2020-09-30T14:00:00Z,158451,149636,81575,78223,8815,49824,49703,57291,35465
2020-09-30T15:00:00Z,156348,146377,80214,76322,9971,49183,49056,57533,35659
2020-09-30T16:00:00Z,148091,139172,75906,72893,8919,45524,45404,53318,33015
2020-09-30T17:00:00Z,142192,133419,72160,69360,8773,43486,43355,51132,31605
2020-09-30T18:00:00Z,156450,146102,75169,70957,10348,43411,43287,58365,36215
2020-09-30T19:00:00Z,152034,143078,74812,72031,8956,42019,41889,54311,34065
2020-09-30T20:00:00Z,135668,126110,68590,65566,9558,38897,38769,48024,29681
2020-09-30T21:00:00Z,120788,110822,63977,60520,9966,34057,33934,41965,26549
2020-09-30T22:00:00Z,105350,96654,58567,55776,8696,28678,28572,35343,21832
2020-09-30T23:00:00Z,94294,86522,53572,51014,7772,24808,24709,30752,19269
2020-10-01T00:00:00Z,88980,79555,49555,46346,9425,23938,23852,31720,20273
2020-10-01T01:00:00Z,87572,77741,50223,45708,9831,23699,23610,32094,20348
2020-10-01T02:00:00Z,92084,83638,51917,48971,8446,24831,24748,32522,19907
2020-10-01T03:00:00Z,99665,91639,54177,50725,8026,25944,25861,35571,21892
2020-10-01T04:00:00Z,108082,99254,56480,53552,8828,26308,26218,37910,22240
2020-10-01T05:00:00Z,120447,101188,56258,53227,19259,26816,26727,39239,22622
2020-10-01T06:00:00Z,131622,114587,62558,57904,17035,31267,31163,45514,26588
2020-10-01T07:00:00Z,138658,123141,62871,59535,15517,36272,36161,47582,27909
2020-10-01T08:00:00Z,141482,130201,66265,62728,11281,39287,39168,49672,29229
2020-10-01T09:00:00Z,144162,132793,69125,65000,11369,39691,39562,50337,30496
2020-10-01T10:00:00Z,139947,129239,68527,65156,10708,38584,38458,48195,29424
2020-10-01T11:00:00Z,139243,128855,66461,63302,10388,39256,39138,48918,29239
2020-10-01T12:00:00Z,152523,140917,71815,67353,11606,43665,43532,53544,33037
2020-10-01T13:00:00Z,163025,151287,78353,74987,11738,48552,48422,57207,34584
2020-10-01T14:00:00Z,164051,154585,78685,75270,9466,51124,50980,60415,37047
2020-10-01T15:00:00Z,125056,117180,60974,58049,7876,43814,43695,50802,30644
2020-10-01T16:00:00Z,139788,131003,67783,64991,8785,44708,44574,52961,32149
2020-10-01T17:00:00Z,154132,134819,66446,63680,19313,44256,44121,58436,32795
2020-10-01T18:00:00Z,138251,128753,64310,60314,9498,42333,42213,53207,32775
2020-10-01T19:00:00Z,138091,128609,64121,60958,9482,41436,41320,50992,31207
2020-10-01T20:00:00Z,126986,116574,59387,56127,10412,38703,38583,47076,28851
2020-10-01T21:00:00Z,112642,102896,54704,51337,9746,33759,33650,40651,25782
2020-10-01T22:00:00Z,97916,89599,50243,47333,8317,28775,28664,34852,21915
2020-10-01T23:00:00Z,87319,78490,45010,42221,8829,25337,25234,31448,19544
2020-10-02T00:00:00Z,81395,72607,42719,39383,8788,24082,23989,30924,19784
2020-10-02T01:00:00Z,81872,71474,43406,38638,10398,23807,23714,31911,20102
2020-10-02T02:00:00Z,78527,71254,42266,39336,7273,24381,24294,30453,18699
2020-10-02T03:00:00Z,80417,73896,44014,40980,6521,23780,23699,31396,19146
2020-10-02T04:00:00Z,83361,75341,43750,41049,8020,22944,22854,31155,18556
2020-10-02T05:00:00Z,89955,76699,42663,39881,13256,23387,23295,32352,18716
2020-10-02T06:00:00Z,111571,95387,52346,47910,16184,28647,28544,39949,23749
2020-10-02T07:00:00Z,113482,105043,52528,49447,8439,34003,33902,42427,24728
2020-10-02T08:00:00Z,128286,119737,62824,59373,8549,37098,36982,45407,26628
2020-10-02T09:00:00Z,127127,118697,63870,60306,8430,37503,37388,44740,27346
2020-10-02T10:00:00Z,122929,114291,61349,58013,8638,35953,35845,43291,26302
2020-10-02T11:00:00Z,121594,112927,60317,57292,8667,36580,36468,43689,26222
2020-10-02T12:00:00Z,134009,123882,67389,62999,10127,40700,40578,49267,30608
2020-10-02T13:00:00Z,150739,140794,76672,73071,9945,45501,45366,52866,32306
2020-10-02T14:00:00Z,156248,147174,79730,76219,9074,48563,48434,55854,34416
2020-10-02T15:00:00Z,153685,143788,77880,73778,9897,47396,47268,55214,34542
2020-10-02T16:00:00Z,143210,133020,72811,69518,10190,43175,43048,50991,31154
2020-10-02T17:00:00Z,137321,128655,70758,67591,8666,39979,39858,47634,29331
2020-10-02T18:00:00Z,135001,124005,69961,65369,10996,38492,38370,46510,29367
2020-10-02T19:00:00Z,128619,118635,70179,66048,9984,36188,36072,42640,26925
2020-10-02T20:00:00Z,119467,110674,64284,61175,8793,33851,33727,40173,25126
2020-10-02T21:00:00Z,110791,102020,62093,58802,8771,29539,29435,36297,22632
2020-10-02T22:00:00Z,99676,92391,58082,55424,7285,25091,24985,30174,19092
2020-10-02T23:00:00Z,90699,83809,52630,50177,6890,21082,20995,26350,16767
2020-10-03T00:00:00Z,84788,77278,48949,46122,7510,19431,19342,25945,16691
2020-10-03T01:00:00Z,82698,73647,49364,44897,9051,18480,18396,25111,16224
2020-10-03T02:00:00Z,79902,74132,48483,45879,5770,19141,19066,24297,14961
2020-10-03T03:00:00Z,80674,74620,52262,49204,6054,19242,19171,25283,15634
2020-10-03T04:00:00Z,79702,74296,51361,48909,5406,18856,18790,24271,14728
2020-10-03T05:00:00Z,83036,76532,51644,49217,6504,19491,19427,24927,14891
2020-10-03T06:00:00Z,74477,68223,41163,37495,6254,21109,21040,28226,17337
2020-10-03T07:00:00Z,78262,72632,42086,39600,5630,23060,22986,29131,17097
2020-10-03T08:00:00Z,80005,73911,42519,39686,6094,24167,24083,31186,18164
2020-10-03T09:00:00Z,81443,75005,43546,40463,6438,24874,24799,31292,19107
2020-10-03T10:00:00Z,79031,73391,41921,39230,5640,25081,25006,30776,18726
2020-10-03T11:00:00Z,80989,74829,40937,38325,6160,25809,25740,31569,19287
2020-10-03T12:00:00Z,92489,85036,50605,46621,7453,27726,27655,35050,22073
2020-10-03T13:00:00Z,104066,97585,58967,56222,6481,30345,30253,36416,22309
2020-10-03T14:00:00Z,116981,109591,63205,60034,7390,33137,33051,39762,24548
2020-10-03T15:00:00Z,112817,105346,63382,60009,7471,33073,32986,40388,25203
2020-10-03T16:00:00Z,106429,99955,59702,57260,6474,31907,31816,38084,23711
2020-10-03T17:00:00Z,103353,97161,57676,55405,6192,30270,30180,36410,22531
2020-10-03T18:00:00Z,102521,93387,54000,49762,9134,28895,28817,36156,22981
2020-10-03T19:00:00Z,94568,89095,52393,50397,5473,27651,27570,33164,20531
2020-10-03T20:00:00Z,85325,79902,49361,47005,5423,25616,25546,30776,19769
2020-10-03T21:00:00Z,78984,73421,46355,43772,5563,23042,22975,28585,18317
2020-10-03T22:00:00Z,72622,68152,44188,42249,4470,20220,20151,24537,15843
2020-10-03T23:00:00Z,66588,62440,41901,40028,4148,17876,17811,21813,14222
2020-10-04T00:00:00Z,63456,57778,39727,37012,5678,17494,17432,23222,15434
2020-10-04T01:00:00Z,62806,56301,40047,36152,6505,17090,17024,22879,15095
2020-10-04T02:00:00Z,68138,62451,41516,39156,5687,18467,18413,23157,14136
2020-10-04T03:00:00Z,70576,65027,43187,40430,5549,18508,18451,23718,15053
2020-10-04T04:00:00Z,68601,63995,43007,40671,4606,18300,18245,23016,14263
2020-10-04T05:00:00Z,71502,66190,44342,42113,5312,18586,18527,23155,14491
2020-10-04T06:00:00Z,75565,69888,45419,41834,5677,20519,20462,27065,16944
2020-10-04T07:00:00Z,75616,71255,43696,41459,4361,22506,22438,27463,16495
2020-10-04T08:00:00Z,83347,78504,48510,46033,4843,24422,24356,29793,18023
2020-10-04T09:00:00Z,87042,82169,51082,48249,4873,25560,25488,31139,19435
2020-10-04T10:00:00Z,87686,82665,50615,48151,5021,25811,25744,31822,19112
2020-10-04T11:00:00Z,88947,83944,50408,47911,5003,26687,26621,32383,20020
2020-10-04T12:00:00Z,96560,89532,55991,52079,7028,29048,28970,35856,23001
2020-10-04T13:00:00Z,102526,96574,58692,55927,5952,31467,31392,37686,23320
2020-10-04T14:00:00Z,111977,105783,62997,60177,6194,34026,33946,40487,25164
2020-10-04T15:00:00Z,116529,109476,65629,62279,7053,34509,34427,41520,26338
2020-10-04T16:00:00Z,107018,101251,62150,59785,5767,33052,32982,38913,24684
2020-10-04T17:00:00Z,107294,101667,61044,58790,5627,32380,32302,38665,24391
2020-10-04T18:00:00Z,100290,94101,55728,52381,6189,31689,31610,39026,25052
2020-10-04T19:00:00Z,96369,90906,54412,52271,5463,30334,30261,36553,23063
2020-10-04T20:00:00Z,90823,85437,51592,49453,5386,28845,28772,34462,22066
2020-10-04T21:00:00Z,83303,77814,48448,45911,5489,25911,25851,31927,20649
2020-10-04T22:00:00Z,76025,71414,45769,43670,4611,22854,22785,27807,17872
2020-10-04T23:00:00Z,67338,62198,39249,37129,5140,20301,20242,25287,15965
2020-10-05T00:00:00Z,70277,62828,39315,36435,7449,21028,20959,28051,17578
2020-10-05T01:00:00Z,74101,65007,41303,36874,9094,22365,22287,30370,18866
2020-10-05T02:00:00Z,74756,67451,41389,38518,7305,23918,23844,29575,18148
2020-10-05T03:00:00Z,78191,71442,44724,41653,6749,23970,23900,29900,18741
2020-10-05T04:00:00Z,77768,68961,42511,39888,8807,23255,23191,29121,17782
2020-10-05T05:00:00Z,96214,73748,43833,40863,22466,24272,24197,31525,18112
2020-10-05T06:00:00Z,111192,86124,49064,44657,25068,29379,29290,39313,22482
2020-10-05T07:00:00Z,113163,97278,50593,46702,15885,34966,34857,41717,23899
2020-10-05T08:00:00Z,121293,109694,56706,52815,11599,38407,38290,44534,26435
2020-10-05T09:00:00Z,127380,115922,62477,58200,11458,39418,39293,46330,28026
2020-10-05T10:00:00Z,126605,113767,64267,60318,12838,37516,37400,43779,26643
2020-10-05T11:00:00Z,127816,114580,63167,59149,13236,38323,38215,45098,27010
2020-10-05T12:00:00Z,141550,129218,70819,65945,12332,43027,42904,50821,31302
2020-10-05T13:00:00Z,152750,140189,74376,70750,12561,48215,48093,54335,32805
2020-10-05T14:00:00Z,159404,148492,80892,77171,10912,51178,51045,57239,35263
2020-10-05T15:00:00Z,157643,146380,80887,76823,11263,49304,49180,56204,34707
2020-10-05T16:00:00Z,153740,142091,77948,74463,11649,46635,46515,53590,32836
2020-10-05T17:00:00Z,148135,134790,74443,70465,13345,44380,44258,51441,31790
2020-10-05T18:00:00Z,142039,128786,71337,66654,13253,42578,42464,50339,31835
2020-10-05T19:00:00Z,140784,127868,70811,67204,12916,41357,41245,47809,29737
2020-10-05T20:00:00Z,135616,122908,69225,65438,12708,39624,39503,45988,29334
2020-10-05T21:00:00Z,120386,109038,62747,58823,11348,35079,34972,41266,26382
2020-10-05T22:00:00Z,106487,95946,58378,54940,10541,29379,29269,35253,22313
2020-10-05T23:00:00Z,93195,83533,51494,48444,9662,25498,25409,31008,19405
2020-10-06T00:00:00Z,94948,82515,52457,48268,12433,25647,25558,33580,21474
2020-10-06T01:00:00Z,91852,80230,51648,45931,11622,26131,26039,33345,21599
2020-10-06T02:00:00Z,94411,83591,53181,48590,10820,27039,26954,33619,20495
2020-10-06T03:00:00Z,91631,82448,52819,49223,9183,26051,25978,32726,20144
2020-10-06T04:00:00Z,88447,78131,48622,45326,10316,24797,24713,31082,19018
2020-10-06T05:00:00Z,96746,79104,46203,42853,17642,25931,25843,33783,19353
2020-10-06T06:00:00Z,113112,90961,52699,47376,22151,30496,30388,40112,23544
2020-10-06T07:00:00Z,121100,110698,61876,58241,10402,36241,36128,43186,25416
2020-10-06T08:00:00Z,127136,114965,61318,57047,12171,39993,39881,46225,27333
2020-10-06T09:00:00Z,130035,118601,65003,60737,11434,40016,39908,46379,28215
2020-10-06T10:00:00Z,124196,113746,62181,58327,10450,38149,38032,44326,26897
2020-10-06T11:00:00Z,124419,113216,60626,56695,11203,39325,39217,45596,27347
2020-10-06T12:00:00Z,139795,126095,67319,62120,13700,43933,43818,52250,31913
2020-10-06T13:00:00Z,156784,142754,74721,70526,14030,49133,49004,56926,33790
2020-10-06T14:00:00Z,162000,144750,76410,72651,17250,51456,51319,59923,35576
2020-10-06T15:00:00Z,166924,134027,71003,66714,32897,48585,48448,63198,33990
2020-10-06T16:00:00Z,147605,136433,72929,69376,11172,46560,46436,52684,32837
2020-10-06T17:00:00Z,141217,128219,67924,64527,12998,43423,43293,49610,30374
2020-10-06T18:00:00Z,166185,120325,64634,59994,45860,42255,42119,56575,31345
2020-10-06T19:00:00Z,140200,120287,64464,61214,19913,40720,40593,48760,29242
2020-10-06T20:00:00Z,126848,115367,62224,59015,11481,38937,38831,45468,28205
2020-10-06T21:00:00Z,112807,101665,56318,52632,11142,34380,34256,40912,25695
2020-10-06T22:00:00Z,100865,91126,53352,50294,9739,29292,29186,34872,22212
2020-10-06T23:00:00Z,92393,83025,49188,46528,9368,25869,25773,31480,19878
2020-10-07T00:00:00Z,88095,78326,47718,44608,9769,25562,25469,32330,20735
2020-10-07T01:00:00Z,85945,75791,47491,43105,10154,25622,25541,32706,20774
2020-10-07T02:00:00Z,89663,81435,50063,47240,8228,26525,26443,32553,19984
2020-10-07T03:00:00Z,89842,81235,51324,48121,8607,26062,25989,32331,19777
2020-10-07T04:00:00Z,90359,79585,50432,47427,10774,24757,24678,31127,18799
2020-10-07T05:00:00Z,98826,82533,50511,47526,16293,25855,25762,32625,19145
2020-10-07T06:00:00Z,113577,93581,55502,50918,19996,30609,30500,39331,23086
2020-10-07T07:00:00Z,118643,108037,58136,55183,10606,36037,35929,41784,24414
2020-10-07T08:00:00Z,128459,118119,64476,61089,10340,39858,39744,45845,27324
2020-10-07T09:00:00Z,130812,119982,66423,62428,10830,40314,40209,46490,28037
2020-10-07T10:00:00Z,125391,114456,64689,61076,10935,38017,37907,43847,26822
2020-10-07T11:00:00Z,123694,113922,62242,58983,9772,38956,38844,44049,26933
2020-10-07T12:00:00Z,138462,125688,68696,63667,12774,44096,43974,51080,31538
2020-10-07T13:00:00Z,153294,142505,77331,73781,10789,49068,48935,54856,33374
2020-10-07T14:00:00Z,159818,147964,80427,76679,11854,51638,51494,57818,35472
2020-10-07T15:00:00Z,155721,144701,80433,76229,11020,50343,50211,56648,35455
2020-10-07T16:00:00Z,150717,138847,75513,72054,11870,46895,46754,53364,32954
2020-10-07T17:00:00Z,141820,131555,73213,69917,10265,43753,43622,49150,30637
2020-10-07T18:00:00Z,135800,125261,68265,64388,10539,42239,42105,48722,30546
2020-10-07T19:00:00Z,129521,120580,66367,63264,8941,40220,40101,46554,29085
2020-10-07T20:00:00Z,124764,114769,63154,59873,9995,38806,38677,44263,28350
2020-10-07T21:00:00Z,113735,104262,58333,54805,9473,34504,34396,40568,26084
2020-10-07T22:00:00Z,102631,93934,54980,52149,8697,29505,29402,34864,22308
2020-10-07T23:00:00Z,93154,84613,51074,48506,8541,25948,25841,31224,19606
2020-10-08T00:00:00Z,89286,78634,49445,44978,10652,25573,25487,33612,21802
2020-10-08T01:00:00Z,80899,73019,45013,41517,7880,25155,25071,30623,19208
2020-10-08T02:00:00Z,86648,79318,49493,46616,7330,26253,26168,31431,19328
2020-10-08T03:00:00Z,88224,80379,51399,48034,7845,26159,26083,32229,20066
2020-10-08T04:00:00Z,90160,80626,50321,47427,9534,24612,24544,30772,18583
2020-10-08T05:00:00Z,96399,82402,49288,46479,13997,25594,25505,31982,18687
2020-10-08T06:00:00Z,109494,93360,55511,51017,16134,30453,30347,38435,22758
2020-10-08T07:00:00Z,115239,106136,57730,54625,9103,36296,36185,41605,24481
2020-10-08T08:00:00Z,126088,116997,61704,58366,9091,39867,39751,45511,27184
2020-10-08T09:00:00Z,128251,118759,65112,61312,9492,40131,40029,46662,28082
2020-10-08T10:00:00Z,121020,111621,62811,59581,9399,37887,37775,43003,26301
2020-10-08T11:00:00Z,118788,110388,58704,55713,8400,38580,38470,44517,26379
2020-10-08T12:00:00Z,135550,124429,65973,61464,11121,43655,43532,51272,31284
2020-10-08T13:00:00Z,152344,141617,73388,70074,10727,48358,48219,54921,32817
2020-10-08T14:00:00Z,156858,146147,77619,74180,10711,50725,50578,57416,34782
2020-10-08T15:00:00Z,150236,139065,76203,72140,11171,49714,49584,55864,34836
2020-10-08T16:00:00Z,140798,130786,70934,67972,10012,45690,45560,51444,31964
2020-10-08T17:00:00Z,137721,129084,70785,68018,8637,42446,42326,48137,29803
2020-10-08T18:00:00Z,133558,123451,68967,64836,10107,41024,40908,48676,31136
2020-10-08T19:00:00Z,125089,113646,62131,58990,11443,38854,38729,45901,28516
2020-10-08T20:00:00Z,124771,109073,60932,57414,15698,37463,37335,45737,28040
2020-10-08T21:00:00Z,116884,102278,58502,54246,14606,33284,33156,40833,25800
2020-10-08T22:00:00Z,100956,91392,54585,51305,9564,28572,28453,34151,21903
2020-10-08T23:00:00Z,88966,80233,48981,46003,8733,24628,24527,29544,18871
2020-10-09T00:00:00Z,86455,77065,45716,42328,9390,25051,24953,32094,20198
2020-10-09T01:00:00Z,87696,78045,47275,42652,9651,27693,27609,34505,21051
2020-10-09T02:00:00Z,92776,84082,50084,46889,8694,29700,29602,34867,20147
2020-10-09T03:00:00Z,96991,88107,55397,51898,8884,28782,28688,37381,22866
2020-10-09T04:00:00Z,102788,93347,63798,60954,9441,24240,24150,32785,20754
2020-10-09T05:00:00Z,97872,83931,50529,47611,13941,26061,25980,34160,20111
2020-10-09T06:00:00Z,115888,97381,56225,51614,18507,33620,33512,42014,23457
2020-10-09T07:00:00Z,119415,108441,59470,55813,10974,38758,38654,44978,25544
2020-10-09T08:00:00Z,129553,117162,63263,59267,12391,42052,41939,48287,27771
2020-10-09T09:00:00Z,129995,120204,66084,62204,9791,42437,42331,48370,28569
2020-10-09T10:00:00Z,120414,110408,62277,58840,10006,38753,38640,44342,26955
2020-10-09T11:00:00Z,120299,110943,61363,58256,9356,38354,38234,43465,26066
2020-10-09T12:00:00Z,131618,121049,66528,62273,10569,41804,41684,48759,29564
2020-10-09T13:00:00Z,160645,149838,90877,87542,10807,46004,45877,54531,34009
2020-10-09T14:00:00Z,146829,136341,75319,71770,10488,47937,47812,54124,33245
2020-10-09T15:00:00Z,159577,148562,90735,86783,11015,45679,45557,55118,35203
2020-10-09T16:00:00Z,166314,155072,101353,98319,11242,41408,41276,50698,32340
2020-10-09T17:00:00Z,130165,120087,67827,64708,10078,38831,38708,44439,27452
2020-10-09T18:00:00Z,124896,113386,63286,59159,11510,36761,36641,43893,27503
2020-10-09T19:00:00Z,145351,135900,91575,88830,9451,34157,34039,42408,27834
2020-10-09T20:00:00Z,141193,130522,88972,85617,10671,32471,32359,41350,27016
2020-10-09T21:00:00Z,76716,68788,43536,40768,7928,21992,21897,29478,19124
2020-10-09T22:00:00Z,92932,82474,50714,47434,10458,27817,27709,33853,20658
2020-10-09T23:00:00Z,83125,73870,47861,44905,9255,21274,21195,26499,16818
2020-10-10T00:00:00Z,75027,64940,41389,37945,10087,20731,20651,27330,17294
2020-10-10T01:00:00Z,79780,68217,41175,36432,11563,23123,23045,29606,17970
2020-10-10T02:00:00Z,80895,72663,44767,41768,8232,24812,24733,29455,16916
2020-10-10T03:00:00Z,78948,70453,43197,39947,8495,24425,24348,30215,17540
2020-10-10T04:00:00Z,71755,65146,42766,40059,6609,19989,19917,24692,15251
2020-10-10T05:00:00Z,73011,66483,41706,39075,6528,21711,21637,26402,15486
2020-10-10T06:00:00Z,86909,78917,48591,44502,7992,26380,26302,32730,19100
2020-10-10T07:00:00Z,88666,81291,47941,45278,7375,28008,27922,33102,18498
2020-10-10T08:00:00Z,92992,84304,49418,46488,8688,29618,29533,35388,19817
2020-10-10T09:00:00Z,96114,87665,52038,48716,8449,30497,30412,36441,21073
2020-10-10T10:00:00Z,91519,83952,51318,48410,7567,27581,27498,32964,19850
2020-10-10T11:00:00Z,89337,81514,49649,46674,7823,26773,26695,33123,19518
2020-10-10T12:00:00Z,92131,83145,50405,46335,8986,28094,28022,35304,21514
2020-10-10T13:00:00Z,101140,93932,58262,55735,7208,29893,29820,35456,21606
2020-10-10T14:00:00Z,105828,97979,60567,57899,7849,31898,31817,37753,23227
2020-10-10T15:00:00Z,104548,96402,59695,56460,8146,32411,32336,38765,24290
2020-10-10T16:00:00Z,102916,94454,59308,56262,8462,30847,30776,36393,22888
2020-10-10T17:00:00Z,99197,91140,58347,55290,8057,28855,28776,34269,21377
2020-10-10T18:00:00Z,95267,86477,54830,50627,8790,28059,27980,34557,22149
2020-10-10T19:00:00Z,86690,79358,49502,47045,7332,26042,25971,31672,19979
2020-10-10T20:00:00Z,81479,74577,45674,43357,6902,24698,24628,30366,19031
2020-10-10T21:00:00Z,76783,69320,44075,41439,7463,22245,22174,27967,17760
2020-10-10T22:00:00Z,72219,66307,43594,41612,5912,19744,19668,24397,15450
2020-10-10T23:00:00Z,67733,62100,42706,40866,5633,17592,17523,21769,13762
2020-10-11T00:00:00Z,64031,57961,39680,37297,6070,17387,17317,23031,14798
2020-10-11T01:00:00Z,64885,57470,39717,35731,7415,18030,17966,23954,15440
2020-10-11T02:00:00Z,69945,64290,43152,40504,5655,19084,19014,23793,14764
2020-10-11T03:00:00Z,70054,63673,43620,40404,6381,19465,19400,24919,15586
2020-10-11T04:00:00Z,67592,61700,42030,39351,5892,18562,18495,23276,14561
2020-10-11T05:00:00Z,69339,62247,42397,39654,7092,18902,18840,23413,14577
2020-10-11T06:00:00Z,76165,68311,45839,41686,7854,21117,21049,27331,17240
2020-10-11T07:00:00Z,81410,73981,47334,44443,7429,23208,23142,28125,17020
2020-10-11T08:00:00Z,83305,76810,48157,45336,6495,25073,25002,30074,18225
2020-10-11T09:00:00Z,85653,79741,48865,45809,5912,26041,25958,31766,19158
2020-10-11T10:00:00Z,87583,81671,50765,48030,5912,26154,26080,31078,19071
2020-10-11T11:00:00Z,88161,82167,49579,46985,5994,27157,27092,32119,19495
2020-10-11T12:00:00Z,94307,86389,52860,48944,7918,29030,28961,35899,22632
2020-10-11T13:00:00Z,99259,92793,56294,53640,6466,31348,31267,36782,22516
2020-10-11T14:00:00Z,109378,101331,62477,59323,8047,34077,33998,40332,25188
2020-10-11T15:00:00Z,110932,101932,63028,59110,9000,34360,34287,41430,26275
2020-10-11T16:00:00Z,106682,98364,59878,57083,8318,32694,32611,39439,24803
2020-10-11T17:00:00Z,102928,95826,59437,57034,7102,31024,30945,36856,23310
2020-10-11T18:00:00Z,106013,94606,60015,55795,11407,30098,30016,38377,24813
2020-10-11T19:00:00Z,93775,86319,52613,49847,7456,28858,28783,35354,22546
2020-10-11T20:00:00Z,87321,80562,49336,46674,6759,27154,27090,32972,21295
2020-10-11T21:00:00Z,81857,75972,47825,45051,5885,25072,25001,30357,19975
2020-10-11T22:00:00Z,79616,72705,47359,45018,6911,22076,21994,27793,17586
2020-10-11T23:00:00Z,73774,67158,44449,41990,6616,19889,19821,24769,15889
2020-10-12T00:00:00Z,78673,68511,43445,40696,10162,21690,21614,28209,17386
2020-10-12T01:00:00Z,84128,74276,46060,41579,9852,25763,25686,32413,19707
2020-10-12T02:00:00Z,90785,81281,48715,45560,9504,28289,28212,33834,19285
2020-10-12T03:00:00Z,92704,83342,50587,47060,9362,28068,27997,34357,19869
2020-10-12T04:00:00Z,87930,75459,47691,44601,12471,23976,23894,30022,17631
2020-10-12T05:00:00Z,111900,80867,48271,44674,31033,26705,26609,34506,18808
2020-10-12T06:00:00Z,136421,100585,57230,52527,35836,34293,34189,44820,24014
2020-10-12T07:00:00Z,136495,114023,62228,57903,22472,39491,39380,46152,25471
2020-10-12T08:00:00Z,137330,123266,64999,60747,14064,43174,43059,48758,27913
2020-10-12T09:00:00Z,138602,126725,67980,63771,11877,43757,43645,49844,29321
2020-10-12T10:00:00Z,130285,116508,65226,61298,13777,39814,39705,45819,27480
2020-10-12T11:00:00Z,134989,122782,65414,61792,12207,39631,39513,45265,26823
2020-10-12T12:00:00Z,139736,128053,68478,63490,11683,43400,43279,50541,30947
2020-10-12T13:00:00Z,153712,140763,73332,69538,12949,47395,47269,54032,32564
2020-10-12T14:00:00Z,156060,145477,78712,74868,10583,50403,50271,56786,35042
2020-10-12T15:00:00Z,154536,143346,78541,74052,11190,49248,49128,55546,35061
2020-10-12T16:00:00Z,145792,135130,74567,70827,10662,45226,45094,51510,32249
2020-10-12T17:00:00Z,155773,140716,85703,81769,15057,41399,41266,52210,32749
2020-10-12T18:00:00Z,149435,130061,77913,73058,19374,40166,40043,52278,32965
2020-10-12T19:00:00Z,149429,130713,79588,76028,18716,38581,38459,49442,31207
2020-10-12T20:00:00Z,146216,126584,78381,74744,19632,36757,36637,47454,29877
2020-10-12T21:00:00Z,144985,127451,84573,80862,17534,32843,32725,43794,27667
2020-10-12T22:00:00Z,150188,133345,95676,92852,16843,28394,28287,39087,24259
2020-10-12T23:00:00Z,132536,114480,80988,78305,18056,25307,25199,36225,21993
2020-10-13T00:00:00Z,98643,83312,50425,47160,15331,26130,26042,34528,20790
2020-10-13T01:00:00Z,101862,85171,51464,46990,16691,29195,29111,38396,22082
2020-10-13T02:00:00Z,106573,90947,52948,49852,15626,31722,31628,39335,21360
2020-10-13T03:00:00Z,108423,93336,54922,51487,15087,30553,30473,38684,21463
2020-10-13T04:00:00Z,122511,104487,75296,72168,18024,25477,25394,36717,21710
2020-10-13T05:00:00Z,130924,113443,79628,76452,17481,27981,27888,37772,22447
2020-10-13T06:00:00Z,171080,137439,93116,88343,33641,35025,34910,51632,27566
2020-10-13T07:00:00Z,139726,121016,66281,62864,18710,41310,41185,51074,28421
2020-10-13T08:00:00Z,145772,126696,68128,64387,19076,44968,44843,53219,29272
2020-10-13T09:00:00Z,147297,127092,68401,64316,20205,45010,44887,53815,30591
2020-10-13T10:00:00Z,142015,119503,66647,62858,22512,41026,40914,50798,28395
2020-10-13T11:00:00Z,147984,122991,68231,64603,24993,41044,40926,52224,27972
2020-10-13T12:00:00Z,169109,135334,76525,70644,33775,45313,45193,61653,33857
2020-10-13T13:00:00Z,198013,145099,88357,84800,52914,46136,46014,74054,33800
2020-10-13T14:00:00Z,193613,135034,81144,78181,58579,45757,45619,77245,32846
2020-10-13T15:00:00Z,195996,131463,72401,68794,64533,46778,46648,79129,34485
2020-10-13T16:00:00Z,182724,117651,62237,59457,65073,43123,42995,74557,29585
2020-10-13T17:00:00Z,188503,117935,64958,62079,70568,39991,39871,71596,28364
2020-10-13T18:00:00Z,191131,116929,65646,61549,74202,40064,39936,72478,29624
2020-10-13T19:00:00Z,185782,112160,60633,57712,73622,39038,38905,71103,28018
2020-10-13T20:00:00Z,187591,113398,62224,58872,74193,37601,37484,69447,27748
2020-10-13T21:00:00Z,177259,101631,56138,52801,75628,34018,33899,65645,25690
2020-10-13T22:00:00Z,167627,92668,52623,49781,74959,29642,29538,60710,22467
2020-10-14T00:00:00Z,130917,85472,50098,46963,45445,26542,26448,45412,20983
2020-10-14T01:00:00Z,99058,89146,52517,47979,9912,29469,29375,36316,22488
2020-10-14T02:00:00Z,129171,120608,80958,77917,8563,31987,31892,40328,24395
2020-10-14T03:00:00Z,136810,127486,90952,87271,9324,30407,30325,39113,24572
2020-10-14T04:00:00Z,92770,82138,49931,46988,10632,25505,25422,31265,19062
2020-10-14T05:00:00Z,100730,85661,51324,48320,15069,27282,27191,34347,19627
2020-10-14T06:00:00Z,124002,103962,60377,55602,20040,34757,34654,43778,25407
2020-10-14T07:00:00Z,126020,116285,63353,60097,9735,40195,40076,45671,26163
2020-10-14T08:00:00Z,138008,126780,68623,64933,11228,43882,43772,49757,29056
2020-10-14T09:00:00Z,137585,127617,70639,66579,9968,44192,44084,49973,30333
2020-10-14T10:00:00Z,130730,120880,68055,64735,9850,40526,40419,46375,28324
2020-10-14T11:00:00Z,130659,120180,67129,63784,10479,40220,40098,46105,27872
2020-10-14T12:00:00Z,145709,133745,75424,70556,11964,45044,44909,52177,32346
2020-10-14T13:00:00Z,150628,140138,76392,72730,10490,49116,48966,54719,33637
2020-10-14T14:00:00Z,145453,135985,74652,71211,9468,49598,49457,55391,34124
2020-10-14T15:00:00Z,146422,136765,76613,72731,9657,48341,48209,54878,34529
2020-10-14T16:00:00Z,120583,112356,62282,59513,8227,41533,41408,47400,29319
2020-10-14T17:00:00Z,139268,130128,72709,69582,9140,43320,43192,49545,30880
2020-10-14T18:00:00Z,135993,124827,71439,67030,11166,41639,41509,48631,31412
2020-10-14T19:00:00Z,131432,121003,67705,64308,10429,40100,39971,46341,29346
2020-10-14T20:00:00Z,130616,117955,65615,61945,12661,38237,38110,45382,28494
2020-10-14T21:00:00Z,118853,105798,61768,57623,13055,34081,33963,41338,26383
2020-10-14T22:00:00Z,105843,94467,58097,54335,11376,29173,29050,35218,22495
2020-10-14T23:00:00Z,96757,87232,54141,51096,9525,26183,26081,31714,19840
2020-10-15T00:00:00Z,93124,82856,51474,48103,10268,26457,26360,33265,21250
2020-10-15T01:00:00Z,94975,84601,52429,47712,10374,29390,29300,36375,22530
2020-10-15T02:00:00Z,99438,90666,55710,52459,8772,31202,31115,36731,21619
2020-10-15T03:00:00Z,99892,90788,56277,52777,9104,30277,30188,36404,21658
2020-10-15T04:00:00Z,93627,83520,53227,50202,10107,25744,25661,31747,19353
2020-10-15T05:00:00Z,99833,84324,52375,49413,15509,27555,27458,34000,19308
2020-10-15T06:00:00Z,131447,110725,68165,63470,20722,34632,34533,46819,27459
2020-10-15T07:00:00Z,127391,116576,63396,60193,10815,40579,40465,46716,26760
2020-10-15T08:00:00Z,137119,126370,68393,64831,10749,44405,44288,50055,28822
2020-10-15T09:00:00Z,140510,129807,71724,67797,10703,44834,44709,51717,30420
2020-10-15T10:00:00Z,131611,120739,68084,64625,10872,40854,40733,46950,28432
2020-10-15T11:00:00Z,130661,120745,68032,64719,9916,40235,40112,46343,27812
2020-10-15T12:00:00Z,146298,134978,76558,71887,11320,44679,44566,51966,32044
2020-10-15T13:00:00Z,155551,145024,79712,76021,10527,49011,48874,55210,33688
2020-10-15T14:00:00Z,156021,144925,79511,75629,11096,50788,50659,56896,35367
2020-10-15T15:00:00Z,146293,135597,76060,72176,10696,48610,48481,54741,34226
2020-10-15T16:00:00Z,137177,127228,70151,67175,9949,44983,44858,50309,31196
2020-10-15T17:00:00Z,143383,132404,74530,71337,10979,43412,43283,49501,30642
2020-10-15T18:00:00Z,137981,126555,72340,68023,11426,41597,41457,48872,30964
2020-10-15T19:00:00Z,128189,117035,67219,63689,11154,39549,39420,45291,29103
2020-10-15T20:00:00Z,123962,113158,64496,61135,10804,38215,38085,44040,28241
2020-10-15T21:00:00Z,113776,104348,61421,57643,9428,33718,33585,39456,25729
2020-10-15T22:00:00Z,102421,93250,57217,53889,9171,28910,28798,34528,22346
2020-10-15T23:00:00Z,93014,84288,53248,50238,8726,25695,25588,31166,20103
2020-10-16T00:00:00Z,95624,82622,53443,49673,13002,25641,25538,32998,21339
2020-10-16T01:00:00Z,93677,83127,52830,48134,10550,28570,28476,35598,22078
2020-10-16T02:00:00Z,99554,90667,53641,50470,8887,30746,30657,36314,21152
2020-10-16T03:00:00Z,98366,88586,55025,51497,9780,29604,29507,35925,21499
2020-10-16T04:00:00Z,69921,61679,39642,37319,8242,19954,19884,25127,15625
2020-10-16T05:00:00Z,95286,81496,50432,47508,13790,27125,27043,33036,18630
2020-10-16T06:00:00Z,120353,99618,59650,54557,20735,33713,33612,42955,24835
2020-10-16T07:00:00Z,121541,110719,61911,58516,10822,38600,38488,44396,25669
2020-10-16T08:00:00Z,129733,119050,65330,61693,10683,42131,42015,47629,27962
2020-10-16T09:00:00Z,132382,121824,67443,63436,10558,43143,43017,49469,29464
2020-10-16T10:00:00Z,124733,113968,65167,61623,10765,39115,39007,44822,27201
2020-10-16T11:00:00Z,122612,112835,64108,60810,9777,37495,37387,43488,26008
2020-10-16T12:00:00Z,132667,121591,68125,63845,11076,40968,40858,48199,29733
2020-10-16T13:00:00Z,142020,129035,71449,67619,12985,44781,44657,51015,31170
2020-10-16T14:00:00Z,148124,135666,75509,71166,12458,47449,47317,53726,33430
2020-10-16T15:00:00Z,149934,136280,77014,72442,13654,46745,46619,53700,33822
2020-10-16T16:00:00Z,148824,135685,78758,74713,13139,42434,42306,51843,33662
2020-10-16T17:00:00Z,159170,146751,93544,89818,12419,39478,39360,49201,31754
2020-10-16T18:00:00Z,131044,117475,67461,62603,13569,37691,37562,45661,29189
2020-10-16T19:00:00Z,131493,107486,62020,58089,24007,35306,35178,47042,26796
2020-10-16T20:00:00Z,112483,101417,58900,55388,11066,33090,32968,40030,25698
2020-10-16T21:00:00Z,80094,71086,41713,38391,9008,26015,25907,31717,19952
2020-10-16T22:00:00Z,88677,78381,48053,44545,10296,25082,24987,30863,19820
2020-10-16T23:00:00Z,80163,70095,43971,40884,10068,21652,21560,27246,17228
2020-10-17T00:00:00Z,70220,61221,39179,36173,8999,19909,19827,25661,16367
2020-10-17T01:00:00Z,69737,57072,37590,32781,12665,19172,19091,26313,16896
2020-10-17T02:00:00Z,80624,71754,49869,46827,8870,19822,19741,27840,17814
2020-10-17T03:00:00Z,69747,61011,40032,36589,8736,19922,19858,25497,15834
2020-10-17T04:00:00Z,67916,60290,39433,36563,7626,18991,18922,23899,14860
2020-10-17T05:00:00Z,68174,61622,39533,36761,6552,19205,19137,24500,14759
2020-10-17T06:00:00Z,74806,66433,42940,38540,8373,21129,21063,28201,17327
2020-10-17T07:00:00Z,78597,70875,43706,40513,7722,23140,23062,29114,17187
2020-10-17T08:00:00Z,81249,72490,44296,40934,8759,24409,24332,30736,18262
2020-10-17T09:00:00Z,87415,77400,47013,43337,10015,25424,25345,32615,19551
2020-10-17T10:00:00Z,84196,76523,46907,43894,7673,25160,25078,31125,18746
2020-10-17T11:00:00Z,83759,76053,46045,43092,7706,25095,25013,30790,18653
2020-10-17T12:00:00Z,89974,80550,50145,45790,9424,27094,27012,34313,21555
2020-10-17T13:00:00Z,94459,87016,51848,48866,7443,29736,29661,35587,21744
2020-10-17T14:00:00Z,100796,93359,55770,52963,7437,32147,32062,38159,23753
2020-10-17T15:00:00Z,106282,97190,57986,54645,9092,33008,32930,39863,24813
2020-10-17T16:00:00Z,104735,95555,57517,54955,9180,31933,31852,38145,23807
2020-10-17T17:00:00Z,101751,93105,56423,53854,8646,30243,30174,36271,22658
2020-10-17T18:00:00Z,98741,89957,56109,52337,8784,29092,29010,35838,23203
2020-10-17T19:00:00Z,90180,82853,51005,48870,7327,27285,27206,32942,20545
2020-10-17T20:00:00Z,86431,78486,49641,47441,7945,25721,25641,30800,19804
2020-10-17T21:00:00Z,76521,69527,43845,41174,6994,23438,23365,28459,18598
2020-10-17T22:00:00Z,70347,63678,39943,37834,6669,20804,20725,25006,16287
2020-10-17T23:00:00Z,64076,58425,37730,35798,5651,18213,18155,22420,14472
2020-10-18T00:00:00Z,63814,56772,36971,34409,7042,17878,17818,23512,15482
2020-10-18T01:00:00Z,63434,55268,37522,33522,8166,17978,17917,24177,15980
2020-10-18T02:00:00Z,63470,58118,37032,34539,5352,19212,19157,23864,14726
2020-10-18T03:00:00Z,63463,57778,38310,35358,5685,19360,19309,24221,15424
2020-10-18T04:00:00Z,61800,56826,36522,33940,4974,18728,18675,23225,14773
2020-10-18T05:00:00Z,68406,61060,39759,37164,7346,19066,19000,23477,14607
2020-10-18T06:00:00Z,74505,67327,43588,39489,7178,21191,21118,27860,17671
2020-10-18T07:00:00Z,75842,69832,43061,40419,6010,22836,22770,27914,16874
2020-10-18T08:00:00Z,83778,76924,46803,43954,6854,24682,24626,30159,18376
2020-10-18T09:00:00Z,82945,76189,46565,43263,6756,25964,25889,31301,19431
2020-10-18T10:00:00Z,81924,75336,45920,42972,6588,25872,25802,31263,19384
2020-10-18T11:00:00Z,84697,78843,47610,44837,5854,27180,27120,32431,20015
2020-10-18T12:00:00Z,92565,84716,51205,46982,7849,29213,29146,36402,23075
2020-10-18T13:00:00Z,97750,91486,54636,51815,6264,32244,32173,38372,23423
2020-10-18T14:00:00Z,107125,99687,61258,58208,7438,34690,34608,40823,25865
2020-10-18T15:00:00Z,108171,100161,61247,57784,8010,35652,35572,42265,27002
2020-10-18T16:00:00Z,105986,98691,59065,56472,7295,33719,33638,40417,25430
2020-10-18T17:00:00Z,132517,125055,87632,85034,7462,32098,32007,40482,26934
2020-10-18T18:00:00Z,133067,124291,90258,86214,8776,30916,30830,40457,27646
2020-10-18T19:00:00Z,95044,88639,54283,51998,6405,29649,29571,35079,22657
2020-10-18T20:00:00Z,91283,84888,52640,50193,6395,28268,28199,33192,21662
2020-10-18T21:00:00Z,84939,78572,48252,45417,6367,25960,25884,31429,20502
2020-10-18T22:00:00Z,75263,69607,43352,41191,5656,23189,23114,27930,18218
2020-10-18T23:00:00Z,68861,63982,40116,38055,4879,20805,20732,25402,16307
2020-10-19T00:00:00Z,74171,65321,40419,37526,8850,22420,22336,28947,18296
2020-10-19T01:00:00Z,81883,71899,44864,40412,9984,26750,26671,33728,20717
2020-10-19T02:00:00Z,114484,106178,73013,69757,8306,29089,29004,36530,22439
2020-10-19T03:00:00Z,118928,110396,77669,74186,8532,28755,28683,37251,23188
2020-10-19T04:00:00Z,110722,100401,72470,69412,10321,24582,24497,33087,20793
2020-10-19T05:00:00Z,134533,107105,72470,69165,27428,27130,27041,37492,21807
2020-10-19T06:00:00Z,132777,101687,58605,53818,31090,34822,34724,44819,24601
2020-10-19T07:00:00Z,142140,118429,65054,60262,23711,40687,40565,48372,26433
2020-10-19T08:00:00Z,140408,127014,66790,62638,13394,44101,43973,50321,28701
2020-10-19T09:00:00Z,140618,129854,70102,65894,10764,44962,44849,51258,30131
2020-10-19T10:00:00Z,133394,120824,66111,62142,12570,41206,41091,47829,28391
2020-10-19T11:00:00Z,135103,122340,68295,64648,12763,41779,41668,47370,28155
2020-10-19T12:00:00Z,146918,133211,74647,69249,13707,45865,45734,54099,33012
2020-10-19T13:00:00Z,159628,145119,78826,74738,14509,50858,50721,57704,34762
2020-10-19T14:00:00Z,165615,152016,83003,78514,13599,53300,53152,60834,37166
2020-10-19T15:00:00Z,165659,152048,84801,79817,13611,51633,51502,59804,37781
2020-10-19T16:00:00Z,159323,146030,80452,76352,13293,47330,47185,56203,35764
2020-10-19T17:00:00Z,147513,134199,76040,71621,13314,44306,44166,50666,31653
2020-10-19T18:00:00Z,144376,131237,75100,69995,13139,42728,42611,50462,32324
2020-10-19T19:00:00Z,136914,124412,71466,67400,12502,40808,40678,47295,30278
2020-10-19T20:00:00Z,134604,121010,70383,66624,13594,39611,39483,45648,28892
2020-10-19T21:00:00Z,128040,110222,64820,60461,17818,35099,34967,43820,26511
2020-10-19T22:00:00Z,112898,97891,58140,54718,15007,30336,30218,38351,23202
2020-10-19T23:00:00Z,102231,82213,48098,44990,20018,26567,26446,36574,20211
2020-10-20T00:00:00Z,104689,79883,47567,44309,24806,27032,26929,40942,21633
2020-10-20T01:00:00Z,103519,83933,49344,44675,19586,30667,30559,42638,23263
2020-10-20T02:00:00Z,129081,108641,70069,66749,20440,32201,32098,45946,24721
2020-10-20T03:00:00Z,128219,109229,74082,70384,18990,31041,30951,44339,25145
2020-10-20T04:00:00Z,124205,105440,74931,71654,18765,26071,25973,38827,22422
2020-10-20T05:00:00Z,132715,105159,69922,66120,27556,28376,28265,40394,23164
2020-10-20T06:00:00Z,125465,102044,57643,52352,23421,36053,35938,47556,26081
2020-10-20T07:00:00Z,143541,115589,62036,57702,27952,41474,41361,54106,27545
2020-10-20T08:00:00Z,150931,126498,65931,61485,24433,45060,44931,56309,29955
2020-10-20T09:00:00Z,147247,124544,65449,60840,22703,45789,45666,56579,31118
2020-10-20T10:00:00Z,140220,118061,64210,60293,22159,41573,41464,53003,29496
2020-10-20T11:00:00Z,160824,142667,88829,85316,18157,41355,41240,53395,31178
2020-10-20T12:00:00Z,166996,144519,86606,80945,22477,46144,46004,61041,35882
2020-10-20T13:00:00Z,157896,143715,76912,72843,14181,51099,50955,57581,34654
2020-10-20T14:00:00Z,164196,149947,81249,76917,14249,53432,53283,60399,36995
2020-10-20T15:00:00Z,160902,146002,78772,74092,14900,51914,51766,59695,37063
2020-10-20T16:00:00Z,166401,155416,93469,89934,10985,47397,47251,56877,36299
2020-10-20T17:00:00Z,166274,153970,96585,93071,12304,44019,43884,53067,33729
2020-10-20T18:00:00Z,142142,129575,73887,69594,12567,42532,42393,51810,33560
2020-10-20T19:00:00Z,132186,120418,68282,64629,11768,40515,40378,47319,29654
2020-10-20T20:00:00Z,130192,116954,66928,63371,13238,39056,38926,46547,29165
2020-10-20T21:00:00Z,120384,108680,63658,59260,11704,35348,35232,41840,27321
2020-10-20T22:00:00Z,111530,100148,59268,55517,11382,30049,29927,35775,23102
2020-10-20T23:00:00Z,95141,84573,51622,48602,10568,26823,26725,32312,20438
2020-10-21T00:00:00Z,92200,81418,49699,46366,10782,27364,27264,33830,21476
2020-10-21T01:00:00Z,101080,89406,56136,51325,11674,30441,30334,39704,25552
2020-10-21T02:00:00Z,98306,87374,49436,46071,10932,32301,32210,38242,22016
2020-10-21T03:00:00Z,94860,84423,49882,46275,10437,30911,30817,37138,22042
2020-10-21T04:00:00Z,88824,78482,45317,42225,10342,25960,25868,32477,19342
2020-10-21T05:00:00Z,102189,83278,48550,45342,18911,27907,27802,35712,19777
2020-10-21T06:00:00Z,123617,102657,57835,52742,20960,35576,35462,44720,25273
2020-10-21T07:00:00Z,129165,116802,61201,57722,12363,41168,41056,48171,26629
2020-10-21T08:00:00Z,139057,126369,67543,63509,12688,44591,44465,50965,29449
2020-10-21T09:00:00Z,139037,126675,68899,64491,12362,45430,45313,51922,30898
2020-10-21T10:00:00Z,129802,117318,65620,61739,12484,41825,41709,47556,28589
2020-10-21T11:00:00Z,129865,118322,64966,61384,11543,41340,41219,47248,28254
2020-10-21T12:00:00Z,142900,130894,73122,68249,12006,45972,45843,53086,32722
2020-10-21T13:00:00Z,154623,143560,78451,74786,11063,50743,50607,56737,34367
2020-10-21T14:00:00Z,161107,150192,81451,77522,10915,53686,53540,59516,36912
2020-10-21T15:00:00Z,157132,146577,80460,76196,10555,51854,51725,58363,36703
2020-10-21T16:00:00Z,149811,138092,76351,72856,11719,47463,47341,54343,33504
2020-10-21T17:00:00Z,146370,134616,75190,71552,11754,44069,43937,51413,31511
2020-10-21T18:00:00Z,140767,127338,73944,68713,13429,42028,41901,49723,31687
2020-10-21T19:00:00Z,132688,121078,69957,66206,11610,39825,39702,46594,29610
2020-10-21T20:00:00Z,131980,121107,69075,65866,10873,38969,38847,45491,28862
2020-10-21T21:00:00Z,120807,108936,64479,60240,11871,34981,34873,41704,26716
2020-10-21T22:00:00Z,106045,96165,57789,54569,9880,29875,29756,35550,22791
2020-10-21T23:00:00Z,92997,84313,52698,49498,8684,26009,25901,31242,19988
2020-10-22T00:00:00Z,86348,76757,46780,43440,9591,26384,26272,33005,21038
2020-10-22T01:00:00Z,90682,80188,47667,42854,10494,29663,29567,37263,23160
2020-10-22T02:00:00Z,92698,83965,47551,44339,8733,31581,31480,37603,21796
2020-10-22T03:00:00Z,93940,84082,49198,45501,9858,30494,30405,37460,22007
2020-10-22T04:00:00Z,86202,74415,44912,41570,11787,26063,25966,32711,19715
2020-10-22T05:00:00Z,102800,84701,49404,46106,18099,28098,28001,36076,20085
2020-10-22T06:00:00Z,118529,99135,57858,52662,19394,35147,35033,43693,25250
2020-10-22T07:00:00Z,126309,115528,60938,57252,10781,40704,40581,47046,26505
2020-10-22T08:00:00Z,135557,124176,66393,62488,11381,44517,44380,50721,29188
2020-10-22T09:00:00Z,133100,122567,65114,61067,10533,45086,44954,50705,30327
2020-10-22T10:00:00Z,127574,116234,65223,61517,11340,41305,41185,46720,28371
2020-10-22T11:00:00Z,127649,117165,64581,60890,10484,40912,40794,46564,28102
2020-10-22T12:00:00Z,140783,127865,69836,64444,12918,45451,45323,53342,32811
2020-10-22T13:00:00Z,148373,136853,72094,68537,11520,50025,49884,55730,33671
2020-10-22T14:00:00Z,161160,150818,77996,74311,10342,52948,52811,59457,36572
2020-10-22T15:00:00Z,156326,145473,77424,73433,10853,51559,51431,58073,36665
2020-10-22T16:00:00Z,143908,134408,73240,70307,9500,46702,46572,52009,32669
2020-10-22T17:00:00Z,141508,131003,71623,68347,10505,43227,43092,50286,31076
2020-10-22T18:00:00Z,136312,123728,69897,65253,12584,41298,41160,48791,31432
2020-10-22T19:00:00Z,129382,118092,67330,64128,11290,39675,39529,45215,28905
2020-10-22T20:00:00Z,125038,114124,65187,61907,10914,38189,38064,43495,27986
2020-10-22T21:00:00Z,116617,106049,60959,57310,10568,34200,34069,40356,25954
2020-10-22T22:00:00Z,99973,91484,54660,51783,8489,28843,28730,33995,22019
2020-10-22T23:00:00Z,88643,80543,49169,46482,8100,25671,25573,30733,19701
2020-10-23T00:00:00Z,88958,79481,49604,46467,9477,26209,26115,32637,20953
2020-10-23T01:00:00Z,88062,78187,47927,43460,9875,27883,27799,35362,22348
2020-10-23T02:00:00Z,90621,81886,47443,44244,8735,29982,29900,35626,21053
2020-10-23T03:00:00Z,91114,82305,49045,45460,8809,29104,29008,34758,20707
2020-10-23T04:00:00Z,79020,68977,42916,39905,10043,23822,23743,29644,18331
2020-10-23T05:00:00Z,90593,76104,45696,42564,14489,25947,25855,32911,18783
2020-10-23T06:00:00Z,110041,94457,55547,50626,15584,32864,32757,40881,24241
2020-10-23T07:00:00Z,118535,108997,61103,57748,9538,38259,38145,43467,25197
2020-10-23T08:00:00Z,129055,119074,65073,61576,9981,41774,41661,46977,27691
2020-10-23T09:00:00Z,133374,120897,67615,63142,12477,43124,42992,49895,30207
2020-10-23T10:00:00Z,126109,115131,63989,60038,10978,39006,38886,45374,27986
2020-10-23T11:00:00Z,118671,107064,61349,57482,11607,37605,37481,43651,26862
2020-10-23T12:00:00Z,134769,123491,70243,65738,11278,41391,41254,49560,30430
2020-10-23T13:00:00Z,144104,131445,72586,68746,12659,45625,45498,51870,31492
2020-10-23T14:00:00Z,146654,135494,74433,70661,11160,47936,47788,53795,33522
2020-10-23T15:00:00Z,140388,127759,71049,66795,12629,45842,45694,52667,32822
2020-10-23T16:00:00Z,131212,119093,65500,61989,12119,42486,42353,48897,30532
2020-10-23T17:00:00Z,128846,116742,66222,62562,12104,39123,38990,45340,28406
2020-10-23T18:00:00Z,123598,111320,64114,59539,12278,37239,37101,44293,28287
2020-10-23T19:00:00Z,115474,105318,60844,57520,10156,34807,34688,40131,25500
2020-10-23T20:00:00Z,109919,100025,58016,54857,9894,32821,32705,38550,24341
2020-10-23T21:00:00Z,104585,94568,56377,52985,10017,30159,30045,35969,22898
2020-10-23T22:00:00Z,88584,80751,48654,46219,7833,25627,25524,30160,19385
2020-10-23T23:00:00Z,79596,71415,45025,42564,8181,22058,21959,26697,17055
2020-10-24T00:00:00Z,75238,65856,43359,40415,9382,20154,20068,26091,16854
2020-10-24T01:00:00Z,72659,61645,40708,36096,11014,19910,19825,26788,17376
2020-10-24T02:00:00Z,71422,61991,39374,36260,9431,20268,20194,26224,15616
2020-10-24T03:00:00Z,69358,59395,38978,34846,9963,20104,20029,26646,16486
2020-10-24T04:00:00Z,66097,58257,37792,34426,7840,18906,18833,24164,15300
2020-10-24T05:00:00Z,65636,58228,37440,34568,7408,18830,18755,23566,14309
2020-10-24T06:00:00Z,72914,63633,41402,37144,9281,20819,20742,27494,17211
2020-10-24T07:00:00Z,77849,69848,43225,40389,8001,22249,22178,27974,16189
2020-10-24T08:00:00Z,82206,73124,45593,42483,9082,24048,23975,29569,17719
2020-10-24T09:00:00Z,82167,73607,45081,41768,8560,24934,24862,31172,18614
2020-10-24T10:00:00Z,84642,76581,47285,44420,8061,24823,24745,30278,18627
2020-10-24T11:00:00Z,84319,76337,47025,44051,7982,25115,25037,30415,18480
2020-10-24T12:00:00Z,89335,80429,50295,46050,8906,27405,27336,34492,21678
2020-10-24T13:00:00Z,96667,88794,55227,52168,7873,29833,29754,35268,21865
2020-10-24T14:00:00Z,98320,90802,56058,52970,7518,31956,31871,37207,23444
2020-10-24T15:00:00Z,101805,93075,57884,54348,8730,32002,31937,38109,24072
2020-10-24T16:00:00Z,97558,88558,52958,50329,9000,31064,30981,36873,23221
2020-10-24T17:00:00Z,93397,85172,51895,49393,8225,29740,29660,35075,22098
2020-10-24T18:00:00Z,95586,86207,53625,49795,9379,28443,28361,35207,22807
2020-10-24T19:00:00Z,88412,81194,49276,46903,7218,26799,26718,32050,20430
2020-10-24T20:00:00Z,80959,74388,46726,44335,6571,25388,25308,29995,19324
2020-10-24T21:00:00Z,80055,73170,47545,44908,6885,23581,23512,28766,18699
2020-10-24T22:00:00Z,71761,65782,43853,41760,5979,20771,20708,25037,16108
2020-10-24T23:00:00Z,66990,61035,41435,39479,5955,18672,18611,22671,14735
2020-10-25T00:00:00Z,65529,58435,39368,36902,7094,17861,17802,23595,15172
2020-10-25T01:00:00Z,64482,56664,39644,35602,7818,18295,18228,24778,16266
2020-10-25T02:00:00Z,63100,56189,36938,34203,6911,19164,19100,23828,14841
2020-10-25T03:00:00Z,62172,55515,36704,33510,6657,19470,19416,24305,15490
2020-10-25T04:00:00Z,60696,55009,36132,33519,5687,17961,17901,22670,14244
2020-10-25T05:00:00Z,64329,56755,36989,34503,7574,18242,18186,22411,13810
2020-10-25T06:00:00Z,67060,60146,39952,35925,6914,19311,19244,25117,15980
2020-10-25T07:00:00Z,72167,66324,42319,39557,5843,21355,21291,25927,15734
2020-10-25T08:00:00Z,79596,72680,45996,43005,6916,23647,23574,28720,17344
2020-10-25T09:00:00Z,80304,73965,47036,43769,6339,25159,25095,30195,18693
2020-10-25T10:00:00Z,83522,77179,47484,44594,6343,25926,25853,31111,19167
2020-10-25T11:00:00Z,85117,77627,47270,44333,7490,26831,26758,31631,19636
2020-10-25T12:00:00Z,92434,83637,52066,47873,8797,28695,28613,35629,22662
2020-10-25T13:00:00Z,96294,89444,55301,52379,6850,31179,31100,36589,22736
2020-10-25T14:00:00Z,102513,94787,57933,54707,7726,33956,33882,39687,25339
2020-10-25T15:00:00Z,105873,97322,59519,55819,8551,34587,34507,41617,26446
2020-10-25T16:00:00Z,100017,93449,55864,53274,6568,33700,33628,39478,25184
2020-10-25T17:00:00Z,101236,93897,57407,54754,7339,32175,32090,38217,24497
2020-10-25T18:00:00Z,103047,94196,59769,55793,8851,31431,31351,38316,25330
2020-10-25T19:00:00Z,94964,87523,54092,51481,7441,30363,30281,35803,23282
2020-10-25T20:00:00Z,92820,85416,54042,51380,7404,29425,29346,34762,22777
2020-10-25T21:00:00Z,90786,82646,52736,49588,8140,27336,27265,33407,21640
2020-10-25T22:00:00Z,84778,77743,50703,48089,7035,25139,25074,30259,19733
2020-10-25T23:00:00Z,78091,70679,47366,44536,7412,22876,22807,27825,18210
2020-10-26T00:00:00Z,84614,73516,47665,44707,11098,23666,23597,30336,18946
2020-10-26T01:00:00Z,90095,78381,49545,44643,11714,27537,27465,35179,21730
2020-10-26T02:00:00Z,90227,79454,47909,44005,10773,29950,29884,35359,20659
2020-10-26T03:00:00Z,88694,77675,47296,43446,11019,28627,28552,34700,20567
2020-10-26T04:00:00Z,82659,68417,42560,38882,14242,23592,23514,30094,18113
2020-10-26T05:00:00Z,100281,71431,43626,39745,28850,24981,24899,32139,18146
2020-10-26T06:00:00Z,118134,85158,50837,45663,32976,30575,30473,39829,22180
2020-10-26T07:00:00Z,130117,98403,54388,49459,31714,35300,35183,43968,23585
2020-10-26T08:00:00Z,125825,112508,61566,57117,13317,40837,40727,46509,26828
2020-10-26T09:00:00Z,133976,121169,65726,60927,12807,43442,43312,50310,29616
2020-10-26T10:00:00Z,130743,116938,62216,58019,13805,41411,41291,47320,28491
2020-10-26T11:00:00Z,129404,115355,61716,57686,14049,40248,40145,46644,27811
2020-10-26T12:00:00Z,140216,127123,70873,65509,13093,44089,43975,51952,32206
2020-10-26T13:00:00Z,157413,142080,76876,72495,15333,49162,49032,56530,33861
2020-10-26T14:00:00Z,162635,150634,80542,76143,12001,53196,53054,59458,36848
2020-10-26T15:00:00Z,161650,149232,80603,75780,12418,52833,52694,59930,37421
2020-10-26T16:00:00Z,155748,144300,76256,72683,11448,49990,49844,57020,35264
2020-10-26T17:00:00Z,149744,136009,74474,70070,13735,46384,46254,53229,33308
2020-10-26T18:00:00Z,144194,129988,72985,67731,14206,43441,43316,51570,33182
2020-10-26T19:00:00Z,132933,120642,68536,64360,12291,41125,41010,47761,30857
2020-10-26T20:00:00Z,129454,116435,65283,61583,13019,40024,39900,46298,29228
2020-10-26T21:00:00Z,128267,114777,66038,61582,13490,37301,37166,44084,28214
2020-10-26T22:00:00Z,112018,101086,60008,56448,10932,32893,32780,39042,24919
2020-10-26T23:00:00Z,106164,89373,54772,50220,16791,29437,29321,36539,22814
2020-10-27T00:00:00Z,99993,86092,54450,49691,13901,28725,28626,36614,23518
2020-10-27T01:00:00Z,100689,87567,53931,48424,13122,31710,31612,39352,24601
2020-10-27T02:00:00Z,104104,92083,52575,48498,12021,33498,33398,39487,23203
2020-10-27T03:00:00Z,97988,86585,50361,46089,11403,31852,31753,38024,22640
2020-10-27T04:00:00Z,90034,73562,44784,40526,16472,25796,25712,33348,19920
2020-10-27T05:00:00Z,99578,77403,47153,42748,22175,27049,26955,34603,19948
2020-10-27T06:00:00Z,119628,89752,52517,46826,29876,32389,32282,42126,23269
2020-10-27T07:00:00Z,122292,103701,56451,51935,18591,36919,36812,43710,24622
2020-10-27T08:00:00Z,128189,113456,61282,56534,14733,42294,42179,47876,27548
2020-10-27T09:00:00Z,139523,125930,67951,62945,13593,44922,44798,50786,30282
2020-10-27T10:00:00Z,137844,123524,67305,62827,14320,43255,43133,49913,30109
2020-10-27T11:00:00Z,131686,118254,65692,61461,13432,42041,41921,47986,29303
2020-10-27T12:00:00Z,142781,128788,71380,65726,13993,45427,45309,53752,33224
2020-10-27T13:00:00Z,156806,143565,77370,73127,13241,51169,51034,57271,34702
2020-10-27T14:00:00Z,162918,151043,79853,75487,11875,54140,53995,60898,37406
2020-10-27T15:00:00Z,163434,150682,80977,76251,12752,53619,53476,60433,38275
2020-10-27T16:00:00Z,163527,150095,81925,78193,13432,50940,50792,59439,38033
2020-10-27T17:00:00Z,159727,146209,84182,80230,13518,46890,46750,55720,35922
2020-10-27T18:00:00Z,147474,132052,77221,71900,15422,43401,43249,53999,35464
2020-10-27T19:00:00Z,140519,122765,69078,64614,17754,41660,41521,49161,30545
2020-10-27T20:00:00Z,143181,117707,67422,63133,25474,40094,39955,51754,29699
2020-10-27T21:00:00Z,164641,111776,64260,60040,52865,37025,36903,62853,28037
2020-10-27T22:00:00Z,142466,85110,49335,46537,57356,29047,28944,56179,21792
2020-10-27T23:00:00Z,98314,88101,51890,48600,10213,28323,28221,33509,21088
2020-10-28T00:00:00Z,107393,94113,53795,49948,13280,29218,29104,35977,22502
2020-10-28T01:00:00Z,108049,96443,55222,50218,11606,32107,32007,39749,24475
2020-10-28T02:00:00Z,103219,92878,51336,47792,10341,33100,33005,38337,22442
2020-10-28T03:00:00Z,128868,118003,78073,74212,10865,31322,31232,40302,24894
2020-10-28T04:00:00Z,111836,101407,68497,65514,10429,25680,25584,34232,21642
2020-10-28T05:00:00Z,94758,77923,44211,40911,16835,26634,26536,33480,19247
2020-10-28T06:00:00Z,112645,91191,51084,46237,21454,31770,31668,40190,22635
2020-10-28T07:00:00Z,113830,101476,54121,50768,12354,36125,36016,41843,23786
2020-10-28T08:00:00Z,131277,118993,60772,56894,12284,41772,41655,47916,27405
2020-10-28T09:00:00Z,141628,128377,66391,61982,13251,44181,44068,51174,29782
2020-10-28T10:00:00Z,133740,119655,66097,61978,14085,42466,42349,48814,29126
2020-10-28T11:00:00Z,130434,117415,64345,60503,13019,41255,41134,47379,28461
2020-10-28T12:00:00Z,138864,123764,69821,64403,15100,43894,43762,51459,32204
2020-10-28T13:00:00Z,155934,141609,75976,71962,14325,49335,49194,55647,33837
2020-10-28T14:00:00Z,164401,151379,80615,76573,13022,52932,52777,59472,36532
2020-10-28T15:00:00Z,159721,146926,79109,74679,12795,52886,52733,59762,37562
2020-10-28T16:00:00Z,152506,142067,75047,71424,10439,49685,49540,55576,35017
2020-10-28T17:00:00Z,146745,136098,75663,71983,10647,46039,45903,52294,32661
2020-10-28T18:00:00Z,142155,130090,74056,69393,12065,42926,42781,51022,32395
2020-10-28T19:00:00Z,131888,117604,66652,62472,14284,40533,40390,48280,30314
2020-10-28T20:00:00Z,128571,115274,66182,61642,13297,38856,38741,45300,29084
2020-10-28T21:00:00Z,123716,110518,64353,59555,13198,36362,36242,43547,28514
2020-10-28T22:00:00Z,108865,98159,58291,54957,10706,32537,32418,38427,24718
2020-10-28T23:00:00Z,98881,88761,53858,50727,10120,28891,28784,34322,21949
2020-10-29T00:00:00Z,96211,85685,52649,49097,10526,28443,28341,35150,22605
2020-10-29T01:00:00Z,101509,89949,54136,49225,11560,31392,31294,39218,24327
2020-10-29T02:00:00Z,99702,90350,52654,49376,9352,32625,32520,38037,22358
2020-10-29T03:00:00Z,94517,83935,50256,45840,10582,30875,30774,37057,22301
2020-10-29T04:00:00Z,85263,72850,44377,40964,12413,25308,25204,31883,19079
2020-10-29T05:00:00Z,93361,75095,45239,41743,18266,26255,26144,33762,19008
2020-10-29T06:00:00Z,111252,86926,51134,45934,24326,31253,31142,40640,22608
2020-10-29T07:00:00Z,112331,100123,55467,51770,12208,35758,35638,41379,23399
2020-10-29T08:00:00Z,125549,114437,60123,56529,11112,40477,40354,47162,26607
2020-10-29T09:00:00Z,135962,123845,66232,61733,12117,42999,42875,49378,29181
2020-10-29T10:00:00Z,132460,120346,66093,62080,12114,41493,41367,47494,29033
2020-10-29T11:00:00Z,127817,115389,63631,59617,12428,40917,40792,47127,28132
2020-10-29T12:00:00Z,138013,125413,69938,64937,12600,43470,43362,51482,31821
2020-10-29T13:00:00Z,147821,134923,72172,67899,12898,48160,48033,54235,33313
2020-10-29T14:00:00Z,163937,149958,80317,75539,13979,52053,51902,57834,35736
2020-10-29T15:00:00Z,159577,146284,80408,75712,13293,51906,51753,58743,36740
2020-10-29T16:00:00Z,151169,139589,76855,73176,11580,48944,48804,54596,34371
2020-10-29T17:00:00Z,142698,131235,73403,69832,11463,45203,45072,50753,31715
2020-10-29T18:00:00Z,142923,125941,70814,66928,16982,42278,42136,50789,30818
2020-10-29T19:00:00Z,135879,119986,68753,65020,15893,40118,39988,47971,29319
2020-10-29T20:00:00Z,127514,113867,66599,62666,13647,38648,38509,44127,28357
2020-10-29T21:00:00Z,120902,109611,62380,58778,11291,35864,35731,42649,26502
2020-10-29T22:00:00Z,106793,95823,57550,54052,10970,31945,31827,37576,24065
2020-10-29T23:00:00Z,96114,86328,52178,48844,9786,28344,28248,33547,21458
2020-10-30T00:00:00Z,94766,84337,53473,48954,10429,27969,27866,34765,22536
2020-10-30T01:00:00Z,97598,88652,52751,49511,8946,30508,30415,35483,21205
2020-10-30T02:00:00Z,97152,88599,51506,48305,8553,32105,32016,36751,21565
2020-10-30T03:00:00Z,91591,82868,48009,44805,8723,30377,30282,35751,21069
2020-10-30T04:00:00Z,81796,71286,43293,40243,10510,24398,24314,29935,18186
2020-10-30T05:00:00Z,87056,73197,44163,41111,13859,25518,25426,31860,18323
2020-10-30T06:00:00Z,102277,85045,49618,45788,17232,30180,30090,37855,21219
2020-10-30T07:00:00Z,101612,91684,50310,47104,9928,34003,33906,39660,22490
2020-10-30T08:00:00Z,121847,112663,59703,56157,9184,39500,39388,45459,26234
2020-10-30T09:00:00Z,127571,117848,62896,59238,9723,41812,41691,47232,28460
2020-10-30T10:00:00Z,123054,112521,61431,57642,10533,39809,39699,45978,27758
2020-10-30T11:00:00Z,118407,108604,59878,56437,9803,38255,38141,43991,26713
2020-10-30T12:00:00Z,123920,113062,63891,59411,10858,39446,39320,46008,28624
2020-10-30T13:00:00Z,134876,125135,66022,62834,9741,44517,44389,49743,30328
2020-10-30T14:00:00Z,147672,137774,75094,71480,9898,47749,47605,52980,33033
2020-10-30T15:00:00Z,148843,137578,72566,68779,11265,48329,48193,54530,33595
2020-10-30T16:00:00Z,145480,133051,71858,68248,12429,45705,45556,51580,32115
2020-10-30T17:00:00Z,138442,124465,68349,64475,13977,42056,41909,48583,30217
2020-10-30T18:00:00Z,127971,114237,63225,59063,13734,39384,39258,45884,28874
2020-10-30T19:00:00Z,120432,107680,60563,56664,12752,36155,36023,42771,26851
2020-10-30T20:00:00Z,115707,102439,59331,54893,13268,34064,33944,40172,25779
2020-10-30T21:00:00Z,105510,94223,54069,50124,11287,31145,31030,37369,23883
2020-10-30T22:00:00Z,94121,84778,49783,46547,9343,27385,27278,33076,21143
2020-10-30T23:00:00Z,81626,72741,44416,41368,8885,23791,23696,28878,18482
2020-10-31T00:00:00Z,78226,68914,43479,39221,9312,21695,21601,30495,18973
2020-10-31T01:00:00Z,70942,62628,40355,36975,8314,20271,20184,25507,15936
2020-10-31T02:00:00Z,72473,64626,41262,38168,7847,20710,20635,25648,15880
2020-10-31T03:00:00Z,67482,60025,37719,34511,7457,20485,20416,25898,16181
2020-10-31T04:00:00Z,62078,55116,34751,31802,6962,18844,18777,23753,14911
2020-10-31T05:00:00Z,62668,57150,35453,32901,5518,18990,18919,23931,14283
2020-10-31T06:00:00Z,71003,64182,38529,35054,6821,20285,20217,27157,15954
2020-10-31T07:00:00Z,72926,67021,42605,39814,5905,21562,21503,28859,17909
2020-10-31T08:00:00Z,73896,67346,40071,37162,6550,23208,23139,28782,16871
2020-10-31T09:00:00Z,77509,70615,41628,38526,6894,23882,23806,29685,17636
2020-10-31T10:00:00Z,78278,71695,44445,41476,6583,23936,23852,29340,17975
2020-10-31T11:00:00Z,82398,75204,45331,42265,7194,24844,24766,30388,18440
2020-10-31T12:00:00Z,86721,79204,48082,44415,7517,26895,26807,33031,20690
2020-10-31T13:00:00Z,96178,86643,51036,47823,9535,28948,28873,35734,21690
2020-10-31T14:00:00Z,102005,92798,56914,53087,9207,31451,31372,38036,23889
2020-10-31T15:00:00Z,104645,96666,58092,54731,7979,32479,32390,39430,24373
2020-10-31T16:00:00Z,100730,92724,55380,52101,8006,31899,31821,37989,24046
2020-10-31T17:00:00Z,98550,91498,54217,51281,7052,30537,30457,36322,23200
2020-10-31T18:00:00Z,97027,90179,55351,51996,6848,29011,28940,35074,22829
2020-10-31T19:00:00Z,90407,84415,54417,51841,5992,26613,26539,31573,20566
2020-10-31T20:00:00Z,85776,79405,51260,48456,6371,24962,24882,29893,19376
2020-10-31T21:00:00Z,81202,75708,49697,47042,5494,23116,23036,27674,18005
2020-10-31T22:00:00Z,77157,71737,48067,45614,5420,21065,20989,25413,16509
2020-10-31T23:00:00Z,70689,65018,44859,42483,5671,18697,18634,22862,14790
2020-11-01T00:00:00Z,70813,62178,44351,40480,8635,17630,17560,24561,16320
2020-11-01T01:00:00Z,63144,55971,39203,36308,7173,16895,16825,21329,13491
2020-11-01T02:00:00Z,62954,56520,37892,35301,6434,17737,17674,22134,13748
2020-11-01T03:00:00Z,60452,52690,34712,31782,7762,17853,17797,22033,13867
2020-11-01T04:00:00Z,62983,52252,33363,30414,10731,17101,17047,21700,13411
2020-11-01T05:00:00Z,74833,51822,34421,30691,23011,17414,17353,22664,13430
2020-11-01T06:00:00Z,68706,56095,36954,33030,12611,18421,18359,24553,14746
2020-11-01T07:00:00Z,67928,59605,38307,35246,8323,20148,20087,24868,15000
2020-11-01T08:00:00Z,70824,63156,40933,37582,7668,21972,21903,26734,16386
2020-11-01T09:00:00Z,69125,61641,38203,35037,7484,21939,21878,26493,15883
2020-11-01T10:00:00Z,81576,72369,44772,41748,9207,24713,24651,30378,18443
2020-11-01T11:00:00Z,84135,75163,46581,43470,8972,26206,26135,31516,19439
2020-11-01T12:00:00Z,90342,81361,49511,45518,8981,28186,28104,34749,21604
2020-11-01T13:00:00Z,100615,90446,56059,52836,10169,31065,30995,37269,22783
2020-11-01T14:00:00Z,105642,97691,61220,58026,7951,33951,33881,39825,24973
2020-11-01T15:00:00Z,111218,102413,64675,61165,8805,34735,34660,40946,26129
2020-11-01T16:00:00Z,107477,99686,62799,59657,7791,33690,33624,39515,25486
2020-11-01T17:00:00Z,107246,99908,64479,61501,7338,32316,32238,37681,24356
2020-11-01T18:00:00Z,104715,96770,62848,59471,7945,30848,30784,36532,24107
2020-11-01T19:00:00Z,95989,89375,57071,54477,6614,29871,29793,34542,22650
2020-11-01T20:00:00Z,97825,90870,58125,55363,6955,29196,29119,35345,22551
2020-11-01T21:00:00Z,92102,84688,56001,53126,7414,27398,27333,32310,21400
2020-11-01T22:00:00Z,83383,77544,50915,48411,5839,25451,25373,30058,19857
2020-11-01T23:00:00Z,79285,71962,48306,45688,7323,22818,22747,27529,17983
2020-11-02T00:00:00Z,84586,73164,50185,45770,11422,23191,23121,30801,20051
2020-11-02T01:00:00Z,86777,77741,49668,46108,9036,26516,26444,31539,19075
2020-11-02T02:00:00Z,93463,84108,52346,48895,9355,29561,29491,34281,20079
2020-11-02T03:00:00Z,90469,80802,49763,46192,9667,28730,28650,34391,20115
2020-11-02T04:00:00Z,83306,70966,44837,41555,12340,24477,24397,30535,18331
2020-11-02T05:00:00Z,105073,77707,48842,45004,27366,26276,26197,34016,18803
2020-11-02T06:00:00Z,118856,89540,53154,49203,29316,31059,30957,40039,21543
2020-11-02T07:00:00Z,122510,97299,54790,50548,25211,35732,35619,43578,23628
2020-11-02T08:00:00Z,128603,112510,61277,56897,16093,40520,40415,47387,26518
2020-11-02T09:00:00Z,135590,119709,65698,61043,15881,42803,42683,48593,28600
2020-11-02T10:00:00Z,131465,116168,64666,60388,15297,41103,40999,46741,27572
2020-11-02T11:00:00Z,127097,110014,61281,56854,17083,39424,39313,45581,27045
2020-11-02T12:00:00Z,122126,109160,60734,55930,12966,40250,40145,46809,28591
2020-11-02T13:00:00Z,146160,128786,70557,65877,17374,45789,45657,52311,31506
2020-11-02T14:00:00Z,157785,144219,80055,75162,13566,49723,49604,56727,34790
2020-11-02T15:00:00Z,158387,145772,80065,75243,12615,50885,50766,57327,36043
2020-11-02T16:00:00Z,150488,139470,76682,72598,11018,49085,48960,54750,34144
2020-11-02T17:00:00Z,142581,132263,72161,68370,10318,45140,45011,51064,31622
2020-11-02T18:00:00Z,138847,125568,70835,65911,13279,42244,42113,50007,31145
2020-11-02T19:00:00Z,128629,118672,66751,63146,9957,40510,40389,46924,29484
2020-11-02T20:00:00Z,127091,113128,65257,60905,13963,38779,38649,45272,28857
2020-11-02T21:00:00Z,121067,108781,62157,58282,12286,37062,36949,42920,27527
2020-11-02T22:00:00Z,111390,100593,57471,54027,10797,33397,33286,40321,25457
2020-11-02T23:00:00Z,100111,87323,52896,49089,12788,29036,28932,35201,22829
2020-11-03T00:00:00Z,95193,82902,51070,46085,12291,28228,28122,35940,23406
2020-11-03T01:00:00Z,96038,86342,51515,47839,9696,30397,30288,35836,21626
2020-11-03T02:00:00Z,99520,89814,53189,49727,9706,32549,32457,38062,22380
2020-11-03T03:00:00Z,95255,84460,49905,46230,10795,30837,30749,36787,21920
2020-11-03T04:00:00Z,91196,76970,46105,42633,14226,26376,26295,33690,19826
2020-11-03T05:00:00Z,114553,93811,62276,58707,20742,27391,27291,37693,22428
2020-11-03T06:00:00Z,115272,89572,52266,47950,25700,32151,32040,41991,23383
2020-11-03T07:00:00Z,116271,100598,55029,50794,15673,36614,36497,43091,24572
2020-11-03T08:00:00Z,127747,113826,60327,56463,13921,42063,41956,48292,27588
2020-11-03T09:00:00Z,132862,120274,62584,58573,12588,44494,44368,50085,29652
2020-11-03T10:00:00Z,131293,117369,62583,58490,13924,42314,42193,48836,28993
2020-11-03T11:00:00Z,126905,115294,62639,58841,11611,41003,40884,46301,27836
2020-11-03T12:00:00Z,128745,118051,64263,59845,10694,42964,42842,49164,29929
2020-11-03T13:00:00Z,142914,130988,71434,67793,11926,46825,46699,52455,32124
2020-11-03T14:00:00Z,151618,140382,74518,70597,11236,50915,50789,57466,34976
2020-11-03T15:00:00Z,151039,139290,74755,70571,11749,51043,50907,57007,35849
2020-11-03T16:00:00Z,147910,137015,73611,69575,10895,48795,48658,55612,34934
2020-11-03T17:00:00Z,136541,126155,68504,64731,10386,44697,44561,50532,31939
2020-11-03T18:00:00Z,132010,121722,68151,64037,10288,41908,41776,48349,30567
2020-11-03T19:00:00Z,128477,118920,65777,62517,9557,40190,40063,46115,29259
2020-11-03T20:00:00Z,123375,113550,65635,62336,9825,38519,38387,43774,28251
2020-11-03T21:00:00Z,120014,109356,62443,58870,10658,36549,36433,42641,27122
2020-11-03T22:00:00Z,108319,98248,57090,53699,10071,33241,33125,38321,24882
2020-11-03T23:00:00Z,97336,88680,53004,49786,8656,29071,28971,33943,22108
2020-11-04T00:00:00Z,88528,78715,48056,43800,9813,27536,27429,34769,22606
2020-11-04T01:00:00Z,89941,82532,49317,45938,7409,29044,28938,33675,20355
2020-11-04T02:00:00Z,91015,83719,49550,46576,7296,30010,29926,34901,20293
2020-11-04T03:00:00Z,90437,82909,47362,44242,7528,28577,28488,37208,19906
2020-11-04T04:00:00Z,78539,69517,40880,37854,9022,23255,23172,31841,17322
2020-11-04T05:00:00Z,86890,73689,43504,40454,13201,24833,24745,33462,18145
2020-11-04T06:00:00Z,107187,85145,49800,45406,22042,29757,29657,40985,21285
2020-11-04T07:00:00Z,109893,96028,52246,48400,13865,34472,34374,43166,23031
2020-11-04T08:00:00Z,119761,107628,56890,53264,12133,39223,39111,46899,25592
2020-11-04T09:00:00Z,126415,113951,61220,57258,12464,41989,41863,47068,27780
2020-11-04T10:00:00Z,122729,110428,60555,56914,12301,40226,40104,45610,27340
2020-11-04T11:00:00Z,119381,108362,60340,56712,11019,38909,38785,44013,26410
2020-11-04T12:00:00Z,124678,113086,64229,59508,11592,40446,40331,46818,28896
2020-11-04T13:00:00Z,136183,124844,68945,65429,11339,44509,44383,49874,30476
2020-11-04T14:00:00Z,147314,137617,76709,72893,9697,48923,48779,53472,33279
2020-11-04T15:00:00Z,146596,137325,75188,71618,9271,49224,49087,53866,34107
2020-11-04T16:00:00Z,139644,130024,70687,67416,9620,46589,46454,51526,32683
2020-11-04T17:00:00Z,134325,124112,68515,65193,10213,43175,43032,49128,30597
2020-11-04T18:00:00Z,126903,116856,66459,62459,10047,40279,40161,46096,29516
2020-11-04T19:00:00Z,121434,111672,63832,60319,9762,38026,37892,44011,28078
2020-11-04T20:00:00Z,119472,107814,62920,59278,11658,36745,36609,42384,27368
2020-11-04T21:00:00Z,115408,104558,61244,57644,10850,35118,34990,40834,26336
2020-11-04T22:00:00Z,105038,96565,56889,53923,8473,32073,31958,37067,23882
2020-11-04T23:00:00Z,90570,82639,49255,46715,7931,27847,27734,32416,21018
2020-11-05T00:00:00Z,91326,81789,50649,46969,9537,27854,27744,34241,22253
2020-11-05T01:00:00Z,93460,85728,49679,46865,7732,30207,30101,35028,21039
2020-11-05T02:00:00Z,96338,87956,52120,49364,8382,31674,31568,35997,21380
2020-11-05T03:00:00Z,92095,83771,49730,46890,8324,29998,29906,35188,20761
2020-11-05T04:00:00Z,81811,71152,43226,40509,10659,25430,25342,30651,18805
2020-11-05T05:00:00Z,89892,73997,43731,40836,15895,26382,26278,33387,18717
2020-11-05T06:00:00Z,104273,85164,50151,46251,19109,31258,31168,38500,21672
2020-11-05T07:00:00Z,111167,99324,56022,52679,11843,35778,35680,41278,23577
2020-11-05T08:00:00Z,125161,113679,61871,58411,11482,41369,41251,47309,26974
2020-11-05T09:00:00Z,129527,118618,62854,59326,10909,43863,43733,49572,29098
2020-11-05T10:00:00Z,127128,115716,63306,60040,11412,41485,41349,46925,28232
2020-11-05T11:00:00Z,124868,114631,61934,58811,10237,40406,40291,46444,27645
2020-11-05T12:00:00Z,128667,119028,65996,62169,9639,42257,42138,48676,29490
2020-11-05T13:00:00Z,140044,129550,71865,68584,10494,45990,45859,52027,31357
2020-11-05T14:00:00Z,146629,137316,74323,70953,9313,49708,49567,56004,34268
2020-11-05T15:00:00Z,146767,136627,74167,70496,10140,50130,49987,56211,34902
2020-11-05T16:00:00Z,139057,130036,71079,67887,9021,47585,47437,53198,33352
2020-11-05T17:00:00Z,133661,124390,68154,64918,9271,43766,43629,49409,30874
2020-11-05T18:00:00Z,124428,114377,64318,60423,10051,40905,40778,46942,29935
2020-11-05T19:00:00Z,121810,111326,62696,58865,10484,39293,39158,45334,29056
2020-11-05T20:00:00Z,119082,108747,62147,58618,10335,37892,37769,43023,27947
2020-11-05T21:00:00Z,117484,107442,61021,57601,10042,35975,35855,41218,26779
2020-11-05T22:00:00Z,108711,99764,58052,55169,8947,32646,32512,37040,24144
2020-11-05T23:00:00Z,94266,86658,50587,47882,7608,28792,28668,32907,21481
2020-11-06T00:00:00Z,93622,84339,51659,47689,9283,28355,28253,34754,22773
2020-11-06T01:00:00Z,96315,88330,51365,48135,7985,30671,30565,34928,21238
2020-11-06T02:00:00Z,96034,88748,51812,49042,7286,32284,32192,36317,21340
2020-11-06T03:00:00Z,93740,85898,50496,47529,7842,30590,30499,35525,21299
2020-11-06T04:00:00Z,85618,76203,46611,43941,9415,25119,25042,31369,18816
2020-11-06T05:00:00Z,90431,77084,47336,44605,13347,26325,26229,31933,18772
2020-11-06T06:00:00Z,104850,87148,51061,47396,17702,31007,30902,38210,21711
2020-11-06T07:00:00Z,107869,97319,53685,50571,10550,34817,34710,40790,23221
2020-11-06T08:00:00Z,119595,108637,57929,54497,10958,39882,39764,45519,25959
2020-11-06T09:00:00Z,131160,120397,67699,63895,10763,42144,42019,47857,28314
2020-11-06T10:00:00Z,122143,111329,61449,58176,10814,39945,39834,44984,27631
2020-11-06T11:00:00Z,122447,112622,64156,61116,9825,37551,37438,43629,25810
2020-11-06T12:00:00Z,124460,114214,67200,63434,10246,38625,38511,44504,27867
2020-11-06T13:00:00Z,127370,118524,66646,63615,8846,41951,41825,46432,28524
2020-11-06T14:00:00Z,135766,127565,68877,65802,8201,45169,45042,50046,30977
2020-11-06T15:00:00Z,140160,130039,72403,69049,10121,45919,45781,50885,31882
2020-11-06T16:00:00Z,133843,124323,68051,64937,9520,44236,44094,48937,30697
2020-11-06T17:00:00Z,123834,114654,64404,61068,9180,40204,40076,44980,28517
2020-11-06T18:00:00Z,117855,108732,60788,57043,9123,37965,37823,43839,27902
2020-11-06T19:00:00Z,111935,103816,59056,56168,8119,35239,35117,40083,25625
2020-11-06T20:00:00Z,105689,96385,57463,54076,9304,33232,33125,37637,24181
2020-11-06T21:00:00Z,102663,93777,56019,52784,8886,31480,31368,36093,23454
2020-11-06T22:00:00Z,92644,84057,50408,47443,8587,28257,28157,32435,21092
2020-11-06T23:00:00Z,82271,74229,44961,42207,8042,24455,24358,29500,18859
2020-11-07T00:00:00Z,77861,68727,44261,40381,9134,22116,22028,28794,18913
2020-11-07T01:00:00Z,70676,63733,40536,37537,6943,21349,21261,25856,16237
2020-11-07T02:00:00Z,75406,63039,40798,37395,12367,21540,21463,28179,16556
2020-11-07T03:00:00Z,69554,61391,40892,37204,8163,20603,20533,26342,16639
2020-11-07T04:00:00Z,65431,59201,38704,36062,6230,19391,19326,23965,15286
2020-11-07T05:00:00Z,63120,57216,36785,34456,5904,18977,18915,23378,14377
2020-11-07T06:00:00Z,65705,59338,38078,35006,6367,20298,20223,25681,15753
2020-11-07T07:00:00Z,68240,62628,39388,36821,5612,21568,21501,26163,15710
2020-11-07T08:00:00Z,69218,63637,39167,36599,5581,22816,22751,27250,16495
2020-11-07T09:00:00Z,73259,68001,41525,39028,5258,23854,23784,28916,17218
2020-11-07T10:00:00Z,75236,69538,41930,39417,5698,24163,24093,29489,17687
2020-11-07T11:00:00Z,80155,73774,45570,42774,6381,25226,25156,30656,18590
2020-11-07T12:00:00Z,84041,76265,47441,44074,7776,26874,26800,32826,20520
2020-11-07T13:00:00Z,94659,87279,57086,54229,7380,28811,28750,34112,21051
2020-11-07T14:00:00Z,103151,96477,63979,61140,6674,31130,31055,36791,23111
2020-11-07T15:00:00Z,95951,88810,54898,51829,7141,32498,32412,37759,24088
2020-11-07T16:00:00Z,92679,86273,53669,51276,6406,31028,30950,35885,22985
2020-11-07T17:00:00Z,89361,82668,51964,49313,6693,29095,29024,33845,21798
2020-11-07T18:00:00Z,86898,80483,50459,47414,6415,27861,27781,33245,21571
2020-11-07T19:00:00Z,82349,77319,49753,47499,5030,26320,26259,30308,19838
2020-11-07T20:00:00Z,81702,76046,49984,47519,5656,25246,25176,29498,19396
2020-11-07T21:00:00Z,76443,70880,46256,43726,5563,23927,23852,28028,18481
2020-11-07T22:00:00Z,74357,69464,46269,44217,4893,22398,22330,26033,17224
2020-11-07T23:00:00Z,66288,61891,40251,38259,4397,20319,20242,23757,15638
2020-11-08T00:00:00Z,67466,60856,42554,39343,6610,19287,19216,25097,17125
2020-11-08T01:00:00Z,64815,58816,41650,38927,5999,18079,18021,22344,14684
2020-11-08T02:00:00Z,67883,62308,43174,40809,5575,19087,19024,23298,14812
2020-11-08T03:00:00Z,66799,60760,41575,38906,6039,19540,19478,24142,15273
2020-11-08T04:00:00Z,63563,58726,40026,37841,4837,18775,18710,22942,14507
2020-11-08T05:00:00Z,66864,59335,40399,37873,7529,18670,18612,23017,14455
2020-11-08T06:00:00Z,74891,69260,49448,46426,5631,20119,20065,24889,15921
2020-11-08T07:00:00Z,95539,90487,67503,65184,5052,21510,21448,25798,15901
2020-11-08T08:00:00Z,91560,87007,61721,59549,4553,23236,23175,27872,17023
2020-11-08T09:00:00Z,96447,91079,63460,61078,5368,24640,24574,29982,17989
2020-11-08T10:00:00Z,100650,95171,66435,64214,5479,25771,25709,30585,18789
2020-11-08T11:00:00Z,99204,93403,63345,60982,5801,27125,27064,31755,19505
2020-11-08T12:00:00Z,101910,95390,64701,61709,6520,29258,29181,34643,21771
2020-11-08T13:00:00Z,95440,88964,55535,52957,6476,31488,31417,36259,22898
2020-11-08T14:00:00Z,102077,94449,59279,56425,7628,34203,34125,39705,25113
2020-11-08T15:00:00Z,116149,107405,70601,67378,8744,34873,34798,41302,26311
2020-11-08T16:00:00Z,118665,111147,75409,72751,7518,33855,33778,39470,25725
2020-11-08T17:00:00Z,102284,95978,61394,58898,6306,32464,32396,37537,24344
2020-11-08T18:00:00Z,92604,86709,55739,52707,5895,30460,30405,35816,23662
2020-11-08T19:00:00Z,92554,87397,54751,52512,5157,29970,29900,35262,22720
2020-11-08T20:00:00Z,89718,84206,53652,51377,5512,29005,28934,33753,22199
2020-11-08T21:00:00Z,91310,85171,54391,51945,6139,27761,27686,33390,21290
2020-11-08T22:00:00Z,82511,77535,50650,48575,4976,25642,25570,29805,19804
2020-11-08T23:00:00Z,73880,68192,45011,42793,5688,23158,23076,27269,17871
2020-11-09T00:00:00Z,82291,70966,47063,43601,11325,23784,23707,30993,19758
2020-11-09T01:00:00Z,87916,78049,50425,46917,9867,27403,27323,32375,20060
2020-11-09T02:00:00Z,95568,86340,53085,50013,9228,30328,30244,35250,20672
2020-11-09T03:00:00Z,93211,83560,52245,49017,9651,29662,29583,34958,20729
2020-11-09T04:00:00Z,89596,76368,49604,46666,13228,25187,25105,31372,18921
2020-11-09T05:00:00Z,107883,77505,48007,44567,30378,26691,26596,35085,18985
2020-11-09T06:00:00Z,126617,90172,53758,49619,36445,31672,31561,40909,22132
2020-11-09T07:00:00Z,130969,101045,57682,53462,29924,36485,36374,45105,24614
2020-11-09T08:00:00Z,129023,113868,62053,58246,15155,41837,41716,47617,27116
2020-11-09T09:00:00Z,138168,123016,67981,63784,15152,44241,44128,49515,29246
2020-11-09T10:00:00Z,137996,121201,66544,62813,16795,42236,42099,48386,28821
2020-11-09T11:00:00Z,135474,119153,66292,62562,16321,41505,41380,47536,28111
2020-11-09T12:00:00Z,134484,123081,69161,64951,11403,43256,43132,49757,30374
2020-11-09T13:00:00Z,144133,130558,70891,67115,13575,47245,47120,53374,32287
2020-11-09T14:00:00Z,152887,142582,76778,73191,10305,51513,51364,57224,35543
2020-11-09T15:00:00Z,153781,143018,77505,73838,10763,51814,51676,57259,35961
2020-11-09T16:00:00Z,151557,141773,74038,70948,9784,49624,49484,54951,34652
2020-11-09T17:00:00Z,145485,134340,72654,68958,11145,45762,45627,51223,32325
2020-11-09T18:00:00Z,139018,124826,69197,64336,14192,42798,42658,49970,31764
2020-11-09T19:00:00Z,134467,121581,65889,62117,12886,41373,41239,47632,29879
2020-11-09T20:00:00Z,131076,116181,66450,62410,14895,40118,39994,46146,29481
2020-11-09T21:00:00Z,126400,112300,64534,60226,14100,38365,38239,44564,28797
2020-11-09T22:00:00Z,124618,104702,59996,56721,19916,34580,34465,44151,25510
2020-11-09T23:00:00Z,99730,89350,52460,49474,10380,29956,29840,35152,22725
2020-11-10T00:00:00Z,98402,88102,53150,49094,10300,29317,29211,36610,23785
2020-11-10T01:00:00Z,99814,91465,52324,49176,8349,32315,32211,36964,22548
2020-11-10T02:00:00Z,103888,95393,54401,51436,8495,34152,34054,38999,22865
2020-11-10T03:00:00Z,100989,91342,52989,49759,9647,32207,32113,37580,22255
2020-11-10T04:00:00Z,96578,81892,49541,46345,14686,26992,26896,33212,20104
2020-11-10T05:00:00Z,103362,81000,47789,44531,22362,27885,27793,35447,20063
2020-11-10T06:00:00Z,115420,89775,51224,47198,25645,32842,32732,40983,22537
2020-11-10T07:00:00Z,114395,99995,54169,50681,14400,36916,36801,42695,23927
2020-11-10T08:00:00Z,125680,114580,60535,57103,11100,42274,42150,47504,27276
2020-11-10T09:00:00Z,133533,122270,64889,61191,11263,44472,44343,49424,29204
2020-11-10T10:00:00Z,132488,119821,64651,60934,12667,43023,42898,48317,28964
2020-11-10T11:00:00Z,126186,114222,61735,58100,11964,41495,41374,47155,28138
2020-11-10T12:00:00Z,129621,119203,64571,60261,10418,43498,43386,49654,30137
2020-11-10T13:00:00Z,141388,130286,70819,67050,11102,47350,47229,53090,31743
2020-11-10T14:00:00Z,144545,134629,69729,66287,9916,49523,49400,54838,33143
2020-11-10T15:00:00Z,156581,146439,80540,76680,10142,51002,50860,57473,35668
2020-11-10T16:00:00Z,149312,139151,74665,71114,10161,48935,48793,55519,34241
2020-11-10T17:00:00Z,148078,137247,77202,73773,10831,45818,45679,50800,31940
2020-11-10T18:00:00Z,152701,142488,89026,85007,10213,42017,41886,47534,30711
2020-11-10T19:00:00Z,126844,116472,64300,61168,10372,40764,40630,46693,29690
2020-11-10T20:00:00Z,123378,112723,63692,60237,10655,39706,39578,44913,28767
2020-11-10T21:00:00Z,119148,108362,62285,58563,10786,37511,37375,42915,27933
2020-11-10T22:00:00Z,110768,101062,57798,54640,9706,34310,34177,39022,25413
2020-11-10T23:00:00Z,100003,90487,53262,50037,9516,30069,29952,35197,22601
2020-11-11T00:00:00Z,97238,86941,53339,48613,10297,29615,29507,36431,23747
2020-11-11T01:00:00Z,98334,89103,52486,49306,9231,31666,31561,37146,22462
2020-11-11T02:00:00Z,98452,89917,52072,48860,8535,32804,32705,37514,22334
2020-11-11T03:00:00Z,95247,85416,51023,47621,9831,31330,31231,36760,22103
2020-11-11T04:00:00Z,90452,77948,48751,45670,12504,25996,25912,32482,19756
2020-11-11T05:00:00Z,95939,79726,48921,45933,16213,27019,26917,33864,19972
2020-11-11T06:00:00Z,104260,86667,50440,46800,17593,31469,31355,38947,21958
2020-11-11T07:00:00Z,110764,98612,54289,51101,12152,35643,35540,41886,23742
2020-11-11T08:00:00Z,116583,107195,57374,54283,9388,39520,39419,45172,25711
2020-11-11T09:00:00Z,125073,114762,61939,58514,10311,42432,42303,47711,28272
2020-11-11T10:00:00Z,121879,110281,60619,57377,11598,40380,40264,45433,27403
2020-11-11T11:00:00Z,126032,116014,66742,63615,10018,39672,39551,45068,27210
2020-11-11T12:00:00Z,143262,132949,82656,78788,10313,42044,41912,47536,29385
2020-11-11T13:00:00Z,156007,145832,90425,87104,10175,44933,44805,51185,30771
2020-11-11T14:00:00Z,162639,152925,92422,88752,9714,49003,48866,54603,33634
2020-11-11T15:00:00Z,158146,147932,87210,83401,10214,49673,49535,55926,35356
2020-11-11T16:00:00Z,145379,135459,77683,74356,9920,47651,47520,52667,33376
2020-11-11T17:00:00Z,135906,126718,70683,67541,9188,44329,44202,49293,31106
2020-11-11T18:00:00Z,130271,120106,67747,63735,10165,41559,41434,47902,30738
2020-11-11T19:00:00Z,126914,116433,66146,62989,10481,40122,40001,45681,29265
2020-11-11T20:00:00Z,125058,113414,65393,62042,11644,38978,38848,44612,28629
2020-11-11T21:00:00Z,120729,110833,64640,61134,9896,37211,37088,42641,27541
2020-11-11T22:00:00Z,110491,101959,59914,56861,8532,33949,33831,38882,24996
2020-11-11T23:00:00Z,98042,89217,53717,50670,8825,30067,29956,34963,22601
2020-11-12T00:00:00Z,98632,87412,54134,49352,11220,29740,29637,37950,24360
2020-11-12T01:00:00Z,99354,91028,54414,50905,8326,31625,31521,36758,22357
2020-11-12T02:00:00Z,109585,101238,61790,58696,8347,33299,33195,38443,22480
2020-11-12T03:00:00Z,103699,95770,58953,55903,7929,31537,31450,36875,21779
2020-11-12T04:00:00Z,93717,83671,54085,51209,10046,26218,26132,34343,21937
2020-11-12T05:00:00Z,117288,103826,72634,69782,13462,27514,27423,36213,22453
2020-11-12T06:00:00Z,133599,117223,79407,75840,16376,32302,32195,42398,25156
2020-11-12T07:00:00Z,113239,101473,56212,52997,11766,36880,36778,42652,24367
2020-11-12T08:00:00Z,123497,112024,59378,55890,11473,41752,41637,47699,27583
2020-11-12T09:00:00Z,129522,118396,62352,58677,11126,44388,44274,49799,29583
2020-11-12T10:00:00Z,127386,115427,62553,59176,11959,42290,42172,47370,28590
2020-11-12T11:00:00Z,121661,111347,60900,57572,10314,40641,40521,45649,27933
2020-11-12T12:00:00Z,127086,117374,65022,60906,9712,42328,42212,49036,29550
2020-11-12T13:00:00Z,139566,128731,71867,68363,10835,46477,46348,51585,31421
2020-11-12T14:00:00Z,149247,138936,74779,70893,10311,50738,50597,55883,34860
2020-11-12T15:00:00Z,150733,141324,77705,74044,9409,51474,51336,56447,35829
2020-11-12T16:00:00Z,146449,137060,74472,71251,9389,49499,49365,54189,34471
2020-11-12T17:00:00Z,140321,129054,71026,66843,11267,45773,45639,50719,31905
2020-11-12T18:00:00Z,132321,120932,68013,63330,11389,42839,42700,48407,30978
2020-11-12T19:00:00Z,126423,117255,66005,62885,9168,40507,40384,45446,29003
2020-11-12T20:00:00Z,119354,110232,62486,59443,9122,38974,38857,43556,27661
2020-11-12T21:00:00Z,117252,107388,60976,57844,9864,37241,37108,42220,27230
2020-11-12T22:00:00Z,108881,101510,58339,55641,7371,34110,33994,38850,24974
2020-11-12T23:00:00Z,95808,87782,51985,49261,8026,29865,29752,34529,22089
2020-11-13T00:00:00Z,95955,86410,52764,48798,9545,29258,29154,36326,23563
2020-11-13T01:00:00Z,96566,88899,52055,48835,7667,31497,31397,36124,21638
2020-11-13T02:00:00Z,99272,92399,53794,51258,6873,32757,32673,37217,21553
2020-11-13T03:00:00Z,96022,86660,51999,48548,9362,31037,30941,36433,21585
2020-11-13T04:00:00Z,86593,75288,46667,43585,11305,25447,25365,31330,19279
2020-11-13T05:00:00Z,94028,76839,47190,44087,17189,26066,25969,32871,19120
2020-11-13T06:00:00Z,105292,84118,50250,46100,21174,30873,30776,38903,21848
2020-11-13T07:00:00Z,107148,95973,53684,50531,11175,35162,35056,40748,23201
2020-11-13T08:00:00Z,122341,112250,60331,57191,10091,40161,40053,44999,26312
2020-11-13T09:00:00Z,134386,124669,68479,64958,9717,42374,42251,47319,28383
2020-11-13T10:00:00Z,120065,109017,61509,58376,11048,39519,39395,44521,26948
2020-11-13T11:00:00Z,113460,103607,58739,55592,9853,36939,36821,42144,25446
2020-11-13T12:00:00Z,114675,105476,60486,56576,9199,37764,37642,43453,27073
2020-11-13T13:00:00Z,125600,115623,64277,60887,9977,41447,41314,46341,28385
2020-11-13T14:00:00Z,135912,126512,69775,66285,9400,46084,45962,51073,32052
2020-11-13T15:00:00Z,138912,128733,70814,66859,10179,46814,46684,52550,33113
2020-11-13T16:00:00Z,136353,126561,69408,65887,9792,44794,44651,50319,31792
2020-11-13T17:00:00Z,161004,114194,64357,60829,46810,40978,40846,53527,29047
2020-11-13T19:00:00Z,121901,103721,59234,55814,18180,35912,35784,42762,26082
2020-11-13T20:00:00Z,109550,100339,57690,54327,9211,34403,34297,39834,25991
2020-11-13T21:00:00Z,106730,97479,55602,52051,9251,32600,32483,38155,24606
2020-11-13T22:00:00Z,96377,89104,51446,48584,7273,29638,29530,34094,22028
2020-11-13T23:00:00Z,86218,78320,47349,44412,7898,25867,25772,30596,19677
2020-11-14T00:00:00Z,81399,72510,45704,41607,8889,23519,23426,30621,20163
2020-11-14T01:00:00Z,70792,63795,40962,37641,6997,21604,21531,26374,16788
2020-11-14T02:00:00Z,70353,63578,40383,37487,6775,21191,21127,25611,15922
2020-11-14T03:00:00Z,64910,59745,38215,35548,5165,20619,20549,25172,15442
2020-11-14T04:00:00Z,62058,57060,36957,34613,4998,19090,19028,23598,14990
2020-11-14T05:00:00Z,60644,55588,35040,32676,5056,18849,18785,22716,14034
2020-11-14T06:00:00Z,64418,58919,37753,34737,5499,19991,19917,24928,15430
2020-11-14T07:00:00Z,66297,61655,37862,35624,4642,21044,20979,25519,15352
2020-11-14T08:00:00Z,67197,62261,38204,35735,4936,22403,22340,26858,16316
2020-11-14T09:00:00Z,70973,65551,40743,38077,5422,23116,23046,27797,16977
2020-11-14T10:00:00Z,73167,67645,41659,39272,5522,23720,23646,28166,17397
2020-11-14T11:00:00Z,74174,68726,42535,40068,5448,24663,24582,29094,17805
2020-11-14T12:00:00Z,78881,72345,45174,41806,6536,26070,26004,31465,19772
2020-11-14T13:00:00Z,81954,76245,46011,43555,5709,27682,27616,32459,19848
2020-11-14T14:00:00Z,92760,85775,51238,48437,6985,30253,30190,37320,22033
2020-11-14T15:00:00Z,93631,86209,52949,49842,7422,31292,31219,36936,23351
2020-11-14T16:00:00Z,94089,87257,53847,51213,6832,31397,31317,36679,23240
2020-11-14T17:00:00Z,109246,102240,70418,67855,7006,30023,29952,37515,24961
2020-11-14T18:00:00Z,121546,114488,84906,81732,7058,28926,28854,36971,25145
2020-11-14T19:00:00Z,83503,77839,48555,46325,5664,27259,27194,32009,20609
2020-11-14T20:00:00Z,81932,76104,47825,45407,5828,26260,26196,30773,20120
2020-11-14T21:00:00Z,77909,72560,47001,44436,5349,24782,24719,29575,19703
2020-11-14T22:00:00Z,75904,70458,45830,43519,5446,23561,23493,27756,18069
2020-11-14T23:00:00Z,67436,62681,41066,38839,4755,21000,20940,25121,16415
2020-11-15T00:00:00Z,66697,59623,40543,37001,7074,19628,19563,26100,17672
2020-11-15T01:00:00Z,64240,58720,38556,35927,5520,19252,19194,23861,15335
2020-11-15T02:00:00Z,65756,60570,40346,37966,5186,20083,20028,24323,15286
2020-11-15T03:00:00Z,64762,59709,39739,37161,5053,19852,19797,24018,15317
2020-11-15T04:00:00Z,61872,57357,37541,35337,4515,18981,18934,23733,14689
2020-11-15T05:00:00Z,61711,55494,36496,34333,6217,18518,18462,22688,14021
2020-11-15T06:00:00Z,68678,63918,43289,40477,4760,19603,19544,26458,17415
2020-11-15T07:00:00Z,65177,60759,38274,36092,4418,20897,20838,25034,15169
2020-11-15T08:00:00Z,69010,64259,39726,37344,4751,22674,22619,27115,16735
2020-11-15T09:00:00Z,73218,68084,42604,40140,5134,23921,23864,28196,17376
2020-11-15T10:00:00Z,76089,71251,44975,42637,4838,24661,24589,28702,17775
2020-11-15T11:00:00Z,79713,74296,46323,43830,5417,26613,26552,31092,19176
2020-11-15T12:00:00Z,88030,81638,51075,47822,6392,29002,28937,34643,21806
2020-11-15T13:00:00Z,93471,88226,54098,51678,5245,32082,32012,36785,22859
2020-11-15T14:00:00Z,99341,93764,57138,54703,5577,34592,34525,39059,24472
2020-11-15T15:00:00Z,101037,94711,58170,55299,6326,35096,35011,40704,25972
2020-11-15T16:00:00Z,100637,94587,58979,56593,6050,34181,34100,39716,25480
2020-11-15T17:00:00Z,96066,90135,55443,53167,5931,32634,32562,37995,24350
2020-11-15T18:00:00Z,94920,87755,54497,51432,7165,31429,31364,37506,24699
2020-11-15T19:00:00Z,93744,88172,54742,52516,5572,30689,30616,36161,23575
2020-11-15T20:00:00Z,91560,85639,53113,50732,5921,29693,29621,34739,22994
2020-11-15T21:00:00Z,90902,85269,54897,52323,5633,28260,28195,34855,23854
2020-11-15T22:00:00Z,111595,106402,77666,75536,5193,26353,26270,33457,23084
2020-11-15T23:00:00Z,106117,101320,75530,73407,4797,23713,23639,30628,21211
2020-11-16T00:00:00Z,108051,96571,72191,68719,11480,23850,23766,33797,22744
2020-11-16T01:00:00Z,95117,86955,57506,54184,8162,27411,27340,35027,22423
2020-11-16T02:00:00Z,92103,84540,50375,47699,7563,29918,29830,34296,20096
2020-11-16T03:00:00Z,90790,81717,47964,45109,9073,29059,28980,35310,20178
2020-11-16T04:00:00Z,84218,73849,46157,43542,10369,24391,24325,30365,18181
2020-11-16T05:00:00Z,99150,74299,45673,42538,24851,25466,25383,32721,18307
2020-11-16T06:00:00Z,110979,84498,47769,44243,26481,30924,30833,38648,21288
2020-11-16T07:00:00Z,138523,115585,71912,68520,22938,35545,35451,45774,26135
2020-11-16T08:00:00Z,150089,137780,85600,82046,12309,40880,40768,50074,29011
2020-11-16T09:00:00Z,150959,137812,82880,79078,13147,43393,43267,51359,30907
2020-11-16T10:00:00Z,152794,139763,84935,81426,13031,41696,41576,50015,30434
2020-11-16T11:00:00Z,148739,135619,83023,79728,13120,40716,40602,49192,30124
2020-11-16T12:00:00Z,134860,123286,69515,65483,11574,42776,42655,51705,32257
2020-11-16T13:00:00Z,137255,127759,68179,64946,9496,47203,47086,52171,31745
2020-11-16T14:00:00Z,151658,141746,76405,72584,9912,51953,51824,56662,35322
2020-11-16T15:00:00Z,154117,143627,77175,73250,10490,52216,52085,57206,35700
2020-11-16T16:00:00Z,156705,143835,79006,75666,12870,50043,49904,57868,36710
2020-11-16T17:00:00Z,166932,153762,90748,87148,13170,50921,50787,54382,34606
2020-11-16T18:00:00Z,149314,136838,76385,71576,12476,48023,47885,52417,34325
2020-11-16T19:00:00Z,130651,120204,65977,62301,10447,42029,41900,47684,30402
2020-11-16T20:00:00Z,149844,111569,62314,58604,38275,40120,39987,51254,29280
2020-11-16T21:00:00Z,122705,111647,62465,58623,11058,39136,38995,44374,28812
2020-11-16T22:00:00Z,111159,101234,57502,54233,9925,35099,34971,39946,25741
2020-11-16T23:00:00Z,102181,92349,52644,49317,9832,30963,30841,35856,23265
2020-11-17T00:00:00Z,97557,86960,52888,48438,10597,30149,30046,37419,24386
2020-11-17T01:00:00Z,98585,90574,52025,48557,8011,33248,33142,38324,23483
2020-11-17T02:00:00Z,100216,92572,52308,49389,7644,34370,34268,38923,22987
2020-11-17T03:00:00Z,96575,87887,50819,47578,8688,32711,32606,37720,22570
2020-11-17T04:00:00Z,89637,79555,48176,45231,10082,27278,27180,32784,19901
2020-11-17T05:00:00Z,102910,87535,55237,52167,15375,28245,28145,37112,22527
2020-11-17T06:00:00Z,129810,108436,69612,65515,21374,33014,32898,44599,25836
2020-11-17T07:00:00Z,132356,120218,73642,70100,12138,37552,37440,46677,27197
2020-11-17T08:00:00Z,137278,126668,73094,69657,10610,42914,42801,50107,30087
2020-11-17T09:00:00Z,140619,129768,72781,69080,10851,45001,44881,52335,31735
2020-11-17T10:00:00Z,128975,118514,61846,58658,10461,43209,43096,47775,28549
2020-11-17T11:00:00Z,124484,113872,59960,56602,10612,41780,41668,46823,27925
2020-11-17T12:00:00Z,131681,119132,63733,59372,12549,43954,43826,49783,30486
2020-11-17T13:00:00Z,143428,128108,69032,64812,15320,48190,48057,54598,32837
2020-11-17T14:00:00Z,153835,139256,75009,70567,14579,52476,52328,58274,35922
2020-11-17T15:00:00Z,153032,142140,74666,70714,10892,52979,52842,58323,36793
2020-11-17T16:00:00Z,158712,148977,83833,80745,9735,50683,50538,58096,37447
2020-11-17T17:00:00Z,159258,149899,89820,86579,9359,46579,46449,54665,35057
2020-11-17T18:00:00Z,154527,143425,88149,83886,11102,43374,43243,51598,33933
2020-11-17T19:00:00Z,139046,127677,71615,67976,11369,42848,42716,50621,33013
2020-11-17T20:00:00Z,130411,119198,66667,62808,11213,41004,40868,46084,29780
2020-11-17T21:00:00Z,124315,113351,64121,60485,10964,39078,38956,44435,28949
2020-11-17T22:00:00Z,115158,106355,61318,58030,8803,35981,35850,41113,26866
2020-11-17T23:00:00Z,105373,93852,55639,52068,11521,31293,31168,36616,23532
2020-11-18T00:00:00Z,105187,92891,56548,51796,12296,31169,31044,38925,25220
2020-11-18T01:00:00Z,102966,93237,53935,49926,9729,33659,33558,39126,23890
2020-11-18T02:00:00Z,103249,94326,54109,50807,8923,34694,34585,39714,23641
2020-11-18T03:00:00Z,100947,92483,53474,50363,8464,33123,33032,38659,23256
2020-11-18T04:00:00Z,105651,94099,60532,57639,11552,27906,27813,36415,23516
2020-11-18T05:00:00Z,119148,102720,67548,64611,16428,28638,28535,37996,23155
2020-11-18T06:00:00Z,131722,108510,68331,64411,23212,33115,33003,44355,26301
2020-11-18T07:00:00Z,130406,114101,67568,63629,16305,37787,37667,46866,27450
2020-11-18T08:00:00Z,133523,122788,71202,67870,10735,42633,42511,49979,30236
2020-11-18T09:00:00Z,135627,124378,67853,64106,11249,45321,45189,50485,29978
2020-11-18T10:00:00Z,234789,224812,54466,51600,9977,39783,39663,44828,26213
2020-11-18T11:00:00Z,132873,122933,60234,57069,9940,41200,41087,46149,27617
2020-11-18T12:00:00Z,128366,117376,64215,59777,10990,43153,43036,49516,30611
2020-11-18T13:00:00Z,143506,132175,72410,68804,11331,47825,47682,53502,32630
2020-11-18T14:00:00Z,153348,142213,76170,72399,11135,52233,52078,57390,35701
2020-11-18T15:00:00Z,155013,144315,77651,73959,10698,53093,52943,57974,36776
2020-11-18T16:00:00Z,149052,138464,74328,71070,10588,50623,50474,55942,35416
2020-11-18T17:00:00Z,140546,130346,71337,67925,10200,46775,46644,51718,32667
2020-11-18T18:00:00Z,136273,125925,70592,66324,10348,44268,44142,49791,32166
2020-11-18T19:00:00Z,132677,122642,68166,64728,10035,42517,42396,47268,30290
2020-11-18T20:00:00Z,126694,116595,65997,62654,10099,41014,40887,45676,29547
2020-11-18T21:00:00Z,153812,112108,63879,60399,41704,38817,38686,53308,28425
2020-11-18T22:00:00Z,147824,91560,51875,49171,56264,32822,32682,57427,23483
2020-11-18T23:00:00Z,109121,91708,54187,51279,17413,31921,31798,41062,23448
2020-11-19T00:00:00Z,99913,89992,54722,50686,9921,30330,30216,37370,24403
2020-11-19T01:00:00Z,99631,90947,53337,49820,8684,32806,32704,37527,22819
2020-11-19T02:00:00Z,101779,93191,53230,50361,8588,34253,34151,38793,22804
2020-11-19T03:00:00Z,96866,88691,52013,48856,8175,32281,32192,37184,22236
2020-11-19T04:00:00Z,87006,77768,47799,45092,9238,27158,27059,32272,19908
2020-11-19T05:00:00Z,91517,78639,46698,43843,12878,28165,28072,33648,19766
2020-11-19T06:00:00Z,106721,90642,51050,47418,16079,33144,33038,40456,22820
2020-11-19T07:00:00Z,112800,99615,53393,50213,13185,37159,37038,42886,24067
2020-11-19T08:00:00Z,123450,113480,59920,56729,9970,42591,42475,48162,27735
2020-11-19T09:00:00Z,132730,122540,63990,60453,10190,45017,44883,50119,29711
2020-11-19T10:00:00Z,133845,122366,63635,60405,11479,43630,43512,48957,29554
2020-11-19T11:00:00Z,130630,117895,62351,58896,12735,42314,42181,48001,28986
2020-11-19T12:00:00Z,132546,119622,66103,61528,12924,44029,43886,50179,31140
2020-11-19T13:00:00Z,142262,130102,71658,68076,12160,47464,47328,52919,32340
2020-11-19T14:00:00Z,148019,137291,74042,70205,10728,51808,51668,57229,35487
2020-11-19T15:00:00Z,151297,141279,75427,71727,10018,52504,52364,58116,36766
2020-11-19T16:00:00Z,149529,139260,74043,70854,10269,50807,50667,56191,35234
2020-11-19T17:00:00Z,144179,133775,73207,69475,10404,46928,46796,52550,33118
2020-11-19T18:00:00Z,138616,128289,74501,70214,10327,43471,43348,49486,31424
2020-11-19T19:00:00Z,137331,125369,74195,69909,11962,41702,41572,46808,30132
2020-11-19T20:00:00Z,128783,116731,66814,62795,12052,40321,40192,44976,29255
2020-11-19T21:00:00Z,126813,112972,64183,59944,13841,38393,38275,45761,28819
2020-11-19T22:00:00Z,117574,101701,60550,56056,15873,34814,34695,41340,26829
2020-11-19T23:00:00Z,103562,90694,55275,51287,12868,30698,30585,36487,23745
2020-11-20T00:00:00Z,100240,86827,54287,49235,13413,29615,29504,37286,24525
2020-11-20T01:00:00Z,99537,89883,51822,48034,9654,31963,31861,37171,22571
2020-11-20T02:00:00Z,100743,92190,51313,48319,8553,33059,32960,37720,22121
2020-11-20T03:00:00Z,93835,84849,49436,46382,8986,31246,31151,36669,21804
2020-11-20T04:00:00Z,99500,86634,58362,55246,12866,26240,26144,34658,22219
2020-11-20T05:00:00Z,104923,81983,51496,47969,22940,27561,27456,37719,22060
2020-11-20T06:00:00Z,116399,87103,51085,46084,29296,32017,31908,41542,23451
2020-11-20T07:00:00Z,113240,96937,54576,50416,16303,36514,36407,42469,24266
2020-11-20T08:00:00Z,122439,108151,58334,54667,14288,41559,41450,46741,27260
2020-11-20T09:00:00Z,133158,119096,63937,59986,14062,44404,44292,50513,29813
2020-11-20T10:00:00Z,129322,114326,63345,59607,14996,42015,41890,47607,28711
2020-11-20T11:00:00Z,123580,109690,60489,56872,13890,39462,39349,44981,27270
2020-11-20T12:00:00Z,127098,111714,62960,58773,15384,40177,40059,47009,28846
2020-11-20T13:00:00Z,137509,122176,67320,63489,15333,44181,44056,50831,30749
2020-11-20T14:00:00Z,145325,131568,72343,68560,13757,47975,47843,53390,33166
2020-11-20T15:00:00Z,147801,136430,77057,73030,11371,48277,48135,53896,33808
2020-11-20T16:00:00Z,141951,131610,72245,68894,10341,46050,45914,51560,32519
2020-11-20T17:00:00Z,128913,119466,67144,63786,9447,42471,42353,47689,29934
2020-11-20T18:00:00Z,122512,112707,63902,59901,9805,39046,38917,44467,28269
2020-11-20T19:00:00Z,115800,106576,60614,57593,9224,36895,36769,41791,26407
2020-11-20T20:00:00Z,114146,102640,59930,56411,11506,34695,34565,39773,25416
2020-11-20T21:00:00Z,116357,100502,58276,53912,15855,32707,32579,40552,24724
2020-11-20T22:00:00Z,105214,90041,53290,49525,15173,29804,29677,35983,22736
2020-11-20T23:00:00Z,92017,78195,48735,44657,13822,25922,25802,32389,20638
2020-11-21T00:00:00Z,82742,71524,47513,42672,11218,23523,23418,31214,20925
2020-11-21T01:00:00Z,75486,64863,42704,38523,10623,22173,22082,27819,17915
2020-11-21T02:00:00Z,74121,64807,41708,38336,9314,22068,21979,27016,16742
2020-11-21T03:00:00Z,71451,63682,40157,37059,7769,21627,21550,26801,16501
2020-11-21T04:00:00Z,68942,62767,40616,37862,6175,20466,20397,25144,15749
2020-11-21T05:00:00Z,66044,59779,37754,35163,6265,20160,20089,24792,15131
2020-11-21T06:00:00Z,69441,62171,38593,35208,7270,21382,21311,26888,16609
2020-11-21T07:00:00Z,71692,65112,39155,36620,6580,22800,22730,27693,16661
2020-11-21T08:00:00Z,73786,67060,39881,36975,6726,23848,23775,29311,17390
2020-11-21T09:00:00Z,75371,69175,41103,38297,6196,24824,24749,29977,18061
2020-11-21T10:00:00Z,76363,70075,41798,39208,6288,25505,25439,30241,18461
2020-11-21T11:00:00Z,82059,76264,44510,42005,5795,26206,26130,31113,19124
2020-11-21T12:00:00Z,86460,79024,49116,45575,7436,28171,28095,34041,21239
2020-11-21T13:00:00Z,91536,84980,51450,48766,6556,30924,30845,36059,22126
2020-11-21T14:00:00Z,92035,86062,51885,49452,5973,32729,32647,37680,23652
2020-11-21T15:00:00Z,94992,88792,53313,50679,6200,33049,32970,38745,24423
2020-11-21T16:00:00Z,94663,88975,53381,51218,5688,32747,32654,37951,23968
2020-11-21T17:00:00Z,96620,90523,55510,53156,6097,31761,31680,36929,23494
2020-11-21T18:00:00Z,92548,86025,53004,49821,6523,30518,30438,36006,23445
2020-11-21T19:00:00Z,90240,84133,51630,49262,6107,28237,28160,33711,21912
2020-11-21T20:00:00Z,84491,78745,49478,47186,5746,27086,27009,31499,20674
2020-11-21T21:00:00Z,80157,74733,47787,45281,5424,25354,25280,30072,19840
2020-11-21T22:00:00Z,75558,70144,44577,42389,5414,23666,23587,27965,18351
2020-11-21T23:00:00Z,70586,65784,42405,40312,4802,21412,21354,25724,17130
2020-11-22T00:00:00Z,67369,60214,41923,38487,7155,20215,20150,26581,18103
2020-11-22T01:00:00Z,64844,59004,40029,37166,5840,19494,19434,24321,15834
2020-11-22T02:00:00Z,64726,60373,39118,36984,4353,20440,20373,24671,15256
2020-11-22T03:00:00Z,66408,61028,39394,36978,5380,20507,20446,25358,15913
2020-11-22T04:00:00Z,63443,58731,38810,36628,4712,19795,19739,24208,15331
2020-11-22T05:00:00Z,70149,62037,39154,36860,8112,19900,19831,24794,15084
2020-11-22T06:00:00Z,66458,60995,38913,36026,5463,21006,20944,26133,16209
2020-11-22T07:00:00Z,68047,63330,39655,37462,4717,22162,22099,26723,16023
2020-11-22T08:00:00Z,72082,66846,40366,37926,5236,24111,24051,29115,17115
2020-11-22T09:00:00Z,77440,71446,44259,41603,5994,25110,25041,30197,18446
2020-11-22T10:00:00Z,80953,75854,45985,43690,5099,26426,26353,31146,19109
2020-11-22T11:00:00Z,84670,79105,48214,45883,5565,27786,27723,32516,19909
2020-11-22T12:00:00Z,90816,83995,50814,47432,6821,30218,30146,36521,22533
2020-11-22T13:00:00Z,98175,92216,55915,53410,5959,33030,32946,37995,23813
2020-11-22T14:00:00Z,102285,96143,57620,54903,6142,35263,35175,40644,25516
2020-11-22T15:00:00Z,107478,100682,59899,56977,6796,36010,35934,42334,26920
2020-11-22T16:00:00Z,101365,95023,57299,54939,6342,34778,34692,40506,26164
2020-11-22T17:00:00Z,100862,94825,59038,56529,6037,33584,33507,38838,25298
2020-11-22T18:00:00Z,98193,90494,56355,53142,7699,32499,32420,38431,25370
2020-11-22T19:00:00Z,96730,89193,54465,51854,7537,31532,31457,37574,24260
2020-11-22T20:00:00Z,94506,87772,54280,51495,6734,30617,30539,35540,23773
2020-11-22T21:00:00Z,91420,84583,53318,50438,6837,29415,29331,34368,22856
2020-11-22T22:00:00Z,83853,77655,49306,46989,6198,27062,26976,31454,20833
2020-11-22T23:00:00Z,76937,71424,45093,42871,5513,24494,24422,28710,18984
2020-11-23T00:00:00Z,83053,71419,46412,42865,11634,24485,24404,32052,20988
2020-11-23T01:00:00Z,87426,77175,47225,43909,10251,28115,28036,33576,20071
2020-11-23T02:00:00Z,95665,86032,51124,48027,9633,30904,30822,36109,21040
2020-11-23T03:00:00Z,94026,83858,49412,46399,10168,30265,30188,36010,20961
2020-11-23T04:00:00Z,89348,74619,46991,43840,14729,25575,25506,31758,19477
2020-11-23T05:00:00Z,109666,78352,47004,43578,31314,27229,27144,34960,19603
2020-11-23T06:00:00Z,121972,87147,50384,46247,34825,32566,32464,41220,22636
2020-11-23T07:00:00Z,132466,100947,55328,51836,31519,36819,36717,45427,24646
2020-11-23T08:00:00Z,138002,115344,62218,57279,22658,42475,42347,49494,28335
2020-11-23T09:00:00Z,138838,121363,64203,59933,17475,45296,45176,50501,29902
2020-11-23T10:00:00Z,138830,118994,64688,60082,19836,43246,43118,48945,29327
2020-11-23T11:00:00Z,138666,118775,63207,58920,19891,42094,41969,48271,28709
2020-11-23T12:00:00Z,138461,122551,67242,62319,15910,44144,44019,51740,31203
2020-11-23T13:00:00Z,149576,133528,73478,69480,16048,47959,47820,53923,32849
2020-11-23T14:00:00Z,153433,142667,76918,73016,10766,52411,52267,57897,36004
2020-11-23T15:00:00Z,158560,146268,80331,76292,12292,52786,52628,58505,36932
2020-11-23T16:00:00Z,151052,140151,74265,70899,10901,50167,50029,56202,35391
2020-11-23T17:00:00Z,141953,131657,71859,68290,10296,45861,45721,51853,32800
2020-11-23T18:00:00Z,133855,120905,67710,62752,12950,42895,42766,50080,32166
2020-11-23T19:00:00Z,131932,119524,67020,63069,12408,41221,41093,47512,30566
2020-11-23T20:00:00Z,127627,113982,64911,61120,13645,39851,39729,45531,29363
2020-11-23T21:00:00Z,124312,111170,64263,60243,13142,38175,38035,43991,28880
2020-11-23T22:00:00Z,113609,99480,58533,54961,14129,34392,34265,39897,25931
2020-11-23T23:00:00Z,100899,86979,51473,48172,13920,29702,29583,35130,22756
2020-11-24T00:00:00Z,101390,86640,52285,47878,14750,29285,29171,36580,23905
2020-11-24T01:00:00Z,100478,88646,51232,47252,11832,32309,32207,37766,23319
2020-11-24T02:00:00Z,101886,91202,51608,48532,10684,34152,34050,38748,22767
2020-11-24T03:00:00Z,96623,85529,49539,46381,11094,31650,31564,37064,22034
2020-11-24T04:00:00Z,88051,75618,45269,42386,12433,26684,26599,31922,19458
2020-11-24T05:00:00Z,97026,76905,45634,42463,20121,28168,28072,35107,20079
2020-11-24T06:00:00Z,112302,88412,49533,45512,23890,33158,33053,41782,23128
2020-11-24T07:00:00Z,120585,101023,54644,50583,19562,37883,37770,44159,24976
2020-11-24T08:00:00Z,126952,113185,58653,55301,13767,43451,43333,48265,27696
2020-11-24T09:00:00Z,138095,123647,64711,60690,14448,46098,45977,51695,30810
2020-11-24T10:00:00Z,135503,120834,65855,62224,14669,43709,43601,49973,30520
2020-11-24T11:00:00Z,128680,118118,63674,60327,10562,42297,42185,47962,29145
2020-11-24T12:00:00Z,132682,121867,66908,62641,10815,44539,44427,50608,31019
2020-11-24T13:00:00Z,141670,131114,69066,65786,10556,48275,48149,54130,32630
2020-11-24T14:00:00Z,151794,141992,76667,73223,9802,52666,52540,57652,35958
2020-11-24T15:00:00Z,154166,144302,76722,73132,9864,52582,52451,58202,36818
2020-11-24T16:00:00Z,145713,137055,73448,70317,8658,49790,49659,55338,35397
2020-11-24T17:00:00Z,138423,128568,71042,67613,9855,45814,45680,51528,32889
2020-11-24T18:00:00Z,129219,119067,67193,63014,10152,42814,42688,48618,31258
2020-11-24T19:00:00Z,126349,116025,64749,61528,10324,41025,40905,46176,29619
2020-11-24T20:00:00Z,118564,108175,61938,58578,10389,39062,38932,43671,28029
2020-11-24T21:00:00Z,120833,108183,62773,58678,12650,37340,37224,43798,28460
2020-11-24T22:00:00Z,107713,98242,57033,53891,9471,34071,33974,39279,25520
2020-11-25T00:00:00Z,151293,84840,52212,47977,66453,29229,29128,63559,24026
2020-11-25T01:00:00Z,161568,86966,51179,47527,74602,31634,31533,68439,22638
2020-11-25T02:00:00Z,160580,88132,50606,47760,72448,33086,33000,69221,22482
2020-11-25T03:00:00Z,162883,88099,50611,47388,74784,31851,31747,69491,22538
2020-11-25T04:00:00Z,153899,78034,47396,44297,75865,26519,26425,63474,20224
2020-11-25T05:00:00Z,154161,78845,46396,43325,75316,28179,28090,62385,19926
2020-11-25T06:00:00Z,162481,90836,51558,47206,71645,33180,33084,66791,23416
2020-11-25T07:00:00Z,115406,101601,55128,51395,13805,37632,37520,44092,25477
2020-11-25T08:00:00Z,126691,114004,60048,56261,12687,42835,42733,48797,28100
2020-11-25T09:00:00Z,133504,121882,64002,60454,11622,45924,45794,51146,30248
2020-11-25T10:00:00Z,129837,118492,63535,60245,11345,43618,43508,48228,29331
2020-11-25T11:00:00Z,127101,116918,63329,59854,10183,42267,42149,47358,28665
2020-11-25T12:00:00Z,129110,119126,65956,61859,9984,44143,44026,49484,30802
2020-11-25T13:00:00Z,138190,127474,68917,65465,10716,47564,47446,52724,32388
2020-11-25T14:00:00Z,148336,138977,74915,71503,9359,51462,51333,56281,35277
2020-11-25T15:00:00Z,147075,138287,74201,70870,8788,51343,51231,57015,36106
2020-11-25T16:00:00Z,139858,131436,69879,67028,8422,48279,48145,53617,33853
2020-11-25T17:00:00Z,130980,123303,68525,65522,7677,43754,43639,48836,31226
2020-11-25T18:00:00Z,132865,122383,72414,68631,10482,40506,40396,47766,30634
2020-11-25T19:00:00Z,145670,137509,87915,85062,8161,38988,38886,44819,28518
2020-11-25T20:00:00Z,139348,130196,84914,81963,9152,37234,37127,42017,27219
2020-11-25T21:00:00Z,109091,100545,57596,54501,8546,34858,34749,40212,26202
2020-11-25T22:00:00Z,99260,91051,53957,51044,8209,31806,31707,36230,23736
2020-11-25T23:00:00Z,87206,79206,48472,45603,8000,27657,27562,32474,21339
2020-11-26T00:00:00Z,89068,77837,48871,44884,11231,26923,26822,34322,22444
2020-11-26T01:00:00Z,86156,78433,46034,42628,7723,29174,29086,33884,20580
2020-11-26T02:00:00Z,93373,86349,50355,47610,7024,31114,31037,35937,20690
2020-11-26T03:00:00Z,90388,82765,48342,45487,7623,29822,29743,34996,20541
2020-11-26T04:00:00Z,79789,70443,42067,39471,9346,24707,24623,30020,18318
2020-11-26T05:00:00Z,89311,75662,44550,41624,13649,27035,26953,33051,19165
2020-11-26T06:00:00Z,104541,87153,49966,46135,17388,32396,32295,40573,22632
2020-11-26T07:00:00Z,110359,97737,53595,50466,12622,36955,36853,42627,24227
2020-11-26T08:00:00Z,119249,109888,57732,54597,9361,42191,42089,46955,27272
2020-11-26T09:00:00Z,129550,120620,63252,59843,8930,45346,45235,50275,29751
2020-11-26T10:00:00Z,129569,119957,65643,62201,9612,43511,43400,48184,29392
2020-11-26T11:00:00Z,124270,115480,62793,59442,8790,41731,41613,46535,28170
2020-11-26T12:00:00Z,127349,117887,65395,61126,9462,42956,42843,49180,30420
2020-11-26T13:00:00Z,132747,123655,66439,63098,9092,46077,45957,50949,31322
2020-11-26T14:00:00Z,138153,129149,69678,66141,9004,48351,48231,53490,33530
2020-11-26T15:00:00Z,135212,126216,69820,66397,8996,46924,46801,52587,33966
2020-11-26T16:00:00Z,123620,116297,62724,60132,7323,42902,42787,48099,30677
2020-11-26T17:00:00Z,114229,106005,59448,56536,8224,38156,38037,43710,27926
2020-11-26T18:00:00Z,103476,94177,55377,51249,9299,34229,34128,41150,26555
2020-11-26T19:00:00Z,97040,88010,52071,48718,9030,32137,32022,37521,24330
2020-11-26T20:00:00Z,93174,83731,50305,46949,9443,30595,30495,35714,23168
2020-11-26T21:00:00Z,88896,79546,47673,44441,9350,28415,28324,33840,21879
2020-11-26T22:00:00Z,79147,70941,43940,40863,8206,25126,25043,29988,19423
2020-11-26T23:00:00Z,70954,63960,40454,37432,6994,22251,22172,26866,17545
2020-11-27T00:00:00Z,72109,63784,41343,37585,8325,22321,22228,28563,18797
2020-11-27T01:00:00Z,75642,67774,41094,37119,7868,25475,25396,31003,18989
2020-11-27T02:00:00Z,80362,73807,42583,39657,6555,27537,27454,32363,18539
2020-11-27T03:00:00Z,80318,73574,42388,39303,6744,26700,26618,32110,18834
2020-11-27T04:00:00Z,72141,64109,39844,36650,8032,22199,22115,27358,16698
2020-11-27T05:00:00Z,83921,71058,43803,40367,12863,24308,24218,30080,17242
2020-11-27T06:00:00Z,97740,83225,49623,45328,14515,29672,29578,36718,20898
2020-11-27T07:00:00Z,105350,94977,52805,49250,10373,34027,33921,39269,22429
2020-11-27T08:00:00Z,115142,105658,58708,55075,9484,39737,39633,44292,26035
2020-11-27T09:00:00Z,123910,114565,63143,59475,9345,42123,42019,47076,28371
2020-11-27T10:00:00Z,122809,113705,64584,61279,9104,40291,40190,45576,27928
2020-11-27T11:00:00Z,115360,106492,60387,56845,8868,37608,37510,42812,26250
2020-11-27T12:00:00Z,118573,109019,61801,57407,9554,38119,38022,43945,27688
2020-11-27T13:00:00Z,127745,118741,67485,63799,9004,41106,41001,46542,28503
2020-11-27T14:00:00Z,133059,124103,70146,66374,8956,42943,42839,47830,30276
2020-11-27T15:00:00Z,126341,118671,67929,64651,7670,42132,42026,47731,30565
2020-11-27T16:00:00Z,136187,109283,62993,60446,26904,39464,39360,48810,28658
2020-11-27T17:00:00Z,107339,99461,58453,55421,7878,35625,35531,41341,26250
2020-11-27T18:00:00Z,98090,89737,53285,49476,8353,31857,31763,38346,24705
2020-11-27T19:00:00Z,90655,83534,50388,47467,7121,29493,29397,35193,22422
2020-11-27T20:00:00Z,94984,79552,49258,46377,15432,28377,28292,33660,21512
2020-11-27T21:00:00Z,83830,76695,47943,45044,7135,26393,26301,31921,20732
2020-11-27T22:00:00Z,78106,71351,45185,42721,6755,24107,24027,29322,19200
2020-11-27T23:00:00Z,71858,65382,42306,39725,6476,21634,21562,27014,17259
2020-11-28T00:00:00Z,73059,62957,42586,38917,10102,20384,20300,27312,18225
2020-11-28T01:00:00Z,70700,61384,42314,38169,9316,20376,20302,27097,17451
2020-11-28T02:00:00Z,72340,63030,42898,39128,9310,20620,20555,26443,16398
2020-11-28T03:00:00Z,70324,63821,42228,38824,6503,20713,20654,26235,16521
2020-11-28T04:00:00Z,65106,59413,39630,36590,5693,19510,19458,24061,15066
2020-11-28T05:00:00Z,65157,59095,39255,36222,6062,19511,19458,23710,14658
2020-11-28T06:00:00Z,67570,61419,40550,36827,6151,20846,20784,25920,16056
2020-11-28T07:00:00Z,70075,64586,40996,38218,5489,22185,22122,26542,15875
2020-11-28T08:00:00Z,70320,64536,40685,37620,5784,23460,23397,28077,16913
2020-11-28T09:00:00Z,73770,67768,42532,39171,6002,24148,24084,29076,17622
2020-11-28T10:00:00Z,78495,71802,46219,42716,6693,24995,24921,29803,18272
2020-11-28T11:00:00Z,81375,75019,47467,44129,6356,25798,25733,30726,18953
2020-11-28T12:00:00Z,86740,79219,50997,46949,7521,27608,27543,33357,21136
2020-11-28T13:00:00Z,91536,84779,53680,50257,6757,29834,29761,35018,21849
2020-11-28T14:00:00Z,94984,87979,54704,51632,7005,31818,31749,37500,23351
2020-11-28T15:00:00Z,96058,88921,55809,52418,7137,32473,32392,37962,24146
2020-11-28T16:00:00Z,95709,89332,54954,52327,6377,31965,31890,37649,23679
2020-11-28T17:00:00Z,91874,85173,52641,49778,6701,30931,30855,35982,23260
2020-11-28T18:00:00Z,87112,80873,50608,47200,6239,29359,29282,35314,23100
2020-11-28T19:00:00Z,83115,77102,48098,45394,6013,27568,27499,32600,21446
2020-11-28T20:00:00Z,81019,75874,47577,45233,5145,26400,26335,30964,20635
2020-11-28T21:00:00Z,77512,72257,45687,43182,5255,24794,24733,30016,19665
2020-11-28T22:00:00Z,73881,68161,43047,40543,5720,23380,23312,28137,18658
2020-11-28T23:00:00Z,68988,64035,41117,38909,4953,21624,21551,25874,17193
2020-11-29T00:00:00Z,68093,61429,41521,38471,6664,20283,20211,26252,18014
2020-11-29T01:00:00Z,67062,60194,41306,37894,6868,19724,19659,25130,16900
2020-11-29T02:00:00Z,65422,60800,40717,38388,4622,20296,20242,24603,15449
2020-11-29T03:00:00Z,67125,61908,41124,38576,5217,20161,20110,24849,15885
2020-11-29T04:00:00Z,64539,60119,39973,37650,4420,19890,19835,24070,15397
2020-11-29T05:00:00Z,67317,60161,39691,37258,7156,19719,19671,24107,15122
2020-11-29T06:00:00Z,69689,62674,41975,38567,7015,20691,20637,26405,16781
2020-11-29T07:00:00Z,69075,64095,40924,38433,4980,21555,21500,26715,16074
2020-11-29T08:00:00Z,72273,67131,41979,39441,5142,23186,23118,28045,17066
2020-11-29T09:00:00Z,77304,71584,44459,41789,5720,24735,24678,30002,18664
2020-11-29T10:00:00Z,79181,74002,46183,43679,5179,25813,25765,30461,18902
2020-11-29T11:00:00Z,84505,78578,48366,45865,5927,27571,27523,32544,19831
2020-11-29T12:00:00Z,89161,82707,51655,48308,6454,29770,29705,35759,22436
2020-11-29T13:00:00Z,97432,90596,56136,53376,6836,32458,32388,37893,23511
2020-11-29T14:00:00Z,100294,94009,57817,54985,6285,34604,34538,40604,25359
2020-11-29T15:00:00Z,102873,95855,59503,56502,7018,35531,35461,41824,26829
2020-11-29T16:00:00Z,99890,93717,57181,54724,6173,34119,34045,39993,25621
2020-11-29T17:00:00Z,96887,90772,55600,53009,6115,32741,32670,37780,24536
2020-11-29T18:00:00Z,94684,88095,54904,51626,6589,31700,31632,37756,24845
2020-11-29T19:00:00Z,91101,85402,52109,49699,5699,30815,30751,35927,23740
2020-11-29T20:00:00Z,88663,82359,51117,48615,6304,30324,30250,35419,23334
2020-11-29T21:00:00Z,87810,81375,50222,47494,6435,28949,28874,34597,23203
2020-11-29T22:00:00Z,81725,76201,47957,45640,5524,27072,27011,31914,21075
2020-11-29T23:00:00Z,74642,68978,44467,42091,5664,24348,24284,28912,19494
2020-11-30T00:00:00Z,83165,72665,47115,44023,10500,25680,25603,32594,21425
2020-11-30T01:00:00Z,88529,78779,49954,45867,9750,28612,28530,34837,21960
2020-11-30T02:00:00Z,95095,86036,52656,49502,9059,31053,30976,35752,21177
2020-11-30T03:00:00Z,94559,85108,51528,48281,9451,30754,30679,36316,21498
2020-11-30T04:00:00Z,88669,74809,46767,43388,13860,25936,25856,31988,19364
2020-11-30T05:00:00Z,106595,79651,49249,45723,26944,27506,27422,34996,19947
2020-11-30T06:00:00Z,118949,89184,51926,47758,29765,32709,32612,41209,22758
2020-11-30T07:00:00Z,126255,103510,57862,54362,22745,36919,36817,44590,24648
2020-11-30T08:00:00Z,132018,114718,62926,58572,17300,42700,42580,48909,28245
2020-11-30T09:00:00Z,132432,119149,64136,60178,13283,44615,44512,49924,29369
2020-11-30T10:00:00Z,131644,118803,65074,61369,12841,42645,42522,47990,28987
2020-11-30T11:00:00Z,128014,113725,62767,59158,14289,41741,41629,47253,28282
2020-11-30T12:00:00Z,131639,119401,66182,61841,12238,43600,43490,50993,31072
2020-11-30T13:00:00Z,140787,129176,70427,66728,11611,47848,47737,53580,32778
2020-11-30T14:00:00Z,153645,143712,78728,74973,9933,52040,51902,58145,36264
2020-11-30T15:00:00Z,156089,145884,79894,76040,10205,52516,52387,58510,36795
2020-11-30T16:00:00Z,149808,141394,76215,73322,8414,50237,50101,55310,34889
2020-11-30T17:00:00Z,141238,130779,72586,68727,10459,47117,46973,52617,33503
2020-11-30T18:00:00Z,134881,121066,69124,64090,13815,43683,43549,50589,32724
2020-11-30T19:00:00Z,129464,117860,65681,61716,11604,42067,41925,48497,30687
2020-11-30T20:00:00Z,128645,115623,65657,61793,13022,40971,40856,47321,30315
2020-11-30T22:00:00Z,110550,101548,58751,55267,9002,35639,35518,40994,26630
2020-11-30T23:00:00Z,97024,86730,51432,48047,10294,30927,30821,36677,23632
2020-12-01T00:00:00Z,97831,85756,52094,47797,12075,30361,30251,38124,24537
2020-12-01T01:00:00Z,98983,88740,52859,48294,10243,32865,32761,39414,24588
2020-12-01T02:00:00Z,102382,92015,54264,50691,10367,34328,34236,39746,23713
2020-12-01T03:00:00Z,100120,88643,53192,49497,11477,33001,32903,38643,23199
2020-12-01T04:00:00Z,93043,79935,48913,45490,13108,27731,27643,34493,20750
2020-12-01T05:00:00Z,111742,83551,50968,47299,28191,29776,29676,37491,21624
2020-12-01T06:00:00Z,133607,112563,74464,70427,21044,33929,33831,45296,26493
2020-12-01T07:00:00Z,127686,106186,59854,55551,21500,38388,38280,47506,27321
2020-12-01T08:00:00Z,142442,127549,73510,69657,14893,43489,43384,53069,31030
2020-12-01T09:00:00Z,138465,123882,66379,62219,14583,46267,46136,52361,30601
2020-12-01T10:00:00Z,134505,119493,64951,61170,15012,43903,43777,49915,29785
2020-12-01T11:00:00Z,131875,117325,63923,60252,14550,42723,42599,48764,29333
2020-12-01T12:00:00Z,131327,119246,65946,61450,12081,44566,44447,51463,31266
2020-12-01T13:00:00Z,146726,133684,72331,68881,13042,49170,49055,55018,33446
2020-12-01T14:00:00Z,170229,159546,92908,89137,10683,52968,52835,61752,39022
2020-12-01T15:00:00Z,172619,162601,95938,92388,10018,53407,53283,61741,39984
2020-12-01T16:00:00Z,159249,150449,85047,82177,8800,51009,50881,60158,37875
2020-12-01T17:00:00Z,138729,129731,70314,67534,8998,47220,47085,52262,33027
2020-12-01T18:00:00Z,131343,121834,66856,63441,9509,44815,44685,50360,31906
2020-12-01T19:00:00Z,128794,117598,63924,60966,11196,43384,43256,49500,31134
2020-12-01T20:00:00Z,130273,115742,64536,60331,14531,41845,41716,48402,30702
2020-12-01T21:00:00Z,129524,117233,66711,62187,12291,40097,39961,46397,30292
2020-12-01T22:00:00Z,118880,105745,60160,56826,13135,36662,36532,41955,27351
2020-12-01T23:00:00Z,102616,91844,53295,50049,10772,31960,31841,37507,24544
2020-12-02T00:00:00Z,98513,87823,52931,49112,10690,31366,31248,38408,25068
2020-12-02T01:00:00Z,99981,90002,52412,48109,9979,33765,33663,40454,25021
2020-12-02T02:00:00Z,105197,94528,54464,50701,10669,35709,35607,41451,24557
2020-12-02T03:00:00Z,103281,93944,54223,50756,9337,34072,33972,40269,24295
2020-12-02T04:00:00Z,96945,85705,53919,50846,11240,28618,28528,35027,21331
2020-12-02T05:00:00Z,104641,88645,54446,51277,15996,30781,30677,37602,22616
2020-12-02T06:00:00Z,114993,95983,56152,52220,19010,35186,35079,42870,24782
2020-12-02T07:00:00Z,117748,104893,58717,55211,12855,38917,38806,44710,25869
2020-12-02T08:00:00Z,126545,115718,63679,60316,10827,43854,43749,48731,28759
2020-12-02T09:00:00Z,136590,125821,68249,64632,10769,46546,46417,51625,30789
2020-12-02T10:00:00Z,134377,123484,66558,63140,10893,44206,44091,49909,30438
2020-12-02T11:00:00Z,127493,117204,63438,60073,10289,42418,42306,48483,29337
2020-12-02T12:00:00Z,150420,140589,86833,82754,9831,44888,44765,53793,34287
2020-12-02T13:00:00Z,162526,152705,93117,89861,9821,48972,48842,57353,36398
2020-12-02T14:00:00Z,151808,142439,77747,74377,9369,53257,53134,58057,36132
2020-12-02T15:00:00Z,158191,149449,80286,77161,8742,53683,53536,59263,37720
2020-12-02T16:00:00Z,150763,141607,75989,73049,9156,51569,51430,56875,35794
2020-12-02T17:00:00Z,155581,146729,87602,83938,8852,48046,47909,55870,36481
2020-12-02T18:00:00Z,160805,142350,89081,85026,18455,44165,44036,55937,35028
2020-12-02T19:00:00Z,131939,122440,68227,64882,9499,42930,42810,49876,31717
2020-12-02T20:00:00Z,126126,115693,65266,61501,10433,41465,41338,47474,30402
2020-12-02T21:00:00Z,124189,113106,64777,60431,11083,39499,39368,45710,29625
2020-12-02T22:00:00Z,111714,102229,59365,55597,9485,36098,35972,41620,27078
2020-12-02T23:00:00Z,100128,91219,54052,50806,8909,31889,31779,37235,24251
2020-12-03T00:00:00Z,101133,88247,54104,50072,12886,30992,30877,38448,24909
2020-12-03T01:00:00Z,101575,89389,52440,47988,12186,33413,33310,39902,24885
2020-12-03T02:00:00Z,110345,99189,60103,56573,11156,35198,35100,42296,26124
2020-12-03T03:00:00Z,103459,92223,55833,51976,11236,33331,33234,41566,25460
2020-12-03T04:00:00Z,93473,80281,50171,46882,13192,28026,27924,34670,21250
2020-12-03T05:00:00Z,101378,81411,49726,46463,19967,30663,30569,37535,22155
2020-12-03T06:00:00Z,115075,93272,54142,49537,21803,34912,34810,43850,24801
2020-12-03T07:00:00Z,121139,103659,58607,54472,17480,38599,38497,46055,26157
2020-12-03T08:00:00Z,130184,115133,61067,57100,15051,43729,43618,50237,28970
2020-12-03T09:00:00Z,144130,129813,72625,68280,14317,46259,46136,52306,31204
2020-12-03T10:00:00Z,133330,120282,66540,62688,13048,44141,44013,50085,30219
2020-12-03T11:00:00Z,127142,116423,63202,59527,10719,42989,42879,48875,29460
2020-12-03T12:00:00Z,149443,139041,85092,80591,10402,44651,44546,54173,34588
2020-12-03T13:00:00Z,158990,148863,88422,84682,10127,48946,48822,57723,37006
2020-12-03T14:00:00Z,167891,158553,94628,90760,9338,53148,53016,61532,39744
2020-12-03T15:00:00Z,152699,143559,77474,73515,9140,53747,53602,60284,38677
2020-12-03T16:00:00Z,144424,136600,72532,69661,7824,51206,51066,56483,35948
2020-12-03T17:00:00Z,142584,132463,72177,68584,10121,47641,47494,53177,34106
2020-12-03T18:00:00Z,133086,122973,69644,65298,10113,44098,43961,50334,32875
2020-12-03T19:00:00Z,128143,118224,65715,62400,9919,41981,41849,47921,30948
2020-12-03T20:00:00Z,123890,113801,64307,60957,10089,40992,40861,47083,30378
2020-12-03T21:00:00Z,123137,112947,62993,59412,10190,39190,39070,45439,29460
2020-12-03T22:00:00Z,113850,105336,58770,55839,8514,35573,35455,42470,26655
2020-12-03T23:00:00Z,98639,90340,54016,50665,8299,31862,31754,37061,24347
2020-12-04T00:00:00Z,96309,85762,52793,48670,10547,30345,30236,37571,24491
2020-12-04T01:00:00Z,97301,88682,53432,49169,8619,32651,32545,38495,24284
2020-12-04T02:00:00Z,97464,90027,53148,49772,7437,33944,33855,38930,23096
2020-12-04T03:00:00Z,96426,87667,51822,48293,8759,32293,32208,38364,22714
2020-12-04T04:00:00Z,87400,76252,47481,44162,11148,27104,27025,33657,20558
2020-12-04T05:00:00Z,96777,80724,49564,46354,16053,28783,28697,35512,20794
2020-12-04T06:00:00Z,108865,88902,52539,48370,19963,33788,33665,41877,24074
2020-12-04T07:00:00Z,111730,99472,55602,52052,12258,37199,37090,43906,25441
2020-12-04T08:00:00Z,119011,109538,59190,55807,9473,42040,41922,47736,27795
2020-12-04T09:00:00Z,126393,116535,63525,60034,9858,44162,44043,50251,30295
2020-12-04T10:00:00Z,122830,113267,62617,59462,9563,41931,41807,47336,28995
2020-12-04T11:00:00Z,115254,106586,59106,56135,8668,39586,39473,45097,27421
2020-12-04T12:00:00Z,119453,109925,62630,58467,9528,40839,40721,47316,29682
2020-12-04T13:00:00Z,129513,119500,67290,63224,10013,44560,44435,50035,31160
2020-12-04T14:00:00Z,143979,134568,73692,70343,9411,48581,48441,54678,34088
2020-12-04T15:00:00Z,144829,134445,75149,71437,10384,48974,48855,55876,35314
2020-12-04T16:00:00Z,133897,123709,68996,65968,10188,45935,45805,51931,32675
2020-12-04T17:00:00Z,134645,115192,65729,61841,19453,42756,42613,51310,31288
2020-12-04T18:00:00Z,132535,112677,64808,60206,19858,40385,40244,49421,30653
2020-12-04T19:00:00Z,128659,107603,60939,57606,21056,38067,37935,46856,28116
2020-12-04T20:00:00Z,125533,102538,60193,56526,22995,36369,36222,45220,27279
2020-12-04T21:00:00Z,119781,98854,57666,54070,20927,34482,34346,43295,26295
2020-12-04T22:00:00Z,100117,89501,52894,49823,10616,31339,31233,37269,24026
2020-12-04T23:00:00Z,87309,79614,48787,45964,7695,27237,27129,32324,21425
2020-12-05T00:00:00Z,87308,78908,48517,44991,8400,24524,24417,32123,21286
2020-12-05T01:00:00Z,78977,70818,43342,39304,8159,22667,22588,29470,19341
2020-12-05T02:00:00Z,79969,73332,41705,38868,6637,22479,22409,27233,16994
2020-12-05T03:00:00Z,72939,67132,42208,39471,5807,22249,22182,27257,17189
2020-12-05T04:00:00Z,67223,61968,39845,37513,5255,20891,20831,25353,16180
2020-12-05T05:00:00Z,69503,64036,41924,39448,5467,22144,22078,26329,16979
2020-12-05T06:00:00Z,72366,66551,43802,40766,5815,23449,23384,29074,18682
2020-12-05T07:00:00Z,72228,67043,41886,39426,5185,23764,23694,29136,17517
2020-12-05T08:00:00Z,80984,68352,43850,40448,12632,24859,24779,32107,19038
2020-12-05T09:00:00Z,79256,71323,45646,42074,7933,25829,25769,31765,20001
2020-12-05T10:00:00Z,82147,75763,47777,45077,6384,26426,26350,32065,20093
2020-12-05T11:00:00Z,83082,76391,47888,45286,6691,27580,27511,32774,20437
2020-12-05T12:00:00Z,91988,82818,51236,47653,9170,28878,28808,36341,22609
2020-12-05T13:00:00Z,92586,84659,52363,49237,7927,31401,31329,37033,23486
2020-12-05T14:00:00Z,97714,91134,56474,53678,6580,33618,33540,38976,24824
2020-12-05T15:00:00Z,99262,92656,57497,54667,6606,34155,34088,40292,25973
2020-12-05T16:00:00Z,96150,90237,55797,53730,5913,33639,33568,39213,25402
2020-12-05T17:00:00Z,95459,89449,55591,53185,6010,32230,32162,37844,24604
2020-12-05T18:00:00Z,91383,84885,53449,50354,6498,30883,30805,37047,24515
2020-12-05T19:00:00Z,89234,84014,49962,47880,5220,29548,29480,34514,22649
2020-12-05T20:00:00Z,84302,78091,48670,46300,6211,27870,27795,32714,21667
2020-12-05T21:00:00Z,81825,75366,47948,45504,6459,26870,26801,31963,20902
2020-12-05T22:00:00Z,79158,72062,46196,43901,7096,24931,24858,29995,19548
2020-12-05T23:00:00Z,72692,66706,45483,43212,5986,22456,22388,26840,18192
2020-12-06T00:00:00Z,72047,64860,44016,40923,7187,21229,21154,27758,18582
2020-12-06T01:00:00Z,67113,59786,40712,37271,7327,20346,20279,26161,17539
2020-12-06T02:00:00Z,66840,61705,41136,38605,5135,20690,20635,24955,16220
2020-12-06T03:00:00Z,65513,60389,39991,37388,5124,20883,20822,25604,16556
2020-12-06T04:00:00Z,66158,61417,40654,38370,4741,20390,20333,24617,16053
2020-12-06T05:00:00Z,71110,61959,41940,39501,9151,21723,21660,26470,17091
2020-12-06T06:00:00Z,68346,62244,41457,38155,6102,22253,22205,27684,17869
2020-12-06T07:00:00Z,70757,65816,42478,40046,4941,23286,23229,27878,17520
2020-12-06T08:00:00Z,72609,67855,42794,40317,4754,24412,24351,29725,18102
2020-12-06T09:00:00Z,77206,71232,45235,42432,5974,25993,25928,31278,19622
2020-12-06T10:00:00Z,84656,78563,49006,46381,6093,27237,27174,32249,20525
2020-12-06T11:00:00Z,84699,78817,49143,46644,5882,28875,28805,33682,21313
2020-12-06T12:00:00Z,87975,81251,51297,47923,6724,30667,30595,36999,23598
2020-12-06T13:00:00Z,96076,89984,55031,52400,6092,33908,33838,39325,24828
2020-12-06T14:00:00Z,103458,97157,59818,57066,6301,36143,36065,42186,26895
2020-12-06T15:00:00Z,104536,97780,61110,58283,6756,36939,36873,43168,28074
2020-12-06T16:00:00Z,104646,98548,59531,57306,6098,36241,36170,42093,27348
2020-12-06T17:00:00Z,99424,92653,57175,54611,6771,34384,34307,40005,26141
2020-12-06T18:00:00Z,99398,91478,57849,54493,7920,33071,33006,40083,26532
2020-12-06T19:00:00Z,96391,89062,56043,53049,7329,32478,32413,37725,25201
2020-12-06T20:00:00Z,91358,85153,53475,50899,6205,31273,31203,36143,24408
2020-12-06T21:00:00Z,91568,85128,53839,51098,6440,30460,30388,35359,23712
2020-12-06T22:00:00Z,84326,78652,50332,48103,5674,28443,28365,32542,21882
2020-12-06T23:00:00Z,80223,74288,48298,46134,5935,25835,25776,30327,20407
2020-12-07T00:00:00Z,88359,72509,47679,44551,15850,25771,25688,33318,21482
2020-12-07T01:00:00Z,89881,77523,49105,44958,12358,29035,28954,35463,22171
2020-12-07T02:00:00Z,94174,84166,50673,47463,10008,31960,31873,36916,21956
2020-12-07T03:00:00Z,96030,85625,52911,49613,10405,31654,31576,36985,22319
2020-12-07T04:00:00Z,90802,75990,48228,45128,14812,27114,27032,32925,20228
2020-12-07T05:00:00Z,109194,77654,47679,43554,31540,28935,28848,36404,20855
2020-12-07T06:00:00Z,124546,87981,52180,47279,36565,34296,34199,43129,23999
2020-12-07T07:00:00Z,126655,97935,54217,50662,28720,37816,37710,45340,24842
2020-12-07T08:00:00Z,139210,112587,61113,56485,26623,43188,43068,51040,28919
2020-12-07T09:00:00Z,137947,120807,64216,59338,17140,45850,45723,51953,30470
2020-12-07T10:00:00Z,137217,118340,64895,60206,18877,44016,43898,50784,30544
2020-12-07T11:00:00Z,131494,114749,63165,58994,16745,42618,42493,49283,29722
2020-12-07T12:00:00Z,133276,117817,66237,61553,15459,44738,44622,51657,31684
2020-12-07T13:00:00Z,142216,128639,70824,67032,13577,48474,48345,54529,33212
2020-12-07T14:00:00Z,155793,144284,78006,74254,11509,52876,52751,60015,36595
2020-12-07T15:00:00Z,159549,147107,82408,78058,12442,53659,53513,60069,37995
2020-12-07T16:00:00Z,147915,137594,74833,71480,10321,51828,51693,57184,36191
2020-12-07T17:00:00Z,144253,133683,75391,71412,10570,47908,47779,53828,34405
2020-12-07T18:00:00Z,139710,126296,69876,64705,13414,44788,44657,52060,33863
2020-12-07T19:00:00Z,133481,121854,68112,63711,11627,43384,43260,49588,31962
2020-12-07T20:00:00Z,127697,114367,65306,61325,13330,42099,41971,47925,31014
2020-12-07T21:00:00Z,129905,117660,65450,61478,12245,40323,40203,46625,30095
2020-12-07T22:00:00Z,112150,102032,59282,55966,10118,36364,36238,42046,27427
2020-12-07T23:00:00Z,102446,90985,53928,50410,11461,31910,31789,38390,25027
2020-12-08T00:00:00Z,99738,87481,54046,49957,12257,30947,30825,38506,25298
2020-12-08T01:00:00Z,99651,90731,53999,49893,8920,33517,33413,40015,25336
2020-12-08T02:00:00Z,101733,93455,54677,51404,8278,35069,34979,40180,24252
2020-12-08T03:00:00Z,99202,89785,53234,49738,9417,33398,33302,39642,23975
2020-12-08T04:00:00Z,93742,81198,48076,44726,12544,28341,28243,34893,21548
2020-12-08T05:00:00Z,105602,82728,50248,46413,22874,30176,30073,37999,22298
2020-12-08T06:00:00Z,117961,91268,54013,49142,26693,34772,34669,43852,25245
2020-12-08T07:00:00Z,120932,99782,56105,51697,21150,38545,38431,45563,26014
2020-12-08T08:00:00Z,126802,110558,60473,56516,16244,43074,42944,49575,28785
2020-12-08T09:00:00Z,132745,119674,65276,61418,13071,45176,45052,50822,30447
2020-12-08T10:00:00Z,131631,117492,65488,61634,14139,43758,43644,49168,30271
2020-12-08T11:00:00Z,124716,113615,62387,58949,11101,42039,41928,47274,28973
2020-12-08T12:00:00Z,131556,120027,67803,63439,11529,44496,44363,51413,32142
2020-12-08T13:00:00Z,142300,131156,73480,69970,11144,48314,48187,53658,33461
2020-12-08T14:00:00Z,152007,141762,77463,73641,10245,52748,52618,58510,36681
2020-12-08T15:00:00Z,153254,141806,78079,74217,11448,53573,53438,59781,38030
2020-12-08T16:00:00Z,150006,140661,77323,74093,9345,51523,51387,56692,36461
2020-12-08T17:00:00Z,148146,135627,74852,70952,12519,48482,48343,54086,34709
2020-12-08T18:00:00Z,138115,126618,70183,65431,11497,45902,45775,52017,33890
2020-12-08T19:00:00Z,135151,124109,68405,64501,11042,44142,44017,49704,32122
2020-12-08T20:00:00Z,128529,116623,66312,62664,11906,41754,41620,47431,30594
2020-12-08T21:00:00Z,129398,114658,66224,61912,14740,39895,39757,47039,30599
2020-12-08T22:00:00Z,116123,102318,59214,55710,13805,36482,36363,43665,27367
2020-12-08T23:00:00Z,99187,89821,52799,49565,9366,32250,32147,37226,24436
2020-12-09T00:00:00Z,97872,86951,52673,48688,10921,31288,31177,38231,25040
2020-12-09T01:00:00Z,100107,90706,54290,50250,9401,34016,33910,40254,25471
2020-12-09T02:00:00Z,99723,91090,52678,49464,8633,35104,34999,39875,23840
2020-12-09T03:00:00Z,97434,88124,51704,48385,9310,33588,33500,39212,23507
2020-12-09T04:00:00Z,92040,79415,49059,45963,12625,28761,28671,34644,21421
2020-12-09T05:00:00Z,106851,85203,51803,48545,21648,31373,31271,38279,22800
2020-12-09T06:00:00Z,118354,93025,54039,49877,25329,35645,35531,44896,25759
2020-12-09T07:00:00Z,118633,102483,57060,53219,16150,39249,39141,46053,26294
2020-12-09T08:00:00Z,127628,115067,60734,57173,12561,44304,44175,50294,29325
2020-12-09T09:00:00Z,135509,124520,66118,62450,10989,47101,46981,52230,31600
2020-12-09T10:00:00Z,134224,122354,65881,62446,11870,44611,44487,50728,30733
2020-12-09T11:00:00Z,126922,116630,63598,60355,10292,43081,42963,48407,29432
2020-12-09T12:00:00Z,128726,118682,65849,61684,10044,44773,44671,50977,31816
2020-12-09T13:00:00Z,144307,132562,73716,69620,11745,49311,49173,54790,34043
2020-12-09T14:00:00Z,155778,145476,80544,76687,10302,54080,53942,59525,37505
2020-12-09T15:00:00Z,159243,149470,83693,79991,9773,54763,54617,59980,38724
2020-12-09T16:00:00Z,154318,144943,81174,78031,9375,51632,51502,56328,36166
2020-12-09T17:00:00Z,147374,137516,77035,73616,9858,47936,47795,52921,33855
2020-12-09T18:00:00Z,137883,127490,73679,69474,10393,45103,44970,50982,33153
2020-12-09T19:00:00Z,137163,123657,70594,67016,13506,43358,43233,49739,31444
2020-12-09T20:00:00Z,132048,120174,69329,65849,11874,41609,41484,46866,30452
2020-12-09T21:00:00Z,128291,118172,68886,65249,10119,39086,38963,44413,29298
2020-12-09T22:00:00Z,117119,106045,62511,59206,11074,35924,35790,41551,27264
2020-12-09T23:00:00Z,106825,94326,57421,53745,12499,31478,31373,37561,24686
2020-12-10T00:00:00Z,102677,89390,55371,51139,13287,29932,29806,37182,24228
2020-12-10T01:00:00Z,101279,92090,56579,52358,9189,32269,32173,38116,24211
2020-12-10T02:00:00Z,104354,95548,56251,53080,8806,34474,34362,39452,23541
2020-12-10T03:00:00Z,102540,93638,56257,53224,8902,32778,32670,38604,23301
2020-12-10T04:00:00Z,95211,82622,52193,49109,12589,28038,27944,33815,21198
2020-12-10T05:00:00Z,102683,84148,51082,47849,18535,29248,29142,36084,21310
2020-12-10T06:00:00Z,113634,93730,55284,51531,19904,34308,34211,42026,24110
2020-12-10T07:00:00Z,121076,104984,60058,56220,16092,38204,38091,44357,25526
2020-12-10T08:00:00Z,127669,115927,63198,59625,11742,42979,42861,48650,28213
2020-12-10T09:00:00Z,138197,122783,66913,62681,15414,45762,45628,51603,31031
2020-12-10T10:00:00Z,135902,122424,68073,64322,13478,43465,43344,48679,29946
2020-12-10T11:00:00Z,130472,118650,65695,62202,11822,41966,41852,47310,28721
2020-12-10T12:00:00Z,131590,120705,67729,63342,10885,43841,43724,50241,31238
2020-12-10T13:00:00Z,143229,131263,73394,69518,11966,47514,47379,53052,32693
2020-12-10T14:00:00Z,152765,142573,79158,75544,10192,51409,51277,56767,35793
2020-12-10T15:00:00Z,151465,141547,78944,75212,9918,52090,51950,57277,37145
2020-12-10T16:00:00Z,147259,136701,75762,72639,10558,49290,49163,54877,34877
2020-12-10T17:00:00Z,160650,132238,75526,71359,28412,45914,45760,58771,33189
2020-12-10T18:00:00Z,149116,122768,71443,66460,26348,42890,42733,54947,32187
2020-12-10T19:00:00Z,142050,120436,69905,65662,21614,41386,41243,50802,31037
2020-12-10T20:00:00Z,140975,116718,68459,64828,24257,39858,39730,50964,30196
2020-12-10T21:00:00Z,130657,112658,65380,61631,17999,37817,37706,46350,28685
2020-12-10T22:00:00Z,125077,103926,59962,56505,21151,35044,34920,45679,27304
2020-12-10T23:00:00Z,108382,87755,52420,48996,20627,30463,30359,40860,24132
2020-12-11T00:00:00Z,107321,83668,51406,47154,23653,28987,28869,41972,23807
2020-12-11T01:00:00Z,114624,87205,52273,47970,27419,31261,31148,46017,23847
2020-12-11T02:00:00Z,126575,88009,50299,47094,38566,32541,32429,51434,22501
2020-12-11T03:00:00Z,121974,85603,50130,46958,36371,31325,31222,49494,22421
2020-12-11T04:00:00Z,118267,74340,45686,42820,43927,26236,26126,47089,19995
2020-12-11T05:00:00Z,103193,78621,47522,44193,24572,27655,27547,36503,20870
2020-12-11T06:00:00Z,115393,88923,52422,48053,26470,32896,32788,42444,24197
2020-12-11T07:00:00Z,167291,98429,54780,51127,68862,36812,36705,69098,25020
2020-12-11T08:00:00Z,197634,125091,78774,75289,72543,39886,39782,77541,29412
2020-12-11T09:00:00Z,189058,116072,63425,59678,72986,42287,42147,78072,29091
2020-12-11T10:00:00Z,162089,113828,63075,59437,48261,41221,41103,63279,29091
2020-12-11T11:00:00Z,129430,109832,62059,58225,19598,38801,38680,48162,27767
2020-12-11T12:00:00Z,135035,111988,63269,59077,23047,39865,39748,51842,29797
2020-12-11T13:00:00Z,143788,118419,66460,62638,25369,42796,42683,54297,30388
2020-12-11T14:00:00Z,159809,130956,74119,70425,28853,46624,46489,60025,33212
2020-12-11T15:00:00Z,175594,129911,71313,67499,45683,46781,46650,69650,33701
2020-12-11T16:00:00Z,186194,119831,66422,63245,66363,44510,44367,77902,31856
2020-12-11T17:00:00Z,185000,112897,63825,60328,72103,41529,41396,76820,29923
2020-12-11T18:00:00Z,178105,107841,62380,58298,70264,38747,38619,73682,29024
2020-12-11T19:00:00Z,172359,104160,59820,56429,68199,36405,36281,70674,27215
2020-12-11T20:00:00Z,171549,99008,57437,54248,72541,34514,34380,69532,26076
2020-12-11T21:00:00Z,174870,95651,56989,52876,79219,32833,32695,70694,25877
2020-12-11T22:00:00Z,162311,87620,53664,50098,74691,29709,29590,65241,23712
2020-12-12T00:00:00Z,146587,71064,45862,42013,75523,23851,23734,61905,21028
2020-12-12T01:00:00Z,137839,64140,42635,38390,73699,22422,22326,59578,19835
2020-12-12T02:00:00Z,131883,61663,39139,36473,70220,21599,21522,57121,16999
2020-12-12T03:00:00Z,134572,61585,39389,36466,72987,21164,21083,58189,16691
2020-12-12T04:00:00Z,129279,60375,39489,37072,68904,20162,20091,55202,16357
2020-12-12T05:00:00Z,131730,60710,39363,36803,71020,20735,20666,55702,16343
2020-12-12T06:00:00Z,138319,64923,41851,38635,73396,21764,21687,59955,18258
2020-12-12T07:00:00Z,138949,71121,45135,42728,67828,22640,22572,59809,19224
2020-12-12T08:00:00Z,141446,70345,42528,39958,71101,23680,23609,59695,17909
2020-12-12T09:00:00Z,157613,85763,46107,43429,71850,25169,25102,61635,19109
2020-12-12T10:00:00Z,161192,93058,45767,43387,68134,25440,25365,60160,19082
2020-12-12T11:00:00Z,171854,102740,47140,44605,69114,26270,26197,60980,19744
2020-12-12T12:00:00Z,180886,107492,49390,45981,73394,28329,28254,65907,22195
2020-12-12T13:00:00Z,179156,108670,52081,49412,70486,30283,30207,66065,22455
2020-12-12T14:00:00Z,180399,110894,55170,52374,69505,32641,32556,68543,24450
2020-12-12T15:00:00Z,183986,110061,56462,53325,73925,33647,33567,70995,25638
2020-12-12T16:00:00Z,176555,106125,56313,54199,70430,32874,32780,69450,25030
2020-12-12T17:00:00Z,184295,110772,54813,51802,73523,31663,31573,68806,24630
2020-12-12T18:00:00Z,188569,114593,53198,49367,73976,30148,30054,68414,24427
2020-12-12T19:00:00Z,185491,114882,50595,47980,70609,28577,28493,64392,22431
2020-12-12T20:00:00Z,183319,112377,49195,46796,70942,27207,27120,62261,21656
2020-12-12T21:00:00Z,176499,103056,48528,46002,73443,25817,25734,63007,20755
2020-12-12T22:00:00Z,166688,98025,45566,43561,68663,24002,23928,59036,19311
2020-12-13T00:00:00Z,159072,87036,43893,41132,72036,20666,20596,57674,18410
2020-12-13T01:00:00Z,151633,82963,41413,38229,68670,20035,19961,54924,17585
2020-12-13T02:00:00Z,152625,82746,40865,38656,69879,19831,19766,54675,15612
2020-12-13T03:00:00Z,153695,81579,40656,38129,72116,20183,20107,56427,16034
2020-12-13T04:00:00Z,141421,76948,40244,37985,64473,20050,19975,51136,16056
2020-12-13T05:00:00Z,143109,81509,41771,38965,61600,20265,20197,46264,15850
2020-12-13T06:00:00Z,138599,81345,41895,38806,57254,21536,21468,49975,17604
2020-12-13T07:00:00Z,138917,84631,42292,39929,54286,22881,22802,49846,17224
2020-12-13T08:00:00Z,92546,78463,44137,41551,14083,23993,23926,33078,18074
2020-12-13T09:00:00Z,88187,81672,47350,44777,6515,25518,25456,30857,19618
2020-12-13T10:00:00Z,98655,92079,47836,45478,6576,26763,26704,31847,20027
2020-12-13T11:00:00Z,104578,97873,53301,50728,6705,28309,28227,33231,21147
2020-12-13T12:00:00Z,108333,100624,55607,52275,7709,30546,30485,36881,23683
2020-12-13T13:00:00Z,109233,102170,56968,54310,7063,32976,32918,38574,24244
2020-12-13T14:00:00Z,115223,107770,58419,55716,7453,35437,35357,42146,26094
2020-12-13T15:00:00Z,120784,112786,61785,58680,7998,36697,36616,42823,28232
2020-12-13T16:00:00Z,106856,100332,59575,57406,6524,34745,34671,40156,26356
2020-12-13T17:00:00Z,104918,96694,58069,55446,8224,33543,33471,39392,25893
2020-12-13T18:00:00Z,100487,91145,57806,54284,9342,32343,32261,39467,26342
2020-12-13T19:00:00Z,95080,86898,55360,52426,8182,31168,31078,37246,25262
2020-12-13T20:00:00Z,91584,84589,53323,50617,6995,30540,30465,35624,24026
2020-12-13T21:00:00Z,92607,85462,53906,51306,7145,29378,29298,34797,23453
2020-12-13T22:00:00Z,86800,80365,51212,49225,6435,27734,27656,32786,22031
2020-12-13T23:00:00Z,83303,74982,48389,45940,8321,25269,25192,30938,20559
2020-12-14T00:00:00Z,97823,83432,49063,45618,14391,25249,25167,33157,21545
2020-12-14T01:00:00Z,103116,90544,51242,47047,12572,28568,28481,35699,22705
2020-12-14T02:00:00Z,106574,94107,51193,47916,12467,31016,30939,36576,21889
2020-12-14T03:00:00Z,110475,99172,51162,48072,11303,30574,30506,36313,21944
2020-12-14T04:00:00Z,106820,89025,48306,45370,17795,26242,26159,34033,20566
2020-12-14T05:00:00Z,126527,91735,48548,44347,34792,27685,27593,35475,20475
2020-12-14T06:00:00Z,141347,99959,52993,48356,41388,33184,33087,43217,24122
2020-12-14T07:00:00Z,152249,115576,56950,53440,36673,37704,37593,47298,26367
2020-12-14T08:00:00Z,157628,129476,63031,58170,28152,42166,42046,50497,29097
2020-12-14T09:00:00Z,148611,128284,65486,61001,20327,44935,44813,51826,30490
2020-12-14T10:00:00Z,149073,129302,65920,61614,19771,43378,43252,49757,30002
2020-12-14T12:00:00Z,137667,118067,63926,59373,19600,41340,41219,49404,30422
2020-12-14T13:00:00Z,157526,136423,71133,67150,21103,46867,46737,54317,32994
2020-12-14T14:00:00Z,167996,150666,79327,75350,17330,51533,51394,58384,36582
2020-12-14T15:00:00Z,160172,146590,79308,75030,13582,51188,51055,57954,37176
2020-12-14T16:00:00Z,150274,139076,75517,72125,11198,49995,49849,55751,35754
2020-12-14T17:00:00Z,149695,138769,73087,69746,10926,46361,46239,52647,33847
2020-12-14T18:00:00Z,142404,128299,69135,64146,14105,43311,43166,50821,32790
2020-12-14T19:00:00Z,134224,122273,67575,63509,11951,41815,41674,48113,31367
2020-12-14T20:00:00Z,131505,116648,65821,61979,14857,40110,39978,46467,30365
2020-12-14T21:00:00Z,125552,111741,64779,60481,13811,38268,38146,44993,29622
2020-12-14T22:00:00Z,112226,100902,58544,55284,11324,34904,34782,41467,27067
2020-12-14T23:00:00Z,100617,89681,52921,49904,10936,30650,30528,36731,24110
2020-12-15T00:00:00Z,96481,85142,52043,48338,11339,29414,29289,36768,24201
2020-12-15T01:00:00Z,96092,87054,52375,48516,9038,32019,31911,38290,24210
2020-12-15T02:00:00Z,99093,91510,53074,50236,7583,33048,32965,38697,23140
2020-12-15T03:00:00Z,98807,90429,51466,48512,8378,32017,31930,37824,23001
2020-12-15T04:00:00Z,90934,81080,47204,44639,9854,26929,26844,33296,20789
2020-12-15T05:00:00Z,101897,86676,48140,45011,15221,28860,28774,35739,21168
2020-12-15T06:00:00Z,112340,92682,50560,46963,19658,33692,33587,41840,23828
2020-12-15T07:00:00Z,126129,111504,57185,53575,14625,37449,37349,44940,25590
2020-12-15T08:00:00Z,136579,125496,61850,58422,11083,42695,42578,48971,28868
2020-12-15T09:00:00Z,149050,137119,66648,62744,11931,45125,45000,51061,30790
2020-12-15T10:00:00Z,139333,127531,65571,62227,11802,43244,43134,48470,29925
2020-12-15T11:00:00Z,137563,127120,63076,59748,10443,41835,41729,47535,28988
2020-12-15T12:00:00Z,135096,124346,66948,62820,10750,43583,43461,50279,31440
2020-12-15T13:00:00Z,145916,135753,72157,68794,10163,47720,47606,53067,33305
2020-12-15T14:00:00Z,161342,151505,78563,74898,9837,51533,51392,56580,35901
2020-12-15T15:00:00Z,165103,154458,78166,74464,10645,51621,51488,56937,36183
2020-12-15T16:00:00Z,163841,149554,74593,71222,14287,49651,49514,56350,35201
2020-12-15T17:00:00Z,156624,144224,71387,67983,12400,46072,45937,52335,32812
2020-12-15T18:00:00Z,143818,130990,68800,63876,12828,42484,42347,49752,31815
2020-12-15T19:00:00Z,130635,118986,65443,61613,11649,40818,40686,46790,30096
2020-12-15T20:00:00Z,126464,114358,63366,59502,12106,39424,39292,45814,29492
2020-12-15T21:00:00Z,124585,113019,63026,59306,11566,37516,37375,43766,28371
2020-12-15T22:00:00Z,123090,113025,58410,55060,10065,34063,33932,39525,25901
2020-12-15T23:00:00Z,106666,97202,53804,50682,9464,30020,29917,35539,23527
2020-12-16T00:00:00Z,102799,90346,53177,49077,12453,29281,29169,37062,23924
2020-12-16T01:00:00Z,101208,91718,52536,48379,9490,31164,31060,37779,23766
2020-12-16T02:00:00Z,104154,95470,54091,51159,8684,32937,32833,38524,22750
2020-12-16T03:00:00Z,97152,88607,50804,47946,8545,31331,31235,36843,21905
2020-12-16T04:00:00Z,89047,77743,47302,44653,11304,26501,26409,32910,19847
2020-12-16T05:00:00Z,100280,80850,48310,45123,19430,28046,27948,34992,20333
2020-12-16T06:00:00Z,116354,94690,51557,47845,21664,33179,33073,42092,23901
2020-12-16T07:00:00Z,120486,104571,55180,51635,15915,37495,37383,44205,25492
2020-12-16T08:00:00Z,127129,115806,59535,56468,11323,41882,41788,47386,27533
2020-12-16T09:00:00Z,139744,127648,63582,60374,12096,44384,44264,49776,29479
2020-12-16T10:00:00Z,144466,129003,63937,60382,15463,42440,42322,49162,29194
2020-12-16T11:00:00Z,145670,131831,61736,58098,13839,41055,40923,47055,28440
2020-12-16T12:00:00Z,144706,132712,66388,62034,11994,42944,42827,49515,30981
2020-12-16T13:00:00Z,154752,143364,71308,67543,11388,46552,46438,52846,32095
2020-12-16T14:00:00Z,161494,149852,76240,72006,11642,50586,50456,55899,34931
2020-12-16T15:00:00Z,154654,144326,76863,72847,10328,51124,50988,56369,35659
2020-12-16T16:00:00Z,154261,143323,75491,71675,10938,48544,48420,54653,34756
2020-12-16T17:00:00Z,143360,132687,70423,66519,10673,45260,45126,50996,32530
2020-12-16T18:00:00Z,131778,121015,67654,62684,10763,41998,41862,48867,31469
2020-12-16T19:00:00Z,126312,115593,65429,61659,10719,40114,40003,45712,29492
2020-12-16T20:00:00Z,126294,116208,62553,58876,10086,38601,38476,43999,28385
2020-12-16T21:00:00Z,120677,110630,63472,59971,10047,37270,37146,43711,28537
2020-12-16T22:00:00Z,105826,96998,56023,53040,8828,33711,33592,38579,25393
2020-12-16T23:00:00Z,96166,87577,49213,46546,8589,29192,29095,34667,22945
2020-12-17T00:00:00Z,98426,85142,50239,46911,13284,28802,28695,35905,23258
2020-12-17T01:00:00Z,98023,89999,47385,43789,8024,30728,30630,37288,23137
2020-12-17T02:00:00Z,102617,95475,47447,44839,7142,32028,31935,36791,21718
2020-12-17T03:00:00Z,102531,95339,47811,45006,7192,30739,30645,36186,21612
2020-12-17T04:00:00Z,95796,86031,43568,41158,9765,25935,25847,32012,19261
2020-12-17T05:00:00Z,101771,86603,44119,41491,15168,27383,27286,34149,19604
2020-12-17T06:00:00Z,129054,109957,49472,46098,19097,32884,32781,41925,23531
2020-12-17T07:00:00Z,131058,118537,53826,50600,12521,38100,38002,44033,25539
2020-12-17T08:00:00Z,141424,132499,56477,53430,8925,41535,41427,46665,27148
2020-12-17T09:00:00Z,157538,148626,61986,58726,8912,43708,43592,48743,28978
2020-12-17T10:00:00Z,150834,141171,62223,59415,9663,42429,42313,47183,28467
2020-12-17T11:00:00Z,146843,138412,59937,57346,8431,40738,40621,45694,27363
2020-12-17T12:00:00Z,147670,139148,64720,61127,8522,42159,42041,47811,29760
2020-12-17T13:00:00Z,154070,145795,66887,63964,8275,45773,45658,50874,30962
2020-12-17T14:00:00Z,147262,139582,72317,69522,7680,49300,49165,54019,33516
2020-12-17T15:00:00Z,143745,135210,72832,69789,8535,49606,49473,54560,34614
2020-12-17T16:00:00Z,138853,129544,70250,67330,9309,47555,47424,52677,33291
2020-12-17T17:00:00Z,130043,122197,66384,63827,7846,43452,43318,48392,30748
2020-12-17T18:00:00Z,121781,113648,63149,59547,8133,40441,40324,46226,29699
2020-12-17T19:00:00Z,124750,115221,61839,58527,9529,39160,39029,45785,28633
2020-12-17T20:00:00Z,118078,107800,61414,58027,10278,37459,37343,43587,27910
2020-12-17T21:00:00Z,128146,106098,60531,56992,22048,35349,35234,48286,27926
2020-12-17T22:00:00Z,111523,98297,56245,53351,13226,32734,32617,40650,24666
2020-12-17T23:00:00Z,95737,87247,51272,48335,8490,29054,28948,34795,22563
2020-12-18T00:00:00Z,93832,83145,50605,46578,10687,27801,27702,35815,23013
2020-12-18T01:00:00Z,90951,82457,48611,44392,8494,29825,29722,37188,23196
2020-12-18T02:00:00Z,94183,86366,50047,46680,7817,31132,31040,36953,21447
2020-12-18T03:00:00Z,92041,84080,49738,46450,7961,29968,29873,36291,21524
2020-12-18T04:00:00Z,81723,73166,45037,42260,8557,25002,24915,31470,18961
2020-12-18T05:00:00Z,88739,75197,45467,42619,13542,26508,26419,33380,19379
2020-12-18T06:00:00Z,105233,86124,49752,46081,19109,31175,31070,39910,22727
2020-12-18T07:00:00Z,107992,93630,51630,48691,14362,34673,34566,41060,23416
2020-12-18T08:00:00Z,113587,105070,55523,52663,8517,38721,38623,44227,25752
2020-12-18T09:00:00Z,121225,112797,59778,56749,8428,41871,41763,47353,28073
2020-12-18T10:00:00Z,118674,109591,59757,56661,9083,39437,39318,44391,27278
2020-12-18T11:00:00Z,114923,106315,57754,54856,8608,37182,37072,42660,25950
2020-12-18T12:00:00Z,116505,107847,60575,56915,8658,37987,37875,44120,27714
2020-12-18T13:00:00Z,125002,115661,63559,60324,9341,41023,40908,46524,28816
2020-12-18T14:00:00Z,130612,122755,66571,63578,7857,44108,43990,49162,30669
2020-12-18T15:00:00Z,134346,125169,69207,65928,9177,44637,44515,50071,31981
2020-12-18T16:00:00Z,126952,118681,66830,64086,8271,42632,42513,48192,30409
2020-12-18T17:00:00Z,120687,112551,61835,59226,8136,39273,39145,45078,28128
2020-12-18T18:00:00Z,111441,102124,58675,54992,9317,36081,35960,42991,27758
2020-12-18T19:00:00Z,105201,96275,54974,51824,8926,33881,33749,40006,25331
2020-12-18T20:00:00Z,101316,92242,53264,50303,9074,32232,32123,37945,24449
2020-12-18T21:00:00Z,99469,90227,52948,49697,9242,30495,30372,36679,23661
2020-12-18T22:00:00Z,99026,81046,47834,44942,17980,27779,27650,36093,21457
2020-12-18T23:00:00Z,86715,73923,44425,41154,12792,24054,23946,31668,19877
2020-12-19T00:00:00Z,80800,69432,43651,39548,11368,21988,21889,29793,19760
2020-12-19T01:00:00Z,70913,60964,39311,34818,9949,20555,20469,27745,18488
2020-12-19T02:00:00Z,67616,60016,37094,34079,7600,20279,20205,25470,15762
2020-12-19T03:00:00Z,66026,60283,37252,34568,5743,20187,20117,25388,15847
2020-12-19T04:00:00Z,63327,57540,36186,33692,5787,19330,19267,23764,15102
2020-12-19T05:00:00Z,62123,56093,35961,33492,6030,19212,19156,23529,14603
2020-12-19T06:00:00Z,68455,62193,39203,36191,6262,20905,20842,27245,16876
2020-12-19T07:00:00Z,72043,65962,40961,38746,6081,22211,22147,27049,16141
2020-12-19T08:00:00Z,73065,66723,41066,38797,6342,23129,23070,28440,16906
2020-12-19T09:00:00Z,74825,69643,43066,40710,5182,23917,23854,28852,17523
2020-12-19T10:00:00Z,76360,71048,43938,41672,5312,24269,24201,29156,17599
2020-12-19T11:00:00Z,76775,71121,43796,41413,5654,24769,24703,29589,18122
2020-12-19T12:00:00Z,81363,74072,46305,43099,7291,26350,26273,32486,20542
2020-12-19T13:00:00Z,85860,79870,48931,46471,5990,28785,28715,33949,20859
2020-12-19T14:00:00Z,89166,82998,50540,47996,6168,30651,30574,36182,22505
2020-12-19T15:00:00Z,93064,86904,53588,51157,6160,30993,30918,36662,23143
2020-12-19T16:00:00Z,88430,83240,50636,48760,5190,30571,30496,35820,22636
2020-12-19T17:00:00Z,89651,83855,52804,50866,5796,29203,29133,34284,21978
2020-12-19T18:00:00Z,86878,80628,50067,47074,6250,27736,27666,34614,22117
2020-12-19T19:00:00Z,80393,74761,46739,44698,5632,26107,26031,30785,20162
2020-12-19T20:00:00Z,76218,71043,44723,42599,5175,25085,25026,29809,19440
2020-12-19T21:00:00Z,76828,71205,44868,42531,5623,23776,23703,28858,19069
2020-12-19T22:00:00Z,71471,65542,41157,39255,5929,22086,22015,26568,17629
2020-12-19T23:00:00Z,64034,59135,37745,35832,4899,19869,19803,24401,16198
2020-12-20T00:00:00Z,61644,55378,37658,34852,6266,18352,18282,24438,16467
2020-12-20T01:00:00Z,60976,54307,36321,33196,6669,18029,17968,23956,15956
2020-12-20T02:00:00Z,59070,54827,35861,33967,4243,18336,18269,22607,14235
2020-12-20T03:00:00Z,60104,55334,35570,33198,4770,18615,18562,23582,14728
2020-12-20T04:00:00Z,56819,52764,33526,31610,4055,18097,18039,22355,14148
2020-12-20T05:00:00Z,62071,54361,34751,32650,7710,18422,18363,22795,14019
2020-12-20T06:00:00Z,63356,58407,37376,34540,4949,19710,19650,25347,16068
2020-12-20T07:00:00Z,64253,59990,37641,35367,4263,21131,21076,25475,15662
2020-12-20T08:00:00Z,67839,62641,39366,36827,5198,22116,22047,27012,16771
2020-12-20T09:00:00Z,73165,67360,41623,39109,5805,23224,23155,29498,17581
2020-12-20T10:00:00Z,74209,69237,42368,40179,4972,24696,24630,29523,18014
2020-12-20T11:00:00Z,78978,73745,44287,42044,5233,26243,26180,31039,18923
2020-12-20T12:00:00Z,84923,78194,48874,45723,6729,28415,28356,34540,21795
2020-12-20T13:00:00Z,91957,86341,52627,50233,5616,30861,30785,37103,22387
2020-12-20T14:00:00Z,98518,92573,55832,53261,5945,33050,32979,38658,24334
2020-12-20T15:00:00Z,99941,93405,55947,53362,6536,33194,33118,39870,24901
2020-12-20T16:00:00Z,95253,89746,53705,51728,5507,31790,31710,37711,24037
2020-12-20T17:00:00Z,96241,90878,50904,48860,5363,30623,30546,36167,23040
2020-12-20T18:00:00Z,92593,85803,49678,46512,6790,29207,29131,35674,23371
2020-12-20T19:00:00Z,89249,83611,48360,46050,5638,27743,27673,33018,21529
2020-12-20T20:00:00Z,86381,81034,46607,44420,5347,27023,26951,31989,20770
2020-12-20T21:00:00Z,86169,80370,47494,45033,5799,25740,25682,30619,20173
2020-12-20T22:00:00Z,79230,74142,42810,40908,5088,24027,23958,28628,18553
2020-12-20T23:00:00Z,70032,64439,40300,38315,5593,21879,21815,26464,17479
2020-12-21T00:00:00Z,76849,64004,41090,38261,12845,21782,21702,28699,18070
2020-12-21T01:00:00Z,78754,70145,43965,40157,8609,25100,25033,31169,19290
2020-12-21T02:00:00Z,83373,75209,45331,42777,8164,27741,27672,32561,18797
2020-12-21T03:00:00Z,84197,74332,45109,42250,9865,26896,26819,32649,18937
2020-12-21T04:00:00Z,81095,67261,42097,39533,13834,23183,23113,29439,17339
2020-12-21T05:00:00Z,99931,72523,44990,41893,27408,25110,25028,32497,18161
2020-12-21T06:00:00Z,116758,81865,48797,44884,34893,30073,29975,39089,21318
2020-12-21T07:00:00Z,119134,90624,51888,48763,28510,34149,34048,42218,23110
2020-12-21T08:00:00Z,123016,100201,56034,51845,22815,37165,37061,44798,24602
2020-12-21T09:00:00Z,123794,109273,61215,57510,14521,39351,39257,45570,26593
2020-12-21T10:00:00Z,120849,106017,60521,57008,14832,37371,37260,43430,25874
2020-12-21T11:00:00Z,121148,104514,59422,55704,16634,36595,36481,43007,25529
2020-12-21T12:00:00Z,123617,109941,63764,59660,13676,38810,38714,45885,28196
2020-12-21T13:00:00Z,133539,120296,70062,66622,13243,41494,41384,47829,29170
2020-12-21T14:00:00Z,136282,126038,72317,68839,10244,44922,44805,50835,31648
2020-12-21T15:00:00Z,139023,129097,74464,71006,9926,45655,45532,51750,32660
2020-12-21T16:00:00Z,153644,118525,67245,64030,35119,42322,42196,54172,30620
2020-12-21T17:00:00Z,135651,111481,63810,60814,24170,39422,39289,48736,28574
2020-12-21T18:00:00Z,121844,106261,62850,58014,15583,37306,37187,46002,28980
2020-12-21T19:00:00Z,116056,103846,61106,57789,12210,35429,35321,42845,26742
2020-12-21T20:00:00Z,116934,101386,59893,56596,15548,34110,34006,41911,25492
2020-12-21T21:00:00Z,111356,98193,57145,54072,13163,32592,32483,39817,24571
2020-12-21T22:00:00Z,95429,84926,49304,47082,10503,29436,29328,35932,21937
2020-12-21T23:00:00Z,88464,76017,45615,43477,12447,26082,25987,33647,19835
2020-12-22T00:00:00Z,87418,74444,46050,42988,12974,25521,25422,33945,20419
2020-12-22T01:00:00Z,83736,76721,45463,42157,7015,28264,28186,34576,20991
2020-12-22T02:00:00Z,87944,81961,46963,44879,5983,30371,30290,35571,20278
2020-12-22T03:00:00Z,83843,76512,44294,41934,7331,28817,28730,34275,19747
2020-12-22T04:00:00Z,81284,69687,42561,40513,11597,24293,24219,31139,17668
2020-12-22T05:00:00Z,90147,73279,43104,40435,16868,26282,26200,33077,18923
2020-12-22T06:00:00Z,105055,83012,48098,43928,22043,31267,31178,40443,22304
2020-12-22T07:00:00Z,109363,91279,50174,47041,18084,33988,33889,43677,22642
2020-12-22T08:00:00Z,119810,100773,54465,50945,19037,37488,37378,47600,24819
2020-12-22T09:00:00Z,123381,105094,57956,54290,18287,39513,39398,49515,27083
2020-12-22T10:00:00Z,121965,103119,57517,54243,18846,37664,37563,47392,26381
2020-12-22T11:00:00Z,117479,99580,55031,51990,17899,36951,36852,46875,25665
2020-12-22T12:00:00Z,120657,104876,59169,55140,15781,38903,38807,48546,28292
2020-12-22T13:00:00Z,129760,112577,63457,60296,17183,41641,41531,50720,29198
2020-12-22T14:00:00Z,133798,119156,67050,63643,14642,44658,44534,53000,31517
2020-12-22T15:00:00Z,137415,122765,70005,66616,14650,45913,45789,54660,33506
2020-12-22T16:00:00Z,133949,118577,67602,64665,15372,42590,42486,52003,31057
2020-12-22T17:00:00Z,123682,109290,61758,58800,14392,39336,39220,47990,29011
2020-12-22T18:00:00Z,115170,100117,57439,53440,15053,36116,35988,45306,27491
2020-12-22T19:00:00Z,112177,95032,55451,51086,17145,33975,33854,43259,25642
2020-12-22T20:00:00Z,118148,92289,54717,50803,25859,32907,32787,45680,25094
2020-12-22T21:00:00Z,100963,90717,53487,50178,10246,31033,30925,37743,24222
2020-12-22T22:00:00Z,90662,82501,48494,45531,8161,28597,28488,34214,22162
2020-12-22T23:00:00Z,81643,73821,43795,41241,7822,25528,25430,30925,20190
2020-12-23T00:00:00Z,78988,70127,43125,39817,8861,24962,24870,31688,20230
2020-12-23T01:00:00Z,80215,72844,43160,39619,7371,27288,27192,33502,20607
2020-12-23T02:00:00Z,83164,76867,43884,41563,6297,29556,29466,34406,19959
2020-12-23T03:00:00Z,83529,76333,44409,41798,7196,28162,28075,33804,19788
2020-12-23T04:00:00Z,72901,64889,39470,37297,8012,23399,23329,28682,17493
2020-12-23T05:00:00Z,82014,70135,42072,39603,11879,24874,24792,30702,17770
2020-12-23T06:00:00Z,94421,80223,45278,42094,14198,30157,30071,37281,21398
2020-12-23T07:00:00Z,96696,85381,47919,44658,11315,32659,32574,38709,21781
2020-12-23T08:00:00Z,100301,93680,50265,47888,6621,35570,35484,40719,23212
2020-12-23T09:00:00Z,106712,100054,54718,52135,6658,37185,37085,42288,24898
2020-12-23T10:00:00Z,105249,96993,53954,51118,8256,35021,34915,40666,24273
2020-12-23T11:00:00Z,104080,96605,54620,52004,7475,34048,33948,39630,24128
2020-12-23T12:00:00Z,106597,98059,56160,52296,8538,35435,35330,41743,25920
2020-12-23T13:00:00Z,113190,104908,60445,57515,8282,38166,38063,43710,26710
2020-12-23T14:00:00Z,121067,112543,65261,62182,8524,41103,40985,46777,29041
2020-12-23T15:00:00Z,121570,112928,64043,60882,8642,41878,41775,48199,30869
2020-12-23T16:00:00Z,113475,105448,60666,58113,8027,38600,38488,44359,27966
2020-12-23T17:00:00Z,109701,100537,58460,55414,9164,35632,35519,41340,26361
2020-12-23T18:00:00Z,100413,91712,53483,49732,8701,32903,32801,39453,25525
2020-12-23T19:00:00Z,95499,87042,50700,47718,8457,31294,31194,37074,23602
2020-12-23T20:00:00Z,96247,83843,50245,46679,12404,29458,29356,36533,23620
2020-12-23T21:00:00Z,91668,81538,48741,45403,10130,27761,27663,34457,22446
2020-12-23T22:00:00Z,83013,74253,45062,42136,8760,25528,25429,31465,20856
2020-12-23T23:00:00Z,76122,68323,42861,40169,7799,22977,22879,28644,18922
2020-12-24T00:00:00Z,73308,64693,40777,37462,8615,22438,22352,29153,19277
2020-12-24T01:00:00Z,74854,67550,41290,37703,7304,24876,24794,31283,19480
2020-12-24T02:00:00Z,77312,70994,41124,38690,6318,26963,26883,31597,18482
2020-12-24T03:00:00Z,78988,71530,43622,40408,7458,26078,25996,31146,18260
2020-12-24T04:00:00Z,73068,64253,40251,37589,8815,21770,21701,27416,16454
2020-12-24T05:00:00Z,77896,65780,40586,37828,12116,23533,23453,29466,16920
2020-12-24T06:00:00Z,90400,74095,43847,40186,16305,28227,28139,35485,20168
2020-12-24T07:00:00Z,90709,78498,45375,42444,12211,29750,29665,35415,19960
2020-12-24T08:00:00Z,90303,82133,46618,44014,8170,31806,31715,36982,21453
2020-12-24T09:00:00Z,93778,85753,48358,45497,8025,32584,32499,38737,22476
2020-12-24T10:00:00Z,90327,81574,46831,44206,8753,29977,29885,36518,21296
2020-12-24T11:00:00Z,89148,80311,47188,44530,8837,28685,28594,34864,20631
2020-12-24T12:00:00Z,90453,82792,49174,45819,7661,29083,29000,35889,22148
2020-12-24T13:00:00Z,94945,87259,51579,49058,7686,30548,30462,36144,22173
2020-12-24T14:00:00Z,95205,88183,51782,49229,7022,31970,31884,37349,23258
2020-12-24T15:00:00Z,95860,87571,53495,50522,8289,31296,31205,37647,23723
2020-12-24T16:00:00Z,85630,79956,47037,45065,5674,28523,28442,33928,21381
2020-12-24T17:00:00Z,81173,75309,46122,44116,5864,25599,25515,30745,19645
2020-12-24T18:00:00Z,74693,67890,42709,39708,6803,22991,22922,28926,18628
2020-12-24T19:00:00Z,68693,62888,39236,36839,5805,21137,21075,26320,16685
2020-12-24T20:00:00Z,64410,57797,37655,34927,6613,19456,19384,24105,15214
2020-12-24T21:00:00Z,65251,57312,36278,34188,7939,18059,17990,24273,14753
2020-12-24T22:00:00Z,57311,51284,33183,31350,6027,16692,16620,21528,13398
2020-12-24T23:00:00Z,52346,47695,32728,30394,4651,15114,15065,19151,12390
2020-12-25T00:00:00Z,53222,47891,32415,29903,5331,15352,15287,21028,13522
2020-12-25T01:00:00Z,58866,52742,34886,31621,6124,18175,18114,23554,14540
2020-12-25T02:00:00Z,61175,56292,34646,32472,4883,20245,20185,24202,13725
2020-12-25T03:00:00Z,61715,56521,35030,32610,5194,19765,19701,24659,14035
2020-12-25T04:00:00Z,54252,49032,30953,29072,5220,16041,15987,21096,12375
2020-12-25T05:00:00Z,60561,53018,33314,31008,7543,18459,18403,23501,13667
2020-12-25T06:00:00Z,69422,61237,38245,35340,8185,22455,22387,28582,16512
2020-12-25T07:00:00Z,70411,63460,37484,35134,6951,23999,23921,28957,15955
2020-12-25T08:00:00Z,69780,64027,37816,35605,5753,24783,24728,29347,16992
2020-12-25T09:00:00Z,71517,65950,39844,37538,5567,25462,25403,30017,17851
2020-12-25T10:00:00Z,68048,62283,37981,35878,5765,23097,23025,27789,16745
2020-12-25T11:00:00Z,66832,61172,38194,35969,5660,21249,21182,25603,15559
2020-12-25T12:00:00Z,68072,61617,38949,36099,6455,21847,21791,27296,16888
2020-12-25T13:00:00Z,70874,64207,39441,37324,6667,22689,22622,27583,16523
2020-12-25T14:00:00Z,72055,65938,40522,38313,6117,23672,23619,28698,17475
2020-12-25T15:00:00Z,70570,65052,41157,38889,5518,24420,24358,29545,18757
2020-12-25T16:00:00Z,66488,61268,38463,36704,5220,22278,22212,26804,16734
2020-12-25T17:00:00Z,66624,61597,39527,37864,5027,20846,20774,25138,15924
2020-12-25T18:00:00Z,62369,56424,37202,34382,5945,19487,19420,24922,15994
2020-12-25T19:00:00Z,59526,54957,35065,33074,4569,18538,18479,23319,14633
2020-12-25T20:00:00Z,57374,52360,33322,31435,5014,17595,17536,21929,13889
2020-12-25T21:00:00Z,55971,51023,33529,31506,4948,16584,16525,21268,13441
2020-12-25T22:00:00Z,51614,47884,31080,29595,3730,15602,15540,19670,12531
2020-12-25T23:00:00Z,49991,46085,30846,29328,3906,14623,14573,18575,12011
2020-12-26T00:00:00Z,50444,44709,31014,28537,5735,14107,14040,19626,12709
2020-12-26T01:00:00Z,49194,44019,30645,27761,5175,14255,14198,19734,12665
2020-12-26T02:00:00Z,51022,46560,30881,29077,4462,15399,15350,19474,11739
2020-12-26T03:00:00Z,52624,48367,31887,29853,4257,15860,15804,20448,12497
2020-12-26T04:00:00Z,51016,46719,30415,28500,4297,15281,15240,19276,11913
2020-12-26T05:00:00Z,53763,49274,32403,30359,4489,15813,15759,20175,11979
2020-12-26T06:00:00Z,57985,52687,34306,31547,5298,17791,17744,23805,14226
2020-12-26T07:00:00Z,59121,54996,34267,32419,4125,19126,19078,23720,13712
2020-12-26T08:00:00Z,61369,56707,35477,33478,4662,20220,20173,24932,14927
2020-12-26T09:00:00Z,63910,59313,37798,35631,4597,21208,21146,26035,15823
2020-12-26T10:00:00Z,65796,61359,38714,36743,4437,21515,21453,26018,15943
2020-12-26T11:00:00Z,69213,64618,40526,38383,4595,22183,22125,26832,16225
2020-12-26T12:00:00Z,71876,66190,42090,39156,5686,23629,23564,29254,18413
2020-12-26T13:00:00Z,76388,71267,44032,41826,5121,25282,25220,30307,18617
2020-12-26T14:00:00Z,78368,73284,44832,42752,5084,26825,26762,31894,19623
2020-12-26T15:00:00Z,81888,76917,47662,45429,4971,27570,27498,33170,20801
2020-12-26T16:00:00Z,80866,76450,47252,45595,4416,26843,26783,31993,19617
2020-12-26T17:00:00Z,77720,72808,45743,44037,4912,25072,25004,29869,18696
2020-12-26T18:00:00Z,72367,66954,42565,39856,5413,23835,23763,29418,19028
2020-12-26T19:00:00Z,70544,64906,40409,38378,5638,22192,22134,27438,17202
2020-12-26T20:00:00Z,66300,61436,39281,37185,4864,21481,21422,26324,16896
2020-12-26T21:00:00Z,64373,59749,38421,36363,4624,20398,20338,24803,16199
2020-12-26T22:00:00Z,66881,62216,36545,34853,4665,19150,19080,23315,15094
2020-12-26T23:00:00Z,59476,55368,34996,33329,4108,17664,17617,21728,14200
2020-12-27T00:00:00Z,56859,51687,34824,32269,5172,16880,16823,22444,14971
2020-12-27T01:00:00Z,54665,48876,33523,30414,5789,16170,16115,21669,14385
2020-12-27T02:00:00Z,55395,51437,32800,31016,3958,17002,16950,21492,13291
2020-12-27T03:00:00Z,55617,51284,33026,30928,4333,17180,17132,22115,13762
2020-12-27T04:00:00Z,53599,49789,31901,30131,3810,16672,16632,21207,13264
2020-12-27T05:00:00Z,58299,52450,33631,31574,5849,17216,17165,22091,13116
2020-12-27T06:00:00Z,58698,53151,34369,31621,5547,18210,18164,23934,14860
2020-12-27T07:00:00Z,60070,55509,34646,32644,4561,19488,19435,23871,14366
2020-12-27T08:00:00Z,63461,58376,35289,33084,5085,20633,20583,26753,15174
2020-12-27T09:00:00Z,65883,61235,37728,35516,4648,21628,21585,26596,16034
2020-12-27T10:00:00Z,69643,64800,39426,37400,4843,22965,22908,27856,16875
2020-12-27T11:00:00Z,73285,68249,41764,39570,5036,24123,24062,28875,17664
2020-12-27T12:00:00Z,79893,73683,45015,42012,6210,26074,26008,32674,20200
2020-12-27T13:00:00Z,86058,80670,49377,47138,5388,28824,28760,34721,20874
2020-12-27T14:00:00Z,89232,83788,51111,48892,5444,30882,30813,36614,22395
2020-12-27T15:00:00Z,89515,83846,49671,47349,5669,31634,31565,38120,23389
2020-12-27T16:00:00Z,86782,81796,48147,46496,4986,29788,29718,36171,22046
2020-12-27T17:00:00Z,82849,78681,46841,45288,4168,28154,28086,34095,20774
2020-12-27T18:00:00Z,80272,75227,45909,43336,5045,26656,26585,33395,20775
2020-12-27T19:00:00Z,78635,74628,44645,42988,4007,25420,25348,32260,19343
2020-12-27T20:00:00Z,76765,70847,44002,41695,5918,24435,24371,30377,19128
2020-12-27T21:00:00Z,74506,68192,43485,40827,6314,23241,23187,28958,18721
2020-12-27T22:00:00Z,69840,64249,40632,38568,5591,21555,21490,26913,17331
2020-12-27T23:00:00Z,64384,59013,37931,35853,5371,20021,19966,24961,16182
2020-12-28T00:00:00Z,67465,59238,38769,35830,8227,20253,20179,26713,16984
2020-12-28T01:00:00Z,74740,65994,41630,37646,8746,23744,23676,30169,18597
2020-12-28T02:00:00Z,77423,70726,41581,39227,6697,26267,26189,30867,17719
2020-12-28T03:00:00Z,76189,67849,40652,37979,8340,25058,24987,30546,17711
2020-12-28T04:00:00Z,69312,59348,37472,34903,9964,21102,21031,27028,16088
2020-12-28T05:00:00Z,84397,63574,39124,36372,20823,22927,22844,29623,16533
2020-12-28T06:00:00Z,96076,74213,43306,39941,21863,27643,27566,36114,19550
2020-12-28T07:00:00Z,96251,80304,45307,42896,15947,30038,29945,37455,19976
2020-12-28T08:00:00Z,100429,87953,50003,46793,12476,32601,32505,39346,21820
2020-12-28T09:00:00Z,103796,93816,54047,51016,9980,34223,34132,40957,23612
2020-12-28T10:00:00Z,100862,91361,53050,50383,9501,32553,32464,39743,23296
2020-12-28T11:00:00Z,102255,92466,53737,50806,9789,32305,32217,38620,22715
2020-12-28T12:00:00Z,105454,95915,56932,53132,9539,33915,33836,41180,25206
2020-12-28T13:00:00Z,114036,102386,59098,55865,11650,36029,35932,42109,25776
2020-12-28T14:00:00Z,117164,107929,63306,60229,9235,38819,38725,44670,27763
2020-12-28T15:00:00Z,116360,108002,63698,60649,8358,39320,39214,45362,28522
2020-12-28T16:00:00Z,113455,105028,61020,58487,8427,37398,37300,43855,27361
2020-12-28T17:00:00Z,107311,100136,57687,55374,7175,35200,35101,41120,25961
2020-12-28T18:00:00Z,107222,95376,57887,53692,11846,33267,33177,41365,26330
2020-12-28T19:00:00Z,100575,89211,53743,50427,11364,31722,31631,38259,24510
2020-12-28T20:00:00Z,96137,84983,51307,48017,11154,30456,30352,36951,23681
2020-12-28T21:00:00Z,92281,83090,50397,47373,9191,28596,28498,34683,22425
2020-12-28T22:00:00Z,84441,77561,46495,44107,6880,26873,26782,32277,20776
2020-12-28T23:00:00Z,77957,70947,43342,41158,7010,24215,24137,29758,19178
2020-12-29T00:00:00Z,77499,70222,45147,42247,7277,23765,23674,29989,19342
2020-12-29T01:00:00Z,78716,71515,44752,41172,7201,26357,26273,32756,20415
2020-12-29T02:00:00Z,83688,76281,44807,42247,7407,28823,28746,33782,19799
2020-12-29T03:00:00Z,81289,74261,44341,41684,7028,27255,27183,32384,19047
2020-12-29T04:00:00Z,71571,63763,38841,36564,7808,22691,22621,28083,17025
2020-12-29T05:00:00Z,80479,68770,42281,40009,11709,24329,24257,30223,17390
2020-12-29T06:00:00Z,94632,78801,46472,43251,15831,29266,29191,36847,20641
2020-12-29T07:00:00Z,98416,86903,47762,45078,11513,31618,31532,38990,20996
2020-12-29T08:00:00Z,99481,91450,50683,48157,8031,34380,34279,40073,22481
2020-12-29T09:00:00Z,102861,94769,54110,51322,8092,35623,35530,41097,24123
2020-12-29T10:00:00Z,101647,92944,54420,51712,8703,33502,33419,39069,23617
2020-12-29T11:00:00Z,101470,93492,53859,51232,7978,32872,32785,38173,22948
2020-12-29T12:00:00Z,106519,98035,57425,53976,8484,34787,34690,42041,25734
2020-12-29T13:00:00Z,110088,102183,59345,56755,7905,36888,36793,43154,26028
2020-12-29T14:00:00Z,113612,105143,61784,58732,8469,39309,39206,45167,28007
2020-12-29T15:00:00Z,117834,108627,64115,60857,9207,39595,39498,45697,28837
2020-12-29T16:00:00Z,112661,104579,62051,59379,8082,38001,37900,43402,27645
2020-12-29T17:00:00Z,103746,96397,56437,54111,7349,35431,35317,40759,25825
2020-12-29T18:00:00Z,98886,91044,54115,50865,7842,33198,33098,39346,25347
2020-12-29T19:00:00Z,96062,88229,51720,49081,7833,31709,31609,38184,24228
2020-12-29T20:00:00Z,97545,86828,50540,47312,10717,30340,30228,36960,23456
2020-12-29T21:00:00Z,93660,83136,51032,47705,10524,28597,28495,35107,22762
2020-12-29T22:00:00Z,86252,77916,47366,44730,8336,27030,26938,32756,21273
2020-12-29T23:00:00Z,77271,70306,43430,41098,6965,24313,24228,29683,19431
2020-12-30T00:00:00Z,77918,68711,44680,41361,9207,23666,23564,30997,20261
2020-12-30T01:00:00Z,80197,71670,44358,40573,8527,26388,26304,32844,20434
2020-12-30T02:00:00Z,84975,77081,44564,42117,7894,29244,29157,33937,19709
2020-12-30T03:00:00Z,84829,76397,45481,42523,8432,27635,27553,33493,19820
2020-12-30T04:00:00Z,73165,64877,41284,38749,8288,22530,22453,27874,16971
2020-12-30T05:00:00Z,79716,67093,41159,38546,12623,24182,24102,30596,17509
2020-12-30T06:00:00Z,94372,79516,45670,42227,14856,28891,28804,36324,20528
2020-12-30T07:00:00Z,97924,84648,49599,46589,13276,30868,30779,37159,20493
2020-12-30T08:00:00Z,98708,88931,51284,48543,9777,33541,33442,38395,21991
2020-12-30T09:00:00Z,102148,93245,53406,50507,8903,34857,34761,40084,23733
2020-12-30T10:00:00Z,102554,93100,54053,51380,9454,32977,32875,38922,23286
2020-12-30T11:00:00Z,99983,91660,52774,49915,8323,32037,31938,37387,22391
2020-12-30T12:00:00Z,103397,94968,56772,53284,8429,33590,33494,40163,24922
2020-12-30T13:00:00Z,108534,100133,58393,55729,8401,35304,35213,41447,25210
2020-12-30T14:00:00Z,115363,107145,62989,60045,8218,38041,37928,44041,27284
2020-12-30T15:00:00Z,116482,108597,62596,59575,7885,37707,37607,44109,27963
2020-12-30T16:00:00Z,111084,103833,59769,57348,7251,36383,36275,42206,26401
2020-12-30T17:00:00Z,106478,98679,57436,55020,7799,34075,33980,39877,25378
2020-12-30T18:00:00Z,101853,91746,55222,51305,10107,32092,31989,39441,25239
2020-12-30T19:00:00Z,96511,87171,52216,49351,9340,30309,30208,36668,23488
2020-12-30T20:00:00Z,92275,82191,49733,46770,10084,28931,28827,34693,22492
2020-12-30T21:00:00Z,93147,82074,49647,46573,11073,27688,27585,34294,22182
2020-12-30T22:00:00Z,85072,75847,46510,44109,9225,25820,25716,31183,20214
2020-12-30T23:00:00Z,80795,69956,44064,41711,10839,23379,23296,29900,18641
2020-12-31T00:00:00Z,79214,66315,42758,39704,12899,22458,22376,30855,18791
2020-12-31T01:00:00Z,89866,68792,42675,38986,21074,24931,24835,36490,19281
2020-12-31T02:00:00Z,100560,74125,43725,41434,26435,27091,27008,39679,18651
2020-12-31T03:00:00Z,96497,72535,43914,41241,23962,25859,25774,37749,18634
2020-12-31T04:00:00Z,113011,61559,39009,36812,51452,21067,20993,45748,16231
2020-12-31T05:00:00Z,80787,63947,39007,36570,16840,22606,22534,30469,16524
2020-12-31T06:00:00Z,102051,76641,46167,42429,25410,26533,26448,38809,19703
2020-12-31T07:00:00Z,116775,77967,43865,41138,38808,27651,27563,46874,19171
2020-12-31T08:00:00Z,90510,80173,46109,43208,10337,29242,29147,35536,20702
2020-12-31T09:00:00Z,93582,84075,48883,45923,9507,30031,29940,35724,21339
2020-12-31T10:00:00Z,86269,77964,46590,44088,8305,27562,27463,32747,19963
2020-12-31T11:00:00Z,87574,79013,49326,46538,8561,25710,25617,30984,19149
2020-12-31T12:00:00Z,87002,78883,48789,45220,8119,26014,25928,32233,20466
2020-12-31T13:00:00Z,88765,80886,50078,47494,7879,26893,26813,32339,20144
2020-12-31T14:00:00Z,91624,84096,51912,49266,7528,28883,28795,34199,21680
2020-12-31T15:00:00Z,95885,88383,56035,53122,7502,29074,28986,35442,22441
2020-12-31T16:00:00Z,87458,81202,51350,49218,6256,27757,27667,32880,21105
2020-12-31T17:00:00Z,83829,76722,48324,46186,7107,25422,25337,30574,19972
2020-12-31T18:00:00Z,76586,67299,43800,40151,9287,22768,22682,29271,19209
2020-12-31T19:00:00Z,72462,64507,41094,38845,7955,20985,20902,26716,17364
2020-12-31T20:00:00Z,67018,59238,38677,36151,7780,19044,18968,23927,15804
2020-12-31T21:00:00Z,64055,57578,37348,34950,6477,17648,17577,22314,14637
2020-12-31T22:00:00Z,58934,53386,35133,33262,5548,16285,16205,20434,13548
2020-12-31T23:00:00Z,57546,51963,34139,32374,5583,14936,14870,19139,12745
2021-01-01T00:00:00Z,60934,51396,34887,31585,9538,14490,14418,21420,13975
2021-01-01T01:00:00Z,54010,44981,33152,29344,9029,13705,13633,19950,13643
2021-01-01T02:00:00Z,52043,45432,30693,28462,6611,13914,13854,18525,11857
2021-01-01T03:00:00Z,56900,48081,31129,28541,8819,13292,13230,18499,11401
2021-01-01T04:00:00Z,54889,46491,30862,28546,8398,13227,13166,18631,11235
2021-01-01T05:00:00Z,71584,47364,32504,29975,24220,13653,13582,19707,11263
2021-01-01T06:00:00Z,62919,50078,35081,31811,12841,14810,14748,21675,13208
2021-01-01T07:00:00Z,66474,51034,34772,32430,15440,16607,16532,22492,13476
2021-01-01T08:00:00Z,59149,48606,33013,30175,10543,16067,16006,21134,13031
2021-01-01T09:00:00Z,63131,53600,36247,33196,9531,17302,17235,22520,14028
2021-01-01T10:00:00Z,66520,56969,37582,35005,9551,18072,18013,23701,14233
2021-01-01T11:00:00Z,73336,64120,42441,39920,9216,19397,19323,25490,15288
2021-01-01T12:00:00Z,71613,63393,40884,37398,8220,21310,21236,28111,17334
2021-01-01T13:00:00Z,80157,70816,45572,43149,9341,23232,23163,28730,17525
2021-01-01T14:00:00Z,83643,76533,49207,46457,7110,25276,25202,30736,19281
2021-01-01T15:00:00Z,84581,76982,50054,46994,7599,26054,25978,31942,20236
2021-01-01T16:00:00Z,82364,74921,48575,46057,7443,25435,25362,31046,19792
2021-01-01T17:00:00Z,84231,75046,48266,45779,9185,24938,24863,30848,19614
2021-01-01T18:00:00Z,79572,69760,45733,41907,9812,23697,23622,30601,19904
2021-01-01T19:00:00Z,76887,69326,45165,42653,7561,22981,22901,28670,18603
2021-01-01T20:00:00Z,75197,66774,43699,41124,8423,22365,22285,27356,17764
2021-01-01T21:00:00Z,73044,65610,42354,39690,7434,21278,21194,26480,17446
2021-01-01T22:00:00Z,68953,62940,40438,38446,6013,20367,20297,25008,16248
2021-01-01T23:00:00Z,65363,58728,39964,37923,6635,18908,18842,23278,15511
2021-01-02T00:00:00Z,62949,56286,38861,36112,6663,17868,17799,23854,15766
2021-01-02T01:00:00Z,60101,53316,37822,34458,6785,17293,17221,23189,15578
2021-01-02T02:00:00Z,63079,55961,37730,35535,7118,18348,18276,23586,14899
2021-01-02T03:00:00Z,64093,54926,37427,34341,9167,17934,17868,24592,15362
2021-01-02T04:00:00Z,62384,55378,37253,34733,7006,17761,17696,23535,14752
2021-01-02T05:00:00Z,63470,55754,38014,35307,7716,18131,18072,23355,14730
2021-01-02T06:00:00Z,64400,57107,37108,34801,7293,18766,18699,24822,14661
2021-01-02T07:00:00Z,64837,60280,38810,37118,4557,19670,19606,24578,14724
2021-01-02T08:00:00Z,68580,63703,40754,38938,4877,20787,20715,25675,15365
2021-01-02T09:00:00Z,71922,67052,43099,41238,4870,21983,21909,26356,15990
2021-01-02T10:00:00Z,74116,69315,43695,41874,4801,23044,22974,27601,16726
2021-01-02T11:00:00Z,77477,72292,47028,44966,5185,24307,24238,28893,17911
2021-01-02T12:00:00Z,81070,75648,47615,45711,5422,25981,25920,31195,19325
2021-01-02T13:00:00Z,88767,82841,52673,50631,5926,28362,28289,33660,20783
2021-01-02T14:00:00Z,93940,87449,55377,52990,6491,30672,30595,36060,22820
2021-01-02T15:00:00Z,94496,87960,55402,53136,6536,32276,32209,38114,24652
2021-01-02T16:00:00Z,95056,88661,56016,53907,6395,31288,31214,36661,23083
2021-01-02T17:00:00Z,91679,85285,53170,51209,6394,30374,30306,35768,22851
2021-01-02T18:00:00Z,83938,78491,48648,46601,5447,28750,28679,34221,22033
2021-01-02T19:00:00Z,81472,75723,47137,45227,5749,26985,26906,32045,20783
2021-01-02T20:00:00Z,78475,72198,45913,43771,6277,25772,25695,30332,19893
2021-01-02T21:00:00Z,75367,70206,44208,42308,5161,24326,24255,28813,18909
2021-01-02T22:00:00Z,74060,68892,44240,42383,5168,22863,22790,27718,18070
2021-01-02T23:00:00Z,68091,62747,41154,39323,5344,21192,21127,25867,17254
2021-01-03T00:00:00Z,65626,59404,40206,37505,6222,19800,19728,25850,17371
2021-01-03T01:00:00Z,63035,56950,36405,34215,6085,18991,18920,24217,15636
2021-01-03T02:00:00Z,62414,57431,37467,35407,4983,19842,19771,24967,15521
2021-01-03T03:00:00Z,61215,56616,36411,34319,4599,19305,19251,24144,14847
2021-01-03T04:00:00Z,61508,56108,37053,34718,5400,18961,18899,23814,15009
2021-01-03T05:00:00Z,64129,56563,37424,35109,7566,19292,19225,24031,14901
2021-01-03T06:00:00Z,65335,60121,38241,35790,5214,20541,20487,25551,15803
2021-01-03T07:00:00Z,67018,62366,40426,38272,4652,21425,21374,26289,16076
2021-01-03T08:00:00Z,67676,62895,40138,37884,4781,22380,22310,26987,16508
2021-01-03T09:00:00Z,74643,68947,43988,41676,5696,23761,23700,28770,17569
2021-01-03T10:00:00Z,81194,74643,47784,45249,6551,24988,24926,30556,18358
2021-01-03T11:00:00Z,85264,78666,50409,47749,6598,26809,26747,32364,19724
2021-01-03T12:00:00Z,89873,82917,52340,49444,6956,29636,29556,35410,21974
2021-01-03T13:00:00Z,95716,88719,54906,52261,6997,31993,31926,37901,23345
2021-01-03T14:00:00Z,104822,96364,60339,57275,8458,34430,34346,40209,25243
2021-01-03T15:00:00Z,105830,97855,58664,55883,7975,34504,34426,40934,25960
2021-01-03T16:00:00Z,103280,96009,58944,56727,7271,33643,33563,39679,25142
2021-01-03T17:00:00Z,95172,88937,55284,53359,6235,31785,31709,37214,23682
2021-01-03T18:00:00Z,89506,83084,50956,48373,6422,30641,30563,36767,23486
2021-01-03T19:00:00Z,85983,80287,49339,47302,5696,28938,28857,34502,22283
2021-01-03T20:00:00Z,83808,77770,48656,46421,6038,27961,27878,32943,21927
2021-01-03T21:00:00Z,81224,75236,47320,45018,5988,26273,26201,31320,20564
2021-01-03T22:00:00Z,74080,68734,43516,41521,5346,24642,24578,29259,19120
2021-01-03T23:00:00Z,71622,66228,42485,40579,5394,22775,22709,27744,18168
2021-01-04T00:00:00Z,77501,65285,42029,39520,12216,22785,22710,30322,18475
2021-01-04T01:00:00Z,78336,70210,41995,39162,8126,26494,26420,31921,19001
2021-01-04T02:00:00Z,88128,79580,46345,43736,8548,30451,30366,35449,20686
2021-01-04T03:00:00Z,83327,75143,43787,41410,8184,28548,28470,33646,19445
2021-01-04T04:00:00Z,79111,67430,41398,39166,11681,24078,24001,30143,17738
2021-01-04T05:00:00Z,101534,75644,46666,43768,25890,26220,26143,33558,18346
2021-01-04T06:00:00Z,112013,85605,48630,45992,26408,31244,31150,38866,20882
2021-01-04T07:00:00Z,114529,90441,49837,47167,24088,35138,35042,43186,23415
2021-01-04T08:00:00Z,124892,102366,55449,51513,22526,38360,38268,45770,25262
2021-01-04T09:00:00Z,129733,114675,62146,58183,15058,41277,41162,47841,27810
2021-01-04T10:00:00Z,126951,111382,61397,57550,15569,39541,39433,46243,27254
2021-01-04T11:00:00Z,123359,108168,61051,57371,15191,38948,38849,45131,26668
2021-01-04T12:00:00Z,126138,113530,64203,59665,12608,41143,41031,48030,29412
2021-01-04T13:00:00Z,138223,124431,69417,66059,13792,45342,45223,51732,30984
2021-01-04T14:00:00Z,147542,136515,76456,72603,11027,49220,49096,55364,34431
2021-01-04T15:00:00Z,147133,135455,75440,71389,11678,48761,48642,55589,34352
2021-01-04T16:00:00Z,143830,131980,73157,69577,11850,47031,46904,53435,32955
2021-01-04T17:00:00Z,132261,121988,66670,63475,10273,43356,43237,49990,30781
2021-01-04T18:00:00Z,124162,111142,62152,57508,13020,40163,40042,48266,30199
2021-01-04T19:00:00Z,122676,110132,61155,57379,12544,39171,39059,45968,29051
2021-01-04T20:00:00Z,122759,105366,60107,55780,17393,37374,37248,44399,28027
2021-01-04T21:00:00Z,123099,102436,58766,54267,20663,35715,35592,45154,27458
2021-01-04T22:00:00Z,108540,91763,52815,49313,16777,32506,32376,40597,24787
2021-01-04T23:00:00Z,100523,83989,50898,47313,16534,29233,29125,37154,22978
2021-01-05T00:00:00Z,100641,82978,50347,46627,17663,28349,28240,38135,23203
2021-01-05T01:00:00Z,99791,84123,49921,45732,15668,31098,30997,40220,23550
2021-01-05T02:00:00Z,103000,87040,50135,46893,15960,33340,33237,41758,23637
2021-01-05T03:00:00Z,100344,82223,48005,44775,18121,30836,30742,40667,22023
2021-01-05T04:00:00Z,97874,73899,45012,42220,23975,25930,25829,37120,19478
2021-01-05T05:00:00Z,98290,74711,44688,41683,23579,27178,27085,34992,19313
2021-01-05T06:00:00Z,112978,85295,48894,44761,27683,32486,32389,41903,22785
2021-01-05T07:00:00Z,160392,92021,50984,47361,68371,35412,35303,62535,23840
2021-01-05T08:00:00Z,180946,103740,55625,52421,77206,39700,39583,75377,26218
2021-01-05T09:00:00Z,163823,110849,59441,55646,52974,42437,42316,67633,28339
2021-01-05T10:00:00Z,137228,112375,62156,58436,24853,40981,40870,51513,28274
2021-01-05T11:00:00Z,162269,109614,61223,57787,52655,39608,39491,64160,27530
2021-01-05T12:00:00Z,186017,112301,64629,60085,73716,41299,41171,78410,29715
2021-01-05T13:00:00Z,192000,118723,66989,63395,73277,44494,44367,80235,30640
2021-01-05T14:00:00Z,196860,127877,71993,67863,68983,48094,47968,82806,33499
2021-01-05T15:00:00Z,201383,127886,71536,67098,73497,48230,48099,84563,34196
2021-01-05T16:00:00Z,184537,116891,64126,60552,67646,44286,44165,79005,30724
2021-01-05T17:00:00Z,188954,115352,62425,58976,73602,42956,42816,79601,30613
2021-01-05T18:00:00Z,186510,109443,61736,56999,77067,40885,40753,78454,30554
2021-01-05T19:00:00Z,182873,106174,59218,55659,76699,38988,38853,74312,28429
2021-01-05T20:00:00Z,181429,103815,58755,54569,77614,37692,37566,74353,27704
2021-01-05T21:00:00Z,178825,101115,57454,53132,77710,35659,35525,73211,26879
2021-01-05T22:00:00Z,171790,95473,54121,50790,76317,33266,33146,70149,24813
2021-01-06T00:00:00Z,159729,83990,51362,47567,75739,29078,28965,66847,23567
2021-01-06T01:00:00Z,163019,85061,50388,45865,77958,31706,31591,70079,24029
2021-01-06T02:00:00Z,161851,86398,49834,46561,75453,33584,33471,70938,23625
2021-01-06T03:00:00Z,159562,83553,48880,45420,76009,31186,31087,68098,22001
2021-01-06T04:00:00Z,154581,77761,48366,45195,76820,25984,25888,63251,19835
2021-01-06T05:00:00Z,155726,79394,47674,44627,76332,27768,27672,63210,20353
2021-01-06T06:00:00Z,162382,87440,51188,46951,74942,32072,31962,67300,22814
2021-01-06T07:00:00Z,168422,93931,53195,50075,74491,35734,35626,70269,24143
2021-01-06T08:00:00Z,173661,100793,56520,53235,72868,38418,38310,72277,25297
2021-01-06T09:00:00Z,174272,111561,60722,57207,62711,41319,41201,71282,27542
2021-01-06T10:00:00Z,161585,112062,62645,59293,49523,39949,39824,64413,27738
2021-01-06T11:00:00Z,127488,113416,66190,62349,14072,38670,38562,45834,27539
2021-01-06T12:00:00Z,131167,115363,67860,62769,15804,40939,40832,49029,29943
2021-01-06T13:00:00Z,139927,125759,72409,68299,14168,44967,44833,51552,31884
2021-01-06T14:00:00Z,151729,137397,76331,71900,14332,49400,49255,56120,34953
2021-01-06T15:00:00Z,152422,138741,78844,74315,13681,50580,50437,57441,36789
2021-01-06T16:00:00Z,147984,135010,75884,71728,12974,47093,46961,53773,34160
2021-01-06T17:00:00Z,139030,124605,67960,64190,14425,44093,43969,51524,31662
2021-01-06T18:00:00Z,127612,115863,64434,59635,11749,40362,40227,47780,30597
2021-01-06T19:00:00Z,129211,108150,60735,57144,21061,37519,37400,46042,28304
2021-01-06T20:00:00Z,110390,95340,56628,52421,15050,33902,33779,40356,25831
2021-01-06T21:00:00Z,105568,93264,55006,50591,12304,32053,31929,38386,24723
2021-01-06T22:00:00Z,98301,88278,51757,48374,10023,29936,29822,35579,23332
2021-01-06T23:00:00Z,88565,78383,46498,43426,10182,27108,26994,33087,21405
2021-01-07T00:00:00Z,89142,78233,48309,44600,10909,26416,26313,34061,22082
2021-01-07T01:00:00Z,91391,80840,48619,44360,10551,28641,28545,35705,22092
2021-01-07T02:00:00Z,94995,84047,48978,45608,10948,31495,31403,37781,22204
2021-01-07T03:00:00Z,90388,79613,47067,43252,10775,29333,29241,35687,21302
2021-01-07T04:00:00Z,94644,82672,42794,39771,11972,24358,24268,31076,18679
2021-01-07T05:00:00Z,103467,86859,43168,40177,16608,26064,25976,33310,19062
2021-01-07T06:00:00Z,110212,90768,49053,44930,19444,30974,30874,39580,22289
2021-01-07T07:00:00Z,111801,94394,50484,46583,17407,33861,33761,41285,22880
2021-01-07T08:00:00Z,113477,101884,54249,50896,11593,38157,38051,43875,25159
2021-01-07T09:00:00Z,126863,112036,59567,55595,14827,41466,41331,48527,28213
2021-01-07T10:00:00Z,122352,108668,59040,55193,13684,39763,39644,46262,27649
2021-01-07T11:00:00Z,117946,106872,58171,54948,11074,38727,38599,44991,26685
2021-01-07T12:00:00Z,121735,110262,60967,56412,11473,40357,40233,47430,29304
2021-01-07T13:00:00Z,133326,122044,66825,63354,11282,43788,43655,50233,30550
2021-01-07T14:00:00Z,143549,133044,74670,71142,10505,47922,47797,53531,33491
2021-01-07T15:00:00Z,142129,130377,72429,68489,11752,47555,47423,53660,33969
2021-01-07T16:00:00Z,138415,125868,70644,66582,12547,45741,45606,51523,32662
2021-01-07T17:00:00Z,130463,120080,67417,63919,10383,42773,42645,48139,30677
2021-01-07T18:00:00Z,122110,110362,62669,58291,11748,38999,38875,46100,29343
2021-01-07T19:00:00Z,114546,103334,58195,54649,11212,37329,37202,43074,27633
2021-01-07T20:00:00Z,112714,100661,57403,53829,12053,36305,36177,42418,26873
2021-01-07T21:00:00Z,112903,100432,57529,53676,12471,34788,34661,41575,26562
2021-01-07T22:00:00Z,129980,91599,52938,49641,38381,32246,32122,50935,24492
2021-01-08T00:00:00Z,90952,79054,47373,43902,11898,27424,27306,34643,22346
2021-01-08T01:00:00Z,92102,82203,48458,44392,9899,30232,30132,36874,23047
2021-01-08T02:00:00Z,92651,83329,48215,45117,9322,31877,31777,37668,22584
2021-01-08T03:00:00Z,86978,78146,45814,42741,8832,29667,29572,35606,21144
2021-01-08T04:00:00Z,80083,69829,42060,39404,10254,25054,24956,31213,19130
2021-01-08T05:00:00Z,89906,73267,43139,40486,16639,26285,26179,33610,19191
2021-01-08T06:00:00Z,100809,82529,47256,43515,18280,30924,30820,39106,22036
2021-01-08T07:00:00Z,105506,90841,50942,47892,14665,35327,35222,41583,24128
2021-01-08T08:00:00Z,112518,100512,53894,50389,12006,38473,38371,44975,26151
2021-01-08T09:00:00Z,122635,109979,60726,56590,12656,41146,41036,47474,28285
2021-01-08T10:00:00Z,123307,110777,62934,59356,12530,39304,39187,45424,27502
2021-01-08T11:00:00Z,116126,104601,59506,56110,11525,37125,37006,42795,26201
2021-01-08T12:00:00Z,114737,104318,58571,54441,10419,38174,38071,45094,27886
2021-01-08T13:00:00Z,125185,114513,62887,59358,10672,41665,41543,48350,29645
2021-01-08T14:00:00Z,136850,125398,68483,64853,11452,45841,45704,51451,32015
2021-01-08T15:00:00Z,138955,127748,69795,65844,11207,46452,46301,53047,33473
2021-01-08T16:00:00Z,133528,122103,67535,63788,11425,44489,44359,50833,32252
2021-01-08T17:00:00Z,124415,114383,63231,60090,10032,41222,41088,47402,29895
2021-01-08T18:00:00Z,117635,107128,62252,57781,10507,38213,38091,44882,29365
2021-01-08T19:00:00Z,111215,101257,57674,53939,9958,35835,35705,42038,26905
2021-01-08T20:00:00Z,103872,94008,55208,51782,9864,34118,33985,39817,26051
2021-01-08T21:00:00Z,101564,92310,53939,50483,9254,32241,32120,38472,25316
2021-01-08T22:00:00Z,92484,84229,49470,46686,8255,29316,29207,34566,22629
2021-01-08T23:00:00Z,81455,73752,44976,42271,7703,25853,25748,30789,20444
2021-01-09T00:00:00Z,77032,68581,43641,40613,8451,22817,22715,29088,19434
2021-01-09T01:00:00Z,70855,61651,39813,35957,9204,21734,21641,28079,18443
2021-01-09T02:00:00Z,67882,60695,38899,36074,7187,21812,21728,27124,17229
2021-01-09T03:00:00Z,68637,62545,39362,36745,6092,20830,20760,26330,16430
2021-01-09T04:00:00Z,63260,58006,36712,34583,5254,19500,19418,24754,15530
2021-01-09T05:00:00Z,63070,57430,36248,34077,5640,19634,19570,24707,15337
2021-01-09T06:00:00Z,66994,60795,39140,35863,6199,21394,21319,27435,17110
2021-01-09T07:00:00Z,68843,63832,39665,37594,5011,22277,22202,27217,16364
2021-01-09T08:00:00Z,71428,65380,40731,38362,6048,23742,23670,29243,18151
2021-01-09T09:00:00Z,76868,69849,43356,40306,7019,24633,24550,30806,19044
2021-01-09T10:00:00Z,76319,69798,43084,40343,6521,25140,25069,30151,18890
2021-01-09T11:00:00Z,77449,70739,42756,40145,6710,26075,25999,31902,19679
2021-01-09T12:00:00Z,83439,74933,46837,42928,8506,28035,27959,34874,21831
2021-01-09T13:00:00Z,86223,79496,48188,45640,6727,30331,30250,36048,22492
2021-01-09T14:00:00Z,94808,87261,53952,51088,7547,32827,32750,38980,24599
2021-01-09T15:00:00Z,97247,89942,55328,52497,7305,33369,33293,39884,25346
2021-01-09T16:00:00Z,96143,88874,53748,51350,7269,32602,32524,38859,24523
2021-01-09T17:00:00Z,96275,89302,55215,52984,6973,31457,31379,38238,24012
2021-01-09T18:00:00Z,89683,81754,51136,47646,7929,29698,29616,36764,23600
2021-01-09T19:00:00Z,85893,79369,49955,47492,6524,28038,27969,33452,21529
2021-01-09T20:00:00Z,80742,74033,46428,43950,6709,26493,26412,31622,20570
2021-01-09T21:00:00Z,79746,73177,46239,43641,6569,25323,25246,30332,19999
2021-01-09T22:00:00Z,72942,67452,42379,40387,5490,23399,23323,27938,18286
2021-01-09T23:00:00Z,68458,63309,40871,38925,5149,21790,21718,26233,17502
2021-01-10T00:00:00Z,66224,60143,40801,38192,6081,20257,20186,25945,17479
2021-01-10T01:00:00Z,63841,56282,38238,34951,7559,19305,19233,25374,16854
2021-01-10T02:00:00Z,63212,57409,37940,35775,5803,20258,20189,25192,16121
2021-01-10T03:00:00Z,62814,56785,36631,34223,6029,20044,19975,25053,15734
2021-01-10T04:00:00Z,61032,55641,36254,33994,5391,19361,19293,24149,15330
2021-01-10T05:00:00Z,65658,57517,37367,34844,8141,19564,19497,24191,15255
2021-01-10T06:00:00Z,66766,59963,38713,35108,6803,20926,20859,26845,16661
2021-01-10T07:00:00Z,68570,62575,38592,36002,5995,22136,22067,27200,16425
2021-01-10T08:00:00Z,69865,64184,39984,37323,5681,23245,23178,28278,17346
2021-01-10T09:00:00Z,75661,69195,42143,39405,6466,24861,24792,30456,18645
2021-01-10T10:00:00Z,77240,71142,43273,40712,6098,25792,25715,30898,19095
2021-01-10T11:00:00Z,82651,75842,46119,43511,6809,27506,27437,32634,20347
2021-01-10T12:00:00Z,90987,82805,51507,47545,8182,30028,29951,36514,23140
2021-01-10T13:00:00Z,94834,87071,53074,49841,7763,33068,32984,39080,24348
2021-01-10T14:00:00Z,101351,93088,57147,53694,8263,35385,35300,41603,26222
2021-01-10T15:00:00Z,103913,95835,60186,56733,8078,36877,36794,43074,28298
2021-01-10T16:00:00Z,101088,94151,57121,54605,6937,34760,34681,40739,26303
2021-01-10T17:00:00Z,98238,91776,55879,53683,6462,33557,33482,38994,24943
2021-01-10T18:00:00Z,96938,88378,55291,51700,8560,32082,32004,38672,25543
2021-01-10T19:00:00Z,96333,88735,53975,51106,7598,31016,30939,37523,24393
2021-01-10T20:00:00Z,89902,82812,52136,49296,7090,29878,29799,35495,23621
2021-01-10T21:00:00Z,88329,80915,51105,48277,7414,28437,28356,34251,22639
2021-01-10T22:00:00Z,80933,74518,46613,44301,6415,26308,26233,31557,20650
2021-01-10T23:00:00Z,74942,69044,44309,42164,5898,24314,24247,29390,19772
2021-01-11T00:00:00Z,76635,66142,43431,40431,10493,23370,23286,30275,19680
2021-01-11T01:00:00Z,82604,72151,45922,41658,10453,26530,26441,33300,21188
2021-01-11T02:00:00Z,88855,80019,47947,45076,8836,29897,29816,35226,20903
2021-01-11T03:00:00Z,85593,76625,45650,42719,8968,28773,28692,34442,20568
2021-01-11T04:00:00Z,79959,68149,41664,39168,11810,24404,24318,31030,18601
2021-01-11T05:00:00Z,97679,72273,43128,40195,25406,26353,26257,34284,19310
2021-01-11T06:00:00Z,117581,86832,50570,46556,30749,31732,31625,41673,23172
2021-01-11T07:00:00Z,119703,99406,53290,50434,20297,37039,36941,45917,24953
2021-01-11T08:00:00Z,125201,110180,58558,54585,15021,41511,41401,48166,27522
2021-01-11T09:00:00Z,132613,118426,62481,58656,14187,44206,44087,50844,30029
2021-01-11T10:00:00Z,128683,115139,62452,58931,13544,42501,42378,48574,29414
2021-01-11T11:00:00Z,128134,112400,60660,57049,15734,41482,41347,48053,28781
2021-01-11T12:00:00Z,127951,113734,63172,58687,14217,42512,42388,49806,30607
2021-01-11T13:00:00Z,143109,127919,69498,65223,15190,47683,47552,54638,33214
2021-01-11T14:00:00Z,150066,138064,73980,69841,12002,51508,51368,58395,35851
2021-01-11T15:00:00Z,154021,141524,77856,73610,12497,52656,52519,59431,37734
2021-01-11T16:00:00Z,144618,133815,72838,69336,10803,49204,49064,54713,34345
2021-01-11T17:00:00Z,135994,126094,67676,64686,9900,45419,45277,52187,32041
2021-01-11T18:00:00Z,131973,118562,65717,60913,13411,42646,42518,50764,31832
2021-01-11T19:00:00Z,140496,116287,64791,60799,24209,41302,41155,54472,30567
2021-01-11T20:00:00Z,125227,110424,63203,59171,14803,39282,39141,47125,29762
2021-01-11T21:00:00Z,118990,106343,60937,56826,12647,37244,37128,44526,28387
2021-01-11T22:00:00Z,109269,98308,55675,52337,10961,34014,33890,40706,25633
2021-01-11T23:00:00Z,97338,85293,50973,47305,12045,29799,29676,37157,23929
2021-01-12T00:00:00Z,94029,82198,50627,46547,11831,28511,28401,36653,23402
2021-01-12T01:00:00Z,94533,83498,49813,45472,11035,30975,30869,37822,23460
2021-01-12T02:00:00Z,96560,87125,49738,46582,9435,33474,33360,38574,22999
2021-01-12T03:00:00Z,95140,84546,48979,45742,10594,31258,31159,37277,21886
2021-01-12T04:00:00Z,83982,73436,43497,41218,10546,26243,26145,32327,19590
2021-01-12T05:00:00Z,92439,75320,44287,41572,17119,27962,27852,34586,19873
2021-01-12T06:00:00Z,108429,84839,48203,44470,23590,32758,32654,41079,23056
2021-01-12T07:00:00Z,115380,97953,52897,49686,17427,38603,38498,44956,25458
2021-01-12T08:00:00Z,121521,108188,57026,53290,13333,41785,41660,47693,27610
2021-01-12T09:00:00Z,130231,118288,62046,58413,11943,44684,44569,50274,29660
2021-01-12T10:00:00Z,128956,116661,61231,58122,12295,43252,43121,49701,29505
2021-01-12T11:00:00Z,122194,109604,58000,54712,12590,41387,41269,46869,28055
2021-01-12T12:00:00Z,126864,116357,63262,59591,10507,43725,43600,49828,30240
2021-01-12T13:00:00Z,140663,127510,69822,65610,13153,47550,47422,54478,33543
2021-01-12T14:00:00Z,150849,138615,74747,70685,12234,51964,51833,58444,36414
2021-01-12T15:00:00Z,154166,143290,76148,72560,10876,53614,53472,59540,37739
2021-01-12T16:00:00Z,150154,139716,74028,70847,10438,49744,49600,55367,34723
2021-01-12T17:00:00Z,137352,127575,68868,65905,9777,45974,45832,51513,32188
2021-01-12T18:00:00Z,130159,119911,66425,62898,10248,42883,42750,49359,31234
2021-01-12T19:00:00Z,127758,115434,64612,60216,12324,41502,41350,48820,31181
2021-01-12T20:00:00Z,123563,111377,61848,57816,12186,39780,39647,45998,29384
2021-01-12T21:00:00Z,118093,106538,60227,56233,11555,38032,37897,44152,28241
2021-01-12T22:00:00Z,111146,101046,57753,54346,10100,34774,34642,40562,25681
2021-01-12T23:00:00Z,94904,85831,50491,47340,9073,30242,30128,36144,23306
2021-01-13T00:00:00Z,90223,81062,48186,44958,9161,28761,28647,35199,22472
2021-01-13T01:00:00Z,94252,84805,49810,45752,9447,31603,31501,38593,23872
2021-01-13T02:00:00Z,96256,87748,49365,46437,8508,33644,33554,39310,23237
2021-01-13T03:00:00Z,91854,83266,47655,44925,8588,31429,31343,37335,21940
2021-01-13T04:00:00Z,85095,73969,44442,41557,11126,26610,26526,33054,20220
2021-01-13T05:00:00Z,89219,73605,43314,40740,15614,27513,27421,34198,19972
2021-01-13T06:00:00Z,101856,84932,47660,44070,16924,32469,32370,40076,22677
2021-01-13T07:00:00Z,113170,99058,53398,50266,14112,38174,38074,45203,25509
2021-01-13T08:00:00Z,120712,110211,57332,54386,10501,42053,41950,47472,27394
2021-01-13T09:00:00Z,132925,122451,64120,61046,10474,45150,45028,50034,29092
2021-01-13T10:00:00Z,125826,114441,60654,57413,11385,43039,42925,48835,29205
2021-01-13T11:00:00Z,120325,108843,59517,55807,11482,40807,40693,46908,28193
2021-01-13T12:00:00Z,124004,113629,61023,57549,10375,43081,42972,49337,29950
2021-01-13T13:00:00Z,138806,126133,67846,63654,12673,47148,47033,54137,33190
2021-01-13T14:00:00Z,149428,138718,74406,70750,10710,51500,51362,57408,35674
2021-01-13T15:00:00Z,155699,144371,79258,75507,11328,53414,53274,60479,38219
2021-01-13T16:00:00Z,144968,133860,72116,68935,11108,49471,49338,55438,34439
2021-01-13T17:00:00Z,133115,123117,66868,63952,9998,45245,45096,50970,31448
2021-01-13T18:00:00Z,139453,118837,64764,61503,20616,42361,42231,53875,30432
2021-01-13T19:00:00Z,128862,115574,64431,60051,13288,41241,41116,49166,30811
2021-01-13T20:00:00Z,121712,110391,60900,57285,11321,39470,39345,45881,29148
2021-01-13T21:00:00Z,117599,106309,59901,56224,11290,36885,36755,43424,27768
2021-01-13T22:00:00Z,107494,98387,54628,51731,9107,33411,33282,39276,25047
2021-01-13T23:00:00Z,95264,85900,50748,47810,9364,29991,29884,35867,23212
2021-01-14T00:00:00Z,91580,81374,48117,44768,10206,28207,28103,34935,22272
2021-01-14T01:00:00Z,92324,82473,48826,44976,9851,30943,30826,37363,23141
2021-01-14T02:00:00Z,96000,86559,50382,46874,9441,33233,33135,39297,23705
2021-01-14T03:00:00Z,91232,82982,48229,45563,8250,30907,30815,36697,21341
2021-01-14T04:00:00Z,81999,70550,43322,40516,11449,25286,25191,31753,19356
2021-01-14T05:00:00Z,94592,77066,45732,42989,17526,27207,27116,35031,19736
2021-01-14T06:00:00Z,106036,84593,48201,44924,21443,31514,31408,39848,22248
2021-01-14T07:00:00Z,111154,92984,51484,47296,18170,36082,35970,44343,24946
2021-01-14T08:00:00Z,116974,105736,56013,52855,11238,41003,40895,46708,26830
2021-01-14T09:00:00Z,124939,113552,59852,56728,11387,43752,43630,49943,29089
2021-01-14T10:00:00Z,125272,113430,61461,57855,11842,41831,41707,48649,29048
2021-01-14T11:00:00Z,121719,111058,60782,57523,10661,40601,40480,47191,28240
2021-01-14T12:00:00Z,127366,117192,64870,61462,10174,42567,42434,49478,30284
2021-01-14T13:00:00Z,135842,123773,69143,64976,12069,46512,46383,53235,32921
2021-01-14T14:00:00Z,148979,139007,75475,72076,9972,51288,51150,57391,35801
2021-01-14T15:00:00Z,150786,140209,75607,71879,10577,51445,51305,58292,36463
2021-01-14T16:00:00Z,146811,136619,73871,70796,10192,49347,49202,55367,34601
2021-01-14T17:00:00Z,137741,128084,70201,67228,9657,45864,45717,51718,32361
2021-01-14T18:00:00Z,127613,118233,65349,61925,9380,41966,41829,48137,30332
2021-01-14T19:00:00Z,133232,114528,64195,60063,18704,40393,40259,51388,30352
2021-01-14T20:00:00Z,161603,109514,61261,57696,52089,38618,38484,63549,28524
2021-01-14T21:00:00Z,118408,106389,60780,56956,12019,37073,36945,43843,27895
2021-01-14T22:00:00Z,109031,97767,55646,52177,11264,33890,33755,40858,25974
2021-01-14T23:00:00Z,98003,86894,52215,48677,11109,30273,30163,36383,23879
2021-01-15T00:00:00Z,89122,79267,47738,44201,9855,27868,27748,34479,22082
2021-01-15T01:00:00Z,91628,82009,49667,45375,9619,30583,30469,37411,23465
2021-01-15T02:00:00Z,97239,88765,52123,49159,8474,32761,32657,38782,23247
2021-01-15T03:00:00Z,90988,82690,48106,45237,8298,30423,30335,36539,21548
2021-01-15T04:00:00Z,83182,72322,43811,41046,10860,25497,25405,32389,19518
2021-01-15T05:00:00Z,92918,75630,44542,41892,17288,26939,26833,34577,19850
2021-01-15T06:00:00Z,107292,86044,48715,45158,21248,31211,31108,40034,22090
2021-01-15T07:00:00Z,110688,92528,51714,47601,18160,34958,34845,43145,24420
2021-01-15T08:00:00Z,117940,106654,58185,55027,11286,39878,39766,46092,26632
2021-01-15T09:00:00Z,120902,110825,58203,55378,10077,42417,42308,48101,28057
2021-01-15T10:00:00Z,119660,107917,58236,54976,11743,41060,40940,47723,28893
2021-01-15T11:00:00Z,115636,104875,56658,53530,10761,38186,38061,44036,26990
2021-01-15T12:00:00Z,117243,107087,58064,54655,10156,39349,39239,45203,27640
2021-01-15T13:00:00Z,130913,118582,65434,61211,12331,43100,42982,50241,30956
2021-01-15T14:00:00Z,136213,127321,67840,64559,8892,47346,47204,53507,33100
2021-01-15T15:00:00Z,136707,126890,68494,64829,9817,47749,47606,53503,33415
2021-01-15T16:00:00Z,133765,123501,67976,64980,10264,45341,45208,50508,31910
2021-01-15T17:00:00Z,127598,116951,64914,61837,10647,42364,42221,48393,30275
2021-01-15T18:00:00Z,119240,108910,61173,57554,10330,39222,39084,45346,28776
2021-01-15T19:00:00Z,113638,103245,59334,55053,10393,36429,36297,43714,28067
2021-01-15T20:00:00Z,107740,97559,56333,52843,10181,34398,34282,40356,25522
2021-01-15T21:00:00Z,103822,93679,54384,50710,10143,32563,32436,38731,24789
2021-01-15T22:00:00Z,94068,85313,49586,46525,8755,29607,29488,34938,22341
2021-01-15T23:00:00Z,87908,73385,44890,41407,14523,25895,25782,32708,20817
2021-01-16T00:00:00Z,79810,69272,42599,39145,10538,23121,23008,30210,19493
2021-01-16T01:00:00Z,74071,64410,41197,36997,9661,22086,21995,29284,18912
2021-01-16T02:00:00Z,73285,63251,40564,36919,10034,22015,21929,28571,17834
2021-01-16T03:00:00Z,68758,60676,38864,35551,8082,21137,21054,27132,16841
2021-01-16T04:00:00Z,66861,59289,38080,34822,7572,20203,20129,25818,16394
2021-01-16T05:00:00Z,64978,58520,36939,34333,6458,20119,20048,25299,15514
2021-01-16T06:00:00Z,67925,61263,38407,35306,6662,21349,21272,27314,16921
2021-01-16T07:00:00Z,71123,64379,39654,36656,6744,22526,22454,28892,17480
2021-01-16T08:00:00Z,73306,66885,40512,37674,6421,24252,24177,29841,17893
2021-01-16T09:00:00Z,75057,68933,41695,39263,6124,25269,25194,30533,18409
2021-01-16T10:00:00Z,77802,71365,42943,40226,6437,25730,25659,31176,19217
2021-01-16T11:00:00Z,81085,73985,44513,41695,7100,26774,26697,32386,19925
2021-01-16T12:00:00Z,87252,78942,47933,44609,8310,28493,28421,34707,21366
2021-01-16T13:00:00Z,89096,81466,49632,46078,7630,30800,30723,37523,23351
2021-01-16T14:00:00Z,99357,91539,55274,52026,7818,33473,33390,39315,24494
2021-01-16T15:00:00Z,102045,94571,55898,52709,7474,34056,33972,40146,25171
2021-01-16T16:00:00Z,106976,99571,56571,54015,7405,33875,33789,39473,24902
2021-01-16T17:00:00Z,97139,90466,53809,51472,6673,32682,32612,38140,23963
2021-01-16T18:00:00Z,94038,86760,52966,49898,7278,31263,31177,36990,23656
2021-01-16T19:00:00Z,93968,86198,54798,50934,7770,30057,29974,36481,23826
2021-01-16T20:00:00Z,88593,82106,51243,48433,6487,29063,28993,34434,22090
2021-01-16T21:00:00Z,83176,76762,48741,45932,6414,26656,26583,31792,20730
2021-01-16T22:00:00Z,77895,72227,45619,43489,5668,24637,24564,29394,19031
2021-01-16T23:00:00Z,70871,65669,42356,40327,5202,22853,22776,27397,18223
2021-01-17T00:00:00Z,68457,62028,39719,37239,6429,20817,20746,26568,17420
2021-01-17T01:00:00Z,66672,58742,39950,36557,7930,20236,20166,26755,17825
2021-01-17T02:00:00Z,64962,58931,38822,36243,6031,21045,20969,26311,16852
2021-01-17T03:00:00Z,64596,59284,38530,36343,5312,20620,20547,25537,16116
2021-01-17T04:00:00Z,61542,56625,36844,34479,4917,20118,20048,25157,15981
2021-01-17T05:00:00Z,69579,57483,37366,35042,12096,20095,20022,24595,15372
2021-01-17T06:00:00Z,64386,58523,37397,34673,5863,21196,21131,26524,16618
2021-01-17T07:00:00Z,66852,60854,38579,35866,5998,22375,22307,27620,17145
2021-01-17T08:00:00Z,70995,65075,40257,37888,5920,24026,23944,29009,17821
2021-01-17T09:00:00Z,75908,69831,43106,40834,6077,25636,25557,30787,18974
2021-01-17T10:00:00Z,79099,72876,44439,41654,6223,27025,26957,32334,20338
2021-01-17T11:00:00Z,85053,78391,47336,44616,6662,28993,28914,34355,21271
2021-01-17T12:00:00Z,90795,82688,50980,47801,8107,31117,31035,36766,23231
2021-01-17T13:00:00Z,99311,91633,57047,53400,7678,34020,33928,41079,25983
2021-01-17T14:00:00Z,103670,96562,58630,55611,7108,36827,36741,43321,27178
2021-01-17T15:00:00Z,104016,96120,58326,54977,7896,36925,36830,43711,27722
2021-01-17T16:00:00Z,102158,94922,57503,54790,7236,35469,35389,41587,26388
2021-01-17T17:00:00Z,101144,94692,58487,56133,6452,34149,34066,39695,25113
2021-01-17T18:00:00Z,100183,93025,58985,55997,7158,32851,32761,38802,25437
2021-01-17T19:00:00Z,94274,86410,54735,51229,7864,31773,31695,38238,25396
2021-01-17T20:00:00Z,90670,83302,51469,48827,7368,30493,30403,36261,23809
2021-01-17T21:00:00Z,86566,79459,49916,47216,7107,28517,28436,34242,22559
2021-01-17T22:00:00Z,83868,76095,48415,45741,7773,26520,26433,31945,21002
2021-01-17T23:00:00Z,74582,68143,44186,41916,6439,24117,24031,29260,19199
2021-01-18T00:00:00Z,77811,65695,42086,39503,12116,23836,23753,30004,18977
2021-01-18T01:00:00Z,81606,72804,44994,41157,8802,27855,27783,33592,20819
2021-01-18T02:00:00Z,86623,78295,45533,43077,8328,30241,30167,34961,20457
2021-01-18T03:00:00Z,86793,77344,45037,42522,9449,29356,29280,34163,19657
2021-01-18T04:00:00Z,81624,67246,41277,38559,14378,24731,24649,31169,18413
2021-01-18T05:00:00Z,103533,73483,42937,39963,30050,26548,26448,34659,19031
2021-01-18T06:00:00Z,121275,82537,46548,43194,38738,32255,32154,40631,21840
2021-01-18T07:00:00Z,127810,95485,52834,49164,32325,36184,36074,46137,24834
2021-01-18T08:00:00Z,135538,107984,58580,53832,27554,41094,40963,49398,27496
2021-01-18T09:00:00Z,134601,117496,62814,58719,17105,44343,44226,51177,29696
2021-01-18T10:00:00Z,127859,109814,59457,55451,18045,41275,41156,47695,28380
2021-01-18T11:00:00Z,133185,115270,59443,55703,17915,41317,41188,48074,28380
2021-01-18T12:00:00Z,132899,119196,61948,58116,13703,43274,43156,50079,30511
2021-01-18T13:00:00Z,145695,130639,68960,64413,15056,46851,46724,54630,33700
2021-01-18T14:00:00Z,149084,138579,72246,68738,10505,50956,50829,57253,35319
2021-01-18T15:00:00Z,147564,136800,75670,71914,10764,50285,50156,56749,35982
2021-01-18T16:00:00Z,138792,128690,70516,67298,10102,46951,46827,53398,33633
2021-01-18T17:00:00Z,130161,121028,67937,65128,9133,43453,43327,49380,30882
2021-01-18T18:00:00Z,123051,111325,63221,59567,11726,40442,40328,47213,29963
2021-01-18T19:00:00Z,121568,109435,63151,58795,12133,38823,38710,46784,30192
2021-01-18T20:00:00Z,120208,105472,60649,56713,14736,37554,37433,45148,28695
2021-01-18T21:00:00Z,115799,102388,60139,56154,13411,35173,35058,42453,27410
2021-01-18T22:00:00Z,102452,92240,55247,51961,10212,31740,31629,38366,24958
2021-01-18T23:00:00Z,90192,80959,49125,46429,9233,27864,27771,33898,22204
2021-01-19T00:00:00Z,86172,76570,46617,43772,9602,27187,27083,33690,21526
2021-01-19T01:00:00Z,90014,81457,48167,44171,8557,30721,30619,37509,23259
2021-01-19T02:00:00Z,95901,87909,49512,46754,7992,33255,33160,38792,22984
2021-01-19T03:00:00Z,92689,83769,48700,45829,8920,30863,30780,36388,21494
2021-01-19T04:00:00Z,86343,75598,45689,42446,10745,26342,26251,33335,20372
2021-01-19T05:00:00Z,91494,77220,44236,41348,14274,27771,27676,34878,20082
2021-01-19T06:00:00Z,105532,87946,47766,44640,17586,32644,32540,40127,22488
2021-01-19T07:00:00Z,121093,103280,58804,53837,17813,37146,37043,45346,26158
2021-01-19T08:00:00Z,129348,116863,62089,58377,12485,42600,42486,49308,28408
2021-01-19T09:00:00Z,135261,123608,63435,59955,11653,45932,45815,52130,30506
2021-01-19T10:00:00Z,129782,117947,62873,59200,11835,43873,43752,50076,30061
2021-01-19T11:00:00Z,119451,108908,57579,54168,10543,41231,41110,47437,27859
2021-01-19T12:00:00Z,118428,109281,57026,53669,9147,42634,42511,49043,28613
2021-01-19T13:00:00Z,119126,110477,55891,52834,8649,45168,45054,52043,28895
2021-01-19T14:00:00Z,174035,163004,93832,89759,11031,59869,59725,67053,43466
2021-01-19T15:00:00Z,155800,144836,77347,73391,10964,53092,52950,59537,36917
2021-01-19T16:00:00Z,150759,140446,73464,70342,10313,50837,50697,56757,35121
2021-01-19T17:00:00Z,142764,132391,69765,66768,10373,47346,47201,53433,32955
2021-01-19T18:00:00Z,137349,125726,67292,63574,11623,44077,43941,51705,31502
2021-01-19T19:00:00Z,133595,119309,66989,61917,14286,42149,42020,51321,32011
2021-01-19T20:00:00Z,135695,113599,62381,57867,22096,40602,40467,52769,30171
2021-01-19T21:00:00Z,140981,110906,62317,57995,30075,38652,38524,54835,29137
2021-01-19T22:00:00Z,128390,101450,57015,53515,26940,34596,34458,49457,26073
2021-01-19T23:00:00Z,116023,88174,50704,47349,27849,30717,30583,45105,23665
2021-01-20T00:00:00Z,115334,87901,49316,46021,27433,29354,29239,44258,22500
2021-01-20T01:00:00Z,113641,87357,50283,45973,26284,31801,31680,46812,23965
2021-01-20T02:00:00Z,115526,92902,53383,48829,22624,34245,34142,46163,24812
2021-01-20T03:00:00Z,101177,90729,52772,49685,10448,32189,32084,39347,22860
2021-01-20T04:00:00Z,95502,79710,47765,44704,15792,27221,27125,35694,20863
2021-01-20T05:00:00Z,106482,80347,46218,43027,26135,28667,28562,37430,20854
2021-01-20T06:00:00Z,115488,92312,51821,48343,23176,33305,33204,41721,22855
2021-01-20T07:00:00Z,122761,102685,57096,52703,20076,37543,37434,47296,25741
2021-01-20T08:00:00Z,128426,112886,57343,54141,15540,42426,42310,50098,27807
2021-01-20T09:00:00Z,133673,121004,61989,58605,12669,45378,45248,51302,30138
2021-01-20T10:00:00Z,134134,120124,63174,59941,14010,43490,43364,50304,29827
2021-01-20T11:00:00Z,126872,112844,58547,55325,14028,41137,41009,47849,28070
2021-01-20T12:00:00Z,131018,118797,64077,60362,12221,43716,43580,50337,30585
2021-01-20T13:00:00Z,136548,125187,68528,64642,11361,46441,46306,53174,32610
2021-01-20T14:00:00Z,144997,135782,70908,67828,9215,51330,51188,56557,34957
2021-01-20T15:00:00Z,159706,149831,79186,75840,9875,52940,52791,59416,36894
2021-01-20T16:00:00Z,145824,137230,73270,70769,8594,49216,49071,54631,33877
2021-01-20T17:00:00Z,134284,126254,67028,64774,8030,45389,45255,50403,31257
2021-01-20T18:00:00Z,129022,119499,63265,59945,9523,43193,43073,49388,30754
2021-01-20T19:00:00Z,127352,115841,63372,59014,11511,41123,40984,48714,30865
2021-01-20T20:00:00Z,126464,113552,62236,58127,12912,40165,40031,47497,29992
2021-01-20T21:00:00Z,135716,105232,58687,54719,30484,37330,37196,52048,28017
2021-01-20T22:00:00Z,135673,97996,54349,50701,37677,33946,33821,47416,25387
2021-01-21T01:00:00Z,177571,84395,47960,43940,93176,30742,30631,57744,23547
2021-01-21T02:00:00Z,109235,89930,50317,46503,19305,33527,33428,45049,24078
2021-01-21T03:00:00Z,105979,85170,47843,44250,20809,31338,31228,43923,22737
2021-01-21T04:00:00Z,98116,74325,43552,40122,23791,26870,26772,39769,20665
2021-01-21T05:00:00Z,98142,78181,44591,41302,19961,28308,28207,36952,20835
2021-01-21T06:00:00Z,106598,87704,48582,45043,18894,32776,32665,41280,22872
2021-01-21T07:00:00Z,124824,98063,52326,48301,26761,36541,36430,51359,25160
2021-01-21T08:00:00Z,127406,109640,56959,53420,17766,42073,41951,51705,27926
2021-01-21T09:00:00Z,144841,120324,60903,57412,24517,45128,45009,57198,29571
2021-01-21T10:00:00Z,141373,114507,58866,55647,26866,42347,42221,56334,29142
2021-01-21T11:00:00Z,144880,114876,59944,56673,30004,41485,41362,57201,28591
2021-01-21T12:00:00Z,147546,117413,62807,59401,30133,43293,43161,60097,29943
2021-01-21T13:00:00Z,169065,124924,67127,63047,44141,46680,46540,72561,33192
2021-01-21T14:00:00Z,179299,132536,69851,66186,46763,50822,50679,76386,35060
2021-01-21T15:00:00Z,185186,130866,68532,64786,54320,50334,50189,79687,35117
2021-01-21T16:00:00Z,173824,133303,69072,65602,40521,48954,48812,69607,33914
2021-01-21T17:00:00Z,139646,129382,67416,64547,10264,46631,46485,52367,32152
2021-01-21T18:00:00Z,134775,124012,66739,63116,10763,43859,43718,50883,31791
2021-01-21T19:00:00Z,129418,117802,65342,60846,11616,42145,42008,50076,31722
2021-01-21T20:00:00Z,123583,112551,62215,58360,11032,39892,39744,46885,29405
2021-01-21T21:00:00Z,118424,108443,60196,56509,9981,37483,37350,44426,27880
2021-01-21T22:00:00Z,105628,96342,53721,50628,9286,33735,33605,40193,25040
2021-01-21T23:00:00Z,95191,86143,49474,46458,9048,30277,30157,36846,23385
2021-01-22T00:00:00Z,93756,83791,48452,45068,9965,28771,28652,35897,22355
2021-01-22T01:00:00Z,95234,85111,49590,45542,10123,31236,31123,38569,23644
2021-01-22T02:00:00Z,97325,87752,50240,46720,9573,33035,32942,39630,23549
2021-01-22T03:00:00Z,92128,83313,46964,43992,8815,30720,30612,37294,21815
2021-01-22T04:00:00Z,83514,73549,43797,40721,9965,25726,25636,33084,19810
2021-01-22T05:00:00Z,88156,75892,43622,41001,12264,27308,27206,34459,19847
2021-01-22T06:00:00Z,102422,87933,46964,43979,14489,31988,31882,39931,21974
2021-01-22T07:00:00Z,109689,95296,52091,47866,14393,35755,35636,43922,25115
2021-01-22T08:00:00Z,115497,105563,55045,51699,9934,40354,40251,47166,27053
2021-01-22T09:00:00Z,125138,115273,60999,57672,9865,43511,43397,50263,29505
2021-01-22T10:00:00Z,116776,107305,56471,53314,9471,41045,40937,47411,28252
2021-01-22T11:00:00Z,116925,106805,56743,53303,10120,38979,38856,45808,27299
2021-01-22T12:00:00Z,119069,109208,59869,56209,9861,40277,40162,47523,28865
2021-01-22T13:00:00Z,130014,118780,64928,60671,11234,44374,44241,51759,31753
2021-01-22T14:00:00Z,133315,122572,66351,62666,10743,46435,46298,53448,32971
2021-01-22T15:00:00Z,146832,134856,74027,69986,11976,48850,48703,55982,34899
2021-01-22T16:00:00Z,139738,129067,70820,67507,10671,46473,46332,52978,33031
2021-01-22T17:00:00Z,134434,124914,69266,66229,9520,44024,43879,50119,31053
2021-01-22T18:00:00Z,127709,117226,65276,61331,10483,40337,40212,46856,29419
2021-01-22T19:00:00Z,118914,107705,61954,57530,11209,37475,37349,44659,28296
2021-01-22T20:00:00Z,116868,104219,60293,56419,12649,35549,35421,42739,26690
2021-01-22T21:00:00Z,109331,97837,57037,53057,11494,33208,33078,39833,25357
2021-01-22T22:00:00Z,99446,90240,52772,49442,9206,30498,30384,36914,23822
2021-01-22T23:00:00Z,87670,78787,45945,42858,8883,26262,26160,32896,20650
2021-01-23T00:00:00Z,79286,71308,43159,40148,7978,23536,23434,30797,19219
2021-01-23T01:00:00Z,78131,68148,44444,39836,9983,22636,22549,30831,19775
2021-01-23T02:00:00Z,74274,65788,41592,38435,8486,22542,22458,28920,18042
2021-01-23T03:00:00Z,67939,61630,38149,35434,6309,21330,21252,27586,16535
2021-01-23T04:00:00Z,67388,60873,38833,35959,6515,20126,20052,26697,16492
2021-01-23T05:00:00Z,70864,64242,40461,37906,6622,20393,20329,26652,15964
2021-01-23T06:00:00Z,76615,69616,44452,41347,6999,22214,22133,28872,17506
2021-01-23T07:00:00Z,80246,73332,45734,42538,6914,22961,22888,29628,17850
2021-01-23T08:00:00Z,79880,72317,43343,40118,7563,24567,24490,31216,18409
2021-01-23T09:00:00Z,78650,71528,43081,40004,7122,25716,25638,32409,19237
2021-01-23T10:00:00Z,80347,72862,43547,40480,7485,26014,25932,33595,20213
2021-01-23T11:00:00Z,83207,74771,44898,41591,8436,26894,26815,33926,20437
2021-01-23T12:00:00Z,87870,79202,47234,43767,8668,28777,28690,36347,22018
2021-01-23T13:00:00Z,95000,85054,51197,47000,9946,31312,31232,39882,24201
2021-01-23T14:00:00Z,102360,93231,56266,52781,9129,34112,34034,41247,25411
2021-01-23T15:00:00Z,102821,95058,57101,54114,7763,34861,34782,42013,26135
2021-01-23T16:00:00Z,103459,96258,57525,55063,7201,33999,33920,40646,25290
2021-01-23T17:00:00Z,99216,92209,54996,53005,7007,33352,33264,39198,24366
2021-01-23T18:00:00Z,95178,88046,52549,49798,7132,31746,31664,37685,23943
2021-01-23T19:00:00Z,91826,84025,51904,48628,7801,30059,29967,36607,23961
2021-01-23T20:00:00Z,86503,79971,49493,46813,6532,28674,28595,34739,22604
2021-01-23T21:00:00Z,85299,77876,48014,45024,7423,27082,27012,32935,21197
2021-01-23T22:00:00Z,78518,72211,45214,42815,6307,24937,24854,30072,19620
2021-01-23T23:00:00Z,70782,65483,42034,39826,5299,23248,23175,28336,18662
2021-01-24T00:00:00Z,66289,60342,40146,37533,5947,20813,20738,26386,17432
2021-01-24T01:00:00Z,66583,59386,39780,36886,7197,20453,20386,26651,17590
2021-01-24T02:00:00Z,66291,60118,39499,36607,6173,21285,21211,26808,17351
2021-01-24T03:00:00Z,65812,61088,38447,36483,4724,20791,20724,25760,15900
2021-01-24T04:00:00Z,62453,57854,37033,34901,4599,20047,19985,25313,16001
2021-01-24T05:00:00Z,63414,56446,35832,33864,6968,19870,19804,25002,15190
2021-01-24T06:00:00Z,65680,60917,38629,36190,4763,21287,21221,26544,16393
2021-01-24T07:00:00Z,69055,63787,39580,36852,5268,22587,22518,28512,17324
2021-01-24T08:00:00Z,72897,67936,41807,39527,4961,23891,23812,29420,17803
2021-01-24T09:00:00Z,79654,72444,45179,42297,7210,25749,25680,32033,19335
2021-01-24T10:00:00Z,83070,76297,47075,44037,6773,26845,26772,33762,20474
2021-01-24T11:00:00Z,86772,79785,48141,45093,6987,28342,28265,35547,21056
2021-01-24T12:00:00Z,92448,84841,51169,47803,7607,30955,30872,37961,23678
2021-01-24T13:00:00Z,97991,89905,53666,49944,8086,33894,33814,41673,25635
2021-01-24T14:00:00Z,105338,97032,58558,55250,8306,37013,36927,44508,27930
2021-01-24T15:00:00Z,107068,98215,59727,56082,8853,37119,37034,44749,28435
2021-01-24T16:00:00Z,105215,97173,59283,56199,8042,35621,35527,42946,27219
2021-01-24T17:00:00Z,104138,97341,58938,56504,6797,34440,34361,41592,25817
2021-01-24T18:00:00Z,100640,92913,56131,53053,7727,33612,33536,40666,25909
2021-01-24T19:00:00Z,99536,91086,56782,52962,8450,32644,32561,40502,26041
2021-01-24T20:00:00Z,94489,86434,53367,50125,8055,31123,31039,38185,24302
2021-01-24T21:00:00Z,92605,85205,53258,50178,7400,29553,29470,36334,23335
2021-01-24T22:00:00Z,85449,78851,49967,47399,6598,27385,27301,33445,21909
2021-01-24T23:00:00Z,77036,70957,45020,42716,6079,25051,24974,30744,20108
2021-01-25T00:00:00Z,81254,71567,45505,42742,9687,24508,24423,31088,19791
2021-01-25T01:00:00Z,87417,76802,48361,44347,10615,27935,27840,35327,21648
2021-01-25T02:00:00Z,92136,81692,49383,45619,10444,30867,30781,37492,22416
2021-01-25T03:00:00Z,87988,78614,46716,43968,9374,29688,29606,35721,20969
2021-01-25T04:00:00Z,85135,70881,43414,40543,14254,25494,25405,32621,19350
2021-01-25T05:00:00Z,108131,76168,45245,41803,31963,27194,27088,35999,19702
2021-01-25T06:00:00Z,120093,85772,48553,45277,34321,32058,31951,41634,22045
2021-01-25T07:00:00Z,127041,98067,55213,51064,28974,36286,36174,45758,25328
2021-01-25T08:00:00Z,135075,109772,58777,53989,25303,41601,41476,49661,27770
2021-01-25T09:00:00Z,137692,120687,63193,58907,17005,44713,44583,51597,29682
2021-01-25T10:00:00Z,133468,116523,62490,58369,16945,42499,42364,50241,29407
2021-01-25T11:00:00Z,128141,112196,60182,56185,15945,41267,41154,48416,28362
2021-01-25T12:00:00Z,131751,120304,64503,60612,11447,43509,43383,50640,30485
2021-01-25T13:00:00Z,149271,132505,70982,66222,16766,48099,47980,56559,34100
2021-01-25T14:00:00Z,156132,144944,76281,72451,11188,52609,52466,59431,36543
2021-01-25T15:00:00Z,159530,147506,77515,73380,12024,53220,53062,60624,37230
2021-01-25T16:00:00Z,154880,142534,75115,71084,12346,50467,50329,57938,35663
2021-01-25T17:00:00Z,141525,129882,69776,66305,11643,47158,47009,53431,32983
2021-01-25T18:00:00Z,138609,125792,68354,64131,12817,45016,44881,52544,32439
2021-01-25T19:00:00Z,133271,120452,66841,61930,12819,42800,42671,50897,32057
2021-01-25T20:00:00Z,130790,116821,64962,60816,13969,41690,41557,49133,30859
2021-01-25T21:00:00Z,125654,112960,63676,59185,12694,39526,39402,46567,29455
2021-01-25T22:00:00Z,112043,101824,56853,53222,10219,35452,35321,42374,26671
2021-01-25T23:00:00Z,99999,88653,51724,47943,11346,31431,31313,38405,24015
2021-01-26T00:00:00Z,97252,85731,52472,47544,11521,30009,29909,38296,24635
2021-01-26T01:00:00Z,97299,87414,51449,46811,9885,32723,32620,40492,24937
2021-01-26T02:00:00Z,102156,92702,54415,50673,9454,33503,33400,39934,23181
2021-01-26T03:00:00Z,98270,88807,53607,49888,9463,32162,32057,39440,23024
2021-01-26T04:00:00Z,89061,77394,48271,45057,11667,26271,26173,33547,19860
2021-01-26T05:00:00Z,96012,78135,48552,44746,17877,27081,26976,34691,19799
2021-01-26T06:00:00Z,111384,90154,53512,48973,21230,32602,32498,42332,23656
2021-01-26T07:00:00Z,116762,99858,56339,51989,16904,36714,36605,43782,24494
2021-01-26T08:00:00Z,124388,112758,59654,55849,11630,42065,41948,48338,27500
2021-01-26T09:00:00Z,132826,121083,64301,60289,11743,45038,44902,51567,30127
2021-01-26T10:00:00Z,130444,117587,64154,60211,12857,42746,42601,49647,29568
2021-01-26T11:00:00Z,128982,116443,63186,59179,12539,41564,41441,48484,28612
2021-01-26T12:00:00Z,131958,120499,68569,63739,11459,44025,43888,51977,32001
2021-01-26T13:00:00Z,143441,131399,73811,69932,12042,47551,47417,54153,32944
2021-01-26T14:00:00Z,156270,144590,78605,74421,11680,52818,52673,59748,36569
2021-01-26T15:00:00Z,157640,146166,78779,74524,11474,53693,53534,60659,37505
2021-01-26T16:00:00Z,150065,140170,75533,72159,9895,51137,50997,57813,35565
2021-01-26T17:00:00Z,139516,129827,69953,66588,9689,47472,47325,54284,33354
2021-01-26T18:00:00Z,139733,127813,72167,67072,11920,45128,44984,53087,33524
2021-01-26T19:00:00Z,134139,122795,69579,65139,11344,43942,43808,50985,32080
2021-01-26T20:00:00Z,129602,117557,65925,61623,12045,41888,41740,48829,30704
2021-01-26T21:00:00Z,121065,109729,62168,57862,11336,39418,39268,46065,29336
2021-01-26T22:00:00Z,111065,101721,57551,53858,9344,36074,35946,42616,26861
2021-01-26T23:00:00Z,99012,90017,52880,49398,8995,31847,31728,38129,24340
2021-01-27T00:00:00Z,98871,86685,51875,47292,12186,30830,30712,39194,24848
2021-01-27T01:00:00Z,100120,90759,53814,49238,9361,33339,33221,41056,25135
2021-01-27T02:00:00Z,98765,91956,52648,49836,6809,34056,33965,39552,23294
2021-01-27T03:00:00Z,97748,89832,52916,49558,7916,32900,32785,39179,22759
2021-01-27T04:00:00Z,93032,82510,50890,47802,10522,28060,27958,35214,20837
2021-01-27T05:00:00Z,96577,82360,50050,46880,14217,28701,28597,35734,20225
2021-01-27T06:00:00Z,108927,91914,54165,50312,17013,33616,33509,42024,23441
2021-01-27T07:00:00Z,116823,101578,57279,52881,15245,37244,37132,44509,24903
2021-01-27T08:00:00Z,121660,110805,59907,55845,10855,42159,42043,48196,27709
2021-01-27T09:00:00Z,135147,122824,66625,62141,12323,45582,45453,52048,30487
2021-01-27T10:00:00Z,134889,122162,68041,64111,12727,43566,43448,50907,29754
2021-01-27T11:00:00Z,129677,118296,65421,61476,11381,42093,41966,49015,29096
2021-01-27T12:00:00Z,132893,121542,67813,63084,11351,44249,44122,52484,31833
2021-01-27T13:00:00Z,144124,132610,73376,69276,11514,49061,48925,55649,33684
2021-01-27T14:00:00Z,158181,147259,81980,77852,10922,53377,53220,59820,36689
2021-01-27T15:00:00Z,168771,158142,79932,75655,10629,53659,53495,67705,37339
2021-01-27T16:00:00Z,151248,141278,77124,73624,9970,51582,51442,57745,35821
2021-01-27T17:00:00Z,141976,132345,71723,68261,9631,47768,47616,54261,33381
2021-01-27T18:00:00Z,133571,122944,67942,63286,10627,44373,44229,51718,32806
2021-01-27T19:00:00Z,131618,121176,67414,63558,10442,42962,42825,49651,31258
2021-01-27T20:00:00Z,127095,114871,64297,60214,12224,41335,41220,48232,29943
2021-01-27T21:00:00Z,122352,110766,62826,58523,11586,39076,38943,45789,28829
2021-01-27T22:00:00Z,111224,101254,58246,54538,9970,35545,35417,41850,26712
2021-01-27T23:00:00Z,98454,89105,51974,48504,9349,31375,31269,37779,23960
2021-01-28T00:00:00Z,96199,85420,51400,46902,10779,30316,30205,38569,24685
2021-01-28T01:00:00Z,97552,87722,51698,47315,9830,32685,32583,40644,24718
2021-01-28T02:00:00Z,101397,91117,52235,48482,10280,33777,33670,40596,23708
2021-01-28T03:00:00Z,97461,87315,51588,47617,10146,32327,32233,38849,23246
2021-01-28T04:00:00Z,87800,78327,46786,45227,9473,27198,27106,32720,19426
2021-01-28T05:00:00Z,92421,79562,45721,44738,12859,28177,28084,33914,18928
2021-01-28T06:00:00Z,103992,89386,49268,48163,14606,32684,32592,39038,21113
2021-01-28T07:00:00Z,116592,100860,57825,53026,15732,37073,36956,44427,25276
2021-01-28T08:00:00Z,124631,111613,62998,56852,13018,42358,42251,49319,29309
2021-01-28T09:00:00Z,134474,122809,67369,62354,11665,45624,45499,51974,30680
2021-01-28T10:00:00Z,129489,118354,63884,60366,11135,43150,43021,49832,29604
2021-01-28T11:00:00Z,122902,111630,61345,57628,11272,41473,41349,47185,28444
2021-01-28T12:00:00Z,125123,114242,63907,59382,10881,43301,43180,50147,31059
2021-01-28T13:00:00Z,137307,126084,69623,65674,11223,47854,47723,53572,32993
2021-01-28T14:00:00Z,149563,138144,76004,71849,11419,52381,52242,57870,36096
2021-01-28T15:00:00Z,151564,140772,75339,71080,10792,51963,51818,57971,36102
2021-01-28T16:00:00Z,146257,135666,71914,68223,10591,50370,50232,56176,35089
2021-01-28T17:00:00Z,137165,127409,68592,65001,9756,46672,46532,52702,32874
2021-01-28T18:00:00Z,143821,132533,67393,62600,11288,43367,43232,57141,32142
2021-01-28T19:00:00Z,193507,155208,61790,58177,38299,40423,40286,79423,29009
2021-01-28T21:00:00Z,168749,125214,59941,55777,43535,37034,36911,63469,27749
2021-01-28T22:00:00Z,111431,100861,57579,53998,10570,34598,34468,40513,26160
2021-01-28T23:00:00Z,97170,88133,51965,48746,9037,31035,30915,37086,24128
2021-01-29T00:00:00Z,95167,84977,51967,47491,10190,29379,29280,36709,24151
2021-01-29T01:00:00Z,97940,88038,52100,47548,9902,32021,31916,39038,24162
2021-01-29T02:00:00Z,96813,88221,51189,47869,8592,33441,33330,38787,23148
2021-01-29T03:00:00Z,93495,84731,50170,46635,8764,31307,31197,37203,22178
2021-01-29T04:00:00Z,85930,75697,46097,43045,10233,26130,26032,32496,19569
2021-01-29T05:00:00Z,89981,74527,45481,42093,15454,26568,26465,33323,19300
2021-01-29T06:00:00Z,103875,85511,50617,46136,18364,30563,30459,39632,22845
2021-01-29T07:00:00Z,109079,96814,56311,52534,12265,34800,34690,40945,23548
2021-01-29T08:00:00Z,117238,108010,59208,55702,9228,40127,40016,45995,26818
2021-01-29T09:00:00Z,130575,120208,66226,62311,10367,43327,43190,49415,29104
2021-01-29T10:00:00Z,126693,115742,63892,60211,10951,41488,41355,47306,28926
2021-01-29T11:00:00Z,118963,109162,62061,58394,9801,39228,39112,44962,27585
2021-01-29T12:00:00Z,124644,114327,64239,59712,10317,40463,40333,48215,29808
2021-01-29T13:00:00Z,134844,124257,68950,65222,10587,43841,43724,49613,30509
2021-01-29T14:00:00Z,143964,132193,73061,68699,11771,48031,47887,54259,33677
2021-01-29T15:00:00Z,149431,137955,76707,72356,11476,48586,48443,55386,34723
2021-01-29T16:00:00Z,140145,130194,71831,68504,9951,46579,46441,52333,32833
2021-01-29T17:00:00Z,134532,124481,69630,66241,10051,43667,43533,49903,31633
2021-01-29T18:00:00Z,129680,117123,67542,62804,12557,40700,40568,49847,31136
2021-01-29T19:00:00Z,129536,114925,66917,62770,14611,38216,38088,46058,28973
2021-01-29T20:00:00Z,145633,107566,62889,58669,38067,36033,35909,51229,27547
2021-01-29T21:00:00Z,110801,99894,58886,54757,10907,33899,33773,39742,25676
2021-01-29T22:00:00Z,102229,93306,55833,52502,8923,30671,30550,36095,23407
2021-01-29T23:00:00Z,90994,82595,50631,47413,8399,27445,27337,32474,21256
2021-01-30T00:00:00Z,86050,77028,49425,45152,9022,24980,24874,32084,21237
2021-01-30T01:00:00Z,78379,69956,45480,41200,8423,23590,23491,30380,20190
2021-01-30T02:00:00Z,74611,66909,42840,39839,7702,22493,22414,27952,17470
2021-01-30T03:00:00Z,75069,67616,43833,40532,7453,22214,22126,27942,17540
2021-01-30T04:00:00Z,70324,64113,41635,38847,6211,21016,20936,26580,16728
2021-01-30T05:00:00Z,74074,67614,41227,38288,6460,20673,20596,26251,15641
2021-01-30T06:00:00Z,75725,68896,43862,40208,6829,22285,22203,28972,17735
2021-01-30T07:00:00Z,75213,69696,42694,39908,5517,23443,23379,29016,17155
2021-01-30T08:00:00Z,78693,72799,44499,41763,5894,25121,25046,30874,18484
2021-01-30T09:00:00Z,83028,76807,47924,44913,6221,26316,26231,31871,19310
2021-01-30T10:00:00Z,87182,80129,50272,47195,7053,26869,26784,32575,19933
2021-01-30T11:00:00Z,88813,82015,51318,47927,6798,27964,27889,33432,20605
2021-01-30T12:00:00Z,95989,87693,55613,51669,8296,29903,29824,37007,23464
2021-01-30T13:00:00Z,99712,91975,56928,53564,7737,32378,32297,38627,23881
2021-01-30T14:00:00Z,106486,99149,60397,57143,7337,35343,35261,41402,26011
2021-01-30T15:00:00Z,107396,99463,61088,57731,7933,36324,36238,42724,27155
2021-01-30T16:00:00Z,108195,101029,62184,59458,7166,35704,35623,42204,26825
2021-01-30T17:00:00Z,102113,95068,57888,55265,7045,34587,34504,40737,25866
2021-01-30T18:00:00Z,99643,90815,56394,52248,8828,32959,32874,39267,25855
2021-01-30T19:00:00Z,95213,87880,53459,50343,7333,31194,31112,36281,23535
2021-01-30T20:00:00Z,89740,82810,51721,48800,6930,29466,29373,34298,22299
2021-01-30T21:00:00Z,86244,79885,50057,47064,6359,28193,28112,32910,21295
2021-01-30T22:00:00Z,81013,75118,47291,44809,5895,26252,26167,30718,20305
2021-01-30T23:00:00Z,74137,68604,44721,42204,5533,24506,24441,28823,19250
2021-01-31T00:00:00Z,71638,63991,44467,40584,7647,22523,22440,28852,19849
2021-01-31T01:00:00Z,68375,61137,42157,38308,7238,21700,21625,27523,18904
2021-01-31T02:00:00Z,67987,62863,41265,38857,5124,21884,21817,26876,17526
2021-01-31T03:00:00Z,68337,62749,41235,38405,5588,21612,21537,26798,17003
2021-01-31T04:00:00Z,69244,61983,40962,38338,7261,20972,20895,26280,16597
2021-01-31T05:00:00Z,77174,65831,43202,39627,11343,21679,21604,28320,16881
2021-01-31T06:00:00Z,77124,67140,44192,39635,9984,22279,22206,30325,18626
2021-01-31T07:00:00Z,77431,68381,44626,40563,9050,23313,23241,29441,17951
2021-01-31T08:00:00Z,82262,74233,45885,42332,8029,24910,24834,31216,19050
2021-01-31T09:00:00Z,86411,77907,49689,45840,8504,26405,26331,33501,20208
2021-01-31T10:00:00Z,89751,82038,52930,49549,7713,28004,27932,33826,21090
2021-01-31T11:00:00Z,92181,84295,53183,49634,7886,29455,29373,35077,21758
2021-01-31T12:00:00Z,98045,89348,57385,53242,8697,31693,31608,38644,24747
2021-01-31T13:00:00Z,104116,95429,59800,56155,8687,34453,34376,40256,25230
2021-01-31T14:00:00Z,111524,102642,64382,60659,8882,37647,37563,43762,27660
2021-01-31T15:00:00Z,113028,103532,63270,59718,9496,37908,37820,44800,28368
2021-01-31T16:00:00Z,109185,99959,60852,57649,9226,36804,36722,43328,27680
2021-01-31T17:00:00Z,107325,97950,60516,57135,9375,35751,35652,42241,27051
2021-01-31T18:00:00Z,103818,94445,59632,55418,9373,34494,34404,41430,27310
2021-01-31T19:00:00Z,99555,91547,56772,53365,8008,32930,32843,38681,25106
2021-01-31T20:00:00Z,97384,89756,55848,52818,7628,32618,32530,38021,24819
2021-01-31T21:00:00Z,91349,83688,53452,50146,7661,30086,30002,35436,23459
2021-01-31T22:00:00Z,85350,78507,49489,46862,6843,27895,27807,32894,21905
2021-01-31T23:00:00Z,80317,72370,46803,43911,7947,25670,25592,31336,20797
