event_hour,total_events,total_events_human,push_events,push_events_human,bot_events,distinct_actors,distinct_actors_human,distinct_repos,distinct_push_repos
2021-01-01T00:00:00Z,60934,51396,34887,31585,9538,14490,14418,21420,13975
2021-01-01T01:00:00Z,54010,44981,33152,29344,9029,13705,13633,19950,13643
2021-01-01T02:00:00Z,52043,45432,30693,28462,6611,13914,13854,18525,11857
2021-01-01T03:00:00Z,56900,48081,31129,28541,8819,13292,13230,18499,11401
2021-01-01T04:00:00Z,54889,46491,30862,28546,8398,13227,13166,18631,11235
2021-01-01T05:00:00Z,71584,47364,32504,29975,24220,13653,13582,19707,11263
2021-01-01T06:00:00Z,62919,50078,35081,31811,12841,14810,14748,21675,13208
2021-01-01T07:00:00Z,66474,51034,34772,32430,15440,16607,16532,22492,13476
2021-01-01T08:00:00Z,59149,48606,33013,30175,10543,16067,16006,21134,13031
2021-01-01T09:00:00Z,63131,53600,36247,33196,9531,17302,17235,22520,14028
2021-01-01T10:00:00Z,66520,56969,37582,35005,9551,18072,18013,23701,14233
2021-01-01T11:00:00Z,73336,64120,42441,39920,9216,19397,19323,25490,15288
2021-01-01T12:00:00Z,71613,63393,40884,37398,8220,21310,21236,28111,17334
2021-01-01T13:00:00Z,80157,70816,45572,43149,9341,23232,23163,28730,17525
2021-01-01T14:00:00Z,83643,76533,49207,46457,7110,25276,25202,30736,19281
2021-01-01T15:00:00Z,84581,76982,50054,46994,7599,26054,25978,31942,20236
2021-01-01T16:00:00Z,82364,74921,48575,46057,7443,25435,25362,31046,19792
2021-01-01T17:00:00Z,84231,75046,48266,45779,9185,24938,24863,30848,19614
2021-01-01T18:00:00Z,79572,69760,45733,41907,9812,23697,23622,30601,19904
2021-01-01T19:00:00Z,76887,69326,45165,42653,7561,22981,22901,28670,18603
2021-01-01T20:00:00Z,75197,66774,43699,41124,8423,22365,22285,27356,17764
2021-01-01T21:00:00Z,73044,65610,42354,39690,7434,21278,21194,26480,17446
2021-01-01T22:00:00Z,68953,62940,40438,38446,6013,20367,20297,25008,16248
2021-01-01T23:00:00Z,65363,58728,39964,37923,6635,18908,18842,23278,15511
2021-01-02T00:00:00Z,62949,56286,38861,36112,6663,17868,17799,23854,15766
2021-01-02T01:00:00Z,60101,53316,37822,34458,6785,17293,17221,23189,15578
2021-01-02T02:00:00Z,63079,55961,37730,35535,7118,18348,18276,23586,14899
2021-01-02T03:00:00Z,64093,54926,37427,34341,9167,17934,17868,24592,15362
2021-01-02T04:00:00Z,62384,55378,37253,34733,7006,17761,17696,23535,14752
2021-01-02T05:00:00Z,63470,55754,38014,35307,7716,18131,18072,23355,14730
2021-01-02T06:00:00Z,64400,57107,37108,34801,7293,18766,18699,24822,14661
2021-01-02T07:00:00Z,64837,60280,38810,37118,4557,19670,19606,24578,14724
2021-01-02T08:00:00Z,68580,63703,40754,38938,4877,20787,20715,25675,15365
2021-01-02T09:00:00Z,71922,67052,43099,41238,4870,21983,21909,26356,15990
2021-01-02T10:00:00Z,74116,69315,43695,41874,4801,23044,22974,27601,16726
2021-01-02T11:00:00Z,77477,72292,47028,44966,5185,24307,24238,28893,17911
2021-01-02T12:00:00Z,81070,75648,47615,45711,5422,25981,25920,31195,19325
2021-01-02T13:00:00Z,88767,82841,52673,50631,5926,28362,28289,33660,20783
2021-01-02T14:00:00Z,93940,87449,55377,52990,6491,30672,30595,36060,22820
2021-01-02T15:00:00Z,94496,87960,55402,53136,6536,32276,32209,38114,24652
2021-01-02T16:00:00Z,95056,88661,56016,53907,6395,31288,31214,36661,23083
2021-01-02T17:00:00Z,91679,85285,53170,51209,6394,30374,30306,35768,22851
2021-01-02T18:00:00Z,83938,78491,48648,46601,5447,28750,28679,34221,22033
2021-01-02T19:00:00Z,81472,75723,47137,45227,5749,26985,26906,32045,20783
2021-01-02T20:00:00Z,78475,72198,45913,43771,6277,25772,25695,30332,19893
2021-01-02T21:00:00Z,75367,70206,44208,42308,5161,24326,24255,28813,18909
2021-01-02T22:00:00Z,74060,68892,44240,42383,5168,22863,22790,27718,18070
2021-01-02T23:00:00Z,68091,62747,41154,39323,5344,21192,21127,25867,17254
2021-01-03T00:00:00Z,65626,59404,40206,37505,6222,19800,19728,25850,17371
2021-01-03T01:00:00Z,63035,56950,36405,34215,6085,18991,18920,24217,15636
2021-01-03T02:00:00Z,62414,57431,37467,35407,4983,19842,19771,24967,15521
2021-01-03T03:00:00Z,61215,56616,36411,34319,4599,19305,19251,24144,14847
2021-01-03T04:00:00Z,61508,56108,37053,34718,5400,18961,18899,23814,15009
2021-01-03T05:00:00Z,64129,56563,37424,35109,7566,19292,19225,24031,14901
2021-01-03T06:00:00Z,65335,60121,38241,35790,5214,20541,20487,25551,15803
2021-01-03T07:00:00Z,67018,62366,40426,38272,4652,21425,21374,26289,16076
2021-01-03T08:00:00Z,67676,62895,40138,37884,4781,22380,22310,26987,16508
2021-01-03T09:00:00Z,74643,68947,43988,41676,5696,23761,23700,28770,17569
2021-01-03T10:00:00Z,81194,74643,47784,45249,6551,24988,24926,30556,18358
2021-01-03T11:00:00Z,85264,78666,50409,47749,6598,26809,26747,32364,19724
2021-01-03T12:00:00Z,89873,82917,52340,49444,6956,29636,29556,35410,21974
2021-01-03T13:00:00Z,95716,88719,54906,52261,6997,31993,31926,37901,23345
2021-01-03T14:00:00Z,104822,96364,60339,57275,8458,34430,34346,40209,25243
2021-01-03T15:00:00Z,105830,97855,58664,55883,7975,34504,34426,40934,25960
2021-01-03T16:00:00Z,103280,96009,58944,56727,7271,33643,33563,39679,25142
2021-01-03T17:00:00Z,95172,88937,55284,53359,6235,31785,31709,37214,23682
2021-01-03T18:00:00Z,89506,83084,50956,48373,6422,30641,30563,36767,23486
2021-01-03T19:00:00Z,85983,80287,49339,47302,5696,28938,28857,34502,22283
2021-01-03T20:00:00Z,83808,77770,48656,46421,6038,27961,27878,32943,21927
2021-01-03T21:00:00Z,81224,75236,47320,45018,5988,26273,26201,31320,20564
2021-01-03T22:00:00Z,74080,68734,43516,41521,5346,24642,24578,29259,19120
2021-01-03T23:00:00Z,71622,66228,42485,40579,5394,22775,22709,27744,18168
2021-01-04T00:00:00Z,77501,65285,42029,39520,12216,22785,22710,30322,18475
2021-01-04T01:00:00Z,78336,70210,41995,39162,8126,26494,26420,31921,19001
2021-01-04T02:00:00Z,88128,79580,46345,43736,8548,30451,30366,35449,20686
2021-01-04T03:00:00Z,83327,75143,43787,41410,8184,28548,28470,33646,19445
2021-01-04T04:00:00Z,79111,67430,41398,39166,11681,24078,24001,30143,17738
2021-01-04T05:00:00Z,101534,75644,46666,43768,25890,26220,26143,33558,18346
2021-01-04T06:00:00Z,112013,85605,48630,45992,26408,31244,31150,38866,20882
2021-01-04T07:00:00Z,114529,90441,49837,47167,24088,35138,35042,43186,23415
2021-01-04T08:00:00Z,124892,102366,55449,51513,22526,38360,38268,45770,25262
2021-01-04T09:00:00Z,129733,114675,62146,58183,15058,41277,41162,47841,27810
2021-01-04T10:00:00Z,126951,111382,61397,57550,15569,39541,39433,46243,27254
2021-01-04T11:00:00Z,123359,108168,61051,57371,15191,38948,38849,45131,26668
2021-01-04T12:00:00Z,126138,113530,64203,59665,12608,41143,41031,48030,29412
2021-01-04T13:00:00Z,138223,124431,69417,66059,13792,45342,45223,51732,30984
2021-01-04T14:00:00Z,147542,136515,76456,72603,11027,49220,49096,55364,34431
2021-01-04T15:00:00Z,147133,135455,75440,71389,11678,48761,48642,55589,34352
2021-01-04T16:00:00Z,143830,131980,73157,69577,11850,47031,46904,53435,32955
2021-01-04T17:00:00Z,132261,121988,66670,63475,10273,43356,43237,49990,30781
2021-01-04T18:00:00Z,124162,111142,62152,57508,13020,40163,40042,48266,30199
2021-01-04T19:00:00Z,122676,110132,61155,57379,12544,39171,39059,45968,29051
2021-01-04T20:00:00Z,122759,105366,60107,55780,17393,37374,37248,44399,28027
2021-01-04T21:00:00Z,123099,102436,58766,54267,20663,35715,35592,45154,27458
2021-01-04T22:00:00Z,108540,91763,52815,49313,16777,32506,32376,40597,24787
2021-01-04T23:00:00Z,100523,83989,50898,47313,16534,29233,29125,37154,22978
2021-01-05T00:00:00Z,100641,82978,50347,46627,17663,28349,28240,38135,23203
2021-01-05T01:00:00Z,99791,84123,49921,45732,15668,31098,30997,40220,23550
2021-01-05T02:00:00Z,103000,87040,50135,46893,15960,33340,33237,41758,23637
2021-01-05T03:00:00Z,100344,82223,48005,44775,18121,30836,30742,40667,22023
2021-01-05T04:00:00Z,97874,73899,45012,42220,23975,25930,25829,37120,19478
2021-01-05T05:00:00Z,98290,74711,44688,41683,23579,27178,27085,34992,19313
2021-01-05T06:00:00Z,112978,85295,48894,44761,27683,32486,32389,41903,22785
2021-01-05T07:00:00Z,160392,92021,50984,47361,68371,35412,35303,62535,23840
2021-01-05T08:00:00Z,180946,103740,55625,52421,77206,39700,39583,75377,26218
2021-01-05T09:00:00Z,163823,110849,59441,55646,52974,42437,42316,67633,28339
2021-01-05T10:00:00Z,137228,112375,62156,58436,24853,40981,40870,51513,28274
2021-01-05T11:00:00Z,162269,109614,61223,57787,52655,39608,39491,64160,27530
2021-01-05T12:00:00Z,186017,112301,64629,60085,73716,41299,41171,78410,29715
2021-01-05T13:00:00Z,192000,118723,66989,63395,73277,44494,44367,80235,30640
2021-01-05T14:00:00Z,196860,127877,71993,67863,68983,48094,47968,82806,33499
2021-01-05T15:00:00Z,201383,127886,71536,67098,73497,48230,48099,84563,34196
2021-01-05T16:00:00Z,184537,116891,64126,60552,67646,44286,44165,79005,30724
2021-01-05T17:00:00Z,188954,115352,62425,58976,73602,42956,42816,79601,30613
2021-01-05T18:00:00Z,186510,109443,61736,56999,77067,40885,40753,78454,30554
2021-01-05T19:00:00Z,182873,106174,59218,55659,76699,38988,38853,74312,28429
2021-01-05T20:00:00Z,181429,103815,58755,54569,77614,37692,37566,74353,27704
2021-01-05T21:00:00Z,178825,101115,57454,53132,77710,35659,35525,73211,26879
2021-01-05T22:00:00Z,171790,95473,54121,50790,76317,33266,33146,70149,24813
2021-01-05T23:00:00Z,163454,86827,50797,47444,76627,30439,30322,68431,23972
2021-01-06T00:00:00Z,159729,83990,51362,47567,75739,29078,28965,66847,23567
2021-01-06T01:00:00Z,163019,85061,50388,45865,77958,31706,31591,70079,24029
2021-01-06T02:00:00Z,161851,86398,49834,46561,75453,33584,33471,70938,23625
2021-01-06T03:00:00Z,159562,83553,48880,45420,76009,31186,31087,68098,22001
2021-01-06T04:00:00Z,154581,77761,48366,45195,76820,25984,25888,63251,19835
2021-01-06T05:00:00Z,155726,79394,47674,44627,76332,27768,27672,63210,20353
2021-01-06T06:00:00Z,162382,87440,51188,46951,74942,32072,31962,67300,22814
2021-01-06T07:00:00Z,168422,93931,53195,50075,74491,35734,35626,70269,24143
2021-01-06T08:00:00Z,173661,100793,56520,53235,72868,38418,38310,72277,25297
2021-01-06T09:00:00Z,174272,111561,60722,57207,62711,41319,41201,71282,27542
2021-01-06T10:00:00Z,161585,112062,62645,59293,49523,39949,39824,64413,27738
2021-01-06T11:00:00Z,127488,113416,66190,62349,14072,38670,38562,45834,27539
2021-01-06T12:00:00Z,131167,115363,67860,62769,15804,40939,40832,49029,29943
2021-01-06T13:00:00Z,139927,125759,72409,68299,14168,44967,44833,51552,31884
2021-01-06T14:00:00Z,151729,137397,76331,71900,14332,49400,49255,56120,34953
2021-01-06T15:00:00Z,152422,138741,78844,74315,13681,50580,50437,57441,36789
2021-01-06T16:00:00Z,147984,135010,75884,71728,12974,47093,46961,53773,34160
2021-01-06T17:00:00Z,139030,124605,67960,64190,14425,44093,43969,51524,31662
2021-01-06T18:00:00Z,127612,115863,64434,59635,11749,40362,40227,47780,30597
2021-01-06T19:00:00Z,129211,108150,60735,57144,21061,37519,37400,46042,28304
2021-01-06T20:00:00Z,110390,95340,56628,52421,15050,33902,33779,40356,25831
2021-01-06T21:00:00Z,105568,93264,55006,50591,12304,32053,31929,38386,24723
2021-01-06T22:00:00Z,98301,88278,51757,48374,10023,29936,29822,35579,23332
2021-01-06T23:00:00Z,88565,78383,46498,43426,10182,27108,26994,33087,21405
2021-01-07T00:00:00Z,89142,78233,48309,44600,10909,26416,26313,34061,22082
2021-01-07T01:00:00Z,91391,80840,48619,44360,10551,28641,28545,35705,22092
2021-01-07T02:00:00Z,94995,84047,48978,45608,10948,31495,31403,37781,22204
2021-01-07T03:00:00Z,90388,79613,47067,43252,10775,29333,29241,35687,21302
2021-01-07T04:00:00Z,94644,82672,42794,39771,11972,24358,24268,31076,18679
2021-01-07T05:00:00Z,103467,86859,43168,40177,16608,26064,25976,33310,19062
2021-01-07T06:00:00Z,110212,90768,49053,44930,19444,30974,30874,39580,22289
2021-01-07T07:00:00Z,111801,94394,50484,46583,17407,33861,33761,41285,22880
2021-01-07T08:00:00Z,113477,101884,54249,50896,11593,38157,38051,43875,25159
2021-01-07T09:00:00Z,126863,112036,59567,55595,14827,41466,41331,48527,28213
2021-01-07T10:00:00Z,122352,108668,59040,55193,13684,39763,39644,46262,27649
2021-01-07T11:00:00Z,117946,106872,58171,54948,11074,38727,38599,44991,26685
2021-01-07T12:00:00Z,121735,110262,60967,56412,11473,40357,40233,47430,29304
2021-01-07T13:00:00Z,133326,122044,66825,63354,11282,43788,43655,50233,30550
2021-01-07T14:00:00Z,143549,133044,74670,71142,10505,47922,47797,53531,33491
2021-01-07T15:00:00Z,142129,130377,72429,68489,11752,47555,47423,53660,33969
2021-01-07T16:00:00Z,138415,125868,70644,66582,12547,45741,45606,51523,32662
2021-01-07T17:00:00Z,130463,120080,67417,63919,10383,42773,42645,48139,30677
2021-01-07T18:00:00Z,122110,110362,62669,58291,11748,38999,38875,46100,29343
2021-01-07T19:00:00Z,114546,103334,58195,54649,11212,37329,37202,43074,27633
2021-01-07T20:00:00Z,112714,100661,57403,53829,12053,36305,36177,42418,26873
2021-01-07T21:00:00Z,112903,100432,57529,53676,12471,34788,34661,41575,26562
2021-01-07T22:00:00Z,129980,91599,52938,49641,38381,32246,32122,50935,24492
2021-01-07T23:00:00Z,146277,88387,49622,46540,57890,29012,28898,57775,22844
2021-01-08T00:00:00Z,90952,79054,47373,43902,11898,27424,27306,34643,22346
2021-01-08T01:00:00Z,92102,82203,48458,44392,9899,30232,30132,36874,23047
2021-01-08T02:00:00Z,92651,83329,48215,45117,9322,31877,31777,37668,22584
2021-01-08T03:00:00Z,86978,78146,45814,42741,8832,29667,29572,35606,21144
2021-01-08T04:00:00Z,80083,69829,42060,39404,10254,25054,24956,31213,19130
2021-01-08T05:00:00Z,89906,73267,43139,40486,16639,26285,26179,33610,19191
2021-01-08T06:00:00Z,100809,82529,47256,43515,18280,30924,30820,39106,22036
2021-01-08T07:00:00Z,105506,90841,50942,47892,14665,35327,35222,41583,24128
2021-01-08T08:00:00Z,112518,100512,53894,50389,12006,38473,38371,44975,26151
2021-01-08T09:00:00Z,122635,109979,60726,56590,12656,41146,41036,47474,28285
2021-01-08T10:00:00Z,123307,110777,62934,59356,12530,39304,39187,45424,27502
2021-01-08T11:00:00Z,116126,104601,59506,56110,11525,37125,37006,42795,26201
2021-01-08T12:00:00Z,114737,104318,58571,54441,10419,38174,38071,45094,27886
2021-01-08T13:00:00Z,125185,114513,62887,59358,10672,41665,41543,48350,29645
2021-01-08T14:00:00Z,136850,125398,68483,64853,11452,45841,45704,51451,32015
2021-01-08T15:00:00Z,138955,127748,69795,65844,11207,46452,46301,53047,33473
2021-01-08T16:00:00Z,133528,122103,67535,63788,11425,44489,44359,50833,32252
2021-01-08T17:00:00Z,124415,114383,63231,60090,10032,41222,41088,47402,29895
2021-01-08T18:00:00Z,117635,107128,62252,57781,10507,38213,38091,44882,29365
2021-01-08T19:00:00Z,111215,101257,57674,53939,9958,35835,35705,42038,26905
2021-01-08T20:00:00Z,103872,94008,55208,51782,9864,34118,33985,39817,26051
2021-01-08T21:00:00Z,101564,92310,53939,50483,9254,32241,32120,38472,25316
2021-01-08T22:00:00Z,92484,84229,49470,46686,8255,29316,29207,34566,22629
2021-01-08T23:00:00Z,81455,73752,44976,42271,7703,25853,25748,30789,20444
2021-01-09T00:00:00Z,77032,68581,43641,40613,8451,22817,22715,29088,19434
2021-01-09T01:00:00Z,70855,61651,39813,35957,9204,21734,21641,28079,18443
2021-01-09T02:00:00Z,67882,60695,38899,36074,7187,21812,21728,27124,17229
2021-01-09T03:00:00Z,68637,62545,39362,36745,6092,20830,20760,26330,16430
2021-01-09T04:00:00Z,63260,58006,36712,34583,5254,19500,19418,24754,15530
2021-01-09T05:00:00Z,63070,57430,36248,34077,5640,19634,19570,24707,15337
2021-01-09T06:00:00Z,66994,60795,39140,35863,6199,21394,21319,27435,17110
2021-01-09T07:00:00Z,68843,63832,39665,37594,5011,22277,22202,27217,16364
2021-01-09T08:00:00Z,71428,65380,40731,38362,6048,23742,23670,29243,18151
2021-01-09T09:00:00Z,76868,69849,43356,40306,7019,24633,24550,30806,19044
2021-01-09T10:00:00Z,76319,69798,43084,40343,6521,25140,25069,30151,18890
2021-01-09T11:00:00Z,77449,70739,42756,40145,6710,26075,25999,31902,19679
2021-01-09T12:00:00Z,83439,74933,46837,42928,8506,28035,27959,34874,21831
2021-01-09T13:00:00Z,86223,79496,48188,45640,6727,30331,30250,36048,22492
2021-01-09T14:00:00Z,94808,87261,53952,51088,7547,32827,32750,38980,24599
2021-01-09T15:00:00Z,97247,89942,55328,52497,7305,33369,33293,39884,25346
2021-01-09T16:00:00Z,96143,88874,53748,51350,7269,32602,32524,38859,24523
2021-01-09T17:00:00Z,96275,89302,55215,52984,6973,31457,31379,38238,24012
2021-01-09T18:00:00Z,89683,81754,51136,47646,7929,29698,29616,36764,23600
2021-01-09T19:00:00Z,85893,79369,49955,47492,6524,28038,27969,33452,21529
2021-01-09T20:00:00Z,80742,74033,46428,43950,6709,26493,26412,31622,20570
2021-01-09T21:00:00Z,79746,73177,46239,43641,6569,25323,25246,30332,19999
2021-01-09T22:00:00Z,72942,67452,42379,40387,5490,23399,23323,27938,18286
2021-01-09T23:00:00Z,68458,63309,40871,38925,5149,21790,21718,26233,17502
2021-01-10T00:00:00Z,66224,60143,40801,38192,6081,20257,20186,25945,17479
2021-01-10T01:00:00Z,63841,56282,38238,34951,7559,19305,19233,25374,16854
2021-01-10T02:00:00Z,63212,57409,37940,35775,5803,20258,20189,25192,16121
2021-01-10T03:00:00Z,62814,56785,36631,34223,6029,20044,19975,25053,15734
2021-01-10T04:00:00Z,61032,55641,36254,33994,5391,19361,19293,24149,15330
2021-01-10T05:00:00Z,65658,57517,37367,34844,8141,19564,19497,24191,15255
2021-01-10T06:00:00Z,66766,59963,38713,35108,6803,20926,20859,26845,16661
2021-01-10T07:00:00Z,68570,62575,38592,36002,5995,22136,22067,27200,16425
2021-01-10T08:00:00Z,69865,64184,39984,37323,5681,23245,23178,28278,17346
2021-01-10T09:00:00Z,75661,69195,42143,39405,6466,24861,24792,30456,18645
2021-01-10T10:00:00Z,77240,71142,43273,40712,6098,25792,25715,30898,19095
2021-01-10T11:00:00Z,82651,75842,46119,43511,6809,27506,27437,32634,20347
2021-01-10T12:00:00Z,90987,82805,51507,47545,8182,30028,29951,36514,23140
2021-01-10T13:00:00Z,94834,87071,53074,49841,7763,33068,32984,39080,24348
2021-01-10T14:00:00Z,101351,93088,57147,53694,8263,35385,35300,41603,26222
2021-01-10T15:00:00Z,103913,95835,60186,56733,8078,36877,36794,43074,28298
2021-01-10T16:00:00Z,101088,94151,57121,54605,6937,34760,34681,40739,26303
2021-01-10T17:00:00Z,98238,91776,55879,53683,6462,33557,33482,38994,24943
2021-01-10T18:00:00Z,96938,88378,55291,51700,8560,32082,32004,38672,25543
2021-01-10T19:00:00Z,96333,88735,53975,51106,7598,31016,30939,37523,24393
2021-01-10T20:00:00Z,89902,82812,52136,49296,7090,29878,29799,35495,23621
2021-01-10T21:00:00Z,88329,80915,51105,48277,7414,28437,28356,34251,22639
2021-01-10T22:00:00Z,80933,74518,46613,44301,6415,26308,26233,31557,20650
2021-01-10T23:00:00Z,74942,69044,44309,42164,5898,24314,24247,29390,19772
2021-01-11T00:00:00Z,76635,66142,43431,40431,10493,23370,23286,30275,19680
2021-01-11T01:00:00Z,82604,72151,45922,41658,10453,26530,26441,33300,21188
2021-01-11T02:00:00Z,88855,80019,47947,45076,8836,29897,29816,35226,20903
2021-01-11T03:00:00Z,85593,76625,45650,42719,8968,28773,28692,34442,20568
2021-01-11T04:00:00Z,79959,68149,41664,39168,11810,24404,24318,31030,18601
2021-01-11T05:00:00Z,97679,72273,43128,40195,25406,26353,26257,34284,19310
2021-01-11T06:00:00Z,117581,86832,50570,46556,30749,31732,31625,41673,23172
2021-01-11T07:00:00Z,119703,99406,53290,50434,20297,37039,36941,45917,24953
2021-01-11T08:00:00Z,125201,110180,58558,54585,15021,41511,41401,48166,27522
2021-01-11T09:00:00Z,132613,118426,62481,58656,14187,44206,44087,50844,30029
2021-01-11T10:00:00Z,128683,115139,62452,58931,13544,42501,42378,48574,29414
2021-01-11T11:00:00Z,128134,112400,60660,57049,15734,41482,41347,48053,28781
2021-01-11T12:00:00Z,127951,113734,63172,58687,14217,42512,42388,49806,30607
2021-01-11T13:00:00Z,143109,127919,69498,65223,15190,47683,47552,54638,33214
2021-01-11T14:00:00Z,150066,138064,73980,69841,12002,51508,51368,58395,35851
2021-01-11T15:00:00Z,154021,141524,77856,73610,12497,52656,52519,59431,37734
2021-01-11T16:00:00Z,144618,133815,72838,69336,10803,49204,49064,54713,34345
2021-01-11T17:00:00Z,135994,126094,67676,64686,9900,45419,45277,52187,32041
2021-01-11T18:00:00Z,131973,118562,65717,60913,13411,42646,42518,50764,31832
2021-01-11T19:00:00Z,140496,116287,64791,60799,24209,41302,41155,54472,30567
2021-01-11T20:00:00Z,125227,110424,63203,59171,14803,39282,39141,47125,29762
2021-01-11T21:00:00Z,118990,106343,60937,56826,12647,37244,37128,44526,28387
2021-01-11T22:00:00Z,109269,98308,55675,52337,10961,34014,33890,40706,25633
2021-01-11T23:00:00Z,97338,85293,50973,47305,12045,29799,29676,37157,23929
2021-01-12T00:00:00Z,94029,82198,50627,46547,11831,28511,28401,36653,23402
2021-01-12T01:00:00Z,94533,83498,49813,45472,11035,30975,30869,37822,23460
2021-01-12T02:00:00Z,96560,87125,49738,46582,9435,33474,33360,38574,22999
2021-01-12T03:00:00Z,95140,84546,48979,45742,10594,31258,31159,37277,21886
2021-01-12T04:00:00Z,83982,73436,43497,41218,10546,26243,26145,32327,19590
2021-01-12T05:00:00Z,92439,75320,44287,41572,17119,27962,27852,34586,19873
2021-01-12T06:00:00Z,108429,84839,48203,44470,23590,32758,32654,41079,23056
2021-01-12T07:00:00Z,115380,97953,52897,49686,17427,38603,38498,44956,25458
2021-01-12T08:00:00Z,121521,108188,57026,53290,13333,41785,41660,47693,27610
2021-01-12T09:00:00Z,130231,118288,62046,58413,11943,44684,44569,50274,29660
2021-01-12T10:00:00Z,128956,116661,61231,58122,12295,43252,43121,49701,29505
2021-01-12T11:00:00Z,122194,109604,58000,54712,12590,41387,41269,46869,28055
2021-01-12T12:00:00Z,126864,116357,63262,59591,10507,43725,43600,49828,30240
2021-01-12T13:00:00Z,140663,127510,69822,65610,13153,47550,47422,54478,33543
2021-01-12T14:00:00Z,150849,138615,74747,70685,12234,51964,51833,58444,36414
2021-01-12T15:00:00Z,154166,143290,76148,72560,10876,53614,53472,59540,37739
2021-01-12T16:00:00Z,150154,139716,74028,70847,10438,49744,49600,55367,34723
2021-01-12T17:00:00Z,137352,127575,68868,65905,9777,45974,45832,51513,32188
2021-01-12T18:00:00Z,130159,119911,66425,62898,10248,42883,42750,49359,31234
2021-01-12T19:00:00Z,127758,115434,64612,60216,12324,41502,41350,48820,31181
2021-01-12T20:00:00Z,123563,111377,61848,57816,12186,39780,39647,45998,29384
2021-01-12T21:00:00Z,118093,106538,60227,56233,11555,38032,37897,44152,28241
2021-01-12T22:00:00Z,111146,101046,57753,54346,10100,34774,34642,40562,25681
2021-01-12T23:00:00Z,94904,85831,50491,47340,9073,30242,30128,36144,23306
2021-01-13T00:00:00Z,90223,81062,48186,44958,9161,28761,28647,35199,22472
2021-01-13T01:00:00Z,94252,84805,49810,45752,9447,31603,31501,38593,23872
2021-01-13T02:00:00Z,96256,87748,49365,46437,8508,33644,33554,39310,23237
2021-01-13T03:00:00Z,91854,83266,47655,44925,8588,31429,31343,37335,21940
2021-01-13T04:00:00Z,85095,73969,44442,41557,11126,26610,26526,33054,20220
2021-01-13T05:00:00Z,89219,73605,43314,40740,15614,27513,27421,34198,19972
2021-01-13T06:00:00Z,101856,84932,47660,44070,16924,32469,32370,40076,22677
2021-01-13T07:00:00Z,113170,99058,53398,50266,14112,38174,38074,45203,25509
2021-01-13T08:00:00Z,120712,110211,57332,54386,10501,42053,41950,47472,27394
2021-01-13T09:00:00Z,132925,122451,64120,61046,10474,45150,45028,50034,29092
2021-01-13T10:00:00Z,125826,114441,60654,57413,11385,43039,42925,48835,29205
2021-01-13T11:00:00Z,120325,108843,59517,55807,11482,40807,40693,46908,28193
2021-01-13T12:00:00Z,124004,113629,61023,57549,10375,43081,42972,49337,29950
2021-01-13T13:00:00Z,138806,126133,67846,63654,12673,47148,47033,54137,33190
2021-01-13T14:00:00Z,149428,138718,74406,70750,10710,51500,51362,57408,35674
2021-01-13T15:00:00Z,155699,144371,79258,75507,11328,53414,53274,60479,38219
2021-01-13T16:00:00Z,144968,133860,72116,68935,11108,49471,49338,55438,34439
2021-01-13T17:00:00Z,133115,123117,66868,63952,9998,45245,45096,50970,31448
2021-01-13T18:00:00Z,139453,118837,64764,61503,20616,42361,42231,53875,30432
2021-01-13T19:00:00Z,128862,115574,64431,60051,13288,41241,41116,49166,30811
2021-01-13T20:00:00Z,121712,110391,60900,57285,11321,39470,39345,45881,29148
2021-01-13T21:00:00Z,117599,106309,59901,56224,11290,36885,36755,43424,27768
2021-01-13T22:00:00Z,107494,98387,54628,51731,9107,33411,33282,39276,25047
2021-01-13T23:00:00Z,95264,85900,50748,47810,9364,29991,29884,35867,23212
2021-01-14T00:00:00Z,91580,81374,48117,44768,10206,28207,28103,34935,22272
2021-01-14T01:00:00Z,92324,82473,48826,44976,9851,30943,30826,37363,23141
2021-01-14T02:00:00Z,96000,86559,50382,46874,9441,33233,33135,39297,23705
2021-01-14T03:00:00Z,91232,82982,48229,45563,8250,30907,30815,36697,21341
2021-01-14T04:00:00Z,81999,70550,43322,40516,11449,25286,25191,31753,19356
2021-01-14T05:00:00Z,94592,77066,45732,42989,17526,27207,27116,35031,19736
2021-01-14T06:00:00Z,106036,84593,48201,44924,21443,31514,31408,39848,22248
2021-01-14T07:00:00Z,111154,92984,51484,47296,18170,36082,35970,44343,24946
2021-01-14T08:00:00Z,116974,105736,56013,52855,11238,41003,40895,46708,26830
2021-01-14T09:00:00Z,124939,113552,59852,56728,11387,43752,43630,49943,29089
2021-01-14T10:00:00Z,125272,113430,61461,57855,11842,41831,41707,48649,29048
2021-01-14T11:00:00Z,121719,111058,60782,57523,10661,40601,40480,47191,28240
2021-01-14T12:00:00Z,127366,117192,64870,61462,10174,42567,42434,49478,30284
2021-01-14T13:00:00Z,135842,123773,69143,64976,12069,46512,46383,53235,32921
2021-01-14T14:00:00Z,148979,139007,75475,72076,9972,51288,51150,57391,35801
2021-01-14T15:00:00Z,150786,140209,75607,71879,10577,51445,51305,58292,36463
2021-01-14T16:00:00Z,146811,136619,73871,70796,10192,49347,49202,55367,34601
2021-01-14T17:00:00Z,137741,128084,70201,67228,9657,45864,45717,51718,32361
2021-01-14T18:00:00Z,127613,118233,65349,61925,9380,41966,41829,48137,30332
2021-01-14T19:00:00Z,133232,114528,64195,60063,18704,40393,40259,51388,30352
2021-01-14T20:00:00Z,161603,109514,61261,57696,52089,38618,38484,63549,28524
2021-01-14T21:00:00Z,118408,106389,60780,56956,12019,37073,36945,43843,27895
2021-01-14T22:00:00Z,109031,97767,55646,52177,11264,33890,33755,40858,25974
2021-01-14T23:00:00Z,98003,86894,52215,48677,11109,30273,30163,36383,23879
2021-01-15T00:00:00Z,89122,79267,47738,44201,9855,27868,27748,34479,22082
2021-01-15T01:00:00Z,91628,82009,49667,45375,9619,30583,30469,37411,23465
2021-01-15T02:00:00Z,97239,88765,52123,49159,8474,32761,32657,38782,23247
2021-01-15T03:00:00Z,90988,82690,48106,45237,8298,30423,30335,36539,21548
2021-01-15T04:00:00Z,83182,72322,43811,41046,10860,25497,25405,32389,19518
2021-01-15T05:00:00Z,92918,75630,44542,41892,17288,26939,26833,34577,19850
2021-01-15T06:00:00Z,107292,86044,48715,45158,21248,31211,31108,40034,22090
2021-01-15T07:00:00Z,110688,92528,51714,47601,18160,34958,34845,43145,24420
2021-01-15T08:00:00Z,117940,106654,58185,55027,11286,39878,39766,46092,26632
2021-01-15T09:00:00Z,120902,110825,58203,55378,10077,42417,42308,48101,28057
2021-01-15T10:00:00Z,119660,107917,58236,54976,11743,41060,40940,47723,28893
2021-01-15T11:00:00Z,115636,104875,56658,53530,10761,38186,38061,44036,26990
2021-01-15T12:00:00Z,117243,107087,58064,54655,10156,39349,39239,45203,27640
2021-01-15T13:00:00Z,130913,118582,65434,61211,12331,43100,42982,50241,30956
2021-01-15T14:00:00Z,136213,127321,67840,64559,8892,47346,47204,53507,33100
2021-01-15T15:00:00Z,136707,126890,68494,64829,9817,47749,47606,53503,33415
2021-01-15T16:00:00Z,133765,123501,67976,64980,10264,45341,45208,50508,31910
2021-01-15T17:00:00Z,127598,116951,64914,61837,10647,42364,42221,48393,30275
2021-01-15T18:00:00Z,119240,108910,61173,57554,10330,39222,39084,45346,28776
2021-01-15T19:00:00Z,113638,103245,59334,55053,10393,36429,36297,43714,28067
2021-01-15T20:00:00Z,107740,97559,56333,52843,10181,34398,34282,40356,25522
2021-01-15T21:00:00Z,103822,93679,54384,50710,10143,32563,32436,38731,24789
2021-01-15T22:00:00Z,94068,85313,49586,46525,8755,29607,29488,34938,22341
2021-01-15T23:00:00Z,87908,73385,44890,41407,14523,25895,25782,32708,20817
2021-01-16T00:00:00Z,79810,69272,42599,39145,10538,23121,23008,30210,19493
2021-01-16T01:00:00Z,74071,64410,41197,36997,9661,22086,21995,29284,18912
2021-01-16T02:00:00Z,73285,63251,40564,36919,10034,22015,21929,28571,17834
2021-01-16T03:00:00Z,68758,60676,38864,35551,8082,21137,21054,27132,16841
2021-01-16T04:00:00Z,66861,59289,38080,34822,7572,20203,20129,25818,16394
2021-01-16T05:00:00Z,64978,58520,36939,34333,6458,20119,20048,25299,15514
2021-01-16T06:00:00Z,67925,61263,38407,35306,6662,21349,21272,27314,16921
2021-01-16T07:00:00Z,71123,64379,39654,36656,6744,22526,22454,28892,17480
2021-01-16T08:00:00Z,73306,66885,40512,37674,6421,24252,24177,29841,17893
2021-01-16T09:00:00Z,75057,68933,41695,39263,6124,25269,25194,30533,18409
2021-01-16T10:00:00Z,77802,71365,42943,40226,6437,25730,25659,31176,19217
2021-01-16T11:00:00Z,81085,73985,44513,41695,7100,26774,26697,32386,19925
2021-01-16T12:00:00Z,87252,78942,47933,44609,8310,28493,28421,34707,21366
2021-01-16T13:00:00Z,89096,81466,49632,46078,7630,30800,30723,37523,23351
2021-01-16T14:00:00Z,99357,91539,55274,52026,7818,33473,33390,39315,24494
2021-01-16T15:00:00Z,102045,94571,55898,52709,7474,34056,33972,40146,25171
2021-01-16T16:00:00Z,106976,99571,56571,54015,7405,33875,33789,39473,24902
2021-01-16T17:00:00Z,97139,90466,53809,51472,6673,32682,32612,38140,23963
2021-01-16T18:00:00Z,94038,86760,52966,49898,7278,31263,31177,36990,23656
2021-01-16T19:00:00Z,93968,86198,54798,50934,7770,30057,29974,36481,23826
2021-01-16T20:00:00Z,88593,82106,51243,48433,6487,29063,28993,34434,22090
2021-01-16T21:00:00Z,83176,76762,48741,45932,6414,26656,26583,31792,20730
2021-01-16T22:00:00Z,77895,72227,45619,43489,5668,24637,24564,29394,19031
2021-01-16T23:00:00Z,70871,65669,42356,40327,5202,22853,22776,27397,18223
2021-01-17T00:00:00Z,68457,62028,39719,37239,6429,20817,20746,26568,17420
2021-01-17T01:00:00Z,66672,58742,39950,36557,7930,20236,20166,26755,17825
2021-01-17T02:00:00Z,64962,58931,38822,36243,6031,21045,20969,26311,16852
2021-01-17T03:00:00Z,64596,59284,38530,36343,5312,20620,20547,25537,16116
2021-01-17T04:00:00Z,61542,56625,36844,34479,4917,20118,20048,25157,15981
2021-01-17T05:00:00Z,69579,57483,37366,35042,12096,20095,20022,24595,15372
2021-01-17T06:00:00Z,64386,58523,37397,34673,5863,21196,21131,26524,16618
2021-01-17T07:00:00Z,66852,60854,38579,35866,5998,22375,22307,27620,17145
2021-01-17T08:00:00Z,70995,65075,40257,37888,5920,24026,23944,29009,17821
2021-01-17T09:00:00Z,75908,69831,43106,40834,6077,25636,25557,30787,18974
2021-01-17T10:00:00Z,79099,72876,44439,41654,6223,27025,26957,32334,20338
2021-01-17T11:00:00Z,85053,78391,47336,44616,6662,28993,28914,34355,21271
2021-01-17T12:00:00Z,90795,82688,50980,47801,8107,31117,31035,36766,23231
2021-01-17T13:00:00Z,99311,91633,57047,53400,7678,34020,33928,41079,25983
2021-01-17T14:00:00Z,103670,96562,58630,55611,7108,36827,36741,43321,27178
2021-01-17T15:00:00Z,104016,96120,58326,54977,7896,36925,36830,43711,27722
2021-01-17T16:00:00Z,102158,94922,57503,54790,7236,35469,35389,41587,26388
2021-01-17T17:00:00Z,101144,94692,58487,56133,6452,34149,34066,39695,25113
2021-01-17T18:00:00Z,100183,93025,58985,55997,7158,32851,32761,38802,25437
2021-01-17T19:00:00Z,94274,86410,54735,51229,7864,31773,31695,38238,25396
2021-01-17T20:00:00Z,90670,83302,51469,48827,7368,30493,30403,36261,23809
2021-01-17T21:00:00Z,86566,79459,49916,47216,7107,28517,28436,34242,22559
2021-01-17T22:00:00Z,83868,76095,48415,45741,7773,26520,26433,31945,21002
2021-01-17T23:00:00Z,74582,68143,44186,41916,6439,24117,24031,29260,19199
2021-01-18T00:00:00Z,77811,65695,42086,39503,12116,23836,23753,30004,18977
2021-01-18T01:00:00Z,81606,72804,44994,41157,8802,27855,27783,33592,20819
2021-01-18T02:00:00Z,86623,78295,45533,43077,8328,30241,30167,34961,20457
2021-01-18T03:00:00Z,86793,77344,45037,42522,9449,29356,29280,34163,19657
2021-01-18T04:00:00Z,81624,67246,41277,38559,14378,24731,24649,31169,18413
2021-01-18T05:00:00Z,103533,73483,42937,39963,30050,26548,26448,34659,19031
2021-01-18T06:00:00Z,121275,82537,46548,43194,38738,32255,32154,40631,21840
2021-01-18T07:00:00Z,127810,95485,52834,49164,32325,36184,36074,46137,24834
2021-01-18T08:00:00Z,135538,107984,58580,53832,27554,41094,40963,49398,27496
2021-01-18T09:00:00Z,134601,117496,62814,58719,17105,44343,44226,51177,29696
2021-01-18T10:00:00Z,127859,109814,59457,55451,18045,41275,41156,47695,28380
2021-01-18T11:00:00Z,133185,115270,59443,55703,17915,41317,41188,48074,28380
2021-01-18T12:00:00Z,132899,119196,61948,58116,13703,43274,43156,50079,30511
2021-01-18T13:00:00Z,145695,130639,68960,64413,15056,46851,46724,54630,33700
2021-01-18T14:00:00Z,149084,138579,72246,68738,10505,50956,50829,57253,35319
2021-01-18T15:00:00Z,147564,136800,75670,71914,10764,50285,50156,56749,35982
2021-01-18T16:00:00Z,138792,128690,70516,67298,10102,46951,46827,53398,33633
2021-01-18T17:00:00Z,130161,121028,67937,65128,9133,43453,43327,49380,30882
2021-01-18T18:00:00Z,123051,111325,63221,59567,11726,40442,40328,47213,29963
2021-01-18T19:00:00Z,121568,109435,63151,58795,12133,38823,38710,46784,30192
2021-01-18T20:00:00Z,120208,105472,60649,56713,14736,37554,37433,45148,28695
2021-01-18T21:00:00Z,115799,102388,60139,56154,13411,35173,35058,42453,27410
2021-01-18T22:00:00Z,102452,92240,55247,51961,10212,31740,31629,38366,24958
2021-01-18T23:00:00Z,90192,80959,49125,46429,9233,27864,27771,33898,22204
2021-01-19T00:00:00Z,86172,76570,46617,43772,9602,27187,27083,33690,21526
2021-01-19T01:00:00Z,90014,81457,48167,44171,8557,30721,30619,37509,23259
2021-01-19T02:00:00Z,95901,87909,49512,46754,7992,33255,33160,38792,22984
2021-01-19T03:00:00Z,92689,83769,48700,45829,8920,30863,30780,36388,21494
2021-01-19T04:00:00Z,86343,75598,45689,42446,10745,26342,26251,33335,20372
2021-01-19T05:00:00Z,91494,77220,44236,41348,14274,27771,27676,34878,20082
2021-01-19T06:00:00Z,105532,87946,47766,44640,17586,32644,32540,40127,22488
2021-01-19T07:00:00Z,121093,103280,58804,53837,17813,37146,37043,45346,26158
2021-01-19T08:00:00Z,129348,116863,62089,58377,12485,42600,42486,49308,28408
2021-01-19T09:00:00Z,135261,123608,63435,59955,11653,45932,45815,52130,30506
2021-01-19T10:00:00Z,129782,117947,62873,59200,11835,43873,43752,50076,30061
2021-01-19T11:00:00Z,119451,108908,57579,54168,10543,41231,41110,47437,27859
2021-01-19T12:00:00Z,118428,109281,57026,53669,9147,42634,42511,49043,28613
2021-01-19T13:00:00Z,119126,110477,55891,52834,8649,45168,45054,52043,28895
2021-01-19T14:00:00Z,174035,163004,93832,89759,11031,59869,59725,67053,43466
2021-01-19T15:00:00Z,155800,144836,77347,73391,10964,53092,52950,59537,36917
2021-01-19T16:00:00Z,150759,140446,73464,70342,10313,50837,50697,56757,35121
2021-01-19T17:00:00Z,142764,132391,69765,66768,10373,47346,47201,53433,32955
2021-01-19T18:00:00Z,137349,125726,67292,63574,11623,44077,43941,51705,31502
2021-01-19T19:00:00Z,133595,119309,66989,61917,14286,42149,42020,51321,32011
2021-01-19T20:00:00Z,135695,113599,62381,57867,22096,40602,40467,52769,30171
2021-01-19T21:00:00Z,140981,110906,62317,57995,30075,38652,38524,54835,29137
2021-01-19T22:00:00Z,128390,101450,57015,53515,26940,34596,34458,49457,26073
2021-01-19T23:00:00Z,116023,88174,50704,47349,27849,30717,30583,45105,23665
2021-01-20T00:00:00Z,115334,87901,49316,46021,27433,29354,29239,44258,22500
2021-01-20T01:00:00Z,113641,87357,50283,45973,26284,31801,31680,46812,23965
2021-01-20T02:00:00Z,115526,92902,53383,48829,22624,34245,34142,46163,24812
2021-01-20T03:00:00Z,101177,90729,52772,49685,10448,32189,32084,39347,22860
2021-01-20T04:00:00Z,95502,79710,47765,44704,15792,27221,27125,35694,20863
2021-01-20T05:00:00Z,106482,80347,46218,43027,26135,28667,28562,37430,20854
2021-01-20T06:00:00Z,115488,92312,51821,48343,23176,33305,33204,41721,22855
2021-01-20T07:00:00Z,122761,102685,57096,52703,20076,37543,37434,47296,25741
2021-01-20T08:00:00Z,128426,112886,57343,54141,15540,42426,42310,50098,27807
2021-01-20T09:00:00Z,133673,121004,61989,58605,12669,45378,45248,51302,30138
2021-01-20T10:00:00Z,134134,120124,63174,59941,14010,43490,43364,50304,29827
2021-01-20T11:00:00Z,126872,112844,58547,55325,14028,41137,41009,47849,28070
2021-01-20T12:00:00Z,131018,118797,64077,60362,12221,43716,43580,50337,30585
2021-01-20T13:00:00Z,136548,125187,68528,64642,11361,46441,46306,53174,32610
2021-01-20T14:00:00Z,144997,135782,70908,67828,9215,51330,51188,56557,34957
2021-01-20T15:00:00Z,159706,149831,79186,75840,9875,52940,52791,59416,36894
2021-01-20T16:00:00Z,145824,137230,73270,70769,8594,49216,49071,54631,33877
2021-01-20T17:00:00Z,134284,126254,67028,64774,8030,45389,45255,50403,31257
2021-01-20T18:00:00Z,129022,119499,63265,59945,9523,43193,43073,49388,30754
2021-01-20T19:00:00Z,127352,115841,63372,59014,11511,41123,40984,48714,30865
2021-01-20T20:00:00Z,126464,113552,62236,58127,12912,40165,40031,47497,29992
2021-01-20T21:00:00Z,135716,105232,58687,54719,30484,37330,37196,52048,28017
2021-01-20T22:00:00Z,135673,97996,54349,50701,37677,33946,33821,47416,25387
2021-01-20T23:00:00Z,162966,85715,49082,45512,77251,29717,29590,50138,22943
2021-01-21T01:00:00Z,177571,84395,47960,43940,93176,30742,30631,57744,23547
2021-01-21T02:00:00Z,109235,89930,50317,46503,19305,33527,33428,45049,24078
2021-01-21T03:00:00Z,105979,85170,47843,44250,20809,31338,31228,43923,22737
2021-01-21T04:00:00Z,98116,74325,43552,40122,23791,26870,26772,39769,20665
2021-01-21T05:00:00Z,98142,78181,44591,41302,19961,28308,28207,36952,20835
2021-01-21T06:00:00Z,106598,87704,48582,45043,18894,32776,32665,41280,22872
2021-01-21T07:00:00Z,124824,98063,52326,48301,26761,36541,36430,51359,25160
2021-01-21T08:00:00Z,127406,109640,56959,53420,17766,42073,41951,51705,27926
2021-01-21T09:00:00Z,144841,120324,60903,57412,24517,45128,45009,57198,29571
2021-01-21T10:00:00Z,141373,114507,58866,55647,26866,42347,42221,56334,29142
2021-01-21T11:00:00Z,144880,114876,59944,56673,30004,41485,41362,57201,28591
2021-01-21T12:00:00Z,147546,117413,62807,59401,30133,43293,43161,60097,29943
2021-01-21T13:00:00Z,169065,124924,67127,63047,44141,46680,46540,72561,33192
2021-01-21T14:00:00Z,179299,132536,69851,66186,46763,50822,50679,76386,35060
2021-01-21T15:00:00Z,185186,130866,68532,64786,54320,50334,50189,79687,35117
2021-01-21T16:00:00Z,173824,133303,69072,65602,40521,48954,48812,69607,33914
2021-01-21T17:00:00Z,139646,129382,67416,64547,10264,46631,46485,52367,32152
2021-01-21T18:00:00Z,134775,124012,66739,63116,10763,43859,43718,50883,31791
2021-01-21T19:00:00Z,129418,117802,65342,60846,11616,42145,42008,50076,31722
2021-01-21T20:00:00Z,123583,112551,62215,58360,11032,39892,39744,46885,29405
2021-01-21T21:00:00Z,118424,108443,60196,56509,9981,37483,37350,44426,27880
2021-01-21T22:00:00Z,105628,96342,53721,50628,9286,33735,33605,40193,25040
2021-01-21T23:00:00Z,95191,86143,49474,46458,9048,30277,30157,36846,23385
2021-01-22T00:00:00Z,93756,83791,48452,45068,9965,28771,28652,35897,22355
2021-01-22T01:00:00Z,95234,85111,49590,45542,10123,31236,31123,38569,23644
2021-01-22T02:00:00Z,97325,87752,50240,46720,9573,33035,32942,39630,23549
2021-01-22T03:00:00Z,92128,83313,46964,43992,8815,30720,30612,37294,21815
2021-01-22T04:00:00Z,83514,73549,43797,40721,9965,25726,25636,33084,19810
2021-01-22T05:00:00Z,88156,75892,43622,41001,12264,27308,27206,34459,19847
2021-01-22T06:00:00Z,102422,87933,46964,43979,14489,31988,31882,39931,21974
2021-01-22T07:00:00Z,109689,95296,52091,47866,14393,35755,35636,43922,25115
2021-01-22T08:00:00Z,115497,105563,55045,51699,9934,40354,40251,47166,27053
2021-01-22T09:00:00Z,125138,115273,60999,57672,9865,43511,43397,50263,29505
2021-01-22T10:00:00Z,116776,107305,56471,53314,9471,41045,40937,47411,28252
2021-01-22T11:00:00Z,116925,106805,56743,53303,10120,38979,38856,45808,27299
2021-01-22T12:00:00Z,119069,109208,59869,56209,9861,40277,40162,47523,28865
2021-01-22T13:00:00Z,130014,118780,64928,60671,11234,44374,44241,51759,31753
2021-01-22T14:00:00Z,133315,122572,66351,62666,10743,46435,46298,53448,32971
2021-01-22T15:00:00Z,146832,134856,74027,69986,11976,48850,48703,55982,34899
2021-01-22T16:00:00Z,139738,129067,70820,67507,10671,46473,46332,52978,33031
2021-01-22T17:00:00Z,134434,124914,69266,66229,9520,44024,43879,50119,31053
2021-01-22T18:00:00Z,127709,117226,65276,61331,10483,40337,40212,46856,29419
2021-01-22T19:00:00Z,118914,107705,61954,57530,11209,37475,37349,44659,28296
2021-01-22T20:00:00Z,116868,104219,60293,56419,12649,35549,35421,42739,26690
2021-01-22T21:00:00Z,109331,97837,57037,53057,11494,33208,33078,39833,25357
2021-01-22T22:00:00Z,99446,90240,52772,49442,9206,30498,30384,36914,23822
2021-01-22T23:00:00Z,87670,78787,45945,42858,8883,26262,26160,32896,20650
2021-01-23T00:00:00Z,79286,71308,43159,40148,7978,23536,23434,30797,19219
2021-01-23T01:00:00Z,78131,68148,44444,39836,9983,22636,22549,30831,19775
2021-01-23T02:00:00Z,74274,65788,41592,38435,8486,22542,22458,28920,18042
2021-01-23T03:00:00Z,67939,61630,38149,35434,6309,21330,21252,27586,16535
2021-01-23T04:00:00Z,67388,60873,38833,35959,6515,20126,20052,26697,16492
2021-01-23T05:00:00Z,70864,64242,40461,37906,6622,20393,20329,26652,15964
2021-01-23T06:00:00Z,76615,69616,44452,41347,6999,22214,22133,28872,17506
2021-01-23T07:00:00Z,80246,73332,45734,42538,6914,22961,22888,29628,17850
2021-01-23T08:00:00Z,79880,72317,43343,40118,7563,24567,24490,31216,18409
2021-01-23T09:00:00Z,78650,71528,43081,40004,7122,25716,25638,32409,19237
2021-01-23T10:00:00Z,80347,72862,43547,40480,7485,26014,25932,33595,20213
2021-01-23T11:00:00Z,83207,74771,44898,41591,8436,26894,26815,33926,20437
2021-01-23T12:00:00Z,87870,79202,47234,43767,8668,28777,28690,36347,22018
2021-01-23T13:00:00Z,95000,85054,51197,47000,9946,31312,31232,39882,24201
2021-01-23T14:00:00Z,102360,93231,56266,52781,9129,34112,34034,41247,25411
2021-01-23T15:00:00Z,102821,95058,57101,54114,7763,34861,34782,42013,26135
2021-01-23T16:00:00Z,103459,96258,57525,55063,7201,33999,33920,40646,25290
2021-01-23T17:00:00Z,99216,92209,54996,53005,7007,33352,33264,39198,24366
2021-01-23T18:00:00Z,95178,88046,52549,49798,7132,31746,31664,37685,23943
2021-01-23T19:00:00Z,91826,84025,51904,48628,7801,30059,29967,36607,23961
2021-01-23T20:00:00Z,86503,79971,49493,46813,6532,28674,28595,34739,22604
2021-01-23T21:00:00Z,85299,77876,48014,45024,7423,27082,27012,32935,21197
2021-01-23T22:00:00Z,78518,72211,45214,42815,6307,24937,24854,30072,19620
2021-01-23T23:00:00Z,70782,65483,42034,39826,5299,23248,23175,28336,18662
2021-01-24T00:00:00Z,66289,60342,40146,37533,5947,20813,20738,26386,17432
2021-01-24T01:00:00Z,66583,59386,39780,36886,7197,20453,20386,26651,17590
2021-01-24T02:00:00Z,66291,60118,39499,36607,6173,21285,21211,26808,17351
2021-01-24T03:00:00Z,65812,61088,38447,36483,4724,20791,20724,25760,15900
2021-01-24T04:00:00Z,62453,57854,37033,34901,4599,20047,19985,25313,16001
2021-01-24T05:00:00Z,63414,56446,35832,33864,6968,19870,19804,25002,15190
2021-01-24T06:00:00Z,65680,60917,38629,36190,4763,21287,21221,26544,16393
2021-01-24T07:00:00Z,69055,63787,39580,36852,5268,22587,22518,28512,17324
2021-01-24T08:00:00Z,72897,67936,41807,39527,4961,23891,23812,29420,17803
2021-01-24T09:00:00Z,79654,72444,45179,42297,7210,25749,25680,32033,19335
2021-01-24T10:00:00Z,83070,76297,47075,44037,6773,26845,26772,33762,20474
2021-01-24T11:00:00Z,86772,79785,48141,45093,6987,28342,28265,35547,21056
2021-01-24T12:00:00Z,92448,84841,51169,47803,7607,30955,30872,37961,23678
2021-01-24T13:00:00Z,97991,89905,53666,49944,8086,33894,33814,41673,25635
2021-01-24T14:00:00Z,105338,97032,58558,55250,8306,37013,36927,44508,27930
2021-01-24T15:00:00Z,107068,98215,59727,56082,8853,37119,37034,44749,28435
2021-01-24T16:00:00Z,105215,97173,59283,56199,8042,35621,35527,42946,27219
2021-01-24T17:00:00Z,104138,97341,58938,56504,6797,34440,34361,41592,25817
2021-01-24T18:00:00Z,100640,92913,56131,53053,7727,33612,33536,40666,25909
2021-01-24T19:00:00Z,99536,91086,56782,52962,8450,32644,32561,40502,26041
2021-01-24T20:00:00Z,94489,86434,53367,50125,8055,31123,31039,38185,24302
2021-01-24T21:00:00Z,92605,85205,53258,50178,7400,29553,29470,36334,23335
2021-01-24T22:00:00Z,85449,78851,49967,47399,6598,27385,27301,33445,21909
2021-01-24T23:00:00Z,77036,70957,45020,42716,6079,25051,24974,30744,20108
2021-01-25T00:00:00Z,81254,71567,45505,42742,9687,24508,24423,31088,19791
2021-01-25T01:00:00Z,87417,76802,48361,44347,10615,27935,27840,35327,21648
2021-01-25T02:00:00Z,92136,81692,49383,45619,10444,30867,30781,37492,22416
2021-01-25T03:00:00Z,87988,78614,46716,43968,9374,29688,29606,35721,20969
2021-01-25T04:00:00Z,85135,70881,43414,40543,14254,25494,25405,32621,19350
2021-01-25T05:00:00Z,108131,76168,45245,41803,31963,27194,27088,35999,19702
2021-01-25T06:00:00Z,120093,85772,48553,45277,34321,32058,31951,41634,22045
2021-01-25T07:00:00Z,127041,98067,55213,51064,28974,36286,36174,45758,25328
2021-01-25T08:00:00Z,135075,109772,58777,53989,25303,41601,41476,49661,27770
2021-01-25T09:00:00Z,137692,120687,63193,58907,17005,44713,44583,51597,29682
2021-01-25T10:00:00Z,133468,116523,62490,58369,16945,42499,42364,50241,29407
2021-01-25T11:00:00Z,128141,112196,60182,56185,15945,41267,41154,48416,28362
2021-01-25T12:00:00Z,131751,120304,64503,60612,11447,43509,43383,50640,30485
2021-01-25T13:00:00Z,149271,132505,70982,66222,16766,48099,47980,56559,34100
2021-01-25T14:00:00Z,156132,144944,76281,72451,11188,52609,52466,59431,36543
2021-01-25T15:00:00Z,159530,147506,77515,73380,12024,53220,53062,60624,37230
2021-01-25T16:00:00Z,154880,142534,75115,71084,12346,50467,50329,57938,35663
2021-01-25T17:00:00Z,141525,129882,69776,66305,11643,47158,47009,53431,32983
2021-01-25T18:00:00Z,138609,125792,68354,64131,12817,45016,44881,52544,32439
2021-01-25T19:00:00Z,133271,120452,66841,61930,12819,42800,42671,50897,32057
2021-01-25T20:00:00Z,130790,116821,64962,60816,13969,41690,41557,49133,30859
2021-01-25T21:00:00Z,125654,112960,63676,59185,12694,39526,39402,46567,29455
2021-01-25T22:00:00Z,112043,101824,56853,53222,10219,35452,35321,42374,26671
2021-01-25T23:00:00Z,99999,88653,51724,47943,11346,31431,31313,38405,24015
2021-01-26T00:00:00Z,97252,85731,52472,47544,11521,30009,29909,38296,24635
2021-01-26T01:00:00Z,97299,87414,51449,46811,9885,32723,32620,40492,24937
2021-01-26T02:00:00Z,102156,92702,54415,50673,9454,33503,33400,39934,23181
2021-01-26T03:00:00Z,98270,88807,53607,49888,9463,32162,32057,39440,23024
2021-01-26T04:00:00Z,89061,77394,48271,45057,11667,26271,26173,33547,19860
2021-01-26T05:00:00Z,96012,78135,48552,44746,17877,27081,26976,34691,19799
2021-01-26T06:00:00Z,111384,90154,53512,48973,21230,32602,32498,42332,23656
2021-01-26T07:00:00Z,116762,99858,56339,51989,16904,36714,36605,43782,24494
2021-01-26T08:00:00Z,124388,112758,59654,55849,11630,42065,41948,48338,27500
2021-01-26T09:00:00Z,132826,121083,64301,60289,11743,45038,44902,51567,30127
2021-01-26T10:00:00Z,130444,117587,64154,60211,12857,42746,42601,49647,29568
2021-01-26T11:00:00Z,128982,116443,63186,59179,12539,41564,41441,48484,28612
2021-01-26T12:00:00Z,131958,120499,68569,63739,11459,44025,43888,51977,32001
2021-01-26T13:00:00Z,143441,131399,73811,69932,12042,47551,47417,54153,32944
2021-01-26T14:00:00Z,156270,144590,78605,74421,11680,52818,52673,59748,36569
2021-01-26T15:00:00Z,157640,146166,78779,74524,11474,53693,53534,60659,37505
2021-01-26T16:00:00Z,150065,140170,75533,72159,9895,51137,50997,57813,35565
2021-01-26T17:00:00Z,139516,129827,69953,66588,9689,47472,47325,54284,33354
2021-01-26T18:00:00Z,139733,127813,72167,67072,11920,45128,44984,53087,33524
2021-01-26T19:00:00Z,134139,122795,69579,65139,11344,43942,43808,50985,32080
2021-01-26T20:00:00Z,129602,117557,65925,61623,12045,41888,41740,48829,30704
2021-01-26T21:00:00Z,121065,109729,62168,57862,11336,39418,39268,46065,29336
2021-01-26T22:00:00Z,111065,101721,57551,53858,9344,36074,35946,42616,26861
2021-01-26T23:00:00Z,99012,90017,52880,49398,8995,31847,31728,38129,24340
2021-01-27T00:00:00Z,98871,86685,51875,47292,12186,30830,30712,39194,24848
2021-01-27T01:00:00Z,100120,90759,53814,49238,9361,33339,33221,41056,25135
2021-01-27T02:00:00Z,98765,91956,52648,49836,6809,34056,33965,39552,23294
2021-01-27T03:00:00Z,97748,89832,52916,49558,7916,32900,32785,39179,22759
2021-01-27T04:00:00Z,93032,82510,50890,47802,10522,28060,27958,35214,20837
2021-01-27T05:00:00Z,96577,82360,50050,46880,14217,28701,28597,35734,20225
2021-01-27T06:00:00Z,108927,91914,54165,50312,17013,33616,33509,42024,23441
2021-01-27T07:00:00Z,116823,101578,57279,52881,15245,37244,37132,44509,24903
2021-01-27T08:00:00Z,121660,110805,59907,55845,10855,42159,42043,48196,27709
2021-01-27T09:00:00Z,135147,122824,66625,62141,12323,45582,45453,52048,30487
2021-01-27T10:00:00Z,134889,122162,68041,64111,12727,43566,43448,50907,29754
2021-01-27T11:00:00Z,129677,118296,65421,61476,11381,42093,41966,49015,29096
2021-01-27T12:00:00Z,132893,121542,67813,63084,11351,44249,44122,52484,31833
2021-01-27T13:00:00Z,144124,132610,73376,69276,11514,49061,48925,55649,33684
2021-01-27T14:00:00Z,158181,147259,81980,77852,10922,53377,53220,59820,36689
2021-01-27T15:00:00Z,168771,158142,79932,75655,10629,53659,53495,67705,37339
2021-01-27T16:00:00Z,151248,141278,77124,73624,9970,51582,51442,57745,35821
2021-01-27T17:00:00Z,141976,132345,71723,68261,9631,47768,47616,54261,33381
2021-01-27T18:00:00Z,133571,122944,67942,63286,10627,44373,44229,51718,32806
2021-01-27T19:00:00Z,131618,121176,67414,63558,10442,42962,42825,49651,31258
2021-01-27T20:00:00Z,127095,114871,64297,60214,12224,41335,41220,48232,29943
2021-01-27T21:00:00Z,122352,110766,62826,58523,11586,39076,38943,45789,28829
2021-01-27T22:00:00Z,111224,101254,58246,54538,9970,35545,35417,41850,26712
2021-01-27T23:00:00Z,98454,89105,51974,48504,9349,31375,31269,37779,23960
2021-01-28T00:00:00Z,96199,85420,51400,46902,10779,30316,30205,38569,24685
2021-01-28T01:00:00Z,97552,87722,51698,47315,9830,32685,32583,40644,24718
2021-01-28T02:00:00Z,101397,91117,52235,48482,10280,33777,33670,40596,23708
2021-01-28T03:00:00Z,97461,87315,51588,47617,10146,32327,32233,38849,23246
2021-01-28T04:00:00Z,87800,78327,46786,45227,9473,27198,27106,32720,19426
2021-01-28T05:00:00Z,92421,79562,45721,44738,12859,28177,28084,33914,18928
2021-01-28T06:00:00Z,103992,89386,49268,48163,14606,32684,32592,39038,21113
2021-01-28T07:00:00Z,116592,100860,57825,53026,15732,37073,36956,44427,25276
2021-01-28T08:00:00Z,124631,111613,62998,56852,13018,42358,42251,49319,29309
2021-01-28T09:00:00Z,134474,122809,67369,62354,11665,45624,45499,51974,30680
2021-01-28T10:00:00Z,129489,118354,63884,60366,11135,43150,43021,49832,29604
2021-01-28T11:00:00Z,122902,111630,61345,57628,11272,41473,41349,47185,28444
2021-01-28T12:00:00Z,125123,114242,63907,59382,10881,43301,43180,50147,31059
2021-01-28T13:00:00Z,137307,126084,69623,65674,11223,47854,47723,53572,32993
2021-01-28T14:00:00Z,149563,138144,76004,71849,11419,52381,52242,57870,36096
2021-01-28T15:00:00Z,151564,140772,75339,71080,10792,51963,51818,57971,36102
2021-01-28T16:00:00Z,146257,135666,71914,68223,10591,50370,50232,56176,35089
2021-01-28T17:00:00Z,137165,127409,68592,65001,9756,46672,46532,52702,32874
2021-01-28T18:00:00Z,143821,132533,67393,62600,11288,43367,43232,57141,32142
2021-01-28T19:00:00Z,193507,155208,61790,58177,38299,40423,40286,79423,29009
2021-01-28T21:00:00Z,168749,125214,59941,55777,43535,37034,36911,63469,27749
2021-01-28T22:00:00Z,111431,100861,57579,53998,10570,34598,34468,40513,26160
2021-01-28T23:00:00Z,97170,88133,51965,48746,9037,31035,30915,37086,24128
2021-01-29T00:00:00Z,95167,84977,51967,47491,10190,29379,29280,36709,24151
2021-01-29T01:00:00Z,97940,88038,52100,47548,9902,32021,31916,39038,24162
2021-01-29T02:00:00Z,96813,88221,51189,47869,8592,33441,33330,38787,23148
2021-01-29T03:00:00Z,93495,84731,50170,46635,8764,31307,31197,37203,22178
2021-01-29T04:00:00Z,85930,75697,46097,43045,10233,26130,26032,32496,19569
2021-01-29T05:00:00Z,89981,74527,45481,42093,15454,26568,26465,33323,19300
2021-01-29T06:00:00Z,103875,85511,50617,46136,18364,30563,30459,39632,22845
2021-01-29T07:00:00Z,109079,96814,56311,52534,12265,34800,34690,40945,23548
2021-01-29T08:00:00Z,117238,108010,59208,55702,9228,40127,40016,45995,26818
2021-01-29T09:00:00Z,130575,120208,66226,62311,10367,43327,43190,49415,29104
2021-01-29T10:00:00Z,126693,115742,63892,60211,10951,41488,41355,47306,28926
2021-01-29T11:00:00Z,118963,109162,62061,58394,9801,39228,39112,44962,27585
2021-01-29T12:00:00Z,124644,114327,64239,59712,10317,40463,40333,48215,29808
2021-01-29T13:00:00Z,134844,124257,68950,65222,10587,43841,43724,49613,30509
2021-01-29T14:00:00Z,143964,132193,73061,68699,11771,48031,47887,54259,33677
2021-01-29T15:00:00Z,149431,137955,76707,72356,11476,48586,48443,55386,34723
2021-01-29T16:00:00Z,140145,130194,71831,68504,9951,46579,46441,52333,32833
2021-01-29T17:00:00Z,134532,124481,69630,66241,10051,43667,43533,49903,31633
2021-01-29T18:00:00Z,129680,117123,67542,62804,12557,40700,40568,49847,31136
2021-01-29T19:00:00Z,129536,114925,66917,62770,14611,38216,38088,46058,28973
2021-01-29T20:00:00Z,145633,107566,62889,58669,38067,36033,35909,51229,27547
2021-01-29T21:00:00Z,110801,99894,58886,54757,10907,33899,33773,39742,25676
2021-01-29T22:00:00Z,102229,93306,55833,52502,8923,30671,30550,36095,23407
2021-01-29T23:00:00Z,90994,82595,50631,47413,8399,27445,27337,32474,21256
2021-01-30T00:00:00Z,86050,77028,49425,45152,9022,24980,24874,32084,21237
2021-01-30T01:00:00Z,78379,69956,45480,41200,8423,23590,23491,30380,20190
2021-01-30T02:00:00Z,74611,66909,42840,39839,7702,22493,22414,27952,17470
2021-01-30T03:00:00Z,75069,67616,43833,40532,7453,22214,22126,27942,17540
2021-01-30T04:00:00Z,70324,64113,41635,38847,6211,21016,20936,26580,16728
2021-01-30T05:00:00Z,74074,67614,41227,38288,6460,20673,20596,26251,15641
2021-01-30T06:00:00Z,75725,68896,43862,40208,6829,22285,22203,28972,17735
2021-01-30T07:00:00Z,75213,69696,42694,39908,5517,23443,23379,29016,17155
2021-01-30T08:00:00Z,78693,72799,44499,41763,5894,25121,25046,30874,18484
2021-01-30T09:00:00Z,83028,76807,47924,44913,6221,26316,26231,31871,19310
2021-01-30T10:00:00Z,87182,80129,50272,47195,7053,26869,26784,32575,19933
2021-01-30T11:00:00Z,88813,82015,51318,47927,6798,27964,27889,33432,20605
2021-01-30T12:00:00Z,95989,87693,55613,51669,8296,29903,29824,37007,23464
2021-01-30T13:00:00Z,99712,91975,56928,53564,7737,32378,32297,38627,23881
2021-01-30T14:00:00Z,106486,99149,60397,57143,7337,35343,35261,41402,26011
2021-01-30T15:00:00Z,107396,99463,61088,57731,7933,36324,36238,42724,27155
2021-01-30T16:00:00Z,108195,101029,62184,59458,7166,35704,35623,42204,26825
2021-01-30T17:00:00Z,102113,95068,57888,55265,7045,34587,34504,40737,25866
2021-01-30T18:00:00Z,99643,90815,56394,52248,8828,32959,32874,39267,25855
2021-01-30T19:00:00Z,95213,87880,53459,50343,7333,31194,31112,36281,23535
2021-01-30T20:00:00Z,89740,82810,51721,48800,6930,29466,29373,34298,22299
2021-01-30T21:00:00Z,86244,79885,50057,47064,6359,28193,28112,32910,21295
2021-01-30T22:00:00Z,81013,75118,47291,44809,5895,26252,26167,30718,20305
2021-01-30T23:00:00Z,74137,68604,44721,42204,5533,24506,24441,28823,19250
2021-01-31T00:00:00Z,71638,63991,44467,40584,7647,22523,22440,28852,19849
2021-01-31T01:00:00Z,68375,61137,42157,38308,7238,21700,21625,27523,18904
2021-01-31T02:00:00Z,67987,62863,41265,38857,5124,21884,21817,26876,17526
2021-01-31T03:00:00Z,68337,62749,41235,38405,5588,21612,21537,26798,17003
2021-01-31T04:00:00Z,69244,61983,40962,38338,7261,20972,20895,26280,16597
2021-01-31T05:00:00Z,77174,65831,43202,39627,11343,21679,21604,28320,16881
2021-01-31T06:00:00Z,77124,67140,44192,39635,9984,22279,22206,30325,18626
2021-01-31T07:00:00Z,77431,68381,44626,40563,9050,23313,23241,29441,17951
2021-01-31T08:00:00Z,82262,74233,45885,42332,8029,24910,24834,31216,19050
2021-01-31T09:00:00Z,86411,77907,49689,45840,8504,26405,26331,33501,20208
2021-01-31T10:00:00Z,89751,82038,52930,49549,7713,28004,27932,33826,21090
2021-01-31T11:00:00Z,92181,84295,53183,49634,7886,29455,29373,35077,21758
2021-01-31T12:00:00Z,98045,89348,57385,53242,8697,31693,31608,38644,24747
2021-01-31T13:00:00Z,104116,95429,59800,56155,8687,34453,34376,40256,25230
2021-01-31T14:00:00Z,111524,102642,64382,60659,8882,37647,37563,43762,27660
2021-01-31T15:00:00Z,113028,103532,63270,59718,9496,37908,37820,44800,28368
2021-01-31T16:00:00Z,109185,99959,60852,57649,9226,36804,36722,43328,27680
2021-01-31T17:00:00Z,107325,97950,60516,57135,9375,35751,35652,42241,27051
2021-01-31T18:00:00Z,103818,94445,59632,55418,9373,34494,34404,41430,27310
2021-01-31T19:00:00Z,99555,91547,56772,53365,8008,32930,32843,38681,25106
2021-01-31T20:00:00Z,97384,89756,55848,52818,7628,32618,32530,38021,24819
2021-01-31T21:00:00Z,91349,83688,53452,50146,7661,30086,30002,35436,23459
2021-01-31T22:00:00Z,85350,78507,49489,46862,6843,27895,27807,32894,21905
2021-01-31T23:00:00Z,80317,72370,46803,43911,7947,25670,25592,31336,20797
2021-02-01T00:00:00Z,88606,72190,48188,43236,16416,25422,25332,34662,22436
2021-02-01T01:00:00Z,92046,79240,48887,43898,12806,28290,28196,35963,22755
2021-02-01T02:00:00Z,95280,83199,51374,47631,12081,30723,30623,37084,22003
2021-02-01T03:00:00Z,99226,83610,51792,47511,15616,30095,29997,37256,21747
2021-02-01T04:00:00Z,95406,77274,48492,44578,18132,25986,25890,34545,20101
2021-02-01T05:00:00Z,128843,80899,50079,45373,47944,27900,27785,37994,20465
2021-02-01T06:00:00Z,127178,89643,52540,47693,37535,32146,32032,43152,23536
2021-02-01T07:00:00Z,132285,99349,55381,51237,32936,36856,36745,46171,24791
2021-02-01T08:00:00Z,149635,115727,62450,57221,33908,42260,42128,51927,28575
2021-02-01T09:00:00Z,145916,124654,68296,62553,21262,45305,45174,52804,30392
2021-02-01T10:00:00Z,142588,123080,68777,63800,19508,43122,42987,50482,29879
2021-02-01T11:00:00Z,138042,118102,65459,60813,19940,42098,41970,49537,29204
2021-02-01T12:00:00Z,141818,122507,69583,64297,19311,43733,43606,52290,31621
2021-02-01T13:00:00Z,154901,134432,74520,69753,20469,48316,48177,56336,33269
2021-02-01T14:00:00Z,159810,142786,78835,74145,17024,52666,52528,59511,36386
2021-02-01T15:00:00Z,163484,147626,80544,75848,15858,53454,53297,61310,37281
2021-02-01T16:00:00Z,155290,142587,78619,74299,12703,51462,51313,58327,35993
2021-02-01T17:00:00Z,147397,135034,73575,69541,12363,48202,48052,54576,33704
2021-02-01T18:00:00Z,146558,131438,74866,69284,15120,45419,45270,53698,33642
2021-02-01T19:00:00Z,139868,126400,72041,67422,13468,43559,43413,51043,32209
2021-02-01T20:00:00Z,137530,122157,70493,66066,15373,42058,41929,49359,30867
2021-02-01T21:00:00Z,132577,117412,67592,62945,15165,39688,39557,46645,29576
2021-02-01T22:00:00Z,120673,109258,63107,59489,11415,36348,36211,43076,27311
2021-02-01T23:00:00Z,107183,95878,57843,54661,11305,32203,32086,37927,24519
2021-02-02T00:00:00Z,103878,92555,56881,52717,11323,31244,31118,38630,25152
2021-02-02T01:00:00Z,104156,93933,56162,51415,10223,33069,32953,40145,25295
2021-02-02T02:00:00Z,110507,100761,56975,53545,9746,34396,34288,40742,23770
2021-02-02T03:00:00Z,103078,92971,55141,51324,10107,32768,32666,39439,23241
2021-02-02T04:00:00Z,93192,79663,49407,46062,13529,28048,27946,35031,21396
2021-02-02T05:00:00Z,104942,83214,50077,46245,21728,29421,29315,37510,21326
2021-02-02T06:00:00Z,120276,94367,54467,49715,25909,34156,34036,43849,24754
2021-02-02T07:00:00Z,122588,103318,57516,52808,19270,38245,38116,45624,25947
2021-02-02T08:00:00Z,130353,117170,62319,58590,13183,43341,43222,49815,28699
2021-02-02T09:00:00Z,139990,125712,67655,63193,14278,46045,45920,52460,30907
2021-02-02T10:00:00Z,136487,122369,65691,61564,14118,44413,44271,51280,30326
2021-02-02T11:00:00Z,131430,118394,65509,61210,13036,42660,42529,48710,29413
2021-02-02T12:00:00Z,138300,125774,71489,66562,12526,45137,44999,52642,32517
2021-02-02T13:00:00Z,144901,132812,71966,67802,12089,48371,48236,55431,33176
2021-02-02T14:00:00Z,158034,146464,78446,74173,11570,53466,53323,60096,36978
2021-02-02T15:00:00Z,159617,146835,78380,74119,12782,53525,53371,60802,37234
2021-02-02T16:00:00Z,173998,139016,72760,69092,34982,50460,50312,63165,34850
2021-02-02T17:00:00Z,185508,125377,67870,64143,60131,46848,46691,64488,32940
2021-02-02T18:00:00Z,182644,121495,66224,60950,61149,43875,43741,62678,32141
2021-02-02T19:00:00Z,173971,118710,64917,60937,55261,42814,42671,59034,30473
2021-02-02T20:00:00Z,172126,113976,63607,59470,58150,40831,40688,56285,29375
2021-02-02T21:00:00Z,184268,106681,60058,55698,77587,37941,37806,59086,27999
2021-02-02T22:00:00Z,194454,96735,54493,50882,97719,34529,34385,62751,25745
2021-02-02T23:00:00Z,111874,90949,52873,49041,20925,31993,31872,42366,24637
2021-02-03T00:00:00Z,110110,89716,53924,48838,20394,31049,30918,41589,25521
2021-02-03T01:00:00Z,114137,88133,52370,47255,26004,32799,32681,43661,25207
2021-02-03T02:00:00Z,106844,89784,51964,48145,17060,33910,33797,41659,23474
2021-02-03T03:00:00Z,99119,86831,51961,47621,12288,32239,32138,38909,23291
2021-02-03T04:00:00Z,91874,76768,46490,42623,15106,27671,27574,34692,21028
2021-02-03T05:00:00Z,107841,80780,48245,43884,27061,28910,28799,37040,21291
2021-02-03T06:00:00Z,113422,89288,50940,46141,24134,33165,33039,42315,24059
2021-02-03T07:00:00Z,120143,99423,56110,50677,20720,37327,37204,44214,24985
2021-02-03T08:00:00Z,127958,113132,60970,57191,14826,42442,42305,48391,27597
2021-02-03T09:00:00Z,139509,125139,67197,62551,14370,45513,45391,52441,30547
2021-02-03T10:00:00Z,140850,125115,68895,64120,15735,44039,43907,50630,30260
2021-02-03T11:00:00Z,132706,117564,64005,59734,15142,42350,42223,49143,29202
2021-02-03T12:00:00Z,136037,122223,68657,63339,13814,44148,44021,51472,31616
2021-02-03T13:00:00Z,151419,134249,74391,69159,17170,48571,48436,55284,33544
2021-02-03T14:00:00Z,164036,146776,80436,75026,17260,53042,52899,59509,36216
2021-02-03T15:00:00Z,156044,141992,75094,70804,14052,52043,51892,58980,35168
2021-02-03T16:00:00Z,165727,150244,83220,78936,15483,53358,53204,60771,37822
2021-02-03T17:00:00Z,147899,133112,71935,67972,14787,48527,48371,54986,34389
2021-02-03T18:00:00Z,141881,128129,68859,63898,13752,44621,44476,52140,32819
2021-02-03T19:00:00Z,148666,119121,65373,60805,29545,43199,43058,52882,30789
2021-02-03T20:00:00Z,133642,121277,67280,63356,12365,42367,42224,48076,30401
2021-02-03T21:00:00Z,128023,115182,64852,60527,12841,39431,39287,45325,28963
2021-02-03T22:00:00Z,118305,106381,59154,55370,11924,35961,35833,42347,26890
2021-02-03T23:00:00Z,111341,97141,55543,51693,14200,31948,31819,38934,24892
2021-02-04T00:00:00Z,115413,101581,55415,49876,13832,31085,30950,40350,26273
2021-02-04T01:00:00Z,99832,89612,51710,46929,10220,32503,32384,39792,25341
2021-02-04T02:00:00Z,100032,89733,51236,47459,10299,33525,33427,39009,23322
2021-02-04T03:00:00Z,99463,89218,51169,47240,10245,32346,32251,38717,23117
2021-02-04T04:00:00Z,88986,77024,46999,43425,11962,27930,27819,34090,21229
2021-02-04T05:00:00Z,100143,79423,46767,42951,20720,28448,28342,36663,20861
2021-02-04T06:00:00Z,114307,92491,50418,45796,21816,33253,33143,44362,23958
2021-02-04T07:00:00Z,117762,100087,53983,49326,17675,37603,37483,45190,25266
2021-02-04T08:00:00Z,132908,118141,59075,54603,14767,42871,42737,49682,28217
2021-02-04T09:00:00Z,147846,131282,64398,59372,16564,46002,45853,53625,30981
2021-02-04T10:00:00Z,143799,126823,64747,60114,16976,43779,43647,51739,30704
2021-02-04T11:00:00Z,130377,113969,61210,56607,16408,41626,41498,48114,28815
2021-02-04T12:00:00Z,130637,118084,64044,58743,12553,43668,43528,50838,31631
2021-02-04T13:00:00Z,143570,130647,69915,65433,12923,47975,47842,54080,33208
2021-02-04T14:00:00Z,153191,141104,74023,69560,12087,52746,52606,59013,36554
2021-02-04T15:00:00Z,155991,143465,76196,71305,12526,52750,52598,58814,36934
2021-02-04T16:00:00Z,152056,139875,73269,69175,12181,51273,51126,57136,35807
2021-02-04T17:00:00Z,143594,132273,69981,65753,11321,47943,47798,54109,33859
2021-02-04T18:00:00Z,136398,124726,67215,62028,11672,44855,44714,51972,33227
2021-02-04T19:00:00Z,130146,118957,64825,60401,11189,42604,42457,49120,31069
2021-02-04T20:00:00Z,126862,113188,62561,58199,13674,41081,40936,47632,30237
2021-02-04T21:00:00Z,128782,115216,61689,56876,13566,39007,38867,45801,29249
2021-02-04T22:00:00Z,113793,102363,57317,53171,11430,35344,35227,42321,26844
2021-02-04T23:00:00Z,98335,87964,50660,46655,10371,31488,31370,37500,24133
2021-02-05T00:00:00Z,98149,86695,51164,46568,11454,30166,30041,38115,24829
2021-02-05T01:00:00Z,95591,85410,50484,45527,10181,31709,31607,38771,24605
2021-02-05T02:00:00Z,97075,87718,51015,47357,9357,32533,32423,38613,22686
2021-02-05T03:00:00Z,95380,85490,49107,45033,9890,31507,31399,38505,22676
2021-02-05T04:00:00Z,89533,75285,45233,41712,14248,26384,26273,33438,20113
2021-02-05T05:00:00Z,103493,79709,47963,43869,23784,27998,27885,36940,20827
2021-02-05T06:00:00Z,116340,89416,52780,47658,26924,32306,32203,42512,23721
2021-02-05T07:00:00Z,117796,98001,55375,51009,19795,35929,35812,43620,24554
2021-02-05T08:00:00Z,122538,108987,59920,55784,13551,40932,40812,47142,27233
2021-02-05T09:00:00Z,130853,118252,65322,60935,12601,43282,43140,49357,29264
2021-02-05T10:00:00Z,126722,114544,61657,57790,12178,41323,41199,47517,28609
2021-02-05T11:00:00Z,120229,109244,61128,57153,10985,38599,38468,44675,27321
2021-02-05T12:00:00Z,120420,109560,62381,57563,10860,39729,39595,46569,29610
2021-02-05T13:00:00Z,132713,120306,67344,63054,12407,43710,43565,49468,30384
2021-02-05T14:00:00Z,140829,129740,70591,66388,11089,48396,48253,54352,33559
2021-02-05T15:00:00Z,143683,132000,71629,67109,11683,48640,48487,55013,34469
2021-02-05T16:00:00Z,135911,125367,67205,63582,10544,46946,46804,53372,33243
2021-02-05T17:00:00Z,135040,122100,67418,62816,12940,43490,43344,50322,31299
2021-02-05T18:00:00Z,124438,111096,63606,58025,13342,39858,39708,47272,30335
2021-02-05T19:00:00Z,116655,105665,60144,55600,10990,37867,37735,43722,27783
2021-02-05T20:00:00Z,119644,102934,59524,54957,16710,36214,36085,44586,26827
2021-02-05T21:00:00Z,110033,98489,57058,52516,11544,34072,33934,40631,25916
2021-02-05T22:00:00Z,100359,90072,53498,49457,10287,31111,30984,37243,23907
2021-02-05T23:00:00Z,86791,77359,45905,42201,9432,27383,27273,33493,21501
2021-02-06T00:00:00Z,80380,70202,45219,40302,10178,24756,24644,32662,21812
2021-02-06T01:00:00Z,75361,66043,42933,38257,9318,23315,23220,30214,20042
2021-02-06T02:00:00Z,72970,64377,40907,37141,8593,22186,22112,27852,17334
2021-02-06T03:00:00Z,70349,62943,40097,36456,7406,21928,21849,27984,17375
2021-02-06T04:00:00Z,65444,58643,37745,34554,6801,20425,20344,26068,16476
2021-02-06T05:00:00Z,64126,56682,36029,32774,7444,19938,19860,25351,15525
2021-02-06T06:00:00Z,69636,61921,39543,35195,7715,21435,21362,28556,17710
2021-02-06T07:00:00Z,70137,63441,39249,36015,6696,22752,22680,28042,16750
2021-02-06T08:00:00Z,73771,66521,40615,37523,7250,24234,24159,29935,18015
2021-02-06T09:00:00Z,79988,72045,45028,41455,7943,25121,25042,31158,18923
2021-02-06T10:00:00Z,81711,74273,46008,42526,7438,25958,25870,32138,19509
2021-02-06T11:00:00Z,83696,76115,46158,42720,7581,26753,26675,32278,19818
2021-02-06T12:00:00Z,87743,79201,49296,44942,8542,28423,28340,35790,22410
2021-02-06T13:00:00Z,92071,84397,51540,47874,7674,30898,30815,36779,22866
2021-02-06T14:00:00Z,100517,92681,56316,52783,7836,34064,33973,40310,25291
2021-02-06T15:00:00Z,104975,96741,59389,55621,8234,34932,34838,41524,26152
2021-02-06T16:00:00Z,101644,94543,56063,53413,7101,34707,34623,40974,25822
2021-02-06T17:00:00Z,99893,91410,55007,51688,8483,33635,33554,39698,25221
2021-02-06T18:00:00Z,94095,85638,52743,48403,8457,32018,31939,38894,25290
2021-02-06T19:00:00Z,92013,84468,51929,48637,7545,30388,30300,36053,23157
2021-02-06T20:00:00Z,87546,80341,49274,46171,7205,29068,28983,34673,22498
2021-02-06T21:00:00Z,83612,76727,48132,44798,6885,27143,27065,32601,21263
2021-02-06T22:00:00Z,77840,71607,45642,42899,6233,25322,25240,30558,20144
2021-02-06T23:00:00Z,70795,64509,42647,39765,6286,23312,23239,28382,18930
2021-02-07T00:00:00Z,69473,61487,41797,37505,7986,22324,22244,29656,19938
2021-02-07T01:00:00Z,72020,62974,40171,36263,9046,23437,23357,30494,19092
2021-02-07T02:00:00Z,73002,66800,41277,38338,6202,24498,24416,29461,17625
2021-02-07T03:00:00Z,71495,65301,40765,37520,6194,24295,24221,29825,17979
2021-02-07T04:00:00Z,63541,57342,36873,33926,6199,20656,20583,25809,16258
2021-02-07T05:00:00Z,70270,58844,36532,33306,11426,21706,21617,26947,16367
2021-02-07T06:00:00Z,74837,67028,40657,36548,7809,25016,24930,31457,19030
2021-02-07T07:00:00Z,77201,70203,41875,38648,6998,25956,25873,31249,18257
2021-02-07T08:00:00Z,80260,73864,43522,40282,6396,27629,27553,32891,19352
2021-02-07T09:00:00Z,86176,77479,46673,42715,8697,29034,28959,35400,21023
2021-02-07T10:00:00Z,88031,80132,48676,45258,7899,28833,28751,35179,20935
2021-02-07T11:00:00Z,91233,83686,49798,46303,7547,29295,29210,35936,21847
2021-02-07T12:00:00Z,94052,85301,53383,48953,8751,30430,30343,37960,24130
2021-02-07T13:00:00Z,98508,90798,55265,51691,7710,33240,33160,39323,24643
2021-02-07T14:00:00Z,105372,97630,58568,54977,7742,35949,35863,42847,26660
2021-02-07T15:00:00Z,108455,100331,59447,55747,8124,36573,36489,44467,27678
2021-02-07T16:00:00Z,106605,98645,58725,55776,7960,36167,36082,42931,27192
2021-02-07T17:00:00Z,105388,97500,58268,54955,7888,35845,35758,42218,26975
2021-02-07T18:00:00Z,103049,93959,58262,53872,9090,34015,33925,41241,26838
2021-02-07T19:00:00Z,98600,90991,54434,50981,7609,32848,32755,39096,24806
2021-02-07T20:00:00Z,94320,86032,52739,49135,8288,31561,31480,37597,24326
2021-02-07T21:00:00Z,93066,83386,52333,47974,9680,29778,29692,36734,23680
2021-02-07T22:00:00Z,84251,75929,47734,43921,8322,27334,27241,33544,21716
2021-02-07T23:00:00Z,74334,67230,43140,39839,7104,24532,24450,29983,19893
2021-02-08T00:00:00Z,80077,66142,44289,39378,13935,23491,23398,32088,20711
2021-02-08T01:00:00Z,80328,69470,44941,39878,10858,25163,25078,32746,20607
2021-02-08T02:00:00Z,83917,73355,45719,41277,10562,26796,26703,33198,19444
2021-02-08T03:00:00Z,86166,75186,45744,41539,10980,27282,27193,34014,20147
2021-02-08T04:00:00Z,83903,69280,42578,38875,14623,24699,24607,31714,18902
2021-02-08T05:00:00Z,110370,71951,44115,39533,38419,26372,26259,35388,19701
2021-02-08T06:00:00Z,119724,81099,47708,42247,38625,30542,30435,41588,22560
2021-02-08T07:00:00Z,121513,91361,50683,46255,30152,34788,34673,44195,24061
2021-02-08T08:00:00Z,132721,106686,56725,51542,26035,40152,40030,49068,27160
2021-02-08T09:00:00Z,134854,118065,61469,56233,16789,43441,43316,50366,29531
2021-02-08T10:00:00Z,134149,117680,63546,58678,16469,42082,41967,48607,28892
2021-02-08T11:00:00Z,130979,113165,60738,56290,17814,40718,40588,47780,28228
2021-02-08T12:00:00Z,130919,114243,63395,57937,16676,42270,42145,50105,30978
2021-02-08T13:00:00Z,141269,123799,67050,61788,17470,46661,46517,53346,32560
2021-02-08T14:00:00Z,151133,138491,74397,69252,12642,51870,51729,58178,36199
2021-02-08T15:00:00Z,149734,136504,72303,67417,13230,51428,51272,57277,35046
2021-02-08T16:00:00Z,150433,138338,71773,67627,12095,49992,49847,55949,34223
2021-02-08T17:00:00Z,152092,138260,74387,69443,13832,48491,48338,55582,35048
2021-02-08T18:00:00Z,143627,128378,71191,65118,15249,45392,45234,53437,33647
2021-02-08T19:00:00Z,151719,125789,70237,64577,25930,43704,43558,56174,32499
2021-02-08T21:00:00Z,144123,113974,64822,59961,30149,40211,40059,54851,29946
2021-02-08T22:00:00Z,117326,102832,57977,53752,14494,36144,36002,43869,27355
2021-02-08T23:00:00Z,103571,91334,53517,49352,12237,31974,31859,38421,24686
2021-02-09T00:00:00Z,104934,89509,52793,47410,15425,30490,30366,39696,25642
2021-02-09T01:00:00Z,94178,83285,49981,44680,10893,30679,30577,38415,24531
2021-02-09T02:00:00Z,94011,84087,48126,44050,9924,30929,30819,37126,22508
2021-02-09T03:00:00Z,90591,80125,47128,42989,10466,29680,29577,36337,22306
2021-02-09T04:00:00Z,87706,73800,44603,40894,13906,26902,26803,33683,20749
2021-02-09T05:00:00Z,99887,79094,47315,43340,20793,27355,27242,35508,20430
2021-02-09T06:00:00Z,112504,86720,50399,45436,25784,30520,30410,41007,23421
2021-02-09T07:00:00Z,111499,93490,52640,47865,18009,34765,34644,42183,24531
2021-02-09T08:00:00Z,119292,106394,57330,53006,12898,39829,39710,45660,27214
2021-02-09T09:00:00Z,127830,114830,61995,57471,13000,42203,42069,48635,29249
2021-02-09T10:00:00Z,133555,117749,62902,58202,15806,41482,41338,49179,29111
2021-02-09T11:00:00Z,124138,111350,61056,56817,12788,39986,39843,46313,27991
2021-02-09T12:00:00Z,129807,115655,65501,59701,14152,42495,42361,50631,31923
2021-02-09T13:00:00Z,142209,127267,70304,64924,14942,47177,47040,54562,33485
2021-02-09T14:00:00Z,156465,142530,77015,71868,13935,52683,52540,59553,36902
2021-02-09T15:00:00Z,157910,143437,77549,72365,14473,53163,53001,59781,37343
2021-02-09T16:00:00Z,136257,126003,63101,60058,10254,48328,48167,53772,31914
2021-02-09T17:00:00Z,145901,133774,71855,67467,12127,48584,48428,54938,34083
2021-02-09T18:00:00Z,141705,126517,69291,63363,15188,46101,45955,54486,34410
2021-02-09T19:00:00Z,136233,120431,65917,60946,15802,43850,43693,51628,32163
2021-02-09T20:00:00Z,132282,115760,64853,59632,16522,42127,41971,50456,31623
2021-02-09T21:00:00Z,126014,111646,63081,57832,14368,39801,39662,47301,30348
2021-02-09T22:00:00Z,114475,104014,58358,54534,10461,36389,36254,43289,27542
2021-02-09T23:00:00Z,103278,92369,53288,49346,10909,32318,32194,39114,25085
2021-02-10T00:00:00Z,98507,85709,52442,47070,12798,30355,30244,39620,25852
2021-02-10T01:00:00Z,100088,84979,51878,46894,15109,30076,29963,39695,24478
2021-02-10T02:00:00Z,101198,83532,50002,46052,17666,29209,29103,38630,22245
2021-02-10T03:00:00Z,93245,82460,49110,45168,10785,28405,28312,35259,21876
2021-02-10T04:00:00Z,90396,76085,44888,41388,14311,26747,26644,33899,20905
2021-02-10T05:00:00Z,99951,75347,45285,41587,24604,26707,26591,35127,20594
2021-02-10T06:00:00Z,106097,80654,44986,40245,25443,28740,28638,39006,22659
2021-02-10T07:00:00Z,105259,88189,49171,44769,17070,32115,31992,39491,23360
2021-02-10T08:00:00Z,115570,103003,55724,51114,12567,37084,36964,43692,26459
2021-02-10T09:00:00Z,122369,109954,59114,54375,12415,39546,39422,45576,27737
2021-02-10T10:00:00Z,124238,109834,60139,55593,14404,39276,39151,45454,27617
2021-02-10T11:00:00Z,122781,109783,59636,54865,12998,39482,39347,45982,28054
2021-02-10T12:00:00Z,124918,112493,61972,56485,12425,40972,40845,48443,30238
2021-02-10T13:00:00Z,137494,124567,68550,63823,12927,45429,45290,51606,31549
2021-02-10T14:00:00Z,150108,137993,75584,70670,12115,50799,50650,56445,35058
2021-02-10T15:00:00Z,153799,140991,77427,72163,12808,51509,51357,57990,36526
2021-02-10T16:00:00Z,150167,137894,74636,70405,12273,50754,50591,56758,35628
2021-02-10T17:00:00Z,145393,132489,71758,66817,12904,48013,47851,55319,34337
2021-02-10T18:00:00Z,137986,124139,67574,61711,13847,45263,45097,53360,33687
2021-02-10T19:00:00Z,135965,122485,66566,61679,13480,43314,43156,50282,31680
2021-02-10T20:00:00Z,132298,115996,63618,58624,16302,41838,41688,49206,30880
2021-02-10T21:00:00Z,128885,112168,63545,57605,16717,39710,39566,48566,31114
2021-02-10T22:00:00Z,117349,103717,58696,53215,13632,35415,35278,42544,27491
2021-02-10T23:00:00Z,101537,90166,52584,48093,11371,31459,31330,38041,24637
2021-02-11T00:00:00Z,97305,83749,50677,45433,13556,28483,28361,37552,24655
2021-02-11T01:00:00Z,88042,77302,47322,42087,10740,26478,26374,34399,23116
2021-02-11T02:00:00Z,80744,71955,43542,39854,8789,25101,24993,30943,19605
2021-02-11T03:00:00Z,78775,68724,42334,38514,10051,24770,24682,31391,19909
2021-02-11T04:00:00Z,81366,67591,40644,37114,13775,24103,24001,30798,19104
2021-02-11T05:00:00Z,88284,67625,40427,36740,20659,23941,23829,31728,18629
2021-02-11T06:00:00Z,94047,71403,42599,37599,22644,25354,25242,34864,20803
2021-02-11T07:00:00Z,100309,82074,47045,42431,18235,28769,28660,36246,21124
2021-02-11T08:00:00Z,109096,97051,53174,49052,12045,33898,33779,39657,24316
2021-02-11T09:00:00Z,118452,104699,58262,52695,13753,37039,36917,42977,26253
2021-02-11T10:00:00Z,121281,107051,58083,53402,14230,38351,38227,44402,26762
2021-02-11T11:00:00Z,118773,104792,59175,54203,13981,37023,36904,43029,26664
2021-02-11T12:00:00Z,118077,106193,59249,54159,11884,39085,38960,45757,28886
2021-02-11T13:00:00Z,133459,119611,66705,62204,13848,43478,43349,48649,30154
2021-02-11T14:00:00Z,148822,136197,74933,70282,12625,48408,48258,54229,33654
2021-02-11T15:00:00Z,147997,136007,75125,70502,11990,49209,49055,54739,34565
2021-02-11T16:00:00Z,146321,134334,72977,69109,11987,48940,48780,54114,34143
2021-02-11T17:00:00Z,141974,128709,70838,65626,13265,46856,46699,52906,33268
2021-02-11T18:00:00Z,136115,122432,68934,63211,13683,44297,44143,51444,33096
2021-02-11T19:00:00Z,128937,115896,65208,60186,13041,41956,41803,48338,30452
2021-02-11T20:00:00Z,126283,111050,63253,58349,15233,40453,40302,47610,30001
2021-02-11T21:00:00Z,126943,106168,60753,55160,20775,38597,38455,48017,28970
2021-02-11T22:00:00Z,113821,100297,56729,51993,13524,35446,35302,42479,27104
2021-02-11T23:00:00Z,102177,87213,51498,46636,14964,30872,30747,37616,24378
2021-02-12T00:00:00Z,92777,78546,48915,42961,14231,27902,27782,36238,24084
2021-02-12T01:00:00Z,80180,70698,44302,39495,9482,25285,25179,32094,21443
2021-02-12T02:00:00Z,74459,65456,40257,36787,9003,23464,23375,28368,18149
2021-02-12T03:00:00Z,74196,63611,40663,36268,10585,22476,22386,28829,18653
2021-02-12T04:00:00Z,77159,62550,39742,35855,14609,22169,22077,28861,17841
2021-02-12T05:00:00Z,86710,62964,39818,35754,23746,22021,21928,29958,17746
2021-02-12T06:00:00Z,93780,66907,41073,36024,26873,23595,23485,33424,19655
2021-02-12T07:00:00Z,94942,74934,42850,37989,20008,26735,26621,34058,20032
2021-02-12T08:00:00Z,100790,88571,47941,43876,12219,31594,31477,37672,22564
2021-02-12T09:00:00Z,112106,99055,52831,48409,13051,35343,35216,41554,25124
2021-02-12T10:00:00Z,120737,104616,56592,51630,16121,36587,36457,43463,26163
2021-02-12T11:00:00Z,113829,100257,55377,50803,13572,36401,36271,42885,26369
2021-02-12T12:00:00Z,117074,105032,59267,53773,12042,38449,38325,46424,29021
2021-02-12T13:00:00Z,126652,112779,62531,57758,13873,41864,41725,47949,29469
2021-02-12T14:00:00Z,135986,124686,70098,65387,11300,45919,45777,52015,32873
2021-02-12T15:00:00Z,137213,125378,69138,64273,11835,46732,46587,52480,33201
2021-02-12T16:00:00Z,137093,125864,69570,65693,11229,45493,45348,51575,32210
2021-02-12T17:00:00Z,129047,117965,65350,61082,11082,42953,42815,49063,30647
2021-02-12T18:00:00Z,122958,109512,62888,57371,13446,39750,39621,47134,30141
2021-02-12T19:00:00Z,117249,105545,60115,55454,11704,37481,37340,44254,27811
2021-02-12T20:00:00Z,112263,99463,57210,52635,12800,35568,35446,41709,26340
2021-02-12T21:00:00Z,110315,96712,55631,50882,13603,33839,33713,40330,25734
2021-02-12T22:00:00Z,98422,85186,50426,46278,13236,30178,30056,36871,23652
2021-02-12T23:00:00Z,85214,72857,44441,40244,12357,26635,26516,32794,21109
2021-02-13T00:00:00Z,80793,68243,44420,38907,12550,23917,23801,32942,21891
2021-02-13T01:00:00Z,69249,60214,39917,35365,9035,21477,21372,28084,18784
2021-02-13T02:00:00Z,63815,56443,35855,32562,7372,19739,19657,24467,15321
2021-02-13T03:00:00Z,64664,55458,36355,31859,9206,19197,19112,25191,15864
2021-02-13T04:00:00Z,62236,53113,34581,30351,9123,18564,18485,24259,15451
2021-02-13T05:00:00Z,60559,52559,34097,30185,8000,18593,18521,23692,14829
2021-02-13T06:00:00Z,66927,57928,36456,31442,8999,19452,19377,25887,16530
2021-02-13T07:00:00Z,65690,57660,36536,32808,8030,20266,20196,25874,15751
2021-02-13T08:00:00Z,66260,58227,36526,32527,8033,21761,21688,27619,16934
2021-02-13T09:00:00Z,71437,63966,40015,36020,7471,23168,23092,28646,17676
2021-02-13T10:00:00Z,73952,67292,41516,38029,6660,24448,24374,29919,18218
2021-02-13T11:00:00Z,76283,68794,41758,38274,7489,25269,25195,30626,18543
2021-02-13T12:00:00Z,80966,71996,44636,40056,8970,27124,27027,34087,21506
2021-02-13T13:00:00Z,86985,78880,48522,44459,8105,29071,28991,34755,21274
2021-02-13T14:00:00Z,93058,85146,52668,48735,7912,31432,31347,37464,23337
2021-02-13T15:00:00Z,95351,87436,53875,49750,7915,32287,32199,38189,24289
2021-02-13T16:00:00Z,99240,91382,55996,52683,7858,33014,32925,38999,24705
2021-02-13T17:00:00Z,97853,88556,53666,49535,9297,32260,32169,38518,24286
2021-02-13T18:00:00Z,93061,83375,51644,46665,9686,31044,30952,38362,24944
2021-02-13T19:00:00Z,90711,82499,49945,46083,8212,30156,30077,36108,22848
2021-02-13T20:00:00Z,86453,78586,49284,45580,7867,28584,28507,34301,22495
2021-02-13T21:00:00Z,80487,73278,46559,42724,7209,26541,26463,31978,20811
2021-02-13T22:00:00Z,75679,69148,43013,39791,6531,24769,24682,29937,19503
2021-02-13T23:00:00Z,69437,63006,40485,37377,6431,22779,22702,28001,18466
2021-02-14T00:00:00Z,70028,61112,41358,36772,8916,21114,21032,28989,19733
2021-02-14T01:00:00Z,64590,55893,37750,33650,8697,19809,19738,26236,17383
2021-02-14T02:00:00Z,60142,54302,35691,32747,5840,19049,18981,23808,15044
2021-02-14T03:00:00Z,60034,54404,35377,32175,5630,19086,19007,24741,15474
2021-02-14T04:00:00Z,59571,54070,35217,32344,5501,18868,18796,23835,15320
2021-02-14T05:00:00Z,62906,52729,33884,30812,10177,18604,18536,23544,14608
2021-02-14T06:00:00Z,60613,53696,35598,31537,6917,19310,19237,25350,16228
2021-02-14T07:00:00Z,62504,56991,36064,33099,5513,20376,20307,25227,15606
2021-02-14T08:00:00Z,65883,59816,36538,33391,6067,21887,21807,27137,16771
2021-02-14T09:00:00Z,74475,66929,39382,35848,7546,23387,23306,29413,17891
2021-02-14T10:00:00Z,75536,68377,42380,38969,7159,24776,24702,30574,18890
2021-02-14T11:00:00Z,80664,73123,45362,41664,7541,26109,26038,31658,19636
2021-02-14T12:00:00Z,83872,76172,48047,43758,7700,27900,27828,35315,22678
2021-02-14T13:00:00Z,87634,80674,49963,46412,6960,30326,30247,35793,22509
2021-02-14T14:00:00Z,95695,88732,55255,51895,6963,32978,32891,38869,24737
2021-02-14T15:00:00Z,97692,90707,55311,51996,6985,33169,33090,39468,24850
2021-02-14T16:00:00Z,96281,90460,54863,52551,5821,33130,33037,38813,24378
2021-02-14T17:00:00Z,95915,88051,53744,50457,7864,32700,32614,38735,24523
2021-02-14T18:00:00Z,93985,85149,52713,48381,8836,31700,31605,38895,25315
2021-02-14T19:00:00Z,91335,81016,49869,46093,10319,30197,30111,37111,23678
2021-02-14T20:00:00Z,90529,80701,50720,46785,9828,29201,29117,36187,23273
2021-02-14T21:00:00Z,85992,77123,48360,44324,8869,27698,27610,34103,22150
2021-02-14T22:00:00Z,79076,70476,44231,40771,8600,25435,25349,31284,20434
2021-02-14T23:00:00Z,70511,63066,40722,37444,7445,23285,23203,28683,18922
2021-02-15T00:00:00Z,78829,63993,43302,38592,14836,22357,22261,30879,20186
2021-02-15T01:00:00Z,70525,60872,40489,36021,9653,22055,21980,28477,18870
2021-02-15T02:00:00Z,71664,60812,39176,35544,10852,21889,21802,27972,17322
2021-02-15T03:00:00Z,74352,62133,40236,36232,12219,22069,21994,28731,18101
2021-02-15T04:00:00Z,80219,62080,39081,35378,18139,22579,22499,29720,17815
2021-02-15T05:00:00Z,111369,65627,41343,36632,45742,23707,23620,32965,18318
2021-02-15T06:00:00Z,113408,72054,43782,38831,41354,25830,25726,36859,20975
2021-02-15T07:00:00Z,116757,80821,46114,41932,35936,29924,29824,39238,21683
2021-02-15T08:00:00Z,131446,96398,53553,47914,35048,35396,35280,44693,25744
2021-02-15T09:00:00Z,129781,108565,59484,53437,21216,38667,38544,46087,27477
2021-02-15T10:00:00Z,132194,111028,60510,55154,21166,39129,38999,46539,27512
2021-02-15T11:00:00Z,129213,107867,59469,54057,21346,38931,38810,47051,27904
2021-02-15T12:00:00Z,128508,110896,61712,56013,17612,41112,40993,50199,30835
2021-02-15T13:00:00Z,141024,122036,69000,63927,18988,44877,44746,52115,31683
2021-02-15T14:00:00Z,145438,132949,72546,67925,12489,49409,49275,55995,34783
2021-02-15T15:00:00Z,148243,134611,74157,69123,13632,49800,49663,56551,35148
2021-02-15T16:00:00Z,147427,134065,74209,69823,13362,48019,47875,54727,33954
2021-02-15T17:00:00Z,136163,124301,69312,65079,11862,44705,44564,51717,32105
2021-02-15T18:00:00Z,127036,114741,65486,60220,12295,41524,41394,50312,31426
2021-02-15T19:00:00Z,127590,113368,64839,60004,14222,40253,40126,48054,30356
2021-02-15T20:00:00Z,122244,106725,61879,57514,15519,39394,39267,46969,29874
2021-02-15T21:00:00Z,117070,102634,60344,55468,14436,37079,36952,44931,28799
2021-02-15T22:00:00Z,104201,92935,54941,50971,11266,33551,33436,40378,26064
2021-02-15T23:00:00Z,95256,82930,51595,47734,12326,29472,29378,36201,23592
2021-02-16T00:00:00Z,92793,78145,50763,45554,14648,27630,27524,36209,24100
2021-02-16T01:00:00Z,84501,75402,48567,43889,9099,27096,26992,33758,22608
2021-02-16T02:00:00Z,83505,75840,45881,42583,7665,26835,26745,32300,20059
2021-02-16T03:00:00Z,79793,71088,43296,39838,8705,26034,25945,31726,19742
2021-02-16T04:00:00Z,81418,70034,41991,38684,11384,25621,25533,31900,19622
2021-02-16T05:00:00Z,96815,76262,44204,40476,20553,25808,25708,33211,19483
2021-02-16T06:00:00Z,109133,84159,47205,42412,24974,28280,28187,37561,21868
2021-02-16T07:00:00Z,107234,91873,50349,45903,15361,31822,31720,38552,22642
2021-02-16T08:00:00Z,111204,100018,53174,49132,11186,37341,37226,43396,25892
2021-02-16T09:00:00Z,124172,112118,57865,53399,12054,40448,40319,46347,27937
2021-02-16T10:00:00Z,127012,113182,59325,55152,13830,40604,40473,46782,28174
2021-02-16T11:00:00Z,126309,114487,62175,58103,11822,40261,40114,46636,28251
2021-02-16T12:00:00Z,127003,114720,63121,57871,12283,42461,42338,49902,31018
2021-02-16T13:00:00Z,139817,127938,69732,65363,11879,46918,46779,53016,32494
2021-02-16T14:00:00Z,152288,140717,75850,71333,11571,51616,51468,57918,35737
2021-02-16T15:00:00Z,151791,140177,75294,70737,11614,51943,51790,57917,36163
2021-02-16T16:00:00Z,149116,135847,71969,68212,13269,50416,50264,56416,34569
2021-02-16T17:00:00Z,149982,124501,67362,63501,25481,46575,46433,55981,32651
2021-02-16T18:00:00Z,137563,125619,68608,63142,11944,45553,45410,53324,33750
2021-02-16T19:00:00Z,134603,122853,66442,61887,11750,44010,43870,51054,31675
2021-02-16T20:00:00Z,127855,115550,64631,60156,12305,41705,41563,48431,30371
2021-02-16T21:00:00Z,120330,109127,61699,57242,11203,39463,39322,45810,29141
2021-02-16T22:00:00Z,108811,99091,54550,50678,9720,35701,35575,42013,26561
2021-02-16T23:00:00Z,99973,89801,51556,47648,10172,32054,31932,38332,24589
2021-02-17T00:00:00Z,98781,86690,52706,47344,12091,30105,29978,38657,25335
2021-02-17T01:00:00Z,91430,80885,48612,43788,10545,28961,28847,35989,23453
2021-02-17T02:00:00Z,86234,77633,45485,41706,8601,28309,28207,34291,20912
2021-02-17T03:00:00Z,85877,75567,45497,41262,10310,27266,27159,33908,20996
2021-02-17T04:00:00Z,82085,71276,42603,39115,10809,26317,26219,32806,20220
2021-02-17T05:00:00Z,90584,73511,44289,40480,17073,26834,26743,34254,20221
2021-02-17T06:00:00Z,97734,77926,46869,41812,19808,28432,28327,36986,21960
2021-02-17T07:00:00Z,101421,89401,50529,46673,12020,32469,32365,39213,23038
2021-02-17T08:00:00Z,108382,99138,52117,48412,9244,37593,37473,43103,25661
2021-02-17T09:00:00Z,121760,111548,58287,54149,10212,40990,40860,47107,28083
2021-02-17T10:00:00Z,123873,111552,58860,54707,12321,40615,40477,46585,28081
2021-02-17T11:00:00Z,122764,112352,59372,55456,10412,40785,40666,47343,28331
2021-02-17T12:00:00Z,125917,114206,62385,57512,11711,43444,43309,50395,31784
2021-02-17T13:00:00Z,139097,127729,68049,63687,11368,48007,47867,54035,32887
2021-02-17T14:00:00Z,152507,141993,76281,72087,10514,52820,52673,58748,36541
2021-02-17T15:00:00Z,155943,144289,77085,72420,11654,53205,53067,60010,37506
2021-02-17T16:00:00Z,147924,136673,73152,69241,11251,51552,51400,57299,35846
2021-02-17T17:00:00Z,141799,129750,69530,64806,12049,47980,47840,54626,33851
2021-02-17T18:00:00Z,135371,122730,66631,61084,12641,45322,45177,52878,33209
2021-02-17T19:00:00Z,131585,119783,64352,59791,11802,43576,43421,50649,31717
2021-02-17T20:00:00Z,125928,114087,62579,58266,11841,41773,41645,48185,30371
2021-02-17T21:00:00Z,121773,110325,61079,56795,11448,40119,39982,46509,29620
2021-02-17T22:00:00Z,108021,97939,54288,50519,10082,35632,35497,41845,26512
2021-02-17T23:00:00Z,94963,85073,50004,46052,9890,31272,31149,37430,24060
2021-02-18T00:00:00Z,96049,85185,52544,47538,10864,29953,29827,38457,24918
2021-02-18T01:00:00Z,95791,85979,52483,47255,9812,31269,31162,38744,24476
2021-02-18T02:00:00Z,93082,83811,48530,44660,9271,31612,31512,37228,21980
2021-02-18T03:00:00Z,91549,81854,47661,43391,9695,30945,30844,37401,22303
2021-02-18T04:00:00Z,86753,74373,45509,41871,12380,27260,27159,34059,20578
2021-02-18T05:00:00Z,96453,76950,45175,41128,19503,28278,28174,35983,20422
2021-02-18T06:00:00Z,109880,86660,49733,44588,23220,32245,32130,42123,23898
2021-02-18T07:00:00Z,114506,98970,55666,50945,15536,36405,36292,43606,24723
2021-02-18T08:00:00Z,123614,112437,60591,56265,11177,42019,41895,48268,28065
2021-02-18T09:00:00Z,131023,119560,63635,59088,11463,45231,45110,51209,29975
2021-02-18T10:00:00Z,131751,118871,64895,60425,12880,43447,43316,50359,30304
2021-02-18T11:00:00Z,130247,118642,64459,60276,11605,41586,41450,47964,28916
2021-02-18T12:00:00Z,130260,119091,68774,63602,11169,43111,42976,50460,31441
2021-02-18T13:00:00Z,143954,131562,72606,67832,12392,47287,47153,53780,32961
2021-02-18T14:00:00Z,153296,140895,77688,72797,12401,52066,51910,58444,36562
2021-02-18T15:00:00Z,161311,143765,80023,74103,17546,53178,53022,60236,37942
2021-02-18T16:00:00Z,154976,141309,75535,70855,13667,50666,50518,57376,35823
2021-02-18T17:00:00Z,147271,132989,74531,69111,14282,47549,47409,54531,33934
2021-02-18T18:00:00Z,139678,125557,72189,65715,14121,44585,44425,52372,33231
2021-02-18T19:00:00Z,129923,117742,66264,61318,12181,42668,42520,49633,31056
2021-02-18T20:00:00Z,127602,113081,64610,59777,14521,40976,40828,47942,30114
2021-02-18T21:00:00Z,144828,108864,62431,57174,35964,38590,38442,55024,29012
2021-02-18T22:00:00Z,115315,101627,58201,53632,13688,35800,35669,43113,27294
2021-02-18T23:00:00Z,105332,92604,55840,51366,12728,32044,31910,39076,25246
2021-02-19T00:00:00Z,106720,88134,56123,50122,18586,30678,30540,40169,25665
2021-02-19T01:00:00Z,97757,87347,51885,47034,10410,32309,32188,39289,24335
2021-02-19T02:00:00Z,97551,88242,50572,46901,9309,33261,33155,38498,22294
2021-02-19T03:00:00Z,94305,83661,48777,44614,10644,31603,31504,37725,22326
2021-02-19T04:00:00Z,92661,74142,46792,42378,18519,26925,26817,34641,20997
2021-02-19T05:00:00Z,113109,83029,52761,47929,30080,27650,27542,36690,20783
2021-02-19T06:00:00Z,121146,89547,54454,48829,31599,32332,32230,42283,23357
2021-02-19T07:00:00Z,124136,99616,57707,52114,24520,36590,36483,44503,24998
2021-02-19T08:00:00Z,128687,113348,61895,57043,15339,41985,41873,48731,27885
2021-02-19T09:00:00Z,136350,121056,66261,60967,15294,44526,44407,51483,29785
2021-02-19T10:00:00Z,131925,115711,63843,59009,16214,42644,42517,49398,29440
2021-02-19T11:00:00Z,126617,112275,62974,58084,14342,40197,40072,47003,28222
2021-02-19T12:00:00Z,125907,113256,65604,60022,12651,41391,41274,48919,30078
2021-02-19T13:00:00Z,141560,126958,71909,66819,14602,45257,45124,51852,31307
2021-02-19T14:00:00Z,146383,134688,72987,68435,11695,49558,49418,57086,34854
2021-02-19T15:00:00Z,147974,135210,74626,69209,12764,49809,49665,56911,35758
2021-02-19T16:00:00Z,142350,131694,70597,66584,10656,47716,47588,53985,33506
2021-02-19T17:00:00Z,134967,123509,68813,64379,11458,44143,44006,50189,31307
2021-02-19T18:00:00Z,131376,116875,67445,61510,14501,41021,40861,49278,31008
2021-02-19T19:00:00Z,123865,111426,62227,57398,12439,38779,38641,46340,28715
2021-02-19T20:00:00Z,119509,105589,61331,56162,13920,37259,37133,44498,27940
2021-02-19T21:00:00Z,111936,99383,58224,52743,12553,34528,34396,41043,26313
2021-02-19T22:00:00Z,100872,90797,52651,48450,10075,31229,31106,37288,23751
2021-02-19T23:00:00Z,91728,82476,50845,46904,9252,28060,27955,34008,21814
2021-02-20T00:00:00Z,91717,79677,52003,46494,12040,26445,26320,35031,22958
2021-02-20T01:00:00Z,85685,75080,47316,42273,10605,27479,27381,34253,21389
2021-02-20T02:00:00Z,85485,75764,46529,42237,9721,27517,27429,32500,18721
2021-02-20T03:00:00Z,82480,73377,44863,40597,9103,26881,26790,32610,19108
2021-02-20T04:00:00Z,74119,65771,42318,38414,8348,22469,22383,28149,17563
2021-02-20T05:00:00Z,77822,69721,43790,40053,8101,24072,23988,29289,17432
2021-02-20T06:00:00Z,85796,77105,47519,42717,8691,27712,27620,34023,19940
2021-02-20T07:00:00Z,85439,77702,45459,41706,7737,28618,28531,33993,19276
2021-02-20T08:00:00Z,90017,80499,47117,43188,9518,29961,29872,35973,20792
2021-02-20T09:00:00Z,91304,83411,48933,44773,7893,31740,31655,38534,22349
2021-02-20T10:00:00Z,89507,81495,49520,45647,8012,29557,29468,35919,21437
2021-02-20T11:00:00Z,88351,80637,50194,46652,7714,28254,28173,34244,20622
2021-02-20T12:00:00Z,95129,85323,54141,49355,9806,29320,29229,36836,23097
2021-02-20T13:00:00Z,93568,84962,52041,48248,8606,30824,30736,36970,22484
2021-02-20T14:00:00Z,99148,91168,54521,50762,7980,33499,33409,40619,24435
2021-02-20T15:00:00Z,100867,91878,55683,51730,8989,34360,34270,41165,25611
2021-02-20T16:00:00Z,102588,93568,57169,54079,9020,33744,33635,40298,25079
2021-02-20T17:00:00Z,99749,91022,56030,52321,8727,32649,32549,38385,24119
2021-02-20T18:00:00Z,97419,88227,55268,50594,9192,31352,31257,38837,24678
2021-02-20T19:00:00Z,91778,83900,51055,47650,7878,30114,30022,36228,22672
2021-02-20T20:00:00Z,87974,80751,49627,46425,7223,28851,28768,34395,22038
2021-02-20T21:00:00Z,84723,77249,48420,44923,7474,27276,27184,32880,21164
2021-02-20T22:00:00Z,77589,71115,45078,42126,6474,25282,25206,30266,19796
2021-02-20T23:00:00Z,72423,66357,44276,41408,6066,23405,23332,28252,18773
2021-02-21T00:00:00Z,75089,65973,45879,41329,9116,22367,22285,29772,20104
2021-02-21T01:00:00Z,69842,61284,40995,36885,8558,21814,21739,28223,18644
2021-02-21T02:00:00Z,68789,62532,41067,37829,6257,21536,21465,26248,16071
2021-02-21T03:00:00Z,66908,60707,39292,35965,6201,21935,21872,27034,16760
2021-02-21T04:00:00Z,67072,60373,39550,36290,6699,20827,20756,26025,16236
2021-02-21T05:00:00Z,78220,62118,41936,38387,16102,20991,20915,26281,16318
2021-02-21T06:00:00Z,76135,67818,45703,40945,8317,22158,22087,29286,18672
2021-02-21T07:00:00Z,74759,68020,43470,39932,6739,23569,23505,28880,17848
2021-02-21T08:00:00Z,75117,68763,43368,39893,6354,24830,24753,30422,18888
2021-02-21T09:00:00Z,80462,73092,45501,41995,7370,26149,26076,32224,19898
2021-02-21T10:00:00Z,84001,77070,48110,44749,6931,27017,26947,32596,20077
2021-02-21T11:00:00Z,90057,81857,50827,47144,8200,28359,28282,35465,20797
2021-02-21T12:00:00Z,95761,85801,54368,49626,9960,30129,30047,38525,23797
2021-02-21T13:00:00Z,96523,88236,53864,49961,8287,32227,32154,38589,23793
2021-02-21T14:00:00Z,105085,96239,60584,56435,8846,35114,35015,41634,25913
2021-02-21T15:00:00Z,108410,99365,60646,56641,9045,36079,35990,43330,26745
2021-02-21T16:00:00Z,105424,97788,60418,57465,7636,35460,35368,41929,26341
2021-02-21T17:00:00Z,106833,98934,61477,58037,7899,34674,34585,40965,25715
2021-02-21T18:00:00Z,105660,96487,62050,57192,9173,33718,33633,41075,26766
2021-02-21T19:00:00Z,98669,90280,55743,51979,8389,32340,32251,38953,24650
2021-02-21T20:00:00Z,97453,88774,55045,51468,8679,31375,31288,38226,24208
2021-02-21T21:00:00Z,95252,85301,53614,49701,9951,30201,30112,36787,23612
2021-02-21T22:00:00Z,86303,77552,49310,45743,8751,27466,27377,33806,21751
2021-02-21T23:00:00Z,80156,71510,47089,43628,8646,25461,25381,31234,20443
2021-02-22T00:00:00Z,95134,73338,49976,44593,21796,25542,25454,34639,22345
2021-02-22T01:00:00Z,87401,77386,48789,43982,10015,29377,29292,36221,22435
2021-02-22T02:00:00Z,93371,82345,48033,44106,11026,30887,30799,36179,20862
2021-02-22T03:00:00Z,93684,81604,48642,44582,12080,31344,31247,37562,21652
2021-02-22T04:00:00Z,97674,76139,47842,44124,21535,26744,26652,34280,20013
2021-02-22T05:00:00Z,124129,78938,49390,44520,45191,28058,27949,37763,20700
2021-02-22T06:00:00Z,131813,88817,54279,48326,42996,32485,32377,43920,23839
2021-02-22T07:00:00Z,132086,97512,54747,50090,34574,36582,36456,45716,24747
2021-02-22T08:00:00Z,144413,110846,60812,54297,33567,42041,41907,51538,28750
2021-02-22T09:00:00Z,142644,120740,65286,58786,21904,45091,44962,52025,30117
2021-02-22T10:00:00Z,140409,119614,65570,60217,20795,43092,42956,50660,29643
2021-02-22T11:00:00Z,137986,117476,64248,59304,20510,41703,41572,49575,28817
2021-02-22T12:00:00Z,135970,120767,67951,61605,15203,43372,43239,52379,31686
2021-02-22T13:00:00Z,149508,131336,72141,67106,18172,47866,47735,55486,32849
2021-02-22T14:00:00Z,155113,143147,76748,71865,11966,53222,53081,60324,36854
2021-02-22T15:00:00Z,155750,143555,76939,71841,12195,53475,53320,60915,37364
2021-02-22T16:00:00Z,155674,142623,76158,71913,13051,52061,51904,58893,36717
2021-02-22T17:00:00Z,154945,140704,75781,70898,14241,49113,48952,56909,35153
2021-02-22T18:00:00Z,148162,131771,73669,67232,16391,46238,46081,55576,34147
2021-02-22T19:00:00Z,139104,124230,69470,64399,14874,43736,43574,52076,31699
2021-02-22T20:00:00Z,138905,120923,68056,62919,17982,42873,42727,51558,31394
2021-02-22T21:00:00Z,132914,117246,66385,61105,15668,40962,40823,49074,30818
2021-02-22T22:00:00Z,121048,107157,61413,56776,13891,37199,37062,44698,28364
2021-02-22T23:00:00Z,118690,98467,59037,53700,20223,33178,33055,41082,26123
2021-02-23T00:00:00Z,112912,95189,59222,53142,17723,32270,32139,42576,27376
2021-02-23T01:00:00Z,110144,95517,57115,51086,14627,35282,35166,44054,27373
2021-02-23T02:00:00Z,108630,95853,54804,50132,12777,35846,35741,43842,25324
2021-02-23T03:00:00Z,106344,93225,54626,49771,13119,34452,34348,42519,25112
2021-02-23T04:00:00Z,105404,84978,52634,48173,20426,29305,29211,38447,22942
2021-02-23T05:00:00Z,125076,88233,53407,48280,36843,30512,30402,41088,22821
2021-02-23T06:00:00Z,134107,98324,56385,50382,35783,34985,34876,46709,25520
2021-02-23T07:00:00Z,136284,106179,58509,52356,30105,39677,39554,48887,26634
2021-02-23T08:00:00Z,134797,118535,61875,56859,16262,44891,44764,52025,29838
2021-02-23T09:00:00Z,143432,125122,66350,60822,18310,47803,47653,54949,32036
2021-02-23T10:00:00Z,142908,123360,66672,61128,19548,45087,44957,52958,31126
2021-02-23T11:00:00Z,142108,119702,67207,61451,22406,43361,43230,51138,30199
2021-02-23T12:00:00Z,145465,125753,71885,65471,19712,44853,44713,53885,32707
2021-02-23T13:00:00Z,152646,133035,73598,67536,19611,48974,48843,56791,33950
2021-02-23T14:00:00Z,160888,145173,80344,74509,15715,53334,53174,60540,36904
2021-02-23T15:00:00Z,161894,147002,79338,73796,14892,53816,53660,61417,38141
2021-02-23T16:00:00Z,155814,143525,76985,72827,12289,52364,52226,58998,36920
2021-02-23T17:00:00Z,152465,139451,75425,71054,13014,49447,49289,55777,34815
2021-02-23T18:00:00Z,144964,130466,73417,67677,14498,46371,46224,53600,33856
2021-02-23T19:00:00Z,139351,124943,69095,64113,14408,44315,44176,51487,32251
2021-02-23T20:00:00Z,137154,121489,68812,63969,15665,42786,42646,50812,31991
2021-02-23T21:00:00Z,130816,114385,65050,60317,16431,40435,40293,48197,29942
2021-02-23T22:00:00Z,124700,106925,60960,56125,17775,37209,37067,45127,28131
2021-02-23T23:00:00Z,112345,96419,57546,52633,15926,33244,33116,41302,25862
2021-02-24T00:00:00Z,115461,92157,58363,51861,23304,31971,31849,42716,26993
2021-02-24T01:00:00Z,107040,92154,55261,48995,14886,34697,34575,43093,26522
2021-02-24T02:00:00Z,108381,95448,55326,50560,12933,35715,35606,42626,24398
2021-02-24T03:00:00Z,105701,92615,54710,49814,13086,34556,34460,42548,24597
2021-02-24T04:00:00Z,97942,80034,50081,45279,17908,28808,28713,36998,22196
2021-02-24T05:00:00Z,118863,87169,52404,47663,31694,30007,29898,40146,21953
2021-02-24T06:00:00Z,130042,98092,58288,52600,31950,35000,34898,46125,25180
2021-02-24T07:00:00Z,129476,104919,59220,53947,24557,39032,38901,47178,25962
2021-02-24T08:00:00Z,132343,117434,62959,58070,14909,44123,43994,50848,28781
2021-02-24T09:00:00Z,138388,123697,65498,60262,14691,47678,47529,54913,31934
2021-02-24T10:00:00Z,142216,125381,69373,64103,16835,45351,45201,52482,31214
2021-02-24T11:00:00Z,134970,120457,68222,63432,14513,42493,42359,49535,29497
2021-02-24T12:00:00Z,140512,127046,73089,66947,13466,44744,44603,53131,32650
2021-02-24T13:00:00Z,149427,135514,75876,70877,13913,48760,48622,55691,33854
2021-02-24T14:00:00Z,157772,145307,80645,75850,12465,53348,53210,60209,37300
2021-02-24T15:00:00Z,159004,146086,79792,74562,12918,53956,53798,61041,37936
2021-02-24T16:00:00Z,153935,142165,77226,72788,11770,52186,52031,58418,36428
2021-02-24T17:00:00Z,154718,141541,78343,73514,13177,49273,49133,56253,34755
2021-02-24T18:00:00Z,147065,133559,75497,69208,13506,45931,45777,54071,34231
2021-02-24T19:00:00Z,141139,125924,72144,66143,15215,43781,43634,51834,32525
2021-02-24T20:00:00Z,134961,118977,67819,62667,15984,42361,42211,49623,31195
2021-02-24T21:00:00Z,126531,112822,64813,59575,13709,40686,40542,47479,30714
2021-02-24T22:00:00Z,112571,100979,58309,54203,11592,36179,36043,42071,26971
2021-02-24T23:00:00Z,102872,92578,56205,52496,10294,32298,32173,38477,24864
2021-02-25T00:00:00Z,111115,95262,61228,55100,15853,31232,31110,41323,26576
2021-02-25T01:00:00Z,104010,93079,56230,51066,10931,33966,33858,42084,26010
2021-02-25T02:00:00Z,104676,93676,54921,50357,11000,34647,34541,40978,23963
2021-02-25T03:00:00Z,102739,91417,53626,49313,11322,34018,33912,40692,24039
2021-02-25T04:00:00Z,95285,82357,49450,45494,12928,28664,28562,35514,21389
2021-02-25T05:00:00Z,106526,85521,51739,47448,21005,30249,30133,38053,21507
2021-02-25T06:00:00Z,118290,97919,57870,52873,20371,35253,35143,44568,25495
2021-02-25T07:00:00Z,123146,105228,59834,55243,17918,39052,38931,46251,25985
2021-02-25T08:00:00Z,131151,118290,62642,58209,12861,44886,44766,51117,29338
2021-02-25T09:00:00Z,139278,127107,68031,63650,12171,47414,47290,53867,31505
2021-02-25T10:00:00Z,132767,119327,63848,59388,13440,44681,44559,51004,30062
2021-02-25T11:00:00Z,132877,120052,67144,62930,12825,42631,42507,49419,29438
2021-02-25T12:00:00Z,135704,124644,71149,66189,11060,45004,44871,52147,32056
2021-02-25T13:00:00Z,142028,130655,71392,67179,11373,48612,48474,53963,32795
2021-02-25T14:00:00Z,155093,144603,77811,73515,10490,53338,53197,60001,36557
2021-02-25T15:00:00Z,158058,146072,77806,73144,11986,53335,53186,60263,36834
2021-02-25T16:00:00Z,152357,141400,76649,72820,10957,51356,51209,57376,35727
2021-02-25T17:00:00Z,147796,135244,74730,70427,12552,48461,48311,54678,34178
2021-02-25T18:00:00Z,144273,128604,73339,67730,15669,45408,45266,52951,33601
2021-02-25T19:00:00Z,135268,122637,68278,63644,12631,43629,43478,50714,31701
2021-02-25T20:00:00Z,127914,115908,65611,61277,12006,41651,41507,48221,30234
2021-02-25T21:00:00Z,124825,113683,64006,59673,11142,39292,39158,45797,28851
2021-02-25T22:00:00Z,106601,96550,55549,51575,10051,34465,34338,40502,25668
2021-02-25T23:00:00Z,101936,92329,55718,51643,9607,32230,32111,38298,24913
2021-02-26T00:00:00Z,100856,88635,56566,50341,12221,30485,30367,39163,26066
2021-02-26T01:00:00Z,98075,87081,51863,46344,10994,32499,32391,40603,25401
2021-02-26T02:00:00Z,120836,89488,52435,47795,31348,33393,33284,49833,22998
2021-02-26T03:00:00Z,105853,90034,53979,49426,15819,32302,32194,42004,23451
2021-02-26T04:00:00Z,90142,79404,49109,45168,10738,27211,27116,35182,21148
2021-02-26T05:00:00Z,100156,81625,50951,46546,18531,28359,28260,36647,21107
2021-02-26T06:00:00Z,110064,90310,55085,49668,19754,32202,32091,41567,23800
2021-02-26T07:00:00Z,113395,98385,56700,52193,15010,35900,35785,43309,24363
2021-02-26T08:00:00Z,118429,106857,59823,54792,11572,40175,40041,46741,27232
2021-02-26T09:00:00Z,131688,118517,65928,60684,13171,43553,43421,50833,30098
2021-02-26T10:00:00Z,125952,112608,61556,57221,13344,41244,41109,48482,28922
2021-02-26T11:00:00Z,120067,107505,59470,55084,12562,38160,38029,45293,26964
2021-02-26T12:00:00Z,123455,109840,63239,57873,13615,39449,39329,47685,29476
2021-02-26T13:00:00Z,129211,117047,63341,58652,12164,43980,43843,50771,30693
2021-02-26T14:00:00Z,144539,132329,74104,69145,12210,48097,47951,54442,33535
2021-02-26T15:00:00Z,145056,133158,73589,68543,11898,48325,48180,54968,33975
2021-02-26T16:00:00Z,138944,128053,70528,66660,10891,46868,46727,53459,33366
2021-02-26T17:00:00Z,137995,126954,71307,67070,11041,44113,43987,51123,31991
2021-02-26T18:00:00Z,129991,118300,68818,63373,11691,40415,40279,48338,30776
2021-02-26T19:00:00Z,122500,110616,64180,59579,11884,38743,38597,46053,28685
2021-02-26T20:00:00Z,113263,102334,60280,55874,10929,36496,36359,42892,27505
2021-02-26T21:00:00Z,110901,100205,58655,53871,10696,34349,34214,41602,26324
2021-02-26T22:00:00Z,100580,91027,53460,49400,9553,31040,30926,37615,24075
2021-02-26T23:00:00Z,92789,82518,51603,47586,10271,27415,27305,34157,22039
2021-02-27T00:00:00Z,90489,76745,51708,45553,13744,24843,24736,34649,22484
2021-02-27T01:00:00Z,82208,71294,46789,41234,10914,23590,23489,32244,20497
2021-02-27T02:00:00Z,79034,68243,44636,39909,10791,22432,22344,29046,17605
2021-02-27T03:00:00Z,75374,65904,43085,38513,9470,22367,22284,29275,17822
2021-02-27T04:00:00Z,69391,61446,40435,36633,7945,20644,20561,27158,16989
2021-02-27T05:00:00Z,69580,61334,40698,37042,8246,20018,19944,25976,15825
2021-02-27T06:00:00Z,73617,65827,43262,38599,7790,22257,22181,29856,18696
2021-02-27T07:00:00Z,72443,65720,40581,37231,6723,23186,23114,28788,17010
2021-02-27T08:00:00Z,76561,67645,40614,36593,8916,24633,24554,31702,18459
2021-02-27T09:00:00Z,77552,69780,42085,38166,7772,25570,25490,32118,19225
2021-02-27T10:00:00Z,80138,72471,43971,40249,7667,26472,26392,32783,20175
2021-02-27T11:00:00Z,81955,74726,45961,42468,7229,26401,26318,33017,20409
2021-02-27T12:00:00Z,88818,80230,50959,46359,8588,28394,28321,35564,22876
2021-02-27T13:00:00Z,93575,84012,51750,47451,9563,30542,30453,36681,22756
2021-02-27T14:00:00Z,98512,90293,55648,51778,8219,33428,33342,40092,25175
2021-02-27T15:00:00Z,104014,95249,58933,54612,8765,34339,34256,41234,26144
2021-02-27T16:00:00Z,101108,94198,57473,54631,6910,34266,34176,40960,25959
2021-02-27T17:00:00Z,102825,95607,59545,56436,7218,33422,33341,39232,24853
2021-02-27T18:00:00Z,99151,90858,57293,52890,8293,31917,31839,39154,25423
2021-02-27T19:00:00Z,94709,86905,52868,49328,7804,30756,30671,36881,23742
2021-02-27T20:00:00Z,88900,81729,50382,46954,7171,29245,29167,34973,22678
2021-02-27T21:00:00Z,83412,76387,48108,44565,7025,27315,27240,33008,21638
2021-02-27T22:00:00Z,82216,71216,45463,41799,11000,25103,25016,31635,20594
2021-02-27T23:00:00Z,75210,66411,44718,41368,8799,23104,23022,29620,19746
2021-02-28T00:00:00Z,77640,65965,46603,41024,11675,21585,21497,30887,21270
2021-02-28T01:00:00Z,73333,61211,42373,37274,12122,20640,20570,28300,19224
2021-02-28T02:00:00Z,66748,59604,39921,36354,7144,20505,20440,25818,16286
2021-02-28T03:00:00Z,67532,60743,40093,36549,6789,20835,20760,26477,16700
2021-02-28T04:00:00Z,65678,59702,39613,36618,5976,20440,20380,25679,16253
2021-02-28T05:00:00Z,72481,60802,40379,37193,11679,20784,20710,26001,16322
2021-02-28T06:00:00Z,70981,63600,42541,38218,7381,21427,21357,27823,17736
2021-02-28T07:00:00Z,69597,63232,38789,35698,6365,23210,23139,28682,17669
2021-02-28T08:00:00Z,72009,65838,40070,36814,6171,24311,24236,30527,18639
2021-02-28T09:00:00Z,79815,72180,43920,40454,7635,25974,25896,32512,19585
2021-02-28T10:00:00Z,82070,74677,45631,42364,7393,27372,27291,33395,20508
2021-02-28T11:00:00Z,84742,77501,47170,43789,7241,28053,27965,34256,20852
2021-02-28T12:00:00Z,92472,83521,52735,48171,8951,30044,29958,37847,23826
2021-02-28T13:00:00Z,94775,87231,53691,50060,7544,32515,32425,39014,24239
2021-02-28T14:00:00Z,103577,94984,58412,54456,8593,35067,34985,41884,26329
2021-02-28T15:00:00Z,106636,97102,60343,56246,9534,35922,35833,43529,27432
2021-02-28T16:00:00Z,105156,96516,57724,54686,8640,35025,34935,43412,26984
2021-02-28T17:00:00Z,107141,98597,60282,56816,8544,34701,34612,43066,26570
2021-02-28T18:00:00Z,106073,96204,61303,56405,9869,34016,33926,42678,27677
2021-02-28T19:00:00Z,102694,93673,59158,55212,9021,33156,33070,40098,25873
2021-02-28T20:00:00Z,100350,90928,57148,53492,9422,32614,32519,39489,25667
2021-02-28T21:00:00Z,96814,87313,55555,51632,9501,30488,30398,37324,24829
2021-02-28T22:00:00Z,88158,80663,51998,48851,7495,27948,27871,34475,23055
2021-02-28T23:00:00Z,83058,74370,49228,45979,8688,25381,25300,31670,21208
2021-03-01T00:00:00Z,97425,73985,52418,45827,23440,24979,24873,35832,23540
2021-03-01T01:00:00Z,92908,77680,49682,44109,15228,27888,27796,36116,22679
2021-03-01T02:00:00Z,95860,80073,49535,44392,15787,29821,29731,36459,21586
2021-03-01T03:00:00Z,101957,82819,52017,46623,19138,29468,29376,37233,22093
2021-03-01T04:00:00Z,96399,76098,48161,43417,20301,26926,26844,34901,21206
2021-03-01T05:00:00Z,139572,81333,50411,45600,58239,28439,28327,39136,21074
2021-03-01T06:00:00Z,136895,93948,56837,51240,42947,33790,33676,44030,24386
2021-03-01T07:00:00Z,137921,103390,59050,54551,34531,37547,37437,46491,24911
2021-03-01T08:00:00Z,149256,114467,60912,56113,34789,41914,41775,52195,28395
2021-03-01T09:00:00Z,150154,123748,64413,59569,26406,45090,44948,53201,29942
2021-03-01T10:00:00Z,140478,119844,62023,57614,20634,44790,44667,52326,30885
2021-03-01T11:00:00Z,140489,117497,64529,58642,22992,43132,43007,50328,29814
2021-03-01T12:00:00Z,145165,124604,69690,63633,20561,45782,45647,54471,33009
2021-03-01T13:00:00Z,161171,138709,76892,71113,22462,50066,49922,57382,34706
2021-03-01T14:00:00Z,163461,145430,79185,73890,18031,54209,54059,61920,37528
2021-03-01T15:00:00Z,166310,145797,78517,73041,20513,53614,53467,61462,37365
2021-03-01T16:00:00Z,165176,146695,78392,74034,18481,52199,52042,60131,37139
2021-03-01T17:00:00Z,157570,140485,77142,72659,17085,49323,49175,56576,35182
2021-03-01T18:00:00Z,152647,130532,73750,67220,22115,46187,46031,55119,34526
2021-03-01T19:00:00Z,145162,125860,70187,64575,19302,44394,44250,52940,32600
2021-03-01T22:00:00Z,163999,99970,56297,51679,64029,35882,35732,52810,27246
2021-03-01T23:00:00Z,122806,95978,56588,51886,26828,32598,32481,42187,25615
2021-03-02T02:00:00Z,105846,94936,55520,51125,10910,34626,34518,40994,23915
2021-03-02T03:00:00Z,105564,91022,53830,49004,14542,34210,34115,42082,24861
2021-03-02T04:00:00Z,103133,81684,48852,44377,21449,28803,28685,38285,22156
2021-03-02T05:00:00Z,115498,85790,50743,46197,29708,29981,29868,39818,21770
2021-03-02T06:00:00Z,130234,101272,58957,53158,28962,35233,35126,46204,25805
2021-03-02T07:00:00Z,130524,109107,60399,54629,21417,39496,39386,47697,26062
2021-03-02T08:00:00Z,136820,120628,62936,58306,16192,44913,44786,52442,29422
2021-03-02T09:00:00Z,148566,131453,67537,62369,17113,47645,47506,56661,32306
2021-03-02T10:00:00Z,142343,123930,66184,61244,18413,45230,45103,53726,31573
2021-03-02T11:00:00Z,136367,119868,64544,59539,16499,43395,43260,51173,30162
2021-03-02T12:00:00Z,141802,126907,71075,65104,14895,46072,45924,54710,33252
2021-03-02T13:00:00Z,150670,135362,74406,69658,15308,50367,50224,57350,34555
2021-03-02T14:00:00Z,157844,144582,78778,73547,13262,54060,53905,60815,37205
2021-03-02T15:00:00Z,161187,148335,78125,73158,12852,54338,54183,61122,37598
2021-03-02T16:00:00Z,153233,141149,74227,70195,12084,52205,52055,58692,36318
2021-03-02T17:00:00Z,150054,137829,75161,70556,12225,48679,48533,55202,33850
2021-03-02T18:00:00Z,146755,131371,74052,68188,15384,45993,45851,54127,34336
2021-03-02T19:00:00Z,140965,127218,70062,65552,13747,44494,44353,51952,32067
2021-03-02T20:00:00Z,134382,118658,65957,61085,15724,43237,43091,49746,31343
2021-03-02T21:00:00Z,129738,115563,64122,59106,14175,40737,40593,47288,30276
2021-03-02T22:00:00Z,115953,103632,58677,54304,12321,36750,36615,43572,27759
2021-03-02T23:00:00Z,108109,95003,55254,50647,13106,33066,32948,40109,25478
2021-03-03T00:00:00Z,107371,91731,56856,50794,15640,31764,31644,41299,26741
2021-03-03T01:00:00Z,105615,94699,55580,50146,10916,33476,33370,41542,25464
2021-03-03T02:00:00Z,143596,93472,54232,49768,50124,34645,34531,56666,23777
2021-03-03T03:00:00Z,164083,90206,52783,48249,73877,33530,33415,67425,23606
2021-03-03T04:00:00Z,156732,80529,49214,44934,76203,28998,28898,65748,21862
2021-03-03T05:00:00Z,154929,84344,49789,45794,70585,29959,29846,59973,21190
2021-03-03T06:00:00Z,116350,96623,56465,50998,19727,34809,34690,44038,24734
2021-03-03T07:00:00Z,121521,106305,58525,54029,15216,38979,38865,46825,26246
2021-03-03T08:00:00Z,127046,115631,62606,58060,11415,44189,44059,50435,29137
2021-03-03T09:00:00Z,137425,124746,67227,62575,12679,46689,46551,53033,30961
2021-03-03T10:00:00Z,135415,120805,65385,60691,14610,44640,44510,51329,30540
2021-03-03T11:00:00Z,130148,117219,64056,59610,12929,43211,43080,49557,29309
2021-03-03T12:00:00Z,134880,122930,69432,64076,11950,44957,44825,52583,32384
2021-03-03T13:00:00Z,148027,134952,74791,69872,13075,49565,49440,56209,33915
2021-03-03T14:00:00Z,157630,144773,77332,72320,12857,54639,54499,61123,37338
2021-03-03T15:00:00Z,158236,145708,77411,72212,12528,54263,54117,60951,37454
2021-03-03T16:00:00Z,153378,142389,74863,70699,10989,52263,52109,58579,36151
2021-03-03T17:00:00Z,151514,140465,74353,70190,11049,48604,48454,54726,33952
2021-03-03T18:00:00Z,143932,129669,74217,68355,14263,45883,45738,53511,34066
2021-03-03T19:00:00Z,138093,124461,70541,65410,13632,43962,43828,51323,32008
2021-03-03T20:00:00Z,134526,118254,67666,62155,16272,42386,42239,49831,31538
2021-03-03T21:00:00Z,128662,114372,66046,60558,14290,40278,40133,47309,30333
2021-03-03T22:00:00Z,116525,104177,60410,55540,12348,35936,35806,42552,27379
2021-03-03T23:00:00Z,105081,93555,55869,51460,11526,32245,32115,38964,25241
2021-03-04T00:00:00Z,108468,94982,60430,54215,13486,31461,31341,41033,27097
2021-03-04T01:00:00Z,106883,96081,58892,53626,10802,33342,33245,41817,26341
2021-03-04T02:00:00Z,105162,94717,56016,51653,10445,34488,34383,40895,24255
2021-03-04T03:00:00Z,101898,90242,53053,48669,11656,33050,32954,40870,24083
2021-03-04T04:00:00Z,93051,79366,48605,44650,13685,28633,28544,36173,22136
2021-03-04T05:00:00Z,106566,83993,50402,46184,22573,29735,29641,39190,21663
2021-03-04T06:00:00Z,121733,97164,56757,51319,24569,34462,34354,44872,25094
2021-03-04T07:00:00Z,126140,106370,60225,55312,19770,39469,39340,47818,26825
2021-03-04T08:00:00Z,132828,118497,63896,58858,14331,44388,44259,52025,29921
2021-03-04T09:00:00Z,138843,124791,67065,61545,14052,47125,46981,53947,31660
2021-03-04T10:00:00Z,138873,123772,67981,62912,15101,45620,45489,52871,31698
2021-03-04T11:00:00Z,133466,120287,67624,62868,13179,43949,43837,50949,30443
2021-03-04T12:00:00Z,138366,124958,70852,65305,13408,45515,45385,53974,32988
2021-03-04T13:00:00Z,149659,134750,75039,70307,14909,49786,49656,57020,34409
2021-03-04T14:00:00Z,159562,146576,79882,74898,12986,54450,54315,61185,37889
2021-03-04T15:00:00Z,164665,151954,81861,76740,12711,54091,53955,61972,39290
2021-03-04T16:00:00Z,153542,141957,76854,72554,11585,51555,51414,58216,36070
2021-03-04T17:00:00Z,150338,138821,77426,73016,11517,48481,48331,55645,34787
2021-03-04T18:00:00Z,141990,129323,73867,67866,12667,45102,44961,53007,33672
2021-03-04T19:00:00Z,137819,125598,70680,65866,12221,43304,43159,50792,31698
2021-03-04T20:00:00Z,131646,119361,68137,63393,12285,41591,41462,48862,31097
2021-03-04T21:00:00Z,126872,114603,65433,60425,12269,39660,39530,46324,29962
2021-03-04T22:00:00Z,116812,103718,60121,55465,13094,35667,35534,42527,27288
2021-03-04T23:00:00Z,109422,96738,59547,54709,12684,32225,32101,40167,25925
2021-03-05T00:00:00Z,109214,94384,60480,53966,14830,31012,30890,41692,27449
2021-03-05T01:00:00Z,103687,92133,56647,50574,11554,33019,32923,41275,25918
2021-03-05T02:00:00Z,103157,92807,56075,51345,10350,33539,33442,39958,23702
2021-03-05T03:00:00Z,103577,93531,55523,50923,10046,32042,31950,39657,23913
2021-03-05T04:00:00Z,95563,81957,49640,45275,13606,27134,27035,34579,21093
2021-03-05T05:00:00Z,104431,81615,50820,46119,22816,28277,28173,37435,21526
2021-03-05T06:00:00Z,115049,91729,54145,48867,23320,33459,33345,44200,24805
2021-03-05T07:00:00Z,122226,102794,59208,54055,19432,38020,37900,46426,26120
2021-03-05T08:00:00Z,125293,111785,62758,57136,13508,42359,42230,50116,29646
2021-03-05T09:00:00Z,133928,121334,66557,61642,12594,45280,45144,52971,31823
2021-03-05T10:00:00Z,131498,117776,66578,61765,13722,42996,42875,50297,30495
2021-03-05T11:00:00Z,126506,112415,63940,58920,14091,40611,40497,47556,28784
2021-03-05T12:00:00Z,128468,116194,65900,60423,12274,41684,41563,50342,30892
2021-03-05T13:00:00Z,143343,130589,72612,67899,12754,45494,45370,52989,32070
2021-03-05T14:00:00Z,146687,135641,74572,69942,11046,49687,49552,56262,34563
2021-03-05T15:00:00Z,151711,138297,76079,71058,13414,49603,49482,56346,35057
2021-03-05T16:00:00Z,146302,134198,72562,68758,12104,48076,47942,56231,34081
2021-03-05T17:00:00Z,140498,129227,73578,69483,11271,44387,44256,50947,31698
2021-03-05T18:00:00Z,130154,118575,67768,62525,11579,40730,40582,48985,30851
2021-03-05T19:00:00Z,121843,111055,62620,58106,10788,38748,38638,45400,28269
2021-03-05T20:00:00Z,115042,103391,58797,54154,11651,36419,36292,43220,27120
2021-03-05T21:00:00Z,111010,99961,57365,52570,11049,34727,34606,41609,26551
2021-03-05T22:00:00Z,100384,90629,52660,48369,9755,31516,31392,37545,23884
2021-03-05T23:00:00Z,89805,80351,49010,45233,9454,27746,27649,33227,21362
2021-03-06T00:00:00Z,88738,76394,49745,44317,12344,25201,25095,33391,22202
2021-03-06T01:00:00Z,82607,72869,46746,41453,9738,23764,23678,31222,20487
2021-03-06T02:00:00Z,76081,67689,43877,39775,8392,22724,22646,28925,17613
2021-03-06T03:00:00Z,75574,67806,44191,39869,7768,22499,22416,29075,17785
2021-03-06T04:00:00Z,72087,64789,41928,38170,7298,21126,21055,27556,16721
2021-03-06T05:00:00Z,72674,64713,41911,38193,7961,21132,21063,27232,16214
2021-03-06T06:00:00Z,77285,68536,45232,40291,8749,22882,22806,30320,18447
2021-03-06T07:00:00Z,76786,69687,44137,40519,7099,24277,24208,29907,17387
2021-03-06T08:00:00Z,80574,72101,45102,41143,8473,25844,25766,32515,19028
2021-03-06T09:00:00Z,84125,75664,47891,43763,8461,26724,26654,33782,20365
2021-03-06T10:00:00Z,86430,77746,48733,44775,8684,26700,26639,33528,20072
2021-03-06T11:00:00Z,89184,81088,50838,47165,8096,27575,27498,34305,20497
2021-03-06T12:00:00Z,91338,82540,52266,47784,8798,29132,29054,36648,22815
2021-03-06T13:00:00Z,97479,88985,54910,51018,8494,31746,31675,38205,23338
2021-03-06T14:00:00Z,103068,94302,59462,55386,8766,33945,33863,40343,25225
2021-03-06T15:00:00Z,103743,94931,57588,53784,8812,34526,34450,41582,26023
2021-03-06T16:00:00Z,104341,95945,56040,53009,8396,34548,34461,41574,25527
2021-03-06T17:00:00Z,105362,96393,58926,55596,8969,33526,33441,39982,25182
2021-03-06T18:00:00Z,100442,91440,57680,53102,9002,31970,31882,39091,24949
2021-03-06T19:00:00Z,93007,84015,52178,48555,8992,29959,29875,35831,23020
2021-03-06T20:00:00Z,88991,81154,51015,47475,7837,28597,28513,34172,22233
2021-03-06T21:00:00Z,84331,76461,47886,44172,7870,26750,26670,32305,20940
2021-03-06T22:00:00Z,79957,73345,45680,42490,6612,24931,24855,30092,19719
2021-03-06T23:00:00Z,73884,67620,44323,41324,6264,22884,22809,27808,18543
2021-03-07T00:00:00Z,76115,66145,45482,40488,9970,21716,21639,29396,20139
2021-03-07T01:00:00Z,72252,62978,42839,38507,9274,20371,20306,26983,17659
2021-03-07T02:00:00Z,70024,63506,41895,38661,6518,20979,20911,26216,16420
2021-03-07T03:00:00Z,70340,63937,41731,38287,6403,21190,21130,27173,16815
2021-03-07T04:00:00Z,69032,62837,40329,37195,6195,20288,20219,25574,16077
2021-03-07T05:00:00Z,85090,66050,42749,39342,19040,21046,20976,26809,16462
2021-03-07T06:00:00Z,75282,66898,45094,40595,8384,22355,22277,28626,17972
2021-03-07T07:00:00Z,78035,72085,45651,42463,5950,24068,23988,29228,17548
2021-03-07T08:00:00Z,80545,73576,45406,42031,6969,25676,25603,31573,19216
2021-03-07T09:00:00Z,88435,80239,48454,44789,8196,27346,27273,33952,20593
2021-03-07T10:00:00Z,93093,82676,51514,47546,10417,28563,28471,35597,21672
2021-03-07T11:00:00Z,97790,88008,55953,52018,9782,29058,28978,35825,21972
2021-03-07T12:00:00Z,101014,90387,57618,52694,10627,31332,31240,39376,24849
2021-03-07T13:00:00Z,105364,96587,60812,56574,8777,34047,33973,40682,25267
2021-03-07T14:00:00Z,112939,103598,65631,61466,9341,36896,36822,44106,27651
2021-03-07T15:00:00Z,109499,100672,62370,58347,8827,36876,36800,44096,27877
2021-03-07T16:00:00Z,107623,99377,60480,57347,8246,36251,36170,43005,27106
2021-03-07T17:00:00Z,108728,100008,62233,58728,8720,34820,34732,41641,26466
2021-03-07T18:00:00Z,105981,96002,61544,56663,9979,33675,33594,41434,27123
2021-03-07T19:00:00Z,103189,93526,58699,54468,9663,32527,32441,39645,25492
2021-03-07T20:00:00Z,100961,89910,57123,52947,11051,31612,31520,38377,25075
2021-03-07T21:00:00Z,96583,85864,54763,50724,10719,30400,30312,36781,24245
2021-03-07T22:00:00Z,90592,81523,51646,48193,9069,28222,28139,34235,22612
2021-03-07T23:00:00Z,87067,76761,49726,46246,10306,26209,26124,32333,21379
2021-03-08T00:00:00Z,96955,77922,51600,46469,19033,26207,26099,36020,23117
2021-03-08T01:00:00Z,94608,82001,50938,46033,12607,28056,27969,36643,22582
2021-03-08T02:00:00Z,98842,85803,52381,48016,13039,30543,30448,37527,21850
2021-03-08T03:00:00Z,98899,84198,52614,47945,14701,30109,30027,36966,22144
2021-03-08T04:00:00Z,92653,74045,46968,42932,18608,26219,26123,33619,20163
2021-03-08T05:00:00Z,124876,82198,50707,46018,42678,27892,27791,37693,20858
2021-03-08T06:00:00Z,133808,92717,55437,50315,41091,32879,32776,43954,24015
2021-03-08T07:00:00Z,139067,103505,57719,53561,35562,37390,37280,46798,25233
2021-03-08T08:00:00Z,145997,114238,61583,56628,31759,43054,42928,53894,29986
2021-03-08T09:00:00Z,153112,124314,68119,61326,28798,45210,45068,54459,31861
2021-03-08T10:00:00Z,144355,121001,67580,61738,23354,43306,43181,51749,30828
2021-03-08T11:00:00Z,144710,118881,69196,63381,25829,41979,41854,50860,30512
2021-03-08T12:00:00Z,137571,120387,70176,64142,17184,43883,43759,52926,32264
2021-03-08T13:00:00Z,155921,135126,77214,71845,20795,48646,48506,56607,34139
2021-03-08T14:00:00Z,158703,144482,81018,75771,14221,53546,53410,60997,38267
2021-03-08T15:00:00Z,161215,147365,81944,77006,13850,53652,53512,60819,37983
2021-03-08T16:00:00Z,172284,141804,78138,73266,30480,51491,51342,62547,36071
2021-03-08T17:00:00Z,169074,137843,74626,69987,31231,48601,48462,60784,34761
2021-03-08T18:00:00Z,158691,130117,73420,67136,28574,45296,45155,56427,34015
2021-03-08T19:00:00Z,159169,125042,70506,65087,34127,43525,43375,55399,32153
2021-03-08T20:00:00Z,153783,116011,65174,59863,37772,41487,41342,53638,30753
2021-03-08T21:00:00Z,157304,114390,66442,60943,42914,39816,39673,52916,30401
2021-03-08T22:00:00Z,151249,103289,60155,54632,47960,35835,35703,49519,27211
2021-03-08T23:00:00Z,152609,92649,54582,49789,59960,32176,32054,49076,25520
2021-03-09T00:00:00Z,154419,87335,54103,47991,67084,30968,30838,52157,26148
2021-03-09T01:00:00Z,180561,93054,56196,50256,87507,33252,33138,58022,26136
2021-03-09T02:00:00Z,187011,89118,52206,48174,97893,33326,33224,59143,23013
2021-03-09T05:00:00Z,169338,77823,47353,42982,91515,28522,28414,51942,21577
2021-03-09T06:00:00Z,123806,95814,55673,50438,27992,34463,34363,44876,25951
2021-03-09T07:00:00Z,170712,100361,56181,51767,70351,37775,37659,56677,25687
2021-03-10T19:00:00Z,214440,114560,64541,59554,99880,41886,41738,79275,31019
2021-03-10T20:00:00Z,209294,108503,62304,57414,100791,39748,39600,76950,29714
2021-03-10T21:00:00Z,204073,104639,60762,55664,99434,37720,37591,75207,28890
2021-03-10T22:00:00Z,198227,100869,58727,54209,97358,34701,34572,72126,26690
2021-03-10T23:00:00Z,184179,92781,56032,51537,91398,31425,31291,69446,25301
2021-03-11T00:00:00Z,177742,91806,58599,52120,85936,31211,31067,68034,26707
2021-03-11T01:00:00Z,180069,93529,57315,51587,86540,33129,33017,71521,26544
2021-03-11T02:00:00Z,173122,89646,54064,49603,83476,32816,32718,68832,23246
2021-03-11T03:00:00Z,175681,90336,53457,48966,85345,32325,32227,70012,23708
2021-03-11T04:00:00Z,156063,80271,49736,45409,75792,27728,27616,59450,21737
2021-03-11T05:00:00Z,153544,86190,52066,47089,67354,29218,29103,60098,22367
2021-03-11T06:00:00Z,162749,96974,58095,52244,65775,33980,33876,64618,25320
2021-03-11T07:00:00Z,160547,109029,62504,57201,51518,38685,38561,61515,26389
2021-03-11T08:00:00Z,140065,123185,68352,62963,16880,44454,44319,52155,29976
2021-03-11T09:00:00Z,147222,133794,73688,68577,13428,46753,46619,54396,32027
2021-03-11T10:00:00Z,149279,136215,78198,73777,13064,45043,44913,52555,31698
2021-03-11T11:00:00Z,138483,125979,71389,67122,12504,44026,43907,51218,30981
2021-03-11T12:00:00Z,142365,130634,75750,70642,11731,46082,45962,53561,33354
2021-03-11T13:00:00Z,153523,139544,79243,74392,13979,49797,49673,56731,34882
2021-03-11T14:00:00Z,171230,159064,84530,79815,12166,53880,53728,60517,37362
2021-03-11T15:00:00Z,163379,151595,84926,79917,11784,54169,54015,61055,38599
2021-03-11T16:00:00Z,163671,150799,85950,81438,12872,52121,51967,58717,36669
2021-03-11T17:00:00Z,155385,144122,82164,77780,11263,48958,48815,55948,35163
2021-03-11T18:00:00Z,143095,130923,74904,69414,12172,45470,45344,53063,33671
2021-03-11T19:00:00Z,141172,128749,72619,67819,12423,43622,43473,50799,32231
2021-03-11T20:00:00Z,134969,120688,69454,64388,14281,41729,41596,49371,31174
2021-03-11T21:00:00Z,130604,118123,67933,62809,12481,39531,39396,47587,29745
2021-03-11T22:00:00Z,121379,107419,63012,58301,13960,35408,35281,44705,27150
2021-03-11T23:00:00Z,116882,101602,59008,54193,15280,32079,31967,42389,25436
2021-03-12T00:00:00Z,108913,90257,57196,50938,18656,30631,30502,44212,26068
2021-03-12T01:00:00Z,115164,97987,59855,53899,17177,32875,32771,46875,26193
2021-03-12T02:00:00Z,116853,97972,58427,54127,18881,33041,32943,45847,23584
2021-03-12T03:00:00Z,102681,89037,53608,49469,13644,30757,30662,41739,22371
2021-03-12T04:00:00Z,94779,79966,50374,46653,14813,26556,26461,36867,20448
2021-03-12T05:00:00Z,103799,85085,52254,48199,18714,28772,28678,39497,21200
2021-03-12T06:00:00Z,118957,97441,58440,53558,21516,34346,34233,44945,24807
2021-03-12T07:00:00Z,125635,109028,62710,58219,16607,38815,38691,47197,26262
2021-03-12T08:00:00Z,139078,119230,66284,61810,19848,43288,43163,53980,29002
2021-03-12T09:00:00Z,149030,124719,66826,61616,24311,46575,46446,59059,32125
2021-03-12T10:00:00Z,146670,121272,67036,62054,25398,43610,43474,57119,30813
2021-03-12T11:00:00Z,139764,116793,65829,61107,22971,41485,41361,53221,29006
2021-03-12T12:00:00Z,143419,119277,68066,62473,24142,42856,42728,56827,31482
2021-03-12T13:00:00Z,154405,128723,74386,68779,25682,46168,46026,57792,32198
2021-03-12T14:00:00Z,161843,139477,76912,71660,22366,50697,50563,61899,35735
2021-03-12T15:00:00Z,158478,141561,78807,73292,16917,51250,51114,60393,36442
2021-03-12T16:00:00Z,148418,136839,76355,72103,11579,49448,49313,56174,35085
2021-03-12T17:00:00Z,142226,130719,72688,68245,11507,45775,45616,52757,32785
2021-03-12T18:00:00Z,86668,80998,43246,40809,5670,34599,34484,38824,22716
2021-03-12T19:00:00Z,127169,113958,65009,59622,13211,39860,39727,47574,30240
2021-03-12T20:00:00Z,121307,109159,63613,58906,12148,37489,37365,44377,28007
2021-03-12T21:00:00Z,128695,100124,58303,53314,28571,34915,34787,48529,26771
2021-03-12T22:00:00Z,114678,92777,54419,50054,21901,31398,31262,43068,24455
2021-03-12T23:00:00Z,93726,80484,48694,44518,13242,27764,27630,35856,22417
2021-03-13T00:00:00Z,89803,75575,48912,42996,14228,25478,25364,35579,23018
2021-03-13T01:00:00Z,79616,68218,44205,38743,11398,24036,23935,33025,20930
2021-03-13T02:00:00Z,78090,65037,41521,37443,13053,22774,22690,31180,17936
2021-03-13T03:00:00Z,75845,63410,40678,36374,12435,22527,22453,31187,18166
2021-03-13T04:00:00Z,72328,61469,38766,35122,10859,21621,21541,29528,17360
2021-03-13T05:00:00Z,71466,61818,39392,35548,9648,22218,22135,29069,17334
2021-03-13T06:00:00Z,73946,65225,41780,37005,8721,23308,23221,30809,18665
2021-03-13T07:00:00Z,77214,69817,43387,39644,7397,24664,24586,30768,18049
2021-03-13T08:00:00Z,80544,72610,44000,40323,7934,26347,26279,32873,19312
2021-03-13T09:00:00Z,85788,76879,47330,42872,8909,27160,27076,34434,20452
2021-03-13T10:00:00Z,85430,77342,46912,43096,8088,27257,27189,34146,20418
2021-03-13T11:00:00Z,86556,78761,48681,44879,7795,28564,28472,35583,22098
2021-03-13T12:00:00Z,90332,81930,50167,45844,8402,29809,29735,37635,23427
2021-03-13T13:00:00Z,99758,89966,55123,50998,9792,33082,32996,40276,24695
2021-03-13T14:00:00Z,107446,98351,59764,55677,9095,35879,35798,43323,26659
2021-03-13T15:00:00Z,111168,101952,61056,56908,9216,35793,35700,43175,26638
2021-03-13T16:00:00Z,109913,101380,61355,58196,8533,35812,35725,42689,26700
2021-03-13T17:00:00Z,107282,99014,60990,57620,8268,34742,34653,41424,26018
2021-03-13T18:00:00Z,107970,99185,59889,55492,8785,33778,33691,41411,26802
2021-03-13T19:00:00Z,104488,96827,54939,51457,7661,31313,31236,38334,24203
2021-03-13T20:00:00Z,100798,92848,53295,49801,7950,29549,29460,36217,23077
2021-03-13T21:00:00Z,91593,83738,50849,47454,7855,27792,27716,33909,22042
2021-03-13T22:00:00Z,82452,75201,46960,43937,7251,25186,25105,30994,19837
2021-03-13T23:00:00Z,77338,70414,44938,41749,6924,23282,23209,29260,19209
2021-03-14T00:00:00Z,75536,66370,45190,40184,9166,21886,21807,30053,20326
2021-03-14T01:00:00Z,72686,63420,43110,38943,9266,20567,20496,27663,17949
2021-03-14T02:00:00Z,72097,65955,44599,41557,6142,21096,21026,26713,16449
2021-03-14T03:00:00Z,71458,64992,43085,39670,6466,21526,21457,27613,17074
2021-03-14T04:00:00Z,66278,59869,38750,35635,6409,20828,20760,26604,16696
2021-03-14T05:00:00Z,72863,60461,39632,36234,12402,20904,20836,26678,16448
2021-03-14T06:00:00Z,74454,66647,44401,40147,7807,23028,22954,30190,18821
2021-03-14T07:00:00Z,76397,70164,44906,41699,6233,24532,24466,29914,18050
2021-03-14T08:00:00Z,79309,72741,45397,42096,6568,25782,25709,31416,19051
2021-03-14T09:00:00Z,83649,76406,49449,46160,7243,26049,25982,32179,19465
2021-03-14T10:00:00Z,90077,82608,52565,49025,7469,28473,28389,34829,21228
2021-03-14T11:00:00Z,95326,87444,55316,51523,7882,29667,29581,36557,22223
2021-03-14T12:00:00Z,100435,91194,57803,53470,9241,32194,32101,40057,24959
2021-03-14T13:00:00Z,108313,100071,63044,59132,8242,35599,35521,42557,26141
2021-03-14T14:00:00Z,117152,108321,68103,64047,8831,38463,38377,45859,28274
2021-03-14T15:00:00Z,118923,110534,69380,65556,8389,38812,38736,46554,29157
2021-03-14T16:00:00Z,115216,106895,66700,63780,8321,37129,37047,44559,27922
2021-03-14T17:00:00Z,111289,103317,64551,61386,7972,35838,35763,43090,27299
2021-03-14T18:00:00Z,109234,99878,62470,58003,9356,35489,35402,43410,28168
2021-03-14T19:00:00Z,104235,95025,58377,54600,9210,33866,33785,41396,26148
2021-03-14T20:00:00Z,100764,92052,57967,54355,8712,32536,32448,39398,25412
2021-03-14T21:00:00Z,96665,88446,54775,51273,8219,30737,30658,37571,24234
2021-03-14T22:00:00Z,88363,81533,51261,48165,6830,28295,28208,34287,22366
2021-03-14T23:00:00Z,86490,78229,50425,47239,8261,26393,26315,33009,21337
2021-03-15T00:00:00Z,95651,79745,53677,48666,15906,26583,26495,36194,23303
2021-03-15T01:00:00Z,96116,83621,52634,48255,12495,29514,29421,37313,22574
2021-03-15T02:00:00Z,98095,87702,52886,49401,10393,31614,31514,38144,21999
2021-03-15T03:00:00Z,95281,84258,51265,47337,11023,30602,30519,37375,22006
2021-03-15T04:00:00Z,93376,77096,47114,43697,16280,26486,26392,34196,19773
2021-03-15T05:00:00Z,120494,80748,49445,44997,39746,28215,28115,37688,20126
2021-03-15T06:00:00Z,129334,92217,53728,48983,37117,33750,33636,44252,23895
2021-03-15T07:00:00Z,133421,101875,55607,51806,31546,38548,38425,47422,25659
2021-03-15T08:00:00Z,146426,121002,65082,61042,25424,44011,43873,52908,29126
2021-03-15T09:00:00Z,151791,127476,68464,63303,24315,47143,47018,55092,31368
2021-03-15T10:00:00Z,142324,124834,67704,62976,17490,45269,45144,52347,30671
2021-03-15T11:00:00Z,142412,123455,68422,63730,18957,44818,44696,51916,30469
2021-03-15T12:00:00Z,149704,132882,74131,68704,16822,48324,48203,56955,34216
2021-03-15T13:00:00Z,164592,148021,80051,75228,16571,53406,53265,60857,36213
2021-03-15T14:00:00Z,168567,156602,84897,80203,11965,57573,57426,64246,39591
2021-03-15T15:00:00Z,171560,159639,87165,82580,11921,57375,57246,64487,40203
2021-03-15T16:00:00Z,162332,149284,80463,75920,13048,54289,54148,61124,37682
2021-03-15T17:00:00Z,158872,143947,80020,75074,14925,50418,50272,57738,35770
2021-03-15T18:00:00Z,151507,137010,76531,70755,14497,47226,47082,56446,35249
2021-03-15T19:00:00Z,148893,132902,75577,70227,15991,45733,45595,53990,34010
2021-03-15T20:00:00Z,136059,123769,67168,64617,12290,43869,43744,49982,30833
2021-03-15T21:00:00Z,129998,116172,65420,61239,13826,40577,40458,48344,30208
2021-03-15T22:00:00Z,121466,107365,61553,56498,14101,36282,36150,43816,28082
2021-03-15T23:00:00Z,108359,96073,57679,52994,12286,32529,32412,39533,25733
2021-03-16T00:00:00Z,107143,92888,57730,51598,14255,32467,32346,42176,27598
2021-03-16T01:00:00Z,102307,91685,55345,49593,10622,33945,33842,41818,26217
2021-03-16T02:00:00Z,105496,95322,55700,51352,10174,34940,34840,41172,23922
2021-03-16T03:00:00Z,100711,89694,53559,49104,11017,32654,32556,39763,23389
2021-03-16T04:00:00Z,94894,79833,49697,45872,15061,27699,27607,34909,20505
2021-03-16T05:00:00Z,110878,84604,51021,46532,26274,29607,29499,38545,21498
2021-03-16T06:00:00Z,127858,98926,57979,52545,28932,34379,34268,44414,24454
2021-03-16T07:00:00Z,129485,107749,61513,56937,21736,38813,38694,46913,25818
2021-03-16T08:00:00Z,135672,120736,66289,61616,14936,44730,44609,51737,29428
2021-03-16T09:00:00Z,145170,131052,70669,65748,14118,47801,47677,54748,32116
2021-03-16T10:00:00Z,140431,125264,68608,63923,15167,46222,46082,53146,31491
2021-03-16T11:00:00Z,140448,126054,69975,65521,14394,45377,45251,52451,31095
2021-03-16T12:00:00Z,146183,133931,74132,68908,12252,49417,49289,57214,34755
2021-03-16T13:00:00Z,160114,144772,78057,72976,15342,53930,53789,60586,36570
2021-03-16T14:00:00Z,169551,154517,84856,79312,15034,57517,57364,64310,39973
2021-03-16T15:00:00Z,166783,153414,82997,77629,13369,56994,56844,63673,39642
2021-03-16T16:00:00Z,161004,147790,78974,74396,13214,54462,54303,60982,37641
2021-03-16T17:00:00Z,155883,143572,78508,74089,12311,51222,51084,58216,35918
2021-03-16T18:00:00Z,150691,137466,78489,72695,13225,48467,48333,56738,35806
2021-03-16T19:00:00Z,141063,127939,72494,67716,13124,45600,45457,53275,33265
2021-03-16T20:00:00Z,139108,124081,71698,66497,15027,43734,43592,51142,31976
2021-03-16T21:00:00Z,129665,116907,68084,63040,12758,40419,40280,47835,30347
2021-03-16T22:00:00Z,117499,106539,64183,59399,10960,35925,35785,43121,27772
2021-03-16T23:00:00Z,107173,95371,58411,53619,11802,32248,32129,39172,25394
2021-03-17T00:00:00Z,104781,92148,58279,52477,12633,31582,31465,40733,26497
2021-03-17T01:00:00Z,104585,93890,56980,52102,10695,32981,32888,40621,25085
2021-03-17T02:00:00Z,101331,91957,55406,51294,9374,33617,33520,40301,23697
2021-03-17T03:00:00Z,101235,90808,54926,50570,10427,32909,32822,41060,24305
2021-03-17T04:00:00Z,92344,79901,49830,45995,12443,27470,27381,34772,20945
2021-03-17T05:00:00Z,107959,84949,52186,47789,23010,28521,28418,37229,20977
2021-03-17T06:00:00Z,114994,94114,55311,50485,20880,33931,33820,43536,24222
2021-03-17T07:00:00Z,123670,103461,57173,52871,20209,38264,38133,46421,25319
2021-03-17T08:00:00Z,134801,120839,66687,62065,13962,43893,43768,50632,28898
2021-03-17T09:00:00Z,140232,127033,67621,62819,13199,46919,46781,53968,31348
2021-03-17T10:00:00Z,140294,126914,68991,64283,13380,45876,45742,53001,31631
2021-03-17T11:00:00Z,137206,123746,68060,63385,13460,45031,44912,51928,31147
2021-03-17T12:00:00Z,142566,129655,73280,67675,12911,47911,47768,56064,34111
2021-03-17T13:00:00Z,163378,147873,83110,77756,15505,53060,52914,60278,36400
2021-03-17T14:00:00Z,170916,156885,86907,81301,14031,58062,57902,65289,40404
2021-03-17T15:00:00Z,160438,146878,81869,76371,13560,54846,54693,61854,38582
2021-03-17T16:00:00Z,154846,141594,79047,74350,13252,52280,52126,59159,36771
2021-03-17T17:00:00Z,118009,108283,62012,58304,9726,42949,42811,48699,30108
2021-03-17T18:00:00Z,146652,132500,77525,71375,14152,47493,47339,57026,36478
2021-03-17T19:00:00Z,142323,129706,75140,69979,12617,44766,44629,53811,33737
2021-03-17T20:00:00Z,143229,130290,75738,70676,12939,43165,43026,52791,33704
2021-03-17T21:00:00Z,133884,120135,70566,65287,13749,39965,39818,50083,31672
2021-03-17T22:00:00Z,122046,110082,65487,60867,11964,35175,35048,44885,28561
2021-03-17T23:00:00Z,107302,96243,60329,55968,11059,31883,31762,41497,26870
2021-03-18T00:00:00Z,109373,96267,64115,58130,13106,31102,30988,42775,28212
2021-03-18T01:00:00Z,110848,97791,62571,57248,13057,32106,32016,41408,25442
2021-03-18T02:00:00Z,108085,98275,61486,57395,9810,33227,33127,40488,23510
2021-03-18T03:00:00Z,103554,93007,59072,54639,10547,31796,31697,39120,23437
2021-03-18T04:00:00Z,94748,82046,53009,49150,12702,27366,27279,34699,20934
2021-03-18T05:00:00Z,105864,84559,51804,47488,21305,28536,28428,37454,20694
2021-03-18T06:00:00Z,121155,98316,59933,54791,22839,33545,33438,43478,24219
2021-03-18T07:00:00Z,126316,107011,60742,56313,19305,38179,38074,45995,25097
2021-03-18T08:00:00Z,135063,121681,67836,63171,13382,43920,43788,50725,29211
2021-03-18T09:00:00Z,143350,130451,71150,66341,12899,47476,47339,54264,31888
2021-03-18T10:00:00Z,149936,136431,73163,68494,13505,45459,45337,55880,31197
2021-03-18T11:00:00Z,151296,138492,72134,67450,12804,44750,44624,62783,30869
2021-03-18T12:00:00Z,154438,142478,77622,72113,11960,48904,48776,63149,35039
2021-03-18T13:00:00Z,163387,150657,84275,79279,12730,53401,53267,60566,36378
2021-03-18T14:00:00Z,166816,154418,84878,79787,12398,57357,57206,63807,39454
2021-03-18T15:00:00Z,172806,159306,88134,82804,13500,57212,57067,63866,40106
2021-03-18T16:00:00Z,161787,149142,81505,77459,12645,53696,53540,60128,37521
2021-03-18T17:00:00Z,154145,142297,80781,76316,11848,49551,49424,55803,35299
2021-03-18T18:00:00Z,148049,134353,78364,72685,13696,46842,46708,54617,35100
2021-03-18T19:00:00Z,154501,128775,74071,69212,25726,43815,43673,56799,32515
2021-03-18T20:00:00Z,186791,115871,68558,63653,70920,40888,40745,61446,30311
2021-03-18T21:00:00Z,165824,114555,67282,62746,51269,39449,39325,55986,29822
2021-03-18T22:00:00Z,164247,104451,62398,58320,59796,35069,34943,52270,26462
2021-03-18T23:00:00Z,151322,94478,57992,53856,56844,31896,31787,48624,25098
2021-03-19T00:00:00Z,148881,91030,58383,52385,57851,30480,30374,49516,26331
2021-03-19T01:00:00Z,163360,88318,56290,50938,75042,31218,31119,53841,25150
2021-03-19T02:00:00Z,165265,92640,57065,52996,72625,32865,32768,53146,23457
2021-03-19T03:00:00Z,153421,89132,55626,51112,64289,31649,31547,50756,23108
2021-03-19T04:00:00Z,127910,75753,48784,45105,52157,26348,26252,44029,20137
2021-03-19T05:00:00Z,99349,78735,49223,45400,20614,27180,27080,36174,19492
2021-03-19T06:00:00Z,111459,91257,55046,50275,20202,32962,32856,42269,23880
2021-03-19T07:00:00Z,120652,98620,56569,52325,22032,36504,36398,45593,25019
2021-03-19T08:00:00Z,159684,112276,62986,58551,47408,41785,41673,59919,29258
2021-03-19T09:00:00Z,167835,122687,68120,63371,45148,45188,45060,64086,32778
2021-03-19T10:00:00Z,170531,120987,68831,64358,49544,43007,42887,63101,31339
2021-03-19T11:00:00Z,169682,118069,68803,64296,51613,40897,40771,62134,30282
2021-03-19T12:00:00Z,166041,123608,72738,67527,42433,43421,43279,66561,33492
2021-03-19T13:00:00Z,170081,134399,75939,71269,35682,48331,48190,67550,35141
2021-03-19T14:00:00Z,181059,148558,82763,78172,32501,52385,52235,70738,37770
2021-03-19T15:00:00Z,171147,145733,81311,76673,25414,52644,52496,66625,38632
2021-03-19T16:00:00Z,153593,138013,76591,72520,15580,49513,49359,58764,36521
2021-03-19T17:00:00Z,142483,130735,73703,69102,11748,45625,45483,54671,34941
2021-03-19T18:00:00Z,138601,124364,72516,66288,14237,42967,42824,53613,34674
2021-03-19T19:00:00Z,128864,114921,66917,61724,13943,39131,38996,49174,31038
2021-03-19T20:00:00Z,141000,109962,65604,60764,31038,37201,37061,50393,29416
2021-03-19T21:00:00Z,135447,103031,61241,56384,32416,34020,33889,50012,27218
2021-03-19T22:00:00Z,171313,90712,54744,50459,80601,29647,29522,67603,23454
2021-03-19T23:00:00Z,155130,80500,50582,46080,74630,26568,26463,62849,21744
2021-03-20T00:00:00Z,132204,75582,49779,43690,56622,24683,24571,55024,22668
2021-03-20T01:00:00Z,136737,68588,45585,40180,68149,22898,22802,59035,20688
2021-03-20T02:00:00Z,135188,68441,45048,41132,66747,22364,22269,56937,17684
2021-03-20T03:00:00Z,134968,69922,46279,42074,65046,22635,22563,56754,17990
2021-03-20T04:00:00Z,139698,67306,43723,40256,72392,21055,20982,58678,17184
2021-03-20T05:00:00Z,96000,65474,42551,38772,30526,21010,20920,36947,16635
2021-03-20T06:00:00Z,78570,69295,44767,40051,9275,23255,23175,31568,19109
2021-03-20T07:00:00Z,76017,68061,41415,37920,7956,24221,24144,30995,17614
2021-03-20T08:00:00Z,81619,73247,44469,40561,8372,26317,26239,33494,19753
2021-03-20T09:00:00Z,85575,75676,46455,42015,9899,27285,27207,34912,20737
2021-03-20T10:00:00Z,85426,76829,46791,42561,8597,28327,28247,35398,21510
2021-03-20T11:00:00Z,90019,80952,49505,45335,9067,28818,28742,35985,21713
2021-03-20T12:00:00Z,99219,89626,55828,50900,9593,30792,30706,39756,24235
2021-03-20T13:00:00Z,102488,93615,57843,53824,8873,33347,33269,40421,24381
2021-03-20T14:00:00Z,115280,105549,64938,60816,9731,36871,36793,44457,27094
2021-03-20T15:00:00Z,114268,103645,62765,58404,10623,36957,36871,44898,27676
2021-03-20T16:00:00Z,112770,103856,62274,58794,8914,36006,35922,43179,27076
2021-03-20T17:00:00Z,110710,102104,62965,59375,8606,35126,35053,42028,26666
2021-03-20T18:00:00Z,105886,96190,60538,55710,9696,33813,33731,41682,27028
2021-03-20T19:00:00Z,100356,90733,57190,53112,9623,30947,30855,37760,24372
2021-03-20T20:00:00Z,94151,84418,55096,50892,9733,28861,28775,35621,23247
2021-03-20T21:00:00Z,88621,78985,51607,47352,9636,26694,26607,33577,22027
2021-03-20T22:00:00Z,81515,72560,47185,43485,8955,24371,24298,30856,20212
2021-03-20T23:00:00Z,73595,65804,43272,39843,7791,22534,22462,28851,18833
2021-03-21T00:00:00Z,73849,63770,43919,38831,10079,21457,21373,30245,20257
2021-03-21T01:00:00Z,72025,62073,41082,36677,9952,20633,20565,28316,18559
2021-03-21T02:00:00Z,72358,65154,43248,40280,7204,21167,21102,27012,16614
2021-03-21T03:00:00Z,71883,64430,43060,39539,7453,20895,20824,27008,16930
2021-03-21T04:00:00Z,71719,65203,42791,40020,6516,20148,20079,26316,16093
2021-03-21T05:00:00Z,74802,63767,42367,39239,11035,20695,20634,26648,16230
2021-03-21T06:00:00Z,74587,66133,43845,39679,8454,22293,22231,29363,17873
2021-03-21T07:00:00Z,76703,69399,43208,40037,7304,23951,23879,30051,17609
2021-03-21T08:00:00Z,80630,71586,43983,40537,9044,25903,25820,32591,19249
2021-03-21T09:00:00Z,85017,76360,45772,42143,8657,27816,27741,34987,20913
2021-03-21T10:00:00Z,91385,83077,51938,48587,8308,28870,28789,39403,24813
2021-03-21T11:00:00Z,96291,87037,53405,49775,9254,30602,30519,39843,24681
2021-03-21T12:00:00Z,107654,97676,61339,56809,9978,33370,33285,45108,29430
2021-03-21T13:00:00Z,112940,103261,63834,59905,9679,36904,36813,45826,28400
2021-03-21T14:00:00Z,121155,109631,69098,64972,11524,39375,39284,48541,30439
2021-03-21T15:00:00Z,120100,110476,69583,65300,9624,40151,40076,49553,32059
2021-03-21T16:00:00Z,116069,108105,66691,63565,7964,38068,37990,47171,30507
2021-03-21T17:00:00Z,113009,104808,65753,62474,8201,36506,36421,45236,29591
2021-03-21T18:00:00Z,108919,99592,63563,58809,9327,35165,35084,44597,29445
2021-03-21T19:00:00Z,103953,94279,59250,54998,9674,33548,33450,41438,26771
2021-03-21T20:00:00Z,103561,94314,60784,56849,9247,32110,32026,41872,28291
2021-03-21T21:00:00Z,97355,87415,57050,52836,9940,30306,30224,39285,26732
2021-03-21T22:00:00Z,88047,79981,52002,48590,8066,27613,27527,35042,23385
2021-03-21T23:00:00Z,81496,73448,49000,45608,8048,25399,25320,32878,22318
2021-03-22T00:00:00Z,90772,76680,52631,47013,14092,26223,26132,37045,24817
2021-03-22T01:00:00Z,91704,80418,51024,46273,11286,28690,28606,38026,24357
2021-03-22T02:00:00Z,95866,85888,53151,49594,9978,31271,31174,39726,24164
2021-03-22T03:00:00Z,95576,85049,51244,47357,10527,30041,29966,38726,23335
2021-03-22T04:00:00Z,90549,74293,47767,43824,16256,25306,25222,34058,20499
2021-03-22T05:00:00Z,120290,84306,49583,45321,35984,27510,27408,37703,20446
2021-03-22T06:00:00Z,123296,89867,51090,46205,33429,33188,33075,43744,23333
2021-03-22T07:00:00Z,131522,102363,57074,52996,29159,38813,38701,47549,25588
2021-03-22T08:00:00Z,143101,119794,63856,59963,23307,44236,44109,53984,30360
2021-03-22T09:00:00Z,159051,132151,73065,66992,26900,47434,47287,59555,34955
2021-03-22T10:00:00Z,149435,130236,73152,67607,19199,46109,45968,56015,34177
2021-03-22T11:00:00Z,148037,129901,73811,68583,18136,45716,45579,55724,34168
2021-03-22T12:00:00Z,142529,128651,71879,66355,13878,48155,48025,57920,35946
2021-03-22T13:00:00Z,165565,148984,82231,77288,16581,54378,54249,62964,38345
2021-03-22T14:00:00Z,172266,157563,85333,79944,14703,58506,58362,67330,42237
2021-03-22T15:00:00Z,172224,157305,84429,79135,14919,58344,58193,67364,42448
2021-03-22T16:00:00Z,163910,148785,79295,74742,15125,55170,55019,64220,40121
2021-03-22T17:00:00Z,165110,143947,80530,75643,21163,50625,50474,64782,41205
2021-03-22T18:00:00Z,158667,143774,84943,78768,14893,48190,48046,65732,45354
2021-03-22T19:00:00Z,148828,133381,75781,70601,15447,45730,45573,56242,36407
2021-03-22T20:00:00Z,143505,125084,71302,65875,18421,44489,44349,51924,32718
2021-03-22T21:00:00Z,133513,116582,67779,62127,16931,41003,40876,48704,30758
2021-03-22T22:00:00Z,119409,105084,62542,57651,14325,36094,35960,43747,27721
2021-03-22T23:00:00Z,127147,92608,56191,51275,34539,32069,31947,43591,25545
2021-03-23T00:00:00Z,118805,89791,57431,51163,29014,31793,31668,43706,26708
2021-03-23T01:00:00Z,97379,85301,51143,45948,12078,32206,32097,39981,24306
2021-03-23T02:00:00Z,107759,95812,57125,52722,11947,34657,34557,41653,24207
2021-03-23T03:00:00Z,99863,87997,53332,48232,11866,32420,32330,39340,23272
2021-03-23T04:00:00Z,92528,79075,49816,45341,13453,27272,27175,34565,20834
2021-03-23T05:00:00Z,107889,86056,51752,47971,21833,29262,29150,38424,20742
2021-03-23T06:00:00Z,120135,94572,55070,50039,25563,34455,34335,44430,24160
2021-03-23T07:00:00Z,126040,104571,58069,53846,21469,38620,38504,46666,25068
2021-03-23T08:00:00Z,137328,122699,65994,61529,14629,45039,44912,51441,28960
2021-03-23T09:00:00Z,148071,133365,73444,68937,14706,48202,48059,54738,31556
2021-03-23T10:00:00Z,148371,131058,74096,69017,17313,46331,46180,53685,31515
2021-03-23T11:00:00Z,144351,127291,72175,67098,17060,45679,45551,52943,31370
2021-03-23T12:00:00Z,152073,133431,75220,69313,18642,48849,48711,57879,35120
2021-03-23T13:00:00Z,164118,146431,79928,74953,17687,54542,54401,61910,37151
2021-03-23T14:00:00Z,175477,156893,85827,80360,18584,58632,58475,66303,40345
2021-03-23T15:00:00Z,168800,154537,84300,78978,14263,58578,58429,65651,40772
2021-03-23T16:00:00Z,164129,151165,81499,76958,12964,55383,55234,61677,38319
2021-03-23T17:00:00Z,156950,144688,78746,74221,12262,51351,51208,58353,36348
2021-03-23T18:00:00Z,154278,140562,78665,73106,13716,48109,47949,55764,35243
2021-03-23T19:00:00Z,145159,131290,75101,70187,13869,45239,45086,52363,33013
2021-03-23T20:00:00Z,140826,127197,73873,68745,13629,44293,44151,50870,32661
2021-03-23T21:00:00Z,133111,119109,69956,64638,14002,41026,40895,48148,31011
2021-03-23T22:00:00Z,115264,104747,60858,56506,10517,36339,36206,43011,27196
2021-03-23T23:00:00Z,104288,93793,56170,51850,10495,32629,32513,39179,24992
2021-03-24T00:00:00Z,104776,91737,56204,50349,13039,31959,31841,41685,26614
2021-03-24T01:00:00Z,102105,92302,55187,50040,9803,33619,33509,41778,25742
2021-03-24T02:00:00Z,103383,94753,55593,51595,8630,34606,34504,41132,23841
2021-03-24T03:00:00Z,105473,95634,58282,53609,9839,32934,32831,40377,23900
2021-03-24T04:00:00Z,93287,81785,51792,47798,11502,27418,27323,35134,21199
2021-03-24T05:00:00Z,100671,83610,51115,46590,17061,29144,29050,38122,21684
2021-03-24T06:00:00Z,113319,95386,57252,51976,17933,34331,34222,44126,24933
2021-03-24T07:00:00Z,119685,104924,58872,54420,14761,39129,39016,46882,25944
2021-03-24T08:00:00Z,131173,119333,64466,60040,11840,45241,45120,52233,30004
2021-03-24T09:00:00Z,141669,130311,69955,65283,11358,48181,48040,54596,31789
2021-03-24T10:00:00Z,142850,131315,68825,64487,11535,46292,46153,52398,31577
2021-03-24T11:00:00Z,139445,127209,69372,64996,12236,45751,45620,53208,31304
2021-03-24T12:00:00Z,144948,130585,72893,66967,14363,49404,49274,57741,35333
2021-03-24T13:00:00Z,163947,148560,82361,77437,15387,54632,54501,61791,37619
2021-03-24T14:00:00Z,171033,157005,84000,78990,14028,58550,58397,65954,40455
2021-03-24T15:00:00Z,168440,156366,84037,79312,12074,58023,57876,65219,40344
2021-03-24T16:00:00Z,159985,147712,77780,73540,12273,55223,55069,61840,38470
2021-03-24T17:00:00Z,152990,140360,76527,72170,12630,51079,50927,57513,35816
2021-03-24T18:00:00Z,159337,133379,73459,67784,25958,47382,47234,61626,35072
2021-03-24T19:00:00Z,164148,125772,68818,64075,38376,44388,44240,64376,32438
2021-03-24T20:00:00Z,136557,123756,68248,63367,12801,43638,43513,50340,32255
2021-03-24T21:00:00Z,127226,114394,64416,59148,12832,40557,40434,47798,31118
2021-03-24T22:00:00Z,114695,103534,59199,54303,11161,36018,35904,42993,27855
2021-03-24T23:00:00Z,104348,92712,54772,50037,11636,32183,32068,39042,25358
2021-03-25T00:00:00Z,107448,94415,59269,52997,13033,31649,31527,41429,27025
2021-03-25T01:00:00Z,110403,99281,62230,56879,11122,33642,33528,41598,26224
2021-03-25T02:00:00Z,107789,98135,58500,54122,9654,35519,35423,42541,25892
2021-03-25T03:00:00Z,101068,90825,53103,48691,10243,33028,32920,40107,23906
2021-03-25T04:00:00Z,93896,81532,48885,44909,12364,28471,28369,35916,22190
2021-03-25T05:00:00Z,102633,84958,49819,45847,17675,29203,29099,37816,21614
2021-03-25T06:00:00Z,114723,94768,53644,48381,19955,34367,34261,44345,25038
2021-03-25T07:00:00Z,126561,108830,59416,55148,17731,40178,40076,48846,27518
2021-03-25T08:00:00Z,137273,124741,66051,61368,12532,45699,45570,52878,30843
2021-03-25T09:00:00Z,145062,133373,71241,66619,11689,47601,47479,54450,32128
2021-03-25T10:00:00Z,140400,127706,70499,65731,12694,46164,46043,53117,32156
2021-03-25T11:00:00Z,135796,123391,67769,62972,12405,44968,44831,51885,31014
2021-03-25T12:00:00Z,143428,130915,71114,65961,12513,48083,47942,55388,33714
2021-03-25T13:00:00Z,162032,148607,82186,76592,13425,53462,53320,61381,37866
2021-03-25T14:00:00Z,168679,156335,84557,79324,12344,57761,57615,64545,39954
2021-03-25T15:00:00Z,164123,151940,80950,75841,12183,56514,56372,63146,39339
2021-03-25T16:00:00Z,157090,145552,77317,72522,11538,53311,53156,59805,37261
2021-03-25T17:00:00Z,151113,139765,75688,71532,11348,49613,49458,56242,35082
2021-03-25T18:00:00Z,150015,134084,76403,70172,15931,46434,46283,55508,35457
2021-03-25T19:00:00Z,142010,127767,73172,67450,14243,44249,44104,51824,33022
2021-03-25T20:00:00Z,135356,120890,70572,65456,14466,42449,42322,50178,31777
2021-03-25T21:00:00Z,148561,111888,64985,59721,36673,38862,38736,55941,29632
2021-03-25T22:00:00Z,149357,98754,58118,53184,50603,34690,34571,59327,26969
2021-03-25T23:00:00Z,162697,90911,55961,51172,71786,31255,31132,64217,24694
2021-03-26T00:00:00Z,120228,86430,53311,47504,33798,30307,30174,47418,25037
2021-03-26T01:00:00Z,101530,89918,53542,48323,11612,32597,32498,40416,25023
2021-03-26T02:00:00Z,104837,93082,57160,51504,11755,33981,33877,41955,25737
2021-03-26T03:00:00Z,97956,86569,51245,46637,11387,32238,32142,39689,24138
2021-03-26T04:00:00Z,83583,72496,44156,40289,11087,26152,26070,32970,20145
2021-03-26T05:00:00Z,98933,78914,47400,43317,20019,27755,27660,36621,20881
2021-03-26T06:00:00Z,120091,94028,55886,50250,26063,33662,33547,44185,24609
2021-03-26T07:00:00Z,122726,101260,56564,52337,21466,37630,37514,46440,25618
2021-03-26T08:00:00Z,129477,112981,61709,57016,16496,42486,42364,49827,28542
2021-03-26T09:00:00Z,133439,119733,63195,58801,13706,44988,44864,52185,30537
2021-03-26T10:00:00Z,134485,120372,65769,60897,14113,44175,44046,51027,30940
2021-03-26T11:00:00Z,129202,115260,63423,58344,13942,41421,41297,48188,28808
2021-03-26T12:00:00Z,135206,121673,67878,61716,13533,43784,43653,52310,31825
2021-03-26T13:00:00Z,147353,134033,74124,68457,13320,48628,48505,56002,34105
2021-03-26T14:00:00Z,155893,141621,79508,71683,14272,52511,52358,59978,37004
2021-03-26T15:00:00Z,152785,141009,76239,70799,11776,52144,52002,59354,36940
2021-03-26T16:00:00Z,143987,133262,72215,67540,10725,49506,49357,55892,35060
2021-03-26T17:00:00Z,139630,128765,71568,67122,10865,45967,45823,52699,32877
2021-03-26T18:00:00Z,134004,120745,68709,62938,13259,41838,41707,50766,31765
2021-03-26T19:00:00Z,121827,109572,63447,58779,12255,39295,39174,45976,29183
2021-03-26T20:00:00Z,113147,101348,59709,55161,11799,36505,36389,43187,27350
2021-03-26T21:00:00Z,113958,95774,58417,52692,18184,33454,33331,41849,26733
2021-03-26T22:00:00Z,98226,85905,52346,47431,12321,29222,29109,36713,23460
2021-03-26T23:00:00Z,88608,76602,49760,45048,12006,25877,25772,33332,21548
2021-03-27T00:00:00Z,86252,71192,49077,42340,15060,23799,23684,34084,22399
2021-03-27T01:00:00Z,80564,68393,47898,41764,12171,22463,22364,31517,20306
2021-03-27T02:00:00Z,75663,64269,42500,37444,11394,22381,22294,29852,18641
2021-03-27T03:00:00Z,73793,62862,42463,36317,10931,22039,21963,29674,18523
2021-03-27T04:00:00Z,68870,60379,39058,34662,8491,20420,20344,27288,17082
2021-03-27T05:00:00Z,70842,61427,41233,36621,9415,20639,20561,27385,16922
2021-03-27T06:00:00Z,74739,65746,43310,37854,8993,22240,22162,30188,18627
2021-03-27T07:00:00Z,73962,67137,41783,38103,6825,23722,23652,30198,17891
2021-03-27T08:00:00Z,77669,70903,42387,38590,6766,25443,25368,31966,18788
2021-03-27T09:00:00Z,81868,74164,45749,41593,7704,26764,26684,33605,20380
2021-03-27T10:00:00Z,84776,76234,47744,43300,8542,27560,27484,34734,21320
2021-03-27T11:00:00Z,90214,80892,51119,46564,9322,28952,28876,36210,22222
2021-03-27T12:00:00Z,93892,83950,53100,47765,9942,29913,29828,38196,24053
2021-03-27T13:00:00Z,98050,88897,54713,50226,9153,32634,32553,39608,24200
2021-03-27T14:00:00Z,108304,98865,61408,56826,9439,35933,35854,43498,26874
2021-03-27T15:00:00Z,107253,97911,59129,54835,9342,36131,36044,44297,27461
2021-03-27T16:00:00Z,104778,95352,57651,53937,9426,35211,35116,42634,26490
2021-03-27T17:00:00Z,103490,94863,58473,54686,8627,34119,34031,41179,25681
2021-03-27T18:00:00Z,101957,92211,58325,53311,9746,32855,32764,41128,26425
2021-03-27T19:00:00Z,92942,84630,52968,48748,8312,30627,30546,37847,24047
2021-03-27T20:00:00Z,88869,80362,51721,47760,8507,28690,28615,35351,22879
2021-03-27T21:00:00Z,85071,77012,49078,45022,8059,26722,26646,33290,21433
2021-03-27T22:00:00Z,78681,70718,45954,42105,7963,24044,23972,30870,20196
2021-03-27T23:00:00Z,74651,67035,45513,41603,7616,22359,22284,28939,19253
2021-03-28T00:00:00Z,72994,63199,45993,40205,9795,21094,21021,29611,20537
2021-03-28T01:00:00Z,71178,61283,43059,38305,9895,20397,20328,28236,18675
2021-03-28T02:00:00Z,68332,61085,41263,37744,7247,20920,20840,27194,16986
2021-03-28T03:00:00Z,66459,59865,39911,36293,6594,20584,20509,26802,16871
2021-03-28T04:00:00Z,65407,59204,39476,36248,6203,19844,19769,25843,16390
2021-03-28T05:00:00Z,74883,59445,38725,35292,15438,20422,20345,26460,16146
2021-03-28T06:00:00Z,71790,63513,41943,37373,8277,21969,21896,29228,18138
2021-03-28T07:00:00Z,78082,70673,46397,42470,7409,24145,24070,29965,17933
2021-03-28T08:00:00Z,80417,72910,44969,41105,7507,26107,26034,32340,19824
2021-03-28T09:00:00Z,81725,74533,46148,42292,7192,27603,27532,34080,20911
2021-03-28T10:00:00Z,84199,76635,47708,43782,7564,28104,28025,35144,21551
2021-03-28T11:00:00Z,90054,82009,51099,47175,8045,28866,28789,35749,21771
2021-03-28T12:00:00Z,97612,87888,56109,50989,9724,31895,31817,40065,25134
2021-03-28T13:00:00Z,102067,93682,57552,53409,8385,34522,34442,41661,25680
2021-03-28T14:00:00Z,111020,101730,62635,58043,9290,38111,38024,45766,28791
2021-03-28T15:00:00Z,113381,104693,66294,61966,8688,38004,37920,45566,29099
2021-03-28T16:00:00Z,106462,98382,60263,56682,8080,36208,36126,43811,27754
2021-03-28T17:00:00Z,109848,102092,62855,59666,7756,36001,35917,43926,27430
2021-03-28T18:00:00Z,106006,96741,60647,55892,9265,34678,34598,43584,27970
2021-03-28T19:00:00Z,104354,95155,60994,56852,9199,33751,33664,40816,26788
2021-03-28T20:00:00Z,98366,89621,58070,53724,8745,32241,32154,38710,25532
2021-03-28T21:00:00Z,90132,81758,52591,48458,8374,29220,29145,35772,23308
2021-03-28T22:00:00Z,83568,75585,48754,44846,7983,25764,25675,32456,20945
2021-03-28T23:00:00Z,77822,68686,46475,42544,9136,23547,23469,30028,19533
2021-03-29T00:00:00Z,88567,70899,49388,43564,17668,25161,25069,34763,22263
2021-03-29T01:00:00Z,88586,77161,49366,44179,11425,28791,28702,36545,22427
2021-03-29T02:00:00Z,94841,83043,49949,45867,11798,31366,31278,38056,21685
2021-03-29T03:00:00Z,92638,79477,48387,43990,13161,29914,29829,37116,21213
2021-03-29T04:00:00Z,89161,71095,44693,40370,18066,25130,25039,33033,19147
2021-03-29T05:00:00Z,119824,76969,47959,42853,42855,27649,27547,37656,19997
2021-03-29T06:00:00Z,133681,95757,55745,50104,37924,35080,34964,46452,25155
2021-03-29T07:00:00Z,146947,112401,61454,57044,34546,41418,41294,50499,26983
2021-03-29T08:00:00Z,146304,118512,62155,58485,27792,44975,44848,53685,29022
2021-03-29T09:00:00Z,159267,126541,69907,64155,32726,45994,45853,55958,31391
2021-03-29T10:00:00Z,143555,117265,65085,59184,26290,42928,42792,50980,29771
2021-03-29T11:00:00Z,141389,119984,67727,62430,21405,43515,43388,50899,29844
2021-03-29T12:00:00Z,151512,132259,74686,68498,19253,48221,48090,57242,34779
2021-03-29T13:00:00Z,168203,145453,79504,73662,22750,53441,53296,61560,37452
2021-03-29T14:00:00Z,171010,151069,82422,76517,19941,57062,56902,64725,39328
2021-03-29T15:00:00Z,168305,149192,82053,76276,19113,55599,55448,63069,39098
2021-03-29T16:00:00Z,170508,137352,75008,70075,33156,50869,50726,67032,36110
2021-03-29T17:00:00Z,179012,131765,72692,68009,47247,47230,47067,69482,33530
2021-03-29T18:00:00Z,172105,129431,73426,66356,42674,45914,45758,66039,34277
2021-03-29T19:00:00Z,162995,125998,71320,65256,36997,44942,44787,61135,33102
2021-03-29T20:00:00Z,160021,120603,68739,62612,39418,43394,43245,59558,32202
2021-03-29T21:00:00Z,141316,110262,64732,59515,31054,38073,37933,52921,29241
2021-03-29T22:00:00Z,126852,96803,57878,52884,30049,32468,32338,47062,25279
2021-03-29T23:00:00Z,117215,84698,51334,46474,32517,29656,29551,45140,23636
2021-03-30T00:00:00Z,115278,86288,54696,47775,28990,30080,29961,45069,26005
2021-03-30T01:00:00Z,114711,89039,53685,48132,25672,32755,32640,45991,25144
2021-03-30T02:00:00Z,115193,91521,52789,48301,23672,33843,33738,45468,23911
2021-03-30T03:00:00Z,110768,86384,49955,45358,24384,32641,32546,43831,23463
2021-03-30T04:00:00Z,101723,77214,46068,41774,24509,27891,27780,38731,21397
2021-03-30T05:00:00Z,112710,85517,49543,44813,27193,31378,31257,40804,22970
2021-03-30T06:00:00Z,128341,103349,56799,50854,24992,38282,38154,48232,27022
2021-03-30T07:00:00Z,144601,120790,63774,58618,23811,45383,45253,53608,30235
2021-03-30T08:00:00Z,153822,125447,66524,60778,28375,48338,48208,58039,31991
2021-03-30T09:00:00Z,159306,128673,69660,63712,30633,49235,49084,61526,34162
2021-03-30T10:00:00Z,164084,118582,66347,60187,45502,44866,44721,63713,32256
2021-03-30T11:00:00Z,162888,118813,64673,58844,44075,43726,43590,64129,30955
2021-03-30T12:00:00Z,209722,117283,64710,58547,92439,46505,46361,79324,33572
2021-03-30T14:00:00Z,219661,137296,74583,69462,82365,53604,53439,86274,37362
2021-03-30T15:00:00Z,217675,137177,74087,68811,80498,52484,52324,93597,37053
2021-03-30T17:00:00Z,204257,111556,60173,56366,92701,43436,43293,92211,30313
2021-03-30T18:00:00Z,214504,112973,62663,57129,101531,43215,43077,96671,31738
2021-03-30T19:00:00Z,111311,57476,31891,29704,53835,26446,26345,54497,18238
2021-03-30T21:00:00Z,198580,96435,55945,51407,102145,35802,35657,88003,26976
2021-03-30T22:00:00Z,193675,87244,52550,47769,106431,31079,30944,84371,24321
2021-03-30T23:00:00Z,185709,78735,47831,43045,106974,28475,28362,81731,22768
2021-03-31T00:00:00Z,186384,79712,51377,44789,106672,28895,28769,83575,25295
2021-03-31T01:00:00Z,187837,81422,49269,44216,106415,31337,31233,86213,24517
2021-03-31T02:00:00Z,193291,87471,51905,47962,105820,33358,33256,87614,23892
2021-03-31T03:00:00Z,189042,82331,48495,44243,106711,31721,31609,86314,23127
2021-03-31T04:00:00Z,182220,74122,44376,40311,108098,27087,26985,81874,20919
2021-03-31T05:00:00Z,189397,81041,46794,42533,108356,29680,29558,82114,22017
2021-03-31T06:00:00Z,199892,93295,51951,46862,106597,36432,36308,89373,26033
2021-03-31T07:00:00Z,204540,105348,56327,51662,99192,41571,41446,91048,28237
2021-03-31T08:00:00Z,213506,111725,59474,54505,101781,44503,44361,96639,30000
2021-03-31T09:00:00Z,205592,108153,57705,53229,97439,43786,43651,94104,29636
2021-03-31T10:00:00Z,206807,103860,57004,52398,102947,41489,41361,94466,28931
2021-03-31T11:00:00Z,199649,101658,54732,50593,97991,40361,40233,91938,27801
2021-03-31T12:00:00Z,202044,108785,58814,54002,93259,44050,43926,95412,31230
2021-03-31T13:00:00Z,203921,116671,62780,58745,87250,47561,47419,94306,32249
2021-03-31T14:00:00Z,202174,126122,66460,61964,76052,51679,51529,93037,34976
2021-03-31T15:00:00Z,184334,130973,70935,66125,53361,51340,51203,79487,35618
2021-03-31T16:00:00Z,175661,131541,69756,65495,44120,48463,48305,71735,34546
2021-03-31T17:00:00Z,197709,112784,62046,58245,84925,42913,42774,88548,30186
2021-03-31T22:00:00Z,191285,87713,50610,46442,103572,31338,31211,82608,24553
2021-03-31T23:00:00Z,185459,80293,46698,42486,105166,28148,28033,81769,22698
2021-04-01T00:00:00Z,184091,80220,50604,44498,103871,28753,28648,81351,25063
2021-04-01T01:00:00Z,186757,83377,51172,46292,103380,30897,30790,84005,24234
2021-04-01T02:00:00Z,193917,86779,53383,47478,107138,32589,32473,86178,25267
2021-04-01T03:00:00Z,189114,85301,50700,46783,103813,31487,31373,83347,22818
2021-04-01T04:00:00Z,177980,75430,44850,40855,102550,27013,26906,78150,20917
2021-04-01T05:00:00Z,179971,81751,47062,42834,98220,29341,29229,69762,21375
2021-04-01T06:00:00Z,188958,96260,51257,46643,92698,35962,35846,82725,25975
2021-04-01T07:00:00Z,188993,108128,57338,53350,80865,41022,40884,79279,27237
2021-04-01T08:00:00Z,192985,115264,61783,56700,77721,44146,43998,79903,30047
2021-04-01T09:00:00Z,149086,127586,70022,64985,21500,46247,46110,57215,32071
2021-04-01T10:00:00Z,128614,116477,65275,60449,12137,42410,42286,49286,30293
2021-04-01T11:00:00Z,125406,113278,63110,58347,12128,40914,40792,47142,28439
2021-04-01T12:00:00Z,140531,127148,71850,65880,13383,45902,45776,53960,33675
2021-04-01T13:00:00Z,154958,141128,78856,73868,13830,50725,50576,57256,35725
2021-04-01T14:00:00Z,155334,143178,78715,73609,12156,53233,53074,59645,37344
2021-04-01T15:00:00Z,158292,145740,81096,75873,12552,52590,52444,59703,37938
2021-04-01T16:00:00Z,144654,132603,72769,68440,12051,47367,47223,54154,34433
2021-04-01T17:00:00Z,139239,127559,71648,67434,11680,44293,44151,50692,31902
2021-04-01T18:00:00Z,140541,125622,71655,65596,14919,42667,42544,51035,32681
2021-04-01T19:00:00Z,132029,117484,69676,64078,14545,40858,40717,47836,31171
2021-04-01T20:00:00Z,129477,114501,68299,62993,14976,38456,38324,45409,29489
2021-04-01T21:00:00Z,116191,104924,63127,59361,11267,34153,34026,40258,26097
2021-04-01T22:00:00Z,100642,91938,54584,51724,8704,29223,29111,35261,22724
2021-04-01T23:00:00Z,93861,82071,51433,47689,11790,26424,26314,33139,21500
2021-04-02T00:00:00Z,97452,80420,53596,48042,17032,26318,26208,35686,23199
2021-04-02T01:00:00Z,92150,81777,51951,47150,10373,28392,28288,35933,22490
2021-04-02T02:00:00Z,98392,85200,51766,47491,13192,29508,29411,37562,21625
2021-04-02T03:00:00Z,91056,80841,49712,45622,10215,28419,28334,35521,21064
2021-04-02T04:00:00Z,89426,74089,46957,42920,15337,24117,24035,32976,19569
2021-04-02T05:00:00Z,100819,75794,46536,42483,25025,26494,26387,35485,19643
2021-04-02T06:00:00Z,112342,88993,52183,47214,23349,32395,32292,42319,23880
2021-04-02T07:00:00Z,116641,96797,55720,51087,19844,35750,35643,44364,24811
2021-04-02T08:00:00Z,118180,104126,58824,54047,14054,38115,37998,45745,26724
2021-04-02T09:00:00Z,115963,104837,59518,55122,11126,38584,38475,45511,27178
2021-04-02T10:00:00Z,112025,98172,57182,52529,13853,35440,35340,42841,25972
2021-04-02T11:00:00Z,106432,94043,55490,51081,12389,33504,33397,40412,24607
2021-04-02T12:00:00Z,114628,102320,61319,55974,12308,36535,36436,44833,28416
2021-04-02T13:00:00Z,126481,113685,66005,61610,12796,40230,40097,47128,29096
2021-04-02T14:00:00Z,131564,120192,68646,63879,11372,43913,43792,51380,31981
2021-04-02T15:00:00Z,131141,119973,67419,62836,11168,44056,43950,51479,32124
2021-04-02T16:00:00Z,125517,115160,64687,60905,10357,41427,41314,48415,30264
2021-04-02T17:00:00Z,123633,113540,63972,60428,10093,39516,39394,46055,29271
2021-04-02T18:00:00Z,120921,108343,63178,57698,12578,38220,38095,46169,29933
2021-04-02T19:00:00Z,110488,99551,58538,53804,10937,35689,35573,41748,27094
2021-04-02T20:00:00Z,108976,96927,57983,53421,12049,33932,33824,40592,26181
2021-04-02T21:00:00Z,100231,89067,53839,49220,11164,31121,31012,37449,24335
2021-04-02T22:00:00Z,89644,80531,48754,44886,9113,26698,26587,33347,21768
2021-04-02T23:00:00Z,78058,69689,43639,39921,8369,23368,23272,29610,19434
2021-04-03T00:00:00Z,76177,65312,43234,37693,10865,21838,21736,30126,20268
2021-04-03T01:00:00Z,70676,61104,40814,36261,9572,20088,20011,27463,17976
2021-04-03T02:00:00Z,66921,59870,38045,34557,7051,20443,20369,26187,16255
2021-04-03T03:00:00Z,68605,61512,39287,35548,7093,20681,20607,26688,16756
2021-04-03T04:00:00Z,72781,66435,43465,40238,6346,19666,19594,27872,18338
2021-04-03T05:00:00Z,101451,94177,69821,66455,7274,20061,19992,28757,18046
2021-04-03T06:00:00Z,108733,100881,74120,69731,7852,22449,22376,32215,20827
2021-04-03T07:00:00Z,93491,85494,57997,54173,7997,23805,23737,32719,20655
2021-04-03T08:00:00Z,81547,74219,44848,41147,7328,25253,25173,31590,19036
2021-04-03T09:00:00Z,85919,78126,48804,45008,7793,26592,26519,33386,20148
2021-04-03T10:00:00Z,84777,77029,46854,43198,7748,26435,26360,32982,20310
2021-04-03T11:00:00Z,84506,77078,46727,43138,7428,27272,27197,33264,20434
2021-04-03T12:00:00Z,91972,82979,50528,46014,8993,29278,29203,37311,23312
2021-04-03T13:00:00Z,97530,89065,53859,49976,8465,31694,31612,38446,23746
2021-04-03T14:00:00Z,105607,96489,58901,54744,9118,34806,34719,41691,26090
2021-04-03T15:00:00Z,107448,98167,59393,55028,9281,35063,34982,41985,26398
2021-04-03T16:00:00Z,105881,97956,57864,54643,7925,33718,33636,40237,25615
2021-04-03T17:00:00Z,100951,94438,57230,54425,6513,32319,32242,38093,24449
2021-04-03T18:00:00Z,100897,92191,58569,54205,8706,31073,30995,38165,25200
2021-04-03T19:00:00Z,94086,86472,55349,51672,7614,29160,29081,35147,22979
2021-04-03T20:00:00Z,91725,84050,54729,51225,7675,27746,27665,33529,22095
2021-04-03T21:00:00Z,87129,79378,52561,48815,7751,25257,25173,31518,20541
2021-04-03T22:00:00Z,78529,71028,47897,44580,7501,22223,22144,28210,18466
2021-04-03T23:00:00Z,66619,60738,40970,37823,5881,20252,20185,25537,17190
2021-04-04T00:00:00Z,69311,60278,42495,37232,9033,19447,19377,27544,19037
2021-04-04T01:00:00Z,67266,58697,40021,35742,8569,19328,19256,26784,18045
2021-04-04T02:00:00Z,65030,59012,38401,35470,6018,19775,19704,25176,16226
2021-04-04T03:00:00Z,63568,57317,37393,34051,6251,19305,19241,24745,15718
2021-04-04T04:00:00Z,63425,57660,36934,34047,5765,19141,19073,24610,15731
2021-04-04T05:00:00Z,68645,57867,36642,33571,10778,19508,19444,24772,15246
2021-04-04T06:00:00Z,69825,62380,39121,34954,7445,21883,21821,28313,17898
2021-04-04T07:00:00Z,74132,67702,40843,37575,6430,23133,23058,28827,17557
2021-04-04T08:00:00Z,81259,73381,44961,41231,7878,24860,24787,31410,19227
2021-04-04T09:00:00Z,80730,74156,45123,41572,6574,26277,26220,32436,20227
2021-04-04T10:00:00Z,80939,74207,45150,41720,6732,26477,26405,32517,20254
2021-04-04T11:00:00Z,85319,78426,47254,43808,6893,27238,27163,33212,20636
2021-04-04T12:00:00Z,91752,83750,51115,46719,8002,29349,29280,37550,23613
2021-04-04T13:00:00Z,98650,90561,55398,51671,8089,32258,32171,38732,24191
2021-04-04T14:00:00Z,105992,97315,58958,54953,8677,34815,34741,41682,26336
2021-04-04T15:00:00Z,104875,95712,58670,54558,9163,35525,35444,43082,27654
2021-04-04T16:00:00Z,99728,90899,55828,52483,8829,33757,33675,40533,25887
2021-04-04T17:00:00Z,102562,94090,58764,55408,8472,32262,32181,38915,24826
2021-04-04T18:00:00Z,99745,90184,57484,52756,9561,31655,31575,39769,25804
2021-04-04T19:00:00Z,96537,88072,56452,52614,8465,29794,29723,36033,23425
2021-04-04T20:00:00Z,93512,85465,55627,51855,8047,28260,28196,34846,22537
2021-04-04T21:00:00Z,87277,79714,52830,49228,7563,26075,25999,31902,21091
2021-04-04T22:00:00Z,79290,72205,48245,45011,7085,23090,23013,28830,19062
2021-04-04T23:00:00Z,73400,65958,43825,40519,7442,21882,21811,28090,18546
2021-04-05T00:00:00Z,83704,68614,48166,42466,15090,22452,22372,31612,21326
2021-04-05T01:00:00Z,78339,67614,45637,40815,10725,23189,23105,31417,20514
2021-04-05T02:00:00Z,82514,72108,47533,43736,10406,24849,24767,31290,19906
2021-04-05T03:00:00Z,82508,72421,47738,43914,10087,24490,24413,31216,19539
2021-04-05T04:00:00Z,86020,72210,46064,42522,13810,24246,24164,31584,18929
2021-04-05T05:00:00Z,102439,72118,44791,40823,30321,24533,24442,33691,18604
2021-04-05T06:00:00Z,122822,93520,61032,56335,29302,28851,28751,42275,25733
2021-04-05T07:00:00Z,139598,113110,77139,73286,26488,30964,30853,42749,25145
2021-04-05T08:00:00Z,117315,94586,54616,50694,22729,33542,33425,42562,24491
2021-04-05T09:00:00Z,150654,127421,86167,81380,23233,35275,35166,47279,28923
2021-04-05T10:00:00Z,119520,101350,60348,55414,18170,35050,34951,44217,26959
2021-04-05T11:00:00Z,128100,110491,68474,63482,17609,36672,36578,46885,29118
2021-04-05T12:00:00Z,159525,146572,97043,91741,12953,40938,40816,52834,34359
2021-04-05T13:00:00Z,144256,129813,73891,69121,14443,46658,46541,55264,34219
2021-04-05T14:00:00Z,152034,139041,79666,74611,12993,51003,50880,58571,36743
2021-04-05T15:00:00Z,154078,137974,77991,72634,16104,50421,50294,58867,36493
2021-04-05T16:00:00Z,149004,135082,75140,70877,13922,47785,47654,55757,34976
2021-04-05T17:00:00Z,148338,133426,77928,72982,14912,46524,46388,53893,34418
2021-04-05T18:00:00Z,146343,131524,76374,70379,14819,44596,44453,53654,34650
2021-04-05T19:00:00Z,139316,125861,70916,65749,13455,43236,43088,50974,32848
2021-04-05T20:00:00Z,130147,115453,67284,62154,14694,40921,40783,48010,31019
2021-04-05T21:00:00Z,116149,104461,61216,56738,11688,36657,36525,42959,28038
2021-04-05T22:00:00Z,104436,94285,55631,51907,10151,31352,31239,38088,24646
2021-04-05T23:00:00Z,99516,88460,56072,52102,11056,28489,28385,34859,22495
2021-04-06T00:00:00Z,99627,87204,57026,51315,12423,28893,28786,37453,24761
2021-04-06T01:00:00Z,100968,91260,56598,51838,9708,31738,31635,39757,24640
2021-04-06T02:00:00Z,103789,95155,56496,53038,8634,33440,33348,39916,23403
2021-04-06T03:00:00Z,101262,91753,56543,52542,9509,32427,32338,39179,23292
2021-04-06T04:00:00Z,93018,82525,52085,48666,10493,27962,27878,35289,21610
2021-04-06T05:00:00Z,106654,87574,52413,48639,19080,30524,30418,38488,21920
2021-04-06T06:00:00Z,132226,106409,60124,55123,25817,37873,37748,47820,26359
2021-04-06T07:00:00Z,144225,122564,65281,60796,21661,43768,43632,52940,28998
2021-04-06T08:00:00Z,154040,134239,74004,68711,19801,47748,47620,55802,31957
2021-04-06T09:00:00Z,156016,141865,79854,74871,14151,48320,48187,55122,32445
2021-04-06T10:00:00Z,147395,133057,78267,73362,14338,44494,44371,51202,31163
2021-04-06T11:00:00Z,146097,132574,77899,73304,13523,44479,44353,51066,30804
2021-04-06T12:00:00Z,158986,145283,84944,79166,13703,50228,50086,58225,36201
2021-04-06T13:00:00Z,170712,156666,88842,83922,14046,55099,54949,62032,37852
2021-04-06T14:00:00Z,175789,163172,90021,85056,12617,58442,58293,65619,40842
2021-04-06T15:00:00Z,176696,164369,92488,87763,12327,56974,56822,63627,40255
2021-04-06T16:00:00Z,167075,156006,88695,84591,11069,52518,52359,58787,37059
2021-04-06T17:00:00Z,173884,140643,79274,75421,33241,48569,48428,61356,34706
2021-04-06T18:00:00Z,162935,136854,78983,73620,26081,46698,46545,57825,35060
2021-04-06T19:00:00Z,143885,131487,76646,71799,12398,44281,44134,50572,32568
2021-04-06T20:00:00Z,139121,124853,74569,69266,14268,41782,41652,48479,31477
2021-04-06T21:00:00Z,125825,114616,69480,64900,11209,38095,37978,44303,28840
2021-04-06T22:00:00Z,114626,104313,64687,60595,10313,32226,32106,38795,25367
2021-04-06T23:00:00Z,100421,90859,57180,53229,9562,29187,29078,35283,23016
2021-04-07T00:00:00Z,104772,92638,61048,55057,12134,29756,29647,38414,25507
2021-04-07T01:00:00Z,104939,95081,60466,55659,9858,32761,32661,40024,25108
2021-04-07T02:00:00Z,107465,97441,59813,56215,10024,34014,33902,40282,23899
2021-04-07T03:00:00Z,102397,92790,56184,52210,9607,32558,32462,39261,23347
2021-04-07T04:00:00Z,99263,85150,53235,49606,14113,28133,28034,35458,21102
2021-04-07T05:00:00Z,119395,95382,58742,54746,24013,30968,30858,39358,22134
2021-04-07T06:00:00Z,141369,114666,67073,62052,26703,38940,38812,49068,27156
2021-04-07T07:00:00Z,148221,126950,70246,65937,21271,44635,44496,53176,29414
2021-04-07T08:00:00Z,159613,141129,77417,72635,18484,48832,48689,57456,32740
2021-04-07T09:00:00Z,155926,141900,78858,74084,14026,48888,48747,55952,33588
2021-04-07T10:00:00Z,153541,138862,82476,77761,14679,45112,44994,52643,31883
2021-04-07T11:00:00Z,153733,140836,81998,77452,12897,45246,45118,52766,31653
2021-04-07T12:00:00Z,167460,153455,91251,85427,14005,50385,50228,58868,36345
2021-04-07T13:00:00Z,176340,162050,93755,88630,14290,55322,55186,61900,37978
2021-04-07T14:00:00Z,177561,164619,93065,87905,12942,58627,58477,65275,40302
2021-04-07T15:00:00Z,173542,160887,90830,85561,12655,57075,56928,64181,40015
2021-04-07T16:00:00Z,162837,150823,85259,81035,12014,52069,51930,59327,37106
2021-04-07T17:00:00Z,159812,148069,89094,84972,11743,48291,48147,57540,37485
2021-04-07T18:00:00Z,172073,157266,100736,95199,14807,46694,46545,57883,37828
2021-04-07T19:00:00Z,142590,124646,72244,66321,17944,44114,43966,52230,33075
2021-04-07T20:00:00Z,142691,119206,69272,63891,23485,41983,41835,50840,31598
2021-04-07T21:00:00Z,135244,105804,61751,56605,29440,37309,37166,51486,28318
2021-04-07T22:00:00Z,124079,93812,56491,51699,30267,32014,31886,47506,25249
2021-04-07T23:00:00Z,105165,87298,54292,49888,17867,29136,29023,37804,23242
2021-04-08T00:00:00Z,108803,91449,60516,54381,17354,29527,29399,39453,25376
2021-04-08T01:00:00Z,102869,91306,56814,51978,11563,32075,31980,40835,24926
2021-04-08T02:00:00Z,105438,93492,55706,51720,11946,33813,33704,40518,23824
2021-04-08T03:00:00Z,97920,86664,52515,48367,11256,32406,32308,38932,23248
2021-04-08T04:00:00Z,95592,81095,48390,44621,14497,27664,27568,36062,21499
2021-04-08T05:00:00Z,113955,88904,52911,49013,25051,30700,30593,40162,21940
2021-04-08T06:00:00Z,138281,112566,62766,57795,25715,38696,38563,50000,27671
2021-04-08T07:00:00Z,147331,122781,65550,61076,24550,44530,44395,53780,30010
2021-04-08T08:00:00Z,155683,133934,71726,66564,21749,48541,48380,57134,33028
2021-04-08T09:00:00Z,151430,133224,72323,67120,18206,48834,48691,56442,33512
2021-04-08T10:00:00Z,148080,129458,70909,66112,18622,45328,45186,53970,32187
2021-04-08T11:00:00Z,145212,127943,71584,66972,17269,45133,44989,52765,31443
2021-04-08T12:00:00Z,159299,145002,81149,75144,14297,50218,50063,58381,35990
2021-04-08T13:00:00Z,169704,154359,83189,78133,15345,55677,55516,62637,38531
2021-04-08T14:00:00Z,170820,157394,85295,80240,13426,58172,58003,64534,40238
2021-04-08T15:00:00Z,169842,155315,84108,78662,14527,56567,56391,63314,39738
2021-04-08T16:00:00Z,160290,144566,78878,73835,15724,52071,51895,59587,37394
2021-04-08T17:00:00Z,149253,137320,75112,70963,11933,48311,48163,54790,34608
2021-04-08T18:00:00Z,169324,128684,73692,67809,40640,45680,45530,59678,34357
2021-04-08T22:00:00Z,112183,93222,55095,50794,18961,31944,31813,40760,25353
2021-04-08T23:00:00Z,97029,84962,53823,49453,12067,28489,28384,35331,22689
2021-04-09T00:00:00Z,99316,84338,56493,49617,14978,28791,28671,38459,25620
2021-04-09T01:00:00Z,96928,85753,52815,47726,11175,31417,31311,39567,24591
2021-04-09T02:00:00Z,99289,88723,51712,47724,10566,33129,33026,39727,23421
2021-04-09T03:00:00Z,93701,83553,49886,45571,10148,31622,31531,38204,22783
2021-04-09T04:00:00Z,86395,73181,44903,41112,13214,27122,27028,34004,20768
2021-04-09T05:00:00Z,101016,80667,47298,43061,20349,29074,28974,37226,20898
2021-04-09T06:00:00Z,124054,101746,56662,51628,22308,37029,36918,46109,26043
2021-04-09T07:00:00Z,134761,114288,59993,55794,20473,42690,42562,50331,27899
2021-04-09T08:00:00Z,145825,126007,67273,62253,19818,46336,46186,54228,31187
2021-04-09T09:00:00Z,140666,126835,68674,63907,13831,46967,46814,54007,32372
2021-04-09T10:00:00Z,132686,119258,65158,60666,13428,42751,42624,50047,30360
2021-04-09T11:00:00Z,128633,115734,65676,61099,12899,41411,41281,48136,28923
2021-04-09T12:00:00Z,141424,128359,72193,66678,13065,45913,45778,54066,33576
2021-04-09T13:00:00Z,154899,140736,78436,73450,14163,50433,50289,57015,34813
2021-04-09T14:00:00Z,160735,148288,83295,78305,12447,53632,53475,59831,37636
2021-04-09T15:00:00Z,154031,141528,78121,73158,12503,51867,51723,59011,37171
2021-04-09T16:00:00Z,157237,145684,86951,82501,11553,47183,47040,56965,36843
2021-04-09T17:00:00Z,165060,152456,96162,91769,12604,43594,43450,52539,34195
2021-04-09T18:00:00Z,137367,123347,73708,67859,14020,41805,41651,52319,34759
2021-04-09T19:00:00Z,121412,109293,63740,58981,12119,39215,39077,45432,29008
2021-04-09T20:00:00Z,116105,103289,60550,55927,12816,36772,36638,43320,28124
2021-04-09T21:00:00Z,108041,95733,55902,51379,12308,33205,33078,39202,25297
2021-04-09T22:00:00Z,98679,83200,50306,45723,15479,27910,27785,35947,23250
2021-04-09T23:00:00Z,86387,73454,46842,42225,12933,24167,24046,31913,20805
2021-04-10T00:00:00Z,84453,70599,48328,41538,13854,22823,22701,32372,21698
2021-04-10T01:00:00Z,75522,63292,43345,37614,12230,22103,22002,30281,20081
2021-04-10T02:00:00Z,72682,65087,41919,38103,7595,22388,22311,28885,18017
2021-04-10T03:00:00Z,81854,74097,50815,46781,7757,22556,22470,31358,20511
2021-04-10T04:00:00Z,96552,89582,66593,63098,6970,20935,20855,29904,19692
2021-04-10T05:00:00Z,74432,66436,42768,39249,7996,21797,21713,29269,18254
2021-04-10T06:00:00Z,81513,73842,46915,42507,7671,24641,24557,32028,19586
2021-04-10T07:00:00Z,83996,77174,47661,44227,6822,26645,26556,32857,19665
2021-04-10T08:00:00Z,85842,77732,45592,41607,8110,28529,28433,35478,21269
2021-04-10T09:00:00Z,89887,81902,49773,45685,7985,29625,29543,35994,22182
2021-04-10T10:00:00Z,88750,80860,48370,44479,7890,29017,28941,35114,22031
2021-04-10T11:00:00Z,94671,86692,53713,49872,7979,29318,29236,37485,23647
2021-04-10T12:00:00Z,100496,90546,56055,51248,9950,31686,31596,39919,25078
2021-04-10T13:00:00Z,105818,96923,59331,55411,8895,34419,34343,40796,25261
2021-04-10T14:00:00Z,111880,102766,62432,58237,9114,37785,37689,44406,27860
2021-04-10T15:00:00Z,113739,104702,64076,59923,9037,37711,37618,44494,28120
2021-04-10T16:00:00Z,109146,100620,60413,57083,8526,36323,36236,42854,27230
2021-04-10T17:00:00Z,107785,100026,62410,59263,7759,34392,34301,40729,26161
2021-04-10T18:00:00Z,105877,96823,62198,57558,9054,33217,33124,41138,27012
2021-04-10T19:00:00Z,100105,91681,57763,53692,8424,30699,30625,38771,24427
2021-04-10T20:00:00Z,92605,84732,54134,50490,7873,28846,28754,35662,22909
2021-04-10T21:00:00Z,86495,79186,50885,47346,7309,26573,26494,33558,21471
2021-04-10T22:00:00Z,78659,72621,46218,43196,6038,23447,23374,30499,19000
2021-04-10T23:00:00Z,72483,66108,44280,41084,6375,21389,21313,28173,17644
2021-04-11T00:00:00Z,75718,66038,47649,42212,9680,20587,20499,28658,19607
2021-04-11T01:00:00Z,72491,62423,44038,39559,10068,19997,19926,27123,18044
2021-04-11T02:00:00Z,70616,64128,42790,39694,6488,20875,20805,26318,16686
2021-04-11T03:00:00Z,71303,63861,42442,38919,7442,21633,21565,27504,17396
2021-04-11T04:00:00Z,69598,63511,41133,38130,6087,21045,20972,26867,16908
2021-04-11T05:00:00Z,76666,65895,42900,39493,10771,21438,21369,27654,16690
2021-04-11T06:00:00Z,81670,73878,47505,43122,7792,24223,24152,32336,19402
2021-04-11T07:00:00Z,83548,77007,46761,43167,6541,26040,25955,33069,19070
2021-04-11T08:00:00Z,90698,82635,49014,45247,8063,28889,28799,37036,21620
2021-04-11T09:00:00Z,93444,86123,51697,47894,7321,30010,29931,37783,22588
2021-04-11T10:00:00Z,92763,85198,51942,48274,7565,30025,29945,36354,22699
2021-04-11T11:00:00Z,96033,88163,53616,49995,7870,30887,30793,37409,23269
2021-04-11T12:00:00Z,104563,95416,59936,55327,9147,33709,33621,41532,26724
2021-04-11T13:00:00Z,112334,103650,64583,60545,8684,37149,37069,43845,27749
2021-04-11T14:00:00Z,118535,108813,65870,61511,9722,40226,40141,47979,30431
2021-04-11T15:00:00Z,117850,108665,66886,62753,9185,40222,40148,48039,30630
2021-04-11T16:00:00Z,114765,106502,65540,62109,8263,38632,38554,45795,29637
2021-04-11T17:00:00Z,113851,105993,66103,62865,7858,36927,36838,43388,28065
2021-04-11T18:00:00Z,115336,105887,68178,63522,9449,36266,36185,44058,29384
2021-04-11T19:00:00Z,109278,100235,64461,60369,9043,34517,34435,40931,27000
2021-04-11T20:00:00Z,102839,94410,60651,56861,8429,32838,32761,39350,25697
2021-04-11T21:00:00Z,94818,87188,56817,53104,7630,29697,29609,35944,23979
2021-04-11T22:00:00Z,86815,78849,51113,47663,7966,25745,25664,32017,21318
2021-04-11T23:00:00Z,80637,72729,49097,45559,7908,23850,23773,29652,19619
2021-04-12T00:00:00Z,96807,76940,53583,47634,19867,25058,24970,34427,22426
2021-04-12T01:00:00Z,95793,83744,53618,48608,12049,28692,28611,36593,23084
2021-04-12T02:00:00Z,99244,87945,54073,50129,11299,31628,31534,38061,22528
2021-04-12T03:00:00Z,99357,87057,54853,50496,12300,30851,30758,37490,22415
2021-04-12T04:00:00Z,94015,79262,50276,46566,14753,26981,26888,34029,20535
2021-04-12T05:00:00Z,125032,85787,53142,48330,39245,29719,29621,39141,21301
2021-04-12T06:00:00Z,141332,105883,61142,55946,35449,37904,37780,48467,26676
2021-04-12T07:00:00Z,154618,121565,66866,62295,33053,44131,43985,53043,28952
2021-04-12T08:00:00Z,163567,131754,71838,67113,31813,48009,47857,57090,31988
2021-04-12T09:00:00Z,162854,134824,74671,69128,28030,48694,48541,57444,33037
2021-04-12T10:00:00Z,154057,127628,73423,67273,26429,45478,45332,53256,31958
2021-04-12T11:00:00Z,149878,129272,72422,67033,20606,45589,45457,52989,31267
2021-04-12T12:00:00Z,161658,141537,80645,74422,20121,50643,50495,58929,36179
2021-04-12T13:00:00Z,174037,155698,87684,82258,18339,55698,55544,63455,38516
2021-04-12T14:00:00Z,175397,161413,90831,85393,13984,58435,58284,65305,40874
2021-04-12T15:00:00Z,172218,158012,88650,82998,14206,57232,57074,63961,40549
2021-04-12T16:00:00Z,162313,149199,84558,79943,13114,52164,52019,60476,38660
2021-04-12T17:00:00Z,154035,138680,78751,74218,15355,48852,48687,55733,35408
2021-04-12T18:00:00Z,148938,134071,77929,71929,14867,46877,46740,54968,35722
2021-04-12T19:00:00Z,145262,130450,76555,70808,14812,45308,45166,52675,33786
2021-04-12T20:00:00Z,141627,124387,72667,67105,17240,43134,42968,50083,32002
2021-04-12T21:00:00Z,128996,113972,67507,62221,15024,39010,38883,45849,29775
2021-04-12T22:00:00Z,111217,99819,59132,54910,11398,32948,32833,40835,25983
2021-04-12T23:00:00Z,99720,86679,53191,48746,13041,29558,29422,36430,23421
2021-04-13T00:00:00Z,104101,88583,57832,51691,15518,30006,29891,39364,25667
2021-04-13T01:00:00Z,101410,90746,56687,51293,10664,32656,32551,40713,25707
2021-04-13T02:00:00Z,107097,97064,58953,54993,10033,34407,34299,41243,24139
2021-04-13T03:00:00Z,99630,89296,54708,50411,10334,33018,32902,39562,23887
2021-04-13T04:00:00Z,90666,78142,48589,44752,12524,27510,27401,34739,21320
2021-04-13T05:00:00Z,111327,85273,52684,47904,26054,30430,30314,39314,22025
2021-04-13T06:00:00Z,135520,107889,62240,56758,27631,38643,38518,48900,27278
2021-04-13T07:00:00Z,145823,121850,67015,62481,23973,45073,44940,53857,29830
2021-04-13T08:00:00Z,154495,131476,70911,65334,23019,48997,48854,57555,32933
2021-04-13T09:00:00Z,146277,129374,70754,65140,16903,48628,48485,55452,32838
2021-04-13T10:00:00Z,136790,123023,68403,63503,13767,45004,44874,51750,31408
2021-04-13T11:00:00Z,136063,122892,67472,62856,13171,44967,44829,51407,30922
2021-04-13T12:00:00Z,152746,139313,77626,72002,13433,50671,50524,58667,36317
2021-04-13T13:00:00Z,165959,151810,84788,79714,14149,55885,55739,62447,38397
2021-04-13T14:00:00Z,171757,157566,85934,80412,14191,58747,58585,64790,40470
2021-04-13T15:00:00Z,167568,150372,82013,76553,17196,56168,56013,64682,39492
2021-04-13T16:00:00Z,156224,140940,78399,73202,15284,51588,51438,58998,37190
2021-04-13T17:00:00Z,149028,132887,75987,70522,16141,47920,47760,54570,34359
2021-04-13T18:00:00Z,141597,128426,75371,69622,13171,45257,45118,52894,34336
2021-04-13T19:00:00Z,138254,124924,74043,68994,13330,43437,43292,50496,32690
2021-04-13T20:00:00Z,133673,118178,69378,63773,15495,41883,41736,49302,31523
2021-04-13T21:00:00Z,123052,109870,64168,58736,13182,38130,37995,44607,29127
2021-04-13T22:00:00Z,107146,96330,56912,52690,10816,32317,32186,39076,25366
2021-04-13T23:00:00Z,97004,86843,53299,48949,10161,29306,29196,35527,23270
2021-04-14T00:00:00Z,103477,87886,56841,50631,15591,29931,29793,39386,25933
2021-04-14T01:00:00Z,99182,89616,54225,49294,9566,32468,32364,40051,25156
2021-04-14T02:00:00Z,100415,90888,53710,49903,9527,34059,33953,40458,23927
2021-04-14T03:00:00Z,99169,89105,53112,48641,10064,32474,32380,39180,23481
2021-04-14T04:00:00Z,90564,79748,48032,44339,10816,27653,27559,34781,20839
2021-04-14T05:00:00Z,103875,86612,51228,46990,17263,30389,30280,37782,21576
2021-04-14T06:00:00Z,122739,105303,59599,54595,17436,38634,38533,46975,27167
2021-04-14T07:00:00Z,146081,125436,70940,65273,20645,44616,44483,51280,29109
2021-04-14T08:00:00Z,152111,132797,74058,68126,19314,48024,47885,54889,32097
2021-04-14T09:00:00Z,144323,128935,70329,64949,15388,48416,48270,54630,32558
2021-04-14T10:00:00Z,136400,121643,68584,63488,14757,44732,44594,51320,31371
2021-04-14T11:00:00Z,139242,125471,70773,65807,13771,44912,44786,50891,30646
2021-04-14T12:00:00Z,151976,138556,80194,74358,13420,49543,49400,56542,35339
2021-04-14T13:00:00Z,161500,146150,81945,76625,15350,54752,54602,60661,37206
2021-04-14T14:00:00Z,166164,153275,84295,78944,12889,58397,58243,64027,40385
2021-04-14T15:00:00Z,162167,148890,82513,77126,13277,56802,56631,62907,40231
2021-04-14T16:00:00Z,151237,139886,77046,72510,11351,51421,51262,57450,36262
2021-04-14T17:00:00Z,145585,134347,75840,71630,11238,47663,47504,53401,33723
2021-04-14T18:00:00Z,163716,149038,94052,88100,14678,46084,45921,56852,37635
2021-04-14T19:00:00Z,138084,124782,71873,65593,13302,44142,43999,50258,32723
2021-04-14T20:00:00Z,135288,120613,70906,65219,14675,41886,41745,48822,31305
2021-04-14T21:00:00Z,126215,111188,66470,60502,15027,38180,38036,45716,29785
2021-04-14T22:00:00Z,107982,94970,58290,52970,13012,32750,32639,39314,25521
2021-04-14T23:00:00Z,101795,89369,57264,52203,12426,29570,29457,36537,24048
2021-04-15T00:00:00Z,104605,89554,60190,53325,15051,29923,29806,39181,26234
2021-04-15T01:00:00Z,101817,89280,56880,50916,12537,32424,32313,40876,25722
2021-04-15T02:00:00Z,104118,91479,55583,50865,12639,33885,33771,40949,24374
2021-04-15T03:00:00Z,100126,88023,53994,48871,12103,32383,32283,39510,23919
2021-04-15T04:00:00Z,93791,79812,50833,46349,13979,28161,28058,35294,21983
2021-04-15T05:00:00Z,109291,86423,53018,48207,22868,30919,30806,39154,22649
2021-04-15T06:00:00Z,133052,108202,62929,57374,24850,39150,39017,48547,27786
2021-04-15T07:00:00Z,142806,122180,68169,63123,20626,45202,45067,52492,29595
2021-04-15T08:00:00Z,153223,133270,71388,65662,19953,48099,47952,55659,32297
2021-04-15T09:00:00Z,146377,129795,72752,66697,16582,48750,48609,55492,33317
2021-04-15T10:00:00Z,138729,122383,70418,65167,16346,45078,44940,51734,31604
2021-04-15T11:00:00Z,137365,123319,70388,65178,14046,44603,44471,50936,30721
2021-04-15T12:00:00Z,154260,141135,81608,75652,13125,50027,49893,57161,35677
2021-04-15T13:00:00Z,160909,146964,82407,77079,13945,54848,54701,60811,37530
2021-04-15T14:00:00Z,169067,156774,87780,82555,12293,57884,57729,64125,40295
2021-04-15T15:00:00Z,166940,153314,85717,80039,13626,56211,56059,62857,39702
2021-04-15T16:00:00Z,159666,146812,80343,75732,12854,51211,51068,57507,36565
2021-04-15T17:00:00Z,147555,134364,76068,71372,13191,47275,47121,53707,34236
2021-04-15T18:00:00Z,145474,131129,75913,69606,14345,45184,45038,53592,34569
2021-04-15T19:00:00Z,136450,123175,72369,66586,13275,43267,43127,51180,33042
2021-04-15T20:00:00Z,130651,116397,68449,62607,14254,41522,41396,48707,31564
2021-04-15T21:00:00Z,118467,105864,63410,57780,12603,37962,37813,44313,29107
2021-04-15T22:00:00Z,102335,91709,55382,51080,10626,31895,31766,38181,24989
2021-04-15T23:00:00Z,97367,87004,54658,50138,10363,28921,28810,35295,23326
2021-04-16T00:00:00Z,100860,86179,57943,51542,14681,28838,28716,38220,25346
2021-04-16T01:00:00Z,96942,86705,54184,49091,10237,31105,31010,38896,24202
2021-04-16T02:00:00Z,98578,89616,53582,49830,8962,33034,32925,39359,23717
2021-04-16T03:00:00Z,92912,83475,50452,46159,9437,31010,30913,37949,22745
2021-04-16T04:00:00Z,88289,76327,47179,43317,11962,27025,26928,34209,20992
2021-04-16T05:00:00Z,104651,82982,49917,45566,21669,29516,29411,38148,21708
2021-04-16T06:00:00Z,127435,106007,61749,56463,21428,37768,37638,47462,27711
2021-04-16T07:00:00Z,135879,117903,64918,60301,17976,43246,43121,50368,28939
2021-04-16T08:00:00Z,142613,127362,69352,64227,15251,47495,47352,54400,32224
2021-04-16T09:00:00Z,141258,129164,71512,66337,12094,47717,47576,54222,33007
2021-04-16T10:00:00Z,128572,115819,64218,59436,12753,42848,42716,50000,30943
2021-04-16T11:00:00Z,126056,114204,64031,59298,11852,40961,40828,47475,29064
2021-04-16T12:00:00Z,140498,127940,73358,67328,12558,45685,45544,53605,33736
2021-04-16T13:00:00Z,152210,139498,78837,73641,12712,49630,49501,55971,34810
2021-04-16T14:00:00Z,157042,144705,79740,74348,12337,52945,52787,58949,37207
2021-04-16T15:00:00Z,152362,139755,78356,73034,12607,51639,51496,58523,37177
2021-04-16T16:00:00Z,142071,130749,74879,70444,11322,46632,46479,52858,33637
2021-04-16T17:00:00Z,131598,120655,68865,64335,10943,43196,43049,49021,31224
2021-04-16T18:00:00Z,127827,115569,68654,62900,12258,40944,40816,48012,31610
2021-04-16T19:00:00Z,120085,107940,63536,58211,12145,38383,38243,45244,29052
2021-04-16T20:00:00Z,136929,103008,61963,56732,33921,36062,35915,51334,27587
2021-04-16T21:00:00Z,108758,96155,58180,53199,12603,32508,32382,39359,25663
2021-04-16T22:00:00Z,118564,95660,51148,46065,22904,27936,27802,39021,22889
2021-04-16T23:00:00Z,88284,76611,46269,41810,11673,24277,24172,31907,20259
2021-04-17T00:00:00Z,80437,69127,46660,40534,11310,22725,22619,31232,21087
2021-04-17T01:00:00Z,73517,64570,42401,37636,8947,21404,21312,28520,18609
2021-04-17T02:00:00Z,71673,64218,41595,37876,7455,22160,22073,27971,17351
2021-04-17T03:00:00Z,68643,60938,39004,34829,7705,21667,21588,27963,17500
2021-04-17T04:00:00Z,65893,58953,38278,34694,6940,20586,20509,26267,16614
2021-04-17T05:00:00Z,70748,62696,41152,36988,8052,21428,21352,27115,16824
2021-04-17T06:00:00Z,77373,69313,44190,39564,8060,24302,24213,31285,19364
2021-04-17T07:00:00Z,82256,74680,46745,42735,7576,26173,26092,31918,19259
2021-04-17T08:00:00Z,86277,78075,47828,43545,8202,27777,27693,34111,20896
2021-04-17T09:00:00Z,87567,79812,49230,45108,7755,29075,28995,35256,21775
2021-04-17T10:00:00Z,86387,78890,49053,45120,7497,28405,28321,34817,21600
2021-04-17T11:00:00Z,86924,79520,49497,45467,7404,29020,28942,34739,21437
2021-04-17T12:00:00Z,95575,86524,55475,50699,9051,30641,30565,37943,24150
2021-04-17T13:00:00Z,101901,92932,57284,52756,8969,33783,33694,39967,24943
2021-04-17T14:00:00Z,111332,102403,63284,58678,8929,36850,36757,43308,27363
2021-04-17T15:00:00Z,114734,105856,66559,62016,8878,36748,36665,43796,27717
2021-04-17T16:00:00Z,107300,99258,62494,59038,8042,34888,34798,41160,26374
2021-04-17T17:00:00Z,103533,96657,59379,56139,6876,33521,33442,39770,25657
2021-04-17T18:00:00Z,100349,91539,57027,52319,8810,31742,31661,38970,25621
2021-04-17T19:00:00Z,94021,85051,54435,50167,8970,29871,29794,36138,23502
2021-04-17T20:00:00Z,88944,80631,51958,47734,8313,28197,28102,34319,22536
2021-04-17T21:00:00Z,81219,73846,47760,43703,7373,25871,25787,31435,20846
2021-04-17T22:00:00Z,73312,67005,44143,40760,6307,22995,22920,28017,18567
2021-04-17T23:00:00Z,68141,61691,41665,38185,6450,20960,20887,26228,17453
2021-04-18T00:00:00Z,71707,62661,44627,39164,9046,20207,20140,28233,19403
2021-04-18T01:00:00Z,69267,60917,42311,38064,8350,19689,19619,26851,17841
2021-04-18T02:00:00Z,66882,60884,40528,37494,5998,20854,20777,26378,16751
2021-04-18T03:00:00Z,66190,60140,40054,36468,6050,20820,20753,26464,16966
2021-04-18T04:00:00Z,64892,59416,38895,35785,5476,20217,20149,25640,16379
2021-04-18T05:00:00Z,71616,61490,40524,36941,10126,20708,20637,26297,16240
2021-04-18T06:00:00Z,76114,68854,45004,40547,7260,23521,23449,30203,18926
2021-04-18T07:00:00Z,83707,76916,47017,43251,6791,25889,25816,31235,18888
2021-04-18T08:00:00Z,86745,79431,48105,44366,7314,27879,27801,33862,20812
2021-04-18T09:00:00Z,88128,80256,49439,45352,7872,29424,29344,35968,22265
2021-04-18T10:00:00Z,89087,81293,49928,45943,7794,29497,29420,35838,22374
2021-04-18T11:00:00Z,91483,83283,51215,46994,8200,30230,30149,36129,22532
2021-04-18T12:00:00Z,99784,90485,57142,52242,9299,32738,32647,40566,26278
2021-04-18T13:00:00Z,106965,98713,61448,57252,8252,35369,35269,42019,26288
2021-04-18T14:00:00Z,114584,105398,65173,60694,9186,38458,38377,45385,28909
2021-04-18T15:00:00Z,113544,104447,65009,60838,9097,38563,38474,45597,29479
2021-04-18T16:00:00Z,107612,99743,61321,57924,7869,37155,37076,44168,28295
2021-04-18T17:00:00Z,108324,100782,63658,60354,7542,35483,35396,42023,27088
2021-04-18T18:00:00Z,106255,96933,61390,56734,9322,34362,34272,41825,27748
2021-04-18T19:00:00Z,100986,91537,59386,54720,9449,32710,32630,39419,26125
2021-04-18T20:00:00Z,97763,88523,57397,53277,9240,31319,31240,37713,24760
2021-04-18T21:00:00Z,89288,79815,52028,47807,9473,28693,28610,34696,23120
2021-04-18T22:00:00Z,82235,73861,47980,44439,8374,25324,25248,31604,20601
2021-04-18T23:00:00Z,76194,67923,45811,42278,8271,23398,23322,29141,19259
2021-04-19T00:00:00Z,84709,72061,49707,43958,12648,24790,24698,33836,22527
2021-04-19T01:00:00Z,89038,79898,50249,45505,9140,28487,28405,35852,22637
2021-04-19T02:00:00Z,92795,83335,50889,46913,9460,31394,31302,37666,22080
2021-04-19T03:00:00Z,92917,83800,50107,46124,9117,30551,30474,37221,22097
2021-04-19T04:00:00Z,86114,74906,46669,43139,11208,26834,26745,34097,21045
2021-04-19T05:00:00Z,111847,82744,50081,45858,29103,29426,29327,38812,21742
2021-04-19T06:00:00Z,130528,103628,58450,53402,26900,38137,38016,47813,26854
2021-04-19T07:00:00Z,140280,118717,64841,60307,21563,44351,44220,52305,29333
2021-04-19T08:00:00Z,143652,126953,66294,61959,16699,47511,47362,54850,31061
2021-04-19T09:00:00Z,147527,126540,67383,62536,20987,48186,48022,56124,32484
2021-04-19T10:00:00Z,136665,119253,65274,59889,17412,44806,44662,51916,31410
2021-04-19T11:00:00Z,138905,122441,67616,62440,16464,45046,44917,51807,30937
2021-04-19T12:00:00Z,150066,134163,74675,68500,15903,50033,49879,58221,36059
2021-04-19T13:00:00Z,167008,147889,82084,76015,19119,55120,54960,61976,38054
2021-04-19T14:00:00Z,176854,153266,83448,77433,23588,58184,58028,68484,40570
2021-04-19T15:00:00Z,174190,147653,81271,75251,26537,55693,55541,68359,40084
2021-04-19T16:00:00Z,176701,138395,76444,71368,38306,51571,51405,71585,37390
2021-04-19T17:00:00Z,208019,119174,67493,63092,88845,45725,45570,92297,32634
2021-04-19T18:00:00Z,216771,115122,66352,60744,101649,43539,43388,98412,32832
2021-04-19T20:00:00Z,212051,109124,62139,57269,102927,40346,40197,93311,29503
2021-04-19T22:00:00Z,195999,91489,52209,48061,104510,31712,31583,85694,24418
2021-04-19T23:00:00Z,186822,81838,48964,44855,104984,28953,28841,83027,22756
2021-04-20T00:00:00Z,189998,84185,53128,46856,105813,29919,29793,83460,25130
2021-04-20T02:00:00Z,171038,94874,54945,50726,76164,34794,34682,72260,24737
2021-04-20T03:00:00Z,100509,90688,53141,48641,9821,33344,33243,39744,24086
2021-04-20T04:00:00Z,89458,78738,47950,44148,10720,28459,28359,35465,21727
2021-04-20T05:00:00Z,104779,86534,50585,46262,18245,31444,31328,39738,22531
2021-04-20T06:00:00Z,125392,106501,59368,54152,18891,39763,39643,49390,28755
2021-04-20T07:00:00Z,139304,122869,66121,61655,16435,45937,45801,53029,30571
2021-04-20T08:00:00Z,152420,136372,71987,66532,16048,50115,49969,56940,33518
2021-04-20T09:00:00Z,145310,132062,71582,66293,13248,49904,49766,56009,33900
2021-04-20T10:00:00Z,136572,122678,67505,62360,13894,45792,45649,52525,31762
2021-04-20T11:00:00Z,139714,125255,68676,63345,14459,45964,45825,52761,31986
2021-04-20T12:00:00Z,149847,135909,74806,69096,13938,51196,51040,59193,36592
2021-04-20T13:00:00Z,163910,150002,82599,77232,13908,55996,55845,62788,38727
2021-04-20T14:00:00Z,171670,154390,84010,78293,17280,58498,58331,65201,40462
2021-04-20T15:00:00Z,159811,146283,79874,74341,13528,56203,56044,63123,39786
2021-04-20T16:00:00Z,161273,140141,75764,71110,21132,52034,51881,64229,37175
2021-04-20T17:00:00Z,172799,129132,73474,68314,43667,46558,46405,63960,33805
2021-04-20T18:00:00Z,167024,130205,74870,67765,36819,45746,45586,64293,35544
2021-04-20T19:00:00Z,160148,125300,71915,66387,34848,44270,44117,61261,33123
2021-04-20T20:00:00Z,146714,118886,68710,63435,27828,42525,42369,56559,32284
2021-04-20T21:00:00Z,126437,110551,62407,57435,15886,37677,37547,47337,28865
2021-04-20T22:00:00Z,106178,94117,54813,50233,12061,31911,31795,38669,24672
2021-04-20T23:00:00Z,94928,84073,51289,46629,10855,29175,29065,35736,23178
2021-04-21T00:00:00Z,99763,86412,55168,48848,13351,29337,29218,39350,25447
2021-04-21T01:00:00Z,99542,88991,55286,50285,10551,32122,32007,40350,25188
2021-04-21T02:00:00Z,103319,92547,54023,50066,10772,34101,34002,41874,24419
2021-04-21T03:00:00Z,97678,87017,51648,47412,10661,32349,32253,39758,23372
2021-04-21T04:00:00Z,88723,79145,47331,43654,9578,27908,27808,34799,21310
2021-04-21T05:00:00Z,100071,84363,49309,45333,15708,30397,30267,38337,21924
2021-04-21T06:00:00Z,118442,103701,57263,52978,14741,38805,38677,46781,26503
2021-04-21T07:00:00Z,134550,120369,62842,59453,14181,45042,44910,51943,28971
2021-04-21T08:00:00Z,144979,127744,68204,63386,17235,48842,48697,55447,32307
2021-04-21T09:00:00Z,146090,131782,72149,66873,14308,49239,49085,56258,33646
2021-04-21T10:00:00Z,132145,117687,65688,60509,14458,44397,44247,51595,31221
2021-04-21T11:00:00Z,134515,121241,67771,62850,13274,44734,44586,51048,30769
2021-04-21T12:00:00Z,147281,131971,73239,67253,15310,49600,49465,58189,35794
2021-04-21T13:00:00Z,166873,147980,81166,75393,18893,54306,54156,61465,37142
2021-04-21T14:00:00Z,171367,155737,86298,80679,15630,58361,58198,65316,40719
2021-04-21T15:00:00Z,166596,149288,83148,77091,17308,56279,56112,63102,39725
2021-04-21T16:00:00Z,152817,138718,75050,70536,14099,52217,52055,59086,36995
2021-04-21T17:00:00Z,145402,132906,73370,69066,12496,48005,47861,55960,34451
2021-04-21T18:00:00Z,143389,129327,74254,68348,14062,46301,46167,54076,34814
2021-04-21T19:00:00Z,160474,120210,68986,64186,40264,44006,43874,60254,32358
2021-04-21T20:00:00Z,136473,121376,68345,63206,15097,42772,42635,50220,32232
2021-04-21T21:00:00Z,121087,107808,61844,56950,13279,38506,38376,45529,29170
2021-04-21T22:00:00Z,106684,94672,56544,52102,12012,32977,32860,40278,25949
2021-04-21T23:00:00Z,95316,84114,51587,47135,11202,29551,29437,36600,23405
2021-04-22T00:00:00Z,101593,88294,56169,49724,13299,30007,29897,39342,26211
2021-04-22T01:00:00Z,98058,87547,54689,49243,10511,32386,32294,39716,25290
2021-04-22T02:00:00Z,100725,91355,54311,50243,9370,34668,34564,41058,24852
2021-04-22T03:00:00Z,100524,90914,55944,51655,9610,33285,33186,39580,23953
2021-04-22T04:00:00Z,89476,77801,47564,43758,11675,28217,28113,35126,21553
2021-04-22T05:00:00Z,105319,86504,52701,48207,18815,30757,30649,39134,22429
2021-04-22T06:00:00Z,124611,105291,60450,55333,19320,39523,39404,48879,27743
2021-04-22T07:00:00Z,138025,121227,64461,60092,16798,45356,45226,52478,29740
2021-04-22T08:00:00Z,144126,129566,69884,64826,14560,48938,48791,55652,32562
2021-04-22T09:00:00Z,144453,129425,71073,65258,15028,49312,49179,55225,33338
2021-04-22T10:00:00Z,130657,118136,65654,60785,12521,45175,45029,51141,31472
2021-04-22T11:00:00Z,136822,124252,68303,63411,12570,45041,44908,50997,30957
2021-04-22T12:00:00Z,161924,136294,76734,70273,25630,50140,49998,59596,36028
2021-04-22T13:00:00Z,175118,147856,83377,76575,27262,54411,54250,62455,38129
2021-04-22T14:00:00Z,179904,155888,87061,80993,24016,57865,57703,66019,40746
2021-04-22T15:00:00Z,169974,148221,81731,76079,21753,56160,55997,64135,40108
2021-04-22T16:00:00Z,180411,131796,73591,68936,48615,49704,49534,67811,35235
2021-04-22T17:00:00Z,169196,121382,68570,63663,47814,45040,44869,63168,32670
2021-04-22T19:00:00Z,168674,110074,63308,58078,58600,42252,42106,65470,31018
2021-04-22T20:00:00Z,131373,112881,65340,59970,18492,41518,41372,48256,30956
2021-04-22T21:00:00Z,115398,101982,59068,54182,13416,37312,37177,43788,28395
2021-04-22T22:00:00Z,100046,89780,52106,48091,10266,31939,31820,38535,24931
2021-04-22T23:00:00Z,90263,80553,49326,45204,9710,28991,28887,35242,23040
2021-04-23T00:00:00Z,99379,82201,52471,46261,17178,29202,29080,38623,25150
2021-04-23T01:00:00Z,92355,82104,50465,45514,10251,31710,31603,38931,24630
2021-04-23T02:00:00Z,96067,85837,50191,46289,10230,32966,32853,39257,23440
2021-04-23T03:00:00Z,93550,82941,49439,45040,10609,31525,31420,38359,23215
2021-04-23T04:00:00Z,83484,72575,43892,40373,10909,26860,26749,33597,20646
2021-04-23T05:00:00Z,95633,79781,46932,42957,15852,29173,29070,36858,21299
2021-04-23T06:00:00Z,118454,100820,56293,51216,17634,37320,37194,46101,26644
2021-04-23T07:00:00Z,126814,111658,57086,52726,15156,42479,42338,48873,27838
2021-04-23T08:00:00Z,132966,117091,62043,57316,15875,46901,46759,53118,31462
2021-04-23T09:00:00Z,133744,120028,65592,60820,13716,46696,46551,52705,31729
2021-04-23T10:00:00Z,121007,109147,60310,55689,11860,42061,41909,48482,29752
2021-04-23T11:00:00Z,120642,108901,60410,55481,11741,41009,40874,46910,28752
2021-04-23T12:00:00Z,132007,120173,66419,61066,11834,45209,45074,52859,32821
2021-04-23T13:00:00Z,142912,131069,71401,66806,11843,49478,49323,55229,33774
2021-04-23T14:00:00Z,147646,135635,72785,67976,12011,52280,52124,58126,36222
2021-04-23T15:00:00Z,144163,132590,71408,66662,11573,50612,50448,57105,35902
2021-04-23T16:00:00Z,134231,123328,67572,63605,10903,46110,45951,52101,32500
2021-04-23T17:00:00Z,141040,129333,78650,75121,11707,42463,42324,50704,32354
2021-04-23T18:00:00Z,127351,114635,66693,61299,12716,40660,40537,47676,30640
2021-04-23T19:00:00Z,117372,104200,60559,55288,13172,38419,38267,44534,28891
2021-04-23T20:00:00Z,112884,100049,58615,53829,12835,37102,36963,42880,27645
2021-04-23T21:00:00Z,100763,89833,52901,48436,10930,32289,32153,38194,24870
2021-04-23T22:00:00Z,96541,84879,49592,45238,11662,28372,28256,34615,22763
2021-04-23T23:00:00Z,82268,70128,45149,40295,12140,24490,24383,30835,20064
2021-04-24T00:00:00Z,83243,70404,46549,40123,12839,22956,22850,31772,21543
2021-04-24T01:00:00Z,71691,60526,40403,35408,11165,21769,21668,29419,19104
2021-04-24T02:00:00Z,68166,59856,38920,35104,8310,22041,21954,28237,17636
2021-04-24T03:00:00Z,67508,58437,38016,33586,9071,22184,22104,28324,17987
2021-04-24T04:00:00Z,65734,57875,37222,33399,7859,21099,21013,27051,17077
2021-04-24T05:00:00Z,68578,59764,38790,34376,8814,21400,21319,27466,16804
2021-04-24T06:00:00Z,76726,67772,42976,37834,8954,23871,23790,31399,19363
2021-04-24T07:00:00Z,78370,70371,42208,38112,7999,25890,25805,32132,19377
2021-04-24T08:00:00Z,83031,75235,45151,41394,7796,27853,27772,34224,20715
2021-04-24T09:00:00Z,83258,75813,45606,41614,7445,28737,28663,34430,21370
2021-04-24T10:00:00Z,83120,75685,45379,41547,7435,28450,28372,34724,21593
2021-04-24T11:00:00Z,87120,78664,47790,43479,8456,29027,28955,35425,21638
2021-04-24T12:00:00Z,95194,85453,53413,48298,9741,31561,31474,39546,25107
2021-04-24T13:00:00Z,102371,91924,56179,51747,10447,34934,34847,41052,25598
2021-04-24T14:00:00Z,106900,96574,58236,53476,10326,37726,37632,44534,28116
2021-04-24T15:00:00Z,109938,99742,59963,55576,10196,37744,37654,44787,28854
2021-04-24T16:00:00Z,104867,94737,56490,52695,10130,35648,35565,42491,27249
2021-04-24T17:00:00Z,98471,89341,54558,51125,9130,33689,33597,39474,25425
2021-04-24T18:00:00Z,100271,90150,55675,50592,10121,32584,32495,40231,26622
2021-04-24T19:00:00Z,91370,82252,51430,46943,9118,30533,30455,36973,23926
2021-04-24T20:00:00Z,91434,82302,50551,46247,9132,29348,29269,35934,23342
2021-04-24T21:00:00Z,81413,73401,47015,42981,8012,26534,26458,32684,21385
2021-04-24T22:00:00Z,73653,67050,43245,39924,6603,23428,23341,28696,19000
2021-04-24T23:00:00Z,67828,61416,40986,37504,6412,21713,21638,26911,18187
2021-04-25T00:00:00Z,71408,62279,44030,38523,9129,21396,21306,29138,20115
2021-04-25T01:00:00Z,72942,64239,41188,36890,8703,23894,23825,30366,19439
2021-04-25T02:00:00Z,75869,68522,42425,38762,7347,25933,25852,31436,18987
2021-04-25T03:00:00Z,74854,67973,41973,38248,6881,25490,25404,30973,18765
2021-04-25T04:00:00Z,66124,59158,38083,34631,6966,21075,20991,26434,16767
2021-04-25T05:00:00Z,81374,63853,40318,36445,17521,23345,23263,28764,17389
2021-04-25T06:00:00Z,83176,74986,45783,41230,8190,27987,27906,34409,20692
2021-04-25T07:00:00Z,86626,78798,45294,41468,7828,30352,30263,35737,20800
2021-04-25T08:00:00Z,91066,82297,47352,43298,8769,32342,32252,38087,22640
2021-04-25T09:00:00Z,93773,85901,49901,45946,7872,34206,34116,39812,23993
2021-04-25T10:00:00Z,91210,83725,49979,46116,7485,32101,32020,37690,23223
2021-04-25T11:00:00Z,93119,85659,51226,47492,7460,32439,32357,37838,23256
2021-04-25T12:00:00Z,101424,93056,56644,52250,8368,35135,35050,42490,27008
2021-04-25T13:00:00Z,104152,96732,58317,54825,7420,36949,36861,42409,26567
2021-04-25T14:00:00Z,113620,103825,62716,58433,9795,40183,40082,46712,29544
2021-04-25T15:00:00Z,112748,103022,62796,58586,9726,40441,40339,47109,30392
2021-04-25T16:00:00Z,107433,99030,59431,56043,8403,38141,38050,44605,28567
2021-04-25T17:00:00Z,129062,119829,81365,77801,9233,36457,36362,46169,30844
2021-04-25T18:00:00Z,117746,105530,71458,65625,12216,35346,35254,46186,31820
2021-04-25T19:00:00Z,101829,91542,57287,52851,10287,34517,34425,41225,27490
2021-04-25T20:00:00Z,97953,89165,56023,51847,8788,32945,32852,39315,26472
2021-04-25T21:00:00Z,89139,80746,51415,47634,8393,30106,30020,36044,24368
2021-04-25T22:00:00Z,78013,70563,45420,42026,7450,26229,26158,31903,21347
2021-04-25T23:00:00Z,74816,66168,44153,40337,8648,24611,24523,30277,20390
2021-04-26T00:00:00Z,98148,73983,50953,44206,24165,26318,26224,36577,23972
2021-04-26T01:00:00Z,90500,78367,48017,42741,12133,29406,29313,37477,23677
2021-04-26T02:00:00Z,92929,81390,48687,44208,11539,32140,32031,38448,23114
2021-04-26T03:00:00Z,93495,80518,47901,43597,12977,31260,31162,38199,23020
2021-04-26T04:00:00Z,85937,70638,43691,39983,15299,26806,26691,33910,20514
2021-04-26T05:00:00Z,118921,79774,47810,43088,39147,30123,29993,39531,21939
2021-04-26T06:00:00Z,147556,113532,68647,63350,34024,38651,38523,51995,29921
2021-04-26T07:00:00Z,146674,114302,59072,54105,32372,44553,44407,53460,29363
2021-04-26T08:00:00Z,157948,125896,65212,60165,32052,48260,48106,57078,32175
2021-04-26T09:00:00Z,156021,125373,66248,60795,30648,49363,49198,57715,33250
2021-04-26T10:00:00Z,149827,119453,66585,59494,30374,45132,44964,53847,32556
2021-04-26T11:00:00Z,145134,120311,65659,59716,24823,45233,45091,53524,31855
2021-04-26T12:00:00Z,157446,135261,75349,66792,22185,50841,50679,59743,37255
2021-04-26T13:00:00Z,174367,148956,84114,75628,25411,55826,55678,63622,39968
2021-04-26T14:00:00Z,176627,152716,84596,75872,23911,58968,58819,66537,42131
2021-04-26T15:00:00Z,171528,148596,83209,74841,22932,56852,56695,64156,40664
2021-04-26T16:00:00Z,174937,142776,82396,74429,32161,52310,52166,63726,38316
2021-04-26T17:00:00Z,174043,143787,87534,80137,30256,47859,47694,62342,38559
2021-04-26T18:00:00Z,159076,128968,73022,66510,30108,46202,46046,61673,35972
2021-04-26T19:00:00Z,204639,115893,66149,60893,88746,42926,42778,86197,32053
2021-04-26T20:00:00Z,186546,112686,64987,59412,73860,41835,41675,76399,31865
2021-04-26T21:00:00Z,123854,110550,64009,58392,13304,39546,39396,46483,31045
2021-04-26T22:00:00Z,106375,95455,56733,51987,10920,33568,33445,40082,26990
2021-04-26T23:00:00Z,98243,87405,53370,48614,10838,30785,30679,37693,25030
2021-04-27T00:00:00Z,102819,88393,56473,49802,14426,31515,31390,41072,27541
2021-04-27T01:00:00Z,101010,90465,54384,49236,10545,33876,33774,41724,26640
2021-04-27T02:00:00Z,100838,91561,52704,48785,9277,35485,35380,42127,25355
2021-04-27T03:00:00Z,97422,87571,50606,46305,9851,33873,33778,40819,24856
2021-04-27T04:00:00Z,88020,77689,45845,42153,10331,29119,29009,35722,22584
2021-04-27T05:00:00Z,104731,86642,49266,45159,18089,31914,31797,40540,23008
2021-04-27T06:00:00Z,126151,105368,58188,53121,20783,39917,39782,48922,28471
2021-04-27T07:00:00Z,137601,118350,60414,56070,19251,45141,45008,52926,30125
2021-04-27T08:00:00Z,149758,131194,69351,63846,18564,49556,49392,56762,33367
2021-04-27T09:00:00Z,143228,130098,70479,64962,13130,49176,49039,55866,33948
2021-04-27T10:00:00Z,133749,121722,68339,63319,12027,44796,44658,51447,32054
2021-04-27T11:00:00Z,134672,123612,68513,63847,11060,45080,44948,51308,31407
2021-04-27T12:00:00Z,171007,158729,98388,92645,12278,50375,50227,60407,38898
2021-04-27T13:00:00Z,161015,149182,81315,76446,11833,55370,55210,61443,38150
2021-04-27T14:00:00Z,172206,159488,87897,82483,12718,58742,58579,65675,41152
2021-04-27T15:00:00Z,167583,154137,86001,80337,13446,57123,56959,64236,40632
2021-04-27T16:00:00Z,156061,142247,79920,74960,13814,52090,51942,59487,37321
2021-04-27T17:00:00Z,159039,132592,73396,68896,26447,48305,48161,61299,34733
2021-04-27T18:00:00Z,161509,125905,71582,65849,35604,46528,46376,65321,35439
2021-04-27T19:00:00Z,139465,121723,71016,64578,17742,44512,44362,51482,33502
2021-04-27T20:00:00Z,139359,122143,71188,66135,17216,42277,42120,50707,33392
2021-04-27T21:00:00Z,121766,107967,62183,57316,13799,38487,38344,45434,29707
2021-04-27T22:00:00Z,104122,94008,55478,51234,10114,33062,32936,39059,25449
2021-04-27T23:00:00Z,98388,85102,52781,48469,13286,29922,29805,36210,23348
2021-04-28T00:00:00Z,103782,86304,55915,49293,17478,30503,30386,40146,26588
2021-04-28T01:00:00Z,108793,94687,60528,54968,14106,33158,33051,43677,28023
2021-04-28T02:00:00Z,106267,94622,56450,52659,11645,34770,34669,43337,26833
2021-04-28T03:00:00Z,98294,84970,49683,45348,13324,32958,32852,39732,23897
2021-04-28T04:00:00Z,89176,75884,45542,41827,13292,28029,27927,35050,21708
2021-04-28T05:00:00Z,102962,82884,48775,44736,20078,30802,30690,38966,22205
2021-04-28T06:00:00Z,127379,103543,57381,52414,23836,38903,38767,48903,27615
2021-04-28T07:00:00Z,140505,117636,61660,57102,22869,45510,45383,53567,30159
2021-04-28T08:00:00Z,148606,125879,66275,60863,22727,48289,48143,56267,32628
2021-04-28T09:00:00Z,145801,127917,68428,62994,17884,48738,48574,55590,33576
2021-04-28T10:00:00Z,130742,115845,62968,58227,14897,44690,44548,51209,31602
2021-04-28T11:00:00Z,136601,119179,66536,60433,17422,44529,44391,50543,30902
2021-04-28T12:00:00Z,153269,137113,72807,66804,16156,49101,48952,57123,35519
2021-04-28T13:00:00Z,161683,140473,76840,70759,21210,53912,53748,60725,37262
2021-04-28T14:00:00Z,170419,153061,83993,78496,17358,57865,57695,65222,40853
2021-04-28T15:00:00Z,164418,146634,79856,74518,17784,55917,55763,63047,39927
2021-04-28T16:00:00Z,155027,137650,73640,69318,17377,51502,51353,60183,37256
2021-04-28T17:00:00Z,151356,132765,74511,70010,18591,47249,47084,54361,34190
2021-04-28T18:00:00Z,147699,128752,73866,67301,18947,46141,45983,53926,35152
2021-04-28T19:00:00Z,131192,117784,67292,62132,13408,43547,43411,49625,32389
2021-04-28T20:00:00Z,127020,112597,65126,60004,14423,41283,41143,47680,31200
2021-04-28T21:00:00Z,125271,105048,61842,56958,20223,37696,37555,48200,29013
2021-04-28T22:00:00Z,116911,91536,54613,50016,25375,32146,32004,44688,25818
2021-04-28T23:00:00Z,92778,81154,49638,45358,11624,29007,28894,35596,23257
2021-04-29T00:00:00Z,103076,84287,54033,47664,18789,29547,29422,40435,26236
2021-04-29T01:00:00Z,95603,84151,50978,46047,11452,31881,31773,39419,24883
2021-04-29T02:00:00Z,99543,87805,50997,47210,11738,33657,33544,40483,24093
2021-04-29T03:00:00Z,94467,84310,49931,45875,10157,32311,32207,38515,23601
2021-04-29T04:00:00Z,87849,75515,45101,41737,12334,27801,27689,34495,21317
2021-04-29T05:00:00Z,104998,84196,49354,45480,20802,30270,30147,38046,21826
2021-04-29T06:00:00Z,127900,106343,60224,55229,21557,38885,38753,48395,28062
2021-04-29T07:00:00Z,139030,118508,62683,58125,20522,44983,44827,52983,30576
2021-04-29T08:00:00Z,152512,128470,68217,62771,24042,48990,48847,57565,33590
2021-04-29T09:00:00Z,148080,131460,70439,65306,16620,49933,49764,56772,34598
2021-04-29T10:00:00Z,136804,120698,66970,61883,16106,44862,44723,51740,32236
2021-04-29T11:00:00Z,133699,119222,65878,60922,14477,43907,43778,50264,30771
2021-04-29T12:00:00Z,147516,131641,73107,66872,15875,48645,48493,56182,35796
2021-04-29T13:00:00Z,159249,144544,77647,72742,14705,53793,53642,59644,37190
2021-04-29T14:00:00Z,165175,151268,80849,75668,13907,57447,57269,63885,40255
2021-04-29T15:00:00Z,175598,143815,77515,72354,31783,54796,54616,67890,39308
2021-04-29T16:00:00Z,156474,137351,73042,68988,19123,50585,50416,59217,36573
2021-04-29T17:00:00Z,146224,133115,74297,70106,13109,47022,46863,53087,34037
2021-04-29T18:00:00Z,157939,125254,72667,67044,32685,44780,44632,61702,34572
2021-04-29T20:00:00Z,160030,113504,65459,59871,46526,40296,40142,62045,30943
2021-04-29T21:00:00Z,151278,105329,61464,56648,45949,36913,36753,58941,28612
2021-04-29T22:00:00Z,132858,90525,53728,49661,42333,31543,31405,50705,25169
2021-04-29T23:00:00Z,124849,84262,52354,47852,40587,28949,28829,48324,23556
2021-04-30T00:00:00Z,143199,85590,55608,50126,57609,28592,28469,57984,25013
2021-04-30T01:00:00Z,168986,81152,50011,45007,87834,30237,30125,74687,24023
2021-04-30T02:00:00Z,185843,83195,50058,46377,102648,31612,31488,83138,23164
2021-04-30T03:00:00Z,174064,80178,48784,44828,93886,29868,29766,76450,22161
2021-04-30T04:00:00Z,151278,73606,46413,42629,77672,25864,25746,63706,20595
2021-04-30T05:00:00Z,105257,81449,48533,44284,23808,28370,28251,38306,20905
2021-04-30T06:00:00Z,118609,97529,56486,51771,21080,35629,35500,44714,25810
2021-04-30T07:00:00Z,128833,111049,61105,56662,17784,40749,40620,48214,27978
2021-04-30T08:00:00Z,141263,117737,64039,59027,23526,43894,43752,53040,30676
2021-04-30T09:00:00Z,187982,118807,66026,61333,69175,43994,43857,77455,30478
2021-04-30T10:00:00Z,186876,115307,61190,56672,71569,39510,39380,73623,28845
2021-04-30T11:00:00Z,176644,120297,62297,57817,56347,38638,38506,65249,28033
2021-04-30T13:00:00Z,227286,135358,65998,61663,91928,44909,44765,91888,31490
2021-04-30T14:00:00Z,220237,122602,67760,62833,97635,47600,47444,98559,33818
2021-04-30T22:00:00Z,112564,84986,49891,45404,27578,27400,27279,42007,22303
2021-04-30T23:00:00Z,85535,74699,48009,43580,10836,24309,24203,30994,20657
2021-05-01T00:00:00Z,86158,69980,50163,42284,16178,22596,22487,33071,23229
2021-05-01T01:00:00Z,76336,63057,44636,38745,13279,20959,20869,29180,19926
2021-05-01T02:00:00Z,74605,60664,41035,36438,13941,21035,20935,27692,18108
2021-05-01T03:00:00Z,67932,57593,39257,34732,10339,20108,20024,26226,17149
2021-05-01T04:00:00Z,68951,57182,37335,33661,11769,19427,19347,25697,16319
2021-05-01T05:00:00Z,104628,61950,40721,36290,42678,19859,19761,28576,16227
2021-05-01T06:00:00Z,96045,80650,57064,52227,15395,22047,21975,32477,21247
2021-05-01T07:00:00Z,89862,80037,55261,50996,9825,23415,23331,31907,20524
2021-05-01T08:00:00Z,91658,81206,54923,50947,10452,24851,24770,33830,22007
2021-05-01T09:00:00Z,112299,102920,74821,70607,9379,26158,26075,35576,23174
2021-05-01T10:00:00Z,88043,77074,48942,44864,10969,26501,26424,34069,22050
2021-05-01T11:00:00Z,88995,77992,49121,44840,11003,26686,26604,32822,20646
2021-05-01T12:00:00Z,94077,83127,52475,47413,10950,29047,28960,36890,23815
2021-05-01T13:00:00Z,99787,88099,54441,50261,11688,31319,31232,37925,23652
2021-05-01T14:00:00Z,104461,94894,57896,53582,9567,34529,34457,41363,26304
2021-05-01T15:00:00Z,105037,95866,58555,54671,9171,34349,34260,41406,26490
2021-05-01T16:00:00Z,103916,95897,60294,57103,8019,33318,33235,39800,25845
2021-05-01T17:00:00Z,102087,94565,60002,56998,7522,31902,31813,38150,24679
2021-05-01T18:00:00Z,97046,88242,56954,52517,8804,30618,30541,37760,24808
2021-05-01T19:00:00Z,90696,82407,53180,49329,8289,28825,28729,34625,22611
2021-05-01T20:00:00Z,86596,78492,50910,47430,8104,27095,27000,32617,21685
2021-05-01T21:00:00Z,79851,71920,46896,43219,7931,25144,25069,30964,20433
2021-05-01T22:00:00Z,71743,64780,42333,39200,6963,22123,22045,27939,18538
2021-05-01T23:00:00Z,68759,61340,42807,39328,7419,20501,20431,25934,17439
2021-05-02T00:00:00Z,72098,63297,45136,40181,8801,19586,19510,27228,18955
2021-05-02T01:00:00Z,69423,60550,42920,38564,8873,19139,19080,26496,18140
2021-05-02T02:00:00Z,66020,59704,40436,37183,6316,20079,20009,25869,17220
2021-05-02T03:00:00Z,64566,58842,39959,36829,5724,19383,19328,24848,16224
2021-05-02T04:00:00Z,63545,57963,38043,35176,5582,18975,18914,24435,15629
2021-05-02T05:00:00Z,79124,69854,50282,47004,9270,19619,19554,27452,18292
2021-05-02T06:00:00Z,84247,76813,54532,50224,7434,22022,21942,31314,20896
2021-05-02T07:00:00Z,74971,68389,43037,39403,6582,23979,23905,30023,18630
2021-05-02T08:00:00Z,80719,72455,45482,41582,8264,25507,25433,31604,19811
2021-05-02T09:00:00Z,82736,75308,46876,43130,7428,26775,26697,32925,20917
2021-05-02T10:00:00Z,83442,76187,46964,43342,7255,26905,26827,33229,20922
2021-05-02T11:00:00Z,88169,79840,50223,46235,8329,27466,27391,33572,20997
2021-05-02T12:00:00Z,110231,101571,69594,65198,8660,30135,30061,40363,27007
2021-05-02T13:00:00Z,99651,91961,57605,53743,7690,32462,32385,38788,24384
2021-05-02T14:00:00Z,104266,96342,59270,55116,7924,35630,35549,41970,27050
2021-05-02T15:00:00Z,106881,97543,60414,56335,9338,35747,35664,42946,27697
2021-05-02T16:00:00Z,101337,92823,57217,53717,8514,34446,34365,41350,26769
2021-05-02T17:00:00Z,102373,93675,58457,54838,8698,33484,33407,39948,26074
2021-05-02T18:00:00Z,100947,90759,58770,53654,10188,32461,32383,40091,26901
2021-05-02T19:00:00Z,99173,88627,55580,50706,10546,31270,31182,38131,25313
2021-05-02T20:00:00Z,94503,84431,52976,48585,10072,29623,29530,36178,24529
2021-05-02T21:00:00Z,86973,78183,50256,46299,8790,27861,27771,33892,22574
2021-05-02T22:00:00Z,79450,71394,45655,42394,8056,24609,24528,31096,20706
2021-05-02T23:00:00Z,74498,66331,45183,41711,8167,22776,22699,28915,19487
2021-05-03T00:00:00Z,86146,69123,48006,42494,17023,23379,23286,33009,22026
2021-05-03T01:00:00Z,78444,66528,45106,40088,11916,23889,23798,32215,21584
2021-05-03T02:00:00Z,79142,68893,44737,41159,10249,25073,24992,31299,20399
2021-05-03T03:00:00Z,86442,74304,50381,46405,12138,24424,24340,33176,22533
2021-05-03T04:00:00Z,88687,74119,48915,45483,14568,24329,24230,33412,21757
2021-05-03T05:00:00Z,105623,74206,45624,41326,31417,25422,25304,33921,19592
2021-05-03T06:00:00Z,112690,85868,51008,46221,26822,30213,30082,39683,23449
2021-05-03T07:00:00Z,120899,96227,53460,48910,24672,35531,35391,43460,25136
2021-05-03T08:00:00Z,128641,104684,57238,52796,23957,38682,38541,46894,27935
2021-05-03T09:00:00Z,129858,107935,58997,54149,21923,39542,39396,47430,28697
2021-05-03T10:00:00Z,126665,102849,58897,53621,23816,38120,37983,46546,28536
2021-05-03T11:00:00Z,127531,109196,62796,57392,18335,39476,39352,46380,28725
2021-05-03T12:00:00Z,139993,126103,71347,65623,13890,44764,44629,53101,33880
2021-05-03T13:00:00Z,151184,135040,74750,69474,16144,49990,49845,56877,35468
2021-05-03T14:00:00Z,159912,146527,81538,76153,13385,54548,54414,60956,38741
2021-05-03T15:00:00Z,154138,141868,78918,74170,12270,53039,52889,59506,38174
2021-05-03T16:00:00Z,148962,137305,78419,73953,11657,49254,49111,56251,36113
2021-05-03T17:00:00Z,142003,129350,72894,68372,12653,46245,46114,52801,33732
2021-05-03T18:00:00Z,139383,126111,72461,66794,13272,45025,44887,52968,34277
2021-05-03T19:00:00Z,131836,119075,68222,63027,12761,43678,43545,50261,32686
2021-05-03T20:00:00Z,128750,115078,65880,60861,13672,41951,41810,48771,31466
2021-05-03T21:00:00Z,119780,106540,62523,57311,13240,37523,37391,44060,28894
2021-05-03T22:00:00Z,106017,93752,55885,51812,12265,32234,32115,39004,25699
2021-05-03T23:00:00Z,96626,85101,52292,47962,11525,29374,29256,36095,23533
2021-05-04T00:00:00Z,103060,86131,56354,50257,16929,29202,29091,39175,26051
2021-05-04T01:00:00Z,90532,80074,52018,46632,10458,28853,28736,36582,24596
2021-05-04T02:00:00Z,92055,80150,50447,45732,11905,28735,28643,36164,23377
2021-05-04T03:00:00Z,86593,76467,48225,43921,10126,27168,27060,34074,21851
2021-05-04T04:00:00Z,86920,75150,45735,42248,11770,26678,26573,33765,21044
2021-05-04T05:00:00Z,97551,79804,46017,42025,17747,27134,27025,34938,20312
2021-05-04T06:00:00Z,112034,93699,53948,49250,18335,33132,33002,42730,25604
2021-05-04T07:00:00Z,119816,103789,56320,51951,16027,38598,38480,45874,27270
2021-05-04T08:00:00Z,131629,112903,60651,56045,18726,42014,41872,50570,30323
2021-05-04T09:00:00Z,132886,118607,64453,59274,14279,43122,42978,50496,31335
2021-05-04T10:00:00Z,130506,114508,63926,58640,15998,41013,40880,48716,29889
2021-05-04T11:00:00Z,130975,116678,66319,61326,14297,42076,41952,48923,30245
2021-05-04T12:00:00Z,145504,129197,71895,65298,16307,46756,46613,54770,34670
2021-05-04T13:00:00Z,160995,147308,81651,76686,13687,52682,52533,59322,36860
2021-05-04T14:00:00Z,167509,152741,83617,78387,14768,56319,56173,63407,40576
2021-05-04T15:00:00Z,162287,150123,79789,74981,12164,55050,54898,62164,39513
2021-05-04T16:00:00Z,153493,137861,75707,69636,15632,50711,50558,58132,37684
2021-05-04T17:00:00Z,148011,133078,75244,69522,14933,47365,47222,54853,35247
2021-05-04T18:00:00Z,145496,130992,74898,68519,14504,46024,45878,54486,35631
2021-05-04T19:00:00Z,135878,122070,68727,62882,13808,43313,43161,49657,32336
2021-05-04T20:00:00Z,132859,117577,68404,62637,15282,41474,41336,48401,31483
2021-05-04T21:00:00Z,122771,107256,61951,56822,15515,37975,37817,45411,28921
2021-05-04T22:00:00Z,111336,96482,55403,50989,14854,32595,32471,41848,26246
2021-05-04T23:00:00Z,101075,84186,51517,46555,16889,29249,29123,37526,23735
2021-05-05T00:00:00Z,97572,82474,54149,47963,15098,27749,27632,37470,25368
2021-05-05T01:00:00Z,88552,76410,48729,42873,12142,27488,27375,35973,24048
2021-05-05T02:00:00Z,87375,76768,47258,43029,10607,27542,27431,34591,22420
2021-05-05T03:00:00Z,87934,76080,46201,41574,11854,26909,26803,34517,21970
2021-05-05T04:00:00Z,92021,76317,46114,42206,15704,26259,26155,34219,20865
2021-05-05T05:00:00Z,107849,78033,45962,41421,29816,27308,27188,36731,20879
2021-05-05T06:00:00Z,122694,94192,53565,48941,28502,33405,33276,43603,25658
2021-05-05T07:00:00Z,132382,110166,59728,55185,22216,39450,39320,47732,28220
2021-05-05T08:00:00Z,141578,116453,62095,56739,25125,43043,42891,51692,30775
2021-05-05T09:00:00Z,135929,119070,64517,59416,16859,43950,43802,50679,31261
2021-05-05T10:00:00Z,130910,114424,63304,58233,16486,42322,42191,49278,30759
2021-05-05T11:00:00Z,136287,122150,69982,65192,14137,42799,42649,48893,30172
2021-05-05T12:00:00Z,148469,135625,76196,71014,12844,48659,48516,55845,35383
2021-05-05T13:00:00Z,164412,149356,82723,78032,15056,53783,53633,59609,37220
2021-05-05T14:00:00Z,164368,149909,79729,74499,14459,57848,57685,64599,40353
2021-05-05T15:00:00Z,163246,149100,81350,75905,14146,55789,55637,62955,40034
2021-05-05T16:00:00Z,154622,141877,76893,72180,12745,51536,51382,58765,37110
2021-05-05T17:00:00Z,149818,137188,77989,73735,12630,48097,47944,54677,34742
2021-05-05T18:00:00Z,148206,134318,78712,72934,13888,46633,46482,54299,35493
2021-05-05T19:00:00Z,138098,124483,73175,67498,13615,43225,43075,49290,32245
2021-05-05T20:00:00Z,134510,117336,68218,63071,17174,41502,41360,48522,31200
2021-05-05T21:00:00Z,124990,109110,63799,58896,15880,37879,37738,44828,29018
2021-05-05T22:00:00Z,108871,95864,57213,52890,13007,32176,32041,39113,25527
2021-05-05T23:00:00Z,100271,88692,54381,49778,11579,29432,29303,35939,23665
2021-05-06T00:00:00Z,110150,90259,57833,51818,19891,29510,29389,40339,26080
2021-05-06T01:00:00Z,94304,83958,51575,46519,10346,31422,31308,39227,24849
2021-05-06T02:00:00Z,97935,87412,50004,46260,10523,33229,33123,39303,23626
2021-05-06T03:00:00Z,96047,85630,50895,46592,10417,31797,31696,38671,23315
2021-05-06T04:00:00Z,91009,77970,47129,43701,13039,27928,27818,35090,21441
2021-05-06T05:00:00Z,108129,85068,50548,46567,23061,30500,30381,38760,21906
2021-05-06T06:00:00Z,122172,102163,56829,52017,20009,38413,38287,47777,27434
2021-05-06T07:00:00Z,136272,118608,62938,58196,17664,44294,44156,52136,29947
2021-05-06T08:00:00Z,145250,125432,66579,61783,19818,47948,47796,55783,32629
2021-05-06T09:00:00Z,144667,130051,67640,62506,14616,48734,48591,55824,33419
2021-05-06T10:00:00Z,131440,116663,63229,58388,14777,44913,44775,52765,32112
2021-05-06T11:00:00Z,136138,123896,68539,63934,12242,44992,44852,51675,31798
2021-05-06T12:00:00Z,146467,133876,73585,68164,12591,49445,49303,57619,36159
2021-05-06T13:00:00Z,161449,147430,78972,74079,14019,54637,54477,60993,37749
2021-05-06T14:00:00Z,163348,150599,80944,75831,12749,58109,57954,64342,40700
2021-05-06T15:00:00Z,168006,144827,79567,74467,23179,55680,55520,64771,39825
2021-05-06T16:00:00Z,193038,141115,85145,80575,51923,48640,48488,70993,37905
2021-05-06T17:00:00Z,176466,126852,70818,66225,49614,45862,45716,64227,33529
2021-05-06T18:00:00Z,185239,120062,68255,62572,65177,43856,43695,72392,33690
2021-05-06T19:00:00Z,184302,113562,65137,59633,70740,41671,41510,73407,31055
2021-05-06T20:00:00Z,183392,107786,61748,56186,75606,40022,39866,70762,30251
2021-05-06T21:00:00Z,177816,100379,57702,52623,77437,36625,36482,65020,28132
2021-05-06T22:00:00Z,178997,88373,51672,47445,90624,31371,31232,64070,24700
2021-05-06T23:00:00Z,166791,80520,49063,44612,86271,28575,28450,65216,23106
2021-05-07T00:00:00Z,148900,82598,52269,46137,66302,29096,28972,59288,25406
2021-05-07T01:00:00Z,161416,84443,51556,46065,76973,31537,31423,68197,25077
2021-05-07T02:00:00Z,155040,86391,49871,46195,68649,33414,33305,62994,23716
2021-05-07T03:00:00Z,150235,84689,48708,44405,65546,31984,31875,61559,23222
2021-05-07T04:00:00Z,134555,75277,45517,41906,59278,27445,27342,52442,21080
2021-05-07T05:00:00Z,104249,81221,48683,44001,23028,29462,29352,38567,21500
2021-05-07T06:00:00Z,120781,101659,56865,51995,19122,38188,38068,46847,26903
2021-05-07T07:00:00Z,131879,116048,61157,56667,15831,44163,44030,50915,29343
2021-05-07T08:00:00Z,149134,125222,66899,61758,23912,48002,47853,56307,32980
2021-05-07T09:00:00Z,182000,120838,65530,59499,61162,46594,46435,69156,32130
2021-05-07T10:00:00Z,189365,110323,61061,56302,79042,42321,42172,73216,29505
2021-05-09T10:00:00Z,185873,75957,46993,43039,109916,27911,27820,80840,21798
2021-05-09T11:00:00Z,186783,78914,49722,45880,107869,28633,28541,80693,22079
2021-05-09T12:00:00Z,190535,84239,53070,48577,106296,30616,30522,83761,24797
2021-05-09T13:00:00Z,191669,90763,55812,51844,100906,32762,32672,83931,24759
2021-05-09T14:00:00Z,206843,101904,65936,62042,104939,35892,35791,92472,29739
2021-05-09T15:00:00Z,200989,92213,56028,52201,108776,35716,35610,88495,27409
2021-05-09T16:00:00Z,196741,87348,53036,49778,109393,33553,33462,88262,25946
2021-05-09T17:00:00Z,194236,86540,54662,51291,107696,31494,31402,84068,24422
2021-05-09T18:00:00Z,195770,84576,55179,50690,111194,30186,30103,84564,25133
2021-05-09T19:00:00Z,192676,78135,49067,45411,114541,28992,28902,82868,23028
2021-05-12T01:00:00Z,176992,75704,46608,41923,101288,28606,28485,89960,22259
2021-05-12T02:00:00Z,131970,92217,53424,49466,39753,33694,33583,52445,24059
2021-05-12T03:00:00Z,108655,85256,50503,46082,23399,31962,31867,43783,23351
2021-05-12T04:00:00Z,97968,77701,46215,42455,20267,27868,27773,37039,21262
2021-05-12T05:00:00Z,178699,86550,49051,44979,92149,30354,30226,45647,21845
2021-05-12T06:00:00Z,166698,106850,59717,53704,59848,38221,38087,51965,27588
2021-05-12T07:00:00Z,146151,124073,65799,60072,22078,44840,44682,53346,30190
2021-05-12T08:00:00Z,157631,133071,69893,64312,24560,48374,48224,58421,32736
2021-05-12T09:00:00Z,156870,132388,70780,65631,24482,48789,48623,59531,33435
2021-05-12T10:00:00Z,150300,123652,69141,63803,26648,44893,44747,55737,32010
2021-05-12T11:00:00Z,140622,124153,68927,63856,16469,43747,43609,50724,30632
2021-05-12T12:00:00Z,152847,137677,77229,71264,15170,49559,49400,56937,35688
2021-05-12T13:00:00Z,165146,149086,81561,76204,16060,53629,53472,60094,36858
2021-05-12T14:00:00Z,169791,154803,83837,78419,14988,57901,57733,64185,40378
2021-05-12T15:00:00Z,164891,149326,80891,75657,15565,56169,56008,63100,39913
2021-05-12T16:00:00Z,154374,139837,76378,71754,14537,50232,50071,57561,36680
2021-05-12T17:00:00Z,151091,133133,74616,69442,17958,46645,46488,54344,34151
2021-05-12T18:00:00Z,153820,136894,75745,69361,16926,46426,46270,55526,36432
2021-05-12T19:00:00Z,146716,127251,71536,65542,19465,43567,43416,51514,32747
2021-05-12T20:00:00Z,137919,119042,67733,61854,18877,40961,40806,49262,31479
2021-05-12T21:00:00Z,121907,105256,61936,55930,16651,36590,36450,45071,28792
2021-05-12T22:00:00Z,107354,91633,54178,48741,15721,31551,31436,39637,25761
2021-05-12T23:00:00Z,99033,83921,51990,46774,15112,28397,28291,36397,23564
2021-05-13T00:00:00Z,112190,88791,56550,49832,23399,28762,28648,39530,25691
2021-05-13T01:00:00Z,102072,88054,53712,47520,14018,31117,31012,39526,25039
2021-05-13T02:00:00Z,103340,91191,53461,49180,12149,32886,32771,39395,23613
2021-05-13T03:00:00Z,97509,85821,50141,46046,11688,31566,31473,38322,23299
2021-05-13T04:00:00Z,97865,79075,45395,41348,18790,27043,26927,35194,21328
2021-05-13T05:00:00Z,114651,82632,48086,43654,32019,29262,29128,38666,21311
2021-05-13T06:00:00Z,137675,97712,55240,50080,39963,34943,34819,47330,26215
2021-05-13T07:00:00Z,128493,103717,57925,52027,24776,38766,38639,47201,27172
2021-05-13T08:00:00Z,129134,113207,61373,56469,15927,42098,41953,49978,29400
2021-05-13T09:00:00Z,132131,115617,63292,58134,16514,43138,43009,50817,30632
2021-05-13T10:00:00Z,129000,112517,63341,58258,16483,40665,40528,48097,29885
2021-05-13T11:00:00Z,127969,112948,64352,59379,15021,40464,40343,47102,28977
2021-05-13T12:00:00Z,136836,123023,70623,64959,13813,44503,44371,52619,33129
2021-05-13T13:00:00Z,150078,134283,74608,69547,15795,49391,49244,56217,34791
2021-05-13T14:00:00Z,159931,145164,80652,75282,14767,53729,53583,60942,38629
2021-05-13T15:00:00Z,155254,141779,78343,73358,13475,52381,52232,59072,37902
2021-05-13T16:00:00Z,142996,131672,73193,68887,11324,48354,48213,54849,35341
2021-05-13T17:00:00Z,139349,127070,71313,66860,12279,44787,44640,51560,32997
2021-05-13T18:00:00Z,138116,124080,71251,65460,14036,43044,42889,50912,33274
2021-05-13T19:00:00Z,128254,115944,64642,59662,12310,40863,40731,47661,31054
2021-05-13T20:00:00Z,130484,110983,63182,57941,19501,39046,38911,48006,29789
2021-05-13T21:00:00Z,125634,100443,57862,53314,25191,35000,34863,46863,27153
2021-05-13T22:00:00Z,100675,85075,49114,45387,15600,30223,30099,38229,23762
2021-05-13T23:00:00Z,89180,78330,47261,42786,10850,27203,27089,33833,22461
2021-05-14T00:00:00Z,95568,80251,50221,44977,15317,27892,27770,36588,23968
2021-05-14T01:00:00Z,92437,81663,48006,43087,10774,30102,30003,38009,24127
2021-05-14T02:00:00Z,95873,84762,46854,42958,11111,31465,31363,38385,22767
2021-05-14T03:00:00Z,87277,78216,45283,41478,9061,29902,29811,36160,21886
2021-05-14T04:00:00Z,81605,70309,42311,38793,11296,25373,25281,32318,19935
2021-05-14T05:00:00Z,98945,79140,46008,42126,19805,27659,27548,35460,20249
2021-05-14T06:00:00Z,115381,92662,52998,48115,22719,34368,34251,44241,25214
2021-05-14T07:00:00Z,119725,105341,57744,52750,14384,39767,39634,47081,27108
2021-05-14T08:00:00Z,128499,114245,61604,56644,14254,43262,43137,50457,29796
2021-05-14T09:00:00Z,132514,119488,66977,61857,13026,43978,43840,51132,30943
2021-05-14T10:00:00Z,124585,109799,62569,56716,14786,40336,40210,47210,29320
2021-05-14T11:00:00Z,122352,109106,62043,56894,13246,39185,39066,45985,28510
2021-05-14T12:00:00Z,131331,118532,67328,61836,12799,43293,43156,51355,32618
2021-05-14T13:00:00Z,142298,129060,70591,65861,13238,47371,47215,54135,33787
2021-05-14T14:00:00Z,149308,137005,74904,70015,12303,51414,51273,58456,37106
2021-05-14T15:00:00Z,144961,132871,73157,68481,12090,49800,49659,56518,35981
2021-05-14T16:00:00Z,135398,123676,68055,63768,11722,45445,45304,52553,33503
2021-05-14T17:00:00Z,128688,117976,64433,60203,10712,42803,42668,49387,31302
2021-05-14T18:00:00Z,125755,113059,65025,59546,12696,40278,40141,47926,31192
2021-05-14T19:00:00Z,120090,106587,61832,56718,13503,37376,37232,43631,28337
2021-05-14T20:00:00Z,110773,98119,57960,53065,12654,34812,34688,41136,26856
2021-05-14T21:00:00Z,99321,87851,51537,46862,11470,31170,31041,37427,24422
2021-05-14T22:00:00Z,85250,75344,44422,40714,9906,26056,25947,31714,20786
2021-05-14T23:00:00Z,78236,67398,42468,38215,10838,23052,22942,29728,19633
2021-05-15T00:00:00Z,78166,66856,44963,39674,11310,21577,21473,29634,20189
2021-05-15T01:00:00Z,69900,59202,39805,34784,10698,20269,20181,27761,18532
2021-05-15T02:00:00Z,66184,58858,37677,34096,7326,20790,20712,26896,16957
2021-05-15T03:00:00Z,66454,58851,37147,33337,7603,21051,20977,27414,17315
2021-05-15T04:00:00Z,65422,57488,36501,33025,7934,20463,20381,26686,16673
2021-05-15T05:00:00Z,69718,61623,39583,35892,8095,21479,21394,26931,16409
2021-05-15T06:00:00Z,78331,69713,45608,40918,8618,24059,23984,31254,19524
2021-05-15T07:00:00Z,83445,73720,45729,41170,9725,26263,26176,33058,19858
2021-05-15T08:00:00Z,83253,75290,45167,40939,7963,28062,27976,34537,21017
2021-05-15T09:00:00Z,84908,77176,46874,42700,7732,28829,28761,35319,21706
2021-05-15T10:00:00Z,84683,77798,46873,43079,6885,28867,28783,35229,21909
2021-05-15T11:00:00Z,95914,88571,56140,52340,7343,29559,29474,35404,22097
2021-05-15T12:00:00Z,99493,89239,55425,50328,10254,32137,32038,40076,25858
2021-05-15T13:00:00Z,104296,94297,58525,54076,9999,34263,34176,40961,26097
2021-05-15T14:00:00Z,108167,98382,58587,53977,9785,36951,36854,44108,27999
2021-05-15T15:00:00Z,106586,97009,57927,53651,9577,36920,36832,43997,28096
2021-05-15T16:00:00Z,106278,96047,56086,52392,10231,34864,34783,42136,27234
2021-05-15T17:00:00Z,100681,90747,56645,52715,9934,32240,32152,39952,25579
2021-05-15T18:00:00Z,94121,84280,54295,49250,9841,30344,30259,38319,25480
2021-05-15T19:00:00Z,95723,80524,55289,46544,15199,28757,28666,36073,24201
2021-05-15T20:00:00Z,92389,75260,53077,43633,17129,26858,26770,34238,23171
2021-05-15T21:00:00Z,82166,69231,48237,41075,12935,24144,24067,30934,20727
2021-05-15T22:00:00Z,68351,60756,39575,35901,7595,20981,20903,27033,18059
2021-05-15T23:00:00Z,72295,65303,38342,34380,6992,28604,28533,25423,17260
2021-05-16T00:00:00Z,91071,82182,40646,35649,8889,43021,42943,26875,18383
2021-05-16T01:00:00Z,91426,80693,39085,34205,10733,43787,43704,26775,18284
2021-05-16T02:00:00Z,69943,63318,39030,35772,6625,24902,24828,25583,16519
2021-05-16T03:00:00Z,64188,58450,38543,35362,5738,20291,20231,26234,16767
2021-05-16T04:00:00Z,62306,56265,36288,33242,6041,20259,20205,25634,16649
2021-05-16T05:00:00Z,74626,63433,39094,35648,11193,20719,20651,26357,16158
2021-05-16T06:00:00Z,74979,68890,43448,39937,6089,23680,23615,30254,18739
2021-05-16T07:00:00Z,77991,72838,42773,39875,5153,25797,25732,32311,19432
2021-05-16T08:00:00Z,81319,76580,44365,41978,4739,28241,28170,34300,20949
2021-05-16T09:00:00Z,83888,79489,46142,43994,4399,30079,30011,36099,22238
2021-05-16T10:00:00Z,88963,84316,48303,46251,4647,30746,30677,36568,22701
2021-05-16T11:00:00Z,89944,85722,50216,48659,4222,31373,31297,37061,22968
2021-05-16T12:00:00Z,96687,92513,53657,52270,4174,33895,33828,40089,24897
2021-05-16T13:00:00Z,101566,97200,55837,54479,4366,37186,37115,43020,26528
2021-05-16T14:00:00Z,111236,106225,62145,60638,5011,40397,40323,46585,29346
2021-05-16T15:00:00Z,108234,102906,59896,58540,5328,39992,39923,45862,29050
2021-05-16T16:00:00Z,102837,95867,57599,55240,6970,36510,36427,42866,27592
2021-05-16T17:00:00Z,103850,95005,59549,55891,8845,34271,34179,41440,27006
2021-05-16T18:00:00Z,106351,96150,62518,57527,10201,33252,33166,41117,27557
2021-05-16T19:00:00Z,97024,87825,55825,51489,9199,32012,31930,38329,25905
2021-05-16T20:00:00Z,92432,84206,53551,49531,8226,30423,30345,36818,24683
2021-05-16T21:00:00Z,83036,75313,47976,44214,7723,27209,27126,33376,22134
2021-05-16T22:00:00Z,76218,69083,44980,41654,7135,23732,23658,29585,19777
2021-05-16T23:00:00Z,72230,64098,43281,39271,8132,22047,21979,28430,19077
2021-05-17T00:00:00Z,84954,69196,48338,42764,15758,23436,23349,32293,21634
2021-05-17T01:00:00Z,85410,73220,46685,41224,12190,26734,26649,34593,21888
2021-05-17T02:00:00Z,89869,77559,47377,43090,12310,29504,29408,36311,21619
2021-05-17T03:00:00Z,90238,78260,47792,43663,11978,28963,28874,35410,21299
2021-05-17T04:00:00Z,90032,71520,43482,39468,18512,26355,26259,34295,20363
2021-05-17T05:00:00Z,129184,82139,48285,44042,47045,29752,29636,40057,21595
2021-05-17T06:00:00Z,157052,100166,55968,51006,56886,37573,37450,50361,26644
2021-05-17T07:00:00Z,161869,122567,68055,63314,39302,44227,44093,55462,29700
2021-05-17T08:00:00Z,157119,128754,68386,61934,28365,47959,47811,56130,32501
2021-05-17T09:00:00Z,147338,130815,68859,63780,16523,48987,48851,55603,32958
2021-05-17T10:00:00Z,139833,123352,68489,63656,16481,45109,44971,51943,31543
2021-05-17T11:00:00Z,141858,125379,66565,62093,16479,45110,44979,51962,31229
2021-05-17T12:00:00Z,158608,141431,79448,73015,17177,50872,50722,58522,36493
2021-05-17T13:00:00Z,164541,147337,79461,74097,17204,55033,54866,61919,37961
2021-05-17T14:00:00Z,175020,158937,87006,80839,16083,58562,58389,65638,41252
2021-05-17T15:00:00Z,164929,151348,82115,76981,13581,56280,56127,63701,40360
2021-05-17T16:00:00Z,152102,138975,76140,71172,13127,51176,51030,58965,37788
2021-05-17T17:00:00Z,149762,133863,74075,68942,15899,47254,47115,55057,34804
2021-05-17T18:00:00Z,146107,131111,73072,66699,14996,45809,45666,54630,35391
2021-05-17T19:00:00Z,137304,122401,68219,62642,14903,43275,43131,50851,32872
2021-05-17T20:00:00Z,134154,116616,66819,61040,17538,41244,41097,49424,31861
2021-05-17T21:00:00Z,126900,102551,58950,53260,24349,36479,36341,46283,28606
2021-05-17T22:00:00Z,101971,87913,50478,45737,14058,30761,30635,38209,24700
2021-05-17T23:00:00Z,97214,82206,49746,44622,15008,28491,28369,36083,23354
2021-05-18T00:00:00Z,101464,84991,52211,46814,16473,29001,28877,38371,24780
2021-05-18T01:00:00Z,112745,87369,52599,47365,25376,31690,31587,45514,24822
2021-05-18T02:00:00Z,108417,89572,52079,47734,18845,33637,33525,43698,24589
2021-05-18T03:00:00Z,97764,84618,47702,43777,13146,31589,31495,39482,22865
2021-05-18T04:00:00Z,90085,73618,43499,39902,16467,27380,27276,35456,21227
2021-05-18T05:00:00Z,110868,83764,48212,44018,27104,30533,30406,39900,22069
2021-05-18T06:00:00Z,141784,106678,60102,54628,35106,39147,39017,51194,28334
2021-05-18T07:00:00Z,151613,119610,62759,56850,32003,45766,45618,55949,30281
2021-05-18T08:00:00Z,152281,133586,71596,66606,18695,49171,49024,56991,32938
2021-05-18T09:00:00Z,153303,134955,74298,69346,18348,49697,49551,56924,34286
2021-05-18T10:00:00Z,141593,125157,70540,65387,16436,45415,45271,52523,32332
2021-05-18T11:00:00Z,143654,128715,71312,66594,14939,45811,45688,52812,32012
2021-05-18T12:00:00Z,156197,140772,79864,74105,15425,50871,50724,58927,36644
2021-05-18T13:00:00Z,172096,153435,83317,78775,18661,55516,55370,63186,38312
2021-05-18T14:00:00Z,176818,160166,86212,81236,16652,59307,59150,66848,41192
2021-05-18T15:00:00Z,166710,151433,80526,75822,15277,57181,57036,64230,39936
2021-05-18T16:00:00Z,153946,138855,73582,69603,15091,51684,51528,59102,36875
2021-05-18T17:00:00Z,146522,131254,71299,67420,15268,47337,47189,55074,34123
2021-05-18T18:00:00Z,151770,129045,74161,67951,22725,45768,45617,55678,35132
2021-05-18T19:00:00Z,149622,124586,71754,66438,25036,43519,43370,52184,32430
2021-05-18T20:00:00Z,160090,117257,67472,62445,42833,41195,41051,52777,30596
2021-05-18T21:00:00Z,125901,109840,63162,58496,16061,36850,36719,43489,27895
2021-05-18T22:00:00Z,112015,99283,59061,55193,12732,31298,31161,37477,24002
2021-05-18T23:00:00Z,99820,86843,50835,46496,12977,28086,27961,35054,22358
2021-05-19T00:00:00Z,104300,86641,52402,46653,17659,28127,28016,37721,24375
2021-05-19T01:00:00Z,102301,87337,52741,47473,14964,30655,30544,39409,24476
2021-05-19T02:00:00Z,107040,91083,54194,50594,15957,31910,31798,39690,22602
2021-05-19T03:00:00Z,99899,84528,49684,45597,15371,31307,31214,39550,22553
2021-05-19T04:00:00Z,99091,79194,48740,44949,19897,27232,27133,36427,20978
2021-05-19T05:00:00Z,106058,86493,51009,46977,19565,29856,29731,37692,21409
2021-05-19T06:00:00Z,131885,106343,59085,54082,25542,38118,37994,48798,27390
2021-05-19T07:00:00Z,169990,118289,62526,57434,51701,43752,43599,58988,29262
2021-05-19T08:00:00Z,182527,128107,67652,62760,54420,47484,47336,63201,32034
2021-05-19T09:00:00Z,183779,129139,70311,65355,54640,48537,48369,63659,32928
2021-05-19T10:00:00Z,175047,119471,67455,62291,55576,44380,44235,59748,31225
2021-05-19T11:00:00Z,172107,120495,66357,61376,51612,44390,44244,59023,30949
2021-05-19T12:00:00Z,188400,126192,69998,64065,62208,48375,48238,66918,34904
2021-05-19T13:00:00Z,188008,137642,75331,70096,50366,52539,52397,67078,36793
2021-05-19T14:00:00Z,192500,145626,81020,75467,46874,56058,55912,71113,40846
2021-05-19T15:00:00Z,194999,147416,84165,79013,47583,54247,54087,70627,40796
2021-05-19T16:00:00Z,179991,134164,73934,69459,45827,49848,49702,65404,37424
2021-05-19T17:00:00Z,171644,124038,68371,63826,47606,46327,46173,59872,33456
2021-05-19T18:00:00Z,173383,122399,68044,61854,50984,44375,44237,60815,34215
2021-05-19T19:00:00Z,169736,119567,68265,63502,50169,42685,42536,57320,31704
2021-05-19T20:00:00Z,167862,111897,63055,58389,55965,40189,40053,57970,30045
2021-05-19T21:00:00Z,146396,104141,59002,54440,42255,36542,36398,51694,28234
2021-05-19T22:00:00Z,120489,88922,51412,47157,31567,30602,30475,44655,24116
2021-05-19T23:00:00Z,117466,81287,50854,46269,36179,27599,27475,44171,22809
2021-05-20T00:00:00Z,116014,80932,51693,45977,35082,27909,27798,45525,24495
2021-05-20T01:00:00Z,118170,84967,52013,46755,33203,30635,30522,46877,24446
2021-05-20T02:00:00Z,120464,86474,51345,47507,33990,31900,31790,47482,23138
2021-05-20T03:00:00Z,118040,83175,49300,45126,34865,30874,30779,46332,22677
2021-05-20T04:00:00Z,131752,75162,45113,41594,56590,26985,26882,44409,20725
2021-05-20T05:00:00Z,124002,92140,51435,47513,31862,30164,30043,39900,21953
2021-05-20T06:00:00Z,144393,112596,59383,54531,31797,38664,38528,50504,27135
2021-05-20T08:00:00Z,178045,126821,64779,60360,51224,46960,46819,62129,31775
2021-05-20T09:00:00Z,194309,121039,66742,62488,73270,47213,47064,68404,32406
2021-05-20T10:00:00Z,186830,113945,64090,59528,72885,43480,43338,70402,30867
2021-05-20T11:00:00Z,192875,115223,64293,60081,77652,43305,43167,68069,30232
2021-05-20T13:00:00Z,197235,136072,75256,70825,61163,52297,52142,75682,36063
2021-05-20T14:00:00Z,183826,147637,82431,76534,36189,56520,56365,72819,39356
2021-05-20T15:00:00Z,197296,135835,74126,69688,61461,53188,53026,84770,37520
2021-05-20T18:00:00Z,189613,117803,65897,60888,71810,42387,42240,81273,32485
2021-05-20T19:00:00Z,183118,110485,58860,54557,72633,39676,39525,78043,29191
2021-05-20T21:00:00Z,130819,103025,58405,53648,27794,36339,36198,49235,27995
2021-05-20T22:00:00Z,113122,92181,53911,49553,20941,30410,30286,40461,24022
2021-05-20T23:00:00Z,106844,86074,56429,51746,20770,27235,27105,37768,22808
2021-05-21T00:00:00Z,98291,81421,51733,46124,16870,28044,27922,38732,24860
2021-05-21T01:00:00Z,90909,80013,48027,42649,10896,29886,29779,38311,24043
2021-05-21T02:00:00Z,91897,82546,47471,43653,9351,31345,31236,38096,22441
2021-05-21T03:00:00Z,90663,81560,48881,44877,9103,30551,30453,37119,22335
2021-05-21T04:00:00Z,86108,73829,45682,41783,12279,26463,26351,33666,20467
2021-05-21T05:00:00Z,99385,81407,48706,44863,17978,29316,29193,37301,21302
2021-05-21T06:00:00Z,129944,103112,59205,54397,26832,37484,37363,48073,26988
2021-05-21T07:00:00Z,135669,119445,63401,58753,16224,43558,43426,51080,29467
2021-05-21T08:00:00Z,140272,128290,72548,67906,11982,47119,46989,53500,32442
2021-05-21T09:00:00Z,141691,129972,73987,69079,11719,48132,47986,54305,33387
2021-05-21T10:00:00Z,128923,115603,65567,60907,13320,43374,43222,50186,30823
2021-05-21T11:00:00Z,128189,115204,65449,60694,12985,41588,41457,47799,29703
2021-05-21T12:00:00Z,142365,129367,76780,70938,12998,45666,45530,53210,33767
2021-05-21T13:00:00Z,151131,138243,79782,74723,12888,49997,49846,56269,35265
2021-05-21T14:00:00Z,167535,137649,75656,70586,29886,52187,52033,63463,36803
2021-05-21T15:00:00Z,179639,129927,72038,67112,49712,49406,49254,65099,35625
2021-05-21T16:00:00Z,177065,120014,66932,62932,57051,44427,44286,61974,32030
2021-05-21T17:00:00Z,136720,125533,71794,67732,11187,41999,41863,48460,30866
2021-05-21T18:00:00Z,123982,111906,65475,60186,12076,39073,38935,46738,30390
2021-05-21T19:00:00Z,116360,104163,60043,55288,12197,37043,36914,44085,28380
2021-05-21T20:00:00Z,113059,98440,57911,52942,14619,34372,34243,41359,26718
2021-05-21T21:00:00Z,104561,89173,52276,47058,15388,30679,30545,37795,24152
2021-05-21T22:00:00Z,89824,77817,47190,42287,12007,26056,25930,32751,21386
2021-05-21T23:00:00Z,78878,67712,44139,39355,11166,22561,22455,29481,19606
2021-05-22T00:00:00Z,76066,64416,44680,38751,11650,21212,21120,29904,20458
2021-05-22T01:00:00Z,71429,59572,41561,36264,11857,20410,20304,28760,19085
2021-05-22T02:00:00Z,71704,60193,39694,35387,11511,20921,20825,28624,17614
2021-05-22T03:00:00Z,70726,60686,41438,36867,10040,20796,20715,28047,17811
2021-05-22T04:00:00Z,68589,59496,39163,34841,9093,20349,20268,26601,17140
2021-05-22T05:00:00Z,70567,62659,40415,36602,7908,21625,21547,27300,16715
2021-05-22T06:00:00Z,77728,69277,44676,39973,8451,24636,24562,31849,19844
2021-05-22T07:00:00Z,79984,72119,43985,40073,7865,26473,26387,32297,19388
2021-05-22T08:00:00Z,84043,76278,46933,43039,7765,27985,27897,34543,20830
2021-05-22T09:00:00Z,86745,78524,49074,44820,8221,29152,29060,35726,22350
2021-05-22T10:00:00Z,92098,84250,54332,50235,7848,28710,28633,35231,22261
2021-05-22T11:00:00Z,95080,87072,56219,52249,8008,29451,29361,35699,22354
2021-05-22T12:00:00Z,96477,87123,56314,51523,9354,31462,31376,39114,25264
2021-05-22T13:00:00Z,99340,91535,55845,52188,7805,33640,33555,39999,25123
2021-05-22T14:00:00Z,110193,101918,63651,59452,8275,37085,37002,43517,27427
2021-05-22T15:00:00Z,111314,102875,65016,61053,8439,36629,36529,43696,27907
2021-05-22T16:00:00Z,101240,94384,57317,54411,6856,34297,34213,40754,25786
2021-05-22T17:00:00Z,99286,92100,57675,54510,7186,32148,32073,38227,24739
2021-05-22T18:00:00Z,94782,86249,55284,50879,8533,30605,30522,37762,25026
2021-05-22T19:00:00Z,84743,76964,49039,45095,7779,27806,27721,34012,22308
2021-05-22T20:00:00Z,81186,73631,47466,43582,7555,26286,26207,32235,21164
2021-05-22T21:00:00Z,76949,69360,44596,40817,7589,24197,24114,30144,19971
2021-05-22T22:00:00Z,67749,61244,40057,36642,6505,20791,20723,26482,17596
2021-05-22T23:00:00Z,64761,57872,39856,36069,6889,19297,19223,25027,17058
2021-05-23T00:00:00Z,64900,57129,40809,36369,7771,18330,18257,25331,17701
2021-05-23T01:00:00Z,65037,55051,38294,33607,9986,18440,18374,25909,17609
2021-05-23T02:00:00Z,62899,55950,36927,33801,6949,19418,19347,25022,15952
2021-05-23T03:00:00Z,59690,53657,34446,31269,6033,19559,19483,25186,15936
2021-05-23T04:00:00Z,63652,57883,36082,33249,5769,20127,20064,26258,16345
2021-05-23T05:00:00Z,74973,63797,39302,35560,11176,21301,21231,28792,16553
2021-05-23T06:00:00Z,77523,69875,43716,39411,7648,23793,23721,31779,19424
2021-05-23T07:00:00Z,85294,78083,48821,45164,7211,26162,26082,32145,19648
2021-05-23T08:00:00Z,84793,75221,46593,42616,9572,27944,27863,34344,21466
2021-05-23T09:00:00Z,87302,78539,48281,43914,8763,29219,29135,35907,22697
2021-05-23T10:00:00Z,89040,80345,48808,44737,8695,30082,30004,36730,23245
2021-05-23T11:00:00Z,92399,84379,51146,47251,8020,30957,30871,37195,23284
2021-05-23T12:00:00Z,102859,92988,59003,53945,9871,33738,33660,41926,26995
2021-05-23T13:00:00Z,105103,96797,59418,55562,8306,35663,35593,42233,26752
2021-05-23T14:00:00Z,111009,102524,62751,58640,8485,38600,38519,45621,28963
2021-05-23T15:00:00Z,113574,105152,65838,62056,8422,38139,38062,45108,29188
2021-05-23T16:00:00Z,107936,100311,62908,59753,7625,35813,35730,42563,27565
2021-05-23T17:00:00Z,104330,97055,61220,58417,7275,33875,33789,40093,26125
2021-05-23T18:00:00Z,105900,97432,62040,57722,8468,32976,32890,40848,26787
2021-05-23T19:00:00Z,97626,89139,55204,51717,8487,30946,30868,37561,24430
2021-05-23T20:00:00Z,90071,80595,50126,45945,9476,29209,29123,35553,23400
2021-05-23T21:00:00Z,84308,76166,46929,43312,8142,26823,26742,32725,21714
2021-05-23T22:00:00Z,76037,68682,42587,39097,7355,23786,23713,29708,19816
2021-05-23T23:00:00Z,70896,62141,42242,38092,8755,22128,22061,28237,19053
2021-05-24T00:00:00Z,85377,66841,46361,41444,18536,23572,23487,32468,21014
2021-05-24T01:00:00Z,83678,72172,45625,40457,11506,27434,27344,35649,22493
2021-05-24T02:00:00Z,89901,77896,46278,41939,12005,30599,30496,37530,22675
2021-05-24T03:00:00Z,88338,75434,45268,41112,12904,29163,29071,36614,21722
2021-05-24T04:00:00Z,91499,70489,42856,39058,21010,26117,26012,34274,20345
2021-05-24T05:00:00Z,127745,78735,47465,43477,49010,28787,28682,39830,21600
2021-05-24T06:00:00Z,154761,97181,56228,51347,57580,36279,36165,49127,26360
2021-05-24T07:00:00Z,154761,106461,57463,52815,48300,40708,40580,53082,28349
2021-05-24T08:00:00Z,149256,117432,64802,58542,31824,44511,44367,54047,30929
2021-05-24T09:00:00Z,138442,120209,65456,60712,18233,45845,45711,53467,31895
2021-05-24T10:00:00Z,135755,115342,65593,60509,20413,42982,42848,51440,31287
2021-05-24T11:00:00Z,135551,115894,64905,59498,19657,42809,42674,50308,30550
2021-05-24T12:00:00Z,144936,129804,75604,69273,15132,47410,47263,56106,35648
2021-05-24T13:00:00Z,156905,139399,76468,71728,17506,51794,51655,59169,36580
2021-05-24T14:00:00Z,161409,147645,82228,76801,13764,55596,55447,62362,39488
2021-05-24T15:00:00Z,161940,148443,80465,75277,13497,53975,53826,61629,39567
2021-05-24T16:00:00Z,145754,133320,73338,68563,12434,50021,49868,56875,36383
2021-05-24T17:00:00Z,144814,130145,72910,68313,14669,46281,46135,53325,33890
2021-05-24T18:00:00Z,140099,124303,71903,65754,15796,44071,43929,52575,34340
2021-05-24T19:00:00Z,130306,114836,65425,59986,15470,41987,41838,49440,31795
2021-05-24T20:00:00Z,137231,111675,64644,59069,25556,40481,40334,51626,30881
2021-05-24T21:00:00Z,133727,102619,60194,54870,31108,36254,36112,47729,28214
2021-05-24T22:00:00Z,107565,86038,51230,46790,21527,30799,30673,41764,24201
2021-05-24T23:00:00Z,106990,80869,50377,45459,26121,27934,27824,40880,22859
2021-05-25T00:00:00Z,113504,81990,54423,47883,31514,28054,27928,44289,25125
2021-05-25T01:00:00Z,111177,83696,51624,45572,27481,31048,30951,46531,25197
2021-05-25T02:00:00Z,99259,73438,42346,38571,25821,30304,30202,43236,21606
2021-05-25T03:00:00Z,107334,87941,51803,47484,19393,33896,33789,45187,25048
2021-05-25T04:00:00Z,111739,75245,44554,40866,36494,28408,28293,46130,22275
2021-05-25T05:00:00Z,122128,85244,48332,44527,36884,31074,30950,42209,22478
2021-05-25T06:00:00Z,146040,105662,57326,52250,40378,39314,39183,52456,28323
2021-05-25T07:00:00Z,191123,110481,57725,53049,80642,43840,43696,82872,29338
2021-05-25T08:00:00Z,173157,126071,67790,63086,47086,47852,47707,70171,32511
2021-05-25T09:00:00Z,153357,127917,66448,61619,25440,49616,49464,60584,33746
2021-05-25T10:00:00Z,169169,119557,65492,59790,49612,45489,45340,68519,33269
2021-05-25T11:00:00Z,173133,120965,66824,60892,52168,45572,45427,69444,32555
2021-05-25T12:00:00Z,181179,132324,73674,67350,48855,50106,49942,74848,36630
2021-05-25T13:00:00Z,191445,141368,77212,71839,50077,54685,54527,78182,38278
2021-05-25T14:00:00Z,190142,143582,78228,72788,46560,56935,56773,79731,39906
2021-05-25T15:00:00Z,155558,123273,65878,61609,32285,50262,50110,67137,34973
2021-05-25T16:00:00Z,183196,132150,71669,67043,51046,50855,50695,76394,36090
2021-05-25T17:00:00Z,186738,135250,79150,74362,51488,46587,46435,73248,35480
2021-05-25T18:00:00Z,186835,135055,84076,78292,51780,44651,44486,73547,36653
2021-05-25T19:00:00Z,172905,117803,66577,61210,55102,44124,43965,70745,33120
2021-05-25T20:00:00Z,168704,111918,63320,57793,56786,41263,41123,68115,31299
2021-05-25T21:00:00Z,160362,100715,57410,52650,59647,36844,36715,64171,28427
2021-05-25T22:00:00Z,148418,90633,52662,48144,57785,31063,30931,60587,25639
2021-05-25T23:00:00Z,141682,83582,50311,45605,58100,28840,28723,57384,23730
2021-05-26T00:00:00Z,143195,84632,52562,47490,58563,28907,28784,57663,24755
2021-05-26T01:00:00Z,144908,85286,51011,45490,59622,32077,31957,63350,25883
2021-05-26T02:00:00Z,144660,84705,49020,44475,59955,33128,33019,63015,24540
2021-05-26T03:00:00Z,136834,80685,46052,42489,56149,31523,31416,59827,22934
2021-05-26T04:00:00Z,144912,77175,43708,39801,67737,27917,27813,61631,21806
2021-05-26T05:00:00Z,127763,84824,47769,44113,42939,30853,30741,42584,22283
2021-05-26T06:00:00Z,136162,104032,57307,52152,32130,39217,39085,51140,27903
2021-05-26T07:00:00Z,196481,108850,56008,51727,87631,42962,42823,88552,29055
2021-05-26T09:00:00Z,190549,118996,63906,59139,71553,48026,47871,83972,33135
2021-05-26T10:00:00Z,182441,116223,63368,58414,66218,44700,44562,77053,31836
2021-05-26T11:00:00Z,182679,118166,64356,59661,64513,45298,45141,76857,31774
2021-05-26T12:00:00Z,188503,128675,70389,65362,59828,49664,49514,80132,35332
2021-05-26T13:00:00Z,196907,139559,75254,70722,57348,54423,54254,82546,37841
2021-05-26T14:00:00Z,201396,145116,78152,72697,56280,57317,57153,84558,39713
2021-05-26T15:00:00Z,195801,141711,75960,70672,54090,55582,55420,82928,39526
2021-05-26T16:00:00Z,186357,131761,71986,67676,54596,50440,50277,78381,35993
2021-05-26T17:00:00Z,178090,128635,70903,67214,49455,46644,46497,71221,33244
2021-05-26T18:00:00Z,156396,125609,70177,65240,30787,45387,45242,60031,34105
2021-05-26T19:00:00Z,148157,120692,67124,61269,27465,43349,43188,57235,33600
2021-05-26T20:00:00Z,152128,114707,66556,59789,37421,41237,41082,56122,31768
2021-05-26T21:00:00Z,139451,105775,59080,54001,33676,36509,36367,50467,28288
2021-05-26T22:00:00Z,118715,90815,51618,47211,27900,31077,30942,45047,24689
2021-05-26T23:00:00Z,113871,83333,51372,45906,30538,28693,28568,43823,24256
2021-05-27T00:00:00Z,114070,85220,52937,48031,28850,28748,28627,43541,24494
2021-05-27T01:00:00Z,112927,86321,52928,48197,26606,31328,31210,45659,24448
2021-05-27T02:00:00Z,115415,89397,52527,48245,26018,33745,33630,47069,24716
2021-05-27T03:00:00Z,109428,89795,52326,48866,19633,32442,32332,43871,23557
2021-05-27T04:00:00Z,102492,79508,47197,43814,22984,28709,28609,40366,22287
2021-05-27T05:00:00Z,115786,88665,51428,47898,27121,31371,31258,41429,22793
2021-05-27T06:00:00Z,141652,110341,58334,54416,31311,39561,39430,50909,27860
2021-05-27T07:00:00Z,171990,115225,61998,56700,56765,45170,45044,70462,30933
2021-05-27T08:00:00Z,159993,126356,66699,61395,33637,48967,48824,62754,32567
2021-05-27T09:00:00Z,157948,126631,66338,62087,31317,48947,48780,63767,33392
2021-05-27T10:00:00Z,158677,121055,65705,61606,37622,45906,45764,63967,32726
2021-05-27T11:00:00Z,167763,122088,66640,62094,45675,45182,45041,66269,31419
2021-05-27T12:00:00Z,202980,122791,67519,62267,80189,48233,48085,88232,33794
2021-05-27T13:00:00Z,208593,131353,72046,67038,77240,52539,52387,91845,36970
2021-05-27T14:00:00Z,191851,142961,76916,72338,48890,56787,56633,81307,39483
2021-05-27T15:00:00Z,177853,159205,93297,87958,18648,55428,55266,65939,41683
2021-05-27T16:00:00Z,173282,156918,96624,92626,16364,50117,49958,60977,38542
2021-05-27T17:00:00Z,145797,127664,70985,67095,18133,46117,45968,54444,33240
2021-05-27T18:00:00Z,145651,123122,68335,63633,22529,44156,44014,54932,32882
2021-05-27T19:00:00Z,139172,115032,64629,59232,24140,42182,42033,54595,32721
2021-05-27T20:00:00Z,138565,109449,61749,56736,29116,39694,39542,53560,30269
2021-05-27T21:00:00Z,156342,98263,56268,51644,58079,35237,35107,64354,27962
2021-05-27T22:00:00Z,184916,83018,47467,43094,101898,29343,29227,81682,23667
2021-05-27T23:00:00Z,171176,75985,47650,42418,95191,27314,27198,74635,23186
2021-05-28T00:00:00Z,157255,78856,49485,44738,78399,27075,26961,66954,22678
2021-05-28T01:00:00Z,177218,80850,47719,42833,96368,30460,30357,79116,23765
2021-05-28T02:00:00Z,171017,82387,48158,44042,88630,31696,31596,76114,23024
2021-05-28T03:00:00Z,176025,82431,49432,45835,93594,31451,31342,78513,23251
2021-05-28T04:00:00Z,160878,71618,42941,39577,89260,26726,26615,71215,20830
2021-05-28T05:00:00Z,119298,82441,47418,44497,36857,30155,30052,44082,21807
2021-05-28T06:00:00Z,138109,106561,57508,53437,31548,38201,38079,49691,27645
2021-05-28T07:00:00Z,199449,104610,56762,51316,94839,42073,41937,89552,29196
2021-05-28T08:00:00Z,207430,107763,57851,53479,99667,44162,44027,95729,30345
2021-05-28T09:00:00Z,208973,110997,59661,55620,97976,44768,44645,96142,31389
2021-05-28T10:00:00Z,203022,103621,57410,53396,99401,41143,41006,92408,30044
2021-05-28T11:00:00Z,203258,102889,57830,53454,100369,39528,39389,91303,28893
2021-05-28T12:00:00Z,209797,109387,61517,56712,100410,42758,42622,94688,31044
2021-05-28T13:00:00Z,215797,117880,66527,61769,97917,46776,46629,97718,33927
2021-05-28T14:00:00Z,223275,128509,74310,70082,94766,48562,48418,98835,34575
2021-05-28T15:00:00Z,212482,115466,64300,59851,97016,46658,46522,97811,33797
2021-05-28T16:00:00Z,206512,106821,59162,55548,99691,42163,42032,93462,30420
2021-05-28T17:00:00Z,197696,105172,60274,56700,92524,38855,38729,86140,28316
2021-05-28T18:00:00Z,190685,101428,57167,53334,89257,36895,36758,82408,27557
2021-05-28T19:00:00Z,193521,95014,54782,50058,98507,35544,35401,83119,27805
2021-05-28T20:00:00Z,184244,89355,51465,46781,94889,32691,32555,80383,25664
2021-05-28T21:00:00Z,178821,81953,47779,43300,96868,29557,29426,77777,23460
2021-05-28T22:00:00Z,163796,70396,42134,38279,93400,25155,25036,71207,20648
2021-05-28T23:00:00Z,148247,64647,40480,36571,83600,22409,22306,62991,18940
2021-05-29T00:00:00Z,96403,60596,39911,35656,35807,20443,20328,39247,18598
2021-05-29T01:00:00Z,89624,56281,36919,32785,33343,20356,20262,36862,17496
2021-05-29T02:00:00Z,88638,57600,36939,33075,31038,21228,21140,37915,17778
2021-05-29T03:00:00Z,90863,61867,38912,35883,28996,22361,22277,38379,18024
2021-05-29T04:00:00Z,83661,56033,34274,31514,27628,20789,20710,35606,16307
2021-05-29T05:00:00Z,83066,62248,38606,35734,20818,22073,21990,33777,17175
2021-05-29T06:00:00Z,85301,68247,40908,38317,17054,24320,24229,34289,17908
2021-05-29T07:00:00Z,83638,72560,44012,39823,11078,26937,26850,35847,21514
2021-05-29T08:00:00Z,85228,76098,45640,42324,9130,28108,28031,35106,21259
2021-05-29T09:00:00Z,84969,76164,45618,41939,8805,29603,29511,36144,22844
2021-05-29T10:00:00Z,86479,76718,46646,42642,9761,29327,29250,36506,23207
2021-05-29T11:00:00Z,90425,80473,49067,45741,9952,28912,28826,36312,22122
2021-05-29T12:00:00Z,98345,85968,53916,49686,12377,31137,31043,39639,24338
2021-05-29T13:00:00Z,102260,90769,56674,52257,11491,33533,33443,42269,26403
2021-05-29T14:00:00Z,110896,99707,61572,57402,11189,36488,36404,45043,28041
2021-05-29T15:00:00Z,106887,95716,59754,55712,11171,35774,35671,43763,27549
2021-05-29T16:00:00Z,102283,92277,56362,53736,10006,34434,34356,41521,26034
2021-05-29T17:00:00Z,101162,91956,57475,55039,9206,31451,31364,38497,23677
2021-05-29T18:00:00Z,98003,86797,55159,52004,11206,29578,29490,36988,23517
2021-05-29T19:00:00Z,91278,80828,53469,49068,10450,27552,27464,36008,23877
2021-05-29T20:00:00Z,84105,73122,47582,43993,10983,24923,24836,32487,20678
2021-05-29T21:00:00Z,79855,67023,45097,40898,12832,22934,22836,30536,19622
2021-05-29T22:00:00Z,74795,64117,44464,40533,10678,20419,20338,27588,17842
2021-05-29T23:00:00Z,66857,56604,39859,36152,10253,18568,18482,25162,16577
2021-05-30T00:00:00Z,70053,58776,42091,38321,11277,17643,17562,26050,16424
2021-05-30T01:00:00Z,71785,58162,41081,37578,13623,18367,18300,26555,16161
2021-05-30T02:00:00Z,71587,59765,40873,38025,11822,19760,19702,27821,16373
2021-05-30T03:00:00Z,92512,81137,61442,58369,11375,20487,20425,31564,19694
2021-05-30T04:00:00Z,98009,86241,66330,64077,11768,19950,19877,30605,18353
2021-05-30T05:00:00Z,111785,89516,65915,63239,22269,21693,21619,35157,19580
2021-05-30T06:00:00Z,89596,73392,47734,45157,16204,23929,23853,35476,19495
2021-05-30T07:00:00Z,96826,76515,48255,44358,20311,26684,26594,40160,21191
2021-05-30T08:00:00Z,97583,78671,49360,45819,18912,28054,27966,39569,21650
2021-05-30T09:00:00Z,108002,91246,60219,56983,16756,29697,29610,43087,25293
2021-05-30T10:00:00Z,102068,85087,54359,50958,16981,30188,30113,42194,24723
2021-05-30T11:00:00Z,103076,87188,53328,50303,15888,30669,30593,41252,23456
2021-05-30T12:00:00Z,111128,93341,59536,55885,17787,33220,33121,44660,25925
2021-05-30T13:00:00Z,115050,96552,60318,56628,18498,35678,35581,47387,27470
2021-05-30T14:00:00Z,123568,103930,64645,60978,19638,38704,38612,51215,29689
2021-05-30T15:00:00Z,121071,102280,63603,59607,18791,38205,38116,50069,29864
2021-05-30T16:00:00Z,114040,96610,59800,56647,17430,35783,35702,46925,27591
2021-05-30T17:00:00Z,110846,94364,59132,56623,16482,33222,33134,43647,25591
2021-05-30T18:00:00Z,107731,91636,57513,54801,16095,32228,32136,42592,25191
2021-05-30T19:00:00Z,104807,85657,55013,50733,19150,31402,31312,43599,26740
2021-05-30T20:00:00Z,92963,79587,51183,47658,13376,28891,28799,37420,23650
2021-05-30T21:00:00Z,86743,73908,48064,44266,12835,25921,25834,34309,21727
2021-05-30T22:00:00Z,81509,68186,44510,41444,13323,22635,22552,31563,18945
2021-05-30T23:00:00Z,75579,62935,42413,39240,12644,21349,21270,29582,18346
2021-05-31T00:00:00Z,92364,65698,44015,40150,26666,22004,21914,32937,19010
2021-05-31T01:00:00Z,87743,71489,44907,40750,16254,26358,26277,35127,20389
2021-05-31T02:00:00Z,93025,76037,46545,42330,16988,29457,29355,38168,21888
2021-05-31T03:00:00Z,94415,78291,46494,42989,16124,29422,29325,38397,21789
2021-05-31T04:00:00Z,98258,75319,48036,44911,22939,25941,25837,34670,19567
2021-05-31T05:00:00Z,135386,87027,53714,49794,48359,29505,29391,40875,22119
2021-05-31T06:00:00Z,150592,102342,56728,53820,48250,37514,37393,48198,25387
2021-05-31T07:00:00Z,161194,119308,64277,59455,41886,43635,43499,55585,30899
2021-05-31T08:00:00Z,159638,126020,69700,63927,33618,47021,46877,56940,32662
2021-05-31T09:00:00Z,145379,126141,70258,64970,19238,46699,46561,54481,32851
2021-05-31T10:00:00Z,135447,117413,66568,61871,18034,43311,43196,51265,31586
2021-05-31T11:00:00Z,137893,119061,66502,62141,18832,43189,43058,50328,30811
2021-05-31T12:00:00Z,146577,132460,75149,70051,14117,47442,47298,55065,34614
2021-05-31T13:00:00Z,156898,138746,77973,72876,18152,51627,51492,59327,37235
2021-05-31T14:00:00Z,154955,142166,80108,75449,12789,53327,53204,60495,38744
2021-05-31T15:00:00Z,147526,135510,77277,72690,12016,50493,50365,58054,37363
2021-05-31T16:00:00Z,129366,117908,68708,64605,11458,44291,44160,51114,33067
2021-05-31T17:00:00Z,127006,113011,67854,63476,13995,40253,40131,47712,30569
2021-05-31T18:00:00Z,118083,106974,63820,60101,11109,37455,37347,44411,28567
2021-05-31T19:00:00Z,113220,100944,61489,56842,12276,36783,36686,44225,29071
2021-05-31T20:00:00Z,107242,94271,58747,54223,12971,34973,34868,42845,28572
2021-05-31T21:00:00Z,102649,84725,52972,49129,17924,30266,30151,37153,24510
2021-05-31T22:00:00Z,83023,73149,46069,42412,9874,25422,25322,31762,20968
2021-05-31T23:00:00Z,79864,68862,45383,41891,11002,23785,23693,30209,19988
2021-06-01T00:00:00Z,82292,71639,46779,43174,10653,24469,24383,31203,20058
2021-06-01T01:00:00Z,89711,78336,49735,44881,11375,28680,28581,36081,22782
2021-06-01T02:00:00Z,99775,82798,50226,45118,16977,31220,31117,38165,23116
2021-06-01T03:00:00Z,93406,80026,47925,43441,13380,29907,29813,36672,22063
2021-06-01T04:00:00Z,87940,73628,44735,41926,14312,27111,27017,33943,20633
2021-06-01T05:00:00Z,140619,85106,50162,46237,55513,29813,29714,40181,21569
2021-06-01T06:00:00Z,138210,108736,59963,56764,29474,38228,38103,46831,25568
2021-06-01T07:00:00Z,149268,124026,66783,61943,25242,45099,44972,54610,31636
2021-06-01T08:00:00Z,153771,131438,71033,65051,22333,48492,48342,56576,34053
2021-06-01T09:00:00Z,145671,129696,69819,65079,15975,48382,48240,55067,33358
2021-06-01T10:00:00Z,139328,122667,68213,63151,16661,45174,45024,52238,32500
2021-06-01T11:00:00Z,139845,123475,68754,64261,16370,44870,44732,51674,31724
2021-06-01T12:00:00Z,154742,140637,77651,73088,14105,49974,49835,57102,35533
2021-06-01T13:00:00Z,167204,150129,81147,75966,17075,54779,54626,62693,38919
2021-06-01T14:00:00Z,167823,153384,83062,77766,14439,57526,57358,64414,40644
2021-06-01T15:00:00Z,165027,152123,83226,78575,12904,55628,55451,62318,39545
2021-06-01T16:00:00Z,152335,138751,77024,72575,13584,50582,50425,57232,36047
2021-06-01T17:00:00Z,145055,132603,74118,70215,12452,46087,45951,52119,33117
2021-06-01T18:00:00Z,136827,124880,69082,65775,11947,43705,43567,49080,30907
2021-06-01T19:00:00Z,129304,116542,64449,61069,12762,42059,41910,47559,30261
2021-06-01T20:00:00Z,127120,111406,65052,59743,15714,41046,40901,48226,32092
2021-06-01T21:00:00Z,154220,99412,56414,52501,54808,35468,35331,55773,26717
2021-06-01T22:00:00Z,178033,84536,50526,46164,93497,29651,29499,65519,23615
2021-06-01T23:00:00Z,175032,76150,46623,42806,98882,26674,26552,62224,21547
2021-06-02T01:00:00Z,169106,78771,46745,42762,90335,30118,29999,69318,22468
2021-06-02T02:00:00Z,156837,88475,51769,47397,68362,33672,33552,64056,24360
2021-06-02T03:00:00Z,121880,86640,51653,46905,35240,32175,32053,47190,23855
2021-06-02T04:00:00Z,101786,77044,46822,43177,24742,29000,28892,39926,22374
2021-06-02T05:00:00Z,108567,84822,49015,45656,23745,30869,30763,39478,22097
2021-06-02T06:00:00Z,122891,101433,54250,51259,21458,37486,37360,46133,24890
2021-06-02T07:00:00Z,122176,109668,58199,54509,12508,41916,41782,49053,28195
2021-06-02T08:00:00Z,60881,53452,26947,24953,7429,26483,26386,30582,16149
2021-06-02T09:00:00Z,126116,113745,58616,54686,12371,45155,45023,51475,30323
2021-06-02T10:00:00Z,143048,126825,68455,63859,16223,46133,45968,53905,33156
2021-06-02T11:00:00Z,140484,124974,68317,63730,15510,45548,45416,52641,31996
2021-06-02T12:00:00Z,152635,139538,76856,72668,13097,49943,49800,56391,34777
2021-06-02T13:00:00Z,164626,147417,79285,73937,17209,54772,54605,62028,38639
2021-06-02T14:00:00Z,170861,157120,81488,77210,13741,57897,57745,64141,40499
2021-06-02T15:00:00Z,179056,160717,79928,74595,18339,55114,54942,61531,38891
2021-06-02T16:00:00Z,159885,143581,74803,70662,16304,49636,49482,55598,35134
2021-06-02T17:00:00Z,144680,129633,70156,66953,15047,45969,45828,51758,32202
2021-06-02T18:00:00Z,135755,124676,67889,64960,11079,43223,43075,48287,30393
2021-06-02T19:00:00Z,130161,118862,65143,61908,11299,41260,41093,47117,30199
2021-06-02T20:00:00Z,129189,115006,65504,60454,14183,41108,40948,48145,31952
2021-06-02T21:00:00Z,123507,104915,59083,55297,18592,35848,35703,44234,27236
2021-06-02T22:00:00Z,102733,91178,53333,49241,11555,31198,31060,38466,25439
2021-06-02T23:00:00Z,92362,82114,49386,45837,10248,27406,27280,34046,22266
2021-06-03T00:00:00Z,96920,83620,51364,47461,13300,26923,26804,35046,22040
2021-06-03T01:00:00Z,96580,85906,51235,47171,10674,30857,30754,37727,23578
2021-06-03T02:00:00Z,101306,90546,52366,48757,10760,33087,32984,39565,23795
2021-06-03T03:00:00Z,98326,87739,51700,48155,10587,32329,32229,39108,23785
2021-06-03T04:00:00Z,97620,84216,50361,47511,13404,28224,28109,35751,21386
2021-06-03T05:00:00Z,112864,89977,50349,47305,22887,31096,30975,40027,22739
2021-06-03T06:00:00Z,129321,105026,57663,55004,24295,38236,38120,46936,25722
2021-06-03T07:00:00Z,152131,122421,69704,64267,29710,44360,44219,54597,30932
2021-06-03T08:00:00Z,149553,132494,72978,68605,17059,48436,48298,55368,32952
2021-06-03T09:00:00Z,143047,128763,69927,65197,14284,47673,47537,55457,33180
2021-06-03T10:00:00Z,135884,121063,68411,63706,14821,44523,44385,52249,32627
2021-06-03T11:00:00Z,132884,119279,66302,62097,13605,43219,43091,50211,31160
2021-06-03T12:00:00Z,147025,133638,76532,71364,13387,48309,48177,55805,35060
2021-06-03T13:00:00Z,163814,144110,80067,73635,19704,53677,53519,61709,38628
2021-06-03T14:00:00Z,165777,152720,82583,77819,13057,56341,56183,64396,40355
2021-06-03T15:00:00Z,164671,151685,84662,79809,12986,55062,54904,62876,40411
2021-06-03T16:00:00Z,152590,141060,78629,74784,11530,50211,50063,56962,35883
2021-06-03T17:00:00Z,138662,128331,70806,67543,10331,44777,44636,51230,31784
2021-06-03T18:00:00Z,141874,132026,68727,65768,9848,41917,41768,56529,30414
2021-06-03T19:00:00Z,134079,118566,68078,63925,15513,40980,40835,49189,30834
2021-06-03T20:00:00Z,127233,113226,64944,60163,14007,39546,39399,47256,30470
2021-06-03T21:00:00Z,117513,104295,59454,55439,13218,35403,35252,43054,27449
2021-06-03T22:00:00Z,102923,92256,54699,50641,10667,29884,29751,37748,23903
2021-06-03T23:00:00Z,99125,81372,49106,45226,17753,26893,26780,37237,21963
2021-06-04T00:00:00Z,99241,80886,50992,46429,18355,26385,26273,36060,21985
2021-06-04T01:00:00Z,115554,83392,52569,46724,32162,30307,30191,46784,25025
2021-06-04T02:00:00Z,166586,83255,49867,45619,83331,32101,32004,69947,24573
2021-06-04T03:00:00Z,96267,81807,47969,44680,14460,30334,30229,38190,22050
2021-06-04T04:00:00Z,90562,76604,46751,43600,13958,27240,27145,34469,21144
2021-06-04T05:00:00Z,106863,86235,49500,46831,20628,30432,30310,39117,22081
2021-06-04T06:00:00Z,127824,103357,56260,53087,24467,37590,37460,46756,25786
2021-06-04T07:00:00Z,144024,116539,61972,58491,27485,43020,42869,51982,29090
2021-06-04T08:00:00Z,137478,123647,65795,61953,13831,46056,45917,52905,31787
2021-06-04T09:00:00Z,137379,126548,66676,63174,10831,46297,46152,52704,31908
2021-06-04T10:00:00Z,129832,116696,64601,60606,13136,43071,42943,50436,31670
2021-06-04T11:00:00Z,128491,116797,64781,61096,11694,40824,40691,47543,29291
2021-06-04T12:00:00Z,139001,127623,72275,68128,11378,44402,44264,51536,32782
2021-06-04T13:00:00Z,151075,137932,77917,73486,13143,50047,49903,57107,36600
2021-06-04T14:00:00Z,154323,141353,79173,74524,12970,52170,52025,58956,37691
2021-06-04T15:00:00Z,153572,139571,78007,73265,14001,50421,50273,57711,36839
2021-06-04T16:00:00Z,135837,124677,69007,65270,11160,45184,45038,51735,32795
2021-06-04T17:00:00Z,131607,121145,68591,65101,10462,41632,41493,47974,30439
2021-06-04T18:00:00Z,125434,115886,64596,61404,9548,38697,38560,44467,28239
2021-06-04T19:00:00Z,122933,108072,61268,56664,14861,36337,36203,45015,28988
2021-06-04T20:00:00Z,119544,104068,60220,56272,15476,34524,34402,43180,27097
2021-06-04T21:00:00Z,138252,91925,54512,50128,46327,30259,30128,48178,24630
2021-06-05T00:00:00Z,110752,65141,45369,39251,45611,20601,20490,40553,20316
2021-06-05T01:00:00Z,80921,60008,42119,36166,20913,20911,20825,32788,19611
2021-06-05T02:00:00Z,85149,61285,40677,36045,23864,22113,22031,36165,19312
2021-06-05T03:00:00Z,85104,61010,39442,35997,24094,21959,21881,36330,18322
2021-06-05T04:00:00Z,75604,61385,40689,37527,14219,21070,21000,30390,17422
2021-06-05T05:00:00Z,74179,64421,41337,38616,9758,21828,21755,29128,17154
2021-06-05T06:00:00Z,90224,74433,46081,42582,15791,24976,24900,35929,20035
2021-06-05T07:00:00Z,102358,78723,48290,44269,23635,28445,28353,43324,23239
2021-06-05T08:00:00Z,103026,78955,48006,44259,24071,28730,28640,43351,22510
2021-06-05T09:00:00Z,112547,80639,49003,45485,31908,29143,29052,47652,22602
2021-06-05T10:00:00Z,109189,80351,49826,45918,28838,29717,29624,46377,23873
2021-06-05T11:00:00Z,114411,81215,51196,46796,33196,28494,28403,47062,22430
2021-06-05T12:00:00Z,125812,87476,55671,50268,38336,31144,31049,52236,25672
2021-06-05T13:00:00Z,130713,94039,60355,55120,36674,34627,34535,55273,27963
2021-06-05T14:00:00Z,131210,96608,59302,55205,34602,36553,36452,55781,28049
2021-06-05T15:00:00Z,132720,97471,59881,55862,35249,36467,36381,56896,28659
2021-06-05T16:00:00Z,126378,92693,56388,53493,33685,34437,34357,53581,26453
2021-06-05T17:00:00Z,123625,90535,55223,52838,33090,31554,31478,49974,24205
2021-06-05T18:00:00Z,123825,86830,55164,51834,36995,29853,29764,51072,24357
2021-06-05T19:00:00Z,116420,80983,53050,49004,35437,28776,28699,49087,24320
2021-06-05T20:00:00Z,110379,74949,48819,44914,35430,25858,25773,45631,21466
2021-06-05T21:00:00Z,109976,69071,45512,41989,40905,23795,23716,45905,20121
2021-06-05T22:00:00Z,101021,63119,41619,38404,37902,20674,20602,41215,17701
2021-06-05T23:00:00Z,96689,58766,39913,36301,37923,19037,18968,39768,17089
2021-06-06T00:00:00Z,93045,56449,40506,36020,36596,18293,18224,39612,17890
2021-06-06T01:00:00Z,94524,55001,39023,34564,39523,18973,18897,40706,17782
2021-06-06T02:00:00Z,95137,55513,37920,34483,39624,19444,19375,41448,16482
2021-06-06T03:00:00Z,95996,57353,36556,34123,38643,20341,20270,41550,16145
2021-06-06T04:00:00Z,116870,78794,58168,55658,38076,20376,20308,44470,19192
2021-06-06T05:00:00Z,124139,79864,57116,54636,44275,21239,21167,46533,19505
2021-06-06T06:00:00Z,116537,75421,50099,46469,41116,24408,24325,47234,19832
2021-06-06T07:00:00Z,119754,76539,48810,45106,43215,26539,26458,50796,21312
2021-06-06T08:00:00Z,123494,79066,48866,45494,44428,28580,28507,52497,22037
2021-06-06T09:00:00Z,122686,82798,51024,47703,39888,29649,29562,51803,22969
2021-06-06T10:00:00Z,124283,82897,50904,47397,41386,29963,29885,52954,23359
2021-06-06T11:00:00Z,107912,87614,54883,51482,20298,31050,30962,42918,24008
2021-06-06T12:00:00Z,107707,91388,58789,54763,16319,33025,32939,43953,26443
2021-06-06T13:00:00Z,112867,97566,61306,57311,15301,36734,36644,47304,29192
2021-06-06T14:00:00Z,123333,107600,68268,64183,15733,39076,38991,49483,30110
2021-06-06T15:00:00Z,119684,104114,64236,60357,15570,38621,38536,49486,30108
2021-06-06T16:00:00Z,116160,101636,63039,59653,14524,37103,37013,47185,29481
2021-06-06T17:00:00Z,111035,97916,61647,58571,13119,34051,33965,42825,26733
2021-06-06T18:00:00Z,103633,92820,58390,55031,10813,32535,32445,41122,26355
2021-06-06T19:00:00Z,103411,88561,59499,52292,14850,32323,32224,40998,27935
2021-06-06T20:00:00Z,99316,84050,56918,49365,15266,29855,29764,37706,25303
2021-06-06T21:00:00Z,93081,78147,54387,46925,14934,26856,26779,34437,23159
2021-06-06T22:00:00Z,86678,71239,51133,43798,15439,23050,22958,30564,20471
2021-06-06T23:00:00Z,76812,65545,46347,41127,11267,21608,21537,29020,19745
2021-06-07T00:00:00Z,94739,68548,48202,42883,26191,22967,22878,32767,20861
2021-06-07T01:00:00Z,89830,75565,49092,43261,14265,27451,27366,36441,23320
2021-06-07T02:00:00Z,91853,79417,47991,43369,12436,29543,29453,37009,21796
2021-06-07T03:00:00Z,89148,77139,45166,41978,12009,28912,28825,35828,20627
2021-06-07T04:00:00Z,94616,74577,45499,42374,20039,26196,26102,34292,20008
2021-06-07T05:00:00Z,132036,86643,51350,48204,45393,29996,29880,40545,21613
2021-06-07T06:00:00Z,153985,105017,58259,55067,48968,38105,37980,49187,26148
2021-06-07T07:00:00Z,163826,122019,64982,60967,41807,44539,44399,56067,30868
2021-06-07T08:00:00Z,168856,129677,69481,63167,39179,47524,47363,57512,32934
2021-06-07T09:00:00Z,152126,132358,68469,63264,19768,47640,47497,55581,32935
2021-06-07T10:00:00Z,144569,125982,70596,65929,18587,46007,45872,53766,33428
2021-06-07T11:00:00Z,144778,126694,69766,65175,18084,45120,44978,52912,32246
2021-06-07T12:00:00Z,155685,138242,77381,71533,17443,50478,50332,57573,35961
2021-06-07T13:00:00Z,175291,154598,81448,76013,20693,55607,55445,63962,39525
2021-06-07T14:00:00Z,169682,156089,85591,80337,13593,58858,58701,66092,42232
2021-06-07T15:00:00Z,167060,153144,84394,79715,13916,57049,56888,63730,40984
2021-06-07T16:00:00Z,166543,139168,76406,72457,27375,50790,50637,63138,36736
2021-06-07T17:00:00Z,152061,128939,73863,69103,23122,45080,44929,55689,32960
2021-06-07T18:00:00Z,161142,122513,67846,63567,38629,42601,42447,60746,30973
2021-06-07T19:00:00Z,135743,120185,68774,63382,15558,42293,42132,49932,31859
2021-06-07T20:00:00Z,132922,116815,68570,63475,16107,41979,41845,49904,33204
2021-06-07T21:00:00Z,121508,103288,60287,55656,18220,36181,36052,43739,28516
2021-06-07T22:00:00Z,118251,89493,52938,48797,28758,30251,30133,45561,24820
2021-06-07T23:00:00Z,140564,84187,52446,47573,56377,28021,27907,55232,23272
2021-06-08T00:00:00Z,144335,82163,53572,47065,62172,27601,27483,59753,24452
2021-06-08T01:00:00Z,120345,87098,54933,48486,33247,31640,31528,49941,26020
2021-06-08T02:00:00Z,181595,87648,52463,47933,93947,31963,31849,80998,25157
2021-06-08T03:00:00Z,173150,84811,49209,45245,88339,31504,31396,76482,23293
2021-06-08T04:00:00Z,173143,81165,49599,45928,91978,28220,28116,74328,21840
2021-06-08T05:00:00Z,137876,89124,51894,48257,48752,31162,31043,47829,22194
2021-06-08T06:00:00Z,146278,108311,61344,55960,37967,39560,39424,51794,28416
2021-06-08T07:00:00Z,189247,112598,60795,55607,76649,43211,43068,80152,29386
2021-06-08T08:00:00Z,210644,113888,60708,55985,96756,45004,44865,95471,30355
2021-06-08T09:00:00Z,209835,112074,60649,56176,97761,44217,44072,95117,30108
2021-06-08T10:00:00Z,194661,92597,52421,49098,102064,37014,36891,89089,25988
2021-06-08T11:00:00Z,207320,110134,61470,56576,97186,42520,42377,92349,29395
2021-06-08T12:00:00Z,210091,119998,67406,61706,90093,47204,47044,93642,34014
2021-06-08T13:00:00Z,171640,152231,83525,78137,19409,55667,55515,64626,39604
2021-06-08T14:00:00Z,171288,156545,84949,79800,14743,59046,58868,65737,41430
2021-06-08T15:00:00Z,164884,150646,81765,76744,14238,56751,56594,63442,40125
2021-06-08T16:00:00Z,153095,138765,76035,71299,14330,51063,50899,58290,36811
2021-06-08T17:00:00Z,146266,132661,74331,70083,13605,46586,46443,53144,33522
2021-06-08T18:00:00Z,148061,130865,74465,69535,17196,44972,44821,53276,33752
2021-06-08T22:00:00Z,162373,87984,52755,48456,74389,30439,30313,50915,23939
2021-06-08T23:00:00Z,54695,41573,26058,23405,13122,17073,16972,23014,13467
2021-06-09T00:00:00Z,101319,86101,55946,50057,15218,28731,28625,39082,25577
2021-06-09T01:00:00Z,101120,87194,53187,48026,13926,31064,30959,40924,24805
2021-06-09T02:00:00Z,102190,89541,52342,47889,12649,33342,33235,40795,24173
2021-06-09T03:00:00Z,98219,86487,50697,46759,11732,32153,32049,39539,23714
2021-06-09T04:00:00Z,95669,81814,48240,44951,13855,28665,28560,36208,21852
2021-06-09T05:00:00Z,123636,90752,52901,49254,32884,31661,31545,41168,22721
2021-06-09T06:00:00Z,141483,111864,61938,56697,29619,39636,39511,51007,28286
2021-06-09T07:00:00Z,142911,123839,67721,61310,19072,45239,45085,53785,31058
2021-06-09T08:00:00Z,145303,129140,70704,64966,16163,48393,48237,55494,32860
2021-06-09T09:00:00Z,151454,135156,74930,69395,16298,48915,48768,56331,33759
2021-06-09T10:00:00Z,139798,123606,69104,64057,16192,45390,45245,53175,32203
2021-06-09T11:00:00Z,141829,126701,71381,66015,15128,45277,45139,52627,31615
2021-06-09T12:00:00Z,153847,138134,79061,72495,15713,50324,50168,58537,36531
2021-06-09T13:00:00Z,167085,151794,83708,78407,15291,55346,55190,62631,38418
2021-06-09T14:00:00Z,169107,153357,84374,78401,15750,58458,58304,65416,40996
2021-06-09T15:00:00Z,162984,148656,82267,76852,14328,56058,55901,62913,39814
2021-06-09T16:00:00Z,151201,136999,75382,70853,14202,50849,50687,57458,36047
2021-06-09T17:00:00Z,181382,120225,66062,62232,61157,44661,44527,65248,31571
2021-06-09T19:00:00Z,168896,113898,65455,60521,54998,40861,40705,57877,30486
2021-06-09T20:00:00Z,132121,116461,67522,62340,15660,40853,40706,48605,31267
2021-06-09T21:00:00Z,121364,104367,60221,55507,16997,35941,35800,43457,27669
2021-06-09T22:00:00Z,101561,87968,51581,47429,13593,30361,30239,37755,23818
2021-06-09T23:00:00Z,98200,81195,51388,45990,17005,27683,27567,36669,22889
2021-06-10T00:00:00Z,102436,82859,54949,47875,19577,28358,28233,39933,25558
2021-06-10T01:00:00Z,98093,82563,51507,45176,15530,30973,30864,40175,24659
2021-06-10T02:00:00Z,100889,84784,49887,44771,16105,32844,32714,41394,24056
2021-06-10T03:00:00Z,98473,82263,48920,44408,16210,31751,31651,41064,23578
2021-06-10T04:00:00Z,102662,80030,49586,45458,22632,27969,27867,38702,21966
2021-06-10T05:00:00Z,120470,85513,51162,46424,34957,30730,30614,41088,22895
2021-06-10T06:00:00Z,139225,107610,61956,55459,31615,39184,39054,50353,28599
2021-06-10T07:00:00Z,142432,119276,64314,58837,23156,44750,44602,55071,30190
2021-06-10T08:00:00Z,152848,126197,67621,61984,26651,48013,47856,58999,32366
2021-06-10T09:00:00Z,153429,129081,69658,64094,24348,48368,48220,59744,33175
2021-06-10T10:00:00Z,145912,118575,66634,61418,27337,43822,43687,55907,31499
2021-06-10T11:00:00Z,143132,121122,68465,62972,22010,44315,44183,53705,31231
2021-06-10T12:00:00Z,157157,134363,76598,69811,22794,48993,48830,60463,36525
2021-06-10T13:00:00Z,172099,146192,80611,74640,25907,53766,53604,64565,38667
2021-06-10T14:00:00Z,170394,150362,83252,77568,20032,56392,56233,65957,39994
2021-06-10T15:00:00Z,172338,144315,79617,74154,28023,54063,53899,68201,38595
2021-06-10T16:00:00Z,158278,135568,77283,72443,22710,48680,48517,59891,35321
2021-06-10T17:00:00Z,182934,119927,69844,65300,63007,43243,43093,63960,31552
2021-06-10T21:00:00Z,192759,93701,57661,52299,99058,33204,33068,63972,25951
2021-06-10T22:00:00Z,161172,87047,52245,47128,74125,28922,28798,53309,23126
2021-06-10T23:00:00Z,122113,81925,51269,45740,40188,26511,26387,43879,22303
2021-06-11T00:00:00Z,117125,82064,54995,47669,35061,27008,26876,45756,25144
2021-06-11T01:00:00Z,107555,78012,49353,43622,29543,28900,28797,45060,23900
2021-06-11T02:00:00Z,112623,83451,49666,45640,29172,31008,30907,46213,22454
2021-06-11T03:00:00Z,110500,83194,50180,45763,27306,30525,30428,45586,22791
2021-06-11T04:00:00Z,113657,74975,46827,42801,38682,26880,26772,45891,20934
2021-06-11T05:00:00Z,113190,82043,49397,44600,31147,28834,28701,38955,21327
2021-06-11T06:00:00Z,135516,103073,61279,55475,32443,37248,37126,48650,27706
2021-06-11T07:00:00Z,178768,114994,65937,60637,63774,41146,40999,73094,28506
2021-06-11T08:00:00Z,200333,116043,64820,59524,84290,43431,43287,87100,30303
2021-06-11T09:00:00Z,171813,126740,72099,66556,45073,45565,45419,68210,32061
2021-06-11T10:00:00Z,167870,115919,66407,61220,51951,41371,41235,67362,30257
2021-06-11T11:00:00Z,165236,117780,68622,63126,47456,40287,40136,63714,29592
2021-06-11T12:00:00Z,173678,121625,71288,64580,52053,43831,43687,70903,33661
2021-06-11T13:00:00Z,178394,129793,72846,67031,48601,47978,47825,71843,34773
2021-06-11T14:00:00Z,184460,139416,80681,74678,45044,50382,50243,72420,36041
2021-06-11T15:00:00Z,177699,133226,77049,71556,44473,48113,47957,70719,35709
2021-06-11T16:00:00Z,167508,122943,70778,66107,44565,43665,43516,66539,32468
2021-06-11T17:00:00Z,166473,117505,68860,63917,48968,40279,40134,65441,30101
2021-06-11T18:00:00Z,171120,111075,67647,61608,60045,37758,37609,69119,30035
2021-06-11T19:00:00Z,153538,103750,62692,56758,49788,34641,34508,59839,27290
2021-06-11T20:00:00Z,144910,100529,61478,56075,44381,33183,33038,54569,26208
2021-06-11T21:00:00Z,190286,155141,51835,46961,35145,29060,28927,87043,23218
2021-06-11T22:00:00Z,117397,77623,49386,44365,39774,25565,25452,45058,21026
2021-06-11T23:00:00Z,109472,70687,48056,42791,38785,22413,22325,42630,20061
2021-06-12T00:00:00Z,107931,68654,50430,43155,39277,21311,21203,43168,22108
2021-06-12T01:00:00Z,95854,60259,43679,37411,35595,20113,20023,39426,19826
2021-06-12T02:00:00Z,96303,61356,41928,37590,34947,20255,20169,38304,16915
2021-06-12T03:00:00Z,99181,62377,43024,38608,36804,20575,20487,40128,17378
2021-06-12T04:00:00Z,92793,61503,41225,37658,31290,20327,20232,37432,16766
2021-06-12T05:00:00Z,93046,67781,43970,39836,25265,20783,20696,34762,16383
2021-06-12T06:00:00Z,89301,70835,47942,42914,18466,23197,23118,35135,19695
2021-06-12T07:00:00Z,90629,72959,46333,41891,17670,24599,24512,35995,19243
2021-06-12T08:00:00Z,91331,75572,48420,43684,15759,25939,25858,36510,20515
2021-06-12T09:00:00Z,96628,79419,52103,46433,17209,27313,27220,37192,21631
2021-06-12T10:00:00Z,95778,78598,49698,45490,17180,27059,26978,38093,21406
2021-06-12T11:00:00Z,97416,80495,52068,47584,16921,27267,27182,36873,21234
2021-06-12T12:00:00Z,103844,85307,56628,50840,18537,29522,29433,41239,24966
2021-06-12T13:00:00Z,105765,89405,57198,52343,16360,31712,31628,41975,24687
2021-06-12T14:00:00Z,113670,97288,61449,56617,16382,34927,34836,45723,26808
2021-06-12T15:00:00Z,112238,96258,61065,56739,15980,34629,34543,44899,27141
2021-06-12T16:00:00Z,106060,90973,57360,53274,15087,32712,32622,41674,25567
2021-06-12T17:00:00Z,102377,88499,57113,53242,13878,30336,30250,38631,23854
2021-06-12T18:00:00Z,96906,84458,56581,51606,12448,28898,28807,37371,24268
2021-06-12T19:00:00Z,86955,75829,50232,46097,11126,26007,25923,32829,21181
2021-06-12T20:00:00Z,81503,71820,48156,44016,9683,24307,24232,30625,20129
2021-06-12T21:00:00Z,73979,65633,45206,41080,8346,22582,22507,28344,19229
2021-06-12T22:00:00Z,69787,61974,42599,38768,7813,19773,19688,25598,17073
2021-06-12T23:00:00Z,64933,56770,41839,37364,8163,18245,18173,24150,16481
2021-06-13T00:00:00Z,67277,56912,44527,38188,10365,17679,17600,27112,19238
2021-06-13T01:00:00Z,64008,52572,38319,32978,11436,17389,17313,25491,17192
2021-06-13T02:00:00Z,64336,56840,37908,34396,7496,18298,18222,25371,15522
2021-06-13T03:00:00Z,66872,59713,39381,35603,7159,19301,19237,28099,16144
2021-06-13T04:00:00Z,66725,59802,39904,36546,6923,18907,18847,26808,15814
2021-06-13T05:00:00Z,77827,64018,42942,38730,13809,20128,20059,28237,16228
2021-06-13T06:00:00Z,80132,71005,47814,42832,9127,23064,22994,32255,19780
2021-06-13T07:00:00Z,81272,73198,47310,43332,8074,25093,25018,31543,19441
2021-06-13T08:00:00Z,89558,80280,49511,45141,9278,26770,26692,37224,21161
2021-06-13T09:00:00Z,91268,82350,50692,46488,8918,28107,28026,38342,22048
2021-06-13T10:00:00Z,91953,83064,52178,48155,8889,28524,28435,36828,21958
2021-06-13T11:00:00Z,96196,87791,55277,51183,8405,29207,29126,37558,22367
2021-06-13T12:00:00Z,103316,93216,62056,56701,10100,31251,31162,40878,25992
2021-06-13T13:00:00Z,99896,91123,58515,54097,8773,33056,32976,40020,25660
2021-06-13T14:00:00Z,107691,98717,62534,58014,8974,36334,36249,42907,27441
2021-06-13T15:00:00Z,105897,97338,62014,58070,8559,36081,35994,43200,27935
2021-06-13T16:00:00Z,99606,91869,57599,54256,7737,33882,33804,40273,26204
2021-06-13T17:00:00Z,97104,89211,57478,53557,7893,31848,31770,38099,24616
2021-06-13T18:00:00Z,96320,87807,57155,52555,8513,30654,30568,38995,25550
2021-06-13T19:00:00Z,89629,81881,52571,48665,7748,28752,28671,35095,23131
2021-06-13T20:00:00Z,84382,77218,49948,46035,7164,27613,27531,33728,22170
2021-06-13T21:00:00Z,77617,70610,47020,43348,7007,25587,25510,31176,20948
2021-06-13T22:00:00Z,70270,62890,42075,38498,7380,21677,21605,27622,18307
2021-06-13T23:00:00Z,68734,61148,43417,39185,7586,20509,20441,26632,18110
2021-06-14T00:00:00Z,82578,65589,49234,42626,16989,21449,21361,32045,21976
2021-06-14T01:00:00Z,76949,62606,44249,38217,14343,22214,22133,31763,21169
2021-06-14T02:00:00Z,77503,65723,44788,40031,11780,23615,23541,30723,19684
2021-06-14T03:00:00Z,79791,67564,45052,40416,12227,24140,24058,31949,20090
2021-06-14T04:00:00Z,86429,68514,44318,40285,17915,24189,24088,32451,19553
2021-06-14T05:00:00Z,116243,77137,49476,44491,39106,26110,26003,36279,20681
2021-06-14T06:00:00Z,138825,91410,56168,50563,47415,31708,31596,44257,25538
2021-06-14T07:00:00Z,136305,104038,58792,53712,32267,37812,37677,48226,27540
2021-06-14T08:00:00Z,146559,112773,64298,57333,33786,41513,41361,51406,30421
2021-06-14T09:00:00Z,136605,118792,68008,61636,17813,42031,41886,49499,30828
2021-06-14T10:00:00Z,128983,112816,64607,58897,16167,40338,40200,47718,29688
2021-06-14T11:00:00Z,133112,115771,66685,61079,17341,41126,40979,48785,30070
2021-06-14T12:00:00Z,148308,131443,74707,67562,16865,46844,46698,56698,36209
2021-06-14T13:00:00Z,161400,144243,80791,74657,17157,52563,52400,61361,38399
2021-06-14T14:00:00Z,165492,149788,82610,76179,15704,56275,56104,63837,40152
2021-06-14T15:00:00Z,164295,146725,81880,75434,17570,54489,54328,62436,39515
2021-06-14T16:00:00Z,148762,135285,74580,69572,13477,49166,48999,57482,36673
2021-06-14T17:00:00Z,144702,126354,73264,66296,18348,44788,44644,53949,34673
2021-06-14T18:00:00Z,142215,125980,74908,67583,16235,43466,43325,52706,34481
2021-06-14T19:00:00Z,129904,115059,67801,61241,14845,41348,41198,48857,31547
2021-06-14T20:00:00Z,127560,112077,66478,60675,15483,39600,39455,46760,30479
2021-06-14T21:00:00Z,119274,101489,60613,55343,17785,35492,35352,42349,27662
2021-06-14T22:00:00Z,103089,87366,54296,48333,15723,29604,29470,37667,24418
2021-06-14T23:00:00Z,93676,78824,52416,45836,14852,27175,27056,35205,23531
2021-06-15T00:00:00Z,105243,82974,55225,48280,22269,27942,27826,38882,25354
2021-06-15T01:00:00Z,94146,81584,51475,45498,12562,30191,30072,39045,25117
2021-06-15T02:00:00Z,97421,86352,51878,47248,11069,32655,32546,39753,24369
2021-06-15T03:00:00Z,95104,84358,51034,46624,10746,31533,31425,38620,23389
2021-06-15T04:00:00Z,94711,80789,50516,46462,13922,28272,28166,35664,22039
2021-06-15T05:00:00Z,110745,85820,52760,48121,24925,30375,30256,39046,22334
2021-06-15T06:00:00Z,137124,107385,61864,56520,29739,38688,38554,49973,28564
2021-06-15T07:00:00Z,144446,120243,66243,60399,24203,44555,44407,52664,30206
2021-06-15T08:00:00Z,146941,129559,69935,63907,17382,47498,47336,54916,32562
2021-06-15T09:00:00Z,144593,128056,69807,64145,16537,47925,47763,55990,33514
2021-06-15T10:00:00Z,136693,120153,66639,60922,16540,44061,43922,51695,31770
2021-06-15T11:00:00Z,139476,124052,69620,63893,15424,44195,44043,51646,31498
2021-06-15T12:00:00Z,150064,134265,76977,69885,15799,48991,48833,57832,36544
2021-06-15T13:00:00Z,166206,148585,83386,77076,17621,53981,53809,62140,38686
2021-06-15T14:00:00Z,172653,154661,86966,79877,17992,56781,56620,64326,40917
2021-06-15T15:00:00Z,171255,144833,83379,75922,26422,54909,54748,65917,40488
2021-06-15T16:00:00Z,158178,131472,74838,69180,26706,48001,47840,59674,35570
2021-06-15T17:00:00Z,149352,129964,74045,68621,19388,44813,44673,54645,34120
2021-06-15T18:00:00Z,146470,125590,73704,67218,20880,43768,43617,54890,34430
2021-06-15T19:00:00Z,138003,115844,68264,62698,22159,40791,40646,50506,30966
2021-06-15T20:00:00Z,131584,109389,65029,59583,22195,38575,38430,48586,29817
2021-06-15T21:00:00Z,124594,101017,60433,54815,23577,35411,35272,45721,27920
2021-06-15T22:00:00Z,111099,86667,52899,47806,24432,29605,29479,41842,24491
2021-06-15T23:00:00Z,113104,79295,50719,45203,33809,27335,27222,44622,23306
2021-06-16T00:00:00Z,130626,81455,54493,47321,49171,27745,27619,54746,26066
2021-06-16T01:00:00Z,129581,80026,49582,43797,49555,29958,29853,56860,24714
2021-06-16T02:00:00Z,105402,84989,49738,45461,20413,31981,31873,43700,23339
2021-06-16T03:00:00Z,99302,84758,52598,47711,14544,31368,31272,40626,24390
2021-06-16T04:00:00Z,110892,80984,50922,45964,29908,27369,27267,43527,23420
2021-06-16T05:00:00Z,115695,86898,53953,48325,28797,30436,30325,41535,23794
2021-06-16T06:00:00Z,135053,106600,60995,55392,28453,38535,38407,50416,28543
2021-06-16T07:00:00Z,177842,115995,65189,59504,61847,42748,42597,72347,29164
2021-06-16T08:00:00Z,202190,119721,66012,60976,82469,45170,45019,87215,30442
2021-06-16T09:00:00Z,163877,134717,75878,70827,29160,48004,47851,62138,33593
2021-06-16T10:00:00Z,149544,119452,66281,60953,30092,43737,43575,58133,31314
2021-06-16T11:00:00Z,157202,125803,71216,65660,31399,43625,43481,58070,30831
2021-06-16T12:00:00Z,171079,136222,79735,73167,34857,48519,48370,66878,36113
2021-06-16T13:00:00Z,184888,146862,84995,79194,38026,52435,52287,70838,37214
2021-06-16T14:00:00Z,186064,149753,83674,78149,36311,55999,55843,73977,39458
2021-06-16T15:00:00Z,182572,145740,83068,78003,36832,53788,53640,72671,38632
2021-06-16T16:00:00Z,172022,136412,78251,73892,35610,48266,48109,66531,34722
2021-06-16T17:00:00Z,168902,126284,72939,68489,42618,44261,44110,63976,31982
2021-06-16T18:00:00Z,168972,129968,77398,71208,39004,42937,42787,62308,33367
2021-06-16T19:00:00Z,163328,116878,67824,62646,46450,40814,40675,61964,30141
2021-06-16T20:00:00Z,156792,112631,64252,59145,44161,39086,38943,60825,29428
2021-06-16T21:00:00Z,145643,103018,59109,54050,42625,35588,35454,58042,27471
2021-06-16T22:00:00Z,129053,85248,51157,46768,43805,29647,29518,50336,23313
2021-06-16T23:00:00Z,126152,79777,51209,45417,46375,26888,26763,48485,22992
2021-06-17T00:00:00Z,135233,83143,57983,49122,52090,27712,27579,54642,26765
2021-06-17T01:00:00Z,129162,81087,52274,44856,48075,29424,29310,54453,24933
2021-06-17T02:00:00Z,133118,84707,50601,45513,48411,31903,31785,55188,23358
2021-06-17T03:00:00Z,130906,86026,51667,47046,44880,31162,31067,53691,23306
2021-06-17T04:00:00Z,130334,81569,51546,47459,48765,27743,27631,51195,21703
2021-06-17T05:00:00Z,139660,91336,56660,52023,48324,30293,30179,52839,21908
2021-06-17T06:00:00Z,157513,107268,63586,58072,50245,38251,38131,61911,27741
2021-06-17T07:00:00Z,167242,121182,67750,62335,46060,43587,43445,64578,29728
2021-06-17T08:00:00Z,169933,129139,71176,65556,40794,46823,46665,65320,31859
2021-06-17T09:00:00Z,165674,133617,74460,68930,32057,47973,47818,63078,33161
2021-06-17T10:00:00Z,149411,123631,68607,63104,25780,43987,43847,55661,31748
2021-06-17T11:00:00Z,147052,121160,67961,62276,25892,43576,43428,54377,30765
2021-06-17T12:00:00Z,161276,133835,77972,70340,27441,48184,48043,60351,36121
2021-06-17T13:00:00Z,166692,143489,78758,73087,23203,53122,52967,63289,37565
2021-06-17T14:00:00Z,166432,145441,80676,75267,20991,55672,55511,65128,39189
2021-06-17T15:00:00Z,167457,148906,83993,79236,18551,54258,54107,63406,38802
2021-06-17T16:00:00Z,156927,138425,79073,74589,18502,48142,47988,57723,35550
2021-06-17T17:00:00Z,139453,124685,70368,66232,14768,43832,43672,50871,31457
2021-06-17T18:00:00Z,141628,124675,73027,66789,16953,42695,42556,51448,33402
2021-06-17T19:00:00Z,132547,114200,67983,61076,18347,39973,39822,48167,31084
2021-06-17T20:00:00Z,130939,109426,64691,58341,21513,37668,37515,46614,29607
2021-06-17T21:00:00Z,113930,97221,58618,53286,16709,34084,33940,41063,26704
2021-06-17T22:00:00Z,97668,85080,51279,46748,12588,28616,28492,34849,22829
2021-06-17T23:00:00Z,91748,79422,50817,45816,12326,25996,25873,33012,21984
2021-06-18T00:00:00Z,98208,81695,54309,47958,16513,26555,26437,36618,24567
2021-06-18T01:00:00Z,92563,80708,50238,44857,11855,28646,28543,36743,23418
2021-06-18T02:00:00Z,95168,83031,49935,45781,12137,30177,30069,36865,22066
2021-06-18T03:00:00Z,92589,80391,48851,44484,12198,29694,29602,36194,22008
2021-06-18T04:00:00Z,89530,74835,46517,42692,14695,26080,25971,33693,20566
2021-06-18T05:00:00Z,102197,87151,53164,48481,15046,28775,28649,36080,21298
2021-06-18T06:00:00Z,120980,104080,61323,55723,16900,36267,36136,45087,26740
2021-06-18T07:00:00Z,134680,117153,66193,60661,17527,41780,41644,49742,29093
2021-06-18T08:00:00Z,145781,127736,72168,66198,18045,44988,44853,53252,32138
2021-06-18T09:00:00Z,142288,125547,70056,64606,16741,45123,44988,52925,32243
2021-06-18T10:00:00Z,135265,115683,66850,61162,19582,41307,41177,49691,30723
2021-06-18T11:00:00Z,135624,117815,69295,63918,17809,39773,39644,47168,28804
2021-06-18T12:00:00Z,144315,128072,78764,72159,16243,43562,43415,52234,33527
2021-06-18T13:00:00Z,149525,132120,73553,67757,17405,46848,46706,54684,34253
2021-06-18T14:00:00Z,153734,139167,76384,71083,14567,49921,49767,57394,35898
2021-06-18T15:00:00Z,146135,131803,75043,69877,14332,47627,47481,54947,34540
2021-06-18T16:00:00Z,133515,119692,67745,63548,13823,42677,42534,49720,31438
2021-06-18T17:00:00Z,128879,116601,65505,61480,12278,39045,38913,45108,28366
2021-06-18T18:00:00Z,123133,109387,65820,60518,13746,37173,37045,45445,29649
2021-06-18T19:00:00Z,115989,100780,59470,54302,15209,34125,34009,43040,27158
2021-06-18T20:00:00Z,124531,95221,58708,52836,29310,32185,32061,46546,26138
2021-06-18T21:00:00Z,107230,85106,53634,47782,22124,28408,28297,36936,23817
2021-06-18T22:00:00Z,90498,75064,48865,43584,15434,24080,23964,31746,20455
2021-06-18T23:00:00Z,87429,72253,50515,45201,15176,21780,21670,29990,19497
2021-06-19T00:00:00Z,76531,64661,46926,40424,11870,20314,20215,29883,20889
2021-06-19T01:00:00Z,68648,57336,40528,34923,11312,19483,19393,27799,18585
2021-06-19T02:00:00Z,67659,58986,38738,34759,8673,20197,20108,26433,16726
2021-06-19T03:00:00Z,69557,61910,41527,37493,7647,21300,21230,27813,17711
2021-06-19T04:00:00Z,67123,59976,40275,36761,7147,20056,19984,26174,16923
2021-06-19T05:00:00Z,70848,63184,42048,38028,7664,20624,20544,26118,16016
2021-06-19T06:00:00Z,79735,71380,47119,42264,8355,23964,23882,31555,20032
2021-06-19T07:00:00Z,81166,72451,46130,41703,8715,25168,25086,31717,19188
2021-06-19T08:00:00Z,88324,79290,52023,47496,9034,26502,26418,33356,20602
2021-06-19T09:00:00Z,89770,81150,53740,49346,8620,27024,26940,34148,21216
2021-06-19T10:00:00Z,90352,82333,54943,50573,8019,26709,26636,33377,21356
2021-06-19T11:00:00Z,91545,83335,55608,51371,8210,26621,26532,32973,20562
2021-06-19T12:00:00Z,99640,89265,60284,54519,10375,28969,28880,37880,24745
2021-06-19T13:00:00Z,99936,91094,59628,55023,8842,30951,30867,37924,23956
2021-06-19T14:00:00Z,107534,98450,63562,59184,9084,33358,33275,40642,25754
2021-06-19T15:00:00Z,106095,98223,63432,59557,7872,33726,33640,41099,26105
2021-06-19T16:00:00Z,98052,90934,57993,54839,7118,30849,30767,37763,24233
2021-06-19T17:00:00Z,97144,89948,57944,54325,7196,28650,28571,35578,22536
2021-06-19T18:00:00Z,95061,87191,58533,54154,7870,27973,27900,36072,23509
2021-06-19T19:00:00Z,87690,79484,53706,49453,8206,25217,25130,31820,20681
2021-06-19T20:00:00Z,79917,70562,47188,42721,9355,23827,23747,30429,20002
2021-06-19T21:00:00Z,73246,64737,43837,39675,8509,22356,22274,28508,18955
2021-06-19T22:00:00Z,66324,57998,39713,35827,8326,19134,19053,25133,16932
2021-06-19T23:00:00Z,63862,55247,40017,35411,8615,17681,17611,24180,16501
2021-06-20T00:00:00Z,68253,55513,43079,36272,12740,17514,17436,27414,19475
2021-06-20T01:00:00Z,62241,50442,37092,31361,11799,17273,17202,25476,17494
2021-06-20T02:00:00Z,60159,52688,35371,31798,7471,18192,18123,23935,15452
2021-06-20T03:00:00Z,62771,55624,37905,34095,7147,19142,19078,25080,16054
2021-06-20T04:00:00Z,66461,59883,41377,38032,6578,19131,19065,24779,15782
2021-06-20T05:00:00Z,67970,60602,41767,37810,7368,20155,20091,25482,16139
2021-06-20T06:00:00Z,76129,68270,46139,41623,7859,22956,22885,30278,19450
2021-06-20T07:00:00Z,76796,69151,44591,40537,7645,24573,24489,30606,18920
2021-06-20T08:00:00Z,83968,74706,47606,43157,9262,26381,26304,33614,21065
2021-06-20T09:00:00Z,85161,76571,48367,43991,8590,27641,27560,34223,21667
2021-06-20T10:00:00Z,85137,76625,48414,44150,8512,27587,27505,34416,21684
2021-06-20T11:00:00Z,89779,81231,52474,48141,8548,27861,27783,34962,21784
2021-06-20T12:00:00Z,100672,89769,61051,55117,10903,30816,30733,39466,25982
2021-06-20T13:00:00Z,102743,92335,60123,55213,10408,32973,32891,40223,25645
2021-06-20T14:00:00Z,110030,100368,64546,59573,9662,35590,35516,42883,27332
2021-06-20T15:00:00Z,110097,100126,64928,60375,9971,35791,35701,43409,28083
2021-06-20T16:00:00Z,104211,94847,61615,57787,9364,32378,32294,40188,26106
2021-06-20T17:00:00Z,95818,86161,56227,52039,9657,30182,30091,36765,23960
2021-06-20T18:00:00Z,94407,83597,55848,50594,10810,29538,29454,37777,25171
2021-06-20T19:00:00Z,87899,78743,52064,47392,9156,27576,27480,34068,22616
2021-06-20T20:00:00Z,84387,75640,50359,46095,8747,26310,26212,32693,21890
2021-06-20T21:00:00Z,77470,70139,47026,43270,7331,24030,23951,29967,20055
2021-06-20T22:00:00Z,69017,61636,41494,37967,7381,20539,20464,26306,17395
2021-06-20T23:00:00Z,68840,59997,42748,38344,8843,19954,19879,26543,17691
2021-06-21T00:00:00Z,89407,64925,47405,41272,24482,21789,21710,32489,20984
2021-06-21T01:00:00Z,91102,68691,45973,39262,22411,25421,25330,35369,21752
2021-06-21T02:00:00Z,93977,76587,47647,42844,17390,28509,28420,35673,20892
2021-06-21T03:00:00Z,96143,77514,47699,43060,18629,28705,28609,36776,21441
2021-06-21T04:00:00Z,97378,71639,46367,42168,25739,25191,25087,34579,20408
2021-06-21T05:00:00Z,107703,86050,55665,50413,21653,28338,28233,36165,21054
2021-06-21T06:00:00Z,131102,105513,64707,58472,25589,35764,35637,45821,26905
2021-06-21T07:00:00Z,132077,110899,60304,55734,21178,41359,41216,49189,27883
2021-06-21T08:00:00Z,151289,123687,69012,62038,27602,44984,44840,53934,31286
2021-06-21T09:00:00Z,149837,127909,71076,65281,21928,46193,46037,54785,32358
2021-06-21T10:00:00Z,140549,118254,67869,62464,22295,41979,41824,50979,30979
2021-06-21T11:00:00Z,143335,120261,70114,64729,23074,41905,41760,50055,30548
2021-06-21T12:00:00Z,149681,130147,76756,69698,19534,46898,46738,56824,36198
2021-06-21T13:00:00Z,170759,142220,80664,72929,28539,51109,50962,59235,36635
2021-06-21T14:00:00Z,167773,148450,83068,76887,19323,54397,54244,62355,39109
2021-06-21T15:00:00Z,161567,141805,79602,73736,19762,52912,52755,60509,37939
2021-06-21T16:00:00Z,152021,131935,74403,68841,20086,47801,47630,55972,34973
2021-06-21T17:00:00Z,148242,125875,72395,66294,22367,43943,43803,53430,32860
2021-06-21T18:00:00Z,143123,120741,72284,65041,22382,41535,41381,51476,33017
2021-06-21T19:00:00Z,145147,115199,68635,62066,29948,40180,40037,51762,30631
2021-06-21T20:00:00Z,139270,110801,64809,59048,28469,37630,37485,49502,28885
2021-06-21T21:00:00Z,139819,100515,61128,56083,39304,33980,33853,50164,26361
2021-06-21T22:00:00Z,108659,90267,55317,50091,18392,29088,28959,36903,23508
2021-06-21T23:00:00Z,101524,82615,53944,47853,18909,26956,26836,34881,22600
2021-06-22T00:00:00Z,101305,83454,57271,49361,17851,27714,27599,38341,25820
2021-06-22T01:00:00Z,94750,81527,51545,45390,13223,29784,29682,38964,24716
2021-06-22T02:00:00Z,98542,86286,49597,45294,12256,32157,32043,38860,23112
2021-06-22T03:00:00Z,97422,84707,50303,45889,12715,31102,31010,38017,22444
2021-06-22T04:00:00Z,93057,77349,47761,44028,15708,27299,27184,34719,21119
2021-06-22T05:00:00Z,99841,84559,50776,46271,15282,30013,29901,36651,21550
2021-06-22T06:00:00Z,125583,109802,63999,58613,15781,38075,37948,46340,27598
2021-06-22T07:00:00Z,136500,121356,67819,62833,15144,43807,43661,50124,29421
2021-06-22T08:00:00Z,144309,127174,68666,63412,17135,46655,46506,53994,31674
2021-06-22T09:00:00Z,148047,131750,72221,67211,16297,47303,47150,54388,32797
2021-06-22T10:00:00Z,139308,122574,68999,64035,16734,42923,42791,50619,30707
2021-06-22T11:00:00Z,142290,122529,69204,63446,19761,43057,42914,51530,31176
2021-06-22T12:00:00Z,157178,138553,81763,74134,18625,48364,48207,58323,36859
2021-06-22T13:00:00Z,172458,151600,86554,80091,20858,52717,52554,61905,38117
2021-06-22T14:00:00Z,173710,156543,89283,83052,17167,56026,55857,63491,39843
2021-06-22T15:00:00Z,181802,143240,82172,75773,38562,53535,53368,66535,39049
2021-06-22T16:00:00Z,152952,136526,76925,72180,16426,49140,48976,56501,35696
2021-06-22T17:00:00Z,147514,131582,75091,70149,15932,45028,44875,52475,32960
2021-06-22T18:00:00Z,146137,128346,74362,67864,17791,43174,43023,51295,33576
2021-06-22T19:00:00Z,138636,121214,73184,67088,17422,40675,40520,47823,31005
2021-06-22T20:00:00Z,136617,117812,71895,65600,18805,39005,38853,46497,30156
2021-06-22T21:00:00Z,120184,101525,60932,54888,18659,35376,35233,42564,27605
2021-06-22T22:00:00Z,101877,87965,54488,49141,13912,29743,29617,36249,23619
2021-06-22T23:00:00Z,95259,82418,52772,47466,12841,27536,27412,34852,23067
2021-06-23T00:00:00Z,107679,83281,57343,49529,24398,28593,28470,39951,26793
2021-06-23T01:00:00Z,97598,84217,53712,47325,13381,30783,30678,40116,25599
2021-06-23T02:00:00Z,98342,85783,51437,46902,12559,32206,32101,38662,22949
2021-06-23T03:00:00Z,97052,83914,50544,45830,13138,31204,31098,38173,22832
2021-06-23T04:00:00Z,92583,78134,48637,44561,14449,27421,27302,35054,21376
2021-06-23T05:00:00Z,98628,84112,50697,45966,14516,29870,29762,36535,21329
2021-06-23T06:00:00Z,119377,103536,59584,53988,15841,37453,37321,46153,27030
2021-06-23T07:00:00Z,131618,116212,63957,58813,15406,42726,42590,50055,28485
2021-06-23T08:00:00Z,142513,124920,67330,61667,17593,46171,46020,53688,31518
2021-06-23T09:00:00Z,142985,125933,69916,63822,17052,46822,46672,54372,32736
2021-06-23T10:00:00Z,135187,117067,65919,59866,18120,42636,42493,51070,31021
2021-06-23T11:00:00Z,136086,119366,67211,61475,16720,42437,42308,49625,30149
2021-06-23T12:00:00Z,149843,133575,78552,71172,16268,47863,47726,57052,36318
2021-06-23T13:00:00Z,157569,139965,77630,71978,17604,52274,52118,59484,36518
2021-06-23T14:00:00Z,163489,149486,81744,76077,14003,55940,55777,62250,38962
2021-06-23T15:00:00Z,159903,145526,81699,76307,14377,53784,53620,60591,38450
2021-06-23T16:00:00Z,145072,132413,73237,68779,12659,47804,47633,54720,34774
2021-06-23T17:00:00Z,139316,124114,72122,67000,15202,43306,43157,49474,31068
2021-06-23T18:00:00Z,135903,121054,71590,65429,14849,41928,41784,49611,32314
2021-06-23T19:00:00Z,124673,110613,65838,60396,14060,38394,38256,45070,28947
2021-06-23T20:00:00Z,135793,109833,64970,59137,25960,36327,36181,46532,28216
2021-06-23T21:00:00Z,118322,100284,61190,56098,18038,33607,33477,42414,26634
2021-06-23T22:00:00Z,96194,84393,51550,46830,11801,28793,28670,35487,23358
2021-06-23T23:00:00Z,89272,77210,49864,44874,12062,26343,26222,33821,22311
2021-06-24T00:00:00Z,95553,79317,54999,47944,16236,27155,27040,37266,25499
2021-06-24T01:00:00Z,91365,79220,51196,45008,12145,29373,29279,38457,24846
2021-06-24T02:00:00Z,94941,83705,50904,46367,11236,30942,30841,37510,22472
2021-06-24T03:00:00Z,91974,81152,49042,44744,10822,30432,30331,37981,22600
2021-06-24T04:00:00Z,86075,74074,46177,42012,12001,26542,26434,34278,20961
2021-06-24T05:00:00Z,93902,81940,49961,45442,11962,29106,28996,35744,21059
2021-06-24T06:00:00Z,112652,99193,57565,52021,13459,36492,36373,45070,26676
2021-06-24T07:00:00Z,124463,111152,61208,56157,13311,41995,41859,48517,28307
2021-06-24T08:00:00Z,139245,122020,66258,60779,17225,45186,45050,52759,31175
2021-06-24T09:00:00Z,139110,123392,68833,63052,15718,46024,45879,53039,31955
2021-06-24T10:00:00Z,128308,114379,64859,59579,13929,41876,41738,48855,30202
2021-06-24T11:00:00Z,131860,117683,65603,60344,14177,41333,41186,48951,29747
2021-06-24T12:00:00Z,148531,132737,75257,67962,15794,46831,46684,56086,35569
2021-06-24T13:00:00Z,160047,145354,79522,73728,14693,51196,51045,59207,36603
2021-06-24T14:00:00Z,158929,145116,80476,75078,13813,54079,53933,60773,38341
2021-06-24T15:00:00Z,161352,144116,82149,75956,17236,52190,52028,59369,37878
2021-06-24T16:00:00Z,144100,132294,76299,71899,11806,47128,46981,53961,34431
2021-06-24T17:00:00Z,139832,126540,74796,69891,13292,42839,42701,49548,31229
2021-06-24T18:00:00Z,137986,123793,75655,69713,14193,40910,40768,49184,31960
2021-06-24T19:00:00Z,126733,113048,69831,64413,13685,38247,38114,44918,28907
2021-06-24T20:00:00Z,122633,108662,64760,59299,13971,37094,36960,44111,28685
2021-06-24T21:00:00Z,108170,95388,57077,52431,12782,33124,32984,39723,25890
2021-06-24T22:00:00Z,98905,87793,52413,48085,11112,28065,27940,34211,22446
2021-06-24T23:00:00Z,90658,78541,51058,45946,12117,25867,25753,32684,21950
2021-06-25T00:00:00Z,94637,79817,53941,47397,14820,26594,26473,36498,24707
2021-06-25T01:00:00Z,93133,80430,51443,45172,12703,29195,29085,38126,24849
2021-06-25T02:00:00Z,95476,83765,51696,47241,11711,30831,30712,37963,23031
2021-06-25T03:00:00Z,92770,82386,51945,47642,10384,29782,29672,36453,22061
2021-06-25T04:00:00Z,86759,72886,46554,42686,13873,25870,25761,33051,20226
2021-06-25T05:00:00Z,94541,80642,50088,45676,13899,27901,27801,34216,20026
2021-06-25T06:00:00Z,112352,96910,57991,52496,15442,34880,34756,43161,25501
2021-06-25T07:00:00Z,120491,107189,60603,55865,13302,39424,39288,46133,26774
2021-06-25T08:00:00Z,131078,115181,63006,57730,15897,43025,42885,50428,29612
2021-06-25T09:00:00Z,133987,117745,66644,60768,16242,43264,43135,50325,30079
2021-06-25T10:00:00Z,121429,107450,61500,56449,13979,39449,39315,46695,28898
2021-06-25T11:00:00Z,118580,105724,61377,56609,12856,37841,37724,44840,27397
2021-06-25T12:00:00Z,133170,118586,70649,64073,14584,41844,41712,50825,32045
2021-06-25T13:00:00Z,143089,127022,71402,65201,16067,46362,46221,54196,33534
2021-06-25T14:00:00Z,150072,136880,75861,70315,13192,48909,48765,55791,34998
2021-06-25T15:00:00Z,183553,142411,69079,64390,41142,45680,45538,80695,33057
2021-06-25T16:00:00Z,131744,119138,65549,61440,12606,42368,42223,49409,31059
2021-06-25T17:00:00Z,131308,119021,68218,63591,12287,39122,38991,46572,29065
2021-06-25T18:00:00Z,125115,112081,64598,58958,13034,37402,37270,45501,29449
2021-06-25T19:00:00Z,116700,101869,59709,54186,14831,33839,33712,40910,26634
2021-06-25T20:00:00Z,109396,94672,58129,52538,14724,32226,32101,39612,25701
2021-06-25T21:00:00Z,99094,85052,52570,47448,14042,28690,28576,35924,23507
2021-06-25T22:00:00Z,87006,74051,47440,42303,12955,24385,24274,30960,20364
2021-06-25T23:00:00Z,79260,66430,44977,39613,12830,21803,21700,29364,19534
2021-06-26T00:00:00Z,78076,63900,47518,40086,14176,20709,20608,31394,22118
2021-06-26T01:00:00Z,71226,58292,41274,34658,12934,19804,19721,28703,19451
2021-06-26T02:00:00Z,68346,59127,38396,34226,9219,20418,20342,26688,16488
2021-06-26T03:00:00Z,68397,59009,38663,34424,9388,20333,20262,27312,16885
2021-06-26T04:00:00Z,65210,58051,38745,35017,7159,19791,19714,25769,16321
2021-06-26T05:00:00Z,69572,62320,40795,36674,7252,20587,20507,25922,15794
2021-06-26T06:00:00Z,78101,69344,45743,40542,8757,23232,23153,31566,19766
2021-06-26T07:00:00Z,81015,72750,47669,43279,8265,24107,24023,30191,18426
2021-06-26T08:00:00Z,87527,76406,50775,45766,11121,25982,25897,33389,20549
2021-06-26T09:00:00Z,90037,77319,52437,46807,12718,26353,26268,35077,21620
2021-06-26T10:00:00Z,89484,77499,53157,46965,11985,26011,25921,33621,21323
2021-06-26T11:00:00Z,86330,76885,50981,45863,9445,26184,26102,32844,20844
2021-06-26T12:00:00Z,96655,85618,58679,52340,11037,28297,28203,37895,24601
2021-06-26T13:00:00Z,100829,90773,60330,55217,10056,30672,30587,38260,24525
2021-06-26T14:00:00Z,106585,95603,62704,56732,10982,33699,33602,40652,26042
2021-06-26T15:00:00Z,101764,92171,58330,53741,9593,33456,33361,40758,26338
2021-06-26T16:00:00Z,94502,86104,53950,50329,8398,31195,31105,38395,24734
2021-06-26T17:00:00Z,93261,85084,55465,51454,8177,29145,29063,35883,23341
2021-06-26T18:00:00Z,92281,83002,55551,50412,9279,28149,28061,35604,24061
2021-06-26T19:00:00Z,83128,74641,48892,44488,8487,25626,25543,31844,21035
2021-06-26T20:00:00Z,77617,69450,46271,41976,8167,23907,23824,29944,19894
2021-06-26T21:00:00Z,71447,63980,44002,39982,7467,21946,21874,27719,18877
2021-06-26T22:00:00Z,66910,59685,40799,36863,7225,19399,19311,25193,16971
2021-06-26T23:00:00Z,62147,55066,39930,35543,7081,18128,18060,23971,16550
2021-06-27T00:00:00Z,66312,55324,43163,36534,10988,17996,17921,27220,19756
2021-06-27T01:00:00Z,62264,51230,37539,31743,11034,17990,17913,26338,18265
2021-06-27T02:00:00Z,63716,55513,38454,34347,8203,19398,19326,25446,16677
2021-06-27T03:00:00Z,65061,56918,38806,34755,8143,19605,19535,26058,16790
2021-06-27T04:00:00Z,64130,57012,39145,35361,7118,19315,19249,25116,16185
2021-06-27T05:00:00Z,68279,60973,41170,37160,7306,20509,20436,26047,16192
2021-06-27T06:00:00Z,73794,65584,44200,39316,8210,22711,22641,29877,19345
2021-06-27T07:00:00Z,76539,68911,44395,40246,7628,24854,24782,30836,19147
2021-06-27T08:00:00Z,83728,74262,47579,43084,9466,26429,26354,33116,20852
2021-06-27T09:00:00Z,83599,74770,47489,43017,8829,27301,27223,33898,21477
2021-06-27T10:00:00Z,84676,76043,47690,43271,8633,27159,27075,33986,21478
2021-06-27T11:00:00Z,87016,78694,50203,45877,8322,27607,27514,33957,21266
2021-06-27T12:00:00Z,97251,86783,58610,52393,10468,30285,30191,39230,25703
2021-06-27T13:00:00Z,99547,89777,57795,52627,9770,32360,32268,39474,25017
2021-06-27T14:00:00Z,104079,94344,59047,54244,9735,35310,35216,42304,27045
2021-06-27T15:00:00Z,104286,94645,59529,55067,9641,35094,35010,42915,27526
2021-06-27T16:00:00Z,97497,89002,55513,51818,8495,32776,32696,40251,25714
2021-06-27T17:00:00Z,95609,87160,57168,53007,8449,30602,30527,37140,23909
2021-06-27T18:00:00Z,92510,83298,54966,49917,9212,29440,29364,37338,24902
2021-06-27T19:00:00Z,83353,75433,49470,45302,7920,26918,26839,33199,22070
2021-06-27T20:00:00Z,82109,73711,47782,43523,8398,25801,25726,32055,21409
2021-06-27T21:00:00Z,79022,70376,46445,42101,8646,24071,23992,30327,20402
2021-06-27T22:00:00Z,75829,65784,44911,40077,10045,21535,21446,28797,19811
2021-06-27T23:00:00Z,72686,61739,43647,37985,10947,20468,20381,28317,19722
2021-06-28T00:00:00Z,88010,65874,47997,40934,22136,22431,22340,33517,22443
2021-06-28T01:00:00Z,90919,70855,47658,41281,20064,25767,25676,35211,22038
2021-06-28T02:00:00Z,92541,75872,46434,41118,16669,29133,29041,36048,21006
2021-06-28T03:00:00Z,94050,76030,47282,42454,18020,28715,28629,36139,20999
2021-06-28T04:00:00Z,94513,70494,45041,40640,24019,25333,25236,33891,19818
2021-06-28T05:00:00Z,99990,79591,49700,44723,20399,28352,28238,35725,20744
2021-06-28T06:00:00Z,122643,98952,58115,51718,23691,35523,35396,44926,25826
2021-06-28T07:00:00Z,132652,112441,62325,57025,20211,41451,41312,48626,27824
2021-06-28T08:00:00Z,147032,122499,66151,59857,24533,44753,44604,53174,30646
2021-06-28T09:00:00Z,142622,120422,66243,60355,22200,45095,44942,53049,31363
2021-06-28T10:00:00Z,136164,113838,63890,58342,22326,41398,41262,49728,29967
2021-06-28T11:00:00Z,141200,119002,66987,61502,22198,42070,41924,49990,29696
2021-06-28T12:00:00Z,153405,133471,78068,70904,19934,46979,46827,56840,35512
2021-06-28T13:00:00Z,168193,145154,83852,77152,23039,51425,51257,59812,36857
2021-06-28T14:00:00Z,169202,150597,84802,78803,18605,54559,54403,62073,38799
2021-06-28T15:00:00Z,165656,148541,83699,77915,17115,52349,52204,60203,37992
2021-06-28T16:00:00Z,163046,138690,75253,70240,24356,46551,46401,56359,33979
2021-06-28T17:00:00Z,152338,130852,76861,71711,21486,42854,42706,51747,32377
2021-06-28T18:00:00Z,162987,124314,72860,65445,38673,41166,40999,54265,32949
2021-06-28T20:00:00Z,163727,104826,61532,55485,58901,36488,36327,53358,28366
2021-06-28T21:00:00Z,125316,100301,58707,52991,25015,33083,32957,41453,25870
2021-06-28T22:00:00Z,106128,88216,52462,47411,17912,28941,28819,36012,23099
2021-06-28T23:00:00Z,99021,79150,50261,44571,19871,26729,26616,34571,22318
2021-06-29T00:00:00Z,102096,82552,56760,49356,19544,27543,27416,38540,26088
2021-06-29T01:00:00Z,92102,78761,48573,42513,13341,29630,29524,38138,23795
2021-06-29T02:00:00Z,97395,84647,49811,45233,12748,32032,31919,38821,22761
2021-06-29T03:00:00Z,97307,82382,49753,45157,14925,30614,30520,38777,22406
2021-06-29T04:00:00Z,94696,77568,49372,45030,17128,26752,26646,35074,20633
2021-06-29T05:00:00Z,100551,83960,50929,46126,16591,29352,29255,36882,21290
2021-06-29T06:00:00Z,122188,103753,60420,54393,18435,37561,37451,46478,27367
2021-06-29T07:00:00Z,135318,117283,63554,57968,18035,43072,42924,50532,29206
2021-06-29T08:00:00Z,143226,122859,66497,60597,20367,46410,46274,54102,31328
2021-06-29T09:00:00Z,141659,123001,66961,60935,18658,46756,46608,54177,32111
2021-06-29T10:00:00Z,139385,119041,65857,60186,20344,42850,42719,51409,30776
2021-06-29T11:00:00Z,162591,116442,65871,60404,46149,42397,42268,63900,29990
2021-06-29T12:00:00Z,186871,128137,73554,66461,58734,47125,46972,77360,35169
2021-06-29T13:00:00Z,190316,138651,78198,72298,51665,51436,51280,76579,35984
2021-06-29T14:00:00Z,190124,144207,80434,74955,45917,53929,53780,76992,37768
2021-06-29T15:00:00Z,183539,143728,80538,74968,39811,52070,51920,72772,37494
2021-06-29T16:00:00Z,147774,131996,74587,70161,15778,46181,46020,54346,33533
2021-06-29T17:00:00Z,136511,123952,71744,66964,12559,42402,42244,49154,30511
2021-06-29T18:00:00Z,138152,123588,72659,66731,14564,42153,42000,50079,32124
2021-06-29T19:00:00Z,126009,112182,64675,59441,13827,40086,39952,46390,29526
2021-06-29T20:00:00Z,120853,106585,61944,56684,14268,38067,37929,44554,28602
2021-06-29T21:00:00Z,112249,96493,55913,51316,15756,33924,33788,40851,26123
2021-06-29T22:00:00Z,97385,85635,51201,46690,11750,29424,29300,35562,22909
2021-06-29T23:00:00Z,91435,80282,51089,46241,11153,27189,27082,34144,22166
2021-06-30T00:00:00Z,108235,89699,52828,46222,18536,27457,27348,38356,24951
2021-06-30T01:00:00Z,95432,83177,51236,45137,12255,30332,30233,39774,25064
2021-06-30T02:00:00Z,110377,99271,49650,45041,11106,32578,32478,39769,23533
2021-06-30T03:00:00Z,107280,96977,51457,47063,10303,31146,31048,38456,22851
2021-06-30T04:00:00Z,94954,79722,46442,41606,15232,26746,26645,35146,21238
2021-06-30T05:00:00Z,103970,88901,50706,45505,15069,29242,29130,36972,21721
2021-06-30T06:00:00Z,119136,101917,59394,52742,17219,37387,37261,46586,27782
2021-06-30T07:00:00Z,129606,113869,62965,57196,15737,42410,42281,50357,29412
2021-06-30T08:00:00Z,132932,116925,61539,55786,16007,44247,44119,52015,29887
2021-06-30T09:00:00Z,140516,125338,65801,59969,15178,45367,45237,53484,31518
2021-06-30T10:00:00Z,139949,122271,70982,65036,17678,43342,43201,51172,31775
2021-06-30T11:00:00Z,139605,123759,71057,65419,15846,42406,42277,50008,30453
2021-06-30T12:00:00Z,169490,153328,79608,72108,16162,46789,46647,56346,36076
2021-06-30T13:00:00Z,160020,142225,81642,74511,17795,51357,51203,59385,37082
2021-06-30T14:00:00Z,162135,144985,79517,73078,17150,54546,54383,61832,38685
2021-06-30T15:00:00Z,158011,142041,77387,71452,15970,52523,52361,60064,37959
2021-06-30T16:00:00Z,140219,125404,68421,63282,14815,46038,45867,53555,33018
2021-06-30T17:00:00Z,139638,119923,68102,62499,19715,42199,42040,51111,30632
2021-06-30T18:00:00Z,168706,116025,67135,60597,52681,40591,40427,67136,31297
2021-06-30T19:00:00Z,154207,108625,63847,58543,45582,39058,38906,61953,29495
2021-06-30T20:00:00Z,126962,108133,62966,57218,18829,37316,37171,46427,28911
2021-06-30T21:00:00Z,113427,96979,57797,52072,16448,33490,33354,40718,26136
2021-06-30T22:00:00Z,100539,85324,52332,47049,15215,28625,28493,36348,23005
2021-06-30T23:00:00Z,95803,77604,50240,44762,18199,25930,25815,35485,22244
2021-07-01T00:00:00Z,115776,81409,57885,47920,34367,26778,26659,44576,27922
2021-07-01T01:00:00Z,115548,80983,52872,44864,34565,29073,28966,47147,25741
2021-07-01T02:00:00Z,109660,83907,52995,45962,25753,31176,31062,39682,23411
2021-07-01T03:00:00Z,115778,81520,50499,44854,34258,30086,29965,45496,22669
2021-07-01T04:00:00Z,117921,77379,48857,43867,40542,26212,26100,43282,21070
2021-07-01T05:00:00Z,112573,83207,51770,46111,29366,28872,28752,40301,21221
2021-07-01T06:00:00Z,142696,104587,63774,57054,38109,36724,36596,52288,28005
2021-07-01T07:00:00Z,145868,114958,65432,58432,30910,41640,41489,54112,28877
2021-07-01T08:00:00Z,160091,122750,68891,61631,37341,45562,45414,58953,31648
2021-07-01T09:00:00Z,154851,124509,69627,62667,30342,46174,46019,58379,32627
2021-07-01T10:00:00Z,144252,119117,68333,62110,25135,42495,42369,52821,30901
2021-07-01T11:00:00Z,144023,117519,68436,61655,26504,42019,41868,51101,30473
2021-07-01T12:00:00Z,152788,130570,78341,70232,22218,46016,45863,56157,35587
2021-07-01T13:00:00Z,161987,138237,79924,72963,23750,49995,49837,58781,36311
2021-07-01T14:00:00Z,162156,143480,79673,73173,18676,52902,52739,60978,38384
2021-07-01T15:00:00Z,158620,141381,78954,72958,17239,51069,50903,59688,37597
2021-07-01T16:00:00Z,141995,125517,69595,64293,16478,45963,45808,53718,33736
2021-07-01T17:00:00Z,139440,119834,70127,63734,19606,41410,41262,49108,31043
2021-07-01T18:00:00Z,132742,114639,68294,61152,18103,39648,39514,48618,31879
2021-07-01T19:00:00Z,126209,106578,62602,56254,19631,37304,37164,44997,28723
2021-07-01T20:00:00Z,124770,103029,61432,55131,21741,35623,35486,43519,28021
2021-07-01T21:00:00Z,116323,94123,56255,50411,22200,32196,32066,40192,25775
2021-07-01T22:00:00Z,98755,81053,50294,44712,17702,27185,27061,34365,22220
2021-07-01T23:00:00Z,94876,74239,48571,41922,20637,25278,25161,33865,22260
2021-07-02T00:00:00Z,95547,76086,52654,44990,19461,26075,25960,37287,25144
2021-07-02T01:00:00Z,89872,76004,48808,42295,13868,28125,28014,37132,23777
2021-07-02T02:00:00Z,93506,79924,48612,43398,13582,30072,29977,37115,21841
2021-07-02T03:00:00Z,91150,77871,47044,42127,13279,29028,28935,36507,21620
2021-07-02T04:00:00Z,89252,70840,44985,40115,18412,25031,24928,33488,20196
2021-07-02T05:00:00Z,97026,79791,49207,44106,17235,28210,28108,35338,20374
2021-07-02T06:00:00Z,117055,98242,58606,51807,18813,35382,35263,45013,26633
2021-07-02T07:00:00Z,125071,108159,60140,54803,16912,40517,40398,48474,28153
2021-07-02T08:00:00Z,133916,116560,63426,57697,17356,43168,43036,51210,30406
2021-07-02T09:00:00Z,134630,119174,66120,60408,15456,44237,44090,51884,31418
2021-07-02T10:00:00Z,128791,111975,62589,57063,16816,39916,39784,48131,29165
2021-07-02T11:00:00Z,124376,108889,62468,57308,15487,38236,38110,45363,27557
2021-07-02T12:00:00Z,138771,122512,73174,65822,16259,42100,41966,51466,33006
2021-07-02T13:00:00Z,149832,130657,74229,67963,19175,45664,45508,54327,33383
2021-07-02T14:00:00Z,150954,136901,78478,72720,14053,48429,48269,55648,35023
2021-07-02T15:00:00Z,145392,131347,74359,68966,14045,45922,45786,54107,34292
2021-07-02T16:00:00Z,132470,119314,67333,63016,13156,41443,41298,49090,30240
2021-07-02T17:00:00Z,127049,113833,67436,62821,13216,38014,37878,44951,27720
2021-07-02T18:00:00Z,141481,99217,59501,53766,42264,34664,34534,50205,27494
2021-07-02T19:00:00Z,109176,95949,55182,50057,13227,32536,32406,40879,24972
2021-07-02T20:00:00Z,104212,91306,53028,47330,12906,30082,29944,39461,23973
2021-07-02T21:00:00Z,96396,82939,49878,45144,13457,27027,26914,34855,21828
2021-07-02T22:00:00Z,86192,70877,43943,38911,15315,22886,22771,30859,19438
2021-07-02T23:00:00Z,79869,64335,43297,37242,15534,20973,20863,29523,18990
2021-07-03T00:00:00Z,78133,61916,46152,37705,16217,19679,19574,30254,21182
2021-07-03T01:00:00Z,71624,56687,41363,33651,14937,19485,19402,29183,20130
2021-07-03T02:00:00Z,73539,62628,42416,37069,10911,20107,20026,27430,16939
2021-07-03T03:00:00Z,73139,63655,42365,37335,9484,20775,20695,28468,17698
2021-07-03T04:00:00Z,67057,57717,38055,33480,9340,19884,19810,26983,16910
2021-07-03T05:00:00Z,70475,60525,41212,36108,9950,20741,20656,27044,16661
2021-07-03T06:00:00Z,80974,69967,47443,41440,11007,23557,23466,32931,20900
2021-07-03T07:00:00Z,80334,70541,45553,40643,9793,24787,24710,31982,19457
2021-07-03T08:00:00Z,83646,73418,47461,42515,10228,25843,25752,33018,20380
2021-07-03T09:00:00Z,85898,75679,48580,43406,10219,27063,26978,34554,21456
2021-07-03T10:00:00Z,83970,74724,48349,43318,9246,26410,26315,33351,20937
2021-07-03T11:00:00Z,85089,76789,49455,44999,8300,26462,26383,33230,20458
2021-07-03T12:00:00Z,97697,86046,57541,50874,11651,29027,28937,38198,24769
2021-07-03T13:00:00Z,97284,87282,57220,51731,10002,30497,30409,37815,24052
2021-07-03T14:00:00Z,100779,91875,58055,53210,8904,33022,32930,40289,25458
2021-07-03T15:00:00Z,101921,92447,57916,52953,9474,33283,33202,41263,26140
2021-07-03T16:00:00Z,95198,86767,53455,49681,8431,31297,31213,38605,24129
2021-07-03T17:00:00Z,93087,84550,54900,50622,8537,28833,28752,35523,22385
2021-07-03T18:00:00Z,89986,80553,53366,47996,9433,27421,27340,35846,23592
2021-07-03T19:00:00Z,80013,71318,46639,42234,8695,24369,24286,30996,20127
2021-07-03T20:00:00Z,75346,67272,45365,40748,8074,22601,22516,29178,19160
2021-07-03T21:00:00Z,68853,61453,41949,37764,7400,20679,20600,26591,17636
2021-07-03T22:00:00Z,63078,55916,38591,34546,7162,17722,17641,23636,15611
2021-07-03T23:00:00Z,61306,53256,38923,34219,8050,16825,16746,23319,15689
2021-07-04T00:00:00Z,67170,54834,43687,35809,12336,16956,16877,27593,19627
2021-07-04T01:00:00Z,60259,49265,36793,30846,10994,16385,16315,24914,17063
2021-07-04T02:00:00Z,60177,52144,36127,31752,8033,17517,17451,23314,14736
2021-07-04T03:00:00Z,61776,54469,37464,33381,7307,18469,18393,24568,15437
2021-07-04T04:00:00Z,64950,58066,39580,35840,6884,19237,19168,25458,16252
2021-07-04T05:00:00Z,69864,62068,43140,38625,7796,19997,19931,25578,15954
2021-07-04T06:00:00Z,78383,68949,47034,41518,9434,23107,23034,31382,19900
2021-07-04T07:00:00Z,77762,69296,44664,40354,8466,24419,24339,30848,18709
2021-07-04T08:00:00Z,82165,72379,46502,41786,9786,26183,26100,33142,20549
2021-07-04T09:00:00Z,85677,76643,49545,44870,9034,27599,27517,34868,21708
2021-07-04T10:00:00Z,87416,78004,49780,44797,9412,27563,27486,34696,21651
2021-07-04T11:00:00Z,87674,79000,50468,45885,8674,28111,28040,34815,21745
2021-07-04T12:00:00Z,102218,90566,61794,54976,11652,30947,30864,40352,26481
2021-07-04T13:00:00Z,101051,90698,59373,54074,10353,32576,32505,40297,25685
2021-07-04T14:00:00Z,109361,99364,65720,60661,9997,35424,35345,42755,27422
2021-07-04T15:00:00Z,107056,96268,62199,57133,10788,35185,35101,43351,27836
2021-07-04T16:00:00Z,99762,90484,57552,53501,9278,32740,32656,40798,26460
2021-07-04T17:00:00Z,95798,87185,56381,52161,8613,30321,30248,37555,23943
2021-07-04T18:00:00Z,94652,84412,56690,51275,10240,29169,29073,37492,25013
2021-07-04T19:00:00Z,86791,77879,51085,46444,8912,26842,26762,33310,22094
2021-07-04T20:00:00Z,83295,72718,49270,43999,10577,25359,25275,32283,21438
2021-07-04T21:00:00Z,77085,67145,46138,41334,9940,23099,23019,29552,19860
2021-07-04T22:00:00Z,69199,60156,41384,37106,9043,19812,19727,26234,17362
2021-07-04T23:00:00Z,66731,57228,41686,36889,9503,18809,18725,25399,17285
2021-07-05T00:00:00Z,90572,64871,46869,39406,25701,20481,20398,32186,21216
2021-07-05T01:00:00Z,88760,66614,45563,38202,22146,24373,24279,34655,21679
2021-07-05T02:00:00Z,91087,72997,45844,40379,18090,27220,27115,34217,19619
2021-07-05T03:00:00Z,93884,74990,47476,42666,18894,26867,26774,34766,20281
2021-07-05T04:00:00Z,96396,69720,44782,40472,26676,24028,23931,33172,19148
2021-07-05T05:00:00Z,105081,81015,51100,45599,24066,27948,27849,35990,20319
2021-07-05T06:00:00Z,127757,101615,59583,53527,26142,36029,35914,46388,26331
2021-07-05T07:00:00Z,136551,112876,62894,57272,23675,41163,41020,49126,27941
2021-07-05T08:00:00Z,146372,119172,64393,58274,27200,44816,44668,52939,30337
2021-07-05T09:00:00Z,145680,120962,66107,60292,24718,45548,45400,53756,31536
2021-07-05T10:00:00Z,141548,115785,65457,59453,25763,41538,41413,50228,29705
2021-07-05T11:00:00Z,142478,116377,65748,60052,26101,40890,40747,49113,29198
2021-07-05T12:00:00Z,145812,124069,72607,64851,21743,44880,44722,55694,34503
2021-07-05T13:00:00Z,157836,132935,76393,69892,24901,48164,48021,56995,34901
2021-07-05T14:00:00Z,154195,135332,77148,71170,18863,51065,50921,58896,36774
2021-07-05T15:00:00Z,148112,129066,75314,68745,19046,48408,48273,57176,36142
2021-07-05T16:00:00Z,134402,116007,67315,62148,18395,42420,42281,51653,32477
2021-07-05T17:00:00Z,129149,107780,65290,59258,21369,38541,38412,47461,29258
2021-07-05T18:00:00Z,126102,103993,65208,58036,22109,36461,36330,46660,30037
2021-07-05T19:00:00Z,115928,97026,60223,54200,18902,34566,34442,43029,27540
2021-07-05T20:00:00Z,112975,91859,57530,51522,21116,32495,32377,41149,26332
2021-07-05T21:00:00Z,105575,83179,52552,47115,22396,29102,28979,37159,23748
2021-07-05T22:00:00Z,91351,75214,47976,43207,16137,25599,25478,32896,21359
2021-07-05T23:00:00Z,86469,69531,46608,41431,16938,23377,23268,31329,20498
2021-07-06T00:00:00Z,86787,72309,50756,43897,14478,24818,24720,34936,23885
2021-07-06T01:00:00Z,90184,77738,48929,42635,12446,28628,28528,38658,23709
2021-07-06T02:00:00Z,93737,82129,50412,45460,11608,30662,30565,38122,22327
2021-07-06T03:00:00Z,92177,80975,49376,44605,11202,30707,30620,38275,22207
2021-07-06T04:00:00Z,87503,75222,46195,41802,12281,26894,26795,34245,20633
2021-07-06T05:00:00Z,98418,85580,52626,47390,12838,30139,30038,36910,21582
2021-07-06T06:00:00Z,121570,107539,62208,56181,14031,37838,37725,46828,28025
2021-07-06T07:00:00Z,130663,116661,62892,57676,14002,43544,43408,50811,29532
2021-07-06T08:00:00Z,144042,127365,68154,62368,16677,47184,47044,54810,32580
2021-07-06T09:00:00Z,141936,126120,68861,62845,15816,47523,47375,54405,33009
2021-07-06T10:00:00Z,136144,117729,67152,60841,18415,43640,43486,52315,32384
2021-07-06T11:00:00Z,137389,118116,66963,60275,19273,43454,43314,51722,31372
2021-07-06T12:00:00Z,153147,134999,79796,71471,18148,48208,48042,58524,37075
2021-07-06T13:00:00Z,156155,137387,76235,69690,18768,52252,52095,61153,37703
2021-07-06T14:00:00Z,164246,148070,79628,73387,16176,56462,56305,64229,40130
2021-07-06T15:00:00Z,156525,140805,76453,69991,15720,53920,53753,61682,38883
2021-07-06T16:00:00Z,141819,128104,68285,63420,13715,48453,48301,56251,35361
2021-07-06T17:00:00Z,137969,123403,68685,63083,14566,44109,43966,51930,32887
2021-07-06T18:00:00Z,135593,119092,68367,61402,16501,42323,42191,52069,33790
2021-07-06T19:00:00Z,122281,104311,59597,52707,17970,37869,37710,45599,29275
2021-07-06T20:00:00Z,117753,99595,57779,50748,18158,36100,35960,44192,28271
2021-07-06T21:00:00Z,107209,88914,50936,44868,18295,32104,31971,39613,25492
2021-07-06T22:00:00Z,98669,81009,48346,42232,17660,28306,28178,36531,23529
2021-07-06T23:00:00Z,98270,79159,51085,43108,19111,26586,26468,36892,23841
2021-07-07T00:00:00Z,105140,79125,54996,45189,26015,27423,27305,40877,27197
2021-07-07T01:00:00Z,94876,77219,48790,40174,17657,29344,29233,40631,25705
2021-07-07T02:00:00Z,94570,79849,46050,40463,14721,31260,31142,38884,22784
2021-07-07T03:00:00Z,92048,78390,46167,41178,13658,30411,30317,37802,22422
2021-07-07T04:00:00Z,92306,73757,43865,39194,18549,26588,26473,35423,20979
2021-07-07T05:00:00Z,99040,79877,47736,42129,19163,29259,29150,36789,21121
2021-07-07T06:00:00Z,121887,102007,58176,51426,19880,37803,37670,48355,28137
2021-07-07T07:00:00Z,131526,112894,60987,54947,18632,42755,42621,50672,28893
2021-07-07T08:00:00Z,145546,126430,69118,62927,19116,45985,45834,54474,31391
2021-07-07T09:00:00Z,139293,123841,66068,60353,15452,46525,46375,54814,32132
2021-07-07T10:00:00Z,134399,114681,63761,57607,19718,42145,42003,51740,30392
2021-07-07T11:00:00Z,133674,115911,63642,57480,17763,42197,42049,50871,29892
2021-07-07T12:00:00Z,148951,130948,75116,67161,18003,47000,46842,57496,35737
2021-07-07T13:00:00Z,156378,137276,75423,68721,19102,51610,51445,60039,36652
2021-07-07T14:00:00Z,161564,145226,77943,71674,16338,54838,54682,62853,38702
2021-07-07T15:00:00Z,155852,139715,74657,68612,16137,52942,52782,61440,38387
2021-07-07T16:00:00Z,140500,125300,67360,61987,15200,47440,47279,55155,34924
2021-07-07T17:00:00Z,140656,122006,68404,62180,18650,43141,42994,51107,32081
2021-07-07T18:00:00Z,136897,115989,66941,58953,20908,41677,41517,51234,33132
2021-07-07T19:00:00Z,126578,106715,61298,54223,19863,37676,37521,45928,29628
2021-07-07T20:00:00Z,120884,100060,58445,50984,20824,35887,35724,43995,28385
2021-07-07T21:00:00Z,109988,91082,53243,47164,18906,31792,31654,39681,25340
2021-07-07T22:00:00Z,98071,83251,49118,43653,14820,28276,28140,35358,22856
2021-07-07T23:00:00Z,91131,76806,48375,42894,14325,26331,26202,33617,22154
2021-07-08T00:00:00Z,97417,78252,52679,44658,19165,27115,26990,37822,25798
2021-07-08T01:00:00Z,95131,80099,49709,42793,15032,29853,29747,39322,24862
2021-07-08T02:00:00Z,94588,81198,47936,42731,13390,31767,31657,38756,23285
2021-07-08T03:00:00Z,91022,78768,47031,42178,12254,30584,30469,37677,22762
2021-07-08T04:00:00Z,86730,71238,44107,39531,15492,26430,26322,34096,20904
2021-07-08T05:00:00Z,95704,80102,48667,43296,15602,29437,29329,36537,21629
2021-07-08T06:00:00Z,117034,100432,57499,51598,16602,37594,37470,46964,28034
2021-07-08T07:00:00Z,129098,112933,60665,55282,16165,42592,42452,49765,28760
2021-07-08T08:00:00Z,137990,119190,62822,57295,18800,45733,45579,53520,31168
2021-07-08T09:00:00Z,138821,122772,66966,61139,16049,46731,46588,54102,32465
2021-07-08T10:00:00Z,133986,115356,63756,57452,18630,42007,41862,50344,30560
2021-07-08T11:00:00Z,131629,114659,63519,57703,16970,41957,41820,49315,30125
2021-07-08T12:00:00Z,143737,126670,71940,64412,17067,46484,46326,56126,35349
2021-07-08T13:00:00Z,153781,136027,74297,67744,17754,50731,50568,58665,36417
2021-07-08T14:00:00Z,158167,143048,77577,71599,15119,54498,54337,61216,38550
2021-07-08T15:00:00Z,153664,137523,75404,69451,16141,52078,51905,59498,37917
2021-07-08T16:00:00Z,144301,129561,70664,65342,14740,46794,46633,54461,34623
2021-07-08T17:00:00Z,136818,122139,66949,61509,14679,43225,43086,49664,31474
2021-07-08T18:00:00Z,132032,116514,66202,59527,15518,41152,40995,48819,31949
2021-07-08T19:00:00Z,121356,106350,60466,54564,15006,38144,37998,44513,28914
2021-07-08T20:00:00Z,120096,103528,59197,52902,16568,36978,36816,44001,28552
2021-07-08T21:00:00Z,109569,92609,54297,48631,16960,33166,33019,40048,26246
2021-07-08T22:00:00Z,93345,80011,47542,42372,13334,27798,27659,34839,22555
2021-07-08T23:00:00Z,90286,75283,49614,43768,15003,25544,25422,32704,21655
2021-07-09T00:00:00Z,92088,74105,50212,42456,17983,26334,26210,37015,24891
2021-07-09T01:00:00Z,91047,77333,46148,39631,13714,28534,28429,38275,23958
2021-07-09T02:00:00Z,93704,79776,47048,41612,13928,30465,30352,38133,22402
2021-07-09T03:00:00Z,90791,77651,46303,41338,13140,29815,29710,37668,22436
2021-07-09T04:00:00Z,87335,70113,43633,38854,17222,25877,25762,34237,20684
2021-07-09T05:00:00Z,95897,78821,49400,43811,17076,27894,27789,35327,20567
2021-07-09T06:00:00Z,118123,99421,58593,52061,18702,35940,35816,45997,26940
2021-07-09T07:00:00Z,124226,107394,60026,54099,16832,40473,40331,47878,27806
2021-07-09T08:00:00Z,135066,115736,63236,57438,19330,43661,43512,51468,30395
2021-07-09T09:00:00Z,131056,116519,63473,57884,14537,44241,44096,51777,31289
2021-07-09T10:00:00Z,123713,107153,60468,54640,16560,39642,39498,47336,29264
2021-07-09T11:00:00Z,120794,104093,58445,53116,16701,38336,38201,45169,27230
2021-07-09T12:00:00Z,131759,114999,68204,60673,16760,41479,41331,51053,32452
2021-07-09T13:00:00Z,142043,124987,68341,61837,17056,45906,45752,54399,33281
2021-07-09T14:00:00Z,142667,127804,70116,64095,14863,48418,48256,55958,34843
2021-07-09T15:00:00Z,142153,126881,70918,64948,15272,46827,46682,54650,34795
2021-07-09T16:00:00Z,130688,116132,64249,59207,14556,42950,42792,50455,31699
2021-07-09T17:00:00Z,128143,113074,66222,60631,15069,38674,38538,45880,28823
2021-07-09T18:00:00Z,118609,102994,61326,54615,15615,36609,36483,44846,29550
2021-07-09T19:00:00Z,109363,94472,55393,49402,14891,33935,33795,41257,26434
2021-07-09T20:00:00Z,106436,90112,53114,46976,16324,31943,31813,39631,25416
2021-07-09T21:00:00Z,96789,80808,48628,43128,15981,28424,28292,35529,23007
2021-07-09T22:00:00Z,86132,71412,44579,39103,14720,24087,23978,31416,20150
2021-07-09T23:00:00Z,80277,65473,44897,38497,14804,21312,21203,29055,19356
2021-07-10T00:00:00Z,75393,60500,45214,36692,14893,20162,20061,30675,21739
2021-07-10T01:00:00Z,65929,53640,38147,31129,12289,19129,19036,27803,18955
2021-07-10T02:00:00Z,64919,55982,36436,31428,8937,19798,19721,25762,16201
2021-07-10T03:00:00Z,65695,57110,38257,33306,8585,20471,20395,26928,17267
2021-07-10T04:00:00Z,64034,55382,36763,32332,8652,19610,19528,25587,16250
2021-07-10T05:00:00Z,68705,60694,40900,36166,8011,20339,20264,25743,15888
2021-07-10T06:00:00Z,74619,65795,43069,37575,8824,22946,22861,30575,19359
2021-07-10T07:00:00Z,75147,66716,42638,37907,8431,23867,23780,30358,18362
2021-07-10T08:00:00Z,80329,71289,44956,40068,9040,25430,25349,32543,19919
2021-07-10T09:00:00Z,79687,70932,44228,39240,8755,26373,26289,33491,20862
2021-07-10T10:00:00Z,78258,69454,43783,38765,8804,25517,25428,31912,19990
2021-07-10T11:00:00Z,80853,71978,45744,40971,8875,25791,25702,32484,20121
2021-07-10T12:00:00Z,87908,76057,51257,44080,11851,27479,27379,36699,24164
2021-07-10T13:00:00Z,93100,83175,53218,47721,9925,30263,30170,37706,23727
2021-07-10T14:00:00Z,96649,86921,53863,48702,9728,32878,32787,40559,25533
2021-07-10T15:00:00Z,95580,85541,53170,48018,10039,32432,32344,40193,25785
2021-07-10T16:00:00Z,89159,80635,49543,45549,8524,29947,29860,37638,23952
2021-07-10T17:00:00Z,90238,82015,53295,49037,8223,28246,28163,35320,22904
2021-07-10T18:00:00Z,84614,74694,49453,43780,9920,26847,26766,35277,23563
2021-07-10T19:00:00Z,75480,66800,43579,38761,8680,24168,24096,30644,20247
2021-07-10T20:00:00Z,73368,64045,41659,36404,9323,22583,22504,30440,19080
2021-07-10T21:00:00Z,69918,61195,38962,33928,8723,20598,20522,30923,18215
2021-07-10T22:00:00Z,64382,56635,36289,31724,7747,18331,18243,26693,16160
2021-07-10T23:00:00Z,60626,52795,38537,33458,7831,17330,17257,23485,16147
2021-07-11T00:00:00Z,62967,51915,40419,33191,11052,16695,16620,26335,18991
2021-07-11T01:00:00Z,57967,47330,35199,29051,10637,16401,16339,24932,17357
2021-07-11T02:00:00Z,56808,48840,32899,28495,7968,17653,17585,23562,15046
2021-07-11T03:00:00Z,57827,50680,34018,29728,7147,18649,18576,24704,15900
2021-07-11T04:00:00Z,56358,49938,33168,29228,6420,18056,17995,23925,15078
2021-07-11T05:00:00Z,64757,57129,39565,34883,7628,19178,19108,24889,15650
2021-07-11T06:00:00Z,71686,62840,42979,37456,8846,21727,21650,29743,19287
2021-07-11T07:00:00Z,75088,66636,42968,38166,8452,23391,23310,29960,18701
2021-07-11T08:00:00Z,77973,69316,43307,38657,8657,25047,24956,32010,20105
2021-07-11T09:00:00Z,82284,73793,45814,41192,8491,26106,26021,34104,22108
2021-07-11T10:00:00Z,84391,76028,47129,42264,8363,26369,26289,34355,22133
2021-07-11T11:00:00Z,83874,75999,47613,43160,7875,26707,26622,33412,20695
2021-07-11T12:00:00Z,95284,83945,55540,48734,11339,29122,29023,38612,25184
2021-07-11T13:00:00Z,100084,90097,56526,51305,9987,31920,31834,40613,26271
2021-07-11T14:00:00Z,102687,93353,57026,52065,9334,34410,34323,42532,27412
2021-07-11T15:00:00Z,101248,92170,55896,51107,9078,33814,33734,42613,27784
2021-07-11T16:00:00Z,101140,93170,58068,54047,7970,32037,31945,40119,26031
2021-07-11T17:00:00Z,96050,87871,56174,51926,8179,29717,29629,37263,24426
2021-07-11T18:00:00Z,91516,82416,52737,47442,9100,28699,28615,37771,25666
2021-07-11T19:00:00Z,80270,72401,45905,41599,7869,24983,24909,32038,21386
2021-07-11T20:00:00Z,80918,70751,44683,39875,10167,23369,23294,30745,20756
2021-07-11T21:00:00Z,71926,63106,40247,35653,8820,20997,20907,27839,18977
2021-07-11T22:00:00Z,68324,59254,38799,34402,9070,19700,19627,26645,18284
2021-07-11T23:00:00Z,72087,62384,42830,37738,9703,19744,19670,28072,19581
2021-07-12T00:00:00Z,85987,65152,46099,38407,20835,22013,21926,34381,23719
2021-07-12T01:00:00Z,88286,68961,44321,37038,19325,25586,25496,36740,23746
2021-07-12T02:00:00Z,93456,75653,45992,39958,17803,28699,28606,36791,21809
2021-07-12T03:00:00Z,91337,73771,45866,40412,17566,28718,28616,36608,21964
2021-07-12T04:00:00Z,90039,67637,42384,37701,22402,24977,24887,33562,20004
2021-07-12T05:00:00Z,97352,76942,48520,42925,20410,27805,27710,35119,20200
2021-07-12T06:00:00Z,124892,103526,54829,48268,21366,35748,35634,45402,26303
2021-07-12T07:00:00Z,135458,113929,57463,51156,21529,40556,40434,48703,27274
2021-07-12T08:00:00Z,139635,119600,64477,57830,20035,43713,43568,51875,30148
2021-07-12T09:00:00Z,141662,121774,64967,58515,19888,44756,44606,53264,31088
2021-07-12T10:00:00Z,138573,113016,65234,58450,25557,41145,41007,49698,29795
2021-07-12T11:00:00Z,142043,115227,65600,59169,26816,41482,41336,49801,29472
2021-07-12T12:00:00Z,151630,129415,76227,68179,22215,46656,46494,57374,36025
2021-07-12T13:00:00Z,159839,137547,76008,69158,22292,51115,50956,59541,36767
2021-07-12T14:00:00Z,162376,144657,79676,73018,17719,54579,54409,62366,38965
2021-07-12T15:00:00Z,160427,143127,78171,71944,17300,52926,52751,61465,39046
2021-07-12T16:00:00Z,153120,136314,70406,65222,16806,47288,47126,55528,35415
2021-07-12T17:00:00Z,153031,125895,70520,64361,27136,43766,43599,56726,33408
2021-07-12T18:00:00Z,163559,137106,85472,77884,26453,41478,41324,57561,36857
2021-07-12T19:00:00Z,144383,118660,70887,63631,25723,39246,39081,53103,33561
2021-07-12T20:00:00Z,139437,110500,63763,56476,28937,37909,37750,50560,30495
2021-07-12T21:00:00Z,132077,100211,58217,51732,31866,33652,33510,46194,27651
2021-07-12T22:00:00Z,111764,86769,50720,44979,24995,28829,28691,41397,24842
2021-07-12T23:00:00Z,110211,85152,52974,46774,25059,27065,26932,39898,23962
2021-07-13T00:00:00Z,104218,82095,52538,44780,22123,27730,27606,42463,27003
2021-07-13T01:00:00Z,105250,82178,49345,42630,23072,30423,30314,45376,26288
2021-07-13T02:00:00Z,113450,87931,49355,43978,25519,32320,32197,47223,24798
2021-07-13T03:00:00Z,148078,85738,49212,44082,62340,31647,31533,64421,24739
2021-07-13T04:00:00Z,150370,77676,45123,40516,72694,27158,27043,65812,22634
2021-07-13T05:00:00Z,148733,80791,48306,42692,67942,29940,29835,63787,21759
2021-07-13T06:00:00Z,170459,98724,56106,50094,71735,37151,37024,75413,26881
2021-07-13T07:00:00Z,176615,109818,58755,53093,66797,41763,41639,76268,28269
2021-07-13T08:00:00Z,179663,114507,60171,54459,65156,44679,44526,77354,30518
2021-07-13T09:00:00Z,184715,112909,60430,54669,71806,44651,44497,80688,31020
2021-07-13T10:00:00Z,181989,109691,60815,54588,72298,41516,41374,77731,30009
2021-07-13T11:00:00Z,185367,111653,61195,55428,73714,41761,41612,78776,29617
2021-07-13T12:00:00Z,188564,120613,69208,61762,67951,45843,45687,81353,34651
2021-07-13T13:00:00Z,197664,127731,69687,63641,69933,49656,49490,85330,35184
2021-07-13T14:00:00Z,197819,134747,73273,67481,63072,53276,53115,85820,37269
2021-07-13T15:00:00Z,167598,141686,77188,71030,25912,53875,53708,66398,39215
2021-07-13T16:00:00Z,155121,129327,69125,64051,25794,48903,48723,61484,35427
2021-07-13T17:00:00Z,156494,134278,79733,74370,22216,43988,43827,57848,34602
2021-07-13T18:00:00Z,138204,118042,67041,60233,20162,42283,42123,53222,33212
2021-07-13T19:00:00Z,129077,112157,62693,56552,16920,39920,39768,49201,30397
2021-07-13T20:00:00Z,124169,106826,60555,53957,17343,38069,37919,45923,29568
2021-07-13T21:00:00Z,110274,94111,54111,48097,16163,34267,34136,41418,26568
2021-07-13T22:00:00Z,96544,82842,48869,43375,13702,28976,28838,36320,23582
2021-07-13T23:00:00Z,88753,75506,47024,41198,13247,27108,26985,34840,22768
2021-07-14T00:00:00Z,97121,77824,52249,43956,19297,27725,27604,39414,26420
2021-07-14T01:00:00Z,93928,79283,48481,41929,14645,30533,30413,39835,25066
2021-07-14T02:00:00Z,100050,86132,49646,44660,13918,32545,32433,40052,23004
2021-07-14T03:00:00Z,96125,82285,47939,42950,13840,31863,31758,39507,23290
2021-07-14T04:00:00Z,91295,72948,44629,39907,18347,27412,27305,35601,21364
2021-07-14T05:00:00Z,99604,81112,48793,42998,18492,30149,30037,37682,21987
2021-07-14T06:00:00Z,117635,100567,58135,51806,17068,37985,37860,46552,27663
2021-07-14T07:00:00Z,129075,111207,61361,55793,17868,42451,42310,49751,28701
2021-07-14T08:00:00Z,136521,116737,63300,56962,19784,45335,45182,53293,31138
2021-07-14T09:00:00Z,139851,120827,66157,59835,19024,46279,46119,53879,32486
2021-07-14T10:00:00Z,134635,116639,65317,59117,17996,42967,42820,51256,31116
2021-07-14T11:00:00Z,132522,114821,64289,58238,17701,42748,42589,50234,30401
2021-07-14T12:00:00Z,149704,131320,76064,68123,18384,47492,47334,57681,36576
2021-07-14T13:00:00Z,154294,136600,74140,67728,17694,51640,51475,61553,36786
2021-07-14T14:00:00Z,162155,145047,80303,74025,17108,54984,54805,62054,38907
2021-07-14T15:00:00Z,155767,140436,76746,70543,15331,53874,53703,61553,38678
2021-07-14T16:00:00Z,146379,131618,71983,66778,14761,48403,48235,56885,35724
2021-07-14T17:00:00Z,150220,135849,80577,75152,14371,44774,44624,56012,35165
2021-07-14T18:00:00Z,134281,117658,66294,59186,16623,41291,41154,51899,32547
2021-07-14T19:00:00Z,124578,108044,60592,54515,16534,38986,38832,47921,29899
2021-07-14T20:00:00Z,125981,109600,62110,55374,16381,37310,37146,46244,29043
2021-07-14T21:00:00Z,114581,99725,55710,49792,14856,33660,33526,40979,26443
2021-07-14T22:00:00Z,102641,88676,50797,45386,13965,28691,28548,37271,23480
2021-07-14T23:00:00Z,92130,78048,47118,41347,14082,25840,25712,35627,22166
2021-07-15T00:00:00Z,93946,78046,50795,42911,15900,27160,27042,39506,25817
2021-07-15T01:00:00Z,94512,80769,47273,40366,13743,29520,29410,40522,24855
2021-07-15T02:00:00Z,98010,84794,48658,43072,13216,31684,31573,39867,23063
2021-07-15T03:00:00Z,95209,83773,48690,43681,11436,30512,30406,39541,22391
2021-07-15T04:00:00Z,89720,76052,45902,41245,13668,26548,26436,36276,21171
2021-07-15T05:00:00Z,97309,82284,48763,43106,15025,28965,28851,37783,21441
2021-07-15T06:00:00Z,117624,100137,57694,50873,17487,37066,36929,46616,27497
2021-07-15T07:00:00Z,128588,114986,61413,55771,13602,41666,41538,48911,28391
2021-07-15T08:00:00Z,138883,124075,66236,60105,14808,45364,45221,53155,31524
2021-07-15T09:00:00Z,135637,121643,65589,59638,13994,45081,44939,52209,31464
2021-07-15T10:00:00Z,128986,113940,64404,58431,15046,41143,40998,48973,30042
2021-07-15T11:00:00Z,131533,116441,65434,59419,15092,41073,40926,49052,29816
2021-07-15T12:00:00Z,149210,128160,75131,65381,21050,45860,45704,57475,35504
2021-07-15T13:00:00Z,157566,140846,78396,71257,16720,49914,49774,59212,36115
2021-07-15T14:00:00Z,163979,144236,80491,72752,19743,53092,52922,61302,37899
2021-07-15T15:00:00Z,159399,140249,77758,70158,19150,51984,51811,61357,38183
2021-07-15T16:00:00Z,144830,129062,68880,63076,15768,47464,47288,55752,34587
2021-07-15T17:00:00Z,141828,123094,69327,62174,18734,42893,42722,51154,31462
2021-07-15T18:00:00Z,134241,117873,70397,62391,16368,41121,40978,50378,32348
2021-07-15T19:00:00Z,120907,106953,63030,56837,13954,38034,37879,44458,29069
2021-07-15T20:00:00Z,120426,105411,60230,53558,15015,36554,36403,44625,28355
2021-07-15T21:00:00Z,106288,92052,53056,47024,14236,32532,32407,40626,25527
2021-07-15T22:00:00Z,96519,82949,49340,43696,13570,27721,27595,36101,22928
2021-07-15T23:00:00Z,87754,75284,46588,40661,12470,25654,25534,34248,21741
2021-07-16T00:00:00Z,92106,76764,50797,42873,15342,26425,26301,38998,25711
2021-07-16T01:00:00Z,87634,75777,45973,39380,11857,28873,28761,39210,24348
2021-07-16T02:00:00Z,95735,84870,46301,41228,10865,31296,31172,39410,22420
2021-07-16T03:00:00Z,97244,87245,50159,45158,9999,30698,30589,38485,22775
2021-07-16T04:00:00Z,87376,76323,42912,38420,11053,25929,25835,34535,20543
2021-07-16T05:00:00Z,90439,79325,45773,40390,11114,27718,27612,35595,20242
2021-07-16T06:00:00Z,108294,95793,54570,48383,12501,35310,35179,45067,25614
2021-07-16T07:00:00Z,118170,104791,56701,50885,13379,39626,39492,47395,26753
2021-07-16T08:00:00Z,125976,112354,60132,54075,13622,42880,42734,51564,29681
2021-07-16T09:00:00Z,127568,113533,61392,55349,14035,43697,43538,52200,30496
2021-07-16T10:00:00Z,117603,105001,57746,52189,12602,39344,39209,47929,28468
2021-07-16T11:00:00Z,118095,104150,58162,52399,13945,37915,37777,46200,27149
2021-07-16T12:00:00Z,133198,117992,69740,61937,15206,41988,41848,52761,32674
2021-07-16T13:00:00Z,142244,124969,69802,62999,17275,45716,45563,55295,33175
2021-07-16T14:00:00Z,144841,130713,70987,64449,14128,48306,48159,56854,34303
2021-07-16T15:00:00Z,137602,124475,68267,62543,13127,46311,46162,55283,33724
2021-07-16T16:00:00Z,128055,115619,62619,57535,12436,41988,41822,51116,30981
2021-07-16T17:00:00Z,121582,109405,62090,56629,12177,38550,38411,46820,28490
2021-07-16T18:00:00Z,116789,103317,60758,53892,13472,36406,36263,45770,28803
2021-07-16T19:00:00Z,109316,95198,55197,48896,14118,33166,33024,41833,25687
2021-07-16T20:00:00Z,107564,93220,55531,49152,14344,31608,31459,40053,24973
2021-07-16T21:00:00Z,97671,82305,49283,43386,15366,28023,27892,36970,22831
2021-07-16T22:00:00Z,86660,71635,43520,37479,15025,23761,23644,32604,20537
2021-07-16T23:00:00Z,76071,61688,40972,34580,14383,21250,21143,30642,19357
2021-07-17T00:00:00Z,76390,61451,43515,35241,14939,20165,20052,32772,21720
2021-07-17T01:00:00Z,67684,54524,37420,30049,13160,19034,18943,30393,19595
2021-07-17T02:00:00Z,66108,56415,36110,30891,9693,19722,19635,28195,16594
2021-07-17T03:00:00Z,67628,58690,37510,32200,8938,20602,20528,29118,17493
2021-07-17T04:00:00Z,67762,58464,37110,32727,9298,19988,19901,28054,16849
2021-07-17T05:00:00Z,67234,59100,38452,33340,8134,20309,20225,27761,16263
2021-07-17T06:00:00Z,76638,67528,43346,37388,9110,23192,23114,32403,19719
2021-07-17T07:00:00Z,79199,70564,44050,39111,8635,24395,24317,33022,19229
2021-07-17T08:00:00Z,80805,72364,43825,38646,8441,25746,25671,34992,20570
2021-07-17T09:00:00Z,81574,72763,44238,38663,8811,26207,26129,35059,20622
2021-07-17T10:00:00Z,82004,72833,45223,39597,9171,25564,25491,34140,20290
2021-07-17T11:00:00Z,84280,73455,46012,40336,10825,25574,25487,33603,19946
2021-07-17T12:00:00Z,89281,77821,51723,44360,11460,27855,27759,38393,24401
2021-07-17T13:00:00Z,93984,84035,53352,47599,9949,30151,30062,39399,24009
2021-07-17T14:00:00Z,98628,88406,55365,49101,10222,32899,32820,41995,25638
2021-07-17T15:00:00Z,96435,86808,53274,47783,9627,32442,32350,41640,25847
2021-07-17T16:00:00Z,89570,81091,48509,44205,8479,30412,30324,38666,23823
2021-07-17T17:00:00Z,86448,78383,48059,43676,8065,28520,28430,36318,22378
2021-07-17T18:00:00Z,83938,74515,48201,42278,9423,26673,26588,35730,23230
2021-07-17T19:00:00Z,74682,66700,42762,38055,7982,24265,24170,31086,20161
2021-07-17T20:00:00Z,72008,63079,41886,36421,8929,22538,22461,29133,19120
2021-07-17T21:00:00Z,65482,56638,37583,32696,8844,20415,20338,26780,17748
2021-07-17T22:00:00Z,65276,52031,35693,30180,13245,18143,18050,26341,16764
2021-07-17T23:00:00Z,60366,49512,36573,30453,10854,17261,17176,24923,16916
2021-07-18T00:00:00Z,65333,51164,41431,32286,14169,17385,17299,28454,20671
2021-07-18T01:00:00Z,59680,48462,36058,29393,11218,17159,17083,26105,18075
2021-07-18T02:00:00Z,58502,50834,34190,29533,7668,18086,18009,24229,15361
2021-07-18T03:00:00Z,59913,52482,35891,31244,7431,19099,19027,25403,16559
2021-07-18T04:00:00Z,61403,54439,35186,31124,6964,18932,18846,25228,16199
2021-07-18T05:00:00Z,64971,57269,39337,34306,7702,19937,19863,25859,16253
2021-07-18T06:00:00Z,71826,62920,42857,37000,8906,22425,22329,30042,19376
2021-07-18T07:00:00Z,75072,66562,42779,37853,8510,24134,24051,30869,19402
2021-07-18T08:00:00Z,78583,69310,44151,38861,9273,25447,25366,32742,20526
2021-07-18T09:00:00Z,79464,70597,45089,39986,8867,26538,26449,33649,21253
2021-07-18T10:00:00Z,83434,73953,46151,40627,9481,26026,25939,32965,20955
2021-07-18T11:00:00Z,84377,74589,47320,42070,9788,26693,26606,33431,20976
2021-07-18T12:00:00Z,94312,81779,55871,48460,12533,29180,29089,38557,25406
2021-07-18T13:00:00Z,94143,84006,55233,49493,10137,31413,31329,39025,24987
2021-07-18T14:00:00Z,98404,88313,55957,50357,10091,34001,33914,41338,26383
2021-07-18T15:00:00Z,97823,87753,56308,50780,10070,33339,33244,41023,26542
2021-07-18T16:00:00Z,91169,82613,51654,47324,8556,31237,31142,38272,24778
2021-07-18T17:00:00Z,95674,87186,57114,52685,8488,29115,29032,36171,23010
2021-07-18T18:00:00Z,97258,87124,60195,53947,10134,28246,28161,36893,24429
2021-07-18T19:00:00Z,88877,80208,54398,49478,8669,26176,26094,33399,21536
2021-07-18T20:00:00Z,86996,77476,54705,49078,9520,24895,24813,31271,20665
2021-07-18T21:00:00Z,81884,73302,51736,46942,8582,23213,23132,29928,19993
2021-07-18T22:00:00Z,75031,66256,46591,42001,8775,20517,20435,27241,17834
2021-07-18T23:00:00Z,74701,64972,47725,42416,9729,20167,20086,27435,18361
2021-07-19T00:00:00Z,90003,70724,52433,44314,19279,22170,22068,34065,22862
2021-07-19T01:00:00Z,99489,73161,50253,43087,26328,25676,25575,36734,22276
2021-07-19T02:00:00Z,102155,80871,51514,45626,21284,28916,28807,36729,20994
2021-07-19T03:00:00Z,97438,80536,51654,46534,16902,29302,29202,37022,21900
2021-07-19T04:00:00Z,99559,75784,48411,43916,23775,25345,25242,34107,19977
2021-07-19T05:00:00Z,102378,81276,52083,46483,21102,27859,27754,35677,20558
2021-07-19T06:00:00Z,123399,99488,61137,54381,23911,35774,35658,45196,26598
2021-07-19T07:00:00Z,141111,118493,70185,64337,22618,40836,40701,49415,28488
2021-07-19T08:00:00Z,145070,120682,67108,60504,24388,43692,43551,52732,30905
2021-07-19T09:00:00Z,140733,119174,66268,60073,21559,44408,44259,52301,30862
2021-07-19T10:00:00Z,136048,112336,64590,58185,23712,40876,40737,49534,29842
2021-07-19T11:00:00Z,140785,116909,68095,61648,23876,40935,40781,50383,30702
2021-07-19T12:00:00Z,150292,128291,76560,68160,22001,45834,45688,57883,36971
2021-07-19T13:00:00Z,164583,139668,79597,72649,24915,49787,49614,59690,36877
2021-07-19T14:00:00Z,171927,153501,88149,81538,18426,53354,53180,63030,38784
2021-07-19T15:00:00Z,168259,147534,86764,80593,20725,51916,51756,62638,38676
2021-07-19T16:00:00Z,152449,135784,78605,73571,16665,46573,46408,55452,35004
2021-07-19T17:00:00Z,149869,129482,77341,70995,20387,42759,42593,53204,33258
2021-07-19T18:00:00Z,148144,125799,77694,69706,22345,40824,40673,52487,34499
2021-07-19T19:00:00Z,133728,110823,66292,58957,22905,38540,38370,47494,30566
2021-07-19T20:00:00Z,127468,104790,60942,53850,22678,36824,36685,46474,29945
2021-07-19T21:00:00Z,120992,96417,56819,50623,24575,33164,33007,42544,27316
2021-07-19T22:00:00Z,104872,85008,51548,45963,19864,28459,28332,37949,24599
2021-07-19T23:00:00Z,104249,79104,50957,45051,25145,26287,26169,37177,23840
2021-07-20T00:00:00Z,104504,78921,52909,45398,25583,27242,27120,40725,26806
2021-07-20T01:00:00Z,121019,79155,50847,44152,41864,29439,29321,45914,26028
2021-07-20T02:00:00Z,114189,81505,48572,43115,32684,31270,31160,43940,24027
2021-07-20T03:00:00Z,97272,78581,47321,42079,18691,30365,30262,40248,23651
2021-07-20T04:00:00Z,94346,71144,44759,40203,23202,26054,25947,36617,21794
2021-07-20T05:00:00Z,162793,77001,47363,41914,85792,28542,28432,51026,22195
2021-07-20T07:00:00Z,142935,110083,59908,54122,32852,41211,41069,53196,29212
2021-07-20T08:00:00Z,137788,120368,64730,58742,17420,44334,44177,53781,32038
2021-07-20T09:00:00Z,132904,118078,63662,57963,14826,44711,44553,53130,32384
2021-07-20T10:00:00Z,124008,109467,61171,55438,14541,39972,39834,48730,30279
2021-07-20T11:00:00Z,125281,111140,61690,56372,14141,39893,39745,48199,29396
2021-07-20T12:00:00Z,143925,128138,74233,66459,15787,45310,45153,56385,35803
2021-07-20T13:00:00Z,153472,136996,75918,69461,16476,49270,49107,58132,36558
2021-07-20T14:00:00Z,160031,145342,81257,75192,14689,52769,52608,60249,37993
2021-07-20T15:00:00Z,162018,145521,85135,78452,16497,51238,51082,60266,38680
2021-07-20T16:00:00Z,147105,131508,76450,71075,15597,45838,45658,54960,35338
2021-07-20T17:00:00Z,142818,124669,74148,68143,18149,41469,41314,50393,30865
2021-07-20T18:00:00Z,168995,118098,73233,65553,50897,39793,39640,64729,31855
2021-07-20T19:00:00Z,169978,109681,67846,61038,60297,37087,36932,66407,28807
2021-07-20T20:00:00Z,159100,108100,67141,59503,51000,35897,35740,59893,28392
2021-07-20T21:00:00Z,150049,97055,62100,54329,52994,32273,32131,56947,25875
2021-07-20T22:00:00Z,117169,89195,55269,49422,27974,27696,27564,42055,23332
2021-07-20T23:00:00Z,100587,84607,55672,49668,15980,25795,25675,34895,23019
2021-07-21T00:00:00Z,109538,86210,58216,50384,23328,26604,26486,39317,26320
2021-07-21T01:00:00Z,101202,84733,55153,48005,16469,29129,29013,39822,25690
2021-07-21T02:00:00Z,105734,89835,55066,49537,15899,31216,31096,39602,23973
2021-07-21T03:00:00Z,100748,84800,51098,46094,15948,29232,29122,37887,22786
2021-07-21T04:00:00Z,102117,82046,46628,41865,20071,25295,25179,35124,21288
2021-07-21T05:00:00Z,103637,84006,50555,45238,19631,27993,27877,36955,21851
2021-07-21T06:00:00Z,122984,102455,59707,53214,20529,35007,34878,45262,26589
2021-07-21T07:00:00Z,134162,115822,62817,57138,18340,40266,40128,49084,28663
2021-07-21T08:00:00Z,145703,125045,69047,62830,20658,43802,43647,53380,31527
2021-07-21T09:00:00Z,143646,126927,71378,65445,16719,43708,43567,52458,31677
2021-07-21T10:00:00Z,142470,121650,69328,62871,20820,39601,39460,49606,29834
2021-07-21T11:00:00Z,136609,117727,68265,62237,18882,39214,39068,47014,28461
2021-07-21T12:00:00Z,152484,132993,79879,71563,19491,43977,43816,54477,34278
2021-07-21T13:00:00Z,162252,143124,82738,75814,19128,49008,48846,57432,35788
2021-07-21T14:00:00Z,168148,150696,84926,77927,17452,52253,52062,61081,38386
2021-07-21T15:00:00Z,162673,145669,83477,76757,17004,50885,50708,60188,38287
2021-07-21T16:00:00Z,145543,130392,72924,67566,15151,45644,45476,54353,34633
2021-07-21T17:00:00Z,140380,126239,71593,66233,14141,41648,41505,49997,31923
2021-07-21T18:00:00Z,143520,127038,75656,68586,16482,40263,40099,49915,32969
2021-07-21T19:00:00Z,134984,118931,69905,63997,16053,37690,37551,45841,29708
2021-07-21T20:00:00Z,126566,109702,65320,58973,16864,35946,35784,44333,29215
2021-07-21T21:00:00Z,118386,102265,60836,54752,16121,32459,32319,40506,26552
2021-07-21T22:00:00Z,101851,89213,55018,49650,12638,27699,27560,35643,23800
2021-07-21T23:00:00Z,96828,83577,53307,47396,13251,25605,25483,34968,22857
2021-07-22T00:00:00Z,104828,87137,59610,51657,17691,26358,26237,38634,26520
2021-07-22T01:00:00Z,100649,87142,56235,49185,13507,28704,28595,39114,25534
2021-07-22T02:00:00Z,101429,88346,53900,48347,13083,31358,31247,39669,24159
2021-07-22T03:00:00Z,93122,81067,49816,44747,12055,30051,29945,37037,22104
2021-07-22T04:00:00Z,88409,75029,45732,41106,13380,26014,25897,34294,21641
2021-07-22T05:00:00Z,101406,87515,51513,46218,13891,28575,28463,37552,23048
2021-07-22T06:00:00Z,120710,105445,60366,53895,15265,36133,36008,47189,29082
2021-07-22T07:00:00Z,129793,115270,63143,57282,14523,40746,40596,49207,29759
2021-07-22T08:00:00Z,140916,126124,67518,61351,14792,44069,43917,53369,32358
2021-07-22T09:00:00Z,141110,126723,66927,60958,14387,44388,44235,53528,32866
2021-07-22T10:00:00Z,131849,115004,62637,56412,16845,40458,40306,49919,31178
2021-07-22T11:00:00Z,135398,117828,64790,58327,17570,39966,39815,49779,30781
2021-07-22T12:00:00Z,149425,131133,75756,67447,18292,44447,44271,56216,36376
2021-07-22T13:00:00Z,158670,139959,75715,68377,18711,48663,48497,59009,37068
2021-07-22T14:00:00Z,165626,148080,80123,72977,17546,52432,52255,62049,39506
2021-07-22T15:00:00Z,159560,144764,78366,72257,14796,51249,51076,60827,39319
2021-07-22T16:00:00Z,145965,130628,70932,65761,15337,45591,45429,55596,35396
2021-07-22T17:00:00Z,141966,126305,71303,65357,15661,41598,41442,50143,32449
2021-07-22T18:00:00Z,139909,122262,70860,63788,17647,39815,39659,49878,33356
2021-07-22T19:00:00Z,131973,113608,64600,58094,18365,37267,37120,46324,30566
2021-07-22T20:00:00Z,144780,107153,62688,55517,37627,35674,35499,53538,29735
2021-07-22T21:00:00Z,118863,98468,57825,51422,20395,32166,32011,42130,27305
2021-07-22T22:00:00Z,101725,85458,51700,45849,16267,27430,27296,36672,24478
2021-07-22T23:00:00Z,91870,76184,49732,43544,15686,25214,25098,33828,22508
2021-07-23T00:00:00Z,99620,79291,53919,46117,20329,26092,25967,38051,25786
2021-07-23T01:00:00Z,89003,75592,48233,41399,13411,28290,28168,37878,24704
2021-07-23T02:00:00Z,96067,82746,51663,46106,13321,30455,30344,37772,22879
2021-07-23T03:00:00Z,91815,79809,49066,44034,12006,30094,29987,37853,23276
2021-07-23T04:00:00Z,93741,76669,47367,42661,17072,25142,25029,35284,22324
2021-07-23T05:00:00Z,98022,80533,51452,45837,17489,27702,27589,35277,20799
2021-07-23T06:00:00Z,121831,103508,62085,55402,18323,35055,34925,46154,27930
2021-07-23T07:00:00Z,129915,114060,64284,58558,15855,38906,38769,48129,28735
2021-07-23T08:00:00Z,142048,124078,69590,63489,17970,41733,41597,51463,30796
2021-07-23T09:00:00Z,138647,123098,69710,63569,15549,42563,42402,52012,31876
2021-07-23T10:00:00Z,129791,112915,66107,59862,16876,37743,37608,47478,29792
2021-07-23T11:00:00Z,129109,113130,67434,61169,15979,35864,35716,45336,28292
2021-07-23T12:00:00Z,138341,121724,73518,65344,16617,39484,39335,51713,33681
2021-07-23T13:00:00Z,145345,127902,71504,64527,17443,43775,43624,53808,34346
2021-07-23T14:00:00Z,151582,136543,76202,69587,15039,46864,46704,56090,35745
2021-07-23T15:00:00Z,145330,129078,72347,65911,16252,45193,45031,55096,35603
2021-07-23T16:00:00Z,136249,122370,68029,62703,13879,40758,40593,50633,32854
2021-07-23T17:00:00Z,125658,111801,63808,58138,13857,37192,37052,46068,29794
2021-07-23T18:00:00Z,123285,108076,63351,56433,15209,35830,35684,46164,30969
2021-07-23T19:00:00Z,114295,99645,58042,51778,14650,32527,32372,41511,27386
2021-07-23T20:00:00Z,110733,95234,56788,50022,15499,30596,30449,40046,26366
2021-07-23T21:00:00Z,99175,85665,51304,45268,13510,27470,27355,36376,24294
2021-07-23T22:00:00Z,87043,74017,46205,40450,13026,23005,22891,31513,21467
2021-07-23T23:00:00Z,82931,71021,47725,41953,11910,20461,20349,29811,20412
2021-07-24T00:00:00Z,81173,67884,48038,40503,13289,19423,19325,31573,22845
2021-07-24T01:00:00Z,73596,61789,42159,35160,11807,19345,19239,30500,21501
2021-07-24T02:00:00Z,72078,62685,41063,35821,9393,19710,19621,28266,18833
2021-07-24T03:00:00Z,72109,63966,42144,37162,8143,20434,20354,28844,19303
2021-07-24T04:00:00Z,69785,61600,39724,35346,8185,19183,19101,27828,18225
2021-07-24T05:00:00Z,74020,65646,43608,38370,8374,19804,19726,28115,18307
2021-07-24T06:00:00Z,75940,66994,45135,39043,8946,22187,22108,30539,19963
2021-07-24T07:00:00Z,81753,71962,45246,40147,9791,23980,23885,32460,20415
2021-07-24T08:00:00Z,85148,74165,46435,40860,10983,24909,24817,34135,21692
2021-07-24T09:00:00Z,84569,75217,47635,42158,9352,25507,25417,34524,22289
2021-07-24T10:00:00Z,84969,75080,47704,41864,9889,25116,25026,34063,22214
2021-07-24T11:00:00Z,88888,77331,49134,43082,11557,24997,24896,34201,22090
2021-07-24T12:00:00Z,94587,81020,54909,46738,13567,27505,27403,39241,26203
2021-07-24T13:00:00Z,91102,79212,52349,45371,11890,29374,29281,37548,23818
2021-07-24T14:00:00Z,99146,88242,55588,49461,10904,32203,32109,40833,26062
2021-07-24T15:00:00Z,99529,89749,55621,50254,9780,31899,31813,41386,27057
2021-07-24T16:00:00Z,99696,90365,56322,52019,9331,30374,30276,39810,26295
2021-07-24T17:00:00Z,95094,86083,54918,50044,9011,27846,27754,36638,24101
2021-07-24T18:00:00Z,94304,82141,54993,48155,12163,26917,26826,37998,25801
2021-07-24T19:00:00Z,84425,74000,48696,42563,10425,24035,23946,33061,22124
2021-07-24T20:00:00Z,80776,70201,46728,40434,10575,22447,22363,31042,21357
2021-07-24T21:00:00Z,71289,62313,41153,35828,8976,20802,20724,28267,19387
2021-07-24T22:00:00Z,61702,53565,36971,32207,8137,18402,18315,24277,16260
2021-07-24T23:00:00Z,58433,50084,36759,31450,8349,17086,17011,23199,15971
2021-07-25T00:00:00Z,63221,50832,40532,32218,12389,16998,16912,27891,20215
2021-07-25T01:00:00Z,62162,49613,36447,29600,12549,16891,16806,26626,18746
2021-07-25T02:00:00Z,64142,55628,36768,31756,8514,17774,17698,25796,17309
2021-07-25T03:00:00Z,66057,58314,38238,33571,7743,19074,18997,27415,18444
2021-07-25T04:00:00Z,66039,59294,39519,35440,6745,18652,18577,26467,17389
2021-07-25T05:00:00Z,71731,63486,46211,41120,8245,19838,19754,25737,15945
2021-07-25T06:00:00Z,80519,70538,50374,44367,9981,22609,22515,30951,20058
2021-07-25T07:00:00Z,78024,69277,46330,40977,8747,24015,23932,30780,19277
2021-07-25T08:00:00Z,80482,70561,45725,40530,9921,25649,25571,32607,20302
2021-07-25T09:00:00Z,82470,73607,48541,43501,8863,26469,26375,33494,21262
2021-07-25T10:00:00Z,89750,80691,54575,49345,9059,26144,26059,35428,23215
2021-07-25T11:00:00Z,106859,97570,71101,65681,9289,26799,26701,36097,23733
2021-07-25T12:00:00Z,94628,83238,57762,50531,11390,29255,29162,40899,27820
2021-07-25T13:00:00Z,99218,88311,58948,52676,10907,31143,31063,39157,25111
2021-07-25T14:00:00Z,100909,90932,58646,52931,9977,34311,34214,41935,26870
2021-07-25T15:00:00Z,98694,87610,55826,50354,11084,33900,33809,42422,27193
2021-07-25T16:00:00Z,95079,84225,53190,48453,10854,31394,31304,39849,25567
2021-07-25T17:00:00Z,90430,80447,52651,47397,9983,29090,29006,36339,23482
2021-07-25T18:00:00Z,91222,80356,54435,48313,10866,28509,28416,37163,24986
2021-07-25T19:00:00Z,82269,73009,48365,43184,9260,26325,26235,33078,21751
2021-07-25T20:00:00Z,78316,68985,46341,40981,9331,24888,24798,31614,20897
2021-07-25T21:00:00Z,71898,63109,43113,38163,8789,22391,22304,28814,19196
2021-07-25T22:00:00Z,68249,58942,40433,35881,9307,20204,20114,26531,17748
2021-07-25T23:00:00Z,66706,57280,41572,36343,9426,19676,19595,26683,17991
2021-07-26T00:00:00Z,86526,61677,45965,38292,24849,21941,21854,34119,22622
2021-07-26T01:00:00Z,85528,64527,43692,36402,21001,25036,24927,35152,22110
2021-07-26T02:00:00Z,90151,71738,45165,39188,18413,27484,27375,35341,20625
2021-07-26T03:00:00Z,92207,72868,46154,40679,19339,28116,28022,36069,21367
2021-07-26T04:00:00Z,93962,65802,42241,37341,28160,24353,24238,33803,19696
2021-07-26T05:00:00Z,98061,74900,48100,42278,23161,27318,27220,35020,20410
2021-07-26T06:00:00Z,126339,98763,59565,52785,27576,34723,34601,46256,27413
2021-07-26T07:00:00Z,135928,111688,62638,56115,24240,39280,39142,48348,27893
2021-07-26T08:00:00Z,143425,117389,65060,58128,26036,42680,42534,51256,29873
2021-07-26T09:00:00Z,138455,117286,63301,58378,21169,43820,43666,51818,30556
2021-07-26T10:00:00Z,135876,112032,62632,57042,23844,40247,40098,48829,29129
2021-07-26T11:00:00Z,138688,112122,65034,58394,26566,40021,39872,47846,28614
2021-07-26T12:00:00Z,153319,131044,76596,68234,22275,44789,44630,55646,34849
2021-07-26T13:00:00Z,161102,136534,76520,69216,24568,49201,49042,58806,36644
2021-07-26T14:00:00Z,165335,145465,81309,74309,19870,52716,52550,61393,38413
2021-07-26T15:00:00Z,156809,138426,76941,70581,18383,51369,51210,61138,38680
2021-07-26T16:00:00Z,147783,130570,70898,65809,17213,46129,45981,55972,35046
2021-07-26T17:00:00Z,141716,120523,67904,61493,21193,41831,41672,51840,32222
2021-07-26T18:00:00Z,135252,113736,66661,59170,21516,40232,40075,51279,33369
2021-07-26T19:00:00Z,130706,109963,63929,56918,20743,37850,37701,46782,30113
2021-07-26T20:00:00Z,127846,104783,62337,55457,23063,36235,36086,44833,29057
2021-07-26T21:00:00Z,118438,97078,57369,51205,21360,32322,32179,40736,26638
2021-07-26T22:00:00Z,106373,87879,52471,46980,18494,28158,28024,36688,23846
2021-07-26T23:00:00Z,97766,76623,49164,42820,21143,26143,26028,35182,22806
2021-07-27T00:00:00Z,94100,76906,52394,44567,17194,26780,26657,37697,25179
2021-07-27T01:00:00Z,100363,86520,58499,51716,13843,29971,29860,39443,25456
2021-07-27T02:00:00Z,99570,85781,53484,47494,13789,31797,31670,39181,23861
2021-07-27T03:00:00Z,99555,86755,54428,48957,12800,30683,30585,39098,24357
2021-07-27T04:00:00Z,91774,76014,48025,43061,15760,26457,26355,35009,21838
2021-07-27T05:00:00Z,99327,82493,52094,45995,16834,28919,28809,36608,21748
2021-07-27T06:00:00Z,118850,102237,61033,54335,16613,36713,36588,45722,27337
2021-07-27T07:00:00Z,131558,115461,63418,57320,16097,41028,40893,49533,29520
2021-07-27T08:00:00Z,142408,124958,67996,61553,17450,44273,44114,53609,32181
2021-07-27T09:00:00Z,142122,125784,67723,61556,16338,44713,44567,54750,33373
2021-07-27T10:00:00Z,139638,122630,66926,60683,17008,41459,41324,50312,31299
2021-07-27T11:00:00Z,141780,124071,70331,63631,17709,41496,41345,51145,31740
2021-07-27T12:00:00Z,153543,135975,77990,69468,17568,46423,46277,58305,37705
2021-07-27T13:00:00Z,162099,144444,79487,72088,17655,50418,50239,60561,38304
2021-07-27T14:00:00Z,161460,146611,78692,72183,14849,53294,53128,62537,39335
2021-07-27T15:00:00Z,159594,143864,77919,71512,15730,51987,51825,62265,39151
2021-07-27T16:00:00Z,146185,132494,71375,66195,13691,46778,46610,56064,35621
2021-07-27T17:00:00Z,137582,124479,68932,63438,13103,43121,42967,52033,32916
2021-07-27T18:00:00Z,139344,123436,70677,63671,15908,41625,41467,52563,34434
2021-07-27T19:00:00Z,130788,113362,64906,58185,17426,38591,38448,47428,31153
2021-07-27T20:00:00Z,128086,109821,64823,57287,18265,36819,36679,46572,30915
2021-07-27T21:00:00Z,115355,99445,57898,51479,15910,33189,33050,42423,28372
2021-07-27T22:00:00Z,105007,89866,53500,47302,15141,28318,28193,37713,25572
2021-07-27T23:00:00Z,94910,78152,49682,42843,16758,26139,26021,35394,23630
2021-07-28T00:00:00Z,95108,76644,52109,43751,18464,26998,26875,38416,26454
2021-07-28T01:00:00Z,95483,80850,50268,42654,14633,30250,30139,41317,27226
2021-07-28T02:00:00Z,98698,84789,50071,43928,13909,31514,31404,40705,25653
2021-07-28T03:00:00Z,98959,85157,50455,44632,13802,30947,30842,40309,25337
2021-07-28T04:00:00Z,96936,81941,50685,45964,14995,26505,26397,36928,23214
2021-07-28T05:00:00Z,107504,91511,55423,49633,15993,29396,29281,39101,23463
2021-07-28T06:00:00Z,129026,111404,65264,58410,17622,36935,36809,48521,29757
2021-07-28T07:00:00Z,127469,111260,59007,52695,16209,39982,39852,50061,28890
2021-07-28T08:00:00Z,137093,118663,62504,55294,18430,42922,42783,53371,31363
2021-07-28T09:00:00Z,135037,120215,63208,56848,14822,43990,43835,53834,32160
2021-07-28T10:00:00Z,134762,117910,64859,58187,16852,41518,41360,51844,32164
2021-07-28T11:00:00Z,134974,117445,64333,57646,17529,40700,40556,50402,31173
2021-07-28T12:00:00Z,141381,123672,70772,62485,17709,45711,45551,56731,36427
2021-07-28T13:00:00Z,153678,136587,74786,67538,17091,50115,49969,60687,38071
2021-07-28T14:00:00Z,163131,146909,80244,73093,16222,53623,53444,62735,40060
2021-07-28T15:00:00Z,157323,142664,78953,72521,14659,52153,51982,61650,39659
2021-07-28T16:00:00Z,143280,129647,67550,62155,13633,45293,45140,57036,34365
2021-07-28T17:00:00Z,136982,122113,66472,60311,14869,41801,41649,52829,32066
2021-07-28T18:00:00Z,137253,120462,67820,60426,16791,40534,40404,52859,33624
2021-07-28T19:00:00Z,129053,112896,63062,56167,16157,39054,38902,50277,31520
2021-07-28T20:00:00Z,126962,109106,62547,55087,17856,36933,36781,47287,30464
2021-07-28T21:00:00Z,116568,100451,56712,50197,16117,33182,33047,44097,28114
2021-07-28T22:00:00Z,103971,89081,51308,45073,14890,28258,28127,39305,24979
2021-07-28T23:00:00Z,95764,80126,49161,42725,15638,26139,26025,36236,24395
2021-07-29T00:00:00Z,102424,84651,54645,46436,17773,27162,27045,41521,28595
2021-07-29T01:00:00Z,94995,81892,49798,43033,13103,29687,29582,41209,27058
2021-07-29T02:00:00Z,100546,86887,50282,44526,13659,31652,31542,41231,25064
2021-07-29T03:00:00Z,94640,82358,47517,42058,12282,30410,30304,39548,24056
2021-07-29T04:00:00Z,85095,69177,42145,37231,15918,26099,25996,34190,20345
2021-07-29T05:00:00Z,94884,77147,46793,40674,17737,28669,28566,35865,20909
2021-07-29T06:00:00Z,113341,95650,56122,49169,17691,37056,36945,46051,27151
2021-07-29T07:00:00Z,128616,112246,60102,53934,16370,40599,40458,48490,27963
2021-07-29T08:00:00Z,130677,113718,62112,55347,16959,43921,43775,51649,30446
2021-07-29T09:00:00Z,130074,115310,63100,56695,14764,44639,44486,52129,31732
2021-07-29T10:00:00Z,123763,106214,60243,53702,17549,40604,40470,48086,29533
2021-07-29T11:00:00Z,128082,111615,64795,58184,16467,39778,39629,47173,28954
2021-07-29T12:00:00Z,144228,125533,74749,65908,18695,44496,44351,54474,34818
2021-07-29T13:00:00Z,150555,131794,74819,67228,18761,49104,48954,57519,35868
2021-07-29T14:00:00Z,153882,138493,76886,69821,15389,52523,52351,60065,37501
2021-07-29T15:00:00Z,150352,135120,75091,68442,15232,50631,50474,58671,37069
2021-07-29T16:00:00Z,141418,125738,69165,63456,15680,45518,45369,54699,33818
2021-07-29T17:00:00Z,139855,122772,72100,65301,17083,41765,41613,50756,32368
2021-07-29T18:00:00Z,134927,117249,71539,63201,17678,40118,39962,50445,33313
2021-07-29T19:00:00Z,123264,106068,61446,54355,17196,37404,37238,45559,29153
2021-07-29T20:00:00Z,116918,99933,58662,51402,16985,35733,35573,43229,27937
2021-07-29T21:00:00Z,105105,90094,52803,46562,15011,32050,31907,39240,25310
2021-07-29T22:00:00Z,94847,80818,49029,43293,14029,27572,27435,34403,22590
2021-07-29T23:00:00Z,90078,74976,49704,43071,15102,25761,25638,33421,22224
2021-07-30T00:00:00Z,91358,74056,50801,42888,17302,26264,26146,37294,25175
2021-07-30T01:00:00Z,87905,74538,47161,40259,13367,28651,28547,38239,24776
2021-07-30T02:00:00Z,93451,80947,47757,42327,12504,30696,30597,39304,24290
2021-07-30T03:00:00Z,93316,80349,47349,41895,12967,28837,28741,37927,23459
2021-07-30T04:00:00Z,88941,72884,43766,38881,16057,24973,24855,35142,21819
2021-07-30T05:00:00Z,98167,82504,50333,44184,15663,27485,27388,36358,21877
2021-07-30T06:00:00Z,122860,105917,62631,55606,16943,34570,34436,46755,27828
2021-07-30T07:00:00Z,129866,114043,65609,59420,15823,38430,38311,48015,28490
2021-07-30T08:00:00Z,133776,116582,64443,57794,17194,41234,41093,51726,31604
2021-07-30T09:00:00Z,134668,119704,64875,58359,14964,42482,42332,53514,32335
2021-07-30T10:00:00Z,132782,115056,65269,58521,17726,38263,38119,48921,30678
2021-07-30T11:00:00Z,128063,110766,63002,56481,17297,36299,36161,46831,28802
2021-07-30T12:00:00Z,138643,121169,70077,61587,17474,40220,40065,53449,34593
2021-07-30T13:00:00Z,145856,127479,71792,64205,18377,45055,44899,55458,35216
2021-07-30T14:00:00Z,152517,136428,74744,67432,16089,47508,47348,57194,36610
2021-07-30T15:00:00Z,143895,128940,70440,63969,14955,45393,45241,55130,35773
2021-07-30T16:00:00Z,130977,116646,63536,57892,14331,40958,40829,51023,32761
2021-07-30T17:00:00Z,125817,112845,62906,57159,12972,37821,37678,46332,29909
2021-07-30T18:00:00Z,113007,98736,59409,52209,14271,35254,35111,43515,28659
2021-07-30T19:00:00Z,104629,89237,53761,47031,15392,32573,32431,39946,25782
2021-07-30T20:00:00Z,100281,85135,52180,45285,15146,30646,30506,37910,24506
2021-07-30T21:00:00Z,91676,76415,47561,41409,15261,27150,27018,34187,22261
2021-07-30T22:00:00Z,84703,68645,44229,38222,16058,23256,23125,30801,19884
2021-07-30T23:00:00Z,86287,67903,46337,39208,18384,21205,21090,32158,21376
2021-07-31T00:00:00Z,86996,69104,52148,42422,17892,19872,19761,33966,24712
2021-07-31T01:00:00Z,80836,66326,48380,39763,14510,19373,19269,31397,22235
2021-07-31T02:00:00Z,72624,62904,43240,37345,9720,19652,19572,27305,17526
2021-07-31T03:00:00Z,70455,61552,43173,37634,8903,20624,20549,27354,17266
2021-07-31T04:00:00Z,71120,62811,43307,38412,8309,19216,19142,27148,17509
2021-07-31T05:00:00Z,76559,67336,46545,40733,9223,19881,19814,27182,17376
2021-07-31T06:00:00Z,80872,70952,49266,42861,9920,22189,22116,30636,19596
2021-07-31T07:00:00Z,82811,72982,46658,41127,9829,23931,23849,32018,19313
2021-07-31T08:00:00Z,88869,79183,50136,44469,9686,25179,25098,34787,22029
2021-07-31T09:00:00Z,90078,80867,51730,46149,9211,26520,26440,35799,22802
2021-07-31T10:00:00Z,89045,79916,50874,45172,9129,25473,25386,34381,22217
2021-07-31T11:00:00Z,89216,79756,52334,46601,9460,25048,24963,33633,21641
2021-07-31T12:00:00Z,97747,86069,58913,50919,11678,27151,27067,39050,26362
2021-07-31T13:00:00Z,99856,88857,56998,50260,10999,29261,29183,39389,25625
2021-07-31T14:00:00Z,108760,96615,62393,55621,12145,32178,32088,41895,27550
2021-07-31T15:00:00Z,109557,97636,61729,55572,11921,32562,32468,43230,28406
2021-07-31T16:00:00Z,100459,89939,56158,51169,10520,29861,29778,39770,26386
2021-07-31T17:00:00Z,102339,90351,59477,53688,11988,27691,27607,37365,24764
2021-07-31T18:00:00Z,96782,84232,56612,49336,12550,26005,25925,37151,25477
2021-07-31T19:00:00Z,89997,78694,52464,46232,11303,23963,23890,33258,22666
2021-07-31T20:00:00Z,83524,73042,50058,43928,10482,22203,22120,30568,20791
2021-07-31T21:00:00Z,72271,62658,44007,38512,9613,20118,20041,27042,18201
2021-07-31T22:00:00Z,70113,60749,45061,39842,9364,18035,17962,24324,16369
2021-07-31T23:00:00Z,64497,54052,41264,35368,10445,17164,17092,24077,16443
2021-08-01T00:00:00Z,74416,55787,46832,37177,18629,17133,17038,29858,21813
2021-08-01T01:00:00Z,75965,58698,43864,35480,17267,17572,17494,31219,22452
2021-08-01T02:00:00Z,77118,57230,38719,32198,19888,18041,17969,27208,18062
2021-08-01T03:00:00Z,73250,59214,39179,33305,14036,19020,18942,28674,18998
2021-08-01T04:00:00Z,74976,60228,38716,33761,14748,18787,18719,28071,18651
2021-08-01T05:00:00Z,78611,62622,41793,35570,15989,19485,19408,27797,18215
2021-08-01T06:00:00Z,81721,68601,45454,38674,13120,22216,22131,32411,21842
2021-08-01T07:00:00Z,84000,70995,45792,39904,13005,23087,23009,32059,20713
2021-08-01T08:00:00Z,94392,75396,48423,41451,18996,24939,24844,35203,22435
2021-08-01T09:00:00Z,93008,78630,50438,43799,14378,26363,26273,36256,23726
2021-08-01T10:00:00Z,92621,77342,49501,42770,15279,25629,25529,35462,22877
2021-08-01T11:00:00Z,94433,76991,50747,43980,17442,26085,25995,34036,21335
2021-08-01T12:00:00Z,102761,84548,57502,48224,18213,28485,28386,41393,28178
2021-08-01T13:00:00Z,105872,87215,56151,48238,18657,30237,30144,41388,27183
2021-08-01T14:00:00Z,109108,93206,57807,50366,15902,33416,33329,43557,28176
2021-08-01T15:00:00Z,108071,92949,58072,51407,15122,32961,32870,43722,29037
2021-08-01T16:00:00Z,100602,88717,53262,48386,11885,30849,30766,40608,26673
2021-08-01T17:00:00Z,104001,87953,56166,50201,16048,29010,28929,38821,25507
2021-08-01T18:00:00Z,97847,83619,54791,47315,14228,27361,27278,38405,26058
2021-08-01T19:00:00Z,92550,78011,51197,44660,14539,25604,25508,34745,23809
2021-08-01T20:00:00Z,88926,74024,46924,40607,14902,24633,24558,33769,22798
2021-08-01T21:00:00Z,81573,68438,44284,38355,13135,22521,22446,31379,21563
2021-08-01T22:00:00Z,77600,63770,42180,36307,13830,19857,19776,28591,19606
2021-08-01T23:00:00Z,79998,64751,45948,39492,15247,19844,19757,28777,20212
2021-08-02T00:00:00Z,105950,73503,54574,46062,32447,21791,21693,36811,25087
2021-08-02T01:00:00Z,94507,70045,47556,39982,24462,25193,25108,37501,23719
2021-08-02T02:00:00Z,95556,74955,48153,41557,20601,27942,27827,36261,20813
2021-08-02T03:00:00Z,96432,75380,48711,42300,21052,27876,27779,36023,21145
2021-08-02T04:00:00Z,98982,69393,44835,39463,29589,24605,24498,33883,19610
2021-08-02T05:00:00Z,101878,77750,50656,44103,24128,26916,26813,36174,21063
2021-08-02T06:00:00Z,122546,96704,59363,51955,25842,34740,34608,45020,26439
2021-08-02T07:00:00Z,129816,105034,60700,53803,24782,38797,38667,46779,26696
2021-08-02T08:00:00Z,139029,112661,62405,54719,26368,41225,41084,51701,30004
2021-08-02T09:00:00Z,139933,118040,64687,57547,21893,42585,42426,53009,32260
2021-08-02T10:00:00Z,137233,111262,62960,55730,25971,39353,39198,50338,30430
2021-08-02T11:00:00Z,140231,115050,67463,60196,25181,39227,39076,49543,30248
2021-08-02T12:00:00Z,150238,125295,75509,65628,24943,43461,43304,56674,36365
2021-08-02T13:00:00Z,167204,139247,80224,71687,27957,47935,47791,60291,37753
2021-08-02T14:00:00Z,166592,145183,83350,75163,21409,51606,51445,61937,39182
2021-08-02T15:00:00Z,161442,142158,79740,72572,19284,49843,49682,60117,38765
2021-08-02T16:00:00Z,151522,131072,72250,66435,20450,44394,44226,55420,34842
2021-08-02T17:00:00Z,157316,121730,71167,64718,35586,40867,40703,55996,32852
2021-08-02T18:00:00Z,146146,121784,72142,63178,24362,39800,39639,51945,34188
2021-08-02T19:00:00Z,135160,111827,67647,59853,23333,37233,37083,47401,31125
2021-08-02T20:00:00Z,130628,105716,62033,54371,24912,35370,35216,46096,30070
2021-08-02T21:00:00Z,119874,94474,55694,48828,25400,32075,31937,42286,27756
2021-08-02T22:00:00Z,107647,86627,51932,45440,21020,27272,27136,37922,24565
2021-08-02T23:00:00Z,101959,79810,50883,43675,22149,25666,25562,36200,24173
2021-08-03T00:00:00Z,101533,81483,54171,45335,20050,26514,26400,40550,28204
2021-08-03T01:00:00Z,98172,82233,50564,42545,15939,29285,29164,42150,27815
2021-08-03T02:00:00Z,103367,88585,52178,45855,14782,31722,31605,42021,25844
2021-08-03T03:00:00Z,102138,87620,52765,46712,14518,30443,30334,40612,24974
2021-08-03T04:00:00Z,96095,79255,48195,42849,16840,26206,26085,36526,22583
2021-08-03T05:00:00Z,100346,82543,52542,46066,17803,28604,28502,36772,21616
2021-08-03T06:00:00Z,118301,100517,61613,53940,17784,36209,36084,45533,26980
2021-08-03T07:00:00Z,130574,111599,64556,57299,18975,40530,40398,48355,27725
2021-08-03T08:00:00Z,138278,119847,67700,60487,18431,43251,43114,51274,30150
2021-08-03T09:00:00Z,139063,121747,68360,61464,17316,44049,43899,52442,31373
2021-08-03T10:00:00Z,133317,113578,67200,59836,19739,40328,40186,49199,29738
2021-08-03T11:00:00Z,136762,116439,69385,61773,20323,40245,40096,49456,29524
2021-08-03T12:00:00Z,147637,127542,79126,68922,20095,44655,44502,56196,35960
2021-08-03T13:00:00Z,158417,139756,82539,74650,18661,48584,48425,58310,36278
2021-08-03T14:00:00Z,161760,144232,83273,75894,17528,51996,51829,61090,38591
2021-08-03T15:00:00Z,158398,141039,80663,73437,17359,50665,50494,59624,37505
2021-08-03T16:00:00Z,149685,134511,75049,69260,15174,45586,45411,56150,35408
2021-08-03T17:00:00Z,144428,129039,74410,68683,15389,41715,41569,51428,32614
2021-08-03T18:00:00Z,142079,122996,73143,65710,19083,40254,40105,50870,33288
2021-08-03T19:00:00Z,145824,114019,67754,60401,31805,38102,37941,53428,31010
2021-08-03T20:00:00Z,147136,109943,65109,57387,37193,36310,36157,53828,30093
2021-08-03T21:00:00Z,144213,104308,62583,55579,39905,32492,32340,52705,27713
2021-08-03T22:00:00Z,141665,89756,55250,48144,51909,28107,27969,53679,25177
2021-08-03T23:00:00Z,158808,83167,53814,46693,75641,25737,25619,63595,24209
2021-08-04T00:00:00Z,172547,82831,56533,46862,89716,26501,26367,70381,28521
2021-08-04T01:00:00Z,158097,82022,53387,44956,76075,29189,29071,69439,27564
2021-08-04T02:00:00Z,125889,91220,55857,49422,34669,31134,31022,48639,25468
2021-08-04T03:00:00Z,124204,90511,55893,49723,33693,30257,30136,48271,25072
2021-08-04T04:00:00Z,116424,83497,52341,46925,32927,26014,25896,44105,22893
2021-08-04T05:00:00Z,115721,87439,53807,47652,28282,28331,28223,43927,23316
2021-08-04T06:00:00Z,136770,104145,60705,53301,32625,36069,35940,54240,29204
2021-08-04T07:00:00Z,153881,119619,65467,59121,34262,40593,40455,58968,30226
2021-08-04T08:00:00Z,181877,120194,65611,59245,61683,42400,42252,74416,31051
2021-08-04T09:00:00Z,187000,118543,65061,58258,68457,42601,42445,79365,31981
2021-08-04T10:00:00Z,177721,113092,64539,57186,64629,39248,39097,71925,30979
2021-08-04T11:00:00Z,190143,116771,67755,60800,73372,39569,39431,77401,30670
2021-08-04T12:00:00Z,195359,123906,74980,64965,71453,43005,42854,81849,35789
2021-08-04T13:00:00Z,202165,131236,74954,67412,70929,46957,46804,84467,36546
2021-08-04T14:00:00Z,198740,134187,73484,66998,64553,50283,50126,84600,37030
2021-08-04T15:00:00Z,193448,128884,71844,65348,64564,48451,48297,82877,36717
2021-08-04T16:00:00Z,173702,127370,70986,65357,46332,44799,44636,70213,34592
2021-08-04T17:00:00Z,186218,120867,70404,63779,65351,40968,40821,75260,32357
2021-08-04T18:00:00Z,179736,110183,66428,58978,69553,39247,39114,74540,31488
2021-08-04T19:00:00Z,174789,104377,62325,55143,70412,37368,37215,71375,28984
2021-08-04T20:00:00Z,181335,100453,61119,54099,80882,35417,35264,74363,28089
2021-08-04T21:00:00Z,183356,91083,56513,49395,92273,31594,31446,74901,25784
2021-08-04T22:00:00Z,160142,85313,53994,47107,74829,27382,27241,63258,22999
2021-08-04T23:00:00Z,163432,80614,55343,48093,82818,25496,25366,65451,22341
2021-08-05T00:00:00Z,163440,79420,57839,47924,84020,26332,26206,66857,26442
2021-08-05T01:00:00Z,120074,80123,53504,44497,39951,29139,29016,51236,26635
2021-08-05T02:00:00Z,112120,83156,50947,44935,28964,31044,30924,45416,23144
2021-08-05T03:00:00Z,110614,84188,52718,46765,26426,30366,30247,46663,24377
2021-08-05T04:00:00Z,103177,78688,50281,44809,24489,26496,26372,40849,23966
2021-08-05T05:00:00Z,106677,87213,52633,46178,19464,28780,28667,39709,23416
2021-08-05T06:00:00Z,126413,108683,64578,57146,17730,36066,35944,47183,28926
2021-08-05T07:00:00Z,146021,127253,74585,67589,18768,40779,40639,50431,30460
2021-08-05T08:00:00Z,154404,132902,75937,68283,21502,43626,43467,54042,32585
2021-08-05T09:00:00Z,144378,125430,68850,61580,18948,44668,44512,54667,33476
2021-08-05T10:00:00Z,134340,114294,64213,56656,20046,40341,40202,50417,31537
2021-08-05T11:00:00Z,133901,115068,64432,57656,18833,39746,39609,49085,30586
2021-08-05T12:00:00Z,152503,130733,77693,66801,21770,44721,44573,58814,38126
2021-08-05T13:00:00Z,158262,137403,77646,68972,20859,48846,48703,60344,38577
2021-08-05T14:00:00Z,162191,144605,78748,71991,17586,51750,51596,61599,38725
2021-08-05T15:00:00Z,156672,140046,80369,73699,16626,50363,50210,59702,38321
2021-08-05T16:00:00Z,144097,128637,75366,69425,15460,45476,45313,52884,33577
2021-08-05T17:00:00Z,146446,123548,74756,68246,22898,41057,40896,51320,30786
2021-08-05T18:00:00Z,137872,120155,75336,67109,17717,39360,39205,48106,31423
2021-08-05T19:00:00Z,129066,111897,69810,62158,17169,36993,36831,44488,28838
2021-08-05T20:00:00Z,124446,108118,67932,60699,16328,35452,35299,42633,27875
2021-08-05T21:00:00Z,113582,98436,62460,55754,15146,31974,31829,39224,25522
2021-08-05T22:00:00Z,102810,88733,58556,52356,14077,27694,27566,35263,22774
2021-08-05T23:00:00Z,97373,83399,58395,51629,13974,25595,25474,33251,22293
2021-08-06T00:00:00Z,105075,83217,60322,51012,21858,26270,26148,38550,25953
2021-08-06T01:00:00Z,100424,84276,55575,46672,16148,29037,28929,40991,27183
2021-08-06T02:00:00Z,97474,83535,50490,43903,13939,30330,30219,38526,23236
2021-08-06T03:00:00Z,97541,84367,50312,44399,13174,29957,29851,38941,24449
2021-08-06T04:00:00Z,92130,76067,45993,40501,16063,25204,25103,35645,22541
2021-08-06T05:00:00Z,95863,81948,50013,43557,13915,27253,27146,36708,22628
2021-08-06T06:00:00Z,117659,101082,58871,51225,16577,34433,34305,45587,28059
2021-08-06T07:00:00Z,130421,113278,64072,56449,17143,38971,38845,49439,29802
2021-08-06T08:00:00Z,133857,116233,64284,57024,17624,41186,41034,51146,31141
2021-08-06T09:00:00Z,129620,111849,63556,56322,17771,42548,42392,50808,30912
2021-08-06T10:00:00Z,120223,104008,60191,53646,16215,37857,37726,46333,28840
2021-08-06T11:00:00Z,123252,103826,61200,53979,19426,36803,36671,44970,27674
2021-08-06T12:00:00Z,137847,115511,72713,62059,22336,40464,40312,51886,33673
2021-08-06T13:00:00Z,140998,119818,70340,61036,21180,44356,44193,53682,33896
2021-08-06T14:00:00Z,148534,130205,72943,65639,18329,47784,47632,55897,35167
2021-08-06T15:00:00Z,146349,129983,70048,63561,16366,45480,45334,55281,35543
2021-08-06T16:00:00Z,130821,115834,63457,57950,14987,41231,41079,50976,32820
2021-08-06T17:00:00Z,128549,113035,65627,59338,15514,37810,37675,46882,30259
2021-08-06T18:00:00Z,123373,106570,62502,54631,16803,35354,35204,45960,30650
2021-08-06T19:00:00Z,112772,97277,56431,49605,15495,32982,32850,42491,27867
2021-08-06T20:00:00Z,107148,91373,53356,46541,15775,30697,30566,40028,26474
2021-08-06T21:00:00Z,100123,82794,49197,42842,17329,27890,27781,36440,24611
2021-08-06T22:00:00Z,87412,73844,45095,39175,13568,23235,23116,31537,21235
2021-08-06T23:00:00Z,84352,70936,46739,40226,13416,21214,21114,30530,21085
2021-08-07T00:00:00Z,83290,66290,48585,38413,17000,19958,19859,33923,25064
2021-08-07T01:00:00Z,74098,59562,40404,31826,14536,19026,18940,31182,21831
2021-08-07T02:00:00Z,72012,61700,39626,33624,10312,19826,19746,28320,18584
2021-08-07T03:00:00Z,73800,64420,42401,36688,9380,20763,20680,29429,19291
2021-08-07T04:00:00Z,69646,61323,39245,34226,8323,19657,19571,28267,18537
2021-08-07T05:00:00Z,74063,65160,41768,36072,8903,20607,20522,28632,18338
2021-08-07T06:00:00Z,81840,72010,46552,40116,9830,22696,22623,32521,21070
2021-08-07T07:00:00Z,86785,75784,46623,40761,11001,24508,24413,33516,21094
2021-08-07T08:00:00Z,85551,75249,45813,39855,10302,25344,25264,34200,21926
2021-08-07T09:00:00Z,86776,76112,47238,41436,10664,25810,25727,34688,22256
2021-08-07T10:00:00Z,88995,78999,48658,42824,9996,25605,25528,34367,22438
2021-08-07T11:00:00Z,88438,78578,49687,44004,9860,25084,25001,33421,21794
2021-08-07T12:00:00Z,97359,82663,57439,47548,14696,27331,27241,39812,27476
2021-08-07T13:00:00Z,97410,84871,55047,47407,12539,29409,29324,40215,26804
2021-08-07T14:00:00Z,99736,89174,55240,49335,10562,32144,32055,41152,26720
2021-08-07T15:00:00Z,102913,91731,57568,51402,11182,32261,32180,41730,27466
2021-08-07T16:00:00Z,95470,85466,51896,46985,10004,29794,29711,39668,26120
2021-08-07T17:00:00Z,95233,85624,53974,48416,9609,27813,27737,36806,24351
2021-08-07T18:00:00Z,92396,81308,53944,47158,11088,26697,26606,37125,25487
2021-08-07T19:00:00Z,84304,73940,48173,42109,10364,24211,24125,33223,22362
2021-08-07T20:00:00Z,80017,70031,44605,38736,9986,22402,22320,31242,21115
2021-08-07T21:00:00Z,71290,62425,40219,34928,8865,20171,20086,28540,19630
2021-08-07T22:00:00Z,63606,54870,37017,31914,8736,17739,17662,24754,16945
2021-08-07T23:00:00Z,63100,54313,40997,35489,8787,17032,16973,23440,16081
2021-08-08T00:00:00Z,66516,52690,43270,33496,13826,17399,17324,29479,21569
2021-08-08T01:00:00Z,67103,53557,39078,30891,13546,17326,17259,29516,21475
2021-08-08T02:00:00Z,66089,57379,37959,32654,8710,18190,18123,26887,17585
2021-08-08T03:00:00Z,67440,59318,39033,33914,8122,19057,18994,27518,18417
2021-08-08T04:00:00Z,66711,59065,38531,33921,7646,18739,18671,27189,17899
2021-08-08T05:00:00Z,71201,62610,40757,35212,8591,19661,19590,27617,17908
2021-08-08T06:00:00Z,79865,69766,46052,39329,10099,22108,22035,31924,21044
2021-08-08T07:00:00Z,82891,73670,46064,40670,9221,24152,24086,32929,21114
2021-08-08T08:00:00Z,85896,75775,46245,40475,10121,25558,25484,34574,22116
2021-08-08T09:00:00Z,91003,78128,51556,42776,12875,26224,26145,35638,23065
2021-08-08T10:00:00Z,94107,78004,53610,42226,16103,26199,26118,35590,22810
2021-08-08T11:00:00Z,85424,73631,49080,41854,11793,26442,26363,33669,20849
2021-08-08T12:00:00Z,102235,87159,60157,49852,15076,28493,28405,41766,28363
2021-08-08T13:00:00Z,103011,88447,57612,48386,14564,31243,31161,42483,27970
2021-08-08T14:00:00Z,111604,95080,63285,51928,16524,34201,34114,43935,28344
2021-08-08T15:00:00Z,106684,94964,58748,52609,11720,33449,33372,44489,28967
2021-08-08T16:00:00Z,99029,89101,53618,48717,9928,31295,31210,41155,26948
2021-08-08T17:00:00Z,98236,88068,55237,49776,10168,28840,28760,38581,24833
2021-08-08T18:00:00Z,96854,85117,54749,48082,11737,28404,28312,40027,26919
2021-08-08T19:00:00Z,86675,76455,48416,42763,10220,26054,25974,34929,23162
2021-08-08T20:00:00Z,79976,69283,46191,40101,10693,24609,24521,31762,20927
2021-08-08T21:00:00Z,73407,63205,42605,36969,10202,22352,22261,29145,18996
2021-08-08T22:00:00Z,68749,57902,41037,35601,10847,19706,19623,26363,17221
2021-08-08T23:00:00Z,75208,63207,44564,38239,12001,19562,19482,28799,19983
2021-08-09T00:00:00Z,94737,68583,49831,40481,26154,21640,21545,37143,25641
2021-08-09T01:00:00Z,96417,71201,47942,38860,25216,25418,25330,39495,25795
2021-08-09T02:00:00Z,96294,78345,47197,40214,17949,28293,28196,37971,23049
2021-08-09T03:00:00Z,101127,82839,50183,43745,18288,28703,28610,38705,24092
2021-08-09T04:00:00Z,103949,80998,46462,40731,22951,24990,24884,35366,22015
2021-08-09T05:00:00Z,103448,87415,50877,44592,16033,27708,27613,37132,22732
2021-08-09T06:00:00Z,122653,104035,60067,52555,18618,35757,35643,47072,29101
2021-08-09T07:00:00Z,129877,112423,60938,54557,17454,40080,39943,49640,29139
2021-08-09T08:00:00Z,139200,119737,63747,56723,19463,42746,42599,52894,31602
2021-08-09T09:00:00Z,139947,121342,65337,58055,18605,43860,43722,53868,33081
2021-08-09T10:00:00Z,134893,114372,62660,55361,20521,40143,39997,50906,31282
2021-08-09T11:00:00Z,138273,115786,64653,57374,22487,40436,40295,50683,31261
2021-08-09T12:00:00Z,152035,128197,75355,64152,23838,45721,45564,59690,38597
2021-08-09T13:00:00Z,158250,135011,76121,67209,23239,49677,49516,60997,38566
2021-08-09T14:00:00Z,163424,144535,78287,71156,18889,52526,52372,62075,39319
2021-08-09T15:00:00Z,159135,141049,76951,70054,18086,50620,50465,60974,39010
2021-08-09T16:00:00Z,148960,130942,71070,65095,18018,45602,45442,56098,35856
2021-08-09T17:00:00Z,142669,123307,68520,61851,19362,42111,41958,52518,33459
2021-08-09T18:00:00Z,143976,120250,70015,61451,23726,40474,40322,52328,34698
2021-08-09T19:00:00Z,133035,111918,63132,55506,21117,38369,38227,48542,31680
2021-08-09T20:00:00Z,160432,104169,58460,51417,56263,35579,35427,57472,29919
2021-08-09T21:00:00Z,121968,95805,55636,48781,26163,32302,32161,43405,27599
2021-08-09T22:00:00Z,104653,85411,50504,44327,19242,27951,27829,37439,24731
2021-08-09T23:00:00Z,101394,81548,50614,44056,19846,26388,26276,36330,24293
2021-08-10T00:00:00Z,99515,79650,54476,44959,19865,27334,27223,40563,28176
2021-08-10T01:00:00Z,94077,77998,50541,41697,16079,29545,29435,40804,26618
2021-08-10T02:00:00Z,95697,82030,49615,43584,13667,31346,31231,39120,23245
2021-08-10T03:00:00Z,95916,81099,50137,44123,14817,30993,30895,38562,23126
2021-08-10T04:00:00Z,87360,71958,45561,40149,15402,26488,26389,34107,21106
2021-08-10T05:00:00Z,94613,80301,49941,43482,14312,29426,29323,36186,21810
2021-08-10T06:00:00Z,116620,101319,59827,52524,15301,36853,36733,45289,27092
2021-08-10T07:00:00Z,124212,108297,59865,53254,15915,40955,40812,48681,28319
2021-08-10T08:00:00Z,132896,116089,61421,55013,16807,43880,43726,51402,30059
2021-08-10T09:00:00Z,133940,117253,64136,57580,16687,44553,44392,52042,31206
2021-08-10T10:00:00Z,128143,111978,61914,55306,16165,40493,40355,48224,29388
2021-08-10T11:00:00Z,134648,117613,66143,59265,17035,40861,40732,49803,30258
2021-08-10T12:00:00Z,157016,137388,84093,73332,19628,45393,45242,57856,37907
2021-08-10T13:00:00Z,165465,144656,83779,75035,20809,50213,50059,61213,38783
2021-08-10T14:00:00Z,164879,149482,82697,76064,15397,52371,52209,61010,38515
2021-08-10T15:00:00Z,58642,52015,28297,25728,6627,23212,23111,27201,16749
2021-08-10T16:00:00Z,91291,84314,44186,41443,6977,33696,33561,39591,25253
2021-08-10T17:00:00Z,162854,125383,70416,64192,37471,43267,43111,62483,33353
2021-08-10T18:00:00Z,157414,119796,68617,60824,37618,41674,41529,61031,33300
2021-08-10T19:00:00Z,152378,108464,62179,55173,43914,38298,38135,58242,29406
2021-08-10T20:00:00Z,146969,100366,52138,50079,46603,36233,36078,58262,25799
2021-08-10T21:00:00Z,141554,89598,48608,46473,51956,31860,31736,56551,22739
2021-08-10T22:00:00Z,163635,79673,45652,41703,83962,27810,27657,67864,21898
2021-08-10T23:00:00Z,154212,75577,47694,41963,78635,26169,26034,64063,22523
2021-08-11T00:00:00Z,153559,75717,52627,42496,77842,26779,26656,65880,27376
2021-08-11T01:00:00Z,175788,77038,52348,43984,98750,28677,28558,81243,25436
2021-08-11T02:00:00Z,189490,86694,51905,45960,102796,31146,31037,82782,24583
2021-08-11T03:00:00Z,189745,86686,56280,50257,103059,30049,29935,81028,23032
2021-08-11T04:00:00Z,178168,76399,49078,43197,101769,26618,26496,72202,21429
2021-08-11T05:00:00Z,185862,81900,50027,43755,103962,28847,28740,79066,21772
2021-08-11T06:00:00Z,197029,96035,56864,50138,100994,35852,35722,86628,26577
2021-08-11T07:00:00Z,203175,104855,57007,51079,98320,39567,39424,89414,26995
2021-08-11T08:00:00Z,204402,107545,58784,52442,96857,41509,41355,89657,28896
2021-08-11T09:00:00Z,205808,108400,59713,53442,97408,42038,41893,91117,29335
2021-08-11T10:00:00Z,202875,105569,59866,53761,97306,39035,38883,88031,28829
2021-08-11T11:00:00Z,202286,105626,60279,54375,96660,39128,38983,87028,28146
2021-08-11T12:00:00Z,215082,116099,69903,60314,98983,43363,43202,95154,34357
2021-08-11T13:00:00Z,216180,120841,67875,60309,95339,46378,46215,95558,34265
2021-08-11T14:00:00Z,214322,122839,66985,60940,91483,48893,48716,96514,34686
2021-08-11T15:00:00Z,208852,118948,64445,58885,89904,46791,46633,94261,33492
2021-08-11T16:00:00Z,207066,112787,63050,57671,94279,43179,43012,91499,31903
2021-08-11T17:00:00Z,205036,109600,60133,54436,95436,40332,40171,88478,29447
2021-08-11T18:00:00Z,204312,103954,60990,53804,100358,38676,38513,88790,30213
2021-08-11T19:00:00Z,199160,97726,56703,50404,101434,36321,36169,86511,27799
2021-08-11T20:00:00Z,196514,95173,55347,48890,101341,35021,34860,84660,27117
2021-08-11T21:00:00Z,192049,87695,51363,45070,104354,31670,31517,81520,24730
2021-08-11T22:00:00Z,185621,79482,47690,41641,106139,27560,27416,78244,22240
2021-08-11T23:00:00Z,182947,76307,49569,42827,106640,26115,25977,77791,22010
2021-08-12T00:00:00Z,183748,75946,52963,43038,107802,27041,26918,79594,26983
2021-08-12T01:00:00Z,174824,73569,49026,40429,101255,28997,28879,82233,25846
2021-08-12T02:00:00Z,187086,81711,50057,43769,105375,31458,31335,82354,23299
2021-08-12T03:00:00Z,185081,79133,48084,42354,105948,30585,30486,82545,23067
2021-08-12T04:00:00Z,175057,71960,44686,39381,103097,26824,26719,72921,20901
2021-08-12T05:00:00Z,185196,80550,50158,43806,104646,28735,28626,78231,21745
2021-08-12T06:00:00Z,198097,96024,55549,48636,102073,35593,35461,87139,26146
2021-08-12T07:00:00Z,202008,102324,57286,51291,99684,39571,39434,88823,27049
2021-08-12T08:00:00Z,208022,108838,60102,53633,99184,41826,41676,91436,29296
2021-08-12T09:00:00Z,204783,107536,59703,53724,97247,42297,42160,91538,29535
2021-08-12T10:00:00Z,204658,105147,59794,53613,99511,39324,39173,89109,28572
2021-08-12T11:00:00Z,205308,104670,59825,53636,100638,38790,38641,88584,28001
2021-08-12T12:00:00Z,214028,111938,69248,59345,102090,42431,42271,95155,33958
2021-08-12T13:00:00Z,217960,119087,68141,60064,98873,45856,45694,93364,34270
2021-08-12T14:00:00Z,217266,124868,68112,62239,92398,48157,47981,94415,33876
2021-08-12T15:00:00Z,212432,118175,66250,60137,94257,46735,46573,94730,33551
2021-08-12T16:00:00Z,207116,111613,61085,56317,95503,42582,42422,91627,30772
2021-08-12T17:00:00Z,204658,107446,61748,55963,97212,39268,39112,87627,28847
2021-08-12T18:00:00Z,198234,101875,59811,53239,96359,37344,37197,86362,28966
2021-08-12T19:00:00Z,195358,96728,56356,50153,98630,35515,35359,83314,26521
2021-08-12T20:00:00Z,188222,95923,56812,49978,92299,34249,34073,76091,26393
2021-08-12T21:00:00Z,177005,90811,54895,47923,86194,31601,31453,70607,25381
2021-08-12T22:00:00Z,168917,81962,51251,44389,86955,27523,27380,66666,22890
2021-08-12T23:00:00Z,157594,75787,49882,42708,81807,25825,25691,62982,22496
2021-08-13T00:00:00Z,145697,81451,55026,44713,64246,26573,26437,58422,27662
2021-08-13T01:00:00Z,128043,76601,49667,40578,51442,28781,28655,53668,25815
2021-08-13T03:00:00Z,128631,79452,48501,42489,49179,29524,29401,50260,22281
2021-08-13T04:00:00Z,87874,71860,45232,39727,16014,25479,25378,33315,20577
2021-08-13T05:00:00Z,92348,77898,48698,41971,14450,27851,27744,34657,20677
2021-08-13T06:00:00Z,115379,97739,58925,51145,17640,35079,34960,43984,26746
2021-08-13T07:00:00Z,124436,108852,61004,54301,15584,38428,38299,46662,27635
2021-08-13T08:00:00Z,140970,123627,66565,59315,17343,41325,41183,52941,32741
2021-08-13T09:00:00Z,138915,122668,66483,59460,16247,42352,42196,53458,33653
2021-08-13T10:00:00Z,132260,115580,65848,58751,16680,37861,37721,49121,31996
2021-08-13T11:00:00Z,128485,111656,61770,54866,16829,36679,36543,47418,30035
2021-08-13T12:00:00Z,145182,122822,74134,62336,22360,40863,40705,55547,37436
2021-08-13T13:00:00Z,151472,132057,76791,67531,19415,44241,44089,56785,37139
2021-08-13T14:00:00Z,155098,137043,78533,71071,18055,46931,46769,57296,36830
2021-08-13T15:00:00Z,158787,128822,72617,65234,29965,45040,44875,60887,36302
2021-08-13T16:00:00Z,136394,119252,65639,59214,17142,40274,40128,50725,32704
2021-08-13T17:00:00Z,129550,113302,63619,56883,16248,36756,36612,47036,30627
2021-08-13T18:00:00Z,129327,111327,65273,57326,18000,34834,34696,47249,32092
2021-08-13T19:00:00Z,122087,105875,62479,55350,16212,32359,32219,43038,28827
2021-08-13T20:00:00Z,116086,99842,57507,50545,16244,30562,30426,41644,28003
2021-08-13T21:00:00Z,105376,91311,53233,46911,14065,26989,26863,37967,25802
2021-08-13T22:00:00Z,96347,81974,48943,42813,14373,23090,22978,34075,23132
2021-08-13T23:00:00Z,89318,75947,47071,40486,13371,21311,21215,33049,23040
2021-08-14T00:00:00Z,92094,75181,51864,41489,16913,20273,20174,37322,27561
2021-08-14T01:00:00Z,80705,66251,44604,35462,14454,18951,18855,33719,24208
2021-08-14T02:00:00Z,78827,68787,43077,37146,10040,19667,19586,30404,20323
2021-08-14T03:00:00Z,77388,67835,41491,35660,9553,20184,20102,31190,20713
2021-08-14T04:00:00Z,75874,66707,40698,35331,9167,19539,19466,29927,20172
2021-08-14T05:00:00Z,79530,68907,42669,36755,10623,19883,19799,30080,19842
2021-08-14T06:00:00Z,84985,74681,46857,40020,10304,22026,21943,33445,22365
2021-08-14T07:00:00Z,87690,76928,45465,39695,10762,23616,23532,33849,21650
2021-08-14T08:00:00Z,90425,80587,48638,42728,9838,24917,24828,36172,23766
2021-08-14T09:00:00Z,93700,83914,51434,45596,9786,25295,25217,36491,24137
2021-08-14T10:00:00Z,90612,80583,48693,42592,10029,24609,24524,35575,23629
2021-08-14T11:00:00Z,91622,81555,49907,43971,10067,25054,24973,34978,22898
2021-08-14T12:00:00Z,102664,86912,58201,47104,15752,27084,27003,41381,28354
2021-08-14T13:00:00Z,102422,89138,55849,47472,13284,29410,29332,41933,27903
2021-08-14T14:00:00Z,107365,96957,59275,53255,10408,32037,31948,42191,27167
2021-08-14T15:00:00Z,107269,95724,57544,51399,11545,31590,31501,42667,27697
2021-08-14T16:00:00Z,99038,88083,52056,46840,10955,29598,29503,40318,26384
2021-08-14T17:00:00Z,97346,86617,53264,47457,10729,27581,27499,37785,25336
2021-08-14T18:00:00Z,97056,86267,54904,48306,10789,26302,26214,38515,26543
2021-08-14T19:00:00Z,92253,82882,51766,46145,9371,23906,23836,34135,23406
2021-08-14T20:00:00Z,85009,75641,46438,40922,9368,22623,22548,33174,23195
2021-08-14T21:00:00Z,79634,71019,43699,38488,8615,20308,20232,30536,21360
2021-08-14T22:00:00Z,73461,65161,40707,35819,8300,18195,18116,28253,19794
2021-08-14T23:00:00Z,73586,64796,41836,36376,8790,17232,17164,28093,20341
2021-08-15T00:00:00Z,82255,67041,48861,38348,15214,17637,17555,35017,26536
2021-08-15T01:00:00Z,74500,60973,41713,33139,13527,17226,17143,31928,22972
2021-08-15T02:00:00Z,70521,61614,39305,33940,8907,18489,18412,28157,18550
2021-08-15T03:00:00Z,79924,71553,47294,42289,8371,19023,18964,31672,22090
2021-08-15T04:00:00Z,104103,96207,71551,66800,7896,18845,18782,31880,22281
2021-08-15T05:00:00Z,109836,100984,73718,68043,8852,19655,19595,33284,23143
2021-08-15T06:00:00Z,95358,86213,51240,44922,9145,22059,21993,37160,26139
2021-08-15T07:00:00Z,97300,88526,50525,45253,8774,23870,23801,37823,25649
2021-08-15T08:00:00Z,100906,90735,51803,46094,10171,25247,25173,39508,26676
2021-08-15T09:00:00Z,98142,89036,51526,46109,9106,26048,25959,39319,26616
2021-08-15T10:00:00Z,99470,90166,51992,46369,9304,25604,25527,38376,26173
2021-08-15T11:00:00Z,95872,86491,52070,46629,9381,26352,26271,37166,24329
2021-08-15T12:00:00Z,105158,90336,60478,49679,14822,28719,28625,43044,29590
2021-08-15T13:00:00Z,114431,99494,59926,51270,14937,31323,31239,46676,31847
2021-08-15T14:00:00Z,117190,104971,63176,56762,12219,33859,33777,46955,31373
2021-08-15T15:00:00Z,117253,104241,61833,55346,13012,33588,33499,47491,32038
2021-08-15T16:00:00Z,112260,100615,58117,52623,11645,30897,30808,45128,30919
2021-08-15T17:00:00Z,111225,98717,58061,51905,12508,28913,28831,42593,29079
2021-08-15T18:00:00Z,108662,95532,57608,50275,13130,27516,27437,43231,30737
2021-08-15T19:00:00Z,106622,95168,56999,50879,11454,25799,25724,40120,28688
2021-08-15T20:00:00Z,103833,92007,55033,48783,11826,24294,24216,38983,27944
2021-08-15T21:00:00Z,97697,86642,52198,46340,11055,21894,21815,36042,26170
2021-08-15T22:00:00Z,90147,78923,46810,41029,11224,19499,19417,33414,24508
2021-08-15T23:00:00Z,90775,79147,48663,42391,11628,19232,19150,33897,24992
2021-08-16T00:00:00Z,104691,82217,54296,44201,22474,21094,21005,41864,31183
2021-08-16T01:00:00Z,111385,89300,55656,46448,22085,24676,24586,43695,30504
2021-08-16T02:00:00Z,113596,95946,55144,48432,17650,27382,27291,41925,27042
2021-08-16T03:00:00Z,112637,95074,53904,47477,17563,27844,27743,42858,27804
2021-08-16T04:00:00Z,108920,86087,49009,43178,22833,23996,23895,39557,25804
2021-08-16T05:00:00Z,107011,91306,50430,44432,15705,26930,26815,40423,25782
2021-08-16T06:00:00Z,127175,107912,57958,50430,19263,33923,33806,49759,30843
2021-08-16T07:00:00Z,148572,127917,68596,61554,20655,39488,39348,54356,33438
2021-08-16T08:00:00Z,153763,133322,69799,62079,20441,41822,41680,56569,35398
2021-08-16T09:00:00Z,155052,135066,70357,62815,19986,43182,43043,58493,36494
2021-08-16T10:00:00Z,151609,130817,70786,63405,20792,39879,39727,54907,35470
2021-08-16T11:00:00Z,147288,125834,66704,60347,21454,40310,40153,53849,34303
2021-08-16T12:00:00Z,158867,134950,75036,65118,23917,44422,44263,61053,40400
2021-08-16T13:00:00Z,170798,145187,78921,69688,25611,48753,48583,64695,41941
2021-08-16T14:00:00Z,171576,152743,80995,74095,18833,51452,51287,64926,41994
2021-08-16T15:00:00Z,168882,148893,80255,72577,19989,49252,49081,62937,40886
2021-08-16T16:00:00Z,158389,139571,74190,68090,18818,45251,45084,59030,38692
2021-08-16T17:00:00Z,160635,138028,75131,67701,22607,41867,41714,56640,36669
2021-08-16T18:00:00Z,155780,132734,72446,63664,23046,40159,40006,56485,38245
2021-08-16T19:00:00Z,142742,122312,66482,58910,20430,37710,37568,51906,34495
2021-08-16T20:00:00Z,141391,119526,66486,58936,21865,35536,35399,49935,33802
2021-08-16T21:00:00Z,127622,107848,59853,52975,19774,31581,31445,45133,31091
2021-08-16T22:00:00Z,117473,98419,54783,48283,19054,27405,27273,40613,27951
2021-08-16T23:00:00Z,111709,93718,53416,46573,17991,26034,25919,40657,28247
2021-08-17T00:00:00Z,114463,93198,58810,48262,21265,26660,26542,45940,33223
2021-08-17T01:00:00Z,114224,96796,58817,48832,17428,29936,29822,47812,33200
2021-08-17T02:00:00Z,118058,103072,57813,51204,14986,31494,31376,45603,28678
2021-08-17T03:00:00Z,113353,98058,54856,48439,15295,30147,30037,44009,28245
2021-08-17T04:00:00Z,106320,91445,52751,47022,14875,26273,26165,39786,26402
2021-08-17T05:00:00Z,113542,98608,55727,48968,14934,28934,28817,42319,27256
2021-08-17T06:00:00Z,130491,114418,62747,54963,16073,36190,36055,50112,31757
2021-08-17T07:00:00Z,134624,118213,64106,57190,16411,41447,41318,50701,30460
2021-08-17T08:00:00Z,148223,129824,69846,62478,18399,44705,44565,56417,34659
2021-08-17T09:00:00Z,149173,131730,71064,63809,17443,45046,44888,55168,33599
2021-08-17T10:00:00Z,140996,123429,69170,61746,17567,41558,41399,52580,32973
2021-08-17T11:00:00Z,144553,126853,71880,64721,17700,41769,41620,51982,32331
2021-08-17T12:00:00Z,160224,137347,80967,68647,22877,46969,46804,61967,40517
2021-08-17T13:00:00Z,160919,139949,80267,70336,20970,51409,51251,62459,39308
2021-08-17T14:00:00Z,163200,144668,79619,71922,18532,54468,54308,62374,38428
2021-08-17T15:00:00Z,156019,137666,77033,69593,18353,51698,51535,59566,37102
2021-08-17T16:00:00Z,141818,125299,68981,62339,16519,47149,46983,54684,34128
2021-08-17T17:00:00Z,138118,120548,67016,59887,17570,43313,43157,50331,31225
2021-08-17T18:00:00Z,135488,117650,66620,58629,17838,41400,41246,50600,32382
2021-08-17T19:00:00Z,124472,107898,62446,55419,16574,38739,38579,45698,29093
2021-08-17T20:00:00Z,121476,104651,61244,53851,16825,37454,37314,44844,28816
2021-08-17T21:00:00Z,110457,94908,55871,49295,15549,32853,32715,39638,25542
2021-08-17T22:00:00Z,99350,85130,52251,45995,14220,28606,28466,35153,22468
2021-08-17T23:00:00Z,99027,83830,55680,48776,15197,26789,26664,34129,22392
2021-08-18T00:00:00Z,108271,81641,55524,45163,26630,27743,27623,42589,28549
2021-08-18T01:00:00Z,98203,81465,53175,43658,16738,29963,29859,41762,26844
2021-08-18T02:00:00Z,97695,83984,50321,43880,13711,32010,31892,39575,23158
2021-08-18T03:00:00Z,95286,82131,49234,43290,13155,31042,30949,38684,23189
2021-08-18T04:00:00Z,85783,72889,45296,39760,12894,26810,26696,34144,20803
2021-08-18T05:00:00Z,91948,79352,48644,42168,12596,29318,29213,36569,21498
2021-08-18T06:00:00Z,114553,97647,58981,51271,16906,36551,36433,45224,26670
2021-08-18T07:00:00Z,127031,113675,62435,56099,13356,41376,41233,48798,28197
2021-08-18T08:00:00Z,133702,118959,65543,58601,14743,44029,43875,51436,30210
2021-08-18T09:00:00Z,138621,123577,66085,59157,15044,45022,44852,53329,31456
2021-08-18T10:00:00Z,129735,113483,65687,58519,16252,41446,41302,49165,30159
2021-08-18T11:00:00Z,132172,116333,67009,60131,15839,41859,41721,49233,29768
2021-08-18T12:00:00Z,147169,126406,77340,65274,20763,46527,46382,58330,37544
2021-08-18T13:00:00Z,161136,139420,79980,70312,21716,51344,51170,61810,38323
2021-08-18T14:00:00Z,162949,146305,80137,72898,16644,53957,53787,61821,38376
2021-08-18T15:00:00Z,155996,139773,77452,70379,16223,51688,51519,59575,37345
2021-08-18T16:00:00Z,141548,125924,71217,64698,15624,46900,46736,54384,34149
2021-08-18T17:00:00Z,140089,124659,70355,63905,15430,43485,43330,50984,31836
2021-08-18T18:00:00Z,133576,116216,68053,60018,17360,41556,41400,50590,32366
2021-08-18T19:00:00Z,126723,109997,65491,58408,16726,39187,39039,46194,29594
2021-08-18T20:00:00Z,120867,103994,60921,53724,16873,36905,36756,44300,28296
2021-08-18T21:00:00Z,114158,98861,56653,49824,15297,33179,33048,41002,25964
2021-08-18T22:00:00Z,101037,85045,52873,45906,15992,28630,28491,36161,22938
2021-08-18T23:00:00Z,95871,79242,52234,44655,16629,26483,26373,34398,22449
2021-08-19T00:00:00Z,101632,78994,57885,45242,22638,27780,27651,42442,29332
2021-08-19T01:00:00Z,95368,78431,51833,42152,16937,29164,29059,40430,25945
2021-08-19T02:00:00Z,98125,84253,50827,44504,13872,31730,31621,39351,22920
2021-08-19T03:00:00Z,94652,81276,48990,42772,13376,30810,30705,38714,22717
2021-08-19T04:00:00Z,87203,71684,45245,39420,15519,26658,26554,34631,20886
2021-08-19T05:00:00Z,90957,77637,46671,40337,13320,29323,29206,36722,21505
2021-08-19T06:00:00Z,112506,96953,55792,47975,15553,36871,36743,46589,27560
2021-08-19T07:00:00Z,127571,109961,60068,52969,17610,41579,41428,50040,28360
2021-08-19T08:00:00Z,136399,118168,64680,57043,18231,44207,44058,53298,30625
2021-08-19T09:00:00Z,136765,120376,66664,59531,16389,45442,45288,53601,31895
2021-08-19T10:00:00Z,134725,116233,66106,58828,18492,41970,41816,50162,30387
2021-08-19T11:00:00Z,130094,113681,63636,56815,16413,41801,41657,49512,29665
2021-08-19T12:00:00Z,148064,126588,77756,65653,21476,46049,45883,58091,37007
2021-08-19T13:00:00Z,160726,139082,80037,69954,21644,50717,50543,61733,38276
2021-08-19T14:00:00Z,162840,143967,81124,73042,18873,53514,53338,61966,38856
2021-08-19T15:00:00Z,155497,136973,77188,69294,18524,51390,51227,59726,37378
2021-08-19T16:00:00Z,142370,126232,70508,64392,16138,46232,46052,54723,34065
2021-08-19T17:00:00Z,133993,118035,66916,60387,15958,42557,42403,50656,31598
2021-08-19T18:00:00Z,131352,113218,66772,58459,18134,40418,40268,49458,31902
2021-08-19T19:00:00Z,128507,109620,65262,57883,18887,38216,38060,46499,29724
2021-08-19T20:00:00Z,119871,101472,60369,53007,18399,36380,36233,44050,28315
2021-08-19T21:00:00Z,110106,91757,55388,48013,18349,32353,32196,40158,25563
2021-08-19T22:00:00Z,95069,78809,50033,43082,16260,27689,27553,35108,22503
2021-08-19T23:00:00Z,90465,74134,48266,40954,16331,26174,26049,34172,22477
2021-08-20T00:00:00Z,95662,74189,52349,41335,21473,26877,26766,40529,27738
2021-08-20T01:00:00Z,95701,76849,50827,40786,18852,29052,28933,41165,26553
2021-08-20T02:00:00Z,99582,82913,51312,44471,16669,30629,30517,38526,22738
2021-08-20T03:00:00Z,94938,80890,49735,43494,14048,29748,29635,37767,22359
2021-08-20T04:00:00Z,87537,71116,46131,40477,16421,25556,25451,33743,20594
2021-08-20T05:00:00Z,90228,76372,47824,41245,13856,27745,27633,34803,20548
2021-08-20T06:00:00Z,109126,93150,55912,47957,15976,35377,35236,44287,26271
2021-08-20T07:00:00Z,120151,105201,58439,51840,14950,39509,39380,46995,27149
2021-08-20T08:00:00Z,130359,113287,63143,55850,17072,42473,42330,50328,29722
2021-08-20T09:00:00Z,134460,117851,67589,60249,16609,43556,43408,51577,30708
2021-08-20T10:00:00Z,125567,108010,63614,56338,17557,39222,39070,47249,28801
2021-08-20T11:00:00Z,122431,105125,60181,53239,17306,37693,37561,45460,27616
2021-08-20T12:00:00Z,137241,114614,72300,59691,22627,42133,41992,54489,35272
2021-08-20T13:00:00Z,142276,122750,71544,61755,19526,45634,45482,56106,35221
2021-08-20T14:00:00Z,144272,128727,72199,65146,15545,48360,48200,56258,34705
2021-08-20T15:00:00Z,141237,125316,70050,63117,15921,46355,46203,54612,33926
2021-08-20T16:00:00Z,131509,117600,66608,60946,13909,42447,42288,50618,31357
2021-08-20T17:00:00Z,123457,109347,63068,56975,14110,38926,38774,45717,28528
2021-08-20T18:00:00Z,117156,101281,60120,52593,15875,36558,36413,45123,29032
2021-08-20T19:00:00Z,110563,94893,56991,50258,15670,33548,33404,40624,25852
2021-08-20T20:00:00Z,105278,89068,55100,48123,16210,31558,31422,38861,24987
2021-08-20T21:00:00Z,96324,79789,49851,43149,16535,27915,27795,34844,22536
2021-08-20T22:00:00Z,86420,70634,45571,39060,15786,24005,23880,31502,19895
2021-08-20T23:00:00Z,77401,62340,42711,35668,15061,21785,21691,29712,19622
2021-08-21T00:00:00Z,80749,61586,48133,36080,19163,21073,20970,34780,24778
2021-08-21T01:00:00Z,73834,56570,43773,32917,17264,20282,20187,32388,22799
2021-08-21T02:00:00Z,71751,59227,41420,34323,12524,20306,20220,27675,17199
2021-08-21T03:00:00Z,71110,58340,40533,33258,12770,20889,20798,28315,17896
2021-08-21T04:00:00Z,66820,55848,38333,32427,10972,19769,19683,26723,16818
2021-08-21T05:00:00Z,69054,57777,39607,32908,11277,20383,20308,27117,16765
2021-08-21T06:00:00Z,75290,63833,43801,36408,11457,22335,22248,30538,19383
2021-08-21T07:00:00Z,83107,72146,48093,42087,10961,24313,24240,31068,18528
2021-08-21T08:00:00Z,82923,71330,47659,41088,11593,25375,25281,33091,20210
2021-08-21T09:00:00Z,83084,72202,47670,41399,10882,26281,26205,33571,20917
2021-08-21T10:00:00Z,82741,72535,48186,41935,10206,25484,25384,32335,20200
2021-08-21T11:00:00Z,81247,71266,46289,40106,9981,25723,25647,32355,20213
2021-08-21T12:00:00Z,93965,77414,56036,44056,16551,27774,27683,39512,26221
2021-08-21T13:00:00Z,97408,84138,57256,48404,13270,30508,30422,40378,25871
2021-08-21T14:00:00Z,102313,91077,58496,51970,11236,33151,33060,40783,25337
2021-08-21T15:00:00Z,99479,88729,56731,50381,10750,32476,32381,40255,25246
2021-08-21T16:00:00Z,93880,83800,52688,47339,10080,30497,30411,38095,24043
2021-08-21T17:00:00Z,89975,79862,51484,45821,10113,29099,29013,36171,22706
2021-08-21T18:00:00Z,86925,75122,49851,42663,11803,27143,27046,36103,23367
2021-08-21T19:00:00Z,80691,69494,46313,40086,11197,24951,24856,31873,20741
2021-08-21T20:00:00Z,76712,66154,44984,38845,10558,23167,23078,29667,19648
2021-08-21T21:00:00Z,70868,60412,41798,35811,10456,20971,20885,27190,17947
2021-08-21T22:00:00Z,64283,55214,38154,32678,9069,18800,18723,24801,16314
2021-08-21T23:00:00Z,60458,51244,38229,32248,9214,17778,17696,24002,16474
2021-08-22T00:00:00Z,71603,54977,47559,35576,16626,18041,17958,31783,23806
2021-08-22T01:00:00Z,66054,51645,40624,31202,14409,17775,17687,28852,20387
2021-08-22T02:00:00Z,63054,52734,37457,31333,10320,18685,18612,25381,16093
2021-08-22T03:00:00Z,61963,53386,37075,31631,8577,19274,19206,25532,16282
2021-08-22T04:00:00Z,64188,55987,39415,34246,8201,19030,18964,25110,16141
2021-08-22T05:00:00Z,68987,59356,41690,35628,9631,19451,19383,25568,16181
2021-08-22T06:00:00Z,74311,63815,44567,37606,10496,21673,21593,29419,19001
2021-08-22T07:00:00Z,74357,65050,43423,37715,9307,23137,23054,29551,17891
2021-08-22T08:00:00Z,79348,69199,45677,39794,10149,24888,24804,31600,19671
2021-08-22T09:00:00Z,80491,70459,46543,40697,10032,25730,25654,32883,20475
2021-08-22T10:00:00Z,80192,69595,46444,40014,10597,25488,25406,32044,20362
2021-08-22T11:00:00Z,81366,70978,46252,40275,10388,26039,25959,32893,20205
2021-08-22T12:00:00Z,93660,77508,57237,45303,16152,28764,28677,40266,27166
2021-08-22T13:00:00Z,99048,85257,58283,49424,13791,31385,31300,41080,26686
2021-08-22T14:00:00Z,103934,92440,58775,52347,11494,34374,34281,42695,26506
2021-08-22T15:00:00Z,101898,90004,57458,50856,11894,33840,33747,42823,27084
2021-08-22T16:00:00Z,98975,88711,54633,49497,10264,31622,31538,42117,27351
2021-08-22T17:00:00Z,92413,81456,52493,46864,10957,29726,29650,36803,23272
2021-08-22T18:00:00Z,90656,78106,50987,43906,12550,28359,28287,37727,24284
2021-08-22T19:00:00Z,87505,76200,48292,42429,11305,27016,26931,35558,21764
2021-08-22T20:00:00Z,83026,72729,47788,41790,10297,25773,25696,33596,21374
2021-08-22T21:00:00Z,77654,67210,43800,38026,10444,23366,23290,30625,19637
2021-08-22T22:00:00Z,69282,58882,40295,34664,10400,20760,20675,27233,17835
2021-08-22T23:00:00Z,69511,58152,41274,35215,11359,20760,20676,28335,19026
2021-08-23T00:00:00Z,86894,61682,47368,36534,25212,22621,22520,36928,25229
2021-08-23T01:00:00Z,90011,67522,46968,37269,22489,26236,26127,38390,24260
2021-08-23T02:00:00Z,92723,74590,46706,40237,18133,29196,29091,36923,21225
2021-08-23T03:00:00Z,94477,75386,47368,40816,19091,29007,28906,37277,21640
2021-08-23T04:00:00Z,92012,68227,44062,38313,23785,25352,25244,33668,19819
2021-08-23T05:00:00Z,96365,76882,47515,40694,19483,28128,28012,35652,20685
2021-08-23T06:00:00Z,115465,93710,54479,46478,21755,35406,35270,44598,26040
2021-08-23T07:00:00Z,129463,110073,60530,53911,19390,40519,40384,47823,26922
2021-08-23T08:00:00Z,139481,117405,63979,56283,22076,43796,43655,52615,29996
2021-08-23T09:00:00Z,141220,120079,67277,59390,21141,44211,44055,52221,30821
2021-08-23T10:00:00Z,137887,115794,68027,60479,22093,40904,40748,49348,29678
2021-08-23T11:00:00Z,144067,118539,68370,60755,25528,42081,41922,50969,29912
2021-08-23T12:00:00Z,153872,127220,77831,64480,26652,46589,46427,59619,37946
2021-08-23T13:00:00Z,166940,140883,82006,72068,26057,51078,50904,62489,38486
2021-08-23T14:00:00Z,168507,148312,82285,75000,20195,54190,54011,62886,38357
2021-08-23T15:00:00Z,161676,142146,79335,71625,19530,51618,51451,59885,37476
2021-08-23T16:00:00Z,147886,129344,70162,63893,18542,46840,46681,56526,34180
2021-08-23T17:00:00Z,142144,121229,68675,61526,20915,42735,42584,52031,31302
2021-08-23T18:00:00Z,139051,115165,67094,58209,23886,41249,41095,52585,33020
2021-08-23T19:00:00Z,140815,108474,65164,57354,32341,39082,38939,52015,30027
2021-08-23T20:00:00Z,189250,99082,59373,52151,90168,35746,35588,61781,27448
2021-08-23T21:00:00Z,152000,91237,55531,48460,60763,32465,32310,58522,25612
2021-08-23T22:00:00Z,103047,81990,50907,43866,21057,28521,28379,36595,23192
2021-08-23T23:00:00Z,96600,76173,49428,42064,20427,27090,26965,35460,22952
2021-08-24T00:00:00Z,102150,78193,54947,43177,23957,27988,27858,42376,28768
2021-08-24T01:00:00Z,98513,80038,52711,42204,18475,30280,30169,42978,27616
2021-08-24T02:00:00Z,100109,85731,51622,44980,14378,31744,31628,39894,23165
2021-08-24T03:00:00Z,95971,82148,50318,43764,13823,31005,30900,38765,22870
2021-08-24T04:00:00Z,88149,72127,45308,39320,16022,27017,26903,34627,21010
2021-08-24T05:00:00Z,94219,80768,48143,41520,13451,29535,29423,36906,21444
2021-08-24T06:00:00Z,112862,97997,55567,48009,14865,36963,36829,44969,26765
2021-08-24T07:00:00Z,124966,109845,59761,53281,15121,41838,41685,48769,27969
2021-08-24T08:00:00Z,138963,120754,65763,58805,18209,45073,44925,53143,31098
2021-08-24T09:00:00Z,137141,120684,64748,58047,16457,45525,45358,53131,31354
2021-08-24T10:00:00Z,129376,113080,62623,55827,16296,41636,41489,49440,29970
2021-08-24T11:00:00Z,132072,116420,64426,57929,15652,42213,42084,49826,30019
2021-08-24T12:00:00Z,151183,129583,78691,65830,21600,47295,47124,60263,38285
2021-08-24T13:00:00Z,160341,137173,78199,68172,23168,51617,51446,62816,38966
2021-08-24T14:00:00Z,164938,147007,79210,71832,17931,54788,54622,62616,38449
2021-08-24T15:00:00Z,159547,141714,76570,69349,17833,52435,52260,60658,37395
2021-08-24T16:00:00Z,146667,130871,71393,65464,15796,47676,47498,55420,34130
2021-08-24T17:00:00Z,135747,120567,67511,61177,15180,43762,43596,50833,31373
2021-08-24T18:00:00Z,132323,115854,67368,59436,16469,41884,41735,50892,32688
2021-08-24T19:00:00Z,124754,107792,61927,55230,16962,39212,39069,46708,29192
2021-08-24T20:00:00Z,118118,101974,59715,52867,16144,37055,36914,44173,28113
2021-08-24T21:00:00Z,107780,91781,54680,47790,15999,33329,33190,40247,25679
2021-08-24T22:00:00Z,97781,81308,49966,43104,16473,28601,28464,35710,22842
2021-08-24T23:00:00Z,92877,76075,49573,42074,16802,27041,26913,35468,23318
2021-08-25T00:00:00Z,109774,79870,57473,45085,29904,28242,28110,44532,29653
2021-08-25T01:00:00Z,102943,81818,55892,44237,21125,31541,31414,45537,29714
2021-08-25T02:00:00Z,109502,89882,51596,43784,19620,32350,32229,42115,24435
2021-08-25T03:00:00Z,106329,87175,50366,42942,19154,31005,30888,41243,23793
2021-08-25T04:00:00Z,99818,76610,47511,40608,23208,27124,27007,39668,21988
2021-08-25T05:00:00Z,104216,85485,50000,42543,18731,29828,29712,39613,22433
2021-08-25T06:00:00Z,123355,103801,61597,53173,19554,37048,36925,47335,27744
2021-08-25T07:00:00Z,139894,122949,66490,59464,16945,42197,42064,50340,28862
2021-08-25T08:00:00Z,143798,126309,69328,61989,17489,45092,44944,53478,31285
2021-08-25T09:00:00Z,147302,130383,69990,62928,16919,45662,45504,53542,31597
2021-08-25T10:00:00Z,141516,124776,69080,62119,16740,41974,41838,50209,30519
2021-08-25T11:00:00Z,139190,121723,67204,60121,17467,42128,41969,49646,29994
2021-08-25T12:00:00Z,158668,135884,82140,69008,22784,46863,46712,59774,38429
2021-08-25T13:00:00Z,164150,142721,82040,71900,21429,51631,51463,61968,38982
2021-08-25T14:00:00Z,183385,137942,75960,69150,45443,52557,52385,68685,37096
2021-08-25T16:00:00Z,169447,118778,64721,59345,50669,44615,44459,62594,32148
2021-08-27T23:00:00Z,80252,66414,44430,37931,13838,21788,21682,29630,19435
2021-08-28T00:00:00Z,83683,65254,49961,38166,18429,21222,21118,35080,25203
2021-08-28T01:00:00Z,79501,63133,47373,36728,16368,21149,21059,33623,23438
2021-08-28T02:00:00Z,75457,63988,43696,36910,11469,20249,20156,27891,17174
2021-08-28T03:00:00Z,74902,64306,44288,37649,10596,20436,20353,27805,17303
2021-08-28T04:00:00Z,73376,63781,43743,37989,9595,19941,19855,26705,16762
2021-08-28T05:00:00Z,75745,65796,45186,38844,9949,20587,20498,26858,16525
2021-08-28T06:00:00Z,83779,72127,49879,42357,11652,22790,22714,31175,19671
2021-08-28T07:00:00Z,84200,73114,47979,41685,11086,24044,23961,31608,18691
2021-08-28T08:00:00Z,87736,77029,50497,44089,10707,25383,25298,33187,20049
2021-08-28T09:00:00Z,87727,76951,50571,44164,10776,26077,25989,33528,20717
2021-08-28T10:00:00Z,87085,76126,50046,43315,10959,25657,25579,32958,20435
2021-08-28T11:00:00Z,87598,76992,50483,43948,10606,25636,25547,32515,19986
2021-08-28T12:00:00Z,100798,82917,61420,47954,17881,27653,27563,39995,26749
2021-08-28T13:00:00Z,102854,89499,60249,51051,13355,30700,30621,40896,26280
2021-08-28T14:00:00Z,104730,93275,58678,52300,11455,33336,33250,40706,25128
2021-08-28T15:00:00Z,104108,91663,57436,50655,12445,32457,32376,41244,25300
2021-08-28T16:00:00Z,97541,87009,54687,49382,10532,30624,30532,38332,24117
2021-08-28T17:00:00Z,98030,87113,55926,50141,10917,29012,28934,36589,22591
2021-08-28T18:00:00Z,92854,81458,54275,46945,11396,27645,27564,36676,23986
2021-08-28T19:00:00Z,86498,75654,50288,44319,10844,25542,25458,32527,20844
2021-08-28T20:00:00Z,84672,73487,48945,42604,11185,24231,24148,31395,20379
2021-08-28T21:00:00Z,75749,65970,44561,38520,9779,21642,21563,28240,18511
2021-08-28T22:00:00Z,71163,61483,41999,36292,9680,19316,19232,26140,16978
2021-08-28T23:00:00Z,65875,56383,40363,34323,9492,18388,18320,25576,17086
2021-08-29T00:00:00Z,75098,58248,47194,35292,16850,18361,18275,32593,23788
2021-08-29T01:00:00Z,73528,58638,45362,35302,14890,18135,18058,30459,21448
2021-08-29T02:00:00Z,68654,58212,40517,34442,10442,18801,18733,26158,16263
2021-08-29T03:00:00Z,69507,60411,41919,36143,9096,19282,19208,26294,16409
2021-08-29T04:00:00Z,68560,59955,41340,36157,8605,19175,19098,26145,16409
2021-08-29T05:00:00Z,70605,61581,41997,36031,9024,20040,19973,26795,16302
2021-08-29T06:00:00Z,79677,68499,46623,39218,11178,22486,22402,31407,19804
2021-08-29T07:00:00Z,83957,73780,47541,41781,10177,24296,24214,31298,18788
2021-08-29T08:00:00Z,92086,80817,51733,45552,11269,25925,25836,33501,20514
2021-08-29T09:00:00Z,90262,79766,52315,46074,10496,26366,26294,33770,20868
2021-08-29T10:00:00Z,93699,82188,53224,46777,11511,26625,26554,34897,21366
2021-08-29T11:00:00Z,92196,81256,52943,46883,10940,27302,27218,34012,21286
2021-08-29T12:00:00Z,101495,83676,62042,48587,17819,29334,29245,41946,28243
2021-08-29T13:00:00Z,109517,94103,64193,55082,15414,32364,32280,43479,28298
2021-08-29T14:00:00Z,109294,96789,61747,55238,12505,35051,34961,42988,27242
2021-08-29T15:00:00Z,105785,93536,59729,53272,12249,34383,34289,42529,26883
2021-08-29T16:00:00Z,102345,91213,57399,52065,11132,32165,32084,40357,25759
2021-08-29T17:00:00Z,101403,88994,58376,52176,12409,30666,30576,38080,24236
2021-08-29T18:00:00Z,98612,85320,56847,49172,13292,29412,29330,38366,25374
2021-08-29T19:00:00Z,92406,81065,53313,47071,11341,27692,27610,34880,22522
2021-08-29T20:00:00Z,88549,77458,52211,46057,11091,26325,26235,33265,22009
2021-08-29T21:00:00Z,82303,71281,48796,42803,11022,23777,23695,30286,19970
2021-08-29T22:00:00Z,76401,65611,44876,39307,10790,21236,21164,27929,18109
2021-08-29T23:00:00Z,74656,63240,44503,38482,11416,20838,20759,28261,18767
2021-08-30T00:00:00Z,100935,67763,52052,41036,33172,22999,22905,38141,25599
2021-08-30T01:00:00Z,100858,72393,51053,40471,28465,26292,26196,39955,25384
2021-08-30T02:00:00Z,100208,80049,50691,43693,20159,29031,28930,37118,21555
2021-08-30T03:00:00Z,99416,78818,49649,42947,20598,28495,28398,36793,21345
2021-08-30T04:00:00Z,100136,72773,47382,41354,27363,24976,24882,34068,20001
2021-08-30T05:00:00Z,96415,77686,48645,41952,18729,27477,27379,34975,20553
2021-08-30T06:00:00Z,120017,97670,57361,49073,22347,35074,34945,45018,26119
2021-08-30T07:00:00Z,135072,113887,62124,55328,21185,40288,40155,47003,26429
2021-08-30T08:00:00Z,151258,124353,68994,61577,26905,43201,43048,54233,30029
2021-08-30T09:00:00Z,154913,127628,71676,63715,27285,43499,43352,55215,30614
2021-08-30T10:00:00Z,143706,118795,69652,61901,24911,40320,40171,49445,29576
2021-08-30T11:00:00Z,149079,120236,70842,62732,28843,41161,41024,50028,29540
2021-08-30T12:00:00Z,167484,135461,83188,68603,32023,45937,45775,59743,37879
2021-08-30T13:00:00Z,171650,139767,83073,72344,31883,50151,49987,62475,38212
2021-08-30T14:00:00Z,173534,150321,83830,76088,23213,53709,53549,62477,38148
2021-08-30T15:00:00Z,167536,143557,81531,73823,23979,50996,50824,60282,37206
2021-08-30T16:00:00Z,160866,129402,73132,66467,31464,46556,46385,58191,34337
2021-08-30T17:00:00Z,150476,125875,73295,65763,24601,43416,43244,52829,32774
2021-08-30T18:00:00Z,147587,121658,71245,61958,25929,42268,42108,53177,33852
2021-08-30T19:00:00Z,140207,114928,67405,58749,25279,39644,39481,48980,30905
2021-08-30T20:00:00Z,137815,111481,65717,57709,26334,38297,38135,47564,29450
2021-08-30T21:00:00Z,125821,101250,61408,54181,24571,33735,33594,42212,26147
2021-08-30T22:00:00Z,110719,88765,55380,48737,21954,29363,29231,37496,23393
2021-08-30T23:00:00Z,105703,81762,53479,46091,23941,27585,27458,36469,23285
2021-08-31T00:00:00Z,114383,84768,59983,48292,29615,28449,28318,43850,29473
2021-08-31T01:00:00Z,108886,85465,59016,47520,23421,30640,30522,44793,29216
2021-08-31T02:00:00Z,111895,91333,57463,49765,20562,32719,32607,42043,24545
2021-08-31T03:00:00Z,107342,87540,55131,47840,19802,31128,31015,40195,23725
2021-08-31T04:00:00Z,95982,75691,49181,42642,20291,26596,26495,35817,21765
2021-08-31T05:00:00Z,102896,84473,52770,45216,18423,29328,29213,37536,22064
2021-08-31T06:00:00Z,119587,100658,59088,50481,18929,36584,36456,45880,27059
2021-08-31T07:00:00Z,132095,113459,64013,56493,18636,42053,41916,49801,28802
2021-08-31T08:00:00Z,144029,122661,68733,60767,21368,44979,44822,53497,31274
2021-08-31T09:00:00Z,147540,128448,71833,64134,19092,46112,45961,54431,32569
2021-08-31T10:00:00Z,137391,117116,66565,58882,20275,42045,41892,50129,30544
2021-08-31T11:00:00Z,140234,120151,67886,60328,20083,43049,42892,50928,30546
2021-08-31T12:00:00Z,158377,133625,81022,67214,24752,47901,47740,61515,39521
2021-08-31T13:00:00Z,166192,141900,82401,71769,24292,52348,52184,63762,39916
2021-08-31T14:00:00Z,168010,149321,81377,73661,18689,55117,54945,62715,38915
2021-08-31T15:00:00Z,160507,141664,78672,70961,18843,52477,52301,61169,38092
2021-08-31T16:00:00Z,159580,132175,74018,67232,27405,47507,47335,58260,35306
2021-08-31T17:00:00Z,158599,124780,71001,63267,33819,43894,43740,55712,32911
2021-08-31T18:00:00Z,163637,117338,69239,59493,46299,41476,41319,57459,33786
2021-08-31T19:00:00Z,200416,101409,60451,52404,99007,37954,37789,64167,29173
2021-08-31T20:00:00Z,173856,105496,63824,55570,68360,37074,36928,55763,29630
2021-08-31T21:00:00Z,145779,99482,60092,51925,46297,33329,33169,47059,27693
2021-08-31T22:00:00Z,126318,88806,54682,47305,37512,29053,28928,40810,24043
2021-08-31T23:00:00Z,116687,81152,51212,43592,35535,27213,27086,40444,23955
2021-09-01T00:00:00Z,127760,78528,56954,43292,49232,28033,27906,48972,30796
2021-09-01T01:00:00Z,133639,85837,58278,45751,47802,31835,31713,50932,30321
2021-09-01T02:00:00Z,134338,90045,55813,47479,44293,33268,33140,46498,25474
2021-09-01T03:00:00Z,126292,84501,52766,45813,41791,30893,30780,43477,23158
2021-09-01T04:00:00Z,129157,78687,49573,43414,50470,26667,26547,41354,21445
2021-09-01T05:00:00Z,157783,82488,51479,44314,75295,29044,28917,47945,21328
2021-09-01T06:00:00Z,198094,94839,55576,47692,103255,35219,35085,61697,26041
2021-09-01T07:00:00Z,179209,106469,60276,53412,72740,40057,39903,59006,27294
2021-09-01T08:00:00Z,151983,124397,70530,62267,27586,44141,43994,52823,30902
2021-09-01T09:00:00Z,149201,124040,69409,61130,25161,45450,45297,53838,31886
2021-09-01T10:00:00Z,139682,114251,66431,58356,25431,41480,41325,50597,30575
2021-09-01T11:00:00Z,147552,120213,67748,59994,27339,41504,41342,50312,29800
2021-09-01T12:00:00Z,159432,126583,78447,64011,32849,46358,46189,60685,38417
2021-09-01T13:00:00Z,172619,138244,81284,70520,34375,51108,50945,63446,38853
2021-09-01T14:00:00Z,177322,145275,80257,72624,32047,54010,53822,63738,38519
2021-09-01T15:00:00Z,168734,136488,76918,69536,32246,51638,51474,61773,37309
2021-09-01T16:00:00Z,164200,130289,73619,67342,33911,46025,45854,56843,33936
2021-09-01T17:00:00Z,165488,123053,70441,63350,42435,42960,42797,54177,31302
2021-09-01T18:00:00Z,201729,108066,64312,56144,93663,39635,39485,66437,30849
2021-09-01T22:00:00Z,193535,80650,49669,43162,112885,27899,27753,55266,22269
2021-09-02T00:00:00Z,201301,73274,51645,41091,128027,26805,26680,63010,27554
2021-09-02T04:00:00Z,200606,71400,45107,39676,129206,26057,25950,57682,20309
2021-09-02T06:00:00Z,209826,90486,53763,46098,119340,34914,34786,65528,25737
2021-09-02T07:00:00Z,214687,100769,56556,50114,113918,39378,39240,67652,26583
2021-09-02T09:00:00Z,211309,108930,61686,54918,102379,42272,42116,68756,29268
2021-09-02T10:00:00Z,201008,107013,62318,55693,93995,39496,39362,63750,28199
2021-09-02T11:00:00Z,201215,110421,63137,56562,90794,39949,39804,63404,28080
2021-09-02T12:00:00Z,214739,114865,71977,59266,99874,43255,43112,74120,35528
2021-09-02T13:00:00Z,204610,127484,75117,65248,77126,48584,48437,72216,36634
2021-09-02T14:00:00Z,196645,131970,74277,67114,64675,51752,51595,69613,36400
2021-09-02T15:00:00Z,173708,134048,75924,68315,39660,50647,50487,62764,36540
2021-09-02T16:00:00Z,161436,127781,72807,66237,33655,46310,46156,57883,34411
2021-09-02T17:00:00Z,157496,121920,71006,63769,35576,43180,43039,54907,32543
2021-09-02T18:00:00Z,152749,115288,67628,59138,37461,41123,40971,54391,32685
2021-09-02T19:00:00Z,141363,107960,63842,56429,33403,38597,38444,49611,29730
2021-09-02T20:00:00Z,139580,107747,65472,57744,31833,36802,36633,47294,29129
2021-09-02T21:00:00Z,126514,95435,57557,50353,31079,32607,32455,42805,25777
2021-09-02T22:00:00Z,116181,85692,53548,46667,30489,28282,28130,39096,22937
2021-09-02T23:00:00Z,104144,77648,51326,43884,26496,25973,25848,36208,22319
2021-09-03T00:00:00Z,123085,80418,57438,45528,42667,27034,26907,45173,28515
2021-09-03T01:00:00Z,110133,80285,54171,43453,29848,28936,28818,44561,27442
2021-09-03T02:00:00Z,111370,85830,53635,46776,25540,30842,30734,41210,23158
2021-09-03T03:00:00Z,104807,81036,50691,44206,23771,29630,29531,38943,22202
2021-09-03T04:00:00Z,91886,72070,47138,41369,19816,25375,25280,33939,20259
2021-09-03T05:00:00Z,96957,80009,50083,43532,16948,28760,28658,36287,21238
2021-09-03T06:00:00Z,115444,97732,58903,50749,17712,35565,35437,45206,26611
2021-09-03T07:00:00Z,127603,110879,63994,57203,16724,40121,39973,47464,27502
2021-09-03T08:00:00Z,137120,119627,66164,58946,17493,43221,43071,49867,29583
2021-09-03T09:00:00Z,137507,120939,68938,61637,16568,43701,43556,50659,30406
2021-09-03T10:00:00Z,128847,110895,65779,58579,17952,39555,39410,47285,29086
2021-09-03T11:00:00Z,126695,109122,63586,56534,17573,38682,38553,46059,28112
2021-09-03T12:00:00Z,148608,123176,79761,65440,25432,42208,42077,55214,36192
2021-09-03T13:00:00Z,153024,131967,80441,69547,21057,46258,46111,57197,36523
2021-09-03T14:00:00Z,152492,134590,77869,70481,17902,48778,48624,56701,35491
2021-09-03T15:00:00Z,146957,129622,75174,67792,17335,46675,46527,55524,34842
2021-09-03T16:00:00Z,132899,116462,67802,61279,16437,42180,42026,50927,31952
2021-09-03T17:00:00Z,129916,113466,67380,60463,16450,38654,38512,46402,28788
2021-09-03T18:00:00Z,127266,109072,68853,60505,18194,36323,36194,45701,29466
2021-09-03T19:00:00Z,116333,99927,61896,54721,16406,33702,33569,41133,26490
2021-09-03T20:00:00Z,113271,95941,61194,53854,17330,31686,31545,39219,25518
2021-09-03T21:00:00Z,104972,88457,55093,48070,16515,27984,27859,36129,23067
2021-09-03T22:00:00Z,91260,76307,49157,42407,14953,23923,23813,31852,20323
2021-09-03T23:00:00Z,82470,68505,46810,39916,13965,21578,21475,29720,19686
2021-09-04T00:00:00Z,85244,66807,51390,39952,18437,20624,20525,34659,24453
2021-09-04T01:00:00Z,76613,59067,46205,35099,17546,19984,19890,32690,23179
2021-09-04T02:00:00Z,70135,58916,40417,33841,11219,20534,20440,28053,17519
2021-09-04T03:00:00Z,70109,59639,40769,34434,10470,20779,20690,27885,17482
2021-09-04T04:00:00Z,68625,58928,40414,35041,9697,19871,19783,26692,16846
2021-09-04T05:00:00Z,71112,61126,41667,35618,9986,20502,20423,26971,16672
2021-09-04T06:00:00Z,80115,69030,47874,40457,11085,22698,22612,31374,19907
2021-09-04T07:00:00Z,82356,72245,48741,42873,10111,24393,24313,31769,19361
2021-09-04T08:00:00Z,83977,73724,47960,41721,10253,25540,25456,32977,20177
2021-09-04T09:00:00Z,87719,75910,50566,43774,11809,26140,26046,34084,21100
2021-09-04T10:00:00Z,87321,74574,50743,43950,12747,25745,25667,33687,20918
2021-09-04T11:00:00Z,87625,76300,50581,44079,11325,26375,26290,33330,20536
2021-09-04T12:00:00Z,101282,81554,62483,47986,19728,28458,28364,41214,27774
2021-09-04T13:00:00Z,102178,86985,60069,50231,15193,30724,30639,41950,27062
2021-09-04T14:00:00Z,104941,93644,61604,55092,11297,33096,33014,40667,25335
2021-09-04T15:00:00Z,100301,89192,57994,51697,11109,32186,32106,40594,25670
2021-09-04T16:00:00Z,96335,85540,55213,49736,10795,30824,30741,38949,24580
2021-09-04T17:00:00Z,93148,81858,54208,48207,11290,28585,28510,35971,22935
2021-09-04T18:00:00Z,89802,78060,53371,46001,11742,26764,26676,35730,23635
2021-09-04T19:00:00Z,83970,72784,49875,43563,11186,24654,24577,32503,20789
2021-09-04T20:00:00Z,81845,70530,49223,42853,11315,23371,23293,31013,20378
2021-09-04T21:00:00Z,74693,63706,44626,38404,10987,20964,20881,27793,18290
2021-09-04T22:00:00Z,68345,58227,42304,36396,10118,18603,18526,25144,16628
2021-09-04T23:00:00Z,64969,55024,40788,34571,9945,17933,17863,24719,16893
2021-09-05T00:00:00Z,70200,54014,46202,34334,16186,17444,17372,31472,23488
2021-09-05T01:00:00Z,70923,54116,43671,33313,16807,17570,17499,30412,21742
2021-09-05T02:00:00Z,67536,57564,41270,35189,9972,18748,18678,25838,16293
2021-09-05T03:00:00Z,67635,58009,41049,35351,9626,19176,19102,25990,16507
2021-09-05T04:00:00Z,66867,57470,41002,35617,9397,19124,19052,25960,16546
2021-09-05T05:00:00Z,68834,59518,41830,35918,9316,19835,19770,26227,16249
2021-09-05T06:00:00Z,76256,65524,44519,37352,10732,22031,21959,30262,19200
2021-09-05T07:00:00Z,80370,69752,47015,41066,10618,24170,24087,31145,19175
2021-09-05T08:00:00Z,87763,76017,49862,43773,11746,26139,26055,33520,20729
2021-09-05T09:00:00Z,88479,77392,50648,44521,11087,26659,26582,34197,21140
2021-09-05T10:00:00Z,94468,82448,55534,49364,12020,26614,26529,34413,21465
2021-09-05T11:00:00Z,90877,78793,50996,44767,12084,27167,27081,34403,21418
2021-09-05T12:00:00Z,105958,86243,63198,49290,19715,29898,29808,43252,29146
2021-09-05T13:00:00Z,106368,91542,60743,51128,14826,32426,32343,43451,28382
2021-09-05T14:00:00Z,106292,94774,59600,53438,11518,35106,35013,42527,26750
2021-09-05T15:00:00Z,105610,94233,59139,53130,11377,34603,34514,43084,27232
2021-09-05T16:00:00Z,100114,89842,56556,51400,10272,32166,32070,40063,25540
2021-09-05T17:00:00Z,99700,87717,56794,50942,11983,30348,30278,37534,24042
2021-09-05T18:00:00Z,97547,85255,56887,49512,12292,28725,28636,37705,24852
2021-09-05T19:00:00Z,92140,80916,53262,47283,11224,27176,27089,34633,22484
2021-09-05T20:00:00Z,90536,78300,52666,46352,12236,25696,25608,33359,21818
2021-09-05T21:00:00Z,83370,71881,48914,42817,11489,23006,22926,30239,19845
2021-09-05T22:00:00Z,77004,66222,46071,40293,10782,20027,19947,26582,17477
2021-09-05T23:00:00Z,73397,62536,43750,37780,10861,19772,19694,27306,18147
2021-09-06T00:00:00Z,92331,67509,49861,40257,24822,21938,21839,34967,23700
2021-09-06T01:00:00Z,98867,74939,53633,42683,23928,25803,25699,39353,25894
2021-09-06T02:00:00Z,104023,84021,54284,46927,20002,28878,28768,36850,21824
2021-09-06T03:00:00Z,100960,80745,51495,44752,20215,28462,28364,36824,21409
2021-09-06T04:00:00Z,100914,76928,50250,44128,23986,25490,25398,34264,20389
2021-09-06T05:00:00Z,100665,82694,51594,44911,17971,28388,28288,36216,21261
2021-09-06T06:00:00Z,123587,102391,60226,51914,21196,36774,36655,46174,27253
2021-09-06T07:00:00Z,137044,116274,65080,58035,20770,42117,41987,49135,27714
2021-09-06T08:00:00Z,143234,121074,65345,57654,22160,44784,44642,53016,30561
2021-09-06T09:00:00Z,143875,124695,67153,59690,19180,45085,44933,53993,31252
2021-09-06T10:00:00Z,140278,118271,67915,60447,22007,41398,41264,50725,30173
2021-09-06T11:00:00Z,143488,119880,68473,61242,23608,41564,41426,50670,30215
2021-09-06T12:00:00Z,157325,128962,82026,67517,28363,45755,45608,59848,38396
2021-09-06T13:00:00Z,163576,136649,81591,70451,26927,49008,48868,61651,38729
2021-09-06T14:00:00Z,162290,142237,82303,74521,20053,50923,50780,60221,37318
2021-09-06T15:00:00Z,151319,131978,76358,68898,19341,47514,47377,57386,35793
2021-09-06T16:00:00Z,134369,116039,67801,61917,18330,41827,41699,51983,32513
2021-09-06T17:00:00Z,127884,107764,65509,58557,20120,38202,38091,48172,29937
2021-09-06T18:00:00Z,120964,98983,63098,54349,21981,35604,35483,47337,30543
2021-09-06T19:00:00Z,116377,96333,60970,53284,20044,34189,34086,44155,28424
2021-09-06T20:00:00Z,112407,91361,58688,51733,21046,32220,32105,41852,27003
2021-09-06T21:00:00Z,99964,81008,53394,46653,18956,27896,27808,36072,23496
2021-09-06T22:00:00Z,91467,73590,50412,44259,17877,24248,24149,32362,20987
2021-09-06T23:00:00Z,90151,72122,51456,44949,18029,23414,23318,31592,20593
2021-09-07T00:00:00Z,99753,77126,59647,47855,22627,25295,25190,40095,28034
2021-09-07T01:00:00Z,99089,81636,58264,47460,17453,28641,28543,41892,27842
2021-09-07T02:00:00Z,101534,88072,54863,48481,13462,31377,31277,39637,22779
2021-09-07T03:00:00Z,97110,82996,51781,45487,14114,30324,30223,38244,22559
2021-09-07T04:00:00Z,91426,76368,48509,43024,15058,26804,26705,34523,21024
2021-09-07T05:00:00Z,96197,82459,50947,44476,13738,29486,29385,36494,21563
2021-09-07T06:00:00Z,117787,101989,58844,50924,15798,37297,37180,46714,27050
2021-09-07T07:00:00Z,132803,117565,66235,59186,15238,43265,43133,50631,28934
2021-09-07T08:00:00Z,146089,127532,71779,64172,18557,46306,46163,54458,31760
2021-09-07T09:00:00Z,149224,129686,73961,65824,19538,46543,46399,54673,32403
2021-09-07T10:00:00Z,132692,114557,68034,60249,18135,41638,41515,49591,30126
2021-09-07T11:00:00Z,137580,119633,68529,61165,17947,42488,42364,50109,29970
2021-09-07T12:00:00Z,158233,132766,83506,68469,25467,47301,47161,60637,39092
2021-09-07T13:00:00Z,166501,143772,84122,73202,22729,52192,52023,64002,40406
2021-09-07T14:00:00Z,164854,148254,81662,74307,16600,55205,55035,62792,38887
2021-09-07T15:00:00Z,157431,140463,78234,70954,16968,52496,52340,61006,38140
2021-09-07T16:00:00Z,144496,129493,72029,65932,15003,47611,47459,56300,35452
2021-09-07T17:00:00Z,136038,119008,67893,60654,17030,43258,43092,51919,32259
2021-09-07T18:00:00Z,131584,113515,66637,58059,18069,41139,41000,50838,32768
2021-09-07T19:00:00Z,124636,108096,63514,56071,16540,39193,39038,47422,30380
2021-09-07T20:00:00Z,122663,104833,62709,55235,17830,37394,37250,45516,29297
2021-09-07T21:00:00Z,112551,97249,59450,52476,15302,33468,33330,41490,26862
2021-09-07T22:00:00Z,84930,72355,45790,39950,12575,26804,26683,33236,21292
2021-09-07T23:00:00Z,144268,75174,48556,41947,69094,26316,26201,48888,22378
2021-09-08T00:00:00Z,164665,75284,53714,42667,89381,26943,26832,60834,28221
2021-09-08T03:00:00Z,118243,87785,53988,47563,30458,31944,31832,43685,23308
2021-09-08T04:00:00Z,97247,81572,51890,46043,15675,27528,27418,35515,21558
2021-09-08T05:00:00Z,101520,87183,54632,47947,14337,30405,30286,37730,22257
2021-09-08T06:00:00Z,123169,106418,63830,55551,16751,37816,37690,46911,27845
2021-09-08T07:00:00Z,134051,118363,66496,59436,15688,43548,43422,50810,29375
2021-09-08T08:00:00Z,143678,127195,71676,64195,16483,46316,46167,54110,31758
2021-09-08T09:00:00Z,150824,133369,76493,68756,17455,46719,46566,54588,32532
2021-09-08T10:00:00Z,139507,119981,69783,61947,19526,42756,42610,51594,31258
2021-09-08T11:00:00Z,140719,121101,70277,62307,19618,43213,43065,51722,31049
2021-09-08T12:00:00Z,158405,133163,84332,69002,25242,48057,47894,61633,39954
2021-09-08T13:00:00Z,163138,141305,81362,70726,21833,52447,52286,63423,40258
2021-09-08T14:00:00Z,167266,148992,82938,75210,18274,54888,54719,62721,38809
2021-09-08T15:00:00Z,162716,144525,80661,73067,18191,52577,52408,60856,38000
2021-09-08T16:00:00Z,148065,131814,74252,67912,16251,47938,47780,56018,34946
2021-09-08T17:00:00Z,143452,126212,73420,66270,17240,44554,44410,52261,32570
2021-09-08T18:00:00Z,137070,118015,70118,61353,19055,42062,41911,51696,33090
2021-09-08T19:00:00Z,136425,119058,68360,60832,17367,40182,40032,48610,30866
2021-09-08T20:00:00Z,137073,112901,66345,58868,24172,38542,38398,48505,29879
2021-09-08T21:00:00Z,124277,102154,60692,53344,22123,34221,34080,42698,26831
2021-09-08T22:00:00Z,104500,88993,54516,47957,15507,29504,29378,36686,23507
2021-09-08T23:00:00Z,97849,82376,52377,45520,15473,27884,27769,36238,23469
2021-09-09T00:00:00Z,109800,84678,59439,48426,25122,28628,28511,42903,29183
2021-09-09T01:00:00Z,104595,86452,59415,48366,18143,31159,31064,44247,29700
2021-09-09T02:00:00Z,107362,91917,56790,49535,15445,33327,33214,41322,24750
2021-09-09T03:00:00Z,103352,86543,53506,46930,16809,31261,31149,39364,23308
2021-09-09T04:00:00Z,96407,79891,50999,45196,16516,27089,26977,35102,21426
2021-09-09T05:00:00Z,98793,84239,52923,46078,14554,29546,29429,36789,21801
2021-09-09T06:00:00Z,121676,105047,60942,52723,16629,37129,36998,46683,27473
2021-09-09T07:00:00Z,133601,117753,66484,59506,15848,43483,43338,51198,29752
2021-09-09T08:00:00Z,143831,125194,68804,61183,18637,46125,45986,53986,31600
2021-09-09T09:00:00Z,149045,127337,71429,63207,21708,46455,46285,55048,32341
2021-09-09T10:00:00Z,142382,119435,68912,60863,22947,41605,41453,51293,30688
2021-09-09T11:00:00Z,142645,120460,69875,61574,22185,42746,42590,51308,30820
2021-09-09T12:00:00Z,163676,135685,85916,70307,27991,48139,48002,62352,40050
2021-09-09T13:00:00Z,168709,145595,85215,74087,23114,52136,51979,63560,40282
2021-09-09T14:00:00Z,168214,150270,82804,75347,17944,55194,55043,62955,38836
2021-09-09T15:00:00Z,164080,146093,82430,74791,17987,52613,52462,59778,37730
2021-09-09T16:00:00Z,149132,132269,74624,68256,16863,47796,47650,55180,34444
2021-09-09T17:00:00Z,143049,125501,70976,64054,17548,43572,43414,50865,31827
2021-09-09T18:00:00Z,141020,121675,71467,62583,19345,42009,41856,51300,33039
2021-09-09T19:00:00Z,133353,114802,66960,59433,18551,40165,40020,47548,30220
2021-09-09T20:00:00Z,129912,110076,65386,57528,19836,37752,37599,45652,29264
2021-09-09T21:00:00Z,119484,98901,59565,51966,20583,33233,33095,41361,26471
2021-09-09T22:00:00Z,103692,86179,53429,46490,17513,28906,28779,36361,23148
2021-09-09T23:00:00Z,96816,80349,52348,45139,16467,26916,26788,34999,22838
2021-09-10T00:00:00Z,112479,79864,56983,45522,32615,27651,27520,43396,28795
2021-09-10T01:00:00Z,103704,83762,57807,46217,19942,30025,29910,43597,29005
2021-09-10T02:00:00Z,104229,87824,55412,48203,16405,31547,31440,39628,23684
2021-09-10T03:00:00Z,97293,82063,51573,44854,15230,29470,29361,37169,22096
2021-09-10T04:00:00Z,93626,74900,49746,43863,18726,24884,24769,33047,20206
2021-09-10T05:00:00Z,95403,81236,49820,43251,14167,27068,26965,34156,20218
2021-09-10T06:00:00Z,115567,98182,58282,50040,17385,34633,34505,43563,25751
2021-09-10T07:00:00Z,132033,114045,64523,57322,17988,40375,40228,48452,28031
2021-09-10T08:00:00Z,140561,121223,69451,61678,19338,43299,43151,51058,30079
2021-09-10T09:00:00Z,138927,120615,69753,61710,18312,43256,43113,51241,30828
2021-09-10T10:00:00Z,133247,113967,66742,59340,19280,39579,39442,47787,29096
2021-09-10T11:00:00Z,134977,115334,66917,59738,19643,39018,38871,46698,28497
2021-09-10T12:00:00Z,154429,127609,82856,67624,26820,42988,42847,56687,37046
2021-09-10T13:00:00Z,153613,131049,79029,67943,22564,47624,47475,58877,37869
2021-09-10T14:00:00Z,157268,139008,79077,71491,18260,50385,50230,57799,35952
2021-09-10T15:00:00Z,152500,134905,75754,68252,17595,47715,47570,55806,34839
2021-09-10T16:00:00Z,137882,121097,68859,62342,16785,43067,42908,51538,31997
2021-09-10T17:00:00Z,133854,116209,66014,59166,17645,40508,40365,48729,29681
2021-09-10T18:00:00Z,141245,112210,66774,58200,29035,38119,37962,52331,30581
2021-09-10T19:00:00Z,123368,104846,62043,54515,18522,35854,35720,43776,27545
2021-09-10T20:00:00Z,114863,97298,60382,53094,17565,33166,33027,40982,26359
2021-09-10T21:00:00Z,106194,86844,54909,47610,19350,29366,29225,37497,23849
2021-09-10T22:00:00Z,94167,76150,50744,43218,18017,25002,24871,33640,21418
2021-09-10T23:00:00Z,83666,67645,47434,39714,16021,23036,22922,31124,20744
2021-09-11T00:00:00Z,86095,66324,52202,39991,19771,21942,21820,35858,25886
2021-09-11T01:00:00Z,80881,61960,49907,37671,18921,21775,21675,34974,25103
2021-09-11T02:00:00Z,75833,64167,44703,37971,11666,21690,21609,28995,17810
2021-09-11T03:00:00Z,73591,63079,43906,37318,10512,21474,21393,28703,17797
2021-09-11T04:00:00Z,70379,60772,42598,36847,9607,20453,20373,27164,17297
2021-09-11T05:00:00Z,72137,61804,42312,35878,10333,20896,20806,27584,16840
2021-09-11T06:00:00Z,79451,68477,46993,39525,10974,23232,23143,31415,19706
2021-09-11T07:00:00Z,82239,72277,47685,41632,9962,24853,24776,31586,18838
2021-09-11T08:00:00Z,86189,75634,49561,43147,10555,26443,26356,34154,20664
2021-09-11T10:00:00Z,85751,74478,50442,43905,11273,26128,26045,33678,21061
2021-09-11T11:00:00Z,88119,77446,51517,45306,10673,26794,26702,33655,20742
2021-09-11T12:00:00Z,102780,82859,63535,48245,19921,28662,28561,42254,28439
2021-09-11T13:00:00Z,106081,90901,62930,52556,15180,31846,31752,43417,28183
2021-09-11T14:00:00Z,104997,93340,60521,53862,11657,33785,33699,41220,25806
2021-09-11T15:00:00Z,102747,91380,59590,52949,11367,32855,32770,40827,25578
2021-09-11T16:00:00Z,97634,87297,55992,50604,10337,31697,31609,39070,24962
2021-09-11T17:00:00Z,95187,84734,55258,49259,10453,29691,29608,37019,23489
2021-09-11T18:00:00Z,91912,80766,54222,46879,11146,28391,28310,37384,24298
2021-09-11T19:00:00Z,87149,76280,51309,45049,10869,26276,26195,33213,21744
2021-09-11T20:00:00Z,81039,70756,48149,42119,10283,24441,24368,30766,20169
2021-09-11T21:00:00Z,76531,66558,45610,39598,9973,22661,22593,28789,18810
2021-09-11T22:00:00Z,70932,60801,43213,37456,10131,19793,19715,25511,16941
2021-09-11T23:00:00Z,65551,55706,40859,34583,9845,18922,18849,25595,17290
2021-09-12T00:00:00Z,73623,56919,47919,35806,16704,18879,18804,33150,24431
2021-09-12T01:00:00Z,71955,55498,45061,34222,16457,18741,18666,31486,22588
2021-09-12T02:00:00Z,69405,58768,42453,35990,10637,19592,19523,26730,16924
2021-09-12T03:00:00Z,68938,59163,41878,35905,9775,20072,19998,26766,16940
2021-09-12T04:00:00Z,67710,58566,41152,35765,9144,19788,19718,26511,16683
2021-09-12T05:00:00Z,70400,60828,42512,36444,9572,20521,20449,26994,16796
2021-09-12T06:00:00Z,76721,66187,46286,38984,10534,22785,22714,30639,19620
2021-09-12T07:00:00Z,81784,71943,47305,41335,9841,25321,25232,31854,19307
2021-09-12T08:00:00Z,89044,78422,51851,45579,10622,26480,26407,33601,20456
2021-09-12T09:00:00Z,86862,76507,50590,44141,10355,27137,27057,34340,21302
2021-09-12T10:00:00Z,87765,77432,51241,44902,10333,26914,26843,34212,20954
2021-09-12T11:00:00Z,91565,80786,52988,46688,10779,28058,27968,34930,21526
2021-09-12T12:00:00Z,105370,85957,64460,49498,19413,30812,30723,44024,29724
2021-09-12T13:00:00Z,109359,93556,65001,54631,15803,33223,33129,44519,29009
2021-09-12T14:00:00Z,111502,99479,64244,57565,12023,35968,35871,43550,27329
2021-09-12T15:00:00Z,107487,95202,61584,54906,12285,35314,35222,43148,27286
2021-09-12T16:00:00Z,101527,91601,58642,53350,9926,33317,33230,40878,26218
2021-09-12T17:00:00Z,99386,87854,57779,51632,11532,31285,31207,38870,24974
2021-09-12T18:00:00Z,98301,85315,57536,49646,12986,30305,30222,39422,26081
2021-09-12T19:00:00Z,96504,83363,54736,47854,13141,29406,29316,36852,24216
2021-09-12T20:00:00Z,91974,80095,53099,46594,11879,27654,27560,34873,23028
2021-09-12T21:00:00Z,85237,73489,49916,43488,11748,25116,25026,32011,21368
2021-09-12T22:00:00Z,78064,66782,46419,40303,11282,22279,22196,28829,19226
2021-09-12T23:00:00Z,76811,65077,46533,40116,11734,21957,21873,28986,19629
2021-09-13T00:00:00Z,96749,71181,54664,43674,25568,24470,24371,38778,27080
2021-09-13T01:00:00Z,107545,81522,59215,47322,26023,29107,29002,43479,29094
2021-09-13T02:00:00Z,106852,86579,55050,48181,20273,31793,31693,39964,23542
2021-09-13T03:00:00Z,107431,85979,54074,47337,21452,30051,29939,38486,22435
2021-09-13T04:00:00Z,104761,78073,51343,45047,26688,26724,26617,35615,21104
2021-09-13T05:00:00Z,105211,86018,54034,46940,19193,29566,29454,37799,22270
2021-09-13T06:00:00Z,122605,100864,60523,51697,21741,37204,37077,46897,27596
2021-09-13T07:00:00Z,141127,118816,67822,60468,22311,42407,42266,50234,28488
2021-09-13T08:00:00Z,147591,123657,70384,62287,23934,45416,45273,53999,31165
2021-09-13T09:00:00Z,151071,126257,71247,62541,24814,45857,45705,55220,32737
2021-09-13T10:00:00Z,146588,120776,70126,61597,25812,42515,42376,52376,31370
2021-09-13T11:00:00Z,147840,121361,69673,61720,26479,43951,43816,53048,31296
2021-09-13T12:00:00Z,163522,133293,82725,67638,30229,48630,48480,64054,40512
2021-09-13T13:00:00Z,173771,143608,85329,73773,30163,53395,53230,66029,41202
2021-09-13T14:00:00Z,171587,146959,82186,74145,24628,56264,56089,65063,39628
2021-09-13T15:00:00Z,170716,147180,82997,75104,23536,53599,53438,62687,38855
2021-09-13T16:00:00Z,156020,134319,75415,68820,21701,49124,48952,58151,36032
2021-09-13T17:00:00Z,156185,129987,74229,66240,26198,45678,45510,55251,33904
2021-09-13T18:00:00Z,152154,124719,74453,64466,27435,43845,43671,54693,34657
2021-09-13T19:00:00Z,149030,121080,72083,63045,27950,41841,41673,51696,32341
2021-09-13T20:00:00Z,144447,116411,69081,60593,28036,39737,39587,49275,30804
2021-09-13T21:00:00Z,130836,103551,61553,53957,27285,35099,34952,43824,27497
2021-09-13T22:00:00Z,113328,91092,54947,47851,22236,30100,29962,37916,24001
2021-09-13T23:00:00Z,104729,81247,53008,45560,23482,28217,28092,36833,24004
2021-09-14T00:00:00Z,115956,88202,61778,50368,27754,29783,29651,44523,29887
2021-09-14T01:00:00Z,115403,93529,64818,52416,21874,32738,32619,47162,31683
2021-09-14T02:00:00Z,119576,101056,62649,54737,18520,33911,33805,43786,25693
2021-09-14T03:00:00Z,110199,92592,59080,52133,17607,32092,31980,40877,23888
2021-09-14T04:00:00Z,106917,88543,59360,53278,18374,28105,28001,36774,22101
2021-09-14T05:00:00Z,107400,91629,58167,51239,15771,30651,30532,38360,22333
2021-09-14T06:00:00Z,127152,106952,62858,54482,20200,38883,38768,48960,28119
2021-09-14T07:00:00Z,140413,123330,69668,62648,17083,44260,44120,51747,29916
2021-09-14T08:00:00Z,148682,127694,70647,63024,20988,47550,47399,55478,32268
2021-09-14T09:00:00Z,150193,130680,73226,65435,19513,47598,47441,55922,32796
2021-09-14T10:00:00Z,145464,126083,74905,67273,19381,43639,43480,51659,31268
2021-09-14T11:00:00Z,149052,129386,73364,65797,19666,45425,45269,55142,31642
2021-09-14T12:00:00Z,163792,137877,86289,71114,25915,50354,50205,64020,40621
2021-09-14T13:00:00Z,171692,146310,86090,74739,25382,54522,54356,66565,41531
2021-09-14T14:00:00Z,174050,156518,82566,75360,17532,56009,55841,63327,38816
2021-09-14T15:00:00Z,166234,148319,82487,74963,17915,54610,54448,62946,39134
2021-09-14T16:00:00Z,153979,136913,76629,70124,17066,49746,49597,58125,36271
2021-09-14T17:00:00Z,143498,125788,72454,65304,17710,44485,44341,52038,32934
2021-09-14T18:00:00Z,142336,122814,72791,63869,19522,42897,42746,52123,33851
2021-09-14T19:00:00Z,134983,116617,68870,61276,18366,41200,41046,48931,30948
2021-09-14T20:00:00Z,132622,113584,67317,59994,19038,38971,38810,47466,30141
2021-09-14T21:00:00Z,123445,104195,62771,55060,19250,34861,34707,43834,27742
2021-09-14T22:00:00Z,108193,91016,55738,48554,17177,30066,29935,38259,24419
2021-09-14T23:00:00Z,101331,84919,55312,47655,16412,28155,28031,36371,23926
2021-09-15T00:00:00Z,110996,87294,62076,49740,23702,29733,29604,45064,31061
2021-09-15T01:00:00Z,109997,90462,62435,50489,19535,32181,32060,46283,31162
2021-09-15T02:00:00Z,112243,97036,61085,53598,15207,34406,34299,42605,25737
2021-09-15T03:00:00Z,103473,89314,55809,49224,14159,31947,31850,39825,23927
2021-09-15T04:00:00Z,97256,82162,51729,45882,15094,27944,27847,36409,22167
2021-09-15T05:00:00Z,102486,88592,55728,49127,13894,30212,30092,37282,22165
2021-09-15T06:00:00Z,124318,108264,63960,55694,16054,37910,37787,47076,28022
2021-09-15T07:00:00Z,133732,118532,66438,59420,15200,43510,43375,50926,29323
2021-09-15T08:00:00Z,150181,133340,72321,64981,16841,47780,47627,56678,32066
2021-09-15T09:00:00Z,155625,137907,75878,68435,17718,48756,48609,57510,32889
2021-09-15T10:00:00Z,141757,124678,70340,63193,17079,44143,43998,53000,31314
2021-09-15T11:00:00Z,143658,126722,70351,63345,16936,45040,44893,52638,30812
2021-09-15T12:00:00Z,161201,136546,83926,68983,24655,49815,49669,63661,40301
2021-09-15T13:00:00Z,170183,149331,84575,73448,20852,54662,54489,67145,41216
2021-09-15T14:00:00Z,170332,153091,84375,77106,17241,57327,57154,65775,39807
2021-09-15T15:00:00Z,168036,150939,83537,76041,17097,55133,54975,63787,38940
2021-09-15T16:00:00Z,154270,137877,76655,70339,16393,49621,49465,58093,35811
2021-09-15T17:00:00Z,144411,128573,73567,66653,15838,45665,45500,53520,33143
2021-09-15T18:00:00Z,145908,127563,75543,66809,18345,44078,43907,54172,34839
2021-09-15T19:00:00Z,137806,119964,71747,64224,17842,41112,40958,49037,31589
2021-09-15T20:00:00Z,131837,114111,68193,60936,17726,38933,38780,46992,30528
2021-09-15T21:00:00Z,122219,104151,62431,55358,18068,34817,34666,42923,27750
2021-09-15T22:00:00Z,108160,93512,57903,51172,14648,30177,30032,37502,24585
2021-09-15T23:00:00Z,99301,85591,53683,46884,13710,28537,28409,36544,24243
2021-09-16T00:00:00Z,109678,88754,61550,50003,20924,29575,29457,44146,30794
2021-09-16T01:00:00Z,110280,91704,61841,50259,18576,32654,32539,46490,31015
2021-09-16T02:00:00Z,113617,98776,61513,54125,14841,34729,34618,43881,26451
2021-09-16T03:00:00Z,106263,93476,55875,49366,12787,33068,32963,41726,24377
2021-09-16T04:00:00Z,97255,84020,52130,46188,13235,28605,28497,36890,22246
2021-09-16T05:00:00Z,100922,87884,52837,46295,13038,30863,30748,38390,22410
2021-09-16T06:00:00Z,122184,106883,62094,53839,15301,38814,38680,48252,28019
2021-09-16T07:00:00Z,137005,121905,68578,61775,15100,44942,44809,52078,29879
2021-09-16T08:00:00Z,149892,131456,73057,65263,18436,47662,47507,56979,33327
2021-09-16T09:00:00Z,149764,132068,73265,65463,17696,47943,47785,56856,33255
2021-09-16T10:00:00Z,143167,124163,71222,63698,19004,43924,43774,52052,31861
2021-09-16T11:00:00Z,148581,123969,72818,64682,24612,44176,44018,52430,31735
2021-09-16T12:00:00Z,156274,131278,82677,67219,24996,48975,48816,62486,40161
2021-09-16T13:00:00Z,167164,146199,84764,73438,20965,53697,53533,65436,41621
2021-09-16T14:00:00Z,168459,151103,83927,76539,17356,55989,55826,64355,39436
2021-09-16T15:00:00Z,165414,147687,84285,76461,17727,53657,53488,62009,38472
2021-09-16T16:00:00Z,156662,139971,78934,72590,16691,48833,48670,57356,35727
2021-09-16T17:00:00Z,146086,130007,75062,68292,16079,44848,44696,52519,32590
2021-09-16T18:00:00Z,144849,126401,75298,66955,18448,42852,42701,52774,33823
2021-09-16T19:00:00Z,134648,117433,70852,63649,17215,40405,40240,48062,30737
2021-09-16T20:00:00Z,133270,115052,69985,62337,18218,38325,38165,46748,29933
2021-09-16T21:00:00Z,122784,103003,64069,56951,19781,33993,33860,41961,27130
2021-09-16T22:00:00Z,107839,90343,57540,50404,17496,28946,28810,37305,23771
2021-09-16T23:00:00Z,101756,83288,55106,47269,18468,27060,26938,36075,23658
2021-09-17T00:00:00Z,114062,86403,61023,49525,27659,28431,28297,43629,29313
2021-09-17T01:00:00Z,113126,92085,63977,52063,21041,31572,31446,45644,30490
2021-09-17T02:00:00Z,111324,95135,60597,53129,16189,33466,33357,42520,25600
2021-09-17T03:00:00Z,106893,90590,57633,50536,16303,30936,30825,39438,23397
2021-09-17T04:00:00Z,99869,81800,52888,46742,18069,26916,26805,35493,21580
2021-09-17T05:00:00Z,102188,87521,54852,48068,14667,28999,28890,37153,22004
2021-09-17T06:00:00Z,120915,104136,63265,54886,16779,36880,36747,46219,27392
2021-09-17T07:00:00Z,139284,122793,72244,65321,16491,42045,41900,49360,28334
2021-09-17T08:00:00Z,145327,127282,73579,66281,18045,45016,44863,53611,31194
2021-09-17T09:00:00Z,147909,129772,76587,68633,18137,45172,45026,53035,31795
2021-09-17T10:00:00Z,137529,119770,72268,64703,17759,41207,41061,49667,30273
2021-09-17T11:00:00Z,136455,118852,69991,62898,17603,40900,40758,49128,29722
2021-09-17T12:00:00Z,153124,127716,83312,67673,25408,44609,44463,59193,38557
2021-09-17T13:00:00Z,162679,140474,85823,74115,22205,49110,48952,61676,39591
2021-09-17T14:00:00Z,163836,146280,84001,76282,17556,52114,51958,60818,37902
2021-09-17T15:00:00Z,155652,137993,80337,72952,17659,49375,49220,57741,36368
2021-09-17T16:00:00Z,145232,128771,75341,68888,16461,44549,44393,52799,33157
2021-09-17T17:00:00Z,137401,120988,71939,64990,16413,40800,40653,48907,30346
2021-09-17T18:00:00Z,135087,116825,72082,63129,18262,38500,38346,48169,31082
2021-09-17T19:00:00Z,128072,108908,68127,59991,19164,35903,35743,44031,28498
2021-09-17T20:00:00Z,122357,104252,65561,57785,18105,33843,33705,41912,27050
2021-09-17T21:00:00Z,110650,93115,59895,52509,17535,29928,29802,37893,24483
2021-09-17T22:00:00Z,101929,84703,56082,48776,17226,25534,25406,33814,22295
2021-09-17T23:00:00Z,90522,75801,52557,45152,14721,23467,23358,32344,21795
2021-09-18T00:00:00Z,92781,73103,55758,43520,19678,22976,22854,37851,26760
2021-09-18T01:00:00Z,91556,72649,54173,42444,18907,23956,23844,37679,25247
2021-09-18T02:00:00Z,89388,76700,50564,43179,12688,25696,25584,33542,19970
2021-09-18T03:00:00Z,86770,75642,50187,43453,11128,25397,25313,32582,19681
2021-09-18T04:00:00Z,80949,71115,49329,43511,9834,21856,21774,29681,18570
2021-09-18T05:00:00Z,82041,72084,48438,42154,9957,22834,22751,29748,17971
2021-09-18T06:00:00Z,91007,79122,51813,44109,11885,27395,27286,35998,21523
2021-09-18T07:00:00Z,93659,82366,52002,45604,11293,29134,29037,36471,21130
2021-09-18T08:00:00Z,96672,85871,53797,47291,10801,30065,29964,38048,22396
2021-09-18T09:00:00Z,94541,84117,53529,47070,10424,30451,30367,38065,22879
2021-09-18T10:00:00Z,92723,82161,53422,47072,10562,28471,28398,36853,22827
2021-09-18T11:00:00Z,90242,80149,52605,46387,10093,27183,27104,34135,21365
2021-09-18T12:00:00Z,105546,84121,65274,49242,21425,29171,29081,42576,28930
2021-09-18T13:00:00Z,105747,90629,63430,52921,15118,31726,31625,42824,28139
2021-09-18T14:00:00Z,107067,95353,60574,53989,11714,34252,34168,41876,26379
2021-09-18T15:00:00Z,107134,95906,60303,53826,11228,33318,33227,41688,26110
2021-09-18T16:00:00Z,103552,93232,59496,54179,10320,32055,31959,40209,25323
2021-09-18T17:00:00Z,101220,91051,60179,54240,10169,30352,30257,37299,23857
2021-09-18T18:00:00Z,100083,88058,60141,52646,12025,28937,28853,37853,24747
2021-09-18T19:00:00Z,96933,86052,58869,52628,10881,27089,27000,34006,22236
2021-09-18T20:00:00Z,93146,81704,58103,51609,11442,25110,25029,32143,21097
2021-09-18T21:00:00Z,81515,71215,50696,44422,10300,22504,22424,29151,19165
2021-09-18T22:00:00Z,73130,63823,45435,39501,9307,19937,19854,26317,17364
2021-09-18T23:00:00Z,68450,59089,43484,37374,9361,18918,18839,25771,17766
2021-09-19T00:00:00Z,77792,60155,51521,38653,17637,19233,19154,34507,25824
2021-09-19T01:00:00Z,75824,58674,48142,36957,17150,18677,18596,31823,23134
2021-09-19T02:00:00Z,70645,59895,43789,37453,10750,19256,19178,26327,17095
2021-09-19T03:00:00Z,70269,60835,43341,37388,9434,19803,19735,26584,17095
2021-09-19T04:00:00Z,68066,59525,42361,37122,8541,19321,19244,25783,16685
2021-09-19T05:00:00Z,73788,63598,45023,38788,10190,20423,20349,26961,16767
2021-09-19T06:00:00Z,79197,67152,47873,40119,12045,22244,22173,30848,19929
2021-09-19T07:00:00Z,84097,73996,50023,43934,10101,24023,23949,31084,19181
2021-09-19T08:00:00Z,89645,77864,51932,45632,11781,25672,25594,33349,20968
2021-09-19T09:00:00Z,91997,80415,54352,47831,11582,26695,26622,34073,21476
2021-09-19T10:00:00Z,93027,82484,55684,49307,10543,26788,26713,34446,22144
2021-09-19T11:00:00Z,93122,82927,54657,48694,10195,27679,27596,34619,21646
2021-09-19T12:00:00Z,107375,86699,66610,50943,20676,29981,29905,43610,29717
2021-09-19T13:00:00Z,110856,94702,66716,56278,16154,32523,32439,44163,29137
2021-09-19T14:00:00Z,112190,99632,65109,58546,12558,35029,34937,42916,27209
2021-09-19T15:00:00Z,116633,104422,67511,60983,12211,35111,35023,43950,27723
2021-09-19T16:00:00Z,107210,96678,63079,57718,10532,33328,33241,41404,26501
2021-09-19T17:00:00Z,104054,93175,60099,54199,10879,32265,32182,39629,25343
2021-09-19T18:00:00Z,103302,90908,61343,53791,12394,31129,31047,40724,26945
2021-09-19T19:00:00Z,96804,85203,56805,50707,11601,29354,29272,37061,23971
2021-09-19T20:00:00Z,95530,83278,57214,50615,12252,27568,27472,35436,23365
2021-09-19T21:00:00Z,88988,77269,54217,47632,11719,25075,24993,32298,21428
2021-09-19T22:00:00Z,79499,68203,48735,42510,11296,21767,21689,28678,18804
2021-09-19T23:00:00Z,76853,65642,48419,42077,11211,21177,21107,28276,19428
2021-09-20T00:00:00Z,98689,68728,55139,44358,29961,21954,21862,36966,25544
2021-09-20T01:00:00Z,103806,71616,55987,44333,32190,23062,22964,38368,26090
2021-09-20T02:00:00Z,90831,69952,49630,42162,20879,23677,23582,32402,20353
2021-09-20T03:00:00Z,87886,70941,48768,42231,16945,24136,24054,32273,20061
2021-09-20T04:00:00Z,97282,71402,48141,42420,25880,24178,24082,33111,19906
2021-09-20T05:00:00Z,92291,74367,48311,41999,17924,25510,25419,33264,20035
2021-09-20T06:00:00Z,110566,88473,55467,47580,22093,30259,30152,40217,24406
2021-09-20T07:00:00Z,122727,102107,59161,52399,20620,36066,35936,44298,26024
2021-09-20T08:00:00Z,136263,113094,64940,57357,23169,39422,39284,48816,29090
2021-09-20T09:00:00Z,137775,117042,67205,59741,20733,40982,40844,49591,29825
2021-09-20T10:00:00Z,137109,113476,66173,58621,23633,39415,39278,48622,29031
2021-09-20T11:00:00Z,142816,117538,67700,60596,25278,41140,40997,49912,29877
2021-09-20T12:00:00Z,159912,129362,81877,66369,30550,46207,46051,60921,39472
2021-09-20T13:00:00Z,167247,139672,82519,71198,27575,51342,51183,63771,40204
2021-09-20T14:00:00Z,171168,148588,84579,76626,22580,54656,54489,63580,39194
2021-09-20T15:00:00Z,166469,145718,82185,74660,20751,52395,52239,61846,37969
2021-09-20T16:00:00Z,161339,139381,80695,73638,21958,48950,48792,57965,36103
2021-09-20T17:00:00Z,161656,138893,82469,74990,22763,45854,45703,54577,33765
2021-09-20T18:00:00Z,158649,133270,79788,70469,25379,44568,44414,55595,35515
2021-09-20T19:00:00Z,152006,123055,74686,66443,28951,42070,41914,52875,32715
2021-09-20T20:00:00Z,179314,111071,67746,60007,68243,38632,38475,59277,30415
2021-09-20T22:00:00Z,150239,88212,55000,48421,62027,29544,29414,48998,23793
2021-09-20T23:00:00Z,133126,84704,54886,47627,48422,28161,28040,44993,24291
2021-09-21T00:00:00Z,139605,82017,58475,46467,57588,27221,27089,52209,29404
2021-09-21T01:00:00Z,127717,77878,56463,44623,49839,26181,26055,52928,28043
2021-09-21T02:00:00Z,151438,78570,52946,45236,72868,26830,26706,54777,22750
2021-09-21T03:00:00Z,166612,75446,51336,43776,91166,25944,25834,64521,22135
2021-09-21T04:00:00Z,174001,73854,49321,42723,100147,25027,24908,69067,20703
2021-09-21T05:00:00Z,123903,77719,50684,43495,46184,25907,25798,42466,20425
2021-09-21T06:00:00Z,132913,92252,57778,49758,40661,31521,31390,46941,25190
2021-09-21T07:00:00Z,145759,106860,62029,54764,38899,37577,37442,51404,27366
2021-09-21T08:00:00Z,157670,114834,65942,58718,42836,40427,40283,55840,29152
2021-09-21T09:00:00Z,166081,120320,68748,61395,45761,41276,41127,59600,30669
2021-09-21T10:00:00Z,191008,107701,63857,56787,83307,38930,38769,76745,29085
2021-09-21T11:00:00Z,210397,109430,62840,56216,100967,39645,39509,87144,28421
2021-09-21T12:00:00Z,222545,117856,76030,61827,104689,43713,43571,96681,37277
2021-09-21T13:00:00Z,224972,127464,75979,65655,97508,48449,48269,97586,37785
2021-09-21T14:00:00Z,212871,129094,68632,62124,83777,48781,48609,92858,34116
2021-09-21T15:00:00Z,214968,130347,69827,63214,84621,48644,48476,92889,34835
2021-09-21T16:00:00Z,205926,115951,65616,59814,89975,45081,44929,90254,32694
2021-09-21T17:00:00Z,209821,117423,66630,60284,92398,42599,42434,88989,31001
2021-09-21T18:00:00Z,213796,115492,66313,58276,98304,41610,41453,93038,32733
2021-09-21T19:00:00Z,208488,108386,65156,57242,100102,39734,39557,85612,30520
2021-09-21T20:00:00Z,201819,103737,63550,55829,98082,37640,37487,85922,29348
2021-09-21T21:00:00Z,196138,95521,59440,51711,100617,33965,33822,81190,26801
2021-09-21T22:00:00Z,193525,90425,59598,51908,103100,29038,28895,77902,23673
2021-09-21T23:00:00Z,188488,85482,57198,49935,103006,27876,27745,78174,23499
2021-09-22T00:00:00Z,189130,83105,60294,48453,106025,27837,27718,82514,29247
2021-09-22T01:00:00Z,173985,79670,55994,44820,94315,29480,29351,80754,28975
2021-09-22T02:00:00Z,136828,90105,56826,48994,46723,32868,32739,55035,25336
2021-09-22T03:00:00Z,133810,87836,54855,47914,45974,31078,30961,52799,23573
2021-09-22T04:00:00Z,121946,78386,50486,44413,43560,26700,26579,47335,21591
2021-09-22T05:00:00Z,116623,84428,52776,45680,32195,29078,28958,44489,22053
2021-09-22T06:00:00Z,131415,101932,60256,51617,29483,37200,37060,51613,27693
2021-09-22T07:00:00Z,144630,117830,65894,58555,26800,42777,42636,54781,29324
2021-09-22T08:00:00Z,154927,126489,69508,61449,28438,46190,46027,58752,32158
2021-09-22T09:00:00Z,151703,131186,72865,64212,20517,47243,47086,56004,33141
2021-09-22T10:00:00Z,141148,122389,70227,62300,18759,43325,43180,51633,31341
2021-09-22T11:00:00Z,143220,122770,69992,62177,20450,44286,44128,52437,31748
2021-09-22T12:00:00Z,163221,137085,86524,70412,26136,49152,48988,63597,41459
2021-09-22T13:00:00Z,171484,145355,85719,73758,26129,53659,53496,65815,41520
2021-09-22T14:00:00Z,171552,153500,86460,78913,18052,56476,56302,64556,39938
2021-09-22T15:00:00Z,166929,149261,85074,77650,17668,54471,54316,62250,39115
2021-09-22T16:00:00Z,156102,139142,80738,74365,16960,49522,49366,57565,36345
2021-09-22T17:00:00Z,157577,134371,79730,72802,23206,45940,45776,54995,33442
2021-09-22T18:00:00Z,210709,113128,67716,59738,97581,41771,41629,70694,32466
2021-09-22T19:00:00Z,213048,105895,64305,57464,107153,39204,39053,69036,29397
2021-09-22T20:00:00Z,140116,117180,70930,62657,22936,39907,39750,48876,31054
2021-09-22T21:00:00Z,123722,104403,63808,55901,19319,35774,35630,43678,27985
2021-09-22T22:00:00Z,108176,91142,56521,49627,17034,30682,30547,38367,24498
2021-09-22T23:00:00Z,99021,82166,52378,45375,16855,28412,28272,37151,24010
2021-09-23T00:00:00Z,109174,82599,58360,47069,26575,29070,28949,44292,30012
2021-09-23T01:00:00Z,107606,88311,60948,49045,19295,31682,31570,46448,31039
2021-09-23T02:00:00Z,106867,91240,57074,49798,15627,34207,34091,42793,26053
2021-09-23T03:00:00Z,103231,87003,54199,46912,16228,31982,31873,40147,23879
2021-09-23T04:00:00Z,95327,78397,50304,43903,16930,27673,27569,36086,22231
2021-09-23T05:00:00Z,100385,86074,52999,45927,14311,30158,30044,37673,22577
2021-09-23T06:00:00Z,122082,106597,62523,54320,15485,38308,38179,47704,28454
2021-09-23T07:00:00Z,138167,122399,68152,60942,15768,44321,44184,51660,29929
2021-09-23T08:00:00Z,149198,132594,73070,65745,16604,47369,47209,56191,32583
2021-09-23T09:00:00Z,147208,131567,73976,66566,15641,47589,47440,55552,33248
2021-09-23T10:00:00Z,139395,123064,70755,63457,16331,43661,43520,52140,31551
2021-09-23T11:00:00Z,140423,123884,69758,62537,16539,44502,44366,52637,31742
2021-09-23T12:00:00Z,163744,139451,85165,69664,24293,50200,50046,64605,41694
2021-09-23T13:00:00Z,169827,148254,87218,75668,21573,54933,54770,66921,42864
2021-09-23T14:00:00Z,167645,150847,83308,75924,16798,56784,56617,64123,40289
2021-09-23T15:00:00Z,162576,145547,81057,73494,17029,53856,53689,62130,39218
2021-09-23T16:00:00Z,150796,135589,76182,69949,15207,49320,49166,57660,36435
2021-09-23T17:00:00Z,142919,127840,72190,65550,15079,45548,45408,53248,33157
2021-09-23T18:00:00Z,139232,121934,71263,62825,17298,43574,43402,53095,34090
2021-09-23T19:00:00Z,129620,113103,67002,59543,16517,40983,40820,48553,30915
2021-09-23T20:00:00Z,124544,109740,65309,58168,14804,38681,38525,46045,29942
2021-09-23T21:00:00Z,117293,98535,59908,52255,18758,34495,34345,42511,27568
2021-09-23T22:00:00Z,102980,86934,54066,46774,16046,29337,29197,37576,24223
2021-09-23T23:00:00Z,108585,79013,51363,43785,29572,27695,27567,39523,23953
2021-09-24T00:00:00Z,102795,80269,56907,44448,22526,28562,28425,44356,30530
2021-09-24T01:00:00Z,100043,80660,56079,44005,19383,30282,30159,45305,30037
2021-09-24T02:00:00Z,102918,87205,54311,46941,15713,32189,32079,41954,25016
2021-09-24T03:00:00Z,100577,84865,54178,47156,15712,30865,30764,40312,23873
2021-09-24T04:00:00Z,92314,77142,49873,43529,15172,26691,26578,36152,21971
2021-09-24T05:00:00Z,94933,80648,51522,44074,14285,29099,28994,37294,22249
2021-09-24T06:00:00Z,115847,98478,59249,50461,17369,36805,36677,46904,27814
2021-09-24T07:00:00Z,127137,110896,63208,55776,16241,41715,41566,49485,28955
2021-09-24T08:00:00Z,137425,121334,68017,60597,16091,45003,44859,52865,31472
2021-09-24T09:00:00Z,141917,126282,71435,63737,15635,45347,45187,54319,32306
2021-09-24T10:00:00Z,131005,115481,67601,60364,15524,40646,40495,49775,30072
2021-09-24T11:00:00Z,127977,111846,65852,58507,16131,39846,39713,48116,29095
2021-09-24T12:00:00Z,151410,125394,82513,66085,26016,44408,44264,59686,39121
2021-09-24T13:00:00Z,156477,134567,80415,68429,21910,48900,48741,61557,39588
2021-09-24T14:00:00Z,156939,139484,79293,71405,17455,51049,50895,59321,37367
2021-09-24T15:00:00Z,150046,132710,75943,68127,17336,48415,48254,57389,36161
2021-09-24T16:00:00Z,138959,121923,69399,62567,17036,44401,44252,53197,33268
2021-09-24T17:00:00Z,133038,115907,67649,59967,17131,40467,40322,48327,30795
2021-09-24T18:00:00Z,128306,109978,66400,57310,18328,38505,38367,48522,31560
2021-09-24T19:00:00Z,120961,103773,62338,54124,17188,36076,35944,43745,28247
2021-09-24T20:00:00Z,118161,101164,61561,53984,16997,33881,33746,42340,27431
2021-09-24T21:00:00Z,103763,86984,53730,46377,16779,29658,29527,37783,24585
2021-09-24T22:00:00Z,91889,77206,48028,41173,14683,25335,25222,33926,21407
2021-09-24T23:00:00Z,80275,66866,44969,37880,13409,22990,22886,30986,20452
2021-09-25T00:00:00Z,85476,66722,51923,39599,18754,21937,21837,37145,27057
2021-09-25T01:00:00Z,82194,63460,49000,36587,18734,21492,21408,35640,25575
2021-09-25T02:00:00Z,76999,64384,44970,37483,12615,21670,21581,29904,19164
2021-09-25T03:00:00Z,74168,62925,44133,37119,11243,21337,21248,28550,18086
2021-09-25T04:00:00Z,72042,62060,42631,36624,9982,20441,20355,27795,17584
2021-09-25T05:00:00Z,73738,63132,42748,36027,10606,21052,20968,27843,17377
2021-09-25T06:00:00Z,78114,66640,46445,38617,11474,22797,22705,31265,19851
2021-09-25T07:00:00Z,81737,70814,47221,40658,10923,24686,24598,31697,19386
2021-09-25T08:00:00Z,85808,74049,48724,41862,11759,26066,25986,34087,20879
2021-09-25T09:00:00Z,87776,76079,50373,43307,11697,26713,26625,34531,21140
2021-09-25T10:00:00Z,88338,76654,51127,44189,11684,26759,26670,34487,21639
2021-09-25T11:00:00Z,89195,77293,51527,44465,11902,26940,26854,34151,21229
2021-09-25T12:00:00Z,106895,84150,66780,49488,22745,29164,29069,43836,29824
2021-09-25T13:00:00Z,107014,89429,64026,52109,17585,31877,31780,43870,29120
2021-09-25T14:00:00Z,114300,100582,68159,60502,13718,34562,34453,42635,27047
2021-09-25T15:00:00Z,112639,99392,66359,58851,13247,34187,34094,43033,27349
2021-09-25T16:00:00Z,102118,90799,58099,51961,11319,32667,32578,41511,26433
2021-09-25T17:00:00Z,97055,85600,54929,48397,11455,30389,30304,38115,24323
2021-09-25T18:00:00Z,93131,80960,53579,45841,12171,28461,28381,38288,24892
2021-09-25T19:00:00Z,87457,76603,50955,44492,10854,26698,26607,34139,21923
2021-09-25T20:00:00Z,83280,72480,48765,42335,10800,25004,24914,32230,21038
2021-09-25T21:00:00Z,74852,64193,44336,38072,10659,22276,22191,29011,19328
2021-09-25T22:00:00Z,69809,60404,41369,35502,9405,19738,19650,26254,17426
2021-09-25T23:00:00Z,65401,55554,40584,34198,9847,18871,18800,25822,17617
2021-09-26T00:00:00Z,75904,57705,48530,35421,18199,19943,19847,35338,26383
2021-09-26T01:00:00Z,77671,60152,46691,34679,17519,21892,21814,35620,24846
2021-09-26T02:00:00Z,77108,66183,43413,36813,10925,23806,23720,31368,18647
2021-09-26T03:00:00Z,78213,67339,44878,38665,10874,23799,23725,30926,18671
2021-09-26T04:00:00Z,67394,58548,40800,35345,8846,20455,20377,26877,17195
2021-09-26T05:00:00Z,75618,65288,44291,38028,10330,22168,22094,29047,17572
2021-09-26T06:00:00Z,86644,75406,50081,42544,11238,26549,26471,34758,21035
2021-09-26T07:00:00Z,90167,81013,51054,45223,9154,28843,28755,35148,20306
2021-09-26T08:00:00Z,98651,86506,54468,48011,12145,30588,30510,38316,22805
2021-09-26T09:00:00Z,100218,89483,58065,51549,10735,31029,30941,38618,23222
2021-09-26T10:00:00Z,97083,86560,57441,50965,10523,29227,29139,36661,22798
2021-09-26T11:00:00Z,97046,85791,56496,50088,11255,29316,29218,36750,22487
2021-09-26T12:00:00Z,111667,89301,68615,52042,22366,31214,31123,45896,30861
2021-09-26T13:00:00Z,113013,96031,67930,56772,16982,33506,33417,46394,30467
2021-09-26T14:00:00Z,111380,99013,63797,56860,12367,36247,36155,44976,27958
2021-09-26T15:00:00Z,111321,97516,62330,55379,13805,35591,35505,44431,27948
2021-09-26T16:00:00Z,103195,91729,58091,52463,11466,33616,33527,41795,26567
2021-09-26T17:00:00Z,101838,89054,57261,51149,12784,31715,31631,39140,25101
2021-09-26T18:00:00Z,100058,86186,58614,50650,13872,30482,30380,40080,26462
2021-09-26T19:00:00Z,97223,85130,57567,50968,12093,29308,29224,36616,23784
2021-09-26T20:00:00Z,95629,83853,56905,50343,11776,28032,27954,35837,23297
2021-09-26T21:00:00Z,88047,76794,53715,47398,11253,25047,24958,31975,21144
2021-09-26T22:00:00Z,79577,68406,48907,42983,11171,22068,21983,28639,18983
2021-09-26T23:00:00Z,76428,63599,46193,39666,12829,21738,21650,29112,19751
2021-09-27T00:00:00Z,99183,66977,52004,40195,32206,24046,23936,39766,27363
2021-09-27T01:00:00Z,109023,74317,53362,41422,34706,27635,27536,43211,28026
2021-09-27T02:00:00Z,105000,83519,54334,47083,21481,30482,30384,39158,22924
2021-09-27T03:00:00Z,109440,83250,54540,47733,26190,29459,29368,38080,22234
2021-09-27T04:00:00Z,104673,76013,51150,44576,28660,25951,25839,35616,21186
2021-09-27T05:00:00Z,101348,81338,51359,43855,20010,28749,28650,37041,21759
2021-09-27T06:00:00Z,125318,101813,60724,51848,23505,36786,36669,47498,27658
2021-09-27T07:00:00Z,137193,116415,65374,58320,20778,42704,42576,50216,28270
2021-09-27T08:00:00Z,145832,122590,67637,59972,23242,46220,46065,54160,31069
2021-09-27T09:00:00Z,148895,125145,69795,61402,23750,46693,46539,55243,32348
2021-09-27T10:00:00Z,143733,118656,66902,58962,25077,43298,43149,52099,31204
2021-09-27T11:00:00Z,150526,122895,68695,61105,27631,43950,43819,52367,31218
2021-09-27T12:00:00Z,164418,132350,83532,67000,32068,49077,48921,64144,41281
2021-09-27T13:00:00Z,171529,142151,83112,71515,29378,53858,53693,66616,41724
2021-09-27T14:00:00Z,168888,146465,80412,72832,22423,55873,55707,64574,39585
2021-09-27T15:00:00Z,165602,142748,80230,72296,22854,53919,53758,62779,38747
2021-09-27T16:00:00Z,160531,138617,79934,73200,21914,49528,49372,60398,38318
2021-09-27T17:00:00Z,176037,153395,99814,92258,22642,45388,45230,57286,36220
2021-09-27T18:00:00Z,156336,131268,79392,70566,25068,44706,44555,57740,37239
2021-09-27T19:00:00Z,144271,119419,70251,61829,24852,42815,42654,51991,33113
2021-09-27T20:00:00Z,177476,110582,65550,57507,66894,39674,39505,59612,30927
2021-09-28T06:00:00Z,129425,104923,60068,51982,24502,38342,38196,49028,27659
2021-09-28T07:00:00Z,142951,120997,68233,59604,21954,44702,44546,52287,30399
2021-09-28T08:00:00Z,148754,127019,71070,62791,21735,47500,47349,55706,32619
2021-09-28T09:00:00Z,147637,126683,70548,62685,20954,47502,47352,55592,32749
2021-09-28T10:00:00Z,138595,117234,67265,59265,21361,43580,43424,52175,31590
2021-09-28T11:00:00Z,155015,132275,81550,73125,22740,44573,44420,56776,34608
2021-09-28T12:00:00Z,175362,147236,98463,82277,28126,49687,49533,66755,43952
2021-09-28T13:00:00Z,188304,163661,105159,93293,24643,53098,52943,67986,44198
2021-09-28T14:00:00Z,164852,147079,83657,76364,17773,55617,55453,64998,40983
2021-09-28T15:00:00Z,160803,142612,78834,71296,18191,54030,53875,61955,38383
2021-09-28T16:00:00Z,149740,131906,73096,66861,17834,49730,49563,58442,36018
2021-09-28T17:00:00Z,144862,128363,72557,65545,16499,46994,46834,54486,34024
2021-09-28T18:00:00Z,146946,128520,73766,65601,18426,45009,44849,54543,35031
2021-09-28T19:00:00Z,135548,117030,69185,61549,18518,42123,41959,50372,32686
2021-09-28T20:00:00Z,132896,114186,67125,59315,18710,40345,40187,48233,31468
2021-09-28T21:00:00Z,120379,102063,61837,54850,18316,35771,35614,43723,28398
2021-09-28T22:00:00Z,104079,88521,54664,47979,15558,30399,30265,37752,24595
2021-09-28T23:00:00Z,98557,84145,54064,47146,14412,28752,28638,36949,24382
2021-09-29T00:00:00Z,116051,89119,63279,51002,26932,30013,29896,46482,32275
2021-09-29T01:00:00Z,104210,85791,58445,47058,18419,31383,31272,45215,30273
2021-09-29T02:00:00Z,109469,93927,57389,50403,15542,33194,33076,41723,24931
2021-09-29T03:00:00Z,104751,90821,56666,50061,13930,32143,32031,40393,24521
2021-09-29T04:00:00Z,99149,83436,54109,48177,15713,28153,28046,36625,22774
2021-09-29T05:00:00Z,104486,91146,56101,49429,13340,30263,30155,37633,22706
2021-09-29T06:00:00Z,121509,105605,61246,53645,15904,38355,38224,47543,28165
2021-09-29T07:00:00Z,136445,120140,68298,60905,16305,44231,44086,52247,30311
2021-09-29T08:00:00Z,148142,129198,72934,64755,18944,47498,47349,56058,33209
2021-09-29T09:00:00Z,149492,131878,74978,66949,17614,48114,47965,56479,34143
2021-09-29T10:00:00Z,140671,122875,71254,63439,17796,43839,43690,52866,32009
2021-09-29T11:00:00Z,138486,121565,70988,63400,16921,43616,43470,51555,31373
2021-09-29T12:00:00Z,160545,136094,85881,70271,24451,49560,49401,63414,40967
2021-09-29T13:00:00Z,166591,145290,85795,74222,21301,53711,53561,65879,42033
2021-09-29T14:00:00Z,169232,150170,82320,74293,19062,56475,56299,64715,40643
2021-09-29T15:00:00Z,166365,146337,82635,74484,20028,54146,53970,62869,38951
2021-09-29T16:00:00Z,152691,134186,75691,68502,18505,49935,49784,59008,37000
2021-09-29T17:00:00Z,191963,117613,66682,59578,74350,44901,44738,72563,32797
2021-09-29T18:00:00Z,153828,119923,70503,62287,33905,44270,44103,61637,34577
2021-09-29T19:00:00Z,137739,118529,70645,62757,19210,42399,42250,50343,32576
2021-09-29T20:00:00Z,134237,114689,67744,60190,19548,40074,39919,48403,31300
2021-09-29T21:00:00Z,120918,101354,60317,53240,19564,35568,35421,43012,27690
2021-09-29T22:00:00Z,106318,89604,55128,48476,16714,30584,30448,37902,24488
2021-09-29T23:00:00Z,100409,83959,53912,46688,16450,28940,28814,37465,24222
2021-09-30T00:00:00Z,109205,83956,58619,47712,25249,29390,29267,43746,29900
2021-09-30T01:00:00Z,107368,87154,58613,47758,20214,31741,31627,45438,30349
2021-09-30T02:00:00Z,109951,92620,57758,50241,17331,33581,33470,42897,25941
2021-09-30T03:00:00Z,106004,90417,56514,49970,15587,31713,31591,39829,23812
2021-09-30T04:00:00Z,95802,79252,50692,45062,16550,27568,27441,35749,21956
2021-09-30T05:00:00Z,101160,86307,51801,45234,14853,29845,29721,37721,22547
2021-09-30T06:00:00Z,141379,125375,81510,74002,16004,38079,37959,49808,30204
2021-09-30T07:00:00Z,137500,120353,67532,60228,17147,43316,43174,51455,29833
2021-09-30T08:00:00Z,146419,126916,70698,62835,19503,46771,46608,55290,32539
2021-09-30T09:00:00Z,149505,131637,76133,68502,17868,47264,47114,55045,33280
2021-09-30T10:00:00Z,142456,123922,72299,65161,18534,43104,42958,51710,31420
2021-09-30T11:00:00Z,139634,121231,68270,61065,18403,42745,42608,51082,30647
2021-09-30T12:00:00Z,162104,135124,85169,69283,26980,48057,47900,62240,40708
2021-09-30T13:00:00Z,169898,147147,89824,78086,22751,52047,51886,66667,43764
2021-09-30T14:00:00Z,184977,168940,106365,99125,16037,54454,54290,64761,41281
2021-09-30T15:00:00Z,181224,165716,103957,97151,15508,52015,51844,62877,39958
2021-09-30T16:00:00Z,175224,160250,101557,95355,14974,48465,48284,59623,37994
2021-09-30T17:00:00Z,155326,137500,81238,74237,17826,45810,45651,57274,36233
2021-09-30T18:00:00Z,152113,136200,78023,70265,15913,45043,44888,55538,35532
2021-09-30T19:00:00Z,146296,130066,74245,66802,16230,42689,42529,52603,33964
2021-09-30T20:00:00Z,135393,119988,69544,62305,15405,39557,39388,49149,31606
2021-09-30T21:00:00Z,117647,102399,61851,54676,15248,34672,34531,42563,27633
2021-09-30T22:00:00Z,106492,91965,58228,51356,14527,29799,29665,37338,24233
2021-09-30T23:00:00Z,100759,85590,56483,49150,15169,27895,27774,36804,24260
2021-10-01T00:00:00Z,110489,82941,61187,47793,27548,27890,27758,44309,31449
2021-10-01T01:00:00Z,108215,84658,62141,50116,23557,27545,27427,42476,29434
2021-10-01T02:00:00Z,125605,101585,73271,65379,24020,28493,28389,41012,27363
2021-10-01T03:00:00Z,105744,86803,57542,50320,18941,27256,27148,36205,22844
2021-10-01T04:00:00Z,108246,87983,57073,50534,20263,26932,26818,36308,22994
2021-10-01T05:00:00Z,110138,94908,59633,52933,15230,28022,27915,36275,22779
2021-10-01T06:00:00Z,120087,102135,61359,53604,17952,32852,32733,42225,26496
2021-10-01T07:00:00Z,139508,120592,70027,62602,18916,38588,38445,47639,29146
2021-10-01T08:00:00Z,148256,122565,71023,62643,25691,41232,41089,50887,31219
2021-10-01T09:00:00Z,147113,127524,73876,65808,19589,41787,41637,50540,31435
2021-10-01T10:00:00Z,145828,123958,72780,64681,21870,40041,39890,49020,30586
2021-10-01T11:00:00Z,144536,122910,69561,62094,21626,40855,40710,49669,30530
2021-10-01T12:00:00Z,152718,124502,77598,62304,28216,44050,43902,58214,38314
2021-10-01T13:00:00Z,168889,143106,82105,69997,25783,49958,49799,63118,40755
2021-10-01T14:00:00Z,169633,149546,81147,72998,20087,52984,52808,62170,39001
2021-10-01T15:00:00Z,161476,142445,78072,70586,19031,50325,50162,59471,37516
2021-10-01T16:00:00Z,159398,140784,76607,70056,18614,47168,47005,57265,36483
2021-10-01T17:00:00Z,151069,130268,72329,65238,20801,43262,43102,52421,32860
2021-10-01T18:00:00Z,146101,126603,72236,63530,19498,41066,40918,51896,33295
2021-10-01T19:00:00Z,133926,115015,67766,59951,18911,37893,37736,46574,29948
2021-10-01T20:00:00Z,127468,106951,64227,56615,20517,35086,34937,43514,28496
2021-10-01T21:00:00Z,114410,94685,58204,51031,19725,30848,30715,39072,24772
2021-10-01T22:00:00Z,99307,81056,51409,44430,18251,25748,25623,34406,21817
2021-10-01T23:00:00Z,93926,76429,52364,45067,17497,23412,23289,32737,20845
2021-10-02T00:00:00Z,92785,73580,57997,45852,19205,22190,22080,36746,26654
2021-10-02T01:00:00Z,85305,65376,49650,38221,19929,20565,20475,34061,24240
2021-10-02T02:00:00Z,78800,66813,45844,38820,11987,20598,20506,28745,18718
2021-10-02T03:00:00Z,77140,66465,44226,37581,10675,20912,20831,28771,18170
2021-10-02T04:00:00Z,78026,67901,44534,38506,10125,20670,20590,28227,18361
2021-10-02T05:00:00Z,82584,71877,46479,39855,10707,21768,21675,29300,18742
2021-10-02T06:00:00Z,95903,83662,50497,43127,12241,24005,23924,33203,21377
2021-10-02T07:00:00Z,96825,84787,52050,45428,12038,26066,25977,35011,21853
2021-10-02T08:00:00Z,99054,87747,55646,48931,11307,27003,26909,35647,22524
2021-10-02T09:00:00Z,103204,91738,58615,51873,11466,27464,27369,35713,22582
2021-10-02T10:00:00Z,99332,88852,56697,50192,10480,27659,27574,36002,22760
2021-10-02T11:00:00Z,100344,90032,57013,50585,10312,28395,28315,36327,22927
2021-10-02T12:00:00Z,117585,96651,71853,55660,20934,30283,30187,44257,30225
2021-10-02T13:00:00Z,117880,102011,68160,57053,15869,33037,32943,45855,30660
2021-10-02T14:00:00Z,119032,107038,65757,58882,11994,35950,35858,45152,28644
2021-10-02T15:00:00Z,122315,111160,69756,63259,11155,35892,35801,44622,28562
2021-10-02T16:00:00Z,117975,108161,66815,61600,9814,34563,34465,43671,28033
2021-10-02T17:00:00Z,113498,102906,63628,57532,10592,33087,32993,41640,26563
2021-10-02T18:00:00Z,112080,100558,64421,57459,11522,31407,31318,41287,27035
2021-10-02T19:00:00Z,99783,89140,57833,51481,10643,28812,28723,36742,23894
2021-10-02T20:00:00Z,91354,80552,51690,45167,10802,26568,26480,34333,22511
2021-10-02T21:00:00Z,80054,70082,46854,40929,9972,23712,23625,30344,20146
2021-10-02T22:00:00Z,71261,61907,42867,37133,9354,20511,20433,27112,18089
2021-10-02T23:00:00Z,70945,61468,45263,39130,9477,19491,19415,26557,18384
2021-10-03T00:00:00Z,79975,62983,51460,39309,16992,19026,18947,34016,25162
2021-10-03T01:00:00Z,76443,59142,48919,37467,17301,18544,18462,32298,23687
2021-10-03T02:00:00Z,72711,62251,44885,38357,10460,19113,19035,26831,17459
2021-10-03T03:00:00Z,77317,67946,48991,43174,9371,19616,19549,26781,17384
2021-10-03T04:00:00Z,79173,70380,49889,44489,8793,20037,19961,27147,17603
2021-10-03T05:00:00Z,81529,72105,49346,43278,9424,21059,20979,28390,17962
2021-10-03T06:00:00Z,89041,78005,52394,45610,11036,23223,23150,31700,20440
2021-10-03T07:00:00Z,91693,82201,53781,47755,9492,25319,25235,32650,20444
2021-10-03T08:00:00Z,98242,86566,55926,49706,11676,26959,26880,34869,22107
2021-10-03T09:00:00Z,98493,88185,55841,49666,10308,28428,28339,36442,22897
2021-10-03T10:00:00Z,99130,88978,56548,50352,10152,28593,28505,36850,23248
2021-10-03T11:00:00Z,100364,89471,56782,50532,10893,29235,29146,36870,23262
2021-10-03T12:00:00Z,115766,95038,69967,54065,20728,31466,31378,45126,30980
2021-10-03T13:00:00Z,121572,105071,71357,60465,16501,34359,34260,47097,31094
2021-10-03T14:00:00Z,121266,107611,67122,60063,13655,37015,36923,46234,29370
2021-10-03T15:00:00Z,120388,106297,66073,59200,14091,36999,36909,46213,29434
2021-10-03T16:00:00Z,116509,104515,64290,58446,11994,36096,36007,45187,29167
2021-10-03T17:00:00Z,114842,101288,62757,56497,13554,34454,34361,42754,27369
2021-10-03T18:00:00Z,111629,99024,63561,56347,12605,33409,33316,42409,27876
2021-10-03T19:00:00Z,105062,93536,60111,53515,11526,31729,31638,39562,26035
2021-10-03T20:00:00Z,99708,88205,57556,51262,11503,29948,29858,37660,24807
2021-10-03T21:00:00Z,89844,79032,53025,46900,10812,26288,26208,33278,22010
2021-10-03T22:00:00Z,80662,70485,48238,42361,10177,23201,23117,29750,19761
2021-10-03T23:00:00Z,79353,69137,49026,43063,10216,22169,22091,29473,19953
2021-10-04T00:00:00Z,92643,70206,54123,43598,22437,23114,23020,37181,26238
2021-10-04T01:00:00Z,95132,70631,53050,42492,24501,23997,23904,38248,26089
2021-10-04T02:00:00Z,95793,76217,52894,45660,19576,25740,25636,35253,22313
2021-10-04T03:00:00Z,98523,78508,52860,46195,20015,25604,25511,34843,21444
2021-10-04T04:00:00Z,107109,80006,52329,45463,27103,25980,25874,36825,21941
2021-10-04T05:00:00Z,107353,86886,55518,48378,20467,27422,27320,36711,22355
2021-10-04T06:00:00Z,125258,102674,61739,53761,22584,33096,32976,44060,26357
2021-10-04T07:00:00Z,141435,118112,68063,59944,23323,39134,38980,48939,29308
2021-10-04T08:00:00Z,156014,127581,72866,64478,28433,42239,42085,52507,31666
2021-10-04T09:00:00Z,150939,128299,72478,64312,22640,43566,43414,53591,32280
2021-10-04T10:00:00Z,150254,125814,71348,63125,24440,42212,42059,52236,32026
2021-10-04T11:00:00Z,152283,125888,70983,63387,26395,43242,43088,53132,32052
2021-10-04T12:00:00Z,167601,135906,84683,68433,31695,48681,48521,64314,41612
2021-10-04T13:00:00Z,174652,143637,82525,70521,31015,53384,53220,66893,42204
2021-10-04T14:00:00Z,167368,147382,80865,73439,19986,55515,55346,64017,39676
2021-10-04T15:00:00Z,168393,146824,80981,73358,21569,53663,53476,62456,38914
2021-10-04T16:00:00Z,158119,137972,74455,67961,20147,49689,49525,59001,36684
2021-10-04T17:00:00Z,155501,132637,74595,67034,22864,46764,46607,56659,35116
2021-10-04T18:00:00Z,159149,132140,75204,66226,27009,46058,45887,57356,36310
2021-10-04T19:00:00Z,149785,125072,72524,63657,24713,43543,43386,53047,33939
2021-10-04T20:00:00Z,144755,118229,70018,61269,26526,41093,40930,50748,32083
2021-10-04T21:00:00Z,129542,104409,62903,55257,25133,35528,35381,44291,28352
2021-10-04T22:00:00Z,112265,89830,55819,48304,22435,30230,30081,38750,24832
2021-10-04T23:00:00Z,107063,82873,54291,46181,24190,28255,28120,37467,24483
2021-10-05T00:00:00Z,114025,85995,60662,48399,28030,29000,28876,44958,31131
2021-10-05T01:00:00Z,103221,82913,58112,46572,20308,28948,28821,43176,29863
2021-10-05T02:00:00Z,101983,85438,55858,48556,16545,28887,28775,38790,24391
2021-10-05T03:00:00Z,99473,82816,53716,46818,16657,27905,27793,36514,22886
2021-10-05T04:00:00Z,99645,81117,51816,45445,18528,27215,27100,36404,22649
2021-10-05T05:00:00Z,101480,85747,52527,45567,15733,28848,28727,37141,22645
2021-10-05T06:00:00Z,116061,99848,59245,51562,16213,34275,34142,43527,26914
2021-10-05T07:00:00Z,132104,115407,64390,57431,16697,40127,39972,48611,29249
2021-10-05T08:00:00Z,146032,126462,70992,63304,19570,43623,43464,52818,32044
2021-10-05T09:00:00Z,153412,133264,76894,69065,20148,44314,44152,53033,32224
2021-10-05T10:00:00Z,151801,131982,76678,68892,19819,42346,42184,51919,31926
2021-10-05T11:00:00Z,152684,131080,76629,68707,21604,43615,43455,53118,32586
2021-10-05T12:00:00Z,168106,141923,88298,72909,26183,49582,49422,64452,42024
2021-10-05T13:00:00Z,174862,150975,87648,77847,23887,53931,53761,66913,42027
2021-10-05T14:00:00Z,167952,154847,81196,77288,13105,57396,57226,65237,40361
2021-10-05T15:00:00Z,164441,147052,80967,74006,17389,54363,54181,63406,39806
2021-10-05T16:00:00Z,160615,141194,79048,71862,19421,50783,50615,60176,37762
2021-10-05T17:00:00Z,155290,137237,77118,69666,18053,48626,48478,57039,35906
2021-10-05T18:00:00Z,164420,129806,74423,66207,34614,45858,45701,59539,35942
2021-10-05T19:00:00Z,191590,113833,66460,59130,77757,41352,41189,64986,31859
2021-10-06T20:00:00Z,166733,47209,29466,26009,119524,22894,22775,73084,17132
2021-10-06T21:00:00Z,74619,20524,13671,11992,54095,12507,12406,48022,9043
2021-10-06T22:00:00Z,66498,21812,14302,12472,44686,12036,11941,40380,9137
2021-10-06T23:00:00Z,49137,34187,23243,20000,14950,16101,16016,26955,13010
2021-10-07T00:00:00Z,49015,37043,28027,22058,11972,17712,17628,26493,17428
2021-10-07T01:00:00Z,47470,38187,28754,23035,9283,18143,18052,25711,17159
2021-10-07T02:00:00Z,48702,41559,29009,25119,7143,18711,18629,24353,15184
2021-10-07T03:00:00Z,49328,42341,28825,25099,6987,18959,18869,23908,14832
2021-10-07T04:00:00Z,46592,39587,26661,23432,7005,17683,17608,23115,14006
2021-10-07T05:00:00Z,46363,40471,26639,23399,5892,18350,18259,22826,13675
2021-10-07T06:00:00Z,46165,40260,25520,22175,5905,19766,19670,24725,14711
2021-10-07T07:00:00Z,41910,37172,23056,20614,4738,20036,19942,23587,13842
2021-10-07T08:00:00Z,44653,39485,24267,21777,5168,21761,21661,25311,14815
2021-10-07T09:00:00Z,42512,37798,22638,20170,4714,20734,20626,24360,14127
2021-10-07T10:00:00Z,40041,35460,21691,19266,4581,19663,19559,23201,13704
2021-10-07T11:00:00Z,41650,36729,22367,19963,4921,20233,20132,23810,13848
2021-10-07T12:00:00Z,42518,35907,24711,20258,6611,20495,20375,25812,16124
2021-10-07T13:00:00Z,33119,29021,18609,16157,4098,18457,18365,21835,12932
2021-10-07T14:00:00Z,28892,26007,16168,14727,2885,17014,16922,19172,11393
2021-10-07T15:00:00Z,36064,32821,20085,18404,3243,20064,19973,22492,13347
2021-10-07T16:00:00Z,37025,33254,20752,19031,3771,19771,19652,22717,13432
2021-10-07T17:00:00Z,39672,35517,22510,20502,4155,20133,20027,23363,13895
2021-10-07T18:00:00Z,43989,38762,25062,22353,5227,20884,20774,24747,15047
2021-10-07T19:00:00Z,44677,38565,25385,22699,6112,20350,20247,24431,14804
2021-10-07T20:00:00Z,44886,39169,26052,23244,5717,20139,20032,23925,14749
2021-10-07T21:00:00Z,44553,38985,26003,23170,5568,18805,18694,22619,13961
2021-10-07T22:00:00Z,46157,40351,27997,24964,5806,17672,17568,21815,13741
2021-10-07T23:00:00Z,46893,40457,29383,25844,6436,17366,17260,22001,14256
2021-10-08T00:00:00Z,52087,42129,32448,26534,9958,17927,17827,26030,17452
2021-10-08T01:00:00Z,54209,45458,33702,27766,8751,19999,19911,27576,17903
2021-10-08T02:00:00Z,55671,48721,32989,29037,6950,21632,21543,27096,16099
2021-10-08T03:00:00Z,54328,47182,32454,28659,7146,20605,20517,25588,15083
2021-10-08T04:00:00Z,51625,45112,32320,29063,6513,17945,17863,23249,14146
2021-10-08T05:00:00Z,51264,44831,30423,26807,6433,19188,19091,24120,14126
2021-10-08T06:00:00Z,49845,44136,28364,25124,5709,21271,21174,26139,15118
2021-10-08T07:00:00Z,49210,43789,26948,24088,5421,22184,22091,26119,14593
2021-10-08T08:00:00Z,44841,40067,25171,22603,4774,21654,21569,25052,14322
2021-10-08T09:00:00Z,45303,40706,25720,23223,4597,21492,21389,24911,14342
2021-10-08T10:00:00Z,46912,41511,26320,23468,5401,21227,21140,25267,14826
2021-10-08T11:00:00Z,48897,43695,27178,24478,5202,21813,21716,25708,15166
2021-10-08T12:00:00Z,50521,42269,29818,24299,8252,22466,22369,28964,18297
2021-10-08T13:00:00Z,46799,40736,27225,23508,6063,22708,22603,27564,16890
2021-10-08T14:00:00Z,44058,39246,24838,22498,4812,22438,22329,26133,15549
2021-10-08T15:00:00Z,43877,39101,25155,22788,4776,22030,21911,25666,15300
2021-10-08T16:00:00Z,40258,36094,23075,21004,4164,19890,19790,23312,13890
2021-10-08T17:00:00Z,42006,37215,23329,20887,4791,19854,19754,23561,14042
2021-10-08T18:00:00Z,41160,36097,23631,20786,5063,19045,18955,23219,14251
2021-10-08T19:00:00Z,45793,40068,26239,23174,5725,20316,20211,24497,15050
2021-10-08T20:00:00Z,44996,39418,25498,22444,5578,19102,18989,23362,14458
2021-10-08T21:00:00Z,43438,37210,25030,22124,6228,17548,17453,21750,13452
2021-10-08T22:00:00Z,46923,40284,28222,24667,6639,16790,16690,21403,13462
2021-10-08T23:00:00Z,46772,39644,28899,24707,7128,15821,15730,21298,13859
2021-10-09T00:00:00Z,53007,42139,34149,26377,10868,16554,16460,26470,18592
2021-10-09T01:00:00Z,53222,42854,33133,25827,10368,17895,17814,26568,17821
2021-10-09T02:00:00Z,53880,47373,32039,27616,6507,19544,19465,24856,14491
2021-10-09T03:00:00Z,58807,52257,35250,30877,6550,19524,19440,24950,14544
2021-10-09T04:00:00Z,56032,48638,34938,30442,7394,16975,16892,23444,14325
2021-10-09T05:00:00Z,54208,47740,33518,29024,6468,17551,17470,22976,13733
2021-10-09T06:00:00Z,57697,51261,33633,29245,6436,20788,20706,26626,15530
2021-10-09T07:00:00Z,54338,47776,31102,27103,6562,20965,20886,25849,14965
2021-10-09T08:00:00Z,53337,47268,30814,26634,6069,21868,21795,27083,15891
2021-10-09T09:00:00Z,54672,48498,31320,27522,6174,22239,22155,27444,16238
2021-10-09T10:00:00Z,52368,46018,31173,27214,6350,20448,20375,25818,15700
2021-10-09T11:00:00Z,54771,48119,32905,28826,6652,20428,20346,25598,15445
2021-10-09T12:00:00Z,61566,49558,39389,29680,12008,21768,21682,31367,20903
2021-10-09T13:00:00Z,63634,54593,39444,32944,9041,23413,23327,31165,20006
2021-10-09T14:00:00Z,62804,56345,37723,33666,6459,24750,24669,30139,18611
2021-10-09T15:00:00Z,61409,55232,36644,32961,6177,24457,24383,29562,18364
2021-10-09T16:00:00Z,58631,53105,35430,32258,5526,23432,23351,28830,17953
2021-10-09T17:00:00Z,60941,55272,36684,33011,5669,22238,22152,27183,16964
2021-10-09T18:00:00Z,60228,53403,37855,33508,6825,21875,21804,27633,17853
2021-10-09T19:00:00Z,55312,48838,34968,30878,6474,19899,19824,25133,16113
2021-10-09T20:00:00Z,54378,47821,34963,30677,6557,18920,18838,24384,15701
2021-10-09T21:00:00Z,50935,43378,32053,28067,7557,16781,16701,22571,14211
2021-10-09T22:00:00Z,51311,43615,32664,28404,7696,15875,15796,21876,13792
2021-10-09T23:00:00Z,52364,44948,35608,30615,7416,15776,15711,21563,14775
2021-10-10T00:00:00Z,56025,43077,37999,28212,12948,15550,15477,27689,20347
2021-10-10T01:00:00Z,56446,43994,37093,28905,12452,15416,15346,25631,18293
2021-10-10T02:00:00Z,57133,49851,38220,33296,7282,16135,16068,22275,14179
2021-10-10T03:00:00Z,56173,50021,37416,33133,6152,16860,16796,22337,14191
2021-10-10T04:00:00Z,54413,48327,35898,31801,6086,16473,16402,22277,14072
2021-10-10T05:00:00Z,53614,47599,35055,30783,6015,16915,16855,22270,13795
2021-10-10T06:00:00Z,56209,49608,35761,31090,6601,18328,18256,24290,15287
2021-10-10T07:00:00Z,58601,52656,37154,33047,5945,19930,19858,25220,15163
2021-10-10T08:00:00Z,58514,51912,36106,31954,6602,20518,20447,26194,16075
2021-10-10T09:00:00Z,58907,52675,36705,32733,6232,21257,21187,26739,16461
2021-10-10T10:00:00Z,54993,48520,33994,29963,6473,20408,20332,25875,15968
2021-10-10T11:00:00Z,57565,50970,34748,30529,6595,21614,21536,27227,16388
2021-10-10T12:00:00Z,65573,53221,42281,32204,12352,22526,22438,32829,21528
2021-10-10T13:00:00Z,65388,56326,41314,34853,9062,24297,24222,31921,20676
2021-10-10T14:00:00Z,63343,56950,39035,35122,6393,25957,25878,30954,19353
2021-10-10T15:00:00Z,61059,54743,36446,32785,6316,25303,25220,30593,19074
2021-10-10T16:00:00Z,59740,54066,35965,32565,5674,24753,24673,30188,18951
2021-10-10T17:00:00Z,57637,51347,35010,31472,6290,23207,23134,28207,17749
2021-10-10T18:00:00Z,55243,48625,33673,29404,6618,21851,21766,27926,17920
2021-10-10T19:00:00Z,55722,48810,33812,29518,6912,22238,22143,27561,17858
2021-10-10T20:00:00Z,54834,48021,33305,29029,6813,21232,21159,26466,17131
2021-10-10T21:00:00Z,53165,46593,33055,28816,6572,19479,19395,24867,16299
2021-10-10T22:00:00Z,49823,43401,30756,26705,6422,17176,17101,22536,14565
2021-10-10T23:00:00Z,51766,44103,32621,27828,7663,17124,17056,23164,15344
2021-10-11T00:00:00Z,53569,38853,31216,24573,14716,16361,16276,26210,17488
2021-10-11T01:00:00Z,53697,38827,28980,23072,14870,17921,17828,27004,16569
2021-10-11T02:00:00Z,50837,40771,27807,23635,10066,19472,19381,25146,14785
2021-10-11T03:00:00Z,53429,43279,29130,25391,10150,19734,19657,25367,14654
2021-10-11T04:00:00Z,44719,34553,23912,20954,10166,15839,15756,21740,12292
2021-10-11T05:00:00Z,48851,41099,27177,23752,7752,18748,18658,23833,13461
2021-10-11T06:00:00Z,47616,39811,25188,21836,7805,20272,20179,24878,13995
2021-10-11T07:00:00Z,48499,41328,25333,22539,7171,21939,21834,25907,14140
2021-10-11T08:00:00Z,41833,35858,21418,19058,5975,20674,20574,24349,13456
2021-10-11T09:00:00Z,45746,39746,23953,21401,6000,21934,21819,25437,14322
2021-10-11T10:00:00Z,40526,34586,21769,19409,5940,19238,19131,22965,13114
2021-10-11T11:00:00Z,42343,35611,21863,19553,6732,20094,19993,23848,13372
2021-10-11T12:00:00Z,44733,36553,24996,20236,8180,21197,21083,27107,16563
2021-10-11T13:00:00Z,41794,34857,22132,19178,6937,21409,21305,25952,15015
2021-10-11T14:00:00Z,40430,35743,21472,19578,4687,22116,22015,24944,14496
2021-10-11T15:00:00Z,43042,38220,23714,21720,4822,22259,22155,25608,14997
2021-10-11T16:00:00Z,44242,38830,23937,21844,5412,22133,22021,25958,15249
2021-10-11T17:00:00Z,41610,36034,22192,20082,5576,20182,20069,24669,14109
2021-10-11T18:00:00Z,40400,34319,21818,19287,6081,19281,19164,23817,14137
2021-10-11T19:00:00Z,42549,36070,23256,20689,6479,19506,19405,24089,14241
2021-10-11T20:00:00Z,42208,35507,22957,20152,6701,18873,18753,23809,14158
2021-10-11T21:00:00Z,43579,35705,23854,20895,7874,18323,18221,22950,13876
2021-10-11T22:00:00Z,43020,35505,23752,20647,7515,17124,17011,21616,13246
2021-10-11T23:00:00Z,45807,37642,25911,22435,8165,16867,16767,22282,13900
2021-10-12T00:00:00Z,52604,42680,30806,25102,9924,18365,18257,26889,17658
2021-10-12T01:00:00Z,54462,45346,31841,25857,9116,21071,20975,28939,18714
2021-10-12T02:00:00Z,54713,47290,30879,26974,7423,21681,21575,27224,16031
2021-10-12T03:00:00Z,53024,45864,29257,25808,7160,21572,21485,26805,15688
2021-10-12T04:00:00Z,47996,41245,26699,23712,6751,18734,18638,24100,14334
2021-10-12T05:00:00Z,46232,40193,25423,22313,6039,19087,18990,23594,13804
2021-10-12T06:00:00Z,47587,41308,25047,21797,6279,21494,21392,26106,14852
2021-10-12T07:00:00Z,44425,39021,23159,20531,5404,21900,21789,25461,14161
2021-10-12T08:00:00Z,44605,39085,23310,20749,5520,22375,22270,26208,14801
2021-10-12T09:00:00Z,44299,38676,23128,20574,5623,22344,22228,25777,14798
2021-10-12T10:00:00Z,42086,36579,22845,20215,5507,20713,20605,24502,14388
2021-10-12T11:00:00Z,43412,37870,23136,20485,5542,21271,21161,24926,14391
2021-10-12T12:00:00Z,44766,37438,25252,20490,7328,21903,21795,27470,16959
2021-10-12T13:00:00Z,42087,36187,23399,20164,5900,22079,21969,26307,15864
2021-10-12T14:00:00Z,40586,36290,21738,19753,4296,22468,22353,25281,14933
2021-10-12T15:00:00Z,41166,36682,22200,20207,4484,22400,22285,25500,15049
2021-10-12T16:00:00Z,39909,34013,20849,18968,5896,20360,20245,24700,13988
2021-10-12T17:00:00Z,41194,34805,21617,19311,6389,20278,20170,24816,14093
2021-10-12T18:00:00Z,46379,29723,19066,16830,16656,17820,17718,29078,12966
2021-10-12T19:00:00Z,99314,28178,18387,16203,71136,17111,17007,61888,12339
2021-10-12T20:00:00Z,100759,27483,18562,16178,73276,16177,16075,62619,12026
2021-10-12T21:00:00Z,77688,27422,18341,15911,50266,15691,15586,47600,11707
2021-10-12T22:00:00Z,46680,14451,10193,8676,32229,9209,9124,31679,7138
2021-10-12T23:00:00Z,45615,32385,23116,19715,13230,15513,15415,24440,12708
2021-10-13T00:00:00Z,45833,33500,25270,19866,12333,16404,16301,25204,15852
2021-10-13T01:00:00Z,48828,39257,28558,22710,9571,19209,19109,26627,17239
2021-10-13T02:00:00Z,53691,44948,29879,25728,8743,22014,21913,27403,16416
2021-10-13T03:00:00Z,49415,41834,27459,23959,7581,20715,20626,25328,15013
2021-10-13T04:00:00Z,44640,36314,24616,21306,8326,17378,17281,22569,13470
2021-10-13T05:00:00Z,45750,38245,24810,21359,7505,18969,18869,23486,13668
2021-10-13T06:00:00Z,46020,39634,24510,21340,6386,20681,20582,25142,14446
2021-10-13T07:00:00Z,41358,36225,21497,19074,5133,20674,20574,23947,13584
2021-10-13T08:00:00Z,41510,36175,21356,18951,5335,21093,20992,24524,13816
2021-10-13T09:00:00Z,40484,35195,21274,18770,5289,21058,20949,24333,14004
2021-10-13T10:00:00Z,39837,34179,21234,18711,5658,19688,19582,23457,13615
2021-10-13T11:00:00Z,41505,35497,21826,19274,6008,20301,20203,23932,13891
2021-10-13T12:00:00Z,42097,34346,23313,18580,7751,20547,20444,26147,16225
2021-10-13T13:00:00Z,39944,33794,21927,18730,6150,21053,20943,25029,14996
2021-10-13T14:00:00Z,39104,34718,21105,19066,4386,21868,21772,24763,14668
2021-10-13T15:00:00Z,38711,34094,20672,18669,4617,21215,21118,24432,14317
2021-10-13T16:00:00Z,39690,34931,21374,19402,4759,21219,21116,24370,14535
2021-10-13T17:00:00Z,38380,33283,20853,18656,5097,19731,19611,23042,13774
2021-10-13T18:00:00Z,39608,33614,21187,18550,5994,19426,19324,23764,14075
2021-10-13T19:00:00Z,41446,36205,23026,20438,5241,20506,20398,24334,14707
2021-10-13T20:00:00Z,42414,36332,23216,20321,6082,19791,19676,23767,14454
2021-10-13T21:00:00Z,42025,35889,23071,20232,6136,18677,18555,22649,13781
2021-10-13T22:00:00Z,43206,36885,24352,21142,6321,17976,17876,22397,13762
2021-10-13T23:00:00Z,44420,37424,25438,22003,6996,17860,17768,22847,14425
2021-10-14T00:00:00Z,54094,42547,31197,24824,11547,19557,19449,28555,18744
2021-10-14T01:00:00Z,52815,43958,30953,25166,8857,20939,20845,28291,18439
2021-10-14T02:00:00Z,57109,49468,31962,28087,7641,23487,23398,28876,17196
2021-10-14T03:00:00Z,55490,47360,30504,26615,8130,21864,21768,27280,16255
2021-10-14T04:00:00Z,45480,37322,25691,22173,8158,17394,17303,22985,14056
2021-10-14T05:00:00Z,48492,41513,26386,22774,6979,19139,19050,23800,14043
2021-10-14T06:00:00Z,47551,41412,25664,22385,6139,21627,21520,26135,14932
2021-10-14T07:00:00Z,47163,41197,25038,22211,5966,22297,22187,26216,14638
2021-10-14T08:00:00Z,42308,36752,22496,20052,5556,21121,21003,24629,14029
2021-10-14T09:00:00Z,39664,34934,20977,18730,4730,20721,20613,24042,13775
2021-10-14T10:00:00Z,41509,36276,22806,20482,5233,20226,20131,23689,13802
2021-10-14T11:00:00Z,47250,41227,25632,23042,6023,22315,22200,26342,15417
2021-10-14T12:00:00Z,46861,39175,26756,21855,7686,22189,22070,28186,17551
2021-10-14T13:00:00Z,42026,36319,23116,20024,5707,21310,21203,25628,15269
2021-10-14T14:00:00Z,37378,33497,20465,18616,3881,20789,20684,23488,13780
2021-10-14T15:00:00Z,38138,34011,20847,18857,4127,20995,20891,23985,14294
2021-10-14T16:00:00Z,39592,35192,21273,19406,4400,21116,21004,24323,14281
2021-10-14T17:00:00Z,38273,33889,20756,18804,4384,19859,19760,23096,13619
2021-10-14T18:00:00Z,40594,35220,22021,19430,5374,20119,20004,24195,14533
2021-10-14T19:00:00Z,41107,35439,22702,20179,5668,19944,19833,23920,14457
2021-10-14T20:00:00Z,39431,33756,22035,19289,5675,18600,18487,22574,13862
2021-10-14T21:00:00Z,41842,34965,23018,19972,6877,18377,18266,22430,13753
2021-10-14T22:00:00Z,42490,36177,24338,21266,6313,17852,17747,22158,13943
2021-10-14T23:00:00Z,44535,37000,25288,21641,7535,17259,17161,22198,14098
2021-10-15T00:00:00Z,49871,38310,28634,22826,11561,17879,17776,26285,17348
2021-10-15T01:00:00Z,51523,42368,30660,24779,9155,20170,20074,27970,18136
2021-10-15T02:00:00Z,53571,45380,30255,26128,8191,21520,21413,26830,16016
2021-10-15T03:00:00Z,52226,44968,30467,26838,7258,20338,20250,25041,15051
2021-10-15T04:00:00Z,45125,37474,25715,22513,7651,16867,16773,22202,13453
2021-10-15T05:00:00Z,46923,40449,27794,24284,6474,17993,17902,22334,13376
2021-10-15T06:00:00Z,46682,40576,25907,22462,6106,20498,20392,25390,14816
2021-10-15T07:00:00Z,47296,41801,25249,22565,5495,22124,22019,25857,14621
2021-10-15T08:00:00Z,46465,40562,24400,21631,5903,21849,21746,26445,14916
2021-10-15T09:00:00Z,44535,39358,24096,21555,5177,21539,21436,25243,14678
2021-10-15T10:00:00Z,44530,38717,24139,21349,5813,20749,20641,24916,14742
2021-10-15T11:00:00Z,46479,40484,25462,22778,5995,21046,20938,25337,14902
2021-10-15T12:00:00Z,45897,37823,26361,21314,8074,21100,20995,27355,17201
2021-10-15T13:00:00Z,42295,35738,23412,19947,6557,20849,20740,25806,15481
2021-10-15T14:00:00Z,40257,35887,21749,19617,4370,21451,21347,24695,14587
2021-10-15T15:00:00Z,38286,33912,20783,18655,4374,20466,20380,23832,14116
2021-10-15T16:00:00Z,37577,33016,20582,18585,4561,19318,19211,22887,13531
2021-10-15T17:00:00Z,39123,34281,21250,19013,4842,19255,19155,22834,13755
2021-10-15T18:00:00Z,42643,37226,23780,20872,5417,19961,19861,23950,14792
2021-10-15T19:00:00Z,43966,38390,24865,21969,5576,20016,19919,24341,15017
2021-10-15T20:00:00Z,43390,37680,24454,21531,5710,19443,19331,23256,14525
2021-10-15T21:00:00Z,42528,36594,24391,21387,5934,18054,17962,22075,13845
2021-10-15T22:00:00Z,42019,35831,24791,21542,6188,16494,16389,20987,13230
2021-10-15T23:00:00Z,44923,38501,27171,23462,6422,16100,16014,21234,13850
2021-10-16T00:00:00Z,50402,40629,31783,24988,9773,16059,15968,24963,17741
2021-10-16T01:00:00Z,50267,40518,33081,26310,9749,15732,15653,24424,16981
2021-10-16T02:00:00Z,49374,42738,31328,26725,6636,16563,16485,22483,14575
2021-10-16T03:00:00Z,50861,44500,32207,27742,6361,17092,17014,22668,14358
2021-10-16T04:00:00Z,52889,46566,33370,29262,6323,16356,16278,22353,14215
2021-10-16T05:00:00Z,48496,42149,29799,25548,6347,16339,16275,21832,13597
2021-10-16T06:00:00Z,50785,44648,30600,26206,6137,17792,17721,23696,14685
2021-10-16T07:00:00Z,53290,47521,31882,28065,5769,19301,19236,24348,14524
2021-10-16T08:00:00Z,55891,49432,33113,28954,6459,20631,20555,26266,15944
2021-10-16T09:00:00Z,55649,49821,33679,29736,5828,20997,20924,26687,16209
2021-10-16T10:00:00Z,56469,50517,33953,29952,5952,20905,20837,26947,16471
2021-10-16T11:00:00Z,53079,47028,31726,27772,6051,20234,20157,25567,15583
2021-10-16T12:00:00Z,63918,51896,41358,31427,12022,22391,22310,32168,21647
2021-10-16T13:00:00Z,63653,55220,39124,32791,8433,24232,24168,32096,20521
2021-10-16T14:00:00Z,58131,52709,34123,30577,5422,24584,24513,29969,18293
2021-10-16T15:00:00Z,60682,55029,36492,32917,5653,24819,24735,30132,18723
2021-10-16T16:00:00Z,56275,51564,33447,30643,4711,23584,23500,28893,18021
2021-10-16T17:00:00Z,56393,51274,33565,30254,5119,22882,22800,27929,17370
2021-10-16T18:00:00Z,54723,49199,33172,29255,5524,22065,21994,27685,17801
2021-10-16T19:00:00Z,55734,49999,34814,30902,5735,21259,21189,26323,17010
2021-10-16T20:00:00Z,54062,48264,33776,30059,5798,19711,19631,24937,16474
2021-10-16T21:00:00Z,49990,44096,31041,27200,5894,18177,18103,22911,15022
2021-10-16T22:00:00Z,49243,43492,31108,27262,5751,16984,16908,22228,14486
2021-10-16T23:00:00Z,49834,43355,32879,28372,6479,16220,16150,21896,15044
2021-10-17T00:00:00Z,55512,42996,37383,27705,12516,16165,16094,28076,20780
2021-10-17T01:00:00Z,56020,45264,37371,29441,10756,15970,15907,25868,18500
2021-10-17T02:00:00Z,53363,46805,34480,29986,6558,16824,16766,22692,14783
2021-10-17T03:00:00Z,53166,47082,34154,29944,6084,17156,17084,22609,14453
2021-10-17T04:00:00Z,52683,47205,33927,30181,5478,16710,16645,22404,14326
2021-10-17T05:00:00Z,52309,46469,33425,29253,5840,17254,17182,22509,14147
2021-10-17T06:00:00Z,52712,46264,32061,27519,6448,19146,19076,24740,15712
2021-10-17T07:00:00Z,54493,48873,33439,29543,5620,19549,19471,24565,14994
2021-10-17T08:00:00Z,54986,48912,32576,28755,6074,20740,20669,25658,15886
2021-10-17T09:00:00Z,55775,50071,33760,30004,5704,21265,21196,26305,16352
2021-10-17T10:00:00Z,56268,50649,33766,30038,5619,21736,21657,27234,16794
2021-10-17T11:00:00Z,54885,49315,32831,29147,5570,21704,21632,26707,16166
2021-10-17T12:00:00Z,65365,53494,41161,31785,11871,23459,23376,33479,22169
2021-10-17T13:00:00Z,66449,57694,40843,34528,8755,25956,25882,33858,21891
2021-10-17T14:00:00Z,63112,57086,36998,33417,6026,27056,26975,32403,19954
2021-10-17T15:00:00Z,63482,57437,37351,33814,6045,26700,26620,32219,20040
2021-10-17T16:00:00Z,59328,54700,35541,32809,4628,25607,25529,30659,19346
2021-10-17T17:00:00Z,59553,54121,35815,32670,5432,24570,24492,29416,18568
2021-10-17T18:00:00Z,58108,52214,35408,31540,5894,23536,23463,29382,19110
2021-10-17T19:00:00Z,60305,53733,36099,32270,6572,23348,23261,28828,18561
2021-10-17T20:00:00Z,58514,52662,36227,32475,5852,22037,21963,27184,17859
2021-10-17T21:00:00Z,57901,51693,36113,32305,6208,20662,20579,25547,16505
2021-10-17T22:00:00Z,52303,46300,32661,28860,6003,18628,18556,23409,15273
2021-10-17T23:00:00Z,53284,45835,33142,28954,7449,18394,18312,23973,15977
2021-10-18T00:00:00Z,56591,41449,32014,25647,15142,17876,17801,27865,18541
2021-10-18T01:00:00Z,50664,37971,27593,22307,12693,18357,18276,26861,16362
2021-10-18T02:00:00Z,48520,39901,26667,23153,8619,19781,19695,25562,14936
2021-10-18T03:00:00Z,47119,38860,25212,21958,8259,18893,18817,24454,13654
2021-10-18T04:00:00Z,40600,31046,21450,18667,9554,15280,15196,20841,12010
2021-10-18T05:00:00Z,43936,36224,24050,20923,7712,17504,17420,22385,12969
2021-10-18T06:00:00Z,44058,36464,23077,19954,7594,19274,19175,24610,13909
2021-10-18T07:00:00Z,39873,33973,19935,17787,5900,19274,19183,23352,12677
2021-10-18T08:00:00Z,40495,34918,20989,18921,5577,19921,19836,23693,12985
2021-10-18T09:00:00Z,42130,36515,21337,19096,5615,20467,20358,24160,13534
2021-10-18T10:00:00Z,39069,33466,20628,18427,5603,19027,18926,22658,12912
2021-10-18T11:00:00Z,40928,34575,21277,19118,6353,20095,19994,23879,13464
2021-10-18T12:00:00Z,41090,33488,22754,18448,7602,19949,19843,25466,15506
2021-10-18T13:00:00Z,36782,31271,19945,17417,5511,19628,19528,23538,13696
2021-10-18T14:00:00Z,35127,30762,18548,16814,4365,19782,19671,22545,12911
2021-10-18T15:00:00Z,34797,29574,18767,16639,5223,18897,18796,22012,12857
2021-10-18T16:00:00Z,38139,32460,20497,18284,5679,19562,19458,23336,13561
2021-10-18T17:00:00Z,39757,33391,21567,18892,6366,19388,19272,23492,13729
2021-10-18T18:00:00Z,38003,31500,20559,17781,6503,18653,18539,22816,13570
2021-10-18T19:00:00Z,42456,35134,23186,20237,7322,19703,19589,23986,14448
2021-10-18T20:00:00Z,39888,32828,21906,19068,7060,18626,18511,22738,13654
2021-10-18T21:00:00Z,41469,32676,21804,18782,8793,18070,17951,22570,13253
2021-10-18T22:00:00Z,44520,35727,25944,22434,8793,16701,16589,21249,12897
2021-10-18T23:00:00Z,48216,38558,28984,24884,9658,16540,16445,21867,13718
2021-10-19T00:00:00Z,54113,42511,32896,26317,11602,18126,18017,26789,17674
2021-10-19T01:00:00Z,54038,43392,32833,26285,10646,19492,19403,27500,17625
2021-10-19T02:00:00Z,54005,44977,31889,27202,9028,20743,20638,26453,15869
2021-10-19T03:00:00Z,52108,44274,29512,25511,7834,20998,20913,26432,15477
2021-10-19T04:00:00Z,46145,38788,26816,23139,7357,17712,17616,23267,14336
2021-10-19T05:00:00Z,46235,40147,26850,23229,6088,19057,18958,23724,14025
2021-10-19T06:00:00Z,48790,43071,26786,23436,5719,21668,21568,26460,15219
2021-10-19T07:00:00Z,43250,38116,23413,20673,5134,21207,21107,25141,14180
2021-10-19T08:00:00Z,41230,36329,21782,19384,4901,20816,20711,24497,13903
2021-10-19T09:00:00Z,41553,36885,21779,19457,4668,21304,21183,25000,14193
2021-10-19T10:00:00Z,43798,38950,23823,21380,4848,20997,20894,25061,14596
2021-10-19T11:00:00Z,45084,39773,24516,22023,5311,21247,21148,25312,14699
2021-10-19T12:00:00Z,46648,39351,26317,21734,7297,22421,22331,28144,17302
2021-10-19T13:00:00Z,37246,32639,20807,18091,4607,20272,20175,23926,14326
2021-10-19T14:00:00Z,34097,30751,18380,16683,3346,19899,19790,22448,12946
2021-10-19T15:00:00Z,36318,32419,19479,17716,3899,19958,19860,23100,13489
2021-10-19T16:00:00Z,37831,33882,20262,18466,3949,19972,19864,23398,13817
2021-10-19T17:00:00Z,39966,35829,21902,19844,4137,20824,20727,23936,14155
2021-10-19T18:00:00Z,40994,36173,23169,20678,4821,20288,20190,24092,14671
2021-10-19T19:00:00Z,43751,38711,24876,22334,5040,20856,20751,24602,14886
2021-10-19T20:00:00Z,41012,35288,22863,20551,5724,19490,19387,23619,14059
2021-10-19T21:00:00Z,43301,36431,23893,21294,6870,18948,18846,23248,13823
2021-10-19T22:00:00Z,43682,37690,24805,22088,5992,18187,18090,22525,13879
2021-10-19T23:00:00Z,45046,39028,26791,23583,6018,17539,17446,22145,14327
2021-10-20T00:00:00Z,52974,42600,29379,24124,10374,18589,18485,26752,17558
2021-10-20T01:00:00Z,51340,43199,29077,23677,8141,19952,19865,27366,17632
2021-10-20T02:00:00Z,54484,47550,30283,26562,6934,22022,21920,27482,16487
2021-10-20T03:00:00Z,52839,46658,30079,26748,6181,21145,21056,26119,15618
2021-10-20T04:00:00Z,43052,36799,25169,22294,6253,17617,17521,22372,13624
2021-10-20T05:00:00Z,49803,40156,28197,23261,9647,18961,18852,24679,14700
2021-10-20T06:00:00Z,47822,38783,25532,20820,9039,20377,20275,26310,15159
2021-10-20T07:00:00Z,42053,37041,21992,19250,5012,21036,20937,24763,13869
2021-10-20T08:00:00Z,43187,38482,22769,20344,4705,22154,22047,25643,14500
2021-10-20T09:00:00Z,42310,36919,22604,19766,5391,21842,21728,25187,14520
2021-10-20T10:00:00Z,43759,38556,23936,21177,5203,21468,21369,25049,14698
2021-10-20T11:00:00Z,44071,38585,24020,21153,5486,21880,21775,25567,14831
2021-10-20T12:00:00Z,48228,40726,26669,21596,7502,23151,23039,29191,17815
2021-10-20T13:00:00Z,44011,38353,24575,21045,5658,22928,22822,27475,16707
2021-10-20T14:00:00Z,36651,33110,19929,18069,3541,21196,21104,23958,14096
2021-10-20T15:00:00Z,38372,34365,20687,18667,4007,21444,21346,24382,14265
2021-10-20T16:00:00Z,37386,33804,20547,18752,3582,20343,20240,23399,14009
2021-10-20T17:00:00Z,40264,35935,21673,19582,4329,20717,20607,24181,14210
2021-10-20T18:00:00Z,40841,36339,22578,20128,4502,20617,20505,24690,14920
2021-10-20T19:00:00Z,42449,37462,23845,21265,4987,20664,20553,24685,15190
2021-10-20T20:00:00Z,43759,38405,24486,21732,5354,20619,20515,24757,15216
2021-10-20T21:00:00Z,41803,36701,23511,20829,5102,19251,19144,23173,14307
2021-10-20T22:00:00Z,42136,36760,23774,20889,5376,18100,18001,22236,13908
2021-10-20T23:00:00Z,43915,37433,25753,22242,6482,17840,17742,22681,14431
2021-10-21T00:00:00Z,52954,41460,30435,24831,11494,19177,19079,28006,18287
2021-10-21T01:00:00Z,51410,43104,30451,24886,8306,20656,20566,28388,18250
2021-10-21T02:00:00Z,52914,45180,29575,25593,7734,21622,21520,27850,16428
2021-10-21T03:00:00Z,50281,43259,28278,24656,7022,20663,20575,25974,15403
2021-10-21T04:00:00Z,46756,39203,26495,22975,7553,18105,18016,23880,14334
2021-10-21T05:00:00Z,48773,41499,27436,23432,7274,19689,19606,24857,14601
2021-10-21T06:00:00Z,47021,41015,25589,22253,6006,21435,21339,26174,15146
2021-10-21T07:00:00Z,41761,36543,22096,19501,5218,20811,20715,23997,13538
2021-10-21T08:00:00Z,41234,36424,21768,19277,4810,21451,21353,25004,14225
2021-10-21T09:00:00Z,41992,37240,22590,20123,4752,21878,21773,24958,14498
2021-10-21T10:00:00Z,43936,38830,24099,21509,5106,21638,21536,25222,14940
2021-10-21T11:00:00Z,41918,36575,22500,20118,5343,20712,20611,24307,13954
2021-10-21T12:00:00Z,44847,37655,25608,21080,7192,21823,21713,27313,16845
2021-10-21T13:00:00Z,40626,34662,22129,19028,5964,21507,21394,26061,15304
2021-10-21T14:00:00Z,38696,34758,20965,19007,3938,21952,21829,24926,14773
2021-10-21T15:00:00Z,31037,28111,16663,15429,2926,18783,18683,21118,12309
2021-10-21T16:00:00Z,36381,32394,19463,17808,3987,19938,19814,23162,13605
2021-10-21T17:00:00Z,42460,36180,22433,20233,6280,21010,20896,25722,14598
2021-10-21T18:00:00Z,44214,32735,21120,18681,11479,19220,19108,28182,13769
2021-10-21T19:00:00Z,42787,37823,24124,21686,4964,20824,20725,24477,14948
2021-10-21T20:00:00Z,40641,35491,23001,20577,5150,19465,19358,22909,14051
2021-10-21T21:00:00Z,40872,35519,22903,20419,5353,18571,18466,22377,13688
2021-10-21T22:00:00Z,43952,37511,25270,22184,6441,17755,17654,22083,13747
2021-10-21T23:00:00Z,43907,37017,25669,22381,6890,17147,17052,21884,13864
2021-10-22T00:00:00Z,47960,36479,27243,22142,11481,17322,17219,25432,16225
2021-10-22T01:00:00Z,52175,42881,31041,25271,9294,20238,20142,27676,18054
2021-10-22T02:00:00Z,53131,45502,30018,26134,7629,21656,21561,26705,16028
2021-10-22T03:00:00Z,53391,45929,30398,26630,7462,21447,21355,26495,15781
2021-10-22T04:00:00Z,46892,39808,26726,23591,7084,17440,17350,22682,13537
2021-10-22T23:00:00Z,3479,3036,2108,1855,443,1856,1828,2297,1496
2021-10-23T00:00:00Z,52287,41221,32974,25638,11066,16435,16349,26375,18504
2021-10-23T01:00:00Z,47698,37397,30219,23396,10301,15280,15200,23762,16449
2021-10-23T23:00:00Z,3758,3380,2348,2129,378,1995,1979,2357,1576
2021-10-24T00:00:00Z,55252,43045,37564,28037,12207,16043,15968,27859,20792
2021-10-24T01:00:00Z,51847,40590,33723,26009,11257,15991,15926,25853,18522
2021-10-24T02:00:00Z,51787,44690,33192,28465,7097,17107,17043,22997,15111
2021-10-24T23:00:00Z,4389,3961,2836,2581,428,2269,2251,2684,1788
2021-10-25T00:00:00Z,54933,41261,32381,26047,13672,17548,17469,27228,18080
2021-10-25T23:00:00Z,2999,2670,1763,1584,329,1739,1719,2040,1263
2021-10-29T19:00:00Z,121903,107277,64512,57394,14626,36674,36536,44106,28627
2021-10-29T20:00:00Z,121069,106107,64708,57514,14962,35083,34940,43416,28248
2021-10-29T21:00:00Z,110942,95745,58684,51776,15197,31112,30990,39264,25194
2021-10-29T22:00:00Z,97563,83482,52996,46199,14081,26415,26295,34221,22329
2021-10-29T23:00:00Z,90576,77286,51359,44462,13290,23608,23497,32319,21540
2021-10-30T00:00:00Z,93327,73678,54979,42315,19649,22257,22142,37888,27520
2021-10-30T01:00:00Z,84544,66155,50538,39221,18389,21069,20976,35341,24613
2021-10-30T02:00:00Z,82016,69413,48087,40898,12603,21361,21273,30032,18815
2021-10-30T03:00:00Z,80908,69105,47408,40245,11803,21689,21605,29791,18640
2021-10-30T04:00:00Z,78302,68155,46872,40722,10147,20615,20535,28465,18149
2021-10-30T05:00:00Z,79780,68950,47402,40661,10830,21093,21015,29084,18055
2021-10-30T06:00:00Z,84545,73458,48603,41385,11087,23049,22966,31729,19943
2021-10-30T07:00:00Z,83997,74288,47913,41850,9709,24749,24674,31926,19293
2021-10-30T08:00:00Z,90650,79735,51654,44873,10915,26449,26364,34760,21290
2021-10-30T09:00:00Z,93279,81944,52616,45522,11335,27351,27260,35415,22198
2021-10-30T10:00:00Z,94273,83278,53996,47106,10995,27448,27363,35498,22261
2021-10-30T11:00:00Z,95070,84232,55088,48345,10838,27780,27691,35219,22179
2021-10-30T12:00:00Z,110477,90813,68148,52541,19664,30084,29982,43832,29442
2021-10-30T13:00:00Z,115474,100355,68497,57765,15119,32680,32590,45253,29624
2021-10-30T14:00:00Z,111074,99729,61537,54776,11345,34965,34874,44061,27357
2021-10-30T15:00:00Z,111399,100299,62385,55937,11100,34732,34640,43604,27632
2021-10-30T16:00:00Z,110461,100293,60779,55445,10168,33734,33634,42793,27117
2021-10-30T17:00:00Z,104479,94355,58851,52897,10124,31358,31281,39565,25201
2021-10-30T18:00:00Z,102648,91383,59094,51801,11265,30054,29977,39473,26079
2021-10-30T19:00:00Z,94400,84193,55567,49290,10207,27924,27839,35136,23319
2021-10-30T20:00:00Z,91693,81019,53827,47402,10674,26306,26220,33819,22361
2021-10-30T21:00:00Z,82591,72844,48850,42667,9747,23393,23319,30273,20119
2021-10-30T22:00:00Z,75768,66313,45748,39844,9455,20415,20341,27262,18214
2021-10-30T23:00:00Z,70921,61329,44556,38222,9592,19289,19218,26562,18300
2021-10-31T00:00:00Z,81867,62434,53130,39066,19433,18816,18749,35419,26942
2021-10-31T01:00:00Z,74421,56731,46232,35237,17690,18011,17942,31440,22672
2021-10-31T02:00:00Z,70346,60060,42995,36706,10286,19020,18949,26358,17068
2021-10-31T03:00:00Z,69769,60548,42319,36403,9221,19450,19387,26439,16796
2021-10-31T04:00:00Z,70029,61311,42265,36698,8718,19110,19039,26840,17235
2021-10-31T05:00:00Z,72020,62822,43545,37367,9198,19812,19747,27039,17002
2021-10-31T06:00:00Z,79801,69434,47813,40889,10367,21761,21679,29737,19194
2021-10-31T07:00:00Z,84613,75346,49715,43745,9267,23723,23642,30642,18847
2021-10-31T08:00:00Z,90621,79549,51791,45150,11072,25790,25705,33129,20711
2021-10-31T09:00:00Z,94503,83440,54805,48478,11063,27288,27203,35295,22352
2021-10-31T10:00:00Z,96188,85611,55278,48973,10577,28306,28215,36224,22805
2021-10-31T11:00:00Z,99286,88995,56854,50541,10291,29307,29223,37096,23220
2021-10-31T12:00:00Z,116514,95513,70573,55259,21001,31452,31356,45106,30446
2021-10-31T13:00:00Z,118346,102085,69308,58676,16261,34528,34436,47110,31002
2021-10-31T14:00:00Z,121357,109475,70070,63344,11882,36810,36721,45240,28641
2021-10-31T15:00:00Z,122607,109889,70792,64141,12718,36708,36624,45903,29262
2021-10-31T16:00:00Z,120957,110551,69676,64190,10406,35477,35380,44762,28999
2021-10-31T17:00:00Z,123058,110134,70091,63641,12924,34442,34358,43226,27986
2021-10-31T18:00:00Z,118683,106709,69918,62442,11974,32876,32790,42015,28265
2021-10-31T19:00:00Z,108039,96920,64359,57907,11119,30210,30119,38066,25263
2021-10-31T20:00:00Z,102653,91949,60958,54452,10704,28910,28827,36656,24348
2021-10-31T21:00:00Z,94321,83912,54785,48615,10409,26908,26832,33893,22578
2021-10-31T22:00:00Z,89169,79245,54359,48500,9924,24379,24303,31063,20923
2021-10-31T23:00:00Z,88269,76381,55676,49272,11888,23339,23260,30626,21317
2021-11-01T00:00:00Z,114056,81139,64563,51084,32917,24388,24294,41805,29575
2021-11-01T01:00:00Z,122169,84796,63018,50915,37373,27317,27216,42848,27893
2021-11-01T02:00:00Z,114736,90252,59932,52184,24484,29853,29749,38217,22765
2021-11-01T03:00:00Z,119786,87038,58590,50463,32748,29230,29130,38090,22154
2021-11-01T04:00:00Z,116059,79054,54792,47658,37005,24691,24589,34505,20490
2021-11-01T05:00:00Z,106625,83208,57970,50693,23417,26119,26024,34222,20259
2021-11-01T06:00:00Z,122129,98219,64342,56518,23910,32050,31929,40941,24093
2021-11-01T07:00:00Z,129279,105158,64381,57647,24121,35850,35728,43228,24638
2021-11-01T08:00:00Z,153970,121169,74581,66638,32801,40464,40327,49532,28708
2021-11-01T09:00:00Z,152347,123951,75005,66493,28396,42286,42143,51423,29916
2021-11-01T10:00:00Z,147952,117942,72259,63307,30010,40990,40851,50128,30163
2021-11-01T11:00:00Z,160963,125559,75439,66086,35404,41186,41030,50527,30339
2021-11-01T12:00:00Z,167597,132459,89122,73133,35138,45290,45132,60174,38529
2021-11-01T13:00:00Z,174882,140907,87461,75528,33975,49473,49318,62659,39322
2021-11-01T14:00:00Z,177967,152759,90021,81289,25208,53344,53176,62420,38993
2021-11-01T15:00:00Z,176646,150993,89194,81167,25653,52632,52468,62170,38598
2021-11-01T16:00:00Z,169415,144855,84322,77002,24560,50177,50001,59713,36950
2021-11-01T17:00:00Z,167610,139545,84344,76069,28065,47343,47162,57182,35763
2021-11-01T18:00:00Z,161372,132956,84096,74273,28416,44630,44477,55805,35788
2021-11-01T19:00:00Z,154932,128135,79847,70672,26797,42602,42460,52849,33623
2021-11-01T20:00:00Z,155614,126756,81379,72214,28858,41573,41426,51809,33318
2021-11-01T21:00:00Z,142939,116015,73387,65093,26924,38107,37944,47807,30648
2021-11-01T22:00:00Z,131259,104879,69426,61031,26380,33215,33069,42340,27241
2021-11-01T23:00:00Z,119640,94634,63926,55813,25006,30785,30660,40257,26660
2021-11-02T00:00:00Z,117271,92979,67225,55119,24292,30609,30480,45485,31718
2021-11-02T01:00:00Z,109022,91272,63159,51916,17750,32317,32200,46148,30842
2021-11-02T02:00:00Z,109197,94582,61324,53583,14615,34122,34010,42760,26274
2021-11-02T03:00:00Z,104868,90477,56633,49513,14391,31914,31796,39820,24113
2021-11-02T04:00:00Z,94455,78917,52233,45907,15538,27253,27158,35483,21794
2021-11-02T05:00:00Z,97280,83480,54493,47308,13800,28646,28538,36343,22072
2021-11-02T06:00:00Z,110874,95209,58218,50063,15665,34175,34051,43152,25441
2021-11-02T07:00:00Z,124830,109188,63723,56106,15642,39361,39235,47774,27772
2021-11-02T08:00:00Z,141968,124171,70395,62486,17797,45263,45111,52872,31391
2021-11-02T09:00:00Z,147362,129639,72537,64175,17723,47061,46895,55300,33242
2021-11-02T10:00:00Z,147437,127263,72219,64283,20174,45642,45481,53734,32579
2021-11-02T11:00:00Z,143207,124526,73017,64554,18681,44467,44321,53166,32483
2021-11-02T12:00:00Z,158048,133762,85440,69984,24286,48374,48218,62419,40227
2021-11-02T13:00:00Z,168773,146536,87052,74931,22237,54023,53865,66334,42375
2021-11-02T14:00:00Z,168994,151639,84410,76628,17355,57063,56900,64690,40612
2021-11-02T15:00:00Z,169068,142170,79087,71974,26898,55593,55410,66242,39669
2021-11-02T16:00:00Z,153489,137500,77640,71090,15989,52077,51905,59549,38008
2021-11-02T17:00:00Z,150061,132254,76363,68632,17807,48506,48341,56408,36079
2021-11-02T18:00:00Z,147835,128416,75866,67108,19419,46200,46030,55985,36126
2021-11-02T19:00:00Z,143231,123882,73345,65362,19349,44078,43920,52729,33850
2021-11-02T20:00:00Z,139220,120916,73105,65113,18304,42312,42153,50931,32896
2021-11-02T21:00:00Z,129407,111138,68351,60510,18269,38923,38780,47379,30848
2021-11-02T22:00:00Z,114468,97867,61527,54199,16601,34267,34127,42600,27872
2021-11-02T23:00:00Z,106965,90456,59422,51770,16509,31679,31555,40451,27164
2021-11-03T00:00:00Z,122469,92240,65443,53054,30229,31490,31369,49204,33551
2021-11-03T01:00:00Z,107582,88314,60538,49433,19268,32519,32410,46403,30918
2021-11-03T02:00:00Z,106262,90194,56894,49571,16068,33732,33617,42501,25675
2021-11-03T03:00:00Z,104625,87526,55868,48833,17099,32202,32087,40592,24534
2021-11-03T04:00:00Z,93958,77560,51730,45407,16398,27382,27269,35867,22245
2021-11-03T05:00:00Z,94421,79493,52746,45507,14928,28196,28086,36123,22212
2021-11-03T06:00:00Z,112789,95373,56807,49241,17416,33872,33750,43065,25374
2021-11-03T07:00:00Z,121091,105377,61159,54123,15714,39155,39039,46831,27448
2021-11-03T08:00:00Z,141946,122400,69362,61312,19546,45083,44948,54097,32009
2021-11-03T09:00:00Z,147945,128353,72329,64088,19592,48007,47840,56290,33685
2021-11-03T10:00:00Z,146852,126732,73233,65045,20120,46332,46165,54831,33640
2021-11-03T11:00:00Z,145897,125516,73536,65345,20381,45921,45767,54177,33285
2021-11-03T12:00:00Z,161742,135469,85117,69710,26273,49123,48963,63021,40826
2021-11-03T13:00:00Z,172686,149073,88471,76696,23613,54027,53852,65956,42204
2021-11-03T14:00:00Z,168931,150677,84670,76473,18254,57338,57165,65004,40550
2021-11-03T15:00:00Z,168533,151557,84890,77584,16976,56549,56359,63729,40164
2021-11-03T16:00:00Z,165090,149571,84649,78527,15519,53302,53118,60863,38692
2021-11-03T17:00:00Z,166798,142872,82768,75693,23926,49495,49323,59743,35988
2021-11-03T18:00:00Z,174761,130462,78565,70460,44299,45508,45343,67885,35200
2021-11-03T19:00:00Z,184821,119445,72438,65350,65376,42573,42405,76187,32171
2021-11-03T20:00:00Z,143336,125670,75194,67482,17666,43105,42956,50888,33191
2021-11-03T21:00:00Z,136251,114089,68403,60677,22162,39585,39431,47260,30627
2021-11-03T22:00:00Z,120664,103622,63554,56021,17042,35380,35231,42765,28006
2021-11-03T23:00:00Z,112282,95134,60902,53099,17148,32690,32564,40991,27666
2021-11-04T00:00:00Z,117710,93850,65647,52990,23860,32223,32097,47699,33621
2021-11-04T01:00:00Z,111966,93558,61783,50884,18408,33285,33174,46625,30756
2021-11-04T02:00:00Z,109846,94713,58752,51365,15133,34439,34320,42440,26120
2021-11-04T03:00:00Z,106865,91196,58105,51052,15669,31792,31675,40058,24442
2021-11-04T04:00:00Z,94489,78398,51971,45557,16091,26026,25915,34295,21745
2021-11-04T05:00:00Z,94085,80562,52151,45082,13523,26858,26746,34793,21455
2021-11-04T06:00:00Z,111127,95409,58881,50847,15718,31967,31843,40446,24264
2021-11-04T07:00:00Z,119146,105356,61306,54316,13790,36464,36326,43645,25726
2021-11-04T08:00:00Z,136583,119970,67826,60254,16613,42258,42101,50351,30059
2021-11-04T09:00:00Z,148155,131828,73760,65929,16327,45498,45347,53810,32842
2021-11-04T10:00:00Z,148565,130983,73427,65565,17582,44206,44058,52222,32072
2021-11-04T11:00:00Z,144656,128595,71969,64829,16061,43837,43681,51316,31417
2021-11-04T12:00:00Z,160937,138542,84143,69667,22395,47301,47146,60294,39064
2021-11-04T13:00:00Z,166940,148181,86163,75248,18759,52415,52242,63530,40772
2021-11-04T14:00:00Z,171339,154707,86807,79157,16632,55784,55606,63117,39639
2021-11-04T15:00:00Z,171064,153400,87407,79919,17664,54847,54686,62525,39201
2021-11-04T16:00:00Z,166476,149788,82844,76173,16688,51797,51628,59912,37964
2021-11-04T17:00:00Z,153345,137704,79106,73138,15641,47273,47127,53911,34649
2021-11-04T18:00:00Z,153544,133848,79991,71005,19696,45126,44975,53950,35149
2021-11-04T19:00:00Z,151325,129542,77430,69009,21783,43003,42851,52131,33434
2021-11-04T20:00:00Z,159549,125141,75864,68075,34408,41256,41098,52431,32180
2021-11-04T21:00:00Z,187853,117609,70936,63337,70244,36853,36699,55665,29107
2021-11-04T22:00:00Z,128472,110049,68881,61382,18423,34384,34229,42198,27156
2021-11-04T23:00:00Z,116429,101193,65717,58249,15236,31715,31582,39593,26680
2021-11-05T00:00:00Z,123930,101210,70667,58224,22720,31305,31174,46166,32497
2021-11-05T01:00:00Z,112769,95928,65579,55181,16841,31691,31584,43871,29824
2021-11-05T02:00:00Z,111305,96271,61522,54229,15034,32870,32766,40557,24743
2021-11-05T03:00:00Z,103786,90425,59061,52518,13361,31094,30984,38345,23501
2021-11-05T04:00:00Z,93837,79746,53573,47284,14091,25374,25281,33211,20698
2021-11-05T05:00:00Z,94901,81270,54364,47426,13631,26126,26030,33816,20619
2021-11-05T06:00:00Z,103303,90037,58199,50595,13266,31134,31023,39197,23591
2021-11-05T07:00:00Z,113492,100361,61899,55101,13131,35543,35422,42227,24761
2021-11-05T08:00:00Z,131718,115457,69673,62137,16261,41080,40944,48822,28875
2021-11-05T09:00:00Z,142705,126458,74643,66905,16247,44560,44410,51698,31492
2021-11-05T10:00:00Z,141413,124309,75261,67563,17104,42666,42520,50179,30908
2021-11-05T11:00:00Z,136552,118917,71271,63835,17635,41323,41179,49036,30307
2021-11-05T12:00:00Z,149770,124128,82516,67181,25642,44028,43887,57831,37858
2021-11-05T13:00:00Z,164443,143049,89524,77713,21394,49175,49016,61389,39616
2021-11-05T14:00:00Z,166663,149106,88506,80374,17557,52966,52819,60063,38245
2021-11-05T15:00:00Z,164999,147520,87255,79439,17479,52421,52261,60277,38438
2021-11-05T16:00:00Z,157043,140488,82731,76038,16555,49022,48873,57374,36493
2021-11-05T17:00:00Z,149761,132579,79901,72176,17182,44863,44704,53124,34248
2021-11-05T18:00:00Z,139075,121308,76998,67935,17767,41522,41366,50871,33475
2021-11-05T19:00:00Z,133135,115605,73611,65321,17530,38467,38326,46960,30512
2021-11-05T20:00:00Z,128996,110874,71498,63458,18122,36211,36067,44426,29157
2021-11-05T21:00:00Z,120166,102693,65851,58292,17473,32665,32521,40626,26732
2021-11-05T22:00:00Z,106697,92662,60466,53604,14035,28840,28712,36296,23781
2021-11-05T23:00:00Z,98974,85744,58845,51705,13230,26041,25931,34068,23137
2021-11-06T00:00:00Z,99532,79011,61153,48105,20521,24144,24029,39952,29156
2021-11-06T01:00:00Z,89884,71882,54777,42836,18002,22242,22143,36855,25868
2021-11-06T02:00:00Z,89510,74918,50768,43549,14592,22196,22102,30645,19565
2021-11-06T03:00:00Z,83699,71376,49811,42399,12323,21529,21449,29117,18684
2021-11-06T04:00:00Z,79982,69832,48510,42379,10150,20008,19934,27005,17621
2021-11-06T05:00:00Z,76656,66482,46787,40332,10174,19979,19897,26658,17101
2021-11-06T06:00:00Z,80556,70015,48618,41456,10541,21366,21286,29295,18893
2021-11-06T07:00:00Z,86082,75683,50405,44111,10399,22995,22921,29881,18509
2021-11-06T08:00:00Z,91630,81160,51732,45197,10470,24881,24795,32038,19706
2021-11-06T09:00:00Z,92852,82805,53189,46628,10047,26004,25924,33448,20835
2021-11-06T10:00:00Z,89659,79038,52596,46169,10621,26658,26571,33959,21493
2021-11-06T11:00:00Z,92655,81449,55322,48622,11206,27843,27745,35044,22202
2021-11-06T12:00:00Z,105855,86021,66551,51365,19834,29637,29542,42400,29063
2021-11-06T13:00:00Z,107832,91847,63949,53017,15985,32036,31933,44421,29142
2021-11-06T14:00:00Z,108009,95148,62047,54722,12861,34871,34775,42569,27302
2021-11-06T15:00:00Z,109838,96963,63976,56632,12875,35238,35158,43067,27831
2021-11-06T16:00:00Z,106750,95573,61536,55603,11177,34253,34165,42082,27444
2021-11-06T17:00:00Z,101847,90684,58980,52670,11163,32610,32535,40174,26193
2021-11-06T18:00:00Z,101436,88573,60647,52850,12863,31376,31290,39544,26640
2021-11-06T19:00:00Z,95706,84365,56852,50192,11341,29672,29573,37074,24554
2021-11-06T20:00:00Z,92512,80797,55257,48434,11715,27717,27627,35069,23171
2021-11-06T21:00:00Z,87031,76360,52856,46346,10671,25887,25795,32952,21860
2021-11-06T22:00:00Z,79754,69017,48838,42456,10737,23388,23301,30350,20138
2021-11-06T23:00:00Z,75559,65681,47933,41361,9878,22440,22369,29677,20491
2021-11-07T00:00:00Z,85128,65983,56418,42634,19145,21311,21229,37271,28375
2021-11-07T01:00:00Z,77121,59654,49429,38300,17467,19992,19918,33078,24183
2021-11-07T02:00:00Z,76854,65743,48657,41770,11111,19965,19885,27898,18142
2021-11-07T03:00:00Z,75909,65369,48789,42527,10540,20291,20213,27249,17807
2021-11-07T04:00:00Z,73231,64295,47515,41924,8936,19633,19549,25971,16930
2021-11-07T05:00:00Z,75092,65712,48451,42343,9380,20176,20101,26884,17307
2021-11-07T06:00:00Z,77529,66934,49073,42189,10595,21372,21296,28846,18722
2021-11-07T07:00:00Z,80775,71589,49962,44016,9186,23011,22936,29533,18542
2021-11-07T08:00:00Z,86501,75902,52561,46331,10599,24709,24632,31583,20143
2021-11-07T09:00:00Z,84534,74732,50670,44836,9802,25064,24971,31719,19849
2021-11-07T10:00:00Z,95354,85243,58115,51765,10111,27868,27785,35076,22093
2021-11-07T11:00:00Z,100208,89657,60822,54374,10551,29406,29325,37170,23359
2021-11-07T12:00:00Z,117354,97339,74172,58883,20015,32016,31928,45122,30687
2021-11-07T13:00:00Z,115354,100456,70391,59876,14898,35438,35347,47080,31366
2021-11-07T14:00:00Z,120997,108947,70799,63904,12050,38332,38224,46607,29489
2021-11-07T15:00:00Z,121094,108687,71852,65122,12407,38820,38729,46907,30518
2021-11-07T16:00:00Z,117088,105471,68462,62742,11617,37315,37216,45786,30101
2021-11-07T17:00:00Z,114390,101952,67957,61494,12438,35370,35287,43318,28626
2021-11-07T18:00:00Z,112997,100484,67768,60311,12513,33644,33566,43859,28713
2021-11-07T19:00:00Z,107754,95828,63098,56566,11926,32162,32074,42144,26655
2021-11-07T20:00:00Z,122253,110754,63666,57165,11499,30849,30765,56035,25826
2021-11-07T21:00:00Z,100381,89734,61103,54681,10647,29238,29153,36499,24500
2021-11-07T22:00:00Z,95439,84309,58907,52724,11130,27093,27017,33901,22750
2021-11-07T23:00:00Z,89559,78402,56728,50133,11157,25889,25809,34046,23386
2021-11-08T00:00:00Z,108679,81550,62486,50625,27129,26589,26482,42486,29371
2021-11-08T01:00:00Z,112624,84492,60835,49609,28132,29381,29297,44371,29123
2021-11-08T02:00:00Z,111170,91093,60385,53170,20077,31723,31612,40681,24236
2021-11-08T03:00:00Z,111871,90305,59830,52844,21566,31419,31309,39889,23763
2021-11-08T04:00:00Z,109846,83072,57117,50698,26774,27474,27373,36451,22159
2021-11-08T05:00:00Z,108618,89898,58632,51635,18720,28974,28875,37215,22302
2021-11-08T06:00:00Z,120204,100767,65405,57525,19437,34110,33999,43454,25773
2021-11-08T07:00:00Z,136002,115354,70837,63353,20648,39082,38966,47608,27948
2021-11-08T08:00:00Z,166348,143965,76493,68846,22383,45228,45088,66639,31349
2021-11-08T09:00:00Z,180691,158296,78583,70848,22395,47024,46862,79238,32687
2021-11-08T10:00:00Z,181637,156170,80634,72624,25467,45501,45350,74197,32281
2021-11-08T11:00:00Z,180711,154148,84068,76275,26563,44973,44816,71665,32206
2021-11-08T12:00:00Z,185441,155505,92989,78194,29936,47968,47809,76797,39626
2021-11-08T13:00:00Z,184668,155629,92763,81272,29039,53182,53012,70677,41302
2021-11-08T14:00:00Z,183617,160991,97232,88967,22626,56753,56573,64452,40030
2021-11-08T15:00:00Z,178368,157085,92609,85071,21283,56767,56593,64959,40762
2021-11-08T16:00:00Z,171639,149904,88609,81777,21735,53464,53290,61481,38869
2021-11-08T17:00:00Z,170350,142755,86045,78329,27595,49033,48852,59592,36489
2021-11-08T18:00:00Z,181737,128385,80210,71943,53352,44609,44435,64551,34912
2021-11-08T19:00:00Z,159541,135118,84363,76159,24423,44918,44752,54402,34784
2021-11-08T20:00:00Z,156377,130843,83235,74918,25534,43463,43301,52720,34006
2021-11-08T21:00:00Z,158629,129680,82367,74221,28949,41096,40949,50712,32668
2021-11-08T22:00:00Z,142122,117467,75443,67307,24655,36763,36610,45833,29461
2021-11-08T23:00:00Z,129504,102123,67972,59497,27381,33330,33197,43752,29123
2021-11-09T00:00:00Z,134252,106240,74241,60580,28012,33027,32891,51271,36191
2021-11-09T01:00:00Z,126284,104119,71074,58775,22165,34440,34316,48723,32638
2021-11-09T02:00:00Z,119726,102819,66626,58978,16907,35440,35319,43905,26405
2021-11-09T03:00:00Z,115112,98866,64409,57513,16246,33615,33503,41617,24935
2021-11-09T04:00:00Z,107372,88699,59351,53112,18673,28801,28693,37006,22719
2021-11-09T05:00:00Z,106616,92021,60636,53771,14595,30322,30208,38120,22788
2021-11-09T06:00:00Z,119310,103005,66674,58580,16305,35144,35023,44130,26354
2021-11-09T07:00:00Z,129636,113904,69435,62374,15732,40175,40038,47911,28034
2021-11-09T08:00:00Z,153409,134671,79489,71771,18738,46334,46175,54250,32153
2021-11-09T09:00:00Z,161567,141235,84356,75607,20332,48706,48539,58383,34401
2021-11-09T10:00:00Z,167827,146590,82117,73560,21237,46815,46651,65682,33935
2021-11-09T11:00:00Z,163804,144527,78648,70866,19277,46188,46021,67946,32946
2021-11-09T12:00:00Z,167290,141855,90593,75575,25435,49121,48961,65646,40848
2021-11-09T13:00:00Z,176160,150708,94229,82557,25452,53889,53732,66509,41865
2021-11-09T14:00:00Z,172581,154282,89281,81146,18299,56813,56637,64680,40452
2021-11-09T15:00:00Z,170306,153850,90847,83637,16456,56342,56181,64190,40366
2021-11-09T16:00:00Z,165369,148986,87774,81462,16383,53566,53386,60717,38340
2021-11-09T17:00:00Z,160496,142380,84581,77195,18116,49759,49582,57546,36285
2021-11-09T18:00:00Z,152277,134032,83042,74710,18245,47160,46995,55843,36263
2021-11-09T19:00:00Z,149718,132678,80489,73182,17040,45588,45431,53732,34451
2021-11-09T20:00:00Z,147991,129687,82031,74293,18304,43973,43813,52047,33946
2021-11-09T21:00:00Z,148661,129121,81267,73601,19540,41417,41269,49966,32138
2021-11-09T22:00:00Z,128465,110797,70465,62823,17668,37167,37012,45198,29456
2021-11-09T23:00:00Z,121932,104618,70078,62189,17314,34273,34134,43300,29075
2021-11-10T00:00:00Z,135604,107617,74315,61043,27987,33936,33782,50186,34996
2021-11-10T01:00:00Z,129045,107983,72829,60723,21062,35709,35574,50234,33723
2021-11-10T02:00:00Z,119734,105474,68454,61389,14260,35739,35613,44327,27140
2021-11-10T03:00:00Z,118327,100816,68321,60425,17511,33806,33695,41964,25749
2021-11-10T04:00:00Z,106986,90618,61579,55150,16368,29506,29395,38315,24012
2021-11-10T05:00:00Z,109334,94999,64253,57145,14335,31024,30906,38813,24046
2021-11-10T06:00:00Z,118745,103718,66113,58410,15027,36008,35884,44750,27000
2021-11-10T07:00:00Z,130622,115965,69997,63253,14657,40535,40395,48331,28456
2021-11-10T08:00:00Z,148678,129686,77794,69556,18992,45814,45649,54538,32248
2021-11-10T09:00:00Z,158333,139706,81607,73702,18627,48640,48486,57059,34439
2021-11-10T10:00:00Z,157453,137224,82809,74533,20229,46709,46554,54836,33530
2021-11-10T11:00:00Z,153558,133438,79512,70682,20120,45695,45551,54207,33163
2021-11-10T12:00:00Z,166212,140717,91968,76729,25495,48012,47856,61292,40275
2021-11-10T13:00:00Z,173579,150760,94394,82455,22819,52839,52681,64610,41513
2021-11-10T14:00:00Z,172419,154414,90990,82968,18005,56329,56156,63307,39902
2021-11-10T15:00:00Z,166875,151284,86718,79878,15591,54922,54752,62124,39292
2021-11-10T16:00:00Z,163754,147810,85499,78999,15944,52966,52795,60108,38359
2021-11-10T17:00:00Z,157056,139914,81972,74459,17142,49144,48973,56550,35911
2021-11-10T18:00:00Z,152938,135194,82995,74487,17744,46555,46394,55503,36429
2021-11-10T19:00:00Z,159702,130136,79656,72257,29566,43988,43833,54860,33114
2021-11-10T20:00:00Z,151570,129600,81685,73913,21970,42233,42076,51044,32595
2021-11-10T21:00:00Z,136396,119359,74335,66575,17037,40160,40005,47165,30879
2021-11-10T22:00:00Z,126661,110364,68910,61717,16297,36447,36296,43794,28321
2021-11-10T23:00:00Z,116991,101529,67495,60304,15462,33244,33114,41536,28038
2021-11-11T00:00:00Z,122848,101294,72853,60906,21554,32876,32727,47673,33391
2021-11-11T01:00:00Z,114929,96650,67646,56400,18279,33424,33291,46474,31334
2021-11-11T02:00:00Z,113163,100075,62904,56282,13088,34263,34144,42168,25677
2021-11-11T03:00:00Z,108333,95181,60790,54373,13152,32753,32620,40609,24920
2021-11-11T04:00:00Z,100027,85596,56423,50796,14431,28285,28172,36414,22427
2021-11-11T05:00:00Z,102104,89318,58446,51840,12786,30020,29909,37464,22873
2021-11-11T06:00:00Z,112515,97518,62082,54528,14997,34585,34463,42787,25828
2021-11-11T07:00:00Z,124062,110876,67452,60838,13186,38910,38790,45889,27278
2021-11-11T08:00:00Z,136752,121759,72517,65489,14993,43199,43054,50869,30414
2021-11-11T09:00:00Z,147814,133116,78626,71455,14698,46285,46134,53729,32858
2021-11-11T10:00:00Z,142073,126140,76080,68764,15933,44184,44040,51410,31965
2021-11-11T11:00:00Z,144943,128372,76840,69633,16571,43939,43790,51759,31798
2021-11-11T12:00:00Z,159565,137362,91071,76367,22203,46409,46260,59382,39212
2021-11-11T13:00:00Z,166806,146159,92401,80615,20647,50292,50149,61937,40059
2021-11-11T14:00:00Z,167276,151159,87573,79995,16117,54136,53975,62216,39316
2021-11-11T15:00:00Z,167549,150602,89368,81665,16947,53239,53064,61110,39017
2021-11-11T16:00:00Z,164146,147198,88635,81604,16948,50587,50411,58525,37599
2021-11-11T17:00:00Z,149513,132847,80445,73091,16666,46626,46461,54518,34860
2021-11-11T18:00:00Z,145304,128874,80625,72483,16430,43981,43828,53137,34798
2021-11-11T19:00:00Z,144761,128743,80629,73270,16018,42659,42507,50475,32403
2021-11-11T20:00:00Z,146242,129897,85210,77664,16345,40795,40663,48765,31921
2021-11-11T21:00:00Z,139658,121315,78984,71261,18343,38187,38037,45838,30078
2021-11-11T22:00:00Z,125191,110232,72379,65332,14959,34810,34669,41869,27668
2021-11-11T23:00:00Z,113406,97840,65563,58158,15566,32000,31872,40228,27266
2021-11-12T00:00:00Z,116326,95368,69093,57102,20958,31396,31261,45960,32069
2021-11-12T01:00:00Z,117242,99033,69436,58316,18209,32893,32770,46367,30924
2021-11-12T02:00:00Z,111552,98675,63895,57194,12877,33327,33212,40778,24948
2021-11-12T03:00:00Z,106199,93753,60847,54460,12446,32398,32287,40191,24462
2021-11-12T04:00:00Z,99978,86444,59285,53477,13534,27695,27588,35489,22209
2021-11-12T05:00:00Z,105506,93423,64159,57570,12083,29291,29178,36872,22327
2021-11-12T06:00:00Z,119519,105852,70235,62890,13667,34245,34123,42625,25500
2021-11-12T07:00:00Z,128334,115185,73548,66956,13149,38262,38142,45123,26518
2021-11-12T08:00:00Z,150604,135091,83701,76731,15513,43231,43103,50844,30561
2021-11-12T09:00:00Z,161922,146923,90083,82907,14999,45814,45681,53318,32500
2021-11-12T10:00:00Z,149257,133016,82973,75490,16241,43434,43284,51093,31479
2021-11-12T11:00:00Z,152472,136644,77294,70190,15828,41618,41478,59877,30669
2021-11-12T12:00:00Z,157231,133755,84157,69623,23476,43101,42953,62415,36866
2021-11-12T13:00:00Z,159665,139230,88351,76821,20435,47679,47533,59756,38436
2021-11-12T14:00:00Z,161998,144733,86257,78196,17265,51767,51620,59257,37119
2021-11-12T15:00:00Z,162707,146261,87027,79449,16446,51469,51313,59372,37362
2021-11-12T16:00:00Z,153456,139166,83033,76837,14290,49127,48965,56869,36252
2021-11-12T17:00:00Z,144859,129538,78034,70797,15321,45279,45126,53104,33781
2021-11-12T18:00:00Z,134738,118475,73383,64867,16263,41439,41295,50177,32805
2021-11-12T19:00:00Z,125892,111941,68497,61487,13951,38776,38645,45644,29855
2021-11-12T20:00:00Z,119335,105503,65445,58385,13832,36094,35932,43342,28376
2021-11-12T21:00:00Z,115077,99511,62756,55738,15566,33950,33811,41195,26787
2021-11-12T22:00:00Z,104721,91432,58341,51804,13289,30747,30626,37872,24879
2021-11-12T23:00:00Z,95552,82667,54521,47641,12885,27431,27299,35393,23728
2021-11-13T00:00:00Z,94946,76847,57787,45566,18099,25041,24925,39860,28698
2021-11-13T01:00:00Z,86383,70121,53710,42358,16262,23564,23460,37319,26543
2021-11-13T02:00:00Z,83653,72015,48936,42177,11638,22406,22304,30245,19469
2021-11-13T03:00:00Z,81520,71304,49240,42850,10216,21731,21645,28769,18282
2021-11-13T04:00:00Z,82843,73130,48307,42665,9713,20961,20871,28286,18184
2021-11-13T05:00:00Z,78798,68607,48948,42362,10191,21333,21245,28509,18155
2021-11-13T06:00:00Z,81323,70417,49529,42488,10906,22721,22642,30359,19455
2021-11-13T07:00:00Z,81082,71800,48188,42095,9282,23898,23813,30733,18756
2021-11-13T08:00:00Z,86203,75294,50193,43917,10909,25430,25345,32654,20290
2021-11-13T09:00:00Z,91060,79822,53373,46607,11238,26808,26724,34136,21156
2021-11-13T10:00:00Z,91371,80315,53529,46875,11056,27245,27177,34478,21530
2021-11-13T11:00:00Z,93244,81980,54870,48141,11264,28231,28150,35283,22275
2021-11-13T12:00:00Z,112048,91582,68033,52781,20466,30398,30303,43258,29188
2021-11-13T13:00:00Z,111264,96508,65525,54958,14756,32734,32639,44272,28931
2021-11-13T14:00:00Z,113592,101808,67039,59956,11784,35230,35133,43134,27309
2021-11-13T15:00:00Z,114870,102950,68934,61981,11920,35241,35154,42840,27430
2021-11-13T16:00:00Z,111755,101941,65450,60086,9814,34551,34462,41994,27112
2021-11-13T17:00:00Z,106283,95330,59921,53798,10953,33045,32948,40302,26091
2021-11-13T18:00:00Z,103845,92522,61215,54096,11323,31397,31309,39446,26341
2021-11-13T19:00:00Z,101118,89145,58990,52671,11973,29601,29505,37225,24177
2021-11-13T20:00:00Z,93419,81595,56425,49947,11824,27758,27666,34857,23005
2021-11-13T21:00:00Z,89650,79797,53023,46868,9853,26092,26005,32627,21714
2021-11-13T22:00:00Z,86759,77087,53209,46855,9672,24280,24192,31058,20842
2021-11-13T23:00:00Z,84344,74580,53136,46499,9764,22743,22663,30200,21085
2021-11-14T00:00:00Z,91689,73270,60485,46814,18419,21734,21653,37957,28525
2021-11-14T01:00:00Z,83248,66479,52814,41584,16769,20497,20412,33772,24424
2021-11-14T02:00:00Z,79185,69400,48657,42334,9785,20516,20440,27758,18167
2021-11-14T03:00:00Z,83584,73814,50061,44011,9770,20817,20744,27745,17858
2021-11-14T04:00:00Z,88794,80406,51060,45697,8388,20597,20514,27514,17915
2021-11-14T05:00:00Z,80784,71865,49688,43660,8919,20766,20689,27136,17419
2021-11-14T06:00:00Z,83208,73282,52593,46040,9926,22633,22566,30035,19395
2021-11-14T07:00:00Z,82676,73865,51931,46325,8811,23697,23633,30067,18671
2021-11-14T08:00:00Z,92061,81759,56879,50787,10302,25210,25124,32382,20146
2021-11-14T09:00:00Z,93755,82787,57179,50950,10968,27051,26972,34438,21725
2021-11-14T10:00:00Z,94573,84880,57521,51446,9693,28360,28283,35184,22046
2021-11-14T11:00:00Z,98880,87417,58743,52006,11463,29829,29744,37345,23607
2021-11-14T12:00:00Z,116133,95990,73146,58132,20143,32555,32472,46102,31031
2021-11-14T13:00:00Z,119580,104629,73314,62893,14951,35509,35417,47098,31139
2021-11-14T14:00:00Z,115661,103990,66764,59932,11671,37969,37872,45761,29029
2021-11-14T15:00:00Z,124615,113159,71672,65261,11456,37788,37694,50151,29480
2021-11-14T16:00:00Z,113154,103066,63998,58679,10088,36624,36537,46515,28777
2021-11-14T17:00:00Z,116535,105536,62641,56757,10999,34804,34722,49095,27264
2021-11-14T18:00:00Z,110979,99376,62923,55917,11603,33600,33518,45654,28151
2021-11-14T19:00:00Z,105517,94991,60988,54774,10526,32507,32419,42206,26244
2021-11-14T20:00:00Z,109055,98450,60169,54059,10605,31838,31751,46491,25836
2021-11-14T21:00:00Z,96619,86663,58278,52179,9956,30122,30033,37254,24854
2021-11-14T22:00:00Z,91335,80833,55590,49361,10502,27900,27817,34744,23329
2021-11-14T23:00:00Z,86384,75278,53410,46873,11106,26274,26196,34226,23417
2021-11-15T00:00:00Z,102939,77110,57979,46380,25829,26904,26804,42137,29519
2021-11-15T01:00:00Z,105932,80494,57218,46541,25438,29483,29385,43351,28374
2021-11-15T02:00:00Z,114113,95454,62193,55026,18659,32687,32575,41199,24719
2021-11-15T03:00:00Z,115900,94190,62516,55121,21710,32206,32098,40825,24431
2021-11-15T04:00:00Z,115720,89205,61049,54405,26515,28351,28249,37844,22854
2021-11-15T05:00:00Z,109343,90636,61431,53997,18707,29809,29707,38101,23028
2021-11-15T06:00:00Z,127080,106749,69445,61462,20331,35390,35274,44761,26425
2021-11-15T07:00:00Z,136192,117050,72534,65635,19142,40147,40020,48396,28143
2021-11-15T08:00:00Z,149399,127827,75455,68073,21572,45621,45474,53868,31578
2021-11-15T09:00:00Z,168023,145148,81161,73060,22875,48404,48242,63907,33397
2021-11-15T10:00:00Z,164753,141318,78353,70396,23435,46163,45992,62445,33085
2021-11-15T11:00:00Z,162608,138099,76369,68313,24509,45141,44985,63024,32580
2021-11-15T12:00:00Z,172443,143657,87879,72884,28786,48158,47991,68534,39970
2021-11-15T13:00:00Z,175438,147378,89077,77322,28060,52859,52704,66045,41372
2021-11-15T14:00:00Z,175513,154805,88697,80833,20708,56952,56780,64814,40125
2021-11-15T15:00:00Z,177981,157035,89900,82313,20946,57216,57052,65437,41051
2021-11-15T16:00:00Z,170670,149955,85163,78371,20715,54160,53990,63060,39554
2021-11-15T17:00:00Z,173677,138139,81617,74216,35538,49097,48919,63358,36325
2021-11-15T18:00:00Z,160147,135481,82039,72400,24666,46198,46034,56865,36441
2021-11-15T19:00:00Z,157257,131809,80577,71230,25448,45008,44832,54272,34634
2021-11-15T20:00:00Z,151941,128880,80429,72132,23061,43238,43070,52227,34009
2021-11-15T21:00:00Z,145933,121465,75158,66879,24468,41272,41100,49892,32402
2021-11-15T22:00:00Z,132309,110823,69699,62103,21486,37311,37172,45537,29733
2021-11-15T23:00:00Z,124623,100702,66709,58691,23921,33798,33649,43418,28565
2021-11-16T00:00:00Z,125469,99214,70253,57496,26255,33033,32896,49027,33874
2021-11-16T01:00:00Z,122369,102085,68053,56433,20284,34583,34460,48291,32462
2021-11-16T02:00:00Z,119877,103816,65307,57865,16061,36041,35918,44290,26805
2021-11-16T03:00:00Z,116731,100177,62351,55491,16554,34035,33918,42256,24969
2021-11-16T04:00:00Z,110409,92235,59854,53311,18174,30126,30016,38705,23875
2021-11-16T05:00:00Z,107306,92372,60017,52909,14934,31444,31317,39210,23899
2021-11-16T06:00:00Z,121202,105197,64166,55952,16005,36611,36471,45428,26703
2021-11-16T07:00:00Z,136331,120154,72450,65269,16177,41381,41239,48950,28318
2021-11-16T08:00:00Z,145451,127592,73143,65417,17859,46595,46435,54522,31870
2021-11-16T09:00:00Z,156933,137829,79699,71708,19104,49596,49436,57753,34575
2021-11-16T10:00:00Z,156322,135620,78696,70771,20702,47412,47254,56464,33697
2021-11-16T11:00:00Z,163336,144319,79006,71276,19017,46705,46567,63493,33315
2021-11-16T12:00:00Z,171634,146579,89013,74071,25055,49879,49718,70664,40791
2021-11-16T13:00:00Z,181741,157266,90318,79029,24475,53872,53709,74339,41519
2021-11-16T14:00:00Z,175230,157562,90272,82590,17668,58600,58429,65374,41002
2021-11-16T15:00:00Z,172644,155637,88323,81100,17007,57683,57514,64763,41001
2021-11-16T16:00:00Z,164628,149302,83702,77218,15326,54860,54679,62021,39069
2021-11-16T17:00:00Z,159239,141140,80334,73494,18099,50738,50577,58723,37072
2021-11-16T18:00:00Z,156245,136482,81472,72222,19763,47900,47725,56859,37010
2021-11-16T19:00:00Z,149473,131635,78369,70602,17838,45958,45805,54311,34847
2021-11-16T20:00:00Z,147349,128224,77018,69159,19125,44381,44212,52633,34104
2021-11-16T21:00:00Z,158999,118917,71269,63817,40082,41242,41083,60481,32086
2021-11-16T22:00:00Z,166443,103705,64283,57264,62738,36635,36482,67214,28445
2021-11-16T23:00:00Z,118416,98558,63911,56161,19858,34465,34319,44434,28958
2021-11-17T00:00:00Z,121666,97783,68760,56050,23883,33512,33381,48966,34000
2021-11-17T01:00:00Z,121313,101695,69131,57452,19618,34755,34620,47914,32204
2021-11-17T02:00:00Z,113426,98188,62812,55474,15238,35687,35561,43325,26410
2021-11-17T03:00:00Z,113800,98488,63014,56006,15312,34577,34465,42539,26167
2021-11-17T04:00:00Z,103841,87825,58469,52120,16016,29936,29823,37740,23680
2021-11-17T05:00:00Z,104204,90296,58886,51856,13908,31296,31184,38403,23595
2021-11-17T06:00:00Z,116926,102645,64388,57001,14281,36270,36148,44529,26986
2021-11-17T07:00:00Z,129849,115378,68846,62191,14471,40780,40647,48045,27987
2021-11-17T08:00:00Z,147654,129946,76772,69259,17708,46423,46265,53990,32049
2021-11-17T09:00:00Z,156840,139434,80363,72867,17406,49025,48867,57459,33736
2021-11-17T10:00:00Z,159653,141966,81936,74344,17687,47423,47272,58430,33267
2021-11-17T11:00:00Z,158863,140446,80885,73260,18417,46653,46496,60015,33163
2021-11-17T12:00:00Z,167032,141930,91642,76766,25102,49349,49188,62539,40571
2021-11-17T13:00:00Z,173279,150226,91847,80242,23053,53834,53668,65705,42157
2021-11-17T14:00:00Z,173574,156306,89642,81953,17268,57464,57297,64814,40747
2021-11-17T15:00:00Z,174618,156540,91950,84522,18078,57038,56862,64131,40931
2021-11-17T16:00:00Z,166793,150610,87244,80850,16183,54765,54600,61707,39440
2021-11-17T17:00:00Z,157190,140482,81773,74614,16708,50871,50704,58235,37220
2021-11-17T18:00:00Z,153117,134072,80764,71654,19045,47667,47505,56792,36885
2021-11-17T19:00:00Z,150612,129818,77967,69953,20794,45751,45581,54523,34914
2021-11-17T20:00:00Z,148283,127334,78785,70348,20949,43896,43732,52675,34080
2021-11-17T21:00:00Z,141980,120648,74657,66131,21332,41674,41510,50294,32740
2021-11-17T22:00:00Z,130342,110801,69329,61061,19541,37942,37780,45838,29845
2021-11-17T23:00:00Z,120470,101403,66906,58826,19067,34931,34783,44185,29792
2021-11-18T00:00:00Z,129425,99035,69423,56797,30390,34240,34094,50561,34909
2021-11-18T01:00:00Z,120154,99066,68254,56456,21088,35505,35393,48967,32879
2021-11-18T02:00:00Z,115142,98835,62351,54895,16307,35836,35699,44064,26724
2021-11-18T03:00:00Z,113032,96141,61926,54522,16891,34827,34688,43178,26298
2021-11-18T04:00:00Z,107057,88880,59382,52868,18177,30057,29941,39107,24314
2021-11-18T05:00:00Z,107062,91814,59515,52033,15248,31410,31289,39754,24380
2021-11-18T06:00:00Z,121128,103051,64215,56013,18077,36222,36096,45803,27170
2021-11-18T07:00:00Z,129002,113575,68130,60917,15427,40945,40818,48463,28397
2021-11-18T08:00:00Z,142503,125329,71871,64520,17174,46138,45998,53478,31933
2021-11-18T09:00:00Z,150600,132122,73431,65568,18478,48933,48764,56711,34231
2021-11-18T10:00:00Z,147431,128674,73015,65085,18757,47648,47496,55087,34060
2021-11-18T11:00:00Z,145785,127388,72122,64327,18397,46500,46342,54248,33199
2021-11-18T12:00:00Z,157567,133232,81928,67407,24335,49092,48940,62424,40559
2021-11-18T13:00:00Z,166927,145277,86656,75130,21650,53730,53579,65503,42096
2021-11-18T14:00:00Z,166566,149251,83006,75482,17315,57514,57351,65067,40557
2021-11-18T15:00:00Z,165320,148860,83612,76773,16460,56218,56052,63221,40028
2021-11-18T16:00:00Z,163743,147086,80028,73799,16657,54515,54337,61727,39126
2021-11-18T17:00:00Z,152535,135768,78079,70820,16767,50184,50011,57942,36946
2021-11-18T18:00:00Z,146999,130017,76207,67940,16982,46801,46635,55701,36191
2021-11-18T19:00:00Z,147137,126610,74687,66237,20527,45000,44838,53981,34600
2021-11-18T20:00:00Z,141942,119495,72519,63512,22447,43329,43164,52880,34264
2021-11-18T21:00:00Z,135499,113591,69582,60848,21908,40277,40129,48742,31775
2021-11-18T22:00:00Z,124214,104555,64081,55606,19659,36658,36507,44725,29100
2021-11-18T23:00:00Z,115408,95332,60440,51800,20076,33767,33618,42561,28459
2021-11-19T00:00:00Z,123717,92665,65190,51968,31052,33279,33138,49586,34378
2021-11-19T01:00:00Z,114964,92966,61892,50244,21998,33863,33733,47748,31887
2021-11-19T02:00:00Z,107371,91191,56306,49250,16180,34232,34109,42514,25952
2021-11-19T03:00:00Z,102607,87033,54787,48158,15574,32723,32613,40556,24916
2021-11-19T04:00:00Z,96611,79138,51328,45436,17473,27940,27838,36308,22821
2021-11-19T05:00:00Z,97744,83519,53103,46131,14225,29427,29321,36845,22840
2021-11-19T06:00:00Z,109802,93925,58208,50475,15877,34202,34083,42949,25608
2021-11-19T07:00:00Z,122055,107077,62797,55804,14978,39029,38898,47287,27854
2021-11-19T08:00:00Z,135533,116552,66730,58962,18981,44059,43922,52610,31170
2021-11-19T09:00:00Z,146243,126347,71704,63389,19896,46767,46608,56146,33753
2021-11-19T10:00:00Z,146861,125292,73315,64601,21569,44847,44702,53832,33339
2021-11-19T11:00:00Z,142887,121780,73164,64713,21107,42296,42158,51451,31619
2021-11-19T12:00:00Z,149792,122349,80719,65192,27443,44199,44052,57356,37986
2021-11-19T13:00:00Z,160963,134263,82394,70626,26700,48588,48433,61564,39212
2021-11-19T14:00:00Z,163675,146212,84619,76925,17463,53055,52888,60727,38138
2021-11-19T15:00:00Z,161359,144203,84264,76760,17156,52466,52298,60026,38228
2021-11-19T16:00:00Z,156518,139499,80484,73911,17019,49758,49594,58500,36805
2021-11-19T17:00:00Z,143242,126014,74445,67109,17228,45528,45372,53201,34205
2021-11-19T18:00:00Z,133936,116372,69989,61558,17564,41680,41526,50764,33285
2021-11-19T19:00:00Z,126801,110147,66851,59135,16654,39030,38886,46406,30380
2021-11-19T20:00:00Z,124452,106067,64569,57063,18385,36990,36835,45154,29160
2021-11-19T21:00:00Z,115957,100792,61697,54802,15165,34312,34179,42765,27969
2021-11-19T22:00:00Z,105021,91226,56941,50724,13795,31192,31053,38979,25781
2021-11-19T23:00:00Z,99653,84108,56013,48789,15545,28291,28164,37046,25025
2021-11-20T00:00:00Z,96796,77305,58466,45991,19491,26060,25939,40962,29792
2021-11-20T01:00:00Z,87856,70442,54090,42347,17414,24290,24191,37768,27088
2021-11-20T02:00:00Z,83385,70723,50549,43466,12662,23256,23152,31128,20092
2021-11-20T03:00:00Z,79716,68534,49214,42376,11182,22436,22350,29832,19107
2021-11-20T04:00:00Z,75126,65197,46278,40475,9929,21250,21172,28529,18306
2021-11-20T05:00:00Z,77381,66005,47201,40269,11376,21641,21551,28925,18377
2021-11-20T06:00:00Z,80988,70195,49143,41975,10793,23057,22980,31125,19630
2021-11-20T07:00:00Z,83319,73200,49339,42987,10119,24255,24168,31611,19277
2021-11-20T08:00:00Z,85640,72997,48709,41772,12643,25635,25552,33933,20817
2021-11-20T09:00:00Z,88288,76783,51486,44656,11505,26583,26490,34381,21362
2021-11-20T10:00:00Z,91635,80363,52723,46009,11272,27105,27017,34299,21624
2021-11-20T11:00:00Z,92903,81766,53731,47031,11137,28261,28165,35651,22159
2021-11-20T12:00:00Z,106900,87644,66334,51227,19256,30364,30270,43446,28958
2021-11-20T13:00:00Z,105841,90061,62809,51944,15780,33182,33087,44751,29663
2021-11-20T14:00:00Z,112228,99499,65652,58230,12729,35294,35203,43394,27525
2021-11-20T15:00:00Z,110194,98213,64384,57481,11981,35375,35284,43394,27480
2021-11-20T16:00:00Z,105339,95097,60573,54947,10242,34714,34619,42164,27178
2021-11-20T17:00:00Z,103526,93189,61149,55055,10337,33126,33035,40535,26193
2021-11-20T18:00:00Z,99021,88437,60136,52969,10584,31497,31410,39793,26178
2021-11-20T19:00:00Z,92488,82500,55541,49380,9988,29217,29127,36309,23658
2021-11-20T20:00:00Z,89339,79423,54440,48157,9916,27737,27652,34490,22975
2021-11-20T21:00:00Z,84056,74359,51128,45010,9697,25954,25871,32620,21723
2021-11-20T22:00:00Z,78423,69687,48266,42517,8736,23646,23567,30397,19940
2021-11-20T23:00:00Z,74594,65424,47062,40749,9170,22645,22564,29304,20341
2021-11-21T00:00:00Z,81329,63150,53868,40406,18179,21551,21458,37360,28045
2021-11-21T01:00:00Z,76675,59762,48100,37325,16913,20292,20204,33335,24077
2021-11-21T02:00:00Z,70636,61183,43395,37219,9453,20477,20407,28344,18031
2021-11-21T03:00:00Z,71134,61085,43692,37502,10049,21033,20954,28638,17956
2021-11-21T04:00:00Z,71331,62040,44628,39066,9291,20833,20764,27828,18138
2021-11-21T05:00:00Z,73746,63921,45535,39173,9825,20745,20680,27831,17715
2021-11-21T06:00:00Z,78561,67987,48270,41199,10574,22699,22622,30647,19897
2021-11-21T07:00:00Z,79488,69834,47812,41704,9654,24203,24135,30914,19308
2021-11-21T08:00:00Z,86063,74322,50577,43851,11741,25657,25576,33474,21127
2021-11-21T09:00:00Z,94753,81455,57812,50536,13298,26878,26792,35301,22452
2021-11-21T10:00:00Z,91928,80101,54204,47276,11827,28182,28086,36640,22949
2021-11-21T11:00:00Z,96935,84994,57000,49982,11941,30092,30001,38416,24171
2021-11-21T12:00:00Z,112411,91825,68683,53705,20586,32783,32681,46519,31093
2021-11-21T13:00:00Z,113835,97184,67058,56120,16651,35626,35534,48119,31722
2021-11-21T14:00:00Z,113633,101549,65223,58051,12084,37890,37791,46586,29473
2021-11-21T15:00:00Z,117511,104834,69362,62411,12677,37697,37612,46435,29688
2021-11-21T16:00:00Z,113942,102754,66482,60685,11188,36601,36513,45432,29438
2021-11-21T17:00:00Z,112478,99216,65564,58873,13262,35136,35035,43530,28265
2021-11-21T18:00:00Z,110923,96922,64309,56127,14001,34412,34322,43749,29277
2021-11-21T19:00:00Z,105357,92431,62238,55172,12926,32686,32589,40747,27183
2021-11-21T20:00:00Z,103900,90655,62283,55249,13245,31391,31295,39123,26222
2021-11-21T21:00:00Z,97701,85383,58569,51673,12318,30042,29946,37196,25175
2021-11-21T22:00:00Z,90051,78264,54065,47463,11787,27367,27280,34383,23119
2021-11-21T23:00:00Z,84705,73181,52416,45978,11524,25915,25830,33657,23195
2021-11-22T00:00:00Z,104559,75654,57692,45921,28905,26310,26207,42137,29355
2021-11-22T01:00:00Z,112024,80650,57444,46117,31374,29518,29412,44404,28916
2021-11-22T02:00:00Z,108203,86871,56277,49186,21332,32105,31998,40669,24362
2021-11-22T03:00:00Z,111802,87803,56926,50023,23999,31442,31344,40597,23771
2021-11-22T04:00:00Z,112754,81236,55092,48328,31518,27611,27508,37398,22275
2021-11-22T05:00:00Z,106042,84511,55510,48218,21531,29861,29752,38091,22835
2021-11-22T06:00:00Z,120532,97269,60783,52086,23263,35219,35102,44937,26421
2021-11-22T07:00:00Z,130793,108233,63862,56381,22560,40283,40151,48524,27953
2021-11-22T08:00:00Z,149896,125221,70850,63307,24675,46493,46343,54715,31954
2021-11-22T09:00:00Z,159564,134643,76454,67967,24921,49159,48998,58093,34604
2021-11-22T10:00:00Z,158113,130669,75155,66208,27444,46636,46484,56143,33573
2021-11-22T11:00:00Z,157152,128142,74593,65785,29010,45802,45637,55169,33204
2021-11-22T12:00:00Z,163020,131911,84412,68776,31109,48457,48289,62912,40489
2021-11-22T13:00:00Z,174165,143082,86008,74315,31083,53339,53183,66566,41661
2021-11-22T14:00:00Z,168324,145672,82532,74357,22652,56185,56001,65580,40001
2021-11-22T15:00:00Z,171851,150090,84561,76820,21761,56045,55860,65511,40579
2021-11-22T16:00:00Z,167606,145177,82037,75141,22429,53841,53650,63524,40332
2021-11-22T17:00:00Z,161452,139863,82107,74706,21589,49757,49586,60648,39031
2021-11-22T18:00:00Z,158104,134029,80288,71233,24075,47067,46902,57976,38024
2021-11-22T19:00:00Z,153038,129737,76922,68858,23301,45353,45189,54695,35456
2021-11-22T20:00:00Z,146792,123862,75271,67570,22930,43280,43127,52615,34296
2021-11-22T21:00:00Z,145142,119886,73420,65909,25256,41173,41019,50069,32429
2021-11-22T22:00:00Z,129822,108452,67306,60030,21370,37427,37283,45675,29868
2021-11-22T23:00:00Z,115665,94851,60501,53086,20814,33893,33755,42936,28303
2021-11-23T00:00:00Z,116524,92941,65044,52752,23583,33109,32977,48331,33837
2021-11-23T01:00:00Z,110032,92065,61402,50372,17967,34440,34321,47704,31851
2021-11-23T02:00:00Z,111381,96987,59763,52349,14394,35324,35202,44072,26565
2021-11-23T03:00:00Z,107162,91987,58656,51516,15175,33705,33593,41279,25225
2021-11-23T04:00:00Z,99165,83589,53484,47214,15576,29891,29785,37938,23872
2021-11-23T05:00:00Z,101873,87953,55239,48279,13920,31262,31147,38912,23783
2021-11-23T06:00:00Z,119468,101548,61172,53549,17920,37002,36889,46433,27339
2021-11-23T07:00:00Z,127688,113141,65180,58478,14547,41289,41147,48990,28915
2021-11-23T08:00:00Z,144518,126977,71686,63952,17541,47130,46968,55567,33181
2021-11-23T09:00:00Z,154117,136198,77319,69518,17919,49884,49723,58383,35203
2021-11-23T10:00:00Z,153660,134310,77311,69577,19350,48373,48216,56070,34294
2021-11-23T11:00:00Z,146592,129242,74615,66947,17350,47428,47265,55332,33966
2021-11-23T12:00:00Z,157150,133833,83763,69015,23317,50001,49838,62616,40759
2021-11-23T13:00:00Z,165192,144703,86025,74656,20489,54882,54727,66086,42433
2021-11-23T14:00:00Z,169467,152249,85768,78406,17218,59061,58895,66642,41601
2021-11-23T15:00:00Z,168743,152391,84875,77482,16352,57801,57629,65771,41311
2021-11-23T16:00:00Z,161664,146655,82527,76241,15009,54984,54792,62876,39818
2021-11-23T17:00:00Z,155987,140363,81538,74630,15624,50767,50588,58593,37207
2021-11-23T18:00:00Z,149946,132719,79094,70915,17227,47060,46899,56616,36726
2021-11-23T19:00:00Z,141116,124952,75617,68277,16164,44207,44042,52551,34083
2021-11-23T20:00:00Z,139615,119491,72850,64785,20124,42499,42337,51325,33135
2021-11-23T21:00:00Z,141453,119033,74358,66410,22420,40157,40001,50081,31893
2021-11-23T22:00:00Z,123587,105739,65878,58214,17848,36843,36698,44813,29191
2021-11-23T23:00:00Z,115817,96884,64529,56775,18933,33284,33144,42136,28085
2021-11-24T00:00:00Z,121709,96213,68458,56309,25496,32222,32098,48556,33410
2021-11-24T01:00:00Z,117274,97590,69085,57751,19684,33574,33454,46852,31491
2021-11-24T02:00:00Z,111441,96116,61060,53887,15325,34446,34321,42512,25772
2021-11-24T03:00:00Z,112690,95569,62665,55521,17121,33645,33523,42077,25370
2021-11-24T04:00:00Z,102709,84826,56935,50556,17883,28890,28773,37390,23298
2021-11-24T05:00:00Z,105045,89212,59382,51983,15833,30564,30452,38935,24018
2021-11-24T06:00:00Z,118291,99747,61165,52929,18544,36189,36072,45328,27098
2021-11-24T07:00:00Z,129043,112713,67768,60418,16330,40741,40608,48755,28930
2021-11-24T08:00:00Z,147963,128629,75164,67060,19334,46134,45987,54700,32738
2021-11-24T09:00:00Z,151767,133690,77986,69804,18077,48570,48416,56942,34015
2021-11-24T10:00:00Z,154638,133633,79443,71044,21005,47913,47756,56177,34928
2021-11-24T11:00:00Z,152476,131730,79265,71091,20746,46890,46741,55568,34435
2021-11-24T12:00:00Z,166173,138564,89951,75241,27609,48984,48840,63697,41182
2021-11-24T13:00:00Z,168640,145238,88729,77097,23402,54012,53845,65918,42147
2021-11-24T14:00:00Z,172443,153734,88586,80803,18709,56999,56829,65180,41118
2021-11-24T15:00:00Z,170890,153217,88924,81251,17673,56025,55859,64072,40581
2021-11-24T16:00:00Z,163437,146001,85105,78282,17436,53317,53152,61556,39228
2021-11-24T17:00:00Z,153437,135494,80835,73363,17943,48264,48094,56633,36284
2021-11-24T18:00:00Z,142516,125772,77049,68807,16744,44476,44313,53864,35256
2021-11-24T19:00:00Z,137618,121357,74827,67374,16261,41961,41798,50302,32675
2021-11-24T20:00:00Z,134142,117209,74776,67454,16933,39491,39355,48160,31683
2021-11-24T21:00:00Z,125759,106981,68273,61077,18778,36695,36562,45730,29547
2021-11-24T22:00:00Z,112684,96652,62532,55411,16032,33416,33285,41120,27089
2021-11-24T23:00:00Z,102698,87621,60106,52728,15077,30583,30449,38675,26489
2021-11-25T00:00:00Z,115363,88941,65009,52382,26422,30135,30011,46468,32359
2021-11-25T01:00:00Z,107161,87862,61019,49591,19299,31745,31639,45737,30702
2021-11-25T02:00:00Z,105672,91629,57529,50416,14043,32922,32813,41252,25044
2021-11-25T03:00:00Z,104483,89110,57271,50562,15373,31702,31605,40313,24602
2021-11-25T04:00:00Z,101544,83477,56095,50020,18067,27509,27399,36949,23583
2021-11-25T05:00:00Z,99472,85369,56928,49874,14103,29405,29302,37367,22826
2021-11-25T06:00:00Z,113497,98614,61698,54000,14883,34945,34821,43773,26370
2021-11-25T07:00:00Z,123776,108289,64331,57237,15487,39572,39437,47292,27694
2021-11-25T08:00:00Z,141482,122503,72058,63269,18979,45397,45248,53878,32157
2021-11-25T09:00:00Z,148363,131814,74726,66771,16549,48754,48599,56483,34084
2021-11-25T10:00:00Z,148672,130539,76914,68939,18133,47013,46843,53918,33381
2021-11-25T11:00:00Z,142850,126320,73609,66241,16530,45756,45609,53054,32617
2021-11-25T12:00:00Z,153200,130640,83749,69082,22560,48237,48083,60861,39946
2021-11-25T13:00:00Z,162018,139588,86924,75865,22430,51136,50983,62910,40499
2021-11-25T14:00:00Z,165954,147848,88637,80800,18106,54102,53947,62331,39410
2021-11-25T15:00:00Z,162070,143945,86112,78653,18125,51747,51587,60618,38271
2021-11-25T16:00:00Z,152942,134984,82217,74877,17958,48454,48303,56972,36775
2021-11-25T17:00:00Z,144200,125814,78101,69828,18386,42733,42588,51788,33473
2021-11-25T18:00:00Z,128614,112253,73186,64892,16361,38167,38047,47687,31531
2021-11-25T19:00:00Z,118904,104355,68093,61052,14549,35449,35328,43367,28307
2021-11-25T20:00:00Z,114816,99134,66764,59752,15682,33148,33024,41701,27233
2021-11-25T21:00:00Z,105607,89738,60536,53509,15869,30111,30002,38112,24667
2021-11-25T22:00:00Z,95581,82256,56707,50172,13325,27198,27089,34296,22527
2021-11-25T23:00:00Z,87621,74948,53642,47018,12673,25010,24922,33084,22882
2021-11-26T00:00:00Z,103445,79837,63360,51468,23608,25462,25357,40812,28823
2021-11-26T01:00:00Z,94627,78045,56479,46031,16582,27725,27620,40485,27473
2021-11-26T02:00:00Z,95371,82579,53653,47123,12792,29315,29220,37596,22295
2021-11-26T03:00:00Z,96536,84045,57302,51058,12491,28713,28619,35838,21790
2021-11-26T04:00:00Z,88054,73673,50893,45220,14381,24412,24319,32350,20193
2021-11-26T05:00:00Z,91545,79292,53320,46575,12253,26963,26856,34100,20684
2021-11-26T06:00:00Z,105900,90614,57191,49875,15286,32627,32510,40954,24348
2021-11-26T07:00:00Z,116178,102863,62471,55530,13315,37151,37030,44142,25868
2021-11-26T08:00:00Z,129720,114011,67782,60522,15709,42288,42151,50144,30024
2021-11-26T09:00:00Z,139939,124452,72630,65134,15487,45871,45728,53208,32302
2021-11-26T10:00:00Z,140249,123438,73761,66265,16811,43784,43643,51437,31986
2021-11-26T11:00:00Z,136095,118323,71173,63525,17772,41843,41699,49955,30495
2021-11-26T12:00:00Z,144060,120652,78938,64365,23408,43332,43176,56464,36868
2021-11-26T13:00:00Z,147966,128126,80518,69149,19840,46414,46279,58287,37717
2021-11-26T14:00:00Z,154156,138198,84275,76414,15958,49138,48981,56927,35855
2021-11-26T15:00:00Z,145491,130326,78219,70932,15165,46986,46834,55375,35035
2021-11-26T16:00:00Z,134190,119930,72123,65751,14260,43349,43208,51896,33165
2021-11-26T17:00:00Z,124592,109781,68846,61925,14811,38633,38491,47356,30340
2021-11-26T18:00:00Z,116058,100920,65777,57832,15138,34762,34626,44517,28876
2021-11-26T19:00:00Z,106518,92460,60903,53852,14058,31919,31795,40130,26073
2021-11-26T20:00:00Z,101700,86952,58136,50996,14748,29944,29836,37939,25041
2021-11-26T21:00:00Z,97410,83556,57200,50375,13854,27957,27845,35356,23342
2021-11-26T22:00:00Z,88292,74841,52418,45895,13451,25242,25136,32402,21467
2021-11-26T23:00:00Z,83631,71129,51413,44696,12502,23585,23495,31577,21699
2021-11-27T00:00:00Z,90085,72136,58520,46495,17949,22529,22429,37489,27414
2021-11-27T01:00:00Z,83794,67729,54701,43865,16065,21381,21296,34138,24422
2021-11-27T02:00:00Z,80048,67943,49223,42698,12105,21361,21285,29207,18567
2021-11-27T03:00:00Z,75527,65442,46663,40271,10085,21484,21399,28611,18310
2021-11-27T04:00:00Z,74714,65181,45748,39995,9533,21084,21011,28168,18285
2021-11-27T05:00:00Z,75951,65887,47299,40853,10064,21313,21240,28082,17978
2021-11-27T06:00:00Z,79456,68594,47821,40840,10862,23009,22933,31372,19999
2021-11-27T07:00:00Z,82835,72697,50113,44095,10138,23945,23872,31066,18990
2021-11-27T08:00:00Z,88539,77243,53272,46697,11296,25662,25579,33513,20423
2021-11-27T09:00:00Z,91764,80448,56196,49575,11316,26598,26512,34003,21107
2021-11-27T10:00:00Z,91663,80760,55572,48938,10903,27260,27177,34863,21942
2021-11-27T11:00:00Z,96028,84869,57027,50499,11159,28408,28337,36480,22520
2021-11-27T12:00:00Z,108288,89475,68688,54269,18813,30495,30407,43948,29613
2021-11-27T13:00:00Z,108468,93430,65301,54929,15038,33455,33357,45463,30260
2021-11-27T14:00:00Z,111255,99239,65907,58759,12016,35358,35263,43398,27710
2021-11-27T15:00:00Z,112419,100816,66486,59823,11603,35485,35386,43911,28086
2021-11-27T16:00:00Z,109041,98084,64271,58666,10957,34556,34461,43104,27869
2021-11-27T17:00:00Z,105797,93929,62176,55802,11868,32674,32578,41058,26492
2021-11-27T18:00:00Z,100979,88399,60988,53317,12580,30871,30770,39925,26561
2021-11-27T19:00:00Z,95379,84364,57417,50994,11015,28904,28822,36885,24399
2021-11-27T20:00:00Z,49851,43668,30420,26630,6183,16969,16906,22139,14902
2021-11-27T21:00:00Z,12112,11291,7493,6987,821,6618,6597,7700,5097
2021-11-27T22:00:00Z,45751,43104,24669,23558,2647,19158,19095,22619,13185
2021-11-27T23:00:00Z,79622,69728,49761,43929,9894,24259,24179,31972,22405
2021-11-28T00:00:00Z,87521,67118,56874,42733,20403,22424,22334,39525,29745
2021-11-28T01:00:00Z,79421,61793,51056,39576,17628,20924,20844,34904,25890
2021-11-28T02:00:00Z,80865,69960,47441,41352,10905,21093,21023,28675,18731
2021-11-28T03:00:00Z,75521,64985,46213,40046,10536,21428,21362,29003,18697
2021-11-28T04:00:00Z,72239,63328,45704,40307,8911,21068,20993,28333,18685
2021-11-28T05:00:00Z,75116,65325,46769,40442,9791,21567,21492,28331,18017
2021-11-28T06:00:00Z,80379,69380,48447,41495,10999,23180,23092,31970,20610
2021-11-28T07:00:00Z,87779,78403,51754,45806,9376,24698,24612,32656,20338
2021-11-28T08:00:00Z,89811,79153,53439,47222,10658,26208,26113,34218,21901
2021-11-28T09:00:00Z,90672,80167,54326,48110,10505,27548,27467,35303,22267
2021-11-28T10:00:00Z,94526,84312,57407,51095,10214,28832,28756,36434,23037
2021-11-28T11:00:00Z,97275,86784,57132,50755,10491,30316,30228,38146,24013
2021-11-28T12:00:00Z,113521,94066,69670,55140,19455,33061,32970,46551,31531
2021-11-28T13:00:00Z,117287,102558,69679,59475,14729,35950,35865,48037,31809
2021-11-28T14:00:00Z,119973,107620,70182,63294,12353,38886,38791,47207,30272
2021-11-28T15:00:00Z,118340,106021,69449,62692,12319,38675,38587,47607,30564
2021-11-28T16:00:00Z,118712,106970,70266,64374,11742,37677,37590,46643,30236
2021-11-28T17:00:00Z,114619,103262,68670,62474,11357,35406,35325,43615,28443
2021-11-28T18:00:00Z,112561,100634,70136,62764,11927,34381,34293,43427,29464
2021-11-28T19:00:00Z,111754,100991,69622,63500,10763,33211,33131,41075,27283
2021-11-28T20:00:00Z,109136,97721,67824,61305,11415,32102,32017,40042,26928
2021-11-28T21:00:00Z,103639,92534,65556,59360,11105,30188,30107,37684,25494
2021-11-28T22:00:00Z,96414,86139,60710,54783,10275,28230,28145,35223,23909
2021-11-28T23:00:00Z,91075,80323,57383,51050,10752,26984,26903,35217,24154
2021-11-29T00:00:00Z,111290,81929,63756,51834,29361,27414,27300,44487,30806
2021-11-29T01:00:00Z,120025,88282,67080,55099,31743,30604,30493,45835,30180
2021-11-29T02:00:00Z,115642,95299,63281,55607,20343,33341,33238,42197,25767
2021-11-29T03:00:00Z,111211,89705,59718,53015,21506,32323,32223,41092,25113
2021-11-29T04:00:00Z,108626,84213,58090,51995,24413,28641,28532,38068,23510
2021-11-29T05:00:00Z,106136,87477,58597,51765,18659,30366,30268,38322,23120
2021-11-29T06:00:00Z,118656,99631,63904,56411,19025,35461,35357,44496,26379
2021-11-29T07:00:00Z,131682,110711,67083,59780,20971,39858,39734,48157,28176
2021-11-29T08:00:00Z,151341,128379,75081,66977,22962,46814,46664,55584,32964
2021-11-29T09:00:00Z,157254,135621,77482,69396,21633,48932,48773,57144,34133
2021-11-29T10:00:00Z,156434,133853,76693,68740,22581,47768,47604,56917,34616
2021-11-29T11:00:00Z,156171,130223,75452,67488,25948,46943,46779,56186,34078
2021-11-29T12:00:00Z,169056,140240,87341,72610,28816,49870,49706,64403,41660
2021-11-29T13:00:00Z,174459,146220,88824,77484,28239,53900,53738,66562,42259
2021-11-29T14:00:00Z,179292,154956,88620,80329,24336,58264,58086,67428,41829
2021-11-29T15:00:00Z,174360,150069,86407,78586,24291,56497,56318,65445,40611
2021-11-29T16:00:00Z,168516,145758,82500,75480,22758,54091,53900,63053,39501
2021-11-29T17:00:00Z,157217,133087,77489,70026,24130,49221,49037,59435,36240
2021-11-29T18:00:00Z,161716,134402,81562,71745,27314,47959,47797,58608,37674
2021-11-29T19:00:00Z,159254,135618,83187,75311,23636,45993,45830,54786,35085
2021-11-29T20:00:00Z,158586,130679,81301,72978,27907,44598,44443,54245,34898
2021-11-29T21:00:00Z,155138,124094,78480,70429,31044,42110,41956,51391,33015
2021-11-29T22:00:00Z,142514,118457,75489,67767,24057,39042,38895,47763,31094
2021-11-29T23:00:00Z,129029,102533,68253,59666,26496,35590,35440,45728,30688
2021-11-30T00:00:00Z,141091,100657,70698,57961,40434,34459,34316,51574,34549
2021-11-30T01:00:00Z,125356,100611,68672,55962,24745,36176,36047,51241,34218
2021-11-30T02:00:00Z,128666,107023,67507,58894,21643,37254,37127,47095,27866
2021-11-30T03:00:00Z,127615,105361,70010,61772,22254,35878,35753,46252,27609
2021-11-30T04:00:00Z,121020,95608,66416,58241,25412,31197,31075,41553,25514
2021-11-30T05:00:00Z,119288,99234,66577,58562,20054,32358,32233,41688,25283
2021-11-30T06:00:00Z,134491,110633,71973,63076,23858,37100,36967,47556,27874
2021-11-30T07:00:00Z,143068,122739,74177,66288,20329,41768,41635,50826,29986
2021-11-30T08:00:00Z,155192,132190,77877,69551,23002,47723,47580,56525,33380
2021-11-30T09:00:00Z,166615,141561,83735,74692,25054,50118,49950,59686,35766
2021-11-30T10:00:00Z,162868,137565,82755,73434,25303,48166,47998,56882,34827
2021-11-30T11:00:00Z,160037,136876,83941,74909,23161,47645,47489,56417,34816
2021-11-30T12:00:00Z,174762,141137,97146,76217,33625,49609,49441,64095,41770
2021-11-30T13:00:00Z,175629,149831,93222,81070,25798,54027,53853,65770,42267
2021-11-30T14:00:00Z,178975,158926,92754,84276,20049,58675,58490,66478,41933
2021-11-30T15:00:00Z,186732,168124,88035,80242,18608,56334,56140,64152,40315
2021-11-30T16:00:00Z,165595,147555,83660,76812,18040,55060,54874,63054,40030
2021-11-30T17:00:00Z,160162,141176,81206,73841,18986,51262,51082,59372,37815
2021-11-30T18:00:00Z,156848,137108,82138,73187,19740,49111,48924,58440,38183
2021-11-30T19:00:00Z,148901,130520,76663,69165,18381,46564,46409,54718,34976
2021-11-30T20:00:00Z,149512,129990,79185,71410,19522,45477,45312,54131,35235
2021-11-30T21:00:00Z,145537,124934,75614,67797,20603,43274,43112,51059,33361
2021-11-30T22:00:00Z,131519,113597,70116,62662,17922,39496,39336,47184,30765
2021-11-30T23:00:00Z,121077,101864,67009,59453,19213,35826,35675,44303,29890
2021-12-01T00:00:00Z,138977,100936,73424,59269,38041,34630,34484,53082,36788
2021-12-01T01:00:00Z,129831,102024,72143,59365,27807,36617,36477,51175,34713
2021-12-01T02:00:00Z,126412,105399,66475,58507,21013,37724,37589,46918,28819
2021-12-01T03:00:00Z,124667,99080,64453,56608,25587,35353,35228,44176,26967
2021-12-01T04:00:00Z,117427,92869,61930,55116,24558,30911,30795,40297,25372
2021-12-01T05:00:00Z,117405,98995,65389,57737,18410,34483,34358,43145,26784
2021-12-01T06:00:00Z,130914,110227,69469,61229,20687,38819,38691,48068,29199
2021-12-01T07:00:00Z,143949,123125,74699,67091,20824,43258,43116,51274,30258
2021-12-01T08:00:00Z,159043,132564,79727,71368,26479,48620,48467,57006,33957
2021-12-01T09:00:00Z,163842,140588,82608,74235,23254,51107,50954,59037,35614
2021-12-01T10:00:00Z,160485,136697,82331,73868,23788,49257,49103,57291,35359
2021-12-01T11:00:00Z,159905,135297,82356,73772,24608,48270,48116,56414,34764
2021-12-01T12:00:00Z,176807,143901,93696,77467,32906,50355,50190,63959,41247
2021-12-01T13:00:00Z,181127,150923,94483,82351,30204,55307,55148,67837,42979
2021-12-01T14:00:00Z,183678,160679,95090,85850,22999,59488,59299,67559,42252
2021-12-01T15:00:00Z,181249,157197,92749,83491,24052,58387,58217,67554,42426
2021-12-01T16:00:00Z,174039,150868,87517,79277,23171,55407,55234,63616,40427
2021-12-01T17:00:00Z,167467,141697,84694,75835,25770,51665,51491,60377,38533
2021-12-01T18:00:00Z,161494,137265,84354,73925,24229,49225,49052,58932,38548
2021-12-01T19:00:00Z,154389,132184,81272,72440,22205,47078,46907,55423,35944
2021-12-01T20:00:00Z,151537,126941,79361,69943,24596,45187,45026,53636,35355
2021-12-01T21:00:00Z,145638,121823,75634,66964,23815,42875,42708,51423,33340
2021-12-01T22:00:00Z,133511,112357,70231,62020,21154,39578,39417,47282,30887
2021-12-01T23:00:00Z,123377,102444,67214,58803,20933,35947,35801,44660,29986
2021-12-02T00:00:00Z,127299,101543,73284,60390,25756,34534,34388,49912,34778
2021-12-02T01:00:00Z,122511,102283,71490,59733,20228,36129,35990,49479,33097
2021-12-02T02:00:00Z,120764,104955,66464,58503,15809,36716,36569,44814,27610
2021-12-02T03:00:00Z,113589,98415,63382,56509,15174,35442,35311,43653,26770
2021-12-02T04:00:00Z,107081,90692,61399,54525,16389,31595,31461,39787,25305
2021-12-02T05:00:00Z,113078,97763,65346,57501,15315,35160,35046,43078,27579
2021-12-02T06:00:00Z,122843,106596,68575,60187,16247,38947,38818,47706,29362
2021-12-02T07:00:00Z,132943,116752,71468,63619,16191,43057,42923,50571,30334
2021-12-02T08:00:00Z,151163,132795,79371,71142,18368,48991,48837,57105,34926
2021-12-02T09:00:00Z,159121,140567,81546,73110,18554,51564,51405,59095,36452
2021-12-02T10:00:00Z,155579,136379,80488,71797,19200,49672,49511,57520,35980
2021-12-02T11:00:00Z,154740,135807,80931,72240,18933,48607,48448,56435,35502
2021-12-02T12:00:00Z,170547,144899,92438,77128,25648,51086,50927,64258,42373
2021-12-02T13:00:00Z,170334,148330,92867,81067,22004,55279,55116,66382,43245
2021-12-02T14:00:00Z,177298,158766,94130,85461,18532,59209,59022,67244,42385
2021-12-02T15:00:00Z,177854,155886,92264,83963,21968,58312,58131,68154,42142
2021-12-02T16:00:00Z,170139,152803,87767,80286,17336,55239,55056,63301,40564
2021-12-02T17:00:00Z,164354,145292,87716,79717,19062,51740,51560,59501,38618
2021-12-02T18:00:00Z,154937,137292,85079,75808,17645,48798,48628,57614,38117
2021-12-02T19:00:00Z,149306,131732,81032,72513,17574,46217,46050,54737,35456
2021-12-02T20:00:00Z,147390,128847,81157,72085,18543,44543,44391,52777,34688
2021-12-02T21:00:00Z,142775,125181,78752,70012,17594,42373,42228,49911,33282
2021-12-02T22:00:00Z,131024,114548,74981,66794,16476,38081,37938,45890,30687
2021-12-02T23:00:00Z,121521,103976,70983,62717,17545,34506,34363,42756,29114
2021-12-03T00:00:00Z,125169,102518,74215,61578,22651,33684,33541,48786,34268
2021-12-03T01:00:00Z,119880,101179,71909,60185,18701,35571,35453,48715,33024
2021-12-03T02:00:00Z,117204,101758,66947,59100,15446,35900,35780,43957,27341
2021-12-03T03:00:00Z,112461,97686,64908,57375,14775,34116,34002,41944,25631
2021-12-03T04:00:00Z,103019,87246,60512,53521,15773,29939,29830,37878,24078
2021-12-03T05:00:00Z,108307,93443,65206,56809,14864,31943,31825,39658,25238
2021-12-03T06:00:00Z,121347,106025,69765,61359,15322,37089,36973,45382,28275
2021-12-03T07:00:00Z,131071,116883,72806,65225,14188,40837,40704,48826,29032
2021-12-03T08:00:00Z,144518,126931,77215,68809,17587,46073,45930,54820,33236
2021-12-03T09:00:00Z,151422,133847,79248,70653,17575,49026,48873,57367,34900
2021-12-03T10:00:00Z,149900,131851,80174,71463,18049,46755,46613,54520,34105
2021-12-03T11:00:00Z,147104,129638,80028,71550,17466,44829,44666,53700,33672
2021-12-03T12:00:00Z,156863,131044,87263,71859,25819,46674,46516,59802,39853
2021-12-03T13:00:00Z,167248,143480,92144,80600,23768,50154,50005,62456,40587
2021-12-03T14:00:00Z,164455,147184,87732,79205,17271,54277,54101,62060,39449
2021-12-03T15:00:00Z,166547,148414,89449,80994,18133,53643,53484,61775,39747
2021-12-03T16:00:00Z,158693,142349,84592,77302,16344,51404,51233,59602,38871
2021-12-03T17:00:00Z,148379,132300,80577,72677,16079,47011,46845,54747,35471
2021-12-03T18:00:00Z,141759,123858,78294,68651,17901,43428,43257,52449,34807
2021-12-03T19:00:00Z,136669,120143,76120,67813,16526,41596,41443,49259,32298
2021-12-03T20:00:00Z,132832,116736,75760,67584,16096,39097,38958,47054,31488
2021-12-03T21:00:00Z,129395,111973,72866,64628,17422,36758,36625,44383,29690
2021-12-03T22:00:00Z,114107,98427,65077,57242,15680,33418,33279,40737,27267
2021-12-03T23:00:00Z,105962,90876,63502,55220,15086,30002,29872,38630,26800
2021-12-04T00:00:00Z,106779,85065,66218,52894,21714,27082,26948,42643,30989
2021-12-04T01:00:00Z,94634,76813,59711,47843,17821,24836,24718,38732,27510
2021-12-04T02:00:00Z,96457,80564,60359,52513,15893,23977,23872,32352,21357
2021-12-04T03:00:00Z,87926,73546,54934,46642,14380,23641,23539,32931,21711
2021-12-04T04:00:00Z,84343,72123,52825,45608,12220,23227,23137,31825,21118
2021-12-04T05:00:00Z,85582,72583,53493,45379,12999,23723,23632,32102,20664
2021-12-04T06:00:00Z,92435,79352,58851,50699,13083,24855,24764,33227,21881
2021-12-04T07:00:00Z,91266,80917,58851,51978,10349,25693,25604,32666,20842
2021-12-04T08:00:00Z,98612,86739,59148,52282,11873,27054,26961,35673,22322
2021-12-04T09:00:00Z,98723,86430,62160,54403,12293,28011,27918,36132,22944
2021-12-04T10:00:00Z,100211,88623,63418,56135,11588,28701,28614,36490,23202
2021-12-04T11:00:00Z,104828,93523,67201,59985,11305,29491,29400,36700,23521
2021-12-04T12:00:00Z,114854,96304,74210,60112,18550,31796,31701,44550,30595
2021-12-04T13:00:00Z,123583,107847,79699,68500,15736,34682,34585,46522,31097
2021-12-04T14:00:00Z,128765,115128,79456,71524,13637,37191,37083,45954,29413
2021-12-04T15:00:00Z,126898,112639,79234,71351,14259,37221,37121,46442,29711
2021-12-04T16:00:00Z,124051,110786,76840,70115,13265,36410,36318,46024,29842
2021-12-04T17:00:00Z,121422,107452,76093,68395,13970,34529,34422,42858,28077
2021-12-04T18:00:00Z,112965,98342,70511,61306,14623,32744,32650,42099,28331
2021-12-04T19:00:00Z,104154,91278,63385,55492,12876,30766,30674,38484,25711
2021-12-04T20:00:00Z,101613,88982,63325,55826,12631,29994,29899,37089,25131
2021-12-04T21:00:00Z,94989,84024,59071,52168,10965,27720,27625,34398,23495
2021-12-04T22:00:00Z,88565,77701,56724,50038,10864,26039,25946,32335,22303
2021-12-04T23:00:00Z,85431,74890,56974,49896,10541,24659,24581,31601,22419
2021-12-05T00:00:00Z,90143,70763,60128,46439,19380,22677,22590,37965,28748
2021-12-05T01:00:00Z,83510,66771,55160,44071,16739,21575,21493,34743,25459
2021-12-05T02:00:00Z,84180,71980,53200,45556,12200,21743,21653,29557,19578
2021-12-05T03:00:00Z,79848,68725,51528,44506,11123,22199,22119,29233,19050
2021-12-05T04:00:00Z,79220,69466,52161,46091,9754,21951,21862,28680,18981
2021-12-05T05:00:00Z,83507,72599,54690,47513,10908,22919,22840,29914,19616
2021-12-05T06:00:00Z,87298,75923,55930,48420,11375,24241,24170,32722,21510
2021-12-05T07:00:00Z,90216,80338,56182,49569,9878,25523,25440,32082,20465
2021-12-05T08:00:00Z,95720,84055,59427,52509,11665,27037,26952,34132,21650
2021-12-05T09:00:00Z,99261,85729,60227,52757,13532,28508,28412,36357,23155
2021-12-05T10:00:00Z,100907,87867,61280,53973,13040,29878,29787,37902,24341
2021-12-05T11:00:00Z,106493,93939,65272,57600,12554,32022,31926,39885,25767
2021-12-05T12:00:00Z,123097,101919,75987,61049,21178,34654,34561,47843,32635
2021-12-05T13:00:00Z,124884,108529,76657,65536,16355,37518,37420,49369,32887
2021-12-05T14:00:00Z,127742,115078,78376,71017,12664,39885,39789,47992,31027
2021-12-05T15:00:00Z,126455,112822,75953,68501,13633,39507,39405,48153,31323
2021-12-05T16:00:00Z,122389,110089,72311,65909,12300,38804,38692,46920,31102
2021-12-05T17:00:00Z,119392,106442,73506,66256,12950,36293,36196,44151,29477
2021-12-05T18:00:00Z,116079,103373,72897,64755,12706,35534,35436,44169,30280
2021-12-05T19:00:00Z,111388,100108,69791,62775,11280,34053,33952,41529,28083
2021-12-05T20:00:00Z,112608,100518,70252,63141,12090,33588,33505,41310,28055
2021-12-05T21:00:00Z,110663,98729,67909,60755,11934,32143,32049,39452,26871
2021-12-05T22:00:00Z,98308,86684,60408,53605,11624,29700,29620,36741,25063
2021-12-05T23:00:00Z,95309,82386,59211,51954,12923,28030,27933,35708,24925
2021-12-06T00:00:00Z,114227,84695,64856,53346,29532,28313,28201,43269,30056
2021-12-06T01:00:00Z,122329,90314,65170,53822,32015,31497,31389,46407,30563
2021-12-06T02:00:00Z,120249,97382,63759,55139,22867,34369,34256,43183,26287
2021-12-06T03:00:00Z,119940,97015,64417,56637,22925,33052,32934,41826,24981
2021-12-06T04:00:00Z,116072,87618,59161,52136,28454,29297,29184,38429,23578
2021-12-06T05:00:00Z,115493,93166,62977,54819,22327,32439,32334,40451,25426
2021-12-06T06:00:00Z,128450,104847,67011,58267,23603,37730,37614,46541,28351
2021-12-06T07:00:00Z,137753,114743,68742,60624,23010,41078,40952,49840,29389
2021-12-06T08:00:00Z,153878,127183,76197,67501,26695,46460,46321,55687,33527
2021-12-06T09:00:00Z,160872,134987,80016,70974,25885,49379,49218,58246,35124
2021-12-06T10:00:00Z,159427,132110,79432,70461,27317,47805,47660,56683,34482
2021-12-06T11:00:00Z,155525,128492,77819,69023,27033,46706,46557,55498,33902
2021-12-06T12:00:00Z,171433,140747,89318,74426,30686,49886,49734,63677,41292
2021-12-06T13:00:00Z,177914,146852,92321,79874,31062,54085,53920,66320,42302
2021-12-06T14:00:00Z,187544,163792,97791,88934,23752,58148,57970,66821,41657
2021-12-06T15:00:00Z,186615,163819,98927,90579,22796,56583,56415,64972,40926
2021-12-06T16:00:00Z,179525,156148,95991,87798,23377,54714,54544,63328,40616
2021-12-06T17:00:00Z,173126,148862,93756,84626,24264,51633,51457,60458,38862
2021-12-06T18:00:00Z,170679,142410,93117,82306,28269,48392,48223,58750,38808
2021-12-06T19:00:00Z,164571,138972,90150,80861,25599,46716,46550,56345,36626
2021-12-06T20:00:00Z,164828,138375,91500,82044,26453,45098,44927,54408,35924
2021-12-06T21:00:00Z,159622,129722,85264,74809,29900,42323,42173,51766,34128
2021-12-06T22:00:00Z,144212,119943,79118,70571,24269,38962,38809,47797,31374
2021-12-06T23:00:00Z,138894,113857,78388,69888,25037,35393,35243,45314,30334
2021-12-07T00:00:00Z,145233,109337,79400,66977,35896,34470,34322,50927,34877
2021-12-07T01:00:00Z,128371,108512,77860,66571,19859,35833,35703,49176,33030
2021-12-07T02:00:00Z,129289,111696,75953,67243,17593,36632,36500,45784,28067
2021-12-07T03:00:00Z,125035,105493,72405,63895,19542,35410,35297,44395,27311
2021-12-07T04:00:00Z,123695,102901,72184,64481,20794,30968,30856,40583,25386
2021-12-07T05:00:00Z,122636,105508,73237,64660,17128,34492,34369,42935,27317
2021-12-07T06:00:00Z,133104,115503,77708,68993,17601,39247,39125,48854,30281
2021-12-07T07:00:00Z,145417,128037,80848,72645,17380,42978,42851,50913,30229
2021-12-07T08:00:00Z,160046,139541,85664,77113,20505,48770,48620,57065,34848
2021-12-07T09:00:00Z,167918,146555,90306,81088,21363,50847,50677,59418,36220
2021-12-07T10:00:00Z,165627,141743,87259,78063,23884,48743,48588,56972,35321
2021-12-07T11:00:00Z,162463,140424,86907,77607,22039,47736,47578,56161,34801
2021-12-07T12:00:00Z,172825,146609,95572,80836,26216,50309,50147,63592,41605
2021-12-07T13:00:00Z,183389,158461,100843,87983,24928,55166,54998,66967,43306
2021-12-07T14:00:00Z,180947,160955,96121,86958,19992,59134,58954,67296,42384
2021-12-07T15:00:00Z,177136,158008,94299,85827,19128,58258,58075,66304,42323
2021-12-07T16:00:00Z,166136,152708,88572,81745,13428,55556,55390,63256,40780
2021-12-07T17:00:00Z,163794,148826,91828,83833,14968,51676,51502,59504,38892
2021-12-07T18:00:00Z,156106,139907,88175,78804,16199,48485,48312,57585,38092
2021-12-07T19:00:00Z,151696,133695,84378,75562,18001,46686,46522,54808,35838
2021-12-07T20:00:00Z,144276,128080,82510,73664,16196,44212,44058,51827,34404
2021-12-07T21:00:00Z,139852,124779,80449,71870,15073,41462,41309,48796,32779
2021-12-07T22:00:00Z,132240,116691,76643,67944,15549,38089,37945,45432,30491
2021-12-07T23:00:00Z,131928,104341,71917,62476,27587,34966,34821,44772,29729
2021-12-08T00:00:00Z,144041,102337,73360,60308,41704,33762,33606,50844,33596
2021-12-08T01:00:00Z,130086,102004,72068,60301,28082,35313,35169,50292,33152
2021-12-08T02:00:00Z,120080,102928,67667,58981,17152,35946,35809,44389,27211
2021-12-08T03:00:00Z,120614,101018,67495,58769,19596,34698,34568,43544,26149
2021-12-08T04:00:00Z,113991,96182,63802,56589,17809,30621,30493,39317,24531
2021-12-08T05:00:00Z,116488,99753,66715,57245,16735,32213,32086,40486,25393
2021-12-08T06:00:00Z,130101,110215,71393,61447,19886,38091,37963,48012,28975
2021-12-08T07:00:00Z,137790,121272,75131,66125,16518,41872,41751,49889,30108
2021-12-08T08:00:00Z,149473,130473,79312,69867,19000,46733,46579,55425,33594
2021-12-08T09:00:00Z,158845,139531,83764,74006,19314,49166,48983,57754,34802
2021-12-08T10:00:00Z,157904,135669,82614,73026,22235,47336,47181,55786,34742
2021-12-08T11:00:00Z,154019,133888,83572,73693,20131,46296,46136,54115,34037
2021-12-08T12:00:00Z,162439,138530,90540,75613,23909,48462,48308,61612,40785
2021-12-08T13:00:00Z,171714,151119,94208,82264,20595,53379,53216,64411,41980
2021-12-08T14:00:00Z,175954,157833,94551,85818,18121,57771,57606,65120,41440
2021-12-08T15:00:00Z,172916,155079,92847,84638,17837,56798,56626,64167,41280
2021-12-08T16:00:00Z,172069,152036,88843,81640,20033,54711,54544,62248,39955
2021-12-08T17:00:00Z,163550,146557,88566,80329,16993,51192,51014,58455,38142
2021-12-08T18:00:00Z,158412,141161,87459,78136,17251,48483,48327,57404,38300
2021-12-08T19:00:00Z,156387,138802,86066,77184,17585,46309,46164,54118,35619
2021-12-08T20:00:00Z,148897,130890,83045,74622,18007,43608,43452,51366,33995
2021-12-08T21:00:00Z,146113,127926,80777,71988,18187,42013,41852,49736,33069
2021-12-08T22:00:00Z,131796,114607,74324,65476,17189,38227,38076,45879,30698
2021-12-08T23:00:00Z,123553,106325,72128,63155,17228,34596,34443,43498,29543
2021-12-09T00:00:00Z,137882,105435,73880,61452,32447,33455,33302,50845,33754
2021-12-09T01:00:00Z,231542,80036,56947,48099,151506,30320,30181,77800,26953
2021-12-09T02:00:00Z,131881,101896,67017,58901,29985,35104,34961,45609,26277
2021-12-09T03:00:00Z,124921,101672,69425,61152,23249,34758,34641,44171,26689
2021-12-09T04:00:00Z,113036,91016,62374,55222,22020,30409,30295,39488,24241
2021-12-09T05:00:00Z,115250,94169,65035,56840,21081,32722,32599,41580,25325
2021-12-09T06:00:00Z,126719,107843,70122,61691,18876,38193,38072,47686,28706
2021-12-09T07:00:00Z,140725,123526,75941,67779,17199,41962,41824,49700,29716
2021-12-09T08:00:00Z,152454,133742,81670,73094,18712,47641,47480,55454,33574
2021-12-09T09:00:00Z,161699,142524,85627,76404,19175,50660,50495,58104,35770
2021-12-09T10:00:00Z,159496,140127,85331,76029,19369,49019,48866,56630,35041
2021-12-09T11:00:00Z,156175,137992,84990,76192,18183,47735,47572,55516,34553
2021-12-09T12:00:00Z,166621,142845,93036,78220,23776,50226,50058,63108,41643
2021-12-09T13:00:00Z,169300,147685,93619,81636,21615,53385,53219,64826,42160
2021-12-09T14:00:00Z,176196,157920,95295,86558,18276,57868,57701,65065,41364
2021-12-09T15:00:00Z,172665,154476,93216,84783,18189,57065,56890,64834,41547
2021-12-09T16:00:00Z,166401,150218,87322,80323,16183,54491,54324,61908,39614
2021-12-09T17:00:00Z,162141,144112,87171,78778,18029,51313,51140,59171,37777
2021-12-09T18:00:00Z,155565,136583,84960,75523,18982,47917,47760,56860,37086
2021-12-09T19:00:00Z,166107,127373,79990,71512,38734,44491,44339,57373,33879
2021-12-09T20:00:00Z,185793,124861,82967,70715,60932,42636,42491,57683,35621
2021-12-09T21:00:00Z,233569,99773,65183,56023,133796,36736,36596,71976,29887
2021-12-09T22:00:00Z,204183,99783,66535,57727,104400,35324,35171,61772,29045
2021-12-09T23:00:00Z,127076,101666,70087,60556,25410,34213,34065,45108,29587
2021-12-10T00:00:00Z,147789,102267,74297,61044,45522,32897,32747,56008,33420
2021-12-10T01:00:00Z,233207,86489,61122,49787,146718,31675,31541,71576,29353
2021-12-10T02:00:00Z,116146,99013,63416,55847,17133,34971,34845,43229,25915
2021-12-10T03:00:00Z,124640,104642,70115,62198,19998,34101,33977,42601,25486
2021-12-10T04:00:00Z,110974,93131,64881,58426,17843,29333,29213,37675,23371
2021-12-10T05:00:00Z,119481,102361,68914,61121,17120,32236,32118,41077,25313
2021-12-10T06:00:00Z,126276,109178,71687,63719,17098,37480,37354,46045,27673
2021-12-10T07:00:00Z,139626,123255,74758,67356,16371,41082,40936,48940,28445
2021-12-10T08:00:00Z,150724,130998,77289,69141,19726,46667,46523,55371,32880
2021-12-10T09:00:00Z,159070,139689,84143,75575,19381,49203,49044,57303,34831
2021-12-10T10:00:00Z,157975,136885,82402,73888,21090,47239,47070,55407,34165
2021-12-10T11:00:00Z,155159,133677,83120,74777,21482,44687,44537,53622,32889
2021-12-10T12:00:00Z,167701,141118,92217,77908,26583,46274,46125,60494,39066
2021-12-10T13:00:00Z,169507,147422,93767,82157,22085,50015,49865,62398,39913
2021-12-10T14:00:00Z,173089,154834,94631,86346,18255,54307,54143,62230,39201
2021-12-10T15:00:00Z,173553,154529,93811,85423,19024,53538,53387,62396,39471
2021-12-10T16:00:00Z,165834,148862,88439,81762,16972,51389,51216,59858,38042
2021-12-10T17:00:00Z,156155,136985,83863,75947,19170,47134,46974,56589,36009
2021-12-10T18:00:00Z,147232,125078,79163,69852,22154,43385,43223,53743,34881
2021-12-10T19:00:00Z,139005,120151,75343,67047,18854,40941,40798,49244,31941
2021-12-10T20:00:00Z,133552,114782,73313,65326,18770,38517,38375,46570,30516
2021-12-10T21:00:00Z,135336,112386,71342,63283,22950,36191,36037,44693,29231
2021-12-10T22:00:00Z,114962,97789,63019,55162,17173,32416,32272,40046,26483
2021-12-10T23:00:00Z,105011,87946,59131,51193,17065,29201,29048,38316,25552
2021-12-11T00:00:00Z,100709,80241,59705,47145,20468,26776,26647,40987,29666
2021-12-11T01:00:00Z,88788,71065,52381,41183,17723,24262,24139,37501,26325
2021-12-11T02:00:00Z,92440,76381,52341,45078,16059,23532,23425,31775,20482
2021-12-11T03:00:00Z,86292,74609,52841,45486,11683,23582,23495,31341,20033
2021-12-11T04:00:00Z,81047,70732,50161,43939,10315,22634,22551,29602,19003
2021-12-11T05:00:00Z,84271,72922,52900,45634,11349,23488,23399,30766,19815
2021-12-11T06:00:00Z,86717,74972,53295,45749,11745,24964,24876,33478,21575
2021-12-11T07:00:00Z,89234,78044,52979,46236,11190,25483,25404,32854,20512
2021-12-11T08:00:00Z,92533,79966,53827,46749,12567,26989,26896,34888,21615
2021-12-11T09:00:00Z,95496,83216,56584,48988,12280,28502,28396,36666,22809
2021-12-11T10:00:00Z,95992,84042,57220,50072,11950,29157,29075,36982,23538
2021-12-11T11:00:00Z,100103,88361,59767,52616,11742,30384,30283,38183,23965
2021-12-11T12:00:00Z,113314,94743,68724,54869,18571,32485,32386,45573,30391
2021-12-11T13:00:00Z,116703,100457,69978,58905,16246,34708,34617,46619,30327
2021-12-11T14:00:00Z,121433,108088,72645,65042,13345,37110,37012,45202,28607
2021-12-11T15:00:00Z,116852,104792,69862,62855,12060,37405,37312,45489,28904
2021-12-11T16:00:00Z,115601,105076,67912,62259,10525,36553,36469,44574,29054
2021-12-11T17:00:00Z,116928,105176,70766,64279,11752,35131,35041,43355,28213
2021-12-11T18:00:00Z,111274,98898,69967,62155,12376,33292,33192,42159,28508
2021-12-11T19:00:00Z,107249,95085,66400,59308,12164,30851,30751,38783,25723
2021-12-11T20:00:00Z,103005,91516,64901,57970,11489,29515,29428,37286,24761
2021-12-11T21:00:00Z,96750,85107,59421,52553,11643,27692,27599,34753,23328
2021-12-11T22:00:00Z,93421,82521,59758,53130,10900,25460,25366,32188,21528
2021-12-11T23:00:00Z,87305,76609,58193,51303,10696,23833,23749,31290,21915
2021-12-12T00:00:00Z,91167,72616,60676,47609,18551,22846,22744,38417,28653
2021-12-12T01:00:00Z,89177,70962,59267,47940,18215,21135,21056,34617,25208
2021-12-12T02:00:00Z,85835,74414,55567,48664,11421,21251,21166,28905,19011
2021-12-12T03:00:00Z,82920,71832,53333,46565,11088,21566,21484,28772,18506
2021-12-12T04:00:00Z,78082,68059,50111,44333,10023,21667,21590,28604,18557
2021-12-12T05:00:00Z,79528,68956,51131,44345,10572,21809,21738,28942,18567
2021-12-12T06:00:00Z,85861,74500,54394,47133,11361,24051,23983,31955,20857
2021-12-12T07:00:00Z,89347,78818,54652,48153,10529,25533,25456,32579,20413
2021-12-12T08:00:00Z,93564,81355,55887,49079,12209,26963,26882,34474,21706
2021-12-12T09:00:00Z,95006,83070,57655,50709,11936,28426,28344,36132,22952
2021-12-12T10:00:00Z,97930,86501,59239,52532,11429,29583,29509,37320,23630
2021-12-12T11:00:00Z,102092,90663,61910,54910,11429,31427,31341,39182,24784
2021-12-12T12:00:00Z,125328,106033,78561,64577,19295,34362,34265,47779,32090
2021-12-12T13:00:00Z,121888,105880,74750,64029,16008,36500,36411,48402,31905
2021-12-12T14:00:00Z,127380,114775,79273,71802,12605,39110,39006,47255,30196
2021-12-12T15:00:00Z,122667,109936,74063,67049,12731,38937,38833,47473,30556
2021-12-12T16:00:00Z,123743,112542,73193,67357,11201,38388,38290,46963,30548
2021-12-12T17:00:00Z,120642,107604,73596,66890,13038,36437,36350,44402,29230
2021-12-12T18:00:00Z,115958,103091,72243,64287,12867,35263,35171,44278,29893
2021-12-12T19:00:00Z,112796,101059,68381,61586,11737,34078,33980,41913,27886
2021-12-12T20:00:00Z,108645,96654,67794,60813,11991,32938,32851,40833,27397
2021-12-12T21:00:00Z,110477,98507,69235,62320,11970,31393,31310,38659,25900
2021-12-12T22:00:00Z,104248,92703,67348,60688,11545,29103,29017,35990,24408
2021-12-12T23:00:00Z,99508,87215,65603,58422,12293,27404,27323,35124,24376
2021-12-13T00:00:00Z,118896,89850,71655,60105,29046,27474,27371,43369,30029
2021-12-13T01:00:00Z,127137,91982,68492,57237,35155,30140,30031,45808,29184
2021-12-13T02:00:00Z,123972,103353,69557,62151,20619,32851,32740,41918,24819
2021-12-13T03:00:00Z,122167,95646,64454,56811,26521,32400,32291,41240,24161
2021-12-13T04:00:00Z,115852,86580,60236,53391,29272,28398,28292,37650,22706
2021-12-13T05:00:00Z,117114,96322,66526,58590,20792,31238,31123,39849,24142
2021-12-13T06:00:00Z,130957,107781,70831,62404,23176,36945,36815,47231,28317
2021-12-13T07:00:00Z,138040,117028,71112,63431,21012,41190,41064,49113,28888
2021-12-13T08:00:00Z,156022,132885,77476,69569,23137,47439,47293,55433,32725
2021-12-13T09:00:00Z,162753,139162,80573,72450,23591,50459,50293,58181,34432
2021-12-13T10:00:00Z,162489,138287,82886,74774,24202,48146,47988,56599,34514
2021-12-13T11:00:00Z,167362,139079,85830,77148,28283,48013,47848,56554,34549
2021-12-13T12:00:00Z,174242,143546,91463,76678,30696,50748,50583,64100,41528
2021-12-13T13:00:00Z,184702,155972,94956,83263,28730,54382,54220,66153,42170
2021-12-13T14:00:00Z,181995,159721,95170,86717,22274,58033,57863,65821,41055
2021-12-13T15:00:00Z,180111,158573,93960,85930,21538,57420,57236,65629,41419
2021-12-13T16:00:00Z,174424,154033,88533,81793,20391,54879,54716,63084,39758
2021-12-13T17:00:00Z,167505,146189,87417,79543,21316,50721,50549,58978,37562
2021-12-13T18:00:00Z,163364,139453,86889,77631,23911,47732,47565,58141,37970
2021-12-13T19:00:00Z,187484,122776,75579,67908,64708,43874,43722,64631,33438
2021-12-13T20:00:00Z,219562,112991,71963,64033,106571,40644,40478,72780,31640
2021-12-13T21:00:00Z,159696,131476,84241,75177,28220,41739,41581,51333,33014
2021-12-13T22:00:00Z,145883,118446,77955,68458,27437,38397,38258,48100,31123
2021-12-13T23:00:00Z,134829,105483,73636,63846,29346,34141,34002,44444,29785
2021-12-14T00:00:00Z,135466,100183,74327,61265,35283,32916,32783,48670,33343
2021-12-14T01:00:00Z,129740,104180,73997,61230,25560,35064,34941,49499,33218
2021-12-14T02:00:00Z,125719,105846,68875,60176,19873,36580,36448,46040,28020
2021-12-14T03:00:00Z,124278,102592,68194,60152,21686,34083,33967,43522,26289
2021-12-14T04:00:00Z,120113,97367,67272,60183,22746,30308,30185,39369,24239
2021-12-14T05:00:00Z,117665,100517,68938,61159,17148,32240,32124,40461,24876
2021-12-14T06:00:00Z,129289,108581,69311,60479,20708,37913,37789,46992,28060
2021-12-14T07:00:00Z,141862,123155,73999,66077,18707,42207,42069,50123,29601
2021-12-14T08:00:00Z,160725,138430,81995,73402,22295,48383,48245,56252,33612
2021-12-14T09:00:00Z,167402,144454,85729,76807,22948,51163,51005,59031,35568
2021-12-14T10:00:00Z,168987,143072,86641,77829,25915,49077,48927,57123,35014
2021-12-14T11:00:00Z,160754,137619,83910,75345,23135,48147,47987,56290,34603
2021-12-14T12:00:00Z,173677,145965,94230,79444,27712,50858,50681,64218,42002
2021-12-14T13:00:00Z,180412,154542,95495,83468,25870,55242,55073,67115,42876
2021-12-14T14:00:00Z,180666,160245,94167,85688,20421,58540,58368,66040,41576
2021-12-14T15:00:00Z,176731,156033,91925,83847,20698,57828,57646,66030,41727
2021-12-14T16:00:00Z,172236,152510,88169,81201,19726,55067,54907,63321,40462
2021-12-14T17:00:00Z,164778,144046,87841,79393,20732,50614,50446,59017,37650
2021-12-14T18:00:00Z,160153,137803,85836,76072,22350,47452,47286,57400,37384
2021-12-14T19:00:00Z,157712,135317,83980,74961,22395,46091,45928,55687,35701
2021-12-14T20:00:00Z,204180,110353,69870,61546,93827,40531,40383,70304,31701
2021-12-14T21:00:00Z,234540,102020,64409,56967,132520,36674,36514,73225,28850
2021-12-14T22:00:00Z,143882,119735,78347,69199,24147,37994,37838,47585,30920
2021-12-14T23:00:00Z,125089,104744,71058,62207,20345,34330,34201,43871,29581
2021-12-15T00:00:00Z,130097,104663,76063,63214,25434,33283,33141,49611,34615
2021-12-15T01:00:00Z,124922,103195,71755,59936,21727,34728,34605,49091,32733
2021-12-15T02:00:00Z,123631,105077,66776,58442,18554,35694,35563,45604,27956
2021-12-15T03:00:00Z,124013,104910,69766,61557,19103,34384,34277,43701,26818
2021-12-15T04:00:00Z,111740,91111,61806,54588,20629,29914,29801,39985,24790
2021-12-15T05:00:00Z,111179,94123,62658,54431,17056,31734,31619,41240,25326
2021-12-15T06:00:00Z,127611,108978,71291,62038,18633,37692,37561,47701,28707
2021-12-15T07:00:00Z,137980,120657,72981,64866,17323,42142,41992,50710,30110
2021-12-15T08:00:00Z,153974,133673,78587,69629,20301,47322,47174,57075,34044
2021-12-15T09:00:00Z,158758,139097,81849,72582,19661,50513,50364,58761,35516
2021-12-15T10:00:00Z,158818,136812,81332,72190,22006,48775,48606,57396,35463
2021-12-15T11:00:00Z,155734,134200,81179,72035,21534,47321,47161,56208,34565
2021-12-15T12:00:00Z,165841,138932,89170,74117,26909,49349,49183,63615,41674
2021-12-15T13:00:00Z,171352,147591,89980,77599,23761,53703,53544,66214,42803
2021-12-15T14:00:00Z,177927,158654,93276,84322,19273,57470,57293,65889,41764
2021-12-15T15:00:00Z,171308,154118,89827,81521,17190,56925,56765,64943,41278
2021-12-15T16:00:00Z,170954,152800,90068,82337,18154,54437,54279,63192,40452
2021-12-15T17:00:00Z,163615,143209,88130,78725,20406,49929,49770,58960,37978
2021-12-15T18:00:00Z,153825,133650,83586,73736,20175,46471,46311,56595,37268
2021-12-15T19:00:00Z,149277,129780,79923,70702,19497,44309,44151,53445,34896
2021-12-15T20:00:00Z,145924,126261,80037,70523,19663,42381,42211,51547,34000
2021-12-15T21:00:00Z,147022,128742,78601,69638,18280,40388,40238,49064,32406
2021-12-15T22:00:00Z,130864,112469,73632,64754,18395,36053,35908,45153,29787
2021-12-15T23:00:00Z,122137,102774,67517,58560,19363,32828,32680,42822,28576
2021-12-16T00:00:00Z,133097,101931,74003,60371,31166,31992,31863,49600,33861
2021-12-16T01:00:00Z,123141,99489,70539,58031,23652,33155,33028,48262,32154
2021-12-16T02:00:00Z,117218,101132,66105,58059,16086,33804,33684,42629,25900
2021-12-16T03:00:00Z,117498,100058,64511,56734,17440,33197,33076,42568,25278
2021-12-16T04:00:00Z,106432,88320,60507,53537,18112,28777,28662,37674,23110
2021-12-16T05:00:00Z,107574,92858,60578,52601,14716,30408,30294,38380,23220
2021-12-16T06:00:00Z,122365,102390,64734,55989,19975,36177,36057,45549,26745
2021-12-16T07:00:00Z,135600,118117,70779,62192,17483,41204,41079,49157,28977
2021-12-16T08:00:00Z,150697,130895,76032,67460,19802,46726,46561,55286,33057
2021-12-16T09:00:00Z,159409,140128,81101,72873,19281,49324,49162,57768,34809
2021-12-16T10:00:00Z,163202,141363,84661,76157,21839,47459,47296,56256,34872
2021-12-16T11:00:00Z,155226,133806,79683,71287,21420,46139,45978,54639,34144
2021-12-16T12:00:00Z,165353,140551,89519,75002,24802,48411,48244,61415,40231
2021-12-16T13:00:00Z,175454,152964,95445,83908,22490,52409,52248,64313,41278
2021-12-16T14:00:00Z,179040,158689,96461,86721,20351,56103,55937,64245,40146
2021-12-16T15:00:00Z,175415,155795,93362,84001,19620,55360,55192,63664,39999
2021-12-16T16:00:00Z,172058,152337,91010,82179,19721,52726,52544,61018,38844
2021-12-16T17:00:00Z,160539,139931,86630,76358,20608,48272,48097,57017,36328
2021-12-16T18:00:00Z,152871,132060,81744,72524,20811,45161,45000,54887,35763
2021-12-16T19:00:00Z,145199,125727,78324,69400,19472,42421,42270,50758,32759
2021-12-16T20:00:00Z,140585,120096,75497,67147,20489,39981,39834,48537,31442
2021-12-16T21:00:00Z,134876,116978,72546,64274,17898,37870,37732,45971,29887
2021-12-16T22:00:00Z,120636,103920,65840,57999,16716,34407,34251,42102,27595
2021-12-16T23:00:00Z,111951,95437,64306,56073,16514,30731,30602,39622,26634
2021-12-17T00:00:00Z,114232,92789,66408,54885,21443,30084,29948,44255,30940
2021-12-17T01:00:00Z,113389,92807,66129,53678,20582,31443,31314,45973,31183
2021-12-17T02:00:00Z,114190,97020,62573,53536,17170,32343,32233,42860,26402
2021-12-17T03:00:00Z,117764,95810,67860,55807,21954,31401,31292,42350,25836
2021-12-17T04:00:00Z,107855,84621,62351,51626,23234,27107,26993,38622,24681
2021-12-17T05:00:00Z,110570,91794,62560,52495,18776,28785,28679,40033,25778
2021-12-17T06:00:00Z,118559,99092,65919,55524,19467,34021,33901,46582,29053
2021-12-17T07:00:00Z,129897,111632,70891,61288,18265,38636,38501,48829,29907
2021-12-17T08:00:00Z,137198,117975,71456,61596,19223,43183,43041,53427,32763
2021-12-17T09:00:00Z,152410,134415,79714,71436,17995,46289,46141,55186,33537
2021-12-17T10:00:00Z,151169,132294,79494,71138,18875,44119,43983,52511,32882
2021-12-17T11:00:00Z,150944,131907,81353,72959,19037,42079,41946,50297,31319
2021-12-17T12:00:00Z,165348,139465,92713,78201,25883,43526,43374,57045,37626
2021-12-17T13:00:00Z,173733,148797,96145,84406,24936,46737,46584,59824,37992
2021-12-17T14:00:00Z,163690,146011,88349,79844,17679,50732,50557,58430,36989
2021-12-17T15:00:00Z,165758,147597,90029,81622,18161,50068,49917,58700,37500
2021-12-17T16:00:00Z,165342,148804,89768,82512,16538,47275,47111,56396,35699
2021-12-17T17:00:00Z,149190,133126,82043,74397,16064,43383,43241,51663,33206
2021-12-17T18:00:00Z,135568,117503,72724,63438,18065,39896,39739,49745,32567
2021-12-17T19:00:00Z,124221,107934,66346,58350,16287,36531,36388,45003,28903
2021-12-17T20:00:00Z,118453,102500,63732,55719,15953,34428,34294,42579,27797
2021-12-17T21:00:00Z,113861,98225,61092,53211,15636,31731,31595,39978,26156
2021-12-17T22:00:00Z,101327,85892,55495,47957,15435,28661,28536,36501,24112
2021-12-17T23:00:00Z,95760,78516,54396,46042,17244,25919,25800,35722,24436
2021-12-18T00:00:00Z,95602,75804,56863,45059,19798,23528,23412,39343,28508
2021-12-18T01:00:00Z,83696,65905,51144,39992,17791,21194,21090,34956,24815
2021-12-18T02:00:00Z,84683,70284,49210,41671,14399,20555,20453,29332,18902
2021-12-18T03:00:00Z,77589,66287,46432,39435,11302,20490,20396,28408,17991
2021-12-18T04:00:00Z,76496,66419,45615,39465,10077,20602,20522,28127,18009
2021-12-18T05:00:00Z,83693,72528,53940,46639,11165,20676,20603,28188,17650
2021-12-18T06:00:00Z,90542,79107,58870,51382,11435,22020,21941,30147,19172
2021-12-18T07:00:00Z,93382,82354,58021,51184,11028,23126,23038,30204,18649
2021-12-18T08:00:00Z,97716,84829,59886,52814,12887,24556,24475,32535,20467
2021-12-18T09:00:00Z,92809,81360,57189,49959,11449,25683,25595,33365,21013
2021-12-18T10:00:00Z,95040,83413,57935,50926,11627,26556,26463,34581,21532
2021-12-18T11:00:00Z,102325,89853,65242,57909,12472,27262,27168,35210,22150
2021-12-18T12:00:00Z,119904,101131,79240,65420,18773,29295,29199,42408,28581
2021-12-18T13:00:00Z,114856,99009,72610,61780,15847,31801,31709,43716,28774
2021-12-18T14:00:00Z,120254,107871,76311,68803,12383,34108,34012,42240,26817
2021-12-18T15:00:00Z,119662,107705,76205,69209,11957,33776,33686,41943,26863
2021-12-18T16:00:00Z,117196,106697,72351,66834,10499,32684,32590,41080,26531
2021-12-18T17:00:00Z,111299,99677,69498,63010,11622,31294,31197,39468,25382
2021-12-18T18:00:00Z,168818,89026,63693,56485,79792,28760,28666,47552,24921
2021-12-18T19:00:00Z,107001,95281,69773,62946,11720,27620,27522,35432,23542
2021-12-18T20:00:00Z,94557,83154,60280,53487,11403,26094,26009,33830,22199
2021-12-18T21:00:00Z,81985,72496,51035,45383,9489,22304,22216,28634,18979
2021-12-18T22:00:00Z,86157,75451,54978,48399,10706,22453,22370,29815,19899
2021-12-18T23:00:00Z,81385,70902,54674,47704,10483,21309,21232,29084,20011
2021-12-19T00:00:00Z,88011,69906,59739,47075,18105,20078,19987,35709,26450
2021-12-19T01:00:00Z,81975,63436,52714,41568,18539,18821,18732,33179,23710
2021-12-19T02:00:00Z,77268,66208,47605,41036,11060,18993,18911,27358,17628
2021-12-19T03:00:00Z,72951,62005,45469,38603,10946,18984,18913,26652,17013
2021-12-19T04:00:00Z,69896,60504,44292,38532,9392,19438,19375,26331,17134
2021-12-19T05:00:00Z,73954,63758,46527,39564,10196,20249,20179,27302,17361
2021-12-19T06:00:00Z,76388,65595,47836,40558,10793,21191,21115,29240,18991
2021-12-19T07:00:00Z,84591,73994,51473,44808,10597,23087,23001,30342,18894
2021-12-19T08:00:00Z,96199,84728,59111,52255,11471,25076,24988,32607,20695
2021-12-19T09:00:00Z,100760,88694,64974,57963,12066,26297,26206,34249,21327
2021-12-19T10:00:00Z,99734,88109,63006,56185,11625,27176,27091,34809,21883
2021-12-19T11:00:00Z,99882,88879,62307,55462,11003,29040,28961,36412,22998
2021-12-19T12:00:00Z,116030,98314,73431,60349,17716,31334,31247,44512,29902
2021-12-19T13:00:00Z,120673,104431,75969,65040,16242,34082,33994,45856,30424
2021-12-19T14:00:00Z,123621,110417,77306,70040,13204,36414,36331,45222,28803
2021-12-19T15:00:00Z,121707,107640,74758,67617,14067,35952,35870,45079,29138
2021-12-19T16:00:00Z,119051,107450,71047,65174,11601,34817,34732,43920,28144
2021-12-19T17:00:00Z,113418,100919,69241,62510,12499,32784,32703,40934,26546
2021-12-19T18:00:00Z,107026,94340,67300,59401,12686,31163,31072,40168,26828
2021-12-19T19:00:00Z,104322,92642,64988,58087,11680,29775,29688,37736,24891
2021-12-19T20:00:00Z,100454,88704,62606,55533,11750,29012,28927,36658,24476
2021-12-19T21:00:00Z,97684,84306,60259,52996,13378,27085,27003,34951,23344
2021-12-19T22:00:00Z,90200,78316,55147,48403,11884,24804,24716,33394,21355
2021-12-19T23:00:00Z,85354,72536,53373,46375,12818,23437,23365,32565,21802
2021-12-20T00:00:00Z,103585,76133,59432,48517,27452,24114,24011,40186,26970
2021-12-20T01:00:00Z,116033,81562,60427,49509,34471,26869,26764,42377,26914
2021-12-20T02:00:00Z,115641,92209,63322,55652,23432,29455,29345,39159,22910
2021-12-20T03:00:00Z,118176,90743,62462,54219,27433,28738,28642,38653,22073
2021-12-20T04:00:00Z,114051,81838,58092,51420,32213,25390,25288,35730,21152
2021-12-20T05:00:00Z,110395,87419,61251,53451,22976,27679,27575,36014,21623
2021-12-20T06:00:00Z,122183,99775,64373,56227,22408,34025,33905,43936,25716
2021-12-20T07:00:00Z,133307,109580,65946,58304,23727,38280,38155,47133,27021
2021-12-20T08:00:00Z,156577,129017,81785,73441,27560,42576,42427,51920,30168
2021-12-20T09:00:00Z,161428,134807,81806,73017,26621,45404,45247,55176,32480
2021-12-20T10:00:00Z,162621,135161,82631,74235,27460,43953,43818,53642,32491
2021-12-20T11:00:00Z,189925,159813,84277,75693,30112,42835,42676,52373,31256
2021-12-20T12:00:00Z,196756,165573,86372,73272,31183,44802,44655,58999,37543
2021-12-20T13:00:00Z,198857,167536,87716,76420,31321,48271,48115,61220,38449
2021-12-20T14:00:00Z,196928,173096,87472,79098,23832,52330,52156,61652,37671
2021-12-20T15:00:00Z,192291,170175,90280,82479,22116,51132,50972,60683,37297
2021-12-20T16:00:00Z,173562,150074,84343,77725,23488,49133,48981,58441,36241
2021-12-20T17:00:00Z,163010,139163,85288,77396,23847,45335,45191,54682,34412
2021-12-20T18:00:00Z,154813,128554,82353,72921,26259,41844,41692,53202,34106
2021-12-20T19:00:00Z,150787,123712,79663,70692,27075,39828,39668,50195,31830
2021-12-20T20:00:00Z,150010,121607,80296,71436,28403,38054,37916,48215,30700
2021-12-20T21:00:00Z,142031,113859,72878,64406,28172,35744,35604,45415,28925
2021-12-20T22:00:00Z,125297,102908,65757,58783,22389,32417,32279,41191,26256
2021-12-20T23:00:00Z,116295,93460,61735,54027,22835,29211,29092,39526,26087
2021-12-21T00:00:00Z,112644,88487,62164,50567,24157,28655,28526,43985,30021
2021-12-21T01:00:00Z,110563,89877,62519,51266,20686,30406,30277,44861,29613
2021-12-21T02:00:00Z,110767,93886,59045,51241,16881,31884,31764,41671,24922
2021-12-21T03:00:00Z,110149,91089,60129,52094,19060,30788,30666,39960,23656
2021-12-21T04:00:00Z,99934,82149,54464,47984,17785,26769,26662,36144,21928
2021-12-21T05:00:00Z,101709,85890,56782,49121,15819,29038,28916,37715,22747
2021-12-21T06:00:00Z,117585,100136,63281,55076,17449,34895,34762,44558,26396
2021-12-21T07:00:00Z,127989,111746,67673,60235,16243,38836,38713,46493,26899
2021-12-21T08:00:00Z,142766,124456,75619,67683,18310,43517,43377,51732,30832
2021-12-21T09:00:00Z,150577,132192,78495,70005,18385,45630,45482,54083,32514
2021-12-21T10:00:00Z,149958,128954,77919,69456,21004,43964,43822,52369,32180
2021-12-21T11:00:00Z,141048,120851,73581,65145,20197,42752,42602,51261,31489
2021-12-21T12:00:00Z,152540,128215,82662,68820,24325,45436,45280,58760,37894
2021-12-21T13:00:00Z,161016,138270,86264,74766,22746,49002,48840,61259,39237
2021-12-21T14:00:00Z,165569,146525,87647,79312,19044,52538,52374,60944,38427
2021-12-21T15:00:00Z,163645,145188,87002,79126,18457,52097,51927,60882,38555
2021-12-21T16:00:00Z,158631,141865,82716,76024,16766,48442,48290,57779,36476
2021-12-21T17:00:00Z,150039,132188,80693,73167,17851,44342,44184,53511,34216
2021-12-21T18:00:00Z,140990,122256,77728,68840,18734,40899,40737,51175,33177
2021-12-21T19:00:00Z,140465,122377,79710,71442,18088,38733,38584,48128,30994
2021-12-21T20:00:00Z,133691,114929,74350,66250,18762,37103,36976,46168,30017
2021-12-21T21:00:00Z,130429,111665,72733,64478,18764,34747,34609,43445,28309
2021-12-21T22:00:00Z,118931,101346,67903,59957,17585,31251,31118,39790,26023
2021-12-21T23:00:00Z,107097,91187,63492,55530,15910,28602,28485,37470,25198
2021-12-22T00:00:00Z,111360,89687,67395,56195,21673,27523,27398,42493,29413
2021-12-22T01:00:00Z,109638,91279,66344,55594,18359,29423,29300,43023,28614
2021-12-22T02:00:00Z,109585,94993,61872,54906,14592,31087,30977,40149,24177
2021-12-22T03:00:00Z,110476,94720,62614,55355,15756,30217,30109,39127,23224
2021-12-22T04:00:00Z,97842,82666,57067,50898,15176,26054,25958,34859,21470
2021-12-22T05:00:00Z,104184,90038,61197,53740,14146,28709,28606,37712,22536
2021-12-22T06:00:00Z,118375,103722,67178,59440,14653,34397,34286,44281,25874
2021-12-22T07:00:00Z,129330,115172,70980,63846,14158,38177,38041,46157,26812
2021-12-22T08:00:00Z,139444,122797,74872,67063,16647,42574,42439,51567,30313
2021-12-22T09:00:00Z,149465,132539,79206,71045,16926,45055,44908,53520,31966
2021-12-22T10:00:00Z,140710,123178,75237,67343,17532,42247,42108,50590,31090
2021-12-22T11:00:00Z,135165,118497,72830,65189,16668,41275,41138,49452,30271
2021-12-22T12:00:00Z,144903,123182,79743,66420,21721,43118,42970,56111,36253
2021-12-22T13:00:00Z,154657,134294,84841,73744,20363,46622,46484,58642,37196
2021-12-22T14:00:00Z,156263,138924,84503,76348,17339,49843,49696,58045,36257
2021-12-22T15:00:00Z,159476,142577,88058,80121,16899,49098,48942,58167,36530
2021-12-22T16:00:00Z,153205,137832,83495,76884,15373,46304,46163,55141,35087
2021-12-22T17:00:00Z,139490,122582,75447,68039,16908,42270,42132,50762,32549
2021-12-22T18:00:00Z,133253,116364,73490,64701,16889,39411,39277,49006,31761
2021-12-22T19:00:00Z,130601,113906,73027,65049,16695,36709,36565,45315,29143
2021-12-22T20:00:00Z,120202,104941,69764,62260,15261,34229,34094,42506,27809
2021-12-22T21:00:00Z,126324,108649,70835,63302,17675,32428,32304,40693,26427
2021-12-22T22:00:00Z,108793,94811,63503,56294,13982,29340,29224,36966,24293
2021-12-22T23:00:00Z,98835,84577,60042,52646,14258,26782,26668,35229,23842
2021-12-23T00:00:00Z,105089,85625,64967,53803,19464,26242,26119,41520,28759
2021-12-23T01:00:00Z,105503,88980,64872,54439,16523,28193,28080,41445,27482
2021-12-23T02:00:00Z,105782,92345,59159,52076,13437,29387,29282,38017,22594
2021-12-23T03:00:00Z,101990,86970,59156,51829,15020,28578,28479,36922,21846
2021-12-23T04:00:00Z,91541,75592,52409,45977,15949,24926,24829,33440,20552
2021-12-23T05:00:00Z,95382,80709,54465,46699,14673,27090,26980,35845,21393
2021-12-23T06:00:00Z,107146,92263,59128,51269,14883,32662,32551,41621,24545
2021-12-23T07:00:00Z,120912,106813,65203,58141,14099,36014,35905,43897,25191
2021-12-23T08:00:00Z,127982,111010,67175,59326,16972,39681,39541,48377,28577
2021-12-23T09:00:00Z,136561,118361,71412,62807,18200,41831,41676,50564,30363
2021-12-23T10:00:00Z,135232,115334,71550,63095,19898,39521,39374,48572,29687
2021-12-23T11:00:00Z,132818,112799,70238,61652,20019,39154,39004,47887,29305
2021-12-23T12:00:00Z,141647,117192,77715,63481,24455,40832,40679,54808,35755
2021-12-23T13:00:00Z,146334,124487,80248,68489,21847,43630,43496,55952,35801
2021-12-23T14:00:00Z,148552,131425,80451,72321,17127,45711,45579,54115,33873
2021-12-23T15:00:00Z,139493,123316,74326,66681,16177,44586,44442,52956,33390
2021-12-23T16:00:00Z,137289,122599,72150,65850,14690,41810,41667,50631,32200
2021-12-23T17:00:00Z,125317,110121,68920,61906,15196,37868,37723,46215,29442
2021-12-23T18:00:00Z,114090,98425,63103,54847,15665,34734,34607,43947,28996
2021-12-23T19:00:00Z,110254,95461,61242,53874,14793,32549,32417,40733,26292
2021-12-23T20:00:00Z,109599,94620,62611,55211,14979,30353,30237,39151,25533
2021-12-23T21:00:00Z,108855,93296,61537,54033,15559,28132,28025,36458,23571
2021-12-23T22:00:00Z,92704,78494,54099,46945,14210,25345,25227,32981,21365
2021-12-23T23:00:00Z,90278,75160,54075,46770,15118,23666,23557,32233,21477
2021-12-24T00:00:00Z,98103,70496,54268,42916,27607,23321,23203,39214,26355
2021-12-24T01:00:00Z,92357,72971,53062,42530,19386,25581,25479,39065,25883
2021-12-24T02:00:00Z,100590,85216,56580,49107,15374,27648,27544,36469,21986
2021-12-24T03:00:00Z,94990,79756,55507,48021,15234,26069,25976,33978,20267
2021-12-24T04:00:00Z,90008,73642,52220,45897,16366,22571,22483,30808,18750
2021-12-24T05:00:00Z,89982,75972,53332,46064,14010,24159,24067,31915,18997
2021-12-24T06:00:00Z,99544,85211,55886,48270,14333,28969,28877,37532,22109
2021-12-24T07:00:00Z,108353,94227,59532,52495,14126,31229,31132,38421,22202
2021-12-24T08:00:00Z,110505,94551,60201,52986,15954,33296,33190,41810,24573
2021-12-24T09:00:00Z,114459,98733,63975,56009,15726,34246,34125,42592,25701
2021-12-24T10:00:00Z,111820,96167,63076,55419,15653,31408,31289,40013,24451
2021-12-24T11:00:00Z,106798,90908,61146,53169,15890,30084,29970,38303,23464
2021-12-24T12:00:00Z,121835,99508,71365,57575,22327,30715,30606,43759,29035
2021-12-24T13:00:00Z,113901,96178,67687,56675,17723,32432,32324,43997,28871
2021-12-24T14:00:00Z,107433,93770,60959,53497,13663,33516,33403,41163,25856
2021-12-24T15:00:00Z,104756,91703,59762,52730,13053,31920,31827,40464,25492
2021-12-24T16:00:00Z,110136,98335,67070,61202,11801,29017,28914,37214,23664
2021-12-24T17:00:00Z,98069,86082,60459,53989,11987,26151,26050,34252,21620
2021-12-24T18:00:00Z,88854,76187,55243,47510,12667,24041,23949,32970,21767
2021-12-24T19:00:00Z,80480,69005,50664,43754,11475,21292,21206,28294,18432
2021-12-24T20:00:00Z,78591,66753,49612,42703,11838,19929,19846,27012,17757
2021-12-24T21:00:00Z,76703,64606,47467,40651,12097,18147,18071,24793,16393
2021-12-24T22:00:00Z,67993,56741,43429,37035,11252,16596,16525,23013,15167
2021-12-24T23:00:00Z,66277,54588,43511,36384,11689,16203,16129,23365,16055
2021-12-25T00:00:00Z,73524,57219,49556,38410,16305,15511,15425,28591,21254
2021-12-25T01:00:00Z,67063,52195,45481,34942,14868,14446,14370,26574,19187
2021-12-25T02:00:00Z,69280,57629,42405,35759,11651,14856,14784,22668,14257
2021-12-25T03:00:00Z,60025,49671,37576,30674,10354,15374,15309,22258,14039
2021-12-25T04:00:00Z,62632,53868,40338,34691,8764,15269,15206,21902,13893
2021-12-25T05:00:00Z,64724,54975,41695,34730,9749,16645,16575,23437,14780
2021-12-25T06:00:00Z,70716,60527,45358,38192,10189,18420,18355,26322,16782
2021-12-25T07:00:00Z,77540,68015,48354,41961,9525,19350,19283,26484,16274
2021-12-25T08:00:00Z,73327,63434,45359,38784,9893,20618,20547,28106,17498
2021-12-25T09:00:00Z,74407,64201,44979,38144,10206,21365,21286,29063,17935
2021-12-25T10:00:00Z,78253,68159,48005,41310,10094,21260,21191,28923,17859
2021-12-25T11:00:00Z,78216,68304,49092,42412,9912,21718,21647,28770,17802
2021-12-25T12:00:00Z,89605,73292,56490,43668,16313,22736,22672,34703,23376
2021-12-25T13:00:00Z,86619,72990,54488,44525,13629,24358,24292,35166,22845
2021-12-25T14:00:00Z,90966,79967,56644,49708,10999,25823,25750,33886,20686
2021-12-25T15:00:00Z,84995,74816,52268,45540,10179,25468,25399,32863,20807
2021-12-25T16:00:00Z,84078,75655,50216,44981,8423,24305,24235,31804,20080
2021-12-25T17:00:00Z,79931,70964,49090,43190,8967,22818,22751,30213,19129
2021-12-25T18:00:00Z,81267,70859,49529,42221,10408,21714,21635,30098,19823
2021-12-25T19:00:00Z,72301,62559,45832,39388,9742,19981,19915,26737,17398
2021-12-25T20:00:00Z,70860,61806,45575,39246,9054,19220,19155,25848,17029
2021-12-25T21:00:00Z,71174,61859,44370,37960,9315,18237,18177,24963,16378
2021-12-25T22:00:00Z,62402,53297,40688,34398,9105,16443,16378,22511,14788
2021-12-25T23:00:00Z,63457,54470,43837,37297,8987,16486,16430,23710,16705
2021-12-26T00:00:00Z,68436,52256,46384,34556,16180,15736,15664,29773,22600
2021-12-26T01:00:00Z,65651,50972,44426,33920,14679,15279,15211,27878,20404
2021-12-26T02:00:00Z,65849,56273,41473,35127,9576,15625,15561,22899,14752
2021-12-26T03:00:00Z,63291,53906,41301,34815,9385,16247,16184,23035,14565
2021-12-26T04:00:00Z,63805,55210,41384,35819,8595,16527,16462,23568,14695
2021-12-26T05:00:00Z,67984,58512,44233,37451,9472,17248,17187,24428,15037
2021-12-26T06:00:00Z,71380,61036,44546,37475,10344,19298,19220,27611,17067
2021-12-26T07:00:00Z,74035,64760,43536,37234,9275,20596,20532,27064,16487
2021-12-26T08:00:00Z,75516,63937,43672,36821,11579,22109,22021,30410,18659
2021-12-26T09:00:00Z,77769,66189,45675,38570,11580,23298,23223,31288,19317
2021-12-26T10:00:00Z,79066,68182,46982,40187,10884,24058,23982,31447,19589
2021-12-26T11:00:00Z,84994,74528,51601,44780,10466,25065,24998,32515,20165
2021-12-26T12:00:00Z,98977,82188,60125,47295,16789,27236,27156,39582,26474
2021-12-26T13:00:00Z,99956,85679,61423,51071,14277,29855,29765,41025,26876
2021-12-26T14:00:00Z,104535,93090,63030,55943,11445,31770,31687,40146,25035
2021-12-26T15:00:00Z,99787,88054,60267,53319,11733,30894,30819,39051,24785
2021-12-26T16:00:00Z,102501,92165,61425,55851,10336,29465,29383,37437,23939
2021-12-26T17:00:00Z,93888,83096,57335,50959,10792,27685,27609,34925,22396
2021-12-26T18:00:00Z,89943,78784,56445,48957,11159,26017,25945,34264,22915
2021-12-26T19:00:00Z,84595,73763,52116,45513,10832,24457,24385,31805,20546
2021-12-26T20:00:00Z,81632,71259,50822,44261,10373,23581,23506,30801,20418
2021-12-26T21:00:00Z,83463,73430,50366,43899,10033,21991,21916,29166,19048
2021-12-26T22:00:00Z,74668,64859,47318,41326,9809,20472,20407,27180,17765
2021-12-26T23:00:00Z,72220,60941,45460,39170,11279,19881,19802,27766,18739
2021-12-27T00:00:00Z,84543,60073,46420,36308,24470,20665,20570,35119,23962
2021-12-27T01:00:00Z,90144,62092,45953,35672,28052,23427,23331,36826,23827
2021-12-27T02:00:00Z,91524,73704,46580,39889,17820,25889,25794,34031,19860
2021-12-27T03:00:00Z,90331,70954,47947,41363,19377,25262,25181,33667,19237
2021-12-27T04:00:00Z,90772,67479,46373,40769,23293,22226,22120,31276,17929
2021-12-27T05:00:00Z,94838,79133,54977,48902,15705,24624,24530,32381,18931
2021-12-27T06:00:00Z,105395,88770,57682,51097,16625,29828,29720,38457,22334
2021-12-27T07:00:00Z,113439,97668,60336,54631,15771,32355,32252,39777,22426
2021-12-27T08:00:00Z,116406,98204,59619,53586,18202,35125,35016,44256,25339
2021-12-27T09:00:00Z,119769,101850,62288,56360,17919,36354,36225,44794,25811
2021-12-27T10:00:00Z,117397,100560,62709,56974,16837,34735,34634,42919,25509
2021-12-27T11:00:00Z,119228,100550,62703,57069,18678,34644,34532,42827,25522
2021-12-27T12:00:00Z,127407,106869,69669,59464,20538,36128,36012,48262,31205
2021-12-27T13:00:00Z,134176,112557,74119,65998,21619,38629,38517,50230,31695
2021-12-27T14:00:00Z,126856,111096,70310,64637,15760,39978,39867,48838,30366
2021-12-27T15:00:00Z,126263,111383,71400,65616,14880,39149,39031,47626,29926
2021-12-27T16:00:00Z,136981,119069,74628,68308,17912,39171,39056,49115,30334
2021-12-27T17:00:00Z,135089,115222,76988,69811,19867,36325,36209,45619,29015
2021-12-27T18:00:00Z,133877,111269,77632,68558,22608,34284,34165,45609,29478
2021-12-27T19:00:00Z,123569,103854,72480,64632,19715,31681,31569,41734,26670
2021-12-27T20:00:00Z,120923,100457,71279,63179,20466,30378,30262,39361,25530
2021-12-27T21:00:00Z,120253,99445,69972,62002,20808,28120,28013,37295,24095
2021-12-27T22:00:00Z,108622,89722,65764,58292,18900,25466,25355,34452,22067
2021-12-27T23:00:00Z,101643,81715,61109,53269,19928,24308,24211,33697,22371
2021-12-28T00:00:00Z,102117,81777,64333,53198,20340,24654,24542,39129,27474
2021-12-28T01:00:00Z,102021,85282,63823,53297,16739,26779,26684,39693,26486
2021-12-28T02:00:00Z,107619,94401,62208,55305,13218,28561,28464,36944,21712
2021-12-28T03:00:00Z,101289,88072,61045,53966,13217,27840,27749,35742,21006
2021-12-28T04:00:00Z,91532,78054,55284,49105,13478,23714,23628,32070,19695
2021-12-28T05:00:00Z,100759,87462,59323,51910,13297,26392,26303,35597,20464
2021-12-28T06:00:00Z,111173,97605,63706,56083,13568,31700,31603,41341,23761
2021-12-28T07:00:00Z,119934,106524,66390,59202,13410,34054,33947,42034,23794
2021-12-28T08:00:00Z,124363,108467,69592,61799,15896,37009,36892,45982,26631
2021-12-28T09:00:00Z,132376,115147,73250,65050,17229,38207,38083,47788,27429
2021-12-28T10:00:00Z,130782,113860,74195,66341,16922,36510,36403,45702,27237
2021-12-28T11:00:00Z,129258,113144,75002,67163,16114,36285,36172,45081,27266
2021-12-28T12:00:00Z,141970,120296,81717,68283,21674,38768,38640,51725,33476
2021-12-28T13:00:00Z,141617,121997,83183,72015,19620,41099,40965,53136,34045
2021-12-28T14:00:00Z,139328,123097,78667,70690,16231,43226,43104,51988,32439
2021-12-28T15:00:00Z,136620,120025,75244,67512,16595,42271,42146,51319,32088
2021-12-28T16:00:00Z,126675,112373,67001,60831,14302,40156,40045,49467,31219
2021-12-28T17:00:00Z,121160,106012,66555,59214,15148,37442,37333,46331,29283
2021-12-28T18:00:00Z,114400,98791,64143,55508,15609,35253,35136,45118,29162
2021-12-28T19:00:00Z,109503,94515,61083,53482,14988,33092,32988,41607,26725
2021-12-28T20:00:00Z,106655,91356,59361,51412,15299,31373,31260,40497,25784
2021-12-28T21:00:00Z,103909,88376,56797,49110,15533,29163,29052,37448,24119
2021-12-28T22:00:00Z,95381,80461,53996,46617,14920,26882,26788,35153,22693
2021-12-28T23:00:00Z,87179,73058,51486,43972,14121,25158,25057,33722,22727
2021-12-29T00:00:00Z,103197,76809,58227,47297,26388,24729,24620,40296,27377
2021-12-29T01:00:00Z,96118,79342,58263,47846,16776,26777,26673,39648,26175
2021-12-29T02:00:00Z,103586,90166,59381,52378,13420,28612,28509,37236,22209
2021-12-29T03:00:00Z,99476,82385,54705,47590,17091,27893,27804,36429,21146
2021-12-29T04:00:00Z,90739,76662,53507,47491,14077,23911,23820,32274,19657
2021-12-29T05:00:00Z,95095,81738,55675,48040,13357,25991,25895,34444,20399
2021-12-29T06:00:00Z,105880,91380,58297,50507,14500,31434,31331,40212,23773
2021-12-29T07:00:00Z,116660,103188,64541,57281,13472,33907,33802,41831,23914
2021-12-29T08:00:00Z,123168,108278,66639,59050,14890,36604,36494,45339,26458
2021-12-29T09:00:00Z,125533,110128,68933,61099,15405,38341,38218,46236,27522
2021-12-29T10:00:00Z,125970,111426,71242,63975,14544,36603,36488,44611,27078
2021-12-29T11:00:00Z,125728,111279,71120,63636,14449,36256,36155,44000,26941
2021-12-29T12:00:00Z,137427,117239,83332,70034,20188,38256,38135,51402,33774
2021-12-29T13:00:00Z,140531,122738,82648,71966,17793,40769,40645,53069,34035
2021-12-29T14:00:00Z,138766,123264,75803,67912,15502,43464,43343,52815,32834
2021-12-29T15:00:00Z,139685,125012,80375,72783,14673,42380,42254,51664,32643
2021-12-29T16:00:00Z,135779,122502,76355,70094,13277,40284,40157,49383,31692
2021-12-29T17:00:00Z,131265,117228,77188,70178,14037,37916,37795,46929,29944
2021-12-29T18:00:00Z,124391,109228,73464,65200,15163,35372,35260,45553,29665
2021-12-29T19:00:00Z,116011,102078,68462,61101,13933,32921,32806,41365,26794
2021-12-29T20:00:00Z,113219,97324,66972,59374,15895,31241,31132,40054,25975
2021-12-29T21:00:00Z,106786,92671,62768,55357,14115,29514,29402,37966,24614
2021-12-29T22:00:00Z,101208,88119,62246,55299,13089,26920,26815,34720,22702
2021-12-29T23:00:00Z,94724,81069,59247,51787,13655,25183,25080,33843,22825
2021-12-30T00:00:00Z,100308,80922,61760,50273,19386,24911,24808,39353,27563
2021-12-30T01:00:00Z,97141,81585,61013,50717,15556,26659,26559,39481,26361
2021-12-30T02:00:00Z,98207,85733,56941,50074,12474,28605,28507,37098,21938
2021-12-30T03:00:00Z,97485,83242,55954,49193,14243,27804,27703,35836,21242
2021-12-30T04:00:00Z,85697,69859,48238,42142,15838,23588,23505,32121,19658
2021-12-30T05:00:00Z,91941,79469,54602,47102,12472,26008,25912,33928,20509
2021-12-30T06:00:00Z,101586,88349,57285,49587,13237,30889,30792,39352,23300
2021-12-30T07:00:00Z,104824,91102,56917,49609,13722,32941,32846,40722,23441
2021-12-30T08:00:00Z,114731,97438,60217,52450,17293,35516,35390,44382,26218
2021-12-30T09:00:00Z,115018,100566,61816,54120,14452,36789,36659,45187,27071
2021-12-30T10:00:00Z,114114,99170,61930,54559,14944,34878,34767,43277,26774
2021-12-30T11:00:00Z,113614,98439,61848,54340,15175,34588,34484,43037,26276
2021-12-30T12:00:00Z,119783,99591,67913,54617,20192,36394,36271,49866,32678
2021-12-30T13:00:00Z,124999,106443,70377,59470,18556,38355,38243,50279,32511
2021-12-30T14:00:00Z,132689,117679,76697,68915,15010,40292,40172,48713,30459
2021-12-30T15:00:00Z,131890,117782,77111,69694,14108,39705,39591,48419,30795
2021-12-30T16:00:00Z,127825,114274,74031,67844,13551,37889,37776,46667,29869
2021-12-30T17:00:00Z,124643,111154,74363,67456,13489,35199,35080,44140,27911
2021-12-30T18:00:00Z,120999,105843,73648,65348,15156,32977,32856,42523,28022
2021-12-30T19:00:00Z,115504,100628,69770,62112,14876,31070,30956,38861,25409
2021-12-30T20:00:00Z,112825,97780,68906,61312,15045,29253,29140,37953,24741
2021-12-30T21:00:00Z,103442,88248,62473,55084,15194,26999,26891,35528,23082
2021-12-30T22:00:00Z,99294,83629,59410,51700,15665,25069,24948,33589,21973
2021-12-30T23:00:00Z,91768,77337,57449,49514,14431,23753,23646,32276,22025
2021-12-31T00:00:00Z,100441,78191,61099,50108,22250,23587,23476,38179,26702
2021-12-31T01:00:00Z,95784,75828,57681,46730,19956,25231,25137,38660,26132
2021-12-31T02:00:00Z,96601,80513,56217,48704,16088,27315,27217,36321,22574
2021-12-31T03:00:00Z,97460,78992,56083,48150,18468,25661,25561,34184,20674
2021-12-31T04:00:00Z,90531,72136,52382,45712,18395,21928,21836,30572,19034
2021-12-31T05:00:00Z,89077,74278,53200,45659,14799,23352,23254,31381,19069
2021-12-31T06:00:00Z,102376,87175,59851,52136,15201,27463,27373,36310,21683
2021-12-31T07:00:00Z,104129,90801,61906,54941,13328,28624,28535,36509,21180
2021-12-31T08:00:00Z,109362,93345,63927,56536,16017,29840,29740,38520,22861
2021-12-31T09:00:00Z,111142,95541,65262,57626,15601,30721,30610,39043,23665
2021-12-31T10:00:00Z,107984,92266,64607,57285,15718,28266,28162,36281,22528
2021-12-31T11:00:00Z,105471,89555,63606,56290,15916,26690,26600,35652,22351
2021-12-31T12:00:00Z,112063,90603,70506,57522,21460,27393,27288,40401,27263
2021-12-31T13:00:00Z,110734,91526,68184,57465,19208,28744,28636,40498,26783
2021-12-31T14:00:00Z,109144,94591,66858,59306,14553,29835,29737,38206,24233
2021-12-31T15:00:00Z,109546,94899,67732,60264,14647,29426,29324,38021,24357
2021-12-31T16:00:00Z,105137,92014,64490,58559,13123,28107,28009,36554,23464
2021-12-31T17:00:00Z,99558,86523,62438,55887,13035,25733,25641,34011,21729
2021-12-31T18:00:00Z,93798,79420,60115,52168,14378,23019,22936,32215,21651
2021-12-31T19:00:00Z,82214,68951,52350,45250,13263,19973,19885,27441,18073
2021-12-31T20:00:00Z,79288,65726,50058,42945,13562,18284,18212,25747,17026
2021-12-31T21:00:00Z,73976,61542,47652,40894,12434,16713,16633,23590,15720
2021-12-31T22:00:00Z,72719,60606,48100,41594,12113,15656,15591,22405,14943
2021-12-31T23:00:00Z,69140,56595,46827,39933,12545,15441,15364,22928,16138
2022-01-01T00:00:00Z,84925,58547,53231,40312,26378,15414,15318,31635,23438
2022-01-01T01:00:00Z,79954,55904,50844,38955,24050,14452,14363,29136,21257
2022-01-01T02:00:00Z,74356,55485,45452,37814,18871,13910,13823,23380,15546
2022-01-01T03:00:00Z,80690,56742,47381,38967,23948,14119,14050,22562,14532
2022-01-01T04:00:00Z,79935,61564,50092,43514,18371,13993,13929,21736,13987
2022-01-01T05:00:00Z,74019,59107,49127,41498,14912,14569,14495,21622,13973
2022-01-01T06:00:00Z,76221,61067,49395,41933,15154,16040,15966,23937,15795
2022-01-01T07:00:00Z,83319,68094,53547,46731,15225,16985,16910,23639,14729
2022-01-01T08:00:00Z,86482,66960,53250,46169,19522,17766,17698,25587,16151
2022-01-01T09:00:00Z,81671,65009,50662,43534,16662,18387,18306,25983,16362
2022-01-01T10:00:00Z,82794,64911,49249,42098,17883,19197,19122,26652,16958
2022-01-01T11:00:00Z,90580,71854,54844,47353,18726,20622,20543,28318,17593
2022-01-01T12:00:00Z,103853,79321,63383,50347,24532,22602,22528,35730,23996
2022-01-01T13:00:00Z,103311,81799,60617,50019,21512,24780,24704,36099,23743
2022-01-01T14:00:00Z,102256,85932,60242,52489,16324,26841,26761,34722,22077
2022-01-01T15:00:00Z,100883,84882,60940,53652,16001,27357,27274,35935,22679
2022-01-01T16:00:00Z,107114,92526,63803,57871,14588,27373,27287,35490,22694
2022-01-01T17:00:00Z,105184,85819,61120,54105,19365,26798,26726,34990,22330
2022-01-01T18:00:00Z,99149,83176,61891,53724,15973,25720,25643,34746,22935
2022-01-01T19:00:00Z,95965,79186,58837,51514,16779,24101,24023,31847,20666
2022-01-01T20:00:00Z,93506,75911,55706,48440,17595,23359,23283,31250,20044
2022-01-01T21:00:00Z,88336,71886,49527,42347,16450,22182,22105,30112,19257
2022-01-01T22:00:00Z,82001,64902,47570,40463,17099,20640,20562,28458,18278
2022-01-01T23:00:00Z,84524,68234,53212,45779,16290,20375,20298,28804,19587
