event_hour,total_events,total_events_human,push_events,push_events_human,bot_events,distinct_actors,distinct_actors_human,distinct_repos,distinct_push_repos
2023-01-01T00:00:00Z,101916,57857,61501,39145,44059,16330,16187,43913,34970
2023-01-01T01:00:00Z,110063,57202,72557,39699,52861,16176,16034,52575,43809
2023-01-01T02:00:00Z,90692,53466,54866,35599,37226,14887,14779,36238,27465
2023-01-01T03:00:00Z,104300,55651,52560,36170,48649,14938,14816,29673,18514
2023-01-01T04:00:00Z,92570,53192,49464,34816,39378,15155,15051,28777,17232
2023-01-01T05:00:00Z,92307,54814,53088,36253,37493,15669,15571,29767,18093
2023-01-01T06:00:00Z,100654,56968,56307,36874,43686,17445,17334,36828,22679
2023-01-01T07:00:00Z,120236,60864,55358,38955,59372,18575,18480,42512,19598
2023-01-01T08:00:00Z,122830,64582,57222,41239,58248,19580,19461,44170,21287
2023-01-01T09:00:00Z,137262,64740,56560,40201,72522,20596,20465,51278,20999
2023-01-01T10:00:00Z,143481,69808,61679,44220,73673,21839,21723,53233,23246
2023-01-01T11:00:00Z,147125,73462,62376,45282,73663,23417,23317,53798,23091
2023-01-01T12:00:00Z,187874,76053,104405,47549,111821,25634,25528,80356,48898
2023-01-01T13:00:00Z,171439,82366,82859,49585,89073,28289,28178,76532,43685
2023-01-01T14:00:00Z,159454,89502,69342,53376,69952,30799,30676,60871,27796
2023-01-01T15:00:00Z,161519,88765,70625,53328,72754,30827,30686,62635,29108
2023-01-01T16:00:00Z,155819,87980,66916,52736,67839,30627,30490,61316,28602
2023-01-01T17:00:00Z,161064,89159,69579,54490,71905,29712,29610,59615,26856
2023-01-01T18:00:00Z,156019,85226,73237,52399,70793,28567,28417,61596,31977
2023-01-01T19:00:00Z,142381,79312,63732,47865,63069,26580,26457,52415,25134
2023-01-01T20:00:00Z,143408,77649,65663,47925,65759,25433,25311,52411,26122
2023-01-01T21:00:00Z,133725,73411,61311,45441,60314,24413,24297,48344,23687
2023-01-01T22:00:00Z,117571,69353,58382,43486,48218,22603,22483,40965,22609
2023-01-01T23:00:00Z,107385,66994,58088,42937,40391,22582,22462,37417,23583
2023-01-02T00:00:00Z,115497,67460,67082,43107,48037,22059,21918,50993,38798
2023-01-02T01:00:00Z,129221,66855,71901,43240,62366,22454,22318,59811,43212
2023-01-02T02:00:00Z,105040,66062,58183,40659,38978,21836,21703,41804,28438
2023-01-02T03:00:00Z,108428,71243,58465,43348,37185,22447,22332,35179,22145
2023-01-02T04:00:00Z,116077,72680,58648,44036,43397,23780,23642,37518,23029
2023-01-02T05:00:00Z,115543,78604,65391,48393,36939,25394,25246,38560,24859
2023-01-02T06:00:00Z,123358,83659,68783,48980,39699,27891,27751,44843,29405
2023-01-02T07:00:00Z,125572,95717,70877,55094,29855,30935,30796,43005,26995
2023-01-02T08:00:00Z,147723,108907,75102,58992,38816,35161,35000,49341,30743
2023-01-02T09:00:00Z,154885,112001,77519,60723,42884,38327,38147,52808,31954
2023-01-02T10:00:00Z,156363,114092,80195,62904,42271,39508,39327,54761,33990
2023-01-02T11:00:00Z,162247,119191,84253,67336,43056,40490,40323,54590,33339
2023-01-02T12:00:00Z,193890,123001,118317,69519,70889,42820,42646,80788,59227
2023-01-02T13:00:00Z,187362,130591,105030,72280,56771,46303,46133,77568,54094
2023-01-02T14:00:00Z,178645,140683,97153,80526,37962,49876,49715,63625,40335
2023-01-02T15:00:00Z,178095,138139,96367,78261,39956,49154,48979,65018,41569
2023-01-02T16:00:00Z,172036,135369,92156,77435,36667,47963,47759,63410,40337
2023-01-02T17:00:00Z,167119,129747,90920,74897,37372,45083,44919,59703,37763
2023-01-02T18:00:00Z,163468,118749,91599,70037,44719,41632,41450,60994,41133
2023-01-02T19:00:00Z,152868,111215,83187,65917,41653,39185,39042,53012,34222
2023-01-02T20:00:00Z,152111,107786,82935,64186,44325,37455,37280,53080,34863
2023-01-02T21:00:00Z,150773,99780,77065,59553,50993,34608,34450,49012,31447
2023-01-02T22:00:00Z,135881,93317,72778,56395,42564,31574,31437,45192,29371
2023-01-02T23:00:00Z,127112,87259,70718,54133,39853,30438,30287,44167,29770
2023-01-03T00:00:00Z,133740,86131,80152,53629,47609,29706,29546,60296,45722
2023-01-03T01:00:00Z,137787,91415,84485,54618,46372,31946,31806,65280,49847
2023-01-03T02:00:00Z,122154,90038,69682,51024,32116,31974,31834,50666,34107
2023-01-03T03:00:00Z,123287,94399,69495,53465,28888,31939,31794,44673,27514
2023-01-03T04:00:00Z,119726,89564,68363,53568,30162,29552,29404,41917,26317
2023-01-03T05:00:00Z,130593,100593,72422,55438,30000,31382,31238,45934,28113
2023-01-03T06:00:00Z,140823,107179,78698,58829,33644,37388,37224,54211,34197
2023-01-03T07:00:00Z,155522,119557,85663,65785,35965,40925,40778,53429,32265
2023-01-03T08:00:00Z,170347,134891,93625,72599,35456,46206,46031,59342,36775
2023-01-03T09:00:00Z,177958,141362,96575,74736,36596,49857,49649,62117,38385
2023-01-03T10:00:00Z,178496,138894,96570,74719,39602,48869,48666,62794,39685
2023-01-03T11:00:00Z,174421,136888,95666,73972,37533,47603,47418,59658,37244
2023-01-03T12:00:00Z,204849,139526,126813,76151,65323,49732,49522,85731,62824
2023-01-03T13:00:00Z,202875,153613,116253,82903,49262,54234,54019,83229,58637
2023-01-03T14:00:00Z,196712,162043,103466,86726,34669,58836,58617,72588,45669
2023-01-03T15:00:00Z,210354,158568,102366,85368,51786,56690,56467,79382,45509
2023-01-03T16:00:00Z,189278,153593,96461,82339,35685,55564,55315,71543,44392
2023-01-03T17:00:00Z,189303,150436,99023,83183,38867,52039,51806,67236,41459
2023-01-03T18:00:00Z,182942,140166,97507,76580,42776,48951,48748,68734,44405
2023-01-03T19:00:00Z,177614,137482,93954,76539,40132,46135,45934,61921,38238
2023-01-03T20:00:00Z,175736,133406,94611,76678,42330,44078,43851,62155,38791
2023-01-03T21:00:00Z,172240,128075,90218,73376,44165,40672,40475,58926,34973
2023-01-03T22:00:00Z,172450,113560,81098,65012,58890,37504,37300,63462,33099
2023-01-03T23:00:00Z,173833,106331,78948,63268,67502,34784,34590,65816,32258
2023-01-04T00:00:00Z,172298,96590,80783,57430,75708,32258,32041,77129,44083
2023-01-04T01:00:00Z,159307,100133,86969,59432,59174,34235,34044,74221,48856
2023-01-04T02:00:00Z,131690,92083,70662,52693,39607,32892,32733,56138,35372
2023-01-04T03:00:00Z,155159,96450,70397,54861,58709,32949,32779,59495,28032
2023-01-04T04:00:00Z,164334,92354,69344,54748,71980,30252,30089,63366,27518
2023-01-04T05:00:00Z,163576,94781,71113,54421,68795,32142,31958,63907,28672
2023-01-04T06:00:00Z,180970,108508,79982,60641,72462,37533,37369,72744,34298
2023-01-04T07:00:00Z,182469,117741,79689,64597,64728,41518,41334,70449,32211
2023-01-04T08:00:00Z,190725,130567,85129,70279,60158,46090,45888,74383,36214
2023-01-04T09:00:00Z,198513,137341,87561,71860,61172,49695,49502,76168,37568
2023-01-04T10:00:00Z,197284,136955,89820,73532,60329,48586,48387,75849,38993
2023-01-04T11:00:00Z,197896,136334,88292,73382,61562,47830,47633,75068,37805
2023-01-04T12:00:00Z,224476,136122,119303,74721,88354,49259,49046,98684,61806
2023-01-04T13:00:00Z,219783,147347,110091,79950,72436,53828,53632,94752,56956
2023-01-04T14:00:00Z,212400,155934,96828,82957,56466,58576,58344,83092,44215
2023-01-04T15:00:00Z,208205,155677,98293,83415,52528,58221,58003,81971,46019
2023-01-04T16:00:00Z,194383,152859,93029,81349,41524,56761,56511,75722,44349
2023-01-04T17:00:00Z,187452,148011,95845,81514,39441,53637,53414,69376,41966
2023-01-04T18:00:00Z,189066,142636,101336,78532,46430,50519,50304,70453,45499
2023-01-04T19:00:00Z,179628,139634,95049,76890,39994,48139,47912,61808,39086
2023-01-04T20:00:00Z,177594,135244,93908,74680,42350,45295,45060,61116,39109
2023-01-04T21:00:00Z,181471,125521,88080,70302,55950,42187,41949,61670,35934
2023-01-04T22:00:00Z,180975,114695,81947,65298,66280,38229,38025,65675,32973
2023-01-04T23:00:00Z,174136,104296,78945,61044,69840,35305,35137,64684,32128
2023-01-05T00:00:00Z,177308,97388,79251,56519,79920,33022,32818,77934,43998
2023-01-05T01:00:00Z,180241,96115,83118,55731,84126,34749,34572,84649,48649
2023-01-05T02:00:00Z,154508,78820,63052,45819,75688,30422,30258,69013,31881
2023-01-05T03:00:00Z,172931,97713,76106,56455,75218,33068,32879,64579,27601
2023-01-05T04:00:00Z,142972,89664,70394,51827,53308,30870,30714,53238,26931
2023-01-05T05:00:00Z,178293,95409,75860,55278,82884,32902,32749,70662,28808
2023-01-05T06:00:00Z,181887,108272,84872,60996,73615,38377,38189,72523,34903
2023-01-05T07:00:00Z,186584,116949,82258,62971,69635,42134,41959,71970,32642
2023-01-05T08:00:00Z,198686,131158,88535,69582,67528,46700,46499,76583,36891
2023-01-05T09:00:00Z,203058,137067,91811,72179,65991,50696,50498,78187,38328
2023-01-05T10:00:00Z,203410,137254,93091,72806,66156,49548,49326,77574,39113
2023-01-05T11:00:00Z,195535,133126,91139,72479,62409,47878,47678,73425,37577
2023-01-05T12:00:00Z,210375,135931,120427,74912,74444,49901,49662,92108,62307
2023-01-05T13:00:00Z,209421,154057,117456,85291,55364,54980,54744,86270,58090
2023-01-05T14:00:00Z,201341,163425,104620,87743,37916,60492,60271,73708,46113
2023-01-05T15:00:00Z,199286,161022,103337,86037,38264,58789,58548,73819,47126
2023-01-05T16:00:00Z,193581,144943,91073,78124,48638,54463,54241,77109,43075
2023-01-05T17:00:00Z,201941,142917,95050,77986,59024,51985,51770,76678,41255
2023-01-05T18:00:00Z,203733,136872,96344,75854,66861,48770,48536,81139,44006
2023-01-05T19:00:00Z,198933,132290,89778,72184,66643,45493,45282,75216,37311
2023-01-05T20:00:00Z,200834,122360,84314,66446,78474,42667,42467,76408,36934
2023-01-05T21:00:00Z,196460,114327,79353,62684,82133,39968,39764,73408,33534
2023-01-05T22:00:00Z,195318,104960,75180,58834,90358,36700,36496,71759,31193
2023-01-05T23:00:00Z,175887,100199,74329,58190,75688,34518,34328,62092,31300
2023-01-06T00:00:00Z,171833,97271,78882,56680,74562,32955,32731,69382,43667
2023-01-06T01:00:00Z,179330,99450,85501,60185,79880,34152,33933,75330,46555
2023-01-06T02:00:00Z,150138,80173,62471,46004,69965,30608,30437,66206,32691
2023-01-06T03:00:00Z,178513,94862,71222,54283,83651,32282,32131,65388,27072
2023-01-06T04:00:00Z,175522,88682,67364,51669,86840,29948,29768,64441,27082
2023-01-06T05:00:00Z,177480,93028,72232,53779,84452,31789,31616,66564,28265
2023-01-06T06:00:00Z,180683,103838,78662,58820,76845,36455,36260,71657,33790
2023-01-06T07:00:00Z,181797,113649,81842,64338,68148,39057,38866,67591,30849
2023-01-06T08:00:00Z,186987,122939,83309,66987,64048,44096,43876,72205,34776
2023-01-06T09:00:00Z,195562,127961,86336,69379,67601,46658,46456,74776,35749
2023-01-06T10:00:00Z,193458,125626,85864,68804,67832,44876,44688,74519,36561
2023-01-06T11:00:00Z,193389,122369,86488,69208,71020,43245,43060,72400,34701
2023-01-06T12:00:00Z,219637,119838,114891,67616,99799,44365,44166,97038,59081
2023-01-06T13:00:00Z,208680,139308,111814,78785,69372,49359,49166,87232,54645
2023-01-06T14:00:00Z,198452,153872,103472,85803,44580,54891,54686,71878,42929
2023-01-06T15:00:00Z,196682,153241,101618,83608,43441,54850,54627,74146,44827
2023-01-06T16:00:00Z,182875,145386,92987,78477,37489,52975,52738,70325,42708
2023-01-06T17:00:00Z,185067,141767,99487,78743,43300,49815,49605,66436,40430
2023-01-06T18:00:00Z,191538,135834,111080,75385,55704,46874,46642,69063,44167
2023-01-06T19:00:00Z,185338,131242,109333,73227,54096,43803,43609,58456,36362
2023-01-06T20:00:00Z,187612,122486,105214,68223,65126,41075,40878,62169,36678
2023-01-06T21:00:00Z,172734,115971,96541,65859,56763,38646,38464,56207,34005
2023-01-06T22:00:00Z,150913,110732,82757,63363,40181,35267,35083,51641,32099
2023-01-06T23:00:00Z,131184,99032,75630,59012,32152,32423,32273,47440,31178
2023-01-07T00:00:00Z,133098,91066,81589,55572,42032,28728,28527,60230,44971
2023-01-07T01:00:00Z,131239,84247,81327,52285,46992,26404,26221,61819,46018
2023-01-07T02:00:00Z,118535,72091,68078,44115,46444,23509,23353,48589,30434
2023-01-07T03:00:00Z,120376,74305,71158,45573,46071,23819,23696,40641,23320
2023-01-07T04:00:00Z,142090,74933,71627,46179,67157,23864,23699,51176,23462
2023-01-07T05:00:00Z,141629,76906,74268,46256,64723,24595,24472,50849,24401
2023-01-07T06:00:00Z,151401,78959,73024,47060,72442,26594,26464,60415,28903
2023-01-07T07:00:00Z,148845,82281,74605,49082,66564,27617,27501,54505,24782
2023-01-07T08:00:00Z,167656,88618,77512,52128,79038,29196,29056,63571,26916
2023-01-07T09:00:00Z,171898,92768,81124,54927,79130,31080,30943,64918,27480
2023-01-07T10:00:00Z,167583,93623,74530,54987,73960,32140,32006,67659,29541
2023-01-07T11:00:00Z,167140,97920,73663,58082,69220,33246,33121,66532,28930
2023-01-07T12:00:00Z,208148,98469,117082,58444,109679,35039,34895,92834,55041
2023-01-07T13:00:00Z,199114,106489,103963,63035,92625,37774,37646,88546,49342
2023-01-07T14:00:00Z,189889,111862,90658,65483,78027,40465,40330,74893,34948
2023-01-07T15:00:00Z,193795,114488,95193,67950,79307,40145,39997,76405,36598
2023-01-07T16:00:00Z,184624,111557,86916,64769,73067,40191,40034,74571,36119
2023-01-07T17:00:00Z,181100,111327,82293,65780,69773,39340,39202,72755,33964
2023-01-07T18:00:00Z,181618,105562,86386,61368,76056,37046,36908,74432,37581
2023-01-07T19:00:00Z,175439,100065,83426,58682,75374,34293,34147,65865,30722
2023-01-07T20:00:00Z,168551,95281,83043,56253,73270,32094,31936,63517,30996
2023-01-07T21:00:00Z,143065,89668,78636,53068,53397,30402,30242,50827,28291
2023-01-07T22:00:00Z,127120,82894,68884,49550,44226,27903,27775,47263,26546
2023-01-07T23:00:00Z,111275,78476,64187,48288,32799,26852,26729,42694,26966
2023-01-08T00:00:00Z,116673,74655,70559,46936,42018,24501,24349,54661,40209
2023-01-08T01:00:00Z,117887,70049,73889,44418,47838,23575,23433,58825,45116
2023-01-08T02:00:00Z,102767,66187,63173,40876,36580,22020,21905,44078,30777
2023-01-08T03:00:00Z,108215,69992,68982,43061,38223,22701,22587,35428,22714
2023-01-08T04:00:00Z,105888,70380,66799,43073,35508,23004,22886,35125,22601
2023-01-08T05:00:00Z,110585,72421,69634,43517,38164,23540,23403,37377,24057
2023-01-08T06:00:00Z,112908,76049,71952,45196,36859,25208,25080,41429,28126
2023-01-08T07:00:00Z,117036,80035,73046,48587,37001,26401,26285,38973,24261
2023-01-08T08:00:00Z,122130,86135,75975,51768,35995,28668,28544,42161,27116
2023-01-08T09:00:00Z,125650,89223,78228,53017,36427,30709,30575,42936,27432
2023-01-08T10:00:00Z,126799,95593,78100,56757,31206,32937,32821,46664,30725
2023-01-08T11:00:00Z,126248,100000,76920,59257,26248,34690,34575,46334,30207
2023-01-08T12:00:00Z,171403,104008,119658,61890,67395,37560,37430,74186,56831
2023-01-08T13:00:00Z,167065,111991,108973,65642,55074,40862,40733,71344,52040
2023-01-08T14:00:00Z,158918,118771,95805,69439,40147,44271,44128,58015,37189
2023-01-08T15:00:00Z,163970,122208,99985,71655,41762,44165,44045,59607,38923
2023-01-08T16:00:00Z,156317,124024,93414,73826,32293,43643,43484,58693,38367
2023-01-08T17:00:00Z,147614,120657,87690,72520,26957,41942,41817,55811,36431
2023-01-08T18:00:00Z,152644,114181,94006,67818,38463,40450,40315,58920,40576
2023-01-08T19:00:00Z,146268,107824,90172,63097,38444,37718,37586,50729,33318
2023-01-08T20:00:00Z,143521,102731,89218,60726,40790,35762,35621,49987,33865
2023-01-08T21:00:00Z,136920,97184,84098,57361,39736,33288,33136,46491,30782
2023-01-08T22:00:00Z,117654,89773,69142,53735,27881,30598,30483,42461,28371
2023-01-08T23:00:00Z,111785,83517,66476,51020,28268,29425,29314,42092,28796
2023-01-09T00:00:00Z,132241,83411,75661,50885,48830,28751,28598,58659,44237
2023-01-09T01:00:00Z,153796,87675,80158,52087,66121,31719,31549,66105,47418
2023-01-09T02:00:00Z,140019,85594,71183,47761,54425,32216,32058,55808,34465
2023-01-09T03:00:00Z,148055,91316,77241,50819,56739,32859,32721,47542,28043
2023-01-09T04:00:00Z,148725,87223,75947,50375,61502,30502,30332,45897,27601
2023-01-09T05:00:00Z,149262,95007,81097,53473,54255,33461,33306,48408,29690
2023-01-09T06:00:00Z,164726,108437,82767,58675,56289,38919,38749,58625,35361
2023-01-09T07:00:00Z,176861,124636,88676,65221,52225,43596,43416,58291,34117
2023-01-09T08:00:00Z,185508,136697,92570,70878,48811,49515,49321,64710,38102
2023-01-09T09:00:00Z,196204,146195,95676,73516,50009,53833,53602,67362,39455
2023-01-09T10:00:00Z,195942,144188,95503,74064,51754,52737,52514,66813,39985
2023-01-09T11:00:00Z,203306,138984,92280,71908,64322,50921,50714,71764,38603
2023-01-09T12:00:00Z,203617,143968,87557,75203,59649,53517,53285,80883,42870
2023-01-09T13:00:00Z,209919,156529,106122,81597,53390,58314,58087,72765,43874
2023-01-09T14:00:00Z,219625,159534,103982,81465,60091,62224,61974,82159,46293
2023-01-09T15:00:00Z,216854,163566,104334,83461,53288,61958,61688,79219,46847
2023-01-09T16:00:00Z,203217,157381,98911,80268,45836,59488,59244,75039,45692
2023-01-09T17:00:00Z,190237,145541,95605,75953,44696,55165,54918,69420,42709
2023-01-09T18:00:00Z,203399,151872,106688,81023,51527,54574,54332,73605,48817
2023-01-09T19:00:00Z,204062,144210,101558,77465,59852,51113,50883,68512,41327
2023-01-09T20:00:00Z,194849,137941,98308,74651,56908,48790,48546,66534,41806
2023-01-09T21:00:00Z,194123,131875,93517,69833,62248,45738,45494,62802,38571
2023-01-09T22:00:00Z,195466,117686,87003,64187,77780,40542,40320,64478,34920
2023-01-09T23:00:00Z,163879,107051,81771,60521,56828,37674,37473,54747,34448
2023-01-10T00:00:00Z,163252,105729,85558,59601,57523,36055,35842,66305,47378
2023-01-10T01:00:00Z,155394,104722,86919,58514,50672,37918,37717,71262,51798
2023-01-10T02:00:00Z,141345,100565,76695,54479,40780,36955,36769,59484,39397
2023-01-10T03:00:00Z,147259,103344,83370,56619,43915,36466,36285,50283,31191
2023-01-10T04:00:00Z,139417,94961,78560,53498,44456,33462,33293,46938,29478
2023-01-10T05:00:00Z,146229,103670,84943,56868,42559,36228,36067,50375,31994
2023-01-10T06:00:00Z,159801,118692,91321,63250,41109,42131,41947,58921,38334
2023-01-10T07:00:00Z,175209,134562,96099,69880,40647,47200,47005,59634,36611
2023-01-10T08:00:00Z,183058,143493,98282,73806,39565,52820,52633,65421,40550
2023-01-10T09:00:00Z,190223,150241,99972,75778,39982,56053,55836,67376,41615
2023-01-10T10:00:00Z,190013,149110,101167,76433,40903,54473,54251,67700,42735
2023-01-10T11:00:00Z,180077,145908,93445,76165,34169,53420,53218,64657,40732
2023-01-10T12:00:00Z,209124,150286,124822,80443,58838,55450,55235,90597,66009
2023-01-10T13:00:00Z,213486,159807,122053,84202,53679,59465,59221,86371,59922
2023-01-10T14:00:00Z,206518,174099,111198,90617,32419,65311,65072,77168,48990
2023-01-10T15:00:00Z,205981,169149,109224,88031,36832,64448,64207,77925,49695
2023-01-10T16:00:00Z,189207,155177,99629,80992,34030,59013,58732,71614,45651
2023-01-10T17:00:00Z,198309,162231,107306,86532,36078,58247,57997,71078,45363
2023-01-10T18:00:00Z,192957,152722,105748,81178,40235,54490,54234,71903,47941
2023-01-10T19:00:00Z,188814,148909,105873,79831,39905,51321,51079,64318,41325
2023-01-10T20:00:00Z,184779,140789,103319,76662,43990,49321,49086,63166,41761
2023-01-10T21:00:00Z,177453,131084,96735,71097,46369,46192,45978,58363,38485
2023-01-10T22:00:00Z,169476,120727,88160,65236,48749,41367,41152,56438,35310
2023-01-10T23:00:00Z,152745,110461,78523,61944,42284,38394,38214,54066,34398
2023-01-11T00:00:00Z,154909,104470,83844,59882,50439,35877,35678,66292,47047
2023-01-11T01:00:00Z,184625,102263,86518,59364,82362,37446,37250,78887,50086
2023-01-11T02:00:00Z,153013,85628,68597,48902,67385,34071,33898,71364,34905
2023-01-11T03:00:00Z,160964,101925,81656,56594,59039,34949,34783,56953,29290
2023-01-11T04:00:00Z,150850,95890,79527,55395,54960,32900,32728,51593,28956
2023-01-11T05:00:00Z,146500,101160,84532,57642,45340,34980,34789,49723,31212
2023-01-11T06:00:00Z,159193,115784,92692,64062,43409,40580,40386,57914,37328
2023-01-11T07:00:00Z,170464,129816,95648,70308,40648,45738,45552,57565,35418
2023-01-11T08:00:00Z,184099,142712,99702,75059,41387,51822,51615,64402,40050
2023-01-11T09:00:00Z,191737,151150,101671,77846,40587,55207,54991,66509,41368
2023-01-11T10:00:00Z,188622,147794,100529,76909,40828,53912,53672,66152,42308
2023-01-11T11:00:00Z,181808,144879,96402,77748,36929,52464,52232,63877,40518
2023-01-11T12:00:00Z,211050,147516,123301,79219,63534,54854,54611,89592,65033
2023-01-11T13:00:00Z,216197,157923,120746,83913,58274,59196,58962,86927,59861
2023-01-11T14:00:00Z,205386,168026,107153,88993,37360,63207,62964,75088,47001
2023-01-11T15:00:00Z,205211,171427,110590,91323,33784,63834,63579,76602,49785
2023-01-11T16:00:00Z,188616,156897,99690,82063,31719,60092,59824,71086,46052
2023-01-11T17:00:00Z,196047,158077,106044,82906,37970,57925,57664,69127,44788
2023-01-11T18:00:00Z,191981,149266,102771,80157,42715,54312,54073,72267,47825
2023-01-11T19:00:00Z,198990,135738,96958,72200,63252,49632,49395,71833,39419
2023-01-11T20:00:00Z,199945,133896,96984,71001,66049,47895,47674,73304,40452
2023-01-11T21:00:00Z,186599,129597,93695,70882,57002,45450,45256,65238,38035
2023-01-11T22:00:00Z,179539,116619,84186,64566,62920,40736,40535,66408,34426
2023-01-11T23:00:00Z,145480,110314,80887,63637,35166,38646,38443,51583,34821
2023-01-12T00:00:00Z,146089,105546,84828,60571,40543,36326,36107,64756,48263
2023-01-12T01:00:00Z,161590,101856,85929,57286,59734,36976,36768,74400,51327
2023-01-12T02:00:00Z,130947,94420,72753,51934,36527,34936,34761,54617,36741
2023-01-12T03:00:00Z,137397,100202,78472,57078,37195,34850,34681,47503,29418
2023-01-12T04:00:00Z,136135,96674,76689,55346,39461,33265,33104,46777,29782
2023-01-12T05:00:00Z,140284,102341,81779,58508,37943,35209,35052,49353,31249
2023-01-12T06:00:00Z,159787,118770,86582,62265,41017,40895,40709,58835,37531
2023-01-12T07:00:00Z,166317,129420,89320,69050,36897,45795,45610,59329,36000
2023-01-12T08:00:00Z,178046,142661,92886,74319,35385,51783,51571,65630,40212
2023-01-12T09:00:00Z,182686,146845,94721,75760,35841,54415,54202,67377,40710
2023-01-12T10:00:00Z,186941,149857,97760,77098,37084,54096,53863,67554,42729
2023-01-12T11:00:00Z,183532,145981,94732,76057,37551,52688,52460,65903,40731
2023-01-12T12:00:00Z,210205,146944,121483,78511,63261,54481,54247,91254,65180
2023-01-12T13:00:00Z,209675,160924,118857,85346,48751,59623,59382,87745,61302
2023-01-12T14:00:00Z,198212,167448,103825,87914,30764,63642,63410,75072,48023
2023-01-12T15:00:00Z,198372,164401,100460,85139,33971,62994,62763,77048,48780
2023-01-12T16:00:00Z,181164,153941,93734,80105,27223,59273,59046,71231,45381
2023-01-12T17:00:00Z,186890,158412,101987,84354,28478,57546,57319,70041,45050
2023-01-12T18:00:00Z,182352,150769,105453,82313,31583,53789,53558,70728,48581
2023-01-12T19:00:00Z,173626,144129,99404,77727,29497,51080,50863,62921,41174
2023-01-12T20:00:00Z,169386,138554,98283,76050,30832,48817,48601,61491,41530
2023-01-12T21:00:00Z,163942,133081,95549,73675,30861,45734,45504,56625,38410
2023-01-12T22:00:00Z,151982,122955,88851,68464,29027,41722,41484,52995,35614
2023-01-12T23:00:00Z,140610,113700,81296,65019,26910,38336,38113,50953,34623
2023-01-13T00:00:00Z,162424,108177,87733,62724,54247,36168,35954,66429,48260
2023-01-13T01:00:00Z,159765,102929,87174,59377,56836,37198,37011,69977,50557
2023-01-13T02:00:00Z,130168,95453,73006,53513,34715,36172,36015,56370,38629
2023-01-13T03:00:00Z,140049,105122,76660,55966,34927,34718,34562,47512,29576
2023-01-13T04:00:00Z,132953,94305,74886,54114,38648,31966,31783,44840,28651
2023-01-13T05:00:00Z,133520,98740,78270,56076,34780,33808,33651,46475,29979
2023-01-13T06:00:00Z,151600,112247,85050,62947,39353,39199,39026,55915,36050
2023-01-13T07:00:00Z,160385,125152,88518,67166,35233,43890,43690,55683,34111
2023-01-13T08:00:00Z,171842,138366,92586,72996,33476,49130,48943,61908,38174
2023-01-13T09:00:00Z,182631,149249,95551,76027,33382,52820,52611,64344,39519
2023-01-13T10:00:00Z,179215,143874,96677,76028,35341,51540,51329,64604,41092
2023-01-13T11:00:00Z,180742,144761,97336,76964,35981,49734,49516,62112,38789
2023-01-13T12:00:00Z,207865,141636,129030,77622,66229,50787,50566,86925,63689
2023-01-13T13:00:00Z,206182,152063,119028,82834,54119,54255,54041,82190,57010
2023-01-13T14:00:00Z,198240,163109,106709,85971,35131,59552,59334,71174,45896
2023-01-13T15:00:00Z,196755,160082,106155,84167,36673,59007,58780,72109,46864
2023-01-13T16:00:00Z,182910,153262,96736,80208,29648,56278,56042,69278,44626
2023-01-13T17:00:00Z,182045,149999,97029,79152,32046,53004,52743,65652,41832
2023-01-13T18:00:00Z,180874,141484,100332,77186,39390,49544,49339,66524,45143
2023-01-13T19:00:00Z,170952,134951,95189,74032,36001,45955,45745,57460,37262
2023-01-13T20:00:00Z,165173,127622,92814,70756,37551,43395,43186,56552,37890
2023-01-13T21:00:00Z,165960,124011,86434,65139,41949,39737,39542,52905,34491
2023-01-13T22:00:00Z,147909,107103,81422,59987,40806,35650,35454,49060,31511
2023-01-13T23:00:00Z,131529,96110,74849,55677,35419,32699,32532,47732,31019
2023-01-14T00:00:00Z,134828,89828,79448,53193,45000,29295,29113,63013,45635
2023-01-14T01:00:00Z,120322,78241,78430,47114,42081,26529,26347,61194,48102
2023-01-14T02:00:00Z,103895,74679,62918,43319,29216,24538,24398,40773,28192
2023-01-14T03:00:00Z,102451,73350,63879,42680,29101,23884,23726,35354,23119
2023-01-14T04:00:00Z,99473,71489,62421,42242,27984,23620,23477,35292,23573
2023-01-14T05:00:00Z,108276,76668,65610,42906,31608,24256,24103,38006,24738
2023-01-14T06:00:00Z,115591,82270,76234,50600,33321,25803,25633,41337,28590
2023-01-14T07:00:00Z,109236,79956,69706,46887,29280,27103,26976,37771,24756
2023-01-14T08:00:00Z,115840,85515,72175,49556,30325,28859,28727,40731,26905
2023-01-14T09:00:00Z,120014,89997,75469,52317,30017,30578,30460,42022,27562
2023-01-14T10:00:00Z,119891,94408,73809,54905,25483,32104,31963,45170,29829
2023-01-14T11:00:00Z,122657,98836,75811,58950,23821,33397,33281,44604,29213
2023-01-14T12:00:00Z,169977,101676,121127,59960,68301,35667,35522,71674,55390
2023-01-14T13:00:00Z,156273,109510,103062,63437,46763,37981,37824,67925,49951
2023-01-14T14:00:00Z,150638,120307,89780,67011,30331,41678,41517,54595,34965
2023-01-14T15:00:00Z,150327,116643,92847,66678,33684,41737,41610,55686,36522
2023-01-14T16:00:00Z,148445,120107,89888,68629,28338,42174,42033,55599,36517
2023-01-14T17:00:00Z,145738,118290,89662,68819,27448,41042,40913,52212,34470
2023-01-14T18:00:00Z,146755,111450,93198,65236,35305,38579,38436,54969,38569
2023-01-14T19:00:00Z,147009,113086,92936,66684,33923,35762,35630,46942,31579
2023-01-14T20:00:00Z,145443,111085,91207,63806,34358,34258,34107,46903,32080
2023-01-14T21:00:00Z,133849,100996,82739,56679,32853,31590,31455,42710,28808
2023-01-14T22:00:00Z,122877,93626,78581,55855,29251,29361,29238,39538,27270
2023-01-14T23:00:00Z,111157,85016,72189,52030,26141,27858,27753,38349,27454
2023-01-15T00:00:00Z,115944,80213,76360,50084,35731,25364,25210,51981,40835
2023-01-15T01:00:00Z,115273,76683,76251,46609,38590,24234,24103,56658,45821
2023-01-15T02:00:00Z,101450,71435,65387,43372,30015,22610,22489,42044,30914
2023-01-15T03:00:00Z,106725,75982,70150,45702,30743,22990,22868,34175,22676
2023-01-15T04:00:00Z,103550,72704,67727,44463,30846,23213,23089,34015,23116
2023-01-15T05:00:00Z,105946,72546,70061,44570,33400,23526,23418,36004,24369
2023-01-15T06:00:00Z,113077,78054,74701,47222,35023,25441,25294,41873,29111
2023-01-15T07:00:00Z,115218,83985,72979,48939,31233,26874,26745,37911,24960
2023-01-15T08:00:00Z,123074,91828,77371,52671,31246,29272,29159,41131,27185
2023-01-15T09:00:00Z,126952,93986,80837,55436,32966,31146,31026,42914,28120
2023-01-15T10:00:00Z,127915,98167,80627,58006,29748,33260,33131,46090,30935
2023-01-15T11:00:00Z,126384,100661,78062,58851,25723,34835,34719,45826,29873
2023-01-15T12:00:00Z,178015,109346,125617,64178,68669,38026,37895,74779,57234
2023-01-15T13:00:00Z,164539,116987,109746,69344,47552,41397,41263,70537,52606
2023-01-15T14:00:00Z,155582,124164,95384,72344,31418,44950,44816,56831,37541
2023-01-15T15:00:00Z,159705,123969,98925,72539,35736,45349,45200,59439,39615
2023-01-15T16:00:00Z,155551,125951,95595,74580,29600,44669,44497,57597,38677
2023-01-15T17:00:00Z,150929,123004,92769,73149,27925,43095,42969,55321,36946
2023-01-15T18:00:00Z,153387,116814,96071,68472,36573,40532,40405,58423,40712
2023-01-15T19:00:00Z,143205,108891,90413,64187,34314,37897,37760,49469,33175
2023-01-15T20:00:00Z,141093,105371,90546,62728,35722,36304,36170,49311,34265
2023-01-15T21:00:00Z,137013,102263,87177,61285,34750,34138,34018,45625,31202
2023-01-15T22:00:00Z,121704,93894,75552,56118,27810,31433,31319,42992,29196
2023-01-15T23:00:00Z,113469,85018,72787,53209,28451,29730,29625,40993,29151
2023-01-16T00:00:00Z,136935,86651,82386,53854,50284,29023,28873,58954,44496
2023-01-16T01:00:00Z,147621,84858,79861,50736,62763,31008,30834,64813,47605
2023-01-16T02:00:00Z,150578,86375,71116,48597,64203,31085,30927,53715,34769
2023-01-16T03:00:00Z,146925,89271,76084,50092,57654,30843,30691,44638,27217
2023-01-16T04:00:00Z,150135,85022,73821,48823,65113,29329,29168,43980,26969
2023-01-16T05:00:00Z,146399,91727,79107,51583,54672,31884,31743,46106,28872
2023-01-16T06:00:00Z,159579,105933,85311,57659,53646,37447,37268,55476,35293
2023-01-16T07:00:00Z,172020,120721,90582,64942,51299,42637,42434,55870,33586
2023-01-16T08:00:00Z,185426,134617,92319,68257,50809,48953,48723,62920,37843
2023-01-16T09:00:00Z,198351,146053,98771,73778,52298,53508,53280,66363,40019
2023-01-16T10:00:00Z,197878,145422,96032,71500,52456,51755,51528,66005,40270
2023-01-16T11:00:00Z,190199,141618,94353,73909,48581,51756,51540,63928,39342
2023-01-16T12:00:00Z,210755,140699,120147,74793,70056,52984,52761,88005,63290
2023-01-16T13:00:00Z,210393,149035,114135,78812,61358,56600,56385,83428,57183
2023-01-16T14:00:00Z,196780,154055,100458,79170,42725,60228,60015,72481,44470
2023-01-16T15:00:00Z,191774,153311,102196,79097,38463,59963,59751,73115,45844
2023-01-16T16:00:00Z,199490,151573,102183,82477,47917,58477,58243,72452,45950
2023-01-16T17:00:00Z,184477,143302,99311,80038,41175,54906,54710,67592,43645
2023-01-16T18:00:00Z,192158,140370,103122,76985,51788,50937,50742,69538,46065
2023-01-16T19:00:00Z,188554,136710,101987,75806,51844,48796,48612,62503,39938
2023-01-16T20:00:00Z,185012,128994,100298,73035,56018,46237,46065,61044,40341
2023-01-16T21:00:00Z,187492,120078,94867,68175,67414,42677,42503,56311,36733
2023-01-16T22:00:00Z,159572,110714,87357,64515,48858,38794,38609,51491,34069
2023-01-16T23:00:00Z,150326,101480,82154,60544,48846,36062,35887,49131,33188
2023-01-17T00:00:00Z,148617,101437,90857,60910,47180,34885,34710,62914,47546
2023-01-17T01:00:00Z,144475,99709,88505,58403,44766,36004,35846,67246,50649
2023-01-17T02:00:00Z,134636,98112,78485,54526,36524,35339,35171,54615,37733
2023-01-17T03:00:00Z,140152,98633,81979,55902,41519,34680,34507,46570,29741
2023-01-17T04:00:00Z,132193,92371,78551,53747,39822,32625,32475,44658,29107
2023-01-17T05:00:00Z,138165,98738,83975,56956,39427,34622,34460,47425,30622
2023-01-17T06:00:00Z,153830,114111,90203,62246,39719,39857,39675,56394,36695
2023-01-17T07:00:00Z,166482,128838,92806,67634,37644,44794,44613,56661,34759
2023-01-17T08:00:00Z,173410,136930,93317,70299,36480,50656,50469,62845,38660
2023-01-17T09:00:00Z,187652,149833,100363,76501,37819,54786,54562,66408,41143
2023-01-17T10:00:00Z,188740,149592,101618,77316,39148,53639,53421,66344,41991
2023-01-17T11:00:00Z,181981,146644,97338,77714,35337,52255,52039,63223,40104
2023-01-17T12:00:00Z,210203,147012,125004,77618,63191,54760,54543,90338,66186
2023-01-17T13:00:00Z,214104,162098,121931,84654,52006,59780,59549,87803,61253
2023-01-17T14:00:00Z,211691,174360,113826,91567,37331,65021,64786,77451,49580
2023-01-17T15:00:00Z,210707,173522,114250,90801,37185,64740,64492,78249,50897
2023-01-17T16:00:00Z,198496,163762,104567,84319,34734,61868,61576,74945,47902
2023-01-17T17:00:00Z,199870,162597,107256,84487,37273,59200,58972,72373,46207
2023-01-17T18:00:00Z,196008,156512,106692,80447,39496,56225,55995,73297,49338
2023-01-17T19:00:00Z,188895,149528,104827,78977,39367,53192,52954,65747,42824
2023-01-17T20:00:00Z,187158,144021,104047,76983,43137,51253,51021,65891,43434
2023-01-17T21:00:00Z,177469,136041,97523,72933,41428,47420,47205,59795,39528
2023-01-17T22:00:00Z,166379,125194,91606,67657,41185,42601,42405,54667,36287
2023-01-17T23:00:00Z,145151,111104,83118,62038,34047,38856,38676,51212,35181
2023-01-18T00:00:00Z,151302,106417,87370,59649,44885,36794,36577,63340,46905
2023-01-18T01:00:00Z,145933,102537,88918,59548,43396,37060,36878,67758,51235
2023-01-18T02:00:00Z,126435,92991,72709,52220,33444,33834,33670,53142,36799
2023-01-18T03:00:00Z,136077,99158,81341,56751,36919,33653,33491,45180,28853
2023-01-18T04:00:00Z,135104,96835,78834,55248,38269,32710,32526,45071,29204
2023-01-18T05:00:00Z,140531,102002,84821,57915,38529,34253,34095,47303,30965
2023-01-18T06:00:00Z,154236,112780,89476,61039,41456,39006,38821,56026,36587
2023-01-18T07:00:00Z,164444,127534,93184,68728,36910,43311,43118,55697,34456
2023-01-18T08:00:00Z,181909,144581,100124,76381,37328,50038,49802,63067,39490
2023-01-18T09:00:00Z,192770,153667,103351,79219,39103,53728,53524,66105,41455
2023-01-18T10:00:00Z,191801,152675,105022,80669,39126,52828,52617,66035,42605
2023-01-18T11:00:00Z,184656,147618,102410,79163,37038,51727,51504,63260,40512
2023-01-18T12:00:00Z,215062,149654,132755,80588,65408,54649,54429,89846,66250
2023-01-18T13:00:00Z,214628,164316,123836,87261,50312,59170,58945,85605,60303
2023-01-18T14:00:00Z,209710,173824,112952,91321,35886,64944,64713,76043,48906
2023-01-18T15:00:00Z,210287,173802,113780,91137,36485,64877,64608,78547,51199
2023-01-18T16:00:00Z,196100,163584,104705,85348,32516,61791,61535,74065,47744
2023-01-18T17:00:00Z,200326,164438,110911,88336,35888,59574,59352,71187,46168
2023-01-18T18:00:00Z,243286,128929,90765,69307,114357,50877,50640,89701,44112
2023-01-18T19:00:00Z,247551,126163,88157,67295,121388,48164,47941,83149,38049
2023-01-18T20:00:00Z,219861,131212,95053,70868,88649,47590,47370,74532,40134
2023-01-18T21:00:00Z,207170,130676,94705,71303,76494,46355,46130,74766,38410
2023-01-18T22:00:00Z,172791,123186,93575,68361,49605,42649,42417,58799,36560
2023-01-18T23:00:00Z,154345,110745,86316,62699,43600,39202,39004,53241,35229
2023-01-19T00:00:00Z,170185,107391,90890,62368,62794,36567,36336,69639,47866
2023-01-19T01:00:00Z,155838,106668,89814,62013,49170,36992,36771,69185,49555
2023-01-19T02:00:00Z,128665,94356,75368,54702,34309,33864,33696,54053,37619
2023-01-19T03:00:00Z,134065,95387,79110,54758,38678,32487,32311,44356,28535
2023-01-19T04:00:00Z,137005,96262,79631,55741,40743,32368,32178,45191,29202
2023-01-19T05:00:00Z,140288,99745,84108,57774,40543,33214,33075,46985,30356
2023-01-19T06:00:00Z,152039,109818,88157,60922,42221,37238,37077,54785,35403
2023-01-19T07:00:00Z,161133,122942,90507,66090,38191,42026,41823,54445,33776
2023-01-19T08:00:00Z,178110,135016,96143,72325,43094,48081,47881,62377,38446
2023-01-19T09:00:00Z,186891,145190,99074,75168,41701,51951,51733,64957,40120
2023-01-19T10:00:00Z,193280,148751,99835,76251,44529,51710,51488,67453,41369
2023-01-19T11:00:00Z,188286,144851,99347,77413,43435,51047,50815,65898,39607
2023-01-19T12:00:00Z,212465,144126,125418,77451,68339,53766,53530,91198,64816
2023-01-19T13:00:00Z,234885,151267,115025,79288,83618,56973,56742,100390,58415
2023-01-19T14:00:00Z,225977,163916,104951,85049,62061,62459,62192,89662,46976
2023-01-19T15:00:00Z,225268,161038,102794,82267,64230,62170,61907,90816,47908
2023-01-19T16:00:00Z,214846,153461,96060,78004,61385,60140,59881,88386,45932
2023-01-19T17:00:00Z,220672,153442,100845,80342,67230,57730,57511,86309,43628
2023-01-19T18:00:00Z,218464,146812,102250,77456,71652,54797,54562,89501,47723
2023-01-19T19:00:00Z,209302,139840,98385,75732,69462,51288,51082,81275,40748
2023-01-19T20:00:00Z,191286,140978,102998,77146,50308,50204,49967,69102,42071
2023-01-19T21:00:00Z,174934,134327,99570,74701,40607,47469,47263,60142,39427
2023-01-19T22:00:00Z,163415,123025,92997,69675,40390,42546,42328,55521,35937
2023-01-19T23:00:00Z,146016,110898,83365,63579,35118,38703,38513,52190,34499
2023-01-20T00:00:00Z,149747,106416,89958,61513,43331,35870,35656,63972,47916
2023-01-20T01:00:00Z,141151,99892,87815,58953,41259,34315,34132,65069,49730
2023-01-20T02:00:00Z,122617,89458,73439,52459,33159,30768,30590,51638,36764
2023-01-20T03:00:00Z,129169,91396,76827,52835,37773,30239,30069,42826,27613
2023-01-20T04:00:00Z,130856,91193,78073,53948,39663,30528,30347,43530,28516
2023-01-20T05:00:00Z,135762,94797,82392,55543,40965,31920,31754,44988,29421
2023-01-20T06:00:00Z,149027,107014,90078,61644,42013,34479,34286,51140,34265
2023-01-20T07:00:00Z,152927,115865,89636,65349,37062,38308,38135,49676,31774
2023-01-20T08:00:00Z,163747,128089,92488,69164,35658,44103,43919,55675,35809
2023-01-20T09:00:00Z,180152,140626,98972,74890,39526,48901,48669,59746,38257
2023-01-20T10:00:00Z,184581,144751,101534,77160,39830,49729,49529,62291,40049
2023-01-20T11:00:00Z,175083,140102,95733,74053,34981,48508,48314,59412,38077
2023-01-20T12:00:00Z,206214,139894,125869,75944,66320,50283,50084,85857,63474
2023-01-20T13:00:00Z,207723,154867,121125,82473,52856,54833,54621,83394,59059
2023-01-20T14:00:00Z,200753,164091,109411,86619,36662,59928,59688,71173,45894
2023-01-20T15:00:00Z,202282,164347,109393,86208,37935,59447,59225,72454,47170
2023-01-20T16:00:00Z,191260,156554,103326,83097,34706,57250,57020,69729,45295
2023-01-20T17:00:00Z,188961,152793,103843,81353,36168,53692,53476,65176,42306
2023-01-20T18:00:00Z,183956,144430,104338,78741,39526,50363,50148,67299,45727
2023-01-20T19:00:00Z,174934,137880,99774,75344,37054,47098,46903,58793,38203
2023-01-20T20:00:00Z,174525,134634,100355,75265,39891,43874,43688,57486,37947
2023-01-20T21:00:00Z,173853,123623,92359,68594,50230,40559,40373,54704,34449
2023-01-20T22:00:00Z,159352,111722,86638,62626,47630,36872,36694,52798,31857
2023-01-20T23:00:00Z,137349,99535,79161,58883,37814,33363,33206,47829,31075
2023-01-21T00:00:00Z,132453,91975,81835,54025,40478,29020,28836,57068,43548
2023-01-21T01:00:00Z,118431,77606,79632,48837,40825,25753,25598,57672,45925
2023-01-21T02:00:00Z,104257,69780,65530,42596,34477,22707,22573,42043,30185
2023-01-21T03:00:00Z,106847,72685,68022,43125,34162,22496,22361,34229,22471
2023-01-21T04:00:00Z,100325,69600,65392,41916,30725,22508,22379,32931,22251
2023-01-21T05:00:00Z,103308,70420,69547,43080,32888,23032,22884,34821,23549
2023-01-21T06:00:00Z,108180,76001,72729,46173,32179,24221,24106,38685,27536
2023-01-21T07:00:00Z,108630,77442,72490,46488,31188,25119,25002,34780,22992
2023-01-21T08:00:00Z,113072,82312,74652,49255,30760,26930,26814,37767,25267
2023-01-21T09:00:00Z,121249,89166,77132,51283,32083,28585,28467,38999,25426
2023-01-21T10:00:00Z,115713,88091,73392,51227,27622,30497,30366,41904,28168
2023-01-21T11:00:00Z,120458,92769,74591,53751,27689,31823,31662,42422,28080
2023-01-21T12:00:00Z,167566,96403,121286,57029,71163,33685,33537,69708,54799
2023-01-21T13:00:00Z,152525,103787,103522,60792,48738,35864,35713,65194,49083
2023-01-21T14:00:00Z,140127,108469,87498,62362,31658,38748,38614,50322,33247
2023-01-21T15:00:00Z,146733,112842,92161,65656,33891,40226,40097,53623,35977
2023-01-21T16:00:00Z,142090,111833,88197,64841,30257,40209,40040,53575,36011
2023-01-21T17:00:00Z,141273,113520,86589,65936,27753,40203,40060,51310,34468
2023-01-21T18:00:00Z,144214,109914,91495,64226,34300,38560,38395,54966,38647
2023-01-21T19:00:00Z,134495,102906,86035,61136,31589,35724,35594,45925,31124
2023-01-21T20:00:00Z,131113,98436,86946,60373,32677,33611,33471,45451,31711
2023-01-21T21:00:00Z,124860,93163,82267,57461,31697,31202,31067,40947,28326
2023-01-21T22:00:00Z,119522,88972,79780,55237,30550,28729,28601,38547,26696
2023-01-21T23:00:00Z,106825,81126,72379,51843,25699,27511,27395,37662,26962
2023-01-22T00:00:00Z,117834,81466,81958,54069,36368,24685,24531,51388,40493
2023-01-22T01:00:00Z,126824,69280,75494,45017,57544,23127,22990,54554,44559
2023-01-22T02:00:00Z,91760,62562,61131,39384,29198,20976,20840,39844,30191
2023-01-22T03:00:00Z,94610,65443,64833,40944,29167,20462,20327,30206,21054
2023-01-22T04:00:00Z,93306,65391,63445,40714,27915,21067,20961,30503,20924
2023-01-22T05:00:00Z,97053,67607,67704,42826,29446,21782,21688,32440,22493
2023-01-22T06:00:00Z,101724,69189,70052,42445,32535,23014,22907,36996,26287
2023-01-22T07:00:00Z,102383,73687,68863,44755,28696,23912,23804,33538,22311
2023-01-22T08:00:00Z,108359,78631,71215,46728,29728,26056,25951,37085,24631
2023-01-22T09:00:00Z,115571,83874,74857,49444,31697,28261,28145,38669,25528
2023-01-22T10:00:00Z,121342,89521,78781,52345,31821,31216,31104,42672,28796
2023-01-22T11:00:00Z,122981,95436,77698,56180,27545,33278,33158,43431,28779
2023-01-22T12:00:00Z,174645,104409,124807,61108,70236,35883,35750,71991,56064
2023-01-22T13:00:00Z,159252,109035,106880,63479,50217,38588,38457,67915,50661
2023-01-22T14:00:00Z,152797,118853,97573,71484,33944,41736,41606,52623,35092
2023-01-22T15:00:00Z,157134,120304,98655,70848,36830,42548,42408,55850,37225
2023-01-22T16:00:00Z,148681,119155,91381,69406,29526,42623,42455,55269,36894
2023-01-22T17:00:00Z,148696,120858,90322,70175,27838,42316,42191,54132,35718
2023-01-22T18:00:00Z,149175,114425,95051,67735,34750,41133,40979,57940,40574
2023-01-22T19:00:00Z,146475,113769,93470,68227,32706,39587,39456,50908,34245
2023-01-22T20:00:00Z,144065,109348,91951,65056,34717,38175,38039,51272,35003
2023-01-22T21:00:00Z,135592,101898,85593,60415,33694,35523,35390,46250,31680
2023-01-22T22:00:00Z,120262,93315,74586,56000,26947,32269,32138,42549,29595
2023-01-22T23:00:00Z,111879,84222,71123,52565,27657,30380,30248,41063,29356
2023-01-23T00:00:00Z,125470,79951,77634,49646,45519,27971,27802,56386,43663
2023-01-23T01:00:00Z,119965,77019,77553,48681,42946,27079,26926,58265,46124
2023-01-23T02:00:00Z,127664,72079,66902,43591,55585,25192,25051,46703,32225
2023-01-23T03:00:00Z,132181,76900,71486,45844,55281,25870,25727,38945,24659
2023-01-23T04:00:00Z,133759,82320,71812,48047,51439,27023,26887,40199,25507
2023-01-23T05:00:00Z,132523,83025,74493,47684,49498,28469,28326,42001,26977
2023-01-23T06:00:00Z,136671,90797,76257,50993,45874,31201,31035,47740,31794
2023-01-23T07:00:00Z,145092,102100,79537,55648,42992,35819,35650,47935,29928
2023-01-23T08:00:00Z,166763,121837,86308,62736,44926,42052,41855,54719,34292
2023-01-23T09:00:00Z,183108,136303,92104,68366,46805,47546,47328,59702,36692
2023-01-23T10:00:00Z,187475,141208,96196,72242,46267,49568,49352,63101,39888
2023-01-23T11:00:00Z,184020,138287,93710,72068,45733,49732,49525,61150,38208
2023-01-23T12:00:00Z,214141,143921,125136,75422,70220,53033,52809,88223,64516
2023-01-23T13:00:00Z,220670,159935,119630,82218,60735,57750,57500,85191,59427
2023-01-23T14:00:00Z,211761,167748,110057,86707,44013,62801,62549,74041,47262
2023-01-23T15:00:00Z,216346,168287,112752,86437,48059,62807,62553,75368,48436
2023-01-23T16:00:00Z,200938,158424,104674,82475,42514,60541,60282,72794,46565
2023-01-23T17:00:00Z,205854,159853,106311,83977,46001,58331,58091,71769,44779
2023-01-23T18:00:00Z,204847,152449,108723,80676,52398,55756,55517,74178,49024
2023-01-23T19:00:00Z,197513,147676,106012,79854,49837,53687,53451,66488,42559
2023-01-23T20:00:00Z,200590,143241,106581,78562,57349,51200,50974,67739,42762
2023-01-23T21:00:00Z,195930,133207,99363,72389,62723,47609,47399,61804,39410
2023-01-23T22:00:00Z,180985,124030,96171,67191,56955,43245,43025,58647,36799
2023-01-23T23:00:00Z,166610,108809,88623,61143,57801,38785,38586,54710,34648
2023-01-24T00:00:00Z,178452,104182,91897,60462,74270,35522,35299,73330,45805
2023-01-24T01:00:00Z,206401,94128,88731,55174,112273,32612,32414,85747,49126
2023-01-24T02:00:00Z,161180,81989,72671,47804,79191,29054,28880,68487,34220
2023-01-24T03:00:00Z,163600,88603,76014,51625,74997,29056,28868,58562,27022
2023-01-24T04:00:00Z,145308,89395,74710,52217,55913,30064,29867,50211,27594
2023-01-24T05:00:00Z,133954,91068,76854,51637,42886,31078,30914,46649,29105
2023-01-24T06:00:00Z,147984,100968,84815,56783,47016,33925,33730,52832,34259
2023-01-24T07:00:00Z,158134,114189,89068,63479,43945,37724,37538,51740,31767
2023-01-24T08:00:00Z,169692,126180,91583,67190,43512,43822,43636,59034,36707
2023-01-24T09:00:00Z,185018,139781,96931,71857,45237,48901,48684,62783,38957
2023-01-24T10:00:00Z,192725,146571,101137,76227,46154,50685,50469,67089,42667
2023-01-24T11:00:00Z,192557,146759,103852,78988,45798,50854,50641,64990,40425
2023-01-24T12:00:00Z,223760,148612,132430,77907,75148,53786,53553,91934,66918
2023-01-24T13:00:00Z,218394,160831,120832,82861,57563,59157,58914,88249,61737
2023-01-24T14:00:00Z,213672,173532,111257,89234,40140,64564,64311,77378,49018
2023-01-24T15:00:00Z,212679,170790,112469,88880,41889,64106,63851,77521,49927
2023-01-24T16:00:00Z,198144,161123,102305,83021,37021,62009,61749,74528,47632
2023-01-24T17:00:00Z,203725,163442,107314,85095,40283,59713,59449,72936,45912
2023-01-24T18:00:00Z,201895,158534,110992,84163,43361,57278,57012,74070,49781
2023-01-24T19:00:00Z,190718,149378,103284,78652,41340,53965,53750,65732,42483
2023-01-24T20:00:00Z,190222,143958,105301,79343,46264,51264,51014,65446,42945
2023-01-24T21:00:00Z,185891,136121,97839,73363,49770,48553,48331,61052,39365
2023-01-24T22:00:00Z,180637,137176,92964,67838,43461,43824,43615,55167,36349
2023-01-24T23:00:00Z,162381,114842,90933,65907,47539,39931,39741,53331,35425
2023-01-25T00:00:00Z,176340,106107,93964,60095,70233,36404,36189,68231,48976
2023-01-25T01:00:00Z,150573,101512,92408,58845,49061,34555,34365,65653,50325
2023-01-25T02:00:00Z,124292,86178,73816,49955,38114,30555,30376,50226,35572
2023-01-25T03:00:00Z,129933,89032,73933,52150,40901,30052,29900,42878,27191
2023-01-25T04:00:00Z,144731,92599,75938,53281,52132,31576,31391,47349,28643
2023-01-25T05:00:00Z,132971,95197,79213,54683,37774,32425,32271,45597,29705
2023-01-25T06:00:00Z,143420,102089,85976,57987,41331,35400,35217,51174,34435
2023-01-25T07:00:00Z,144986,110410,81244,60124,34576,37759,37584,49236,31500
2023-01-25T08:00:00Z,176129,140494,92347,71918,35635,46166,45975,58097,37244
2023-01-25T09:00:00Z,188355,149756,97020,74142,38599,50541,50336,62273,38824
2023-01-25T10:00:00Z,184111,142464,97702,73326,41647,50908,50668,64140,40688
2023-01-25T11:00:00Z,186547,145071,100863,76179,41476,50495,50252,62775,39498
2023-01-25T12:00:00Z,217105,147722,133142,78695,69383,53801,53565,89463,65596
2023-01-25T13:00:00Z,215330,162212,122367,84656,53118,58960,58715,86063,61084
2023-01-25T14:00:00Z,210363,172273,109999,90024,38090,64239,63977,76208,48635
2023-01-25T15:00:00Z,210023,170896,110328,89207,39127,64438,64183,77291,50058
2023-01-25T16:00:00Z,201145,168763,102753,87020,32382,62689,62433,75064,48350
2023-01-25T17:00:00Z,193003,163844,97715,85167,29159,59385,59155,71543,45392
2023-01-25T18:00:00Z,188876,156552,102619,84443,32324,56528,56332,73570,49403
2023-01-25T19:00:00Z,177851,149928,92954,79855,27923,53776,53531,65225,42536
2023-01-25T20:00:00Z,177571,146515,92709,77553,31056,51762,51545,65044,43382
2023-01-25T21:00:00Z,171310,140139,89911,76582,31171,48090,47878,59436,39449
2023-01-25T22:00:00Z,152075,124320,81240,67974,27755,43278,43080,53972,36230
2023-01-25T23:00:00Z,140252,111959,75752,62955,28293,39375,39190,51480,34934
2023-01-26T00:00:00Z,157128,106213,85863,61017,50915,36351,36144,65987,49061
2023-01-26T01:00:00Z,139276,97954,85955,57673,41322,34122,33947,65106,50590
2023-01-26T02:00:00Z,119132,85496,68380,50773,33636,30135,29996,50966,35335
2023-01-26T03:00:00Z,123347,87205,64038,52211,36142,29161,28999,44283,26555
2023-01-26T04:00:00Z,114213,86774,63508,51912,27439,29509,29357,41396,26881
2023-01-26T05:00:00Z,115060,89827,66480,53146,25233,30174,30026,42994,28299
2023-01-26T06:00:00Z,127721,98154,74117,57291,29567,33179,33027,49463,33350
2023-01-26T07:00:00Z,135718,110086,73965,61699,25632,38052,37883,49602,31468
2023-01-26T08:00:00Z,154570,127856,82317,69144,26714,44483,44271,57153,36673
2023-01-26T09:00:00Z,174771,137843,85955,72765,36928,48143,47931,61850,37842
2023-01-26T10:00:00Z,175691,140725,88464,74163,34966,49549,49321,63572,40074
2023-01-26T11:00:00Z,172376,143209,89758,76859,29167,49972,49754,61685,39179
2023-01-26T12:00:00Z,206079,146885,123446,79473,59194,52892,52659,88684,65365
2023-01-26T13:00:00Z,209448,158976,114072,85104,50472,58071,57821,87354,60855
2023-01-26T14:00:00Z,204366,174103,104606,91052,30263,65048,64820,76875,49174
2023-01-26T15:00:00Z,215517,169078,103512,88791,46439,63415,63160,79605,49479
2023-01-26T16:00:00Z,202118,166321,99543,86253,35797,62620,62357,76910,48506
2023-01-26T17:00:00Z,196725,165371,100652,87435,31354,59711,59475,71849,46215
2023-01-26T18:00:00Z,213433,146275,95934,78061,67158,54866,54626,78913,48356
2023-01-26T19:00:00Z,199376,144178,90625,77747,55198,52472,52255,70249,41854
2023-01-26T20:00:00Z,191553,136266,89626,74216,55287,49968,49760,68257,41825
2023-01-26T21:00:00Z,197016,129056,83924,70524,67960,46348,46133,65246,37972
2023-01-26T22:00:00Z,173726,120804,80336,67545,52922,42194,42001,58534,35202
2023-01-26T23:00:00Z,153061,112256,78777,65653,40805,38917,38726,53232,34720
2023-01-27T00:00:00Z,155762,103877,82948,59481,51885,36037,35818,64726,46562
2023-01-27T01:00:00Z,164532,95220,85290,57344,69312,33830,33644,66828,49463
2023-01-27T02:00:00Z,122640,84057,66494,48533,38583,30541,30371,52025,35712
2023-01-27T03:00:00Z,117833,86980,62534,50637,30853,29726,29555,43167,26871
2023-01-27T04:00:00Z,134212,88350,64675,51882,45862,30545,30385,48858,27765
2023-01-27T05:00:00Z,118585,90179,66376,52180,28406,31412,31265,45299,28977
2023-01-27T06:00:00Z,131989,98699,73438,55706,33290,33956,33784,51539,33891
2023-01-27T07:00:00Z,139092,108803,72703,59699,30289,38360,38199,51856,31623
2023-01-27T08:00:00Z,160464,128363,83356,68908,32101,45070,44888,59844,37035
2023-01-27T09:00:00Z,168930,136914,85226,71022,32016,48577,48353,61196,37920
2023-01-27T10:00:00Z,181606,142714,91169,75655,38892,49451,49225,66290,40034
2023-01-27T11:00:00Z,177323,144679,93135,79974,32644,49266,49047,61991,38618
2023-01-27T12:00:00Z,213269,142140,129809,79024,71129,51122,50890,88423,64600
2023-01-27T13:00:00Z,207836,160177,117463,87630,47659,56779,56571,86006,60176
2023-01-27T14:00:00Z,200251,170331,105233,91624,29920,61785,61536,74512,46970
2023-01-27T15:00:00Z,202460,170615,104026,89022,31845,61188,60936,75617,47783
2023-01-27T16:00:00Z,193177,164680,102095,88718,28497,59079,58831,72783,46949
2023-01-27T17:00:00Z,187919,157963,97329,84263,29956,55514,55275,69001,43697
2023-01-27T18:00:00Z,187744,152825,101434,82758,34919,52032,51780,71653,47101
2023-01-27T19:00:00Z,175369,148558,92388,79034,26811,48201,47972,59056,38864
2023-01-27T20:00:00Z,165780,136202,91387,75382,29578,44904,44675,58045,39237
2023-01-27T21:00:00Z,151071,124444,82257,68766,26627,41680,41503,52683,35559
2023-01-27T22:00:00Z,140892,114301,78627,64549,26591,37593,37400,48654,32650
2023-01-27T23:00:00Z,123321,100070,71517,58762,23251,34066,33884,45244,31229
2023-01-28T00:00:00Z,126440,91655,79077,54778,34785,30171,29965,56847,43532
2023-01-28T01:00:00Z,125935,84722,79269,51099,41213,28833,28657,58756,45399
2023-01-28T02:00:00Z,107033,79409,64536,46604,27624,26983,26834,45791,32156
2023-01-28T03:00:00Z,101158,81214,59936,47589,19944,26730,26593,37073,23818
2023-01-28T04:00:00Z,97355,77987,59256,47159,19368,25040,24897,35516,23674
2023-01-28T05:00:00Z,101247,80298,62254,48536,20949,26193,26072,37832,25054
2023-01-28T06:00:00Z,108382,84363,66074,49031,24019,28873,28733,43704,29079
2023-01-28T07:00:00Z,106267,88228,62180,50499,18039,30128,30001,40356,25390
2023-01-28T08:00:00Z,115244,94368,67762,54752,20876,32261,32123,43428,27921
2023-01-28T09:00:00Z,120037,100228,69284,56903,19809,34201,34062,45064,28330
2023-01-28T10:00:00Z,118904,98794,70706,57180,20110,34384,34246,46815,30475
2023-01-28T11:00:00Z,120898,101880,71997,59967,19018,34805,34673,45729,29696
2023-01-28T12:00:00Z,176612,108986,123579,63812,67626,37358,37219,73832,56663
2023-01-28T13:00:00Z,152807,114520,96630,65846,38287,39549,39417,69005,51388
2023-01-28T14:00:00Z,142734,122708,82732,70175,20026,43344,43197,55732,35948
2023-01-28T15:00:00Z,146342,123536,86187,71903,22806,43236,43114,57426,37719
2023-01-28T16:00:00Z,138660,118516,81705,69138,20144,42749,42608,55351,37031
2023-01-28T17:00:00Z,140702,121069,83073,70993,19633,41808,41673,53177,35167
2023-01-28T18:00:00Z,139220,113703,84587,66560,25517,40131,39995,56120,39171
2023-01-28T19:00:00Z,127208,106784,75636,62299,20424,36810,36668,47795,31699
2023-01-28T20:00:00Z,122931,101332,74697,60225,21599,34969,34837,46639,32430
2023-01-28T21:00:00Z,115653,95581,70366,57715,20072,32379,32259,42356,29128
2023-01-28T22:00:00Z,109235,90411,68488,56573,18824,29776,29655,39814,27543
2023-01-28T23:00:00Z,102684,83724,64746,52941,18960,28578,28460,38799,27733
2023-01-29T00:00:00Z,115144,80624,72166,49034,34520,26554,26388,52479,40506
2023-01-29T01:00:00Z,118875,76913,78958,48004,41962,27565,27415,60274,47322
2023-01-29T02:00:00Z,107977,79941,65889,47527,28036,27102,26979,46994,33283
2023-01-29T03:00:00Z,105581,83866,62650,49423,21715,27309,27184,38173,24721
2023-01-29T04:00:00Z,95630,75269,58977,46451,20361,24471,24348,35097,23738
2023-01-29T05:00:00Z,102322,80365,61943,47799,21957,26526,26407,38759,25443
2023-01-29T06:00:00Z,115738,91296,68629,51458,24442,30576,30433,45281,29993
2023-01-29T07:00:00Z,111674,92441,65456,53414,19233,32011,31880,42695,26506
2023-01-29T08:00:00Z,119260,99372,68847,55985,19888,34162,34037,45820,28565
2023-01-29T09:00:00Z,125515,105128,70441,58313,20387,36248,36109,47090,29141
2023-01-29T10:00:00Z,126092,104802,72632,58998,21290,36072,35931,47876,31286
2023-01-29T11:00:00Z,126634,107938,74375,62587,18696,36617,36505,46648,30302
2023-01-29T12:00:00Z,177277,111278,123869,65820,65999,38815,38648,74906,57767
2023-01-29T13:00:00Z,156275,118345,99190,68821,37930,42364,42231,71881,53185
2023-01-29T14:00:00Z,150323,130070,87652,75482,20253,46001,45840,57758,37824
2023-01-29T15:00:00Z,153338,130641,88077,74184,22697,45732,45570,59173,39056
2023-01-29T16:00:00Z,150073,129416,86293,73725,20657,45554,45403,58460,39131
2023-01-29T17:00:00Z,147499,127867,84129,72758,19632,44130,43991,55296,36839
2023-01-29T18:00:00Z,148899,121893,89402,71363,27006,42704,42579,59100,41326
2023-01-29T19:00:00Z,135575,115361,79449,67506,20214,40271,40133,50926,34189
2023-01-29T20:00:00Z,134245,112862,79206,65148,21383,38723,38590,51169,35083
2023-01-29T21:00:00Z,127479,106040,74716,62240,21439,36138,36008,47012,32069
2023-01-29T22:00:00Z,122992,103048,71247,59395,19944,33187,33067,43194,29782
2023-01-29T23:00:00Z,113350,93591,67347,55539,19759,31860,31748,42376,29838
2023-01-30T00:00:00Z,137604,89766,80227,54234,47838,31144,30967,61838,46353
2023-01-30T01:00:00Z,159816,93767,84291,55125,66049,34550,34384,68635,49764
2023-01-30T02:00:00Z,142819,95571,70123,53046,47248,34877,34701,55094,35244
2023-01-30T03:00:00Z,149412,104869,72783,60350,44543,35120,34968,48878,29045
2023-01-30T04:00:00Z,146081,97189,69406,56322,48892,32980,32831,47725,29078
2023-01-30T05:00:00Z,143000,102370,72174,58025,40630,35279,35117,49710,30459
2023-01-30T06:00:00Z,160675,116343,80908,62905,44332,41792,41594,59460,37377
2023-01-30T07:00:00Z,170155,131064,81651,68453,39091,46888,46705,60380,35846
2023-01-30T08:00:00Z,189227,147860,89142,75635,41367,53262,53042,67784,40665
2023-01-30T09:00:00Z,198701,159219,93509,79952,39482,57720,57486,71610,42781
2023-01-30T10:00:00Z,204154,160192,94393,79764,43962,55384,55150,70473,43060
2023-01-30T11:00:00Z,204233,159777,93223,80230,44456,54798,54575,67453,41107
2023-01-30T12:00:00Z,229958,159068,125100,83065,70890,57768,57495,93942,67006
2023-01-30T13:00:00Z,230644,172340,117716,88412,58304,62690,62441,92481,63288
2023-01-30T14:00:00Z,221908,182777,108740,95636,39131,67465,67214,80078,50000
2023-01-30T15:00:00Z,220884,179317,106747,92271,41567,66528,66251,80397,50914
2023-01-30T16:00:00Z,205445,168083,99226,86733,37362,62743,62486,76449,47717
2023-01-30T17:00:00Z,210153,171938,104110,91162,38215,61872,61616,76451,47968
2023-01-30T18:00:00Z,208351,163859,106766,88074,44492,58038,57792,76093,50401
2023-01-30T19:00:00Z,197181,156447,95325,82026,40734,55529,55271,69395,43632
2023-01-30T20:00:00Z,196348,152311,96877,81737,44037,52934,52698,69469,44349
2023-01-30T21:00:00Z,193771,140228,88370,75417,53543,49210,48979,64685,40506
2023-01-30T22:00:00Z,175230,131423,84817,71434,43807,45083,44847,59707,37637
2023-01-30T23:00:00Z,170622,119716,79623,66166,50906,41181,40959,57939,36691
2023-01-31T00:00:00Z,180273,118764,86660,62606,61509,39278,39068,71435,48685
2023-01-31T01:00:00Z,161390,112815,92207,63490,48575,41705,41495,74538,53753
2023-01-31T02:00:00Z,156033,110865,79368,61077,45168,41445,41259,67352,41659
2023-01-31T03:00:00Z,154442,115492,77718,64045,38950,39389,39167,57236,32493
2023-01-31T04:00:00Z,144200,106757,74470,61233,37443,35826,35656,52128,31342
2023-01-31T05:00:00Z,142262,111363,77866,62835,30899,38695,38535,53057,33260
2023-01-31T06:00:00Z,160721,124775,85099,67251,35946,44131,43924,62106,38827
2023-01-31T07:00:00Z,168034,139572,87466,74355,28462,48749,48534,61589,36987
2023-01-31T08:00:00Z,189437,158640,93482,79613,30797,55252,55018,68078,41549
2023-01-31T09:00:00Z,196835,165288,98599,85043,31547,58946,58706,71989,43534
2023-01-31T10:00:00Z,199582,163637,97339,82796,35945,57512,57300,71490,44304
2023-01-31T11:00:00Z,193263,160106,98521,85187,33157,56470,56222,68826,43009
2023-01-31T12:00:00Z,221547,160491,129474,85489,61056,58271,58034,93939,67915
2023-01-31T13:00:00Z,216273,170251,119450,90117,46022,63225,62998,91875,63661
2023-01-31T14:00:00Z,217295,188294,114368,100715,29001,69121,68865,81461,51565
2023-01-31T15:00:00Z,215824,183052,110762,95857,32772,68073,67825,81438,52262
2023-01-31T16:00:00Z,207095,176789,105154,91890,30306,65949,65680,78975,50595
2023-01-31T17:00:00Z,203081,174021,105203,92156,29060,62674,62435,74808,48164
2023-01-31T18:00:00Z,202116,167774,107168,88602,34342,59101,58853,76664,51124
2023-01-31T19:00:00Z,199861,169797,99025,85076,30064,56035,55801,68012,44122
2023-01-31T20:00:00Z,187325,155263,102172,86592,32062,53693,53455,67011,44867
2023-01-31T21:00:00Z,181566,150583,95848,82151,30983,50486,50249,62457,41245
2023-01-31T22:00:00Z,169549,138212,89069,75369,31337,45229,45018,57643,37844
2023-01-31T23:00:00Z,161028,129907,83106,69571,31121,41714,41524,54752,36634
2023-02-01T00:00:00Z,171709,120886,88512,65944,50823,39108,38870,67490,48384
2023-02-01T01:00:00Z,176220,118928,97856,65960,57292,40988,40777,77417,57344
2023-02-01T02:00:00Z,146399,105761,72506,56618,40638,38373,38184,59275,38510
2023-02-01T03:00:00Z,149480,107241,74306,59096,42239,37813,37644,54276,33060
2023-02-01T04:00:00Z,148271,104745,73839,59034,43526,35767,35606,51314,32088
2023-02-01T05:00:00Z,152192,113760,75753,60376,38432,37893,37729,53002,32199
2023-02-01T06:00:00Z,170243,128084,86243,67407,42159,43913,43734,62297,38736
2023-02-01T07:00:00Z,176115,138998,84696,70889,37117,48303,48115,61202,36542
2023-02-01T08:00:00Z,189495,150101,90825,75728,39394,54548,54345,68933,41692
2023-02-01T09:00:00Z,202438,162566,94726,79874,39872,58269,58016,72039,43584
2023-02-01T10:00:00Z,200443,160554,94510,78592,39889,56471,56201,72468,44832
2023-02-01T11:00:00Z,201633,162747,93242,78319,38886,55360,55135,70873,42831
2023-02-01T12:00:00Z,234761,165049,125376,79966,69712,56999,56766,97543,68033
2023-02-01T13:00:00Z,228163,174363,118141,87920,53800,63023,62777,94552,64005
2023-02-01T14:00:00Z,223090,185180,110638,95618,37910,67542,67289,82425,51516
2023-02-01T15:00:00Z,221081,182413,108923,93171,38668,67672,67401,84148,52694
2023-02-01T16:00:00Z,213859,176818,104595,90682,37041,64606,64357,80787,50256
2023-02-01T17:00:00Z,210415,171493,102967,89122,38922,61406,61149,77115,47483
2023-02-01T18:00:00Z,208918,162812,101370,82696,46106,57764,57493,79049,49862
2023-02-01T19:00:00Z,207960,146881,91289,78166,61079,53746,53502,77378,42672
2023-02-01T20:00:00Z,202608,144279,91749,76299,58329,51797,51554,76753,43422
2023-02-01T21:00:00Z,188274,138968,88914,74922,49306,48265,48059,66278,39560
2023-02-01T22:00:00Z,166728,126703,81580,67790,40025,44151,43938,60962,37230
2023-02-01T23:00:00Z,161027,118994,78867,64676,42033,40143,39940,59713,35669
2023-02-02T00:00:00Z,165572,111826,87994,63083,53746,38331,38070,70926,49102
2023-02-02T01:00:00Z,157666,109544,90516,62480,48122,40048,39820,72458,51694
2023-02-02T02:00:00Z,135271,99833,73848,55963,35438,38016,37846,58524,38809
2023-02-02T03:00:00Z,138978,108137,72684,59357,30841,38154,37975,52203,31443
2023-02-02T04:00:00Z,134415,100296,70002,57093,34119,35420,35260,50346,30747
2023-02-02T05:00:00Z,150440,106394,73835,59019,44046,37944,37757,56046,32711
2023-02-02T06:00:00Z,181725,118703,79793,62282,63022,43752,43556,76190,38045
2023-02-02T07:00:00Z,183591,130307,81630,68867,53284,48112,47930,70019,36500
2023-02-02T08:00:00Z,193873,143264,87048,73753,50609,53913,53707,74932,40635
2023-02-02T09:00:00Z,211173,161543,91175,77940,49630,58405,58165,79190,42283
2023-02-02T10:00:00Z,206185,156315,93529,78828,49870,56722,56474,75247,43857
2023-02-02T11:00:00Z,194761,149910,91741,78349,44851,55364,55156,74219,42061
2023-02-02T12:00:00Z,220431,153684,125714,80835,66747,58381,58160,97508,68008
2023-02-02T13:00:00Z,216848,166889,116594,88115,49959,63170,62899,92373,63191
2023-02-02T14:00:00Z,211932,181183,106586,93246,30749,68598,68338,80517,51400
2023-02-02T15:00:00Z,217852,185144,109631,94892,32708,68442,68185,82288,52606
2023-02-02T16:00:00Z,207914,179082,100099,87468,28832,65651,65386,77774,49828
2023-02-02T17:00:00Z,201320,166166,101045,87688,35154,62052,61801,76945,47612
2023-02-02T18:00:00Z,196239,157976,103315,84496,38263,58508,58263,77904,50999
2023-02-02T19:00:00Z,187730,154263,96126,82199,33467,54974,54724,69358,43890
2023-02-02T20:00:00Z,188165,153516,95243,79667,34649,53361,53115,69976,44072
2023-02-02T21:00:00Z,182050,147962,91636,77495,34088,49965,49733,62369,40882
2023-02-02T22:00:00Z,162282,132558,86812,73093,29724,44994,44766,58026,38071
2023-02-02T23:00:00Z,146363,117363,80535,67220,29000,41209,40995,54400,36774
2023-02-03T00:00:00Z,154224,111592,87095,63560,42632,39064,38847,66201,48657
2023-02-03T01:00:00Z,152938,109840,91193,62195,43098,40693,40480,71719,53431
2023-02-03T02:00:00Z,133488,100262,72836,55516,33226,38464,38258,58705,39432
2023-02-03T03:00:00Z,127862,100912,69028,56621,26950,37314,37130,49932,30758
2023-02-03T04:00:00Z,136980,102320,72587,59433,34660,35220,35045,50511,30780
2023-02-03T05:00:00Z,136985,104228,72960,58437,32757,36918,36729,52603,32084
2023-02-03T06:00:00Z,152322,119174,79755,61925,33148,42309,42118,60625,37457
2023-02-03T07:00:00Z,157572,129397,79858,66623,28175,47105,46902,60838,35933
2023-02-03T08:00:00Z,175219,145612,88719,74647,29607,53502,53290,67030,40784
2023-02-03T09:00:00Z,185723,155049,92670,78836,30674,56679,56460,69875,42656
2023-02-03T10:00:00Z,185030,152602,92809,77560,32428,54813,54600,70098,43450
2023-02-03T11:00:00Z,178420,149046,89908,76562,29374,52476,52261,66209,41159
2023-02-03T12:00:00Z,215046,150015,126528,77373,65031,54637,54414,91583,66739
2023-02-03T13:00:00Z,206497,161161,114632,84461,45336,58517,58274,87745,61766
2023-02-03T14:00:00Z,200037,170786,101889,88501,29251,64021,63757,75955,48431
2023-02-03T15:00:00Z,200044,170036,102974,87807,30008,63177,62940,77714,49647
2023-02-03T16:00:00Z,188717,161995,98135,84868,26722,60449,60219,73913,47590
2023-02-03T17:00:00Z,187021,158038,97566,83927,28983,56466,56233,69883,44493
2023-02-03T18:00:00Z,183096,149095,99963,81002,34001,53167,52913,71365,48073
2023-02-03T19:00:00Z,170246,142375,90451,76765,27871,49753,49530,63348,41348
2023-02-03T20:00:00Z,166228,134469,89706,73687,31759,46638,46415,61040,41052
2023-02-03T21:00:00Z,165300,128573,83393,69172,36727,43496,43281,58409,37392
2023-02-03T22:00:00Z,150051,114645,77958,64428,35406,39335,39152,54448,34481
2023-02-03T23:00:00Z,133087,103848,72942,59979,29239,35832,35646,50076,33542
2023-02-04T00:00:00Z,141484,94732,80288,54572,46752,32012,31809,63574,46969
2023-02-04T01:00:00Z,130759,85520,81119,50791,45239,29808,29623,64066,49404
2023-02-04T02:00:00Z,113482,80225,65577,47796,33257,28325,28163,48957,34452
2023-02-04T03:00:00Z,104347,81623,59713,47513,22724,27082,26932,40010,25420
2023-02-04T04:00:00Z,102844,79581,59519,47411,23263,26460,26280,39894,25205
2023-02-04T05:00:00Z,105660,79924,60731,46902,25736,26957,26813,41237,26053
2023-02-04T06:00:00Z,114494,84548,66242,48821,29946,28493,28319,47017,30174
2023-02-04T07:00:00Z,110625,87199,62484,50562,23426,29811,29678,42868,26614
2023-02-04T08:00:00Z,116833,91940,65626,52499,24893,31680,31535,46208,28467
2023-02-04T09:00:00Z,117682,94364,65401,53086,23318,33216,33060,46834,28633
2023-02-04T10:00:00Z,123514,97598,69409,55475,25916,34731,34597,49983,31346
2023-02-04T11:00:00Z,127576,103075,69407,57431,24501,35929,35793,51495,30470
2023-02-04T12:00:00Z,181378,109629,121227,61540,71749,37894,37731,79038,57714
2023-02-04T13:00:00Z,156095,113764,96218,65149,42331,40733,40581,72713,52480
2023-02-04T14:00:00Z,146783,122058,83061,70488,24725,44338,44200,57830,36353
2023-02-04T15:00:00Z,147935,121234,82766,68339,26701,44409,44256,61254,38139
2023-02-04T16:00:00Z,146679,122024,83377,70423,24655,44883,44732,58834,38312
2023-02-04T17:00:00Z,146615,122514,82784,70689,24101,43794,43649,56784,36200
2023-02-04T18:00:00Z,146499,115572,85845,67485,30927,41966,41821,60436,40919
2023-02-04T19:00:00Z,133555,110342,76745,64572,23213,38908,38726,51081,33196
2023-02-04T20:00:00Z,131196,105390,77557,63177,25806,36910,36755,50605,34326
2023-02-04T21:00:00Z,125897,102365,74177,61502,23532,34948,34802,46955,30840
2023-02-04T22:00:00Z,114293,92688,69530,56814,21605,31986,31854,42439,29187
2023-02-04T23:00:00Z,107011,86029,66369,53676,20982,30690,30527,42610,29846
2023-02-05T00:00:00Z,115792,81809,75693,51875,33983,27760,27576,53700,41658
2023-02-05T01:00:00Z,119096,76750,80457,48276,42346,26818,26652,60233,48627
2023-02-05T02:00:00Z,100941,73483,63237,45204,27458,25080,24947,45333,33007
2023-02-05T03:00:00Z,100936,81172,58723,45852,19764,25701,25551,36516,24565
2023-02-05T04:00:00Z,95384,75788,58678,45955,19596,25748,25613,36655,24894
2023-02-05T05:00:00Z,100207,79570,61284,47040,20637,26248,26121,40300,26114
2023-02-05T06:00:00Z,106797,82681,65972,48410,24116,27876,27747,42826,30213
2023-02-05T07:00:00Z,102274,83844,61307,49407,18430,29125,29004,39258,25974
2023-02-05T08:00:00Z,110203,90599,66636,53476,19604,31553,31425,42540,28767
2023-02-05T09:00:00Z,112661,93829,66922,54727,18832,33345,33208,43669,28928
2023-02-05T10:00:00Z,129362,109451,71740,58096,19911,36127,35998,46763,31744
2023-02-05T11:00:00Z,126246,107613,73321,61462,18633,37942,37816,49995,31679
2023-02-05T12:00:00Z,178390,111622,125123,66242,66768,40249,40094,76038,59400
2023-02-05T13:00:00Z,157098,118481,100414,69423,38617,43620,43478,72484,54462
2023-02-05T14:00:00Z,146503,126448,85145,72450,20055,47524,47385,58086,38383
2023-02-05T15:00:00Z,150271,127619,88637,74406,22652,47245,47085,59642,40055
2023-02-05T16:00:00Z,149566,129195,88723,76105,20371,46786,46633,59892,39850
2023-02-05T17:00:00Z,150561,130524,86070,74059,20037,45548,45420,55916,37329
2023-02-05T18:00:00Z,150635,124644,89846,71617,25991,43629,43477,60415,42269
2023-02-05T19:00:00Z,138349,118453,81182,68943,19896,41181,41042,53430,35398
2023-02-05T20:00:00Z,133913,111709,80163,65615,22204,39394,39246,51829,35806
2023-02-05T21:00:00Z,129453,108592,76403,63462,20861,37621,37475,48359,32900
2023-02-05T22:00:00Z,118629,98189,71657,59298,20440,33864,33736,43741,30243
2023-02-05T23:00:00Z,110483,90605,68511,56216,19878,32298,32189,42680,30465
2023-02-06T00:00:00Z,136312,91994,81066,55596,44318,31822,31649,61238,46332
2023-02-06T01:00:00Z,155501,93501,84502,55343,62000,34837,34651,67455,49970
2023-02-06T02:00:00Z,150077,98814,73906,55510,51263,35472,35301,56280,36666
2023-02-06T03:00:00Z,148076,105572,72595,59893,42504,36281,36123,49452,29807
2023-02-06T04:00:00Z,142052,96658,69669,56634,45394,33524,33373,47439,29670
2023-02-06T05:00:00Z,143505,104629,74531,59795,38876,36243,36089,50057,31255
2023-02-06T06:00:00Z,156197,116471,81642,63967,39726,42367,42190,58864,37318
2023-02-06T07:00:00Z,167230,131741,82042,68978,35489,46734,46548,61283,35360
2023-02-06T08:00:00Z,188481,150035,91651,78079,38446,53314,53097,68716,40599
2023-02-06T09:00:00Z,196951,160356,94399,81279,36595,57213,56986,68011,41220
2023-02-06T10:00:00Z,195686,156643,96272,81791,39043,55761,55526,69160,43507
2023-02-06T11:00:00Z,191946,152406,94323,81301,39540,54538,54293,66263,41136
2023-02-06T12:00:00Z,218521,152222,123616,80487,66299,57828,57583,93210,67222
2023-02-06T13:00:00Z,220299,166313,114553,85537,53986,62684,62440,92910,63251
2023-02-06T14:00:00Z,215503,179053,104476,91282,36450,67922,67670,79865,50237
2023-02-06T15:00:00Z,219681,180184,105499,90390,39497,67451,67186,81160,51280
2023-02-06T16:00:00Z,202989,166900,96583,83938,36089,64678,64385,76759,48977
2023-02-06T17:00:00Z,209193,171742,101428,87865,37451,62296,62038,75980,47393
2023-02-06T18:00:00Z,203214,158752,102174,82930,44462,58001,57721,77931,50562
2023-02-06T19:00:00Z,189485,150999,92960,79153,38486,55118,54901,67791,43896
2023-02-06T20:00:00Z,194440,148030,94456,78670,46410,52678,52451,69327,43891
2023-02-06T21:00:00Z,186043,139343,89351,74870,46700,49240,49010,63315,40692
2023-02-06T22:00:00Z,169226,129157,85282,71031,40069,44316,44099,58076,37332
2023-02-06T23:00:00Z,154397,115421,79045,64967,38976,40446,40216,54102,36099
2023-02-07T00:00:00Z,156812,111565,88317,62133,45247,39516,39296,68726,50673
2023-02-07T01:00:00Z,153408,108290,89426,60015,45118,40782,40581,72277,53368
2023-02-07T02:00:00Z,144839,110642,79524,60046,34197,41137,40932,61410,41413
2023-02-07T03:00:00Z,138752,110337,72794,59408,28415,39505,39298,52285,32512
2023-02-07T04:00:00Z,134521,104021,70834,57496,30500,36498,36319,49642,31887
2023-02-07T05:00:00Z,140316,111745,76138,60892,28571,39159,38973,52921,33791
2023-02-07T06:00:00Z,155947,124028,82340,63817,31919,45002,44796,62841,39592
2023-02-07T07:00:00Z,163764,137266,83166,70166,26498,50357,50141,62765,37699
2023-02-07T08:00:00Z,183160,153767,90463,76541,29393,56694,56449,69390,42749
2023-02-07T09:00:00Z,196714,165536,96418,82545,31178,60468,60221,73602,44497
2023-02-07T10:00:00Z,195797,161908,97551,82735,33889,58868,58621,72610,45695
2023-02-07T11:00:00Z,193999,162532,97091,83437,31467,58135,57908,71783,43846
2023-02-07T12:00:00Z,222463,158947,130981,84012,63516,60169,59931,96439,69904
2023-02-07T13:00:00Z,223149,170194,118814,89856,52955,64980,64754,93896,64849
2023-02-07T14:00:00Z,223236,193350,108713,95328,29886,70720,70478,82117,52092
2023-02-07T15:00:00Z,221566,189618,110864,96086,31948,70788,70527,84379,54124
2023-02-07T16:00:00Z,206982,177404,102144,89683,29578,67120,66854,80501,51370
2023-02-07T17:00:00Z,212657,181738,104381,91059,30919,64471,64215,78300,49126
2023-02-07T18:00:00Z,204092,170931,105933,87121,33161,61279,61008,80035,52834
2023-02-07T19:00:00Z,191884,158297,91714,78789,33587,56186,55941,68498,43244
2023-02-07T20:00:00Z,191488,153868,98089,81825,37620,55383,55126,69324,45977
2023-02-07T21:00:00Z,184787,146807,93753,79612,37980,52273,52038,64606,42751
2023-02-07T22:00:00Z,174405,139021,90813,77081,35384,47557,47334,61231,39972
2023-02-07T23:00:00Z,155734,120903,82264,68654,34831,42862,42668,56132,37868
2023-02-08T00:00:00Z,172049,116569,90250,66200,55480,41189,40945,71639,50392
2023-02-08T01:00:00Z,163041,115159,93656,65740,47882,42547,42345,73954,53637
2023-02-08T02:00:00Z,147180,111038,79920,60989,36142,41903,41718,64108,42778
2023-02-08T03:00:00Z,142322,110017,72559,59927,32305,40242,40031,54316,32986
2023-02-08T04:00:00Z,142758,104734,71764,58778,38024,37023,36835,52283,31827
2023-02-08T05:00:00Z,143680,110590,76394,61493,33090,39433,39234,54347,33849
2023-02-08T06:00:00Z,160267,125812,86103,67727,34455,45631,45434,63019,40042
2023-02-08T07:00:00Z,167023,137756,85992,72515,29267,49965,49765,62466,37635
2023-02-08T08:00:00Z,184209,153136,91980,77424,31073,57021,56759,69189,42541
2023-02-08T09:00:00Z,195091,165094,97124,83289,29997,60175,59950,72341,44281
2023-02-08T10:00:00Z,198705,166151,99014,83892,32554,59755,59517,73448,46105
2023-02-08T11:00:00Z,188164,158367,96843,83263,29797,57693,57462,68773,43626
2023-02-08T12:00:00Z,223700,160445,132184,85258,63255,60171,59905,96766,70015
2023-02-08T13:00:00Z,224943,179015,123196,93452,45928,66257,65990,94107,65720
2023-02-08T14:00:00Z,218046,189908,112332,99371,28138,71280,71019,81863,52330
2023-02-08T15:00:00Z,218973,188249,114968,100222,30724,70838,70577,83706,54353
2023-02-08T16:00:00Z,208930,180742,110017,97562,28188,67496,67209,79945,52163
2023-02-08T17:00:00Z,207752,180057,111082,98235,27695,64856,64602,76476,49830
2023-02-08T18:00:00Z,212372,176763,111508,93188,35609,60864,60585,78631,52899
2023-02-08T19:00:00Z,196182,167389,104583,90659,28793,58992,58745,69848,46225
2023-02-08T20:00:00Z,193276,162825,107234,91413,30451,55892,55643,69058,46921
2023-02-08T21:00:00Z,190576,160679,101160,87122,29897,52748,52527,64419,43496
2023-02-08T22:00:00Z,175326,142289,96484,82550,33037,47319,47094,60563,40257
2023-02-08T23:00:00Z,160370,130990,92742,79056,29380,43730,43519,56747,38863
2023-02-09T00:00:00Z,175601,126400,100830,74945,49201,42065,41819,72011,52474
2023-02-09T01:00:00Z,169915,125000,101190,73523,44915,43567,43375,74825,54019
2023-02-09T02:00:00Z,152470,117175,87004,67851,35295,41736,41562,63986,43112
2023-02-09T03:00:00Z,141751,113106,77263,64705,28645,40333,40172,54494,33051
2023-02-09T04:00:00Z,136026,107133,74166,61925,28893,36771,36593,51307,31974
2023-02-09T05:00:00Z,141704,113324,78935,64881,28380,39145,38919,53615,33602
2023-02-09T06:00:00Z,157919,125698,85301,67451,32221,45665,45440,63039,40155
2023-02-09T07:00:00Z,165207,138197,86762,73603,27010,50298,50094,62765,38088
2023-02-09T08:00:00Z,181132,152896,93087,79698,28236,57145,56905,70278,43190
2023-02-09T09:00:00Z,193738,164293,98419,85159,29445,59846,59589,72173,44929
2023-02-09T10:00:00Z,189538,160518,98093,83724,29020,58254,58004,71101,45499
2023-02-09T11:00:00Z,189185,161486,98463,85387,27699,57452,57209,68697,43622
2023-02-09T12:00:00Z,217051,159827,131082,87309,57224,59743,59477,94877,69363
2023-02-09T13:00:00Z,220059,178682,123339,94971,41377,64700,64447,92100,64818
2023-02-09T14:00:00Z,213050,188640,115460,103261,24410,70069,69819,81443,52263
2023-02-09T15:00:00Z,216033,187707,115807,101670,28326,69802,69553,82958,53882
2023-02-09T16:00:00Z,206635,181852,109607,97427,24783,66973,66663,78440,51113
2023-02-09T17:00:00Z,204177,178105,112093,99557,26072,63126,62870,74379,48628
2023-02-09T18:00:00Z,204943,173227,116233,98393,31716,59919,59663,77242,52872
2023-02-09T19:00:00Z,194877,167165,108313,95664,27712,56807,56544,69497,46231
2023-02-09T20:00:00Z,194146,161273,108018,93507,32873,54606,54361,69805,46123
2023-02-09T21:00:00Z,189372,160162,103300,90371,29210,51768,51558,63764,42246
2023-02-09T22:00:00Z,171305,140207,96955,84045,31098,45633,45405,58358,38944
2023-02-09T23:00:00Z,153003,128034,91385,78271,24969,42777,42560,54535,38284
2023-02-10T00:00:00Z,164471,127046,99758,76003,37425,40372,40149,66088,49670
2023-02-10T01:00:00Z,167702,120556,102270,72089,47146,41516,41327,73531,54612
2023-02-10T02:00:00Z,143566,112845,83467,65032,30721,40682,40470,60427,41431
2023-02-10T03:00:00Z,136924,112240,77174,63954,24684,38815,38636,50863,32654
2023-02-10T04:00:00Z,126731,102686,72294,59566,24045,35086,34900,47100,30672
2023-02-10T05:00:00Z,134582,107363,75457,60709,27219,37021,36846,51161,32185
2023-02-10T06:00:00Z,153398,121854,83444,65536,31544,43095,42892,60596,38759
2023-02-10T07:00:00Z,157470,131490,82576,68913,25980,47992,47786,59985,36499
2023-02-10T08:00:00Z,177099,150417,93753,79298,26682,54753,54534,67297,41769
2023-02-10T09:00:00Z,188342,160019,95675,82105,28323,57495,57281,69477,43399
2023-02-10T10:00:00Z,187612,157633,96664,81736,29979,55472,55237,69296,44185
2023-02-10T11:00:00Z,184584,156138,93881,80620,28446,53724,53506,67583,41397
2023-02-10T12:00:00Z,212703,150214,129199,81233,62489,54945,54719,91695,67071
2023-02-10T13:00:00Z,210005,164045,118618,88350,45960,60081,59847,89327,63469
2023-02-10T14:00:00Z,202596,174009,105233,91727,28587,64941,64708,76612,49117
2023-02-10T15:00:00Z,204669,174897,106432,91308,29772,64051,63806,77702,50540
2023-02-10T16:00:00Z,198055,170184,101565,88249,27871,61981,61714,74973,48420
2023-02-10T17:00:00Z,187313,161328,99293,86708,25985,57597,57360,69971,45244
2023-02-10T18:00:00Z,182689,150678,99454,81143,32011,53452,53208,71045,47844
2023-02-10T19:00:00Z,171047,144137,91397,78196,26910,49925,49709,62496,40406
2023-02-10T20:00:00Z,169263,138427,91388,75979,30836,46932,46704,62005,41072
2023-02-10T21:00:00Z,157437,129717,86325,72753,27720,43447,43226,56616,37263
2023-02-10T22:00:00Z,155783,115737,79123,65882,40046,38817,38605,52688,34058
2023-02-10T23:00:00Z,137463,106448,74451,61506,31015,35381,35210,51905,32622
2023-02-11T00:00:00Z,152632,103582,84718,57089,49050,32554,32324,64340,47794
2023-02-11T01:00:00Z,130026,86601,82253,53067,43425,29257,29079,61795,47472
2023-02-11T02:00:00Z,114101,82808,68302,49146,31293,27329,27171,49278,33994
2023-02-11T03:00:00Z,105116,83453,62129,49349,21663,26751,26603,38709,25114
2023-02-11T04:00:00Z,103673,82859,62253,49546,20814,26433,26293,39079,25286
2023-02-11T05:00:00Z,103166,81207,61416,47128,21959,26977,26835,40214,26420
2023-02-11T06:00:00Z,114947,88992,67844,49864,25955,29269,29092,46299,31047
2023-02-11T07:00:00Z,109971,90177,64473,52028,19794,30991,30854,42609,27272
2023-02-11T08:00:00Z,120533,98905,70596,57287,21628,32548,32405,45942,29328
2023-02-11T09:00:00Z,121779,99155,70075,57041,22624,34371,34228,47120,29731
2023-02-11T10:00:00Z,127938,104715,71601,57376,23223,35018,34873,48895,31872
2023-02-11T11:00:00Z,126748,103950,71923,59394,22798,36018,35867,48585,30869
2023-02-11T12:00:00Z,179183,110956,120369,62674,68227,38875,38714,79056,58352
2023-02-11T13:00:00Z,154848,114260,96211,64956,40588,40826,40687,71692,52305
2023-02-11T14:00:00Z,145964,122663,82388,69458,23301,44501,44338,57582,37164
2023-02-11T15:00:00Z,152337,126791,86253,71840,25546,44578,44399,59379,38596
2023-02-11T16:00:00Z,149918,126656,86704,73596,23262,44651,44491,58896,38899
2023-02-11T17:00:00Z,144102,121976,83044,70768,22126,42973,42824,55176,35960
2023-02-11T18:00:00Z,151297,124293,85736,67969,27004,41141,40982,57674,40044
2023-02-11T19:00:00Z,129606,108239,75754,63457,21367,37743,37610,49361,32591
2023-02-11T20:00:00Z,129969,106818,76781,62189,23151,36037,35900,51895,33693
2023-02-11T21:00:00Z,125355,104314,70051,57576,21041,33682,33506,44867,30165
2023-02-11T22:00:00Z,110147,89924,66329,54333,20223,30315,30170,41425,28243
2023-02-11T23:00:00Z,108335,89285,64889,53096,19050,29482,29353,39583,28030
2023-02-12T00:00:00Z,119712,84751,78170,54934,34961,26554,26396,52587,40715
2023-02-12T01:00:00Z,115131,74845,77802,46786,40286,25795,25652,59177,47524
2023-02-12T02:00:00Z,99682,72303,61122,43192,27379,24840,24717,44875,32368
2023-02-12T03:00:00Z,98952,77958,58428,46314,20994,25525,25402,37055,24202
2023-02-12T04:00:00Z,94145,75293,56263,44782,18852,25388,25259,36084,24174
2023-02-12T05:00:00Z,98944,77200,59814,46203,21744,25882,25760,38171,25387
2023-02-12T06:00:00Z,106704,82608,65553,48715,24096,28171,28043,44000,30106
2023-02-12T07:00:00Z,105226,87028,62845,51269,18198,29641,29519,40433,25810
2023-02-12T08:00:00Z,115398,95308,67864,55005,20090,32011,31871,44273,28608
2023-02-12T09:00:00Z,118480,99074,69658,57274,19406,34266,34134,45340,29256
2023-02-12T10:00:00Z,123876,102767,73922,60309,21109,35361,35242,47705,31876
2023-02-12T11:00:00Z,123391,103655,73100,61296,19736,36192,36048,46685,31194
2023-02-12T12:00:00Z,172941,109090,118535,63108,63851,39366,39211,76421,58923
2023-02-12T13:00:00Z,156440,118338,98718,68098,38102,43904,43753,73332,54023
2023-02-12T14:00:00Z,146496,125076,83872,71431,21420,46831,46685,59226,38194
2023-02-12T15:00:00Z,152003,128545,88627,74010,23458,46902,46751,60905,40421
2023-02-12T16:00:00Z,150558,129989,89328,76564,20569,46834,46684,60246,39858
2023-02-12T17:00:00Z,150698,129631,88712,76525,21067,45655,45478,57874,38111
2023-02-12T18:00:00Z,149743,122670,90722,72385,27073,44206,44046,61441,43001
2023-02-12T19:00:00Z,137865,116653,81479,68964,21212,41279,41119,52274,35349
2023-02-12T20:00:00Z,141090,117212,84393,69541,23878,39673,39520,54061,36503
2023-02-12T21:00:00Z,137680,116433,75935,63221,21247,37552,37415,47961,32748
2023-02-12T22:00:00Z,121700,101750,70084,58013,19950,33550,33429,43691,30316
2023-02-12T23:00:00Z,109839,90868,66252,54393,18971,31135,31019,41882,29746
2023-02-13T00:00:00Z,123035,87674,76756,53394,35361,30296,30128,56167,42864
2023-02-13T01:00:00Z,137851,90621,82219,53728,47230,34255,34086,65556,49205
2023-02-13T02:00:00Z,147755,96407,71913,53502,51348,35923,35760,58303,38042
2023-02-13T03:00:00Z,143028,97198,64987,52750,45830,35558,35392,49279,29081
2023-02-13T04:00:00Z,139568,98451,69121,56878,41117,34613,34460,48089,30027
2023-02-13T05:00:00Z,154386,105972,74944,60319,48414,37312,37175,52324,32029
2023-02-13T06:00:00Z,164278,120450,83375,65291,43828,43448,43268,61068,38489
2023-02-13T07:00:00Z,172402,135019,86650,73495,37383,48589,48398,61439,36648
2023-02-13T08:00:00Z,187125,149823,92308,78500,37302,55161,54945,68004,41861
2023-02-13T09:00:00Z,199897,161311,96620,83051,38586,59219,58983,71151,43604
2023-02-13T10:00:00Z,197841,158353,96549,82129,39488,57852,57626,71027,44800
2023-02-13T11:00:00Z,198839,159960,97915,84615,38879,57165,56949,69853,43463
2023-02-13T12:00:00Z,236210,164929,132213,87091,71281,59725,59494,96623,69276
2023-02-13T13:00:00Z,228131,175428,125461,95943,52703,65563,65324,94113,65812
2023-02-13T14:00:00Z,233818,196349,109889,97556,37469,70168,69922,81927,51519
2023-02-13T15:00:00Z,230357,190406,117487,102847,39951,70465,70215,83897,54253
2023-02-13T16:00:00Z,222742,186620,112101,99462,36122,67646,67364,80532,52094
2023-02-13T17:00:00Z,214045,176597,112458,99725,37448,63771,63522,76623,49941
2023-02-13T18:00:00Z,216410,170900,115330,96961,45510,60631,60375,79384,52984
2023-02-13T19:00:00Z,205835,165752,108678,95673,40083,57952,57707,71470,47001
2023-02-13T20:00:00Z,209218,165721,114591,98751,43497,55393,55145,71439,47444
2023-02-13T21:00:00Z,204827,160138,110326,96013,44689,52046,51799,66352,43834
2023-02-13T22:00:00Z,193581,143712,100596,86383,49869,47111,46884,60947,40750
2023-02-13T23:00:00Z,166849,131795,94130,80282,35054,43512,43306,56670,39375
2023-02-14T00:00:00Z,180825,128327,102326,77619,52498,41807,41584,69874,51210
2023-02-14T01:00:00Z,182448,124039,102885,73740,58409,43555,43356,75344,55061
2023-02-14T02:00:00Z,159217,121767,89975,70730,37450,42563,42364,63655,43557
2023-02-14T03:00:00Z,148237,118543,81359,67534,29694,40877,40694,53763,34029
2023-02-14T04:00:00Z,136682,106570,74105,60894,30112,36856,36650,49321,31981
2023-02-14T05:00:00Z,146000,112770,78619,63505,33230,39689,39513,53175,34117
2023-02-14T06:00:00Z,160538,127208,87420,68980,33330,45807,45613,62673,40427
2023-02-14T07:00:00Z,169050,141403,86873,73582,27647,50827,50622,63330,38459
2023-02-14T08:00:00Z,180343,150816,92212,78119,29527,56534,56292,69030,43101
2023-02-14T09:00:00Z,196399,165144,98849,84953,31255,59574,59332,71553,44534
2023-02-14T10:00:00Z,195767,164619,102097,86853,31148,58012,57783,71172,45800
2023-02-14T11:00:00Z,206399,177212,98783,86102,29187,56084,55853,66581,42134
2023-02-14T12:00:00Z,224286,164156,134547,91238,60130,58964,58732,94975,69639
2023-02-14T13:00:00Z,229858,183902,129614,98974,45956,64103,63853,93781,66295
2023-02-14T14:00:00Z,205599,175822,108273,95737,29777,66308,66039,77668,50143
2023-02-14T15:00:00Z,223866,187103,116439,101676,36763,68918,68666,82739,53301
2023-02-14T16:00:00Z,210246,178090,108941,96042,32156,65335,65076,79360,51322
2023-02-14T17:00:00Z,205533,176576,111670,98711,28957,62579,62324,74343,48646
2023-02-14T18:00:00Z,201744,167656,113740,94695,34088,58592,58335,76191,52228
2023-02-14T19:00:00Z,193940,163859,107598,93890,30081,55651,55380,67859,44921
2023-02-14T20:00:00Z,183911,155039,105748,90079,28872,52104,51864,65792,44649
2023-02-14T21:00:00Z,177787,148802,100226,86442,28985,48188,47951,60890,40661
2023-02-14T22:00:00Z,179315,136236,94825,81294,43079,44133,43881,57640,37980
2023-02-14T23:00:00Z,152958,125639,89408,76421,27319,41058,40864,53626,37043
2023-02-15T00:00:00Z,161103,121317,98820,74420,39786,39164,38948,66247,49707
2023-02-15T01:00:00Z,162897,116823,98954,69609,46074,40818,40597,72182,53095
2023-02-15T02:00:00Z,135620,103757,76282,59018,31863,37984,37765,58438,38411
2023-02-15T03:00:00Z,138391,107870,73469,60132,30521,37701,37505,51508,31180
2023-02-15T04:00:00Z,127519,101368,71770,59042,26151,35087,34903,47043,30264
2023-02-15T05:00:00Z,137242,109071,74781,60282,28171,38248,38058,51544,32535
2023-02-15T06:00:00Z,155799,125750,84802,66471,30049,45103,44876,61246,39072
2023-02-15T07:00:00Z,161701,136453,84626,71593,25248,50046,49851,61475,37407
2023-02-15T08:00:00Z,179911,153462,93310,79445,26449,57016,56800,68571,42485
2023-02-15T09:00:00Z,190063,162210,95675,82003,27853,60060,59842,71162,44105
2023-02-15T10:00:00Z,193239,164267,100678,85672,28972,59365,59122,72268,46452
2023-02-15T11:00:00Z,189936,161697,98025,84483,28239,57919,57683,69636,44033
2023-02-15T12:00:00Z,225052,164078,130726,85895,60974,59971,59725,95901,69697
2023-02-15T13:00:00Z,224089,176936,124894,94227,47153,65325,65068,95374,66799
2023-02-15T14:00:00Z,216153,187031,110785,96973,29122,70623,70339,82790,52819
2023-02-15T15:00:00Z,217345,186030,110891,95788,31315,69636,69373,82406,53429
2023-02-15T16:00:00Z,211248,182347,110153,96993,28901,67348,67077,79593,51907
2023-02-15T17:00:00Z,215248,184597,104480,91527,30651,62524,62254,74239,47625
2023-02-15T18:00:00Z,206166,165081,107505,88650,41085,59043,58794,77402,51618
2023-02-15T19:00:00Z,196445,159060,101195,87468,37385,55649,55404,69362,44400
2023-02-15T20:00:00Z,193983,154153,100119,84257,39830,52373,52120,68097,44796
2023-02-15T21:00:00Z,186565,144479,95101,80769,42086,49233,48986,63866,41000
2023-02-15T22:00:00Z,177626,133240,89531,75752,44386,45158,44913,59719,38278
2023-02-15T23:00:00Z,153930,121208,83798,70231,32722,41705,41501,56433,36974
2023-02-16T00:00:00Z,163507,118392,94770,68401,45115,40166,39941,68867,50204
2023-02-16T01:00:00Z,167678,113714,93658,64724,53964,42234,42025,76442,53660
2023-02-16T02:00:00Z,154135,116009,83626,63954,38126,42242,42040,65666,43590
2023-02-16T03:00:00Z,141758,111890,74900,61685,29868,40162,39976,53471,33120
2023-02-16T04:00:00Z,132382,102045,70465,57772,30337,36698,36525,50321,31606
2023-02-16T05:00:00Z,140792,109418,75216,60680,31374,39313,39126,54195,34003
2023-02-16T06:00:00Z,155787,121766,81614,63582,34021,45262,45040,62975,39394
2023-02-16T07:00:00Z,165570,136865,82900,69783,28705,50451,50229,62891,37947
2023-02-16T08:00:00Z,190321,164254,89560,76177,26067,56695,56480,67808,42350
2023-02-16T09:00:00Z,194270,166475,96635,83298,27795,60625,60380,71371,44472
2023-02-16T10:00:00Z,193273,164721,97338,82878,28552,59558,59300,71511,45809
2023-02-16T11:00:00Z,186209,159665,96841,83659,26544,58060,57792,69097,43711
2023-02-16T12:00:00Z,223730,163791,131407,85152,59939,60153,59920,95888,69684
2023-02-16T13:00:00Z,221649,177953,123434,93967,43696,65306,65063,94249,66129
2023-02-16T14:00:00Z,218290,184195,109687,96657,34095,70614,70341,83333,52186
2023-02-16T15:00:00Z,215614,186527,112515,97435,29087,70301,70033,82885,53918
2023-02-16T16:00:00Z,209438,181572,107471,93976,27866,67658,67375,80278,52501
2023-02-16T17:00:00Z,204199,176362,108489,95015,27837,64830,64576,76127,49898
2023-02-16T18:00:00Z,197116,165269,108358,89832,31847,59078,58850,76325,51667
2023-02-16T19:00:00Z,202250,179658,100048,87191,22592,55495,55264,65944,43976
2023-02-16T20:00:00Z,203463,179274,96464,82562,24189,52139,51904,63695,43110
2023-02-16T21:00:00Z,174574,144699,95464,81461,29875,50617,50408,63756,42066
2023-02-16T22:00:00Z,163482,134637,89992,76796,28845,45965,45746,58953,39266
2023-02-16T23:00:00Z,154404,123720,85515,72104,30684,42429,42219,56025,37862
2023-02-17T00:00:00Z,160840,118826,93491,69358,42014,40222,40010,67518,48620
2023-02-17T01:00:00Z,167968,116176,96058,66110,51792,42861,42652,75146,55201
2023-02-17T02:00:00Z,146678,114421,82844,63809,32257,42184,41972,62855,42726
2023-02-17T03:00:00Z,139160,113967,76648,63331,25193,40280,40096,52319,32747
2023-02-17T04:00:00Z,126484,101729,70913,58240,24755,35642,35469,47693,31068
2023-02-17T05:00:00Z,135669,106815,74506,59825,28854,37980,37805,51612,32872
2023-02-17T06:00:00Z,148616,121784,83928,65878,26832,43895,43715,60222,39201
2023-02-17T07:00:00Z,155184,130780,82803,69799,24404,48602,48409,60288,37309
2023-02-17T08:00:00Z,175183,149043,90731,76499,26140,55560,55340,67322,41991
2023-02-17T09:00:00Z,185740,159883,94981,81576,25857,58224,58002,69173,43079
2023-02-17T10:00:00Z,184020,155676,95381,80647,28344,55906,55667,68825,44229
2023-02-17T11:00:00Z,178887,150184,93437,80102,28703,53778,53561,65472,41683
2023-02-17T12:00:00Z,215980,151221,130803,82012,64759,55382,55145,92535,67916
2023-02-17T13:00:00Z,214902,170765,117919,87354,44137,60724,60476,89065,63225
2023-02-17T14:00:00Z,209339,181044,108804,95275,28295,65254,64997,76763,49229
2023-02-17T15:00:00Z,211719,181953,112414,97393,29766,64002,63758,77118,50030
2023-02-17T16:00:00Z,204808,176862,108071,95066,27946,62221,61965,75020,48646
2023-02-17T17:00:00Z,193034,166247,104147,91346,26787,57810,57581,70360,45651
2023-02-17T18:00:00Z,188861,155613,104489,85671,33248,53965,53714,72386,49098
2023-02-17T19:00:00Z,173466,146492,93595,80033,26974,49837,49592,62421,40970
2023-02-17T20:00:00Z,173643,143892,93329,77519,29751,47408,47170,61758,41193
2023-02-17T21:00:00Z,161270,130385,90787,75573,30885,44101,43893,56167,37850
2023-02-17T22:00:00Z,161654,126977,83737,69906,34677,40754,40532,52512,35392
2023-02-17T23:00:00Z,141986,114935,76074,62643,27051,36179,36003,47868,33647
2023-02-18T00:00:00Z,136458,96367,83864,58949,40091,32453,32240,59660,45769
2023-02-18T01:00:00Z,135799,97255,84331,55697,38544,30316,30124,61582,48426
2023-02-18T02:00:00Z,128562,98865,71003,51504,29697,28735,28592,51023,37542
2023-02-18T03:00:00Z,83902,64350,46025,36667,19552,23357,23227,36002,22668
2023-02-18T04:00:00Z,58333,46114,30770,24995,12219,19858,19756,27070,16046
2023-02-18T05:00:00Z,99142,76483,59701,44910,22659,26913,26770,39188,26532
2023-02-18T06:00:00Z,110390,84027,67719,49246,26363,29225,29032,46288,32409
2023-02-18T07:00:00Z,109249,88663,63141,49885,20586,31326,31178,42721,27322
2023-02-18T08:00:00Z,115408,94046,66863,53237,21362,33331,33192,46618,29770
2023-02-18T09:00:00Z,119537,98780,67489,54397,20757,34437,34304,46750,29345
2023-02-18T10:00:00Z,123268,101744,70571,56376,21524,35519,35390,48774,31765
2023-02-18T11:00:00Z,121716,101291,69807,57567,20425,36638,36507,47651,30755
2023-02-18T12:00:00Z,176209,111955,118447,61667,64254,39262,39107,76518,58356
2023-02-18T13:00:00Z,153357,114365,97924,66190,38992,41256,41103,71548,52887
2023-02-18T14:00:00Z,143083,122411,83636,70344,20672,44943,44788,56772,37333
2023-02-18T15:00:00Z,152454,129035,91047,76090,23419,45267,45115,59110,39201
2023-02-18T16:00:00Z,142864,123021,82415,69814,19843,45051,44899,58056,38340
2023-02-18T17:00:00Z,140878,121406,83257,71000,19472,42957,42824,54189,35912
2023-02-18T18:00:00Z,142466,116410,86744,68026,26056,40846,40710,58020,40243
2023-02-18T19:00:00Z,128892,109994,77198,64657,18898,37755,37624,48990,32383
2023-02-18T20:00:00Z,125824,104169,76440,61694,21655,35391,35248,48574,33213
2023-02-18T21:00:00Z,122051,101718,70633,57526,20333,33688,33561,44263,29809
2023-02-18T22:00:00Z,107398,88415,66148,53694,18983,30286,30161,39928,27743
2023-02-18T23:00:00Z,98803,80802,62531,50391,18001,28821,28710,39083,27832
2023-02-19T00:00:00Z,111399,78864,74778,50377,32535,26343,26207,52434,41441
2023-02-19T01:00:00Z,113887,75591,80011,49192,38296,26348,26195,58081,47059
2023-02-19T02:00:00Z,103772,76673,66317,47696,27099,26990,26876,47297,35374
2023-02-19T03:00:00Z,94871,76541,57132,44834,18330,25164,25050,36232,23821
2023-02-19T04:00:00Z,91919,75051,55946,44521,16868,25315,25202,35712,23482
2023-02-19T05:00:00Z,96295,77583,59401,46035,18712,26272,26156,38142,25365
2023-02-19T06:00:00Z,104798,82392,64535,47632,22406,28463,28286,44114,29675
2023-02-19T07:00:00Z,106058,89052,63131,51311,17006,30146,30019,41297,26234
2023-02-19T08:00:00Z,111322,92859,65818,53142,18463,32761,32629,44744,28656
2023-02-19T09:00:00Z,120062,101026,70341,57461,19036,34711,34577,46197,29505
2023-02-19T10:00:00Z,123917,102727,73447,59559,21190,36418,36271,49052,32216
2023-02-19T11:00:00Z,131433,112266,74086,61899,19167,38893,38720,50037,32293
2023-02-19T12:00:00Z,179631,117668,122155,67264,61963,41648,41487,79350,60167
2023-02-19T13:00:00Z,158500,121101,99683,68841,37399,44189,44046,74360,53956
2023-02-19T14:00:00Z,149058,129643,87037,74294,19415,47463,47337,60152,38833
2023-02-19T15:00:00Z,154579,132144,90408,75678,22435,47822,47694,61951,40389
2023-02-19T16:00:00Z,150989,130790,88738,76026,20199,47001,46850,61081,40134
2023-02-19T17:00:00Z,146899,128271,86567,74456,18628,44808,44657,57201,37637
2023-02-19T18:00:00Z,149673,123956,90423,71964,25717,43785,43635,62447,43194
2023-02-19T19:00:00Z,137551,117923,82465,69831,19628,40588,40462,53005,35504
2023-02-19T20:00:00Z,143005,121005,79050,64412,22000,39207,39063,51225,35622
2023-02-19T21:00:00Z,127191,107142,78812,65728,20049,36402,36271,47353,32828
2023-02-19T22:00:00Z,116811,96502,70457,58128,20309,33102,32944,43569,30366
2023-02-19T23:00:00Z,105616,87258,66406,54381,18358,31496,31362,42043,30312
2023-02-20T00:00:00Z,123634,89530,77281,54638,34104,31023,30870,56769,42755
2023-02-20T01:00:00Z,145245,95529,85390,55831,49716,35332,35141,67914,50394
2023-02-20T02:00:00Z,153060,99610,72750,54382,53450,37093,36907,59868,38813
2023-02-20T03:00:00Z,145131,101722,69025,55725,43409,36356,36172,50235,29879
2023-02-20T04:00:00Z,135387,94208,65275,52838,41179,33817,33652,47349,29329
2023-02-20T05:00:00Z,150326,103240,71624,57056,47086,37078,36893,52816,32150
2023-02-20T06:00:00Z,161319,119504,80701,62856,41815,43836,43653,61948,38644
2023-02-20T07:00:00Z,169651,134146,82540,69508,35505,49134,48941,62119,37028
2023-02-20T08:00:00Z,187102,150221,90033,76229,36881,56259,56026,69353,42288
2023-02-20T09:00:00Z,196935,159753,93254,79479,37182,59092,58843,71474,43071
2023-02-20T10:00:00Z,193999,154223,92832,78106,39776,57588,57322,72024,44507
2023-02-20T11:00:00Z,196832,159195,93481,80249,37637,56545,56329,69626,42152
2023-02-20T12:00:00Z,229447,155671,128079,81711,73776,58808,58583,96730,69120
2023-02-20T13:00:00Z,218813,171455,118502,87983,47358,63687,63468,93011,65142
2023-02-20T14:00:00Z,219514,181831,107199,94247,37683,67067,66844,79629,50035
2023-02-20T15:00:00Z,221886,183728,107846,93255,38158,67302,67042,81787,51800
2023-02-20T16:00:00Z,208206,171236,103780,90472,36970,63555,63277,77794,50090
2023-02-20T17:00:00Z,197861,161839,100705,87590,36022,58325,58072,72141,46617
2023-02-20T18:00:00Z,205729,165375,98814,81147,40354,54701,54457,72093,47928
2023-02-20T19:00:00Z,182165,145302,93327,79998,36863,51503,51291,65012,42271
2023-02-20T20:00:00Z,179543,139447,92911,77191,40096,49295,49086,65149,43333
2023-02-20T21:00:00Z,170094,130093,87236,73364,40001,45567,45367,59630,39079
2023-02-20T22:00:00Z,163862,119583,82671,69039,44279,41005,40803,55183,36147
2023-02-20T23:00:00Z,144851,109807,78742,65200,35044,38248,38080,52128,35444
2023-02-21T00:00:00Z,150077,103728,84381,60608,46349,36883,36691,63890,46845
2023-02-21T01:00:00Z,158047,108723,93053,62277,49324,40519,40317,72921,53977
2023-02-21T02:00:00Z,146168,113528,82005,63197,32640,41405,41228,62583,42201
2023-02-21T03:00:00Z,139134,112333,76195,63004,26801,40355,40170,52486,32901
2023-02-21T04:00:00Z,128680,103003,70910,58508,25677,36409,36234,48393,31203
2023-02-21T05:00:00Z,138896,109534,75283,60826,29362,39653,39504,53073,33642
2023-02-21T06:00:00Z,157180,125766,85152,67098,31414,46224,46038,62792,39750
2023-02-21T07:00:00Z,167325,141330,87334,74365,25995,51825,51602,62937,38356
2023-02-21T08:00:00Z,184088,155544,93264,79247,28544,58101,57885,69887,43037
2023-02-21T09:00:00Z,196573,167167,94807,81045,29406,60963,60736,71202,43600
2023-02-21T10:00:00Z,198648,167227,97437,82686,31421,59302,59052,71839,45320
2023-02-21T11:00:00Z,196648,164506,92728,79901,32142,57391,57149,69615,42670
2023-02-21T12:00:00Z,225699,159230,130686,83812,66469,59929,59684,97077,69672
2023-02-21T13:00:00Z,221443,174816,121611,91283,46627,64863,64611,94837,66159
2023-02-21T14:00:00Z,227661,198590,109950,97458,29071,70418,70153,81904,51700
2023-02-21T15:00:00Z,214177,182336,109389,94706,31841,70215,69952,82574,53322
2023-02-21T16:00:00Z,211545,185860,108658,95516,25685,68863,68593,81661,52665
2023-02-21T17:00:00Z,203839,176497,108336,95334,27342,63847,63597,74985,49190
2023-02-21T18:00:00Z,198744,165844,109434,90972,32900,60415,60170,76923,52574
2023-02-21T19:00:00Z,188618,160925,102439,89134,27693,57499,57255,69021,45821
2023-02-21T20:00:00Z,190157,156653,99639,83376,33504,53708,53462,68000,45420
2023-02-21T21:00:00Z,188218,161195,96296,82729,27023,50312,50084,61017,41485
2023-02-21T22:00:00Z,164022,135152,92287,78922,28870,46134,45921,58402,39834
2023-02-21T23:00:00Z,149352,122952,85416,72228,26400,42421,42235,55770,38428
2023-02-22T00:00:00Z,164087,120238,96607,70878,43849,40688,40463,71035,52070
2023-02-22T01:00:00Z,164285,118775,97124,68976,45510,42762,42553,74287,53741
2023-02-22T02:00:00Z,156538,120605,86771,67015,35933,43230,43022,66174,44480
2023-02-22T03:00:00Z,146067,119257,80853,67485,26810,41510,41328,54099,33914
2023-02-22T04:00:00Z,137364,110042,76359,63863,27322,37288,37112,50435,32025
2023-02-22T05:00:00Z,141126,112823,76990,62822,28303,39966,39788,54018,33954
2023-02-22T06:00:00Z,159684,127508,83419,66062,32176,46247,46060,63248,39886
2023-02-22T07:00:00Z,164974,136842,83906,71068,28132,51039,50803,63868,37907
2023-02-22T08:00:00Z,184696,155125,93780,80301,29571,57936,57723,71762,43786
2023-02-22T09:00:00Z,197519,171571,99077,85789,25948,61990,61749,72472,45190
2023-02-22T10:00:00Z,192494,165190,98917,84325,27304,60032,59792,71117,46414
2023-02-22T11:00:00Z,184001,159947,97267,84082,24054,58418,58186,68678,44321
2023-02-22T12:00:00Z,222066,162488,132173,85993,59578,61038,60811,97197,70994
2023-02-22T13:00:00Z,215864,173921,123510,93107,41943,65458,65204,93317,66453
2023-02-22T14:00:00Z,212320,186742,110142,97000,25578,70475,70206,81978,52438
2023-02-22T15:00:00Z,216344,187463,111135,96571,28881,70731,70475,83656,53942
2023-02-22T16:00:00Z,211127,185042,106242,93371,26085,67780,67522,79384,52051
2023-02-22T17:00:00Z,198954,171836,105637,92262,27118,63552,63297,75304,48809
2023-02-22T18:00:00Z,195057,164414,105968,87538,30643,59179,58943,76516,52052
2023-02-22T19:00:00Z,186053,159429,98374,84931,26624,56325,56066,68149,45066
2023-02-22T20:00:00Z,182311,153842,98277,83249,28469,53871,53619,67949,45611
2023-02-22T21:00:00Z,187254,157680,93437,80195,29574,50846,50625,62240,41314
2023-02-22T22:00:00Z,161203,131555,85872,72467,29648,45955,45718,58206,39157
2023-02-22T23:00:00Z,145512,119598,80864,67783,25914,42580,42375,55707,38085
2023-02-23T00:00:00Z,157182,113874,91027,66003,43308,40222,40017,70284,51439
2023-02-23T01:00:00Z,159621,115687,95071,66734,43934,42390,42203,74112,53719
2023-02-23T02:00:00Z,151521,115962,81805,62847,35559,42444,42254,65901,43113
2023-02-23T03:00:00Z,143036,114793,74387,61385,28243,40831,40616,54215,33118
2023-02-23T04:00:00Z,135352,106870,70340,58245,28482,37525,37310,51454,32055
2023-02-23T05:00:00Z,137967,110779,74306,60323,27188,39388,39224,53163,33313
2023-02-23T06:00:00Z,154819,124486,84878,67395,30333,45611,45397,62582,39709
2023-02-23T07:00:00Z,158954,133582,82553,70134,25372,50317,50119,61812,37949
2023-02-23T08:00:00Z,182915,153398,91259,78204,29517,57745,57513,71895,43340
2023-02-23T09:00:00Z,197990,167615,93955,80961,30375,61040,60813,73249,44490
2023-02-23T10:00:00Z,202363,172828,92995,79174,29535,59016,58758,72667,44907
2023-02-23T11:00:00Z,195568,162895,97520,84312,32673,58405,58180,71448,44380
2023-02-23T12:00:00Z,221409,163899,132659,87668,57510,61308,61064,98416,71704
2023-02-23T13:00:00Z,227808,175046,124425,94320,52762,65293,65046,96096,66909
2023-02-23T14:00:00Z,210339,185498,110686,97361,24841,71245,70986,82385,53444
2023-02-23T15:00:00Z,221874,191891,109871,95198,29983,70544,70248,82833,53843
2023-02-23T16:00:00Z,212753,186463,106472,93472,26290,68266,67988,80219,52524
2023-02-23T17:00:00Z,201331,174208,105699,93027,27123,63530,63292,75731,49235
2023-02-23T18:00:00Z,202252,169873,106044,88076,32379,59210,58954,75569,51659
2023-02-23T19:00:00Z,186900,159383,101920,88322,27517,55931,55654,69002,45664
2023-02-23T20:00:00Z,176425,149477,98176,83465,26948,52682,52423,66502,45146
2023-02-23T21:00:00Z,173682,144383,95856,82304,29299,49320,49095,61988,41971
2023-02-23T22:00:00Z,180153,153162,87073,74423,26991,45536,45336,56449,38301
2023-02-23T23:00:00Z,151217,124267,85751,72850,26950,42835,42623,55999,38560
2023-02-24T00:00:00Z,163347,120432,94045,69795,42915,41037,40817,69012,51383
2023-02-24T01:00:00Z,160099,116617,96623,66799,43482,42570,42349,73946,55437
2023-02-24T02:00:00Z,146254,113182,83463,63768,33072,41302,41076,62448,42928
2023-02-24T03:00:00Z,137116,109612,73046,60373,27504,39390,39219,51690,32315
2023-02-24T04:00:00Z,129970,101710,70468,58616,28260,35533,35362,48547,30973
2023-02-24T05:00:00Z,136636,107584,74675,60702,29052,37237,37066,51575,32522
2023-02-24T06:00:00Z,144596,117870,80778,63352,26726,43204,43005,59114,38569
2023-02-24T07:00:00Z,160863,128934,80072,67596,31929,47732,47537,60180,36219
2023-02-24T08:00:00Z,168342,144979,88957,75511,23363,53765,53556,65561,41478
2023-02-24T09:00:00Z,184185,155516,91347,77846,28669,57251,57044,68645,42709
2023-02-24T10:00:00Z,184823,154772,96965,82027,30051,55895,55688,68484,44591
2023-02-24T11:00:00Z,178591,147412,91817,79027,31179,53668,53452,64744,41494
2023-02-24T12:00:00Z,209029,149395,127179,80392,59634,55527,55299,90731,67453
2023-02-24T13:00:00Z,210383,165450,116006,85661,44933,59915,59692,88667,63133
2023-02-24T14:00:00Z,212340,187179,101463,89045,25161,64770,64528,74697,47989
2023-02-24T15:00:00Z,196799,167657,103272,88597,29142,63911,63627,76321,50089
2023-02-24T16:00:00Z,195553,164910,98136,85686,30643,61114,60872,76363,48180
2023-02-24T17:00:00Z,192570,162147,97219,84917,30423,57437,57165,71166,44900
2023-02-24T18:00:00Z,189723,154492,99298,81127,35231,53217,52966,71828,47919
2023-02-24T19:00:00Z,176612,144652,90947,77905,31960,49870,49642,63917,40376
2023-02-24T20:00:00Z,168631,136457,89015,74028,32174,46814,46577,62568,40710
2023-02-24T21:00:00Z,156543,129830,85285,71850,26713,43725,43507,56789,37448
2023-02-24T22:00:00Z,151860,119697,80040,66914,32163,39937,39741,53997,34798
2023-02-24T23:00:00Z,142294,111014,75112,62257,31280,36962,36762,52321,33670
2023-02-25T00:00:00Z,157369,103389,82370,58056,53980,33606,33405,65944,45405
2023-02-25T01:00:00Z,159613,110251,82076,54322,49362,31415,31220,67079,47255
2023-02-25T02:00:00Z,130334,89422,69273,49754,40912,29214,29041,55572,36343
2023-02-25T03:00:00Z,112714,85960,62028,49392,26754,28298,28141,42974,26507
2023-02-25T04:00:00Z,105215,83203,59633,47815,22012,27806,27653,40787,25837
2023-02-25T05:00:00Z,107013,84160,62739,48921,22853,28424,28297,42296,27369
2023-02-25T06:00:00Z,116200,88389,67417,50172,27811,30860,30721,48685,31752
2023-02-25T07:00:00Z,113571,91775,64213,52418,21796,31971,31830,44237,27425
2023-02-25T08:00:00Z,118768,95106,66613,53879,23662,33647,33512,47218,29594
2023-02-25T09:00:00Z,125192,100930,69003,56540,24262,35323,35190,49677,30162
2023-02-25T10:00:00Z,134029,108784,70709,57154,25245,36251,36117,50455,31989
2023-02-25T11:00:00Z,130520,105981,72200,60149,24539,37009,36877,50298,31207
2023-02-25T12:00:00Z,174681,110469,119038,63155,64212,39754,39604,76666,58739
2023-02-25T13:00:00Z,161887,123241,99115,68027,38646,42804,42672,72102,53228
2023-02-25T14:00:00Z,144231,123669,82801,70351,20562,45798,45669,57798,37594
2023-02-25T15:00:00Z,155786,133401,84586,70668,22385,45956,45821,58977,38818
2023-02-25T16:00:00Z,145986,126370,86819,74505,19616,45410,45266,57796,38479
2023-02-25T17:00:00Z,145997,126499,85951,74140,19498,44453,44307,56103,37001
2023-02-25T18:00:00Z,145621,119328,88453,70306,26293,42669,42522,59114,41824
2023-02-25T19:00:00Z,128924,109684,76666,64634,19240,38455,38322,49907,33284
2023-02-25T20:00:00Z,125856,104614,76464,62435,21242,36335,36197,49479,34159
2023-02-25T21:00:00Z,116257,96942,70022,57522,19315,33815,33665,44197,30247
2023-02-25T22:00:00Z,109102,91038,66811,54997,18064,31474,31333,41506,28880
2023-02-25T23:00:00Z,101845,83455,63989,52155,18390,30043,29920,40171,29018
2023-02-26T00:00:00Z,109361,79183,70964,49516,30178,27481,27320,50865,39612
2023-02-26T01:00:00Z,117575,76844,80858,48132,40731,27377,27234,61109,49748
2023-02-26T02:00:00Z,101991,75225,62557,45235,26766,26412,26302,45326,32714
2023-02-26T03:00:00Z,96348,78062,59253,47142,18286,26493,26372,37332,25172
2023-02-26T04:00:00Z,93882,76838,57771,46474,17044,26393,26280,36558,24869
2023-02-26T05:00:00Z,97086,78450,61590,48527,18636,26898,26767,38064,25968
2023-02-26T06:00:00Z,105068,82665,64514,47888,22403,29306,29190,44098,30428
2023-02-26T07:00:00Z,104380,87450,61322,49886,16930,31112,30997,41321,26845
2023-02-26T08:00:00Z,108812,91088,65568,53337,17724,32496,32338,43717,28961
2023-02-26T09:00:00Z,115888,95528,66942,54444,20360,35086,34932,46038,29646
2023-02-26T11:00:00Z,129326,108155,72592,60307,21171,38630,38452,50653,32530
2023-02-26T12:00:00Z,179932,116991,119035,65438,62941,41531,41327,80006,60818
2023-02-26T13:00:00Z,160811,121064,100218,68333,39747,45208,45017,75062,55254
2023-02-26T14:00:00Z,151068,128375,86305,72596,22693,48852,48697,61257,40285
2023-02-26T15:00:00Z,153889,130178,89392,74571,23711,48812,48647,62385,41674
2023-02-26T16:00:00Z,150980,129557,88695,75836,21423,47607,47437,60703,40867
2023-02-26T17:00:00Z,146783,127207,86592,74541,19576,45561,45411,56999,38378
2023-02-26T18:00:00Z,151518,124981,90378,72160,26537,44782,44621,62488,43554
2023-02-26T19:00:00Z,140198,119085,83003,70507,21113,41869,41722,53854,36162
2023-02-26T20:00:00Z,139017,114950,84097,69020,24067,40568,40390,54872,37563
2023-02-26T21:00:00Z,130670,108418,77892,64759,22252,37553,37363,49515,33697
2023-02-26T22:00:00Z,124366,103064,70349,57985,21302,34190,34046,45606,31256
2023-02-26T23:00:00Z,118033,96958,70659,58114,21075,33599,33462,44566,32221
2023-02-27T00:00:00Z,135246,98392,80667,56314,36854,33476,33302,59849,46030
2023-02-27T02:00:00Z,161800,100455,74234,54705,61345,38214,38046,62074,40241
2023-02-27T03:00:00Z,150310,102467,69747,56237,47843,37273,37095,51949,30986
2023-02-27T04:00:00Z,143755,99241,69951,57145,44514,34436,34258,48579,30406
2023-02-27T07:00:00Z,173840,133222,82234,68723,40618,49113,48912,63119,37390
2023-02-27T08:00:00Z,182677,144409,86618,73372,38268,54443,54231,68156,40763
2023-02-27T09:00:00Z,202994,158639,92685,79430,44355,58825,58601,72186,43131
2023-02-27T10:00:00Z,196249,159361,95714,81267,36888,58840,58620,73034,45397
2023-02-27T11:00:00Z,210059,169178,89490,76786,40881,57092,56858,69743,42603
2023-02-27T12:00:00Z,233329,159014,129095,85163,74315,60156,59920,97760,69685
2023-02-27T13:00:00Z,237340,181343,118830,89666,55997,65793,65548,94653,65068
2023-02-27T14:00:00Z,229327,186729,106915,93963,42598,72054,71803,83471,52619
2023-02-27T15:00:00Z,227287,182540,109610,95273,44747,70144,69883,84661,53432
2023-02-27T16:00:00Z,221203,180982,104541,91796,40221,66845,66590,80236,51274
2023-02-27T17:00:00Z,209349,170079,102579,90221,39270,63220,62977,76407,48078
2023-02-27T18:00:00Z,187957,145286,95943,79608,42671,56439,56184,74415,49013
2023-02-27T20:00:00Z,178901,135460,86030,73422,43441,51075,50821,67244,42403
2023-02-27T21:00:00Z,200408,145388,94954,81222,55020,51373,51101,66501,42788
2023-02-27T22:00:00Z,172688,136041,90235,76309,36647,47084,46842,60357,39887
2023-02-27T23:00:00Z,163891,121478,83244,69707,42413,43157,42945,58070,38306
2023-02-28T00:00:00Z,171154,116796,91127,66147,54358,41214,40982,70390,50756
2023-02-28T01:00:00Z,166830,116609,94526,65298,50221,43782,43567,75323,55132
2023-02-28T02:00:00Z,152194,115404,83402,63536,36790,43442,43231,64878,44048
2023-02-28T03:00:00Z,144521,114040,76649,63645,30481,41550,41349,54421,33896
2023-02-28T04:00:00Z,137106,106997,73214,60708,30109,37983,37762,51291,33037
2023-02-28T05:00:00Z,142147,109941,75495,61670,32206,40022,39845,54330,34172
2023-02-28T06:00:00Z,162087,127651,85846,67947,34436,47016,46806,65068,41002
2023-02-28T07:00:00Z,171279,142602,87515,74377,28677,51671,51473,64538,38707
2023-02-28T08:00:00Z,184170,155395,91200,77956,28775,57604,57388,71083,43060
2023-02-28T09:00:00Z,200704,169771,95605,82453,30933,61253,61009,72602,44386
2023-02-28T10:00:00Z,199477,165225,99484,85120,34252,59277,59042,72801,45810
2023-02-28T11:00:00Z,197239,163890,98099,84987,33349,58610,58376,71076,44098
2023-02-28T12:00:00Z,229492,165813,129607,84827,63679,60588,60342,97356,69553
2023-02-28T13:00:00Z,226004,178942,124621,94222,47062,66007,65763,95851,66339
2023-02-28T14:00:00Z,221973,191587,108300,95612,30386,72287,72025,83268,52727
2023-02-28T15:00:00Z,225558,193004,107045,92369,32554,70948,70656,84508,53537
2023-02-28T16:00:00Z,224213,194602,103057,90602,29611,68871,68574,80766,51062
2023-02-28T17:00:00Z,212034,182919,99294,86770,29115,64107,63861,75570,48222
2023-02-28T18:00:00Z,198142,163386,103794,85502,34756,60260,60005,78174,52445
2023-02-28T19:00:00Z,199557,165695,98173,84902,33862,58300,58057,70194,45310
2023-02-28T20:00:00Z,199550,166357,93621,78787,33193,54846,54562,67808,45213
2023-02-28T21:00:00Z,176517,144821,93609,79998,31696,51639,51410,64415,42539
2023-02-28T22:00:00Z,161219,130692,85321,72312,30527,46294,46061,59420,39046
2023-02-28T23:00:00Z,148485,119505,80575,67609,28980,42530,42323,55193,37477
2023-03-01T00:00:00Z,157361,114411,86814,64616,42950,39945,39713,66081,47746
2023-03-01T01:00:00Z,176565,115655,98686,66250,60910,42487,42262,78797,57643
2023-03-01T02:00:00Z,158856,112895,81474,62922,45961,41553,41339,64159,41798
2023-03-01T03:00:00Z,149208,110268,74363,60936,38940,40164,39960,54945,33994
2023-03-01T04:00:00Z,145421,102205,71266,58004,43216,36209,36015,51305,32316
2023-03-01T05:00:00Z,151730,108052,75041,59922,43678,38452,38274,54868,34027
2023-03-01T06:00:00Z,166870,125417,84754,66254,41453,45056,44859,64279,40198
2023-03-01T07:00:00Z,172385,138573,86292,72515,33812,50315,50112,63202,38395
2023-03-01T08:00:00Z,189163,152503,93638,79075,36660,55697,55465,69221,42173
2023-03-01T09:00:00Z,201670,164578,99508,85884,37092,59738,59495,72020,44078
2023-03-01T10:00:00Z,201332,166718,103569,88592,34614,59568,59319,73413,46749
2023-03-01T11:00:00Z,197484,161081,100320,86899,36403,57967,57730,70031,43659
2023-03-01T12:00:00Z,229702,162142,132584,88520,67560,60374,60132,97665,69784
2023-03-01T13:00:00Z,234768,186344,118960,91090,48424,65169,64918,90984,62507
2023-03-01T14:00:00Z,227123,191127,112898,99483,35996,71270,71020,83795,52882
2023-03-01T15:00:00Z,232542,196313,110141,95611,36229,70283,70004,84666,52280
2023-03-01T16:00:00Z,225309,190481,110831,97544,34828,68413,68145,85217,52644
2023-03-01T17:00:00Z,213711,178105,109107,95756,35606,62997,62726,78176,48339
2023-03-01T18:00:00Z,209530,167272,109828,90901,42258,58951,58724,78942,51670
2023-03-01T19:00:00Z,206276,169886,105720,91275,36390,56886,56641,71746,44830
2023-03-01T20:00:00Z,204119,164954,101555,85195,39165,53286,53019,70873,44767
2023-03-01T21:00:00Z,201428,163504,94410,80077,37924,49162,48954,63190,39625
2023-03-01T22:00:00Z,181094,139003,90688,76630,42091,45863,45615,61928,38674
2023-03-01T23:00:00Z,162286,124443,84993,71328,37843,41556,41337,58195,37222
2023-03-02T00:00:00Z,169347,126120,94789,72569,43227,40915,40690,69109,48141
2023-03-02T01:00:00Z,167750,117020,98078,66878,50730,43350,43131,76754,56814
2023-03-02T02:00:00Z,149983,115224,82050,63580,34759,42658,42466,63072,41938
2023-03-02T03:00:00Z,142959,114205,76776,63475,28754,40808,40628,53702,33469
2023-03-02T04:00:00Z,133285,105703,73001,60594,27582,37506,37332,50497,32395
2023-03-02T05:00:00Z,145839,112083,78081,63323,33756,39990,39819,54746,34218
2023-03-02T06:00:00Z,162530,128570,87851,69543,33960,46665,46466,64987,40973
2023-03-02T07:00:00Z,170731,139005,85005,71703,31726,51901,51697,65314,38975
2023-03-02T08:00:00Z,191037,159552,93998,79915,31485,58585,58378,72622,43776
2023-03-02T09:00:00Z,199473,165943,98377,84014,33530,61500,61268,74449,45579
2023-03-02T10:00:00Z,194311,162487,98428,83439,31824,60195,59964,74317,46859
2023-03-02T11:00:00Z,192116,160449,98610,84706,31667,59187,58961,71847,45075
2023-03-02T12:00:00Z,226323,162850,132030,85688,63473,61111,60838,98042,70790
2023-03-02T13:00:00Z,222433,174746,124924,94354,47687,66397,66142,95126,67027
2023-03-02T14:00:00Z,218210,188531,111455,98682,29679,72172,71926,83371,53359
2023-03-02T15:00:00Z,218099,184784,110736,96143,33315,70842,70580,83421,53929
2023-03-02T16:00:00Z,207722,178470,107016,94016,29252,68309,68065,80070,52000
2023-03-02T17:00:00Z,199826,171366,104664,92039,28460,63527,63290,75111,48848
2023-03-02T18:00:00Z,189199,157751,102927,85980,31448,58765,58525,75195,50848
2023-03-02T19:00:00Z,188442,160335,100815,87857,28107,56442,56212,68037,45033
2023-03-02T20:00:00Z,185336,153848,99595,84512,31488,53607,53369,67097,45280
2023-03-02T21:00:00Z,190725,154480,96119,82255,36245,50708,50486,65145,42070
2023-03-02T22:00:00Z,177148,141340,90795,77428,35808,46924,46682,60601,39659
2023-03-02T23:00:00Z,147237,119776,74733,68103,27461,43051,42852,55818,35925
2023-03-03T00:00:00Z,129804,108184,63579,61292,21620,38574,38434,48284,28217
2023-03-03T01:00:00Z,140225,112202,68424,62254,28023,41762,41565,52869,31431
2023-03-03T02:00:00Z,161004,115515,92948,64870,45489,44643,44437,73367,53026
2023-03-03T03:00:00Z,156396,113715,89405,64436,42681,42248,42036,70196,50215
2023-03-03T04:00:00Z,138056,103012,68788,56844,35044,36619,36416,53772,32924
2023-03-03T05:00:00Z,145162,108278,73761,59044,36884,38999,38815,55253,34069
2023-03-03T06:00:00Z,165072,123880,85370,66613,41192,45174,44980,65919,40275
2023-03-03T07:00:00Z,193809,133824,83341,70005,59985,49496,49297,77634,37102
2023-03-03T08:00:00Z,186304,150598,91580,77726,35706,55705,55474,71344,41934
2023-03-03T09:00:00Z,197726,160729,94895,80905,36997,59026,58798,74902,43877
2023-03-03T10:00:00Z,192160,157520,95963,81311,34640,57097,56869,72060,44865
2023-03-03T11:00:00Z,188581,154432,92591,79408,34149,54594,54385,69640,41803
2023-03-03T12:00:00Z,216343,149349,127731,79377,66994,55513,55295,94087,67946
2023-03-03T13:00:00Z,215196,168139,113060,83934,47057,60637,60410,88948,61730
2023-03-03T14:00:00Z,218020,187231,102081,89952,30789,65989,65756,77616,48413
2023-03-03T15:00:00Z,217679,186957,100313,86681,30722,64268,64015,76978,48918
2023-03-03T16:00:00Z,198423,168890,101609,89298,29533,62277,62027,76243,48863
2023-03-03T17:00:00Z,191592,162055,97529,85345,29537,57907,57657,70341,45323
2023-03-03T20:00:00Z,171013,140374,89716,74865,30639,47683,47460,60845,40894
2023-03-03T21:00:00Z,169548,143601,79883,67895,25947,43741,43538,53193,35282
2023-03-03T22:00:00Z,147145,123216,79523,67218,23929,39868,39661,50896,34141
2023-03-03T23:00:00Z,158559,123928,72879,60700,34631,36290,36082,68384,33144
2023-03-04T00:00:00Z,164921,123022,80576,56016,41899,32641,32426,88675,45279
2023-03-04T01:00:00Z,168407,113345,79548,51899,55062,30209,30026,90314,46406
2023-03-04T02:00:00Z,160247,113418,69414,49440,46829,28963,28790,81375,35948
2023-03-04T03:00:00Z,159492,116752,61252,48352,42740,28120,27974,75513,25939
2023-03-04T04:00:00Z,163094,123260,60986,48424,39834,28305,28158,81499,26334
2023-03-04T05:00:00Z,162094,121618,62788,48490,40476,28278,28126,82437,27388
2023-03-04T06:00:00Z,146803,112164,67831,50158,34639,30199,30043,72329,31447
2023-03-04T07:00:00Z,132225,106641,66438,53649,25584,32223,32076,56405,28034
2023-03-04T08:00:00Z,152304,124795,69238,55176,27509,34051,33886,74186,30190
2023-03-04T09:00:00Z,157572,131126,69422,56079,26446,35990,35854,72113,30013
2023-03-04T10:00:00Z,170125,144171,69194,55658,25954,36021,35877,67204,31223
2023-03-04T11:00:00Z,157979,132356,71200,58811,25623,37756,37621,64799,30790
2023-03-04T12:00:00Z,184986,115966,118891,63562,69020,39831,39686,77893,58833
2023-03-04T13:00:00Z,166753,122169,98777,67490,44584,43210,43070,73735,53560
2023-03-04T14:00:00Z,154150,127337,84315,71500,26813,46431,46299,59233,37923
2023-03-04T15:00:00Z,162198,130546,87468,73189,31652,45307,45183,61479,38912
2023-03-04T16:00:00Z,157797,131591,83566,70823,26206,45370,45215,57360,37553
2023-03-04T17:00:00Z,151462,125493,84430,72150,25969,43577,43431,57909,36469
2023-03-04T18:00:00Z,155258,122720,88716,70109,32538,41319,41176,64207,40963
2023-03-04T19:00:00Z,133902,109158,76932,64693,24744,38390,38257,49995,33088
2023-03-04T20:00:00Z,131303,104397,77552,62849,26906,36077,35905,49315,33740
2023-03-04T21:00:00Z,152368,128014,70031,58055,24354,33767,33611,43602,29298
2023-03-04T22:00:00Z,117880,94125,70519,58527,23755,30887,30773,42263,29078
2023-03-04T23:00:00Z,115855,92398,64969,53080,23457,29518,29404,48634,28555
2023-03-05T00:00:00Z,148465,112486,71014,49816,35979,27196,27046,84169,38746
2023-03-05T01:00:00Z,169833,127273,76417,46262,42560,27736,27595,90217,46554
2023-03-05T02:00:00Z,144321,112542,65698,48011,31779,26760,26648,82041,33646
2023-03-05T03:00:00Z,138085,113546,61534,49346,24539,26502,26393,71088,25043
2023-03-05T04:00:00Z,135604,112728,59058,47806,22876,26405,26281,71494,24614
2023-03-05T05:00:00Z,135912,110403,62021,48793,25509,27218,27111,69301,26425
2023-03-05T06:00:00Z,140641,111652,68372,51557,28989,29865,29737,71078,31217
2023-03-05T07:00:00Z,139932,116027,65787,54104,23905,32001,31871,67836,27341
2023-03-05T08:00:00Z,146669,121542,70105,57267,25127,34351,34221,69987,30355
2023-03-05T09:00:00Z,131280,106606,70204,57922,24674,35837,35713,54292,30746
2023-03-05T10:00:00Z,134798,107237,76590,62444,27561,37552,37414,51222,33646
2023-03-05T11:00:00Z,135033,111563,77002,64754,23470,39442,39316,51248,33071
2023-03-05T12:00:00Z,187669,120444,122596,67168,67225,43330,43180,80273,60940
2023-03-05T13:00:00Z,174219,131507,104127,72947,42712,46704,46566,76816,56035
2023-03-05T14:00:00Z,168782,144289,90355,77567,24493,50413,50269,62175,40403
2023-03-05T15:00:00Z,163616,137563,93131,78715,26053,49381,49243,63529,42012
2023-03-05T16:00:00Z,158987,133288,91456,78638,25699,47276,47134,61200,40604
2023-03-05T17:00:00Z,166608,142323,88458,76353,24285,46369,46230,57856,38301
2023-03-05T18:00:00Z,167602,135010,92787,74089,32592,44460,44326,61359,42796
2023-03-05T19:00:00Z,146806,120792,83680,70884,26014,41443,41309,53616,36100
2023-03-05T20:00:00Z,161300,135359,78727,64885,25941,40184,40046,52316,35625
2023-03-05T21:00:00Z,133800,108321,78957,65629,25479,37416,37287,49222,33496
2023-03-05T22:00:00Z,129619,103750,76545,64156,25869,34346,34219,46288,31923
2023-03-05T23:00:00Z,118526,94334,72479,59810,24192,33015,32898,45148,32043
2023-03-06T00:00:00Z,139228,100192,82681,58408,39036,33305,33130,60423,45611
2023-03-06T01:00:00Z,162807,105337,88448,59116,57470,37981,37780,70326,51571
2023-03-06T02:00:00Z,168331,112806,81449,62584,55525,39065,38850,62962,40403
2023-03-06T03:00:00Z,152128,110614,75975,62919,41514,38198,38027,51846,31237
2023-03-06T05:00:00Z,164125,112930,77798,63269,51195,38506,38348,55356,33493
2023-03-06T06:00:00Z,174847,126917,87892,69523,47930,45628,45441,64393,40263
2023-03-06T07:00:00Z,180005,138971,87834,74361,41034,50692,50496,64875,38427
2023-03-06T08:00:00Z,194265,152801,92652,78960,41464,57433,57222,71454,42799
2023-03-06T09:00:00Z,209517,165303,97699,83845,44214,60953,60724,74087,44289
2023-03-06T10:00:00Z,211003,166849,97218,83052,44154,59794,59545,73008,44974
2023-03-06T11:00:00Z,225754,188471,90090,78136,37283,56790,56566,67788,41177
2023-03-06T12:00:00Z,240899,166126,131925,87067,74773,61950,61699,100456,70998
2023-03-06T13:00:00Z,236596,179974,124790,95357,56622,67091,66846,96261,66140
2023-03-06T14:00:00Z,242833,195363,115392,102162,47470,72112,71868,86250,53723
2023-03-06T15:00:00Z,232392,188673,110909,96266,43719,71345,71064,84939,54184
2023-03-06T16:00:00Z,225248,184211,108791,95686,41037,68278,67995,82108,52451
2023-03-06T17:00:00Z,213821,173544,106091,93572,40277,63077,62835,75930,48765
2023-03-06T18:00:00Z,213538,167153,109331,91516,46385,60387,60140,78417,52440
2023-03-06T19:00:00Z,199907,160172,101701,88392,39735,57535,57317,70083,45996
2023-03-06T20:00:00Z,200287,149714,98322,83129,50573,54645,54404,69936,46141
2023-03-06T21:00:00Z,177977,145427,97272,82963,32550,51296,51082,63623,43128
2023-03-06T22:00:00Z,194875,142214,84875,71948,52661,46391,46174,59665,38466
2023-03-06T23:00:00Z,169456,121130,83660,70642,48326,43059,42854,58775,37869
2023-03-07T00:00:00Z,179872,120257,92518,70099,59615,41716,41489,70889,49459
2023-03-07T01:00:00Z,183286,119336,99061,67934,63950,44539,44333,80342,57196
2023-03-07T02:00:00Z,177078,135149,75333,59642,41929,42589,42394,87884,39799
2023-03-07T03:00:00Z,191301,152523,78677,65216,38778,42619,42420,87970,34829
2023-03-07T04:00:00Z,174075,142199,75350,62697,31876,38451,38272,82273,33135
2023-03-07T05:00:00Z,179559,143283,77208,61818,36276,40126,39906,86888,35454
2023-03-07T06:00:00Z,193670,158233,87302,69017,35437,46951,46740,94031,41479
2023-03-07T07:00:00Z,199703,168211,87709,73929,31492,52395,52179,92282,39521
2023-03-07T08:00:00Z,219583,191728,83790,71271,27855,56257,56038,88951,40876
2023-03-07T09:00:00Z,218109,186613,95869,82525,31496,61206,60963,94954,44618
2023-03-07T10:00:00Z,216828,185541,97977,84113,31287,60387,60143,94552,46434
2023-03-07T11:00:00Z,205791,174562,99397,86288,31229,59588,59366,83105,45120
2023-03-07T12:00:00Z,234778,171013,132959,88066,63765,62507,62242,103411,70875
2023-03-07T13:00:00Z,234633,188202,121477,92483,46431,67530,67286,107739,65989
2023-03-07T14:00:00Z,229451,200956,110878,98713,28495,72269,72008,94285,52809
2023-03-07T15:00:00Z,231229,201158,112334,98310,30071,71736,71463,94695,54298
2023-03-07T16:00:00Z,228467,203201,97208,86411,25266,66405,66142,87427,48819
2023-03-07T17:00:00Z,208929,182091,108154,95744,26838,64619,64384,79281,49076
2023-03-07T18:00:00Z,200493,169463,109546,91513,31030,61806,61563,79104,54218
2023-03-07T19:00:00Z,191423,165883,105010,92123,25540,58300,58064,70073,46593
2023-03-07T20:00:00Z,195254,162064,108691,93541,33190,56072,55828,70791,47786
2023-03-07T21:00:00Z,179890,152287,101255,87053,27603,52352,52117,64601,43868
2023-03-07T22:00:00Z,177121,147070,98395,84019,30051,48549,48323,60928,41755
2023-03-07T23:00:00Z,166777,139308,95053,81539,27469,45495,45260,58207,40532
2023-03-08T00:00:00Z,179015,140779,96199,74112,38236,42748,42513,82663,50031
2023-03-08T01:00:00Z,198744,142550,100997,70746,56194,44782,44568,97936,56578
2023-03-08T02:00:00Z,156821,125547,81704,64293,31274,43295,43091,73667,41484
2023-03-08T03:00:00Z,178299,149280,81506,67814,29019,41662,41478,84525,34070
2023-03-08T04:00:00Z,158363,132829,71308,58406,25534,36461,36290,77876,31265
2023-03-08T05:00:00Z,145233,118254,75425,61865,26979,38060,37877,58396,32170
2023-03-08T06:00:00Z,154548,124877,85194,67531,29671,44632,44420,60514,38681
2023-03-08T07:00:00Z,173363,150159,84219,72035,23204,49415,49220,60066,36518
2023-03-08T08:00:00Z,175412,149830,91979,78973,25582,56488,56260,68446,42594
2023-03-08T09:00:00Z,190030,164332,99107,86350,25698,60011,59797,70986,43844
2023-03-08T10:00:00Z,193562,168052,103174,88984,25510,59611,59394,73821,46180
2023-03-08T11:00:00Z,189803,164966,103586,91030,24837,58776,58580,68252,43953
2023-03-08T12:00:00Z,241002,186361,135238,92327,54641,60447,60213,100326,68281
2023-03-08T13:00:00Z,232788,190580,128976,99293,42208,65988,65755,106394,66467
2023-03-08T14:00:00Z,225647,197641,115077,103076,28006,71448,71199,90246,52816
2023-03-08T15:00:00Z,230383,202371,118100,103968,28012,71735,71491,95244,54449
2023-03-08T17:00:00Z,210929,177130,112408,100329,33799,64332,64042,76931,49688
2023-03-08T18:00:00Z,212993,176828,117191,99326,36165,61296,61050,82217,53497
2023-03-08T19:00:00Z,217194,178112,109997,97393,39082,58312,58064,81393,45695
2023-03-08T20:00:00Z,218256,173414,107739,92675,44842,55053,54771,83597,45900
2023-03-08T21:00:00Z,217119,175444,103904,90763,41675,51802,51583,89811,42705
2023-03-08T22:00:00Z,212854,184557,98696,86189,28297,48152,47930,82961,39474
2023-03-08T23:00:00Z,213272,183654,92556,80446,29618,45115,44917,82993,38016
2023-03-09T00:00:00Z,216609,152867,98883,77052,63742,42294,42071,99620,48637
2023-03-09T01:00:00Z,219533,155838,105986,76863,63695,44947,44739,109070,56337
2023-03-09T02:00:00Z,184546,148347,87761,70783,36199,43868,43671,90077,41931
2023-03-09T03:00:00Z,197533,142913,78885,66314,54620,41301,41105,86414,33347
2023-03-09T04:00:00Z,164817,121621,74140,62488,43196,37705,37519,66969,31699
2023-03-09T05:00:00Z,143891,115299,77263,63487,28592,40501,40338,53005,33545
2023-03-09T06:00:00Z,218959,125922,84094,67731,93037,45658,45469,75210,38783
2023-03-09T07:00:00Z,242094,133121,81896,70773,108973,50033,49834,80113,36588
2023-03-09T08:00:00Z,220161,130151,78452,67715,90010,52671,52435,80477,38321
2023-03-09T09:00:00Z,233297,147856,79278,69242,85441,55102,54868,80149,38296
2023-03-09T10:00:00Z,249132,150185,92208,79647,98947,57071,56825,85239,43189
2023-03-09T11:00:00Z,254110,153973,90109,78790,100137,56732,56524,84175,41268
2023-03-09T12:00:00Z,271158,148818,118538,81331,122340,58110,57844,108806,65151
2023-03-09T13:00:00Z,241365,176556,125146,99220,64809,66399,66141,97746,63966
2023-03-09T14:00:00Z,220336,195156,116143,104141,25180,72930,72683,82658,53335
2023-03-09T15:00:00Z,216213,189532,114578,101124,26681,72005,71753,83077,54654
2023-03-09T16:00:00Z,206195,180448,108451,96699,25747,68384,68119,79019,51546
2023-03-09T17:00:00Z,213847,189397,109920,98237,24450,63898,63601,74244,48765
2023-03-09T18:00:00Z,205420,175654,117240,99232,29766,61881,61612,78374,54531
2023-03-09T19:00:00Z,199494,173033,110969,97939,26461,58872,58641,69667,47204
2023-03-09T20:00:00Z,192936,163687,111785,96571,29249,56001,55717,69373,47987
2023-03-09T21:00:00Z,192590,167530,99933,86745,25060,51302,51080,61092,42003
2023-03-09T22:00:00Z,171587,143939,100859,87457,27648,47498,47247,59699,40975
2023-03-09T23:00:00Z,160028,133534,96592,82856,26494,44309,44099,55996,39867
2023-03-10T00:00:00Z,169310,130739,104904,81074,38571,43030,42797,68507,51443
2023-03-10T01:00:00Z,176741,127070,106684,76183,49671,45643,45420,76873,57633
2023-03-10T02:00:00Z,149442,118958,87095,69290,30484,45016,44828,63715,44577
2023-03-10T03:00:00Z,136492,112041,75836,63237,24451,40837,40658,51899,33314
2023-03-10T04:00:00Z,130430,106378,73057,61232,24052,37137,36956,48547,31739
2023-03-10T05:00:00Z,134941,108608,75278,61541,26333,38987,38810,50692,32464
2023-03-10T06:00:00Z,162124,132319,86527,68924,29805,46913,46716,64368,39645
2023-03-10T07:00:00Z,178272,151061,85130,73045,27211,50988,50799,74361,37543
2023-03-10T08:00:00Z,178416,155695,85077,73001,22721,54473,54242,79564,40639
2023-03-10T09:00:00Z,202098,175732,94036,81443,26366,59960,59704,87609,43826
2023-03-10T10:00:00Z,203471,175786,99261,85492,27685,58079,57836,84574,45390
2023-03-10T12:00:00Z,218899,162394,126162,82738,56505,56941,56701,103300,67723
2023-03-10T13:00:00Z,214336,173722,118969,91151,40614,61887,61614,96063,62335
2023-03-10T14:00:00Z,195336,170593,103043,91317,24743,65697,65426,76276,49016
2023-03-10T15:00:00Z,192354,166253,102498,89053,26101,64862,64587,76484,49795
2023-03-10T16:00:00Z,168997,147810,84267,73629,21187,57905,57631,67776,43655
2023-03-10T17:00:00Z,187949,163547,96726,84648,24402,57112,56847,66725,43957
2023-03-10T18:00:00Z,184787,152847,104123,85230,31940,54872,54646,71824,49390
2023-03-10T19:00:00Z,172345,147254,97014,83686,25091,51366,51152,62312,41996
2023-03-10T20:00:00Z,171099,144809,95440,80591,26290,48242,48014,65672,42118
2023-03-10T21:00:00Z,176483,151243,90230,76697,25240,45013,44815,74433,37943
2023-03-10T22:00:00Z,168242,141558,85390,72062,26684,41279,41065,71378,35966
2023-03-10T23:00:00Z,140493,114608,83739,70405,25885,38504,38290,50356,35368
2023-03-11T00:00:00Z,162159,118828,92096,63416,43331,35270,35031,65350,50871
2023-03-11T01:00:00Z,160582,117075,92567,59810,43507,32296,32107,66205,52521
2023-03-11T02:00:00Z,126855,98992,72334,55019,27863,30039,29871,46858,33289
2023-03-11T03:00:00Z,117355,94596,65999,52395,22759,29066,28919,40440,26936
2023-03-11T04:00:00Z,108779,87784,62425,49295,20995,27818,27672,38647,26456
2023-03-11T05:00:00Z,111655,89326,64587,49739,22329,28454,28338,40502,27704
2023-03-11T06:00:00Z,120216,95195,70328,52305,25021,31022,30882,46300,31716
2023-03-11T07:00:00Z,120359,101878,68581,56451,18481,33302,33166,43586,28106
2023-03-11T08:00:00Z,124342,104280,71661,58551,20062,34862,34699,46233,30216
2023-03-11T09:00:00Z,131460,112547,71668,59263,18913,36246,36102,46990,30080
2023-03-11T10:00:00Z,127764,106971,76762,62890,20793,37404,37262,49828,33230
2023-03-11T11:00:00Z,129925,111231,76926,64819,18694,38216,38079,48928,31823
2023-03-11T12:00:00Z,191212,123774,126115,66300,67438,41099,40955,77908,59358
2023-03-11T13:00:00Z,157115,119187,100409,69872,37928,43540,43403,72389,53717
2023-03-11T14:00:00Z,150552,130006,88375,75649,20546,47417,47255,58603,38670
2023-03-11T15:00:00Z,152782,129744,89145,74558,23038,47658,47533,60181,40090
2023-03-11T16:00:00Z,146554,126759,86748,74015,19795,46775,46642,58804,39216
2023-03-11T17:00:00Z,145765,127103,86544,74619,18662,44982,44846,55252,36959
2023-03-11T18:00:00Z,149267,123508,94403,75994,25759,42331,42178,58674,41596
2023-03-11T19:00:00Z,133904,114356,78875,66537,19548,38617,38474,49234,33642
2023-03-11T20:00:00Z,129741,108493,78187,63686,21248,36621,36457,48974,34128
2023-03-11T21:00:00Z,131291,112858,70931,59016,18433,34944,34801,43831,30157
2023-03-11T22:00:00Z,121971,104968,67989,56434,17003,31572,31447,40417,28343
2023-03-11T23:00:00Z,112266,94882,63477,51888,17384,29750,29642,38818,27783
2023-03-12T00:00:00Z,121196,88651,77395,53275,32545,27718,27567,53838,42048
2023-03-12T01:00:00Z,116517,77892,81052,49908,38625,27415,27266,59406,48166
2023-03-12T02:00:00Z,104243,78463,67046,48235,25780,26594,26471,46000,34125
2023-03-12T03:00:00Z,96871,78888,60287,48224,17983,26265,26154,36386,24661
2023-03-12T04:00:00Z,95806,78677,59789,48173,17129,26493,26333,36566,25022
2023-03-12T05:00:00Z,100206,81203,62885,49622,19003,27455,27347,38364,25994
2023-03-12T06:00:00Z,108376,86412,68542,51816,21964,29664,29546,44439,31072
2023-03-12T07:00:00Z,107015,90866,64091,52832,16149,31641,31518,41317,26896
2023-03-12T08:00:00Z,119468,100773,71323,58532,18695,34820,34682,46381,29819
2023-03-12T09:00:00Z,116469,98662,68826,56933,17807,35039,34906,44630,29240
2023-03-12T10:00:00Z,130964,110497,79812,66108,20467,37907,37758,50017,33416
2023-03-12T11:00:00Z,148784,130522,76189,64533,18262,39847,39714,48713,31646
2023-03-12T12:00:00Z,185653,118727,128874,69446,66926,43682,43540,80838,62066
2023-03-12T13:00:00Z,167325,128304,105131,73237,39021,47441,47286,76815,56738
2023-03-12T14:00:00Z,155230,135356,90474,77959,19874,51138,50983,61935,40676
2023-03-12T15:00:00Z,160312,137306,92329,77958,23006,51325,51178,64256,42365
2023-03-12T16:00:00Z,155518,134712,91252,78214,20806,50097,49932,62679,42393
2023-03-12T17:00:00Z,154152,133717,89457,76995,20435,48094,47942,58860,39271
2023-03-12T18:00:00Z,159090,132259,95588,77068,26831,46709,46548,63332,44639
2023-03-12T19:00:00Z,143311,122983,85423,72929,20328,43984,43846,53774,36601
2023-03-12T20:00:00Z,142842,120311,86754,71867,22531,42809,42666,54394,38337
2023-03-12T21:00:00Z,131213,110455,78939,66110,20758,39031,38896,49145,33710
2023-03-12T23:00:00Z,115247,95220,71078,58293,20027,33778,33659,43736,31293
2023-03-13T01:00:00Z,163036,99129,87207,56388,63907,37792,37617,70425,52214
2023-03-13T02:00:00Z,148575,106501,76942,57576,42074,39704,39541,59502,38892
2023-03-13T03:00:00Z,138319,107140,70641,57659,31179,38458,38300,49498,30189
2023-03-13T04:00:00Z,133525,99204,68451,55564,34321,35098,34924,47408,29813
2023-03-13T05:00:00Z,150008,108010,73790,58887,41998,38239,38071,52574,32078
2023-03-13T06:00:00Z,159615,123098,82503,63636,36517,45786,45580,62582,39270
2023-03-13T07:00:00Z,176401,141294,86145,72290,35107,51820,51611,64451,38241
2023-03-13T08:00:00Z,194122,159232,96041,81182,34890,59405,59162,71876,43892
2023-03-13T09:00:00Z,204076,168436,99375,85712,35640,62870,62632,73603,45343
2023-03-13T10:00:00Z,202735,165688,102246,87061,37047,61310,61055,73930,47244
2023-03-13T11:00:00Z,204508,168641,105195,91178,35867,61994,61744,72328,45820
2023-03-13T12:00:00Z,248319,182319,140178,95244,66000,64949,64687,99357,71630
2023-03-13T13:00:00Z,242608,193410,131187,101994,49198,71256,71003,97488,67670
2023-03-13T14:00:00Z,233703,200900,120436,107846,32803,76148,75883,86772,55548
2023-03-13T15:00:00Z,223786,191130,118256,104534,32656,72343,72054,84163,54352
2023-03-13T16:00:00Z,220483,189500,113620,100866,30983,69945,69669,80202,52791
2023-03-13T17:00:00Z,210385,180601,113351,100818,29784,65751,65479,76645,50487
2023-03-13T18:00:00Z,209601,171197,114312,95852,38404,62040,61773,78264,53903
2023-03-13T19:00:00Z,206089,171459,111800,98490,34630,59642,59401,70902,47799
2023-03-13T20:00:00Z,214121,175948,118042,101778,38173,58570,58291,73789,49827
2023-03-13T21:00:00Z,206794,164725,111384,96894,42069,53735,53475,68294,44998
2023-03-13T22:00:00Z,187430,147212,104101,89903,40218,48525,48304,61164,41923
2023-03-13T23:00:00Z,172313,137614,100426,86020,34699,45398,45186,57947,40977
2023-03-14T00:00:00Z,185334,132573,114358,81948,52761,44267,44042,76386,58494
2023-03-14T01:00:00Z,185776,129040,114679,77695,56736,45988,45780,82851,62798
2023-03-14T02:00:00Z,164220,133489,94905,78778,30731,45824,45614,59608,39247
2023-03-14T03:00:00Z,150555,122550,83104,68771,28005,42824,42598,55077,34363
2023-03-14T04:00:00Z,145190,119569,73607,60693,25621,37743,37538,48643,31464
2023-03-14T05:00:00Z,145215,115428,77310,62408,29787,40743,40541,53309,33866
2023-03-14T06:00:00Z,168733,136721,90511,71577,32012,48870,48630,64743,41317
2023-03-14T07:00:00Z,175086,147554,91962,78008,27532,54179,53955,65184,40190
2023-03-14T08:00:00Z,190594,162528,99133,85029,28066,61235,61009,72414,45296
2023-03-14T09:00:00Z,202971,174344,103588,89722,28627,64765,64503,75592,47606
2023-03-14T10:00:00Z,200170,171920,106350,91969,28250,63085,62828,74829,48350
2023-03-14T11:00:00Z,207486,179475,111585,98405,28011,63283,63041,73188,47059
2023-03-14T12:00:00Z,236672,186200,133772,96932,50472,66484,66231,99040,72304
2023-03-14T13:00:00Z,231409,190083,129414,100968,41326,72017,71739,97692,69196
2023-03-14T14:00:00Z,226152,200746,119496,107587,25406,77928,77682,86667,56299
2023-03-14T15:00:00Z,218765,189752,114939,102183,29013,74081,73810,84942,55422
2023-03-14T16:00:00Z,219030,190537,113553,101700,28493,71926,71628,83479,54667
2023-03-14T17:00:00Z,212055,183159,113057,100900,28896,67626,67337,79317,51916
2023-03-14T18:00:00Z,212579,179159,114986,98147,33420,63467,63190,79930,54302
2023-03-14T19:00:00Z,198829,169710,109692,96611,29119,60342,60088,71980,48188
2023-03-14T20:00:00Z,195872,164886,110315,95134,30986,56962,56690,70204,48255
2023-03-14T21:00:00Z,185857,156159,106631,92842,29698,52897,52650,64384,43841
2023-03-14T22:00:00Z,173738,143231,100250,86424,30507,47073,46853,59109,40261
2023-03-14T23:00:00Z,162050,132706,93960,80371,29344,44800,44596,56095,39254
2023-03-15T00:00:00Z,171092,126869,103780,77963,44223,43437,43217,71513,53122
2023-03-15T01:00:00Z,176843,125011,106739,74715,51832,45209,45011,77941,57885
2023-03-15T02:00:00Z,164960,130274,94621,76351,34686,45076,44892,63217,41875
2023-03-15T03:00:00Z,148503,120063,82187,68918,28440,42508,42332,53411,32984
2023-03-15T04:00:00Z,141845,112373,78949,66449,29472,37644,37464,51777,32407
2023-03-15T05:00:00Z,147187,115563,80514,66425,31624,39791,39603,54742,33473
2023-03-15T06:00:00Z,164886,130567,90615,72355,34319,47040,46836,64151,40209
2023-03-15T07:00:00Z,173838,146631,92751,80038,27207,52781,52575,64635,38631
2023-03-15T08:00:00Z,204604,170172,96811,83587,34432,58603,58383,71156,42248
2023-03-15T09:00:00Z,206029,171213,106004,92552,34816,62274,62036,74415,44972
2023-03-15T10:00:00Z,212643,181715,111031,96727,30928,61571,61344,76538,49350
2023-03-15T11:00:00Z,200216,170660,105571,92675,29556,60886,60644,71976,45072
2023-03-15T12:00:00Z,234682,173708,143303,95785,60974,64872,64635,99697,73021
2023-03-15T13:00:00Z,216606,175006,121454,92950,41600,68057,67795,93585,66166
2023-03-15T14:00:00Z,228897,204592,109017,97499,24305,73851,73556,82342,52893
2023-03-15T15:00:00Z,234746,208582,110285,96865,26164,71731,71449,82651,53794
2023-03-15T16:00:00Z,213122,180849,109363,95805,32273,69020,68710,81638,53314
2023-03-15T17:00:00Z,213635,183461,111816,98629,30174,65558,65280,76778,50472
2023-03-15T18:00:00Z,203764,168411,112558,92850,35353,61231,60959,77687,54047
2023-03-15T19:00:00Z,194302,164031,106067,91692,30271,57806,57549,69874,46794
2023-03-15T21:00:00Z,178235,142376,97230,81484,35859,49329,49093,61285,41773
2023-03-15T22:00:00Z,165987,133912,93167,77811,32075,45064,44820,57257,39376
2023-03-15T23:00:00Z,153096,120980,88123,72586,32116,42353,42150,54503,38073
2023-03-16T00:00:00Z,166042,120191,98649,71951,45851,41447,41236,69578,51714
2023-03-16T01:00:00Z,174080,121205,105898,72257,52875,44193,43979,78684,58262
2023-03-16T02:00:00Z,158132,122052,90129,70192,36080,45060,44851,65005,44011
2023-03-16T03:00:00Z,147614,115369,78405,64556,32245,41504,41311,52789,32805
2023-03-16T04:00:00Z,137309,107070,75709,62358,30239,37088,36890,49174,31662
2023-03-16T05:00:00Z,146665,110498,77843,63319,36167,39390,39218,53323,32755
2023-03-16T06:00:00Z,166096,127220,89317,69791,38876,46042,45844,63820,40318
2023-03-16T07:00:00Z,173104,141243,90281,74677,31861,51898,51693,63782,39015
2023-03-16T08:00:00Z,189071,158894,96665,81740,30177,59057,58823,69976,43630
2023-03-16T09:00:00Z,202095,169169,101719,87057,32926,62422,62153,72792,45103
2023-03-16T10:00:00Z,199485,164976,104479,88658,34509,61447,61191,73341,47389
2023-03-16T11:00:00Z,201004,165297,90822,76594,35707,56789,56549,67339,42133
2023-03-16T12:00:00Z,222687,160959,131215,86671,61728,62379,62113,97303,70190
2023-03-16T13:00:00Z,197657,157217,110618,82836,40440,65198,64943,90337,62734
2023-03-16T14:00:00Z,199265,170561,101935,90015,28704,69728,69456,80919,50781
2023-03-16T15:00:00Z,181828,158659,87543,75625,23169,63342,63105,73027,46351
2023-03-16T16:00:00Z,180202,155791,90255,79351,24411,62603,62350,73126,46609
2023-03-16T17:00:00Z,199227,166716,104331,90890,32511,62034,61767,74234,47631
2023-03-16T18:00:00Z,197066,162293,110306,91045,34773,59144,58879,75887,52193
2023-03-16T19:00:00Z,198594,165756,99364,85016,32838,55778,55529,67739,44542
2023-03-16T20:00:00Z,194079,163283,104775,88097,30796,54283,54042,78123,46949
2023-03-16T21:00:00Z,192437,158780,98233,82754,33657,49438,49187,79151,41425
2023-03-16T22:00:00Z,194022,164772,93404,78941,29250,44849,44625,85028,38037
2023-03-16T23:00:00Z,152388,122018,87255,73242,30370,41857,41645,57042,37008
2023-03-17T00:00:00Z,157164,115181,96075,70349,41983,40816,40569,67829,50548
2023-03-17T01:00:00Z,176870,116483,102900,69148,60387,43358,43143,77293,57659
2023-03-17T02:00:00Z,158464,120102,88373,70082,38362,43064,42879,60627,40202
2023-03-17T03:00:00Z,140341,111957,78312,64104,28384,40653,40464,51972,32591
2023-03-17T04:00:00Z,127486,102233,74237,60918,25253,35758,35580,46405,30711
2023-03-17T05:00:00Z,143247,108534,76443,61124,34713,38469,38292,52493,32486
2023-03-17T06:00:00Z,156381,123563,85226,65931,32818,45693,45492,61262,39214
2023-03-17T07:00:00Z,159631,135064,83747,70609,24567,49988,49775,60214,36854
2023-03-17T08:00:00Z,182922,157347,88282,74573,25575,54274,54076,64099,40635
2023-03-17T09:00:00Z,182606,156433,94740,81391,26173,59306,59072,68417,42963
2023-03-17T10:00:00Z,186376,159185,96827,81943,27191,56934,56702,67722,44318
2023-03-17T11:00:00Z,181962,156430,92786,79909,25532,55304,55072,63836,41048
2023-03-17T12:00:00Z,209497,152159,124616,79281,57338,56770,56515,89694,66087
2023-03-17T13:00:00Z,189669,152745,108247,82568,36924,59983,59731,82881,57968
2023-03-17T14:00:00Z,186059,161751,96151,84148,24308,64331,64081,73286,47378
2023-03-17T15:00:00Z,181443,158592,89849,77956,22851,59129,58871,68505,44275
2023-03-17T16:00:00Z,183251,157660,98059,84753,25591,60975,60731,71129,46980
2023-03-17T17:00:00Z,184395,159245,102756,89723,25150,57988,57767,67224,45040
2023-03-17T19:00:00Z,165581,140249,94359,80812,25332,49873,49626,59785,40574
2023-03-17T20:00:00Z,166328,140028,96110,80890,26300,47633,47389,59676,41604
2023-03-17T21:00:00Z,153082,129429,87738,74480,23653,42823,42622,53364,36631
2023-03-17T22:00:00Z,141399,116916,84880,70995,24483,38160,37976,49275,34471
2023-03-17T23:00:00Z,131869,109244,80835,67642,22625,35696,35516,46570,33390
2023-03-18T00:00:00Z,150123,111650,86750,60497,38473,32435,32228,58966,46008
2023-03-18T01:00:00Z,135722,89762,89199,56744,45960,30479,30295,64362,50814
2023-03-18T02:00:00Z,116301,89349,73992,56584,26952,28785,28623,45863,32765
2023-03-18T03:00:00Z,103903,83992,63287,51103,19911,27631,27493,37754,25188
2023-03-18T04:00:00Z,107566,87482,61057,48504,20084,27283,27139,36940,24752
2023-03-18T05:00:00Z,103061,81477,62784,48870,21584,27658,27525,38503,25748
2023-03-18T06:00:00Z,122255,96383,72637,54812,25872,30922,30779,46085,31280
2023-03-18T07:00:00Z,114142,95080,68991,56892,19062,32195,32051,41921,26798
2023-03-18T08:00:00Z,122703,101750,74034,60652,20953,34996,34867,46307,30590
2023-03-18T09:00:00Z,126056,105173,74400,61567,20883,36339,36196,47351,30419
2023-03-18T10:00:00Z,137847,115077,79376,64855,22770,37743,37581,50143,33335
2023-03-18T11:00:00Z,139294,120481,72603,60926,18813,38050,37907,47069,30624
2023-03-18T12:00:00Z,183678,112894,127732,66646,70784,41086,40922,78718,60863
2023-03-18T13:00:00Z,167928,124808,104261,72575,43120,44595,44437,75396,55177
2023-03-18T14:00:00Z,156180,131111,89346,75653,25069,47906,47754,59494,38728
2023-03-18T15:00:00Z,151873,129005,89332,74939,22868,47165,47024,59381,39374
2023-03-18T16:00:00Z,151137,128688,89523,75844,22449,46881,46712,58942,39826
2023-03-18T17:00:00Z,148094,127073,88536,75770,21021,44424,44266,55772,36953
2023-03-18T18:00:00Z,146564,118693,91282,71989,27871,41694,41536,59132,41588
2023-03-18T19:00:00Z,130716,110332,79421,66878,20384,38151,38005,48987,33028
2023-03-18T20:00:00Z,133251,108821,81257,65808,24430,36199,36046,49036,34574
2023-03-18T21:00:00Z,120058,98355,74595,61220,21703,33055,32931,43769,30354
2023-03-18T22:00:00Z,111419,90996,70724,57587,20423,30275,30146,40613,28614
2023-03-18T23:00:00Z,105911,85918,68396,55402,19993,28955,28829,39415,28166
2023-03-19T00:00:00Z,113300,78945,75026,50706,34355,26895,26724,51896,40700
2023-03-19T01:00:00Z,119751,77621,83639,50358,42130,26759,26591,60346,49163
2023-03-19T02:00:00Z,103423,75432,66548,46686,27991,25810,25672,45556,33890
2023-03-19T03:00:00Z,98807,78918,60200,47348,19889,26262,26123,35824,24007
2023-03-19T04:00:00Z,102699,84106,59771,47720,18593,26336,26196,35603,24084
2023-03-19T05:00:00Z,100153,80525,62756,49157,19628,26692,26573,37366,25205
2023-03-19T06:00:00Z,107902,85243,69258,52420,22659,28744,28621,43167,30045
2023-03-19T07:00:00Z,111996,93977,68880,57298,18019,31550,31415,41204,26393
2023-03-19T08:00:00Z,119008,100420,73370,60730,18588,34153,34030,44907,29464
2023-03-19T09:00:00Z,150525,132381,72394,60598,18144,35970,35834,45188,29290
2023-03-19T10:00:00Z,129045,107933,78649,64914,21112,37910,37775,49834,33705
2023-03-19T11:00:00Z,132115,113178,78787,66701,18937,40051,39899,50253,32775
2023-03-19T12:00:00Z,185880,120432,129086,70991,65448,43397,43233,81297,62320
2023-03-19T13:00:00Z,177679,138542,106253,74594,39137,47446,47300,76685,56358
2023-03-19T14:00:00Z,166242,145444,94544,81389,20798,51765,51624,62746,41501
2023-03-19T15:00:00Z,160864,137344,95443,80038,23520,50542,50396,63127,42313
2023-03-19T16:00:00Z,154895,132395,93626,79907,22500,48465,48321,60549,41235
2023-03-19T17:00:00Z,149086,128360,89476,76569,20726,46099,45940,56440,37823
2023-03-19T18:00:00Z,152559,124814,94528,75567,27745,44995,44842,61590,43921
2023-03-19T19:00:00Z,143856,123223,86579,73774,20633,42869,42725,53125,36630
2023-03-19T20:00:00Z,138136,116346,85473,70932,21790,40359,40214,52649,36938
2023-03-19T21:00:00Z,129574,109177,80700,67813,20397,37756,37624,47594,33259
2023-03-19T22:00:00Z,141533,123207,72435,60619,18326,34253,34133,43281,30451
2023-03-19T23:00:00Z,115643,96746,72422,60258,18897,33406,33286,43045,31048
2023-03-20T00:00:00Z,134444,98462,84973,60639,35982,34060,33895,60147,46023
2023-03-20T01:00:00Z,155942,104522,92833,61573,51420,38942,38767,72105,53600
2023-03-20T02:00:00Z,149193,109281,80607,61122,39912,40638,40467,60025,40170
2023-03-20T03:00:00Z,142671,110756,76311,62781,31915,39430,39278,49783,30836
2023-03-20T04:00:00Z,130661,98287,70134,57154,32374,34856,34698,46401,29783
2023-03-20T05:00:00Z,141108,106313,74950,60411,34795,38360,38196,50597,31755
2023-03-20T06:00:00Z,161732,123938,84718,66120,37794,45404,45215,61987,39084
2023-03-20T07:00:00Z,171394,139675,87067,73924,31719,51152,50939,62860,37474
2023-03-20T08:00:00Z,179218,146942,89302,75741,32276,56555,56350,68784,41891
2023-03-20T09:00:00Z,185773,154040,89150,75906,31733,60634,60411,71316,42485
2023-03-20T10:00:00Z,182294,149264,91673,77592,33030,58153,57918,69970,43927
2023-03-20T11:00:00Z,189427,156741,94597,80953,32686,58889,58663,69804,43792
2023-03-20T12:00:00Z,206207,152225,109277,71309,53982,57687,57446,89161,63501
2023-03-20T13:00:00Z,192095,152394,102096,77727,39701,63614,63396,87945,58903
2023-03-20T14:00:00Z,189653,162215,87574,77067,27438,65724,65494,75144,46455
2023-03-20T15:00:00Z,184748,154416,92173,80289,30332,65072,64815,75833,47965
2023-03-20T16:00:00Z,187155,157819,95704,84038,29336,63990,63702,74891,48158
2023-03-20T17:00:00Z,204064,173991,93461,81464,30073,61064,60778,70972,45638
2023-03-20T18:00:00Z,185609,147540,98142,80543,38069,57261,57010,73585,49558
2023-03-20T19:00:00Z,176105,142761,91740,78549,33344,54403,54170,66479,43402
2023-03-20T20:00:00Z,170893,136319,91689,76344,34574,52048,51806,64898,43820
2023-03-20T21:00:00Z,175103,141294,85881,72597,33809,48450,48241,60281,39553
2023-03-20T22:00:00Z,166885,128381,87081,72467,38504,44115,43897,56378,38200
2023-03-20T23:00:00Z,147312,111633,79315,64940,35679,41027,40828,54828,36472
2023-03-21T00:00:00Z,173253,122890,95434,66909,50363,41402,41191,71106,52996
2023-03-21T01:00:00Z,172411,119114,102780,66752,53297,43972,43771,79642,60623
2023-03-21T02:00:00Z,152109,121205,82815,66877,30904,44927,44743,58310,37816
2023-03-21T03:00:00Z,142241,114742,77234,63336,27499,42669,42495,52735,33235
2023-03-21T04:00:00Z,132623,104457,73275,59377,28166,37832,37649,49150,32290
2023-03-21T05:00:00Z,143938,113006,76438,61175,30932,40130,39949,52402,33322
2023-03-21T06:00:00Z,161423,129246,86054,66924,32177,47289,47082,62630,40370
2023-03-21T07:00:00Z,169677,143525,89187,75652,26152,52327,52109,63028,38730
2023-03-21T08:00:00Z,178495,155550,79217,67370,22945,54075,53849,62635,38581
2023-03-21T09:00:00Z,184027,155044,92473,79198,28983,60082,59851,70284,43190
2023-03-21T10:00:00Z,176074,147418,91139,76826,28656,57958,57677,69026,44119
2023-03-21T11:00:00Z,183092,153565,95836,82335,29527,58472,58228,68570,43077
2023-03-21T12:00:00Z,214609,148998,130486,77217,65611,58425,58192,91508,66470
2023-03-21T13:00:00Z,203134,165573,106024,80788,37561,65303,65057,87360,59957
2023-03-21T14:00:00Z,196956,171049,97430,85288,25907,70042,69779,77665,49379
2023-03-21T15:00:00Z,189271,166992,85068,73594,22279,63182,62932,72152,45241
2023-03-21T16:00:00Z,190749,168181,91798,80372,22568,63927,63659,71741,46700
2023-03-21T17:00:00Z,191241,166217,100184,87948,25024,63318,63049,72546,47581
2023-03-21T18:00:00Z,193551,164180,103225,85947,29371,59781,59533,74088,50845
2023-03-21T19:00:00Z,180806,154821,100307,86797,25985,57797,57548,67667,45254
2023-03-21T20:00:00Z,176796,148227,99761,84693,28569,55139,54877,66794,45635
2023-03-21T21:00:00Z,183458,158353,91042,78226,25105,50500,50265,59533,40275
2023-03-21T22:00:00Z,160293,132008,90729,77641,28285,46391,46181,58270,39490
2023-03-21T23:00:00Z,155718,131797,82699,70608,23921,42422,42240,53087,36555
2023-03-22T00:00:00Z,157500,119229,99092,73463,38271,42238,42029,69428,52170
2023-03-22T01:00:00Z,160306,113934,100944,67516,46372,43423,43208,76868,58535
2023-03-22T02:00:00Z,146323,120653,82246,67927,25670,44404,44199,57122,37228
2023-03-22T03:00:00Z,135942,112358,74477,61723,23584,41063,40888,51095,32328
2023-03-22T04:00:00Z,139287,116442,76098,63357,22845,36707,36531,47415,31313
2023-03-22T05:00:00Z,133775,109022,75121,61029,24753,38236,38064,50468,32299
2023-03-22T06:00:00Z,159004,130063,88978,70145,28941,46241,46044,61497,39536
2023-03-22T07:00:00Z,163602,140651,88026,75242,22951,51387,51200,60904,37760
2023-03-22T08:00:00Z,168445,145016,87971,74905,23429,57183,56955,66697,41739
2023-03-22T09:00:00Z,170858,148155,88888,76582,22703,59376,59142,67956,42561
2023-03-22T10:00:00Z,193771,169523,89647,76434,24248,57898,57641,66860,43469
2023-03-22T11:00:00Z,165448,143043,88429,76616,22405,57252,57013,65712,42155
2023-03-22T12:00:00Z,191905,136956,117230,73029,54949,57758,57521,90101,65488
2023-03-22T13:00:00Z,197025,161818,103338,78796,35207,63776,63520,84751,58766
2023-03-22T14:00:00Z,198254,175449,99170,87748,22805,70279,70036,77955,50243
2023-03-22T15:00:00Z,201398,177213,90158,78515,24185,66870,66595,76416,48349
2023-03-22T16:00:00Z,188028,165492,96153,84646,22536,65404,65137,74322,48984
2023-03-22T17:00:00Z,190020,162517,98087,85768,27503,62660,62417,73945,47362
2023-03-22T18:00:00Z,189771,161174,99293,81851,28597,58630,58376,73136,50111
2023-03-22T19:00:00Z,190101,164805,88586,77233,25296,54611,54385,65620,41834
2023-03-22T20:00:00Z,177430,149094,95404,80155,28336,54230,53988,65897,44932
2023-03-22T21:00:00Z,166191,135524,89271,75520,30667,50668,50439,62315,41161
2023-03-22T22:00:00Z,152803,126175,86573,73159,26628,45656,45441,55640,38550
2023-03-22T23:00:00Z,142759,115302,83505,69663,27457,42348,42166,54688,37423
2023-03-23T00:00:00Z,152684,112365,93558,66797,40319,41482,41264,69275,51942
2023-03-23T01:00:00Z,162776,113777,101621,66841,48999,43701,43499,79404,59904
2023-03-23T02:00:00Z,146496,120283,82660,67934,26213,44461,44248,57174,37468
2023-03-23T03:00:00Z,140654,115378,74716,61644,25276,41859,41673,52902,32776
2023-03-23T04:00:00Z,135339,112029,71051,58078,23310,37598,37427,47790,31188
2023-03-23T05:00:00Z,136502,109267,73603,59125,27235,39855,39672,52333,32777
2023-03-23T06:00:00Z,153836,124650,85323,66822,29186,47050,46833,61982,40300
2023-03-23T07:00:00Z,166481,141858,88943,75841,24623,51892,51675,62864,37953
2023-03-23T08:00:00Z,163839,141823,82210,70519,22016,54657,54438,62999,39080
2023-03-23T09:00:00Z,168435,143376,84363,72746,25059,57946,57711,66928,40846
2023-03-23T10:00:00Z,172824,147405,90432,77162,25419,57503,57271,67682,43499
2023-03-23T11:00:00Z,170135,145368,88242,76645,24767,57019,56775,67306,41846
2023-03-23T12:00:00Z,199402,149228,111543,72379,50174,57640,57389,88474,64052
2023-03-23T13:00:00Z,202534,166152,100977,77814,36382,62462,62221,85294,57945
2023-03-23T14:00:00Z,182661,158470,92623,82198,24191,67091,66825,75442,47617
2023-03-23T15:00:00Z,183045,153197,91408,79351,29848,65569,65330,79651,48728
2023-03-23T16:00:00Z,177869,153706,92682,80660,24163,63534,63247,73739,47887
2023-03-23T17:00:00Z,190069,159876,94082,82254,30193,59987,59750,72417,45491
2023-03-23T18:00:00Z,185382,154785,99055,81727,30597,57527,57283,71714,49361
2023-03-23T19:00:00Z,179050,145879,96503,82784,33171,54674,54447,67394,43837
2023-03-23T20:00:00Z,178868,147297,99341,83906,31571,53904,53661,66841,45939
2023-03-23T21:00:00Z,178146,138294,94649,79822,39852,49809,49573,65271,41999
2023-03-23T22:00:00Z,161137,130659,93324,78547,30478,45593,45393,57880,40073
2023-03-23T23:00:00Z,149943,113850,82996,69098,36093,41777,41577,56266,37029
2023-03-24T00:00:00Z,161895,115568,97239,69935,46327,41470,41245,70926,52848
2023-03-24T01:00:00Z,174727,119181,103385,69259,55546,43797,43591,81624,59212
2023-03-24T02:00:00Z,150338,120948,82784,67020,29390,44296,44104,57767,38069
2023-03-24T03:00:00Z,144734,115472,77184,63095,29262,41663,41479,53889,32882
2023-03-24T04:00:00Z,130792,103779,72530,58829,27013,37166,36975,47682,31510
2023-03-24T05:00:00Z,141287,109543,74900,59739,31744,39437,39255,53660,32907
2023-03-24T06:00:00Z,167301,131737,85299,65472,35564,46454,46231,62345,40043
2023-03-24T07:00:00Z,169034,138320,87671,73636,30714,50692,50503,62975,37598
2023-03-24T08:00:00Z,181553,150357,93685,77833,31196,56988,56760,68789,43168
2023-03-24T09:00:00Z,173599,142070,85874,71884,31529,57219,56991,69173,41960
2023-03-24T10:00:00Z,179975,147576,94284,77666,32399,56844,56627,69286,45021
2023-03-24T11:00:00Z,185995,153764,94490,80811,32231,55737,55510,68027,42470
2023-03-24T12:00:00Z,207753,143959,122104,72398,63794,53666,53422,88278,64833
2023-03-24T13:00:00Z,192414,142713,102081,75537,49701,58015,57778,85243,56816
2023-03-24T14:00:00Z,175763,150597,90497,78756,25166,62596,62351,71763,45947
2023-03-24T15:00:00Z,187389,152756,94679,80510,34633,62159,61880,76161,47612
2023-03-24T16:00:00Z,186109,156693,95108,81216,29416,59952,59684,71318,46766
2023-03-24T17:00:00Z,175020,143168,90144,77074,31852,54843,54579,67318,42747
2023-03-24T18:00:00Z,181169,139327,96596,76825,41842,51663,51389,70147,47060
2023-03-24T19:00:00Z,176683,137158,86893,72393,39525,47985,47737,62130,39397
2023-03-24T20:00:00Z,168461,129065,88833,72796,39396,45429,45190,61127,39828
2023-03-24T21:00:00Z,163080,121127,83131,68273,41953,41856,41661,55878,36161
2023-03-24T22:00:00Z,185048,114094,76810,61633,70954,36760,36558,59270,33361
2023-03-24T23:00:00Z,177366,104690,73294,58337,72676,34263,34088,58192,32237
2023-03-25T00:00:00Z,174215,97551,89087,58321,76664,32250,32034,72148,49529
2023-03-25T01:00:00Z,156527,90401,96612,57696,66126,31599,31409,73275,56574
2023-03-25T02:00:00Z,122744,88861,71854,54581,33883,31213,31041,46461,32220
2023-03-25T03:00:00Z,115082,87669,66979,52640,27413,28764,28582,39693,26217
2023-03-25T04:00:00Z,105774,82242,62984,49678,23532,28035,27902,38318,25673
2023-03-25T05:00:00Z,109815,84781,65697,50725,25034,28820,28699,40118,26695
2023-03-25T06:00:00Z,119667,91462,72296,53391,28205,31862,31716,46992,31927
2023-03-25T07:00:00Z,121755,98311,71460,57573,23444,33607,33465,44675,28763
2023-03-25T08:00:00Z,127026,104303,74910,60750,22723,36304,36154,47237,30679
2023-03-25T09:00:00Z,130417,108919,76790,63938,21498,37750,37601,48725,31007
2023-03-25T10:00:00Z,139651,116500,79229,64921,23151,38535,38396,51329,33386
2023-03-25T11:00:00Z,141799,119568,76142,63341,22231,39328,39181,49423,31702
2023-03-25T12:00:00Z,190355,113097,134453,66507,77258,41305,41130,79331,60795
2023-03-25T13:00:00Z,164455,124398,105202,72810,40057,45192,45050,74750,55267
2023-03-25T14:00:00Z,162019,140313,96615,83521,21706,49369,49216,60135,39478
2023-03-25T15:00:00Z,160318,136679,94759,79693,23639,48783,48630,61229,40665
2023-03-25T16:00:00Z,153845,131867,90905,76647,21978,47694,47549,59601,39874
2023-03-25T17:00:00Z,149676,129701,89464,77053,19975,45634,45495,55866,37173
2023-03-25T18:00:00Z,149539,122691,93577,74169,26848,43290,43151,59446,42026
2023-03-25T19:00:00Z,132692,112943,80563,68077,19749,39555,39418,49297,33505
2023-03-25T20:00:00Z,129477,108302,81456,66807,21175,37336,37208,49400,34427
2023-03-25T21:00:00Z,121250,101361,74959,61969,19889,34434,34318,44327,30348
2023-03-25T22:00:00Z,110043,91252,68793,56604,18791,30576,30435,40333,28153
2023-03-25T23:00:00Z,104315,85325,66173,53691,18990,29799,29677,40114,28544
2023-03-26T00:00:00Z,116687,81142,78237,52069,35545,27636,27479,55241,44057
2023-03-26T01:00:00Z,125811,82375,86959,52946,43436,27773,27628,62233,50355
2023-03-26T02:00:00Z,113836,87266,75070,56111,26570,26727,26598,44998,32758
2023-03-26T03:00:00Z,104026,84381,65370,52735,19645,26783,26666,36284,23975
2023-03-26T04:00:00Z,100043,81186,63534,51062,18857,26459,26344,36064,24434
2023-03-26T05:00:00Z,105258,84357,65391,51202,20901,27788,27677,38685,25875
2023-03-26T06:00:00Z,114065,89710,71858,53688,24355,30490,30362,45275,31309
2023-03-26T07:00:00Z,114580,96630,69799,58012,17950,32631,32503,41945,26912
2023-03-26T08:00:00Z,123506,103800,75201,61787,19706,35297,35156,46340,30596
2023-03-26T09:00:00Z,127647,107704,75486,62644,19943,37737,37606,47511,30779
2023-03-26T10:00:00Z,131364,109579,79283,64707,21785,39120,38985,50892,34062
2023-03-26T11:00:00Z,134710,115042,79303,67020,19668,40764,40614,50673,33117
2023-03-26T12:00:00Z,195968,122025,137724,71786,73943,44089,43938,81487,62631
2023-03-26T13:00:00Z,170577,131460,108253,76088,39117,48695,48541,77338,57321
2023-03-26T14:00:00Z,163791,143559,96211,83280,20232,52885,52734,63882,41937
2023-03-26T15:00:00Z,167730,144945,98864,84243,22785,52308,52155,64397,43003
2023-03-26T16:00:00Z,168449,145001,93960,80014,23448,49519,49356,61559,41258
2023-03-26T17:00:00Z,158203,136515,92369,79377,21688,47965,47806,58809,39582
2023-03-26T18:00:00Z,164801,136114,93764,74430,28687,45322,45167,62400,44149
2023-03-26T19:00:00Z,161180,139342,85762,72756,21838,43770,43607,53939,36518
2023-03-26T20:00:00Z,154046,128602,84545,69818,25444,41536,41371,53281,37217
2023-03-26T21:00:00Z,131023,109828,78941,65907,21195,37513,37375,47591,32940
2023-03-26T22:00:00Z,119998,99156,75802,62716,20842,33340,33207,43443,30428
2023-03-26T23:00:00Z,112825,91997,71340,58633,20828,31830,31694,41632,29665
2023-03-27T00:00:00Z,141472,98519,89436,60946,42953,33796,33619,63614,49011
2023-03-27T01:00:00Z,176028,104264,97382,60764,71764,39023,38856,76355,57724
2023-03-27T02:00:00Z,150419,113132,79359,63925,37287,40858,40679,54469,34300
2023-03-27T03:00:00Z,144814,111381,76582,62605,33433,40065,39894,50475,31168
2023-03-27T04:00:00Z,145801,112682,70853,57840,33119,36169,35997,47882,29997
2023-03-27T05:00:00Z,154633,116079,79258,64232,38554,40642,40470,53686,33522
2023-03-27T06:00:00Z,176936,136834,90277,70803,40102,50628,50407,66870,41880
2023-03-27T07:00:00Z,182771,149993,87779,74257,32778,56466,56217,66462,39674
2023-03-27T08:00:00Z,168716,139582,82646,70033,29134,57311,57029,66816,40477
2023-03-27T09:00:00Z,171833,144857,82886,71369,26976,58277,58037,66347,40412
2023-03-27T10:00:00Z,179051,150140,87079,74013,28911,56283,56039,67372,42098
2023-03-27T11:00:00Z,174469,145479,87703,75693,28990,57657,57421,67081,41763
2023-03-27T12:00:00Z,53669,42573,21673,17473,11096,22234,22089,26591,14424
2023-03-27T13:00:00Z,151089,119729,77968,58485,31360,57584,57350,77813,52363
2023-03-27T14:00:00Z,181400,155033,89160,78630,26367,68703,68388,78786,49672
2023-03-27T15:00:00Z,191339,167526,90177,78260,23813,65814,65561,75551,47936
2023-03-27T16:00:00Z,193444,164509,92345,79932,28935,63040,62765,73322,47240
2023-03-27T17:00:00Z,176521,148474,90994,79602,28047,59337,59093,69805,44538
2023-03-27T18:00:00Z,188634,149059,100472,82168,39575,57983,57723,75104,50543
2023-03-27T19:00:00Z,186717,155118,88326,75192,31599,54082,53844,65968,42951
2023-03-27T20:00:00Z,191259,155837,91283,75795,35422,52374,52122,65727,43989
2023-03-27T21:00:00Z,174881,135713,89835,74785,39168,48675,48419,63061,40795
2023-03-27T22:00:00Z,165971,122658,85331,70978,43313,43404,43177,58074,36856
2023-03-27T23:00:00Z,143917,111441,78395,64246,32476,40689,40486,52818,35750
2023-03-28T00:00:00Z,158092,113698,91457,65086,44394,41603,41370,69329,50991
2023-03-28T01:00:00Z,168189,118695,102133,68266,49494,45658,45463,79330,59301
2023-03-28T02:00:00Z,150093,121750,81746,65729,28343,46307,46114,60143,39407
2023-03-28T03:00:00Z,143052,117064,76698,63022,25988,43471,43305,53131,33185
2023-03-28T04:00:00Z,137206,111980,76556,63144,25226,39742,39576,50435,32878
2023-03-28T05:00:00Z,150818,122585,79109,64091,28233,43827,43638,55787,35554
2023-03-28T06:00:00Z,172926,141785,90485,71613,31141,53302,53086,68068,43440
2023-03-28T07:00:00Z,157217,135006,79596,68152,22211,55067,54835,63762,38678
2023-03-28T08:00:00Z,165918,141985,85224,72833,23933,58625,58386,67120,41770
2023-03-28T09:00:00Z,175433,150371,87950,75735,25062,61016,60760,69609,43092
2023-03-28T10:00:00Z,173271,145765,89073,75011,27506,57936,57693,68545,44012
2023-03-28T11:00:00Z,172767,148155,88712,76817,24612,58647,58420,67251,42487
2023-03-28T12:00:00Z,194936,143835,113684,74838,51101,60180,59917,91001,65128
2023-03-28T13:00:00Z,193465,156907,104922,80948,36558,66448,66201,87114,59789
2023-03-28T14:00:00Z,194545,168552,97443,86039,25993,71255,70961,79839,50650
2023-03-28T15:00:00Z,190805,164717,96856,84348,26088,69199,68939,79220,51001
2023-03-28T16:00:00Z,189989,165892,94178,83285,24097,64871,64608,75234,48817
2023-03-28T17:00:00Z,171294,148408,90557,79567,22886,59375,59115,68545,44406
2023-03-28T18:00:00Z,182029,152397,99326,82285,29632,59088,58807,74378,50399
2023-03-28T19:00:00Z,169348,145553,91747,79734,23795,55727,55468,65234,43064
2023-03-28T20:00:00Z,172315,145039,95104,80023,27276,54416,54147,66209,44727
2023-03-28T21:00:00Z,159640,133353,88003,74600,26287,48926,48702,59204,39771
2023-03-28T22:00:00Z,149895,123223,80979,67432,26672,42988,42768,54042,36046
2023-03-28T23:00:00Z,138673,111695,76982,63620,26978,41142,40937,52826,35440
2023-03-29T00:00:00Z,149999,110644,86229,62362,39355,41148,40915,65866,48075
2023-03-29T01:00:00Z,169743,112458,93093,62341,57285,44306,44113,74491,54718
2023-03-29T02:00:00Z,152971,118363,82951,62756,34608,45820,45619,64235,42967
2023-03-29T03:00:00Z,143702,116224,75151,61234,27478,43781,43591,53963,33524
2023-03-29T04:00:00Z,136463,109051,74020,59855,27412,39160,38969,50232,32317
2023-03-29T05:00:00Z,150566,119636,80873,64660,30930,43607,43424,56177,35809
2023-03-29T06:00:00Z,175412,141868,92211,72018,33544,53226,53022,68509,43752
2023-03-29T07:00:00Z,164851,140584,84136,71336,24267,56060,55844,64851,39179
2023-03-29T08:00:00Z,169676,145065,86574,73873,24611,58953,58702,68264,41938
2023-03-29T09:00:00Z,173559,148548,85920,73388,25011,59945,59684,68694,42136
2023-03-29T10:00:00Z,170624,143515,87548,73498,27109,57437,57185,67715,43118
2023-03-29T11:00:00Z,173035,147832,88420,75719,25203,58590,58353,67064,42104
2023-03-29T12:00:00Z,190266,140860,109452,71726,49406,59347,59110,88978,63665
2023-03-29T13:00:00Z,204645,166639,111321,85422,38006,68791,68537,90007,62059
2023-03-29T14:00:00Z,220658,195511,108953,99361,25147,78062,77767,87747,56284
2023-03-29T15:00:00Z,211177,191052,106588,98277,20125,75510,75247,84401,54704
2023-03-29T16:00:00Z,175741,161407,88220,84231,14334,63761,63528,71195,44083
2023-03-29T17:00:00Z,177351,153750,91796,80589,23601,60282,60025,74353,48170
2023-03-29T18:00:00Z,175757,145886,92227,75746,29871,56761,56473,71913,48598
2023-03-29T19:00:00Z,169437,144602,89189,76582,24835,54494,54234,64691,42724
2023-03-29T20:00:00Z,159271,132715,86135,72106,26556,51150,50901,62958,42493
2023-03-29T21:00:00Z,154444,128776,84155,71273,25668,47494,47258,57873,38486
2023-03-29T22:00:00Z,148225,118812,81839,67079,29413,42106,41881,53403,36183
2023-03-29T23:00:00Z,135247,107240,77151,61764,28007,39761,39570,51746,36161
2023-03-30T00:00:00Z,152645,110035,91041,62993,42610,40946,40710,68808,52053
2023-03-30T01:00:00Z,162158,112816,98048,63798,49342,44158,43947,77608,58380
2023-03-30T02:00:00Z,149810,119104,82136,64711,30706,45319,45109,60108,39691
2023-03-30T03:00:00Z,140972,114460,76813,62470,26512,43056,42875,53199,33748
2023-03-30T04:00:00Z,130682,106018,72821,59345,24664,38238,38051,49309,32117
2023-03-30T05:00:00Z,140913,113725,76670,61105,27188,42509,42317,54282,34779
2023-03-30T06:00:00Z,153611,124360,81129,63455,29251,49905,49654,63497,40627
2023-03-30T07:00:00Z,148315,127131,76267,64927,21184,53094,52898,60816,37056
2023-03-30T08:00:00Z,157973,135514,80467,68432,22459,56855,56646,65236,40603
2023-03-30T09:00:00Z,172682,149169,87167,75086,23513,60251,60007,68184,42468
2023-03-30T10:00:00Z,171378,146009,90428,76492,25369,57235,56992,67829,43745
2023-03-30T11:00:00Z,171343,147050,89977,77797,24293,57218,56954,66374,41965
2023-03-30T12:00:00Z,188854,136813,112488,71794,52041,58238,57958,88729,64182
2023-03-30T13:00:00Z,186777,151898,102706,78776,34879,64975,64694,86277,59448
2023-03-30T14:00:00Z,185555,160407,94773,83768,25148,68072,67791,76993,48636
2023-03-30T15:00:00Z,168567,146815,89080,77402,21752,62962,62716,72482,46740
2023-03-30T16:00:00Z,176202,153196,89873,77713,23006,60898,60648,70824,46353
2023-03-30T17:00:00Z,176020,153062,92770,80841,22958,59385,59127,69264,45449
2023-03-30T18:00:00Z,178670,149651,97607,80267,29019,56906,56654,71849,49200
2023-03-30T19:00:00Z,167197,142591,90953,78297,24606,54708,54441,64947,43661
2023-03-30T20:00:00Z,172334,144183,93198,78141,28151,52758,52467,65995,44712
2023-03-30T21:00:00Z,165424,133316,91426,75144,32108,47818,47584,61417,41711
2023-03-30T22:00:00Z,153941,122982,85583,70194,30959,42444,42217,54914,37857
2023-03-30T23:00:00Z,139655,111402,80543,65544,28253,40031,39842,51738,36215
2023-03-31T00:00:00Z,151474,110224,91518,64573,41250,40458,40237,67944,51540
2023-03-31T01:00:00Z,162653,112101,99990,65063,50552,44027,43835,78198,59569
2023-03-31T02:00:00Z,140968,114677,79500,64714,26291,44820,44642,57488,38404
2023-03-31T03:00:00Z,139064,113647,75797,62530,25417,41893,41715,51606,32584
2023-03-31T04:00:00Z,129711,104265,71235,58018,25446,37651,37472,48306,31434
2023-03-31T05:00:00Z,143585,114366,77182,62068,29219,41388,41198,53331,33764
2023-03-31T06:00:00Z,170284,140103,91397,72645,30181,51701,51480,65636,42165
2023-03-31T07:00:00Z,177197,151532,91344,78021,25665,56940,56727,65716,40250
2023-03-31T08:00:00Z,183384,157589,92378,78727,25795,59767,59540,69110,43226
2023-03-31T09:00:00Z,181980,154915,92253,78959,27065,60316,60052,68855,43223
2023-03-31T10:00:00Z,183443,154502,96987,81328,28941,57239,56978,69122,45571
2023-03-31T11:00:00Z,183929,155111,96006,81542,28818,57084,56861,67563,43608
2023-03-31T12:00:00Z,205183,141768,123727,73597,63415,56138,55877,90795,66742
2023-03-31T13:00:00Z,189769,151454,102544,76376,38315,59953,59718,83261,58354
2023-03-31T14:00:00Z,185945,151313,90631,78858,34632,62932,62697,75353,46257
2023-03-31T15:00:00Z,179509,145667,90115,76501,33842,59970,59723,72864,45560
2023-03-31T16:00:00Z,174265,148359,89426,76289,25906,56898,56643,68069,44146
2023-03-31T17:00:00Z,176169,148413,93677,80133,27756,54979,54748,67519,44313
2023-03-31T18:00:00Z,173374,141780,96757,77290,31594,52467,52236,69754,48339
2023-03-31T19:00:00Z,172375,145824,91806,77838,26551,53590,53371,63576,43195
2023-03-31T20:00:00Z,168375,140164,93817,77642,28211,49821,49611,62960,43751
2023-03-31T21:00:00Z,152130,123821,82677,67639,28309,44120,43918,53199,36166
2023-03-31T22:00:00Z,133704,106819,74884,60555,26885,37829,37641,47711,32487
2023-03-31T23:00:00Z,121262,97775,70490,57054,23487,35043,34880,44646,31146
2023-04-01T00:00:00Z,140839,94116,85177,55371,46723,32719,32515,62932,49195
2023-04-01T01:00:00Z,144463,88876,92696,52785,55587,31942,31767,70827,56759
2023-04-01T02:00:00Z,120576,87041,65671,49990,33535,30705,30560,44508,29579
2023-04-01T03:00:00Z,117249,88447,65655,51328,28802,30118,29974,40959,26524
2023-04-01T04:00:00Z,112175,86216,64545,50462,25959,29174,29040,39784,26440
2023-04-01T05:00:00Z,118687,90689,69660,54342,27998,30504,30376,41601,27605
2023-04-01T06:00:00Z,124321,93621,72132,52575,30700,33395,33262,49043,32963
2023-04-01T07:00:00Z,130690,104791,71738,57935,25899,35261,35116,46132,28932
2023-04-01T08:00:00Z,131595,103192,73336,57995,28403,37493,37329,49118,31409
2023-04-01T09:00:00Z,134170,108484,73387,59619,25686,39021,38888,48928,31058
2023-04-01T10:00:00Z,134995,106633,76541,61003,28362,38758,38624,50597,33259
2023-04-01T11:00:00Z,135103,108959,75343,61788,26144,39255,39117,49575,31414
2023-04-01T12:00:00Z,204757,116853,140336,66765,87904,41551,41407,80784,60978
2023-04-01T13:00:00Z,169593,125652,103490,70981,43941,45514,45374,74290,54434
2023-04-01T14:00:00Z,161174,133465,89581,75308,27709,49866,49724,60599,39522
2023-04-01T15:00:00Z,162887,134469,91308,75553,28418,49315,49156,62147,40656
2023-04-01T16:00:00Z,154185,128761,89125,74365,25424,46750,46573,59266,39172
2023-04-01T17:00:00Z,154759,129754,89597,76289,25005,44853,44697,55853,36791
2023-04-01T19:00:00Z,135009,112542,79116,66291,22467,38959,38825,49299,32726
2023-04-01T20:00:00Z,136678,109380,80711,65225,27298,36521,36379,49258,33900
2023-04-01T21:00:00Z,123611,99229,71928,58605,24382,33136,33015,43810,29451
2023-04-01T22:00:00Z,109754,87442,65592,53005,22312,29416,29304,39448,26938
2023-04-01T23:00:00Z,104858,82782,64265,51814,22076,28462,28353,38527,27102
2023-04-02T00:00:00Z,121060,81083,79175,50603,39977,27365,27191,56830,45224
2023-04-02T01:00:00Z,124157,77382,87102,48046,46775,27395,27240,66467,54617
2023-04-02T02:00:00Z,100314,78985,62147,47749,21329,26814,26675,39384,26884
2023-04-02T03:00:00Z,99656,80589,60338,48016,19067,27360,27248,36735,24043
2023-04-02T04:00:00Z,98710,80251,60329,47938,18459,27320,27194,37106,24544
2023-04-02T05:00:00Z,102403,81758,62513,48526,20645,28235,28128,38898,25717
2023-04-02T06:00:00Z,113826,88832,70016,51749,24994,31231,31103,45856,31503
2023-04-02T07:00:00Z,115253,96518,66592,54082,18735,33811,33687,42881,27186
2023-04-02T08:00:00Z,125035,104369,74187,60456,20666,36515,36365,47317,30935
2023-04-02T09:00:00Z,128469,108233,74526,61670,20236,38560,38428,48461,31262
2023-04-02T10:00:00Z,132762,109414,77573,62687,23348,39278,39142,51543,34170
2023-04-02T11:00:00Z,131781,111416,75245,62636,20365,40150,40018,50324,32403
2023-04-02T12:00:00Z,200210,120424,139726,68209,79786,43550,43404,81495,62349
2023-04-02T13:00:00Z,170953,131203,105555,73000,39750,47973,47826,77565,57147
2023-04-02T14:00:00Z,161293,139650,92550,79115,21643,51488,51338,61765,40609
2023-04-02T15:00:00Z,162687,138364,93520,78320,24323,50960,50812,63042,42107
2023-04-02T16:00:00Z,155894,133053,90707,76513,22841,48750,48601,61467,41173
2023-04-02T17:00:00Z,148902,127848,88255,75593,21054,46349,46199,57062,38205
2023-04-02T18:00:00Z,154635,126471,93647,74018,28164,45621,45475,62843,44442
2023-04-02T19:00:00Z,139202,119010,82468,69848,20192,42535,42410,52773,35795
2023-04-02T20:00:00Z,138971,115146,84515,68855,23825,40421,40279,52968,36801
2023-04-02T21:00:00Z,127803,106913,78453,65276,20890,36573,36421,46946,32209
2023-04-02T22:00:00Z,115512,94948,70432,57504,20564,32858,32728,43438,29975
2023-04-02T23:00:00Z,110065,90223,68178,55651,19842,32469,32336,42178,30072
2023-04-03T00:00:00Z,140230,98390,87532,57663,41840,34355,34179,65092,50800
2023-04-03T01:00:00Z,169851,102729,95566,58315,67122,39224,39041,76469,58489
2023-04-03T02:00:00Z,144019,111358,75914,61416,32661,41541,41346,53207,33852
2023-04-03T03:00:00Z,137977,107873,72287,58947,30104,40404,40239,49992,30978
2023-04-03T04:00:00Z,131651,101052,70749,57692,30599,36769,36614,47456,30523
2023-04-03T05:00:00Z,149587,113353,76918,62226,36234,41199,41023,52749,32646
2023-04-03T06:00:00Z,172763,135909,89495,70084,36854,51121,50929,65344,41384
2023-04-03T07:00:00Z,163945,135934,80553,68174,28011,54094,53885,62285,37406
2023-04-03T08:00:00Z,174991,145702,84926,71468,29289,57056,56798,67094,40530
2023-04-03T09:00:00Z,186612,152815,90824,76229,33797,59740,59494,69984,42944
2023-04-03T10:00:00Z,186145,150488,94415,77679,35657,57324,57072,70059,44788
2023-04-03T11:00:00Z,179371,147264,89491,75944,32107,57009,56781,67213,41908
2023-04-03T12:00:00Z,205209,139646,121396,71742,65563,58456,58184,91741,66493
2023-04-03T13:00:00Z,194071,154292,104222,79210,39779,64709,64462,86434,59326
2023-04-03T14:00:00Z,202865,171638,101042,88636,31227,70517,70251,79516,51004
2023-04-03T15:00:00Z,184016,152168,93723,79199,31848,64073,63825,75151,48120
2023-04-03T16:00:00Z,183702,151240,93588,78385,32462,61724,61462,72627,47243
2023-04-03T17:00:00Z,189697,158484,98404,85461,31213,60004,59747,70502,45609
2023-04-03T18:00:00Z,186202,149922,99716,82097,36280,57689,57418,73480,49866
2023-04-03T19:00:00Z,180556,147121,94026,80504,33435,55902,55641,67077,43983
2023-04-03T20:00:00Z,180765,147106,97525,81674,33659,54509,54258,67324,45945
2023-04-03T21:00:00Z,170438,136044,89819,75975,34394,48514,48302,60415,40266
2023-04-03T22:00:00Z,159205,123213,84391,70237,35992,43343,43102,55925,37255
2023-04-03T23:00:00Z,181930,99824,69915,58524,82106,38244,38030,75494,32617
2023-04-04T00:00:00Z,208705,105625,87371,61630,103080,40170,39957,96448,50866
2023-04-04T01:00:00Z,210413,105553,92837,59918,104860,43584,43418,104161,58022
2023-04-04T02:00:00Z,153104,121338,83078,67451,31766,47155,46971,62214,40053
2023-04-04T03:00:00Z,144344,116796,77791,63882,27548,43259,43075,53303,33648
2023-04-04T04:00:00Z,134883,108055,74303,60419,26828,39465,39284,50735,33001
2023-04-04T05:00:00Z,144591,114799,77348,61637,29792,42962,42757,55225,35343
2023-04-04T06:00:00Z,173112,139765,92302,72207,33347,52724,52500,68370,43995
2023-04-04T07:00:00Z,173931,148478,87011,74195,25453,57823,57604,67504,40690
2023-04-04T08:00:00Z,187260,158224,93099,79757,29036,61580,61356,71790,44742
2023-04-04T09:00:00Z,185132,157451,89937,77639,27681,61449,61181,70250,43227
2023-04-04T10:00:00Z,182625,151463,92932,78849,31162,58483,58232,70241,44955
2023-04-04T11:00:00Z,181734,155319,93305,80967,26415,58467,58242,67740,42677
2023-04-04T12:00:00Z,207528,144059,126528,76042,63469,59739,59486,93825,68791
2023-04-04T13:00:00Z,198020,160143,107513,81633,37877,65180,64902,88260,61156
2023-04-04T14:00:00Z,191594,167295,96467,85415,24299,69648,69377,78508,50077
2023-04-04T15:00:00Z,190950,164861,98006,84477,26089,67593,67321,77819,50306
2023-04-04T16:00:00Z,186806,161275,96713,83432,25531,64842,64560,75646,49427
2023-04-04T17:00:00Z,190464,165649,100485,87907,24815,61758,61496,72426,47179
2023-04-04T18:00:00Z,190719,158064,103242,83965,32655,59890,59631,75836,52093
2023-04-04T19:00:00Z,182200,156611,99020,85472,25589,56399,56135,66506,44535
2023-04-04T20:00:00Z,173897,145883,97575,82060,28014,53487,53223,65904,45384
2023-04-04T21:00:00Z,161284,132734,87293,74149,28550,47618,47373,60720,39726
2023-04-04T22:00:00Z,144563,118808,80705,67038,25755,42192,41974,52919,36206
2023-04-04T23:00:00Z,135482,112838,78091,65079,22644,40711,40507,50521,35550
2023-04-05T00:00:00Z,159358,109875,100374,64812,49483,40160,39910,77205,60982
2023-04-05T01:00:00Z,163146,110974,104348,66498,52172,40724,40518,78570,61950
2023-04-05T02:00:00Z,133424,109799,77618,64089,23625,39253,39086,50828,33812
2023-04-05T03:00:00Z,126503,103370,71434,58661,23133,38028,37853,48278,31533
2023-04-05T04:00:00Z,127580,104999,71286,58406,22581,38259,38076,49663,32132
2023-04-05T05:00:00Z,137340,110692,75512,60734,26648,39914,39743,52540,33870
2023-04-05T06:00:00Z,161402,129322,87929,68900,32080,47011,46772,63014,41800
2023-04-05T07:00:00Z,170410,146045,87940,75264,24365,53507,53255,64109,39796
2023-04-05T08:00:00Z,176851,152985,92298,79030,23866,57034,56763,68338,43816
2023-04-05T09:00:00Z,179214,154394,93716,80329,24820,58080,57832,67710,42797
2023-04-05T10:00:00Z,178095,152430,93393,78871,25665,56385,56170,69006,44649
2023-04-05T11:00:00Z,182701,156185,93404,80363,26516,57783,57568,67692,43236
2023-04-05T12:00:00Z,203013,151310,119114,79532,51703,60287,60059,92808,67626
2023-04-05T13:00:00Z,198305,160332,110134,82675,37973,66356,66089,90727,63823
2023-04-05T14:00:00Z,197051,170792,101279,89449,26259,70310,70050,79728,50903
2023-04-05T15:00:00Z,196646,170423,102236,88308,26223,68871,68591,79336,51623
2023-04-05T16:00:00Z,184375,160746,97742,84781,23629,63959,63707,74474,49131
2023-04-05T17:00:00Z,185459,161586,98461,86191,23873,61025,60790,71242,46024
2023-04-05T18:00:00Z,185611,154350,101778,83012,31261,58304,58034,74445,51231
2023-04-05T19:00:00Z,173291,148165,93587,80212,25126,54942,54672,65347,43473
2023-04-05T20:00:00Z,170017,142316,94463,79055,27701,52461,52223,65104,44310
2023-04-05T21:00:00Z,156254,131178,87183,73703,25076,47400,47150,57005,38592
2023-04-05T22:00:00Z,146680,119120,82786,68792,27560,41594,41378,52747,35899
2023-04-05T23:00:00Z,137495,111893,79451,65959,25602,39946,39725,49589,34935
2023-04-06T00:00:00Z,158626,114146,100918,69680,44480,40460,40218,72668,56470
2023-04-06T01:00:00Z,162006,112071,101699,64583,49935,43758,43546,79629,61292
2023-04-06T02:00:00Z,143436,118065,80849,66115,25371,44233,44023,55744,36219
2023-04-06T03:00:00Z,138854,113782,74486,61303,25072,42232,42017,51342,32161
2023-04-06T04:00:00Z,127138,104198,71089,57967,22940,37759,37569,47726,31298
2023-04-06T05:00:00Z,141253,116013,76948,62152,25240,42026,41839,52693,33513
2023-04-06T06:00:00Z,165125,136019,88806,70174,29106,51559,51345,65674,42263
2023-04-06T07:00:00Z,172118,148366,86657,73557,23752,56837,56612,64736,39642
2023-04-06T08:00:00Z,176127,152677,89562,76377,23450,58713,58475,67252,42131
2023-04-06T09:00:00Z,186280,162104,92246,78932,24176,60637,60403,68784,42975
2023-04-06T10:00:00Z,177603,151281,92571,77319,26322,56894,56667,68199,44106
2023-04-06T11:00:00Z,181256,156111,94684,81051,25145,56762,56546,65560,41673
2023-04-06T12:00:00Z,227003,156271,142348,83197,70732,59768,59488,95381,70596
2023-04-06T13:00:00Z,197845,160841,110554,83522,37004,63525,63278,86481,60774
2023-04-06T14:00:00Z,185991,163936,98006,86255,22055,66166,65907,74356,47937
2023-04-06T15:00:00Z,191477,165802,101138,86637,25675,64964,64679,74827,49105
2023-04-06T16:00:00Z,176774,152512,93935,80689,24262,59303,59004,69278,45670
2023-04-06T17:00:00Z,177280,153124,93161,80799,24156,57007,56755,67062,43518
2023-04-06T18:00:00Z,179002,147583,100820,81441,31419,54136,53870,70243,48825
2023-04-06T19:00:00Z,164294,141157,89061,75995,23137,51012,50777,60663,40583
2023-04-06T20:00:00Z,165654,139088,93262,77325,26566,49315,49079,61493,42475
2023-04-06T21:00:00Z,155803,130058,85040,70705,25745,44231,44017,55459,36782
2023-04-06T22:00:00Z,138982,114126,78663,65121,24856,38215,37995,49926,33792
2023-04-06T23:00:00Z,129345,106304,75511,62157,23041,36395,36177,47163,32820
2023-04-07T00:00:00Z,151486,106682,94883,62240,44804,37006,36778,71726,55890
2023-04-07T01:00:00Z,165639,106708,97172,60107,58931,39858,39678,76552,58573
2023-04-07T02:00:00Z,136077,110735,74814,60267,25342,40721,40531,51843,33134
2023-04-07T03:00:00Z,129126,105434,69922,56870,23692,39041,38851,48698,30197
2023-04-07T04:00:00Z,121028,98186,69182,56440,22842,34850,34685,45098,29575
2023-04-07T05:00:00Z,131136,106171,73626,58958,24965,38272,38116,49027,31356
2023-04-07T06:00:00Z,153325,123562,84765,65611,29763,46190,45999,61545,39902
2023-04-07T07:00:00Z,160020,137296,86219,73621,22724,50121,49926,59874,36646
2023-04-07T08:00:00Z,167830,143717,91037,76890,24113,53233,53014,64488,40455
2023-04-07T09:00:00Z,171605,147092,90541,77178,24513,53494,53266,63857,39702
2023-04-07T10:00:00Z,163098,138033,89768,75078,25065,49309,49109,62419,40811
2023-04-07T11:00:00Z,153715,130615,84139,70976,23100,47451,47263,57724,36892
2023-04-07T12:00:00Z,211945,135568,140169,74359,76377,50408,50201,88544,66633
2023-04-07T13:00:00Z,190552,147904,111371,80185,42648,55132,54918,83635,59742
2023-04-07T14:00:00Z,184008,158255,99747,86150,25753,59694,59434,70604,46054
2023-04-07T15:00:00Z,182246,154994,99788,84320,27252,57842,57611,69832,46308
2023-04-07T16:00:00Z,170037,145487,93750,79641,24550,54054,53848,65490,43648
2023-04-07T17:00:00Z,170127,145749,94372,81151,24378,51643,51434,62064,41125
2023-04-07T18:00:00Z,171309,136936,97483,76340,34373,48716,48486,67061,46897
2023-04-07T19:00:00Z,161635,132246,88744,74885,29389,45952,45745,57183,37954
2023-04-07T20:00:00Z,157610,122996,86607,70163,34614,43484,43280,58564,39312
2023-04-07T21:00:00Z,146966,119403,82665,68189,27563,39424,39245,51090,34174
2023-04-07T22:00:00Z,132198,106767,74696,60654,25431,34116,33938,46034,31176
2023-04-07T23:00:00Z,116081,90726,67609,53912,25355,31716,31537,43310,29987
2023-04-08T00:00:00Z,131781,85595,84499,52306,46186,29936,29726,62895,50178
2023-04-08T01:00:00Z,131336,80639,89334,49367,50697,28907,28743,68755,56193
2023-04-08T02:00:00Z,104939,82417,63161,49692,22522,28141,27978,39835,26708
2023-04-08T03:00:00Z,103631,81590,61549,48327,22041,28243,28109,38850,25430
2023-04-08T04:00:00Z,105280,82705,63316,49578,22575,28093,27949,38977,26021
2023-04-08T05:00:00Z,108738,85463,65361,49954,23275,29575,29427,41325,27251
2023-04-08T06:00:00Z,119955,93062,73139,53793,26893,32666,32530,47991,33031
2023-04-08T07:00:00Z,118650,98197,69560,56143,20453,34736,34595,44819,28515
2023-04-08T08:00:00Z,126099,105177,73989,60165,20922,36809,36679,49227,31441
2023-04-08T09:00:00Z,124945,104645,72330,59351,20300,37236,37109,48569,30647
2023-04-08T10:00:00Z,128041,105988,74804,60089,22053,36992,36845,50748,32639
2023-04-08T11:00:00Z,125467,106591,72287,59776,18876,37104,36971,47677,29883
2023-04-08T12:00:00Z,189970,109206,136714,63170,80764,39369,39210,77547,59929
2023-04-08T13:00:00Z,153673,115293,97631,65976,38380,42682,42553,71361,52547
2023-04-08T14:00:00Z,147843,126579,86159,72926,21264,46552,46412,56973,37864
2023-04-08T15:00:00Z,146909,124134,86700,71795,22775,46257,46106,57918,38758
2023-04-08T16:00:00Z,141105,119596,82998,69011,21509,44409,44253,56346,38082
2023-04-08T17:00:00Z,139627,119339,82274,69690,20288,42355,42230,52861,35050
2023-04-08T18:00:00Z,141172,114915,87877,68675,26257,40483,40362,56962,40742
2023-04-08T19:00:00Z,126053,106769,74346,61787,19284,37038,36918,46252,31642
2023-04-08T20:00:00Z,127869,105860,77414,62212,22009,35487,35339,47115,33267
2023-04-08T21:00:00Z,118776,99219,70234,57365,19557,31887,31750,40846,28542
2023-04-08T22:00:00Z,107082,88658,66150,53610,18424,28529,28421,38732,26964
2023-04-08T23:00:00Z,97608,79932,62831,50909,17676,27589,27478,36694,26283
2023-04-09T00:00:00Z,118428,79628,81001,51263,38800,26618,26461,57697,47018
2023-04-09T01:00:00Z,123551,78198,86009,48083,45353,26662,26512,64453,53281
2023-04-09T02:00:00Z,99011,78794,62115,48031,20217,26346,26223,38811,26984
2023-04-09T03:00:00Z,98960,80979,61049,48824,17981,26914,26789,36117,23834
2023-04-09T04:00:00Z,99963,82323,62571,50587,17640,26908,26786,36531,24530
2023-04-09T05:00:00Z,102530,83258,63064,49373,19272,28211,28095,38935,26127
2023-04-09T06:00:00Z,115515,91250,71830,53439,24265,31110,30967,46386,31854
2023-04-09T07:00:00Z,114889,96999,67117,55145,17890,33232,33115,42998,27084
2023-04-09T08:00:00Z,125490,105467,73843,60083,20023,35551,35428,46309,30334
2023-04-09T09:00:00Z,122136,102781,73084,60063,19355,36381,36259,45718,29931
2023-04-09T10:00:00Z,125134,103622,74521,60077,21512,36596,36477,48285,32284
2023-04-09T11:00:00Z,123336,104938,73645,61407,18398,37365,37240,46473,30704
2023-04-09T12:00:00Z,192884,112274,139790,66110,80610,40638,40493,77807,60757
2023-04-09T13:00:00Z,162747,124672,102521,70209,38075,44429,44300,74158,54607
2023-04-09T14:00:00Z,155003,134767,90650,77739,20236,48887,48753,59400,39615
2023-04-09T15:00:00Z,153101,129348,89748,74375,23753,47715,47562,59895,40374
2023-04-09T16:00:00Z,148012,125663,88661,74658,22349,45047,44909,56996,38481
2023-04-09T17:00:00Z,143147,122973,83715,71157,20174,42770,42632,53077,35906
2023-04-09T18:00:00Z,147051,119404,89727,69960,27647,41234,41080,58126,41560
2023-04-09T19:00:00Z,130270,110760,78277,65795,19510,38415,38273,48575,32885
2023-04-09T20:00:00Z,129217,106801,80861,65873,22416,36738,36591,48994,34634
2023-04-09T21:00:00Z,121121,101246,71326,58359,19875,33542,33434,43262,29766
2023-04-09T22:00:00Z,108766,89108,67356,54813,19658,30140,30022,40245,28110
2023-04-09T23:00:00Z,106492,86216,65700,53559,20276,30189,30063,40346,28559
2023-04-10T00:00:00Z,134620,92068,85363,55502,42552,32952,32776,64679,50090
2023-04-10T01:00:00Z,170924,100657,96047,57733,70267,38522,38345,77534,59144
2023-04-10T02:00:00Z,144283,109953,75203,60566,34330,40806,40632,52798,33394
2023-04-10T03:00:00Z,142253,106521,72114,58131,35732,39894,39702,51107,31235
2023-04-10T04:00:00Z,127803,98716,70748,57462,29087,35279,35131,46122,29967
2023-04-10T05:00:00Z,146686,109122,76333,60741,37564,38582,38410,51540,32446
2023-04-10T06:00:00Z,162008,123823,85058,65287,38185,46029,45829,62254,39363
2023-04-10T07:00:00Z,166620,134891,85886,72309,31729,49281,49097,60916,36664
2023-04-10T08:00:00Z,177462,144521,91731,76902,32941,52585,52396,65661,40197
2023-04-10T09:00:00Z,176207,143964,90169,76016,32243,52627,52408,64038,39181
2023-04-10T10:00:00Z,173420,140362,92885,77779,33058,50418,50219,63844,41288
2023-04-10T11:00:00Z,181856,147881,89698,75569,33975,51910,51704,63333,39828
2023-04-10T12:00:00Z,229948,146340,142784,77682,83608,54603,54378,93553,68985
2023-04-10T13:00:00Z,203650,157024,115339,84802,46626,60246,60041,88142,62467
2023-04-10T14:00:00Z,198276,166266,103886,90001,32010,64562,64311,75593,49237
2023-04-10T15:00:00Z,177722,148445,92695,79297,29277,58976,58742,69878,45173
2023-04-10T16:00:00Z,183524,153476,94852,81171,30048,59129,58898,70404,46189
2023-04-10T17:00:00Z,177329,148032,91896,79450,29297,56436,56201,67395,43811
2023-04-10T18:00:00Z,189914,151791,100907,81386,38123,56866,56631,73069,50228
2023-04-10T19:00:00Z,180953,148398,96091,82279,32555,54325,54105,65580,43836
2023-04-10T20:00:00Z,164819,131644,85672,70942,33175,49035,48831,62171,41643
2023-04-10T21:00:00Z,150562,120464,75362,63333,30098,43151,42933,55023,34916
2023-04-10T22:00:00Z,143735,109006,74578,62117,34729,39323,39113,51190,33348
2023-04-10T23:00:00Z,136513,107386,74111,61656,29127,38925,38712,50518,33828
2023-04-11T00:00:00Z,161205,114306,97234,67229,46899,41896,41687,73633,56226
2023-04-11T01:00:00Z,177823,124860,107623,69776,52963,45971,45769,83395,63424
2023-04-11T02:00:00Z,159292,132134,82357,67182,27158,46533,46347,59578,37909
2023-04-11T03:00:00Z,144641,118958,77334,63782,25683,43780,43605,54341,34170
2023-04-11T04:00:00Z,134290,108654,74970,60874,25636,38924,38736,50433,32932
2023-04-11T05:00:00Z,60016,46185,33909,25705,13831,19651,19531,28084,19056
2023-04-11T06:00:00Z,67850,58332,36925,31477,9518,27459,27318,32886,19865
2023-04-11T07:00:00Z,164479,142013,84287,72129,22466,55186,54951,64435,39378
2023-04-11T08:00:00Z,177891,152765,90793,76894,25126,59401,59167,69800,43215
2023-04-11T09:00:00Z,181950,158942,87876,75714,23008,58274,58045,67315,41016
2023-04-11T10:00:00Z,172071,146635,88093,74039,25436,55169,54940,66559,42106
2023-04-11T11:00:00Z,179429,155907,87017,74700,23522,57144,56925,66415,41758
2023-04-11T12:00:00Z,213016,149775,128491,77301,63241,59857,59616,94588,68756
2023-04-11T13:00:00Z,180480,146874,99072,75361,33606,61694,61479,83593,57224
2023-04-11T14:00:00Z,161725,142670,80109,70468,19055,61465,61202,69605,43343
2023-04-11T15:00:00Z,195643,170041,96617,83287,25602,66192,65943,76317,49244
2023-04-11T16:00:00Z,178655,154974,92476,79823,23681,61059,60789,71500,46140
2023-04-11T17:00:00Z,144361,125220,77172,67225,19141,53113,52861,61510,39434
2023-04-11T18:00:00Z,159919,133779,87857,71761,26140,53796,53552,67229,45543
2023-04-11T19:00:00Z,152443,131465,79886,68754,20978,50475,50247,59611,39065
2023-04-11T20:00:00Z,151264,127042,84345,71024,24222,48730,48460,59708,40036
2023-04-11T21:00:00Z,162108,137355,84529,71830,24753,46675,46446,56873,38168
2023-04-11T22:00:00Z,156104,119742,82365,68880,36362,42427,42219,55574,36259
2023-04-11T23:00:00Z,211539,97610,67768,56309,113929,37495,37307,70005,32161
2023-04-12T00:00:00Z,209024,84457,71514,50014,124567,35102,34889,83495,42876
2023-04-12T01:00:00Z,218431,87185,74684,47709,131246,37214,37031,90901,47377
2023-04-12T02:00:00Z,225223,99549,65573,53676,125674,40333,40144,76867,31817
2023-04-12T03:00:00Z,222161,94080,62250,50763,128081,37953,37792,74322,29090
2023-04-12T04:00:00Z,224197,93798,62578,50687,130399,34506,34329,74776,28546
2023-04-12T05:00:00Z,211453,101693,68348,54957,109760,38942,38757,72626,31338
2023-04-12T06:00:00Z,190370,137407,86603,68731,52963,49881,49679,76040,41165
2023-04-12T07:00:00Z,175786,149326,85317,72185,26460,56687,56486,70254,40171
2023-04-12T08:00:00Z,182134,155169,90818,77461,26965,60294,60076,72311,43194
2023-04-12T09:00:00Z,178479,150665,87104,74574,27814,59405,59177,69057,42067
2023-04-12T10:00:00Z,178659,150060,89675,75677,28599,56393,56137,68099,42890
2023-04-12T11:00:00Z,180166,155327,92019,79144,24839,57798,57571,67354,42230
2023-04-12T12:00:00Z,218266,156563,129631,78944,61703,59625,59398,94242,68749
2023-04-12T13:00:00Z,185481,149037,100662,76029,36444,62729,62477,84055,58035
2023-04-12T14:00:00Z,213188,186833,108757,96027,26355,71767,71498,84093,54994
2023-04-12T15:00:00Z,198994,171974,105711,91343,27020,67633,67360,85390,57513
2023-04-12T16:00:00Z,202376,175493,101205,87168,26883,64247,63979,76210,49276
2023-04-12T17:00:00Z,205327,176470,105382,91731,28857,62659,62351,74212,48483
2023-04-12T18:00:00Z,196526,161898,106803,86900,34628,60767,60469,76806,52602
2023-04-12T19:00:00Z,193347,165220,104382,89814,28127,56865,56613,69399,47198
2023-04-12T20:00:00Z,190714,156436,107581,90450,34278,53564,53316,74439,53216
2023-04-12T21:00:00Z,174718,137163,91665,76906,37555,48194,47960,60666,40012
2023-04-12T22:00:00Z,156095,126610,87258,72332,29485,43050,42829,54463,36699
2023-04-12T23:00:00Z,142393,115047,81263,66795,27346,40942,40738,52357,35741
2023-04-13T00:00:00Z,163017,116355,100352,68139,46662,42330,42096,74033,57045
2023-04-13T01:00:00Z,171061,118255,105254,67460,52806,45626,45416,81985,62102
2023-04-13T02:00:00Z,152327,124340,84540,69421,27987,45927,45745,57872,37040
2023-04-13T03:00:00Z,143403,116854,77960,63609,26549,43651,43466,53542,33429
2023-04-13T04:00:00Z,132630,108190,74845,60867,24440,38815,38612,49411,32071
2023-04-13T05:00:00Z,145963,118318,80094,64618,27645,43566,43389,54667,34753
2023-04-13T06:00:00Z,174328,142098,92901,72842,32230,53509,53288,67639,43527
2023-04-13T07:00:00Z,172380,147885,87065,73540,24495,57829,57622,66264,40375
2023-04-13T08:00:00Z,175187,150493,89638,75978,24694,60606,60344,68554,42719
2023-04-13T09:00:00Z,177200,153630,90041,77499,23570,61146,60892,68515,42520
2023-04-13T10:00:00Z,168971,144038,89396,75571,24933,55742,55494,65439,42106
2023-04-13T11:00:00Z,168798,145603,88163,75934,23195,56956,56728,65006,41462
2023-04-13T12:00:00Z,192505,136172,116885,70955,56333,57653,57399,89874,65104
2023-04-13T13:00:00Z,188179,153574,102017,78097,34605,62397,62105,83611,57399
2023-04-13T14:00:00Z,186685,163231,95292,83486,23454,67190,66916,76211,48926
2023-04-13T15:00:00Z,163549,141194,84716,72688,22355,60430,60158,69764,44883
2023-04-13T16:00:00Z,168162,144060,89077,76742,24102,58750,58483,69850,44955
2023-04-13T17:00:00Z,183382,155112,97674,85680,28270,58464,58186,70098,44622
2023-04-13T18:00:00Z,185297,153450,103814,84992,31847,57650,57423,73239,50300
2023-04-13T19:00:00Z,158267,135842,88190,76219,22425,51968,51753,61739,40954
2023-04-13T20:00:00Z,169533,143051,96214,81080,26482,51353,51128,63225,43444
2023-04-13T21:00:00Z,159375,133049,91558,77202,26326,46748,46514,56910,38764
2023-04-13T22:00:00Z,151403,122989,86050,71934,28414,42054,41845,53015,35918
2023-04-13T23:00:00Z,137154,114468,81077,67918,22686,39304,39120,49119,34274
2023-04-14T00:00:00Z,152256,110702,95355,66260,41554,40349,40123,69376,53437
2023-04-14T01:00:00Z,176858,114067,102738,65214,62791,44095,43890,79792,61252
2023-04-14T02:00:00Z,146009,120619,81816,67580,25390,45102,44925,55188,35865
2023-04-14T03:00:00Z,136917,112271,76149,62069,24646,42248,42034,50943,32424
2023-04-14T04:00:00Z,125882,100747,71509,57350,25135,36908,36703,46957,30918
2023-04-14T05:00:00Z,140745,113253,77151,61730,27492,41296,41103,52040,33327
2023-04-14T06:00:00Z,172297,141464,92940,73379,30833,51341,51130,65235,42338
2023-04-14T07:00:00Z,163540,140500,84972,72061,23040,53801,53597,61620,37743
2023-04-14T08:00:00Z,167524,143311,86460,72919,24213,56825,56603,65368,41007
2023-04-14T09:00:00Z,190821,162981,97174,82997,27840,60295,60038,68717,43400
2023-04-14T10:00:00Z,179588,152355,96971,81323,27233,56305,56051,67743,44407
2023-04-14T11:00:00Z,183624,156359,96220,82005,27265,55826,55586,65793,42556
2023-04-14T12:00:00Z,235244,159902,144751,82291,75342,59209,58966,96236,71353
2023-04-14T13:00:00Z,205857,164360,116425,86616,41497,62935,62698,88254,62955
2023-04-14T14:00:00Z,196022,170899,104189,90461,25123,67112,66834,76504,49998
2023-04-14T15:00:00Z,177190,152865,95149,81038,24325,61554,61283,71787,46758
2023-04-14T16:00:00Z,178882,153818,94998,81439,25064,58455,58209,69497,45831
2023-04-14T17:00:00Z,193559,150879,93294,80603,42680,54956,54707,74146,42225
2023-04-14T18:00:00Z,183732,148608,100984,80936,35124,52866,52628,71847,48770
2023-04-14T19:00:00Z,170097,144118,94828,80862,25979,50217,50011,61892,41488
2023-04-14T20:00:00Z,164723,137515,94277,78450,27208,47262,47008,59803,40979
2023-04-14T21:00:00Z,151422,125297,86353,72318,26125,42197,41985,52821,35876
2023-04-14T22:00:00Z,135410,108817,76004,62753,26593,36388,36184,47450,32219
2023-04-14T23:00:00Z,118912,96460,70987,57845,22452,33814,33653,43777,30791
2023-04-15T00:00:00Z,132070,91745,85097,56260,40325,31500,31308,61031,47979
2023-04-15T01:00:00Z,135360,85381,90559,52296,49979,30868,30672,68634,55457
2023-04-15T02:00:00Z,110630,86846,67107,52571,23784,29470,29287,41780,28686
2023-04-15T03:00:00Z,107349,85975,64964,51590,21374,28982,28856,38058,25395
2023-04-15T04:00:00Z,102910,82662,61886,48897,20248,28012,27875,37349,25203
2023-04-15T05:00:00Z,104982,83211,62984,48585,21771,29236,29104,40007,26591
2023-04-15T06:00:00Z,124288,98410,78547,59600,25878,32638,32485,53282,37858
2023-04-15T07:00:00Z,121561,101381,71431,58426,20180,34824,34703,45737,29286
2023-04-15T08:00:00Z,125916,105085,76267,61996,20831,36464,36319,47569,31304
2023-04-15T09:00:00Z,125195,105203,73932,60930,19992,37723,37601,47594,30739
2023-04-15T10:00:00Z,128017,106334,75871,61385,21683,37857,37722,49832,33510
2023-04-15T11:00:00Z,126947,107849,74137,61881,19098,38162,38026,47682,31028
2023-04-15T12:00:00Z,193529,112916,139891,66891,80613,40868,40735,78560,61004
2023-04-15T13:00:00Z,160596,120471,100881,68527,40125,44538,44385,73662,54398
2023-04-15T14:00:00Z,152257,131339,87994,74903,20918,48576,48417,59166,38823
2023-04-15T15:00:00Z,153690,130210,89934,75035,23480,47858,47688,60185,39956
2023-04-15T16:00:00Z,147640,126258,86175,72731,21382,46215,46039,58143,38936
2023-04-15T17:00:00Z,144393,121953,85883,71883,22440,43751,43601,55263,37315
2023-04-15T18:00:00Z,143785,116312,88752,69339,27473,42238,42085,58552,41603
2023-04-15T19:00:00Z,129755,109124,78481,65969,20631,38423,38274,48136,32651
2023-04-15T20:00:00Z,126060,103234,77736,62548,22826,36541,36394,48124,33736
2023-04-15T21:00:00Z,120366,99428,71478,58570,20938,33286,33166,42482,29490
2023-04-15T22:00:00Z,105349,86279,66322,53991,19070,29376,29251,38696,27358
2023-04-15T23:00:00Z,99470,81158,63663,51744,18312,28795,28674,37770,27289
2023-04-16T00:00:00Z,119513,80252,79483,50151,39261,27615,27456,57733,46583
2023-04-16T01:00:00Z,121303,77134,83711,48166,44169,27668,27535,62696,51009
2023-04-16T02:00:00Z,99961,76589,62872,46369,23372,27259,27145,41994,30107
2023-04-16T03:00:00Z,96424,77390,58153,45781,19034,26986,26849,35919,23851
2023-04-16T04:00:00Z,95935,77573,59190,46700,18362,26762,26629,35548,24279
2023-04-16T05:00:00Z,100414,80411,62853,48949,20003,27858,27756,37573,25648
2023-04-16T06:00:00Z,112431,87953,70426,52074,24478,30909,30776,45136,31342
2023-04-16T07:00:00Z,113916,94044,67294,53837,19872,33499,33367,43468,28486
2023-04-16T08:00:00Z,120516,100809,71634,57986,19707,35608,35473,46239,30583
2023-04-16T09:00:00Z,124922,103515,73808,59529,21407,37319,37193,48041,31679
2023-04-16T10:00:00Z,127781,106375,76326,61776,21406,37911,37779,49554,33209
2023-04-16T11:00:00Z,128784,107490,75975,62092,21294,39141,39008,49668,32970
2023-04-16T12:00:00Z,194975,114300,138656,66130,80675,42321,42171,79948,61921
2023-04-16T13:00:00Z,165817,125591,104168,71969,40226,46079,45938,75138,55866
2023-04-16T14:00:00Z,155471,133186,90010,76920,22285,50414,50269,60601,40258
2023-04-16T15:00:00Z,159524,134922,91801,76894,24602,50109,49955,62351,41685
2023-04-16T16:00:00Z,151561,129058,88908,74967,22503,48251,48102,60382,40764
2023-04-16T17:00:00Z,150737,129752,87579,75190,20985,46426,46279,56562,38092
2023-04-16T18:00:00Z,156436,128660,93704,74297,27776,45273,45121,62373,44396
2023-04-16T19:00:00Z,142188,121945,81831,69417,20243,42035,41904,51853,35609
2023-04-16T20:00:00Z,136400,113216,82215,66957,23184,40063,39925,52744,37128
2023-04-16T21:00:00Z,125191,104562,74796,61957,20629,36378,36253,45798,31943
2023-04-16T22:00:00Z,114569,94553,70276,57736,20016,32299,32166,42497,29639
2023-04-16T23:00:00Z,108982,89993,66556,54398,18989,32069,31941,41474,29780
2023-04-17T00:00:00Z,140834,100381,85419,56571,40453,34660,34480,64271,49954
2023-04-17T01:00:00Z,158499,102549,93628,56730,55950,40038,39855,76448,58589
2023-04-17T02:00:00Z,140865,109705,74123,59502,31160,42438,42256,54069,34522
2023-04-17T03:00:00Z,139060,109014,73310,59587,30046,41100,40942,50481,31348
2023-04-17T04:00:00Z,133240,101428,73319,58484,31812,36522,36353,48909,32419
2023-04-17T05:00:00Z,149750,112621,77953,60865,37129,40671,40513,54741,35127
2023-04-17T06:00:00Z,169406,132475,86433,67260,36931,50407,50204,65661,41797
2023-04-17T07:00:00Z,163928,134894,80538,67553,29034,54105,53895,62704,37686
2023-04-17T08:00:00Z,168997,140287,83187,70257,28710,56627,56367,66230,40817
2023-04-17T09:00:00Z,188938,154774,94647,78108,34164,61063,60820,72601,45598
2023-04-17T10:00:00Z,188879,151636,98029,79709,37243,56957,56718,70252,45721
2023-04-17T11:00:00Z,190782,155499,97931,81607,35283,59067,58841,71046,45027
2023-04-17T12:00:00Z,229498,156537,134444,79612,72961,60513,60234,97594,70988
2023-04-17T13:00:00Z,210570,165381,116134,86841,45189,65778,65503,91471,63559
2023-04-17T14:00:00Z,208780,176794,108047,94449,31986,70483,70197,80675,51973
2023-04-17T15:00:00Z,187692,157896,98308,84977,29796,65565,65294,75603,49172
2023-04-17T16:00:00Z,180731,150930,93472,80954,29801,60791,60514,71930,46609
2023-04-17T17:00:00Z,201641,162550,102495,88612,39091,61074,60814,74133,47389
2023-04-17T18:00:00Z,189272,149594,102818,82682,39678,57592,57325,75929,52144
2023-04-17T19:00:00Z,191863,150442,97808,84274,41421,55922,55692,69433,45362
2023-04-17T20:00:00Z,186373,149704,100897,84127,36669,54244,53979,68119,46224
2023-04-17T21:00:00Z,180011,145514,98558,83024,34497,49557,49332,61102,41444
2023-04-17T22:00:00Z,159554,125486,88573,74100,34068,43208,42973,54803,37217
2023-04-17T23:00:00Z,144752,114683,82811,69195,30069,41261,41052,52450,36370
2023-04-18T00:00:00Z,163261,115621,100185,70145,47640,42096,41858,73222,56010
2023-04-18T01:00:00Z,173477,121165,108375,70420,52312,46266,46042,83493,63599
2023-04-18T02:00:00Z,154143,127870,86376,71609,26273,47014,46805,58376,37577
2023-04-18T03:00:00Z,147512,120293,82445,66964,27219,44271,44090,55457,35542
2023-04-18T04:00:00Z,136514,109117,77119,61903,27397,39004,38792,51417,34318
2023-04-18T05:00:00Z,149108,120725,80902,65390,28383,43144,42954,55805,35328
2023-04-18T06:00:00Z,175256,143468,94715,75236,31788,52718,52489,68082,43563
2023-04-18T07:00:00Z,170506,145009,85768,73140,25497,57042,56781,65352,39785
2023-04-18T08:00:00Z,198074,169154,100310,85406,28920,64203,63944,73221,45991
2023-04-18T09:00:00Z,187929,159259,99994,84594,28670,61998,61737,72322,46968
2023-04-18T10:00:00Z,191552,161810,99808,84057,29742,60153,59891,71982,46329
2023-04-18T11:00:00Z,195458,165280,100667,85543,30178,61251,61009,72097,46086
2023-04-18T12:00:00Z,239236,167869,145311,88172,71367,64353,64064,101486,74423
2023-04-18T13:00:00Z,223309,179952,123196,93536,43357,70337,70066,95959,67231
2023-04-18T14:00:00Z,153398,136109,78150,69390,17289,58218,58002,65899,41522
2023-04-18T15:00:00Z,198814,172001,104451,90761,26813,69792,69483,80557,51981
2023-04-18T16:00:00Z,203267,173187,107668,92355,30080,66305,66005,77774,51711
2023-04-18T17:00:00Z,192263,165556,103400,89862,26707,62884,62607,72144,48204
2023-04-18T18:00:00Z,199055,165678,111480,91885,33377,60421,60127,76251,53283
2023-04-18T19:00:00Z,185449,158651,101662,88155,26798,56565,56303,66904,45144
2023-04-18T20:00:00Z,185340,154345,102993,86834,30995,54117,53843,66510,46042
2023-04-18T21:00:00Z,139570,118039,78345,66291,21531,44549,44312,53661,36513
2023-04-18T22:00:00Z,106553,83835,57895,48638,22718,33448,33273,42972,28635
2023-04-18T23:00:00Z,94146,79363,54027,46019,14783,29746,29599,36155,24274
2023-04-19T00:00:00Z,158022,116244,98039,69089,41778,41729,41509,71193,54659
2023-04-19T01:00:00Z,178801,116287,102953,66360,62514,44929,44717,81119,61781
2023-04-19T02:00:00Z,145794,120513,80502,66045,25281,45965,45770,58392,37674
2023-04-19T03:00:00Z,138388,115388,76630,63690,23000,43374,43185,52771,33544
2023-04-19T04:00:00Z,129688,106371,75450,61029,23317,38198,38014,50762,33518
2023-04-19T05:00:00Z,141753,116560,79246,64581,25193,42337,42173,53923,34307
2023-04-19T06:00:00Z,171823,142969,89793,71236,28854,51715,51499,71312,42837
2023-04-19T07:00:00Z,167483,146026,85041,73235,21457,56150,55940,66165,39766
2023-04-19T08:00:00Z,170756,147055,87509,73652,23701,58678,58452,70861,44021
2023-04-19T09:00:00Z,190530,166267,94885,81868,24263,62867,62623,75216,44314
2023-04-19T10:00:00Z,187538,162890,96147,81782,24648,58253,58034,74623,45623
2023-04-19T11:00:00Z,187463,163370,96637,83772,24093,59097,58805,71066,43874
2023-04-19T12:00:00Z,216545,151317,133860,80241,65228,60173,59919,95180,70137
2023-04-19T13:00:00Z,206509,168826,112189,85655,37683,66162,65867,89586,62235
2023-04-19T14:00:00Z,198079,173201,103308,91073,24878,70433,70137,79557,51532
2023-04-19T15:00:00Z,178668,153422,94283,80108,25246,65319,65041,75736,49528
2023-04-19T16:00:00Z,185503,160246,97444,84210,25257,63421,63143,73285,48040
2023-04-19T17:00:00Z,183281,159635,99105,86854,23646,59759,59498,69715,45482
2023-04-19T18:00:00Z,197495,157349,104809,86194,40146,58767,58516,77040,51305
2023-04-19T19:00:00Z,191494,140878,88463,76478,50616,53203,52967,70621,41936
2023-04-19T20:00:00Z,181177,144912,96924,81329,36265,52826,52548,67281,44622
2023-04-19T21:00:00Z,167941,134975,89675,75742,32966,47727,47476,61040,39944
2023-04-19T22:00:00Z,146722,121745,83655,70187,24977,41870,41670,52704,35938
2023-04-19T23:00:00Z,139972,115409,81495,68419,24563,39835,39643,50684,34649
2023-04-20T00:00:00Z,160744,115296,99200,69035,45448,41298,41053,72537,55624
2023-04-20T01:00:00Z,180188,113874,103881,66022,66314,43912,43709,80649,61827
2023-04-20T02:00:00Z,148020,119454,81239,66320,28566,45234,45037,56850,36915
2023-04-20T03:00:00Z,143724,117092,77863,64054,26632,42779,42593,52648,33049
2023-04-20T04:00:00Z,133682,108402,73606,60220,25280,37758,37579,48719,31789
2023-04-20T05:00:00Z,148612,120210,79162,64170,28402,41559,41389,53859,34506
2023-04-20T06:00:00Z,172460,140582,92600,72993,31878,50965,50735,67014,43565
2023-04-20T07:00:00Z,168854,145368,85169,72523,23486,55695,55462,65395,39649
2023-04-20T08:00:00Z,179480,153998,91164,77630,25482,58843,58586,68187,43087
2023-04-20T09:00:00Z,185591,159850,93994,80658,25741,61613,61353,70526,44245
2023-04-20T10:00:00Z,177802,150751,93530,78251,27051,57310,57040,68097,44309
2023-04-20T11:00:00Z,179914,154445,94224,80923,25469,57548,57293,66634,42618
2023-04-20T12:00:00Z,203093,140865,124990,74417,62228,56949,56709,90741,66752
2023-04-20T13:00:00Z,200398,162564,111953,85654,37834,64557,64299,88218,61982
2023-04-20T14:00:00Z,193218,167314,99438,87732,25904,67029,66775,77270,49606
2023-04-20T15:00:00Z,178529,149737,91152,78756,28792,61847,61611,73502,46539
2023-04-20T16:00:00Z,177292,150419,93871,79038,26873,60225,59937,72854,48284
2023-04-20T17:00:00Z,186273,154807,96354,84035,31466,58348,58083,68382,44671
2023-04-20T18:00:00Z,189766,154792,102587,83447,34974,57406,57148,73568,50571
2023-04-20T19:00:00Z,182098,145650,93699,78870,36448,53517,53271,70042,44506
2023-04-20T20:00:00Z,187039,137885,91544,76806,49154,50253,50009,73583,42739
2023-04-20T21:00:00Z,162248,130513,87782,74140,31735,46201,45981,58933,38409
2023-04-20T22:00:00Z,148717,121092,83377,69754,27625,40827,40579,52785,35599
2023-04-20T23:00:00Z,130692,107367,75683,62616,23325,37797,37607,47936,33752
2023-04-21T00:00:00Z,151961,107009,94290,63416,44952,38332,38110,70244,54588
2023-04-21T01:00:00Z,187234,105623,96236,59653,81611,40927,40742,78435,59306
2023-04-21T02:00:00Z,167966,109278,74982,60409,58688,41786,41599,55554,34998
2023-04-21T03:00:00Z,160624,107329,72672,59137,53295,39551,39369,51610,31293
2023-04-21T04:00:00Z,148537,96602,67988,54757,51935,34938,34754,47873,30089
2023-04-21T05:00:00Z,159920,105574,72630,57475,54346,38737,38565,52904,32754
2023-04-21T06:00:00Z,186603,130292,87787,68550,56311,48495,48302,65651,41404
2023-04-21T07:00:00Z,188870,139731,86443,71303,49139,52985,52774,65885,40116
2023-04-21T08:00:00Z,178333,147049,90094,75957,31284,55483,55239,67082,41683
2023-04-21T09:00:00Z,182818,156258,94591,80347,26560,58345,58078,67284,42721
2023-04-21T10:00:00Z,175236,147672,93781,77311,27564,53572,53346,66339,43507
2023-04-21T11:00:00Z,172329,144355,90996,75253,27974,52255,52026,63036,41308
2023-04-21T12:00:00Z,222248,146490,139502,75723,75758,54291,54046,91684,68777
2023-04-21T13:00:00Z,201341,159006,112157,82291,42335,59613,59366,85859,61136
2023-04-21T14:00:00Z,185913,160895,97602,84531,25018,62237,61978,72672,46979
2023-04-21T15:00:00Z,168281,142187,88320,74953,26094,56928,56685,67554,43865
2023-04-21T16:00:00Z,178937,151862,95520,81749,27075,55861,55604,67600,44829
2023-04-21T17:00:00Z,176844,148790,96924,81645,28054,52708,52477,65565,44212
2023-04-21T18:00:00Z,177110,142538,102216,80225,34572,50443,50194,68720,48846
2023-04-21T19:00:00Z,156718,132331,87751,74113,24387,46387,46143,56256,38229
2023-04-21T20:00:00Z,176057,122943,85641,69922,53114,43809,43596,69141,38764
2023-04-21T21:00:00Z,150069,117283,80657,66533,32786,39932,39744,52692,34357
2023-04-21T22:00:00Z,135009,100659,72090,58008,34350,34173,33990,47588,30820
2023-04-21T23:00:00Z,116360,91006,68614,54846,25354,31593,31416,42786,30119
2023-04-22T00:00:00Z,127846,83754,81607,51537,44092,29078,28864,60231,47823
2023-04-22T01:00:00Z,125794,76972,84903,47053,48822,28138,27949,66034,53511
2023-04-22T02:00:00Z,107748,80006,62845,48065,27742,27854,27681,41064,27938
2023-04-22T03:00:00Z,103971,78225,59335,45718,25746,27388,27239,37930,24693
2023-04-22T04:00:00Z,101347,75156,57865,44362,26191,26762,26578,37329,24802
2023-04-22T05:00:00Z,107515,78763,60694,45534,28752,27808,27649,39921,26321
2023-04-22T06:00:00Z,118727,86801,69836,50288,31926,30646,30485,47023,32275
2023-04-22T07:00:00Z,115156,91461,65168,52290,23695,32329,32187,42421,27087
2023-04-22T08:00:00Z,118964,95910,68387,54312,23054,34633,34488,45809,29681
2023-04-22T09:00:00Z,123286,100838,71308,58332,22448,35426,35296,45890,29282
2023-04-22T10:00:00Z,126245,103858,73231,58737,22387,35081,34944,47654,31910
2023-04-22T11:00:00Z,124249,104771,71740,59296,19478,35973,35840,46045,30386
2023-04-22T12:00:00Z,192634,110536,138409,66089,82098,38625,38457,76755,59443
2023-04-22T13:00:00Z,158668,116092,100986,68618,42576,41881,41735,71692,53081
2023-04-22T14:00:00Z,145260,122457,83703,70667,22803,45509,45369,56078,36683
2023-04-22T15:00:00Z,145043,120198,83682,68972,24845,45128,44985,57188,38156
2023-04-22T16:00:00Z,141654,118111,82495,68923,23543,43592,43448,55364,37081
2023-04-22T17:00:00Z,133569,112149,77919,65877,21420,41013,40876,50849,34122
2023-04-22T18:00:00Z,138237,107674,86859,65036,30563,39412,39250,58281,42557
2023-04-22T19:00:00Z,125224,103853,75581,63266,21371,36579,36454,46563,31729
2023-04-22T20:00:00Z,120224,97515,74157,59378,22709,34538,34412,46482,32946
2023-04-22T21:00:00Z,110463,90130,67586,54926,20333,31676,31546,41229,28723
2023-04-22T22:00:00Z,103058,83204,63497,51247,19854,27653,27542,37376,26225
2023-04-22T23:00:00Z,94913,75866,59846,47845,19047,26884,26769,36302,26115
2023-04-23T00:00:00Z,113902,75666,73077,45610,38236,26662,26494,55391,43974
2023-04-23T01:00:00Z,120152,78504,78732,45514,41648,30761,30598,63085,49655
2023-04-23T02:00:00Z,108434,81146,64376,44665,27288,31449,31302,49020,34362
2023-04-23T03:00:00Z,104689,81698,60264,44760,22991,30562,30404,42007,27415
2023-04-23T04:00:00Z,92894,74408,55402,43027,18486,26750,26608,36009,24011
2023-04-23T05:00:00Z,106293,83742,60286,46132,22551,29239,29098,40748,26476
2023-04-23T06:00:00Z,121450,94524,70267,51331,26926,35458,35296,50329,33071
2023-04-23T07:00:00Z,120168,99584,68437,55924,20584,37394,37244,46495,28788
2023-04-23T08:00:00Z,132262,109032,75972,61839,23230,40083,39895,50853,32463
2023-04-23T09:00:00Z,132421,108973,74226,60335,23448,41191,41045,50874,32253
2023-04-23T10:00:00Z,134587,110148,77150,61901,24439,39211,39052,51273,34335
2023-04-23T11:00:00Z,127172,105032,73307,60142,22140,38775,38636,48313,31551
2023-04-23T12:00:00Z,191863,110874,135654,63820,80989,41568,41402,80007,61847
2023-04-23T13:00:00Z,162415,121439,102877,70132,40976,45382,45226,74175,55328
2023-04-23T14:00:00Z,151819,130589,88148,74740,21230,49251,49096,59702,39953
2023-04-23T15:00:00Z,152782,128617,89825,74545,24165,48806,48656,60551,41196
2023-04-23T16:00:00Z,149741,126799,88401,74472,22942,46754,46581,58912,40285
2023-04-23T17:00:00Z,149719,128541,86603,74103,21178,44869,44723,54727,37097
2023-04-23T18:00:00Z,148538,120359,91124,71579,28179,44024,43847,60555,43464
2023-04-23T19:00:00Z,137034,116049,82453,70011,20985,41923,41746,51525,35928
2023-04-23T20:00:00Z,134623,111052,82928,67748,23571,39690,39537,51725,36810
2023-04-23T21:00:00Z,129471,108000,75006,62140,21471,35933,35801,45705,31878
2023-04-23T22:00:00Z,112447,91705,66965,54586,20742,31927,31782,42073,29422
2023-04-23T23:00:00Z,106123,85696,65029,52938,20427,31567,31437,41003,29494
2023-04-24T00:00:00Z,132833,91554,83965,55418,41279,34006,33835,63151,49445
2023-04-24T01:00:00Z,161369,100024,93861,56802,61345,39418,39250,76923,58293
2023-04-24T02:00:00Z,138432,104647,71490,56948,33785,40489,40299,53642,34756
2023-04-24T03:00:00Z,133121,101215,68568,55203,31906,39015,38846,48744,30439
2023-04-24T04:00:00Z,129445,96839,67905,54647,32606,35303,35123,46505,30343
2023-04-24T05:00:00Z,145597,106901,72704,57486,38696,39751,39580,52135,32875
2023-04-24T06:00:00Z,164020,126340,82512,63905,37680,48157,47954,62990,40309
2023-04-24T07:00:00Z,150128,122494,73057,61397,27634,50662,50461,59426,35368
2023-04-24T08:00:00Z,164359,132732,81393,66385,31627,55125,54887,67099,41853
2023-04-24T09:00:00Z,176059,145218,84935,72277,30841,57742,57508,67273,41205
2023-04-24T10:00:00Z,180003,145585,90962,75904,34418,55359,55087,67558,43153
2023-04-24T11:00:00Z,175652,142970,85620,73040,32682,55913,55668,65960,40855
2023-04-24T12:00:00Z,210769,141273,122676,72718,69496,57863,57583,92744,67046
2023-04-24T13:00:00Z,187553,145744,99568,74238,41809,61624,61379,84164,57493
2023-04-24T14:00:00Z,195907,167043,94734,82804,28864,68074,67818,77573,48945
2023-04-24T15:00:00Z,172466,145064,84985,73062,27402,61133,60878,71182,45192
2023-04-24T16:00:00Z,179498,150475,91113,78447,29023,60645,60392,72824,46858
2023-04-24T17:00:00Z,189044,159240,95845,83423,29804,59530,59286,70309,45722
2023-04-24T18:00:00Z,189221,150471,99271,80810,38750,57739,57475,74673,50504
2023-04-24T19:00:00Z,179336,145921,93158,80070,33415,55343,55084,66671,44061
2023-04-24T20:00:00Z,176872,141472,92817,77699,35400,52760,52498,65953,44540
2023-04-24T21:00:00Z,168984,132797,86819,73329,36187,47577,47338,58912,39281
2023-04-24T22:00:00Z,146470,117221,77630,64635,29249,42219,42004,53397,36104
2023-04-24T23:00:00Z,140596,109710,74082,61777,30886,40108,39924,51480,34610
2023-04-25T00:00:00Z,156578,109265,90472,62078,47313,40560,40327,71064,53760
2023-04-25T01:00:00Z,162001,111854,99468,62269,50147,44425,44247,81400,62405
2023-04-25T02:00:00Z,144681,118452,78368,63533,26229,45227,45041,58352,38232
2023-04-25T03:00:00Z,138778,112522,74529,60819,26256,42386,42203,52709,33454
2023-04-25T04:00:00Z,129043,103611,70705,57153,25432,37824,37643,49732,32346
2023-04-25T05:00:00Z,142991,114862,75895,60771,28129,42252,42063,55449,35383
2023-04-25T06:00:00Z,169406,136948,89310,69880,32458,51994,51753,68181,43729
2023-04-25T07:00:00Z,151464,129175,72721,61297,22289,51916,51686,60767,36490
2023-04-25T08:00:00Z,175856,150531,86644,73317,25325,58923,58660,70009,42993
2023-04-25T09:00:00Z,175024,149701,86977,74261,25323,59889,59617,68668,42479
2023-04-25T10:00:00Z,169050,143378,89175,74830,25672,55879,55649,67024,43633
2023-04-25T11:00:00Z,172447,145895,88333,75380,26552,57437,57205,67934,42192
2023-04-25T12:00:00Z,211042,144019,129347,74919,67023,59541,59241,96661,71125
2023-04-25T13:00:00Z,196284,157556,106774,80087,38728,65333,65068,89421,61727
2023-04-25T14:00:00Z,188532,164166,95822,84115,24366,68724,68445,77312,49893
2023-04-25T15:00:00Z,179148,151927,90420,75373,27221,63811,63543,76037,49832
2023-04-25T16:00:00Z,173326,148843,89015,76371,24483,60689,60423,71259,46467
2023-04-25T17:00:00Z,180747,157940,95785,83471,22807,60821,60592,70540,46344
2023-04-25T18:00:00Z,187067,155912,100297,81470,31155,59281,59021,75383,51478
2023-04-25T19:00:00Z,175588,150799,91650,79282,24789,56066,55797,66002,43859
2023-04-25T20:00:00Z,178685,147366,95699,80430,31319,53870,53616,68201,45479
2023-04-25T21:00:00Z,165042,132183,87884,74091,32859,47858,47631,60298,40011
2023-04-25T22:00:00Z,148066,120539,81805,68090,27527,42334,42127,53957,36216
2023-04-25T23:00:00Z,136526,111059,75907,62456,25467,39893,39693,51393,35360
2023-04-26T00:00:00Z,156335,111274,94043,64050,45061,40608,40387,72025,55005
2023-04-26T01:00:00Z,164285,111821,100264,62659,52464,44186,43997,81238,62236
2023-04-26T02:00:00Z,145128,116861,79474,64340,28267,44341,44150,57632,37629
2023-04-26T03:00:00Z,137312,110347,74235,60207,26965,41712,41538,52337,33161
2023-04-26T04:00:00Z,131991,103904,75489,58507,28087,37838,37642,52339,35426
2023-04-26T05:00:00Z,142242,113595,76737,61038,28647,41808,41604,54470,34994
2023-04-26T06:00:00Z,168518,136354,90119,70004,32164,51464,51241,67627,43678
2023-04-26T07:00:00Z,162330,137066,84567,69673,25264,54662,54428,66097,41403
2023-04-26T08:00:00Z,172419,146869,85855,72463,25550,58846,58594,68033,42578
2023-04-26T09:00:00Z,185907,158728,92289,78912,27179,61756,61487,71139,44129
2023-04-26T10:00:00Z,176905,151013,90674,76473,25892,56911,56677,68656,44213
2023-04-26T11:00:00Z,172060,147897,87518,75143,24163,56842,56609,65495,41526
2023-04-26T12:00:00Z,219614,152200,135135,79610,67414,61129,60869,96798,71417
2023-04-26T13:00:00Z,207085,166054,112781,84363,41031,66427,66181,90883,63763
2023-04-26T14:00:00Z,196816,171898,99510,86901,24918,70200,69934,78923,51084
2023-04-26T15:00:00Z,176706,152017,89859,76827,24689,63424,63169,73710,47874
2023-04-26T16:00:00Z,171144,145620,87882,75095,25524,60101,59838,71068,46320
2023-04-26T17:00:00Z,180021,154947,94809,81993,25074,60171,59923,70796,46331
2023-04-26T18:00:00Z,185584,150945,103405,81816,34639,57997,57721,76251,53601
2023-04-26T19:00:00Z,174423,149156,93302,80056,25267,54747,54505,65041,43478
2023-04-26T20:00:00Z,169415,141133,93347,77086,28282,51943,51714,64044,44251
2023-04-26T21:00:00Z,155226,128926,85079,71072,26300,46645,46430,57356,38634
2023-04-26T22:00:00Z,137893,112915,76310,62789,24978,40784,40572,51035,34908
2023-04-26T23:00:00Z,128232,104742,72029,59201,23490,38689,38488,48886,33865
2023-04-27T00:00:00Z,146523,105007,88888,60960,41516,39296,39077,68538,52414
2023-04-27T01:00:00Z,159325,108099,97171,59320,51226,43242,43053,80630,62221
2023-04-27T02:00:00Z,140761,115612,76631,62130,25149,44123,43949,56773,36951
2023-04-27T03:00:00Z,131710,107524,70803,57713,24186,41429,41236,51446,32491
2023-04-27T04:00:00Z,125459,101852,70394,57114,23607,37416,37200,48588,32001
2023-04-27T05:00:00Z,138072,112370,74745,60070,25702,41535,41339,53629,34329
2023-04-27T06:00:00Z,164521,135324,89377,70521,29197,51246,51015,66319,43146
2023-04-27T07:00:00Z,164936,142544,84594,72058,22392,55309,55079,64257,39774
2023-04-27T08:00:00Z,171167,148086,88953,75746,23081,58956,58687,67824,43069
2023-04-27T09:00:00Z,181414,158122,92706,79789,23292,61344,61108,70514,44435
2023-04-27T10:00:00Z,175917,151202,93171,79042,24715,56987,56714,68865,44720
2023-04-27T11:00:00Z,178464,154511,93789,81148,23953,57663,57380,67098,43081
2023-04-27T12:00:00Z,214243,147097,132720,76520,67146,58821,58519,94088,69441
2023-04-27T13:00:00Z,198148,160004,109719,81971,38144,65272,64989,89482,63443
2023-04-27T14:00:00Z,198498,173994,103592,91264,24504,69165,68872,79466,51537
2023-04-27T15:00:00Z,179207,155213,93829,80711,23994,62977,62691,72572,48039
2023-04-27T16:00:00Z,178499,153518,95629,82086,24981,61073,60782,71345,47708
2023-04-27T17:00:00Z,177440,152833,95584,83045,24607,58537,58293,68343,45147
2023-04-27T18:00:00Z,182953,151386,105095,83153,31567,57114,56837,75392,53822
2023-04-27T19:00:00Z,169663,145507,94188,80887,24156,53634,53386,63592,43249
2023-04-27T20:00:00Z,170853,144324,95438,79605,26529,51656,51421,64188,44278
2023-04-27T21:00:00Z,153345,128263,85592,71841,25082,45924,45716,56428,38621
2023-04-27T22:00:00Z,138788,113266,79160,65354,25522,39936,39728,51259,35458
2023-04-27T23:00:00Z,126851,103389,74320,61245,23462,38219,38007,48737,34270
2023-04-28T00:00:00Z,147649,105522,92173,63194,42127,38603,38358,68326,52848
2023-04-28T01:00:00Z,159229,107894,99630,61461,51335,41975,41766,79611,61909
2023-04-28T02:00:00Z,136792,109980,76125,60712,26812,41934,41757,55589,36719
2023-04-28T03:00:00Z,133224,107679,73186,59229,25545,39640,39462,50291,31964
2023-04-28T04:00:00Z,121489,97292,68031,54262,24197,35754,35573,46713,30657
2023-04-28T05:00:00Z,134349,106330,74258,58185,28019,39279,39092,51606,33435
2023-04-28T06:00:00Z,162302,131172,86335,66514,31130,48462,48250,64402,42039
2023-04-28T07:00:00Z,160454,136746,82784,69978,23708,52739,52480,62138,38336
2023-04-28T08:00:00Z,169946,145375,88265,74763,24571,55519,55246,66371,41730
2023-04-28T09:00:00Z,174078,149906,89562,76529,24172,56937,56674,65832,41832
2023-04-28T10:00:00Z,168467,141411,91465,76033,27056,52944,52693,64659,42929
2023-04-28T11:00:00Z,165686,140421,88285,74837,25265,52170,51956,61846,39775
2023-04-28T12:00:00Z,208272,136126,133863,73109,72146,53200,52933,89923,67131
2023-04-28T13:00:00Z,194967,152580,110721,79436,42387,59556,59315,88448,63492
2023-04-28T14:00:00Z,187452,162552,99411,86055,24900,62941,62683,74154,48166
2023-04-28T15:00:00Z,175359,150415,92749,78716,24944,58670,58399,71293,46735
2023-04-28T16:00:00Z,169787,144946,91196,77513,24841,55323,55073,67455,44017
2023-04-28T17:00:00Z,170800,145970,90012,77385,24830,53836,53602,64245,42061
2023-04-28T18:00:00Z,172063,141243,97250,77815,30820,51298,51075,67386,47001
2023-04-28T19:00:00Z,165833,142026,91641,78524,23807,48130,47925,57752,38547
2023-04-28T20:00:00Z,161116,133865,94570,78674,27251,44889,44653,57127,39376
2023-04-28T21:00:00Z,153284,127365,90706,76163,25919,39939,39743,50644,34510
2023-04-28T22:00:00Z,127788,102732,73928,60004,25056,34363,34176,46096,31161
2023-04-28T23:00:00Z,117522,94118,70894,57047,23404,32041,31857,43886,30454
2023-04-29T00:00:00Z,129797,86390,84365,53011,43407,29456,29246,61423,49206
2023-04-29T01:00:00Z,138784,76235,85910,47700,62549,27582,27428,65437,53975
2023-04-29T02:00:00Z,103713,80501,64435,49549,23212,26316,26178,39497,27523
2023-04-29T03:00:00Z,100008,78406,60196,46679,21602,26193,26068,36794,24515
2023-04-29T04:00:00Z,98219,77554,60486,47291,20665,25917,25773,36736,24869
2023-04-29T05:00:00Z,104108,81100,62110,47516,23008,26945,26823,39059,26078
2023-04-29T06:00:00Z,114448,86582,70188,50813,27866,29568,29414,46031,31682
2023-04-29T07:00:00Z,112798,90901,66194,52799,21897,30953,30812,42730,27233
2023-04-29T08:00:00Z,120063,96804,70784,56130,23259,33067,32930,46158,30145
2023-04-29T09:00:00Z,121723,99552,71662,58062,22171,34390,34230,46086,29836
2023-04-29T10:00:00Z,123980,99829,73855,58511,24151,34600,34479,48438,32000
2023-04-29T11:00:00Z,121321,100764,72786,60009,20557,34659,34530,45149,29523
2023-04-29T12:00:00Z,191677,105326,140814,62454,86351,37384,37237,76324,59784
2023-04-29T13:00:00Z,147545,108346,95176,63379,39199,40046,39913,68929,51696
2023-04-29T14:00:00Z,140708,119318,82495,69166,21390,43995,43848,55340,37103
2023-04-29T15:00:00Z,143746,120341,83935,68883,23405,43932,43779,56882,38204
2023-04-29T16:00:00Z,139455,116776,81330,67105,22679,43055,42902,55185,37326
2023-04-29T17:00:00Z,136661,116229,80613,68114,20432,41319,41183,51863,34619
2023-04-29T18:00:00Z,135930,107691,83484,63649,28239,39424,39270,55908,40167
2023-04-29T19:00:00Z,121018,100482,72215,59732,20536,35998,35866,45902,31143
2023-04-29T20:00:00Z,122771,99599,75209,59823,23172,34323,34184,46928,32817
2023-04-29T21:00:00Z,112689,92208,68961,56138,20481,31236,31107,41165,28722
2023-04-29T22:00:00Z,100977,81234,62984,50503,19743,27324,27171,37511,26264
2023-04-29T23:00:00Z,95635,75904,59382,47300,19731,26659,26531,36354,26144
2023-04-30T00:00:00Z,113389,75015,73539,45849,38374,25210,25041,54353,43713
2023-04-30T01:00:00Z,118113,68720,83672,42776,49393,25159,25009,65438,55092
2023-04-30T02:00:00Z,89772,68329,54975,40717,21443,23997,23882,36970,26220
2023-04-30T03:00:00Z,89414,69960,54115,41715,19454,24045,23921,33699,22703
2023-04-30T04:00:00Z,90337,71185,55634,43405,19152,24261,24141,34145,23129
2023-04-30T05:00:00Z,96922,75474,59790,45900,21448,25305,25170,36893,25192
2023-04-30T06:00:00Z,106623,80330,65895,47168,26293,27927,27767,43783,30634
2023-04-30T07:00:00Z,106291,86711,62421,50193,19580,30158,30027,39703,26085
2023-04-30T08:00:00Z,115042,93008,67571,53710,22034,32372,32238,43396,28911
2023-04-30T09:00:00Z,118126,97262,69899,57002,20864,33648,33519,44373,28911
2023-04-30T10:00:00Z,123870,100753,73790,59186,23117,34380,34244,46758,31658
2023-04-30T11:00:00Z,119440,98979,70205,57911,20461,34619,34491,44974,29268
2023-04-30T12:00:00Z,191490,104945,139581,61880,86545,37484,37339,76561,60130
2023-04-30T13:00:00Z,154364,113908,98602,66590,40456,40343,40202,70002,52620
2023-04-30T14:00:00Z,142567,121207,83305,70397,21360,44193,44053,56030,37074
2023-04-30T15:00:00Z,145264,121744,85581,71047,23520,44634,44505,56671,38296
2023-04-30T16:00:00Z,143597,120668,84446,70845,22929,44049,43909,55770,38038
2023-04-30T17:00:00Z,140109,119301,83647,71704,20808,42431,42291,52031,35558
2023-04-30T18:00:00Z,143989,115817,88821,69575,28172,41537,41382,58017,41598
2023-04-30T19:00:00Z,127802,107367,76653,64453,20435,39014,38889,49069,33553
2023-04-30T20:00:00Z,127795,104171,77948,62918,23624,37019,36883,49133,34811
2023-04-30T21:00:00Z,116086,93849,70405,56873,22237,33631,33500,42841,29859
2023-04-30T22:00:00Z,110637,86749,67524,52294,23888,30299,30173,41146,28285
2023-04-30T23:00:00Z,106096,82699,65928,51095,23397,29948,29805,40183,28312
2023-05-01T00:00:00Z,133306,84539,85154,52052,48767,29528,29343,61415,48152
2023-05-01T01:00:00Z,153266,82539,91753,51139,70727,30118,29942,73569,58811
2023-05-01T02:00:00Z,132346,84527,70819,50580,47819,29559,29410,46749,31190
2023-05-01T03:00:00Z,128083,85183,67888,50334,42900,28936,28800,42420,27946
2023-05-01T04:00:00Z,126999,83585,66773,49879,43414,29248,29106,42530,28485
2023-05-01T05:00:00Z,139483,87683,69649,50617,51800,31066,30923,46189,30020
2023-05-01T06:00:00Z,151108,100048,81426,57494,51060,34336,34192,53398,35921
2023-05-01T07:00:00Z,148928,104887,74989,58491,44041,37105,36941,50153,31418
2023-05-01T08:00:00Z,154501,112821,81706,63167,41680,40491,40304,54191,35483
2023-05-01T09:00:00Z,154385,115271,81100,64255,39114,41720,41520,54228,35193
2023-05-01T10:00:00Z,159485,118774,85640,66840,40711,42612,42425,57085,38115
2023-05-01T11:00:00Z,165334,124435,86712,68797,40899,43949,43770,56137,36278
2023-05-01T12:00:00Z,221464,127646,143183,71971,93818,47729,47508,88068,66986
2023-05-01T13:00:00Z,198473,143038,112856,78132,55435,53561,53350,83643,60764
2023-05-01T14:00:00Z,193722,155699,101594,84571,38023,58760,58542,70656,46603
2023-05-01T15:00:00Z,171777,135089,91554,74300,36688,54197,53975,66454,44233
2023-05-01T16:00:00Z,176603,138208,95540,75812,38395,54565,54337,70231,47848
2023-05-01T17:00:00Z,184451,148020,95502,79595,36431,55252,55006,67043,44078
2023-05-01T18:00:00Z,192353,147615,103403,80610,44738,54621,54371,72189,49549
2023-05-01T19:00:00Z,187563,141743,99257,78473,45820,51463,51232,67171,45404
2023-05-01T20:00:00Z,212495,121184,87985,68040,91311,46867,46633,88277,43188
2023-05-01T21:00:00Z,188240,121558,86012,68402,66682,44254,44031,69382,37953
2023-05-01T22:00:00Z,160287,114615,80614,62861,45672,38993,38764,53088,34751
2023-05-01T23:00:00Z,145940,103441,75432,58643,42499,37029,36851,50419,33803
2023-05-02T00:00:00Z,162370,101731,94786,59824,60639,36673,36436,69522,52676
2023-05-02T01:00:00Z,153167,97147,97575,56340,56020,36908,36702,76374,61446
2023-05-02T02:00:00Z,129307,98881,75466,56627,30426,35792,35596,49591,33792
2023-05-02T03:00:00Z,128799,100078,72117,55810,28721,34676,34498,45777,30540
2023-05-02T04:00:00Z,125900,98891,72544,56160,27009,34723,34545,47037,30833
2023-05-02T05:00:00Z,134109,103883,75305,57506,30226,37193,37030,49985,32930
2023-05-02T06:00:00Z,154624,119963,87336,64543,34661,43789,43579,60430,40833
2023-05-02T07:00:00Z,157512,130988,83158,67676,26524,48359,48147,58974,37015
2023-05-02T08:00:00Z,161313,134254,84836,68731,27059,51914,51671,62357,40075
2023-05-02T09:00:00Z,177869,149511,92586,76480,28358,54867,54620,64775,41605
2023-05-02T10:00:00Z,178599,148347,94781,77016,30252,53308,53071,66491,43633
2023-05-02T11:00:00Z,177420,148907,92344,75931,28513,55232,54951,65216,41707
2023-05-02T12:00:00Z,201816,137094,124858,70562,64722,55166,54907,91804,68626
2023-05-02T13:00:00Z,185308,146760,101684,73907,38548,60467,60216,84626,59007
2023-05-02T14:00:00Z,181079,157270,92911,80042,23809,65090,64832,75371,48500
2023-05-02T15:00:00Z,165115,140968,86486,73009,24147,60183,59909,70311,45250
2023-05-02T16:00:00Z,167828,142538,87930,73569,25290,57700,57422,69796,44655
2023-05-02T17:00:00Z,176875,149197,95000,80089,27678,58374,58112,68522,45049
2023-05-02T18:00:00Z,183848,149757,100216,79075,34091,57149,56889,73525,50257
2023-05-02T19:00:00Z,175544,146413,95074,80236,29131,54586,54323,65993,43640
2023-05-02T20:00:00Z,173299,142211,96276,77223,31088,52717,52447,64993,44781
2023-05-02T21:00:00Z,158808,130047,88228,71883,28761,46180,45943,57398,38588
2023-05-02T22:00:00Z,142508,112358,79497,63849,30150,40389,40188,52131,35180
2023-05-02T23:00:00Z,132333,105089,76769,61178,27244,38553,38328,49399,34678
2023-05-03T00:00:00Z,152241,105319,93858,61139,46922,38043,37807,69816,53525
2023-05-03T01:00:00Z,159454,101484,102621,58654,57970,37832,37642,76938,61471
2023-05-03T02:00:00Z,129057,98947,77422,57774,30110,36172,35967,49274,33587
2023-05-03T03:00:00Z,123544,95620,71870,53751,27924,34922,34767,46229,30013
2023-05-03T04:00:00Z,125681,96756,73703,55324,28925,34695,34540,46297,30584
2023-05-03T05:00:00Z,137601,106590,78401,58675,31011,37714,37526,50458,32872
2023-05-03T06:00:00Z,155779,120677,88969,64035,35102,44617,44414,61180,40879
2023-05-03T07:00:00Z,163996,136521,87578,70030,27475,49854,49629,60601,37853
2023-05-03T08:00:00Z,168906,140605,89928,71693,28301,52893,52650,65433,41263
2023-05-03T09:00:00Z,187189,154121,98019,76412,33068,55166,54924,70491,44861
2023-05-03T10:00:00Z,180827,148879,96169,75670,31948,53409,53158,66065,43875
2023-05-03T11:00:00Z,182426,151279,97121,78511,31147,55789,55543,65566,42429
2023-05-03T12:00:00Z,219666,145180,137419,76125,74486,58189,57907,94495,70317
2023-05-03T13:00:00Z,207234,161887,115512,82934,45347,65134,64852,91138,63941
2023-05-03T14:00:00Z,194836,166221,102148,85673,28615,67372,67058,77767,50238
2023-05-03T15:00:00Z,175629,147963,93170,76453,27666,62336,62035,72796,47371
2023-05-03T16:00:00Z,178499,148298,94584,75868,30201,58493,58217,73114,47726
2023-05-03T17:00:00Z,183026,152429,99432,81510,30597,57794,57543,69635,46358
2023-05-03T18:00:00Z,185906,149784,104424,81359,36122,56549,56266,73368,50877
2023-05-03T19:00:00Z,170757,142228,91724,74954,28529,52942,52675,63355,42274
2023-05-03T20:00:00Z,170427,138265,95440,75150,32162,51051,50777,63766,43938
2023-05-03T21:00:00Z,160218,128159,91029,72024,32059,45360,45121,56659,38816
2023-05-03T22:00:00Z,145063,113427,83753,65205,31636,39248,39008,50986,34859
2023-05-03T23:00:00Z,130378,101021,76108,58428,29357,37285,37101,48093,33747
2023-05-04T00:00:00Z,153603,103986,95350,60146,49617,38065,37826,70140,53995
2023-05-04T01:00:00Z,165695,103878,101702,57378,61817,41404,41216,81444,61781
2023-05-04T02:00:00Z,143835,113591,80976,61781,30244,42794,42618,54975,35930
2023-05-04T03:00:00Z,137343,108949,74917,57270,28394,40997,40835,50772,32146
2023-05-04T04:00:00Z,131052,102957,75224,56779,28095,36917,36740,49871,32027
2023-05-04T05:00:00Z,143997,113505,80683,61001,30492,41381,41176,54180,34939
2023-05-04T06:00:00Z,169971,135523,92236,68689,34448,50423,50218,68137,43229
2023-05-04T07:00:00Z,170474,140757,91478,71737,29717,54301,54061,68740,42917
2023-05-04T08:00:00Z,178497,150659,92214,75065,27838,58846,58583,69889,43054
2023-05-04T09:00:00Z,179914,151961,92753,76209,27953,59187,58929,70006,42568
2023-05-04T10:00:00Z,179136,148915,95279,76633,30221,56246,55999,69963,44540
2023-05-04T11:00:00Z,176631,145633,93916,74888,30998,56561,56325,69226,44630
2023-05-04T12:00:00Z,210321,140053,131619,72699,70268,57394,57134,93849,69462
2023-05-04T13:00:00Z,200372,156377,112009,81294,43995,64289,64008,88439,62060
2023-05-04T14:00:00Z,201116,173127,106623,90300,27989,69332,69064,79315,51619
2023-05-04T15:00:00Z,150397,125124,79950,64379,25273,55714,55463,67488,44617
2023-05-04T16:00:00Z,137083,113937,73990,59831,23146,49699,49463,63075,42952
2023-05-04T17:00:00Z,189180,161074,99910,85095,28106,59372,59132,70414,47040
2023-05-04T18:00:00Z,189765,155609,105281,83856,34156,57469,57215,73206,51055
2023-05-04T19:00:00Z,181603,150358,100111,82825,31245,54129,53869,65571,44363
2023-05-04T20:00:00Z,169623,137785,94691,75944,31838,51059,50826,63230,43500
2023-05-04T21:00:00Z,164082,130222,89829,72543,33860,46287,46038,58002,39446
2023-05-04T22:00:00Z,143599,112781,82322,64660,30818,39812,39593,51029,34988
2023-05-04T23:00:00Z,129683,103115,77395,61279,26568,37055,36850,47613,33495
2023-05-05T00:00:00Z,156561,104847,99735,61769,51714,37330,37069,71758,56584
2023-05-05T01:00:00Z,182005,104160,97567,58317,77845,40348,40138,78101,60249
2023-05-05T02:00:00Z,156425,112065,80513,63069,44360,41309,41087,56346,34138
2023-05-05T03:00:00Z,139878,108728,78781,60119,31150,39997,39812,50623,31379
2023-05-05T04:00:00Z,125919,99662,72717,57157,26257,34996,34808,46226,30312
2023-05-05T05:00:00Z,143120,110259,79295,59838,32861,38897,38702,51745,33130
2023-05-05T06:00:00Z,167049,131138,93340,68435,35911,49028,48798,65672,41925
2023-05-05T07:00:00Z,174722,145418,90424,73029,29304,54676,54433,65688,39626
2023-05-05T08:00:00Z,192313,155834,103079,80093,36479,57380,57134,72726,47051
2023-05-05T09:00:00Z,191536,159274,100213,81762,32262,59378,59121,69514,43417
2023-05-05T10:00:00Z,181133,148761,97440,77892,32372,54882,54630,68184,44181
2023-05-05T11:00:00Z,180317,148302,95113,76647,32015,55365,55118,65713,41768
2023-05-05T12:00:00Z,213777,139870,134788,73358,73907,56165,55917,93596,69159
2023-05-05T13:00:00Z,193275,150148,107654,76654,43127,61018,60730,84981,59788
2023-05-05T14:00:00Z,183355,155335,97159,80880,28020,63420,63161,73313,47621
2023-05-05T15:00:00Z,165538,138331,86691,70738,27207,57740,57475,68373,44066
2023-05-05T16:00:00Z,165525,134748,89846,70305,30777,54395,54145,69257,46235
2023-05-05T17:00:00Z,164494,137629,88058,72757,26865,52627,52392,62780,40944
2023-05-05T18:00:00Z,166770,132497,94777,71945,34273,50201,49970,66881,46277
2023-05-05T19:00:00Z,160339,130763,85444,68304,29576,47326,47102,58173,39164
2023-05-05T20:00:00Z,162772,131363,89627,70015,31409,44912,44651,57767,39905
2023-05-05T21:00:00Z,146850,112900,81598,62621,33950,39251,39025,51134,34549
2023-05-05T22:00:00Z,134733,100254,75183,56116,34479,33794,33577,45818,31229
2023-05-05T23:00:00Z,119685,88756,68721,50604,30929,31559,31372,43334,30636
2023-05-06T00:00:00Z,137001,83895,87038,49156,53106,30858,30632,65920,52414
2023-05-06T01:00:00Z,145473,83236,93759,48508,62237,33167,32974,73567,57798
2023-05-06T02:00:00Z,124743,90373,67839,48963,34370,34132,33973,46194,28867
2023-05-06T03:00:00Z,118213,85848,65035,46601,32365,32960,32783,43679,27351
2023-05-06T04:00:00Z,108965,77832,62942,44061,31133,28543,28337,39705,26148
2023-05-06T05:00:00Z,117143,83834,66816,46706,33309,30874,30740,43872,28040
2023-05-06T06:00:00Z,130409,93292,72594,49224,37117,36338,36175,52596,34105
2023-05-06T07:00:00Z,133050,102927,69152,52254,30123,39237,39081,49292,29663
2023-05-06T08:00:00Z,135371,103607,73307,54804,31764,40677,40527,52605,32655
2023-05-06T09:00:00Z,137541,107128,73028,56734,30413,41579,41433,52469,32638
2023-05-06T10:00:00Z,132949,100250,75172,55699,32699,38561,38401,51526,33570
2023-05-06T11:00:00Z,128442,99177,72180,55941,29265,37457,37303,48546,30896
2023-05-06T12:00:00Z,198670,102247,140545,57559,96423,39472,39303,79024,61127
2023-05-06T13:00:00Z,161706,111675,96576,60449,50031,42986,42828,72681,53366
2023-05-06T14:00:00Z,152294,119525,85308,67069,32769,46152,45996,58576,38220
2023-05-06T15:00:00Z,150330,116811,85002,66065,33519,45220,45038,58859,38886
2023-05-06T16:00:00Z,152130,120052,84448,65956,32078,43648,43493,56673,37917
2023-05-06T17:00:00Z,147620,113891,86468,63927,33729,41653,41485,56905,39530
2023-05-06T18:00:00Z,144922,109197,87165,63708,35725,39796,39643,57395,40678
2023-05-06T19:00:00Z,130924,98446,74038,56503,32478,36246,36116,47359,31641
2023-05-06T20:00:00Z,125932,91419,73868,53497,34513,33864,33694,47134,32786
2023-05-06T21:00:00Z,114940,83024,66716,48913,31916,30258,30114,41064,27945
2023-05-06T22:00:00Z,105171,74589,63119,45483,30582,26743,26612,37362,25685
2023-05-06T23:00:00Z,99268,68462,59486,42204,30806,25958,25824,36649,25740
2023-05-07T00:00:00Z,118777,68972,76121,42478,49805,24901,24729,56113,44408
2023-05-07T01:00:00Z,124488,70293,81343,43148,54195,25279,25129,63211,50948
2023-05-07T02:00:00Z,107581,71041,65076,43381,36540,26871,26730,45168,32395
2023-05-07T03:00:00Z,101764,70350,59766,41671,31414,25347,25223,35955,23478
2023-05-07T04:00:00Z,102463,70638,59780,41998,31825,26020,25894,36924,24279
2023-05-07T05:00:00Z,106583,73717,60790,42342,32866,26928,26819,39106,25712
2023-05-07T06:00:00Z,119448,82788,69679,47232,36660,30062,29878,46386,31462
2023-05-07T07:00:00Z,117236,88380,66198,50329,28856,32440,32279,43348,27568
2023-05-07T08:00:00Z,135752,98270,77616,54274,37482,35207,35056,52405,35614
2023-05-07T09:00:00Z,132096,98363,73436,55581,33733,36481,36341,48158,30889
2023-05-07T10:00:00Z,136588,101999,77314,57801,34589,37069,36911,49820,33397
2023-05-07T11:00:00Z,133775,104102,71736,57325,29673,38348,38203,48937,31772
2023-05-07T12:00:00Z,202365,107077,140401,61006,95288,40914,40722,80622,62161
2023-05-07T13:00:00Z,167019,115577,102136,65303,51442,44958,44815,78832,58992
2023-05-07T14:00:00Z,157496,126067,88107,72358,31429,48765,48597,61245,40341
2023-05-07T15:00:00Z,158798,121964,88610,68914,36834,47641,47475,61431,40728
2023-05-07T16:00:00Z,154888,118996,87232,68498,35892,45705,45546,59573,39752
2023-05-07T17:00:00Z,150814,116144,83447,66924,34670,43558,43406,55936,36613
2023-05-07T18:00:00Z,155238,113710,90763,66054,41528,42154,41994,60302,42693
2023-05-07T19:00:00Z,139544,104070,79477,61562,35474,39064,38904,49971,33717
2023-05-07T20:00:00Z,136955,99932,80636,60177,37023,37065,36917,50360,35072
2023-05-07T21:00:00Z,127542,92327,73870,55708,35215,33129,32997,44478,29889
2023-05-07T22:00:00Z,114712,79735,65626,47673,34977,29209,29075,40632,27676
2023-05-07T23:00:00Z,111699,77982,65248,47918,33717,29499,29372,40350,28019
2023-05-08T00:00:00Z,138789,84293,83720,51341,54496,31931,31767,65351,50566
2023-05-08T01:00:00Z,160760,91180,88136,51033,69580,37269,37109,76470,57507
2023-05-08T02:00:00Z,151670,101852,74984,54987,49818,39194,39028,54610,33809
2023-05-08T03:00:00Z,149235,98881,74905,53160,50354,38051,37858,54576,34631
2023-05-08T04:00:00Z,145132,92691,75116,51683,52441,34850,34670,52785,34973
2023-05-08T05:00:00Z,156577,101570,74668,53995,55007,38575,38375,52799,32514
2023-05-08T06:00:00Z,173929,121559,85155,61589,52370,48078,47860,64974,41157
2023-05-08T07:00:00Z,159102,125470,79059,62601,33632,51400,51170,61018,37143
2023-05-08T08:00:00Z,171223,138314,83480,67432,32909,54675,54421,65129,40250
2023-05-08T09:00:00Z,172459,139256,86690,70471,33203,55231,54993,65070,40067
2023-05-08T10:00:00Z,177462,135711,89299,70920,41751,53588,53314,66666,42572
2023-05-08T11:00:00Z,165511,138957,88286,71914,26554,54362,54123,63690,40594
2023-05-08T12:00:00Z,214672,138556,131308,72909,76116,56994,56719,93687,68889
2023-05-08T13:00:00Z,195001,148513,107030,76680,46488,61894,61641,86800,60948
2023-05-08T14:00:00Z,188343,155410,94732,80051,32933,64441,64186,74244,47703
2023-05-08T15:00:00Z,175207,141584,90106,73264,33623,60763,60507,71930,46478
2023-05-08T16:00:00Z,167599,136170,85592,71317,31429,56859,56586,68930,44817
2023-05-08T17:00:00Z,180832,150163,96916,78599,30669,58674,58408,72715,49086
2023-05-08T18:00:00Z,183072,143366,95644,75440,39706,55876,55620,72582,49899
2023-05-08T19:00:00Z,173633,139111,86895,72612,34522,53060,52807,64519,42313
2023-05-08T20:00:00Z,165280,127751,87991,70764,37529,48906,48674,62404,42293
2023-05-08T21:00:00Z,167895,123674,87493,70304,44221,45316,45097,58777,39339
2023-05-08T22:00:00Z,144004,112124,77126,62458,31880,39552,39336,51826,35836
2023-05-08T23:00:00Z,134098,100796,73269,58574,33302,38249,38035,50708,35317
2023-05-09T00:00:00Z,156767,104848,90812,60136,51919,39675,39474,71764,54571
2023-05-09T01:00:00Z,167670,109269,99770,60258,58401,44280,44079,83840,64060
2023-05-09T02:00:00Z,149012,114663,78741,62425,34349,45479,45284,61513,40094
2023-05-09T03:00:00Z,140017,108404,73119,58989,31613,41090,40910,53308,33002
2023-05-09T04:00:00Z,130174,97915,71255,54816,32259,37004,36803,49167,32198
2023-05-09T05:00:00Z,142396,108827,77042,59645,33569,40366,40185,53651,34473
2023-05-09T06:00:00Z,168321,131997,86814,66882,36324,50444,50196,67919,43951
2023-05-09T07:00:00Z,159234,134481,80189,67724,24753,54828,54601,64706,39636
2023-05-09T08:00:00Z,172585,146262,86950,73221,26323,58800,58587,69396,43570
2023-05-09T09:00:00Z,173104,147651,83440,70836,25453,59544,59305,68299,42230
2023-05-09T10:00:00Z,176850,148978,87022,72799,27872,57659,57444,69566,44533
2023-05-09T11:00:00Z,89937,74703,41771,34502,15234,33527,33320,39860,24565
2023-05-09T12:00:00Z,120878,95109,60565,44352,25769,44739,44516,61590,41210
2023-05-09T13:00:00Z,200785,160984,108789,80903,39801,68085,67772,94262,66214
2023-05-09T14:00:00Z,192583,166367,97312,85671,26216,69829,69554,78647,50701
2023-05-09T15:00:00Z,169504,145111,86003,73529,24393,62964,62664,72746,46771
2023-05-09T16:00:00Z,165938,143332,85782,73503,22606,60180,59883,70131,46036
2023-05-09T17:00:00Z,171988,144462,88254,76203,27526,57547,57258,68283,44124
2023-05-09T18:00:00Z,225437,127189,84041,67927,98248,52548,52294,85109,44852
2023-05-09T19:00:00Z,164209,139529,85547,72936,24680,52222,51990,61756,41161
2023-05-09T20:00:00Z,159188,132887,86399,71405,26301,49796,49540,62025,42588
2023-05-09T21:00:00Z,150681,122999,81056,66909,27682,45500,45247,56801,38278
2023-05-09T22:00:00Z,143003,113180,74804,60881,29823,40105,39898,52681,35226
2023-05-09T23:00:00Z,126055,101653,71278,57681,24402,38202,38018,49170,34507
2023-05-10T00:00:00Z,150559,104920,91752,59621,45639,39651,39416,72289,56149
2023-05-10T01:00:00Z,191490,104409,96149,57673,87081,42327,42120,81682,62721
2023-05-10T02:00:00Z,141713,110296,73667,58756,31417,42831,42649,56180,36221
2023-05-10T03:00:00Z,136902,103723,70289,55510,33179,40972,40795,51808,32628
2023-05-10T04:00:00Z,129997,98769,67958,54601,31228,36866,36667,48599,31564
2023-05-10T05:00:00Z,142062,107735,72275,57214,34327,40650,40477,53811,34512
2023-05-10T06:00:00Z,169687,131149,86242,66374,38538,51191,50989,67269,43391
2023-05-10T07:00:00Z,154133,130606,79318,65301,23527,54144,53900,62796,38766
2023-05-10T08:00:00Z,159528,137600,79976,67823,21928,56815,56561,65635,40971
2023-05-10T09:00:00Z,173291,149030,87765,75261,24261,59662,59407,68122,42637
2023-05-10T10:00:00Z,166285,140588,86286,71976,25697,56183,55925,67799,43981
2023-05-10T11:00:00Z,169401,143254,85841,73149,26147,56647,56418,66670,42283
2023-05-10T12:00:00Z,193617,136927,114964,69650,56690,58379,58117,91368,66888
2023-05-10T13:00:00Z,174525,144912,92212,72234,29613,63298,63040,81732,55587
2023-05-10T14:00:00Z,168128,149448,83909,75196,18680,66045,65781,73324,46297
2023-05-10T15:00:00Z,168500,147898,86411,75621,20602,63419,63170,72845,47348
2023-05-10T16:00:00Z,161939,142761,83051,73542,19178,59079,58840,68165,44146
2023-05-10T17:00:00Z,160123,141025,82651,73336,19098,56786,56561,65628,42450
2023-05-10T18:00:00Z,171523,149571,85721,73467,21952,55535,55308,68236,45324
2023-05-10T19:00:00Z,159435,139100,83106,72785,20335,53251,53023,62262,41105
2023-05-10T20:00:00Z,156737,133886,84538,71964,22851,50660,50437,61897,41691
2023-05-10T21:00:00Z,148186,124832,77124,64980,23354,44441,44221,55053,37021
2023-05-10T22:00:00Z,132274,108935,72752,60319,23339,38921,38695,49630,33628
2023-05-10T23:00:00Z,122148,98787,69692,56752,23361,36695,36512,47535,32977
2023-05-11T00:00:00Z,146110,102374,89876,58742,43736,37980,37779,69899,54526
2023-05-11T01:00:00Z,158816,103653,98608,58429,55163,41388,41207,81316,63367
2023-05-11T02:00:00Z,133618,106480,71706,56430,27138,41687,41505,54841,35876
2023-05-11T03:00:00Z,130436,102472,72508,55256,27964,39937,39765,50225,31686
2023-05-11T04:00:00Z,121789,98992,68522,55092,22797,36565,36386,47623,31523
2023-05-11T05:00:00Z,133377,107439,72111,56977,25938,40427,40232,53421,34575
2023-05-11T06:00:00Z,164065,132984,85154,65485,31081,50622,50357,66473,43526
2023-05-11T07:00:00Z,162661,139870,78761,66424,22791,54636,54411,65083,39845
2023-05-11T08:00:00Z,175179,150287,87731,73667,24892,59487,59221,69361,43821
2023-05-11T09:00:00Z,183128,157844,90730,77229,25284,61053,60779,70552,44513
2023-05-11T10:00:00Z,174463,148767,90868,75805,25696,56707,56447,68264,44553
2023-05-11T11:00:00Z,172303,147229,87509,74413,25074,57450,57199,66568,42700
2023-05-11T12:00:00Z,208272,143631,127134,73063,64641,59333,59049,93798,69535
2023-05-11T13:00:00Z,145765,115561,76565,54211,30204,55150,54886,76008,50725
2023-05-11T14:00:00Z,189785,165754,96507,84426,24031,68366,68074,77565,50194
2023-05-11T15:00:00Z,169993,146838,87968,74985,23155,62577,62306,72686,47520
2023-05-11T16:00:00Z,170982,147046,89604,76703,23936,59557,59286,70736,46639
2023-05-11T17:00:00Z,171206,146668,89638,77326,24538,56146,55887,66261,43489
2023-05-11T18:00:00Z,173689,143021,94861,75754,30668,55060,54813,71424,49354
2023-05-11T19:00:00Z,162622,138166,86350,73519,24456,52172,51927,62228,41933
2023-05-11T20:00:00Z,168691,132728,86632,70413,35963,48717,48466,64675,42319
2023-05-11T21:00:00Z,144340,118599,77683,63640,25741,43380,43124,54891,36960
2023-05-11T22:00:00Z,134955,108953,71231,57394,26002,37947,37710,49572,33467
2023-05-11T23:00:00Z,121829,97997,68735,55302,23832,37355,37156,48210,33785
2023-05-12T00:00:00Z,146337,100364,89145,57035,45973,37050,36803,69760,54788
2023-05-12T01:00:00Z,158345,102654,97901,56273,55691,40357,40131,81538,64066
2023-05-12T02:00:00Z,131934,104556,70778,55288,27378,40611,40409,53415,34703
2023-05-12T03:00:00Z,124260,99565,67349,53575,24695,38697,38507,49042,31465
2023-05-12T04:00:00Z,123818,95774,69018,51758,28044,35289,35110,47082,30867
2023-05-12T05:00:00Z,131782,104151,70403,54782,27631,38608,38417,51620,32871
2023-05-12T06:00:00Z,158992,125800,84470,64486,33192,48198,47966,66151,42405
2023-05-12T07:00:00Z,150710,127776,75898,63834,22934,51437,51197,61114,37595
2023-05-12T08:00:00Z,159492,134795,81156,67833,24697,54964,54679,65019,41005
2023-05-12T09:00:00Z,170965,146076,86660,73533,24889,57756,57460,66847,42275
2023-05-12T10:00:00Z,168403,140691,88017,72570,27712,54011,53760,65828,43283
2023-05-12T11:00:00Z,167271,142176,87171,74044,25095,53636,53387,63493,41406
2023-05-12T12:00:00Z,216792,141341,136741,73617,75451,55346,55060,92737,69567
2023-05-12T13:00:00Z,192949,153322,105457,77824,39627,59735,59464,84391,59944
2023-05-12T14:00:00Z,186696,161836,94144,81500,24860,63240,62954,73717,48311
2023-05-12T15:00:00Z,169823,144026,88194,74426,25797,58195,57894,69286,45787
2023-05-12T16:00:00Z,164829,140220,85722,72390,24609,54630,54350,65398,43538
2023-05-12T17:00:00Z,165248,139611,86741,73490,25637,52118,51865,62719,41421
2023-05-12T18:00:00Z,164062,131923,92283,72203,32139,49158,48910,65341,46403
2023-05-12T19:00:00Z,154979,129863,83710,69930,25116,46437,46222,57138,38775
2023-05-12T20:00:00Z,154145,125826,83823,67124,28319,44047,43798,57097,39752
2023-05-12T21:00:00Z,136883,112167,76082,61985,24716,38511,38307,49360,33732
2023-05-12T22:00:00Z,123529,99985,68494,54789,23544,32730,32542,44049,30378
2023-05-12T23:00:00Z,106359,83993,62794,49571,22366,30289,30107,41341,29081
2023-05-13T00:00:00Z,127158,82330,80759,47378,44828,28458,28249,62664,50727
2023-05-13T01:00:00Z,123340,73147,84397,44414,50193,27193,27011,67456,55561
2023-05-13T02:00:00Z,95330,72543,56738,42366,22787,25994,25814,38821,26570
2023-05-13T03:00:00Z,95072,74101,56262,42918,20971,26243,26098,36611,24358
2023-05-13T04:00:00Z,95571,75562,59122,45738,20009,25536,25384,35944,24309
2023-05-13T05:00:00Z,98609,77680,59947,45502,20929,26536,26416,38234,25580
2023-05-13T06:00:00Z,110965,84161,67121,47666,26804,30048,29907,46190,31674
2023-05-13T07:00:00Z,108031,89008,61736,49297,19023,32208,32069,42502,27255
2023-05-13T08:00:00Z,117007,96401,67191,53276,20606,34309,34168,45625,29692
2023-05-13T09:00:00Z,119325,99385,69054,55907,19940,36038,35901,46818,30347
2023-05-13T10:00:00Z,121317,100490,70299,55721,20827,35708,35574,48141,32301
2023-05-13T11:00:00Z,119963,100524,68339,55596,19439,35904,35769,46184,30226
2023-05-13T12:00:00Z,190092,102419,139277,59071,87673,38532,38385,77326,60756
2023-05-13T13:00:00Z,153189,113580,94640,62251,39609,41694,41549,71504,53793
2023-05-13T14:00:00Z,142073,120594,81607,68371,21479,44672,44509,56654,37637
2023-05-13T15:00:00Z,141601,117304,83130,67453,24297,44287,44131,57871,38740
2023-05-13T16:00:00Z,135842,111981,78764,64136,23861,42639,42460,55833,37793
2023-05-13T17:00:00Z,138685,117132,76307,63416,21553,40567,40414,51216,34962
2023-05-13T18:00:00Z,137724,109509,80756,60436,28215,38339,38181,54988,39696
2023-05-13T19:00:00Z,133176,113845,69170,56413,19331,34984,34837,44646,30910
2023-05-13T20:00:00Z,122789,100799,70548,54931,21990,32309,32166,44228,31512
2023-05-13T21:00:00Z,101614,83408,63031,50605,18206,29019,28898,38733,26749
2023-05-13T22:00:00Z,104290,86600,57823,45520,17690,25691,25542,34659,24559
2023-05-13T23:00:00Z,107382,90262,54949,42766,17120,25279,25162,34448,25013
2023-05-14T00:00:00Z,118593,80045,75525,45457,38548,24344,24188,55073,44926
2023-05-14T01:00:00Z,118600,71354,86700,46749,47246,24408,24266,63903,53786
2023-05-14T02:00:00Z,96253,73155,62918,45722,23098,23838,23727,38523,27797
2023-05-14T03:00:00Z,92721,75349,59198,46758,17372,24309,24175,33762,22582
2023-05-14T04:00:00Z,95194,77277,60549,48002,17917,24479,24351,34360,23320
2023-05-14T05:00:00Z,97871,78684,62990,49039,19187,25614,25498,36146,24890
2023-05-14T06:00:00Z,112128,87554,71685,53078,24574,29091,28952,43714,30855
2023-05-14T07:00:00Z,116983,99649,72946,61074,17334,31645,31519,41255,26742
2023-05-14T08:00:00Z,122091,102331,75050,61062,19760,34279,34133,45275,30479
2023-05-14T09:00:00Z,122656,103128,75014,62049,19528,35708,35574,45431,29922
2023-05-14T10:00:00Z,124152,103022,76919,62399,21130,36030,35891,47916,32577
2023-05-14T11:00:00Z,130668,112694,78675,66711,17974,37076,36946,46035,30855
2023-05-14T12:00:00Z,201406,117117,143972,66602,84289,39945,39798,78103,61596
2023-05-14T13:00:00Z,162016,124324,100647,68923,37692,43536,43385,72009,54105
2023-05-14T14:00:00Z,147932,128195,88595,75853,19737,47095,46946,58166,38627
2023-05-14T15:00:00Z,150935,128635,89611,74855,22300,46640,46487,58616,39866
2023-05-14T16:00:00Z,150089,128714,87591,74269,21375,44177,44015,55818,38138
2023-05-14T17:00:00Z,141541,122338,85993,74144,19203,42262,42124,52697,35834
2023-05-14T18:00:00Z,158657,132100,90884,71453,26557,41180,41015,57398,41179
2023-05-14T20:00:00Z,136622,114804,80152,64883,21818,35943,35755,48015,33721
2023-05-14T21:00:00Z,129600,111325,71754,59221,18275,31836,31693,41525,28652
2023-05-14T22:00:00Z,108129,90000,65641,53267,18129,27674,27561,37375,26108
2023-05-14T23:00:00Z,102916,85472,64787,52935,17444,28059,27951,38264,26927
2023-05-15T00:00:00Z,143875,103680,81625,52268,40195,30658,30464,62015,48286
2023-05-15T01:00:00Z,147498,90507,90226,51542,56991,35924,35754,74999,58338
2023-05-15T02:00:00Z,128543,97532,66842,51700,31011,37597,37414,51770,33256
2023-05-15T03:00:00Z,126656,97616,66760,52861,29040,37294,37114,47667,29767
2023-05-15T04:00:00Z,122445,93198,66350,52173,29247,33841,33660,45122,29380
2023-05-15T05:00:00Z,140404,103158,71019,55058,37246,38340,38160,50981,32394
2023-05-15T06:00:00Z,169902,134556,86620,66296,35346,48804,48552,64332,41639
2023-05-15T07:00:00Z,156546,131293,71469,59947,25253,50416,50190,58502,35223
2023-05-15T08:00:00Z,163231,135993,80199,67114,27238,55779,55534,65044,40421
2023-05-15T09:00:00Z,173858,147510,83187,70703,26348,57895,57645,65973,41210
2023-05-15T10:00:00Z,167815,140053,86184,72145,27762,54769,54519,66133,42146
2023-05-15T11:00:00Z,178148,151195,86107,73894,26953,56358,56121,66608,41776
2023-05-15T12:00:00Z,205133,139821,124006,72526,65312,58146,57845,92946,68263
2023-05-15T13:00:00Z,198643,158829,106802,80642,39814,64501,64231,87384,60784
2023-05-15T14:00:00Z,192801,165134,94170,82361,27667,67003,66729,76640,48754
2023-05-15T15:00:00Z,182517,153692,88662,75633,28825,63177,62883,73323,47275
2023-05-15T16:00:00Z,183935,156151,91915,79211,27784,59828,59537,70829,46310
2023-05-15T17:00:00Z,181691,153568,90893,78673,28123,57188,56907,68069,44185
2023-05-15T18:00:00Z,184606,147578,98211,78902,37028,56538,56248,73306,50576
2023-05-15T19:00:00Z,179030,148584,91132,78085,30446,53410,53165,65214,43334
2023-05-15T20:00:00Z,179817,144055,93167,77208,35762,51605,51361,65856,44195
2023-05-15T21:00:00Z,168901,127205,82169,68135,41696,45911,45686,59067,38430
2023-05-15T22:00:00Z,150208,116471,74890,60768,33737,39523,39299,50764,34346
2023-05-15T23:00:00Z,130223,100482,69084,55472,29741,37671,37460,48350,33417
2023-05-16T00:00:00Z,152727,106132,86229,56461,46595,38399,38152,69382,53409
2023-05-16T01:00:00Z,161818,108337,97778,59579,53481,42374,42140,80311,61956
2023-05-16T02:00:00Z,139309,111184,75265,59176,28125,43098,42903,57226,37399
2023-05-16T03:00:00Z,135940,109289,72286,58254,26651,40708,40528,51809,32834
2023-05-16T04:00:00Z,130878,104768,71309,57085,26110,37753,37557,49268,32240
2023-05-16T05:00:00Z,141367,112009,75601,59703,29358,41584,41398,54074,34793
2023-05-16T06:00:00Z,172137,139056,88844,68562,33081,51913,51686,67809,44066
2023-05-16T07:00:00Z,157078,133219,77742,64620,23859,54243,54015,63141,38207
2023-05-16T08:00:00Z,172256,147118,86110,72617,25138,58995,58736,68572,43026
2023-05-16T09:00:00Z,181616,155875,90963,77819,25741,61069,60818,71631,45028
2023-05-16T10:00:00Z,175467,148406,89934,75165,27061,57102,56833,68211,44620
2023-05-16T11:00:00Z,176350,150408,88047,75479,25942,57788,57524,67365,42507
2023-05-16T12:00:00Z,208732,146703,123260,73260,62029,59698,59428,93994,69108
2023-05-16T13:00:00Z,195891,157905,104934,78130,37986,65669,65379,88858,62264
2023-05-16T14:00:00Z,189772,165490,95640,83749,24282,68657,68400,78077,50243
2023-05-16T15:00:00Z,175189,151101,89330,76734,24088,63072,62816,73593,47330
2023-05-16T16:00:00Z,183599,158351,94221,81118,25248,62305,62040,73319,48002
2023-05-16T17:00:00Z,179026,153496,93565,81277,25530,58690,58410,68496,45040
2023-05-16T18:00:00Z,190647,156447,103477,83897,34200,58062,57803,74457,51429
2023-05-16T19:00:00Z,175296,149589,91042,77852,25707,54487,54230,64935,43396
2023-05-16T20:00:00Z,169167,139822,91662,75428,29345,51317,51040,64283,44624
2023-05-16T21:00:00Z,124122,104892,66423,56742,19230,40367,40158,47558,31978
2023-05-16T22:00:00Z,144574,115663,77793,62976,28911,40161,39894,52347,35550
2023-05-16T23:00:00Z,126852,101322,71773,57791,25530,37943,37725,49151,34122
2023-05-17T00:00:00Z,148446,105117,89563,59617,43329,38684,38428,69683,53742
2023-05-17T01:00:00Z,151662,98157,90222,53627,53505,40476,40274,77062,59400
2023-05-17T02:00:00Z,135401,107881,73640,57334,27520,42069,41861,55319,36132
2023-05-17T03:00:00Z,132191,105144,70345,56120,27047,40506,40309,51404,32399
2023-05-17T04:00:00Z,135441,100714,69810,56087,34727,36838,36635,50052,31392
2023-05-17T05:00:00Z,140095,111647,75152,59583,28448,41377,41184,54523,34652
2023-05-17T06:00:00Z,166509,134187,89337,69278,32322,51259,51027,66460,43306
2023-05-17T07:00:00Z,160742,138888,79595,67585,21854,55412,55161,64331,38682
2023-05-17T08:00:00Z,171807,147492,87079,73667,24315,59051,58801,67928,42990
2023-05-17T09:00:00Z,175164,150947,89098,76320,24217,59243,58959,67913,42329
2023-05-17T10:00:00Z,167034,141417,87904,73310,25617,55605,55328,66292,43565
2023-05-17T11:00:00Z,163569,140572,85453,73252,22997,55744,55483,64614,41326
2023-05-17T12:00:00Z,199605,136974,123301,70934,62631,57289,57028,92882,68114
2023-05-17T13:00:00Z,185016,148988,101976,76568,36028,62868,62595,85272,59420
2023-05-17T14:00:00Z,182633,160291,91817,80697,22342,66244,65957,75519,48533
2023-05-17T15:00:00Z,166134,143219,85206,72982,22915,60693,60405,70648,46028
2023-05-17T16:00:00Z,163740,139876,84864,72804,23864,57265,56962,67767,44501
2023-05-17T17:00:00Z,170098,145087,89562,77378,25011,55677,55413,65691,43041
2023-05-17T18:00:00Z,172640,142276,93238,75090,30364,53829,53578,69440,47674
2023-05-17T19:00:00Z,158540,134578,84936,72391,23962,49681,49438,60318,40069
2023-05-17T20:00:00Z,159033,131770,87346,71391,27263,48105,47846,59875,41579
2023-05-17T21:00:00Z,152984,128115,79823,66153,24869,43773,43530,53747,36715
2023-05-17T22:00:00Z,133113,108536,73972,60522,24577,38591,38351,49262,33859
2023-05-17T23:00:00Z,122004,98482,69036,55899,23522,36432,36241,46779,32796
2023-05-18T00:00:00Z,144395,100987,88629,57667,43408,37055,36830,69814,54279
2023-05-18T01:00:00Z,153400,101994,94334,55852,51406,40221,40008,78974,61026
2023-05-18T02:00:00Z,131595,106255,72735,57810,25340,40945,40727,53862,35273
2023-05-18T03:00:00Z,127085,103419,69696,56333,23666,39189,39003,49933,31372
2023-05-18T04:00:00Z,120355,96168,68309,54588,24187,35166,34981,46533,30681
2023-05-18T05:00:00Z,132346,105641,71862,57390,26705,39163,38970,51112,33215
2023-05-18T06:00:00Z,156510,125524,85197,65673,30986,47570,47351,63355,41663
2023-05-18T07:00:00Z,159499,136621,82362,69906,22878,51991,51773,61966,38459
2023-05-18T08:00:00Z,169679,145665,89031,75327,24014,54949,54713,66062,41697
2023-05-18T09:00:00Z,176891,151259,90695,76927,25632,57375,57130,67274,42546
2023-05-18T10:00:00Z,173524,147103,93406,78152,26421,54079,53847,66748,44088
2023-05-18T11:00:00Z,174934,149266,90744,77554,25668,55630,55401,66179,42245
2023-05-18T12:00:00Z,221912,146974,139966,77127,74938,57441,57186,96245,71765
2023-05-18T13:00:00Z,196835,155680,111685,82005,41155,61613,61377,88997,63722
2023-05-18T14:00:00Z,184017,158717,96422,84277,25300,63543,63264,73846,48089
2023-05-18T15:00:00Z,169841,145461,91237,78109,24380,58710,58443,70478,46035
2023-05-18T16:00:00Z,179617,154372,98046,84866,25245,58491,58249,69325,46210
2023-05-18T17:00:00Z,170364,146360,92674,80562,24004,55476,55252,65476,43180
2023-05-18T18:00:00Z,177175,145617,100862,82121,31558,53664,53429,70042,48862
2023-05-18T19:00:00Z,160301,136006,87143,74358,24295,50774,50539,61239,40956
2023-05-18T20:00:00Z,156345,130028,85647,70517,26317,48360,48120,60331,41904
2023-05-18T21:00:00Z,141619,116453,77572,64069,25166,42598,42382,52390,36021
2023-05-18T22:00:00Z,128416,103264,70760,57312,25152,37953,37748,48196,32741
2023-05-18T23:00:00Z,121762,98514,69313,56420,23248,36510,36305,46864,32839
2023-05-19T00:00:00Z,144464,99847,87673,56233,44617,37136,36908,70081,54424
2023-05-19T01:00:00Z,156965,102898,97663,57580,54067,40491,40265,80883,62994
2023-05-19T02:00:00Z,134621,107805,73128,57683,26816,40209,39998,54959,35505
2023-05-19T03:00:00Z,127625,102648,68927,55592,24977,38166,37957,49407,30985
2023-05-19T04:00:00Z,120297,96222,68537,55099,24075,34456,34277,45454,30188
2023-05-19T05:00:00Z,129391,101791,70254,55262,27600,38154,37962,50076,32490
2023-05-19T06:00:00Z,155377,125358,82994,63632,30019,46850,46657,63520,41178
2023-05-19T07:00:00Z,155489,132473,78518,65942,23016,50489,50285,61288,37337
2023-05-19T08:00:00Z,161042,137071,83255,70029,23971,53447,53221,64547,40177
2023-05-19T09:00:00Z,162847,138606,82515,69852,24241,54055,53809,64200,39803
2023-05-19T10:00:00Z,154661,129747,81235,67125,24914,50062,49795,63743,40493
2023-05-19T11:00:00Z,155167,131590,79986,67765,23577,49879,49670,60984,38096
2023-05-19T12:00:00Z,192267,123523,122180,64190,68744,50161,49905,88022,64802
2023-05-19T13:00:00Z,174309,137515,95984,69747,36794,55034,54775,80531,55897
2023-05-19T14:00:00Z,163404,141699,84964,73738,21705,58404,58147,69553,44015
2023-05-19T15:00:00Z,158090,135508,83953,71923,22582,54005,53770,66066,42203
2023-05-19T16:00:00Z,156800,134699,81242,69450,22101,52517,52260,64520,41472
2023-05-19T17:00:00Z,157786,134900,82414,70366,22886,51353,51126,62988,40420
2023-05-19T18:00:00Z,159263,130526,88318,70051,28737,49249,49020,66214,44650
2023-05-19T19:00:00Z,155987,131970,82467,69761,24017,46778,46562,58381,38093
2023-05-19T20:00:00Z,151504,124169,83002,66815,27335,44298,44072,59210,39510
2023-05-19T21:00:00Z,138523,111675,74604,60637,26848,38709,38494,52147,33860
2023-05-19T22:00:00Z,124979,97793,68026,54062,27186,33064,32851,46819,30468
2023-05-19T23:00:00Z,110466,86139,62758,49728,24327,30640,30462,43650,29121
2023-05-20T00:00:00Z,128711,81952,82601,48675,46759,28737,28496,65579,51566
2023-05-20T01:00:00Z,127351,76467,85000,44437,50884,27572,27380,70153,56328
2023-05-20T02:00:00Z,100601,77598,58762,44010,23003,26340,26167,40472,27044
2023-05-20T03:00:00Z,97277,76111,56452,42961,21166,26206,26073,37684,24161
2023-05-20T04:00:00Z,93994,74248,55093,41999,19746,25969,25838,37617,24547
2023-05-20T05:00:00Z,102053,81058,60676,46343,20995,27446,27313,40050,25896
2023-05-20T06:00:00Z,113538,87726,69086,50037,25812,30718,30560,47380,32122
2023-05-20T07:00:00Z,116432,97249,64968,52435,19183,33376,33219,43997,27733
2023-05-20T08:00:00Z,117850,97568,68858,55090,20282,35112,34975,47549,30503
2023-05-20T09:00:00Z,119560,100376,67374,54657,19184,36189,36044,47003,30177
2023-05-20T10:00:00Z,121016,100070,70360,55532,20946,36018,35873,49202,32575
2023-05-20T11:00:00Z,116742,98345,67490,55201,18397,36160,36026,46747,30158
2023-05-20T12:00:00Z,190070,103489,137980,58463,86581,38578,38441,78828,61069
2023-05-20T13:00:00Z,149947,110816,94009,61859,39131,41331,41187,71749,53462
2023-05-20T14:00:00Z,137869,118070,78401,65786,19799,44569,44441,55804,36615
2023-05-20T15:00:00Z,140331,118571,81460,66996,21760,44583,44445,57552,38278
2023-05-20T16:00:00Z,136643,115834,79208,65521,20809,43758,43594,56532,37787
2023-05-20T17:00:00Z,135429,116548,77008,64858,18881,41334,41200,51278,34291
2023-05-20T18:00:00Z,132206,105683,81878,62192,26523,39191,39042,55975,40186
2023-05-20T19:00:00Z,125054,106845,77639,65597,18209,35398,35263,45491,30577
2023-05-20T20:00:00Z,116502,95371,71346,56382,21131,33523,33377,45967,31992
2023-05-20T21:00:00Z,103444,85051,62810,50386,18393,30048,29927,39965,27267
2023-05-20T22:00:00Z,93179,74965,57637,45540,18214,26302,26172,36191,25038
2023-05-20T23:00:00Z,89986,73230,58841,47247,16756,25535,25401,35308,25024
2023-05-21T00:00:00Z,106405,67556,72424,42119,38849,24263,24108,55958,45698
2023-05-21T01:00:00Z,109447,65788,77330,40749,43659,24790,24641,62114,51327
2023-05-21T02:00:00Z,90624,65731,57690,38712,24893,23665,23531,41739,30610
2023-05-21T03:00:00Z,87169,69919,53738,41830,17250,24570,24466,33732,22441
2023-05-21T04:00:00Z,90849,73351,56179,43945,17498,24803,24678,35121,23520
2023-05-21T05:00:00Z,93903,74950,56987,43436,18953,26433,26327,37364,25209
2023-05-21T06:00:00Z,106867,82414,66442,47937,24453,29817,29683,44762,31288
2023-05-21T07:00:00Z,113218,95365,63276,51678,17853,32321,32198,41797,27101
2023-05-21T08:00:00Z,118509,98168,70814,57174,20341,34882,34714,45756,30516
2023-05-21T09:00:00Z,119684,100269,69736,57243,19415,36617,36462,46664,30710
2023-05-21T10:00:00Z,124078,102763,71483,57111,21315,36922,36775,49405,33374
2023-05-21T11:00:00Z,121310,102545,70194,58151,18765,38237,38092,47481,31685
2023-05-21T12:00:00Z,195707,109616,142943,64168,86091,41227,41088,80380,63335
2023-05-21T13:00:00Z,157600,118850,99959,67993,38750,44516,44360,73755,55669
2023-05-21T14:00:00Z,144949,125222,84760,72140,19727,48201,48044,58650,39438
2023-05-21T15:00:00Z,150414,127029,85895,70827,23385,47167,46997,59826,40541
2023-05-21T16:00:00Z,139846,119156,82661,69384,20690,45073,44922,56902,39125
2023-05-21T17:00:00Z,135871,116634,81279,69255,19237,42716,42577,52826,35860
2023-05-21T18:00:00Z,142166,113940,85824,65766,28226,42021,41850,58731,42226
2023-05-21T19:00:00Z,126988,107446,74518,62208,19542,39677,39506,50130,34389
2023-05-21T20:00:00Z,125672,102262,75907,60521,23410,37765,37597,50019,35479
2023-05-21T21:00:00Z,113651,91900,68001,54777,21751,33526,33388,44816,30923
2023-05-21T22:00:00Z,101546,80170,61494,48633,21376,28783,28649,39305,27667
2023-05-21T23:00:00Z,99823,79450,60956,48423,20373,28869,28723,39314,28077
2023-05-22T00:00:00Z,126477,84433,80431,50318,42044,31006,30805,62656,49538
2023-05-22T01:00:00Z,149740,91281,88222,51744,58459,36311,36135,74617,56890
2023-05-22T02:00:00Z,136946,99799,72785,54103,37147,38274,38081,56431,37567
2023-05-22T03:00:00Z,132646,100514,68160,54461,32132,37621,37453,48810,29969
2023-05-22T04:00:00Z,126337,93670,65823,52051,32667,34490,34320,46856,30097
2023-05-22T05:00:00Z,142314,103680,70100,54754,38634,39070,38882,52420,33110
2023-05-22T06:00:00Z,167204,128661,85087,65212,38543,50277,50024,66307,42452
2023-05-22T07:00:00Z,152559,125258,73414,61960,27301,51377,51145,60803,36377
2023-05-22T08:00:00Z,164519,136195,78282,65915,28324,55671,55412,65499,40131
2023-05-22T09:00:00Z,177212,147460,85487,72981,29752,59772,59471,68951,42285
2023-05-22T10:00:00Z,170634,140098,85619,71714,30536,55548,55298,67310,43087
2023-05-22T11:00:00Z,186187,153589,91395,78010,32598,58292,58035,69459,43441
2023-05-22T12:00:00Z,217694,144165,129067,72849,73529,59393,59115,96069,70019
2023-05-22T13:00:00Z,200645,157996,106474,80061,42649,64540,64278,88423,61366
2023-05-22T14:00:00Z,196182,166466,95478,83782,29716,67838,67564,78763,50090
2023-05-22T15:00:00Z,176572,147745,89386,76577,28827,61731,61479,72769,46998
2023-05-22T16:00:00Z,180379,149013,91250,78201,31366,59563,59235,71625,46387
2023-05-22T17:00:00Z,181518,150064,93829,81183,31454,56650,56376,68641,44442
2023-05-22T18:00:00Z,190155,150947,100365,80957,39208,55214,54916,72793,49446
2023-05-22T19:00:00Z,177324,143041,89047,75857,34283,52550,52284,64222,42165
2023-05-22T20:00:00Z,178748,140271,90245,74274,38477,50221,49930,64910,43664
2023-05-22T21:00:00Z,164809,121322,80832,66734,43487,44289,44003,60328,37468
2023-05-22T22:00:00Z,158183,107892,73819,59913,50291,37992,37758,58545,34059
2023-05-22T23:00:00Z,137776,95510,67419,54286,42266,36452,36224,52157,33023
2023-05-23T00:00:00Z,157544,102827,85783,54985,54717,37596,37358,71720,53429
2023-05-23T01:00:00Z,162314,105218,97826,58383,57096,41997,41782,82394,62968
2023-05-23T02:00:00Z,147125,116539,76026,60355,30586,42293,42091,57606,37073
2023-05-23T03:00:00Z,136343,106945,70345,56922,29398,40569,40377,52438,32263
2023-05-23T04:00:00Z,130924,100872,69438,55709,30052,37049,36850,50147,31965
2023-05-23T05:00:00Z,147771,114750,73546,58326,33021,41280,41062,56634,34873
2023-05-23T06:00:00Z,176679,135820,88078,68664,40859,51828,51565,71510,44512
2023-05-23T07:00:00Z,166903,140613,80985,68854,26290,56645,56422,66703,40307
2023-05-23T08:00:00Z,178931,152899,89681,75914,26032,60941,60680,70685,44492
2023-05-23T09:00:00Z,177751,152496,87521,74794,25255,61105,60828,69041,43428
2023-05-23T10:00:00Z,175022,148784,89032,74603,26238,56851,56563,68494,44776
2023-05-23T11:00:00Z,161938,137671,81446,69442,24267,55597,55338,64478,41067
2023-05-23T12:00:00Z,187665,128137,115238,66599,59528,56521,56261,89488,66067
2023-05-23T13:00:00Z,182090,146158,97523,72925,35932,62341,62081,84169,58107
2023-05-23T14:00:00Z,178403,156812,90207,79452,21591,67260,66998,75513,48418
2023-05-23T15:00:00Z,166795,144123,86905,74861,22672,62230,61929,72041,46786
2023-05-23T16:00:00Z,164078,141692,85764,73652,22386,59029,58756,68669,44889
2023-05-23T17:00:00Z,169786,145769,87869,75277,24017,57462,57200,67139,44078
2023-05-23T18:00:00Z,174792,143846,96541,76760,30946,56086,55813,71370,49687
2023-05-23T19:00:00Z,162748,139405,87259,74298,23343,53195,52947,62693,42122
2023-05-23T20:00:00Z,166140,134879,88796,73589,31261,51188,50894,65505,43497
2023-05-23T21:00:00Z,147387,119672,79224,65434,27715,45084,44832,55672,37470
2023-05-23T22:00:00Z,134010,108241,72869,59417,25769,39488,39291,50028,33780
2023-05-23T23:00:00Z,123187,98929,68227,55345,24258,37282,37083,48452,32935
2023-05-24T00:00:00Z,145412,98919,86280,56427,46493,38158,37908,70515,52954
2023-05-24T01:00:00Z,160198,104804,93430,58038,55394,41247,41024,79982,59108
2023-05-24T02:00:00Z,141856,110795,76601,59451,31061,42324,42115,59712,39215
2023-05-24T03:00:00Z,130572,107403,70366,57607,23169,40745,40549,51180,32198
2023-05-24T04:00:00Z,127065,103420,70770,57515,23645,37624,37463,48147,31867
2023-05-24T05:00:00Z,140569,114581,76528,61596,25988,42142,41960,53570,35088
2023-05-24T06:00:00Z,164545,133510,88182,68452,31035,51595,51370,66491,43641
2023-05-24T07:00:00Z,162359,139809,82417,70721,22550,56422,56199,64400,39959
2023-05-24T08:00:00Z,171349,148449,88718,75951,22900,59734,59459,69025,43661
2023-05-24T09:00:00Z,177391,152729,90119,77209,24662,61130,60842,69398,44140
2023-05-24T10:00:00Z,170953,145514,89877,75872,25439,56832,56588,67755,44451
2023-05-24T11:00:00Z,173485,150262,89222,77151,23223,57726,57484,68804,44269
2023-05-24T12:00:00Z,207949,143942,128199,75312,64007,59639,59325,95591,71031
2023-05-24T13:00:00Z,194199,157207,106654,80261,36992,65225,64937,88481,61993
2023-05-24T14:00:00Z,183105,160888,92521,81346,22217,67443,67165,76083,49082
2023-05-24T15:00:00Z,169953,146877,87722,75662,23076,62139,61837,72062,46901
2023-05-24T16:00:00Z,166467,143894,87960,75954,22573,59066,58778,69266,45690
2023-05-24T17:00:00Z,181660,156548,94487,82230,25112,59082,58818,70009,46006
2023-05-24T18:00:00Z,180182,149381,97084,78370,30801,56628,56374,72821,50189
2023-05-24T19:00:00Z,159066,135186,84266,72016,23880,52442,52192,62251,41718
2023-05-24T20:00:00Z,163830,135227,89331,73612,28603,50637,50369,62945,43309
2023-05-24T21:00:00Z,150560,124199,81774,68004,26361,45001,44758,55331,37732
2023-05-24T22:00:00Z,136336,110689,75311,62121,25647,39057,38827,49691,34261
2023-05-24T23:00:00Z,123782,99457,69851,57010,24325,36845,36640,47083,32977
2023-05-25T00:00:00Z,147857,102943,91371,59874,44914,37834,37617,70414,55163
2023-05-25T01:00:00Z,151543,100943,96061,57369,50600,40345,40135,78417,61463
2023-05-25T02:00:00Z,136234,111633,75586,60950,24601,41748,41559,55058,35618
2023-05-25T03:00:00Z,130744,106615,71460,58152,24129,40033,39833,49630,31455
2023-05-25T04:00:00Z,123179,100231,69327,55970,22948,36784,36608,47546,31175
2023-05-25T05:00:00Z,135063,109568,74407,59794,25495,40903,40708,52317,34055
2023-05-25T06:00:00Z,166016,135333,88753,69568,30683,51387,51127,66710,43264
2023-05-25T07:00:00Z,165719,143327,84882,72788,22392,56737,56494,65567,40693
2023-05-25T08:00:00Z,177059,152688,90372,76769,24371,59941,59633,69472,44409
2023-05-25T09:00:00Z,169008,145318,83838,71972,23690,59120,58801,67317,41886
2023-05-25T10:00:00Z,161924,137361,85000,71208,24563,54757,54515,65161,42834
2023-05-25T11:00:00Z,159328,136478,81719,69810,22850,54948,54721,63423,40350
2023-05-25T12:00:00Z,188862,130544,116333,67914,58318,55767,55514,89108,65982
2023-05-25T13:00:00Z,186909,151125,102425,76629,35784,63157,62901,86335,60437
2023-05-25T14:00:00Z,174591,152557,89778,78577,22034,65227,64952,73393,47917
2023-05-25T15:00:00Z,170200,147421,88544,75973,22779,61497,61185,71991,47310
2023-05-25T16:00:00Z,162672,139915,84960,72440,22757,57462,57192,67281,44793
2023-05-25T17:00:00Z,177328,149726,90760,78288,27602,57156,56866,68124,43870
2023-05-25T18:00:00Z,171194,138892,93963,75285,32302,53736,53479,70814,48489
2023-05-25T19:00:00Z,160999,136393,86320,73517,24606,51022,50764,61270,40983
2023-05-25T20:00:00Z,158998,129547,86735,70840,29451,48928,48670,61324,42812
2023-05-25T21:00:00Z,147979,119941,78826,65051,28038,43655,43387,53996,37014
2023-05-25T22:00:00Z,136539,106815,73455,59342,29724,37884,37666,49412,34141
2023-05-25T23:00:00Z,129788,102926,72260,58480,26862,36210,36006,47891,33811
2023-05-26T00:00:00Z,147719,99919,90391,57083,47800,36897,36651,71004,55735
2023-05-26T01:00:00Z,156555,101846,97493,56122,54709,40312,40111,81340,63459
2023-05-26T02:00:00Z,132927,105284,73256,56936,27643,40768,40579,54439,36058
2023-05-26T03:00:00Z,128276,102494,69412,55152,25782,39214,39028,49218,31345
2023-05-26T04:00:00Z,120524,96746,67244,53385,23778,35492,35282,47043,30723
2023-05-26T05:00:00Z,136792,108552,73337,57629,28240,39691,39471,52521,33837
2023-05-26T06:00:00Z,162633,131148,86368,66586,31485,49136,48907,65547,43235
2023-05-26T07:00:00Z,165996,141833,84008,70910,24163,54785,54574,63932,39849
2023-05-26T08:00:00Z,183403,157254,94283,79634,26149,58651,58377,69675,44245
2023-05-26T09:00:00Z,184874,157431,93525,79397,27443,60341,60076,69785,44374
2023-05-26T10:00:00Z,174809,146544,92427,76916,28265,55007,54765,67140,44094
2023-05-26T11:00:00Z,175849,149523,90675,77251,26326,54109,53861,64620,41934
2023-05-26T12:00:00Z,229063,149946,144081,77945,79117,56934,56659,96099,72186
2023-05-26T13:00:00Z,195745,154081,110983,81443,41664,60420,60167,86396,61987
2023-05-26T14:00:00Z,180476,155160,93766,80668,25316,62055,61799,72477,47014
2023-05-26T15:00:00Z,162872,138533,87467,73870,24339,56124,55825,67378,44683
2023-05-26T16:00:00Z,164764,139809,87509,74109,24955,53809,53543,65864,43408
2023-05-26T17:00:00Z,167113,140504,89185,76217,26609,51437,51156,62229,41129
2023-05-26T18:00:00Z,171371,138120,96534,75813,33251,49608,49311,66305,46849
2023-05-26T19:00:00Z,153171,127374,84064,70277,25797,45949,45715,56312,38324
2023-05-26T20:00:00Z,154111,123758,86387,69545,30353,43126,42894,56109,39381
2023-05-26T21:00:00Z,134393,107287,74540,59967,27106,37909,37691,48802,33551
2023-05-26T22:00:00Z,125611,95830,69416,54959,29781,32784,32553,45505,30488
2023-05-26T23:00:00Z,106259,82182,61979,48427,24077,29975,29807,40582,28745
2023-05-27T00:00:00Z,123921,80509,80927,49746,43412,28148,27947,60228,48720
2023-05-27T01:00:00Z,132413,78911,91600,48742,53502,27435,27257,70306,58393
2023-05-27T02:00:00Z,102935,79313,63390,48156,23622,26377,26199,39974,27824
2023-05-27T03:00:00Z,97684,76206,57849,44128,21478,26302,26178,36508,24279
2023-05-27T04:00:00Z,94162,74285,56996,43484,19877,26258,26092,36877,24933
2023-05-27T05:00:00Z,98957,77340,59343,44713,21617,27388,27251,38867,26051
2023-05-27T06:00:00Z,112309,85507,67250,47898,26802,31036,30885,47484,32533
2023-05-27T07:00:00Z,111838,92845,65142,52784,18993,33173,33029,43164,27524
2023-05-27T08:00:00Z,119881,99108,70415,56229,20773,35234,35092,47061,31162
2023-05-27T09:00:00Z,124284,104455,70922,57906,19829,36223,36092,46441,30482
2023-05-27T10:00:00Z,125750,103708,75242,60230,22042,36377,36244,48769,33243
2023-05-27T11:00:00Z,118862,99657,69886,57120,19205,36469,36310,45752,30533
2023-05-27T12:00:00Z,192742,106085,139562,60593,86657,39088,38901,78917,61937
2023-05-27T13:00:00Z,150936,109914,96061,62534,41022,41704,41548,71463,54143
2023-05-27T14:00:00Z,137911,116645,80487,67193,21266,44137,43998,54992,36992
2023-05-27T15:00:00Z,141733,117072,81967,65481,24661,43274,43123,55898,37802
2023-05-27T16:00:00Z,133926,113040,77620,64116,20886,42375,42223,54188,37237
2023-05-27T17:00:00Z,126382,107263,74741,62442,19119,40242,40096,50407,33824
2023-05-27T18:00:00Z,132737,105235,82657,62476,27502,38517,38367,55605,40130
2023-05-27T19:00:00Z,115155,96445,69758,57326,18710,34935,34784,44592,30686
2023-05-27T20:00:00Z,111794,90506,68359,53022,21288,32582,32438,44623,31868
2023-05-27T21:00:00Z,102773,83809,64104,51272,18964,29174,29049,38474,26958
2023-05-27T22:00:00Z,89400,71369,56046,43568,18031,25410,25294,34848,24782
2023-05-27T23:00:00Z,84242,66738,53680,41652,17504,24910,24759,33953,24792
2023-05-28T00:00:00Z,102174,66029,68793,41286,36145,23925,23744,52490,42569
2023-05-28T01:00:00Z,104950,63223,72722,38954,41727,24251,24094,58027,47888
2023-05-28T02:00:00Z,92039,64366,59203,37985,27673,23689,23546,44132,33364
2023-05-28T03:00:00Z,105711,87344,53044,40355,18367,24480,24342,33689,22892
2023-05-28T04:00:00Z,86198,67835,52950,40304,18363,24548,24412,34117,23683
2023-05-28T05:00:00Z,93099,72604,57102,42904,20495,26273,26155,36890,25291
2023-05-28T06:00:00Z,106291,80888,65515,46454,25403,29642,29503,45195,31574
2023-05-28T07:00:00Z,108080,89490,63467,51040,18590,32300,32147,42066,27552
2023-05-28T08:00:00Z,119197,96240,70275,54338,22957,34930,34762,46213,31100
2023-05-28T09:00:00Z,135592,103082,78217,57264,32510,36255,36104,50073,33803
2023-05-28T10:00:00Z,136720,100024,81015,57331,36696,36911,36755,52658,36605
2023-05-28T11:00:00Z,135486,102062,79499,58245,33424,37377,37217,50783,34695
2023-05-28T12:00:00Z,203965,108412,145942,61622,95553,40373,40187,82059,64486
2023-05-28T13:00:00Z,158695,115925,97937,64125,42770,43702,43531,73986,55770
2023-05-28T14:00:00Z,143630,121678,84036,70059,21952,46563,46406,57864,38659
2023-05-28T15:00:00Z,145969,119900,86063,69557,26069,46277,46111,59993,40716
2023-05-28T16:00:00Z,139519,117117,81509,67241,22402,43638,43436,55974,38511
2023-05-28T17:00:00Z,134455,111685,79157,65634,22770,41752,41581,52967,36038
2023-05-28T18:00:00Z,139228,110650,87622,66854,28578,40373,40208,57449,41828
2023-05-28T19:00:00Z,124563,103899,75889,62782,20664,37557,37397,48145,33176
2023-05-28T20:00:00Z,123562,101014,76525,60786,22548,36040,35870,48446,34750
2023-05-28T21:00:00Z,112719,91905,68623,54741,20814,32346,32197,42452,30088
2023-05-28T22:00:00Z,101276,81432,63061,49986,19844,28035,27889,38254,26722
2023-05-28T23:00:00Z,97474,77229,60601,47558,20245,27976,27837,38777,28185
2023-05-29T00:00:00Z,120061,77286,75414,46820,42775,29231,29046,59316,46131
2023-05-29T01:00:00Z,142560,84628,82586,48058,57932,34148,33971,69881,53012
2023-05-29T02:00:00Z,132057,93566,69054,49260,38491,36177,35970,55580,36764
2023-05-29T03:00:00Z,124385,92816,64893,50364,31569,35637,35463,46699,29400
2023-05-29T04:00:00Z,123540,91537,65252,51172,32003,32325,32132,44195,28704
2023-05-29T05:00:00Z,137848,98521,69625,53513,39327,36318,36118,50098,32117
2023-05-29T06:00:00Z,154787,119357,82191,62282,35430,45523,45307,61587,40133
2023-05-29T07:00:00Z,159790,128674,79066,65180,31116,50284,50062,60499,37299
2023-05-29T08:00:00Z,174484,141553,87527,72410,32931,52994,52751,65996,41497
2023-05-29T09:00:00Z,172019,139297,85175,71144,32722,54417,54184,65617,41071
2023-05-29T10:00:00Z,175199,141635,91362,75450,33564,52492,52222,66077,43335
2023-05-29T11:00:00Z,174928,142876,86473,72878,32052,52921,52695,64636,41206
2023-05-29T12:00:00Z,229397,143530,142565,75723,85867,56042,55776,95991,72009
2023-05-29T13:00:00Z,199232,154237,109646,79681,44995,59342,59078,86791,62037
2023-05-29T14:00:00Z,190594,158935,98814,84727,31659,61722,61501,73576,48776
2023-05-29T15:00:00Z,186080,150992,98150,81509,35088,58416,58190,72848,48903
2023-05-29T16:00:00Z,182753,149060,97433,81568,33693,55823,55579,69919,47549
2023-05-29T17:00:00Z,175660,143122,92789,78292,32538,52541,52328,66077,44293
2023-05-29T18:00:00Z,178074,136860,99285,77156,41214,50849,50650,70849,50617
2023-05-29T19:00:00Z,160870,127711,87886,73094,33159,47129,46943,59944,40951
2023-05-29T20:00:00Z,155337,120110,86376,69073,35227,44698,44515,59485,41741
2023-05-29T21:00:00Z,141631,109099,77130,61861,32532,39649,39463,51817,35871
2023-05-29T22:00:00Z,129636,98584,70695,56824,31052,34683,34511,46514,31783
2023-05-29T23:00:00Z,121554,91007,68216,53959,30547,33911,33762,46133,32042
2023-05-30T00:00:00Z,141690,94535,86013,54957,47155,36022,35835,68781,53407
2023-05-30T01:00:00Z,148410,98709,92998,56000,49701,40394,40221,76707,59687
2023-05-30T02:00:00Z,132845,103387,74931,55484,29458,41116,40943,59219,40462
2023-05-30T03:00:00Z,125712,101577,68181,54407,24135,39705,39539,49608,31356
2023-05-30T04:00:00Z,118277,96115,67107,54035,22162,35666,35491,46540,30932
2023-05-30T05:00:00Z,137497,107929,72392,56836,29568,40174,39988,53120,34331
2023-05-30T06:00:00Z,163050,131699,86986,66831,31351,50897,50677,66224,43426
2023-05-30T07:00:00Z,151982,129517,75742,63827,22465,52923,52702,61485,38021
2023-05-30T08:00:00Z,164875,139931,82208,69017,24944,57444,57183,66443,41438
2023-05-30T09:00:00Z,167327,141709,84563,71853,25618,57784,57476,66307,41477
2023-05-30T10:00:00Z,164622,137930,84859,70667,26692,54951,54672,66358,42954
2023-05-30T11:00:00Z,168072,142625,84631,71990,25447,56069,55818,65420,41602
2023-05-30T12:00:00Z,199638,138164,120519,70589,61474,57949,57670,92340,68115
2023-05-30T13:00:00Z,184169,148718,102188,77447,35451,61766,61503,83696,57971
2023-05-30T14:00:00Z,179410,155378,91361,79852,24032,65886,65606,75099,47873
2023-05-30T15:00:00Z,167759,144567,85375,73041,23192,61420,61154,72360,46320
2023-05-30T16:00:00Z,164740,141182,87158,74506,23558,57949,57700,69150,44578
2023-05-30T17:00:00Z,170522,145454,89708,77130,25068,56959,56719,67331,44260
2023-05-30T18:00:00Z,177741,142033,92732,74068,35708,54932,54663,72509,48369
2023-05-30T19:00:00Z,172102,130801,82522,69965,41301,51214,50933,67366,41076
2023-05-30T20:00:00Z,170151,127088,83905,68354,43063,49716,49457,66773,42027
2023-05-30T21:00:00Z,148096,121431,79786,65422,26665,44083,43854,54670,36763
2023-05-30T22:00:00Z,138836,111958,74250,59807,26878,39487,39246,49881,33963
2023-05-30T23:00:00Z,125936,99909,70637,55970,26027,37504,37282,48423,33657
2023-05-31T00:00:00Z,146485,106747,85642,59362,39738,39030,38801,65203,48874
2023-05-31T01:00:00Z,159837,111430,94444,60717,48407,42963,42742,76241,57520
2023-05-31T02:00:00Z,144166,110857,78998,58946,33309,42827,42608,63992,44056
2023-05-31T03:00:00Z,135515,108127,71570,56511,27388,41023,40838,53634,33318
2023-05-31T04:00:00Z,125331,99828,68209,54541,25503,36705,36525,48823,31321
2023-05-31T05:00:00Z,139823,110374,75054,59194,29449,41204,40988,54631,35382
2023-05-31T06:00:00Z,168305,135830,88185,68230,32475,51910,51684,67974,44019
2023-05-31T07:00:00Z,168202,141861,82517,69343,26341,56404,56181,65690,40280
2023-05-31T08:00:00Z,177355,150895,90000,75965,26460,59892,59607,69835,43748
2023-05-31T09:00:00Z,175816,150441,88029,75216,25375,60780,60492,70388,43590
2023-05-31T10:00:00Z,169102,142180,87063,72679,26922,55833,55572,66809,43489
2023-05-31T11:00:00Z,183463,156362,90935,77535,27101,58625,58359,69491,44119
2023-05-31T12:00:00Z,211115,146448,126426,74393,64667,59067,58813,95678,70636
2023-05-31T13:00:00Z,194593,155864,105036,78242,38729,64471,64188,88621,61682
2023-05-31T14:00:00Z,187144,162838,94106,81437,24306,67170,66879,76874,49253
2023-05-31T15:00:00Z,167710,143353,85223,72163,24357,61111,60822,72050,46430
2023-05-31T16:00:00Z,170516,143253,86109,72487,27263,58298,58025,70610,45770
2023-05-31T17:00:00Z,158916,133895,83090,70457,25021,54346,54088,66227,43501
2023-05-31T18:00:00Z,169975,128482,87352,68795,41493,52436,52162,71324,47309
2023-05-31T19:00:00Z,159784,127658,80749,67134,32126,50110,49846,62167,40606
2023-05-31T20:00:00Z,166067,123308,80726,65385,42759,47253,47006,63689,40536
2023-05-31T21:00:00Z,145161,117000,77474,62775,28161,43502,43272,55115,37534
2023-05-31T22:00:00Z,132829,104491,71747,57150,28338,37995,37760,49495,33669
2023-05-31T23:00:00Z,125256,99446,70089,55888,25810,36097,35894,47678,33152
2023-06-01T00:00:00Z,142329,100334,78444,54984,41995,36230,35984,61867,45387
2023-06-01T01:00:00Z,158121,101057,91257,56127,57064,40423,40212,77518,58162
2023-06-01T02:00:00Z,149902,106423,83227,58514,43479,42255,42079,69640,49415
2023-06-01T03:00:00Z,137606,103738,71091,54442,33868,38768,38566,54136,34476
2023-06-01T04:00:00Z,123567,94180,67890,53097,29387,35116,34926,47654,31603
2023-06-01T05:00:00Z,146498,109302,76044,58731,37196,39961,39763,56302,35469
2023-06-01T06:00:00Z,168091,130955,88953,68004,37136,49103,48871,66874,43790
2023-06-01T07:00:00Z,166274,137581,84063,70078,28693,53574,53345,65444,40186
2023-06-01T08:00:00Z,166582,138589,84049,69859,27993,56187,55948,67133,41757
2023-06-01T09:00:00Z,181901,150395,90585,76269,31506,58814,58545,69366,43331
2023-06-01T10:00:00Z,180273,147745,92439,76681,32528,55609,55312,70014,45600
2023-06-01T11:00:00Z,179499,148153,91753,77338,31346,55746,55482,67964,43766
2023-06-01T12:00:00Z,203414,138135,124042,73026,65279,56364,56077,93021,68647
2023-06-01T13:00:00Z,194370,153844,106527,79261,40526,62524,62247,87018,61177
2023-06-01T14:00:00Z,182612,154313,92496,79694,28299,64764,64486,75391,48518
2023-06-01T15:00:00Z,173206,145260,88742,75016,27946,59944,59683,71967,46522
2023-06-01T16:00:00Z,177235,147565,92489,78408,29670,57370,57084,70504,46002
2023-06-01T17:00:00Z,177421,148064,91940,77984,29357,55793,55526,67410,44195
2023-06-01T18:00:00Z,167316,130225,89770,70326,37091,51492,51212,69747,47682
2023-06-01T19:00:00Z,167831,134535,89659,74358,33296,49174,48921,62784,41524
2023-06-01T20:00:00Z,165463,126124,83016,66421,39339,46849,46572,63231,41693
2023-06-01T21:00:00Z,154634,119195,79534,63596,35439,42379,42150,56091,37508
2023-06-01T22:00:00Z,141317,104661,73501,57477,36656,37363,37145,50939,34456
2023-06-01T23:00:00Z,127212,98630,69537,55708,28582,35470,35290,47260,32772
2023-06-02T00:00:00Z,145904,102068,85286,57612,43836,36123,35886,65846,50819
2023-06-02T01:00:00Z,158105,107127,95148,58595,50978,40039,39843,76140,58599
2023-06-02T02:00:00Z,139150,106521,77592,56655,32629,40275,40081,61233,42892
2023-06-02T03:00:00Z,128188,102385,69906,55211,25803,38362,38160,49426,31591
2023-06-02T04:00:00Z,119479,94659,66757,52516,24820,34395,34219,46249,30443
2023-06-02T05:00:00Z,130941,103858,71957,56191,27083,38401,38217,51113,32961
2023-06-02T06:00:00Z,157777,125474,86901,65985,32303,47108,46891,63906,42224
2023-06-02T07:00:00Z,162847,136792,84392,70599,26055,52081,51846,62284,38679
2023-06-02T08:00:00Z,177551,150084,91410,76234,27467,56696,56423,67283,42935
2023-06-02T09:00:00Z,178769,150306,90375,75894,28463,56926,56618,66620,42500
2023-06-02T10:00:00Z,169437,139486,89438,73203,29951,52506,52211,64765,42968
2023-06-02T11:00:00Z,171326,143663,89742,76088,27663,52870,52630,62787,40956
2023-06-02T12:00:00Z,205369,142625,125810,76862,62744,54687,54428,91086,68189
2023-06-02T13:00:00Z,191693,149178,105542,76490,42515,58324,58051,84875,60525
2023-06-02T14:00:00Z,180881,152581,93268,79257,28300,61644,61361,72976,47702
2023-06-02T15:00:00Z,164253,137478,85555,71217,26775,55217,54960,66928,43849
2023-06-02T16:00:00Z,160225,134152,82498,68554,26073,52779,52511,64432,42574
2023-06-02T17:00:00Z,170420,139128,88819,74445,31292,51803,51559,64717,42667
2023-06-02T18:00:00Z,172809,135259,95141,73708,37550,49755,49501,67149,47051
2023-06-02T19:00:00Z,165953,135741,83483,68551,30212,46204,45969,58356,39208
2023-06-02T20:00:00Z,156804,121417,82708,65598,35387,43045,42816,59130,39745
2023-06-02T21:00:00Z,137589,108437,74618,59356,29152,38326,38120,50100,34719
2023-06-02T22:00:00Z,120373,93192,67490,52506,27181,32475,32281,44891,31091
2023-06-02T23:00:00Z,104964,82188,60185,47427,22776,30530,30361,41083,28701
2023-06-03T00:00:00Z,124833,77337,76730,45416,47496,27749,27502,60981,48131
2023-06-03T01:00:00Z,124427,72796,80092,42977,51631,27278,27107,65944,52653
2023-06-03T02:00:00Z,105319,73318,64397,41523,32001,26530,26353,49747,36545
2023-06-03T03:00:00Z,96715,72335,56808,41507,24380,26011,25847,37789,25406
2023-06-03T04:00:00Z,98750,74432,57905,42507,24318,25628,25494,37672,25708
2023-06-03T05:00:00Z,103004,81386,58816,43939,21618,27176,27053,39354,26325
2023-06-03T06:00:00Z,111042,83095,66813,46872,27947,30164,29996,46790,32615
2023-06-03T07:00:00Z,109368,88511,63748,50125,20857,32045,31902,43597,28514
2023-06-03T08:00:00Z,114363,92815,67305,52739,21548,34265,34122,46060,30598
2023-06-03T09:00:00Z,116210,95593,67136,53419,20617,35310,35168,46119,30254
2023-06-03T10:00:00Z,130449,106608,69710,53951,23841,35491,35352,48327,32367
2023-06-03T11:00:00Z,121867,101712,68193,54979,20155,36270,36130,46542,30730
2023-06-03T12:00:00Z,190578,107255,132471,56894,83323,38528,38369,77622,61275
2023-06-03T13:00:00Z,153250,112641,93385,59928,40609,41228,41094,71752,53840
2023-06-03T14:00:00Z,146455,126684,76162,63208,19771,44169,44016,54250,35735
2023-06-03T15:00:00Z,139259,115891,79511,63946,23368,43731,43576,56859,38110
2023-06-03T16:00:00Z,131972,109933,75936,61675,22039,41306,41153,54509,36459
2023-06-03T17:00:00Z,128913,109636,77949,65344,19277,38756,38605,50169,33555
2023-06-03T18:00:00Z,128366,100640,80172,59605,27726,37524,37381,54718,39708
2023-06-03T19:00:00Z,114362,94695,66507,53632,19667,33848,33720,44485,30488
2023-06-03T20:00:00Z,108551,87129,67058,51840,21422,32178,32044,44608,31429
2023-06-03T21:00:00Z,100777,79874,62162,48589,20903,28766,28634,38952,27517
2023-06-03T22:00:00Z,92314,72766,56752,43595,19548,25479,25345,35388,25169
2023-06-03T23:00:00Z,84560,67259,53645,41516,17301,24922,24807,34099,24845
2023-06-04T00:00:00Z,102671,72014,64447,42634,30657,23317,23152,46654,36443
2023-06-04T01:00:00Z,108590,66576,72660,40291,42014,24337,24196,58678,47271
2023-06-04T02:00:00Z,106351,78173,64431,43123,28178,25776,25639,48838,37248
2023-06-04T03:00:00Z,88750,68536,54079,40697,20214,24243,24100,36209,24565
2023-06-04T04:00:00Z,89616,70208,54860,41679,19408,24703,24559,35369,24027
2023-06-04T05:00:00Z,91498,71600,55587,41397,19898,26072,25902,37874,25709
2023-06-04T06:00:00Z,106360,80515,64711,45322,25845,29149,29009,45174,31697
2023-06-04T07:00:00Z,105509,87211,61325,48977,18298,31754,31618,42849,27312
2023-06-04T08:00:00Z,119093,98695,67253,52882,20398,34491,34349,46070,30546
2023-06-04T09:00:00Z,117004,96656,66578,53392,20348,35914,35767,46299,30488
2023-06-04T10:00:00Z,131983,109648,71232,55837,22335,36395,36234,48991,33250
2023-06-04T11:00:00Z,123482,103627,71935,59084,19855,37292,37151,47952,32062
2023-06-04T12:00:00Z,198757,113608,145923,68554,85149,40124,39962,79932,62962
2023-06-04T13:00:00Z,166516,126577,103481,70399,39939,43453,43299,74088,55867
2023-06-04T14:00:00Z,160360,139886,83737,69964,20474,47425,47273,58748,39030
2023-06-04T15:00:00Z,151027,127366,84504,68919,23661,46628,46483,60252,40857
2023-06-04T16:00:00Z,146824,124208,84529,70094,22616,45273,45123,58350,39968
2023-06-04T17:00:00Z,143831,122452,81126,67925,21379,43032,42859,55371,37973
2023-06-04T18:00:00Z,143622,113449,87458,66124,30173,41192,41016,60378,43110
2023-06-04T19:00:00Z,128352,105188,75218,61436,23164,38220,38059,49679,34410
2023-06-04T20:00:00Z,120539,96798,74063,57591,23741,36154,36005,49097,35246
2023-06-04T21:00:00Z,112021,91098,66917,53181,20923,32566,32410,43160,30228
2023-06-04T22:00:00Z,99355,78564,61309,47659,20791,28401,28221,38505,27530
2023-06-04T23:00:00Z,97061,76843,60817,47926,20218,28176,28057,38130,27631
2023-06-05T00:00:00Z,121263,83752,75175,49341,37511,30127,29946,57207,44263
2023-06-05T01:00:00Z,145459,91189,83700,51060,54270,35498,35314,69416,52366
2023-06-05T02:00:00Z,137105,96807,73503,52301,40298,37158,36990,59495,40823
2023-06-05T03:00:00Z,131683,99306,68046,53085,32377,36461,36286,48492,30600
2023-06-05T04:00:00Z,132156,99058,67971,53483,33098,34239,34033,46718,30537
2023-06-05T05:00:00Z,142315,104557,73769,57606,37758,38113,37923,52593,34013
2023-06-05T06:00:00Z,169108,129562,86924,66258,39546,48854,48643,66166,42892
2023-06-05T07:00:00Z,172377,142578,81634,68450,29799,52988,52761,63699,38664
2023-06-05T08:00:00Z,177087,146190,88005,73764,30897,56317,56065,68813,43034
2023-06-05T09:00:00Z,182349,152100,86707,73154,30249,57324,57056,67274,41480
2023-06-05T10:00:00Z,186854,153936,88729,73410,32918,54686,54423,67604,43098
2023-06-05T11:00:00Z,190016,157522,90427,76827,32494,56715,56476,68031,42501
2023-06-05T12:00:00Z,209173,141932,123641,73093,67241,57853,57587,95332,69756
2023-06-05T13:00:00Z,192722,151499,98679,73310,41223,60714,60452,85228,57727
2023-06-05T14:00:00Z,185420,160044,88199,76599,25376,63987,63708,73482,46757
2023-06-05T15:00:00Z,173270,143852,88567,75248,29418,59909,59640,71768,46699
2023-06-05T16:00:00Z,178416,148339,92067,78437,30077,58734,58432,72948,48067
2023-06-05T17:00:00Z,161537,133910,83782,71830,27627,52898,52633,66304,43339
2023-06-05T18:00:00Z,177883,140232,92433,73650,37651,51668,51400,69122,47343
2023-06-05T19:00:00Z,169755,137534,84804,70912,32221,50136,49893,61831,41118
2023-06-05T20:00:00Z,164632,129630,87581,71040,35002,48836,48576,62750,42851
2023-06-05T21:00:00Z,154630,121241,80823,65973,33389,43240,42994,55603,37281
2023-06-05T22:00:00Z,143922,109375,75616,60487,34547,38147,37913,50518,34236
2023-06-05T23:00:00Z,132753,100948,71351,56927,31805,36569,36368,48254,33727
2023-06-06T00:00:00Z,141144,97641,83053,55596,43503,35963,35740,64489,49514
2023-06-06T01:00:00Z,153176,102999,94683,57505,50177,40096,39896,77400,60101
2023-06-06T02:00:00Z,165843,107109,76828,56383,58734,40353,40138,70693,42576
2023-06-06T03:00:00Z,138426,105664,71998,57289,32762,39184,38988,52921,32898
2023-06-06T04:00:00Z,127539,100908,69019,54877,26631,35202,34997,47601,31380
2023-06-06T05:00:00Z,141251,113445,73258,57947,27806,38963,38765,52115,34012
2023-06-06T06:00:00Z,160355,128807,87745,67188,31548,48594,48382,64671,42439
2023-06-06T07:00:00Z,146673,125581,74191,62585,21092,49922,49697,59809,36422
2023-06-06T08:00:00Z,158388,134872,82202,69032,23516,54281,54048,64120,40125
2023-06-06T09:00:00Z,170095,145453,87603,74699,24642,57393,57139,66976,41869
2023-06-06T10:00:00Z,167970,142980,88996,74896,24990,53423,53168,65205,42412
2023-06-06T11:00:00Z,163490,140755,87900,75960,22735,54070,53824,63157,40322
2023-06-06T12:00:00Z,192334,134231,118664,71401,58103,57075,56795,90461,67188
2023-06-06T13:00:00Z,179798,143610,101180,75649,36188,61277,60988,83249,58857
2023-06-06T14:00:00Z,180805,158476,92099,80563,22329,65079,64809,74082,47927
2023-06-06T15:00:00Z,169490,145542,88536,75857,23948,62074,61801,72267,46905
2023-06-06T16:00:00Z,161700,139358,86551,74536,22342,57887,57626,68117,45009
2023-06-06T17:00:00Z,163386,140967,88471,76756,22419,55955,55698,66316,43481
2023-06-06T18:00:00Z,171628,140149,95150,76604,31479,54803,54521,71177,48787
2023-06-06T19:00:00Z,163680,139095,89789,76810,24585,52853,52594,63214,42765
2023-06-06T20:00:00Z,163652,133978,89744,74100,29674,50817,50517,64109,43766
2023-06-06T21:00:00Z,154110,127773,86607,72514,26337,46203,45946,57294,39282
2023-06-06T22:00:00Z,139005,113921,79300,65091,25084,40420,40203,51278,35287
2023-06-06T23:00:00Z,127597,103467,75306,61406,24130,38071,37847,48985,34755
2023-06-07T00:00:00Z,147017,107927,89515,63114,39090,38611,38381,66132,50624
2023-06-07T01:00:00Z,159770,108159,99018,62250,51611,42031,41835,79333,61108
2023-06-07T02:00:00Z,143668,111335,81058,60846,32333,42561,42357,63160,43960
2023-06-07T03:00:00Z,132215,106616,73151,58287,25599,40767,40581,51879,33063
2023-06-07T04:00:00Z,128648,104554,70141,55818,24094,37057,36839,47841,31505
2023-06-07T05:00:00Z,144474,115315,78008,61768,29159,41303,41112,54819,35404
2023-06-07T06:00:00Z,167495,135939,89140,69059,31556,50591,50363,65798,42972
2023-06-07T07:00:00Z,162248,138677,80751,68530,23571,54305,54066,64317,39127
2023-06-07T08:00:00Z,169458,144547,87375,73910,24911,57622,57379,67933,42539
2023-06-07T09:00:00Z,180189,154272,94369,80720,25917,59485,59219,69481,43561
2023-06-07T10:00:00Z,169076,144087,90100,75512,24989,55567,55328,66924,43802
2023-06-07T11:00:00Z,164633,140403,86856,74284,24230,54994,54761,64916,41863
2023-06-07T12:00:00Z,195850,136206,120741,71948,59644,57488,57214,92460,68754
2023-06-07T13:00:00Z,175870,141480,98255,74492,34390,60317,60036,82177,57468
2023-06-07T14:00:00Z,171296,149615,91372,79756,21681,64073,63774,72167,46561
2023-06-07T15:00:00Z,168151,144039,89155,75844,24112,60873,60596,71449,46552
2023-06-07T16:00:00Z,133277,115314,60342,51619,17963,51054,50799,60348,33569
2023-06-07T17:00:00Z,139401,120720,73680,64005,18681,55232,54978,64301,38277
2023-06-07T18:00:00Z,192841,157379,102981,83727,35462,63163,62871,80702,51265
2023-06-07T19:00:00Z,172466,146665,91121,77502,25801,51941,51660,62634,41920
2023-06-07T20:00:00Z,165493,135517,92457,76340,29976,50187,49890,63314,43540
2023-06-07T21:00:00Z,158238,127336,87892,72578,30902,45012,44748,56479,38959
2023-06-07T22:00:00Z,160601,130517,84309,69273,30084,40078,39829,51927,35862
2023-06-07T23:00:00Z,134237,107390,80386,65952,26847,37589,37375,49236,35108
2023-06-08T00:00:00Z,151955,107944,94121,65246,44011,38035,37792,67597,52107
2023-06-08T01:00:00Z,159021,109919,97033,61681,49102,40606,40404,75974,58530
2023-06-08T02:00:00Z,146425,112479,83669,62505,33946,41440,41247,62909,43772
2023-06-08T03:00:00Z,130920,105024,71567,57208,25896,39726,39528,51034,32493
2023-06-08T04:00:00Z,123769,98776,70061,56030,24993,36225,36038,47628,31623
2023-06-08T05:00:00Z,142803,113895,78816,63018,28908,40824,40632,54281,35116
2023-06-08T06:00:00Z,167409,135536,87444,67764,31873,49247,49050,65350,42445
2023-06-08T07:00:00Z,153815,130583,80046,67621,23232,51952,51727,61649,37854
2023-06-08T08:00:00Z,160743,135930,83870,70151,24813,54981,54700,65851,41374
2023-06-08T09:00:00Z,169974,145618,87143,74130,24356,56283,56037,66118,41807
2023-06-08T10:00:00Z,170581,144594,88658,74075,25987,54142,53873,65566,42977
2023-06-08T11:00:00Z,167788,143674,88592,75860,24114,54054,53812,63790,41367
2023-06-08T12:00:00Z,204522,137401,129755,73332,67121,55612,55336,91659,68663
2023-06-08T13:00:00Z,188437,150674,106550,80017,37763,60674,60430,84497,60171
2023-06-08T14:00:00Z,177077,153633,93215,81404,23444,63134,62859,72569,47107
2023-06-08T15:00:00Z,174637,150313,93462,80336,24324,60987,60729,71560,46987
2023-06-08T16:00:00Z,177334,152760,95875,83126,24574,58359,58082,69604,45773
2023-06-08T17:00:00Z,172489,148211,92766,80432,24278,55212,54952,65093,43339
2023-06-08T18:00:00Z,177861,144985,100667,81626,32876,53243,53002,69574,48481
2023-06-08T19:00:00Z,171571,146761,96547,83248,24810,50806,50581,62005,42219
2023-06-08T20:00:00Z,166482,138882,92391,76395,27600,48063,47813,61285,42203
2023-06-08T21:00:00Z,153738,129117,85950,72548,24621,43688,43440,55341,37362
2023-06-08T22:00:00Z,139946,114738,81127,67170,25208,38734,38516,49657,34286
2023-06-08T23:00:00Z,130986,106984,76245,63063,24002,36439,36229,46991,33329
2023-06-09T00:00:00Z,142672,103511,89202,62293,39161,36371,36137,63187,48570
2023-06-09T01:00:00Z,153320,104266,95259,59152,49054,39544,39298,75586,58121
2023-06-09T02:00:00Z,140923,109174,78803,59393,31749,40806,40618,60626,41895
2023-06-09T03:00:00Z,132174,106836,71674,56818,25338,39455,39257,50749,32216
2023-06-09T04:00:00Z,123752,100009,67909,54248,23743,35975,35762,46914,30794
2023-06-09T05:00:00Z,137093,109065,73758,57697,28028,39447,39269,52953,34024
2023-06-09T06:00:00Z,160742,129838,85791,65466,30904,48383,48169,64350,42107
2023-06-09T07:00:00Z,157687,134171,81163,68192,23516,51549,51326,61565,37896
2023-06-09T08:00:00Z,164665,139788,84350,70115,24877,54812,54580,64821,40705
2023-06-09T09:00:00Z,172257,148255,84838,71650,24002,55814,55577,64838,40899
2023-06-09T10:00:00Z,170068,143025,89384,73874,27043,52837,52604,64891,42385
2023-06-09T11:00:00Z,172757,144577,90332,75677,28180,52312,52084,62837,40985
2023-06-09T12:00:00Z,214882,141662,136696,73856,73220,54901,54653,92780,70061
2023-06-09T13:00:00Z,193099,151358,110110,79175,41741,58569,58338,86165,62267
2023-06-09T14:00:00Z,173609,150684,90727,78354,22925,59977,59735,69809,45567
2023-06-09T15:00:00Z,167552,141308,88207,74205,26244,56150,55844,67578,44076
2023-06-09T16:00:00Z,159553,134232,85575,71939,25321,53327,53053,64938,42440
2023-06-09T17:00:00Z,168417,141753,87760,74492,26664,50903,50689,62793,40872
2023-06-09T18:00:00Z,168269,134547,94209,73165,33722,49423,49181,66011,46405
2023-06-09T19:00:00Z,152849,126889,83461,69228,25960,45693,45448,56414,38315
2023-06-09T20:00:00Z,150653,122600,85281,68605,28053,43282,43058,56119,39399
2023-06-09T21:00:00Z,140450,115287,76574,62483,25163,38556,38365,49300,33709
2023-06-09T22:00:00Z,124690,98056,69738,55322,26634,32952,32761,44413,30257
2023-06-09T23:00:00Z,117281,86585,66107,51992,30696,30618,30414,44356,29665
2023-06-10T00:00:00Z,158903,78772,76359,48144,80131,28035,27812,76216,44674
2023-06-10T01:00:00Z,125968,76089,79996,46667,49879,27355,27168,61076,48855
2023-06-10T02:00:00Z,108067,79388,67078,45885,28679,26464,26288,47159,34295
2023-06-10T03:00:00Z,101733,78473,58767,43859,23260,26611,26446,38690,25678
2023-06-10T04:00:00Z,96780,73577,56883,42178,23203,26035,25896,38240,25841
2023-06-10T05:00:00Z,101005,78211,60244,44708,22794,27216,27075,40749,27489
2023-06-10T06:00:00Z,112867,84532,67925,47194,28335,30614,30458,47251,32805
2023-06-10T07:00:00Z,117488,96262,65409,51672,21226,32542,32403,45389,29035
2023-06-10T08:00:00Z,134134,111101,71718,56020,23033,34363,34216,47660,31547
2023-06-10T09:00:00Z,123783,101602,68815,54293,22181,35455,35318,47235,30724
2023-06-10T10:00:00Z,124407,100966,71053,54723,23441,35342,35194,49741,33390
2023-06-10T11:00:00Z,121911,101372,70176,56869,20539,35536,35393,46684,30899
2023-06-10T12:00:00Z,193351,103071,141307,59055,90280,38096,37943,78343,61749
2023-06-10T13:00:00Z,153380,111393,95999,62498,41987,41111,40956,71996,54038
2023-06-10T14:00:00Z,141494,120552,81734,68493,20942,43634,43467,54882,36202
2023-06-10T15:00:00Z,143462,118738,83362,66981,24724,43565,43401,56930,38626
2023-06-10T16:00:00Z,135653,112943,78980,64106,22710,41599,41435,54254,37010
2023-06-10T17:00:00Z,127062,107820,76489,63941,19242,39131,38983,49374,33851
2023-06-10T18:00:00Z,134909,106310,83579,62553,28599,37713,37537,54699,39745
2023-06-10T19:00:00Z,114641,93992,68307,54996,20649,32621,32473,42736,29727
2023-06-10T20:00:00Z,108895,86931,67335,51993,21964,30056,29915,42041,30073
2023-06-10T21:00:00Z,104546,83739,61004,47076,20807,28302,28158,38518,26938
2023-06-10T22:00:00Z,98499,78869,56637,43211,19630,25511,25381,35588,25132
2023-06-10T23:00:00Z,87434,70352,54761,42517,17082,24786,24677,34292,24940
2023-06-11T00:00:00Z,102930,66722,66580,40013,36208,23652,23470,50859,40416
2023-06-11T01:00:00Z,113553,66224,78444,39877,47329,24635,24485,63795,52821
2023-06-11T02:00:00Z,94151,67778,60307,40519,26373,23797,23654,44843,33299
2023-06-11T03:00:00Z,89433,67961,54503,39878,21472,24272,24135,35466,24291
2023-06-11T04:00:00Z,88627,68580,54084,40514,20047,24388,24274,34980,23866
2023-06-11T05:00:00Z,91942,71369,56253,41684,20573,25417,25313,37828,25909
2023-06-11T06:00:00Z,106465,79959,66057,46241,26506,28979,28821,45235,31894
2023-06-11T07:00:00Z,108665,88775,62846,49659,19890,31569,31401,42195,27530
2023-06-11T08:00:00Z,129721,109127,67791,53540,20594,34103,33968,45894,29907
2023-06-11T09:00:00Z,127383,106461,68518,55074,20922,35038,34907,45898,30179
2023-06-11T10:00:00Z,120758,98291,72014,56920,22467,35284,35151,48339,32826
2023-06-11T11:00:00Z,121362,101911,70329,57531,19451,36715,36583,46965,31289
2023-06-11T12:00:00Z,197120,113682,137553,61798,83438,39872,39734,79827,62716
2023-06-11T13:00:00Z,159219,118658,100774,67484,40561,43248,43118,74567,56089
2023-06-11T14:00:00Z,143360,123841,82436,69636,19519,46761,46616,57923,38228
2023-06-11T15:00:00Z,147272,123903,87741,72263,23369,46635,46466,59431,40395
2023-06-11T16:00:00Z,147413,125969,84145,70354,21444,44972,44822,57500,39166
2023-06-11T17:00:00Z,133609,114812,79371,67099,18797,42183,42045,52557,36057
2023-06-11T18:00:00Z,140570,112314,86272,65707,28256,40800,40666,58593,42428
2023-06-11T19:00:00Z,125964,105851,74387,61560,20113,37683,37546,48607,33338
2023-06-11T20:00:00Z,131885,109712,74760,59228,22173,36603,36461,48464,34273
2023-06-11T21:00:00Z,120795,99657,68836,55063,21138,33071,32935,43624,30559
2023-06-11T22:00:00Z,105364,84557,62846,49418,20807,28504,28389,39078,27602
2023-06-11T23:00:00Z,95735,77246,59194,47104,18489,28658,28533,38242,27629
2023-06-12T00:00:00Z,120624,84330,72956,49018,36294,30563,30392,55906,42591
2023-06-12T01:00:00Z,157507,93395,88830,54183,64112,36234,36040,72669,54747
2023-06-12T02:00:00Z,135052,98160,71477,52529,36892,37611,37431,58005,39330
2023-06-12T03:00:00Z,130282,96977,67463,52571,33305,36439,36266,48087,30444
2023-06-12T04:00:00Z,125214,91992,64880,50701,33222,33739,33555,45826,29822
2023-06-12T05:00:00Z,161690,123668,71126,55405,38022,37512,37333,52338,32447
2023-06-12T06:00:00Z,172338,131704,85678,64768,40634,47970,47763,65700,42036
2023-06-12T07:00:00Z,170530,137834,80624,67062,32696,52346,52114,63437,38155
2023-06-12T08:00:00Z,176089,143600,86690,72416,32489,55964,55697,67882,42041
2023-06-12T09:00:00Z,187575,155623,91245,77912,31952,58043,57779,68357,42208
2023-06-12T10:00:00Z,189451,156667,91656,76588,32784,55400,55120,68040,43914
2023-06-12T11:00:00Z,183419,151216,93519,80456,32203,56177,55948,67139,42819
2023-06-12T12:00:00Z,210179,139887,130013,75884,70292,56643,56393,93036,68685
2023-06-12T13:00:00Z,195596,152975,105995,79206,42621,62019,61718,86314,60283
2023-06-12T14:00:00Z,195094,166258,94470,82939,28836,65331,65076,75389,47824
2023-06-12T15:00:00Z,181251,154694,89251,76671,26557,61046,60745,72226,46719
2023-06-12T16:00:00Z,186096,155551,95506,81864,30545,60025,59730,72402,47373
2023-06-12T17:00:00Z,170498,142303,90177,78351,28195,54513,54261,66014,42894
2023-06-12T18:00:00Z,172690,137132,93133,75054,35558,52032,51791,69711,46956
2023-06-12T19:00:00Z,171778,139408,88576,75386,32370,50730,50443,63809,41180
2023-06-12T20:00:00Z,181120,146261,93656,77594,34859,50527,50256,65488,43702
2023-06-12T21:00:00Z,165496,130378,81201,68766,35118,43968,43710,57621,36565
2023-06-12T22:00:00Z,147131,115146,79223,66069,31985,38922,38678,51742,34150
2023-06-12T23:00:00Z,144825,114962,77881,65413,29863,37484,37291,49794,33666
2023-06-13T00:00:00Z,159098,113400,92596,64831,45698,38265,38038,68332,51387
2023-06-13T01:00:00Z,164843,113124,102253,65037,51719,42009,41816,79815,61193
2023-06-13T02:00:00Z,149576,117224,85688,64472,32352,42195,41992,63389,43365
2023-06-13T03:00:00Z,136125,107637,72468,57193,28488,39895,39701,52767,33063
2023-06-13T04:00:00Z,130509,101954,70803,55542,28555,36349,36144,49980,32033
2023-06-13T05:00:00Z,142647,112059,75430,59161,30588,40350,40161,55384,35176
2023-06-13T06:00:00Z,174790,141303,89425,69002,33487,50463,50234,67871,43998
2023-06-13T07:00:00Z,154628,129890,78545,65775,24738,52423,52186,62322,38273
2023-06-13T08:00:00Z,170565,146024,82692,69712,24541,56003,55759,65839,40902
2023-06-13T09:00:00Z,183394,158328,86303,73773,25066,58949,58705,68326,42003
2023-06-13T10:00:00Z,184426,157345,89369,75105,27081,55474,55191,67742,43042
2023-06-13T11:00:00Z,173264,147914,87216,74710,25350,56028,55758,65921,41241
2023-06-13T12:00:00Z,207518,142665,127037,74687,64853,58246,57944,94709,68959
2023-06-13T13:00:00Z,204254,163538,109027,82466,40716,65306,65012,91332,61807
2023-06-13T14:00:00Z,201882,173147,100984,88302,28735,69602,69295,80965,50302
2023-06-13T15:00:00Z,180059,154226,93206,79824,25833,62843,62548,74799,47538
2023-06-13T16:00:00Z,185751,159413,94242,80938,26338,59943,59663,72078,46071
2023-06-13T17:00:00Z,179941,151246,93105,80173,28695,57012,56739,69119,44452
2023-06-13T18:00:00Z,187677,153918,102772,82448,33759,56318,56044,73783,50442
2023-06-13T19:00:00Z,179751,152436,100120,85871,27315,54481,54224,65455,43886
2023-06-13T20:00:00Z,176656,145884,97940,80964,30772,51795,51543,65545,44660
2023-06-13T21:00:00Z,159165,131086,88506,74027,28079,45474,45233,56860,38284
2023-06-13T22:00:00Z,150718,118209,81686,67361,32509,39938,39723,52900,34868
2023-06-13T23:00:00Z,133778,108517,77449,63753,25261,37333,37137,48945,33527
2023-06-14T00:00:00Z,149226,106787,90680,61791,42439,38127,37890,67843,51742
2023-06-14T01:00:00Z,161298,108804,98490,61233,52494,41523,41309,79958,60689
2023-06-14T02:00:00Z,156145,123154,85361,64713,32991,42936,42721,64534,42926
2023-06-14T03:00:00Z,136066,110383,73396,58997,25683,40164,39985,52007,32349
2023-06-14T04:00:00Z,131633,105484,70782,56636,26149,36845,36630,49240,31454
2023-06-14T05:00:00Z,144063,115613,77740,61562,28450,40890,40669,54759,34825
2023-06-14T06:00:00Z,172380,139670,89997,69172,32710,50742,50519,68327,43474
2023-06-14T07:00:00Z,164180,139367,81627,68853,24813,54093,53855,64631,38743
2023-06-14T08:00:00Z,176946,152599,85488,71953,24347,57260,56989,69494,41818
2023-06-14T09:00:00Z,192681,166156,95648,81712,26525,62599,62348,73065,45139
2023-06-14T10:00:00Z,181337,153898,93834,78497,27439,56525,56279,69866,43984
2023-06-14T11:00:00Z,181604,155797,91588,77767,25807,57136,56880,68390,43003
2023-06-14T12:00:00Z,222771,149252,134893,77124,73519,59298,59015,98092,72352
2023-06-14T13:00:00Z,205122,164026,111801,83324,41096,64951,64676,90374,62506
2023-06-14T14:00:00Z,198694,173249,100587,87572,25445,69197,68904,79836,50406
2023-06-14T15:00:00Z,180801,154667,92923,79076,26134,63334,63035,74787,47930
2023-06-14T16:00:00Z,183255,149444,91992,78425,33811,59179,58896,73158,46583
2023-06-14T17:00:00Z,182971,152370,95474,81016,30601,57553,57259,69143,45135
2023-06-14T18:00:00Z,190040,155094,105948,84457,34946,56246,55950,74582,51513
2023-06-14T19:00:00Z,175021,146098,95212,80084,28923,53099,52789,64840,43293
2023-06-14T20:00:00Z,169900,137490,92419,75191,32410,50043,49743,64557,44096
2023-06-14T21:00:00Z,154038,125429,84997,69680,28609,44834,44599,55828,37995
2023-06-14T22:00:00Z,151709,108908,76944,62021,42801,38354,38103,56065,33892
2023-06-14T23:00:00Z,130065,103509,74158,59792,26556,36085,35848,47324,33137
2023-06-15T00:00:00Z,145538,104035,89273,61818,41503,36743,36507,64966,49697
2023-06-15T01:00:00Z,151164,104909,92386,57956,46255,39985,39768,75716,56881
2023-06-15T02:00:00Z,151980,120686,78113,57668,31294,40408,40184,60709,40930
2023-06-15T03:00:00Z,130477,106011,71339,57138,24466,39220,39006,50773,31618
2023-06-15T04:00:00Z,128634,103714,70048,55092,24920,36700,36500,49001,31866
2023-06-15T05:00:00Z,140305,112776,75104,58985,27529,40310,40114,54385,34214
2023-06-15T06:00:00Z,165832,134421,87755,67022,31411,49740,49505,67605,42911
2023-06-15T07:00:00Z,165951,141910,82457,69223,24041,54605,54358,65530,39121
2023-06-15T08:00:00Z,185913,159264,94663,79342,26649,60344,60087,71833,44551
2023-06-15T09:00:00Z,177913,152476,89982,76351,25437,59235,58987,69493,42645
2023-06-15T10:00:00Z,166903,141594,88466,73860,25309,54653,54401,66185,42511
2023-06-15T11:00:00Z,168635,143183,87952,74706,25452,54974,54720,65513,41383
2023-06-15T12:00:00Z,198897,137983,123196,73082,60914,56092,55821,91646,67796
2023-06-15T13:00:00Z,183297,146669,101169,75984,36628,60343,60066,83632,58001
2023-06-15T14:00:00Z,175945,153927,91265,79391,22018,64109,63847,73277,47131
2023-06-15T15:00:00Z,171638,146478,89798,76518,25160,60994,60705,71499,46475
2023-06-15T16:00:00Z,171234,146004,91012,77920,25230,57807,57493,68992,44930
2023-06-15T17:00:00Z,161220,138604,85946,74072,22616,54609,54338,64890,42336
2023-06-15T18:00:00Z,165766,134382,92211,73442,31384,52725,52452,68740,47413
2023-06-15T19:00:00Z,159425,134094,87542,74407,25331,50050,49773,60592,40677
2023-06-15T20:00:00Z,156767,129129,87637,71954,27638,47944,47643,60327,41276
2023-06-15T21:00:00Z,146877,120100,80817,67108,26777,43222,42957,54273,36542
2023-06-15T22:00:00Z,132472,106194,74186,60343,26278,38152,37949,49237,33438
2023-06-15T23:00:00Z,125325,101283,73821,60412,24042,36073,35881,47560,33425
2023-06-16T00:00:00Z,139598,101584,86699,61315,38014,36380,36135,62794,47924
2023-06-16T01:00:00Z,157155,107657,95725,61366,49498,40516,40302,74872,57129
2023-06-16T02:00:00Z,140059,107512,78547,58398,32547,40333,40121,60502,41153
2023-06-16T03:00:00Z,125072,100476,67226,53461,24596,38127,37923,49396,30462
2023-06-16T04:00:00Z,124901,100826,68015,54065,24075,34376,34206,46263,30272
2023-06-16T05:00:00Z,134172,106037,72183,56170,28135,38377,38164,52097,33188
2023-06-16T06:00:00Z,158983,127090,86356,65538,31893,47498,47260,64512,41655
2023-06-16T07:00:00Z,162538,136354,82013,68471,26184,52562,52274,63767,38793
2023-06-16T08:00:00Z,175615,148750,90003,75155,26865,56314,56046,68633,42501
2023-06-16T09:00:00Z,177019,150798,90553,76077,26221,57807,57536,68227,42664
2023-06-16T10:00:00Z,171358,143069,91778,75532,28289,53429,53140,66310,43427
2023-06-16T11:00:00Z,173665,147478,90195,75900,26187,53200,52931,64212,41245
2023-06-16T12:00:00Z,220274,144637,139533,76500,75637,55135,54849,94645,70345
2023-06-16T13:00:00Z,195308,153337,112291,81434,41971,59453,59129,86793,62362
2023-06-16T14:00:00Z,185660,159171,98219,84569,26489,62089,61823,72880,47232
2023-06-16T15:00:00Z,167478,142989,90271,76174,24489,56585,56318,67954,44446
2023-06-16T16:00:00Z,169015,143818,89353,75456,25197,54057,53810,66351,43506
2023-06-16T17:00:00Z,161025,135803,86976,73799,25222,49781,49524,61115,40219
2023-06-16T18:00:00Z,162964,130975,91413,71320,31989,48152,47902,64683,45505
2023-06-16T19:00:00Z,150675,124920,82749,68925,25755,44700,44460,55786,37658
2023-06-16T20:00:00Z,147756,120818,84561,67849,26938,42417,42175,56368,39245
2023-06-16T22:00:00Z,126755,96917,73295,57683,29838,32480,32253,45555,31573
2023-06-16T23:00:00Z,115410,88834,67619,53130,26576,30323,30144,43519,30550
2023-06-17T00:00:00Z,126551,82607,80831,49962,43944,28494,28277,60514,47936
2023-06-17T01:00:00Z,131158,79241,85415,47868,51917,27375,27212,66000,53494
2023-06-17T02:00:00Z,108624,81065,64304,45380,27559,26899,26722,44832,31860
2023-06-17T03:00:00Z,101618,79558,58350,44238,22060,26565,26414,37734,24540
2023-06-17T04:00:00Z,98505,77196,58120,44052,21309,26157,25985,37482,24809
2023-06-17T05:00:00Z,100611,78835,59399,44242,21776,27047,26858,39898,26292
2023-06-17T06:00:00Z,111865,84739,66746,46703,27126,30080,29930,46819,31818
2023-06-17T07:00:00Z,110384,90454,62485,49397,19930,32069,31930,43153,26953
2023-06-17T08:00:00Z,117377,96356,67300,52839,21021,34297,34153,46785,29596
2023-06-17T09:00:00Z,120846,100279,68128,54663,20567,35411,35265,47335,29675
2023-06-17T10:00:00Z,121441,98818,71427,55869,22623,35123,34963,48762,32099
2023-06-17T11:00:00Z,118862,99355,68862,56012,19507,35633,35480,46024,29800
2023-06-17T12:00:00Z,190500,102602,138520,57856,87898,38327,38134,78630,61543
2023-06-17T13:00:00Z,155712,114921,95049,61395,40791,41253,41084,73268,53956
2023-06-17T14:00:00Z,142230,122765,78030,65173,19465,44043,43925,56026,36132
2023-06-17T15:00:00Z,143421,119607,81256,65501,23814,43040,42897,56695,37420
2023-06-17T17:00:00Z,130624,110776,76366,63380,19848,38935,38797,50001,33092
2023-06-17T18:00:00Z,133682,105304,80688,59537,28378,37363,37228,55004,39088
2023-06-17T19:00:00Z,114193,94060,69317,55944,20133,33474,33353,43770,29956
2023-06-17T20:00:00Z,109195,87369,68770,52899,21826,30939,30789,43030,30518
2023-06-17T21:00:00Z,105525,85116,65678,51747,20409,28400,28264,38794,26587
2023-06-17T22:00:00Z,92262,72705,57485,44049,19557,24654,24525,35629,24523
2023-06-17T23:00:00Z,88286,70215,54876,42431,18071,24423,24314,33886,24070
2023-06-18T00:00:00Z,100432,67095,63414,38719,33337,22754,22569,48011,37797
2023-06-18T01:00:00Z,109686,64603,75466,38262,45083,23624,23470,61608,50441
2023-06-18T02:00:00Z,91667,65479,57843,37849,26188,23267,23144,44544,32904
2023-06-18T03:00:00Z,90336,70174,53396,39520,20162,23911,23795,34763,22609
2023-06-18T04:00:00Z,89068,70083,53328,39955,18985,24121,23994,34828,22809
2023-06-18T05:00:00Z,92986,72552,56528,41938,20434,25107,24980,37593,25189
2023-06-18T06:00:00Z,108312,81548,66986,47021,26764,28835,28678,45227,31174
2023-06-18T07:00:00Z,109118,89757,63016,50159,19361,31004,30881,42181,26787
2023-06-18T08:00:00Z,116509,94752,67660,53013,21757,33376,33239,46106,29709
2023-06-18T09:00:00Z,121535,99634,68775,55495,21901,34466,34319,46940,29901
2023-06-18T10:00:00Z,125783,102085,72979,57264,23698,35459,35314,49561,33082
2023-06-18T11:00:00Z,122259,102327,70916,58095,19932,36423,36285,47259,30907
2023-06-18T12:00:00Z,196377,110753,139637,62830,85624,39374,39215,81706,62910
2023-06-18T13:00:00Z,160313,119176,99759,66066,41137,42873,42705,75197,55606
2023-06-18T14:00:00Z,150513,130665,86244,73437,19848,46558,46401,58745,38038
2023-06-18T15:00:00Z,155872,132144,90101,74735,23728,46157,45993,60108,40001
2023-06-18T16:00:00Z,145389,124491,86176,72604,20898,43724,43567,56852,37621
2023-06-18T17:00:00Z,137847,118947,81071,68846,18900,41067,40944,52222,34944
2023-06-18T18:00:00Z,142741,114187,88730,68095,28554,39430,39285,57687,41149
2023-06-18T19:00:00Z,127009,106556,75382,62385,20453,36364,36225,47382,31988
2023-06-18T20:00:00Z,124151,101400,75949,60122,22751,34745,34566,47611,33207
2023-06-18T21:00:00Z,112931,91986,68694,54986,20945,31132,30988,41686,28739
2023-06-18T22:00:00Z,102476,82355,62296,49302,20121,27189,27063,37778,25941
2023-06-19T00:00:00Z,121767,82754,75872,48865,39013,29022,28841,57760,44607
2023-06-19T01:00:00Z,150724,94319,85648,51704,56405,33970,33785,70486,52702
2023-06-19T02:00:00Z,136262,98750,72712,51925,37512,35542,35339,57310,38258
2023-06-19T03:00:00Z,131247,98034,65856,51229,33213,35093,34916,47636,28629
2023-06-19T04:00:00Z,128394,95274,66615,51820,33120,32880,32703,46393,29031
2023-06-19T05:00:00Z,142707,104638,71911,55634,38069,37421,37224,51951,32256
2023-06-19T06:00:00Z,166292,126536,84602,63996,39756,46824,46592,65077,41236
2023-06-19T07:00:00Z,161922,132405,77682,64511,29517,51562,51347,63784,37386
2023-06-19T08:00:00Z,164463,135836,78965,66056,28627,53229,52989,65756,38917
2023-06-19T09:00:00Z,175703,146003,83771,70627,29700,56364,56116,68393,40723
2023-06-19T10:00:00Z,170963,138803,85578,70939,32160,52707,52438,65445,41041
2023-06-19T11:00:00Z,173327,142558,85794,72847,30769,53807,53546,65145,40201
2023-06-19T12:00:00Z,198355,132826,117124,67635,65529,54169,53886,91136,66101
2023-06-19T14:00:00Z,185634,155427,91661,78962,30207,62309,62026,73796,46405
2023-06-19T15:00:00Z,176815,145478,89873,76221,31337,58127,57827,70807,44809
2023-06-19T16:00:00Z,169930,139320,88482,75221,30610,54526,54260,68082,43892
2023-06-19T17:00:00Z,167503,136352,86381,73167,31151,51954,51697,64725,41964
2023-06-19T18:00:00Z,185856,145700,99518,78187,40156,51286,51041,71042,48966
2023-06-19T19:00:00Z,172134,135194,88999,74427,36940,48185,47959,62341,40887
2023-06-19T20:00:00Z,174980,134472,93526,75430,40508,46523,46277,62862,42703
2023-06-19T21:00:00Z,154777,119648,83740,68662,35129,41324,41114,53764,36662
2023-06-19T22:00:00Z,139556,101385,73527,58718,38171,35681,35470,48750,32824
2023-06-19T23:00:00Z,130035,99861,70811,56770,30174,35108,34897,47788,32844
2023-06-20T00:00:00Z,147417,101447,85998,56834,45970,36039,35811,65977,50839
2023-06-20T01:00:00Z,158535,106936,96417,57963,51599,39729,39527,78862,61319
2023-06-20T02:00:00Z,140664,111162,78636,60505,29502,40441,40246,58219,39027
2023-06-20T03:00:00Z,133507,109150,74029,60005,24357,38720,38549,50031,31485
2023-06-20T04:00:00Z,126244,101468,71303,57177,24776,35345,35167,47497,31104
2023-06-20T05:00:00Z,139592,110874,74328,58614,28718,40283,40079,53727,34237
2023-06-20T06:00:00Z,164383,132708,85164,64961,31675,49558,49327,67327,42619
2023-06-20T07:00:00Z,153166,130677,75824,63448,22489,52139,51914,62856,37350
2023-06-20T08:00:00Z,165194,140713,82311,68807,24481,56926,56659,67658,40912
2023-06-20T09:00:00Z,182197,156283,90091,76758,25914,59914,59650,70666,43012
2023-06-20T10:00:00Z,178995,152879,93604,78049,26116,57197,56926,69729,44894
2023-06-20T11:00:00Z,174638,148875,89484,76404,25763,56491,56198,66638,42422
2023-06-20T12:00:00Z,225821,156285,138030,80654,69536,60612,60307,99404,73155
2023-06-20T13:00:00Z,193674,155485,106745,79451,38189,63152,62859,87839,61630
2023-06-20T14:00:00Z,186041,162542,95447,83344,23499,66103,65805,75468,48528
2023-06-20T15:00:00Z,174881,151121,90722,77418,23760,61566,61258,71862,46494
2023-06-20T16:00:00Z,181328,154139,95121,81379,27189,60043,59755,71821,47214
2023-06-20T17:00:00Z,182577,156670,95765,82581,25907,58014,57746,69740,46011
2023-06-20T18:00:00Z,186226,153521,101322,81094,32705,56366,56102,74933,51727
2023-06-20T19:00:00Z,173669,147586,92647,78887,26083,53361,53086,64325,43585
2023-06-20T20:00:00Z,172492,141628,93458,76477,30864,51178,50905,64864,44778
2023-06-20T21:00:00Z,157030,129325,86203,71326,27705,45169,44932,56141,38741
2023-06-20T22:00:00Z,143215,115774,79142,64359,27441,39210,38963,50948,35534
2023-06-20T23:00:00Z,135455,109104,76287,62373,26351,37739,37516,50118,35919
2023-06-21T00:00:00Z,150596,110337,90467,62915,40259,38478,38244,67375,52062
2023-06-21T01:00:00Z,165334,113032,100645,62600,52302,42643,42416,81332,63276
2023-06-21T02:00:00Z,151342,119943,81583,63257,31399,44778,44583,63655,42883
2023-06-21T03:00:00Z,139304,114101,71507,57775,25203,40673,40483,52413,32451
2023-06-21T04:00:00Z,129534,105231,69257,54983,24303,36880,36669,49625,32107
2023-06-21T05:00:00Z,141294,114067,75499,59712,27227,39764,39578,53629,34008
2023-06-21T06:00:00Z,164006,133259,86104,65691,30747,49664,49441,66486,42521
2023-06-21T07:00:00Z,176131,152069,86909,73609,24062,56158,55929,67705,40654
2023-06-21T08:00:00Z,185926,160236,92111,77625,25690,59316,59055,71981,44262
2023-06-21T09:00:00Z,189951,164381,94597,81093,25570,60525,60272,71815,44693
2023-06-21T10:00:00Z,182516,156319,94934,79608,26197,56764,56485,70258,45162
2023-06-21T11:00:00Z,181999,156312,94105,80230,25687,56279,56016,67230,42714
2023-06-21T12:00:00Z,223672,155820,135716,79272,67852,58731,58450,97362,71979
2023-06-21T13:00:00Z,194678,156400,107594,80265,38278,61651,61374,85451,60226
2023-06-21T14:00:00Z,185219,161477,92896,81211,23742,65513,65204,75357,48345
2023-06-21T15:00:00Z,169877,146267,87557,74729,23610,59902,59620,70717,45758
2023-06-21T16:00:00Z,171723,148094,90035,77280,23629,57538,57241,68833,45480
2023-06-21T17:00:00Z,176738,152108,91515,78934,24630,56534,56251,67187,44145
2023-06-21T18:00:00Z,185588,153366,101821,81454,32222,55365,55089,72557,50595
2023-06-21T19:00:00Z,175048,148234,93906,79494,26814,52452,52211,63829,42747
2023-06-21T20:00:00Z,171776,142500,94396,77137,29276,49892,49601,62904,43940
2023-06-21T21:00:00Z,157920,128700,84823,69980,29220,44077,43824,54739,37871
2023-06-21T22:00:00Z,148496,112550,76007,61491,35946,38071,37858,52065,33904
2023-06-21T23:00:00Z,135905,104638,75465,61369,31267,36063,35870,49511,33514
2023-06-22T00:00:00Z,143148,102443,87522,59839,40705,35335,35115,63498,49791
2023-06-22T01:00:00Z,146702,99579,94241,59410,47123,34985,34788,70897,56453
2023-06-22T02:00:00Z,128394,96845,76586,55887,31549,33910,33739,55385,40370
2023-06-22T03:00:00Z,116079,93839,65308,52023,22240,32428,32259,43739,28542
2023-06-22T04:00:00Z,118522,95811,67174,53414,22711,33539,33367,45737,30072
2023-06-22T05:00:00Z,128308,101546,70518,54879,26762,36016,35832,49701,32724
2023-06-22T06:00:00Z,151739,120621,84094,63729,31118,42545,42328,60760,40783
2023-06-22T07:00:00Z,164728,139971,87063,73324,24757,49143,48907,61422,39364
2023-06-22T08:00:00Z,175065,148113,92298,76910,26952,53690,53415,66167,43062
2023-06-22T09:00:00Z,177036,150323,92112,77482,26713,54584,54340,65931,42392
2023-06-22T10:00:00Z,174557,147000,92044,76140,27557,53300,53049,66609,43601
2023-06-22T11:00:00Z,176206,150095,92384,78106,26111,54144,53887,65121,42147
2023-06-22T12:00:00Z,223060,149624,139714,77554,73436,57011,56726,95633,71851
2023-06-22T13:00:00Z,188846,150097,106142,77799,38749,60274,59987,85670,60824
2023-06-22T14:00:00Z,178346,154812,93240,80768,23534,63380,63072,72333,47102
2023-06-22T15:00:00Z,168945,144898,90183,76784,24047,58909,58657,69394,45873
2023-06-22T16:00:00Z,176532,150681,94429,80239,25851,57689,57399,69770,46326
2023-06-22T17:00:00Z,175511,149285,93572,80607,26226,54991,54716,66136,43299
2023-06-22T18:00:00Z,181470,147379,101383,80750,34091,53691,53431,70385,49309
2023-06-22T19:00:00Z,172323,144342,94502,80490,27981,50786,50543,61661,41873
2023-06-22T20:00:00Z,173088,144385,93801,77288,28703,48586,48344,61353,42828
2023-06-22T21:00:00Z,157953,130966,87962,73507,26987,43634,43384,53669,37114
2023-06-22T22:00:00Z,138406,112643,77515,63684,25763,37774,37542,48727,33769
2023-06-22T23:00:00Z,127694,104186,74702,61215,23508,36037,35838,46175,32922
2023-06-23T00:00:00Z,135911,98946,82950,58945,36965,34187,33941,58976,45196
2023-06-23T01:00:00Z,147972,99591,94932,58466,48381,34696,34492,72036,57534
2023-06-23T02:00:00Z,122928,95906,72662,55048,27022,33226,33059,52915,37966
2023-06-23T03:00:00Z,116198,93329,65311,52229,22869,32361,32181,44349,29492
2023-06-23T04:00:00Z,118294,96066,65341,52258,22228,32544,32361,44132,28949
2023-06-23T05:00:00Z,131758,105035,71552,56777,26723,34986,34790,48281,31373
2023-06-23T06:00:00Z,152530,123275,82736,63475,29255,41140,40950,59717,39682
2023-06-23T07:00:00Z,158874,134854,82277,68858,24020,46955,46752,59177,37016
2023-06-23T08:00:00Z,173649,147771,88873,74648,25878,50890,50635,63794,40765
2023-06-23T09:00:00Z,175709,149944,90910,76858,25765,52439,52187,64840,41200
2023-06-23T10:00:00Z,169660,143292,88357,73129,26368,49856,49614,63550,41534
2023-06-23T11:00:00Z,168945,144451,88683,75230,24494,51005,50757,62969,39569
2023-06-23T12:00:00Z,211140,147664,129588,77531,63476,54843,54592,94253,70368
2023-06-23T13:00:00Z,202261,158132,112431,80701,44129,59236,58973,89071,63690
2023-06-23T14:00:00Z,193965,169994,101504,88210,23971,63047,62780,74100,48222
2023-06-23T15:00:00Z,181783,153653,94992,79805,28130,57591,57320,70599,46327
2023-06-23T16:00:00Z,168433,142934,89463,75924,25499,53390,53127,66259,43693
2023-06-23T17:00:00Z,162341,138866,85522,73234,23475,49667,49451,60744,39664
2023-06-23T18:00:00Z,170214,137387,94080,73547,32827,47936,47700,66712,46245
2023-06-23T19:00:00Z,159280,131893,84075,69914,27387,44524,44252,57127,37613
2023-06-23T20:00:00Z,151671,124890,84022,68304,26781,42314,42075,55598,38434
2023-06-23T21:00:00Z,142758,114076,75147,60707,28682,37166,36912,49396,33619
2023-06-23T22:00:00Z,121813,95550,67768,54064,26263,31890,31697,44068,30555
2023-06-23T23:00:00Z,108468,87397,63583,51240,21071,30158,29980,40475,28867
2023-06-24T00:00:00Z,118106,82318,73875,49701,35788,27184,26976,52654,41060
2023-06-24T01:00:00Z,139609,78762,80612,45346,60847,26797,26608,63891,51751
2023-06-24T02:00:00Z,103969,79483,62198,44968,24486,25923,25741,45401,33064
2023-06-24T03:00:00Z,96854,75891,56169,42807,20963,25462,25277,36887,24937
2023-06-24T04:00:00Z,100155,79687,56451,43209,20468,25750,25584,37367,24869
2023-06-24T05:00:00Z,103992,82130,59690,44992,21862,26543,26386,39127,26051
2023-06-24T06:00:00Z,111107,85613,65881,46999,25494,29103,28950,45950,31236
2023-06-24T07:00:00Z,108833,89637,63415,50412,19196,30806,30653,41908,26446
2023-06-24T08:00:00Z,113492,94062,65226,51332,19430,32056,31880,45029,28480
2023-06-24T09:00:00Z,119146,97143,67470,53125,22003,32896,32747,45736,28406
2023-06-24T10:00:00Z,117230,94486,69037,53841,22744,33057,32906,47097,30943
2023-06-24T11:00:00Z,116947,95949,66545,54223,20998,33489,33342,43856,28028
2023-06-24T12:00:00Z,169636,101071,117774,57411,68565,36342,36186,77054,60321
2023-06-24T13:00:00Z,148421,107422,94991,61095,40999,38792,38646,70683,53071
2023-06-24T14:00:00Z,134158,115746,78463,66098,18412,41775,41633,52738,34627
2023-06-24T15:00:00Z,134418,112613,78932,64061,21805,41132,40976,54873,36182
2023-06-24T16:00:00Z,131754,112252,77764,64625,19502,39193,39023,51720,34925
2023-06-24T17:00:00Z,121616,104068,72774,60831,17548,36695,36543,47475,31440
2023-06-24T18:00:00Z,127089,101892,78704,59172,25197,35395,35252,52555,37549
2023-06-24T19:00:00Z,109457,91867,66129,53821,17590,32007,31876,41294,28244
2023-06-24T20:00:00Z,105691,86527,66595,51990,19164,30253,30116,41727,29482
2023-06-24T21:00:00Z,97375,79601,60871,48202,17774,27058,26932,36793,25363
2023-06-24T22:00:00Z,88748,70850,54813,42958,17898,24367,24207,33902,23456
2023-06-24T23:00:00Z,84458,67319,54242,42308,17139,24030,23852,33092,24025
2023-06-25T00:00:00Z,96324,66592,62533,40741,29732,23168,22996,45858,35696
2023-06-25T01:00:00Z,115206,73671,77242,43312,41535,26889,26736,61611,48550
2023-06-25T02:00:00Z,107171,77687,64649,42907,29484,28581,28416,52364,37080
2023-06-25T03:00:00Z,97424,78383,55771,43481,19041,27999,27839,39661,25156
2023-06-25T04:00:00Z,91026,72190,54525,42200,18836,24782,24613,35987,23353
2023-06-25T05:00:00Z,99132,78885,58757,44871,20247,27638,27514,39835,25607
2023-06-25T06:00:00Z,113330,90830,64063,47581,22500,33316,33134,49141,31309
2023-06-25T07:00:00Z,116929,98780,62840,50644,18149,35550,35365,47034,27590
2023-06-25T08:00:00Z,128301,108450,69231,55810,19851,38446,38285,52247,30866
2023-06-25T09:00:00Z,130237,110269,70798,57975,19968,39407,39235,52597,31238
2023-06-25T10:00:00Z,128451,107000,71945,57538,21451,37249,37090,51941,33278
2023-06-25T11:00:00Z,126466,107776,70514,58396,18690,37070,36914,48818,30418
2023-06-25T12:00:00Z,171099,107794,116777,60645,63305,39830,39663,81212,62286
2023-06-25T13:00:00Z,155300,114256,97524,63651,41044,42376,42210,74996,55742
2023-06-25T14:00:00Z,145416,126625,81260,68753,18791,45857,45701,58368,37398
2023-06-25T15:00:00Z,150416,128329,84522,69708,22087,45342,45186,59635,39238
2023-06-25T16:00:00Z,142560,122984,82970,69899,19576,42600,42444,55767,37222
2023-06-25T17:00:00Z,127522,109621,75853,63674,17901,40283,40144,51064,34304
2023-06-25T18:00:00Z,135179,109082,82942,62976,26097,39034,38873,56921,40672
2023-06-25T19:00:00Z,120340,101532,70897,58100,18808,35858,35716,46696,31419
2023-06-25T20:00:00Z,118219,96763,71730,56232,21456,34401,34231,47747,33182
2023-06-25T21:00:00Z,113396,94390,67168,53951,19006,31434,31293,42533,28933
2023-06-25T22:00:00Z,100531,82391,61234,48900,18140,27969,27847,39153,26852
2023-06-25T23:00:00Z,95122,77380,59516,47304,17742,28199,28068,38242,27390
2023-06-26T00:00:00Z,117827,83512,73414,50169,34315,29418,29233,54303,41369
2023-06-26T01:00:00Z,167759,94805,88850,52987,72954,35220,35038,73802,55397
2023-06-26T02:00:00Z,131748,99454,71233,52789,32294,37595,37414,58743,38759
2023-06-26T03:00:00Z,128677,99238,66540,52471,29439,36631,36429,49396,30213
2023-06-26T04:00:00Z,124080,94361,65272,51494,29719,33277,33090,45703,28878
2023-06-26T05:00:00Z,142368,106555,73506,57621,35813,37718,37537,52473,32507
2023-06-26T06:00:00Z,167733,131110,85572,65293,36623,47472,47241,65739,41246
2023-06-26T07:00:00Z,174251,144268,83728,70161,29983,53790,53563,66457,38787
2023-06-26T08:00:00Z,181451,152627,86301,73578,28824,57540,57308,70229,41794
2023-06-26T09:00:00Z,187395,157757,89092,74967,29638,58583,58323,70333,41973
2023-06-26T10:00:00Z,180196,149381,90857,75442,30815,55078,54815,68877,43662
2023-06-26T11:00:00Z,187827,155810,92508,78744,32017,56314,56054,68715,42235
2023-06-26T12:00:00Z,224232,158358,131549,82218,65874,60280,59994,99102,72669
2023-06-26T13:00:00Z,204725,161422,110497,81695,43303,62918,62623,90403,62713
2023-06-26T14:00:00Z,176249,150783,88171,76773,25466,62907,62634,73034,45949
2023-06-26T15:00:00Z,174129,146946,88676,75685,27183,59904,59590,71075,45509
2023-06-26T16:00:00Z,173842,145220,88378,75438,28622,57394,57097,69934,44899
2023-06-26T17:00:00Z,178560,150434,91832,79617,28126,55754,55490,67313,43467
2023-06-26T18:00:00Z,184135,144911,99881,79093,39224,53569,53301,72561,50044
2023-06-26T19:00:00Z,173686,139338,92651,77015,34348,50887,50594,64246,43134
2023-06-26T20:00:00Z,177506,137661,94068,76000,39845,49007,48737,64059,43995
2023-06-26T21:00:00Z,160183,127420,87973,71880,32763,44096,43823,57189,39155
2023-06-26T22:00:00Z,148618,113511,81272,65091,35107,38713,38477,52269,35721
2023-06-26T23:00:00Z,136808,105077,76267,61977,31731,37021,36812,49041,34254
2023-06-27T00:00:00Z,148400,105716,86806,61073,42684,37492,37258,63703,47802
2023-06-27T01:00:00Z,165051,112230,101055,62979,52821,42048,41822,80603,61219
2023-06-27T02:00:00Z,145396,113967,80403,61022,31429,42251,42027,63178,42157
2023-06-27T03:00:00Z,139501,112315,74269,59574,27186,40086,39888,52752,32356
2023-06-27T04:00:00Z,127102,102271,69066,55198,24831,36202,36018,49539,31123
2023-06-27T05:00:00Z,139728,112725,74605,59424,27003,40202,39991,54278,34264
2023-06-27T06:00:00Z,169426,137805,88991,68795,31621,49531,49314,67578,43272
2023-06-27T07:00:00Z,182160,155575,89460,75210,26585,55982,55749,67979,40869
2023-06-27T08:00:00Z,190297,163728,94762,79991,26569,60146,59894,72489,44769
2023-06-27T09:00:00Z,195631,168490,96730,82211,27141,60684,60423,73126,45055
2023-06-27T10:00:00Z,184264,156129,94996,79010,28135,56602,56359,70916,45196
2023-06-27T11:00:00Z,187515,159343,96138,81433,28172,56911,56614,68561,43315
2023-06-27T12:00:00Z,220260,157741,130620,81420,62519,60445,60163,98639,72380
2023-06-27T13:00:00Z,204731,162489,112903,83095,42242,63537,63259,90571,63597
2023-06-27T14:00:00Z,190567,165322,97533,84799,25245,65892,65604,76241,48716
2023-06-27T15:00:00Z,174372,149482,89384,75972,24890,60333,59988,72042,46032
2023-06-27T16:00:00Z,177746,151679,92030,78257,26067,58581,58309,71348,46337
2023-06-27T17:00:00Z,181580,156113,94255,80741,25467,56109,55825,68154,44336
2023-06-27T18:00:00Z,179549,147737,99190,78854,31812,53947,53662,72014,49937
2023-06-27T19:00:00Z,171021,144124,91696,77156,26897,51237,50980,62873,41881
2023-06-27T20:00:00Z,166605,138748,93917,76718,27857,49038,48743,62971,43455
2023-06-27T21:00:00Z,150114,124264,83123,68579,25850,43853,43547,54949,37528
2023-06-27T22:00:00Z,134137,109016,75628,61464,25121,38069,37843,49431,34170
2023-06-27T23:00:00Z,129758,101668,72729,58500,28090,36118,35897,49005,34007
2023-06-28T00:00:00Z,141046,101320,83671,58734,39726,36443,36193,62322,47303
2023-06-28T01:00:00Z,154966,102646,96430,57545,52320,39749,39523,78918,61212
2023-06-28T02:00:00Z,149054,116269,77279,58335,32785,40724,40522,61439,41311
2023-06-28T03:00:00Z,131506,105592,71557,57123,25914,38458,38265,51035,32039
2023-06-28T04:00:00Z,122986,98801,67492,53378,24185,34780,34595,47096,30663
2023-06-28T05:00:00Z,140032,111583,72486,56896,28449,38975,38781,53443,33330
2023-06-28T06:00:00Z,166101,135806,87251,67495,30295,47972,47732,66664,42427
2023-06-28T07:00:00Z,180096,155448,86805,72973,24648,53862,53632,67383,39492
2023-06-28T08:00:00Z,185052,157913,91065,75716,27139,57944,57648,71259,43454
2023-06-28T09:00:00Z,181289,155841,89165,75046,25448,57433,57153,69604,41763
2023-06-28T10:00:00Z,176063,147697,90358,73835,28366,53352,53102,67920,43333
2023-06-28T11:00:00Z,178712,150147,89909,75032,28565,53798,53555,65977,41396
2023-06-28T12:00:00Z,202041,145151,118512,73009,56890,56069,55770,92642,67667
2023-06-28T13:00:00Z,189338,149902,104238,75144,39436,59181,58868,86557,61323
2023-06-28T14:00:00Z,175197,151562,89738,77565,23635,61421,61135,71993,45920
2023-06-28T15:00:00Z,166622,143283,85648,72437,23339,57504,57197,69185,44692
2023-06-28T16:00:00Z,165845,142124,86289,73079,23721,55672,55365,67357,43915
2023-06-28T17:00:00Z,166053,141550,87088,74015,24503,52992,52720,64504,42273
2023-06-28T18:00:00Z,170805,139330,92350,72552,31475,51906,51646,69591,47400
2023-06-28T19:00:00Z,165148,137824,86118,71981,27324,49639,49379,60894,40096
2023-06-28T20:00:00Z,163129,133861,88403,71350,29268,48087,47795,61562,41958
2023-06-28T21:00:00Z,149842,122851,81309,66919,26991,42176,41946,53282,36131
2023-06-28T22:00:00Z,139179,113772,76881,62881,25407,36429,36215,53977,37164
2023-06-28T23:00:00Z,130958,104661,75777,61561,26297,34913,34710,52596,37817
2023-06-29T00:00:00Z,143457,100080,82466,55415,43377,35062,34826,64358,48188
2023-06-29T01:00:00Z,153859,102046,94581,56282,51813,38294,38093,78120,59641
2023-06-29T02:00:00Z,140707,107831,77456,57426,32876,39041,38844,61625,41629
2023-06-29T03:00:00Z,126295,100737,67131,53000,25558,36875,36695,49536,30886
2023-06-29T04:00:00Z,121779,95662,65110,51006,26117,32884,32677,46410,29097
2023-06-29T05:00:00Z,128155,101852,68221,53188,26303,36611,36403,50443,31688
2023-06-29T06:00:00Z,154303,123855,83092,63823,30448,45321,45102,62586,40256
2023-06-29T07:00:00Z,167946,143567,83524,69847,24379,52671,52425,64135,38550
2023-06-29T08:00:00Z,177868,152514,92015,77115,25354,56359,56097,68446,42300
2023-06-29T09:00:00Z,181942,155104,92159,77335,26838,57208,56943,68396,42281
2023-06-29T10:00:00Z,174060,145704,91694,75482,28356,53163,52876,66842,43252
2023-06-29T11:00:00Z,172942,147439,91714,77192,25503,53505,53258,64346,41430
2023-06-29T12:00:00Z,218976,155057,133804,81012,63919,57955,57679,96084,71823
2023-06-29T13:00:00Z,214223,170314,118667,86687,43909,62531,62234,92151,65585
2023-06-29T15:00:00Z,169034,144619,88005,73992,24415,58163,57866,69529,45755
2023-06-29T16:00:00Z,161168,137549,84859,72084,23619,55017,54728,66656,43606
2023-06-29T17:00:00Z,98360,83660,52658,44637,14700,33963,33756,42644,28104
2023-06-29T18:00:00Z,161175,132636,90702,71664,28539,50047,49816,66479,46667
2023-06-29T19:00:00Z,165739,140253,90245,75971,25486,50373,50127,61120,41319
2023-06-29T20:00:00Z,162599,134125,90991,73478,28474,47717,47465,61927,42658
2023-06-29T21:00:00Z,148635,121714,80964,66348,26921,42074,41816,54151,36740
2023-06-29T22:00:00Z,134128,108441,75156,60935,25687,36446,36212,49254,32909
2023-06-29T23:00:00Z,126273,102359,72779,59232,23914,35137,34942,46978,32835
2023-06-30T00:00:00Z,136651,97554,82551,55594,39097,35083,34841,63085,48020
2023-06-30T01:00:00Z,144008,98111,91187,55250,45897,37994,37780,75143,57897
2023-06-30T02:00:00Z,131506,102443,75936,55921,29063,38076,37902,59258,41156
2023-06-30T03:00:00Z,121623,99119,65681,52229,22504,36958,36773,49044,30027
2023-06-30T04:00:00Z,113483,90055,63791,49928,23428,32612,32410,44918,29166
2023-06-30T05:00:00Z,131585,106394,70030,54553,25191,36078,35897,50144,32400
2023-06-30T06:00:00Z,151841,121749,82737,62648,30092,45512,45295,63880,41244
2023-06-30T07:00:00Z,162622,138832,82188,68370,23790,51181,50913,62912,38666
2023-06-30T08:00:00Z,180194,153075,92497,76966,27119,55463,55211,69129,43204
2023-06-30T09:00:00Z,177946,152515,88944,74598,25431,55047,54794,68143,41765
2023-06-30T10:00:00Z,167052,139360,87945,71545,27692,50705,50433,64998,42045
2023-06-30T11:00:00Z,166003,140872,88295,73632,25131,49721,49494,61408,39875
2023-06-30T12:00:00Z,211999,145073,131980,76689,66926,53448,53194,93242,70803
2023-06-30T13:00:00Z,196723,153656,112135,79600,43067,57141,56867,87166,63027
2023-06-30T14:00:00Z,187173,162836,98238,84036,24337,60388,60104,72063,47707
2023-06-30T15:00:00Z,182479,155353,96292,80204,27126,57391,57076,69957,46435
2023-06-30T16:00:00Z,169494,143090,90529,75829,26404,52932,52647,65979,44151
2023-06-30T17:00:00Z,162106,137697,86674,73204,24409,49790,49540,61874,40646
2023-06-30T18:00:00Z,164795,131430,92575,71273,33365,46902,46662,66040,46053
2023-06-30T19:00:00Z,148530,122124,80709,66341,26406,42872,42656,55037,36506
2023-06-30T20:00:00Z,145244,115491,80728,63329,29753,40461,40228,55722,37980
2023-06-30T21:00:00Z,131950,106852,71801,57402,25098,35957,35734,47744,32186
2023-06-30T22:00:00Z,125186,97343,65499,51595,27843,30831,30603,44279,29399
2023-06-30T23:00:00Z,106770,81682,60831,47326,25088,28613,28434,40558,28275
2023-07-01T00:00:00Z,113120,74808,67323,44187,38312,25893,25672,51282,38982
2023-07-01T01:00:00Z,124418,71873,82917,43762,52545,26025,25845,66741,54197
2023-07-01T02:00:00Z,110204,71790,62344,41225,38414,25459,25301,49322,35585
2023-07-01T03:00:00Z,100273,71145,55018,39966,29128,25018,24859,40043,26314
2023-07-01T04:00:00Z,99211,71379,54537,39802,27832,24451,24311,39023,25375
2023-07-01T05:00:00Z,103780,74385,58600,41529,29395,25604,25462,41564,27242
2023-07-01T06:00:00Z,116307,80496,67060,44196,35811,28707,28559,47598,32533
2023-07-01T07:00:00Z,114672,86153,63155,47089,28519,30476,30315,43999,27925
2023-07-01T08:00:00Z,122350,91962,68294,50899,30388,32118,31963,47516,30504
2023-07-01T09:00:00Z,121770,94366,67411,51340,27404,32926,32794,46384,29515
2023-07-01T10:00:00Z,122115,91885,69762,52336,30230,32881,32726,47609,31730
2023-07-01T11:00:00Z,128060,98239,67859,52291,29821,33014,32845,46228,29686
2023-07-01T12:00:00Z,173735,97024,120207,55321,76711,35273,35100,77028,60698
2023-07-01T13:00:00Z,153428,106710,93535,57510,46718,38680,38526,70490,52866
2023-07-01T14:00:00Z,141904,115758,77039,61998,26146,41043,40890,53380,35236
2023-07-01T15:00:00Z,139443,110667,80554,62998,28776,40572,40407,54844,36865
2023-07-01T16:00:00Z,136057,108260,77247,60950,27797,38963,38805,52952,35103
2023-07-01T17:00:00Z,129162,105925,74453,60513,23237,36790,36666,48468,31763
2023-07-01T18:00:00Z,130289,97819,79253,57021,32470,34990,34840,53422,37796
2023-07-01T19:00:00Z,112326,88178,65308,51373,24148,31385,31259,42542,28460
2023-07-01T20:00:00Z,113048,87545,68938,52897,25503,29234,29090,42371,29218
2023-07-01T21:00:00Z,97703,74520,57909,43847,23183,26155,26034,36871,25028
2023-07-01T22:00:00Z,91735,68112,53219,39835,23623,23601,23487,34167,23163
2023-07-01T23:00:00Z,86296,66038,52989,40308,20258,22994,22887,32642,23073
2023-07-02T00:00:00Z,96309,63919,61625,38020,32390,21885,21716,45569,35742
2023-07-02T01:00:00Z,102552,60282,72253,37316,42270,22377,22237,57778,47466
2023-07-02T02:00:00Z,88597,61756,56416,36049,26841,22291,22168,44656,32859
2023-07-02T03:00:00Z,86075,66206,51645,37923,19869,22822,22699,34801,22591
2023-07-02T04:00:00Z,86934,67641,53430,40196,19293,22814,22674,33934,22185
2023-07-02T05:00:00Z,88911,68904,53925,39502,20007,24058,23948,36941,24258
2023-07-02T06:00:00Z,103544,78150,61687,42132,25394,27093,26970,44174,29946
2023-07-02T07:00:00Z,101949,83019,58135,44955,18930,29733,29610,41014,25554
2023-07-02T08:00:00Z,109526,90099,64359,50247,19427,32115,31986,44573,28798
2023-07-02T09:00:00Z,112906,92434,64816,51083,20472,33273,33131,44530,28419
2023-07-02T10:00:00Z,113854,92322,66945,51618,21532,33727,33545,46989,31293
2023-07-02T11:00:00Z,112894,95393,65830,53824,17501,34614,34465,44811,28941
2023-07-02T12:00:00Z,172015,100864,122513,58169,71151,37466,37313,78383,61844
2023-07-02T13:00:00Z,148711,109019,94465,60909,39692,39839,39700,72591,54172
2023-07-02T14:00:00Z,136454,117425,78035,65277,19029,44133,43999,56010,36692
2023-07-02T15:00:00Z,138234,115484,81190,65765,22750,43381,43226,57266,38412
2023-07-02T16:00:00Z,133878,113375,77893,64342,20503,41516,41347,55128,36671
2023-07-02T17:00:00Z,125601,108076,73077,61252,17525,39401,39264,50468,33584
2023-07-02T19:00:00Z,116749,97511,69146,56474,19238,34914,34768,46104,31199
2023-07-02T20:00:00Z,111702,91143,68470,53414,20559,33033,32903,45307,32052
2023-07-02T21:00:00Z,105833,86415,62356,49365,19418,30005,29878,40245,27856
2023-07-02T22:00:00Z,94091,75316,56543,44130,18775,26291,26165,36623,25317
2023-07-02T23:00:00Z,89319,71512,54989,43158,17807,26295,26170,36398,25884
2023-07-03T00:00:00Z,115831,75295,67120,44491,40536,27332,27150,52776,39430
2023-07-03T01:00:00Z,140394,84189,84107,47903,56205,33488,33326,71241,54638
2023-07-03T02:00:00Z,130994,94484,68460,50327,36510,35386,35209,55466,37277
2023-07-03T03:00:00Z,123191,91316,64306,49427,31875,34252,34081,46570,28991
2023-07-03T04:00:00Z,121471,87951,63167,48618,33520,31086,30916,44197,28505
2023-07-03T05:00:00Z,130368,97501,69157,53082,32867,35433,35262,48998,31286
2023-07-03T06:00:00Z,156741,119616,83027,62140,37125,45682,45472,63295,40604
2023-07-03T07:00:00Z,171518,138974,85122,70062,32544,51859,51637,63691,38536
2023-07-03T08:00:00Z,184041,148914,90301,74396,35127,55730,55446,68264,42079
2023-07-03T09:00:00Z,185783,151733,90840,75248,34050,56705,56455,68626,42192
2023-07-03T10:00:00Z,178589,142602,87953,71361,35987,52974,52700,67499,42426
2023-07-03T11:00:00Z,180116,144580,89752,74391,35536,53691,53439,65513,41400
2023-07-03T12:00:00Z,201110,140202,116160,72558,60908,55977,55705,92350,67397
2023-07-03T13:00:00Z,212441,160175,116106,82208,52266,62244,61939,93486,66947
2023-07-03T14:00:00Z,198882,167376,100132,86262,31506,64556,64271,76407,49121
2023-07-03T15:00:00Z,191593,158556,97185,81413,33037,59903,59652,73551,47777
2023-07-03T16:00:00Z,186148,151445,96712,80495,34703,57115,56853,70834,46988
2023-07-03T17:00:00Z,179064,144969,93813,78809,34095,53073,52793,66281,44161
2023-07-03T18:00:00Z,184362,142013,98444,75628,42349,50727,50496,71184,49532
2023-07-03T19:00:00Z,168500,133247,89807,73447,35253,47882,47656,61631,41786
2023-07-03T20:00:00Z,166120,126866,89062,70370,39254,44494,44253,60001,41915
2023-07-03T21:00:00Z,150213,115077,80309,64066,35136,39051,38828,51562,35344
2023-07-03T22:00:00Z,136052,100419,76799,61217,35633,33437,33247,45761,31739
2023-07-03T23:00:00Z,122424,92775,69227,54818,29649,32796,32626,44416,31326
2023-07-04T00:00:00Z,130137,92585,79267,54804,37552,33322,33117,57959,44021
2023-07-04T01:00:00Z,143892,94896,91744,54516,48996,37647,37441,74489,58124
2023-07-04T02:00:00Z,136552,106463,78318,59396,30089,40696,40526,60803,42035
2023-07-04T03:00:00Z,121693,97282,66747,52348,24411,36923,36729,48675,30856
2023-07-04T05:00:00Z,135190,108857,73412,58155,26333,38716,38526,52465,33683
2023-07-04T06:00:00Z,162646,130811,86377,66374,31835,49519,49266,66915,42961
2023-07-04T07:00:00Z,173319,148065,87923,73894,25254,56219,55924,66595,41255
2023-07-04T08:00:00Z,172830,146861,87739,73775,25969,57143,56853,68384,43038
2023-07-04T09:00:00Z,184883,157537,92862,78315,27346,59559,59274,70415,44036
2023-07-04T10:00:00Z,182679,154304,93987,78179,28375,56014,55745,69011,45394
2023-07-04T11:00:00Z,186381,159499,96775,82405,26882,56608,56353,67601,43687
2023-07-04T12:00:00Z,219887,159535,130646,82591,60352,59478,59204,97302,72241
2023-07-04T13:00:00Z,206549,163774,116694,85440,42775,62969,62702,91883,65969
2023-07-04T14:00:00Z,197620,172582,105221,91459,25038,66003,65742,76710,50203
2023-07-04T15:00:00Z,194899,165900,103820,87308,28999,61711,61437,74806,49947
2023-07-04T16:00:00Z,182172,152876,98254,82619,29296,57019,56759,71814,47882
2023-07-04T17:00:00Z,169186,144018,94859,80742,25168,52077,51863,64755,43276
2023-07-04T18:00:00Z,170613,137193,100037,78336,33420,49632,49402,68707,48698
2023-07-04T19:00:00Z,153627,128037,88552,73683,25590,45832,45602,58342,39461
2023-07-04T20:00:00Z,142277,116821,84961,68483,25456,42882,42641,56648,39493
2023-07-04T21:00:00Z,131393,106058,77359,62727,25335,37444,37266,49413,34103
2023-07-04T22:00:00Z,119734,95606,71813,57566,24128,32579,32397,44252,30760
2023-07-04T23:00:00Z,108877,88571,67711,54480,20306,31820,31666,42027,30094
2023-07-05T00:00:00Z,127778,92302,80505,56732,35476,32509,32335,57696,43953
2023-07-05T01:00:00Z,153013,104864,93678,56443,48149,36881,36714,74166,57664
2023-07-05T02:00:00Z,128046,101388,73372,56134,26658,38007,37840,56775,38386
2023-07-05T03:00:00Z,122874,99182,66295,52283,23692,36843,36647,49409,30688
2023-07-05T04:00:00Z,114451,91328,64928,50986,23123,33653,33429,45817,29870
2023-07-05T05:00:00Z,115625,94278,70553,55670,21347,37502,37335,49962,32544
2023-07-05T06:00:00Z,149970,122035,83644,64251,27935,48225,48007,64364,41759
2023-07-05T07:00:00Z,172311,149114,86863,73556,23197,55634,55395,65563,40181
2023-07-05T08:00:00Z,185895,159827,93770,79243,26068,59670,59433,71220,44249
2023-07-05T09:00:00Z,188300,161900,95500,81203,26400,60819,60537,71570,44408
2023-07-05T10:00:00Z,183609,155669,96355,80507,27940,56784,56514,69901,45291
2023-07-05T11:00:00Z,182214,156939,96303,82506,25275,57215,56956,67336,43108
2023-07-05T12:00:00Z,220672,162071,132733,85670,58601,61454,61169,99448,73966
2023-07-05T13:00:00Z,212904,167661,118831,86754,45243,64508,64225,94012,66103
2023-07-05T14:00:00Z,199512,169750,103266,89034,29762,66938,66613,78891,50311
2023-07-05T15:00:00Z,184356,153958,95672,80247,30398,60907,60605,73604,47159
2023-07-05T16:00:00Z,186792,157202,98795,84351,29590,58861,58549,72277,47292
2023-07-05T17:00:00Z,187432,159963,99060,85085,27469,56789,56511,69150,45260
2023-07-05T18:00:00Z,193323,159190,106133,84879,34133,55085,54794,73530,51399
2023-07-05T19:00:00Z,180129,152406,96615,81686,27723,51694,51420,63208,42660
2023-07-05T20:00:00Z,184056,146739,96901,80047,37317,49526,49237,65732,43475
2023-07-05T21:00:00Z,175661,135502,90175,75403,40159,44309,44056,60609,38103
2023-07-05T22:00:00Z,152954,121744,83036,68438,31210,38496,38266,52301,34898
2023-07-05T23:00:00Z,142216,112544,78074,64344,29672,36738,36499,50507,33504
2023-07-06T00:00:00Z,159623,118050,87940,63867,41573,36386,36157,62617,46119
2023-07-06T01:00:00Z,163858,115082,96955,61215,48776,39105,38856,75416,58012
2023-07-06T02:00:00Z,143968,113062,80212,61954,30906,41083,40862,61582,42043
2023-07-06T03:00:00Z,130539,105448,70621,56606,25091,39123,38912,52062,33116
2023-07-06T04:00:00Z,125219,100654,70215,56727,24565,35407,35205,47932,31454
2023-07-06T05:00:00Z,141538,115390,77415,62517,26148,39621,39431,54098,34529
2023-07-06T06:00:00Z,165437,133680,88648,68978,31757,49183,48954,67969,43776
2023-07-06T07:00:00Z,183355,156478,89793,75702,26877,56079,55820,69135,41541
2023-07-06T08:00:00Z,186694,158668,94600,79645,28026,59600,59315,72300,45008
2023-07-06T09:00:00Z,190856,162615,96855,81480,28241,60326,60047,72199,44886
2023-07-06T10:00:00Z,184903,155078,97540,80641,29825,55747,55470,69814,45473
2023-07-06T11:00:00Z,183392,154676,94957,79801,28716,55697,55450,67171,43521
2023-07-06T12:00:00Z,221511,159566,133065,84786,61945,59722,59450,98893,73430
2023-07-06T13:00:00Z,211519,165952,118742,86057,45567,63823,63553,94876,67714
2023-07-06T14:00:00Z,195031,168551,102742,88871,26480,65314,65044,77797,50056
2023-07-06T15:00:00Z,177128,149383,93547,78829,27745,59546,59267,72706,47079
2023-07-06T16:00:00Z,178844,150209,94975,80308,28635,57502,57169,70903,46809
2023-07-06T17:00:00Z,183375,153296,96618,81791,30079,55125,54876,69063,44870
2023-07-06T18:00:00Z,188316,151600,105507,82963,36716,53417,53149,72978,50824
2023-07-06T19:00:00Z,176157,146014,97342,81772,30143,50475,50214,62584,42443
2023-07-06T20:00:00Z,177603,144027,98532,80375,33576,48066,47796,63151,43831
2023-07-06T21:00:00Z,173580,127395,89215,73988,46185,42654,42407,62583,37524
2023-07-06T22:00:00Z,145536,112497,81010,66148,33039,37203,36969,52068,34107
2023-07-06T23:00:00Z,133471,104315,76456,62063,29156,35526,35314,48692,33647
2023-07-07T00:00:00Z,146250,107294,86627,62878,38956,35746,35508,61446,45642
2023-07-07T01:00:00Z,162409,112411,98343,60706,49998,38832,38617,77531,59596
2023-07-07T02:00:00Z,142950,110656,79487,60722,32294,39600,39407,61636,41085
2023-07-07T03:00:00Z,132906,106257,73135,58246,26649,38221,38033,52189,32686
2023-07-07T04:00:00Z,122460,95862,67044,52898,26598,33925,33737,47374,30179
2023-07-07T05:00:00Z,135879,108075,74747,58634,27804,38061,37878,53046,33625
2023-07-07T06:00:00Z,162436,130248,87006,66584,32188,47372,47149,65850,42174
2023-07-07T07:00:00Z,166071,140840,84679,70745,25231,52282,52037,63675,38813
2023-07-07T08:00:00Z,182735,154912,92987,78246,27823,56648,56374,68799,42902
2023-07-07T09:00:00Z,184245,156873,93948,79048,27372,57419,57173,68142,43237
2023-07-07T10:00:00Z,171873,142454,91610,75062,29419,52488,52226,66234,43561
2023-07-07T11:00:00Z,172712,146207,92083,77599,26505,51080,50826,62556,40732
2023-07-07T12:00:00Z,202620,139853,125264,75691,62767,53064,52807,91309,68526
2023-07-07T13:00:00Z,198938,155674,114780,82101,43264,58770,58502,88214,63861
2023-07-07T14:00:00Z,191777,166911,101200,87138,24866,62656,62373,73923,48469
2023-07-07T15:00:00Z,180017,154156,97066,82008,25861,58099,57812,70723,46953
2023-07-07T16:00:00Z,185581,159629,95254,80737,25952,55070,54780,68842,45518
2023-07-07T17:00:00Z,170563,145920,91010,77432,24643,51882,51634,63969,42220
2023-07-07T18:00:00Z,176659,144674,97628,76861,31985,49831,49575,68456,48014
2023-07-07T19:00:00Z,156731,132137,86875,72739,24594,46405,46162,58235,38840
2023-07-07T20:00:00Z,155419,127092,87879,70766,28327,44108,43849,58965,40326
2023-07-07T21:00:00Z,150937,112962,77177,62974,37975,38589,38354,54503,34225
2023-07-07T22:00:00Z,134769,101272,71090,57012,33497,33663,33426,49245,31255
2023-07-07T23:00:00Z,121677,91181,66910,53346,30496,31220,31043,46495,29931
2023-07-08T00:00:00Z,125198,86245,74283,50400,38953,28831,28623,56047,41616
2023-07-08T01:00:00Z,129679,79696,85469,47908,49983,28331,28145,68687,54690
2023-07-08T02:00:00Z,106483,78207,63492,45311,28276,26795,26622,48400,34127
2023-07-08T03:00:00Z,100217,78286,58280,44365,21931,26643,26490,40156,25975
2023-07-08T04:00:00Z,102473,81492,59407,46101,20981,26767,26609,41092,26527
2023-07-08T05:00:00Z,105750,81734,60291,45201,24016,27674,27533,42562,27059
2023-07-08T06:00:00Z,114837,88002,69016,49180,26835,30955,30801,49255,33346
2023-07-08T07:00:00Z,113711,94081,65592,52820,19630,33050,32904,45455,28407
2023-07-08T08:00:00Z,121424,100570,68650,54903,20854,34865,34686,49398,30569
2023-07-08T09:00:00Z,120380,100118,66920,53865,20262,35407,35265,48398,29664
2023-07-08T10:00:00Z,123717,101393,71536,56588,22324,35637,35492,50158,32262
2023-07-08T11:00:00Z,120046,101272,68771,56476,18774,35659,35516,47367,29759
2023-07-08T12:00:00Z,176679,105609,121759,59145,71070,38739,38580,81316,62039
2023-07-08T13:00:00Z,155869,112270,95122,61269,43599,40843,40696,75464,54426
2023-07-08T14:00:00Z,140970,120382,79447,66811,20588,43910,43758,56979,36291
2023-07-08T15:00:00Z,141982,118887,81597,66639,23095,43276,43124,58255,37432
2023-07-08T16:00:00Z,139028,117151,79491,65522,21877,41934,41761,56297,36996
2023-07-08T17:00:00Z,132127,113053,76229,64065,19074,39949,39767,52658,34054
2023-07-08T18:00:00Z,135816,108002,83655,63110,27814,37870,37698,56984,39928
2023-07-08T19:00:00Z,120162,99603,69663,56692,20559,34295,34151,46830,30189
2023-07-08T20:00:00Z,115337,93433,69574,54144,21904,32164,32018,46091,31469
2023-07-08T21:00:00Z,123873,102319,61906,48465,21554,28980,28850,41026,27171
2023-07-08T22:00:00Z,98480,78034,60516,46970,20446,25516,25392,36424,24724
2023-07-08T23:00:00Z,90145,71651,56671,44101,18494,24797,24667,34798,24814
2023-07-09T00:00:00Z,103066,72021,63084,40962,31045,23152,22976,46046,35542
2023-07-09T01:00:00Z,109773,67471,75101,40816,42302,24079,23917,60019,48690
2023-07-09T02:00:00Z,98333,70792,62680,42243,27541,24069,23934,47306,35035
2023-07-09T03:00:00Z,93382,73273,55760,42462,20109,24389,24247,37723,25101
2023-07-09T04:00:00Z,93552,72558,57389,43693,20994,24556,24413,36171,24651
2023-07-09T05:00:00Z,102371,78115,61557,47015,24256,25878,25745,38891,26247
2023-07-09T06:00:00Z,112938,85404,71223,51643,27534,29003,28859,45999,32340
2023-07-09T07:00:00Z,107859,88637,64676,51510,19222,31296,31159,41646,27563
2023-07-09T08:00:00Z,126294,105733,71678,57117,20561,33510,33361,45291,30003
2023-07-09T09:00:00Z,118173,97047,70623,56391,21126,34592,34455,46299,30632
2023-07-09T10:00:00Z,122028,95539,71488,55467,26489,34990,34847,49992,32880
2023-07-09T11:00:00Z,121783,99094,71455,57461,22689,35825,35670,47765,31507
2023-07-09T12:00:00Z,178052,105723,125983,61720,72329,38911,38708,80938,63790
2023-07-09T13:00:00Z,157226,114310,100914,65778,42916,42180,42012,74694,56573
2023-07-09T14:00:00Z,144839,123948,85453,71667,20891,45475,45290,57204,37949
2023-07-09T15:00:00Z,148003,123255,90064,73855,24748,44984,44823,58812,39634
2023-07-09T16:00:00Z,143123,120904,87550,73139,22219,43627,43478,56792,38639
2023-07-09T17:00:00Z,138970,119256,85643,73448,19714,41236,41094,52241,35291
2023-07-09T18:00:00Z,143364,113694,90229,68753,29670,39259,39123,57642,41614
2023-07-09T19:00:00Z,129770,107226,80577,66713,22544,35794,35657,46947,32305
2023-07-09T20:00:00Z,124938,101481,79473,63068,23457,34060,33918,46567,33153
2023-07-09T21:00:00Z,115874,92709,70364,56856,23165,30680,30545,41858,28809
2023-07-09T22:00:00Z,101602,78378,60208,47319,23224,27317,27174,38935,26772
2023-07-09T23:00:00Z,99257,77828,60784,48576,21429,27231,27107,38372,27105
2023-07-10T00:00:00Z,126270,83262,76684,51822,43008,28660,28475,56575,43395
2023-07-10T01:00:00Z,156347,95637,95988,58373,60710,34209,34028,75117,56978
2023-07-10T02:00:00Z,138391,98792,75096,56151,39599,36292,36106,57612,38726
2023-07-10T03:00:00Z,135159,99753,71523,56507,35406,35868,35686,49830,31013
2023-07-10T04:00:00Z,134229,94915,68985,54680,39314,32940,32742,47358,29807
2023-07-10T05:00:00Z,144594,106721,76026,60353,37873,37442,37253,51954,33084
2023-07-10T06:00:00Z,170894,132766,89291,69279,38128,47249,47042,65157,42193
2023-07-10T07:00:00Z,174460,144129,86769,73394,30331,52735,52487,63581,39134
2023-07-10T08:00:00Z,174828,145252,85864,72541,29576,54890,54644,66445,41079
2023-07-10T09:00:00Z,186451,154374,94069,79479,32077,58235,57983,68161,42592
2023-07-10T10:00:00Z,184394,150152,95505,79605,34242,54845,54568,67983,44407
2023-07-10T11:00:00Z,178882,147024,91718,77792,31858,54368,54057,64568,41216
2023-07-10T12:00:00Z,213589,151731,127248,80815,61858,57740,57424,94092,69734
2023-07-10T13:00:00Z,194815,150145,108740,79367,44670,60633,60310,87410,62007
2023-07-10T14:00:00Z,192045,164143,100298,87909,27902,64343,64044,75188,48554
2023-07-10T15:00:00Z,179011,151248,92326,79363,27763,60535,60252,71889,46192
2023-07-10T16:00:00Z,181758,151402,94795,81983,30356,58950,58647,70889,46375
2023-07-10T17:00:00Z,181298,146083,94556,80762,35215,55664,55384,68481,44807
2023-07-10T18:00:00Z,189370,147292,101657,81868,42078,53563,53309,72116,49593
2023-07-10T19:00:00Z,184036,144839,96950,81559,39197,51681,51417,65330,43840
2023-07-10T20:00:00Z,187612,142846,102225,83466,44766,50077,49812,66939,46496
2023-07-10T21:00:00Z,175231,135661,97484,80876,39570,45571,45348,58168,39892
2023-07-10T22:00:00Z,161762,121045,90272,73794,40717,39354,39114,53296,36417
2023-07-10T23:00:00Z,152427,111270,84791,68617,41157,37472,37245,52339,35319
2023-07-11T00:00:00Z,166737,110106,97095,67370,56631,37800,37541,71895,52731
2023-07-11T01:00:00Z,166635,108136,98138,62768,58499,40285,40020,78912,58138
2023-07-11T02:00:00Z,159682,115637,88229,66025,44045,42083,41845,67237,45226
2023-07-11T03:00:00Z,142926,107834,72880,57893,35092,39834,39585,54699,33151
2023-07-11T04:00:00Z,132108,100967,71016,56271,31141,36589,36378,50135,32362
2023-07-11T05:00:00Z,151935,116233,78711,62012,35702,41593,41383,57300,36217
2023-07-11T06:00:00Z,188447,149391,90786,69866,39056,49952,49730,68362,44450
2023-07-11T07:00:00Z,176088,144961,85801,71452,31127,54114,53876,66650,40242
2023-07-11T08:00:00Z,175390,144629,89334,74760,30761,57170,56839,68823,42775
2023-07-11T09:00:00Z,193858,158446,94511,79363,35412,59238,58935,72731,44680
2023-07-11T10:00:00Z,192035,158441,90947,75214,33594,54698,54426,68583,44257
2023-07-11T11:00:00Z,187089,151824,95833,80581,35265,56741,56472,68808,43557
2023-07-11T12:00:00Z,218548,152913,129119,81446,65635,59426,59094,97559,71952
2023-07-11T13:00:00Z,198937,153337,107974,78440,45600,62217,61901,89167,62832
2023-07-11T14:00:00Z,197931,166530,101278,87488,31401,66513,66211,77182,49738
2023-07-11T15:00:00Z,174405,145376,89368,75947,29029,59855,59568,71625,46146
2023-07-11T16:00:00Z,184227,152983,96460,82514,31244,58626,58298,71852,47267
2023-07-11T17:00:00Z,184670,153129,96848,83166,31541,56724,56470,69067,45120
2023-07-11T18:00:00Z,183034,145968,99868,79835,37066,53410,53129,71787,49640
2023-07-11T19:00:00Z,180178,152641,96689,82644,27537,50891,50657,62673,42073
2023-07-11T20:00:00Z,176836,144725,99911,82678,32111,49262,48965,63581,43740
2023-07-11T21:00:00Z,162288,130078,88811,74198,32210,44035,43785,56715,37869
2023-07-11T22:00:00Z,142486,110601,79041,65047,31885,37491,37278,50618,33670
2023-07-11T23:00:00Z,135701,101792,75699,61537,33909,35844,35632,50108,33336
2023-07-12T00:00:00Z,146535,101945,86151,60667,44590,35994,35745,64231,47158
2023-07-12T01:00:00Z,160238,104701,97800,59816,55537,39568,39321,80113,60555
2023-07-12T02:00:00Z,147119,109073,78710,59427,38046,40886,40658,63590,42130
2023-07-12T03:00:00Z,133518,102918,70420,55748,30600,38762,38547,52802,32610
2023-07-12T04:00:00Z,126234,97668,68462,54656,28566,35220,35033,48756,31285
2023-07-12T05:00:00Z,153368,122040,73676,58147,31328,39407,39187,54201,33983
2023-07-12T06:00:00Z,166974,131992,88075,68160,34982,49236,48987,67124,43054
2023-07-12T07:00:00Z,172047,144437,86361,72695,27610,53938,53654,64930,39693
2023-07-12T08:00:00Z,172905,144889,84825,70997,28016,56448,56188,67619,42028
2023-07-12T09:00:00Z,188672,158627,90822,76686,30045,58389,58132,69770,42846
2023-07-12T10:00:00Z,183425,152123,89617,74130,31302,54946,54684,68509,43965
2023-07-12T11:00:00Z,180564,151327,91114,77473,29237,55082,54793,66593,41891
2023-07-12T12:00:00Z,228104,164796,126541,79060,63308,57641,57308,95391,70196
2023-07-12T13:00:00Z,211560,164253,114842,82810,47307,63315,62994,92833,66211
2023-07-12T14:00:00Z,208482,181000,95495,83073,27482,65129,64825,76037,48987
2023-07-12T15:00:00Z,179487,149773,90455,76593,29714,60011,59745,72558,46307
2023-07-12T16:00:00Z,176872,148000,91495,77652,28872,56360,56072,68955,45032
2023-07-12T17:00:00Z,182397,151271,93463,79627,31126,54881,54596,68621,44249
2023-07-12T18:00:00Z,188796,148610,100034,78825,40186,53078,52822,72930,50101
2023-07-12T19:00:00Z,177140,144298,89937,75104,32842,49422,49167,62501,41049
2023-07-12T20:00:00Z,174017,138990,92412,74932,35027,47467,47179,62383,42401
2023-07-12T21:00:00Z,154831,122227,82936,67529,32604,42186,41958,54232,36765
2023-07-12T22:00:00Z,138896,106920,73317,58937,31976,36218,36000,49132,32723
2023-07-12T23:00:00Z,130587,99361,69658,55981,31226,34925,34700,48244,32034
2023-07-13T00:00:00Z,144228,97799,81329,56048,46429,34782,34521,62245,46324
2023-07-13T01:00:00Z,160099,103354,93622,56742,56745,38604,38378,78203,59000
2023-07-13T02:00:00Z,145545,107985,78493,59242,37560,39645,39443,62304,42088
2023-07-13T03:00:00Z,134515,103329,71163,56501,31186,38131,37919,51922,32483
2023-07-13T04:00:00Z,130414,98003,68294,54104,32411,35100,34901,48640,31186
2023-07-13T05:00:00Z,143431,110009,74453,58997,33422,39235,39034,53918,34456
2023-07-13T06:00:00Z,173402,135648,89499,69607,37754,48523,48300,67211,43105
2023-07-13T07:00:00Z,178806,146922,86427,72487,31884,54463,54220,66571,40098
2023-07-13T08:00:00Z,191883,158714,93087,78252,33169,58366,58098,71005,44231
2023-07-13T09:00:00Z,187483,155219,89752,75621,32264,58412,58148,70622,42659
2023-07-13T10:00:00Z,185875,150430,93989,77740,35445,54765,54479,68696,44339
2023-07-13T11:00:00Z,177419,145547,89414,76411,31872,53887,53653,65318,41023
2023-07-13T12:00:00Z,215253,152706,122852,77172,62547,56941,56670,94514,69648
2023-07-13T13:00:00Z,183844,141308,100566,73418,42536,57690,57389,83892,58687
2023-07-13T14:00:00Z,182938,156168,88811,76744,26770,60952,60667,71135,45379
2023-07-13T15:00:00Z,170585,142294,85329,71887,28291,57156,56861,67706,43750
2023-07-13T16:00:00Z,163834,136230,85148,72348,27604,54189,53900,65439,42932
2023-07-13T17:00:00Z,175508,144835,90013,76683,30673,53916,53653,65314,42708
2023-07-13T18:00:00Z,176558,138132,96060,75312,38426,51312,51055,70010,48491
2023-07-13T19:00:00Z,169429,136617,90289,75033,32812,49155,48878,61662,41419
2023-07-13T20:00:00Z,168668,133188,91594,73658,35480,47424,47136,61833,42550
2023-07-13T21:00:00Z,155857,121714,83864,68191,34143,41951,41703,54455,36559
2023-07-13T22:00:00Z,139568,106541,76577,61652,33027,36241,35981,48952,33292
2023-07-13T23:00:00Z,127274,97722,70772,57145,29552,34416,34166,45746,31935
2023-07-14T00:00:00Z,138468,96505,81099,56471,41963,34122,33901,60629,45571
2023-07-14T01:00:00Z,156411,101837,96821,59020,54574,38123,37896,77027,59553
2023-07-14T02:00:00Z,142725,106843,79890,59882,35882,39713,39507,60785,41935
2023-07-14T03:00:00Z,132701,103167,72833,58016,29534,37201,36997,49828,31969
2023-07-14T04:00:00Z,123019,94510,68094,54187,28509,33593,33406,45487,30137
2023-07-14T05:00:00Z,138846,106390,73025,57270,32456,37129,36953,52715,32748
2023-07-14T06:00:00Z,164426,127259,88381,68063,37167,46111,45845,64893,42254
2023-07-14T07:00:00Z,167564,137109,86647,72111,30455,50825,50585,62205,38087
2023-07-14T08:00:00Z,178687,146221,90534,74865,32466,54045,53805,66673,42048
2023-07-14T09:00:00Z,181761,149084,90788,75241,32677,54657,54414,66590,41974
2023-07-14T10:00:00Z,182580,147876,90839,73753,34704,51082,50794,64695,42397
2023-07-14T11:00:00Z,167626,135892,86775,71782,31734,49454,49220,60533,39181
2023-07-14T12:00:00Z,210785,139282,128780,75073,71503,51924,51666,91319,69415
2023-07-14T13:00:00Z,207257,155352,117898,82996,51905,56935,56679,87790,64146
2023-07-14T14:00:00Z,193516,162228,99854,85097,31288,59718,59459,70231,46413
2023-07-14T15:00:00Z,187474,154506,99296,82842,32968,56642,56372,69039,46113
2023-07-14T16:00:00Z,187694,153184,94292,78115,34510,52584,52305,66325,44628
2023-07-14T17:00:00Z,172978,140598,91921,76703,32380,49665,49418,62195,41762
2023-07-14T18:00:00Z,189872,149562,99699,77419,40310,47782,47536,65651,46655
2023-07-14T19:00:00Z,163707,129576,86880,70916,34131,43565,43307,56062,37940
2023-07-14T20:00:00Z,155020,121310,85155,67448,33710,41315,41067,55161,38545
2023-07-14T21:00:00Z,139433,108041,76841,61574,31392,36225,36014,48454,33358
2023-07-14T22:00:00Z,131036,97502,71938,57022,33534,30807,30616,42777,29341
2023-07-14T23:00:00Z,120160,91088,66437,53163,29072,29191,29010,40005,28426
2023-07-15T00:00:00Z,125411,78714,75349,49801,46697,26177,25956,52602,40350
2023-07-15T01:00:00Z,137852,76772,84247,47463,61080,26062,25869,66120,52399
2023-07-15T02:00:00Z,106438,74643,62536,45127,31795,24927,24757,44185,32348
2023-07-15T03:00:00Z,99510,72621,58006,43504,26889,24658,24508,36899,25047
2023-07-15T04:00:00Z,99690,74298,57819,44259,25392,24721,24562,36200,24386
2023-07-15T05:00:00Z,105425,78369,61828,46835,27056,25874,25739,38691,26268
2023-07-15T06:00:00Z,115025,83131,68273,48480,31894,28890,28744,45868,31946
2023-07-15T07:00:00Z,113941,88489,65003,51564,25452,31287,31137,42360,27721
2023-07-15T08:00:00Z,121933,97468,66277,52771,24465,32888,32736,44228,28774
2023-07-15T09:00:00Z,120024,93027,67640,53693,26997,33170,33010,44334,29022
2023-07-15T10:00:00Z,118459,90710,68920,53737,27749,33021,32844,46097,31248
2023-07-15T11:00:00Z,120443,97244,68821,56350,23199,34291,34142,44516,29209
2023-07-15T12:00:00Z,176989,101317,123959,61211,75672,36066,35893,76539,60429
2023-07-15T13:00:00Z,155431,108665,97483,62842,46766,38470,38301,70390,53426
2023-07-15T14:00:00Z,135893,115408,80257,67267,20485,41930,41772,52912,35285
2023-07-15T15:00:00Z,138221,114688,82429,66509,23533,41613,41432,54898,37683
2023-07-15T16:00:00Z,135856,115213,79324,65533,20643,40419,40232,52542,35833
2023-07-15T17:00:00Z,129716,110865,77421,65152,18851,37914,37765,48211,32745
2023-07-15T18:00:00Z,128946,101405,82580,61891,27541,36358,36208,53503,39146
2023-07-15T19:00:00Z,112393,93164,70714,57670,19229,32257,32091,42025,29372
2023-07-15T20:00:00Z,106384,85658,68507,53132,20726,29950,29808,41544,30106
2023-07-15T21:00:00Z,98327,78577,62254,48816,19750,26663,26530,36650,25992
2023-07-15T22:00:00Z,90157,71230,57470,44596,18927,23640,23507,33780,23804
2023-07-15T23:00:00Z,84184,67485,56111,44059,16699,23277,23131,32442,24081
2023-07-16T00:00:00Z,93834,64385,60823,40672,29449,21998,21827,42727,33368
2023-07-16T01:00:00Z,109772,70533,74255,42978,39239,22903,22739,55201,45068
2023-07-16T02:00:00Z,98295,69863,65941,44495,28432,23132,22993,45910,35581
2023-07-16T03:00:00Z,89206,69315,54285,41157,19891,23218,23090,34848,24031
2023-07-16T04:00:00Z,91403,72822,57308,44403,18581,23551,23408,34064,23439
2023-07-16T05:00:00Z,93684,73437,58439,43909,20247,25039,24912,37005,25474
2023-07-16T06:00:00Z,110130,84813,70147,50502,25317,27990,27805,44664,31402
2023-07-16T07:00:00Z,109085,90107,66357,53057,18978,30413,30261,40828,26951
2023-07-16T08:00:00Z,113930,94144,68618,54717,19786,32810,32637,43760,29060
2023-07-16T09:00:00Z,117118,96693,70419,56414,20425,33977,33819,44477,29596
2023-07-16T10:00:00Z,116428,94505,70815,55219,21923,34250,34100,46564,32006
2023-07-16T11:00:00Z,118360,99413,71675,58346,18947,35151,35008,44724,30035
2023-07-16T12:00:00Z,178021,107294,126488,62724,70727,38090,37921,78981,62061
2023-07-16T13:00:00Z,155104,113503,101356,66628,41601,40923,40779,72508,55408
2023-07-16T14:00:00Z,143806,122796,86546,72559,21010,44630,44481,55853,37550
2023-07-16T15:00:00Z,146601,122983,87494,71496,23618,44123,43945,57746,39226
2023-07-16T16:00:00Z,140643,119252,83929,69689,21391,42097,41896,54795,37227
2023-07-16T17:00:00Z,135930,115126,80469,67094,20804,40164,39996,50653,34770
2023-07-16T18:00:00Z,136779,107643,85948,64812,29136,38401,38213,55766,40588
2023-07-16T19:00:00Z,122175,101265,75440,61650,20910,35261,35111,45071,31599
2023-07-16T20:00:00Z,121075,97903,77033,60623,23172,33248,33089,45980,32799
2023-07-16T21:00:00Z,108704,88203,67949,54110,20501,30288,30130,40329,28403
2023-07-16T22:00:00Z,97948,78112,61798,48420,19836,26188,26053,36372,25803
2023-07-16T23:00:00Z,95282,76382,61413,48590,18900,26487,26354,36129,26336
2023-07-17T00:00:00Z,116653,77361,69647,46881,39292,27692,27489,51858,39306
2023-07-17T01:00:00Z,146349,87703,85835,49999,58646,33353,33173,70431,54097
2023-07-17T02:00:00Z,135120,96577,72046,51918,38543,35894,35709,57747,39790
2023-07-17T03:00:00Z,130637,98321,68585,52828,32316,35248,35064,48036,30723
2023-07-17T04:00:00Z,127549,94559,68211,53417,32990,32580,32403,45136,29711
2023-07-17T05:00:00Z,139257,105778,74980,58420,33479,36949,36788,50629,32819
2023-07-17T06:00:00Z,165546,127812,87677,66802,37734,46519,46332,64543,42263
2023-07-17T07:00:00Z,180545,148267,91217,76405,32278,53166,52894,65123,40091
2023-07-17T08:00:00Z,185329,152941,93361,78156,32388,57287,56992,69223,43385
2023-07-17T09:00:00Z,188308,155998,94429,79200,32310,58414,58126,69256,43536
2023-07-17T10:00:00Z,177050,143387,89993,73912,33663,53133,52868,66629,43588
2023-07-17T11:00:00Z,184075,149694,94322,79106,34381,54297,54024,66388,42697
2023-07-17T12:00:00Z,215649,152127,126649,80418,63522,57661,57366,94510,70346
2023-07-17T13:00:00Z,198471,151988,108897,78208,46483,60410,60135,87424,62336
2023-07-17T14:00:00Z,186476,158643,94533,81791,27833,63314,63037,73443,47217
2023-07-17T15:00:00Z,181211,151370,90910,76583,29841,59615,59327,70675,46197
2023-07-17T16:00:00Z,177177,148851,92302,79020,28326,56657,56357,68588,45718
2023-07-17T17:00:00Z,183274,152585,97761,83146,30689,54992,54719,66745,44517
2023-07-17T18:00:00Z,181441,143185,99958,78347,38256,52803,52511,70301,49089
2023-07-17T19:00:00Z,167373,135739,90122,75139,31634,49313,49054,61137,41176
2023-07-17T20:00:00Z,169966,134647,94076,75767,35319,47890,47621,61651,43084
2023-07-17T21:00:00Z,158543,125833,88694,72605,32710,42689,42462,54321,37684
2023-07-17T22:00:00Z,146098,112310,81258,65251,33788,37194,36946,49126,34180
2023-07-17T23:00:00Z,130670,101370,75066,59502,29300,35243,35033,46657,33264
2023-07-18T00:00:00Z,127932,99872,73112,57413,28060,35176,34961,51111,36686
2023-07-18T01:00:00Z,157651,104239,101150,59309,53412,38975,38760,79944,63405
2023-07-18T02:00:00Z,146497,112964,83372,62143,33533,41023,40819,62701,43742
2023-07-18T03:00:00Z,131826,104487,73290,57236,27339,39049,38851,51012,33213
2023-07-18T04:00:00Z,126919,100871,72001,56657,26048,35449,35266,47411,31867
2023-07-18T05:00:00Z,137010,110511,77379,60555,26499,39576,39382,52490,34352
2023-07-18T06:00:00Z,160391,129304,88489,67906,31087,48356,48120,64593,42614
2023-07-18T07:00:00Z,154902,132121,80529,67301,22781,51515,51288,60940,37525
2023-07-18T08:00:00Z,167405,142302,87824,73401,25103,55683,55433,66045,41706
2023-07-18T09:00:00Z,178718,153290,89128,75131,25428,57804,57532,67498,42717
2023-07-18T10:00:00Z,173364,145290,92004,75816,28074,54449,54191,66000,43453
2023-07-18T11:00:00Z,166167,140533,88531,74210,25634,53384,53131,63026,40764
2023-07-18T12:00:00Z,195745,136781,121402,72622,58964,55722,55475,91809,68727
2023-07-18T13:00:00Z,185926,147128,105764,77527,38798,59722,59455,84269,59904
2023-07-18T14:00:00Z,177716,154271,94020,81325,23445,63853,63568,72589,47164
2023-07-18T15:00:00Z,165042,141671,87628,74360,23371,59005,58722,69337,45064
2023-07-18T16:00:00Z,167030,144700,89282,76898,22330,57120,56817,67701,44428
2023-07-18T17:00:00Z,171914,148230,90468,78022,23684,54154,53901,65037,42510
2023-07-18T18:00:00Z,171837,141345,96503,77536,30492,52328,52039,68442,47730
2023-07-18T19:00:00Z,162602,136920,90440,76832,25682,49709,49440,60529,40910
2023-07-18T20:00:00Z,171431,130074,91021,74626,41357,47298,47021,66002,41729
2023-07-18T21:00:00Z,161914,122797,86001,70772,39117,42749,42507,59029,37547
2023-07-18T22:00:00Z,147761,110804,81229,66138,36957,37639,37354,52704,34322
2023-07-18T23:00:00Z,136111,103554,76627,62265,32557,35832,35599,49167,33552
2023-07-19T00:00:00Z,129321,99790,72942,60139,29531,34603,34364,50161,34193
2023-07-19T01:00:00Z,142270,106638,83286,62468,35632,38594,38386,62176,43576
2023-07-19T02:00:00Z,162554,114767,100750,67781,47787,41824,41628,77345,57314
2023-07-19T03:00:00Z,141395,111074,76773,62044,30321,39140,38931,55932,36697
2023-07-19T04:00:00Z,130690,103403,73686,58749,27287,35362,35159,48625,31861
2023-07-19T05:00:00Z,146386,114242,80443,63946,32144,40015,39773,54969,34812
2023-07-19T06:00:00Z,171097,134857,93334,71698,36240,49707,49464,67411,44063
2023-07-19T07:00:00Z,175254,146450,91002,76110,28804,54735,54499,66070,40899
2023-07-19T08:00:00Z,181632,152347,93651,78184,29285,58129,57856,69349,43839
2023-07-19T09:00:00Z,168935,142862,87504,73891,26073,56377,56109,66579,41842
2023-07-19T10:00:00Z,177475,147226,95423,78609,30249,55270,54999,68610,45143
2023-07-19T11:00:00Z,184208,155762,98599,83611,28446,56082,55806,67002,43807
2023-07-19T12:00:00Z,227192,152754,143731,82251,74438,59052,58764,98393,74631
2023-07-19T13:00:00Z,195249,154252,111747,82225,40997,61629,61339,87659,62743
2023-07-19T14:00:00Z,177838,153115,92845,80394,24723,63607,63320,72772,47165
2023-07-19T15:00:00Z,170254,145511,91976,78288,24743,59388,59085,69773,45914
2023-07-19T16:00:00Z,167890,143643,90834,77830,24247,56824,56542,67616,44751
2023-07-19T17:00:00Z,181765,156223,95969,82843,25542,55886,55611,65649,43924
2023-07-19T18:00:00Z,183446,149471,102700,81762,33975,53223,52959,70173,49119
2023-07-19T19:00:00Z,177690,149771,96453,81698,27919,50839,50567,61773,41907
2023-07-19T20:00:00Z,166161,135967,94329,76843,30194,47758,47473,60679,42458
2023-07-19T21:00:00Z,153564,124840,85136,70220,28724,42470,42216,53790,36892
2023-07-19T22:00:00Z,138985,110900,79406,64712,28085,36487,36237,47949,32955
2023-07-19T23:00:00Z,126428,100764,73746,59770,25664,34719,34494,45603,31903
2023-07-20T00:00:00Z,147845,101292,91137,60549,46553,35226,34990,66831,52188
2023-07-20T01:00:00Z,154579,98967,98373,56097,55612,37690,37475,80790,63504
2023-07-20T02:00:00Z,137571,109702,77118,61525,27869,39548,39337,53855,35350
2023-07-20T03:00:00Z,135224,107296,73934,59346,27928,38415,38191,49953,31569
2023-07-20T04:00:00Z,135241,107175,74130,59130,28066,35599,35359,48187,31527
2023-07-20T05:00:00Z,143296,113554,80174,63718,29742,39261,39056,52767,34201
2023-07-20T06:00:00Z,169150,133715,92699,71243,35435,49167,48928,66395,43447
2023-07-20T07:00:00Z,173253,145422,89404,75248,27831,53976,53742,65293,40149
2023-07-20T08:00:00Z,184133,153625,96355,80573,30508,57795,57524,69490,43686
2023-07-20T09:00:00Z,192611,160861,98810,83422,31750,59183,58885,71427,44382
2023-07-20T10:00:00Z,191681,158653,102626,85917,33028,54735,54467,70660,44759
2023-07-20T11:00:00Z,196872,160298,98760,83447,36574,54827,54530,70287,42041
2023-07-20T12:00:00Z,235888,154900,141937,81692,80988,58479,58154,102115,73625
2023-07-20T13:00:00Z,208289,160431,111786,81681,47858,61529,61216,90472,62649
2023-07-20T14:00:00Z,175232,148747,90840,78375,26485,61152,60876,72128,46005
2023-07-20T15:00:00Z,183711,152371,94730,80561,31340,60183,59863,73579,46433
2023-07-20T16:00:00Z,203059,166691,107746,91613,36368,59493,59176,74564,48715
2023-07-20T17:00:00Z,196461,156058,100124,85253,40403,55555,55285,72023,45207
2023-07-20T18:00:00Z,186689,148385,105508,83677,38304,52075,51795,71271,49521
2023-07-20T19:00:00Z,169765,142841,95853,80534,26924,48652,48407,59712,41174
2023-07-20T20:00:00Z,168235,138695,98602,80642,29540,46453,46181,59368,42139
2023-07-20T21:00:00Z,150742,123900,87019,71309,26842,41266,41042,51759,36249
2023-07-20T22:00:00Z,131644,106089,76810,61943,25555,35156,34930,45450,32030
2023-07-20T23:00:00Z,123829,100656,74753,60988,23173,33779,33593,43709,31268
2023-07-21T00:00:00Z,146200,103336,93966,63710,42864,34275,34059,64647,50973
2023-07-21T01:00:00Z,153519,102696,102258,62052,50823,37093,36909,77396,61479
2023-07-21T02:00:00Z,132164,105031,76534,59621,27133,38169,37984,53480,36118
2023-07-21T03:00:00Z,128910,105897,74810,60589,23013,36599,36418,47038,30348
2023-07-21T04:00:00Z,123011,98798,72364,57639,24213,33402,33223,44731,30057
2023-07-21T05:00:00Z,135440,108878,75867,59767,26562,37202,37011,49870,32729
2023-07-21T06:00:00Z,168217,135950,90867,69059,32267,46827,46607,63455,42158
2023-07-21T07:00:00Z,170490,144574,90251,75304,25916,51475,51219,61987,38821
2023-07-21T08:00:00Z,173377,145970,92921,77134,27407,54113,53850,65590,41574
2023-07-21T09:00:00Z,184342,157615,100320,84936,26727,55790,55530,67262,42763
2023-07-21T10:00:00Z,177692,148077,95770,78308,29615,51797,51522,65163,42701
2023-07-21T11:00:00Z,171800,144793,95765,80055,27007,50109,49858,60102,39504
2023-07-21T12:00:00Z,228173,147831,149354,81664,80342,52392,52131,93016,71318
2023-07-21T13:00:00Z,191437,152545,110649,82005,38892,56031,55773,79744,57516
2023-07-21T14:00:00Z,192737,166067,103526,88521,26670,60949,60677,71055,47201
2023-07-21T15:00:00Z,184928,157977,101501,85074,26951,57338,57081,69327,46466
2023-07-21T16:00:00Z,175519,149080,96795,81706,26439,53819,53552,65634,44046
2023-07-21T17:00:00Z,166187,141712,92240,77610,24475,49588,49326,59803,40091
2023-07-21T18:00:00Z,168780,135911,97893,75445,32869,47469,47218,65177,46559
2023-07-21T19:00:00Z,150764,125625,85280,70196,25139,43396,43157,53166,36385
2023-07-21T20:00:00Z,149920,123199,88730,71122,26721,41066,40829,53135,37479
2023-07-21T21:00:00Z,137106,109545,80364,64187,27561,36175,35932,47055,32787
2023-07-21T22:00:00Z,127273,97649,75437,58518,29624,30769,30568,43327,30450
2023-07-21T23:00:00Z,110114,85268,68304,53150,24846,28249,28047,39079,28427
2023-07-22T00:00:00Z,124830,80628,80734,50213,44202,26653,26422,57338,45534
2023-07-22T01:00:00Z,128608,73407,89506,46130,55201,25769,25595,68018,56592
2023-07-22T02:00:00Z,105332,79121,65470,48215,26211,24698,24543,39829,27477
2023-07-22T03:00:00Z,103786,79768,64415,48381,24018,24972,24818,36366,24757
2023-07-22T04:00:00Z,102296,79023,63448,47530,23273,25319,25183,36809,25232
2023-07-22T05:00:00Z,108323,84441,66857,50082,23882,27137,26992,40216,27249
2023-07-22T06:00:00Z,119673,89054,74002,51669,30619,30168,30021,48123,33186
2023-07-22T07:00:00Z,123208,98935,68775,53680,24273,32337,32188,43981,28249
2023-07-22T08:00:00Z,120995,96580,72461,56047,24415,33357,33211,46038,29879
2023-07-22T09:00:00Z,124797,100303,73451,57810,24494,34224,34074,46820,29538
2023-07-22T10:00:00Z,124013,97150,74636,56987,26863,34226,34078,47653,31971
2023-07-22T11:00:00Z,121887,99422,72035,57956,22465,34880,34731,45616,29466
2023-07-22T12:00:00Z,193693,103393,142346,61278,90300,36905,36756,79967,62806
2023-07-22T13:00:00Z,155483,108781,100306,63417,46702,39502,39338,73647,55571
2023-07-22T14:00:00Z,139757,116717,83586,68084,23040,42196,42016,53616,35720
2023-07-22T15:00:00Z,151173,122264,89748,70685,28909,42403,42245,56963,38668
2023-07-22T16:00:00Z,143073,115594,86352,68606,27479,40619,40464,54388,37342
2023-07-22T17:00:00Z,132173,110580,80498,65843,21593,37978,37845,48753,32750
2023-07-22T18:00:00Z,138574,105894,89192,65154,32680,36024,35860,54550,39696
2023-07-22T19:00:00Z,120234,96523,74307,58807,23711,32138,31977,43092,29309
2023-07-22T20:00:00Z,114322,89541,73310,55721,24781,30088,29963,42479,30285
2023-07-22T21:00:00Z,103591,80955,65895,50441,22636,26920,26793,37060,26046
2023-07-22T22:00:00Z,92563,71347,60309,45488,21216,23653,23532,33325,23653
2023-07-22T23:00:00Z,87609,68087,58738,44376,19522,23140,23029,32548,23767
2023-07-23T00:00:00Z,102725,65127,69682,42103,37598,22136,21973,49027,39441
2023-07-23T01:00:00Z,112856,64607,80900,41613,48249,22791,22639,61649,51489
2023-07-23T02:00:00Z,96924,68270,63602,41927,28654,22234,22099,41671,31083
2023-07-23T03:00:00Z,90207,68435,56918,41833,21772,22949,22805,33532,22802
2023-07-23T04:00:00Z,93268,71347,58833,43377,21921,23621,23484,34354,23794
2023-07-23T05:00:00Z,101312,76626,63150,46153,24686,25185,25025,38024,26285
2023-07-23T06:00:00Z,116493,86092,74121,51226,30401,28358,28221,46206,33034
2023-07-23T07:00:00Z,113027,90766,67489,52139,22261,31023,30861,41917,27428
2023-07-23T08:00:00Z,117211,93735,72680,56016,23476,32929,32737,44870,30281
2023-07-23T09:00:00Z,123859,99626,74515,58244,24233,34357,34207,46585,30889
2023-07-23T10:00:00Z,127278,101745,78036,59971,25533,34829,34697,49380,33199
2023-07-23T11:00:00Z,126185,103981,77632,62515,22204,35538,35414,46525,31200
2023-07-23T12:00:00Z,196885,106138,146549,64284,90747,38411,38264,80739,64381
2023-07-23T13:00:00Z,159827,114395,106187,68639,45432,41560,41411,74548,56923
2023-07-23T14:00:00Z,144716,121134,88529,72614,23582,44551,44405,56139,37820
2023-07-23T15:00:00Z,148607,120873,90027,72153,27734,43710,43541,57623,39218
2023-07-23T16:00:00Z,144612,119243,88884,72502,25369,42126,41976,55466,37942
2023-07-23T17:00:00Z,131733,110647,80507,66145,21086,39526,39396,50838,34455
2023-07-23T18:00:00Z,138636,106710,88969,65412,31926,38066,37914,56843,41389
2023-07-23T19:00:00Z,124335,101014,76329,61051,23321,34818,34679,45880,31790
2023-07-23T20:00:00Z,119795,94920,76427,58810,24875,32602,32449,45728,32480
2023-07-23T21:00:00Z,110213,86188,68728,53205,24025,29329,29196,40572,28515
2023-07-23T22:00:00Z,102546,79709,64258,49342,22837,26105,25976,36995,26175
2023-07-23T23:00:00Z,95843,74534,62092,47726,21309,26475,26339,37164,26588
2023-07-24T00:00:00Z,127348,80800,78234,50081,46548,28547,28367,58553,45153
2023-07-24T01:00:00Z,149091,87778,91740,51347,61313,33737,33569,75047,58601
2023-07-24T02:00:00Z,130147,96885,72089,54967,33262,35458,35291,51173,33593
2023-07-24T03:00:00Z,130224,96810,71581,54346,33414,35096,34920,47338,29858
2023-07-24T04:00:00Z,130131,94921,73098,55586,35210,32495,32298,46698,30883
2023-07-24T05:00:00Z,148475,111729,80147,61340,36746,37775,37573,51554,33535
2023-07-24T06:00:00Z,169201,128817,92141,68480,40384,46430,46200,65366,43083
2023-07-24T07:00:00Z,179648,145710,94358,76888,33938,52977,52717,64259,40294
2023-07-24T08:00:00Z,180072,147836,92139,75941,32236,55635,55367,67677,42534
2023-07-24T09:00:00Z,189543,155704,97116,80067,33839,57766,57480,69386,44189
2023-07-24T10:00:00Z,187344,151814,98831,80621,35530,54458,54187,69094,45306
2023-07-24T11:00:00Z,186606,153804,97888,81649,32802,54634,54397,66623,43195
2023-07-24T12:00:00Z,232948,154119,144869,82367,78829,57970,57669,99416,74681
2023-07-24T13:00:00Z,213765,164389,120661,87889,49376,62178,61880,90721,65018
2023-07-24T14:00:00Z,195262,164662,102460,87741,30600,64579,64286,75814,49384
2023-07-24T15:00:00Z,179153,148379,95504,79599,30774,59287,58998,71817,46843
2023-07-24T16:00:00Z,185276,154518,96983,81246,30758,57477,57212,70902,47051
2023-07-24T17:00:00Z,178841,147509,95416,79997,31332,54053,53797,66526,43747
2023-07-24T18:00:00Z,178622,139874,98350,76474,38748,52417,52144,71216,49556
2023-07-24T19:00:00Z,174378,139696,94728,77680,34682,49648,49401,62755,42249
2023-07-24T20:00:00Z,176684,138562,97949,77907,38122,47981,47727,62794,43599
2023-07-24T21:00:00Z,162720,127146,90368,72252,35574,42929,42707,55825,38498
2023-07-24T22:00:00Z,147036,109600,80718,62545,37436,36553,36334,50199,34930
2023-07-24T23:00:00Z,137547,104528,79996,63248,33019,35675,35460,48330,34295
2023-07-25T00:00:00Z,154139,109883,92010,62370,44256,35968,35719,65743,50634
2023-07-25T02:00:00Z,145953,111718,85185,62707,34235,40216,39985,61792,43217
2023-07-25T04:00:00Z,130997,103465,76648,59368,27532,35491,35289,48626,32801
2023-07-25T05:00:00Z,146281,116041,81212,62716,30240,39887,39687,54253,35746
2023-07-25T06:00:00Z,168257,134083,93695,70319,34174,48915,48689,67121,44517
2023-07-25T07:00:00Z,178169,150092,94363,77651,28077,54974,54729,65574,41558
2023-07-25T08:00:00Z,184173,155593,96810,79485,28580,58638,58376,70213,45035
2023-07-25T09:00:00Z,178854,151101,92692,76864,27753,57463,57205,67587,43101
2023-07-25T10:00:00Z,177121,148295,96140,78954,28826,54383,54107,67018,44636
2023-07-25T11:00:00Z,182196,152528,97677,80549,29668,55565,55304,66631,43614
2023-07-25T12:00:00Z,217988,150404,135088,79985,67584,58251,57976,96370,72739
2023-07-25T13:00:00Z,196814,153217,112197,80522,43597,61250,60968,88489,63139
2023-07-25T14:00:00Z,194059,165762,103092,87810,28297,65185,64907,75655,49289
2023-07-25T15:00:00Z,170839,143413,92006,76265,27426,58949,58678,70543,46105
2023-07-25T16:00:00Z,172517,145594,92416,77537,26923,55645,55334,68309,44922
2023-07-25T17:00:00Z,182389,152196,98232,82248,30193,55694,55413,68370,45302
2023-07-25T18:00:00Z,187024,149223,105190,80748,37801,53615,53338,72632,50781
2023-07-25T19:00:00Z,171939,138946,95618,77107,32993,50390,50138,63062,43129
2023-07-25T20:00:00Z,176525,136993,96189,75763,39532,47983,47704,65869,43837
2023-07-25T21:00:00Z,164951,124279,89821,71175,40672,42923,42672,59299,38587
2023-07-25T22:00:00Z,143791,111802,83289,65239,31989,36990,36746,49967,34911
2023-07-25T23:00:00Z,136500,103321,77972,61292,33179,35243,35031,49557,33745
2023-07-26T00:00:00Z,147017,100618,93021,60341,46399,35415,35169,67742,53273
2023-07-26T01:00:00Z,155103,103796,99474,59770,51307,38234,38031,78138,61585
2023-07-26T02:00:00Z,138922,107810,80564,59797,31112,39408,39161,58726,40135
2023-07-26T03:00:00Z,133963,107798,77865,61231,26165,38096,37893,50861,32980
2023-07-26T04:00:00Z,128242,102352,76286,59419,25890,35243,35030,47801,32313
2023-07-26T05:00:00Z,145757,116814,83200,64739,28943,40025,39821,54170,35614
2023-07-26T06:00:00Z,168990,135002,95988,72212,33988,49694,49465,67911,45244
2023-07-26T07:00:00Z,172843,146826,92319,76367,26017,54931,54678,65546,41251
2023-07-26T08:00:00Z,184677,156049,98346,80724,28628,58316,58020,70275,45106
2023-07-26T09:00:00Z,194064,163446,102632,84828,30618,59983,59672,71134,45690
2023-07-26T10:00:00Z,182847,152017,99068,80012,30830,55708,55435,69377,46091
2023-07-26T11:00:00Z,182607,153698,99007,82199,28909,55453,55194,66290,43709
2023-07-26T12:00:00Z,234238,156354,146845,81488,77884,59127,58816,98607,74925
2023-07-26T13:00:00Z,209421,162833,119024,85011,46588,63008,62674,91214,65624
2023-07-26T14:00:00Z,188892,161078,100386,84825,27814,64625,64333,75592,49941
2023-07-26T15:00:00Z,165136,140230,88969,73820,24906,58164,57883,69762,45528
2023-07-26T16:00:00Z,173883,148380,94902,79916,25503,56821,56506,68630,45688
2023-07-26T17:00:00Z,182928,156599,100418,84324,26329,55793,55547,67189,45326
2023-07-26T18:00:00Z,185664,149550,108507,83919,36114,54237,53968,73180,52304
2023-07-26T19:00:00Z,170987,141610,96793,79540,29377,50155,49874,62279,43139
2023-07-26T20:00:00Z,169474,138727,98540,78792,30747,47800,47497,62067,43812
2023-07-26T21:00:00Z,153314,123321,88109,70226,29993,42180,41913,53919,37869
2023-07-26T22:00:00Z,135839,106381,78600,61217,29458,36169,35942,48332,33810
2023-07-26T23:00:00Z,125102,98627,74520,58034,26475,34500,34285,45898,32804
2023-07-27T00:00:00Z,152599,100741,98294,59696,51858,35575,35316,74056,59164
2023-07-27T01:00:00Z,171869,96752,98720,56613,75117,36806,36559,78896,62798
2023-07-27T02:00:00Z,134366,108302,76779,60682,26064,38784,38594,51105,33291
2023-07-27T03:00:00Z,131208,105838,76180,59838,25370,37715,37523,49122,32155
2023-07-27T04:00:00Z,129350,103401,76604,59851,25949,34936,34736,47718,32343
2023-07-27T05:00:00Z,138553,111483,79216,61268,27070,39366,39187,52668,34857
2023-07-27T06:00:00Z,164273,131828,93488,70257,32445,48481,48250,66655,44552
2023-07-27T07:00:00Z,170744,146159,93359,77664,24585,54234,53993,65205,41405
2023-07-27T08:00:00Z,169744,144497,91764,75554,25247,55736,55487,66957,42946
2023-07-27T09:00:00Z,188349,159241,101579,83781,29108,59256,58990,70502,45366
2023-07-27T10:00:00Z,182882,150692,100352,80601,32190,55169,54888,69490,46344
2023-07-27T11:00:00Z,183814,154193,101140,83432,29621,55486,55193,67266,44443
2023-07-27T12:00:00Z,234664,153997,152311,83615,80667,58662,58360,99936,76348
2023-07-27T13:00:00Z,213491,166151,124399,89484,47340,62858,62572,93376,68653
2023-07-27T14:00:00Z,192521,165369,103310,87658,27152,64781,64470,75819,50652
2023-07-27T15:00:00Z,164219,139029,90498,74948,25190,57374,57108,68789,46065
2023-07-27T16:00:00Z,168959,143028,93093,77654,25931,55580,55303,68158,45889
2023-07-27T17:00:00Z,174649,147992,97296,81390,26657,54563,54296,65874,44640
2023-07-27T18:00:00Z,181464,147722,105460,82020,33742,52485,52180,70598,50481
2023-07-27T19:00:00Z,166557,140885,94871,79569,25672,48977,48727,60220,41569
2023-07-27T20:00:00Z,161622,133021,94153,75918,28601,46270,46006,59492,41979
2023-07-27T21:00:00Z,150203,122864,87127,70919,27339,41561,41322,52495,36787
2023-07-27T22:00:00Z,132519,107176,76423,61126,25343,35560,35336,46938,32549
2023-07-27T23:00:00Z,125155,103356,76196,62253,21799,34383,34194,45404,32303
2023-07-28T00:00:00Z,146356,99817,94463,60125,46539,35404,35175,69083,55160
2023-07-28T01:00:00Z,150679,100333,98823,58922,50346,37211,36994,76325,60676
2023-07-28T02:00:00Z,137783,111581,78687,62207,26202,38878,38682,53297,34770
2023-07-28T03:00:00Z,127211,103203,72291,57611,24008,37048,36856,48355,30993
2023-07-28T04:00:00Z,120586,95361,70419,55021,25225,33061,32867,44674,30294
2023-07-28T05:00:00Z,130273,102651,73560,56527,27622,36347,36149,49680,33051
2023-07-28T06:00:00Z,161449,127410,88498,65620,34039,45723,45491,63745,42506
2023-07-28T07:00:00Z,169989,143618,88384,72995,26371,50569,50333,63012,39329
2023-07-28T08:00:00Z,177867,149136,94192,77319,28731,54793,54495,66565,42763
2023-07-28T09:00:00Z,178366,151271,94904,78395,27095,55747,55480,65912,42558
2023-07-28T10:00:00Z,175875,146084,95561,77409,29791,50974,50712,64846,43260
2023-07-28T11:00:00Z,167646,142740,90731,75909,24906,50530,50263,61332,40272
2023-07-28T12:00:00Z,221224,140813,145481,76463,80411,52831,52554,94071,71991
2023-07-28T13:00:00Z,198195,154081,113992,80416,44114,56955,56695,86014,63000
2023-07-28T14:00:00Z,162060,140636,83490,70926,21424,56162,55876,65904,41745
2023-07-28T15:00:00Z,166619,140997,88769,73663,25622,55287,55015,66802,43771
2023-07-28T16:00:00Z,179346,147484,97560,79381,31862,53156,52872,68192,45911
2023-07-28T17:00:00Z,169126,142398,93658,77821,26728,49825,49573,63170,41975
2023-07-28T18:00:00Z,172359,134346,99943,74326,38013,47372,47122,67496,48334
2023-07-28T19:00:00Z,154761,125330,87674,70169,29431,43290,43060,56051,38498
2023-07-28T20:00:00Z,146201,118128,86082,67930,28073,40505,40238,54089,38036
2023-07-28T21:00:00Z,130836,104211,75823,59480,26625,35200,34965,46664,32622
2023-07-28T22:00:00Z,116119,89621,68167,52310,26498,30204,30013,42001,29620
2023-07-28T23:00:00Z,104082,82760,64656,50764,21322,28606,28420,38705,27955
2023-07-29T00:00:00Z,123040,77739,81105,47275,45301,26893,26672,60047,48777
2023-07-29T01:00:00Z,124013,71442,86376,43788,52571,25842,25656,68247,57265
2023-07-29T02:00:00Z,93616,73005,57796,43467,20611,24686,24514,36554,25211
2023-07-29T03:00:00Z,94996,73252,59308,44143,21744,24783,24639,35823,24605
2023-07-29T04:00:00Z,94853,72520,57762,42440,22333,24860,24686,36837,25163
2023-07-29T05:00:00Z,97613,74939,59571,43622,22674,26372,26209,38893,26671
2023-07-29T06:00:00Z,112253,83540,70876,48777,28713,29427,29263,46936,33333
2023-07-29T07:00:00Z,109469,88928,64988,50756,20541,31593,31443,42327,27705
2023-07-29T08:00:00Z,114227,93698,69675,54203,20529,33189,33043,45002,30141
2023-07-29T09:00:00Z,115538,93768,69132,54158,21770,33719,33570,45257,30003
2023-07-29T10:00:00Z,115573,92667,71071,54564,22906,33361,33185,46772,31960
2023-07-29T11:00:00Z,113963,95565,70248,56647,18398,33633,33479,43552,29124
2023-07-29T12:00:00Z,197137,102140,150473,61975,94997,36206,36017,78106,62264
2023-07-29T13:00:00Z,150537,108724,97783,62596,41813,38992,38829,70580,53677
2023-07-29T14:00:00Z,136063,116383,82585,68483,19680,41751,41589,53001,35618
2023-07-29T15:00:00Z,140108,116052,85982,69114,24056,41424,41242,54639,37389
2023-07-29T16:00:00Z,134515,111428,82725,67088,23087,39496,39308,52469,36070
2023-07-29T17:00:00Z,127812,108944,77110,63787,18868,37495,37347,48183,32762
2023-07-29T18:00:00Z,129567,100725,82627,60196,28842,35963,35803,54272,39733
2023-07-29T19:00:00Z,111215,91263,68783,54948,19952,32086,31923,42483,29452
2023-07-29T20:00:00Z,109211,87738,69817,53400,21473,29652,29504,42135,29963
2023-07-29T21:00:00Z,98517,78183,61345,46950,20334,26544,26399,36939,25891
2023-07-29T22:00:00Z,89900,70266,56842,42686,19634,23155,23015,34677,24008
2023-07-29T23:00:00Z,83534,66207,55145,42008,17327,23096,22965,32783,23966
2023-07-30T00:00:00Z,107248,64453,74266,40815,42795,22649,22464,56029,46154
2023-07-30T01:00:00Z,118459,66372,86858,42144,52087,22918,22758,67896,58011
2023-07-30T02:00:00Z,87582,67007,55590,40761,20575,22159,22018,34842,24410
2023-07-30T03:00:00Z,86877,67703,54805,40758,19174,23009,22858,33622,22793
2023-07-30T04:00:00Z,90043,70084,55889,41873,19959,23175,23019,34077,23407
2023-07-30T05:00:00Z,103165,79786,61825,45215,23379,25172,25033,37875,26539
2023-07-30T06:00:00Z,111418,83747,71886,49486,27671,28334,28198,45677,32618
2023-07-30T07:00:00Z,108240,87973,66765,51785,20267,30162,29991,40853,27039
2023-07-30T08:00:00Z,117536,96900,73452,57532,20636,32666,32508,44208,29704
2023-07-30T09:00:00Z,118209,96686,72207,56522,21523,33771,33639,45463,30140
2023-07-30T10:00:00Z,121190,97087,74867,57291,24103,33961,33789,46996,32078
2023-07-30T11:00:00Z,118651,98882,73363,58766,19769,35025,34879,44976,30227
2023-07-30T12:00:00Z,196363,103925,148368,62133,92438,37568,37408,79449,63507
2023-07-30T13:00:00Z,154339,112075,103038,66651,42264,40573,40407,71967,55016
2023-07-30T14:00:00Z,139832,119045,86116,70731,20787,43779,43640,54977,37248
2023-07-30T15:00:00Z,146456,121851,90259,72337,24605,43331,43175,57108,39157
2023-07-30T16:00:00Z,139805,116565,86729,69947,23240,41515,41364,54499,37407
2023-07-30T17:00:00Z,134125,114077,84454,69923,20048,39299,39151,50421,34623
2023-07-30T18:00:00Z,137655,106559,89026,64821,31096,37902,37713,56851,41742
2023-07-30T19:00:00Z,120593,99066,75502,60275,21527,34165,33985,45161,31222
2023-07-30T20:00:00Z,117344,94039,76074,58158,23305,32396,32231,45100,32397
2023-07-30T21:00:00Z,107369,85303,69148,53153,22066,29020,28871,39531,28051
2023-07-30T22:00:00Z,100021,78910,65935,50555,21111,25552,25400,35801,25489
2023-07-30T23:00:00Z,94353,74350,62458,47743,20003,26007,25873,35887,26266
2023-07-31T00:00:00Z,129767,79637,83609,49949,50130,28212,28016,61958,48890
2023-07-31T01:00:00Z,148082,84866,93274,50694,63216,32538,32350,74801,58724
2023-07-31T02:00:00Z,126986,93254,70467,52669,33732,34430,34260,49739,32671
2023-07-31T03:00:00Z,126958,93634,70911,53968,33324,34190,34006,46668,29655
2023-07-31T04:00:00Z,128433,92645,72351,55076,35788,32128,31940,45330,29892
2023-07-31T05:00:00Z,135314,100484,73037,55795,34830,36301,36114,49742,32065
2023-07-31T06:00:00Z,157473,119938,85260,62779,37535,45066,44833,63340,41490
2023-07-31T07:00:00Z,174650,143603,88737,73088,31047,51672,51414,63097,39306
2023-07-31T08:00:00Z,180190,147350,92170,75467,32840,55094,54853,66973,42417
2023-07-31T09:00:00Z,186339,153762,94335,78186,32577,56317,56055,67817,42607
2023-07-31T10:00:00Z,180789,146139,95677,77581,34650,52654,52375,66329,43666
2023-07-31T11:00:00Z,181165,147925,95349,78969,33240,52921,52661,64752,42170
2023-07-31T12:00:00Z,224722,149717,139704,79951,75005,56980,56703,97597,73706
2023-07-31T13:00:00Z,204646,156921,114002,81933,47725,61092,60793,88617,63188
2023-07-31T14:00:00Z,189823,160123,96838,82163,29700,63388,63080,74856,48552
2023-07-31T15:00:00Z,172493,143799,88614,73759,28694,57525,57232,69616,45484
2023-07-31T16:00:00Z,172378,143272,91663,76870,29106,55303,55001,67949,45033
2023-07-31T17:00:00Z,173681,143812,92771,77922,29869,53550,53246,65588,43393
2023-07-31T18:00:00Z,179193,139765,99293,76464,39428,51395,51120,70818,49720
2023-07-31T19:00:00Z,173722,139466,94566,77775,34256,48795,48533,62203,42071
2023-07-31T20:00:00Z,173740,136306,96272,76202,37434,46981,46705,62233,43094
2023-07-31T21:00:00Z,160033,124545,87889,70206,35488,41659,41406,55110,37918
2023-07-31T22:00:00Z,143106,108521,79609,62384,34585,35971,35729,49443,34076
2023-07-31T23:00:00Z,135659,102292,77218,60569,33367,34707,34488,47199,33438
2023-08-01T00:00:00Z,155128,101857,94505,59768,53271,35614,35371,69855,54989
2023-08-01T01:00:00Z,168644,107401,105784,61612,61243,39290,39056,82889,65648
2023-08-01T02:00:00Z,153424,110778,83314,60407,42646,39434,39216,60977,41857
2023-08-01T03:00:00Z,138601,105285,76177,58761,33316,37148,36943,50261,32694
2023-08-01T04:00:00Z,133240,100055,74802,57495,33185,34477,34283,48834,32450
2023-08-01T05:00:00Z,141104,107226,78458,59688,33878,38218,37994,53484,35371
2023-08-01T06:00:00Z,173131,132467,94579,70538,40664,47478,47247,67291,44560
2023-08-01T07:00:00Z,169368,139142,89697,73448,30226,50777,50535,62674,39382
2023-08-01T08:00:00Z,177082,145527,92300,75172,31555,54032,53767,66583,42251
2023-08-01T09:00:00Z,188195,156814,96165,79910,31381,56797,56548,68940,43137
2023-08-01T10:00:00Z,184351,150582,97580,79397,33769,54279,53988,68636,44580
2023-08-01T11:00:00Z,187676,153483,97708,81278,34193,54922,54612,67337,43446
2023-08-01T12:00:00Z,234666,153084,148369,82421,81582,57508,57229,98891,74889
2023-08-01T13:00:00Z,199991,156175,113448,83261,43816,59605,59334,86327,61692
2023-08-01T14:00:00Z,192145,163682,101257,86521,28463,63779,63489,75324,49456
2023-08-01T15:00:00Z,171996,144503,92795,77923,27493,57212,56922,69915,46073
2023-08-01T16:00:00Z,172155,142978,92341,77199,29177,54786,54502,66785,44625
2023-08-01T17:00:00Z,174568,144783,92363,77880,29785,53340,53059,65578,42902
2023-08-01T18:00:00Z,173618,139034,99425,77366,34584,51518,51234,69198,48699
2023-08-01T19:00:00Z,169816,141474,96171,80896,28342,49131,48860,60334,41318
2023-08-01T20:00:00Z,171286,137523,97112,78280,33763,47213,46932,61860,42885
2023-08-01T21:00:00Z,156589,125698,87701,71040,30891,41844,41585,53488,37072
2023-08-01T22:00:00Z,145670,112967,80615,64162,32703,36685,36415,49481,33876
2023-08-01T23:00:00Z,137815,106491,78667,63419,31324,35204,34982,47501,33404
2023-08-02T00:00:00Z,158493,104902,102323,63001,53591,36076,35825,74485,59874
2023-08-02T01:00:00Z,162781,103370,103685,60200,59411,37534,37290,81632,64248
2023-08-02T02:00:00Z,146794,114291,79998,64331,32503,39822,39571,53753,34153
2023-08-02T03:00:00Z,136185,111161,79253,63543,25024,38271,38068,50250,32492
2023-08-02T04:00:00Z,131434,105242,76216,59987,26192,34967,34737,47537,31603
2023-08-02T05:00:00Z,133627,107997,76886,59481,25630,38277,38072,51775,34367
2023-08-02T06:00:00Z,168110,133205,94864,71377,34905,47763,47548,64995,43364
2023-08-02T07:00:00Z,167006,142597,89651,74935,24409,52035,51769,63140,39003
2023-08-02T08:00:00Z,165061,140173,88874,73884,24888,53705,53433,64203,40456
2023-08-02T09:00:00Z,172761,147660,90902,76187,25101,56048,55759,66238,41543
2023-08-02T10:00:00Z,174975,146697,93400,76199,28278,52800,52517,65915,43262
2023-08-02T11:00:00Z,170270,145389,91758,76975,24881,53090,52826,63276,41423
2023-08-02T12:00:00Z,212404,143269,138331,78893,69135,55479,55181,93645,71054
2023-08-02T13:00:00Z,186068,147730,108022,79254,38338,59203,58914,83803,59885
2023-08-02T14:00:00Z,186805,162733,100727,86602,24072,64602,64295,74039,48827
2023-08-02T15:00:00Z,176136,150511,96304,80478,25625,58775,58472,70387,46650
2023-08-02T16:00:00Z,167990,143768,93174,78411,24222,55535,55252,67091,44720
2023-08-02T17:00:00Z,174945,151368,97842,83749,23577,54470,54223,65666,44121
2023-08-02T18:00:00Z,178130,146588,105889,84068,31542,52432,52149,70076,49901
2023-08-02T19:00:00Z,163159,138612,93070,78534,24547,49170,48901,59976,40885
2023-08-02T20:00:00Z,166417,138694,97561,79646,27723,47676,47390,60376,42553
2023-08-02T21:00:00Z,161198,133337,92364,75296,27861,42975,42731,54525,37952
2023-08-02T22:00:00Z,137434,111327,80439,64576,26107,37440,37221,48878,34190
2023-08-02T23:00:00Z,128689,104661,76082,61149,24028,35690,35461,46556,32939
2023-08-03T00:00:00Z,158553,108198,102880,65580,50355,36178,35899,72586,58028
2023-08-03T01:00:00Z,160481,104874,107158,62771,55607,37890,37654,81699,65308
2023-08-03T02:00:00Z,140952,113468,81110,65170,27484,39214,39027,52726,34604
2023-08-03T03:00:00Z,137941,110444,78191,62477,27497,38196,37976,50759,32403
2023-08-03T04:00:00Z,133897,105285,76583,60724,28612,35380,35158,49031,32386
2023-08-03T05:00:00Z,150517,117122,80234,63343,33395,38655,38459,52850,34214
2023-08-03T06:00:00Z,183898,127923,92437,69468,55975,47122,46890,69249,43946
2023-08-03T07:00:00Z,174354,144373,91697,75267,29981,53134,52867,64877,41167
2023-08-03T08:00:00Z,190813,158623,101501,83519,32190,57135,56840,69938,45070
2023-08-03T09:00:00Z,189796,160242,100951,83833,29554,57970,57651,69170,44578
2023-08-03T10:00:00Z,185900,152680,102468,83286,33220,53750,53490,67797,45417
2023-08-03T11:00:00Z,187811,158266,101754,85070,29545,54547,54284,66422,43559
2023-08-03T12:00:00Z,230214,153407,149509,84538,76807,56755,56465,97975,73881
2023-08-03T13:00:00Z,197300,156348,112515,82866,40952,59634,59357,85877,61638
2023-08-03T14:00:00Z,187160,161093,101561,87522,26067,62986,62679,73222,48686
2023-08-03T15:00:00Z,171479,146925,94726,79899,24554,57929,57602,68787,46054
2023-08-03T16:00:00Z,169702,143628,92372,77809,26074,54593,54291,66621,44496
2023-08-03T17:00:00Z,170349,146494,95819,81851,23855,53172,52901,63718,42766
2023-08-03T18:00:00Z,180514,147536,106215,83812,32978,52166,51922,69812,49839
2023-08-03T19:00:00Z,169825,143262,97945,82423,26563,48660,48396,60325,41299
2023-08-03T20:00:00Z,165927,138421,98970,80762,27506,46983,46714,60342,42966
2023-08-03T21:00:00Z,154287,127173,90950,74477,27114,41835,41588,52798,37032
2023-08-03T22:00:00Z,141550,114083,84021,68060,27467,36509,36261,47691,33494
2023-08-03T23:00:00Z,127230,104098,79135,64450,23132,34969,34778,45190,32544
2023-08-04T00:00:00Z,154163,103853,100742,64346,50310,35220,34978,70905,56699
2023-08-04T01:00:00Z,162878,100188,104622,60723,62690,37061,36803,80883,64763
2023-08-04T02:00:00Z,146860,110983,81324,64404,35877,38686,38465,52455,34952
2023-08-04T03:00:00Z,139158,111929,77453,61033,27229,37137,36923,49638,32108
2023-08-04T04:00:00Z,129639,100482,74559,57352,29157,33529,33322,47348,31524
2023-08-04T05:00:00Z,138239,108332,79140,61389,29907,36868,36652,50945,33672
2023-08-04T06:00:00Z,161819,128192,92581,69153,33627,46020,45792,64423,43030
2023-08-04T07:00:00Z,165369,139994,88808,73413,25375,50223,49958,61620,38463
2023-08-04T08:00:00Z,164620,138366,88766,72944,26254,51959,51657,63951,40844
2023-08-04T09:00:00Z,176996,150260,94765,78696,26736,54579,54306,65739,42255
2023-08-04T10:00:00Z,178233,150779,92999,75633,27454,50491,50212,63720,42625
2023-08-04T11:00:00Z,166078,141297,91961,76910,24781,50115,49851,60786,40021
2023-08-04T12:00:00Z,213228,134993,140512,74086,78235,50587,50328,90769,69867
2023-08-04T13:00:00Z,182793,142719,107953,78043,40074,54374,54106,80477,58359
2023-08-04T14:00:00Z,177703,152796,96713,82273,24907,58015,57757,68623,45505
2023-08-04T15:00:00Z,153763,130539,84740,70650,23224,51581,51319,62690,41514
2023-08-04T16:00:00Z,170808,144133,96345,80927,26675,51606,51297,63847,42870
2023-08-04T17:00:00Z,170356,145389,96432,81458,24967,50009,49764,61004,41000
2023-08-04T18:00:00Z,169518,135800,100832,77239,33718,47422,47170,66048,47661
2023-08-04T19:00:00Z,155542,128948,88978,73021,26594,43659,43386,55506,37816
2023-08-04T20:00:00Z,151043,123354,89515,71013,27689,41082,40811,54369,38384
2023-08-04T21:00:00Z,134843,107624,79179,63171,27219,35811,35576,47278,32965
2023-08-04T22:00:00Z,119944,93751,72314,56259,26193,30822,30617,42696,30116
2023-08-04T23:00:00Z,107087,85073,67240,52904,22014,29037,28852,40205,28792
2023-08-05T00:00:00Z,129819,82534,90723,53335,47285,27362,27152,64472,53473
2023-08-05T01:00:00Z,137549,76789,94518,49648,60760,25832,25645,70811,59842
2023-08-05T02:00:00Z,108041,81855,63879,49116,26186,25241,25094,37568,26225
2023-08-05T03:00:00Z,100051,79341,63261,48546,20710,25160,25012,36592,24802
2023-08-05T04:00:00Z,100142,79220,63835,48658,20922,24931,24790,36858,25685
2023-08-05T05:00:00Z,103878,81424,65976,49571,22454,26088,25946,39301,27221
2023-08-05T06:00:00Z,114520,85930,74607,51882,28590,29038,28887,46937,33348
2023-08-05T07:00:00Z,111347,91448,69217,54647,19899,30800,30653,41577,27530
2023-08-05T08:00:00Z,116409,95407,72728,56622,21002,32422,32287,45266,30093
2023-08-05T09:00:00Z,120115,97429,73581,58237,22686,33271,33135,45364,30395
2023-08-05T10:00:00Z,121268,96997,74920,57340,24271,34008,33844,47706,32556
2023-08-05T11:00:00Z,117476,98298,72160,58116,19178,34490,34352,44634,29508
2023-08-05T12:00:00Z,198923,100401,150652,60493,98522,35554,35389,79631,63585
2023-08-05T13:00:00Z,152526,106721,100067,62802,45805,38418,38250,72247,55298
2023-08-05T14:00:00Z,135803,114291,82328,67092,21512,41532,41372,53690,36048
2023-08-05T15:00:00Z,140281,114420,85291,66727,25861,40479,40327,55684,37606
2023-08-05T16:00:00Z,135910,110670,83112,65717,25240,38953,38767,53179,36374
2023-08-05T17:00:00Z,129197,109233,79254,64644,19964,37252,37089,49158,33070
2023-08-05T18:00:00Z,133947,103826,87413,63845,30121,35308,35156,54326,39801
2023-08-05T19:00:00Z,115880,92429,71846,56370,23451,31324,31164,43615,29734
2023-08-05T20:00:00Z,111984,89441,73669,56086,22543,29781,29602,42400,30497
2023-08-05T21:00:00Z,105892,82097,66945,51406,23795,26551,26400,38182,26595
2023-08-05T22:00:00Z,95804,73032,60625,45440,22772,23467,23328,35188,24479
2023-08-05T23:00:00Z,86808,68719,58288,44397,18089,23222,23114,33083,24362
2023-08-06T00:00:00Z,118229,69813,84853,45269,48416,23068,22878,62120,52286
2023-08-06T01:00:00Z,117826,66152,86956,42385,51674,22362,22209,65664,56252
2023-08-06T02:00:00Z,91299,70576,58575,43381,20723,22042,21905,34130,23727
2023-08-06T03:00:00Z,90619,70542,59110,44052,20077,22695,22570,33616,23068
2023-08-06T04:00:00Z,92070,71846,59463,44256,20224,22801,22673,33859,23525
2023-08-06T05:00:00Z,100590,78338,65069,48501,22252,24501,24380,37442,25896
2023-08-06T06:00:00Z,112213,84166,73370,50914,28047,27746,27597,46364,32742
2023-08-06T07:00:00Z,110746,89632,67689,52789,21114,30294,30139,41480,27469
2023-08-06T08:00:00Z,115138,93003,72053,55748,22135,32189,31995,44700,30059
2023-08-06T09:00:00Z,118031,96202,71528,55982,21829,33302,33162,45410,30205
2023-08-06T10:00:00Z,118448,96036,74173,57106,22412,33371,33222,46827,32266
2023-08-06T11:00:00Z,120370,100850,74441,59850,19520,34410,34283,45237,30328
2023-08-06T12:00:00Z,199903,103285,152927,62625,96618,36953,36789,79591,63790
2023-08-06T13:00:00Z,154002,112120,101891,66289,41882,40689,40529,72329,55319
2023-08-06T14:00:00Z,141414,120151,86193,70423,21263,43594,43418,55218,37234
2023-08-06T15:00:00Z,143719,119440,88512,70539,24279,42698,42522,57832,39127
2023-08-06T16:00:00Z,139180,116414,86623,69718,22766,41279,41110,54913,37361
2023-08-06T17:00:00Z,128731,109021,80497,65726,19710,38473,38308,50190,34222
2023-08-06T18:00:00Z,134995,104679,88328,63802,30316,37257,37081,56283,41258
2023-08-06T19:00:00Z,121287,100224,76906,61676,21063,33756,33619,44930,31248
2023-08-06T20:00:00Z,116109,92840,75249,57322,23269,31852,31710,44929,32145
2023-08-06T21:00:00Z,104933,84001,66876,51821,20932,28413,28252,39402,27636
2023-08-06T22:00:00Z,97133,76777,62739,48271,20356,25622,25468,36031,25731
2023-08-06T23:00:00Z,95255,75554,62264,47940,19701,26046,25907,36618,26850
2023-08-07T00:00:00Z,130912,81747,83468,50626,49165,28352,28140,62092,49172
2023-08-07T01:00:00Z,154685,90590,95550,53035,64095,33072,32870,77004,60348
2023-08-07T02:00:00Z,133264,99288,73729,56319,33976,35311,35121,51023,33238
2023-08-07T03:00:00Z,133537,99895,73463,56811,33642,34784,34601,48046,30469
2023-08-07T04:00:00Z,129456,94675,73024,56240,34781,32104,31899,46270,30534
2023-08-07T05:00:00Z,138595,104810,76574,59100,33785,36476,36277,51302,33167
2023-08-07T06:00:00Z,167885,128524,91912,68456,39361,46359,46119,66022,43049
2023-08-07T07:00:00Z,177358,144079,90957,74457,33279,51897,51642,64638,40067
2023-08-07T08:00:00Z,189405,152582,95683,78220,36823,55707,55439,69956,43778
2023-08-07T09:00:00Z,191491,156249,96207,78888,35242,56397,56135,69899,43559
2023-08-07T10:00:00Z,185628,149134,97249,78711,36494,52932,52648,67730,43924
2023-08-07T11:00:00Z,192410,158423,101999,85804,33987,54008,53756,66715,42765
2023-08-07T12:00:00Z,235222,153277,149800,84049,81945,56351,56063,97462,73506
2023-08-07T13:00:00Z,205686,158310,115275,83820,47376,60364,60064,88568,63360
2023-08-07T14:00:00Z,178252,150129,95086,81499,28123,59881,59594,70627,45762
2023-08-07T15:00:00Z,167090,139506,89181,75130,27584,55872,55578,68005,44014
2023-08-07T16:00:00Z,172251,143661,93297,78918,28590,54417,54124,67637,44767
2023-08-07T17:00:00Z,176644,146559,96686,82141,30085,53191,52921,65599,43463
2023-08-07T18:00:00Z,192929,149502,110074,85108,43427,53245,52970,73986,52345
2023-08-07T19:00:00Z,179348,142422,99491,81806,36926,49286,49034,63232,43148
2023-08-07T20:00:00Z,179291,140682,103693,83407,38609,46983,46716,63130,44303
2023-08-07T21:00:00Z,167257,131657,97916,79999,35600,41811,41572,55292,38407
2023-08-07T22:00:00Z,152969,117676,89598,72302,35293,36452,36206,50382,34606
2023-08-07T23:00:00Z,141423,109621,84195,67774,31802,36098,35842,49158,34461
2023-08-08T00:00:00Z,162012,112994,104396,69366,49018,37317,37043,72812,57344
2023-08-08T01:00:00Z,167732,112806,110397,67821,54926,40359,40138,82681,65533
2023-08-08T02:00:00Z,145555,118003,86263,69117,27552,40776,40552,55594,37228
2023-08-08T03:00:00Z,135555,109736,79105,63172,25819,38315,38114,51218,32513
2023-08-08T04:00:00Z,130793,104064,75560,59404,26729,35272,35076,48935,32428
2023-08-08T05:00:00Z,149767,119799,80515,62593,29968,39027,38832,53397,35348
2023-08-08T06:00:00Z,174648,140596,96125,72562,34052,48350,48142,67439,44994
2023-08-08T07:00:00Z,173998,146895,90731,74474,27103,52607,52342,65434,40587
2023-08-08T08:00:00Z,187769,156802,98507,80425,30967,57440,57159,70498,45202
2023-08-08T09:00:00Z,187309,157660,97486,80434,29649,57671,57407,70114,44221
2023-08-08T10:00:00Z,184499,153423,100351,81599,31076,54650,54374,68701,45560
2023-08-08T11:00:00Z,179064,151800,96075,80173,27264,54017,53740,66028,43004
2023-08-08T12:00:00Z,221540,146472,143297,79882,75068,55630,55343,95408,72270
2023-08-08T13:00:00Z,197326,154766,112694,82462,42560,60160,59861,86594,62120
2023-08-08T14:00:00Z,182974,156967,97224,83250,26007,62775,62460,73172,47920
2023-08-08T15:00:00Z,170491,145911,92804,78352,24580,58062,57755,69632,46091
2023-08-08T16:00:00Z,174432,149261,95485,81167,25171,57137,56862,69510,46574
2023-08-08T17:00:00Z,169429,145309,93490,79679,24120,53676,53398,65137,43900
2023-08-08T18:00:00Z,185453,151124,107696,84590,34329,53769,53490,72455,51836
2023-08-08T19:00:00Z,174133,147071,99249,83828,27062,50038,49796,62416,42696
2023-08-08T20:00:00Z,175603,141628,101217,82015,33975,48054,47784,63202,43732
2023-08-08T21:00:00Z,160340,127324,91189,72980,33016,42557,42287,56226,38868
2023-08-08T22:00:00Z,145905,115185,86195,68622,30720,36835,36576,54245,37485
2023-08-08T23:00:00Z,136531,108994,82508,65766,27537,35855,35610,50184,35066
2023-08-09T00:00:00Z,156802,104330,101763,63415,52472,36666,36417,73955,58992
2023-08-09T01:00:00Z,161097,104207,104740,60302,56890,38594,38370,82362,65498
2023-08-09T02:00:00Z,141597,114009,81472,64194,27588,40222,39994,54904,36176
2023-08-09T03:00:00Z,135959,109825,76575,60901,26134,38438,38228,51405,33126
2023-08-09T04:00:00Z,131780,105397,74853,58683,26383,35732,35522,48730,32107
2023-08-09T05:00:00Z,142070,113117,80626,62700,28953,39369,39188,53901,35408
2023-08-09T06:00:00Z,170906,136366,97159,73800,34540,47733,47453,66323,44179
2023-08-09T07:00:00Z,153574,129981,82621,69251,23593,49256,48996,59981,37746
2023-08-09T08:00:00Z,170947,144490,92900,77624,26457,54252,53977,65412,41627
2023-08-09T09:00:00Z,182574,154004,95469,79264,28570,56505,56207,67660,43099
2023-08-09T10:00:00Z,179341,148316,96666,78644,31025,54003,53704,68175,45072
2023-08-09T11:00:00Z,182567,153423,98822,82434,29144,53962,53687,65861,42801
2023-08-09T12:00:00Z,219804,146486,140344,79786,73318,56370,56044,96487,72942
2023-08-09T13:00:00Z,198172,155025,113049,82429,43147,59807,59507,86726,61932
2023-08-09T14:00:00Z,185160,158272,98379,83174,26888,62606,62312,74036,48560
2023-08-09T15:00:00Z,159752,134276,85694,70730,25476,55537,55260,67700,44168
2023-08-09T16:00:00Z,144680,122815,78173,65697,21865,51026,50761,62517,40455
2023-08-09T17:00:00Z,166590,140350,90649,76023,26240,52796,52488,64550,42800
2023-08-09T18:00:00Z,172253,138647,98014,75857,33606,51260,50971,69820,49149
2023-08-09T19:00:00Z,165512,136902,91546,75391,28610,48850,48587,61045,41578
2023-08-09T20:00:00Z,167713,134287,94658,74998,33426,46217,45924,61502,42886
2023-08-09T21:00:00Z,152649,123212,86776,69356,29437,41850,41611,54182,37794
2023-08-09T22:00:00Z,138523,108897,80310,63022,29626,36078,35832,48992,34402
2023-08-09T23:00:00Z,130345,101609,77431,60496,28736,34894,34663,47390,33987
2023-08-10T00:00:00Z,153561,102340,97012,60794,51221,35775,35518,71136,57060
2023-08-10T01:00:00Z,159518,102108,103869,59549,57410,37618,37373,81490,64880
2023-08-10T02:00:00Z,139563,109900,79437,61549,29663,38997,38750,54311,36380
2023-08-10T03:00:00Z,132462,106807,76577,60753,25655,37637,37429,48828,32135
2023-08-10T04:00:00Z,129992,103032,75877,59316,26960,35150,34941,47658,31956
2023-08-10T05:00:00Z,140152,109657,79293,61272,30495,38699,38487,52896,34879
2023-08-10T06:00:00Z,181963,146899,96273,72552,35064,47702,47450,67804,45219
2023-08-10T07:00:00Z,174998,146626,95374,79042,28372,52414,52170,63812,40252
2023-08-10T08:00:00Z,186448,157373,100608,83644,29075,56419,56140,69084,44782
2023-08-10T09:00:00Z,184365,156072,98990,82389,28293,56724,56445,68084,43632
2023-08-10T10:00:00Z,178471,148305,100357,81709,30166,52667,52389,65838,43766
2023-08-10T11:00:00Z,180933,151778,99214,82256,29155,53727,53415,64378,42095
2023-08-10T12:00:00Z,222452,150971,142371,82350,71481,56388,56104,96603,73312
2023-08-10T13:00:00Z,203316,160199,118223,86046,43117,61048,60757,88646,64197
2023-08-10T14:00:00Z,197611,171527,108681,93776,26084,63994,63684,75093,50008
2023-08-10T15:00:00Z,172406,146922,96229,80845,25484,57012,56729,68801,45568
2023-08-10T16:00:00Z,171012,144981,94620,79300,26031,55665,55349,67467,44978
2023-08-10T17:00:00Z,175313,150084,98128,83103,25229,53001,52754,65098,43329
2023-08-10T18:00:00Z,169248,135747,98809,76402,33501,49864,49590,67717,48105
2023-08-10T19:00:00Z,162704,136461,92226,76938,26243,47637,47375,59487,40527
2023-08-10T20:00:00Z,163349,133066,95969,76586,30283,45929,45655,59878,42250
2023-08-10T21:00:00Z,149351,121669,87146,70345,27682,40223,39966,51834,36088
2023-08-10T22:00:00Z,137347,111177,83086,66488,26170,35733,35515,47431,33300
2023-08-10T23:00:00Z,128300,103649,79067,63397,24651,34635,34403,46643,33573
2023-08-11T00:00:00Z,164327,103081,112852,64470,61246,35347,35093,82923,68799
2023-08-11T01:00:00Z,151724,97765,100279,57638,53959,36209,35995,76825,61038
2023-08-11T02:00:00Z,137941,110474,81963,64706,27467,38042,37840,49972,32903
2023-08-11T03:00:00Z,132815,107429,78502,62095,25386,36905,36684,48887,31862
2023-08-11T04:00:00Z,123864,98209,74507,57632,25655,33135,32917,45669,30762
2023-08-11T05:00:00Z,136020,107949,79775,61657,28071,36635,36440,50530,33456
2023-08-11T06:00:00Z,162924,129891,96163,72724,33033,45163,44945,63234,42704
2023-08-11T07:00:00Z,162591,137570,90384,75077,25021,49120,48886,60063,37939
2023-08-11T08:00:00Z,178279,149863,98090,80729,28416,53155,52914,65399,42185
2023-08-11T09:00:00Z,179534,152224,98039,81113,27310,53963,53712,65507,42227
2023-08-11T10:00:00Z,186492,157895,97410,79211,28597,49771,49517,62999,42133
2023-08-11T11:00:00Z,173012,147637,95825,80064,25375,50173,49937,61102,40617
2023-08-11T12:00:00Z,232787,143237,157640,79468,89550,51836,51560,93971,72279
2023-08-11T13:00:00Z,196069,152480,117606,84201,43589,56063,55808,84869,62239
2023-08-11T14:00:00Z,185352,160050,100024,84952,25302,58012,57747,70095,46630
2023-08-11T15:00:00Z,174143,144314,96382,78648,29829,53952,53685,68387,46079
2023-08-11T16:00:00Z,171518,140600,94457,76444,30918,51630,51364,66471,44393
2023-08-11T17:00:00Z,170920,141376,94666,77504,29544,49343,49104,63019,42540
2023-08-11T18:00:00Z,171450,134185,101809,76431,37265,47029,46773,66663,47903
2023-08-11T19:00:00Z,157159,122829,87490,70132,34330,42348,42104,55862,37737
2023-08-11T20:00:00Z,156422,120058,89199,68751,36364,40002,39731,56747,38884
2023-08-11T21:00:00Z,137194,106451,80676,62651,30743,35542,35323,48766,33807
2023-08-11T22:00:00Z,125677,95665,74188,56369,30012,30827,30587,44683,31210
2023-08-11T23:00:00Z,110986,85082,68991,52896,25904,28861,28674,40679,29401
2023-08-12T00:00:00Z,141109,84396,99604,54436,56713,28092,27847,71954,60280
2023-08-12T01:00:00Z,128235,75548,89987,48082,52687,25388,25200,66565,54984
2023-08-12T02:00:00Z,102264,78845,66415,50111,23419,25200,25033,37894,26266
2023-08-12T03:00:00Z,100579,77565,63944,47868,23014,25171,25021,37047,25169
2023-08-12T04:00:00Z,100617,76986,63292,46762,23631,25082,24929,37605,25663
2023-08-12T05:00:00Z,106232,81209,66897,49069,25023,26299,26168,40198,27592
2023-08-12T06:00:00Z,117924,87164,76441,52749,30760,29124,28945,47486,33819
2023-08-12T07:00:00Z,112904,91101,69181,53496,21803,30620,30452,42354,27715
2023-08-12T08:00:00Z,118652,95724,73772,56384,22928,32492,32308,45612,30253
2023-08-12T09:00:00Z,120350,96988,73470,56821,23362,33332,33157,45697,30291
2023-08-12T10:00:00Z,121071,96139,76462,58100,24932,32898,32714,47116,32052
2023-08-12T11:00:00Z,120813,99847,74838,59788,20966,33564,33429,44333,29515
2023-08-12T12:00:00Z,200997,99309,154478,59844,101688,35413,35259,77953,62325
2023-08-12T13:00:00Z,151186,108593,101137,64989,42593,38023,37869,69995,53268
2023-08-12T14:00:00Z,137341,115889,84905,68853,21452,41201,41051,53494,36034
2023-08-12T15:00:00Z,139130,113402,85532,66805,25728,40422,40270,55476,37455
2023-08-12T16:00:00Z,135481,111083,83842,66329,24398,39200,39052,52822,36366
2023-08-12T17:00:00Z,129083,108032,80836,65871,21051,36821,36697,48044,32828
2023-08-12T18:00:00Z,132230,101462,86266,62117,30768,35569,35418,54668,39961
2023-08-12T19:00:00Z,118678,95559,72925,57250,23119,31869,31723,43743,29807
2023-08-12T20:00:00Z,114216,89602,72919,54574,24614,29700,29510,42446,30251
2023-08-12T21:00:00Z,102314,79044,65936,49353,23270,26373,26241,37248,26211
2023-08-12T22:00:00Z,94944,73273,62746,46921,21671,23250,23120,34295,24343
2023-08-12T23:00:00Z,90345,70852,60634,45848,19493,23352,23235,33351,24452
2023-08-13T00:00:00Z,125372,68286,91120,43637,57086,23322,23145,69828,60196
2023-08-13T01:00:00Z,122995,70614,92371,47103,52381,23786,23631,68429,58747
2023-08-13T02:00:00Z,91064,71314,59885,45214,19750,21818,21689,33165,23252
2023-08-13T03:00:00Z,93483,73102,61756,46688,20381,22567,22415,33233,23142
2023-08-13T04:00:00Z,93084,73079,61152,46062,20005,23471,23313,34068,23856
2023-08-13T05:00:00Z,99943,77351,64050,47429,22592,24808,24658,37154,26228
2023-08-13T06:00:00Z,111654,83799,74449,51592,27855,28143,28008,45806,33030
2023-08-13T07:00:00Z,112471,92423,71322,56676,20048,30450,30312,40948,27589
2023-08-13T08:00:00Z,122191,100661,78578,62094,21530,32495,32330,44574,30217
2023-08-13T09:00:00Z,119418,97211,74739,58623,22207,33220,33041,44717,30341
2023-08-13T10:00:00Z,122080,98126,76706,59023,23954,33531,33375,46337,32140
2023-08-13T11:00:00Z,121060,100278,75735,60328,20782,34238,34068,44743,30207
2023-08-13T12:00:00Z,204951,106141,156109,64148,98810,36652,36472,78817,62981
2023-08-13T13:00:00Z,153914,112908,103167,68495,41006,39579,39430,70520,53891
2023-08-13T14:00:00Z,142498,121740,89154,74005,20758,43089,42955,54493,37067
2023-08-13T15:00:00Z,145883,121211,89261,71822,24672,42618,42439,56531,38736
2023-08-13T16:00:00Z,139192,115280,86278,69628,23912,40428,40260,54115,37458
2023-08-13T17:00:00Z,130208,110226,81283,66847,19982,38100,37963,49302,33928
2023-08-13T18:00:00Z,144781,112302,88280,63850,32479,37109,36962,56688,41509
2023-08-13T19:00:00Z,130463,106277,79097,63021,24186,33808,33669,46148,32206
2023-08-13T20:00:00Z,123615,99238,79748,61612,24377,31838,31676,45229,32558
2023-08-13T21:00:00Z,113351,87283,71110,54367,26068,28800,28631,40993,29101
2023-08-13T22:00:00Z,107484,81489,67684,51226,25995,25854,25671,37928,26818
2023-08-13T23:00:00Z,98699,77285,64436,49644,21414,26118,25957,36626,26975
2023-08-14T00:00:00Z,145168,84359,96298,53169,60809,29019,28810,71460,58718
2023-08-14T01:00:00Z,158568,91375,96773,53666,67193,32311,32105,74901,59121
2023-08-14T02:00:00Z,132687,98014,72790,55976,34673,34810,34618,47390,30340
2023-08-14T03:00:00Z,136153,101459,75333,57782,34694,34805,34626,48006,30855
2023-08-14T04:00:00Z,132466,95660,74356,56692,36806,31550,31367,45399,30388
2023-08-14T05:00:00Z,141821,103537,77203,58546,38284,35327,35132,49921,32794
2023-08-14T06:00:00Z,169078,127586,89530,65430,41492,43978,43778,62520,41740
2023-08-14T07:00:00Z,168152,134936,88132,71773,33216,48388,48141,60337,37766
2023-08-14T08:00:00Z,169704,136018,86564,69818,33686,50768,50500,63943,40429
2023-08-14T09:00:00Z,179248,145824,89198,72803,33424,52099,51848,63528,39859
2023-08-14T10:00:00Z,186403,150062,92565,74357,36341,49608,49354,63854,41390
2023-08-14T11:00:00Z,182082,146581,96115,79675,35501,50861,50615,63600,41066
2023-08-14T12:00:00Z,210069,131520,132827,70049,78549,51273,50995,91239,68409
2023-08-14T13:00:00Z,192187,145409,107772,77935,46778,55895,55633,82780,58981
2023-08-14T14:00:00Z,178939,149192,92427,78270,29747,58165,57872,69461,44909
2023-08-14T15:00:00Z,175594,143590,92874,76645,32004,56064,55796,68779,45250
2023-08-14T16:00:00Z,168945,138511,90672,75450,30434,52169,51891,65378,42823
2023-08-14T17:00:00Z,173061,141860,93999,78576,31201,50356,50071,63551,42191
2023-08-14T18:00:00Z,177653,137188,100894,78190,40465,48513,48245,67920,47381
2023-08-14T19:00:00Z,176225,142111,100374,84032,34114,46753,46499,59713,40493
2023-08-14T20:00:00Z,171773,132910,94917,75656,38863,44217,43964,59673,41156
2023-08-14T21:00:00Z,162781,120637,86789,69781,42144,39836,39605,53643,36473
2023-08-14T22:00:00Z,146733,105950,78430,61288,40783,35271,35035,48686,32850
2023-08-14T23:00:00Z,139968,103283,77426,61386,36685,34250,34033,47617,32104
2023-08-15T00:00:00Z,164736,104295,109173,63140,60441,34819,34593,80124,65543
2023-08-15T01:00:00Z,156862,101835,101242,58126,55027,36647,36431,78168,61935
2023-08-15T02:00:00Z,135646,108012,76886,59930,27634,37885,37711,50361,32854
2023-08-15T03:00:00Z,131512,104564,74481,57775,26948,36020,35830,47919,31230
2023-08-15T04:00:00Z,125272,97497,72114,54747,27775,31579,31403,44285,30317
2023-08-15T05:00:00Z,131279,101410,74811,56382,29869,34349,34153,48629,32072
2023-08-15T06:00:00Z,158153,122130,90592,66411,36023,42699,42466,60911,41256
2023-08-15T07:00:00Z,165140,137258,88968,72322,27882,47363,47138,59076,37559
2023-08-15T08:00:00Z,174260,144487,95737,77968,29773,50932,50684,64546,41929
2023-08-15T09:00:00Z,178453,148474,95150,77636,29979,52097,51845,64658,41906
2023-08-15T10:00:00Z,171138,140495,95600,77268,30643,49001,48746,64371,42892
2023-08-15T11:00:00Z,168837,142457,94577,79208,26380,49982,49703,61619,40626
2023-08-15T12:00:00Z,227279,140538,154043,78121,86741,52024,51731,93766,72106
2023-08-15T13:00:00Z,194805,152703,112816,81595,42102,57687,57424,85276,61552
2023-08-15T14:00:00Z,190285,164599,102366,87550,25686,62321,62026,73599,49012
2023-08-15T15:00:00Z,174952,149618,97365,81807,25334,56928,56674,69349,46520
2023-08-15T16:00:00Z,170026,142946,92599,77179,27080,53745,53442,67158,45198
2023-08-15T17:00:00Z,169006,142326,94071,79333,26680,52186,51920,66235,44204
2023-08-15T18:00:00Z,170777,138647,101668,79711,32130,50085,49819,68286,48293
2023-08-15T19:00:00Z,160614,133420,90774,75524,27194,47728,47464,59273,39920
2023-08-15T20:00:00Z,166194,135418,92049,74452,30776,45897,45615,59166,41052
2023-08-15T21:00:00Z,157525,126250,89334,72818,31275,41104,40827,53663,36911
2023-08-15T22:00:00Z,145210,113134,84235,67928,32076,35927,35687,49713,34166
2023-08-15T23:00:00Z,135289,106463,80117,64789,28826,34784,34537,47378,33219
2023-08-16T00:00:00Z,166192,103900,109658,63506,62292,36520,36266,83058,67681
2023-08-16T01:00:00Z,160362,104223,102980,60249,56139,38172,37947,80923,63486
2023-08-16T02:00:00Z,138828,112109,79906,63496,26719,39768,39563,52134,34289
2023-08-16T03:00:00Z,133219,106121,76336,60108,27098,37718,37514,49885,32606
2023-08-16T04:00:00Z,130588,102297,75707,58415,28291,34730,34530,48096,32429
2023-08-16T05:00:00Z,142893,111868,81582,63110,31025,38308,38104,52937,34999
2023-08-16T06:00:00Z,176035,140867,94447,70446,35168,47550,47288,66920,44372
2023-08-16T07:00:00Z,167977,141899,90688,75330,26078,51924,51669,63384,40389
2023-08-16T08:00:00Z,176461,148395,93635,76818,28066,55047,54804,67493,43332
2023-08-16T09:00:00Z,180467,152528,95861,79637,27939,55666,55401,67762,43162
2023-08-16T10:00:00Z,178258,149343,95071,77422,28915,52683,52380,66633,44127
2023-08-16T11:00:00Z,174416,148114,95083,79916,26302,52485,52234,64646,42375
2023-08-16T12:00:00Z,224390,146475,143332,76984,77915,54694,54422,94701,72045
2023-08-16T13:00:00Z,189454,149845,108990,79831,39609,59178,58886,84380,60392
2023-08-16T14:00:00Z,191031,164895,102666,87884,26136,64595,64283,75043,49304
2023-08-16T15:00:00Z,185812,159994,99470,84591,25818,59194,58878,71336,46962
2023-08-16T16:00:00Z,177694,152157,99378,84596,25537,55656,55366,68038,45712
2023-08-16T17:00:00Z,181350,155646,102370,87289,25704,54302,54017,66827,44639
2023-08-16T18:00:00Z,182730,149130,106838,83850,33600,51941,51654,70675,50463
2023-08-16T19:00:00Z,169738,142262,98155,82262,27476,48598,48304,59688,40957
2023-08-16T20:00:00Z,171296,142716,99305,81077,28580,46209,45933,60088,42491
2023-08-16T21:00:00Z,152711,126515,91130,75430,26196,41141,40902,52816,36964
2023-08-16T22:00:00Z,139612,114177,84710,69467,25435,35840,35610,48171,33553
2023-08-16T23:00:00Z,129845,106107,80850,66285,23738,34733,34511,45539,32741
2023-08-17T00:00:00Z,158135,101392,107873,62832,56743,35370,35113,80192,65964
2023-08-17T01:00:00Z,152052,102461,98138,59097,49591,36880,36652,75193,59127
2023-08-17T02:00:00Z,136107,110382,78678,62815,25725,38723,38513,50521,33186
2023-08-17T03:00:00Z,132410,106818,77036,61250,25592,37193,36985,49041,31965
2023-08-17T04:00:00Z,129722,103799,75188,59022,25923,34465,34273,48282,32178
2023-08-17T05:00:00Z,139928,112597,78832,61723,27331,38089,37870,51772,34429
2023-08-17T06:00:00Z,165262,132392,92201,69293,32870,47278,47055,65339,43488
2023-08-17T07:00:00Z,155971,133045,83413,69575,22926,49258,49017,60632,38188
2023-08-17T08:00:00Z,166461,141215,88625,73168,25246,53559,53297,64887,41584
2023-08-17T09:00:00Z,184304,157084,98444,82036,27220,56634,56357,68283,43477
2023-08-17T10:00:00Z,182303,152036,100730,82516,30267,53492,53228,68394,45902
2023-08-17T11:00:00Z,182003,154689,97867,82553,27314,54073,53806,66236,43872
2023-08-17T12:00:00Z,226812,146425,150168,80446,80387,55372,55072,95417,72877
2023-08-17T13:00:00Z,210343,167867,119766,88584,42476,62535,62241,90427,65338
2023-08-17T14:00:00Z,198209,171026,106707,91605,27183,64892,64561,76994,51346
2023-08-17T15:00:00Z,182367,155482,99154,82788,26885,59800,59510,72623,48370
2023-08-17T16:00:00Z,182358,155194,102328,86318,27164,56717,56409,70098,47361
2023-08-17T17:00:00Z,187005,160076,106071,90470,26929,54562,54294,67465,45469
2023-08-17T18:00:00Z,180517,147026,105880,82868,33491,51244,50973,70530,50220
2023-08-17T19:00:00Z,170912,143636,95453,79657,27276,48463,48215,61350,41874
2023-08-17T20:00:00Z,164775,134588,96145,77377,30187,45969,45698,60443,42752
2023-08-17T21:00:00Z,153001,124523,90117,73203,28478,40885,40635,53492,37567
2023-08-17T22:00:00Z,138577,110866,81391,65328,27711,35448,35216,48423,33984
2023-08-17T23:00:00Z,125374,100543,75105,60181,24831,34391,34177,46205,32972
2023-08-18T00:00:00Z,161887,103539,106752,63059,58348,35859,35602,78993,64490
2023-08-18T01:00:00Z,152029,100903,98105,58527,51126,36821,36608,76484,59775
2023-08-18T02:00:00Z,136085,109176,78949,62365,26909,38466,38273,51120,33503
2023-08-18T03:00:00Z,129894,103919,75340,59185,25975,36783,36585,48415,31704
2023-08-18T04:00:00Z,128350,101014,74684,57956,27336,33671,33459,47460,31384
2023-08-18T05:00:00Z,133270,104520,77096,58651,28750,37138,36939,51102,33471
2023-08-18T06:00:00Z,165347,130961,91796,67767,34386,45348,45109,63959,42885
2023-08-18T07:00:00Z,154310,129776,84262,69252,24534,48302,48068,58789,37148
2023-08-18T08:00:00Z,164753,137925,89127,72752,26828,51555,51297,63531,40970
2023-08-18T09:00:00Z,174727,146682,93605,77116,28045,53953,53663,65705,42098
2023-08-18T10:00:00Z,173565,144953,93719,76013,28612,50492,50218,64003,42564
2023-08-18T11:00:00Z,171826,146057,93865,78389,25769,50239,49971,61172,40458
2023-08-18T12:00:00Z,222360,137869,148074,75150,84491,50752,50485,90898,70190
2023-08-18T13:00:00Z,195497,152140,113985,81355,43357,56784,56520,84832,62073
2023-08-18T14:00:00Z,188710,163337,100578,85387,25373,58966,58719,69909,46509
2023-08-18T15:00:00Z,171618,145573,97503,81512,26045,53802,53551,65840,44041
2023-08-18T16:00:00Z,172514,145513,98541,82498,27001,51613,51345,64225,43428
2023-08-18T17:00:00Z,172276,146441,98387,82615,25835,49843,49590,62019,41635
2023-08-18T18:00:00Z,174619,136696,106852,81209,37923,46657,46392,66898,48122
2023-08-18T19:00:00Z,158231,129123,93027,75881,29108,42634,42391,55592,38214
2023-08-18T20:00:00Z,156933,124936,92570,72353,31997,40204,39940,54986,38865
2023-08-18T21:00:00Z,139337,109556,82518,64633,29781,35151,34937,47832,33376
2023-08-18T22:00:00Z,133922,96777,76370,58414,37145,30524,30298,44502,30690
2023-08-18T23:00:00Z,115748,88150,72548,56151,27598,28676,28483,40912,29422
2023-08-19T00:00:00Z,151280,84932,107242,55978,66348,27584,27353,78752,65771
2023-08-19T01:00:00Z,131833,74944,91432,47765,56889,25495,25265,68661,56149
2023-08-19T02:00:00Z,103022,78158,65733,48800,24864,24986,24802,37788,25836
2023-08-19T03:00:00Z,100751,76289,64821,47755,24462,24985,24834,36744,25410
2023-08-19T04:00:00Z,101835,78875,64664,48302,22960,25039,24871,37127,25511
2023-08-19T05:00:00Z,107276,82558,68850,51043,24718,26569,26425,39850,27456
2023-08-19T06:00:00Z,121407,91343,80121,56488,30064,29528,29379,47847,34212
2023-08-19T07:00:00Z,111605,90431,69763,54441,21174,30994,30828,42116,27809
2023-08-19T08:00:00Z,119357,96850,75025,57711,22507,32552,32383,45745,30726
2023-08-19T09:00:00Z,123767,101339,75261,58916,22428,33790,33657,46967,30725
2023-08-19T10:00:00Z,123760,100213,78467,60606,23547,33704,33569,47850,32750
2023-08-19T11:00:00Z,122140,102789,74274,59945,19351,33869,33742,44209,29710
2023-08-19T12:00:00Z,199445,102579,152827,62291,96866,35829,35649,77711,62085
2023-08-19T13:00:00Z,156398,116148,103514,69120,40250,39357,39204,69583,53082
2023-08-19T14:00:00Z,140670,119666,88337,72794,21004,41771,41610,53596,36113
2023-08-19T15:00:00Z,144187,118868,88832,70206,25319,41286,41113,55540,37916
2023-08-19T16:00:00Z,135771,112702,83794,67199,23069,39804,39650,53494,36207
2023-08-19T17:00:00Z,131218,111540,81443,66959,19678,37375,37219,48817,33153
2023-08-19T18:00:00Z,134533,105127,88353,64190,29406,35518,35373,54170,39907
2023-08-19T19:00:00Z,114268,93572,73118,57991,20696,31713,31550,42333,29469
2023-08-19T20:00:00Z,109959,87329,72005,54473,22630,29447,29292,41847,30183
2023-08-19T21:00:00Z,102937,82376,67831,52586,20561,26581,26438,37670,26394
2023-08-19T22:00:00Z,95734,75532,64210,49267,20202,23681,23521,34501,24546
2023-08-19T23:00:00Z,93744,75467,65796,52106,18277,23512,23385,33430,24766
2023-08-20T00:00:00Z,127650,73144,91309,46383,54506,23383,23204,68069,58504
2023-08-20T01:00:00Z,117431,66714,86499,43482,50717,22054,21897,64820,54766
2023-08-20T02:00:00Z,89775,69410,58675,43669,20365,21899,21759,33391,23231
2023-08-20T03:00:00Z,89476,68649,58543,43306,20827,22546,22417,33940,23407
2023-08-20T04:00:00Z,93080,72575,60384,45311,20505,23313,23195,34843,24118
2023-08-20T05:00:00Z,99405,77174,64494,48372,22231,24938,24829,37410,26137
2023-08-20T06:00:00Z,110694,83632,73892,51758,27062,28085,27947,45459,32793
2023-08-20T07:00:00Z,111124,90687,70226,55309,20437,30420,30274,41480,27742
2023-08-20T08:00:00Z,115199,95095,73164,57980,20104,32156,32003,44627,30210
2023-08-20T09:00:00Z,119209,98310,74133,59253,20899,33255,33077,44322,30038
2023-08-20T10:00:00Z,120447,98087,76574,59563,22360,33715,33536,46928,32683
2023-08-20T11:00:00Z,121176,102547,74914,61064,18629,35121,34984,45957,31035
2023-08-20T12:00:00Z,206759,105978,158491,64048,100781,37785,37616,80542,64409
2023-08-20T13:00:00Z,154134,114314,103900,69145,39820,40702,40554,72115,55498
2023-08-20T14:00:00Z,139418,120013,86185,71709,19405,44183,44040,55673,37738
2023-08-20T15:00:00Z,144109,119899,89983,72310,24210,43212,43011,57425,39370
2023-08-20T16:00:00Z,139660,117836,86012,70261,21824,41562,41389,54211,37552
2023-08-20T17:00:00Z,132252,113031,83469,69615,19221,39690,39529,50717,34927
2023-08-20T18:00:00Z,140932,111026,90662,67168,29906,38883,38681,58255,42914
2023-08-20T19:00:00Z,123041,102366,77138,62823,20675,34871,34730,46140,32334
2023-08-20T20:00:00Z,120806,98792,77552,60574,22014,32888,32713,46006,33544
2023-08-20T21:00:00Z,107379,87394,69715,55060,19985,29245,29098,40006,28649
2023-08-20T22:00:00Z,99502,79425,64119,49684,20077,26143,25992,37256,26643
2023-08-20T23:00:00Z,95553,76348,62769,48947,19205,26893,26746,37002,27223
2023-08-21T00:00:00Z,148107,88116,99435,56831,59991,29792,29573,73376,60328
2023-08-21T01:00:00Z,155047,92698,97795,56425,62349,32964,32759,74459,58753
2023-08-21T02:00:00Z,133688,101997,73110,57626,31691,35593,35383,47984,30571
2023-08-21T03:00:00Z,133250,99842,72492,55986,33408,35083,34899,47533,30586
2023-08-21T04:00:00Z,134840,97529,73883,57037,37311,32795,32600,46360,30898
2023-08-21T05:00:00Z,141315,106635,77378,60153,34680,37114,36919,51256,33609
2023-08-21T06:00:00Z,169894,128870,91527,68028,41024,46895,46665,65937,43415
2023-08-21T07:00:00Z,162482,132823,82733,68635,29659,49742,49503,60722,37736
2023-08-21T08:00:00Z,180421,147314,92083,76216,33107,54848,54598,66970,42600
2023-08-21T09:00:00Z,184564,150923,92620,76594,33641,55891,55647,67413,42449
2023-08-21T10:00:00Z,183043,147260,94411,76855,35783,52713,52441,67125,44079
2023-08-21T11:00:00Z,184697,149658,95641,79644,35039,53838,53594,66871,43128
2023-08-21T12:00:00Z,226283,143825,142887,77002,82458,56097,55822,96806,72565
2023-08-21T13:00:00Z,214815,162031,118727,85639,52784,62045,61741,92385,65793
2023-08-21T14:00:00Z,202441,166546,104775,88746,35895,64390,64088,77245,50697
2023-08-21T15:00:00Z,191839,156736,101661,84946,35103,59712,59398,73628,48222
2023-08-21T16:00:00Z,186554,151951,99594,83558,34603,56229,55928,69838,46193
2023-08-21T17:00:00Z,181973,147081,96562,80659,34892,54064,53787,67090,44434
2023-08-21T18:00:00Z,185323,142966,102695,79027,42357,51875,51563,71452,49923
2023-08-21T19:00:00Z,175149,139456,94370,77690,35693,48534,48251,62005,41813
2023-08-21T20:00:00Z,172429,132759,93303,73348,39670,46822,46552,62413,43647
2023-08-21T21:00:00Z,157277,121299,86897,69551,35978,41386,41116,54001,37101
2023-08-21T22:00:00Z,142367,107347,78870,61566,35020,36293,36030,49009,33800
2023-08-21T23:00:00Z,131325,99529,73905,58081,31796,35398,35180,47461,33484
2023-08-22T00:00:00Z,167156,104759,110629,62998,62397,37370,37138,84020,68926
2023-08-22T01:00:00Z,161783,105786,105166,61142,55997,39050,38812,82237,65195
2023-08-22T02:00:00Z,136115,109699,79361,62961,26416,39509,39313,51660,33574
2023-08-22T03:00:00Z,132046,105909,76278,60163,26137,38141,37942,50216,32514
2023-08-22T04:00:00Z,127797,99922,74314,57383,27875,34848,34654,47990,32337
2023-08-22T05:00:00Z,137998,107284,77530,59626,30714,38649,38443,52805,35133
2023-08-22T06:00:00Z,162481,127457,90244,66433,35024,48169,47940,66298,44324
2023-08-22T07:00:00Z,162637,135929,84121,69072,26708,51945,51692,62797,39243
2023-08-22T08:00:00Z,172919,144358,90590,73855,28561,55837,55528,67735,43144
2023-08-22T09:00:00Z,188434,156497,97849,80144,31937,58026,57741,70971,45518
2023-08-22T10:00:00Z,181767,148649,97694,78544,33118,54599,54347,70049,46784
2023-08-22T11:00:00Z,179318,150099,94808,78611,29219,54146,53892,67431,43941
2023-08-22T12:00:00Z,234182,153241,147458,79667,80941,57584,57287,98764,74750
2023-08-22T13:00:00Z,211918,166662,118861,86010,45256,64440,64132,93290,66833
2023-08-22T14:00:00Z,200177,171910,104757,89132,28267,66619,66277,78276,51559
2023-08-22T15:00:00Z,186967,158721,99451,83346,28246,61171,60869,73624,48901
2023-08-22T16:00:00Z,182710,154770,100105,83827,27940,58204,57911,70920,47642
2023-08-22T17:00:00Z,175137,148889,94901,79654,26248,55168,54901,66992,44638
2023-08-22T18:00:00Z,183203,145773,102677,78433,37430,53259,52989,73254,51909
2023-08-22T19:00:00Z,167897,137778,90848,73505,30119,48910,48631,62224,42322
2023-08-22T20:00:00Z,166257,131676,94830,73988,34581,47011,46693,63258,44123
2023-08-22T21:00:00Z,150836,119363,85285,66573,31473,41077,40821,54823,38050
2023-08-22T22:00:00Z,135861,106630,78753,61133,29231,36040,35826,48956,34054
2023-08-22T23:00:00Z,126321,99885,75285,58730,26436,35188,34957,47270,33634
2023-08-23T00:00:00Z,160894,100046,106582,59703,60848,36309,36062,82425,67931
2023-08-23T01:00:00Z,152508,98532,96963,55828,53976,38002,37784,77682,61127
2023-08-23T02:00:00Z,134317,107660,74744,58504,26657,40107,39895,50790,33033
2023-08-23T03:00:00Z,132717,107543,76641,60722,25174,38367,38147,49682,32302
2023-08-23T04:00:00Z,129260,102353,75705,59187,26907,35249,35037,47390,32013
2023-08-23T05:00:00Z,139217,109028,78102,59968,30189,38664,38458,52963,34740
2023-08-23T06:00:00Z,166933,132244,93306,69880,34689,48642,48420,67017,44645
2023-08-23T07:00:00Z,162073,137047,86902,72169,25026,51641,51385,61739,38781
2023-08-23T08:00:00Z,178881,151592,92912,76878,27289,56549,56269,67924,43403
2023-08-23T09:00:00Z,176260,151107,90426,75223,25153,56326,56042,66526,42546
2023-08-23T10:00:00Z,170395,142868,92476,75962,27527,53464,53184,66494,43952
2023-08-23T11:00:00Z,178652,151027,96065,80314,27625,54809,54533,66447,43513
2023-08-23T12:00:00Z,206100,134768,133172,72049,71332,52925,52635,91676,69574
2023-08-23T13:00:00Z,193233,154272,110161,81738,38961,60427,60127,85450,60886
2023-08-23T14:00:00Z,195555,167761,105841,89705,27794,65323,64990,77147,51253
2023-08-23T15:00:00Z,169795,144130,92633,76918,25665,58414,58092,71204,46966
2023-08-23T16:00:00Z,171591,144846,93585,77742,26745,56415,56115,69954,46997
2023-08-23T17:00:00Z,182376,155075,99979,84380,27301,55686,55409,68060,45775
2023-08-23T18:00:00Z,181508,147543,104380,81108,33965,53239,52991,72096,50985
2023-08-23T19:00:00Z,168871,143107,95447,79707,25764,49540,49288,62266,42649
2023-08-23T20:00:00Z,163116,133285,93058,73854,29831,47054,46770,61684,43299
2023-08-23T21:00:00Z,159343,123012,86092,68699,36331,41465,41185,56708,37697
2023-08-23T22:00:00Z,141727,111094,81066,63412,30633,36192,35955,50303,35229
2023-08-23T23:00:00Z,132834,103428,78159,60818,29406,35523,35279,49720,35243
2023-08-24T00:00:00Z,172710,108271,114056,64531,64439,37030,36760,86906,71375
2023-08-24T01:00:00Z,163982,105292,104959,60017,58690,38201,37970,82782,64991
2023-08-24T02:00:00Z,144032,112371,80038,62873,31661,39502,39295,53767,34548
2023-08-24T03:00:00Z,135896,108703,77207,60657,27193,38041,37833,50788,32988
2023-08-24T04:00:00Z,131141,103491,76875,59948,27650,34830,34620,48265,32656
2023-08-24T05:00:00Z,143197,113607,81191,63213,29590,38816,38613,54224,36086
2023-08-24T06:00:00Z,166259,132619,92095,68825,33640,47789,47563,67420,44497
2023-08-24T07:00:00Z,169715,144637,90962,75984,25078,52641,52387,63716,40549
2023-08-24T08:00:00Z,178536,150573,95820,79095,27963,55013,54738,67453,43413
2023-08-24T09:00:00Z,184493,156584,98293,81744,27909,57613,57325,69534,44546
2023-08-24T10:00:00Z,180530,150099,98542,80132,30431,54312,53983,68282,45800
2023-08-24T11:00:00Z,186711,157200,100336,83683,29511,55355,55037,68600,45376
2023-08-24T12:00:00Z,222595,144817,142115,76725,77778,56067,55743,97208,73455
2023-08-24T13:00:00Z,200018,156838,112822,82228,43180,61126,60791,88812,63689
2023-08-24T14:00:00Z,195996,167362,103809,88138,28634,65534,65195,77791,51594
2023-08-24T15:00:00Z,178341,148741,93656,77137,29600,58131,57795,72186,47483
2023-08-24T16:00:00Z,174701,145563,91105,75641,29138,54994,54682,68948,45970
2023-08-24T17:00:00Z,173431,142465,94988,78863,30966,52828,52546,67030,44848
2023-08-24T18:00:00Z,185850,145980,106444,81677,39870,52208,51899,72782,51507
2023-08-24T19:00:00Z,171238,138444,95848,77933,32794,48824,48549,62564,42876
2023-08-24T20:00:00Z,160862,125898,89850,70730,34964,45572,45278,61822,42458
2023-08-24T21:00:00Z,151610,119739,85052,67451,31871,40848,40590,54695,37764
2023-08-24T22:00:00Z,142876,111248,81612,64083,31628,36306,36052,51041,35131
2023-08-24T23:00:00Z,135322,104575,79362,61664,30747,35240,35022,49518,35428
2023-08-25T00:00:00Z,172886,106262,112898,64096,66624,36712,36439,85021,69819
2023-08-25T01:00:00Z,166846,106440,106212,60498,60406,38124,37885,83110,66191
2023-08-25T02:00:00Z,145492,113762,79733,61928,31730,39136,38936,52597,34758
2023-08-25T03:00:00Z,139292,108799,76843,59362,30493,37355,37161,49766,32485
2023-08-25T04:00:00Z,130466,99287,75148,57483,31179,33327,33126,46836,31655
2023-08-25T05:00:00Z,141362,106834,79109,59760,34528,37151,36947,52183,34265
2023-08-25T06:00:00Z,167441,130926,94448,69895,36515,46785,46554,65939,43989
2023-08-25T07:00:00Z,170277,141274,90048,73407,29003,50674,50417,63184,39583
2023-08-25T08:00:00Z,183337,149850,95305,76720,33487,54254,53985,67709,43511
2023-08-25T09:00:00Z,185233,153427,98721,80283,31806,55482,55216,68244,44134
2023-08-25T10:00:00Z,179117,146441,97694,78361,32676,51500,51239,65780,43862
2023-08-25T11:00:00Z,178160,147848,95286,78067,30312,50735,50488,62472,41223
2023-08-25T12:00:00Z,226565,140476,148913,76359,86089,53105,52829,94638,72515
2023-08-25T13:00:00Z,207877,161976,117986,83731,45901,58625,58342,88676,64189
2023-08-25T14:00:00Z,194826,165895,105738,88734,28931,61838,61554,74156,49461
2023-08-25T15:00:00Z,178490,149090,97053,79156,29400,55674,55356,69517,46635
2023-08-25T16:00:00Z,175993,147120,98449,81843,28873,52888,52578,66660,44806
2023-08-25T17:00:00Z,173219,145145,96685,79690,28074,50919,50621,64116,43113
2023-08-25T18:00:00Z,176258,139589,104444,79333,36669,48507,48203,68566,49256
2023-08-25T19:00:00Z,157954,129251,88960,71930,28703,43914,43629,56670,38757
2023-08-25T20:00:00Z,153960,118942,90320,68421,35018,40936,40657,56344,40186
2023-08-25T21:00:00Z,139243,105371,80271,60842,33872,35786,35528,49482,34554
2023-08-25T22:00:00Z,125472,94019,72956,53924,31453,30863,30630,45104,31355
2023-08-25T23:00:00Z,116044,85158,70688,51626,30886,29506,29310,42958,31093
2023-08-26T00:00:00Z,141817,83404,99085,52523,58413,28475,28246,73014,61503
2023-08-26T01:00:00Z,127843,74235,88431,45765,53608,26002,25825,67064,55483
2023-08-26T02:00:00Z,103278,77363,64391,47172,25915,25469,25310,38472,26510
2023-08-26T03:00:00Z,102612,79215,64315,47805,23397,25581,25387,37473,25730
2023-08-26T04:00:00Z,101620,78592,63718,47095,23028,25696,25538,37754,26126
2023-08-26T05:00:00Z,107003,80208,66279,48102,26795,26853,26694,41053,28303
2023-08-26T06:00:00Z,116533,86347,74228,50727,30186,29967,29807,48689,34453
2023-08-26T07:00:00Z,112257,90736,68918,53615,21521,31229,31066,42604,28258
2023-08-26T08:00:00Z,118062,94954,72768,55396,23108,33147,32989,46611,31611
2023-08-26T09:00:00Z,118981,96275,73267,56466,22706,33878,33718,46329,30958
2023-08-26T10:00:00Z,121096,97279,75476,57779,23817,34201,34056,47887,33012
2023-08-26T11:00:00Z,118204,97490,73291,57903,20714,34279,34140,45695,30792
2023-08-26T12:00:00Z,201002,101595,154338,61237,99407,36651,36494,79657,63928
2023-08-26T13:00:00Z,151947,109268,100373,64455,42679,39187,39020,71149,54346
2023-08-26T14:00:00Z,138253,115607,83539,67569,22646,42755,42591,55115,37225
2023-08-26T15:00:00Z,141519,116745,86902,69097,24774,42025,41865,56230,38594
2023-08-26T16:00:00Z,136772,113276,80987,64519,23496,40878,40725,54333,36961
2023-08-26T17:00:00Z,135212,113079,80823,65730,22133,39001,38857,51111,34800
2023-08-26T18:00:00Z,134435,104176,86104,62251,30259,36814,36632,55838,41104
2023-08-26T19:00:00Z,120269,98188,75879,60426,22081,32957,32789,44894,31314
2023-08-26T20:00:00Z,118457,93400,76708,58187,25057,30357,30173,44982,32335
2023-08-26T21:00:00Z,108951,86587,69828,53924,22364,27537,27330,39254,27683
2023-08-26T22:00:00Z,99014,77330,63580,48316,21684,24331,24185,35802,25637
2023-08-26T23:00:00Z,93804,73659,63206,48594,20145,23615,23486,34605,25565
2023-08-27T00:00:00Z,127992,71776,93022,46246,56216,23616,23410,69954,60157
2023-08-27T01:00:00Z,130173,70408,92887,45220,59765,22972,22785,70072,59627
2023-08-27T02:00:00Z,94322,71472,60471,45212,22850,22586,22441,34731,23942
2023-08-27T03:00:00Z,92329,72121,60441,45235,20208,23281,23137,34536,23731
2023-08-27T04:00:00Z,94640,74004,61679,46305,20636,23656,23527,35419,24754
2023-08-27T05:00:00Z,100874,76713,64365,47598,24161,25523,25375,38701,27328
2023-08-27T06:00:00Z,113329,84417,74282,51498,28912,28543,28383,46747,33838
2023-08-27T07:00:00Z,112275,91893,70489,55572,20382,31131,30985,42391,28488
2023-08-27T08:00:00Z,121666,97294,76104,58918,24372,33124,32960,46642,31821
2023-08-27T09:00:00Z,123841,99268,75472,58584,24573,34476,34259,47505,32231
2023-08-27T10:00:00Z,125210,100319,78768,60853,24891,34830,34670,49441,34419
2023-08-27T11:00:00Z,123754,102006,76577,61442,21748,35534,35380,47359,31899
2023-08-27T12:00:00Z,207886,106184,157794,63562,101702,39065,38855,82561,65930
2023-08-27T13:00:00Z,155357,114405,101759,67241,40952,41843,41680,73214,55637
2023-08-27T14:00:00Z,143802,120888,87261,71205,22914,44895,44716,57613,39114
2023-08-27T15:00:00Z,145012,120381,89648,72024,24631,44098,43892,58605,40278
2023-08-27T16:00:00Z,144789,121112,90052,73458,23677,42759,42596,56962,39301
2023-08-27T17:00:00Z,137342,116035,84596,69850,21307,40286,40127,52823,36262
2023-08-27T18:00:00Z,139362,109583,91272,67640,29779,38722,38559,58315,42931
2023-08-27T19:00:00Z,123812,102725,78286,63432,21087,35415,35279,46863,32588
2023-08-27T20:00:00Z,122250,97429,79372,60919,24821,33193,33041,47273,34094
2023-08-27T21:00:00Z,109458,87712,70792,55090,21746,29667,29508,40723,28870
2023-08-27T22:00:00Z,100222,78894,64877,49702,21328,26224,26094,37576,26524
2023-08-27T23:00:00Z,98982,77767,64447,49628,21215,27089,26938,38377,27895
2023-08-28T00:00:00Z,150197,83921,99851,52843,66276,29808,29604,77719,64134
2023-08-28T01:00:00Z,165312,93858,102111,55681,71454,33827,33629,81136,63731
2023-08-28T02:00:00Z,139447,102751,74884,58177,36696,36599,36404,50982,32597
2023-08-28T03:00:00Z,137645,100636,75380,57431,37009,35953,35760,50155,32085
2023-08-28T04:00:00Z,137566,96911,74641,55992,40655,33327,33122,48589,32049
2023-08-28T05:00:00Z,145155,105818,78590,58999,39337,37649,37439,53475,34885
2023-08-28T06:00:00Z,172159,128525,93280,68231,43634,47286,47059,66568,44136
2023-08-28T07:00:00Z,177384,141041,89649,72603,36343,52591,52331,64803,40377
2023-08-28T08:00:00Z,175251,141216,89369,72970,34035,53721,53444,66281,42031
2023-08-28T09:00:00Z,177699,144420,90297,74108,33279,54733,54422,66775,42051
2023-08-28T10:00:00Z,181506,144677,96161,77997,36829,52270,52003,67464,44361
2023-08-28T11:00:00Z,185112,149921,95233,79173,35191,53834,53570,67229,43105
2023-08-28T12:00:00Z,230511,147254,145714,79650,83257,57101,56782,98951,74258
2023-08-28T13:00:00Z,208098,158571,115542,83598,49527,61638,61331,90502,64565
2023-08-28T14:00:00Z,192760,160501,100974,85586,32259,63987,63691,75747,49189
2023-08-28T15:00:00Z,175488,144988,91580,76236,30500,58341,58056,71214,46698
2023-08-28T16:00:00Z,170562,138544,91243,75250,32018,55100,54827,68405,45287
2023-08-28T17:00:00Z,184318,149298,97259,80322,35020,55319,55071,69483,46144
2023-08-28T18:00:00Z,184605,142107,102152,77741,42498,54520,54222,73557,51204
2023-08-28T19:00:00Z,179973,141539,94519,76218,38434,52938,52659,64698,43537
2023-08-28T20:00:00Z,180353,139087,97472,76553,41266,49946,49643,64826,44718
2023-08-28T21:00:00Z,158942,122517,85581,67917,36425,43348,43108,55164,37959
2023-08-28T22:00:00Z,145853,109987,80713,63348,35866,38189,37947,50861,35103
2023-08-28T23:00:00Z,123909,93167,69689,53998,30742,34956,34735,46302,32358
2023-08-29T00:00:00Z,174353,110893,113535,66001,63460,38711,38445,85125,69663
2023-08-29T01:00:00Z,138225,87475,91112,50179,50750,34655,34437,74891,60330
2023-08-29T02:00:00Z,131161,105470,71840,57797,25691,40753,40529,54338,35027
2023-08-29T03:00:00Z,135930,107777,76333,59169,28153,39522,39317,51708,33136
2023-08-29T04:00:00Z,129134,101498,73571,56791,27636,35837,35618,49172,32561
2023-08-29T05:00:00Z,144683,113503,79604,61638,31180,40003,39793,54974,35826
2023-08-29T06:00:00Z,166281,132345,92570,68930,33936,49643,49387,67555,44890
2023-08-29T07:00:00Z,171554,144640,90507,74548,26914,54867,54582,65121,40631
2023-08-29T08:00:00Z,185990,158087,95456,78989,27903,58719,58422,70001,44573
2023-08-29T09:00:00Z,179537,152018,93481,77294,27519,58675,58349,69950,44400
2023-08-29T10:00:00Z,171841,143860,92673,75919,27981,54410,54132,67273,44566
2023-08-29T11:00:00Z,182109,153492,97172,81634,28617,56499,56240,68343,44336
2023-08-29T12:00:00Z,210933,140628,133625,74988,70305,56393,56114,94980,71345
2023-08-29T13:00:00Z,208693,164631,116064,85099,44062,64760,64444,91525,64963
2023-08-29T14:00:00Z,202199,173237,105557,89927,28962,68445,68123,80173,52428
2023-08-29T15:00:00Z,176563,149005,94181,78701,27558,60120,59813,73169,48244
2023-08-29T16:00:00Z,174636,148098,94437,79122,26538,57855,57575,70199,47007
2023-08-29T17:00:00Z,178174,150823,95651,80817,27351,56778,56492,69219,45666
2023-08-29T18:00:00Z,183274,147940,104372,81179,35334,55135,54858,74493,52360
2023-08-29T19:00:00Z,171653,143816,94709,79184,27837,51648,51382,64353,43593
2023-08-29T20:00:00Z,164230,134684,93523,75672,29546,48653,48350,62452,43479
2023-08-29T21:00:00Z,158966,128269,90862,72152,30697,43558,43280,57160,39507
2023-08-29T22:00:00Z,147453,118751,85846,67701,28702,38602,38348,52467,36970
2023-08-29T23:00:00Z,138862,110797,83519,65908,28065,37626,37399,50727,36243
2023-08-30T00:00:00Z,169300,110163,108170,65030,59137,39397,39121,82658,65943
2023-08-30T01:00:00Z,159557,106263,101316,60263,53294,40028,39783,81004,63318
2023-08-30T02:00:00Z,140832,114082,79016,63391,26750,41449,41239,54211,34666
2023-08-30T03:00:00Z,138743,110979,78639,62473,27764,39072,38856,51945,33523
2023-08-30T04:00:00Z,133613,104832,77098,60488,28781,35254,35042,48815,32176
2023-08-30T05:00:00Z,143434,110103,79559,61327,33331,38438,38246,53878,35055
2023-08-30T06:00:00Z,172969,136600,94908,71104,36369,48737,48497,68513,45078
2023-08-30T07:00:00Z,173214,146173,91107,75650,27041,53674,53443,65270,40650
2023-08-30T08:00:00Z,171261,143497,89264,73920,27764,55380,55116,67339,42297
2023-08-30T09:00:00Z,181050,153795,95911,79726,27255,57429,57107,69357,44454
2023-08-30T10:00:00Z,177037,149536,96756,79513,27501,54612,54313,68266,45438
2023-08-30T11:00:00Z,172729,147834,93197,78501,24895,54240,53963,65107,42465
2023-08-30T12:00:00Z,212584,140891,138359,76037,71693,56112,55814,94499,71544
2023-08-30T13:00:00Z,202536,161047,115161,84954,41489,62460,62161,89407,63515
2023-08-30T14:00:00Z,194312,167660,102294,88488,26652,65940,65641,77682,49897
2023-08-30T15:00:00Z,175399,151284,93959,79109,24115,59906,59598,71168,47093
2023-08-30T16:00:00Z,177052,152297,96451,81323,24755,57723,57449,70532,46899
2023-08-30T17:00:00Z,177907,154131,99319,84808,23776,56474,56218,68498,46049
2023-08-30T18:00:00Z,176858,146030,103434,81824,30828,53674,53418,72147,50987
2023-08-30T19:00:00Z,173709,146572,97100,81504,27137,51455,51180,64424,43857
2023-08-30T20:00:00Z,164125,135287,94583,76553,28838,48164,47869,61960,43336
2023-08-30T21:00:00Z,156944,126166,88133,72033,30778,43313,43070,56747,37998
2023-08-30T22:00:00Z,148745,115881,84125,67885,32864,38222,37963,52265,35278
2023-08-30T23:00:00Z,139209,110324,82729,67457,28885,37276,37031,50354,35212
2023-08-31T00:00:00Z,166504,110316,110312,67832,56188,37788,37529,80190,65035
2023-08-31T01:00:00Z,162033,107856,105576,63871,54177,38925,38697,80387,63135
2023-08-31T02:00:00Z,141859,114826,82777,66560,27033,40494,40297,52905,34283
2023-08-31T03:00:00Z,135201,110308,79583,63383,24893,38123,37931,50426,32791
2023-08-31T04:00:00Z,127484,102181,76588,60239,25303,34533,34340,47003,31807
2023-08-31T05:00:00Z,138366,109484,78515,61071,28882,37418,37220,51438,34460
2023-08-31T06:00:00Z,163009,130095,91569,68235,32914,47104,46889,66006,44168
2023-08-31T07:00:00Z,161130,137011,85342,70403,24119,51184,50929,61947,38905
2023-08-31T08:00:00Z,175981,149237,93510,77067,26744,55452,55120,67189,43280
2023-08-31T09:00:00Z,184596,157269,95759,79252,27327,57323,57032,68660,44046
2023-08-31T10:00:00Z,176334,148372,96885,79334,27962,53393,53125,66341,44761
2023-08-31T11:00:00Z,180961,154347,97705,82111,26614,54407,54155,66271,43302
2023-08-31T12:00:00Z,214525,143395,139790,78535,71130,55491,55185,94209,71464
2023-08-31T13:00:00Z,202208,161099,116537,85713,41109,61668,61381,88454,63768
2023-08-31T14:00:00Z,189227,164419,101542,87264,24808,63706,63388,74079,48835
2023-08-31T15:00:00Z,177374,151889,95923,80345,25485,59602,59301,71174,47294
2023-08-31T16:00:00Z,170908,144398,92623,78105,26510,55062,54753,68440,45329
2023-08-31T17:00:00Z,177368,152070,97573,82940,25298,54106,53819,66921,44817
2023-08-31T18:00:00Z,181210,147493,104371,81581,33717,52791,52455,70638,50372
2023-08-31T19:00:00Z,167940,141270,96042,80345,26670,49612,49343,61263,41940
2023-08-31T20:00:00Z,167643,138784,99685,80981,28859,47247,46932,61290,43666
2023-08-31T21:00:00Z,156014,128304,92907,75837,27710,41598,41342,53882,38173
2023-08-31T22:00:00Z,141104,113803,84718,68237,27301,36786,36544,49359,34643
2023-08-31T23:00:00Z,130420,106195,80370,65050,24225,35673,35425,47436,33857
2023-09-01T00:00:00Z,167923,106250,108049,66241,61673,36354,36078,77529,62246
2023-09-01T01:00:00Z,168063,106103,108090,63825,61960,37881,37666,82299,64911
2023-09-01T02:00:00Z,144347,109286,80676,63787,35061,37704,37460,50693,33048
2023-09-01T03:00:00Z,134515,102947,76385,59241,31568,35714,35480,48165,31469
2023-09-01T04:00:00Z,126780,95615,72185,55162,31165,32293,32091,45919,30754
2023-09-01T05:00:00Z,138074,104406,74778,56522,33668,36106,35898,51394,33843
2023-09-01T06:00:00Z,164900,126422,90919,66225,38478,44691,44476,65148,43488
2023-09-01T07:00:00Z,170968,140265,89390,73016,30703,49115,48882,61918,39623
2023-09-01T08:00:00Z,181646,148710,96071,77707,32936,52871,52604,66824,42793
2023-09-01T09:00:00Z,183653,151852,98094,80031,31801,53532,53287,65990,42769
2023-09-01T10:00:00Z,174994,142333,94774,76171,32661,49304,48991,64422,42950
2023-09-01T11:00:00Z,180727,149778,98018,82246,30949,50062,49812,63321,41167
2023-09-01T12:00:00Z,230194,143450,151173,78980,86744,53267,52997,95421,73264
2023-09-01T13:00:00Z,201117,154649,115968,82988,46468,57055,56776,86188,62935
2023-09-01T14:00:00Z,193474,163990,102726,87319,29484,60677,60394,72360,48095
2023-09-01T15:00:00Z,185954,155037,100594,83019,30917,56250,55965,70936,47648
2023-09-01T16:00:00Z,179491,148005,97548,80876,31486,52789,52499,66830,44691
2023-09-01T17:00:00Z,174871,145517,95951,80829,29354,49838,49562,62999,41795
2023-09-01T18:00:00Z,174807,136963,102119,77741,37844,47525,47229,67476,48754
2023-09-01T19:00:00Z,157350,127436,88537,72262,29914,43463,43220,56037,38282
2023-09-01T20:00:00Z,160159,126064,92245,73287,34095,40765,40492,56942,39720
2023-09-01T21:00:00Z,140399,107390,80795,62727,33009,35475,35241,49848,34827
2023-09-01T22:00:00Z,130089,95921,75306,57805,34168,30772,30548,45243,31772
2023-09-01T23:00:00Z,120375,90765,73812,57607,29610,28848,28626,42408,30147
2023-09-02T00:00:00Z,143205,85655,101258,55917,57550,28061,27800,72504,60989
2023-09-02T01:00:00Z,128964,77266,91330,49770,51698,25687,25486,66327,54976
2023-09-02T02:00:00Z,102882,78295,64199,47752,24587,25037,24836,37846,25500
2023-09-02T03:00:00Z,98195,76358,61611,45936,21837,24980,24822,37766,25077
2023-09-02T04:00:00Z,97385,75909,62566,46743,21476,24979,24821,37005,25662
2023-09-02T05:00:00Z,105081,79658,65735,48453,25423,26093,25962,40253,27383
2023-09-02T06:00:00Z,116465,86369,76366,52430,30096,29036,28878,47536,34044
2023-09-02T07:00:00Z,113413,92363,68795,53530,21050,30454,30311,42231,27878
2023-09-02T08:00:00Z,119318,96311,73900,56881,23007,32232,32082,45795,30702
2023-09-02T09:00:00Z,117863,95586,72299,55803,22277,32761,32615,45143,30242
2023-09-02T10:00:00Z,120524,96384,74588,56875,24140,32553,32396,46757,32036
2023-09-02T11:00:00Z,117547,96920,72389,57417,20627,33074,32916,44597,29917
2023-09-02T12:00:00Z,199176,98966,153249,59665,100210,35310,35090,77643,62429
2023-09-02T13:00:00Z,152253,110669,100994,65358,41584,38407,38235,70111,53547
2023-09-02T14:00:00Z,136782,114793,83006,67356,21989,41131,40974,54350,35907
2023-09-02T15:00:00Z,138262,113714,85753,67868,24548,39829,39656,54121,37119
2023-09-02T16:00:00Z,133226,109979,81977,65504,23247,39266,39110,52656,36400
2023-09-02T17:00:00Z,128450,106980,80812,65565,21470,36860,36696,49097,33769
2023-09-02T18:00:00Z,130608,99704,85171,60676,30904,35156,34991,54528,40410
2023-09-02T19:00:00Z,116621,95369,73656,58187,21252,31819,31675,43085,29880
2023-09-02T20:00:00Z,113912,89004,74502,55401,24908,29489,29341,43605,31348
2023-09-02T21:00:00Z,105635,81980,68749,51641,23655,26421,26283,39115,27676
2023-09-02T22:00:00Z,94959,71726,62305,45632,23233,23200,23075,35263,25386
2023-09-02T23:00:00Z,91313,68815,61651,45552,22498,22930,22777,34547,25771
2023-09-03T00:00:00Z,123103,69948,89991,46311,53155,23125,22921,65393,55391
2023-09-03T01:00:00Z,120511,67934,89644,44413,52577,22497,22332,66768,56761
2023-09-03T02:00:00Z,91494,69252,59402,43534,22242,22256,22130,34255,23755
2023-09-03T03:00:00Z,87569,67375,57686,41960,20194,22541,22421,33271,23059
2023-09-03T04:00:00Z,90831,69940,59955,44310,20891,23167,23051,34712,24321
2023-09-03T05:00:00Z,99040,74918,63253,46143,24122,24754,24612,38030,26361
2023-09-03T06:00:00Z,113737,85410,75747,52636,28327,28795,28645,46644,33440
2023-09-03T07:00:00Z,111908,91527,69617,54637,20381,30868,30731,42444,28162
2023-09-03T08:00:00Z,119529,96807,75002,58072,22722,32714,32542,45995,30990
2023-09-03T09:00:00Z,121145,98221,74951,58103,22924,33625,33469,45717,30930
2023-09-03T10:00:00Z,121702,98382,77314,59513,23320,33702,33539,47481,32805
2023-09-03T11:00:00Z,125464,104059,78526,63334,21405,35105,34955,46256,31160
2023-09-03T12:00:00Z,206306,110799,158991,70141,95507,37289,37124,80116,64315
2023-09-03T13:00:00Z,156277,115190,104160,69104,41087,40532,40384,71290,54400
2023-09-03T14:00:00Z,141766,119772,88171,72020,21994,43661,43497,55417,38021
2023-09-03T15:00:00Z,142962,118343,88309,70410,24619,42871,42718,56612,39204
2023-09-03T16:00:00Z,141129,117723,88265,71736,23406,41020,40833,54793,37643
2023-09-03T17:00:00Z,135117,113850,83800,68914,21267,39317,39161,52228,35752
2023-09-03T18:00:00Z,141420,110334,91278,66911,31086,38134,37985,57927,42790
2023-09-03T19:00:00Z,124034,102116,78218,62520,21918,34607,34455,46641,32749
2023-09-03T20:00:00Z,118764,93619,76836,58088,25145,31828,31670,45748,32976
2023-09-03T21:00:00Z,109391,87673,71091,55046,21718,28467,28312,39934,28245
2023-09-03T22:00:00Z,98474,76573,63892,48466,21901,25293,25141,36016,25758
2023-09-03T23:00:00Z,96937,76182,64446,49624,20755,25670,25539,36116,26645
2023-09-04T00:00:00Z,141287,82272,95057,52364,59015,28959,28739,71032,58160
2023-09-04T01:00:00Z,154771,89674,97792,53625,65097,32678,32468,77112,60702
2023-09-04T02:00:00Z,129230,96759,70989,54825,32471,34436,34214,47394,29373
2023-09-04T03:00:00Z,129951,94885,71525,53708,35066,33977,33790,47162,29975
2023-09-04T04:00:00Z,126735,90100,70215,52387,36635,31547,31350,45148,29854
2023-09-04T05:00:00Z,141060,104141,76460,57990,36919,36421,36225,51463,33643
2023-09-04T06:00:00Z,169604,127985,91467,67507,41619,46104,45889,65741,43533
2023-09-04T07:00:00Z,178866,144202,89605,73184,34664,53109,52818,65536,40630
2023-09-04T08:00:00Z,185443,151526,93773,76572,33917,55581,55284,69408,44107
2023-09-04T09:00:00Z,183680,151134,94378,78450,32546,55548,55283,67646,42700
2023-09-04T10:00:00Z,186364,150559,97434,79836,35805,52696,52423,67910,44593
2023-09-04T11:00:00Z,189696,155507,100441,84226,34189,55268,55019,67956,43904
2023-09-04T12:00:00Z,214664,134018,129771,72877,80646,53095,52763,95916,69557
2023-09-04T13:00:00Z,200399,144272,105640,77712,56127,57675,57348,89260,59454
2023-09-04T14:00:00Z,216193,168561,106194,91329,47632,62992,62690,82266,50491
2023-09-04T15:00:00Z,192802,150647,99843,82894,42155,56825,56527,74669,48138
2023-09-04T16:00:00Z,191316,147692,102338,84386,43624,53373,53108,71593,47171
2023-09-04T17:00:00Z,187633,145222,102242,84998,42411,50154,49926,69252,44857
2023-09-04T18:00:00Z,193832,142908,112373,86251,50924,48714,48485,73741,52345
2023-09-04T19:00:00Z,181426,139271,102368,84590,42155,45624,45404,63305,43040
2023-09-04T20:00:00Z,172114,128533,101766,81459,43581,42719,42490,61194,42826
2023-09-04T21:00:00Z,157868,117537,90757,74783,40331,37545,37341,53667,36985
2023-09-04T22:00:00Z,147216,107495,85921,69038,39721,33675,33476,49437,33962
2023-09-04T23:00:00Z,136629,101631,82007,66855,34998,33610,33454,47495,33266
2023-09-05T00:00:00Z,173391,106150,116842,67998,67241,36662,36450,86862,70997
2023-09-05T01:00:00Z,163497,105770,106911,63576,57727,38932,38741,82655,64991
2023-09-05T02:00:00Z,146231,114643,81424,65595,31588,40408,40226,54391,34313
2023-09-05T03:00:00Z,135598,106823,75981,60666,28775,38088,37910,51458,32187
2023-09-05T04:00:00Z,116220,97195,61749,55313,19025,34600,34441,43909,26916
2023-09-05T05:00:00Z,146364,111529,79861,61867,34835,39026,38828,55079,35827
2023-09-05T06:00:00Z,174087,135056,92992,70348,39031,49158,48922,68608,45187
2023-09-05T07:00:00Z,171595,143189,87095,72993,28406,52927,52682,65114,40694
2023-09-05T08:00:00Z,186921,154810,95531,79396,32111,57975,57657,71317,45182
2023-09-05T09:00:00Z,189343,158490,97161,81540,30853,58790,58497,71061,44849
2023-09-05T10:00:00Z,185475,152196,98721,81094,33279,54624,54346,69853,45559
2023-09-05T11:00:00Z,189722,158074,98348,82960,31648,56274,55974,68870,44441
2023-09-05T12:00:00Z,240272,160449,152822,85815,79823,60182,59885,101376,76284
2023-09-05T13:00:00Z,216295,173839,122811,91436,42456,65132,64827,92208,66492
2023-09-05T14:00:00Z,201433,175613,108884,94198,25820,67503,67203,79066,52036
2023-09-05T15:00:00Z,180020,155315,96219,81316,24705,60815,60504,73278,48635
2023-09-05T16:00:00Z,132117,114091,74062,62906,18026,48106,47835,57734,38912
2023-09-05T17:00:00Z,193856,164744,105678,89489,29112,58545,58271,70255,47336
2023-09-05T18:00:00Z,196602,160705,112801,88677,35897,56897,56616,75981,54061
2023-09-05T19:00:00Z,181799,154268,103683,87248,27531,53333,53066,64738,44795
2023-09-05T20:00:00Z,177332,146989,103996,85004,30343,49293,49031,63017,44866
2023-09-05T21:00:00Z,163221,132833,95723,78760,30388,43237,42990,56082,38676
2023-09-05T22:00:00Z,146954,116125,84428,68510,30829,37177,36932,51146,34489
2023-09-05T23:00:00Z,136188,112267,83958,68673,23921,36574,36368,47704,34288
2023-09-06T00:00:00Z,168171,111672,111697,68879,56499,38696,38418,80419,65231
2023-09-06T01:00:00Z,160258,108366,103842,62780,51892,40024,39814,80667,63348
2023-09-06T02:00:00Z,140555,115381,81771,66242,25174,41095,40901,52241,33971
2023-09-06T03:00:00Z,134144,109125,78098,62160,25019,38832,38642,50295,32741
2023-09-06T04:00:00Z,129268,103606,75115,58917,25662,35758,35556,48192,32565
2023-09-06T05:00:00Z,145490,115255,82431,65070,30235,39807,39598,53445,35526
2023-09-06T06:00:00Z,172103,137679,95468,72459,34424,49734,49475,67932,45173
2023-09-06T07:00:00Z,179566,153361,94570,79097,26205,56020,55778,66722,41950
2023-09-06T08:00:00Z,184931,156554,96093,79611,28377,58774,58465,70239,45072
2023-09-06T09:00:00Z,185973,157908,97233,81242,28065,58150,57834,69365,44113
2023-09-06T10:00:00Z,183768,153780,99518,81738,29988,54958,54694,68027,45226
2023-09-06T11:00:00Z,184475,156292,98770,82849,28183,55969,55707,67268,43790
2023-09-06T12:00:00Z,223637,149173,142896,79112,74464,57882,57596,97305,73529
2023-09-06T13:00:00Z,205082,164448,117998,87161,40634,64040,63726,89912,64732
2023-09-06T14:00:00Z,198384,172956,105293,90615,25428,67349,67019,77607,50912
2023-09-06T15:00:00Z,188968,162515,102017,86287,26453,62602,62274,74906,49870
2023-09-06T16:00:00Z,178925,154326,97183,82347,24599,57182,56862,69536,46208
2023-09-06T17:00:00Z,179460,152602,95160,81188,26858,56089,55789,67887,45268
2023-09-06T18:00:00Z,188747,151330,103679,81987,37417,54031,53726,74344,51504
2023-09-06T19:00:00Z,171170,143991,95217,80663,27179,50424,50165,62813,42333
2023-09-06T20:00:00Z,172615,135951,95515,76502,36664,48082,47803,63942,43575
2023-09-06T21:00:00Z,158744,122941,85937,68312,35803,41695,41421,55970,37931
2023-09-06T22:00:00Z,134258,105555,76412,59652,28703,35976,35709,48592,33783
2023-09-06T23:00:00Z,127310,101767,75628,59557,25543,34889,34645,46505,33143
2023-09-07T00:00:00Z,162431,104994,106258,62290,57437,36676,36383,79773,64697
2023-09-07T01:00:00Z,153439,101642,99426,58631,51797,38265,38025,77782,60929
2023-09-07T02:00:00Z,135949,109156,76447,60360,26793,39914,39699,51464,33099
2023-09-07T03:00:00Z,131162,105341,73963,57607,25821,38834,38635,50121,32636
2023-09-07T04:00:00Z,129642,103244,75604,58950,26398,35504,35302,48178,32491
2023-09-07T05:00:00Z,144228,113436,78895,61268,30792,39925,39727,54027,35453
2023-09-07T06:00:00Z,175784,141669,94911,71573,34115,50449,50225,68568,45490
2023-09-07T07:00:00Z,179325,152676,93180,77162,26649,55420,55162,66930,41797
2023-09-07T08:00:00Z,184009,156734,95566,79338,27275,58142,57838,69622,44735
2023-09-07T09:00:00Z,192778,165036,101550,85166,27742,59723,59406,70950,45821
2023-09-07T10:00:00Z,182365,153413,97834,80301,28952,54741,54453,67966,45287
2023-09-07T11:00:00Z,182332,155560,97745,81599,26772,55734,55459,66391,43781
2023-09-07T12:00:00Z,240952,158814,156029,85518,82138,58610,58335,100006,75775
2023-09-07T13:00:00Z,219569,174176,125909,93210,45393,64624,64335,92801,66574
2023-09-07T14:00:00Z,208679,181127,112561,96880,27552,68152,67815,79064,52094
2023-09-07T15:00:00Z,189740,163303,104252,88144,26437,62283,61985,73608,48911
2023-09-07T16:00:00Z,181772,155738,98720,83223,26034,57629,57297,68959,46484
2023-09-07T17:00:00Z,180141,154384,98766,83156,25757,55957,55651,66773,44971
2023-09-07T18:00:00Z,181496,147835,106697,83156,33661,53498,53211,71149,50751
2023-09-07T19:00:00Z,170027,143630,98261,82157,26397,49932,49658,61015,41817
2023-09-07T20:00:00Z,169105,139589,99287,80405,29516,47536,47235,60955,42919
2023-09-07T21:00:00Z,148173,121125,87153,70325,27048,41569,41304,52727,37116
2023-09-07T22:00:00Z,135055,108631,80261,64139,26424,36070,35836,47383,33450
2023-09-07T23:00:00Z,126440,102621,77742,62717,23819,34633,34424,45619,32997
2023-09-08T00:00:00Z,164400,103253,110767,63038,61147,35441,35176,83527,68665
2023-09-08T01:00:00Z,153628,101266,101465,59370,52362,37415,37149,78431,62479
2023-09-08T02:00:00Z,139112,113521,81307,65351,25591,39009,38769,50617,33231
2023-09-08T03:00:00Z,131187,105093,75975,59528,26094,37179,36977,48958,31868
2023-09-08T04:00:00Z,129880,102607,75659,59085,27273,34304,34104,46695,31543
2023-09-08T05:00:00Z,143096,112774,80611,62622,30322,39186,38980,52987,34952
2023-09-08T06:00:00Z,169420,134171,94884,71325,35249,48336,48062,66292,44591
2023-09-08T07:00:00Z,173442,148423,92949,77552,25019,53250,53017,64754,41113
2023-09-08T08:00:00Z,183439,154608,96426,78817,28831,56932,56642,69140,44477
2023-09-08T09:00:00Z,194882,166176,100466,82961,28706,58486,58197,69889,45315
2023-09-08T10:00:00Z,181654,151345,99637,80778,30309,53230,52942,67503,45351
2023-09-08T11:00:00Z,175906,149040,97028,80420,26866,51886,51588,62989,42055
2023-09-08T12:00:00Z,235632,148674,155251,80283,86958,54935,54650,96966,74427
2023-09-08T13:00:00Z,212272,165934,123600,88524,46338,60410,60111,90079,65997
2023-09-08T14:00:00Z,205561,176693,111730,94464,28868,63756,63453,75618,50714
2023-09-08T15:00:00Z,192179,162779,107149,88887,29400,59140,58838,71933,48473
2023-09-08T16:00:00Z,190164,160430,105687,88016,29734,56280,55958,70430,47992
2023-09-08T17:00:00Z,177955,149720,99640,83170,28235,51977,51715,64306,43669
2023-09-08T18:00:00Z,180966,145111,109071,84321,35855,49354,49086,67899,49341
2023-09-08T19:00:00Z,165200,136754,95457,77641,28446,45299,45041,57230,39614
2023-09-08T20:00:00Z,155110,126108,92492,73069,29002,41826,41546,55693,39642
2023-09-08T21:00:00Z,148722,115834,87898,68951,32888,37402,37162,51259,36214
2023-09-08T22:00:00Z,132316,100074,79131,60301,32242,31841,31596,45845,32821
2023-09-08T23:00:00Z,121417,88920,73775,54909,32497,29469,29215,43833,31933
2023-09-09T00:00:00Z,144384,85690,100393,54636,58694,28759,28491,72676,61290
2023-09-09T01:00:00Z,131350,76676,91119,48521,54674,26050,25846,67190,56036
2023-09-09T02:00:00Z,110337,83812,70235,53078,26525,26080,25919,38427,26985
2023-09-09T03:00:00Z,104579,81157,66548,50440,23422,26393,26196,38165,26449
2023-09-09T04:00:00Z,105714,82606,66908,50620,23108,26449,26258,38616,26903
2023-09-09T05:00:00Z,113640,86749,70183,52568,26891,27940,27788,41983,28951
2023-09-09T06:00:00Z,119115,90799,76826,54219,28316,30780,30628,48766,35007
2023-09-09T07:00:00Z,119168,99028,72819,58400,20140,33096,32926,44341,29475
2023-09-09T08:00:00Z,121993,100215,74121,57830,21778,34351,34204,47314,31659
2023-09-09T09:00:00Z,124193,102378,75203,59563,21815,35003,34867,47780,31771
2023-09-09T10:00:00Z,126742,101977,78190,61047,24765,34695,34559,49040,33802
2023-09-09T11:00:00Z,121800,101790,74816,60233,20010,35389,35253,46739,31386
2023-09-09T12:00:00Z,200952,104137,151778,61700,96815,37725,37547,80305,64362
2023-09-09T13:00:00Z,158275,116148,104332,69238,42127,40538,40377,72093,55027
2023-09-09T14:00:00Z,145651,123561,88775,73438,22090,44021,43855,56394,37983
2023-09-09T15:00:00Z,147467,123106,90649,72758,24361,43149,42997,57252,39022
2023-09-09T16:00:00Z,141636,117997,87763,71033,23639,41510,41310,55058,37950
2023-09-09T17:00:00Z,132785,110991,82269,67187,21794,38957,38810,50733,35040
2023-09-09T18:00:00Z,136477,106576,88695,64997,29901,37220,37066,56694,41552
2023-09-09T19:00:00Z,119061,98322,74603,59665,20739,33609,33435,45258,31120
2023-09-09T20:00:00Z,118928,94542,78137,59658,24386,31092,30905,44244,32175
2023-09-09T21:00:00Z,108011,85896,69137,53450,22115,27870,27731,38903,27678
2023-09-09T22:00:00Z,99563,78389,65396,50291,21174,24757,24619,35690,25794
2023-09-09T23:00:00Z,95625,75874,64032,49493,19751,24236,24113,34715,25797
2023-09-10T00:00:00Z,125937,73783,90838,48640,52154,24307,24106,65150,55455
2023-09-10T01:00:00Z,119551,68533,88880,44861,51018,23232,23072,65797,56189
2023-09-10T02:00:00Z,93229,71850,60264,45236,21379,23363,23226,34490,23801
2023-09-10T03:00:00Z,93194,72865,60216,44791,20329,23809,23678,34614,23912
2023-09-10T04:00:00Z,94233,73884,60699,45145,20349,24413,24269,35760,24801
2023-09-10T05:00:00Z,103500,79174,65289,48206,24326,26019,25897,38884,27455
2023-09-10T06:00:00Z,117293,88513,76404,53261,28780,29806,29648,47730,34506
2023-09-10T07:00:00Z,114906,93743,71792,56796,21163,32114,31951,43165,28916
2023-09-10T08:00:00Z,124176,100829,75067,58250,23347,34197,34024,47136,31931
2023-09-10T09:00:00Z,123806,100849,76005,59445,22957,34765,34626,46927,31645
2023-09-10T10:00:00Z,127940,104512,81776,63921,23428,34856,34687,48240,33591
2023-09-10T11:00:00Z,132277,111167,81071,65599,21110,36245,36095,47320,32150
2023-09-10T12:00:00Z,207649,111966,154780,65184,95683,38941,38776,81205,65171
2023-09-10T13:00:00Z,165919,123736,106734,71287,42183,42865,42699,73559,55793
2023-09-10T14:00:00Z,153738,131851,91825,76616,21887,46130,45947,58250,39332
2023-09-10T15:00:00Z,154891,130887,95934,78707,24004,45987,45822,59798,41439
2023-09-10T16:00:00Z,149815,127474,92630,77230,22341,43933,43748,57847,39340
2023-09-10T17:00:00Z,141073,121253,88193,74080,19820,42084,41926,54049,37380
2023-09-10T18:00:00Z,146949,117471,96554,73114,29478,40693,40521,59589,44154
2023-09-10T19:00:00Z,133732,112899,84501,69996,20833,37616,37440,48829,34055
2023-09-10T20:00:00Z,130758,107005,85535,67795,23753,35058,34899,48752,35303
2023-09-10T21:00:00Z,113979,93319,73825,59110,20660,30861,30719,42098,29784
2023-09-10T22:00:00Z,103892,83367,67676,53236,20525,27364,27229,37695,27164
2023-09-10T23:00:00Z,100600,79668,66107,51832,20932,27831,27698,38161,28080
2023-09-11T00:00:00Z,156181,90163,105007,57736,66018,31607,31386,79284,65164
2023-09-11T01:00:00Z,167360,96584,102779,57722,70776,35654,35454,82222,63834
2023-09-11T02:00:00Z,141105,105604,75190,59844,35501,37804,37628,50712,31763
2023-09-11T03:00:00Z,140280,104468,75746,58992,35812,36966,36781,51129,32141
2023-09-11T04:00:00Z,146046,104398,79222,62136,41648,34745,34541,50014,31966
2023-09-11T05:00:00Z,151557,112896,80960,63111,38661,39338,39145,55557,36089
2023-09-11T06:00:00Z,181583,137468,96463,73025,44115,49392,49175,70193,46062
2023-09-11T07:00:00Z,183456,147840,90288,75254,35616,54445,54220,67312,41290
2023-09-11T08:00:00Z,192286,155196,95833,79825,37090,57669,57353,70621,43880
2023-09-11T09:00:00Z,206194,169274,103175,86715,36920,59785,59517,73474,46458
2023-09-11T10:00:00Z,197170,158387,102867,85056,38783,55797,55502,71256,46650
2023-09-11T11:00:00Z,198540,161663,100549,85000,36877,57547,57284,71598,45818
2023-09-11T12:00:00Z,249075,163508,156081,89158,85567,60573,60244,102427,76776
2023-09-11T13:00:00Z,227891,177395,127874,95258,50496,65730,65398,95069,67468
2023-09-11T14:00:00Z,218880,186358,113829,98943,32522,69528,69247,82148,53664
2023-09-11T15:00:00Z,200536,167201,103525,87454,33335,64487,64166,78656,51546
2023-09-11T16:00:00Z,196638,163244,104585,88583,33394,61113,60805,75447,50286
2023-09-11T17:00:00Z,196583,163801,107012,91169,32782,57646,57346,71436,47881
2023-09-11T18:00:00Z,198541,155110,111585,87916,43431,55499,55220,75777,53233
2023-09-11T19:00:00Z,188361,151286,102053,85195,37075,53225,52912,66637,45133
2023-09-11T20:00:00Z,178922,139130,99684,79826,39792,49361,49058,65195,45028
2023-09-11T21:00:00Z,168453,131446,92185,74923,37007,43661,43361,56909,38965
2023-09-11T22:00:00Z,153398,118716,87300,70637,34682,38300,38066,51094,35704
2023-09-11T23:00:00Z,143916,112251,84406,68963,31665,37511,37297,50266,35590
2023-09-12T00:00:00Z,175864,111746,117366,67652,64118,39948,39675,88467,72782
2023-09-12T01:00:00Z,174960,117732,113302,68814,57228,42338,42111,85766,67890
2023-09-12T02:00:00Z,144008,118169,81748,66129,25839,42960,42717,55326,35579
2023-09-12T03:00:00Z,138367,112455,79006,63243,25912,40401,40172,52276,33899
2023-09-12T04:00:00Z,130751,104317,75593,59329,26434,36952,36750,49998,33793
2023-09-12T05:00:00Z,146102,116089,80591,63063,30013,41380,41182,55977,36695
2023-09-12T06:00:00Z,177253,140912,95354,72026,36341,51704,51464,70569,46616
2023-09-12T07:00:00Z,184002,154393,95315,78870,29609,57693,57433,69769,43950
2023-09-12T08:00:00Z,191450,156782,96503,79255,34668,59270,58938,72984,46426
2023-09-12T09:00:00Z,201393,166616,101677,84538,34777,61293,60999,75102,48191
2023-09-12T10:00:00Z,192590,155576,101148,82588,37014,57194,56866,71951,47629
2023-09-12T11:00:00Z,198228,163426,102658,85847,34802,59227,58960,72402,46836
2023-09-12T12:00:00Z,247666,163401,155194,86793,84265,62160,61818,104101,78312
2023-09-12T13:00:00Z,225958,176018,124964,91223,49940,68186,67874,97656,69807
2023-09-12T14:00:00Z,219445,188151,115454,99453,31294,71002,70679,82315,54442
2023-09-12T15:00:00Z,199033,169415,108715,92129,29618,64726,64370,77463,51282
2023-09-12T16:00:00Z,192473,162859,104543,88307,29614,61839,61504,75126,50144
2023-09-12T17:00:00Z,187799,158238,103180,87650,29561,57512,57230,70117,47256
2023-09-12T18:00:00Z,192106,153840,109740,85379,38266,56137,55820,75894,53957
2023-09-12T19:00:00Z,183055,152968,102030,85962,30087,53339,53063,65651,44891
2023-09-12T20:00:00Z,177996,145257,100661,81594,32739,49806,49517,64036,45267
2023-09-12T21:00:00Z,164414,132438,94385,77870,31976,43682,43421,55503,38634
2023-09-12T22:00:00Z,146808,119463,87128,71704,27345,37986,37762,49960,34921
2023-09-12T23:00:00Z,138165,112003,84655,69456,26162,36921,36707,48739,35060
2023-09-13T00:00:00Z,175243,114419,115634,69890,60824,39168,38913,84704,69213
2023-09-13T01:00:00Z,163903,108198,106264,63572,55705,40458,40213,83098,66111
2023-09-13T02:00:00Z,142563,114893,80842,65250,27670,41431,41218,53097,35058
2023-09-13T03:00:00Z,138193,110619,78963,62914,27574,39771,39563,51721,33577
2023-09-13T04:00:00Z,134873,106600,76646,60396,28273,36958,36752,50062,33458
2023-09-13T05:00:00Z,147349,115913,81093,63175,31436,40689,40470,55153,36482
2023-09-13T06:00:00Z,176115,140246,96151,73078,35869,51271,51043,69220,45844
2023-09-13T07:00:00Z,172240,145855,90202,75022,26385,55434,55188,65998,41719
2023-09-13T08:00:00Z,192067,162480,97425,80188,29587,60056,59830,72081,46162
2023-09-13T09:00:00Z,196316,167029,101330,84332,29287,62335,62043,74207,47965
2023-09-13T10:00:00Z,193423,163142,103236,85042,30281,57789,57516,71771,47788
2023-09-13T11:00:00Z,195042,166786,104668,88541,28256,58085,57845,70366,46338
2023-09-13T12:00:00Z,240542,161644,151117,84482,78898,61795,61511,103343,78017
2023-09-13T13:00:00Z,221008,176332,125693,92351,44676,67435,67139,96371,69167
2023-09-13T14:00:00Z,210775,183002,111753,96148,27773,70678,70370,81636,53823
2023-09-13T15:00:00Z,199075,169282,107274,89322,29793,66070,65752,78679,52579
2023-09-13T16:00:00Z,190574,162417,105144,88540,28157,61320,61022,73667,49229
2023-09-13T17:00:00Z,190683,163491,105874,90279,27192,59411,59128,71428,48110
2023-09-13T18:00:00Z,190697,155011,109815,85758,35686,56777,56478,75799,54057
2023-09-13T19:00:00Z,177560,148928,99572,82576,28632,52951,52680,65215,44573
2023-09-13T20:00:00Z,174014,143305,99550,79742,30709,50110,49852,64352,45439
2023-09-13T21:00:00Z,156334,127986,90278,73034,28348,43721,43476,55336,38842
2023-09-13T22:00:00Z,140592,114171,82405,66200,26421,38088,37857,50125,35208
2023-09-13T23:00:00Z,133513,107781,80957,65487,25732,36884,36647,48021,34589
2023-09-14T00:00:00Z,174235,113019,118204,69910,61216,38430,38170,86080,71095
2023-09-14T01:00:00Z,158178,103579,103555,59997,54599,39091,38858,81736,65000
2023-09-14T02:00:00Z,140175,113090,80692,64402,27085,40964,40735,53043,34820
2023-09-14T03:00:00Z,139512,112557,81020,63872,26955,39490,39296,51726,33920
2023-09-14T04:00:00Z,135348,108363,78749,61125,26985,36559,36348,50094,33575
2023-09-14T05:00:00Z,146449,117797,84344,66195,28652,40430,40236,54860,36784
2023-09-14T06:00:00Z,176040,142485,98638,75715,33555,50934,50708,69589,46864
2023-09-14T07:00:00Z,179737,152406,93716,77991,27331,56104,55852,67060,42709
2023-09-14T08:00:00Z,185921,157213,96046,78964,28708,60110,59831,71931,46476
2023-09-14T09:00:00Z,189404,160428,96830,80414,28976,60308,60038,72199,46262
2023-09-14T10:00:00Z,181352,151961,97514,79770,29391,56352,56083,70151,46490
2023-09-14T11:00:00Z,189176,161071,100792,85229,28105,58261,57988,69635,45876
2023-09-14T12:00:00Z,242389,161398,153528,84582,80991,62198,61875,102057,77383
2023-09-14T13:00:00Z,221392,176891,125708,92245,44501,67935,67624,96130,69697
2023-09-14T14:00:00Z,208205,181661,110308,95381,26544,70555,70237,81032,53904
2023-09-14T15:00:00Z,193532,165521,103871,87428,28011,64786,64456,76763,51166
2023-09-14T16:00:00Z,195116,164557,104751,87934,30559,61874,61532,75714,50833
2023-09-14T17:00:00Z,193962,164045,104938,88839,29917,58241,57968,72423,48163
2023-09-14T18:00:00Z,192406,156184,111035,86928,36222,56532,56256,76120,54310
2023-09-14T19:00:00Z,176395,147111,99636,83215,29284,51977,51680,64296,44355
2023-09-14T20:00:00Z,174291,140842,99677,80027,33449,49180,48891,64078,44946
2023-09-14T21:00:00Z,156021,126526,89470,72400,29495,42576,42323,55331,38552
2023-09-14T22:00:00Z,138357,110425,79852,63261,27932,37513,37253,49740,34713
2023-09-14T23:00:00Z,126661,100797,76407,60317,25864,36085,35847,47731,34327
2023-09-15T00:00:00Z,164022,102686,109420,61929,61336,37426,37159,83285,68628
2023-09-15T01:00:00Z,154871,100766,101909,58295,54105,38443,38217,81239,64627
2023-09-15T02:00:00Z,137280,109468,77658,61556,27812,39630,39440,51857,33579
2023-09-15T03:00:00Z,135480,108948,78257,62112,26532,38562,38353,50396,33173
2023-09-15T04:00:00Z,128189,101900,74044,57903,26289,34955,34765,48362,32528
2023-09-15T05:00:00Z,142205,113962,78098,60769,28243,39114,38910,54585,36489
2023-09-15T06:00:00Z,170233,135320,94403,70972,34913,49392,49159,68757,46273
2023-09-15T07:00:00Z,177681,148789,93047,77241,28892,54006,53766,67049,43101
2023-09-15T08:00:00Z,188762,156134,99194,80965,32628,57690,57409,71671,46847
2023-09-15T09:00:00Z,191635,160311,100218,81970,31324,58772,58507,71382,46950
2023-09-15T10:00:00Z,181913,149418,98945,79276,32495,53421,53172,69290,46748
2023-09-15T11:00:00Z,177560,146599,95957,78733,30961,52867,52596,65002,43295
2023-09-15T12:00:00Z,239055,150819,155761,81568,88236,55592,55341,97598,75324
2023-09-15T13:00:00Z,211811,163218,122531,86277,48593,61449,61180,91969,67350
2023-09-15T14:00:00Z,201448,171184,108518,91301,30264,64476,64179,76431,51300
2023-09-15T15:00:00Z,191790,162130,102605,84801,29660,59663,59384,72809,48796
2023-09-15T16:00:00Z,181417,152220,99062,82146,29197,55649,55354,68958,46679
2023-09-15T17:00:00Z,174086,147286,96733,80717,26800,52059,51795,64957,43866
2023-09-15T18:00:00Z,172385,136867,100906,76435,35518,49669,49388,68711,49517
2023-09-15T19:00:00Z,162914,133714,92623,75840,29200,45551,45301,58688,40481
2023-09-15T20:00:00Z,156817,125571,91649,72352,31246,42427,42155,56647,39964
2023-09-15T21:00:00Z,143311,112696,82853,64975,30615,37089,36850,50391,35258
2023-09-15T22:00:00Z,125178,96791,74784,57544,28387,31603,31393,44682,31537
2023-09-15T23:00:00Z,115757,88889,70843,54574,26868,29829,29637,41930,30377
2023-09-16T00:00:00Z,149032,87267,105338,55500,61765,28788,28508,77298,65904
2023-09-16T01:00:00Z,133577,77713,94001,49286,55864,26422,26223,70211,58609
2023-09-16T02:00:00Z,105640,80381,65463,49010,25259,25616,25433,37134,25263
2023-09-16T03:00:00Z,98341,75950,61254,45543,22391,25746,25583,37102,25265
2023-09-16T04:00:00Z,99610,76907,62571,46204,22703,26058,25887,37889,26166
2023-09-16T05:00:00Z,108490,82364,67528,49954,26126,26829,26685,40208,27976
2023-09-16T06:00:00Z,120552,89808,77354,53796,30744,30605,30439,49172,35139
2023-09-16T07:00:00Z,119823,95892,73965,57382,23931,32469,32301,45658,30540
2023-09-16T08:00:00Z,128334,102161,78876,60157,26173,34775,34595,49726,33327
2023-09-16T09:00:00Z,124873,100734,76423,59269,24139,35223,35067,48120,32397
2023-09-16T10:00:00Z,125606,98859,76749,57965,26747,34668,34483,49281,34225
2023-09-16T11:00:00Z,125276,102458,75057,59042,22818,35729,35568,47399,31862
2023-09-16T12:00:00Z,204667,106621,153765,63016,98046,38337,38158,81298,64699
2023-09-16T13:00:00Z,161169,117218,104757,68672,43951,41251,41087,72692,55022
2023-09-16T14:00:00Z,145831,123181,88805,72807,22650,44083,43914,56153,38007
2023-09-16T15:00:00Z,145630,121067,88410,70116,24563,43585,43430,57610,39284
2023-09-16T16:00:00Z,143241,118469,87236,70077,24772,42361,42200,56199,38598
2023-09-16T17:00:00Z,137909,115000,84274,68494,22909,40279,40103,52281,35907
2023-09-16T18:00:00Z,139267,107864,89062,64627,31403,38183,38016,57414,42204
2023-09-16T19:00:00Z,122930,99851,74801,59154,23079,34750,34588,46371,32263
2023-09-16T20:00:00Z,122140,96129,78078,59443,26011,32546,32387,46829,33241
2023-09-16T21:00:00Z,110509,87285,70396,53958,23224,29142,29005,40135,28620
2023-09-16T22:00:00Z,98335,76335,63352,47965,22000,25671,25509,36122,25889
2023-09-16T23:00:00Z,94425,73982,62991,48345,20443,25358,25205,35955,26437
2023-09-17T00:00:00Z,126267,73833,89976,48127,52434,24912,24708,66639,56224
2023-09-17T01:00:00Z,121793,68265,88189,43286,53528,24318,24137,68112,57605
2023-09-17T02:00:00Z,93418,71284,58969,43706,22134,23675,23536,35486,24524
2023-09-17T03:00:00Z,91678,70890,58453,43003,20788,24356,24224,35100,24188
2023-09-17T04:00:00Z,96920,76105,62281,46651,20815,25059,24925,36752,25544
2023-09-17T05:00:00Z,102889,79447,65316,48578,23442,26466,26328,39258,27457
2023-09-17T06:00:00Z,114231,86139,74879,52142,28092,29229,29082,46740,34000
2023-09-17T07:00:00Z,111547,91293,70050,54918,20254,31574,31446,42527,28406
2023-09-17T08:00:00Z,121683,98951,76122,59313,22732,33683,33543,46566,31645
2023-09-17T09:00:00Z,124828,101539,75101,58607,23289,34844,34704,46893,31551
2023-09-17T10:00:00Z,125293,100036,77025,59214,25257,35198,35058,48552,33623
2023-09-17T11:00:00Z,122313,101247,75588,59983,21066,35820,35675,47176,32121
2023-09-17T12:00:00Z,208242,109669,158550,66513,98573,39030,38867,81518,65159
2023-09-17T13:00:00Z,162075,118866,105711,69712,43209,42972,42815,74308,56641
2023-09-17T14:00:00Z,152503,128930,93302,76325,23573,47015,46865,58697,39882
2023-09-17T15:00:00Z,150988,126236,92328,74296,24752,46516,46333,60944,41831
2023-09-17T16:00:00Z,146780,123484,90286,73878,23296,44938,44779,58489,40129
2023-09-17T17:00:00Z,136106,114995,84539,69501,21111,42532,42371,53943,37446
2023-09-17T18:00:00Z,143288,113331,92781,69184,29957,41768,41613,60738,44753
2023-09-17T19:00:00Z,130724,108791,81318,66228,21933,38368,38224,49753,35022
2023-09-17T20:00:00Z,124713,99612,79495,61102,25101,35642,35479,49108,35403
2023-09-17T21:00:00Z,112553,90698,71892,56215,21855,31483,31347,42718,30492
2023-09-17T22:00:00Z,104552,82790,66814,51698,21762,27788,27603,38863,27557
2023-09-17T23:00:00Z,100066,79218,65297,50670,20848,28108,27963,38667,28368
2023-09-18T00:00:00Z,147731,87214,96276,54283,60517,31325,31118,74055,60423
2023-09-18T01:00:00Z,160067,93384,97626,54247,66683,35392,35158,79096,62210
2023-09-18T02:00:00Z,136221,101802,72229,56512,34419,37495,37277,49881,31839
2023-09-18T03:00:00Z,135560,99378,73002,55525,36182,36656,36467,49395,31932
2023-09-18T04:00:00Z,132799,91583,69775,53369,41216,32386,32210,45979,30198
2023-09-18T05:00:00Z,146699,107803,78347,60144,38896,37515,37335,52101,34343
2023-09-18T06:00:00Z,175664,132513,94678,70694,43151,47554,47345,66697,44652
2023-09-18T07:00:00Z,184487,148610,93037,76618,35877,54317,54076,66577,41879
2023-09-18T08:00:00Z,197337,159482,98215,80274,37855,59482,59194,72282,46144
2023-09-18T09:00:00Z,197931,161294,98133,80573,36637,59766,59492,71726,45766
2023-09-18T10:00:00Z,192287,152669,97945,78900,39618,56011,55748,70067,46187
2023-09-18T11:00:00Z,195876,159957,101680,85128,35919,57554,57300,70009,45416
2023-09-18T12:00:00Z,245635,160059,151892,84760,85576,61051,60782,102506,77017
2023-09-18T13:00:00Z,227282,175856,123650,91137,51426,67660,67376,95506,68259
2023-09-18T14:00:00Z,217625,182290,111167,95117,35335,70626,70309,82331,53958
2023-09-18T15:00:00Z,190232,156132,98063,81748,34100,63320,62989,75903,49667
2023-09-18T16:00:00Z,183746,150890,95363,79859,32856,59678,59358,72523,47898
2023-09-18T17:00:00Z,197598,161897,104584,87590,35701,59361,59050,72572,48982
2023-09-18T18:00:00Z,204067,155222,109495,84898,48845,57043,56776,78552,54791
2023-09-18T19:00:00Z,189381,148623,99548,81728,40758,54218,53939,67832,45892
2023-09-18T20:00:00Z,186027,142472,100888,79785,43555,50857,50552,66848,46522
2023-09-18T21:00:00Z,169562,128742,90271,72339,40820,44968,44680,58565,40324
2023-09-18T22:00:00Z,152467,114309,82760,64755,38158,39027,38780,52774,36638
2023-09-18T23:00:00Z,147404,110659,83690,65424,36745,38078,37837,51505,36413
2023-09-19T00:00:00Z,174959,109630,114684,65467,65329,39489,39198,86457,70906
2023-09-19T01:00:00Z,169227,110664,109493,63372,58563,41396,41165,86320,68473
2023-09-19T02:00:00Z,141711,113699,79739,62923,28012,42526,42316,55167,35816
2023-09-19T03:00:00Z,139732,113327,80469,63896,26405,40290,40094,53104,34797
2023-09-19T04:00:00Z,131895,105369,77157,60414,26526,36182,35992,49459,33460
2023-09-19T05:00:00Z,146460,115070,81755,63491,31390,39932,39685,55282,36875
2023-09-19T06:00:00Z,171684,136082,94731,70449,35602,50332,50075,69182,46478
2023-09-19T07:00:00Z,184958,157113,95744,79282,27845,57073,56785,68836,43809
2023-09-19T08:00:00Z,202065,172505,101607,83907,29560,60932,60644,75033,48004
2023-09-19T09:00:00Z,200140,169586,104342,86433,30554,61162,60879,74365,48251
2023-09-19T10:00:00Z,192218,160809,104899,85502,31409,57175,56908,71645,47985
2023-09-19T11:00:00Z,193282,163718,102900,86021,29564,58883,58610,71411,46707
2023-09-19T12:00:00Z,225731,152752,142226,81220,72979,59666,59329,100548,75999
2023-09-19T13:00:00Z,157359,127946,86543,66011,29413,56657,56393,73431,49930
2023-09-19T14:00:00Z,206162,178362,109004,93378,27800,70585,70284,81393,54029
2023-09-19T15:00:00Z,180167,154431,95482,79764,25736,63452,63145,75189,49892
2023-09-19T16:00:00Z,182767,155098,95990,80437,27669,61232,60902,73512,49304
2023-09-19T17:00:00Z,182276,155152,98532,82791,27124,58550,58247,70494,47394
2023-09-19T18:00:00Z,191521,157018,109303,85713,34503,57750,57482,77011,54723
2023-09-19T19:00:00Z,179927,150916,99596,82983,29011,54314,54065,66927,45841
2023-09-19T20:00:00Z,178369,144986,100828,80523,33383,50766,50478,65865,46497
2023-09-19T21:00:00Z,161227,129972,90050,72789,31255,44736,44448,57623,40159
2023-09-19T22:00:00Z,143440,114207,81081,64164,29233,38478,38236,51271,35876
2023-09-19T23:00:00Z,133168,105296,79172,61644,27872,37272,37057,49741,35850
2023-09-20T00:00:00Z,171561,110795,114132,66057,60766,38923,38686,86612,71112
2023-09-20T01:00:00Z,160132,106570,103643,60507,53562,39988,39740,83077,65531
2023-09-20T02:00:00Z,137701,112992,78357,62740,24709,41714,41517,53753,35021
2023-09-20T03:00:00Z,140628,112483,81045,63735,28145,40110,39901,54082,35713
2023-09-20T04:00:00Z,132040,102989,76173,58495,29051,36573,36351,51202,34822
2023-09-20T05:00:00Z,142692,111374,79125,60902,31318,40681,40465,55475,36914
2023-09-20T06:00:00Z,171974,137010,95210,71224,34964,51387,51166,70062,47136
2023-09-20T07:00:00Z,181582,153319,94737,78531,28263,57545,57319,68872,43846
2023-09-20T08:00:00Z,189262,159792,99372,82039,29470,60813,60524,73020,47107
2023-09-20T09:00:00Z,198082,169278,103889,86888,28804,62448,62133,73386,47882
2023-09-20T10:00:00Z,188944,160073,102029,84385,28871,58310,58047,71467,47657
2023-09-20T11:00:00Z,190438,163530,101601,85697,26908,59609,59294,70906,46306
2023-09-20T12:00:00Z,242309,165512,153640,87654,76797,62921,62631,103171,77528
2023-09-20T13:00:00Z,215740,172966,121262,89954,42774,67668,67348,93494,66943
2023-09-20T14:00:00Z,214975,188001,112259,97144,26974,73342,73004,83386,54970
2023-09-20T15:00:00Z,189553,162516,100524,84310,27037,65200,64875,77521,51036
2023-09-20T16:00:00Z,191678,165515,100223,84866,26163,61658,61355,74300,49657
2023-09-20T17:00:00Z,184283,158724,99868,84995,25559,59444,59159,70271,47653
2023-09-20T18:00:00Z,186639,151976,105557,82194,34663,56629,56333,75416,53335
2023-09-20T19:00:00Z,180095,150585,99205,82289,29510,54073,53802,66916,45986
2023-09-20T20:00:00Z,171645,141397,97668,78473,30248,50294,50025,64254,45466
2023-09-20T21:00:00Z,160940,129819,90541,72701,31121,44596,44317,57092,39909
2023-09-20T22:00:00Z,141230,112663,81613,64681,28567,38478,38243,50735,35746
2023-09-20T23:00:00Z,131033,105514,77272,61657,25519,37529,37319,49280,35330
2023-09-21T00:00:00Z,170032,106981,111729,62990,63051,38668,38422,86990,71064
2023-09-21T01:00:00Z,162230,106413,103734,59731,55817,39803,39546,83491,65944
2023-09-21T02:00:00Z,143993,116077,81548,65269,27916,41643,41408,54286,35343
2023-09-21T03:00:00Z,137567,111381,79074,62476,26186,40012,39822,53279,35127
2023-09-21T04:00:00Z,133592,107519,78309,61413,26073,36764,36577,49870,34220
2023-09-21T05:00:00Z,141468,112774,80999,62776,28694,40668,40478,54522,36395
2023-09-21T06:00:00Z,172581,138694,97348,73838,33887,51291,51056,69782,46877
2023-09-21T07:00:00Z,182460,155378,96502,80271,27082,58135,57888,69495,44763
2023-09-21T08:00:00Z,192798,163393,101932,84059,29405,61842,61555,73123,47649
2023-09-21T09:00:00Z,200469,171037,104907,87366,29432,62314,62023,74292,48146
2023-09-21T10:00:00Z,195114,164562,105271,85939,30552,58103,57830,72031,48631
2023-09-21T11:00:00Z,190573,162617,103226,86034,27956,58865,58589,70146,46389
2023-09-21T12:00:00Z,238167,160375,150847,84432,77792,62314,61979,102846,77989
2023-09-21T13:00:00Z,218362,173226,125167,92045,45136,67879,67571,96213,69148
2023-09-21T14:00:00Z,208130,180143,110638,95040,27987,70448,70107,81346,54226
2023-09-21T15:00:00Z,193948,167119,103841,87735,26829,64518,64191,76734,51200
2023-09-21T16:00:00Z,189267,161364,102895,86722,27903,61433,61102,73988,49491
2023-09-21T17:00:00Z,193384,161040,104946,89691,32344,59208,58885,72495,47705
2023-09-21T18:00:00Z,197884,157663,113187,89656,40221,56926,56644,77355,53799
2023-09-21T19:00:00Z,178328,150519,100390,83976,27809,52974,52720,64637,44324
2023-09-21T20:00:00Z,174235,140560,97187,78412,33675,50030,49770,65108,44603
2023-09-21T21:00:00Z,157178,125976,87762,70750,31202,43977,43702,57026,38724
2023-09-21T22:00:00Z,137535,112405,80905,64755,25130,37884,37603,49564,34567
2023-09-21T23:00:00Z,125744,104437,75280,60789,21307,36568,36353,47606,33658
2023-09-22T00:00:00Z,163347,107678,106929,64294,55669,38579,38329,80939,65213
2023-09-22T01:00:00Z,153484,101713,101011,59274,51771,38764,38544,79090,62322
2023-09-22T02:00:00Z,132903,108151,76787,60929,24752,40284,40070,51541,33654
2023-09-22T03:00:00Z,132862,108169,77969,61439,24693,38975,38774,51019,33570
2023-09-22T04:00:00Z,129375,102003,76261,58319,27372,35574,35385,48286,32709
2023-09-22T05:00:00Z,141603,111342,80713,62042,30261,39082,38874,53105,35933
2023-09-22T06:00:00Z,169429,134454,94683,70950,34975,48586,48359,68281,45574
2023-09-22T07:00:00Z,174815,147269,91371,74892,27546,55171,54882,66553,41859
2023-09-22T08:00:00Z,186144,157541,98761,81133,28603,58588,58298,70890,46143
2023-09-22T09:00:00Z,188057,159386,100058,82272,28671,58835,58553,71320,46547
2023-09-22T10:00:00Z,176191,146323,97288,78131,29868,54017,53744,68214,45947
2023-09-22T11:00:00Z,174971,148203,95581,79413,26768,54350,54083,65352,43211
2023-09-22T12:00:00Z,232494,148897,152714,80213,83597,57263,56981,99018,75840
2023-09-22T13:00:00Z,209381,163195,120946,85438,46186,62822,62547,93076,68057
2023-09-22T14:00:00Z,196186,170075,105509,89865,26111,65213,64927,77069,51184
2023-09-22T15:00:00Z,183623,155931,101229,84218,27692,59448,59140,72394,48339
2023-09-22T16:00:00Z,183924,154575,100164,82880,29349,57500,57201,71638,47860
2023-09-22T17:00:00Z,177536,153265,97095,81876,24271,54450,54188,65977,44247
2023-09-22T18:00:00Z,184487,143674,103474,78576,40813,51701,51357,72434,51443
2023-09-22T19:00:00Z,167594,133829,90850,73607,33765,46934,46650,61474,41161
2023-09-22T20:00:00Z,158717,129368,89178,70283,29349,43677,43375,57266,40331
2023-09-22T21:00:00Z,146796,111800,83485,63474,34996,37887,37636,52187,36691
2023-09-22T22:00:00Z,135108,100411,75310,55592,34697,32363,32126,47155,33239
2023-09-22T23:00:00Z,116493,88094,70663,53104,28399,30221,30000,43814,31702
2023-09-23T00:00:00Z,142282,82043,98473,51308,60239,28800,28532,73959,61941
2023-09-23T01:00:00Z,133213,76451,91033,46384,56762,26904,26707,69886,57632
2023-09-23T02:00:00Z,105133,79117,65199,47820,26016,26478,26274,39488,27140
2023-09-23T03:00:00Z,103982,79698,65580,48555,24284,26554,26402,38809,26755
2023-09-23T04:00:00Z,106544,81690,66450,49002,24854,26871,26713,39119,27302
2023-09-23T05:00:00Z,109299,81336,66806,48019,27963,28057,27913,41916,28941
2023-09-23T06:00:00Z,120326,87634,75083,50455,32692,31506,31338,50295,35711
2023-09-23T07:00:00Z,119531,93543,71138,53801,25988,33281,33123,45381,30106
2023-09-23T08:00:00Z,123863,98942,75732,57782,24921,34862,34711,49486,33366
2023-09-23T09:00:00Z,127689,102410,75975,58583,25279,36141,35998,48768,32674
2023-09-23T10:00:00Z,126694,100841,78266,59469,25853,35937,35793,49916,34759
2023-09-23T11:00:00Z,122368,101129,75169,59746,21239,35703,35561,46937,31698
2023-09-23T12:00:00Z,206781,107489,155284,63314,99292,38492,38324,81443,65223
2023-09-23T13:00:00Z,158146,114815,103021,66978,43331,41868,41707,73990,56415
2023-09-23T14:00:00Z,151751,129418,91440,75669,22333,45861,45682,57602,38829
2023-09-23T15:00:00Z,153242,126896,92504,73832,26346,44946,44767,59472,40815
2023-09-23T16:00:00Z,147172,121773,88611,71253,25399,43562,43402,56808,39132
2023-09-23T17:00:00Z,139168,116206,85351,69074,22962,41253,41059,52595,36396
2023-09-23T18:00:00Z,144823,112037,90451,65626,32786,39592,39419,59194,43492
2023-09-23T19:00:00Z,126659,104573,79068,63508,22086,35724,35581,47504,33291
2023-09-23T20:00:00Z,125128,100959,80042,61806,24169,33154,32990,47059,33755
2023-09-23T21:00:00Z,120506,94044,73145,55071,26462,30167,29951,43702,31041
2023-09-23T22:00:00Z,105416,79559,67302,50063,25857,26325,26162,39756,28598
2023-09-23T23:00:00Z,99033,75872,65590,49609,23161,25325,25189,37549,27662
2023-09-24T00:00:00Z,123328,69473,87768,44865,53855,25074,24834,66737,56343
2023-09-24T01:00:00Z,122714,68183,88988,43172,54531,24506,24313,68825,58126
2023-09-24T02:00:00Z,94018,72102,59710,44302,21916,23869,23734,36478,24964
2023-09-24T03:00:00Z,92993,71119,59490,43569,21874,24564,24430,36179,25147
2023-09-24T04:00:00Z,96150,74007,60440,44114,22143,25233,25069,36987,25763
2023-09-24T05:00:00Z,104600,79370,66124,48303,25230,26606,26481,40226,28446
2023-09-24T06:00:00Z,121771,90220,79515,55333,31551,29295,29154,48853,35952
2023-09-24T07:00:00Z,115719,92896,70306,54154,22823,31918,31765,44722,30513
2023-09-24T08:00:00Z,119938,96411,73979,56782,23527,33400,33243,47395,32164
2023-09-24T09:00:00Z,124671,101373,76858,59787,23298,34977,34835,47916,32590
2023-09-24T10:00:00Z,129261,104702,79829,61795,24559,35700,35543,50472,35327
2023-09-24T11:00:00Z,125132,104034,76512,61306,21098,36832,36671,48599,32948
2023-09-24T12:00:00Z,203548,108305,153460,64797,95243,39369,39204,82462,66589
2023-09-24T13:00:00Z,160333,118737,104818,69256,41596,42944,42780,75430,57746
2023-09-24T14:00:00Z,148145,126104,89217,73716,22041,46741,46540,58999,40108
2023-09-24T15:00:00Z,153448,127060,93403,74774,26388,46818,46655,61905,42918
2023-09-24T16:00:00Z,152860,127658,92699,75068,25202,45435,45267,60285,41999
2023-09-24T17:00:00Z,143835,121909,89100,73296,21926,43408,43260,55814,38277
2023-09-24T18:00:00Z,151781,118973,96618,71359,32808,42419,42261,63141,46641
2023-09-24T19:00:00Z,134121,109563,83295,66452,24558,38058,37885,51304,36234
2023-09-24T20:00:00Z,127441,102654,81304,62634,24787,35587,35429,49407,35728
2023-09-24T21:00:00Z,118392,94754,73522,56756,23638,31945,31776,44157,31539
2023-09-24T22:00:00Z,110584,86574,71235,54789,24010,27848,27713,39746,28706
2023-09-24T23:00:00Z,100533,79410,64977,49784,21123,28421,28285,39248,28785
2023-09-25T00:00:00Z,150546,87197,96712,53616,63349,31424,31190,75162,60911
2023-09-25T01:00:00Z,162633,96136,100448,56335,66497,34976,34756,80764,63653
2023-09-25T02:00:00Z,137579,102102,74614,57880,35477,37387,37207,50004,32353
2023-09-25T03:00:00Z,134553,98060,73729,55171,36493,36456,36260,49894,32267
2023-09-25T04:00:00Z,134263,95896,72488,54260,38367,34339,34139,48574,32322
2023-09-25T05:00:00Z,145546,108055,80166,61664,37491,38274,38066,53354,34904
2023-09-25T06:00:00Z,175132,130732,91505,66997,44400,48025,47807,67927,45034
2023-09-25T07:00:00Z,185265,149838,93631,76740,35427,54876,54628,67885,42822
2023-09-25T08:00:00Z,194563,158025,98618,81017,36538,58988,58706,72325,46324
2023-09-25T09:00:00Z,192992,156382,96960,79292,36610,58380,58121,71608,45876
2023-09-25T10:00:00Z,191539,151863,99048,79546,39676,55741,55468,71168,46868
2023-09-25T11:00:00Z,198146,161354,101405,84228,36792,57767,57482,71251,46397
2023-09-25T12:00:00Z,245288,159697,152002,84580,85591,60526,60241,103817,78557
2023-09-25T13:00:00Z,224226,170833,122999,89315,53393,66013,65724,95722,68011
2023-09-25T14:00:00Z,216989,182965,112954,97147,34024,70166,69849,83491,55600
2023-09-25T15:00:00Z,191615,158121,99097,83191,33494,63476,63175,77558,51139
2023-09-25T16:00:00Z,196571,160183,101553,84546,36388,62077,61758,76284,50782
2023-09-25T17:00:00Z,199021,161729,104659,87645,37292,59889,59607,74588,49689
2023-09-25T18:00:00Z,203181,157816,111752,87027,45365,57611,57330,79087,55342
2023-09-25T19:00:00Z,192905,153296,103472,85300,39609,54584,54309,69674,47010
2023-09-25T20:00:00Z,183422,142871,99382,79416,40551,50910,50643,67536,46472
2023-09-25T21:00:00Z,173346,131602,92627,73352,41744,44835,44573,60202,41162
2023-09-25T22:00:00Z,154512,114370,84372,65510,40142,39032,38801,53801,37049
2023-09-25T23:00:00Z,142898,106498,80334,62688,36400,37254,37021,50981,35745
2023-09-26T00:00:00Z,173332,109324,110062,65144,64008,39421,39164,82907,66804
2023-09-26T01:00:00Z,170455,110549,108781,63665,59906,41316,41096,85780,67735
2023-09-26T02:00:00Z,145024,113807,81562,64306,31217,41401,41207,54835,35992
2023-09-26T03:00:00Z,138020,108291,78109,60417,29729,39986,39797,52869,34655
2023-09-26T04:00:00Z,134623,104866,76552,58862,29757,36822,36629,50437,34265
2023-09-26T05:00:00Z,144911,112407,80614,61768,32504,40459,40250,55582,37294
2023-09-26T06:00:00Z,173605,136772,95630,71609,36833,50927,50683,70060,47207
2023-09-26T07:00:00Z,181628,152383,95035,78492,29245,57578,57327,69104,44115
2023-09-26T08:00:00Z,194904,164447,102284,84388,30457,61540,61264,73848,48117
2023-09-26T09:00:00Z,200365,169695,106368,88436,30670,62170,61891,74496,48109
2023-09-26T10:00:00Z,190251,158933,101878,83477,31318,57663,57373,71147,47663
2023-09-26T11:00:00Z,189800,159598,101226,83871,30202,59202,58928,71516,47153
2023-09-26T12:00:00Z,238137,160786,149858,85173,77351,62478,62183,104050,78485
2023-09-26T13:00:00Z,221315,176036,123520,90343,45279,68303,67966,96598,69609
2023-09-26T14:00:00Z,212045,180624,111027,92715,31421,71601,71253,83656,55392
2023-09-26T15:00:00Z,188839,158492,100640,82226,30347,64393,64077,78358,52110
2023-09-26T16:00:00Z,196481,166417,105498,87811,30064,63044,62737,77157,51826
2023-09-26T17:00:00Z,195130,165936,106574,89426,29194,60722,60418,73423,49466
2023-09-26T18:00:00Z,197694,160916,110220,86419,36778,58838,58527,78233,54861
2023-09-26T19:00:00Z,187046,154735,102267,84633,32311,55148,54869,68328,46277
2023-09-26T20:00:00Z,175998,145889,103042,83723,30109,51181,50890,69660,50292
2023-09-26T21:00:00Z,164202,132489,92797,74849,31713,45001,44741,57582,40211
2023-09-26T22:00:00Z,146747,117809,84319,66979,28938,39405,39159,53110,36809
2023-09-26T23:00:00Z,133640,109057,79668,64150,24583,37945,37750,49561,35025
2023-09-27T00:00:00Z,156696,98817,101820,56585,57879,37580,37336,82352,66773
2023-09-27T01:00:00Z,158061,104121,103767,60343,53940,39790,39576,82464,65660
2023-09-27T02:00:00Z,139966,113883,81997,65426,26083,41137,40955,53122,34822
2023-09-27T03:00:00Z,135175,108161,78168,60896,27014,40015,39830,52633,34675
2023-09-27T04:00:00Z,133031,106304,78613,61313,26727,36955,36755,50327,34050
2023-09-27T05:00:00Z,139824,111614,80637,62075,28210,40156,39932,54475,36024
2023-09-27T06:00:00Z,169163,134007,94576,70378,35156,50002,49756,69113,46206
2023-09-27T07:00:00Z,174071,145940,92136,75257,28131,55356,55108,67011,42053
2023-09-27T08:00:00Z,188118,158589,99839,82272,29529,59242,58975,72032,46304
2023-09-27T09:00:00Z,196948,164804,104774,85899,32144,60817,60505,74085,48012
2023-09-27T10:00:00Z,187187,154147,101251,81397,33040,57197,56924,72879,48847
2023-09-27T11:00:00Z,184659,154698,99524,81910,29961,56798,56537,70091,46591
2023-09-27T12:00:00Z,235229,157059,151392,84532,78170,60638,60345,102484,78164
2023-09-27T13:00:00Z,214750,171015,122499,89655,43735,65858,65553,94686,68436
2023-09-27T14:00:00Z,204724,176841,108036,92214,27883,68894,68571,81007,53599
2023-09-27T15:00:00Z,180784,155054,95635,80057,25730,62191,61865,75361,49992
2023-09-27T16:00:00Z,188563,160757,103086,86165,27806,60943,60610,75164,50442
2023-09-27T17:00:00Z,188734,160777,104468,86701,27957,59131,58803,74712,51081
2023-09-27T18:00:00Z,190632,154254,109441,83618,36378,57267,56979,77862,55825
2023-09-27T19:00:00Z,176809,149456,98515,81656,27353,53962,53675,66720,45777
2023-09-27T20:00:00Z,172365,142691,97855,79260,29674,50464,50157,65928,45895
2023-09-27T21:00:00Z,160014,129225,90709,73378,30789,43936,43672,60537,42477
2023-09-27T22:00:00Z,140296,110918,79022,62079,29378,38000,37748,52093,35962
2023-09-27T23:00:00Z,135774,107054,78672,63531,28720,36188,35967,51746,36553
2023-09-28T00:00:00Z,164462,100857,108347,59965,63605,36758,36479,85100,69992
2023-09-28T01:00:00Z,154436,98873,102193,57037,55563,36554,36319,81743,65855
2023-09-28T02:00:00Z,129994,103690,74834,58664,26304,37241,37052,51700,34514
2023-09-28T03:00:00Z,127391,101537,73885,57364,25854,36411,36204,51314,34033
2023-09-28T04:00:00Z,124613,98674,75314,58615,25939,33342,33130,47442,32689
2023-09-28T05:00:00Z,133159,105189,76949,59017,27970,36330,36136,52771,35661
2023-09-28T06:00:00Z,161382,125736,91323,67455,35646,45892,45663,66244,45082
2023-09-28T07:00:00Z,172356,144525,91807,75309,27831,53389,53116,65507,42265
2023-09-28T08:00:00Z,183697,154383,96892,79569,29314,56672,56386,68818,45041
2023-09-28T09:00:00Z,184571,155448,97567,80147,29123,57711,57443,69423,45358
2023-09-28T10:00:00Z,179580,148858,99020,79968,30722,54150,53870,68058,46063
2023-09-28T11:00:00Z,180573,152975,98141,82061,27598,55070,54789,66485,44542
2023-09-28T12:00:00Z,235712,154202,153482,83218,81510,58990,58708,100573,77271
2023-09-28T13:00:00Z,218056,171559,123938,89921,46497,65139,64831,94890,69136
2023-09-28T14:00:00Z,209006,181212,112392,96363,27794,68790,68486,80166,53577
2023-09-28T15:00:00Z,189120,161912,104373,87815,27208,63655,63349,75988,51109
2023-09-28T16:00:00Z,189464,161358,104642,88375,28106,60842,60528,74040,49907
2023-09-28T17:00:00Z,190688,164788,109418,94627,25900,58696,58399,69801,47414
2023-09-28T18:00:00Z,190697,154607,111760,87548,36090,56989,56711,76785,54943
2023-09-28T19:00:00Z,178225,148360,101284,84212,29865,53366,53086,66207,45653
2023-09-28T20:00:00Z,168194,140306,98608,80620,27888,50526,50272,63821,45089
2023-09-28T21:00:00Z,158050,128505,90661,73572,29545,44144,43913,56462,39298
2023-09-28T22:00:00Z,140010,111599,81261,64604,28411,38170,37935,51984,36481
2023-09-28T23:00:00Z,128971,105440,78011,62781,23531,36636,36396,48571,35083
2023-09-29T00:00:00Z,157654,101019,104546,61802,56635,35771,35496,78433,64116
2023-09-29T01:00:00Z,146065,91750,98513,55636,54315,32861,32621,76608,62497
2023-09-29T02:00:00Z,118575,92181,72025,56019,26394,31420,31207,44841,31061
2023-09-29T03:00:00Z,114768,88055,68666,52323,26713,30790,30595,43491,29830
2023-09-29T04:00:00Z,118942,91697,69752,52595,27245,31062,30853,45029,30331
2023-09-29T05:00:00Z,121045,93628,70222,52927,27417,32651,32465,47119,32118
2023-09-29T06:00:00Z,142542,111259,82715,60069,31283,39638,39441,58435,40806
2023-09-29T07:00:00Z,154078,129049,83798,68099,25029,45741,45528,57364,37470
2023-09-29T08:00:00Z,171559,142838,92316,74401,28721,49744,49506,63320,42134
2023-09-29T09:00:00Z,175741,147726,93103,75659,28015,51999,51748,64736,42808
2023-09-29T10:00:00Z,169175,140528,93051,75017,28647,50404,50132,63975,43267
2023-09-29T11:00:00Z,170724,145093,93631,77992,25631,51410,51174,63644,42316
2023-09-29T12:00:00Z,229837,150876,149332,80657,78961,54717,54459,96584,74356
2023-09-29T13:00:00Z,214019,169266,123655,89691,44753,60314,60047,89992,66158
2023-09-29T14:00:00Z,204638,178740,110984,95448,25898,64310,64024,76485,51325
2023-09-29T15:00:00Z,189086,160334,103503,85889,28752,59710,59397,74016,50227
2023-09-29T16:00:00Z,187542,153132,102008,83140,34410,56289,56004,72699,49321
2023-09-29T17:00:00Z,180158,149907,97848,80633,30251,53923,53659,68050,45723
2023-09-29T18:00:00Z,181313,144444,104613,79236,36869,51501,51211,71743,51729
2023-09-29T19:00:00Z,168640,136059,95780,76224,32581,46827,46554,60848,41980
2023-09-29T20:00:00Z,160635,129723,94259,74549,30912,43807,43520,59075,41474
2023-09-29T21:00:00Z,148333,114203,85068,66695,34130,38110,37864,52363,36103
2023-09-29T22:00:00Z,128178,97478,74191,57096,30700,32301,32068,46200,31703
2023-09-29T23:00:00Z,110945,87916,69338,54143,23029,30200,30007,41871,30157
2023-09-30T00:00:00Z,138098,83436,96170,52685,54662,28642,28393,71284,59579
2023-09-30T01:00:00Z,130102,76861,91329,48716,53241,25587,25387,67785,56845
2023-09-30T02:00:00Z,96520,74823,61403,46303,21697,24670,24510,36582,25147
2023-09-30T03:00:00Z,96074,73676,59997,43813,22398,24704,24541,36948,25444
2023-09-30T04:00:00Z,100533,78116,62844,47083,22417,25585,25423,38455,26562
2023-09-30T05:00:00Z,102297,78367,62377,45291,23930,26795,26654,40361,27852
2023-09-30T06:00:00Z,114251,85122,71532,48654,29129,29492,29330,48532,34458
2023-09-30T07:00:00Z,111925,90584,67220,51808,21341,31553,31406,43423,29138
2023-09-30T08:00:00Z,115923,94600,69923,53836,21323,33401,33225,46286,31253
2023-09-30T09:00:00Z,121259,97368,71700,54742,23891,34306,34151,47311,31699
2023-09-30T10:00:00Z,121971,97652,74740,56634,24319,34816,34673,49451,33706
2023-09-30T11:00:00Z,119068,99375,72242,57607,19693,34969,34837,46796,31081
2023-09-30T12:00:00Z,196835,101171,148825,59703,95664,37186,37023,80211,64229
2023-09-30T13:00:00Z,154454,112204,100268,64619,42250,40663,40497,73035,55216
2023-09-30T14:00:00Z,140490,119509,84512,69482,20981,44027,43862,55953,37509
2023-09-30T15:00:00Z,146053,120503,87608,69410,25550,43381,43209,58242,39900
2023-09-30T16:00:00Z,142970,118234,85441,68931,24736,42801,42617,56361,38498
2023-09-30T17:00:00Z,136443,115389,83035,68111,21054,40870,40705,52874,36081
2023-09-30T18:00:00Z,142368,111188,90539,66347,31180,39591,39439,59072,43381
2023-09-30T19:00:00Z,128210,106001,78915,63733,22209,35931,35799,47249,32996
2023-09-30T20:00:00Z,123476,99402,78429,60594,24074,33308,33145,45976,33202
2023-09-30T21:00:00Z,108336,86098,67968,52171,22238,29554,29393,40329,28717
2023-09-30T22:00:00Z,97684,76721,63244,48412,20963,25808,25667,36273,26141
2023-09-30T23:00:00Z,92161,73516,62059,47916,18645,25294,25176,35560,26287
2023-10-01T00:00:00Z,132652,72707,86057,46747,59945,24956,24743,66901,53685
2023-10-01T01:00:00Z,139415,71782,94749,46444,67633,24350,24152,75117,62281
2023-10-01T02:00:00Z,113284,77969,65339,49731,35315,23630,23479,38748,26109
2023-10-01T03:00:00Z,107540,74445,62972,45610,33095,23900,23766,38735,25847
2023-10-01T04:00:00Z,109172,76670,62674,46103,32502,24394,24252,39567,26126
2023-10-01T05:00:00Z,111288,79492,64451,47193,31796,25882,25753,41681,27990
2023-10-01T06:00:00Z,125093,86587,74599,50485,38506,28773,28625,49903,34410
2023-10-01T07:00:00Z,123986,92761,69854,53754,31225,30667,30525,45615,29153
2023-10-01T08:00:00Z,134845,101071,77977,58879,33774,33355,33190,48920,32227
2023-10-01T09:00:00Z,138066,104828,78934,60540,33238,34666,34515,49795,32265
2023-10-01T10:00:00Z,141037,105426,80662,60903,35611,35195,35032,52519,34809
2023-10-01T11:00:00Z,136028,103571,76693,60030,32457,35858,35704,49970,32219
2023-10-01T12:00:00Z,208382,107749,149260,63485,100633,38390,38223,84430,66350
2023-10-01T13:00:00Z,173584,120195,107028,69396,53389,42224,42057,77001,57490
2023-10-01T14:00:00Z,166503,133825,94943,77970,32678,46770,46590,62083,40998
2023-10-01T15:00:00Z,169883,133604,97667,77478,36279,46604,46400,64547,43523
2023-10-01T16:00:00Z,164977,131032,93251,75501,33945,46150,45974,62502,41996
2023-10-01T17:00:00Z,160557,128582,91250,75366,31975,44598,44415,59751,39462
2023-10-01T18:00:00Z,163006,124274,97048,72824,38732,43989,43792,66014,47185
2023-10-01T19:00:00Z,147669,116452,85068,68624,31217,40439,40269,55157,37128
2023-10-01T20:00:00Z,141375,106666,83848,64959,34709,37621,37439,54001,37311
2023-10-01T21:00:00Z,129831,99327,76628,60356,30504,33788,33631,47836,32678
2023-10-01T22:00:00Z,117381,87030,69403,53725,30351,29272,29142,42224,28987
2023-10-01T23:00:00Z,112156,83184,67594,52540,28972,28901,28755,42036,29239
2023-10-02T00:00:00Z,146363,86580,96155,53920,59783,29831,29632,72632,59379
2023-10-02T01:00:00Z,151254,85706,97152,52678,65548,29801,29593,76162,61890
2023-10-02T02:00:00Z,124419,91473,71630,55728,32946,29954,29783,43877,29597
2023-10-02T03:00:00Z,122724,90049,70417,53563,32675,30567,30394,44156,29731
2023-10-02T04:00:00Z,129573,93726,72138,55179,35847,30678,30484,44964,30111
2023-10-02T05:00:00Z,137732,101539,75211,57208,36193,33115,32920,49267,32722
2023-10-02T06:00:00Z,161953,119470,90792,66453,42483,40620,40413,60987,42270
2023-10-02T07:00:00Z,174049,139190,91074,73649,34859,47645,47423,61061,39618
2023-10-02T08:00:00Z,181487,146298,95864,78092,35189,51402,51112,65161,42997
2023-10-02T09:00:00Z,192194,156486,98220,80381,35708,53797,53526,68229,44899
2023-10-02T10:00:00Z,193363,155145,101305,82478,38218,53091,52814,68783,46284
2023-10-02T11:00:00Z,191498,156154,99487,82983,35344,55122,54854,68216,45375
2023-10-02T12:00:00Z,243572,157215,152229,83494,86357,59063,58729,102228,77805
2023-10-02T13:00:00Z,228521,175767,125929,91787,52754,65224,64916,95675,69119
2023-10-02T14:00:00Z,217855,185270,113226,97457,32585,69246,68942,81429,53916
2023-10-02T15:00:00Z,193392,160815,101373,84923,32577,63221,62935,77204,51277
2023-10-02T16:00:00Z,200216,166448,105660,89021,33768,62682,62379,76953,51593
2023-10-02T17:00:00Z,200010,166791,106110,90054,33219,61566,61288,74361,49840
2023-10-02T18:00:00Z,212366,163446,116977,91967,48920,59551,59247,81616,56932
2023-10-02T19:00:00Z,199245,158066,106918,89046,41179,56522,56226,71844,48372
2023-10-02T20:00:00Z,191014,150848,105514,86078,40166,53022,52720,68535,47849
2023-10-02T21:00:00Z,178736,135167,98110,78417,43569,46604,46327,63287,43241
2023-10-02T22:00:00Z,165453,123851,92231,72592,41602,41059,40778,56597,39589
2023-10-02T23:00:00Z,151944,113739,85919,68216,38205,39032,38801,54343,37838
2023-10-03T00:00:00Z,180408,107951,109756,65634,72457,38408,38125,84794,66016
2023-10-03T01:00:00Z,166660,103673,107755,62729,62987,36089,35844,82125,65986
2023-10-03T02:00:00Z,132688,100922,77138,60178,31766,35447,35216,50277,33776
2023-10-03T03:00:00Z,132912,97738,74419,56175,35174,34411,34207,50391,33278
2023-10-03T04:00:00Z,141419,103092,76358,58710,38327,34721,34497,53427,33612
2023-10-03T05:00:00Z,143872,109548,79425,60992,34324,36842,36622,53297,35855
2023-10-03T06:00:00Z,168317,129293,94302,70169,39024,44160,43918,64969,44812
2023-10-03T07:00:00Z,177553,146740,92748,75579,30813,50264,50004,64603,41850
2023-10-03T08:00:00Z,185363,152478,98048,80055,32885,53734,53415,67757,44862
2023-10-03T09:00:00Z,192977,160017,101403,83420,32960,56154,55865,69325,45957
2023-10-03T10:00:00Z,189730,155426,102432,83865,34304,54836,54568,69367,46757
2023-10-03T11:00:00Z,190196,161037,103667,87229,29159,56764,56506,68872,46281
2023-10-03T12:00:00Z,246250,164221,155410,88833,82029,60838,60576,103120,78444
2023-10-03T13:00:00Z,223937,172845,124821,91294,51092,66652,66348,95892,68724
2023-10-03T14:00:00Z,208332,178498,107700,92881,29834,70148,69821,82797,54348
2023-10-03T15:00:00Z,187752,157659,96312,81300,30093,63818,63485,77339,50239
2023-10-03T16:00:00Z,190582,160573,98219,83520,30009,62001,61675,76510,49651
2023-10-03T17:00:00Z,193661,166879,103593,88582,26782,62281,61974,75247,49387
2023-10-03T18:00:00Z,205804,166020,114248,91110,39784,61158,60893,82372,56989
2023-10-03T19:00:00Z,194051,159530,103053,86446,34521,56334,56042,70598,47330
2023-10-03T20:00:00Z,189305,151976,103392,84479,37329,52155,51874,69477,47149
2023-10-03T21:00:00Z,188340,134339,91594,74217,54001,45465,45156,63942,40675
2023-10-03T22:00:00Z,163405,121590,85534,68547,41815,40183,39900,56199,37431
2023-10-03T23:00:00Z,147772,116821,84370,68990,30951,38115,37845,53095,36528
2023-10-04T00:00:00Z,177730,118060,112489,70865,59670,38485,38190,84261,65550
2023-10-04T01:00:00Z,161821,107576,104197,65145,54245,37092,36856,80504,62357
2023-10-04T02:00:00Z,141914,115526,84215,68667,26388,36941,36736,52821,34948
2023-10-04T03:00:00Z,141248,115014,85866,69210,26234,36184,35964,51424,34694
2023-10-04T04:00:00Z,143948,117785,84781,67958,26163,36657,36441,52195,34722
2023-10-04T05:00:00Z,149501,119570,83936,66237,29931,38754,38535,56011,36995
2023-10-04T06:00:00Z,172155,138190,98658,75415,33965,46845,46602,67513,45796
2023-10-04T07:00:00Z,184033,157147,97309,81109,26886,52664,52420,66560,43108
2023-10-04T08:00:00Z,193875,164295,103273,85915,29580,57906,57647,71567,47109
2023-10-04T09:00:00Z,193333,164662,103370,86179,28671,58471,58196,71365,46684
2023-10-04T10:00:00Z,185160,155172,100272,81334,29988,56856,56591,70978,47071
2023-10-04T11:00:00Z,186229,159394,100292,84413,26835,58036,57723,69559,45697
2023-10-04T12:00:00Z,240405,164803,151920,88498,75602,61968,61673,103768,78246
2023-10-04T13:00:00Z,218637,175198,124108,91736,43439,67926,67633,95559,68544
2023-10-04T14:00:00Z,207286,179436,109627,93950,27850,71426,71140,82550,54511
2023-10-04T15:00:00Z,195565,167050,103561,86650,28515,66296,65990,79597,52941
2023-10-04T16:00:00Z,192947,163865,100806,84399,29082,63547,63202,77155,51164
2023-10-04T17:00:00Z,188110,162710,100772,85895,25400,61688,61398,73942,49208
2023-10-04T18:00:00Z,191390,156767,107382,84797,34623,59209,58922,77852,55107
2023-10-04T19:00:00Z,182212,153324,101191,84109,28888,55186,54883,67854,46861
2023-10-04T20:00:00Z,174179,144309,97717,78882,29870,51268,51004,65353,45635
2023-10-04T21:00:00Z,162771,131334,91863,73554,31437,45501,45220,59016,41453
2023-10-04T22:00:00Z,145677,114071,83578,65311,31606,39486,39210,52794,37353
2023-10-04T23:00:00Z,134165,105448,78923,61970,28717,37094,36872,49768,35712
2023-10-05T00:00:00Z,161142,104629,104494,63289,56513,37886,37635,78638,63266
2023-10-05T01:00:00Z,146853,95810,96916,57577,51043,35935,35719,75478,60838
2023-10-05T02:00:00Z,127473,101631,75198,59692,25842,36141,35935,49162,33759
2023-10-05T03:00:00Z,129903,104044,78959,62673,25859,35537,35328,49146,33783
2023-10-05T04:00:00Z,134787,109258,80296,63951,25529,35902,35683,49996,34269
2023-10-05T05:00:00Z,143433,114071,82707,64666,29362,38503,38314,54175,36793
2023-10-05T06:00:00Z,170725,135639,99361,75533,35086,46178,45956,66379,46184
2023-10-05T07:00:00Z,172958,145958,93933,77777,27000,52364,52110,64939,42750
2023-10-05T08:00:00Z,185406,155682,98599,81607,29724,56658,56399,69201,45744
2023-10-05T09:00:00Z,195900,167269,105773,88586,28631,58029,57755,72004,47229
2023-10-05T10:00:00Z,193734,164291,103868,85957,29443,56430,56167,72126,48326
2023-10-05T11:00:00Z,189107,162337,104414,88646,26770,57257,56967,69446,45921
2023-10-05T12:00:00Z,238268,163763,149645,87891,74505,61326,61013,101975,77385
2023-10-05T13:00:00Z,220330,172804,122303,90401,47526,66394,66074,95256,68089
2023-10-05T14:00:00Z,216348,187370,114330,98606,28978,72243,71903,83855,55692
2023-10-05T15:00:00Z,195221,167124,103480,87048,28097,66428,66072,79689,53235
2023-10-05T16:00:00Z,193071,163823,104008,88030,29248,62917,62593,76133,51242
2023-10-05T17:00:00Z,193107,163886,103399,88862,29221,61063,60788,73252,48804
2023-10-05T18:00:00Z,201082,159289,109971,86683,41793,58924,58631,79231,55138
2023-10-05T19:00:00Z,185285,153045,100697,84007,32240,54938,54630,68241,46143
2023-10-05T20:00:00Z,174143,144790,99571,81064,29353,51394,51127,65406,45844
2023-10-05T21:00:00Z,159853,129621,90191,72971,30232,44810,44529,56813,40015
2023-10-05T22:00:00Z,145048,116975,84108,67714,28073,38903,38637,51186,35790
2023-10-05T23:00:00Z,130625,106838,78859,64378,23787,37229,37022,48047,34790
2023-10-06T00:00:00Z,158534,103420,103243,62516,55114,37189,36938,76969,62774
2023-10-06T01:00:00Z,147343,95777,98474,58476,51566,35025,34798,75030,60601
2023-10-06T02:00:00Z,128392,102806,77457,62033,25586,34811,34599,47608,32506
2023-10-06T03:00:00Z,127464,101094,76608,60428,26370,34659,34466,47328,32120
2023-10-06T04:00:00Z,129760,102816,74883,58440,26944,34833,34660,48286,32548
2023-10-06T05:00:00Z,138376,110125,80127,62494,28251,36934,36751,52274,35233
2023-10-06T06:00:00Z,164836,130311,94471,71216,34525,45078,44864,65168,44996
2023-10-06T07:00:00Z,169514,141699,91565,76088,27815,50013,49777,64092,41469
2023-10-06T08:00:00Z,180024,151531,96186,79822,28493,54663,54376,67369,44364
2023-10-06T09:00:00Z,183466,155128,97378,80788,28338,56380,56124,68798,45022
2023-10-06T10:00:00Z,183569,152976,100625,82820,30593,54239,53975,68545,45842
2023-10-06T11:00:00Z,183391,156248,100159,84787,27143,54772,54513,66960,44190
2023-10-06T12:00:00Z,232358,154386,148405,82726,77972,57868,57575,99283,75012
2023-10-06T13:00:00Z,214119,168715,122014,88208,45404,63819,63525,93812,67922
2023-10-06T14:00:00Z,209258,182574,109530,94219,26684,67014,66713,80281,53263
2023-10-06T15:00:00Z,188654,159564,102619,85450,29090,60860,60568,74575,50254
2023-10-06T16:00:00Z,192281,163076,105678,89221,29205,58287,57998,72641,48872
2023-10-06T17:00:00Z,182263,157315,102026,87029,24948,55290,55029,66841,45030
2023-10-06T18:00:00Z,185550,150030,107469,84011,35520,51916,51646,72636,51457
2023-10-06T19:00:00Z,171191,142815,97965,82022,28376,47630,47389,60893,41945
2023-10-06T20:00:00Z,163073,134861,94702,76767,28212,44763,44509,59595,41563
2023-10-06T21:00:00Z,150048,115426,84343,65723,34622,38681,38410,55062,38577
2023-10-06T22:00:00Z,137438,104040,77855,59993,33398,32890,32628,48127,33853
2023-10-06T23:00:00Z,118974,89304,69648,53342,29670,30674,30467,44450,31774
2023-10-07T00:00:00Z,147556,85450,97024,52791,62106,30286,30015,74251,60455
2023-10-07T01:00:00Z,140774,81206,90264,47960,59568,29843,29619,72698,57326
2023-10-07T02:00:00Z,123434,87138,67456,49453,36296,31519,31305,47014,29620
2023-10-07T03:00:00Z,113313,86633,65292,48171,26680,30763,30588,43482,28616
2023-10-07T04:00:00Z,108471,82922,65253,48600,25549,27605,27434,40560,28249
2023-10-07T05:00:00Z,111596,85419,66067,48699,26177,29974,29821,44286,29984
2023-10-07T06:00:00Z,130249,98296,76861,53927,31953,35658,35462,54686,36927
2023-10-07T07:00:00Z,129554,105472,73057,57564,24082,38325,38119,50796,31834
2023-10-07T08:00:00Z,136484,110227,78149,61084,26257,39908,39684,53582,33710
2023-10-07T09:00:00Z,140387,115208,80516,63949,25179,40585,40359,53689,34259
2023-10-07T10:00:00Z,138325,111827,82024,64389,26498,38659,38443,54106,36180
2023-10-07T11:00:00Z,129877,106535,76548,61501,23342,38204,38006,50839,33165
2023-10-07T12:00:00Z,204226,110612,147667,63264,93614,40373,40163,82735,64777
2023-10-07T13:00:00Z,161217,116936,102523,67042,44281,43027,42829,75258,56191
2023-10-07T14:00:00Z,147250,124685,87551,72197,22565,45542,45331,58102,38822
2023-10-07T15:00:00Z,150212,123358,89032,70795,26854,45375,45164,60577,41349
2023-10-07T16:00:00Z,145795,120200,86589,70654,25595,43741,43528,57859,39217
2023-10-07T17:00:00Z,139306,116959,83756,69258,22347,41480,41274,54111,36843
2023-10-07T18:00:00Z,144664,111994,90916,67129,32670,39787,39560,60019,43965
2023-10-07T19:00:00Z,125739,102406,76433,61342,23333,35968,35784,47900,33234
2023-10-07T20:00:00Z,122924,95490,76778,58895,27434,33463,33251,47934,34002
2023-10-07T21:00:00Z,112085,87231,69973,53999,24854,30161,29964,41905,29586
2023-10-07T22:00:00Z,103558,78503,64026,49277,25055,26137,25953,38027,26457
2023-10-07T23:00:00Z,96003,72681,60468,46286,23322,25769,25601,37248,26851
2023-10-08T00:00:00Z,133266,75320,90176,46602,57946,26088,25871,71928,59116
2023-10-08T01:00:00Z,134773,78550,92509,46769,56223,28154,27951,75620,61413
2023-10-08T02:00:00Z,111013,85728,64254,49863,25285,29591,29426,42643,26798
2023-10-08T03:00:00Z,109102,84325,63043,47768,24777,29460,29288,42457,27041
2023-10-08T04:00:00Z,100531,76885,60465,45337,23646,26164,25974,38409,26090
2023-10-08T05:00:00Z,105841,81990,64271,47720,23851,28721,28566,41898,28518
2023-10-08T06:00:00Z,125939,96228,76393,53948,29711,34995,34813,53319,36331
2023-10-08T07:00:00Z,127072,104285,73878,58383,22787,37826,37632,49782,31531
2023-10-08T08:00:00Z,136075,111046,79259,62770,25029,39880,39708,52905,33726
2023-10-08T09:00:00Z,138696,114060,81749,64728,24636,41117,40956,53624,34983
2023-10-08T10:00:00Z,135265,110038,81377,63043,25227,38957,38780,53192,36362
2023-10-08T11:00:00Z,134352,113503,80422,65149,20849,39522,39366,51127,33875
2023-10-08T12:00:00Z,203028,113000,148945,66016,90028,41542,41375,82843,65256
2023-10-08T13:00:00Z,164174,122726,105806,70749,41448,44940,44773,75694,56791
2023-10-08T14:00:00Z,155022,133040,94394,78623,21982,48361,48206,60091,40899
2023-10-08T15:00:00Z,158407,132728,95954,77385,25679,47716,47544,62163,42923
2023-10-08T16:00:00Z,158602,134651,99076,82083,23951,46134,45972,59246,41137
2023-10-08T17:00:00Z,149107,128077,91869,76590,21030,44089,43944,56205,38772
2023-10-08T18:00:00Z,154985,124245,97466,73438,30740,43641,43502,63456,46233
2023-10-08T19:00:00Z,138745,116687,86128,70385,22058,40062,39907,51411,36331
2023-10-08T20:00:00Z,134049,109664,86582,68081,24385,36958,36808,50561,36697
2023-10-08T21:00:00Z,121419,98924,78331,62053,22495,32800,32651,44361,31740
2023-10-08T22:00:00Z,105869,84786,67531,52351,21083,28505,28367,39205,28009
2023-10-08T23:00:00Z,100370,78947,65005,49785,21423,28364,28229,38555,28368
2023-10-09T00:00:00Z,145183,84769,94001,52943,60414,29988,29771,70858,57716
2023-10-09T01:00:00Z,162389,92096,97697,54354,70293,33657,33467,77471,60431
2023-10-09T02:00:00Z,135459,99766,72772,56998,35693,36176,35996,48426,30606
2023-10-09T03:00:00Z,137082,100961,74067,56690,36121,36470,36273,49551,31607
2023-10-09T04:00:00Z,133667,97252,73447,56653,36415,33406,33217,46726,30799
2023-10-09T05:00:00Z,143607,106495,78487,59863,37112,37601,37432,52087,33764
2023-10-09T06:00:00Z,175899,130709,92529,68790,45190,48200,47978,67710,44493
2023-10-09T07:00:00Z,182985,146567,92077,74719,36418,54757,54504,67172,41930
2023-10-09T08:00:00Z,195890,159392,99850,81734,36498,59079,58774,71558,45446
2023-10-09T09:00:00Z,204308,167869,104697,86709,36439,61269,60951,73748,46571
2023-10-09T10:00:00Z,199295,160559,102913,83940,38736,58176,57868,72695,47427
2023-10-09T11:00:00Z,197106,159629,103038,85523,37477,59104,58798,71435,45984
2023-10-09T12:00:00Z,235251,157062,142786,83666,78189,61088,60789,101367,75291
2023-10-09T13:00:00Z,223455,172346,122546,89868,51109,65465,65156,94361,66584
2023-10-09T14:00:00Z,209676,175083,105681,90155,34593,68614,68309,81503,52344
2023-10-09T15:00:00Z,210283,175017,110083,93048,35266,64801,64435,80260,52827
2023-10-09T16:00:00Z,196851,161158,101920,85155,35693,61349,61031,77698,51275
2023-10-09T17:00:00Z,192256,157309,101350,85087,34947,58177,57887,72946,48469
2023-10-09T18:00:00Z,197881,151887,110460,84810,45994,56131,55850,78482,55517
2023-10-09T19:00:00Z,187436,145805,102569,82611,41631,52309,52055,68030,46691
2023-10-09T20:00:00Z,182525,141852,101081,79739,40673,49120,48867,65828,46282
2023-10-09T21:00:00Z,168421,126749,93196,73172,41672,42845,42580,58163,40282
2023-10-09T22:00:00Z,147695,109336,81006,62584,38359,37747,37516,52223,36387
2023-10-09T23:00:00Z,135753,103381,77503,61596,32372,36729,36531,48611,34586
2023-10-10T00:00:00Z,170436,105865,110562,62963,64571,38442,38191,85055,69412
2023-10-10T01:00:00Z,171364,111150,110457,65047,60214,40326,40088,85491,67587
2023-10-10T02:00:00Z,143226,114509,80898,63743,28717,41522,41295,55155,35634
2023-10-10T03:00:00Z,137694,107931,78495,60529,29763,39800,39585,53152,34811
2023-10-10T04:00:00Z,136403,107232,77776,60214,29171,36834,36639,50644,33855
2023-10-10T05:00:00Z,147778,117101,82853,64301,30677,40807,40621,55460,36939
2023-10-10T06:00:00Z,178743,140728,96856,72668,38015,51054,50811,71400,47659
2023-10-10T07:00:00Z,175393,146739,90988,75050,28654,56340,56061,67540,42866
2023-10-10T08:00:00Z,187524,159182,97677,81554,28342,60684,60362,72698,45784
2023-10-10T09:00:00Z,195141,163761,100922,83665,31380,62398,62104,74314,47437
2023-10-10T10:00:00Z,187931,156761,99094,81216,31170,58665,58374,72319,47561
2023-10-10T11:00:00Z,188368,159524,99952,84132,28844,59582,59303,71333,45987
2023-10-10T12:00:00Z,234727,158712,146058,85376,76015,61113,60777,101056,75399
2023-10-10T13:00:00Z,222993,175231,125235,93681,47762,67591,67263,95285,67624
2023-10-10T14:00:00Z,209395,177725,110230,95190,31670,70027,69668,81126,53208
2023-10-10T15:00:00Z,188320,156610,96902,81591,31710,63706,63377,76278,49916
2023-10-10T16:00:00Z,190020,161291,100458,85254,28729,61786,61415,74764,49589
2023-10-10T17:00:00Z,193546,165816,106410,90889,27730,59979,59656,73111,49103
2023-10-10T18:00:00Z,201622,163498,114426,90139,38124,59043,58686,79254,55869
2023-10-10T19:00:00Z,192703,156270,105729,87727,36433,55012,54711,69203,47312
2023-10-10T20:00:00Z,191406,148507,104237,84339,42899,51513,51196,69103,46738
2023-10-10T21:00:00Z,176493,136501,99073,80362,39992,45067,44797,61286,41254
2023-10-10T22:00:00Z,149761,114230,84598,66445,35531,38801,38552,54019,37156
2023-10-10T23:00:00Z,140810,111175,84464,68369,29635,37180,36944,50660,35291
2023-10-11T00:00:00Z,182681,114172,116783,70369,68509,38925,38626,89043,69183
2023-10-11T01:00:00Z,180482,117695,114892,69484,62787,41747,41486,88846,68551
2023-10-11T02:00:00Z,149481,119341,85267,69199,30140,42047,41822,56437,36292
2023-10-11T03:00:00Z,144011,114279,83216,65798,29732,40368,40151,54154,35268
2023-10-11T04:00:00Z,157120,107368,80200,63343,49752,36701,36488,55350,34327
2023-10-11T05:00:00Z,144201,114542,82647,64304,29659,41625,41412,56488,37344
2023-10-11T06:00:00Z,209104,128976,89487,67304,80128,50327,50085,80380,45993
2023-10-11T07:00:00Z,194029,143868,89023,73947,50161,56242,55974,72975,42546
2023-10-11T08:00:00Z,184193,154108,91165,75856,30085,59453,59192,71608,45414
2023-10-11T09:00:00Z,201469,167297,101092,85133,34172,63222,62920,75027,47975
2023-10-11T10:00:00Z,192910,160610,102965,85785,32300,58979,58665,73706,49040
2023-10-11T11:00:00Z,190751,163703,101681,86468,27048,59724,59460,71358,46787
2023-10-11T12:00:00Z,243566,166604,152233,89132,76962,63340,63025,103875,78198
2023-10-11T13:00:00Z,215002,170711,119427,89319,44291,68072,67768,94211,66786
2023-10-11T14:00:00Z,212769,185938,112375,97587,26831,73019,72666,83955,55304
2023-10-11T15:00:00Z,183272,157246,97166,81831,26026,65012,64659,77129,51224
2023-10-11T16:00:00Z,186797,160812,98974,84016,25985,63076,62779,75805,50565
2023-10-11T17:00:00Z,188805,164962,102289,88332,23843,61213,60929,73067,49165
2023-10-11T18:00:00Z,191182,156834,108634,86002,34348,58527,58235,77977,55310
2023-10-11T19:00:00Z,181952,153682,101301,84739,28270,55039,54764,67271,46351
2023-10-11T20:00:00Z,178675,147593,99782,82129,31082,51707,51426,66297,45950
2023-10-11T21:00:00Z,173302,133225,93798,77026,40077,44966,44712,59612,40225
2023-10-11T22:00:00Z,157365,119248,87576,70655,38117,38978,38717,54733,36526
2023-10-11T23:00:00Z,159149,106973,77889,62396,52176,36521,36263,55985,34704
2023-10-12T00:00:00Z,174076,109739,113764,65012,64337,38410,38126,86611,71348
2023-10-12T01:00:00Z,166330,108275,107028,61707,58055,40313,40077,85138,67874
2023-10-12T02:00:00Z,137458,111704,76856,61656,25754,41423,41210,53909,35429
2023-10-12T03:00:00Z,137341,109287,77725,60739,28054,40388,40162,53646,35869
2023-10-12T04:00:00Z,137473,109794,78322,61610,27679,37386,37171,51522,34957
2023-10-12T05:00:00Z,143710,116906,81491,64382,26804,40512,40279,55878,37118
2023-10-12T06:00:00Z,174709,140697,96784,73582,34012,50653,50406,70844,47442
2023-10-12T07:00:00Z,182290,153798,94526,78765,28492,56745,56494,69179,43870
2023-10-12T08:00:00Z,195896,168010,101533,85107,27886,60860,60584,74157,47156
2023-10-12T09:00:00Z,198546,170140,105214,88069,28406,61680,61357,74150,47674
2023-10-12T10:00:00Z,192580,161621,101566,83146,30959,57538,57246,72463,48275
2023-10-12T11:00:00Z,186744,159158,99353,83614,27586,57266,57000,69110,45400
2023-10-12T12:00:00Z,240142,162181,150409,85347,77961,61400,61090,102676,77239
2023-10-12T13:00:00Z,219945,175607,122596,90422,44338,66417,66088,95213,68013
2023-10-12T14:00:00Z,207698,181188,110325,95388,26510,69299,68910,80757,53634
2023-10-12T15:00:00Z,190742,163456,101564,85493,27286,63410,63090,76518,51047
2023-10-12T16:00:00Z,191367,163423,104451,88473,27944,61399,61053,74677,50070
2023-10-12T17:00:00Z,191931,166462,106560,91623,25469,58599,58275,70874,48044
2023-10-12T18:00:00Z,194064,159006,114112,90455,35058,56668,56339,76929,55174
2023-10-12T19:00:00Z,178455,150999,102086,85849,27456,52585,52291,65182,44946
2023-10-12T20:00:00Z,167923,139674,96251,78103,28249,49539,49254,63648,44882
2023-10-12T21:00:00Z,156789,125841,87660,70086,30948,43844,43544,58552,41048
2023-10-12T22:00:00Z,138213,107661,79262,61949,30552,37259,37007,51609,36677
2023-10-12T23:00:00Z,127518,100212,75714,60290,27306,34931,34694,47214,34138
2023-10-13T00:00:00Z,160953,100799,105124,59747,60154,35869,35593,81138,66297
2023-10-13T01:00:00Z,164077,104455,107091,60868,59622,38077,37838,84094,67516
2023-10-13T02:00:00Z,139181,112719,77705,62329,26462,39322,39101,52089,34410
2023-10-13T03:00:00Z,130943,103350,74671,58634,27593,38144,37934,50406,33363
2023-10-13T04:00:00Z,135591,106439,78746,61930,29152,35594,35385,49877,33883
2023-10-13T05:00:00Z,143225,115093,81060,63333,28132,39281,39078,55009,36335
2023-10-13T06:00:00Z,171721,136353,93884,70816,35368,49421,49177,68992,46433
2023-10-13T07:00:00Z,179986,151657,95184,78879,28329,55273,55013,67554,42871
2023-10-13T08:00:00Z,190641,160440,101712,84326,30201,59269,58954,72173,46448
2023-10-13T09:00:00Z,198024,167344,104912,87024,30680,60089,59796,73572,47771
2023-10-13T10:00:00Z,184553,153190,100881,82290,31363,54747,54449,69312,46380
2023-10-13T11:00:00Z,179727,152328,97336,81507,27399,53209,52938,64835,42855
2023-10-13T12:00:00Z,234886,151792,147949,81426,83094,55850,55539,97581,74064
2023-10-13T13:00:00Z,217142,166326,122056,87518,50816,61462,61118,92612,67089
2023-10-13T14:00:00Z,207835,174967,109089,93196,32868,65097,64734,76979,51237
2023-10-13T15:00:00Z,193210,160455,102691,85529,32755,60127,59812,73862,49627
2023-10-13T16:00:00Z,187632,156388,101139,84397,31244,57110,56817,70792,47987
2023-10-13T17:00:00Z,181177,155456,99349,84294,25721,53897,53625,65638,44352
2023-10-13T18:00:00Z,178323,142765,102140,78250,35558,50549,50296,70476,50403
2023-10-13T19:00:00Z,160453,132279,87779,71685,28174,46804,46544,59334,40289
2023-10-13T20:00:00Z,153458,125759,88070,70100,27699,43819,43544,58091,40451
2023-10-13T21:00:00Z,139798,111424,79386,62559,28374,38499,38266,51014,35485
2023-10-13T22:00:00Z,126978,98044,72348,55965,28934,33174,32936,46234,32502
2023-10-13T23:00:00Z,113451,89696,69120,54014,23755,30539,30335,42123,30168
2023-10-14T00:00:00Z,135073,80680,92223,50069,54393,28817,28546,70823,58644
2023-10-14T01:00:00Z,133239,79115,91657,48563,54124,26791,26552,69840,58097
2023-10-14T02:00:00Z,102934,80769,64136,48831,22165,26405,26242,38722,26782
2023-10-14T03:00:00Z,103025,79660,64553,48447,23365,26440,26228,39086,27138
2023-10-14T04:00:00Z,104852,82440,66374,50555,22412,26495,26333,38737,27126
2023-10-14T05:00:00Z,107240,83393,65665,49158,23847,27645,27483,42524,28902
2023-10-14T06:00:00Z,121896,91889,76735,53915,30007,31255,31083,50646,36101
2023-10-14T07:00:00Z,117178,95356,69361,54315,21822,33445,33259,46043,30239
2023-10-14T08:00:00Z,121635,99312,73698,57340,22323,34420,34234,47983,32259
2023-10-14T09:00:00Z,130266,107228,76329,59958,23038,35858,35691,49020,33128
2023-10-14T10:00:00Z,128897,104000,79737,62009,24897,35722,35561,50287,34390
2023-10-14T11:00:00Z,124928,104474,76318,61631,20454,35814,35671,47040,31693
2023-10-14T12:00:00Z,204925,109483,152362,64714,95442,39009,38838,81594,64696
2023-10-14T13:00:00Z,161810,118672,105446,69916,43138,42295,42100,74488,56399
2023-10-14T14:00:00Z,145334,124036,86721,71556,21298,45891,45713,58248,39587
2023-10-14T15:00:00Z,149783,123761,89224,71029,26022,45738,45565,60933,41832
2023-10-14T16:00:00Z,146497,121913,86676,69960,24584,44798,44637,59459,40530
2023-10-14T17:00:00Z,143766,122106,86555,71527,21660,42324,42159,55255,37866
2023-10-14T18:00:00Z,145186,112736,90518,66822,32450,40399,40217,60971,44249
2023-10-14T19:00:00Z,130100,105739,78181,63394,24361,36270,36119,48827,33519
2023-10-14T20:00:00Z,120157,95903,76303,58619,24254,33942,33777,47100,34117
2023-10-14T21:00:00Z,110515,88132,69741,53865,22383,30404,30258,41749,29723
2023-10-14T22:00:00Z,100436,79185,64984,49964,21251,26494,26356,37333,26733
2023-10-14T23:00:00Z,96669,77184,61259,46826,19485,25647,25530,35838,26525
2023-10-15T00:00:00Z,122243,73647,86239,47180,48596,25410,25219,63998,53512
2023-10-15T01:00:00Z,124415,71296,91982,46267,53119,24734,24558,69895,59443
2023-10-15T02:00:00Z,95397,73433,60385,45526,21964,24476,24337,36331,25360
2023-10-15T03:00:00Z,95618,73581,60394,44450,22037,25331,25196,37174,25716
2023-10-15T04:00:00Z,96321,74736,61263,45615,21585,25674,25550,37417,26389
2023-10-15T05:00:00Z,102449,79502,63739,47166,22947,27098,26967,41098,28270
2023-10-15T06:00:00Z,116143,87812,74265,52066,28331,30142,29963,49107,35162
2023-10-15T07:00:00Z,114739,92723,68851,53816,22016,32511,32362,45172,30073
2023-10-15T08:00:00Z,121548,98984,73436,57544,22564,34865,34683,48027,32031
2023-10-15T09:00:00Z,128566,104869,77675,61111,23697,36722,36563,50373,33755
2023-10-15T10:00:00Z,128378,105614,78574,61776,22764,37027,36867,51145,35210
2023-10-15T11:00:00Z,129171,108579,77931,63501,20592,38328,38187,49684,33498
2023-10-15T12:00:00Z,206163,116540,151920,69457,89623,41386,41237,83294,66086
2023-10-15T13:00:00Z,169526,126083,106811,72831,43443,45786,45633,77422,58140
2023-10-15T14:00:00Z,164031,136833,93788,79242,27198,49232,49065,61826,41845
2023-10-15T15:00:00Z,166224,132432,95465,76764,33792,48789,48581,64505,44567
2023-10-15T16:00:00Z,159084,130623,92415,75527,28461,47372,47168,63021,43209
2023-10-15T17:00:00Z,153354,128885,91680,75893,24469,45904,45722,60011,41286
2023-10-15T18:00:00Z,155898,123888,98012,73656,32010,44629,44421,64771,47302
2023-10-15T19:00:00Z,138802,115104,83957,68023,23698,40314,40144,52964,36894
2023-10-15T20:00:00Z,132825,108927,82540,64713,23898,37837,37687,51517,36916
2023-10-15T21:00:00Z,118596,96491,73731,58098,22105,33917,33767,45365,32199
2023-10-15T22:00:00Z,106230,84184,66679,51405,22046,29719,29574,40778,29053
2023-10-15T23:00:00Z,101410,80360,65268,50845,21050,29267,29094,39985,29387
2023-10-16T00:00:00Z,154613,90735,102407,57097,63878,32177,31946,78476,64446
2023-10-16T01:00:00Z,167391,98246,103072,57274,69145,35969,35758,83247,66013
2023-10-16T02:00:00Z,139272,106717,76100,60853,32555,38125,37938,51809,33110
2023-10-16T03:00:00Z,138500,103320,74511,57484,35180,37719,37548,51693,33341
2023-10-16T04:00:00Z,136568,98788,74386,57023,37780,35136,34901,49593,32886
2023-10-16T05:00:00Z,143583,108127,77254,59691,35456,39602,39363,54794,36015
2023-10-16T06:00:00Z,175664,134248,92737,69549,41416,49771,49527,69785,46182
2023-10-16T07:00:00Z,177177,143431,89639,73447,33746,54930,54666,67256,41688
2023-10-16T08:00:00Z,181148,148457,90671,74878,32691,58704,58414,71017,44368
2023-10-16T09:00:00Z,207038,170972,104809,87395,36066,62216,61936,74929,47527
2023-10-16T10:00:00Z,196739,158760,102187,83270,37979,58326,57973,72610,47468
2023-10-16T11:00:00Z,194415,158801,100738,84143,35614,59268,58964,71276,46138
2023-10-16T12:00:00Z,245378,165293,148172,85989,80085,62435,62088,103332,76749
2023-10-16T13:00:00Z,226426,175939,122477,89550,50487,68870,68566,98247,69443
2023-10-16T14:00:00Z,216729,180255,109038,93889,36474,71650,71324,84324,54350
2023-10-16T15:00:00Z,187000,151069,92957,77748,35931,63013,62698,76777,48915
2023-10-16T16:00:00Z,189879,150521,93961,79122,39358,60428,60120,76523,48398
2023-10-16T17:00:00Z,193319,157305,99253,84056,36014,59620,59310,73478,48096
2023-10-16T18:00:00Z,199849,153802,107478,84050,46047,58418,58104,80170,55699
2023-10-16T19:00:00Z,192942,152028,100683,82649,40914,55788,55483,71671,48213
2023-10-16T20:00:00Z,186622,145301,99132,79992,41321,52034,51727,67976,46931
2023-10-16T21:00:00Z,170379,128699,89248,71206,41680,45441,45188,59311,40741
2023-10-16T22:00:00Z,157030,117248,83588,66406,39782,40096,39846,53884,37169
2023-10-16T23:00:00Z,142970,109419,79642,64245,33551,38428,38206,51223,35962
2023-10-17T00:00:00Z,172928,111083,111164,65195,61845,40178,39921,85504,69721
2023-10-17T01:00:00Z,174060,114700,109914,64281,59360,42337,42108,87484,69285
2023-10-17T02:00:00Z,146903,117397,79839,63947,29506,43268,43032,56863,36830
2023-10-17T03:00:00Z,141789,113044,77209,61182,28745,41503,41278,55245,35762
2023-10-17T04:00:00Z,141980,111593,79380,62930,30387,38959,38748,54203,35960
2023-10-17T05:00:00Z,148609,116017,79720,61965,32592,42611,42401,57794,37847
2023-10-17T06:00:00Z,177400,140299,96388,73145,37101,52334,52081,72373,47809
2023-10-17T07:00:00Z,184880,154818,94596,78614,30062,58814,58555,71519,44976
2023-10-17T08:00:00Z,191303,161882,98342,81917,29421,62771,62480,74711,47814
2023-10-17T09:00:00Z,204106,171372,105084,87474,32734,64716,64381,77303,48667
2023-10-17T10:00:00Z,195318,163143,103594,85550,32175,60518,60228,74278,49436
2023-10-17T11:00:00Z,196440,165788,104153,88371,30652,60879,60550,72344,47061
2023-10-17T12:00:00Z,243467,165470,149423,85816,77997,65438,65119,105008,78272
2023-10-17T13:00:00Z,221266,174880,121102,89061,46386,70006,69685,98407,69352
2023-10-17T14:00:00Z,210584,180693,108515,92998,29891,73312,72957,84701,55552
2023-10-17T15:00:00Z,189930,159840,97468,81417,30090,67096,66770,80056,52378
2023-10-17T16:00:00Z,193959,159915,99155,83897,34044,64089,63727,79537,51481
2023-10-17T17:00:00Z,197255,160380,100465,84634,36875,61715,61422,77220,49607
2023-10-17T18:00:00Z,193723,155244,106126,83541,38479,59203,58878,79058,55135
2023-10-17T19:00:00Z,183612,150483,98187,81951,33129,55726,55438,69322,46629
2023-10-17T20:00:00Z,185187,142642,96061,77645,42545,52395,52064,68829,46346
2023-10-17T21:00:00Z,170394,129904,88162,70638,40490,45906,45601,61004,40640
2023-10-17T22:00:00Z,151516,115248,81978,64218,36268,40630,40347,54570,37531
2023-10-17T23:00:00Z,139868,108251,80438,64459,31617,38394,38114,50577,35609
2023-10-18T00:00:00Z,172499,108005,105252,64177,64494,39917,39628,81561,64318
2023-10-18T01:00:00Z,186291,114280,107867,65251,72011,42167,41915,89046,66360
2023-10-18T02:00:00Z,157715,120402,83500,66965,37313,43271,43026,58343,36697
2023-10-18T03:00:00Z,152253,119321,84241,67281,32932,41679,41470,56221,36739
2023-10-18T04:00:00Z,142295,110289,79566,62161,32006,38683,38442,53887,36100
2023-10-18T05:00:00Z,151702,117429,81475,63479,34273,42692,42475,59058,38509
2023-10-18T06:00:00Z,180733,141436,96587,72401,39297,52486,52217,73153,48749
2023-10-18T07:00:00Z,185078,153991,94154,77587,31087,57546,57292,70772,44813
2023-10-18T08:00:00Z,199297,165251,101522,83495,34046,63358,63069,77116,49347
2023-10-18T09:00:00Z,201128,166099,102121,83922,35029,63491,63131,77123,49566
2023-10-18T10:00:00Z,198812,160936,103738,83840,37876,59588,59278,76244,50392
2023-10-18T11:00:00Z,197804,162119,103817,85252,35685,60456,60167,73715,48452
2023-10-18T12:00:00Z,243500,163366,150278,86122,80134,64032,63725,104747,78201
2023-10-18T13:00:00Z,221555,171622,121523,89212,49933,69454,69100,96931,68951
2023-10-18T14:00:00Z,215335,183384,111544,95237,31951,73435,73099,85508,56385
2023-10-18T15:00:00Z,184217,152990,95027,78838,31227,64935,64599,78696,51566
2023-10-18T16:00:00Z,183174,153531,95142,79927,29643,62119,61781,76074,50281
2023-10-18T17:00:00Z,185452,153524,98445,82345,31928,59943,59605,73844,49430
2023-10-18T18:00:00Z,198924,153965,107120,82968,44959,58633,58303,81630,56182
2023-10-18T19:00:00Z,188789,152819,97885,79290,35970,55118,54831,68847,47109
2023-10-18T20:00:00Z,190009,150700,100277,79318,39309,53200,52858,69040,47966
2023-10-18T21:00:00Z,174907,136203,90856,71948,38704,46015,45685,60716,41446
2023-10-18T22:00:00Z,154084,119132,85354,67217,34952,40133,39838,54187,37737
2023-10-18T23:00:00Z,145739,112778,77772,60981,32961,38196,37956,51389,35881
2023-10-19T00:00:00Z,174050,112649,105883,63526,61401,39810,39525,81023,64712
2023-10-19T01:00:00Z,175140,114194,106487,62540,60946,41553,41300,85086,66907
2023-10-19T02:00:00Z,157080,123045,81374,64410,34035,43040,42797,56642,36832
2023-10-19T03:00:00Z,149959,118177,82316,64924,31782,41743,41517,55169,36088
2023-10-19T04:00:00Z,144043,108968,78592,61103,35075,38575,38363,53631,35161
2023-10-19T05:00:00Z,152758,115795,81437,62757,36963,42050,41807,58299,37945
2023-10-19T06:00:00Z,181455,140254,95756,72510,41201,52090,51822,72505,47398
2023-10-19T07:00:00Z,184659,151882,93503,77594,32777,57269,56994,69881,43700
2023-10-19T08:00:00Z,191800,160782,99193,82537,31018,61014,60725,73649,47008
2023-10-19T09:00:00Z,196280,162303,100301,82871,33977,61935,61634,74771,47509
2023-10-19T10:00:00Z,201678,155676,103200,82001,46002,58083,57784,76457,49970
2023-10-19T11:00:00Z,204316,160541,102789,83779,43775,59442,59111,75345,48347
2023-10-19T12:00:00Z,249189,166171,150129,85268,83018,62855,62498,104621,77964
2023-10-19T13:00:00Z,228196,175802,125652,92425,52394,68309,67945,98770,69803
2023-10-19T14:00:00Z,207022,177187,107863,92487,29835,70402,70082,81596,54009
2023-10-19T15:00:00Z,177175,149730,92888,77685,27445,62840,62534,74763,49245
2023-10-19T16:00:00Z,181475,155043,95036,81223,26432,60044,59723,72191,48040
2023-10-19T17:00:00Z,189553,161842,98153,82969,27711,59328,59037,71777,48102
2023-10-19T18:00:00Z,193595,158764,108373,85464,34831,58014,57722,76473,54186
2023-10-19T19:00:00Z,185623,155233,99967,83597,30390,54879,54590,66825,45644
2023-10-19T20:00:00Z,185862,149658,102360,81595,36204,51552,51239,67568,47510
2023-10-19T21:00:00Z,169563,134663,92331,72781,34900,45465,45204,60446,42118
2023-10-19T22:00:00Z,147182,116170,83993,66901,31012,39452,39190,52129,36237
2023-10-19T23:00:00Z,130789,102811,76892,60367,27978,37230,37012,49137,35161
2023-10-20T00:00:00Z,166573,107424,105193,63938,59149,38458,38212,80990,64827
2023-10-20T01:00:00Z,163561,105136,103767,59832,58425,40243,40000,83004,64830
2023-10-20T02:00:00Z,137889,109496,76968,60525,28393,40813,40624,53072,34697
2023-10-20T03:00:00Z,135005,107326,75708,58995,27679,39614,39391,51671,34241
2023-10-20T04:00:00Z,130320,101218,74521,57357,29102,35957,35751,49029,33438
2023-10-20T05:00:00Z,138101,106531,77299,58937,31570,38619,38416,53317,35660
2023-10-20T06:00:00Z,175879,138442,92908,69269,37437,49099,48873,68358,45975
2023-10-20T07:00:00Z,197682,167311,90007,73525,30371,54070,53832,66016,41852
2023-10-20T08:00:00Z,191603,160747,97524,80039,30856,58463,58201,71176,46240
2023-10-20T09:00:00Z,194190,163486,101719,83795,30704,59078,58824,72403,47467
2023-10-20T10:00:00Z,183088,151323,99123,80232,31765,55114,54832,69119,46681
2023-10-20T11:00:00Z,179546,151979,97161,80972,27567,55388,55132,66720,43961
2023-10-20T12:00:00Z,237341,152886,149327,82397,84455,58149,57883,99659,76161
2023-10-20T13:00:00Z,217927,165410,120496,87059,52517,63382,63067,91884,67038
2023-10-20T14:00:00Z,207921,173974,108495,92325,33947,66000,65694,79179,53438
2023-10-20T15:00:00Z,186161,154415,100337,81934,31746,60492,60151,74416,50251
2023-10-20T16:00:00Z,192240,159921,101470,83625,32319,58083,57755,72470,49290
2023-10-20T17:00:00Z,180943,152597,99780,83356,28346,54649,54379,67597,46138
2023-10-20T18:00:00Z,187608,148414,106243,81161,39194,52088,51798,71360,51508
2023-10-20T19:00:00Z,171967,138499,94451,76971,33468,48109,47829,60095,41595
2023-10-20T20:00:00Z,158547,127657,90100,71404,30890,45000,44742,57998,41370
2023-10-20T21:00:00Z,152790,115732,84783,65886,37058,39617,39344,53646,37845
2023-10-20T22:00:00Z,135438,98691,75705,57120,36747,34143,33901,48803,34540
2023-10-20T23:00:00Z,119167,90672,70070,53441,28495,32033,31823,44917,32415
2023-10-21T00:00:00Z,144043,86030,96763,52439,58013,30198,29956,72955,60825
2023-10-21T01:00:00Z,139561,80679,92622,47916,58882,27665,27457,71223,58960
2023-10-21T02:00:00Z,105735,78115,63520,46670,27620,26968,26782,39906,27371
2023-10-21T03:00:00Z,104598,78927,63788,46979,25671,27081,26887,39756,27372
2023-10-21T04:00:00Z,102954,78260,63377,46140,24694,26865,26700,39347,27178
2023-10-21T05:00:00Z,104400,78946,63573,45779,25454,27604,27451,41402,28817
2023-10-21T06:00:00Z,119223,88428,75037,51339,30795,30630,30472,49898,35324
2023-10-21T07:00:00Z,119195,95158,72490,55996,24037,32962,32790,44570,29996
2023-10-21T08:00:00Z,121754,98374,73921,56952,23380,34679,34513,47208,32177
2023-10-21T09:00:00Z,127751,104038,77716,60883,23713,36062,35904,48577,32900
2023-10-21T10:00:00Z,127848,103450,77372,59563,24398,36549,36387,50559,34818
2023-10-21T11:00:00Z,125353,103717,76380,60490,21636,37054,36899,48447,32859
2023-10-21T12:00:00Z,200854,107739,148733,63148,93115,39762,39583,81991,65232
2023-10-21T13:00:00Z,159602,116476,103165,67518,43126,43341,43150,74737,56729
2023-10-21T14:00:00Z,150410,127954,88356,72697,22456,46497,46329,58526,39807
2023-10-21T15:00:00Z,150189,123662,89765,70854,26527,46054,45851,60398,41757
2023-10-21T16:00:00Z,145825,121098,86261,69757,24727,45142,44956,57575,40048
2023-10-21T17:00:00Z,138663,117097,84249,69279,21566,42299,42133,53460,37509
2023-10-21T18:00:00Z,140108,110574,88462,65532,29534,40062,39896,58968,43380
2023-10-21T19:00:00Z,127393,104656,77798,62331,22737,36931,36770,47379,33473
2023-10-21T20:00:00Z,123700,99441,78917,60770,24259,34709,34543,46959,34224
2023-10-21T21:00:00Z,111741,89730,70451,54631,22011,31518,31366,41908,30191
2023-10-21T22:00:00Z,102108,81102,64414,49661,21006,27938,27789,38085,27563
2023-10-21T23:00:00Z,94272,75161,62039,47731,19111,26933,26806,36928,27600
2023-10-22T00:00:00Z,120738,71826,84469,45540,48912,26284,26078,64907,54357
2023-10-22T01:00:00Z,126959,73745,92695,47321,53214,25519,25336,70293,59875
2023-10-22T02:00:00Z,95584,75015,60383,46202,20569,24952,24794,36476,25807
2023-10-22T03:00:00Z,97675,76534,61911,46698,21141,25777,25633,37085,25980
2023-10-22T04:00:00Z,98847,77523,62468,46964,21324,25894,25750,37611,26590
2023-10-22T05:00:00Z,100514,77860,62403,46063,22654,26802,26675,39340,27860
2023-10-22T06:00:00Z,114873,85704,73497,50559,29169,29914,29756,47963,34557
2023-10-22T07:00:00Z,110397,89449,66879,51597,20948,31854,31684,43368,28844
2023-10-22T08:00:00Z,120372,98184,72493,56232,22188,34410,34245,47450,31870
2023-10-22T09:00:00Z,124378,101453,76321,59650,22925,35647,35475,47475,32593
2023-10-22T10:00:00Z,127437,103781,78142,60331,23656,36829,36642,50777,35573
2023-10-22T11:00:00Z,126526,106067,76082,61123,20459,38089,37916,48992,33425
2023-10-22T12:00:00Z,201826,111052,148500,64835,90774,41144,40961,82405,65422
2023-10-22T13:00:00Z,163013,121837,105361,70487,41176,45231,45058,75691,57569
2023-10-22T14:00:00Z,152648,130950,91772,76321,21698,49196,48995,61268,41841
2023-10-22T15:00:00Z,158135,132095,95313,77042,26040,49232,49048,63495,44327
2023-10-22T16:00:00Z,155123,130511,93932,77378,24612,47520,47314,60891,42558
2023-10-22T17:00:00Z,151949,129564,92032,76789,22385,46013,45838,58105,40203
2023-10-22T18:00:00Z,158866,126605,100350,75987,32261,44852,44690,64540,47766
2023-10-22T19:00:00Z,136398,113029,82526,66769,23369,40676,40508,52564,37001
2023-10-22T20:00:00Z,133641,109210,85118,66633,24431,38465,38315,52062,37579
2023-10-22T21:00:00Z,122980,99804,77038,60545,23176,34833,34688,46451,33151
2023-10-22T22:00:00Z,110550,89082,70247,55068,21468,30859,30706,42126,30208
2023-10-22T23:00:00Z,104132,83027,67328,52283,21105,30220,30082,40782,30184
2023-10-23T00:00:00Z,150232,89592,96030,54879,60640,32815,32554,74345,59943
2023-10-23T01:00:00Z,165908,98338,99497,56483,67570,36863,36631,80740,63120
2023-10-23T02:00:00Z,146228,111124,78483,62603,35104,39025,38829,51992,33608
2023-10-23T03:00:00Z,141881,103603,77027,58599,38278,37722,37521,51792,34033
2023-10-23T04:00:00Z,137019,98517,74788,56154,38502,34003,33802,48884,32580
2023-10-23T05:00:00Z,143758,107392,78763,60055,36366,37743,37556,52363,34709
2023-10-23T06:00:00Z,173120,129236,91715,67455,43884,47640,47402,67118,44997
2023-10-23T07:00:00Z,181103,144030,92167,74682,37073,54003,53750,66526,42033
2023-10-23T08:00:00Z,198467,158579,99920,80805,39888,58853,58596,72673,46480
2023-10-23T09:00:00Z,200785,160374,101794,82554,40411,59826,59515,72522,46282
2023-10-23T10:00:00Z,194387,153047,100420,80867,41340,56306,56051,70876,47023
2023-10-23T11:00:00Z,195571,156454,100040,82119,39117,58502,58237,70807,46214
2023-10-23T12:00:00Z,245552,159660,150109,83976,85892,62552,62259,103798,77473
2023-10-23T13:00:00Z,220270,167808,119796,87194,52462,66197,65894,94258,66555
2023-10-23T14:00:00Z,213630,176781,108939,92169,36849,70539,70225,82705,53911
2023-10-23T15:00:00Z,195606,158904,100988,83335,36702,64683,64342,78722,51678
2023-10-23T16:00:00Z,196739,155451,98641,81653,41288,61327,60993,77396,50242
2023-10-23T17:00:00Z,199083,155632,101192,83304,43451,59180,58858,75931,49569
2023-10-23T18:00:00Z,202679,152467,108901,83419,50212,58026,57715,80128,56206
2023-10-23T19:00:00Z,198093,152214,102810,82859,45879,55787,55467,71450,48180
2023-10-23T20:00:00Z,192495,146888,103524,81928,45607,53266,52952,69943,48495
2023-10-23T21:00:00Z,179289,134110,95036,75106,45179,46575,46293,62032,42541
2023-10-23T22:00:00Z,162003,120748,87823,68725,41255,41116,40821,55291,38116
2023-10-23T23:00:00Z,144078,108287,79703,63157,35791,39242,39008,52947,36560
2023-10-24T00:00:00Z,181322,111208,111770,64622,70114,40496,40196,89740,70847
2023-10-24T01:00:00Z,180662,112622,111102,65092,68040,42006,41733,90197,69390
2023-10-24T02:00:00Z,149729,116263,81729,64542,33466,42463,42244,57025,36684
2023-10-24T03:00:00Z,143275,110928,79858,61244,32347,40387,40169,54644,36201
2023-10-24T04:00:00Z,135559,103489,77835,59178,32070,35981,35791,50706,34899
2023-10-24T05:00:00Z,142809,108982,79602,59909,33827,39222,39008,55133,36573
2023-10-24T06:00:00Z,174080,135515,95185,70485,38565,49239,48985,68780,46374
2023-10-24T07:00:00Z,179272,148918,92699,75632,30354,55795,55546,68261,43154
2023-10-24T08:00:00Z,196655,164325,101467,82959,32330,61322,61040,74584,47608
2023-10-24T09:00:00Z,197657,165212,103297,84422,32445,61125,60839,72971,47405
2023-10-24T10:00:00Z,172785,142091,92939,74845,30694,54756,54483,68283,45779
2023-10-24T11:00:00Z,193073,160932,103697,85260,32141,59985,59694,71577,47265
2023-10-24T12:00:00Z,248123,164377,156582,86953,83746,63668,63317,104238,78523
2023-10-24T13:00:00Z,230730,182980,129718,94971,47750,70953,70613,100166,71974
2023-10-24T14:00:00Z,223865,193762,117461,101241,30103,74559,74220,86973,57237
2023-10-24T15:00:00Z,217985,184359,116561,97282,33626,71016,70688,85516,57830
2023-10-24T16:00:00Z,208262,175558,110886,92852,32704,66071,65736,80624,54681
2023-10-24T17:00:00Z,203677,172677,107130,89855,31000,62200,61907,76622,50999
2023-10-24T18:00:00Z,199150,160645,112092,86238,38505,60183,59865,80376,57370
2023-10-24T19:00:00Z,191693,157479,102980,84389,34214,56410,56109,69464,47732
2023-10-24T20:00:00Z,187326,152796,101573,80905,34530,53117,52823,67696,47484
2023-10-24T21:00:00Z,172347,136574,95327,75853,35773,47378,47114,61207,42187
2023-10-24T22:00:00Z,156031,122249,87687,69668,33782,41443,41177,55687,38149
2023-10-24T23:00:00Z,142624,112394,83005,65952,30230,39316,39104,52234,36942
2023-10-25T00:00:00Z,168557,110009,107032,64527,58548,40134,39841,81942,65144
2023-10-25T01:00:00Z,171269,112117,108141,64090,59152,42284,42021,85429,66712
2023-10-25T02:00:00Z,143057,113927,80099,63860,29130,42355,42131,55325,35685
2023-10-25T03:00:00Z,140009,110261,79409,62194,29748,40544,40325,53796,35121
2023-10-25T04:00:00Z,135550,106006,77781,60637,29544,37250,37031,50691,34131
2023-10-25T05:00:00Z,148529,115657,82565,63719,32872,40365,40155,56531,36968
2023-10-25T06:00:00Z,177792,138719,97581,72874,39073,51074,50816,71627,46972
2023-10-25T07:00:00Z,188816,155107,97475,80335,33709,57801,57527,70168,44083
2023-10-25T08:00:00Z,196669,162552,100738,83339,34117,61741,61434,74422,47478
2023-10-25T09:00:00Z,200743,166964,105166,86943,33779,63370,63013,75898,48633
2023-10-25T10:00:00Z,195940,160212,104962,85187,35728,59484,59132,74872,49878
2023-10-25T11:00:00Z,195155,164246,105140,87256,30909,60652,60345,72969,47685
2023-10-25T12:00:00Z,250581,167096,157918,88222,83485,64976,64643,105583,79071
2023-10-25T13:00:00Z,233750,185509,131881,96445,48241,72094,71749,101199,72535
2023-10-25T14:00:00Z,226330,195194,118017,100467,31136,75877,75515,88826,58304
2023-10-25T15:00:00Z,203634,171560,106628,88460,32074,68813,68471,82602,54794
2023-10-25T16:00:00Z,199523,168349,106882,89596,31174,65031,64688,79094,52594
2023-10-25T17:00:00Z,201073,168685,104647,87688,32388,62605,62266,75554,50521
2023-10-25T18:00:00Z,204103,163434,110901,85253,40669,59898,59576,80551,56964
2023-10-25T19:00:00Z,197137,157120,105094,85720,40017,56314,56017,72532,48688
2023-10-25T20:00:00Z,184739,148289,101344,80667,36450,53854,53536,68927,48308
2023-10-25T21:00:00Z,174294,133205,91060,72266,41089,47349,47051,63085,42275
2023-10-25T22:00:00Z,162688,115980,83736,65076,46708,40627,40341,57658,37964
2023-10-25T23:00:00Z,139888,108037,79479,62637,31851,38858,38631,52013,35937
2023-10-26T00:00:00Z,172178,110298,108246,64724,61880,39936,39617,83396,66389
2023-10-26T01:00:00Z,172904,114826,108071,63410,58078,42124,41840,85260,67290
2023-10-26T02:00:00Z,145149,117637,81079,64289,27512,42935,42710,55414,36807
2023-10-26T03:00:00Z,148737,117993,81744,64229,30744,41632,41386,56222,36634
2023-10-26T04:00:00Z,141579,111940,80223,62598,29639,38535,38294,52603,35532
2023-10-26T05:00:00Z,152574,121024,81702,62478,31550,42173,41963,56742,37686
2023-10-26T06:00:00Z,179946,142039,97898,72670,37907,52103,51861,71810,48279
2023-10-26T07:00:00Z,188706,157710,97973,80161,30996,58085,57829,70451,45448
2023-10-26T08:00:00Z,205203,172181,104013,85578,33022,62434,62149,75807,48834
2023-10-26T09:00:00Z,209575,177669,107996,89509,31906,63441,63156,76628,49282
2023-10-26T10:00:00Z,197401,163874,104625,85309,33527,59113,58802,73867,49462
2023-10-26T11:00:00Z,192611,162569,102122,84883,30042,59935,59632,71574,47194
2023-10-26T12:00:00Z,250345,166307,159033,88134,84038,64327,63994,104824,79021
2023-10-26T13:00:00Z,234809,185982,131770,96790,48827,71419,71104,100896,72796
2023-10-26T14:00:00Z,227876,197768,121156,104160,30108,75444,75123,87355,58733
2023-10-26T15:00:00Z,220592,188438,117283,98216,32154,72204,71867,85637,57923
2023-10-26T16:00:00Z,208021,176297,109646,92427,31724,66558,66230,80442,54408
2023-10-26T17:00:00Z,197052,169080,105358,89207,27972,62709,62393,74835,50860
2023-10-26T18:00:00Z,202960,164735,114663,89864,38225,60097,59781,79903,57221
2023-10-26T19:00:00Z,185820,154163,101399,83788,31657,55221,54919,69208,47238
2023-10-26T20:00:00Z,177448,144121,98418,78866,33327,52089,51773,66832,47150
2023-10-26T21:00:00Z,163259,131688,92038,74049,31571,45718,45458,59036,41203
2023-10-26T22:00:00Z,147188,117537,84125,66849,29651,39624,39340,54500,38561
2023-10-26T23:00:00Z,134326,109197,79512,64187,25129,37871,37646,50319,35549
2023-10-27T00:00:00Z,170277,107063,110118,62195,63214,38521,38262,85773,70340
2023-10-27T01:00:00Z,168553,109312,108029,61798,59241,40148,39917,85525,68027
2023-10-27T02:00:00Z,141646,114712,78980,62826,26934,41681,41486,54541,35821
2023-10-27T03:00:00Z,135924,108101,75996,59177,27823,39566,39364,52722,34616
2023-10-27T04:00:00Z,132055,102867,74837,57423,29188,36050,35852,49802,33282
2023-10-27T05:00:00Z,141084,110971,78321,60094,30113,39464,39282,54724,36296
2023-10-27T06:00:00Z,174248,138076,94190,70103,36172,49143,48917,69016,46127
2023-10-27T07:00:00Z,181678,152139,95590,78650,29539,55680,55428,67736,43780
2023-10-27T08:00:00Z,194728,164355,102660,84565,30373,60285,60006,72874,47598
2023-10-27T09:00:00Z,194919,163748,102583,84469,31171,60198,59903,72971,47610
2023-10-27T10:00:00Z,186307,153302,100394,80874,33005,56329,56000,70294,47500
2023-10-27T11:00:00Z,190897,158763,97879,80787,32134,55571,55289,67757,44343
2023-10-27T12:00:00Z,244942,157417,152872,82115,87525,58784,58434,101125,76339
2023-10-27T13:00:00Z,221031,170297,123615,88819,50734,64544,64207,96254,68542
2023-10-27T14:00:00Z,214076,184218,114395,97783,29858,68844,68538,81253,55011
2023-10-27T15:00:00Z,207742,175991,113276,94035,31751,65646,65313,80314,55088
2023-10-27T16:00:00Z,195520,164444,105842,88200,31076,60119,59789,74265,50973
2023-10-27T17:00:00Z,185784,158003,102413,86129,27781,56160,55859,68527,46842
2023-10-27T18:00:00Z,185347,148578,107131,82416,36769,53297,52996,73519,52912
2023-10-27T19:00:00Z,169902,141056,96591,79525,28846,48404,48115,61820,42122
2023-10-27T20:00:00Z,160986,131464,93526,74662,29522,45198,44932,59357,41822
2023-10-27T21:00:00Z,146117,116550,84660,66887,29567,39756,39488,52466,36636
2023-10-27T22:00:00Z,130762,103208,76681,60058,27554,34305,34057,46638,32825
2023-10-27T23:00:00Z,118005,94379,71813,56544,23626,32109,31938,43502,31099
2023-10-28T00:00:00Z,143107,86438,97237,53634,56669,30299,30054,73682,60798
2023-10-28T01:00:00Z,136427,81607,92878,49636,54820,27981,27771,71470,58604
2023-10-28T02:00:00Z,108033,83532,65518,49589,24501,27665,27477,40947,27691
2023-10-28T03:00:00Z,111156,85385,68031,51313,25771,27332,27174,40943,27804
2023-10-28T04:00:00Z,112037,81432,64550,48126,30605,27422,27248,42649,27945
2023-10-28T05:00:00Z,108252,83485,66007,48822,24767,28395,28247,42613,29596
2023-10-28T06:00:00Z,123380,92819,76979,53717,30561,31503,31334,50779,36539
2023-10-28T07:00:00Z,118785,95816,70442,54541,22969,33662,33493,46118,30704
2023-10-28T08:00:00Z,124116,101008,74682,57808,23108,34968,34791,48953,32434
2023-10-28T09:00:00Z,130762,106388,78692,61423,24374,36072,35917,49635,33045
2023-10-28T10:00:00Z,128897,103080,78394,60327,25817,36293,36122,51174,35066
2023-10-28T11:00:00Z,126085,105330,76478,61281,20755,37195,37049,48652,32718
2023-10-28T12:00:00Z,204887,109543,152767,64361,95344,40106,39950,81601,64805
2023-10-28T13:00:00Z,162988,121896,105257,70972,41092,43569,43397,73884,55749
2023-10-28T14:00:00Z,151040,129444,90981,75376,21596,46241,46073,58987,40081
2023-10-28T15:00:00Z,154622,128541,91762,73412,26081,45875,45690,60735,41699
2023-10-28T16:00:00Z,149193,124521,90112,73262,24672,44299,44116,58412,40552
2023-10-28T17:00:00Z,141657,119902,86869,71422,21755,42698,42528,54189,37564
2023-10-28T18:00:00Z,145927,114858,93072,68587,31069,40511,40348,60228,44205
2023-10-28T19:00:00Z,128133,105915,79334,63618,22218,36387,36231,48235,33642
2023-10-28T20:00:00Z,122906,99039,79292,61001,23867,33910,33755,46893,33795
2023-10-28T21:00:00Z,113068,90395,72490,56201,22673,30768,30609,41929,29860
2023-10-28T22:00:00Z,103707,82191,68120,52916,21516,26717,26586,37400,26941
2023-10-28T23:00:00Z,93517,73799,62106,47371,19718,25941,25788,35922,26729
2023-10-29T00:00:00Z,124664,74298,88212,48125,50366,25578,25373,65361,54978
2023-10-29T01:00:00Z,125656,72484,91500,46108,53172,24722,24508,70089,59453
2023-10-29T02:00:00Z,94243,73751,60653,45940,20492,24104,23915,35626,25165
2023-10-29T03:00:00Z,96652,75400,62507,47009,21252,24639,24448,36330,25591
2023-10-29T04:00:00Z,100217,78633,64303,48422,21584,25261,25094,37143,26302
2023-10-29T05:00:00Z,101991,77519,64857,47667,24472,26010,25870,39164,28191
2023-10-29T06:00:00Z,115267,87064,74842,52178,28203,29092,28948,47352,34698
2023-10-29T07:00:00Z,111863,91083,68970,53995,20780,31259,31115,42624,28874
2023-10-29T08:00:00Z,122263,99753,77094,60549,22510,33704,33542,46302,31858
2023-10-29T09:00:00Z,129970,106747,81179,64437,23223,35180,34992,47744,32798
2023-10-29T10:00:00Z,131266,107619,81996,64193,23647,36990,36805,50927,35482
2023-10-29T11:00:00Z,132583,111974,82324,67237,20609,38327,38171,49411,33673
2023-10-29T12:00:00Z,207495,115245,155354,69907,92250,41192,41021,83223,65943
2023-10-29T13:00:00Z,166660,125696,109086,74274,40964,45115,44951,76301,57872
2023-10-29T14:00:00Z,154410,132941,94261,78295,21469,48598,48417,60898,41671
2023-10-29T15:00:00Z,158058,132193,96991,78613,25865,48179,48001,62528,43689
2023-10-29T16:00:00Z,155037,131300,93156,76961,23737,47746,47568,60693,42011
2023-10-29T17:00:00Z,150080,129559,91830,77033,20521,46087,45927,57695,40193
2023-10-29T18:00:00Z,152926,122283,97029,72929,30643,44876,44683,63603,47259
2023-10-29T19:00:00Z,136834,114568,84648,68959,22266,41130,40941,52963,37804
2023-10-29T20:00:00Z,134935,110253,84884,66543,24682,38435,38248,51874,38004
2023-10-29T21:00:00Z,124106,101127,78660,62252,22979,34965,34803,46101,33465
2023-10-29T22:00:00Z,115708,93496,73906,58395,22212,32323,32172,43186,31289
2023-10-29T23:00:00Z,108781,87278,70140,54841,21503,32198,32061,42872,31970
2023-10-30T00:00:00Z,149709,91271,96281,55359,58438,33739,33486,74472,60232
2023-10-30T01:00:00Z,165736,99976,99994,56815,65760,36862,36639,81037,63557
2023-10-30T02:00:00Z,139784,106058,75830,59667,33726,38935,38747,52239,34103
2023-10-30T03:00:00Z,144625,108250,81426,63223,36375,38011,37813,52125,34380
2023-10-30T04:00:00Z,135920,99448,74577,56883,36472,35048,34851,49238,33083
2023-10-30T05:00:00Z,141398,106332,77076,58962,35066,37720,37525,52517,34903
2023-10-30T06:00:00Z,172172,125125,88474,64993,47047,45451,45218,66066,43263
2023-10-30T07:00:00Z,180961,139019,88633,71121,41942,50714,50493,63960,40058
2023-10-30T08:00:00Z,200034,158814,100522,82468,41220,57316,57086,71803,45946
2023-10-30T09:00:00Z,206211,165114,103400,84744,41097,60414,60129,74194,47076
2023-10-30T10:00:00Z,202883,163062,104891,85544,39821,59831,59549,75236,49415
2023-10-30T11:00:00Z,198597,162238,103169,85903,36359,60363,60040,72668,47340
2023-10-30T12:00:00Z,251907,161738,154849,86203,90169,61828,61502,103902,77661
2023-10-30T13:00:00Z,238907,180414,128759,94285,58493,69541,69200,99700,71453
2023-10-30T14:00:00Z,234213,193782,118148,101588,40431,74302,73974,86608,57081
2023-10-30T15:00:00Z,239074,191634,121280,102243,47440,72011,71676,88059,57517
2023-10-30T16:00:00Z,225098,186473,116672,99173,38625,69854,69514,83942,55974
2023-10-30T17:00:00Z,213788,177984,112341,95132,35804,65038,64713,78942,53270
2023-10-30T18:00:00Z,214084,166567,115617,89842,47517,61263,60933,83458,58761
2023-10-30T19:00:00Z,199608,159022,105465,86934,40586,56945,56634,73067,49605
2023-10-30T20:00:00Z,198403,154818,106520,86602,43585,54171,53891,71114,49240
2023-10-30T21:00:00Z,179031,139361,96028,76991,39670,48242,47936,62355,43206
2023-10-30T22:00:00Z,167470,128372,91812,72803,39098,43538,43284,58429,40754
2023-10-30T23:00:00Z,154251,119098,86942,69812,35153,41991,41741,55973,39364
2023-10-31T00:00:00Z,174251,114217,110706,68611,60034,41743,41450,83572,67000
2023-10-31T01:00:00Z,175950,117652,111573,67352,58298,43610,43367,87474,68773
2023-10-31T02:00:00Z,149359,120358,83924,66914,29001,43874,43639,57479,37517
2023-10-31T03:00:00Z,141596,112191,81201,63572,29405,41505,41296,55415,36234
2023-10-31T04:00:00Z,139349,110745,81874,64369,28604,37520,37328,52033,35680
2023-10-31T05:00:00Z,149386,117049,83199,64713,32337,40244,40038,55482,37441
2023-10-31T06:00:00Z,168293,133054,94827,70725,35239,47737,47500,67743,46156
2023-10-31T07:00:00Z,173363,143966,92829,75523,29397,52695,52439,65638,41908
2023-10-31T08:00:00Z,189624,157248,98731,80509,32376,58952,58699,71644,46142
2023-10-31T09:00:00Z,202627,168329,105984,87021,34298,61678,61393,75062,49089
2023-10-31T10:00:00Z,200781,165392,107599,87702,35389,60283,59968,75096,50391
2023-10-31T11:00:00Z,198045,165105,105708,87335,32940,60414,60147,73464,48723
2023-10-31T12:00:00Z,253417,167371,161709,90084,86046,62578,62216,105354,79633
2023-10-31T13:00:00Z,234811,184488,131984,96788,50323,70129,69765,100067,72133
2023-10-31T14:00:00Z,230547,198903,122929,105707,31644,74127,73786,87772,59208
2023-10-31T15:00:00Z,226314,192934,120889,102047,33380,73029,72681,86459,58614
2023-10-31T16:00:00Z,218623,186468,114505,97441,32155,69539,69167,82321,55827
2023-10-31T17:00:00Z,202861,174026,110962,95268,28835,63358,63047,76021,51337
2023-10-31T18:00:00Z,201052,164593,113141,89679,36459,59872,59553,78739,56181
2023-10-31T19:00:00Z,186404,156569,103615,86782,29835,54906,54607,68121,46924
2023-10-31T20:00:00Z,179747,148510,103506,84270,31237,51804,51519,66492,47137
2023-10-31T21:00:00Z,165736,134710,94898,77204,31026,46090,45833,58968,40904
2023-10-31T22:00:00Z,153246,122957,88010,70365,30289,40771,40538,53521,37504
2023-10-31T23:00:00Z,141096,115334,85652,69847,25762,39012,38775,50808,36282
2023-11-01T00:00:00Z,171924,110024,107191,66831,61900,38824,38555,79496,63113
2023-11-01T01:00:00Z,167911,104855,106204,62592,63056,39465,39224,83720,65865
2023-11-01T02:00:00Z,146570,114611,83169,66953,31959,41074,40857,55171,36140
2023-11-01T03:00:00Z,147716,110159,81621,63827,37557,38975,38759,53589,34961
2023-11-01T04:00:00Z,138094,103465,77879,58963,34629,35631,35437,50773,34526
2023-11-01T05:00:00Z,145131,107774,80592,61748,37357,38474,38281,53985,36153
2023-11-01T06:00:00Z,162798,123965,92865,69004,38833,45506,45289,65811,44408
2023-11-01T07:00:00Z,170074,138391,90375,73511,31683,48900,48669,63071,40352
2023-11-01T08:00:00Z,182057,147955,96943,78771,34102,53830,53580,68728,44303
2023-11-01T09:00:00Z,188712,154409,101108,82616,34303,56476,56224,69633,45660
2023-11-01T10:00:00Z,193230,157692,105140,85659,35538,55547,55274,72164,47909
2023-11-01T11:00:00Z,188100,154377,100008,82606,33723,56382,56094,69408,45167
2023-11-01T12:00:00Z,243101,154555,157795,84743,88546,58960,58651,101434,77211
2023-11-01T13:00:00Z,227680,174648,127237,91548,53032,65203,64902,96733,70188
2023-11-01T14:00:00Z,219427,185358,114629,98525,34069,70796,70478,83109,54968
2023-11-01T15:00:00Z,221313,184644,117924,98227,36669,68886,68529,83362,56871
2023-11-01T16:00:00Z,215866,181615,113772,96339,34251,66901,66551,80844,55081
2023-11-01T17:00:00Z,207432,175536,111705,95242,31896,63807,63491,76361,52037
2023-11-01T18:00:00Z,201568,160647,113383,88231,40921,60225,59916,80335,57798
2023-11-01T19:00:00Z,191208,157258,105998,87947,33950,54689,54373,68225,47267
2023-11-01T20:00:00Z,182154,145699,99420,79913,36455,52899,52578,67565,47453
2023-11-01T21:00:00Z,168149,135007,90795,72790,33142,47143,46865,59650,41900
2023-11-01T22:00:00Z,150957,118409,84251,66817,32548,42360,42095,54875,38740
2023-11-01T23:00:00Z,141332,110594,79730,63792,30738,40151,39889,53118,37420
2023-11-02T00:00:00Z,166467,108854,106642,63458,57613,40172,39889,81409,66026
2023-11-02T01:00:00Z,160956,106537,103126,60431,54419,40406,40152,81977,64859
2023-11-02T02:00:00Z,145544,119126,83498,67210,26418,42398,42162,55183,36628
2023-11-02T03:00:00Z,138956,112409,79460,62864,26547,40625,40410,53387,35303
2023-11-02T04:00:00Z,133743,107425,77948,61142,26318,37382,37179,50764,34818
2023-11-02T05:00:00Z,140168,110737,78752,60684,29431,39377,39170,54057,36029
2023-11-02T06:00:00Z,160440,126494,89960,66281,33946,46549,46318,65275,43915
2023-11-02T07:00:00Z,167399,140303,90267,73510,27096,52093,51864,63635,40389
2023-11-02T08:00:00Z,187139,157316,99858,81960,29823,58610,58338,70516,45355
2023-11-02T09:00:00Z,193371,163880,100876,83319,29491,61840,61551,73109,47383
2023-11-02T10:00:00Z,192793,162107,104273,84952,30686,59608,59343,72284,48744
2023-11-02T11:00:00Z,188687,160358,101701,84418,28329,58911,58627,69289,45707
2023-11-02T12:00:00Z,244762,161088,156473,84233,83674,60948,60635,101130,77028
2023-11-02T13:00:00Z,228266,182300,130431,95799,45966,67719,67414,96388,69773
2023-11-02T14:00:00Z,217992,188927,113991,96987,29065,72158,71845,84002,55167
2023-11-02T15:00:00Z,222096,191663,117486,98970,30433,72353,72020,87024,57194
2023-11-02T16:00:00Z,211746,182698,113097,96189,29048,68757,68455,81224,55114
2023-11-02T17:00:00Z,200092,173388,108779,92614,26704,63947,63650,75624,51209
2023-11-02T18:00:00Z,200298,164113,115779,91033,36185,59451,59153,78893,56728
2023-11-02T19:00:00Z,182247,153140,100424,83311,29107,54665,54369,67216,46164
2023-11-02T20:00:00Z,178388,148840,102755,82967,29548,52397,52082,66622,47312
2023-11-02T21:00:00Z,177600,140427,99000,80918,37173,47291,47035,62743,42260
2023-11-02T22:00:00Z,155542,123367,90290,72277,32175,42282,42024,55645,38754
2023-11-02T23:00:00Z,136343,112265,83333,67773,24078,39385,39155,50962,37000
2023-11-03T00:00:00Z,164748,110957,108827,67357,53791,39219,38956,79044,63873
2023-11-03T01:00:00Z,159145,106658,103731,61583,52487,40316,40092,81423,64237
2023-11-03T02:00:00Z,140869,114953,81581,65366,25916,42063,41863,53523,35392
2023-11-03T03:00:00Z,133014,107277,75621,59123,25737,40422,40208,51899,34000
2023-11-03T04:00:00Z,131850,104820,76763,59370,27030,36186,35989,49664,34005
2023-11-03T05:00:00Z,135955,107415,76895,59236,28540,37568,37358,51997,34532
2023-11-03T06:00:00Z,159348,125963,88884,64927,33385,46264,46031,64302,43511
2023-11-03T07:00:00Z,168484,141014,90247,73569,27470,50720,50510,62299,39889
2023-11-03T08:00:00Z,190558,163061,100331,83546,27497,56399,56158,68075,44345
2023-11-03T09:00:00Z,195121,165807,103624,85480,29314,58918,58662,70498,46179
2023-11-03T10:00:00Z,189573,157695,101149,82391,31878,56435,56178,70038,47317
2023-11-03T11:00:00Z,180788,153655,98630,82321,27133,54948,54693,65194,43709
2023-11-03T12:00:00Z,233966,153105,152231,82389,80861,56560,56299,97180,74787
2023-11-03T13:00:00Z,219267,173203,126318,91066,46064,63473,63182,93350,68583
2023-11-03T14:00:00Z,210863,183185,109812,93989,27678,67767,67482,78639,52502
2023-11-03T15:00:00Z,213330,183210,114525,96112,30120,67028,66681,80506,54691
2023-11-03T16:00:00Z,200881,172360,108839,91964,28521,63987,63645,76530,52107
2023-11-03T17:00:00Z,188506,162223,103402,87504,26283,58442,58143,70398,47893
2023-11-03T18:00:00Z,160318,130199,91541,70038,30119,49385,49120,68961,48199
2023-11-03T19:00:00Z,151085,126853,83004,68249,24232,47085,46858,58685,39348
2023-11-03T20:00:00Z,162515,133603,93806,75371,28912,45957,45711,60338,42745
2023-11-03T21:00:00Z,149153,120457,84897,67578,28696,41505,41230,54877,38435
2023-11-03T22:00:00Z,134104,107099,77868,61608,27005,36418,36169,49132,34247
2023-11-03T23:00:00Z,120093,97300,73509,58495,22793,33626,33438,45217,32750
2023-11-04T00:00:00Z,149231,90719,99568,55779,58512,31327,31048,75753,62211
2023-11-04T01:00:00Z,137946,80797,92663,48165,57149,28678,28436,73765,60608
2023-11-04T02:00:00Z,108251,83801,65942,50006,24450,28132,27938,41521,28828
2023-11-04T03:00:00Z,110057,84335,68423,50779,25722,28378,28212,41516,28970
2023-11-04T04:00:00Z,109789,84289,67312,49785,25500,27932,27769,41140,29203
2023-11-04T05:00:00Z,108185,83189,66559,49689,24996,28205,28032,42477,29283
2023-11-04T06:00:00Z,117572,89170,74732,52049,28402,30523,30328,48749,35352
2023-11-04T07:00:00Z,111416,90292,67281,52075,21124,32077,31915,43445,29064
2023-11-04T08:00:00Z,119423,96784,72309,55825,22639,33489,33316,47440,31779
2023-11-04T09:00:00Z,123061,101263,75427,59551,21798,35052,34890,48698,32472
2023-11-04T10:00:00Z,129136,104305,79859,62028,24831,35962,35805,50204,34868
2023-11-04T11:00:00Z,127584,107027,77750,62876,20557,37452,37311,49454,33206
2023-11-04T12:00:00Z,201990,109966,152720,66999,92024,40039,39887,82115,65303
2023-11-04T13:00:00Z,160287,119212,104207,69589,41075,43909,43731,75082,56655
2023-11-04T14:00:00Z,151275,129862,90810,75511,21413,47197,47034,59950,40440
2023-11-04T15:00:00Z,153853,128279,93083,74929,25574,47071,46890,62378,42836
2023-11-04T16:00:00Z,153147,129443,92273,75989,23704,46506,46297,60612,41982
2023-11-04T17:00:00Z,144262,123156,88920,73788,21106,44832,44639,56500,39257
2023-11-04T18:00:00Z,149800,119216,98715,74654,30584,42142,41972,61738,45831
2023-11-04T19:00:00Z,127612,105593,79943,64541,22019,37673,37510,48629,34446
2023-11-04T20:00:00Z,123933,101036,80284,62583,22897,35365,35217,47937,34782
2023-11-04T21:00:00Z,115822,93743,73365,57245,22079,32423,32280,43531,31208
2023-11-04T22:00:00Z,105032,83644,67484,52299,21388,29172,29021,40265,29167
2023-11-04T23:00:00Z,101050,81059,66607,51577,19991,29112,28975,39599,29418
2023-11-05T00:00:00Z,128311,79599,91677,52338,48712,28004,27787,66858,55861
2023-11-05T01:00:00Z,129483,76762,94601,49663,52721,27748,27580,72518,61277
2023-11-05T02:00:00Z,98773,78601,62329,47781,20172,25791,25649,37982,26318
2023-11-05T03:00:00Z,98344,77678,62792,47773,20666,26484,26324,38350,26709
2023-11-05T04:00:00Z,99565,77458,63258,47540,22107,26443,26285,38634,27182
2023-11-05T05:00:00Z,101341,78309,64262,47558,23032,27115,26975,40540,28685
2023-11-05T06:00:00Z,112929,84950,74611,51922,27979,29510,29362,47980,34759
2023-11-05T07:00:00Z,109116,88854,68822,53893,20262,31136,30990,42317,28495
2023-11-05T08:00:00Z,115650,94186,73862,57858,21464,32360,32216,45318,30935
2023-11-05T09:00:00Z,112512,91546,68346,53510,20966,31901,31744,43530,29030
2023-11-05T10:00:00Z,131002,105967,79635,61521,25035,36127,35938,51408,35614
2023-11-05T11:00:00Z,135435,113490,83253,67713,21945,38689,38511,50678,34010
2023-11-05T12:00:00Z,210518,118706,158151,73056,91812,41874,41709,84133,66962
2023-11-05T13:00:00Z,169394,127552,110833,75487,41842,46365,46186,78563,59362
2023-11-05T14:00:00Z,156731,134710,95752,79935,22021,49778,49610,62301,42643
2023-11-05T15:00:00Z,161468,135035,97862,78678,26433,49693,49523,65168,44961
2023-11-05T16:00:00Z,160804,136837,98500,81866,23967,49130,48956,63648,44085
2023-11-05T17:00:00Z,151485,130217,93648,78782,21268,46321,46171,58741,40959
2023-11-05T18:00:00Z,158040,125291,100054,75362,32749,44349,44182,65661,49015
2023-11-05T19:00:00Z,139493,115780,85753,69850,23713,41360,41171,53831,37727
2023-11-05T20:00:00Z,136614,111664,85975,67592,24950,39457,39289,53638,38747
2023-11-05T21:00:00Z,126200,103871,79400,63279,22329,37093,36943,48337,34745
2023-11-05T22:00:00Z,121129,98706,76606,61266,22423,34280,34135,45472,32500
2023-11-05T23:00:00Z,115717,94004,74936,59512,21713,33491,33324,44569,32803
2023-11-06T00:00:00Z,161687,96489,99946,60046,65198,35034,34820,75103,60205
2023-11-06T01:00:00Z,174722,101858,103354,59529,72864,38155,37941,82789,64808
2023-11-06T02:00:00Z,147490,111949,78471,62678,35541,40591,40392,54963,34977
2023-11-06T03:00:00Z,145881,109010,79705,61672,36871,39456,39281,53685,34868
2023-11-06T04:00:00Z,143407,105078,80335,62048,38329,36682,36499,50689,34287
2023-11-06T05:00:00Z,146767,110858,81797,63860,35909,39060,38874,54508,36252
2023-11-06T06:00:00Z,169624,127009,94339,70242,42615,46250,46033,66521,44653
2023-11-06T07:00:00Z,177663,141486,92283,74753,36177,51627,51411,65128,41587
2023-11-06T08:00:00Z,192811,154767,98963,79975,38044,57999,57740,72225,46403
2023-11-06T09:00:00Z,203767,165304,103247,84439,38463,61560,61267,74324,47729
2023-11-06T10:00:00Z,203457,163180,104519,84706,40277,59729,59462,74400,49264
2023-11-06T11:00:00Z,206434,168672,108119,90386,37762,59462,59200,72426,47676
2023-11-06T12:00:00Z,249011,163848,153574,87458,85163,62034,61757,104973,78986
2023-11-06T13:00:00Z,235160,180789,132013,96238,54371,68862,68555,100419,72544
2023-11-06T14:00:00Z,197360,167973,104124,89887,29387,67542,67236,78977,52121
2023-11-06T15:00:00Z,196645,166241,102357,87327,30404,67391,67066,79136,52461
2023-11-06T16:00:00Z,220527,182736,114618,96538,37791,69453,69110,83511,56040
2023-11-06T17:00:00Z,212517,175760,113616,95982,36757,64812,64524,78581,53208
2023-11-06T18:00:00Z,210857,163838,115769,90129,47019,60229,59927,81604,57594
2023-11-06T19:00:00Z,194394,156697,103568,85564,37697,56773,56459,71034,48753
2023-11-06T20:00:00Z,194430,154086,106273,85894,40344,54675,54387,70592,49697
2023-11-06T21:00:00Z,183478,143519,98398,79938,39959,50726,50450,64213,44551
2023-11-06T22:00:00Z,169559,131756,91782,73810,37803,46289,46025,59768,41532
2023-11-06T23:00:00Z,154459,119637,86297,69853,34822,43767,43528,55697,39776
2023-11-07T00:00:00Z,176977,117634,110369,68915,59343,43821,43558,83490,66526
2023-11-07T01:00:00Z,177580,117614,112472,67161,59966,44951,44685,88451,70137
2023-11-07T02:00:00Z,153530,124583,85822,69024,28947,45422,45185,58659,39049
2023-11-07T03:00:00Z,148884,117949,84629,66418,30935,43228,43007,56649,37692
2023-11-07T04:00:00Z,143461,112085,81333,63450,31376,38777,38574,52904,36450
2023-11-07T05:00:00Z,145823,114774,82577,64292,31049,41288,41093,56184,38264
2023-11-07T06:00:00Z,166187,130312,94461,70291,35875,48141,47907,67041,45765
2023-11-07T07:00:00Z,179962,149619,99108,81300,30343,53319,53083,66182,42798
2023-11-07T08:00:00Z,195529,164943,107212,89171,30586,59497,59247,71956,47035
2023-11-07T09:00:00Z,200575,170059,106465,88712,30516,62324,62020,74301,48574
2023-11-07T10:00:00Z,202279,168566,109135,89892,33713,61314,61040,74856,50528
2023-11-07T11:00:00Z,196851,165167,105607,88192,31684,60481,60218,72140,47780
2023-11-07T12:00:00Z,246903,163552,157413,86874,83351,62513,62205,103136,78192
2023-11-07T13:00:00Z,229412,180100,132049,96719,49312,68259,67939,98772,72253
2023-11-07T14:00:00Z,225571,195724,120534,103760,29847,74744,74404,86334,57557
2023-11-07T15:00:00Z,222312,189977,119213,100441,32335,73335,73008,86311,58363
2023-11-07T16:00:00Z,217185,185861,114902,97583,31324,70232,69892,83997,56545
2023-11-07T17:00:00Z,206528,177747,112529,96018,28781,65593,65266,77453,52946
2023-11-07T18:00:00Z,202401,163208,115240,90466,39193,60983,60683,80261,57818
2023-11-07T19:00:00Z,190270,159000,105481,87816,31270,57379,57097,69913,48398
2023-11-07T20:00:00Z,182115,149954,103725,84489,32161,54679,54359,68268,48736
2023-11-07T21:00:00Z,180590,142166,99841,78931,38424,50266,49984,64466,45456
2023-11-07T22:00:00Z,168340,130869,94536,73634,37471,46256,45972,60583,43178
2023-11-07T23:00:00Z,154095,118347,88826,68385,35748,43560,43314,58270,42061
2023-11-08T00:00:00Z,184167,119527,119052,70909,64640,42604,42290,88405,72159
2023-11-08T01:00:00Z,184069,120302,115753,67651,63767,44132,43853,89599,71551
2023-11-08T02:00:00Z,154455,126355,87846,70815,28100,45020,44789,57593,38412
2023-11-08T03:00:00Z,146505,116680,84965,67226,29825,42620,42389,54866,36760
2023-11-08T04:00:00Z,138537,108585,81667,63342,29952,39030,38794,51849,35924
2023-11-08T05:00:00Z,146766,115903,84126,65317,30863,40995,40787,55165,37700
2023-11-08T06:00:00Z,167937,132557,95260,71592,35380,48254,48018,67063,45536
2023-11-08T07:00:00Z,175752,145927,95143,77918,29825,53411,53160,65791,42280
2023-11-08T08:00:00Z,190361,159221,101206,83186,31140,59665,59403,71784,46873
2023-11-08T09:00:00Z,199509,168186,104528,86997,31323,62665,62392,74154,48325
2023-11-08T10:00:00Z,199208,166115,106158,87305,33093,61201,60870,74236,49916
2023-11-08T11:00:00Z,194602,164142,104783,87422,30460,60368,60104,72445,47952
2023-11-08T12:00:00Z,244700,162276,156312,86240,82424,62112,61848,103811,78582
2023-11-08T14:00:00Z,219165,189841,115047,98389,29324,73440,73117,85051,56536
2023-11-08T15:00:00Z,220727,188302,116788,98055,32425,71671,71357,84557,57460
2023-11-08T16:00:00Z,214055,182592,113100,95833,31463,69592,69245,82140,55852
2023-11-08T17:00:00Z,202789,171925,108485,92239,30864,64062,63755,76098,51999
2023-11-08T18:00:00Z,199485,160428,112451,87637,39057,60523,60224,80750,57628
2023-11-08T19:00:00Z,186642,156716,103588,86527,29926,56943,56633,68638,47305
2023-11-08T20:00:00Z,181593,150454,103797,84616,31139,53906,53616,67736,48345
2023-11-08T21:00:00Z,169315,139637,95629,78151,29678,49865,49575,61938,43528
2023-11-08T22:00:00Z,158319,127925,87213,70286,30394,45431,45122,57203,40199
2023-11-08T23:00:00Z,143004,116939,83129,67551,26065,43241,43009,54670,39138
2023-11-09T00:00:00Z,177351,114756,113745,66775,62595,42724,42450,87952,71747
2023-11-09T01:00:00Z,173246,113871,110796,64522,59375,43184,42932,88480,70206
2023-11-09T02:00:00Z,148978,121519,85205,68880,27459,43529,43323,55827,37268
2023-11-09T03:00:00Z,142616,114528,81047,64284,28088,41795,41590,54550,36266
2023-11-09T04:00:00Z,136083,108649,79267,62320,27434,38296,38102,51314,35436
2023-11-09T05:00:00Z,142502,113114,80644,62959,29388,40329,40121,54918,37126
2023-11-09T06:00:00Z,158391,123904,90065,66425,34487,46836,46612,65373,44443
2023-11-09T07:00:00Z,169454,140821,91130,74398,28633,51982,51732,64894,41793
2023-11-09T08:00:00Z,185122,156128,99707,82380,28994,58080,57806,70459,45971
2023-11-09T09:00:00Z,197719,166972,104366,86529,30747,61375,61067,73467,47849
2023-11-09T10:00:00Z,196851,163730,104739,85104,33121,59777,59430,74148,49393
2023-11-09T11:00:00Z,193765,162602,103928,86122,31163,58725,58393,70848,47055
2023-11-09T12:00:00Z,244754,160359,158947,87259,84395,60280,59954,101769,77710
2023-11-09T13:00:00Z,222150,173394,128045,92579,48756,66569,66276,96635,70305
2023-11-09T14:00:00Z,220417,190210,118023,100815,30207,71539,71227,83708,56233
2023-11-09T15:00:00Z,220512,186230,117428,96997,34282,70679,70368,84590,57857
2023-11-09T16:00:00Z,211913,178512,112356,93610,33401,68247,67933,81340,55373
2023-11-09T17:00:00Z,203229,172810,109923,92916,30419,62937,62652,75373,51861
2023-11-09T18:00:00Z,202431,162231,116482,89977,40200,59319,59018,78576,56635
2023-11-09T19:00:00Z,191343,159421,107973,89814,31922,55440,55154,67403,46895
2023-11-09T20:00:00Z,176736,145338,100333,81033,31398,52674,52401,66483,47397
2023-11-09T21:00:00Z,169172,137123,94719,76328,32049,48939,48667,61307,43192
2023-11-09T22:00:00Z,163631,129126,91896,74505,34505,44312,44060,58313,40185
2023-11-09T23:00:00Z,149006,122787,88051,72049,26219,41652,41416,53121,38503
2023-11-10T00:00:00Z,179343,119017,114559,68428,60326,40900,40624,86013,70182
2023-11-10T01:00:00Z,173008,113678,111408,64650,59330,41909,41658,87238,69947
2023-11-10T02:00:00Z,141851,115238,80739,64522,26613,41547,41282,54818,36000
2023-11-10T03:00:00Z,135173,107808,76535,59585,27365,40083,39863,52840,34832
2023-11-10T04:00:00Z,132761,99893,73705,56993,32868,35289,35095,51722,32940
2023-11-10T05:00:00Z,139811,110492,80704,62943,29319,37797,37596,53059,35584
2023-11-10T06:00:00Z,156072,121367,90232,66448,34705,44296,44090,63382,43144
2023-11-10T07:00:00Z,162411,132791,88899,71986,29620,48685,48450,60722,39120
2023-11-10T08:00:00Z,179551,148791,95977,78404,30760,54886,54598,67378,43587
2023-11-10T09:00:00Z,194576,163371,102377,83898,31205,58097,57786,71041,46152
2023-11-10T10:00:00Z,191044,158399,104245,84956,32645,56087,55781,69653,47489
2023-11-10T11:00:00Z,181298,151807,98593,82196,29491,54448,54160,65678,43698
2023-11-10T12:00:00Z,236570,151235,155571,82443,85335,55255,54947,97150,75098
2023-11-10T13:00:00Z,208707,161332,122266,86623,47375,60130,59863,90421,66986
2023-11-10T14:00:00Z,204318,176861,110869,94654,27457,65445,65172,77570,52026
2023-11-10T15:00:00Z,204819,172200,112873,93825,32619,63851,63500,77924,53422
2023-11-10T16:00:00Z,201331,165014,106711,89438,36317,61188,60837,76981,50462
2023-11-10T17:00:00Z,182913,154875,99827,83634,28038,56273,56008,68743,46636
2023-11-10T18:00:00Z,184065,146687,107339,82585,37378,52619,52313,72414,52094
2023-11-10T19:00:00Z,165298,136227,93724,76795,29071,48309,48047,60613,42046
2023-11-10T20:00:00Z,158437,128473,91027,72473,29964,45070,44822,58936,41512
2023-11-10T21:00:00Z,151309,120518,85967,68635,30791,41137,40855,53634,37525
2023-11-10T22:00:00Z,138468,109455,79211,62688,29013,37355,37109,49518,34982
2023-11-10T23:00:00Z,124666,99363,74628,59334,25303,34804,34609,46426,33512
2023-11-11T00:00:00Z,155335,93485,103523,56362,61850,32361,32064,79481,65977
2023-11-11T01:00:00Z,81224,54857,52462,30747,26367,21818,21707,45088,34088
2023-11-11T02:00:00Z,137498,93367,85857,53626,44131,32475,32233,64543,49047
2023-11-11T03:00:00Z,111724,84827,66146,49116,26897,28689,28490,41916,27695
2023-11-11T04:00:00Z,104348,80389,64933,48412,23959,27618,27452,39705,27542
2023-11-11T05:00:00Z,109005,81882,66741,49084,27123,27409,27255,41900,28938
2023-11-11T06:00:00Z,117634,86284,74365,50895,31350,29626,29453,48391,34472
2023-11-11T07:00:00Z,112250,88482,68559,52713,23768,30966,30823,42489,28256
2023-11-11T08:00:00Z,118752,94523,72823,55901,24229,32511,32344,45605,30823
2023-11-11T09:00:00Z,125826,100689,77579,60505,25137,33921,33766,46146,31276
2023-11-11T10:00:00Z,129387,103325,81224,62876,26062,34530,34352,48955,34027
2023-11-11T11:00:00Z,123509,101345,75646,60178,22164,35549,35397,46298,31446
2023-11-11T12:00:00Z,197421,103391,146997,61389,94030,38336,38148,80161,64093
2023-11-11T13:00:00Z,159582,115556,101948,66665,44026,41816,41654,72941,55040
2023-11-11T14:00:00Z,151819,127330,88135,72254,24489,45320,45162,57203,38478
2023-11-11T15:00:00Z,153800,125164,89622,71932,28636,45550,45374,61163,41717
2023-11-11T16:00:00Z,149199,122971,87417,72023,26228,44761,44602,58919,40222
2023-11-11T17:00:00Z,137610,116031,84169,69186,21579,42822,42674,53920,37680
2023-11-11T18:00:00Z,145916,113522,92875,68180,32394,41512,41307,60450,44954
2023-11-11T19:00:00Z,130724,108306,81612,65971,22418,37792,37611,49274,35012
2023-11-11T20:00:00Z,129344,106056,83030,65181,23288,36197,36037,49323,36034
2023-11-11T21:00:00Z,119473,97220,76208,60312,22253,33180,33032,44757,32304
2023-11-11T22:00:00Z,111633,89212,70615,55596,22421,30575,30391,41620,29757
2023-11-11T23:00:00Z,102264,82374,67462,52978,19890,29906,29764,40095,29759
2023-11-12T00:00:00Z,133427,80331,94831,51350,53096,28264,28039,71430,60737
2023-11-12T01:00:00Z,142692,79084,101063,51483,63608,26859,26667,78806,65235
2023-11-12T02:00:00Z,105053,80759,65507,50978,24294,25598,25470,39655,26761
2023-11-12T03:00:00Z,100022,78473,63425,48231,21549,25785,25650,37772,26512
2023-11-12T04:00:00Z,100718,78038,64813,48744,22680,25787,25658,37424,26628
2023-11-12T05:00:00Z,101164,77417,65565,48138,23747,25895,25728,38746,27761
2023-11-12T06:00:00Z,113847,83325,76093,52234,30522,28112,27954,46281,34247
2023-11-12T07:00:00Z,113147,89808,71740,55641,23339,29824,29686,41112,28257
2023-11-12T08:00:00Z,114387,91550,73287,56425,22837,31635,31478,43603,30221
2023-11-12T09:00:00Z,120893,96393,75309,58299,24500,32859,32699,44857,30818
2023-11-12T10:00:00Z,127541,102029,79338,61351,25512,34391,34232,48746,33810
2023-11-12T11:00:00Z,124849,104028,77035,61939,20821,36336,36168,47016,32111
2023-11-12T12:00:00Z,204384,111295,152908,67958,93089,39694,39509,81648,65643
2023-11-12T13:00:00Z,161183,117570,104568,69575,43613,42756,42587,73610,56251
2023-11-12T14:00:00Z,140792,121727,86591,73061,19065,45428,45234,57008,38767
2023-11-12T15:00:00Z,161643,132694,98118,79249,28949,47814,47599,62787,43368
2023-11-12T16:00:00Z,156474,128136,94333,77440,28338,46711,46540,60141,41981
2023-11-12T17:00:00Z,148569,125241,91982,76553,23328,44420,44266,56219,39810
2023-11-12T18:00:00Z,155225,122810,100225,76129,32415,43295,43119,62529,46965
2023-11-12T19:00:00Z,141562,118627,88241,72531,22935,41196,41053,53009,37599
2023-11-12T20:00:00Z,141967,115367,88257,69943,26600,40230,40070,54227,39504
2023-11-12T21:00:00Z,133841,109841,83222,66569,24000,37541,37390,49102,35515
2023-11-12T22:00:00Z,123750,101113,79359,63915,22637,34566,34416,45300,33053
2023-11-12T23:00:00Z,115895,94008,74664,59603,21887,33900,33773,44746,33105
2023-11-13T00:00:00Z,158889,95985,103342,58737,62904,34667,34424,79233,65048
2023-11-13T01:00:00Z,171049,101057,106880,58977,69992,37684,37457,85894,68505
2023-11-13T02:00:00Z,141913,109227,78675,62810,32686,39598,39405,52724,34133
2023-11-13T03:00:00Z,148914,107814,80828,62002,41100,38456,38251,53725,35673
2023-11-13T04:00:00Z,142352,100750,78642,59572,41602,34362,34164,50642,34515
2023-11-13T05:00:00Z,143506,105479,79109,60331,38027,37052,36854,51836,35113
2023-11-13T06:00:00Z,163779,120876,91549,67082,42903,43747,43529,63163,43123
2023-11-13T07:00:00Z,171744,135797,90902,72966,35947,49778,49550,62639,40280
2023-11-13T08:00:00Z,191164,154943,99213,81214,36221,56845,56570,69870,44958
2023-11-13T09:00:00Z,200593,163531,103365,85491,37062,59539,59255,71385,46063
2023-11-13T10:00:00Z,198327,159361,101925,83490,38966,58590,58284,72202,47722
2023-11-13T11:00:00Z,194348,157795,99363,82385,36553,58531,58189,69429,45516
2023-11-13T12:00:00Z,243631,156774,153091,84466,86857,60092,59777,100980,76391
2023-11-13T13:00:00Z,228902,174902,128709,93307,54000,66022,65745,96510,69899
2023-11-13T14:00:00Z,226564,191117,118891,101974,35447,72533,72230,83990,56137
2023-11-13T15:00:00Z,227675,188429,118095,98761,39246,71484,71128,85340,57541
2023-11-13T16:00:00Z,217256,180903,112144,94689,36353,67940,67583,82012,55322
2023-11-13T17:00:00Z,207383,170243,108427,90863,37140,63010,62632,77326,52728
2023-11-13T18:00:00Z,208074,160700,113164,87451,47374,59597,59289,81276,57910
2023-11-13T19:00:00Z,197904,158082,105233,87107,39822,56930,56614,70674,48651
2023-11-13T20:00:00Z,184646,145799,101338,81378,38847,53722,53394,69402,48868
2023-11-13T21:00:00Z,186346,146590,101706,83085,39756,51446,51144,64677,45268
2023-11-13T22:00:00Z,173114,134427,93482,76146,38687,47059,46785,60208,42161
2023-11-13T23:00:00Z,154770,120055,86566,69758,34715,43978,43710,56486,40394
2023-11-14T00:00:00Z,180610,119965,116328,70358,60645,43623,43346,88251,71952
2023-11-14T01:00:00Z,176712,119280,114673,68925,57432,44969,44736,88806,70911
2023-11-14T03:00:00Z,141011,115107,81041,65051,25904,42197,41969,53929,35609
2023-11-14T04:00:00Z,139419,113325,83780,67254,26094,38614,38400,50901,35410
2023-11-14T05:00:00Z,142833,112374,81910,63913,30459,40511,40289,54211,36636
2023-11-14T06:00:00Z,162264,127420,93062,69562,34844,47057,46814,65641,44803
2023-11-14T07:00:00Z,172882,144737,93358,76956,28145,52354,52072,65481,41509
2023-11-14T08:00:00Z,193996,164412,102942,84921,29584,58664,58398,75653,46634
2023-11-14T09:00:00Z,201029,170312,104500,86672,30717,61348,61071,77540,48300
2023-11-14T10:00:00Z,201366,169657,106451,87966,31709,59957,59623,77080,49511
2023-11-14T11:00:00Z,195254,165932,105737,88716,29322,59811,59515,71439,47517
2023-11-14T12:00:00Z,243705,162448,157432,87787,81257,61883,61582,103450,78853
2023-11-14T13:00:00Z,230029,181042,132309,97067,48987,67637,67323,98421,71601
2023-11-14T14:00:00Z,226044,196243,120684,104315,29801,73870,73538,85437,57627
2023-11-14T15:00:00Z,218026,186818,117260,98954,31208,71554,71207,85242,58547
2023-11-14T16:00:00Z,147013,125903,78800,66595,21110,56954,56651,66668,44140
2023-11-14T17:00:00Z,166216,144277,89148,77053,21939,58292,57996,68073,45548
2023-11-14T18:00:00Z,201235,168009,115536,93229,33226,61814,61513,79892,57076
2023-11-14T19:00:00Z,177435,149010,97308,80709,28425,55726,55418,66632,45740
2023-11-14T20:00:00Z,191472,159854,108708,89942,31618,55521,55208,69263,48805
2023-11-14T21:00:00Z,182339,152011,103284,86048,30328,51817,51528,64345,45082
2023-11-14T22:00:00Z,172093,140682,95382,78586,31411,47174,46886,60431,41703
2023-11-14T23:00:00Z,156686,124625,89536,73974,32061,43450,43217,57294,39619
2023-11-15T00:00:00Z,184359,125411,120244,75620,58948,43056,42745,86987,70384
2023-11-15T01:00:00Z,183758,125207,119679,74071,58551,44003,43735,89334,71410
2023-11-15T02:00:00Z,154399,128670,89648,74452,25729,44792,44554,57027,38205
2023-11-15T03:00:00Z,150935,123354,88079,71624,27581,43302,43090,55991,37236
2023-11-15T04:00:00Z,143340,116930,83796,67810,26410,39247,39004,52887,36135
2023-11-15T05:00:00Z,151097,120346,86022,68031,30751,41011,40813,55631,37941
2023-11-15T06:00:00Z,170331,137235,99311,76074,33096,48087,47857,66267,45568
2023-11-15T07:00:00Z,178779,152370,99873,83772,26409,52992,52758,64359,42115
2023-11-15T08:00:00Z,190875,162146,102135,85221,28729,59276,59032,71323,46580
2023-11-15T09:00:00Z,199175,169932,104048,87057,29243,61988,61700,72277,47642
2023-11-15T10:00:00Z,197507,167418,106534,88580,30089,59691,59384,72861,48886
2023-11-15T11:00:00Z,188102,160990,101716,85472,27112,57489,57172,67696,44836
2023-11-15T12:00:00Z,234908,156753,151493,84847,78155,59047,58757,99501,75685
2023-11-15T13:00:00Z,223117,176901,129100,94865,46216,65847,65521,95211,69305
2023-11-15T14:00:00Z,219869,190151,116114,100169,29718,71340,71029,83124,55523
2023-11-15T15:00:00Z,224665,193912,122020,103686,30753,72196,71814,84593,57653
2023-11-15T16:00:00Z,215913,187833,117781,101845,28080,67389,67040,79004,54116
2023-11-15T17:00:00Z,207882,180352,117804,102017,27530,62476,62178,73888,50937
2023-11-15T18:00:00Z,204778,166870,118737,94127,37908,59489,59165,78968,56687
2023-11-15T19:00:00Z,194234,163826,111165,93661,30408,56230,55862,68266,47757
2023-11-15T20:00:00Z,188385,157915,111676,92464,30470,53906,53605,67336,47666
2023-11-15T21:00:00Z,181870,152748,106093,88907,29122,51253,50981,62900,44428
2023-11-15T22:00:00Z,169446,141614,99082,82546,27832,46555,46275,57723,41351
2023-11-15T23:00:00Z,153033,128353,92892,77524,24680,42869,42647,54229,39117
2023-11-16T00:00:00Z,181618,123903,119972,75767,57715,42073,41781,85195,69249
2023-11-16T01:00:00Z,185493,125342,121865,74610,60151,43911,43647,90529,72828
2023-11-16T02:00:00Z,160143,134277,93454,77710,25866,44385,44143,57998,37869
2023-11-16T03:00:00Z,157310,128186,94179,76797,29124,42863,42647,55776,37741
2023-11-16T04:00:00Z,146658,118769,89041,71966,27889,38948,38728,52379,36363
2023-11-16T05:00:00Z,150789,121351,89951,72073,29438,40677,40465,55012,37349
2023-11-16T06:00:00Z,171483,136898,100603,77081,34585,47150,46917,66123,45222
2023-11-16T07:00:00Z,177572,149253,100335,83398,28319,52344,52099,64954,41668
2023-11-16T08:00:00Z,196153,167480,109038,91467,28673,58500,58245,70824,46338
2023-11-16T09:00:00Z,203314,172441,112020,94045,30873,60974,60684,72742,47609
2023-11-16T10:00:00Z,199149,167076,109223,90504,32073,59086,58793,73043,49664
2023-11-16T11:00:00Z,196390,166862,107930,90709,29528,58977,58688,70363,46832
2023-11-16T12:00:00Z,242799,163827,157321,90078,78972,60916,60617,101989,78004
2023-11-16T13:00:00Z,228203,181462,133601,99686,46741,67008,66689,96755,70209
2023-11-16T14:00:00Z,221502,191937,120114,103743,29565,72326,71997,83830,56230
2023-11-16T15:00:00Z,217940,186970,119632,101519,30970,70713,70377,83639,56921
2023-11-16T16:00:00Z,211404,181973,115874,99153,29431,68480,68139,80453,55253
2023-11-16T17:00:00Z,203272,174237,112495,96285,29035,63005,62679,73598,50640
2023-11-16T18:00:00Z,204080,166992,120166,96205,37088,59582,59250,78145,56104
2023-11-16T19:00:00Z,198894,165247,114127,97011,33647,55733,55423,69355,46960
2023-11-16T20:00:00Z,190060,158817,113531,94438,31243,53388,53091,67629,48343
2023-11-16T21:00:00Z,181595,149128,106098,87928,32467,49899,49557,62197,44420
2023-11-16T22:00:00Z,172283,141385,100254,82595,30898,45743,45467,59342,41748
2023-11-16T23:00:00Z,157410,128230,95409,78326,29180,42539,42278,55286,39871
2023-11-17T00:00:00Z,182441,125417,116047,76565,57024,41904,41577,81813,64034
2023-11-17T01:00:00Z,183597,124255,121419,76050,59342,42716,42441,86785,69418
2023-11-17T02:00:00Z,155937,126058,91829,74872,29879,43146,42853,55668,37352
2023-11-17T03:00:00Z,145945,118441,86478,69692,27504,40528,40304,52859,35340
2023-11-17T04:00:00Z,141148,111268,86612,68583,29880,36000,35788,49093,33969
2023-11-17T05:00:00Z,149644,119327,89837,71483,30317,38736,38546,53411,36634
2023-11-17T06:00:00Z,169041,135032,100803,77359,34009,44887,44663,64198,43898
2023-11-17T07:00:00Z,174527,147171,98828,82108,27356,49451,49216,61680,39728
2023-11-17T08:00:00Z,195602,166335,111110,92793,29267,56162,55906,68067,44550
2023-11-17T09:00:00Z,203767,174937,113390,96287,28830,58581,58286,69582,45926
2023-11-17T10:00:00Z,198195,167201,112528,93815,30994,57651,57355,69912,47637
2023-11-17T11:00:00Z,190348,162536,110160,93369,27812,55340,55077,65991,44492
2023-11-17T12:00:00Z,238239,158251,160605,91756,79988,55862,55540,97131,74755
2023-11-17T13:00:00Z,222201,173788,134248,98469,48413,61648,61345,92353,68167
2023-11-17T14:00:00Z,214777,185875,119701,103168,28902,66599,66303,78553,52940
2023-11-17T15:00:00Z,213933,181908,118613,99818,32025,65863,65567,79492,54231
2023-11-17T16:00:00Z,193863,165141,105955,89970,28722,61103,60786,73548,49423
2023-11-17T17:00:00Z,194660,167732,111321,95405,26928,58082,57791,70338,47712
2023-11-17T18:00:00Z,196068,159290,116448,91599,36778,54066,53762,73805,53438
2023-11-17T19:00:00Z,181108,153134,107412,90345,27974,50558,50289,61687,42876
2023-11-17T20:00:00Z,170370,142333,104488,85997,28037,46621,46372,59916,42735
2023-11-17T21:00:00Z,162115,133640,96633,79525,28475,43427,43170,55374,38873
2023-11-17T22:00:00Z,157355,125324,94502,75887,32031,39658,39410,53001,37374
2023-11-17T23:00:00Z,140024,113113,87841,71117,26911,36262,36013,48816,35459
2023-11-18T00:00:00Z,158164,104635,108701,68258,53529,33308,33021,72605,59738
2023-11-18T01:00:00Z,148690,91887,104208,59082,56803,30194,29962,74352,62282
2023-11-18T02:00:00Z,113745,88801,72135,55903,24944,28277,28092,40899,28401
2023-11-18T03:00:00Z,111459,87808,71516,54912,23651,28246,28085,40347,27833
2023-11-18T04:00:00Z,112863,89517,73457,56602,23346,28092,27905,40428,28596
2023-11-18T05:00:00Z,116479,90741,74815,56754,25738,28614,28434,42539,29975
2023-11-18T06:00:00Z,124657,94867,82315,59298,29790,30574,30408,49418,35577
2023-11-18T07:00:00Z,122823,101322,78865,63493,21501,32322,32161,43493,29277
2023-11-18T08:00:00Z,131734,108956,85635,69132,22778,33570,33413,46646,31445
2023-11-18T09:00:00Z,135259,112305,87413,70730,22954,35124,34963,47473,32361
2023-11-18T10:00:00Z,135938,111227,85170,67150,24711,36065,35890,49855,34590
2023-11-18T11:00:00Z,136963,115428,86362,71013,21535,36940,36784,47795,32669
2023-11-18T12:00:00Z,208200,119066,156871,74429,89134,39746,39564,81457,65137
2023-11-18T13:00:00Z,173670,132235,116795,81399,41435,43061,42876,73984,56445
2023-11-18T14:00:00Z,160456,139436,100747,85558,21020,46955,46753,58488,39979
2023-11-18T15:00:00Z,164975,140053,103764,85683,24922,46541,46362,60426,41893
2023-11-18T16:00:00Z,164086,139891,103804,87274,24195,45921,45743,59358,41196
2023-11-18T17:00:00Z,152450,131949,98527,83492,20501,43521,43366,54507,38018
2023-11-18T18:00:00Z,152767,123165,103091,79191,29602,41749,41593,60654,45155
2023-11-18T19:00:00Z,143496,122133,93992,78696,21363,38582,38418,49441,34994
2023-11-18T20:00:00Z,139808,116029,94076,75986,23779,36343,36169,49794,36271
2023-11-18T21:00:00Z,130443,105213,86666,69034,25230,33752,33598,46044,33349
2023-11-18T22:00:00Z,126256,101236,84779,67532,25020,31208,31060,43483,31446
2023-11-18T23:00:00Z,119599,97296,83631,67612,22303,30176,30033,42191,31471
2023-11-19T00:00:00Z,143489,95043,104905,66550,48446,28237,28006,66035,54913
2023-11-19T01:00:00Z,149700,92944,112161,64252,56756,27800,27605,74512,63421
2023-11-19T02:00:00Z,116631,94498,80027,64545,22133,26880,26725,38785,27400
2023-11-19T03:00:00Z,114064,92920,79924,64170,21144,26670,26532,37561,26453
2023-11-19T04:00:00Z,115969,94631,79128,63234,21338,27055,26918,38139,27159
2023-11-19T05:00:00Z,119732,96170,82049,64955,23562,27559,27383,40249,29036
2023-11-19T06:00:00Z,127892,100334,89656,67084,27558,29268,29074,47335,34817
2023-11-19T07:00:00Z,126342,105319,85985,70506,21023,30494,30338,41920,28751
2023-11-19T08:00:00Z,128553,106518,87186,70479,22035,31806,31649,43979,30566
2023-11-19T09:00:00Z,132760,109968,89162,72471,22792,32254,32099,44717,30980
2023-11-19T10:00:00Z,140099,116118,93703,75691,23981,34144,33989,48097,33721
2023-11-19T11:00:00Z,137907,117978,92038,76944,19929,36073,35914,47319,32186
2023-11-19T12:00:00Z,208503,121229,158429,78516,87274,39837,39661,81776,65477
2023-11-19T13:00:00Z,169133,129154,114343,81403,39979,43445,43272,72047,54576
2023-11-19T14:00:00Z,162460,140860,102458,87032,21600,47736,47570,59783,40960
2023-11-19T15:00:00Z,168358,143185,108238,89995,25173,47803,47643,62259,43625
2023-11-19T16:00:00Z,163409,139880,103599,87182,23529,47544,47363,60694,42601
2023-11-19T17:00:00Z,160252,140090,101514,86836,20162,45840,45683,57592,40359
2023-11-19T18:00:00Z,165828,135758,109073,84981,30070,44100,43952,63635,47187
2023-11-19T19:00:00Z,148708,126483,96508,80887,22225,41761,41581,52957,37285
2023-11-19T20:00:00Z,152628,128194,101179,83141,24434,40908,40752,54441,39469
2023-11-19T21:00:00Z,139476,117371,92201,75959,22105,38018,37843,48828,35242
2023-11-19T22:00:00Z,132114,110540,88058,72767,21574,35078,34928,45517,32876
2023-11-19T23:00:00Z,128126,106277,86214,71117,21849,33934,33778,44466,33039
2023-11-20T00:00:00Z,164949,107949,109509,71492,57000,34969,34689,73374,58858
2023-11-20T01:00:00Z,182712,114412,117918,72864,68300,38737,38466,83705,66074
2023-11-20T02:00:00Z,158071,123394,91462,75649,34677,40762,40536,53498,34421
2023-11-20T03:00:00Z,157464,118728,89988,72000,38736,39967,39748,52771,34411
2023-11-20T04:00:00Z,156996,115707,90975,73014,41289,36298,36074,50517,34230
2023-11-20T05:00:00Z,159656,121935,93344,75303,37721,39014,38804,53761,35944
2023-11-20T06:00:00Z,182500,139237,105341,81931,43263,45975,45753,65697,44302
2023-11-20T07:00:00Z,187555,151795,105645,88614,35760,51571,51291,64021,40915
2023-11-20T08:00:00Z,202568,166394,109165,91885,36174,57877,57590,70801,44769
2023-11-20T09:00:00Z,210389,173496,110710,93593,36893,61084,60775,73930,46914
2023-11-20T10:00:00Z,207451,169103,109934,91669,38348,59963,59660,73750,48698
2023-11-20T11:00:00Z,204611,167868,109689,92904,36743,59040,58726,70863,46215
2023-11-20T12:00:00Z,250035,167153,156830,92394,82882,60738,60436,102010,76518
2023-11-20T13:00:00Z,237173,183072,135384,100554,54101,66819,66505,96203,69087
2023-11-20T14:00:00Z,235177,199696,124574,108001,35481,71761,71398,83868,55349
2023-11-20T15:00:00Z,231375,193246,124988,106584,38129,71145,70796,84901,56862
2023-11-20T16:00:00Z,220943,184161,117068,100144,36782,67148,66826,82018,54227
2023-11-20T17:00:00Z,208248,170996,110784,93659,37252,62229,61921,75255,50759
2023-11-20T18:00:00Z,212309,163016,118958,92833,49293,58156,57836,79926,56607
2023-11-20T19:00:00Z,204628,161689,111052,91896,42939,55652,55337,70807,48072
2023-11-20T20:00:00Z,201415,158415,113208,92502,43000,53496,53169,69909,49089
2023-11-20T21:00:00Z,191643,151079,106880,88140,40564,50016,49705,63598,43930
2023-11-20T22:00:00Z,179776,141169,100763,82765,38607,45702,45422,61111,41066
2023-11-20T23:00:00Z,169677,129071,96587,79840,40606,42306,42036,56544,39222
2023-11-21T00:00:00Z,183668,126493,117212,78607,57175,42270,41976,79752,63502
2023-11-21T01:00:00Z,188904,129574,121284,77823,59330,44321,44031,86148,67364
2023-11-21T02:00:00Z,169367,133950,99477,80031,35417,45165,44925,59810,39783
2023-11-21T03:00:00Z,164831,128621,97005,77227,36210,43514,43282,57851,38218
2023-11-21T04:00:00Z,161546,125085,98765,78567,36461,39603,39381,54265,37593
2023-11-21T05:00:00Z,168556,129880,100149,78943,38676,42292,42064,58212,39565
2023-11-21T06:00:00Z,180925,141770,107145,82381,39155,49234,48999,68361,46414
2023-11-21T07:00:00Z,187640,155740,106310,88465,31900,53898,53653,65699,42183
2023-11-21T08:00:00Z,201867,168885,111281,92531,32982,60603,60326,72125,46890
2023-11-21T09:00:00Z,177558,148395,94234,78500,29163,55694,55415,65665,42715
2023-11-21T10:00:00Z,212757,178332,111948,93399,34425,64853,64558,77493,51183
2023-11-21T11:00:00Z,209092,174016,113290,95582,35076,62064,61792,73629,47852
2023-11-21T12:00:00Z,249476,171813,158323,95101,77663,62900,62598,103670,78186
2023-11-21T13:00:00Z,236002,187193,136913,103004,48809,68731,68426,96833,69816
2023-11-21T14:00:00Z,241616,211806,125890,109831,29810,73639,73330,85039,56995
2023-11-21T15:00:00Z,232023,199453,127519,109046,32570,73294,72974,85579,58340
2023-11-21T16:00:00Z,223041,191515,122526,105747,31526,69767,69414,82039,55678
2023-11-21T17:00:00Z,203598,176980,113634,99079,26618,62989,62679,74728,51076
2023-11-21T18:00:00Z,210617,174848,122932,99494,35769,60055,59780,77906,55878
2023-11-21T19:00:00Z,191329,164336,109567,93578,26993,56611,56290,67650,46664
2023-11-21T20:00:00Z,188406,158022,112423,92926,30384,54122,53845,67780,47853
2023-11-21T21:00:00Z,182070,150344,106475,89341,31726,50526,50255,62189,43869
2023-11-21T22:00:00Z,169774,139321,97980,81439,30453,45759,45505,58230,40217
2023-11-21T23:00:00Z,153456,127389,95473,79908,26067,41661,41440,52556,37776
2023-11-22T00:00:00Z,176166,123954,115370,78782,52212,41112,40830,76171,60519
2023-11-22T01:00:00Z,184728,122242,122408,75308,62486,42855,42574,87598,69728
2023-11-22T02:00:00Z,157107,127892,93617,76302,29215,43593,43356,56452,37688
2023-11-22T03:00:00Z,155274,123720,92172,73542,31554,42152,41925,55932,37326
2023-11-22T04:00:00Z,146666,114675,87628,68632,31991,39147,38935,53682,37028
2023-11-22T05:00:00Z,153275,120966,89842,70702,32309,41402,41177,56702,38250
2023-11-22T06:00:00Z,171318,135662,100275,76277,35656,48207,47976,67245,45501
2023-11-22T07:00:00Z,181653,152910,102652,85966,28743,53723,53481,64968,41878
2023-11-22T08:00:00Z,193968,164743,104368,87137,29225,60448,60186,72279,46720
2023-11-22T09:00:00Z,205223,176136,108408,91333,29087,63892,63605,74412,48563
2023-11-22T10:00:00Z,202103,170208,108819,90575,31895,61778,61444,74445,50150
2023-11-22T11:00:00Z,198882,170503,111217,94801,28379,60585,60292,70543,46915
2023-11-22T12:00:00Z,250735,171795,162591,96081,78940,62028,61739,101548,77512
2023-11-22T13:00:00Z,231059,184972,137662,103554,46087,66884,66597,95337,69350
2023-11-22T14:00:00Z,221810,194445,123271,107663,27365,71914,71536,82232,55180
2023-11-22T15:00:00Z,225725,194773,125322,106871,30952,71141,70788,83736,56849
2023-11-22T16:00:00Z,217460,188157,122424,105625,29303,67314,67001,79559,54339
2023-11-22T17:00:00Z,207147,177957,118285,101976,29190,61515,61200,73511,50286
2023-11-22T18:00:00Z,202518,167092,122978,98925,35426,57013,56721,75453,54764
2023-11-22T19:00:00Z,185819,158807,110712,94305,27012,52946,52664,64072,44922
2023-11-22T20:00:00Z,182397,152096,110153,91467,30301,50146,49890,64509,45404
2023-11-22T21:00:00Z,176255,149099,106339,89829,27156,45780,45519,59536,40202
2023-11-22T22:00:00Z,158755,132608,99098,83201,26147,42360,42130,53069,37882
2023-11-22T23:00:00Z,148394,125201,96102,81615,23193,39471,39247,49609,35955
2023-11-23T00:00:00Z,178302,126883,121876,83047,51419,39999,39737,77537,62612
2023-11-23T01:00:00Z,181910,128737,125141,81878,53173,41444,41195,83535,66678
2023-11-23T02:00:00Z,157343,134494,97308,82537,22849,42011,41811,53137,34865
2023-11-23T03:00:00Z,153935,129546,97250,81276,24389,40634,40416,52506,34755
2023-11-23T04:00:00Z,148185,124315,95231,79069,23870,37044,36868,49742,34084
2023-11-23T05:00:00Z,158067,131609,99572,82376,26458,39863,39658,54195,36459
2023-11-23T06:00:00Z,171865,138606,105962,82577,33259,46816,46590,64530,43967
2023-11-23T07:00:00Z,183999,157901,108943,92380,26098,52148,51903,63958,41463
2023-11-23T08:00:00Z,198057,172949,114316,97442,25108,58827,58575,70200,45329
2023-11-23T09:00:00Z,206560,179526,115839,98723,27034,61971,61678,72361,47218
2023-11-23T10:00:00Z,198860,170641,111002,92744,28219,61182,60897,73335,49582
2023-11-23T11:00:00Z,201214,173838,115724,99372,27376,59724,59450,69619,46786
2023-11-23T12:00:00Z,242383,162164,157902,91006,80219,61054,60790,101747,77402
2023-11-23T13:00:00Z,227461,179045,132994,99538,48416,65820,65554,94715,68856
2023-11-23T14:00:00Z,221131,191820,122196,105802,29311,69038,68745,80566,54513
2023-11-23T15:00:00Z,217606,186458,123872,104993,31148,66857,66526,80214,55560
2023-11-23T16:00:00Z,203630,175266,118355,101119,28364,62028,61755,74530,51929
2023-11-23T17:00:00Z,187819,162295,112514,96925,25524,55697,55467,66584,46675
2023-11-23T18:00:00Z,183883,149566,116273,91590,34317,51284,51074,71564,52223
2023-11-23T19:00:00Z,165448,140322,102724,86534,25126,46844,46626,58273,41124
2023-11-23T20:00:00Z,157968,132483,101481,83614,25485,43479,43287,56821,41103
2023-11-23T21:00:00Z,148453,122746,94993,77916,25707,39530,39325,51323,36769
2023-11-23T22:00:00Z,143982,115937,91630,74045,28045,36553,36355,49936,35847
2023-11-23T23:00:00Z,135312,112801,89221,74435,22511,34416,34221,45063,32826
2023-11-24T00:00:00Z,166711,112486,117004,75423,54225,35099,34875,75186,61486
2023-11-24T01:00:00Z,172111,116736,121295,76706,55375,37289,37085,80485,64921
2023-11-24T02:00:00Z,143191,117940,89345,73573,25251,38086,37888,50362,33454
2023-11-24T03:00:00Z,142606,117475,90899,74400,25131,37271,37076,49226,32965
2023-11-24T04:00:00Z,136655,111055,89147,72420,25600,33628,33432,46440,32192
2023-11-24T05:00:00Z,146701,120593,92858,75425,26108,37029,36853,50667,34498
2023-11-24T06:00:00Z,165921,134247,104227,81502,31674,43916,43698,62054,42292
2023-11-24T07:00:00Z,175128,149590,103848,88187,25538,48988,48796,60260,38885
2023-11-24T08:00:00Z,187623,162115,109740,93418,25508,54659,54418,66330,43234
2023-11-24T09:00:00Z,202713,173981,114314,97248,28732,58861,58599,70754,46416
2023-11-24T10:00:00Z,197408,166125,112237,93662,31283,57585,57285,71044,48273
2023-11-24T11:00:00Z,184370,156455,103419,86967,27915,55828,55554,66635,44812
2023-11-24T12:00:00Z,235783,155775,155474,86658,80008,56063,55793,96905,74402
2023-11-24T13:00:00Z,214231,169097,129950,95926,45134,60428,60158,88057,65100
2023-11-24T14:00:00Z,205222,179101,118422,102451,26121,63437,63151,73564,50187
2023-11-24T15:00:00Z,201672,172763,116348,98344,28909,61584,61320,74758,51394
2023-11-24T16:00:00Z,192037,165117,112377,96185,26920,57703,57449,70285,48422
2023-11-24T17:00:00Z,178798,155070,107298,92453,23728,51854,51619,62909,43225
2023-11-24T18:00:00Z,178063,143776,114901,90601,34287,47268,47045,66341,48891
2023-11-24T19:00:00Z,158541,133284,101272,85241,25257,42372,42179,54344,38248
2023-11-24T20:00:00Z,149900,124929,97998,79838,24971,39733,39544,52507,37819
2023-11-24T21:00:00Z,148436,124398,93912,77266,24038,36054,35875,47593,34043
2023-11-24T22:00:00Z,131658,108806,86554,70814,22852,33052,32866,44559,31589
2023-11-24T23:00:00Z,125274,105511,88056,73532,19763,31431,31286,41829,30653
2023-11-25T00:00:00Z,151740,99509,111318,68389,52231,30520,30310,72086,59979
2023-11-25T01:00:00Z,146393,93590,108510,64450,52803,28569,28382,71561,59971
2023-11-25T02:00:00Z,115733,93914,79467,63796,21819,27364,27220,39214,27080
2023-11-25T03:00:00Z,113921,92238,77483,61426,21683,27341,27193,39462,27158
2023-11-25T04:00:00Z,116750,95498,80029,63886,21252,27618,27490,39689,27642
2023-11-25T05:00:00Z,115938,92178,77196,59947,23760,28322,28185,42244,29437
2023-11-25T06:00:00Z,124989,97259,84837,62105,27730,31118,30967,49326,35309
2023-11-25T07:00:00Z,121842,101539,80623,65497,20303,32233,32104,43625,29266
2023-11-25T08:00:00Z,130509,108219,86256,69356,22290,33898,33744,47308,31588
2023-11-25T09:00:00Z,122124,101281,79478,63851,20843,33418,33275,45688,30326
2023-11-25T10:00:00Z,137585,113605,91976,73555,23980,35722,35573,50015,34351
2023-11-25T11:00:00Z,139809,118917,92770,77121,20892,37344,37188,48795,32661
2023-11-25T12:00:00Z,203492,117410,155992,75821,86082,39271,39113,80985,64570
2023-11-25T13:00:00Z,169889,129525,116030,81303,40364,42855,42696,73743,55664
2023-11-25T14:00:00Z,164952,143935,101735,85898,21017,46413,46260,57838,39897
2023-11-25T15:00:00Z,160438,135986,103151,84764,24452,46356,46191,60157,42023
2023-11-25T16:00:00Z,157753,135573,101365,85067,22180,45885,45722,58692,40399
2023-11-25T17:00:00Z,157283,136598,102210,87207,20685,43811,43657,54660,38250
2023-11-25T18:00:00Z,158017,127912,109227,84763,30105,41327,41168,59686,44642
2023-11-25T19:00:00Z,144481,123769,98295,82839,20712,37616,37469,48101,34029
2023-11-25T20:00:00Z,143143,120289,101040,82823,22854,35524,35383,48269,35203
2023-11-25T21:00:00Z,141089,119748,100432,84241,21341,33459,33307,44293,32061
2023-11-25T22:00:00Z,127570,107436,89994,74889,20134,30565,30387,40803,29617
2023-11-25T23:00:00Z,131485,113218,97356,83010,18267,29873,29733,39862,29720
2023-11-26T00:00:00Z,165720,121682,130512,94079,44038,28305,28109,63896,53066
2023-11-26T01:00:00Z,181177,129856,148102,103469,51321,26902,26718,70716,60311
2023-11-26T02:00:00Z,185556,165810,150883,136353,19746,25986,25858,37558,26440
2023-11-26T03:00:00Z,207257,186636,172645,157396,20621,26341,26205,37935,26505
2023-11-26T04:00:00Z,201490,180897,165627,150106,20593,26801,26656,38680,27304
2023-11-26T05:00:00Z,135638,113803,100051,82996,21835,27451,27320,40670,29158
2023-11-26T06:00:00Z,137593,110419,98642,75703,27174,29986,29796,47871,34773
2023-11-26T07:00:00Z,122643,102353,82957,67405,20290,31636,31491,41895,28551
2023-11-26T08:00:00Z,133668,112443,91459,75141,21225,33564,33413,45700,31407
2023-11-26T09:00:00Z,155149,134299,110800,94932,20850,35266,35112,47165,32259
2023-11-26T10:00:00Z,175640,153202,130203,112656,22438,36973,36809,49812,34892
2023-11-26T11:00:00Z,190427,170923,143068,128014,19504,38960,38824,49351,33538
2023-11-26T12:00:00Z,242314,165474,194183,122723,76840,41285,41120,81611,64962
2023-11-26T13:00:00Z,250678,213673,199253,167746,37005,44125,43949,71463,53810
2023-11-26T14:00:00Z,273643,256803,225271,212798,16840,44344,44180,54298,36967
2023-11-26T15:00:00Z,246292,222507,188541,171571,23785,48508,48339,62025,43185
2023-11-26T16:00:00Z,255796,234380,200324,185379,21416,47411,47237,59814,41379
2023-11-26T17:00:00Z,248983,230495,196530,183258,18488,45939,45797,56718,39614
2023-11-26T18:00:00Z,242581,216131,196717,175378,26450,42456,42293,60175,44691
2023-11-26T19:00:00Z,278292,259481,232354,218926,18811,40083,39923,50560,35734
2023-11-26T20:00:00Z,291971,274419,251209,237600,17552,37768,37624,49119,34288
2023-11-26T21:00:00Z,209164,190516,163504,150018,18648,38425,38271,49100,34133
2023-11-26T22:00:00Z,255457,237906,218298,205754,17551,33379,33216,43265,30462
2023-11-26T23:00:00Z,200557,181421,159815,145920,19136,35348,35195,45875,33235
2023-11-27T00:00:00Z,239228,189777,186586,150400,49451,36035,35789,73060,57761
2023-11-27T01:00:00Z,272078,215751,213410,174823,56327,39239,38999,79085,60033
2023-11-27T02:00:00Z,259364,232582,199446,186104,26782,40974,40778,52957,33073
2023-11-27T03:00:00Z,292158,267839,245258,232674,24319,34624,34453,45777,28897
2023-11-27T04:00:00Z,293398,269443,248648,236708,23955,31340,31156,41901,27192
2023-11-27T05:00:00Z,257947,228947,201685,185731,29000,37786,37607,51403,34285
2023-11-27T06:00:00Z,263178,228031,194755,173604,35147,45946,45728,63738,41605
2023-11-27T07:00:00Z,258102,228841,183344,168201,29261,49747,49542,61653,38889
2023-11-27T08:00:00Z,265687,236391,183900,168229,29296,56786,56526,68517,43571
2023-11-27T09:00:00Z,269354,239254,181828,166345,30100,59324,59034,70430,45038
2023-11-27T10:00:00Z,271191,238851,182772,165924,32340,57430,57158,70132,46284
2023-11-27T11:00:00Z,266604,236001,181116,165846,30603,57810,57503,68837,44925
2023-11-27T12:00:00Z,294030,224718,215862,160264,69312,57892,57602,95538,71786
2023-11-27T13:00:00Z,287339,243430,202055,172953,43909,62642,62377,88053,62812
2023-11-27T14:00:00Z,282119,256607,189114,176317,25512,68413,68119,79402,52334
2023-11-27T15:00:00Z,282795,254316,191907,177179,28479,67149,66839,78534,52656
2023-11-27T16:00:00Z,279527,251645,190557,176431,27882,64883,64572,76506,50837
2023-11-27T17:00:00Z,273194,245147,186663,172755,28047,61300,60993,73017,49064
2023-11-27T18:00:00Z,272020,233456,189114,167214,38564,58281,57974,77245,54273
2023-11-27T19:00:00Z,70838,59146,47153,40475,11692,20279,20108,27607,19545
2023-11-27T20:00:00Z,200491,174287,131221,120074,26204,53571,53277,63505,40519
2023-11-27T21:00:00Z,250306,214676,170016,153248,35630,51825,51514,64862,45004
2023-11-27T22:00:00Z,231117,197396,159592,143381,33721,46309,46019,58719,40856
2023-11-27T23:00:00Z,213684,181497,148871,134192,32187,43545,43266,55517,39248
2023-11-28T00:00:00Z,241976,182176,172188,135279,59800,43612,43279,80821,63021
2023-11-28T01:00:00Z,275876,220375,211694,171187,55501,45163,44892,85536,66785
2023-11-28T02:00:00Z,207406,180677,139708,124866,26729,46611,46360,59190,39055
2023-11-28T03:00:00Z,214008,184824,148510,132499,29184,44279,44047,56541,36849
2023-11-28T04:00:00Z,209685,180999,151935,135499,28686,40152,39941,53205,36158
2023-11-28T05:00:00Z,216763,185635,151794,134732,31128,42245,42053,56557,37714
2023-11-28T06:00:00Z,232319,198828,161515,139220,33491,48536,48288,66348,45111
2023-11-28T07:00:00Z,233643,204899,155133,139399,28744,52871,52634,64066,41284
2023-11-28T08:00:00Z,247235,217314,159453,142965,29921,58460,58162,70420,45449
2023-11-28T09:00:00Z,266634,236723,175830,159748,29911,61497,61206,72048,46680
2023-11-28T10:00:00Z,259042,225949,167492,150002,33093,60003,59735,72931,48652
2023-11-28T11:00:00Z,248283,217141,159977,143431,31142,59928,59640,71661,47006
2023-11-28T12:00:00Z,281790,208572,199707,138015,73218,61557,61272,100808,76326
2023-11-28T13:00:00Z,263875,221334,175172,144330,42541,65736,65448,92101,66170
2023-11-28T14:00:00Z,273253,247391,169346,154737,25862,74631,74334,86097,57931
2023-11-28T15:00:00Z,272492,244507,171262,155010,27985,73598,73282,85384,58249
2023-11-28T16:00:00Z,266485,240551,168557,154104,25934,70527,70183,81920,55750
2023-11-28T17:00:00Z,260771,234392,167730,153160,26379,65368,65068,76911,52744
2023-11-28T18:00:00Z,258345,223522,172960,150713,34823,61911,61593,80221,57171
2023-11-28T19:00:00Z,247254,221297,164155,149299,25957,59346,59057,69648,48306
2023-11-28T20:00:00Z,245588,214636,166932,149293,30952,55324,55071,69143,48850
2023-11-28T21:00:00Z,238317,207086,161599,146085,31231,51693,51413,64665,44367
2023-11-28T22:00:00Z,226095,199914,158759,143445,26181,47634,47377,58593,41150
2023-11-28T23:00:00Z,222722,195016,156235,141639,27706,44904,44632,56391,40352
2023-11-29T00:00:00Z,241984,186683,173433,137723,55301,43713,43412,80762,62516
2023-11-29T01:00:00Z,236616,183586,170193,127946,53030,45456,45197,86581,68994
2023-11-29T02:00:00Z,217875,193481,155345,140764,24394,45976,45741,57250,37975
2023-11-29T03:00:00Z,209789,184821,149253,134113,24968,43863,43640,55645,37221
2023-11-29T04:00:00Z,216331,191920,152812,137528,24411,40026,39834,52107,36003
2023-11-29T05:00:00Z,215623,187792,153971,137210,27831,42144,41935,55777,37651
2023-11-29T06:00:00Z,228455,196614,161370,139530,31841,48326,48108,66084,45090
2023-11-29T07:00:00Z,231018,206682,158034,143551,24336,53230,52979,63344,40823
2023-11-29T08:00:00Z,221504,194727,138367,122249,26777,59159,58894,70617,46084
2023-11-29T09:00:00Z,239428,213465,144696,129479,25963,62322,62051,73165,47566
2023-11-29T10:00:00Z,229195,200894,142552,125905,28301,60840,60499,73205,49068
2023-11-29T11:00:00Z,238842,212053,155201,140214,26789,58901,58591,69154,45894
2023-11-29T12:00:00Z,283101,207985,198630,135252,75116,60622,60308,100862,76770
2023-11-29T13:00:00Z,266721,220914,177671,144128,45807,66380,66082,94392,68444
2023-11-29T14:00:00Z,266280,236149,164868,148635,30131,72609,72279,84771,56691
2023-11-29T15:00:00Z,263407,231393,160617,142606,32014,72634,72321,85975,58322
2023-11-29T16:00:00Z,260242,229625,157855,141264,30617,69585,69254,82476,56135
2023-11-29T17:00:00Z,246699,215201,151749,135233,31498,65111,64791,76902,52646
2023-11-29T18:00:00Z,243762,206664,157189,133054,37098,60507,60189,78905,56738
2023-11-29T19:00:00Z,225922,195365,141013,123784,30557,57182,56907,68660,47678
2023-11-29T20:00:00Z,217370,184646,138850,119164,32724,55344,55062,69486,49175
2023-11-29T21:00:00Z,211581,174667,129872,112140,36914,51659,51353,65887,44928
2023-11-29T22:00:00Z,215544,169892,131037,113783,45652,47070,46767,65633,41942
2023-11-29T23:00:00Z,207930,182097,150439,135193,25833,40878,40645,54103,37414
2023-11-30T00:00:00Z,275487,221969,214620,176114,53518,41977,41692,78907,63135
2023-11-30T01:00:00Z,271435,222518,216666,179345,48917,42489,42228,78492,61655
2023-11-30T02:00:00Z,271139,245689,208206,193588,25450,43494,43251,58192,36746
2023-11-30T03:00:00Z,269839,245846,216131,201833,23993,40107,39889,51788,33786
2023-11-30T04:00:00Z,259902,236119,208832,194849,23783,37208,37006,49087,33182
2023-11-30T05:00:00Z,219530,190201,158320,140876,29329,41194,40988,55931,37659
2023-11-30T06:00:00Z,233699,200071,165306,142612,33628,47141,46921,65518,44499
2023-11-30T07:00:00Z,249805,222802,175302,159663,27003,51493,51252,63496,41013
2023-11-30T08:00:00Z,286413,260301,210281,194599,26112,55742,55465,66978,43465
2023-11-30T09:00:00Z,289059,264907,213056,198962,24152,55994,55742,66192,42308
2023-11-30T10:00:00Z,312924,292904,251979,239842,20020,49612,49360,58764,38423
2023-11-30T11:00:00Z,309838,288254,243075,230550,21584,52839,52552,61517,40061
2023-11-30T12:00:00Z,294562,225899,219950,161583,68663,57308,57011,96309,73295
2023-11-30T13:00:00Z,300399,264276,226046,198939,36123,59866,59586,84377,60250
2023-11-30T14:00:00Z,306654,288632,235274,224616,18022,61086,60838,70496,45929
2023-11-30T15:00:00Z,298321,276829,217760,205022,21492,63461,63159,74402,49388
2023-11-30T16:00:00Z,293410,270497,209137,195851,22913,65125,64791,76287,51951
2023-11-30T17:00:00Z,288621,266904,211022,198332,21717,59510,59213,69853,47200
2023-11-30T18:00:00Z,291703,262087,217178,197421,29616,55995,55706,72231,51544
2023-11-30T19:00:00Z,283279,260121,212857,198912,23158,52854,52577,63804,43879
2023-11-30T20:00:00Z,301728,280860,249679,236226,20868,44686,44443,55692,39090
2023-11-30T21:00:00Z,311290,292499,264383,253659,18791,38957,38721,48336,32865
2023-11-30T22:00:00Z,283842,263242,234255,222297,20600,38870,38617,49218,33880
2023-11-30T23:00:00Z,214174,189384,155347,140750,24790,42680,42393,54391,38982
2023-12-01T00:00:00Z,265638,212988,202502,168670,52650,40773,40473,75084,58632
2023-12-01T01:00:00Z,289255,230887,227108,186610,58368,41688,41400,82867,64899
2023-12-01T02:00:00Z,288275,260423,231881,217454,27852,39441,39208,53586,35345
2023-12-01T03:00:00Z,282457,250695,224379,209543,31762,37864,37653,49928,32583
2023-12-01T04:00:00Z,277389,248975,225309,210751,28414,35030,34823,48194,32194
2023-12-01T05:00:00Z,288026,253192,227305,212524,34834,37330,37139,54172,33798
2023-12-01T06:00:00Z,288844,255200,228424,209075,33644,42001,41774,60692,39565
2023-12-01T07:00:00Z,287873,263906,223714,210811,23967,45760,45549,57762,35828
2023-12-01T08:00:00Z,295537,266350,223515,209832,29187,50255,50007,64323,39161
2023-12-01T09:00:00Z,293586,268053,221453,207415,25533,53530,53274,64399,41103
2023-12-01T10:00:00Z,293593,265212,218520,203548,28381,52036,51739,63987,42044
2023-12-01T11:00:00Z,294641,263388,221053,208068,31253,49848,49585,64002,38904
2023-12-01T12:00:00Z,306836,241393,239209,187558,65443,49887,49603,86752,65822
2023-12-01T13:00:00Z,300888,258527,223477,196426,42361,55748,55454,79831,56773
2023-12-01T14:00:00Z,303316,272683,218533,205687,30633,59954,59644,74136,45950
2023-12-01T15:00:00Z,300391,273249,221237,206319,27142,59961,59657,71799,47582
2023-12-01T16:00:00Z,294956,268194,217431,203711,26762,58058,57737,68930,46057
2023-12-01T17:00:00Z,293468,268028,221162,208862,25440,53134,52857,64523,41722
2023-12-01T18:00:00Z,297280,265095,227691,207587,32185,50908,50648,67096,47275
2023-12-01T19:00:00Z,286439,259992,220419,206454,26447,47562,47286,57946,39257
2023-12-01T20:00:00Z,287174,255872,223609,207799,31302,44290,44036,56237,38982
2023-12-01T21:00:00Z,283123,252867,223555,208210,30256,41189,40956,54747,37510
2023-12-01T22:00:00Z,277027,245307,219716,203820,31720,37328,37088,51416,35111
2023-12-01T23:00:00Z,269109,237702,217497,201246,31407,34870,34660,48730,34420
2023-12-02T00:00:00Z,281996,232103,237021,199265,49893,32463,32176,69454,56537
2023-12-02T01:00:00Z,275374,228365,236580,199351,47009,29035,28778,65374,53269
2023-12-02T02:00:00Z,258301,234523,219681,204239,23778,28123,27936,40879,28036
2023-12-02T03:00:00Z,261974,235882,221541,205617,26092,28230,28034,40795,27980
2023-12-02T04:00:00Z,259641,235391,221622,205285,24250,27780,27609,40388,28167
2023-12-02T05:00:00Z,262942,237420,223311,206914,25522,29947,29775,42982,30511
2023-12-02T06:00:00Z,267313,240878,229247,208433,26435,31111,30936,48148,34692
2023-12-02T07:00:00Z,263474,243327,223111,208657,20147,32148,31985,43156,29131
2023-12-02T08:00:00Z,264312,243008,222192,206416,21304,33467,33297,46513,31704
2023-12-02T09:00:00Z,285457,265720,245440,231332,19737,33560,33414,44908,30181
2023-12-02T10:00:00Z,293026,271812,253102,237700,21214,34477,34296,47704,32778
2023-12-02T11:00:00Z,292741,274252,250886,237605,18489,36257,36102,46787,31656
2023-12-02T12:00:00Z,314289,245339,274778,211111,68950,36798,36613,74504,59253
2023-12-02T13:00:00Z,300431,267765,254276,227231,32666,39962,39793,66395,47727
2023-12-02T14:00:00Z,297031,278157,246723,233724,18874,43286,43072,54212,36698
2023-12-02T15:00:00Z,290961,270182,241443,226646,20779,43708,43542,55826,38382
2023-12-02T16:00:00Z,285395,265248,236672,222602,20147,43114,42947,55084,37993
2023-12-02T17:00:00Z,285978,268047,239473,226876,17931,41890,41730,52508,36186
2023-12-02T18:00:00Z,297863,272580,255467,235613,25283,39551,39382,56136,41209
2023-12-02T19:00:00Z,292923,274110,251556,238489,18813,36344,36188,46941,32715
2023-12-02T20:00:00Z,302924,283550,264465,249502,19374,34334,34168,46196,33237
2023-12-02T21:00:00Z,304397,285375,268190,254651,19022,32010,31850,41980,30004
2023-12-02T22:00:00Z,302850,285445,270108,257313,17405,29625,29484,39289,28214
2023-12-02T23:00:00Z,302914,287577,274755,263430,15337,27919,27787,36428,26586
2023-12-03T00:00:00Z,310482,276582,282337,254738,33900,25742,25555,54069,43993
2023-12-03T01:00:00Z,320864,287408,298602,270022,33456,22071,21913,51375,41980
2023-12-03T02:00:00Z,325649,314483,305119,296985,11166,20194,20061,28404,19368
2023-12-03T03:00:00Z,325063,314399,306658,298609,10664,19700,19567,26857,18651
2023-12-03T04:00:00Z,315679,300198,287189,275521,15481,24806,24664,34105,23567
2023-12-03T05:00:00Z,315897,295676,283324,269547,20221,26690,26558,37807,26864
2023-12-03T06:00:00Z,326558,309761,305890,291792,16797,22373,22246,35773,26287
2023-12-03T07:00:00Z,297531,282174,264769,253175,15357,29790,29660,38927,26441
2023-12-03T08:00:00Z,321442,303518,290248,276502,17924,29768,29567,41431,28919
2023-12-03T09:00:00Z,302791,284541,265754,253075,18250,32564,32378,42966,29400
2023-12-03T10:00:00Z,311944,292944,273745,259685,19000,34356,34163,46853,32757
2023-12-03T11:00:00Z,318886,304098,286813,276336,14788,31490,31332,40499,27552
2023-12-03T12:00:00Z,326296,280920,298319,256865,45376,30421,30259,60767,48141
2023-12-03T13:00:00Z,323434,299593,289119,270314,23841,35386,35232,53183,38679
2023-12-03T14:00:00Z,318823,304556,281995,272429,14267,38370,38205,46956,31567
2023-12-03T15:00:00Z,323923,309020,287609,277160,14903,37871,37734,47039,32066
2023-12-03T16:00:00Z,321074,307672,285818,276222,13402,37228,37082,46362,31830
2023-12-03T17:00:00Z,321533,309674,290288,281497,11859,35395,35253,43585,29890
2023-12-03T18:00:00Z,327057,307801,295607,281965,19256,33684,33539,46604,33383
2023-12-03T19:00:00Z,324198,308197,291272,282213,16001,32277,32123,41019,28313
2023-12-03T20:00:00Z,325000,308713,294967,283708,16287,32145,31957,42307,30205
2023-12-03T21:00:00Z,322041,308174,294101,284348,13867,30001,29826,38273,27036
2023-12-03T22:00:00Z,325359,312111,297675,288538,13248,27815,27665,36082,25602
2023-12-03T23:00:00Z,327965,314764,303157,294221,13201,26569,26417,34574,24986
2023-12-04T00:00:00Z,322317,290353,292184,270082,31964,26850,26647,50613,39292
2023-12-04T01:00:00Z,317341,283218,283754,262503,34123,26911,26720,50246,37123
2023-12-04T02:00:00Z,324549,307363,292793,285531,17186,27300,27147,35273,21905
2023-12-04T03:00:00Z,322351,304049,289873,281669,18302,26893,26737,34925,21854
2023-12-04T04:00:00Z,322869,303261,289836,281161,19608,25769,25569,34929,22410
2023-12-04T05:00:00Z,321315,300197,285969,276117,21118,28433,28273,38410,25063
2023-12-04T06:00:00Z,318648,296501,280500,269281,22147,32247,32066,43520,28350
2023-12-04T07:00:00Z,314529,290707,257080,246371,23822,42747,42558,52510,32937
2023-12-04T08:00:00Z,314397,292890,262540,252686,21507,42200,41986,51511,32190
2023-12-04T09:00:00Z,302215,281864,248363,239076,20351,44142,43905,52457,32133
2023-12-04T10:00:00Z,309684,285174,251457,240682,24510,45020,44761,54899,34830
2023-12-04T11:00:00Z,312769,286661,250914,240418,26108,46612,46342,55781,35277
2023-12-04T12:00:00Z,316568,271379,266704,233509,45189,42875,42623,70428,51328
2023-12-04T13:00:00Z,314126,288045,266987,250653,26081,43449,43210,59605,40363
2023-12-04T14:00:00Z,311868,293481,256288,248014,18387,50434,50165,58331,36557
2023-12-04T15:00:00Z,304764,275717,224022,210727,29047,61772,61435,73268,48060
2023-12-04T16:00:00Z,294460,258355,199230,183658,36105,65723,65395,78518,52606
2023-12-04T17:00:00Z,293340,257718,203100,187611,35622,62128,61824,75062,50749
2023-12-04T18:00:00Z,294960,252105,210015,187558,42855,59328,59018,79342,56274
2023-12-04T19:00:00Z,291837,251286,203800,186858,40551,56463,56184,70461,47950
2023-12-04T20:00:00Z,285147,244253,203452,184033,40894,54495,54214,71064,49556
2023-12-04T21:00:00Z,285354,244090,202743,184635,41264,51377,51069,65626,45706
2023-12-04T22:00:00Z,241992,202957,164577,147054,39035,47786,47518,61677,43290
2023-12-04T23:00:00Z,182214,140766,108205,89890,41448,45289,45023,59977,43114
2023-12-05T00:00:00Z,187038,129542,119068,79184,57496,45120,44840,83452,66799
2023-12-05T01:00:00Z,188053,127911,122059,76877,60142,46642,46378,89603,71238
2023-12-05T02:00:00Z,165836,135278,97770,79730,30558,47696,47456,62982,42961
2023-12-05T03:00:00Z,163958,126486,92242,75207,37472,44962,44744,57836,38875
2023-12-05T04:00:00Z,156031,118905,88084,70849,37126,41534,41310,55210,38414
2023-12-05T05:00:00Z,173695,134962,103669,83443,38733,43337,43117,60362,41523
2023-12-05T06:00:00Z,196653,161992,126519,103666,34661,50039,49807,68788,46497
2023-12-05T07:00:00Z,200468,172967,123151,107012,27501,55124,54888,67124,43106
2023-12-05T08:00:00Z,219026,189327,132629,114463,29699,60819,60543,74657,48968
2023-12-05T09:00:00Z,221224,190815,128266,111476,30409,63371,63090,75212,49213
2023-12-05T10:00:00Z,234725,198382,138322,120273,36343,61843,61527,75110,50401
2023-12-05T11:00:00Z,249192,220084,163659,147894,29108,59531,59249,70514,46438
2023-12-05T12:00:00Z,279352,205470,198795,137646,73882,60203,59898,99101,75214
2023-12-05T13:00:00Z,265102,221728,176433,145098,43374,66268,65961,93984,67603
2023-12-05T14:00:00Z,259252,232760,163022,148235,26492,72484,72163,83457,55866
2023-12-05T15:00:00Z,270401,242285,178395,161978,28116,69691,69372,82586,55238
2023-12-05T16:00:00Z,261325,235334,171798,157037,25991,67105,66809,78716,53720
2023-12-05T17:00:00Z,241830,214930,155698,140026,26900,65244,64872,75983,52328
2023-12-05T18:00:00Z,238393,203240,155973,132529,35153,61464,61130,80213,57453
2023-12-05T19:00:00Z,226375,198399,145966,129307,27976,58460,58152,69624,48458
2023-12-05T20:00:00Z,220242,191165,146294,127736,29077,55513,55220,68604,49029
2023-12-05T21:00:00Z,218707,183351,137201,120414,35356,52873,52570,66226,45572
2023-12-05T22:00:00Z,226623,173332,134382,118533,53291,47802,47503,64147,42144
2023-12-05T23:00:00Z,204080,170980,137636,122544,33100,45192,44938,59164,40683
2023-12-06T00:00:00Z,238461,183302,173700,138952,55159,42029,41729,78774,60054
2023-12-06T01:00:00Z,228027,170650,166398,125930,57377,43274,42999,84962,65351
2023-12-06T02:00:00Z,249270,223063,190377,176224,26207,43683,43438,55451,36555
2023-12-06T03:00:00Z,258447,233533,203023,187664,24914,42212,42001,53526,35585
2023-12-06T04:00:00Z,227681,202348,174346,158721,25333,39566,39347,51335,35650
2023-12-06T05:00:00Z,224112,197120,167858,151390,26992,43706,43528,56608,39008
2023-12-06T06:00:00Z,227556,196134,163281,141764,31422,49601,49362,66665,45930
2023-12-06T07:00:00Z,248134,224396,178122,163258,23738,52280,52069,63503,41099
2023-12-06T08:00:00Z,272414,248633,199210,184638,23781,55722,55463,65812,43068
2023-12-06T09:00:00Z,279291,255004,203581,189218,24287,58649,58403,68242,44662
2023-12-06T10:00:00Z,278614,252264,203029,187311,26350,57725,57438,69299,46320
2023-12-06T11:00:00Z,263057,238245,186567,171908,24812,56913,56615,67280,44782
2023-12-06T12:00:00Z,295421,228911,223297,167572,66510,57055,56732,95010,72081
2023-12-06T13:00:00Z,289246,250875,211427,183734,38371,62129,61814,86728,62085
2023-12-06T14:00:00Z,291527,266189,201683,187890,25338,69821,69494,79865,53589
2023-12-06T15:00:00Z,306364,281643,226712,212652,24721,65065,64757,76156,51019
2023-12-06T16:00:00Z,305876,283135,232357,219916,22741,60326,59985,70870,47453
2023-12-06T17:00:00Z,302707,279852,229652,217006,22855,58165,57854,69093,46720
2023-12-06T18:00:00Z,298011,268180,230667,210868,29831,54893,54585,71109,50732
2023-12-06T19:00:00Z,294098,269025,229358,215391,25073,51384,51092,62484,43185
2023-12-06T20:00:00Z,297603,271755,236358,221347,25848,48587,48290,61120,43098
2023-12-06T21:00:00Z,292878,268123,233909,220645,24755,44323,44046,55310,38104
2023-12-06T22:00:00Z,294192,271070,243343,230437,23122,39604,39332,50835,35484
2023-12-06T23:00:00Z,299888,279249,254602,242744,20639,37554,37253,47445,33632
2023-12-07T00:00:00Z,299572,258217,252693,222203,41355,36686,36437,67515,53182
2023-12-07T01:00:00Z,298110,255953,252882,220053,42157,37365,37155,70287,54678
2023-12-07T02:00:00Z,292398,272844,244482,232832,19554,38811,38599,48966,31932
2023-12-07T03:00:00Z,294178,273309,248186,235674,20869,37657,37457,48118,31431
2023-12-07T04:00:00Z,301605,281378,258751,246209,20227,34111,33895,44770,30244
2023-12-07T05:00:00Z,296074,273340,249363,236277,22734,36328,36129,48540,32565
2023-12-07T06:00:00Z,301341,274261,249280,232126,27080,41465,41247,57205,38224
2023-12-07T07:00:00Z,303025,281327,247163,234420,21698,44666,44437,55979,35490
2023-12-07T08:00:00Z,307321,285313,248698,235753,22008,48551,48300,59179,38309
2023-12-07T09:00:00Z,303718,281125,239203,226100,22593,50946,50698,60878,39107
2023-12-07T10:00:00Z,304376,280299,242536,228569,24077,49601,49327,61227,40699
2023-12-07T11:00:00Z,305032,282698,242910,230517,22334,48803,48541,59033,38849
2023-12-07T12:00:00Z,313650,259487,257833,212320,54163,47971,47687,82397,62366
2023-12-07T13:00:00Z,302227,268638,236355,212767,33589,54747,54490,76300,54149
2023-12-07T14:00:00Z,286314,262788,206718,193925,23526,63740,63444,73698,48797
2023-12-07T15:00:00Z,290913,265679,212329,198247,25234,61786,61465,72964,48964
2023-12-07T16:00:00Z,290231,267139,217925,205212,23092,58723,58418,69381,46343
2023-12-07T17:00:00Z,284609,263064,215658,203478,21545,55528,55252,65598,44405
2023-12-07T18:00:00Z,285473,256044,219238,200140,29429,53052,52750,68957,49228
2023-12-07T19:00:00Z,272898,248271,207537,193891,24627,49886,49603,60344,41476
2023-12-07T20:00:00Z,268258,245558,212199,198538,22700,45987,45717,56401,39432
2023-12-07T21:00:00Z,275253,251726,219686,206272,23527,43499,43220,53501,37402
2023-12-07T22:00:00Z,275380,251429,223008,209155,23951,40178,39904,51217,36165
2023-12-07T23:00:00Z,270428,249743,223579,211078,20685,38261,38029,47862,34642
2023-12-08T00:00:00Z,267713,224697,219623,187875,43016,36893,36632,68751,54801
2023-12-08T01:00:00Z,284656,240132,238243,203716,44524,35987,35757,70589,55598
2023-12-08T02:00:00Z,308439,290560,267018,256027,17879,34960,34745,44332,29129
2023-12-08T03:00:00Z,302405,282834,261306,249557,19571,33735,33517,43169,28404
2023-12-08T04:00:00Z,306358,287202,267371,255272,19156,31269,31088,41502,28344
2023-12-08T05:00:00Z,312491,292445,272505,260088,20046,32805,32621,44022,29546
2023-12-08T06:00:00Z,310517,287685,266266,250537,22832,37698,37479,51839,35214
2023-12-08T07:00:00Z,301333,283069,251976,240616,18264,40941,40740,50705,32803
2023-12-08T08:00:00Z,281811,260753,223008,209892,21058,47116,46869,58622,38520
2023-12-08T09:00:00Z,309458,289577,253893,242028,19881,46005,45750,55612,36091
2023-12-08T10:00:00Z,253596,225355,180757,163782,28241,52597,52340,65243,44360
2023-12-08T11:00:00Z,265858,242721,202465,188021,23137,48923,48684,59108,39817
2023-12-08T12:00:00Z,285292,213791,221264,159926,71501,50298,50010,89457,69119
2023-12-08T13:00:00Z,260991,217833,188907,156858,43158,54529,54201,83652,61504
2023-12-08T14:00:00Z,305795,287276,248207,237119,18519,50376,50053,59459,39403
2023-12-08T15:00:00Z,305860,283743,245939,233426,22117,50406,50108,60440,40250
2023-12-08T16:00:00Z,310488,288937,252334,240248,21551,48934,48637,59398,39889
2023-12-08T17:00:00Z,310617,292037,257125,246203,18580,46018,45727,54802,37187
2023-12-08T18:00:00Z,303994,280639,254783,238623,23355,42498,42240,56089,39744
2023-12-08T19:00:00Z,304635,285382,255806,243888,19253,41271,41007,50121,34297
2023-12-08T20:00:00Z,295064,273587,245415,231849,21477,39721,39481,50383,35132
2023-12-08T21:00:00Z,253761,227287,194983,179666,26474,41004,40706,52523,37151
2023-12-08T22:00:00Z,225288,198650,169341,152932,26638,38443,38168,50533,36329
2023-12-08T23:00:00Z,200516,178186,154659,139547,22330,36201,35953,46500,34133
2023-12-09T00:00:00Z,205523,151149,155462,115393,54374,33169,32876,73572,59510
2023-12-09T01:00:00Z,196546,141064,152517,108407,55482,30344,30118,74555,61189
2023-12-09T02:00:00Z,161453,138975,123416,108078,22478,29007,28808,40801,28645
2023-12-09T03:00:00Z,148714,124439,110073,93147,24275,28971,28809,40971,28619
2023-12-09T04:00:00Z,161303,136797,121900,104571,24506,28915,28749,41386,29319
2023-12-09T05:00:00Z,173144,147688,132279,114226,25456,31338,31183,45276,32072
2023-12-09T06:00:00Z,183240,152035,141215,116934,31205,32697,32509,51604,37758
2023-12-09T07:00:00Z,180856,158884,137424,121618,21972,33545,33389,46357,31756
2023-12-09T08:00:00Z,172488,150188,129210,112326,22300,35072,34914,48332,33270
2023-12-09T09:00:00Z,184338,161148,138951,122007,23190,36500,36329,49213,33836
2023-12-09T10:00:00Z,197356,172697,150435,132307,24659,38023,37846,52558,37317
2023-12-09T11:00:00Z,195381,175788,149631,135207,19593,38547,38390,49614,34652
2023-12-09T12:00:00Z,267143,184976,220853,144942,82167,39985,39817,82011,66314
2023-12-09T13:00:00Z,240790,200882,188153,155716,39908,43281,43093,73700,55455
2023-12-09T14:00:00Z,230647,210724,177116,162456,19923,46053,45884,58234,39940
2023-12-09T15:00:00Z,167025,139813,108327,89294,27212,46958,46791,62271,43944
2023-12-09T16:00:00Z,166736,140889,108301,91046,25847,46340,46161,60571,43102
2023-12-09T17:00:00Z,160201,138924,101798,86614,21277,44914,44756,56980,40065
2023-12-09T18:00:00Z,160571,128393,109552,84490,32178,42516,42358,62366,47089
2023-12-09T19:00:00Z,132334,109470,85241,68876,22864,38554,38391,50496,36264
2023-12-09T20:00:00Z,127259,103445,83808,65260,23814,36431,36282,49960,36797
2023-12-09T21:00:00Z,122594,99353,80662,64207,23241,33924,33784,45612,33428
2023-12-09T22:00:00Z,113974,91475,74986,59249,22499,31481,31304,42974,31488
2023-12-09T23:00:00Z,106121,87640,71394,57322,18481,30980,30850,41438,31384
2023-12-10T00:00:00Z,125657,81021,89653,53385,44636,28787,28579,65250,54272
2023-12-10T01:00:00Z,130445,76946,96939,50690,53499,27801,27600,73144,62467
2023-12-10T02:00:00Z,98024,78357,64643,50022,19667,26579,26444,38718,27966
2023-12-10T03:00:00Z,98179,77786,64346,49146,20393,27145,27004,38455,27305
2023-12-10T04:00:00Z,104186,82910,68323,52367,21276,27517,27375,39738,28386
2023-12-10T05:00:00Z,104672,81775,69169,52048,22897,27911,27735,41075,29479
2023-12-10T06:00:00Z,113704,85397,76120,53105,28307,30409,30246,49246,35921
2023-12-10T07:00:00Z,113054,92438,72783,57362,20616,32416,32253,43788,30129
2023-12-10T08:00:00Z,120473,98036,77096,60599,22437,34321,34133,47156,32897
2023-12-10T09:00:00Z,125979,100163,77574,59857,25816,35996,35814,50370,34604
2023-12-10T10:00:00Z,136532,108344,83373,64149,28188,37998,37773,54184,38226
2023-12-10T11:00:00Z,135460,112827,82376,66400,22633,40483,40304,52534,35917
2023-12-10T12:00:00Z,213903,120479,158324,72649,93424,43749,43518,86582,69501
2023-12-10T13:00:00Z,175905,132432,115341,79200,43473,47858,47667,79629,60897
2023-12-10T14:00:00Z,167631,146159,107066,91502,21472,51100,50906,63549,43988
2023-12-10T15:00:00Z,179449,153625,116491,98159,25824,50812,50638,64865,45524
2023-12-10T16:00:00Z,176213,151338,113995,97383,24875,50230,50054,63638,44874
2023-12-10T17:00:00Z,167807,147113,109904,95073,20694,48204,48034,59611,42178
2023-12-10T18:00:00Z,203753,172940,146944,122785,30813,46161,45991,65866,49123
2023-12-10T19:00:00Z,181675,159250,130621,114983,22425,43430,43271,55041,39754
2023-12-10T20:00:00Z,188102,163216,138161,120196,24886,41744,41584,55540,40916
2023-12-10T21:00:00Z,175648,152142,127845,111924,23506,39094,38930,50598,37102
2023-12-10T22:00:00Z,172024,149321,127804,111977,22703,36345,36184,47628,35257
2023-12-10T23:00:00Z,181142,161463,143061,128648,19679,34564,34416,45021,33467
2023-12-11T00:00:00Z,218432,164328,165935,129293,54104,34830,34603,72113,57710
2023-12-11T01:00:00Z,231743,164960,168703,125989,66783,37314,37095,81124,63672
2023-12-11T02:00:00Z,202924,170765,141551,126796,32159,40007,39797,52388,33784
2023-12-11T03:00:00Z,199998,163371,137706,120338,36627,39271,39081,52206,34539
2023-12-11T04:00:00Z,202940,164048,140820,123386,38892,36555,36379,50784,34358
2023-12-11T05:00:00Z,205679,170736,143330,125471,34943,40172,39966,54930,36948
2023-12-11T06:00:00Z,223135,176366,146814,123848,46769,46426,46207,65746,44545
2023-12-11T07:00:00Z,229771,192624,146154,129836,37147,51009,50785,64081,41006
2023-12-11T08:00:00Z,236418,201758,149543,132752,34660,56883,56641,69607,44985
2023-12-11T09:00:00Z,241729,207585,146686,130227,34144,61077,60798,73710,47443
2023-12-11T10:00:00Z,238452,201481,144622,126816,36971,59747,59430,74425,49632
2023-12-11T11:00:00Z,252226,217054,162359,145988,35172,57881,57562,70230,45869
2023-12-11T12:00:00Z,276759,196400,190232,128758,80359,59865,59512,101206,76334
2023-12-11T13:00:00Z,265225,216726,175259,144181,48499,63650,63318,91201,65215
2023-12-11T14:00:00Z,267146,234267,167030,152011,32879,70054,69689,81664,54093
2023-12-11T15:00:00Z,263975,227174,165924,148210,36801,68044,67655,82070,54917
2023-12-11T16:00:00Z,263143,227876,167023,150597,35267,66378,66004,80526,54329
2023-12-11T17:00:00Z,250303,217179,161212,145595,33124,61649,61337,74338,50077
2023-12-11T18:00:00Z,245527,200848,159922,136231,44679,56898,56576,77896,54722
2023-12-11T19:00:00Z,211751,169131,121451,102358,42620,56300,55993,71119,49390
2023-12-11T20:00:00Z,225212,187372,145783,127472,37840,52560,52271,67694,47524
2023-12-11T21:00:00Z,232763,193397,155106,137526,39366,48378,48097,62375,43097
2023-12-11T22:00:00Z,212922,174649,139962,123190,38273,43813,43542,57503,40076
2023-12-11T23:00:00Z,212246,181027,151158,136816,31219,41262,41048,53096,37810
2023-12-12T00:00:00Z,227578,172398,170540,131426,55180,39679,39395,78978,63436
2023-12-12T01:00:00Z,234265,177580,176429,132681,56685,41600,41354,84938,67640
2023-12-12T02:00:00Z,211657,185363,151895,136548,26294,43067,42815,56649,37339
2023-12-12T03:00:00Z,202762,174840,144008,127543,27922,41377,41172,54643,36019
2023-12-12T04:00:00Z,173836,146235,117920,101509,27601,39093,38889,52108,35808
2023-12-12T05:00:00Z,178816,151308,120191,102975,27508,40760,40575,55871,37693
2023-12-12T06:00:00Z,202207,165917,132570,109275,36290,47836,47605,67823,45905
2023-12-12T07:00:00Z,200951,172801,123965,107282,28150,52715,52495,67107,42769
2023-12-12T08:00:00Z,214255,185243,127538,110506,29012,59041,58771,71443,46449
2023-12-12T09:00:00Z,205358,172429,108672,90872,32929,63271,62986,75745,49451
2023-12-12T10:00:00Z,204317,169264,108963,89531,35053,61877,61506,76442,51631
2023-12-12T11:00:00Z,194577,164683,104721,87930,29894,60833,60544,72245,47933
2023-12-12T12:00:00Z,245734,165918,157058,89644,79816,62980,62683,105129,79985
2023-12-12T13:00:00Z,227905,179008,131694,95763,48897,68864,68542,98765,72106
2023-12-12T14:00:00Z,222298,192925,118897,102799,29373,73106,72762,84312,56641
2023-12-12T15:00:00Z,214355,181822,114790,96643,32533,71404,71055,83579,57164
2023-12-12T16:00:00Z,216394,183378,116230,98334,33016,69332,68930,82579,56481
2023-12-12T17:00:00Z,201078,172337,108557,92667,28741,64042,63702,75479,51876
2023-12-12T18:00:00Z,202672,164346,116817,91582,38326,60230,59907,79763,57769
2023-12-12T19:00:00Z,182087,152743,102196,85059,29344,55663,55369,67807,47211
2023-12-12T20:00:00Z,178672,148699,102290,83393,29973,53018,52703,66890,47583
2023-12-12T21:00:00Z,169189,139418,96505,78825,29771,49294,49005,61418,43735
2023-12-12T22:00:00Z,159268,130103,93294,75827,29165,45041,44780,57444,41111
2023-12-12T23:00:00Z,144728,120299,89134,73500,24429,41787,41546,52896,38470
2023-12-13T00:00:00Z,170459,116601,111823,71320,53858,40748,40455,80755,64856
2023-12-13T01:00:00Z,171511,113123,112728,66877,58388,42050,41782,87788,69939
2023-12-13T02:00:00Z,142972,119235,83836,68556,23737,42967,42716,55352,36797
2023-12-13T03:00:00Z,144737,116527,85005,67162,28210,41696,41467,55214,37182
2023-12-13T04:00:00Z,135822,108342,81963,63802,27480,38000,37798,52702,36573
2023-12-13T05:00:00Z,146223,117446,84561,66222,28777,40916,40694,56874,39085
2023-12-13T06:00:00Z,164310,131395,96875,73046,32915,48563,48350,67893,46798
2023-12-13T07:00:00Z,168672,142550,94468,77773,26122,53348,53131,66703,43241
2023-12-13T08:00:00Z,186583,159050,103115,85560,27533,59990,59746,72719,48116
2023-12-13T09:00:00Z,200663,170957,108178,90658,29706,63219,62897,75602,49689
2023-12-13T10:00:00Z,198933,165732,108314,88809,33201,62204,61843,76171,51923
2023-12-13T11:00:00Z,196797,166186,107364,90029,30611,60333,60012,72529,48586
2023-12-13T12:00:00Z,237180,158106,152732,86200,79074,61131,60795,103150,78843
2023-12-13T13:00:00Z,226497,176239,131331,95339,50258,68001,67683,99093,72121
2023-12-13T14:00:00Z,216009,186881,115304,98616,29128,72377,72042,83484,56497
2023-12-13T15:00:00Z,220227,187250,119539,100838,32977,71273,70929,85252,57948
2023-12-13T16:00:00Z,215658,182293,115006,97921,33365,68311,67976,83014,56058
2023-12-13T17:00:00Z,200256,171977,110371,94232,28279,64142,63818,75914,51791
2023-12-13T18:00:00Z,203131,164060,117116,92080,39071,59242,58925,78799,56984
2023-12-13T19:00:00Z,184853,154948,103759,86710,29905,54827,54520,67266,46513
2023-12-13T20:00:00Z,180512,147652,103716,84056,32860,51975,51663,66209,47559
2023-12-13T21:00:00Z,170463,139445,96965,79932,31018,48702,48393,60513,42912
2023-12-13T22:00:00Z,160474,131241,94141,77192,29233,44228,43944,57461,40860
2023-12-13T23:00:00Z,148215,115830,87217,70735,32385,40687,40405,53429,38691
2023-12-14T00:00:00Z,167974,114729,108921,69622,53245,40580,40282,78937,63814
2023-12-14T01:00:00Z,172977,115803,110499,66011,57174,42567,42326,85079,67962
2023-12-14T02:00:00Z,143218,118900,84870,69751,24318,41575,41377,54099,35622
2023-12-14T03:00:00Z,139796,114651,83559,67595,25145,40503,40300,52929,35064
2023-12-14T04:00:00Z,133618,108557,79940,64276,25061,37469,37248,50624,34365
2023-12-14T05:00:00Z,145439,115917,86259,68416,29522,40437,40243,54849,37265
2023-12-14T06:00:00Z,166128,130702,97491,74633,35426,47498,47253,65895,45506
2023-12-14T07:00:00Z,176561,147103,97578,81410,29458,52877,52564,64544,41640
2023-12-14T08:00:00Z,193556,165475,106885,89902,28081,58774,58505,71659,46623
2023-12-14T09:00:00Z,199912,170907,108596,90939,29005,62098,61815,73898,48810
2023-12-14T10:00:00Z,200668,169351,110937,92204,31317,61101,60799,75532,51228
2023-12-14T11:00:00Z,193111,164438,107215,90665,28673,59153,58861,70087,46728
2023-12-14T12:00:00Z,240468,160027,158183,90238,80441,59886,59514,101170,77501
2023-12-14T13:00:00Z,224747,177237,130994,97235,47510,66006,65657,95213,69412
2023-12-14T14:00:00Z,217928,188330,118198,102240,29598,71420,71089,81962,55507
2023-12-14T15:00:00Z,216207,186068,119095,100847,30139,69963,69649,82961,56699
2023-12-14T16:00:00Z,210666,179262,114003,97109,31404,67007,66687,79289,54390
2023-12-14T17:00:00Z,201054,168362,109263,93618,32692,61447,61106,73297,50130
2023-12-14T18:00:00Z,196584,157253,114224,89505,39331,57157,56842,77598,55920
2023-12-14T19:00:00Z,184369,151295,103281,85499,33074,52930,52626,66367,45890
2023-12-14T20:00:00Z,180427,141920,103035,81616,38507,49853,49526,67472,47444
2023-12-14T21:00:00Z,174254,133450,96017,77274,40804,46693,46391,61357,42874
2023-12-14T22:00:00Z,157249,124201,91000,73090,33048,42295,42021,55706,39433
2023-12-14T23:00:00Z,141873,113902,86102,69382,27971,39727,39474,52273,37553
2023-12-15T00:00:00Z,167269,112850,109670,70237,54419,38403,38102,77140,61972
2023-12-15T01:00:00Z,167329,107713,109005,62918,59616,39551,39202,84865,68164
2023-12-15T02:00:00Z,154825,115560,92682,65661,39265,40502,40235,65175,46377
2023-12-15T03:00:00Z,142491,111578,80635,63947,30913,38847,38625,53135,34533
2023-12-15T04:00:00Z,132215,104489,78675,61666,27726,36126,35900,49303,33541
2023-12-15T05:00:00Z,151617,109727,95027,63731,41890,39075,38865,67082,49838
2023-12-15T06:00:00Z,157673,121981,92513,68232,35692,44936,44697,65245,44864
2023-12-15T07:00:00Z,161274,132977,90591,73630,28297,48987,48740,61847,40075
2023-12-15T08:00:00Z,187713,148984,107876,81303,38729,55305,55037,77189,53824
2023-12-15T09:00:00Z,191454,160922,105790,87830,30532,58729,58447,71562,47658
2023-12-15T10:00:00Z,189412,158261,107174,88126,31151,56566,56260,70715,48899
2023-12-15T11:00:00Z,184693,150970,106287,83661,33723,53741,53402,71469,50252
2023-12-15T12:00:00Z,228690,145422,153609,81747,83268,54392,54082,96510,75168
2023-12-15T13:00:00Z,208066,161280,126579,90726,46786,59035,58738,89711,66582
2023-12-15T14:00:00Z,209689,174692,120183,96881,34997,62938,62635,82393,58392
2023-12-15T15:00:00Z,201941,170699,112786,93967,31242,62730,62399,76525,52863
2023-12-15T16:00:00Z,189343,160842,105817,88882,28501,59474,59134,72965,49997
2023-12-15T17:00:00Z,187688,152976,110728,85884,34712,54626,54301,75702,54945
2023-12-15T18:00:00Z,179222,143596,107527,82379,35626,50912,50656,71001,51994
2023-12-15T19:00:00Z,164373,136274,93878,76979,28099,46488,46221,59101,40944
2023-12-15T20:00:00Z,159962,124937,98137,72219,35025,43071,42790,64583,48347
2023-12-15T21:00:00Z,142839,115946,83629,66591,26893,39782,39533,52302,37212
2023-12-15T22:00:00Z,130317,104573,77550,61127,25744,35688,35443,48313,34346
2023-12-15T23:00:00Z,114667,90785,68969,54100,23882,32772,32554,43840,32195
2023-12-16T00:00:00Z,150530,91160,102305,58570,59370,30165,29876,73811,61275
2023-12-16T01:00:00Z,171732,111232,128838,81836,60500,27423,27154,74407,62589
2023-12-16T02:00:00Z,133332,107563,94255,77968,25769,25860,25653,40074,28284
2023-12-16T03:00:00Z,120046,94059,80480,62874,25987,26191,26004,39897,27592
2023-12-16T04:00:00Z,122108,95717,82243,64244,26391,26865,26679,39979,28427
2023-12-16T05:00:00Z,119339,95707,82621,64524,23632,27426,27261,41988,30241
2023-12-16T06:00:00Z,131747,102554,91902,68544,29193,30077,29894,49405,35985
2023-12-16T07:00:00Z,130427,108338,88171,72212,22089,31218,31058,44245,29997
2023-12-16T08:00:00Z,134325,110760,89975,72892,23565,33121,32954,46748,32235
2023-12-16T09:00:00Z,136185,114988,91990,75866,21197,34284,34145,46768,32118
2023-12-16T10:00:00Z,139826,116098,94572,76786,23728,35610,35433,49731,34808
2023-12-16T11:00:00Z,140516,121199,94536,79991,19317,36694,36529,48386,32676
2023-12-16T12:00:00Z,216101,126098,166502,82093,90003,38367,38197,81063,65166
2023-12-16T13:00:00Z,175012,133788,121580,87121,41224,41940,41772,73177,55862
2023-12-16T14:00:00Z,158839,137827,104437,89541,21012,44747,44563,56691,38954
2023-12-16T15:00:00Z,162676,137895,107847,89492,24781,44155,43995,59054,41308
2023-12-16T16:00:00Z,160796,138040,107220,91084,22756,43515,43351,57724,40430
2023-12-16T17:00:00Z,143587,123632,92945,78326,19955,41228,41082,53380,37182
2023-12-16T18:00:00Z,148676,116966,99723,74987,31710,38939,38736,59630,44115
2023-12-16T19:00:00Z,138737,117898,94591,79461,20839,34994,34812,47250,33366
2023-12-16T20:00:00Z,148043,124906,107372,89566,23137,32718,32561,46907,33958
2023-12-16T21:00:00Z,137754,116145,98542,82598,21609,29878,29731,42243,30186
2023-12-16T22:00:00Z,131269,111133,97197,82530,20136,27295,27152,38420,27802
2023-12-16T23:00:00Z,136040,118180,106715,92895,17860,26872,26755,37396,27850
2023-12-17T00:00:00Z,141657,96867,107385,71264,44790,25595,25363,61675,51399
2023-12-17T01:00:00Z,136627,83927,104309,58529,52700,25029,24823,70902,60769
2023-12-17T02:00:00Z,100676,80747,67934,53177,19929,23761,23597,36858,25902
2023-12-17T03:00:00Z,101145,80436,68096,52639,20709,23932,23775,36025,24896
2023-12-17T04:00:00Z,103640,82346,70207,54238,21294,24498,24348,37010,26070
2023-12-17T05:00:00Z,105718,82825,70893,53850,22893,25506,25393,39806,28024
2023-12-17T06:00:00Z,119900,91259,83712,60489,28641,28306,28144,47306,34733
2023-12-17T07:00:00Z,118417,97531,78567,63143,20886,30155,30020,42446,28741
2023-12-17T08:00:00Z,121798,100598,80676,64156,21200,32123,31975,45222,31129
2023-12-17T09:00:00Z,127262,104682,82643,65969,22580,33844,33694,46748,31851
2023-12-17T10:00:00Z,133010,109488,86402,68558,23522,35935,35776,49955,35130
2023-12-17T11:00:00Z,131879,112568,85746,70907,19311,37516,37373,48590,33319
2023-12-17T12:00:00Z,207729,117155,158351,73466,90574,40736,40576,83062,66887
2023-12-17T13:00:00Z,174381,133801,114844,79660,40580,44241,44093,75801,57899
2023-12-17T14:00:00Z,155339,135598,97947,82883,19741,47713,47529,59226,40872
2023-12-17T15:00:00Z,160490,135466,99268,80811,25024,47357,47183,62216,43350
2023-12-17T16:00:00Z,153997,131599,97636,81479,22398,46291,46131,59653,41817
2023-12-17T17:00:00Z,149563,130245,94630,79979,19318,43877,43682,55858,38843
2023-12-17T18:00:00Z,154278,123773,102389,78076,30505,42241,42048,61658,46202
2023-12-17T19:00:00Z,143300,120746,92487,76682,22554,39194,39027,51081,36189
2023-12-17T20:00:00Z,144674,120224,96411,78026,24450,37527,37361,51414,37636
2023-12-17T21:00:00Z,133780,111212,90158,73751,22568,34935,34779,47068,34179
2023-12-17T22:00:00Z,127184,102761,85119,68395,24423,32020,31855,44832,32542
2023-12-17T23:00:00Z,117919,97182,81234,66374,20737,30555,30409,41658,30902
2023-12-18T00:00:00Z,153499,94985,102245,62837,58514,31317,31071,71323,57851
2023-12-18T01:00:00Z,173188,102973,110204,64704,70215,34297,34072,81140,64378
2023-12-18T02:00:00Z,143034,109311,81530,65675,33723,36463,36268,49876,32379
2023-12-18T03:00:00Z,145458,106675,82529,63476,38783,36424,36239,50987,33502
2023-12-18T04:00:00Z,144196,104635,82064,63756,39561,34126,33934,48920,32556
2023-12-18T05:00:00Z,147216,109984,83590,65894,37232,37272,37075,52350,34424
2023-12-18T06:00:00Z,170956,129253,98104,74178,41703,44653,44433,65399,43944
2023-12-18T07:00:00Z,182084,144412,97289,80282,37672,50208,49976,64034,40382
2023-12-18T08:00:00Z,194169,157751,103021,85496,36418,56484,56232,70110,45147
2023-12-18T09:00:00Z,203236,165870,106521,88764,37366,59693,59401,72816,46620
2023-12-18T10:00:00Z,203246,164085,107249,88525,39161,58107,57815,72741,48345
2023-12-18T11:00:00Z,196140,159356,103222,86381,36784,57077,56789,69996,45875
2023-12-18T12:00:00Z,238108,153964,151626,86100,84144,57947,57632,100980,76208
2023-12-18T13:00:00Z,226621,171083,129069,93455,55538,63453,63124,95432,68415
2023-12-18T14:00:00Z,218950,183940,116553,100434,35010,68309,68011,80785,53601
2023-12-18T15:00:00Z,221542,182358,118949,99387,39184,67492,67186,82078,55075
2023-12-18T16:00:00Z,216770,175849,114533,95450,40921,64535,64203,80035,54111
2023-12-18T17:00:00Z,203817,167237,109722,92740,36580,59352,59036,73415,49816
2023-12-18T18:00:00Z,204015,156007,116386,89953,48008,55048,54746,77788,55675
2023-12-18T19:00:00Z,191003,148688,104047,84987,42315,50914,50617,67518,46055
2023-12-18T20:00:00Z,185239,143639,103283,82911,41600,49232,48933,66210,46142
2023-12-18T21:00:00Z,179716,134411,96223,76571,45305,45800,45513,62013,42546
2023-12-18T22:00:00Z,171099,125700,91689,73571,45399,41044,40778,57367,38839
2023-12-18T23:00:00Z,163090,112957,83302,67586,50133,38393,38106,57658,36410
2023-12-19T00:00:00Z,177609,110133,108281,66943,67476,37432,37116,81867,63193
2023-12-19T01:00:00Z,171326,110116,111610,65304,61210,38615,38340,84222,67454
2023-12-19T02:00:00Z,145232,117729,83118,66922,27503,40174,39912,53990,35784
2023-12-19T03:00:00Z,141898,112398,82450,64757,29500,38836,38631,52889,34822
2023-12-19T04:00:00Z,135984,107373,80316,62631,28611,36335,36139,50375,34531
2023-12-19T05:00:00Z,149261,114475,85179,66566,34786,39254,39020,54458,36664
2023-12-19T06:00:00Z,168367,131747,97821,73609,36620,47164,46937,67093,45660
2023-12-19T07:00:00Z,176325,147126,99747,82298,29199,51819,51592,63980,41556
2023-12-19T08:00:00Z,194618,164153,106642,88952,30465,57629,57337,71494,46545
2023-12-19T09:00:00Z,199855,168220,108115,89596,31635,60485,60182,74595,48419
2023-12-19T10:00:00Z,199205,164598,107700,87512,34607,59137,58815,74564,50239
2023-12-19T11:00:00Z,189668,159896,103470,86475,29772,57612,57325,69431,45976
2023-12-19T12:00:00Z,240196,157380,154269,85529,82816,59326,59016,101251,77518
2023-12-19T13:00:00Z,222500,172995,130833,94247,49505,64502,64218,95370,69905
2023-12-19T14:00:00Z,218658,189231,119957,102996,29427,69756,69403,81384,55073
2023-12-19T15:00:00Z,221029,186454,118772,98899,34575,68783,68448,83427,57480
2023-12-19T16:00:00Z,215343,182246,116853,98100,33097,66158,65778,80637,55127
2023-12-19T17:00:00Z,199670,171165,108866,92150,28505,61003,60675,74471,51536
2023-12-19T18:00:00Z,196754,158138,114109,88335,38616,56089,55722,77461,56366
2023-12-19T19:00:00Z,183930,152449,102572,84576,31481,52024,51703,65962,45875
2023-12-19T20:00:00Z,166042,134642,94419,75601,31400,47911,47602,62303,43974
2023-12-19T21:00:00Z,164698,130763,93474,74970,33935,44763,44431,59673,41306
2023-12-19T22:00:00Z,154934,122251,88704,70202,32683,40789,40486,55289,38674
2023-12-19T23:00:00Z,135902,109952,81702,65799,25950,37633,37387,50339,36112
2023-12-20T00:00:00Z,174887,110191,120028,68813,64696,37139,36820,87380,72550
2023-12-20T01:00:00Z,160155,107174,101541,60650,52981,36869,36607,76584,59460
2023-12-20T02:00:00Z,140494,114140,83159,65853,26354,39292,39047,51837,34003
2023-12-20T03:00:00Z,134796,106693,78018,60523,28103,38026,37819,51560,33868
2023-12-20T04:00:00Z,129366,101522,77510,59637,27844,34926,34734,48952,33801
2023-12-20T05:00:00Z,149742,115493,85947,66887,34249,38437,38251,54542,37063
2023-12-20T06:00:00Z,160683,126078,94866,69800,34605,45343,45136,65480,44732
2023-12-20T07:00:00Z,164982,138260,93118,76216,26722,50095,49874,61794,39931
2023-12-20T08:00:00Z,181569,153577,100789,82646,27992,55785,55545,68550,45098
2023-12-20T09:00:00Z,191806,162054,104409,86438,29752,59336,59046,72327,46894
2023-12-20T10:00:00Z,191617,160752,107334,88103,30865,57328,56996,71365,48164
2023-12-20T11:00:00Z,190976,158313,106600,88698,32663,56050,55771,67930,45819
2023-12-20T12:00:00Z,255806,150523,180150,85022,105283,56105,55809,97918,75538
2023-12-20T13:00:00Z,218402,172583,131311,96197,45819,62378,62082,91838,67831
2023-12-20T14:00:00Z,218389,190710,119843,103043,27679,70077,69714,81039,55829
2023-12-20T15:00:00Z,215220,183384,119953,100637,31836,66708,66364,80357,55215
2023-12-20T16:00:00Z,209659,181764,118907,101783,27895,63349,63023,76540,52758
2023-12-20T17:00:00Z,192765,166861,108085,91910,25904,58323,58023,70521,48969
2023-12-20T18:00:00Z,189123,153889,111523,86430,35234,53463,53177,73394,53857
2023-12-20T19:00:00Z,174084,145434,100868,83473,28650,49572,49272,61341,43074
2023-12-20T20:00:00Z,167991,138484,97710,78426,29507,46362,46091,60304,43350
2023-12-20T21:00:00Z,158330,126333,91390,73272,31997,42699,42445,55599,39151
2023-12-20T22:00:00Z,146477,119085,87792,70626,27392,38445,38177,50923,36699
2023-12-20T23:00:00Z,127772,104545,79618,64004,23227,35492,35263,46961,34592
2023-12-21T00:00:00Z,155294,102088,103244,61707,53206,35033,34757,75619,61932
2023-12-21T01:00:00Z,158334,102355,104645,59610,55979,36336,36064,80734,64964
2023-12-21T02:00:00Z,133863,109807,79548,64226,24056,37922,37708,50309,33341
2023-12-21T03:00:00Z,131817,106402,78211,61187,25415,36929,36722,49420,32725
2023-12-21T04:00:00Z,127751,103000,78868,62064,24751,34246,34044,47533,32771
2023-12-21T05:00:00Z,140063,110759,81856,63808,29304,37682,37483,52241,35512
2023-12-21T06:00:00Z,158748,126720,95112,71657,32028,44480,44274,63855,43802
2023-12-21T07:00:00Z,166544,141332,94032,77341,25212,49366,49144,61687,39816
2023-12-21T08:00:00Z,180923,154891,102224,85110,26032,55024,54777,67745,44420
2023-12-21T09:00:00Z,190396,163019,105740,88532,27377,57735,57491,69768,45641
2023-12-21T10:00:00Z,186285,157731,105891,87663,28554,56008,55658,70059,47651
2023-12-21T11:00:00Z,182873,157942,105275,89267,24931,53856,53609,65648,44185
2023-12-21T12:00:00Z,233458,152666,159257,88171,80792,54285,54016,96561,74476
2023-12-21T13:00:00Z,213159,168720,128932,95164,44439,59628,59299,88684,65316
2023-12-21T14:00:00Z,210182,183269,119126,102376,26913,64293,63937,76752,51877
2023-12-21T15:00:00Z,209792,176965,118756,98486,32827,62503,62179,77166,53121
2023-12-21T16:00:00Z,201971,171889,116178,98036,30082,59649,59292,73591,50680
2023-12-21T17:00:00Z,189213,161551,109376,92811,27662,54209,53899,67012,46223
2023-12-21T18:00:00Z,194465,154452,121240,95056,40013,50286,49990,71507,52263
2023-12-21T19:00:00Z,175750,145659,107345,89052,30091,45933,45649,58982,41573
2023-12-21T20:00:00Z,166759,137631,104972,85630,29128,43065,42805,57393,41537
2023-12-21T21:00:00Z,154660,125477,95383,77525,29183,39540,39293,51941,37163
2023-12-21T22:00:00Z,145130,116185,90498,73104,28945,35617,35355,47858,34448
2023-12-21T23:00:00Z,133293,109390,87070,71571,23903,33696,33485,45673,33320
2023-12-22T00:00:00Z,161566,106253,110893,69529,55313,33159,32855,74361,60990
2023-12-22T01:00:00Z,162869,107130,112325,67825,55739,34321,34064,78445,63286
2023-12-22T02:00:00Z,138280,112797,85403,69322,25483,36387,36172,49448,32761
2023-12-22T03:00:00Z,138152,110682,86760,69469,27470,34509,34304,47407,31454
2023-12-22T04:00:00Z,130045,103478,84742,67179,26567,31163,30964,44849,31156
2023-12-22T05:00:00Z,141109,112281,89829,71605,28828,34164,33988,48821,33190
2023-12-22T06:00:00Z,160781,128189,102947,79311,32592,41159,40953,60273,41668
2023-12-22T07:00:00Z,161033,134984,97037,79955,26049,44701,44500,56990,37216
2023-12-22T08:00:00Z,172074,145933,100571,83142,26141,49672,49445,63002,41156
2023-12-22T09:00:00Z,180266,151619,104951,86741,28647,51979,51697,64746,43382
2023-12-22T10:00:00Z,178510,148302,105342,86566,30208,49503,49240,64096,44047
2023-12-22T11:00:00Z,170199,144297,104236,87455,25902,47006,46767,58502,39874
2023-12-22T12:00:00Z,230058,140904,165176,85766,89154,47505,47251,90185,71291
2023-12-22T13:00:00Z,201348,153734,129575,92603,47614,51698,51432,83623,62895
2023-12-22T14:00:00Z,188579,161635,112573,95462,26944,54985,54719,67403,45947
2023-12-22T15:00:00Z,191649,161046,116256,96326,30603,53852,53590,69104,47557
2023-12-22T16:00:00Z,186992,158644,116573,98308,28348,51199,50951,65699,46221
2023-12-22T17:00:00Z,170767,146748,104916,88753,24019,47058,46839,59165,40926
2023-12-22T18:00:00Z,168424,134611,109531,84186,33813,43333,43104,63309,46895
2023-12-22T19:00:00Z,145867,121319,89499,73102,24548,38815,38593,51416,35570
2023-12-22T20:00:00Z,142281,116847,93088,74477,25434,36074,35848,49758,35913
2023-12-22T21:00:00Z,136126,110825,89401,72457,25301,33080,32881,45254,32381
2023-12-22T22:00:00Z,121843,98309,80183,64002,23534,29934,29745,41994,30097
2023-12-22T23:00:00Z,108244,87254,72750,57994,20990,28137,27938,39226,28766
2023-12-23T00:00:00Z,133424,79387,97162,53073,54037,26073,25832,68863,58914
2023-12-23T01:00:00Z,127834,73080,93472,48484,54754,23855,23655,67898,57654
2023-12-23T02:00:00Z,92896,72772,62985,47830,20124,22765,22606,34983,24499
2023-12-23T03:00:00Z,94510,72872,63175,47142,21638,24057,23902,35261,24738
2023-12-23T04:00:00Z,105888,83801,72984,56188,22087,24012,23871,35856,25447
2023-12-23T05:00:00Z,108389,85085,74521,56791,23304,24756,24631,38685,27496
2023-12-23T06:00:00Z,125220,95204,85911,61814,30016,27642,27483,46971,34235
2023-12-23T07:00:00Z,120592,98870,79598,63452,21722,29067,28921,41523,27806
2023-12-23T08:00:00Z,125192,103263,85129,68119,21929,30677,30529,44897,30597
2023-12-23T09:00:00Z,129007,105580,87083,69417,23427,31511,31371,44783,30436
2023-12-23T10:00:00Z,135041,109397,91714,72697,25644,31895,31734,47743,33077
2023-12-23T11:00:00Z,129804,108234,87803,71280,21570,33126,32970,45535,30937
2023-12-23T12:00:00Z,209435,115055,165703,77801,94380,34564,34378,78073,62910
2023-12-23T13:00:00Z,159370,117813,112978,77334,41557,37265,37106,69180,52774
2023-12-23T14:00:00Z,144859,123315,96100,79803,21544,39786,39629,52664,35712
2023-12-23T15:00:00Z,146403,121011,96065,77081,25392,39466,39319,54960,38047
2023-12-23T16:00:00Z,147848,124578,97650,80748,23270,39435,39264,54326,37216
2023-12-23T17:00:00Z,136899,116504,92894,77330,20395,36507,36365,49155,34161
2023-12-23T18:00:00Z,144472,114215,100738,76213,30257,34437,34277,54468,40574
2023-12-23T19:00:00Z,124898,103598,86757,70985,21300,30360,30230,41802,29551
2023-12-23T20:00:00Z,121745,98748,86328,67987,22997,28808,28662,42419,31012
2023-12-23T21:00:00Z,115237,92867,80086,63241,22370,26054,25915,37871,27062
2023-12-23T22:00:00Z,108273,86915,76900,61235,21358,24091,23962,35708,25916
2023-12-23T23:00:00Z,104223,85278,76002,61404,18945,23741,23626,34934,25720
2023-12-24T00:00:00Z,129199,81277,97407,58836,47922,22519,22298,61374,51548
2023-12-24T01:00:00Z,129352,75973,101589,55192,53379,21090,20910,66974,57828
2023-12-24T02:00:00Z,96089,76844,69397,54484,19245,20147,20025,31953,22569
2023-12-24T03:00:00Z,102106,81335,73910,57939,20771,21101,20965,32822,23019
2023-12-24T04:00:00Z,102628,82289,74418,58165,20339,21640,21505,33948,24144
2023-12-24T05:00:00Z,108174,85423,77815,60127,22751,22610,22487,36667,26041
2023-12-24T06:00:00Z,123512,93946,90112,66025,29566,25336,25186,45206,33247
2023-12-24T07:00:00Z,119784,97158,84034,67456,22626,27000,26836,39374,26938
2023-12-24T08:00:00Z,123490,103067,86133,69399,20423,28775,28627,41352,28646
2023-12-24T09:00:00Z,127075,104828,87016,70079,22247,29692,29536,41905,29202
2023-12-24T10:00:00Z,130202,106877,90959,72306,23325,30618,30466,45125,32191
2023-12-24T11:00:00Z,129110,109980,88618,73392,19130,32264,32125,43424,29738
2023-12-24T12:00:00Z,204128,111221,162444,75218,92907,34025,33875,77081,62259
2023-12-24T13:00:00Z,160351,119688,113791,78507,40663,36805,36640,67480,52091
2023-12-24T14:00:00Z,143343,122773,95973,80288,20570,38793,38639,50465,34656
2023-12-24T15:00:00Z,146852,121851,99959,81257,25001,37965,37813,52465,37094
2023-12-24T16:00:00Z,140652,117430,95067,77937,23222,35612,35451,49319,34942
2023-12-24T17:00:00Z,135294,115083,94475,79097,20211,33292,33111,45314,31970
2023-12-24T18:00:00Z,136308,106102,98905,73684,30206,30927,30749,50876,38449
2023-12-24T19:00:00Z,118394,98271,85311,69529,20123,26810,26677,38246,27277
2023-12-24T20:00:00Z,116059,93370,85376,66948,22689,24832,24690,38294,28298
2023-12-24T21:00:00Z,105387,84990,76911,60814,20397,22467,22343,33435,24100
2023-12-24T22:00:00Z,102555,83340,76396,61097,19215,20644,20507,31238,22763
2023-12-24T23:00:00Z,93192,74828,69008,54543,18364,20611,20496,30734,23150
2023-12-25T00:00:00Z,130234,75372,94262,53931,54862,20957,20757,61663,51652
2023-12-25T01:00:00Z,142169,77425,98590,52882,64744,23135,22949,69360,56561
2023-12-25T02:00:00Z,113403,83585,70101,54816,29818,25083,24917,36928,23285
2023-12-25T03:00:00Z,118643,86615,73356,56050,32028,24964,24807,38257,24492
2023-12-25T04:00:00Z,114453,81238,72177,54645,33215,22447,22289,36491,24772
2023-12-25T05:00:00Z,119331,86956,75822,57848,32375,25503,25351,40119,26948
2023-12-25T06:00:00Z,142081,103382,89763,65850,38699,31717,31543,51945,35293
2023-12-25T07:00:00Z,140685,110860,86968,70575,29825,34441,34287,47361,29939
2023-12-25T08:00:00Z,148094,116871,91674,74732,31223,35943,35779,49600,32138
2023-12-25T09:00:00Z,149484,117867,92887,75457,31617,36644,36458,50146,32802
2023-12-25T10:00:00Z,148018,112717,92142,73114,35301,34610,34429,50164,34027
2023-12-25T11:00:00Z,142676,113981,89722,73626,28695,34348,34190,46453,30667
2023-12-25T12:00:00Z,206886,112799,153320,73179,94087,35687,35509,80199,63346
2023-12-25T13:00:00Z,169752,120700,115514,79228,49052,37533,37329,70092,53176
2023-12-25T14:00:00Z,152731,124963,98618,82125,27768,39350,39178,52645,36012
2023-12-25T15:00:00Z,154349,121733,99073,79939,32616,37905,37731,54298,37199
2023-12-25T16:00:00Z,147844,116285,94479,77185,31559,35994,35835,51125,35483
2023-12-25T17:00:00Z,139465,111005,90005,73665,28460,33584,33422,47255,32616
2023-12-25T18:00:00Z,150639,109963,100598,74139,40676,31479,31298,54432,40412
2023-12-25T19:00:00Z,132528,99571,86300,68451,32957,27822,27652,42566,29731
2023-12-25T20:00:00Z,129780,96638,86507,66884,33142,26172,25990,41945,30290
2023-12-25T21:00:00Z,123416,90900,82692,64687,32516,24291,24133,37821,26803
2023-12-25T22:00:00Z,112276,82217,74761,58147,30059,22280,22146,34933,24778
2023-12-25T23:00:00Z,105158,79861,71553,56713,25297,22919,22787,34412,24941
2023-12-26T00:00:00Z,141545,88992,107268,64399,52553,24646,24454,66771,56295
2023-12-26T01:00:00Z,147275,95065,102811,59451,52210,27365,27177,69885,57326
2023-12-26T02:00:00Z,124723,101809,78897,62694,22914,29745,29589,41619,27025
2023-12-26T03:00:00Z,121367,98482,79775,63742,22885,29417,29258,40989,26671
2023-12-26T04:00:00Z,119372,97429,80628,64679,21943,27275,27141,39902,27099
2023-12-26T05:00:00Z,130020,104823,86437,68671,25197,30816,30658,44736,30303
2023-12-26T06:00:00Z,150642,120313,98127,74967,30329,37622,37430,55960,38461
2023-12-26T07:00:00Z,150094,127151,96197,79831,22943,39949,39783,51075,33254
2023-12-26T08:00:00Z,159536,134287,99481,82148,25249,42313,42142,55246,36075
2023-12-26T09:00:00Z,163186,139389,105494,88869,23797,42807,42638,55432,36448
2023-12-26T10:00:00Z,159845,134640,105807,87705,25205,41073,40882,55220,38008
2023-12-26T11:00:00Z,156317,134033,102623,86747,22284,41694,41525,53273,35860
2023-12-26T12:00:00Z,220653,132466,165885,85886,88187,42415,42234,85746,67776
2023-12-26T13:00:00Z,183271,140662,126104,90367,42609,45211,45009,76992,58339
2023-12-26T14:00:00Z,177294,154703,118432,101816,22591,47464,47269,61030,41741
2023-12-26T15:00:00Z,172479,144920,111854,92215,27559,46664,46458,63124,43398
2023-12-26T16:00:00Z,171841,145005,111643,93751,26836,45037,44827,60354,42029
2023-12-26T17:00:00Z,162525,139343,107545,91110,23182,42000,41808,55411,38606
2023-12-26T18:00:00Z,165748,133064,113799,88261,32684,39929,39737,61153,45270
2023-12-26T19:00:00Z,149611,126140,97075,80570,23471,36305,36118,48519,33926
2023-12-26T20:00:00Z,139844,116047,96701,78429,23797,33495,33328,47610,34489
2023-12-26T21:00:00Z,133661,109989,91257,74247,23672,30711,30513,43261,30794
2023-12-26T22:00:00Z,123523,100884,84738,68651,22639,28132,27966,39981,28622
2023-12-26T23:00:00Z,118162,98680,84481,69818,19482,28406,28262,39574,29170
2023-12-27T00:00:00Z,159572,107352,116268,73957,52220,28920,28686,71142,59277
2023-12-27T01:00:00Z,157412,104682,115907,71585,52730,31397,31196,75194,61207
2023-12-27T02:00:00Z,135283,113059,90315,74958,22224,33142,32958,45053,29349
2023-12-27T03:00:00Z,134341,110565,88765,72560,23776,32525,32352,45229,29296
2023-12-27T04:00:00Z,132659,109752,91161,74760,22907,29577,29441,42106,29123
2023-12-27T05:00:00Z,136840,110888,90717,72815,25952,33149,32983,47042,32166
2023-12-27T06:00:00Z,160497,130772,106552,83435,29725,39950,39754,58825,40201
2023-12-27T07:00:00Z,159406,137259,102862,87205,22147,42455,42272,53779,34589
2023-12-27T08:00:00Z,170039,145528,108801,91372,24511,45175,44927,58245,38128
2023-12-27T09:00:00Z,173007,147735,109325,92104,25272,46394,46138,59088,38775
2023-12-27T10:00:00Z,173774,146999,111465,92795,26775,44352,44093,59018,40464
2023-12-27T11:00:00Z,163900,140049,103510,87494,23851,44491,44236,56302,37366
2023-12-27T12:00:00Z,228879,140822,169050,88482,88057,46023,45785,88991,70204
2023-12-27T13:00:00Z,195524,152070,129964,94717,43454,48918,48699,80355,60083
2023-12-27T14:00:00Z,194826,170488,121174,105176,24338,53893,53671,67058,45945
2023-12-27T15:00:00Z,196408,165429,123025,104363,30979,51643,51427,67223,45898
2023-12-27T16:00:00Z,186448,158595,116562,98790,27853,49851,49595,64797,45341
2023-12-27T17:00:00Z,179598,156384,116022,100165,23214,47101,46895,59826,41524
2023-12-27T18:00:00Z,180114,147164,121254,96431,32950,44092,43871,64002,47348
2023-12-27T19:00:00Z,165929,140904,111298,94790,25025,39470,39254,51662,36348
2023-12-27T20:00:00Z,160039,133547,111341,92255,26492,36551,36350,51148,37059
2023-12-27T21:00:00Z,150991,125882,103916,86741,25109,33928,33739,47260,33616
2023-12-27T22:00:00Z,139953,115294,97212,80345,24659,31075,30895,43524,31190
2023-12-27T23:00:00Z,133621,111443,93356,78299,22178,30787,30623,42017,30844
2023-12-28T00:00:00Z,164620,110436,121423,77810,54184,30557,30330,73711,61140
2023-12-28T01:00:00Z,157409,107082,113284,72323,50327,31381,31191,71929,57397
2023-12-28T02:00:00Z,138240,114988,92363,76243,23252,33502,33316,45859,30051
2023-12-28T03:00:00Z,140000,116081,94489,77838,23919,33005,32828,45246,29744
2023-12-28T04:00:00Z,135413,111617,92948,76061,23796,30177,30007,42933,29639
2023-12-28T05:00:00Z,149386,123867,100704,82718,25519,34034,33858,49309,33222
2023-12-28T06:00:00Z,164039,133179,108459,85093,30860,39732,39548,58857,40695
2023-12-28T07:00:00Z,162264,138196,103256,86896,24068,42554,42345,54211,35268
2023-12-28T08:00:00Z,169920,145026,108656,91082,24894,45239,45021,58723,38291
2023-12-28T09:00:00Z,176218,149774,111132,93451,26444,46408,46200,59013,38991
2023-12-28T10:00:00Z,174510,147981,112412,93680,26529,44558,44350,58935,40499
2023-12-28T11:00:00Z,168265,144747,107322,91340,23518,44508,44305,56481,37875
2023-12-28T12:00:00Z,232828,143915,170867,91008,88913,46076,45849,89941,70083
2023-12-28T13:00:00Z,195954,151284,130106,95031,44670,49234,48959,80475,60218
2023-12-28T14:00:00Z,191565,167007,123794,107080,24558,51730,51489,65275,44529
2023-12-28T15:00:00Z,203164,173400,133982,113908,29764,50621,50361,66763,46719
2023-12-28T16:00:00Z,199165,169978,131927,113384,29187,48727,48484,64425,45068
2023-12-28T17:00:00Z,189036,164115,127731,111028,24921,46231,46012,60480,42279
2023-12-28T18:00:00Z,190155,156881,135057,110451,33274,42661,42439,62702,46421
2023-12-28T19:00:00Z,171982,146599,118779,102148,25383,38564,38346,50955,35817
2023-12-28T20:00:00Z,171198,144225,121466,102124,26973,36339,36122,50680,36687
2023-12-28T21:00:00Z,165739,137529,114796,97598,28210,33726,33542,47721,33332
2023-12-28T22:00:00Z,153624,127396,107274,90898,26228,31476,31241,45210,31976
2023-12-28T23:00:00Z,141422,119057,103641,88020,22365,30045,29851,41504,30393
2023-12-29T00:00:00Z,178531,114233,136208,84031,64298,29817,29546,80761,68376
2023-12-29T01:00:00Z,164967,113376,124418,82270,51591,29750,29557,70345,57423
2023-12-29T02:00:00Z,157194,132843,111015,94416,24351,32719,32553,44373,29141
2023-12-29T03:00:00Z,148297,123616,103328,86484,24681,32016,31848,44286,29249
2023-12-29T04:00:00Z,144926,119787,102945,85539,25139,29479,29315,42436,29170
2023-12-29T05:00:00Z,152227,126060,106497,88535,26167,32185,32017,46275,31720
2023-12-29T06:00:00Z,173290,141835,119898,96555,31455,38151,37961,57575,39331
2023-12-29T07:00:00Z,165555,141875,108811,92759,23680,40214,40035,52181,33185
2023-12-29T08:00:00Z,163442,138645,104523,87406,24797,42181,41982,55279,36060
2023-12-29T09:00:00Z,170121,144683,107763,90781,25438,44170,43961,57381,37580
2023-12-29T10:00:00Z,166812,139263,108784,89656,27549,41837,41639,56976,39321
2023-12-29T11:00:00Z,237528,215642,98647,83517,21886,43040,42853,51087,34596
2023-12-29T12:00:00Z,322915,264058,118105,65223,58857,44085,43874,71357,56252
2023-12-29T13:00:00Z,262085,227169,108970,80854,34916,49262,49072,67291,49368
2023-12-29T14:00:00Z,214457,192090,108716,93276,22367,49801,49599,59426,40419
2023-12-29T15:00:00Z,170643,144764,108461,90264,25879,46600,46408,60441,41622
2023-12-29T16:00:00Z,169612,145130,107645,91119,24482,45571,45359,59518,41573
2023-12-29T17:00:00Z,152201,129587,94231,78842,22614,43247,43042,55948,39027
2023-12-29T18:00:00Z,172348,138426,117396,92190,33922,40727,40524,61992,45590
2023-12-29T19:00:00Z,163100,138734,112893,96551,24366,36105,35913,49193,34309
2023-12-29T20:00:00Z,155815,129825,111207,92734,25990,33509,33314,47573,34436
2023-12-29T21:00:00Z,149214,122804,105753,88267,26410,31029,30845,43952,31226
2023-12-29T22:00:00Z,145222,119446,103436,86728,25776,28435,28253,40991,29272
2023-12-29T23:00:00Z,133529,111714,98853,83726,21815,27353,27204,38685,28673
2023-12-30T00:00:00Z,162939,109222,125844,82893,53717,25908,25674,67825,57470
2023-12-30T01:00:00Z,160260,103530,123232,77182,56730,23905,23713,68471,58303
2023-12-30T02:00:00Z,129741,104995,95403,78507,24746,22828,22656,35820,25098
2023-12-30T03:00:00Z,128083,104292,94329,77233,23791,23322,23109,36045,25101
2023-12-30T04:00:00Z,129149,106699,96108,79323,22450,23833,23682,36798,26294
2023-12-30T05:00:00Z,133225,107842,98827,80020,25383,24878,24730,39784,28569
2023-12-30T06:00:00Z,146623,117603,109693,86013,29020,27081,26914,46749,34126
2023-12-30T07:00:00Z,141293,119360,103966,87039,21933,28157,28002,39606,27175
2023-12-30T08:00:00Z,143971,121993,104961,88069,21978,29507,29355,42576,29412
2023-12-30T09:00:00Z,145120,122739,104725,88028,22381,30374,30246,42708,29269
2023-12-30T10:00:00Z,151977,127751,108889,90749,24226,31443,31284,45233,31962
2023-12-30T11:00:00Z,149905,128750,107647,92055,21155,32472,32331,43780,30254
2023-12-30T12:00:00Z,220711,129128,178389,92605,91583,34118,33958,76937,62586
2023-12-30T13:00:00Z,180381,139428,131966,96511,40953,36109,35944,67573,52552
2023-12-30T14:00:00Z,165429,143208,116155,100234,22221,39024,38861,51433,35499
2023-12-30T15:00:00Z,167959,144126,119364,101220,23833,39241,39077,53490,37420
2023-12-30T16:00:00Z,168851,146844,119308,102826,22007,39277,39108,52927,36882
2023-12-30T17:00:00Z,162981,141056,115540,99950,21925,37576,37427,49906,34556
2023-12-30T18:00:00Z,171546,135699,123218,98692,35847,35097,34937,54735,41041
2023-12-30T19:00:00Z,162440,126933,108512,92605,35507,31365,31170,42566,29996
2023-12-30T20:00:00Z,153233,123225,110331,91697,30008,29343,29189,42844,31644
2023-12-30T21:00:00Z,135905,114353,100617,84388,21552,27192,27061,38510,27705
2023-12-30T22:00:00Z,135733,115538,96014,80661,20195,25709,25566,36455,26456
2023-12-30T23:00:00Z,122931,104278,94959,80020,18653,25395,25255,35889,26727
2023-12-31T00:00:00Z,150026,102062,118313,78391,47964,23978,23732,63176,53231
2023-12-31T01:00:00Z,151737,97165,123672,75431,54572,22554,22343,70159,60435
2023-12-31T02:00:00Z,122265,100661,94211,77660,21604,21238,21061,34598,24736
2023-12-31T03:00:00Z,123218,102948,92488,76580,20270,22129,21964,33987,23737
2023-12-31T04:00:00Z,124967,104421,94906,78438,20546,22304,22160,34557,24857
2023-12-31T05:00:00Z,129286,104006,95463,77350,25280,23314,23148,36314,26190
2023-12-31T06:00:00Z,141875,110291,105905,82561,31584,25105,24950,43447,32722
2023-12-31T07:00:00Z,134843,114422,100701,85039,20421,26242,26081,37479,26235
2023-12-31T08:00:00Z,140016,116930,103505,86611,23086,27197,27047,39599,28041
2023-12-31T09:00:00Z,145907,120285,105438,88624,25622,28319,28162,40599,28297
2023-12-31T10:00:00Z,146111,121646,105760,87931,24465,29397,29211,43380,30765
2023-12-31T11:00:00Z,144022,121158,103046,87337,22864,30104,29954,41207,28832
2023-12-31T12:00:00Z,214208,123724,172677,88968,90484,31946,31757,75021,61272
2023-12-31T13:00:00Z,169840,126767,125572,90237,43073,33687,33508,64404,50556
2023-12-31T14:00:00Z,156286,133454,109545,93169,22832,35908,35743,47838,33273
2023-12-31T15:00:00Z,159997,134716,114574,95637,25281,34826,34651,49363,34823
2023-12-31T16:00:00Z,154070,130032,110428,93304,24038,33784,33600,47364,33929
2023-12-31T17:00:00Z,150040,126192,108663,93075,23848,31093,30930,42771,30301
2023-12-31T18:00:00Z,150924,118367,114215,89259,32557,28528,28360,47894,36566
2023-12-31T19:00:00Z,136500,110747,99678,83725,25753,24484,24336,35649,25167
2023-12-31T20:00:00Z,129151,103870,98622,80044,25281,22012,21856,35238,26251
2023-12-31T21:00:00Z,117163,96468,91282,75020,20695,19759,19619,30473,22354
2023-12-31T22:00:00Z,115690,94790,90927,75011,20900,17964,17814,28502,21003
2023-12-31T23:00:00Z,112622,92114,89122,73850,20508,18977,18830,29351,22289
2024-01-01T00:00:00Z,153619,90638,110370,71426,62981,18972,18723,59125,49066
2024-01-01T01:00:00Z,169672,91224,120267,71978,78448,18274,18031,68937,57806
2024-01-01T02:00:00Z,130276,91737,89901,71461,38539,17404,17193,34720,24785
2024-01-01T03:00:00Z,136620,91563,90417,70797,45057,17794,17618,33667,23478
